OBJECTID,YearBuilt1,HEIGHT,UseDescription,GrossFloorArea,orientation,street_width,second_type
8,1973,3,12,150.33,0.2535211267605634,0.0539510629763337,79
11,1971,3,12,,0.2535211267605634,0.0601016178633507,79
12,1984,3,12,118.75,0.2535211267605634,0.0595667870036101,71
16,1975,3,12,152.73,0.2535211267605634,0.0557561171279582,71
19,1975,3,12,107.61,0.7605633802816901,0.0879128225698622,48
22,2000,3,12,,0.7605633802816901,0.088581361144538,48
25,1970,3,12,107.44,0.7605633802816901,0.089049338146811,71
30,1968,3,12,108.53,0.7605633802816901,0.088581361144538,79
32,1974,3,12,98.22,0.7605633802816901,0.0884476534296028,71
35,1971,3,12,104.94,0.5211267605633803,0.073138120069528,71
37,1971,6,12,91.15,0.5070422535211268,0.0724695814948522,71
39,1971,6,12,128.43,0.5070422535211268,0.0730712662120604,71
41,1971,3,12,108.59,0.7605633802816901,0.0887150688594731,71
46,1978,3,12,110.92,0.2535211267605634,0.3232384008557293,71
51,1993,3,12,269.51,0.2535211267605634,0.0697285733386816,71
56,1971,3,12,121.05,0.7605633802816901,0.0557561171279582,71
59,1976,3,12,138.73,0.0,0.055956678700361,79
67,1969,6,12,58.03,0.2535211267605634,0.0688594731916031,79
71,1961,3,12,42.58,0.5070422535211268,0.0538842091188661,79
73,1971,3,12,3.28,0.5070422535211268,0.0536836475464634,48
79,1996,3,12,,0.5070422535211268,0.0560903864152961,48
82,2002,3,12,320.4,0.8450704225352113,0.1478138788608102,71
85,1975,3,12,115.0,0.0,0.0315550207246958,71
88,2003,6,12,313.92,0.8732394366197183,0.2922850648482417,71
93,1965,3,12,115.4,1.0,0.0673886883273164,71
96,1970,3,12,71.33,1.0,0.0671212728974461,48
97,1970,3,12,157.15,1.0,0.0669207113250434,71
100,1987,3,12,435.78,0.3661971830985915,0.1012835940633774,71
103,1993,6,12,129.38,0.3661971830985915,0.1020189864955207,79
107,1968,3,12,18.3,0.3661971830985915,0.1578419574809466,48
109,1970,3,12,111.13,0.5070422535211268,0.2175424521994919,71
113,1970,3,12,122.56,0.5070422535211268,0.3503810669875651,48
119,1970,3,12,139.39,0.7746478873239436,0.0685920577617328,71
120,1982,15,12,144.29,0.7746478873239436,0.0684583500467976,71
122,1960,3,12,128.02,0.7605633802816901,0.0683914961893301,71
125,2003,3,12,203.42,1.0,0.0671212728974461,71
126,1971,3,12,23.46,0.2535211267605634,0.0665864420377055,71
131,2003,3,12,241.25,0.2535211267605634,0.0663858804653028,71
137,1960,3,12,112.26,0.8732394366197183,0.101350447920845,79
140,1970,3,12,151.5,0.9859154929577464,0.0432544457815215,71
146,1965,3,12,64.46,0.9859154929577464,0.0415830993448321,71
151,1969,3,12,123.6,0.9859154929577464,0.0342291750233988,71
160,1970,3,12,94.31,0.9859154929577464,0.623412220885145,48
162,1973,3,12,76.69,0.9859154929577464,0.0330258055889824,48
169,1990,6,12,52.25,0.4647887323943662,0.3161518919641663,79
170,1967,3,12,209.22,0.4647887323943662,0.301377189463832,71
173,1988,3,12,103.41,0.4788732394366197,0.0671212728974461,71
176,1985,3,12,195.59,0.4929577464788732,0.0672549806123813,71
180,1969,3,12,139.27,0.4929577464788732,0.0659179034630298,71
183,2005,3,12,98.8,0.4929577464788732,0.0653830726032892,48
186,1969,3,12,114.38,0.4929577464788732,0.0668538574675758,71
191,1970,3,12,97.34,0.9859154929577464,0.0446583767883406,71
197,2010,3,12,257.65,0.4929577464788732,0.137919507955609,48
198,1979,3,12,159.29,0.9859154929577464,0.052480278112047,71
203,1989,3,12,403.15,0.9859154929577464,0.0522128626821767,71
205,2012,3,12,197.83,0.9859154929577464,0.0527476935419173,79
210,1963,3,12,,1.0,0.0513437625350982,79
214,1976,3,12,76.89,0.9859154929577464,0.0533493782591255,48
216,1965,3,12,42.04,0.2253521126760563,0.0837678834068725,71
220,1969,3,12,54.77,0.4788732394366197,0.041449391629897,71
224,1968,3,12,73.47,0.4788732394366197,0.0409145607701564,71
226,1960,3,12,119.15,0.4929577464788732,0.0429870303516512,71
227,1973,3,12,162.63,0.4788732394366197,0.0453269153630164,71
233,1977,6,12,,0.7323943661971831,0.0648482417435486,79
235,1909,3,12,93.16,0.4929577464788732,0.0416499532022997,48
238,2007,3,12,70.64,0.4788732394366197,0.0338280518785933,48
240,1987,3,12,177.48,0.8732394366197183,0.1257521058965102,48
241,1987,3,12,199.65,0.7464788732394366,0.0655836341756919,48
243,2011,6,12,277.53,0.2394366197183098,0.0828319294023265,48
245,2024,3,12,,0.9859154929577464,0.0514106163925658,48
247,1979,3,12,249.84,0.9859154929577464,0.0522797165396443,79
252,1968,3,12,,0.4929577464788732,0.0570263404198422,48
253,1975,3,12,218.98,0.4929577464788732,0.0621740874448455,71
258,1959,3,12,104.7,0.4929577464788732,0.0577617328519855,79
261,2002,3,12,241.96,0.8450704225352113,0.1386549003877523,48
268,1974,3,12,22.23,1.0,0.0567589249899719,71
273,1971,3,12,133.05,0.4929577464788732,0.0511432009626955,71
277,1971,3,12,47.39,0.4788732394366197,0.0518785933948388,79
280,1972,6,12,14.5,0.4788732394366197,0.0527476935419173,79
283,1974,3,12,109.68,0.4788732394366197,0.0524134242545794,71
285,1971,3,12,97.65,0.4788732394366197,0.0521460088247091,71
288,1971,3,12,,0.4788732394366197,0.051544324107501,48
292,2000,3,12,,0.4788732394366197,0.0508089316753576,79
297,1989,3,12,,0.9859154929577464,0.0637785800240673,79
300,2023,3,12,,0.9859154929577464,0.0641797031688728,48
304,2003,3,12,141.96,0.9859154929577464,0.0648482417435486,48
310,1995,3,12,70.62,0.9859154929577464,0.0637785800240673,48
314,2000,3,12,730.51,0.9859154929577464,0.0617061104425725,48
319,2005,3,12,71.72,0.9859154929577464,0.0658510496055622,48
321,2005,3,12,71.45,0.9859154929577464,0.0651825110308864,48
323,2020,3,12,74.28,0.9859154929577464,0.0643802647412755,48
325,2021,3,12,73.73,0.9859154929577464,0.0641797031688728,48
329,2010,6,12,362.79,0.4788732394366197,0.0617729643000401,48
334,2004,3,12,864.6,0.8732394366197183,0.2499665730712661,71
337,2005,3,12,75.61,0.028169014084507,0.0786869902393368,48
341,1951,3,12,9.54,0.028169014084507,0.0778178900922583,71
350,1955,3,12,12.56,0.028169014084507,0.0766145206578419,79
352,1978,3,12,31.64,0.7887323943661971,0.0,71
358,1963,3,12,88.81,0.028169014084507,0.0782190132370637,71
362,2010,3,12,96.3,0.7887323943661971,0.080224628961091,48
366,1958,3,12,41.64,0.9577464788732394,0.0804920443909613,71
368,1970,3,12,63.45,0.9577464788732394,0.0802914828185586,71
372,2020,3,12,59.91,0.9577464788732394,0.185519454472523,48
374,1960,3,12,63.7,0.9577464788732394,0.2359941168605428,79
383,1965,6,12,,0.5352112676056338,0.0779515978071934,79
399,1982,3,12,170.08,0.4225352112676056,0.0771493515175825,71
401,1982,3,12,172.5,0.7887323943661971,0.1049605562240941,71
406,1994,3,12,57.84,0.7887323943661971,0.0788875518117395,48
409,2004,3,12,275.98,0.9577464788732394,0.0415830993448321,79
415,1977,6,12,167.2,0.8591549295774648,0.1432678165530151,79
418,2018,3,12,113.01,0.0985915492957746,0.045393769220484,48
420,1984,3,12,263.89,0.352112676056338,0.0871774301377189,71
422,1995,3,12,129.25,0.5915492957746479,0.0822970985425859,79
429,2008,3,12,91.16,0.6056338028169014,0.0823639524000534,48
431,1999,3,12,78.98,0.0985915492957746,0.045393769220484,79
432,2000,3,12,91.11,0.6056338028169014,0.082898783259794,79
435,2009,3,12,310.16,0.6056338028169014,0.0830324909747292,48
440,1960,3,12,37.64,0.4084507042253521,0.1775638454338815,79
444,2000,3,12,148.49,0.8591549295774648,0.0810268752507019,48
462,2007,3,12,160.16,0.0985915492957746,0.0808263136782992,48
467,1987,3,12,95.5,0.8591549295774648,0.0798903596737531,71
470,1989,3,12,60.83,0.352112676056338,0.0792218210990774,48
476,1989,3,12,59.79,0.352112676056338,0.0792218210990774,48
480,2006,6,12,163.69,0.8591549295774648,0.0807594598208316,48
483,1996,3,12,84.81,0.5915492957746479,0.0473993849445112,48
489,2001,3,12,172.94,0.5915492957746479,0.0588982484289343,79
494,2009,3,12,179.68,0.0985915492957746,0.0812942906805722,48
497,1994,6,12,786.52,0.352112676056338,0.0824976601149886,48
502,1982,6,12,161.6,0.6056338028169014,0.0793555288140125,48
526,2010,3,12,,0.3661971830985915,0.2750367696216071,79
529,1958,3,12,64.34,0.8591549295774648,0.6758256451397245,48
533,2010,9,12,,0.7323943661971831,0.1007487632036368,79
541,1950,3,12,106.09,0.7887323943661971,0.5706645273432277,48
543,1970,3,12,84.51,0.1830985915492957,0.0578954405669207,79
546,1965,3,12,,0.7887323943661971,0.5528145473993848,79
553,1947,9,12,,0.5633802816901409,0.2121272897446182,79
554,1970,3,12,42.32,0.3380281690140845,0.0560235325578285,79
557,1992,3,12,,0.0,0.1101083032490974,48
559,2002,3,12,89.84,0.7746478873239436,0.1237464901724829,36
562,1963,3,12,125.97,0.5492957746478874,0.0437224227837946,71
566,1955,3,12,,0.6338028169014085,0.0486696082363952,48
570,1970,3,12,,0.323943661971831,0.1647279048001069,79
575,2006,3,12,,0.380281690140845,0.2825244016579756,79
577,2009,6,12,145.31,0.3098591549295774,0.1438026474127557,48
581,2021,3,12,35.51,0.5492957746478874,0.1054953870838347,48
585,2018,3,12,,0.5492957746478874,0.0506752239604225,48
589,2018,3,12,,0.5492957746478874,0.0486027543789276,48
593,2007,3,12,85.2,0.971830985915493,0.3174889691135178,48
613,2016,3,12,21.51,0.5211267605633803,0.2547131969514641,48
625,2004,3,12,68.45,0.4225352112676056,0.1103757186789677,48
635,1973,3,12,,0.0985915492957746,0.6064981949458483,48
642,1977,3,12,28.65,0.323943661971831,0.0,71
645,1993,3,12,290.07,0.056338028169014,0.127356598475732,71
649,2018,6,12,,0.1690140845070422,0.133039176360476,71
652,2018,3,12,,0.0704225352112676,0.4295360342291749,71
660,1990,3,12,215.09,0.7605633802816901,0.0,71
661,1990,3,12,48.61,0.056338028169014,0.127356598475732,71
663,1990,3,12,50.4,0.1267605633802817,0.0,71
665,1990,3,12,293.51,0.1408450704225352,0.1361144538039845,71
670,1991,3,12,571.28,1.0,0.2547800508089316,71
672,1990,3,12,74.98,0.7605633802816901,0.0,71
674,1990,3,12,117.96,0.7746478873239436,0.0,71
692,1989,3,12,186.07,0.2253521126760563,0.0,71
698,1994,6,12,,0.2394366197183098,0.1138521192672817,79
699,1996,3,12,99.83,0.2394366197183098,0.1151223425591656,71
701,1994,6,12,98.02,0.2394366197183098,0.0,79
706,1978,3,12,76.28,0.0,0.0578285867094531,79
712,1949,3,12,59.01,0.2535211267605634,0.0272095199893033,79
718,1967,3,12,155.21,0.7605633802816901,0.0697954271961492,71
722,1968,3,12,70.78,1.0,0.0639791415964701,48
724,1983,3,12,111.85,1.0,0.0651825110308864,71
728,1968,3,12,84.43,0.0,0.0701965503409546,79
730,1969,3,12,23.46,0.5070422535211268,0.0574274635646476,79
742,1978,3,12,187.44,0.4929577464788732,0.0648482417435486,71
745,1987,3,12,129.37,0.4929577464788732,0.0684583500467976,79
747,1979,3,12,218.43,0.4929577464788732,0.070129696483487,48
752,1994,3,12,,0.4788732394366197,0.1997593261131167,79
754,2003,3,12,850.33,0.4788732394366197,0.1485492712929536,48
757,1980,3,12,117.64,1.0,0.0611044257253643,71
759,1978,3,12,109.81,1.0,0.0614386950127022,71
762,1989,3,12,207.79,1.0,0.0621740874448455,71
764,2017,3,12,8.75,1.0,0.0623746490172482,48
771,2005,3,12,437.69,0.7464788732394366,0.0536836475464634,48
773,2004,3,12,24.23,1.0,0.0596336408610776,48
775,1960,3,12,106.09,0.0,0.48676293622142,79
778,2004,3,12,,1.0,0.0546196015510094,79
780,1950,3,12,,0.2253521126760563,0.0770824976601149,79
787,1968,3,12,52.65,0.7464788732394366,0.05294825511432,71
788,1980,3,12,106.22,0.4929577464788732,0.0749431742211525,79
794,1970,3,12,116.19,0.2253521126760563,0.0957347238935686,71
797,1982,3,12,156.11,0.2253521126760563,0.0803583366760262,48
799,1982,6,12,133.95,0.2253521126760563,0.0791549672416098,48
803,2002,3,12,147.52,0.4929577464788732,0.0557561171279582,71
807,1972,6,12,27.32,0.4929577464788732,0.0547533092659446,48
809,1980,3,12,140.34,0.7464788732394366,0.054686455408477,71
814,1967,3,12,128.06,0.7464788732394366,0.0562909479876988,48
816,1967,3,12,133.94,0.7605633802816901,0.0567589249899719,79
818,1970,3,12,129.17,0.7605633802816901,0.0579622944243882,71
821,1993,3,12,,0.7605633802816901,0.0540179168338013,79
827,2006,3,12,292.96,0.7464788732394366,0.0554218478406203,48
830,2006,6,12,292.42,0.7464788732394366,0.3572670143067254,79
835,1979,3,12,,0.2535211267605634,0.0562240941302313,71
836,1995,3,12,187.08,0.7464788732394366,0.0535499398315282,48
841,1971,3,12,79.99,0.2394366197183098,0.0578954405669207,71
846,1971,3,12,,0.2535211267605634,0.0540179168338013,71
850,2008,3,12,209.86,0.2394366197183098,0.0546196015510094,79
853,1971,3,12,186.21,0.7464788732394366,0.0528814012568525,71
856,1971,3,12,,0.7464788732394366,0.0597673485760128,71
860,1973,3,12,108.81,0.9859154929577464,0.1505548870169808,48
862,2009,3,12,189.52,0.7464788732394366,0.0572269019922449,48
866,1997,9,12,985.18,0.2112676056338028,0.2754378927664126,48
868,1997,9,12,1140.74,0.4647887323943662,0.1446717475598342,79
870,2004,3,12,1639.73,0.6197183098591549,0.285465971386549,71
873,1970,3,12,82.39,0.0845070422535211,0.2382671480144404,71
875,1975,3,12,86.96,0.2253521126760563,0.1314346837812541,71
880,2003,3,12,781.0,0.380281690140845,0.3060569594865623,48
881,1975,3,12,105.53,0.7183098591549296,0.0471988233721085,71
890,2012,6,12,199.31,0.9577464788732394,0.0790881133841422,48
892,1980,6,12,200.07,0.7183098591549296,0.04853590052146,79
895,1980,3,12,103.83,0.7183098591549296,0.0483353389490573,48
897,1980,3,12,164.7,0.7183098591549296,0.1152560502741008,48
899,1979,3,12,102.27,0.2112676056338028,0.0471988233721085,71
902,1973,3,12,113.84,0.8591549295774648,0.0814279983955074,71
904,1975,3,12,102.26,0.2112676056338028,0.0471988233721085,71
906,1975,3,12,91.54,0.2253521126760563,0.0471988233721085,71
908,1975,3,12,93.95,0.2253521126760563,0.0471319695146409,48
909,1955,6,12,68.37,0.2253521126760563,0.0471319695146409,48
915,1975,3,12,100.52,0.7183098591549296,0.0605027410081561,71
917,1975,3,12,182.94,0.8591549295774648,0.3562642064447118,48
921,1983,3,12,176.49,0.2112676056338028,0.1285599679101484,71
925,1984,3,12,151.23,0.2253521126760563,0.1288273833400187,71
928,1980,3,12,92.35,0.2253521126760563,0.1288942371974863,48
930,1982,3,12,78.07,0.2112676056338028,0.129094798769889,48
934,2008,3,12,152.75,0.3380281690140845,0.2147345901858537,71
937,1984,6,12,102.18,0.7323943661971831,0.0471319695146409,48
938,1983,3,12,103.51,0.7323943661971831,0.0471319695146409,71
942,1993,3,12,74.53,0.7323943661971831,0.0472656772295761,48
950,1994,6,12,68.51,0.2253521126760563,0.1306992913491108,48
955,1993,3,12,101.02,0.5915492957746479,0.0562909479876988,79
957,1998,6,12,137.84,0.6056338028169014,0.0560903864152961,48
968,1990,3,12,52.3,0.8732394366197183,0.683781254178366,71
974,1994,9,12,1273.85,0.7323943661971831,0.1681374515309533,48
978,2003,3,12,3167.37,0.5352112676056338,0.3236395240005348,48
987,2002,6,12,2381.24,0.7887323943661971,0.272696884610242,48
989,2022,6,12,3253.64,0.2816901408450704,0.1901323706377858,48
993,1974,3,12,,0.943661971830986,0.0437892766412622,79
996,1949,3,12,,0.8169014084507042,0.0481347773766546,48
1001,1959,6,12,,0.352112676056338,0.0604358871506885,48
1002,1961,3,12,16.51,0.8028169014084507,0.0401123144805455,71
1008,1960,3,12,64.67,0.3380281690140845,0.1413290546864554,79
1017,1960,3,12,,0.1690140845070422,0.1356464768017114,79
1020,1960,3,12,,0.3380281690140845,0.0571600481347773,79
1023,2000,3,12,,0.352112676056338,0.0450594999331461,79
1025,2000,3,12,38.12,0.3380281690140845,0.03529883674288,48
1032,2006,3,12,,0.9295774647887324,0.0459954539376922,79
1034,1995,3,12,137.3,0.380281690140845,0.0401791683380131,48
1038,2023,3,12,,0.2957746478873239,0.0389089450461291,48
1050,2023,3,12,,0.676056338028169,0.0,48
1052,2023,3,12,139.46,0.7323943661971831,0.0444578152159379,48
1055,2023,6,12,,0.7464788732394366,0.0439229843561973,48
1058,2023,3,12,,0.8028169014084507,0.0445246690734055,48
1060,2023,3,12,144.94,0.8028169014084507,0.0400454606230779,48
1064,1970,3,12,78.18,0.9014084507042254,0.1054285332263671,71
1070,2010,6,12,,0.352112676056338,0.1633908276507554,79
1074,2001,3,12,,0.028169014084507,0.0643802647412755,48
1078,1997,3,12,,0.0140845070422535,0.0610375718678967,48
1086,2001,3,12,55.77,0.2816901408450704,0.0244016579756651,79
1095,1998,3,12,118.1,0.2676056338028169,0.1324374916432678,48
1099,1997,3,12,,0.7746478873239436,0.5366359138922315,48
1102,1999,6,12,,0.7746478873239436,0.1625217275036769,48
1106,1989,6,12,,0.2676056338028169,0.1325043455007354,48
1110,2019,3,12,,0.0140845070422535,0.0794892365289477,48
1117,1981,3,12,34.93,0.2676056338028169,0.0678566653295895,71
1126,1982,3,12,112.0,0.0,0.0574274635646476,71
1128,2003,3,12,88.3,0.0,0.0579622944243882,48
1131,1988,3,12,184.61,0.5070422535211268,0.0744083433614119,71
1135,1951,3,12,,0.0,0.0573606097071801,79
1146,1971,3,12,124.27,0.7464788732394366,0.0992111244818826,71
1148,1974,3,12,,0.0845070422535211,0.0788875518117395,71
1155,2007,6,12,157.11,0.3380281690140845,0.2402727637384676,48
1165,1960,3,12,,0.6338028169014085,0.0506752239604225,79
1172,1995,3,12,123.92,0.6056338028169014,0.0492044390961358,48
1175,1980,3,12,101.87,0.1267605633802817,0.0577617328519855,79
1178,2009,3,12,1563.6,0.7887323943661971,0.4901724829522663,48
1181,2009,3,12,1815.87,0.7323943661971831,0.0,48
1184,2009,3,12,1251.38,0.7183098591549296,0.0,48
1187,2011,3,12,413.71,0.4929577464788732,0.1764941837144003,48
1189,2000,9,12,951.75,0.8873239436619719,0.3082631367829923,48
1192,1999,9,12,676.34,0.8169014084507042,0.2047065115657173,48
1234,1994,3,12,122.54,0.9154929577464788,0.0548870169808798,79
1238,1993,3,12,,0.8591549295774648,0.0603021794357534,48
1246,2019,3,12,,0.8591549295774648,0.058162855996791,48
1250,2021,3,12,,0.8591549295774648,0.0556892632704907,48
1254,2002,3,12,,0.0,0.1277577216205375,48
1264,2012,3,12,,0.1267605633802817,0.0704639657708249,48
1268,2012,3,12,,0.1267605633802817,0.0703302580558898,48
1271,1983,3,12,137.31,0.8591549295774648,0.2488300574943173,71
1276,1985,3,12,,0.7746478873239436,0.1323706377858002,48
1278,1980,3,12,101.77,0.056338028169014,0.0813611445380398,71
1282,1981,3,12,,0.056338028169014,0.0847706912688862,48
1291,1966,3,12,,0.2816901408450704,0.2054419039978606,79
1295,1982,3,12,,0.3943661971830985,0.0698622810536167,48
1299,1984,3,12,219.34,0.647887323943662,0.0681909346169273,79
1302,1977,3,12,50.57,0.647887323943662,0.0665864420377055,48
1305,1998,3,12,22.22,0.647887323943662,0.0718010429201764,48
1308,1977,3,12,9.33,0.7746478873239436,0.0,79
1312,1985,3,12,,0.7887323943661971,0.138387484957882,79
1318,1984,3,12,61.44,0.9859154929577464,0.0823639524000534,71
1321,1983,3,12,35.98,0.1549295774647887,0.0415162454873646,71
1324,1978,3,12,26.58,0.4084507042253521,0.0425859072068458,71
1326,1984,3,12,83.9,0.2816901408450704,0.041449391629897,71
1328,1990,3,12,96.0,0.2816901408450704,0.0413825377724294,48
1333,1982,3,12,,0.0704225352112676,0.0415830993448321,48
1337,1980,3,12,,0.0422535211267605,0.0448589383607434,79
1342,1992,6,12,,0.0422535211267605,0.0421179302045728,79
1345,1982,3,12,90.92,0.4225352112676056,0.2323840085572937,71
1348,1982,3,12,,0.5352112676056338,0.0823639524000534,48
1351,1982,3,12,88.35,0.5352112676056338,0.0803583366760262,79
1353,1991,3,12,63.4,0.5774647887323944,0.0860409145607701,48
1356,1995,3,12,46.32,0.5633802816901409,0.0835673218344698,48
1359,1991,3,12,,0.5633802816901409,0.0826313678299237,48
1363,1982,3,12,,0.5633802816901409,0.0829656371172616,48
1369,1984,3,12,,0.7746478873239436,0.1334402995052814,71
1371,1987,3,12,90.18,0.7746478873239436,0.1327049070731381,79
1374,1981,3,12,,0.7746478873239436,0.1321700762133975,71
1378,1991,3,12,,0.0140845070422535,0.589049338146811,48
1380,1985,3,12,167.2,0.0140845070422535,0.2097205508757855,79
1383,1980,3,12,,0.2676056338028169,0.0457280385078218,48
1385,1983,3,12,124.3,0.2676056338028169,0.0449257922182109,71
1388,1982,3,12,98.78,0.2676056338028169,0.0774836208049204,48
1390,1982,3,12,172.45,0.2676056338028169,0.0435218612113918,71
1392,1983,3,12,109.43,0.2676056338028169,0.0428533226367161,48
1394,1982,3,12,,0.2676056338028169,0.0421179302045728,71
1396,1980,3,12,104.46,0.2676056338028169,0.1381869233854793,71
1398,1980,3,12,117.31,0.2676056338028169,0.0419842224896376,48
1400,2009,3,12,,0.2676056338028169,0.0409145607701564,79
1402,1988,3,12,107.59,0.5211267605633803,0.0449257922182109,71
1406,1980,3,12,,0.7746478873239436,0.1365824308062575,48
1409,1982,3,12,96.41,0.7746478873239436,0.1353122075143735,48
1414,2000,3,12,,0.7746478873239436,0.1375852386682711,48
1416,1982,3,12,111.08,0.7746478873239436,0.1360475999465169,71
1419,1985,3,12,,0.0140845070422535,0.4201096403262468,79
1428,1983,3,12,,0.0140845070422535,0.0834336141195346,71
1431,1983,3,12,,0.2676056338028169,0.1359138922315817,48
1433,1983,3,12,,0.2676056338028169,0.1355796229442439,71
1436,1988,3,12,,0.2676056338028169,0.1363818692338547,48
1438,1970,6,12,246.98,0.2676056338028169,0.1370504078085305,48
1441,2002,3,12,,0.2676056338028169,0.1348442305121005,48
1444,1987,6,12,124.1,0.7746478873239436,0.1268217676159914,48
1448,1991,3,12,176.54,0.7746478873239436,0.1313678299237866,71
1457,1978,3,12,8576.12,0.028169014084507,0.0,48
1462,2010,6,12,1331.48,0.7887323943661971,0.0,79
1465,2012,6,12,744.82,0.0422535211267605,0.0,48
1468,2012,6,12,731.73,0.0704225352112676,0.0,48
1471,1982,3,12,,0.943661971830986,0.2007621339751303,71
1474,2004,3,12,,1.0,0.0419842224896376,48
1476,1983,3,12,,0.2957746478873239,0.0719347506351116,71
1479,1982,3,12,144.62,0.2957746478873239,0.0720016044925792,71
1483,2013,6,12,,0.5352112676056338,0.0411819762000267,48
1487,2004,3,12,,0.5352112676056338,0.045393769220484,48
1494,2019,3,12,,1.0,0.043187591924054,79
1499,2005,3,12,45.0,0.0140845070422535,0.0447920845032758,48
1503,1980,3,12,,0.0140845070422535,0.611111111111111,48
1506,1983,3,12,,1.0,0.0424521994919106,71
1512,1983,3,12,,1.0,0.0430538842091188,79
1514,2014,3,12,60.57,1.0,0.0423853456344431,48
1516,1995,3,12,71.28,1.0,0.0430538842091188,48
1518,1987,3,12,108.69,0.2676056338028169,0.0813611445380398,48
1522,1975,3,12,114.07,0.4929577464788732,0.0836341756919374,71
1528,1986,3,12,,0.4929577464788732,0.0834336141195346,48
1530,1983,3,12,109.14,0.4788732394366197,0.0833667602620671,71
1534,1983,6,12,,0.4788732394366197,0.0831661986896643,48
1537,1983,3,12,,0.4788732394366197,0.0829656371172616,71
1539,1983,3,12,74.23,0.4788732394366197,0.0837678834068725,71
1542,1998,3,12,,0.4507042253521127,0.0824976601149886,48
1545,1987,3,12,,0.5492957746478874,0.8426260195213263,48
1547,1979,3,12,148.8,0.9859154929577464,0.0818291215403128,48
1550,1982,3,12,,0.9859154929577464,0.0832999064045995,71
1552,1979,3,12,4.94,0.9859154929577464,0.0832999064045995,48
1554,2001,3,12,,1.0,0.0831661986896643,48
1556,1982,3,12,70.65,1.0,0.0839684449792753,48
1557,1979,3,12,47.83,1.0,0.0839684449792753,71
1561,1987,3,12,,0.056338028169014,0.351183313277176,48
1567,1980,3,12,,0.4929577464788732,0.0435218612113918,71
1572,1973,3,12,,0.4929577464788732,0.0430538842091188,48
1576,1980,3,12,,0.4929577464788732,0.0427196149217809,71
1580,1983,3,12,38.11,0.7746478873239436,0.0435218612113918,71
1583,1983,3,12,,1.0,0.0435218612113918,48
1585,1988,3,12,122.72,1.0,0.0429870303516512,71
1588,1981,3,12,,1.0,0.0427864687792485,71
1593,1982,3,12,,0.4929577464788732,0.0427864687792485,71
1595,1982,3,12,,0.4929577464788732,0.0424521994919106,48
1598,1993,3,12,,0.4929577464788732,0.0424521994919106,79
1601,1982,3,12,,0.4929577464788732,0.0427864687792485,79
1603,1981,3,12,80.14,0.4929577464788732,0.0430538842091188,71
1606,1985,3,12,,1.0,0.0425859072068458,48
1608,1982,3,12,163.89,1.0,0.0636448723091322,71
1610,1981,3,12,109.77,1.0,0.0429201764941837,71
1613,1978,3,12,,1.0,0.0426527610643134,71
1626,1980,3,12,141.98,0.5070422535211268,0.043655568926327,71
1628,1981,3,12,,0.4929577464788732,0.0431207380665864,71
1632,2021,3,12,,0.4929577464788732,0.0423853456344431,48
1635,1986,3,12,,0.4929577464788732,0.0421847840620403,48
1643,2010,3,12,,0.7746478873239436,0.0470651156571734,79
1646,1982,3,12,,0.0140845070422535,0.0,71
1650,1983,3,12,209.23,0.0140845070422535,0.1814413691670009,71
1655,1980,3,12,20.34,0.0140845070422535,0.4437090520123011,79
1659,2020,3,12,,0.2676056338028169,0.1723492445514106,48
1663,2020,3,12,,0.4929577464788732,0.0434550073539243,48
1665,2004,3,12,,0.4929577464788732,0.0433212996389891,48
1668,1994,3,12,12.7,0.7746478873239436,0.0463965770824976,48
1676,1972,3,12,19.03,0.7746478873239436,0.1276908677630699,71
1679,1978,3,12,358.0,0.5492957746478874,0.0737398047867361,48
1687,2002,3,12,,0.6338028169014085,0.5526139858269822,48
1697,1992,3,12,,0.0,0.069661719481214,48
1702,1983,3,12,,0.9859154929577464,0.0687926193341355,71
1704,2006,3,12,,0.971830985915493,0.0666532958951731,48
1707,1987,3,12,138.23,0.9295774647887324,0.069193742478941,71
1710,1973,3,12,,0.056338028169014,0.1422650086910014,71
1712,1980,3,12,94.95,0.2253521126760563,0.1143869501270223,71
1714,1985,6,12,45.17,0.4366197183098591,0.0611044257253643,48
1716,1981,3,12,153.73,0.4366197183098591,0.061304987297767,71
1720,1989,3,12,,0.4788732394366197,0.0617729643000401,48
1724,1996,3,12,,0.4788732394366197,0.3519855595667869,48
1728,1981,3,12,,0.4929577464788732,0.2777777777777777,48
1731,1990,3,12,49.45,0.4929577464788732,0.269220484021928,48
1737,2005,3,12,113.66,0.5211267605633803,0.2501002807862013,48
1739,1982,3,12,155.1,0.5492957746478874,0.3049872977670811,79
1746,1978,3,12,,0.971830985915493,0.0433212996389891,71
1751,2002,3,12,,0.971830985915493,0.0421179302045728,79
1753,1981,3,12,104.65,0.971830985915493,0.0591656638588046,71
1756,1982,3,12,52.2,0.971830985915493,0.0423853456344431,48
1760,1983,3,12,,0.971830985915493,0.0422516379195079,79
1763,1983,3,12,79.27,0.0704225352112676,0.0879796764273298,71
1766,1983,3,12,,0.3661971830985915,0.069661719481214,79
1769,1981,3,12,142.49,0.3943661971830985,0.0686589116192004,71
1772,1970,3,12,71.76,0.3943661971830985,0.1050274100815617,48
1775,1981,3,12,,0.4225352112676056,0.0691268886214734,71
1779,1996,3,12,76.74,0.4366197183098591,0.0681909346169273,48
1782,1982,3,12,,0.4788732394366197,0.0691268886214734,71
1789,1984,3,12,135.58,0.5774647887323944,0.112381334402995,71
1794,1988,3,12,,0.8873239436619719,0.0698622810536167,48
1798,1970,3,12,,0.0,0.0686589116192004,48
1802,1997,3,12,,0.028169014084507,0.0661853188929001,48
1806,1994,3,12,,0.5211267605633803,0.0683914961893301,48
1809,1982,3,12,,0.9577464788732394,0.2795159780719347,48
1813,1999,3,12,,0.971830985915493,0.0439898382136649,48
1815,1982,3,12,45.83,0.9577464788732394,0.1376520925257387,79
1817,1982,3,12,162.16,1.0,0.0425859072068458,71
1820,1982,6,12,19.05,1.0,0.0422516379195079,48
1823,2010,3,12,,0.1830985915492957,0.0439898382136649,79
1828,1982,3,12,12.48,0.1830985915492957,0.0422516379195079,79
1831,1982,3,12,157.75,0.1830985915492957,0.0427196149217809,71
1835,1981,3,12,,0.2253521126760563,0.3115389757989036,48
1839,1999,3,12,,0.6619718309859155,0.2226901992244952,48
1845,1983,3,12,,0.6619718309859155,0.0667201497526407,48
1848,2005,3,12,,0.6619718309859155,0.0668538574675758,48
1855,2000,3,12,73.4,1.0,0.0693274501938761,48
1858,1995,3,12,,1.0,0.0708650889156304,48
1860,1994,3,12,114.73,1.0,0.1044257253643535,48
1868,2005,3,12,39.63,0.971830985915493,0.2295092926861879,48
1872,1982,3,12,,0.2535211267605634,0.1520925257387351,48
1876,1993,3,12,124.57,0.2957746478873239,0.0451263537906137,48
1878,1960,3,12,,0.2957746478873239,0.0444578152159379,71
1881,1980,3,12,119.21,0.2957746478873239,0.0566252172750367,71
1883,2007,3,12,115.69,0.2957746478873239,0.0432544457815215,48
1887,1995,3,12,,0.6338028169014085,0.2439497258991843,48
1892,1994,3,12,89.33,0.8028169014084507,0.0721353122075143,48
1893,1950,3,12,35.01,0.8028169014084507,0.0719347506351116,71
1899,1984,3,12,58.01,0.8028169014084507,0.0825645139724562,71
1902,1981,3,12,182.58,0.8028169014084507,0.0711325043455007,71
1905,1980,3,12,,0.8028169014084507,0.0711993582029683,79
1911,1980,3,12,,0.2676056338028169,0.0423184917769755,48
1914,1982,3,12,83.76,0.2676056338028169,0.0423853456344431,71
1920,1977,3,12,,0.2676056338028169,0.0642465570263404,48
1924,1991,3,12,,0.7746478873239436,0.0832330525471319,48
1926,1970,3,12,,0.7746478873239436,0.1456077015643802,71
1929,1980,3,12,203.03,0.7746478873239436,0.0822302446851183,71
1932,1987,3,12,,0.7746478873239436,0.0815617061104425,48
1935,1986,3,12,29.54,0.9859154929577464,0.2122609974595534,48
1940,1989,3,12,8.61,0.7605633802816901,0.3803984489905067,79
1943,1990,6,12,,0.1971830985915492,0.0599679101484155,79
1947,1983,3,12,120.72,0.1971830985915492,0.0439229843561973,79
1948,1980,3,12,10.56,0.1971830985915492,0.0430538842091188,71
1951,1977,3,12,,0.1971830985915492,0.0407808530552212,71
1952,1977,3,12,176.86,0.1971830985915492,0.0978071934750635,71
1957,1980,3,12,95.06,1.0,0.0411819762000267,48
1959,1983,3,12,158.71,1.0,0.0907206845835004,71
1962,1982,3,12,,0.4929577464788732,0.0695948656237464,71
1969,1969,3,12,,0.4788732394366197,0.0680572269019922,48
1972,1983,3,12,40.26,0.5352112676056338,0.7019655034095467,71
1974,1983,3,12,159.85,0.6901408450704225,0.5594999331461424,79
1977,1995,3,12,,0.6901408450704225,0.3135445915229308,48
1980,1983,3,12,145.17,0.6901408450704225,0.2642064447118599,71
1982,1996,3,12,159.51,0.704225352112676,0.2501671346436689,79
1985,1992,3,12,,0.7323943661971831,0.721152560502741,79
1988,1992,3,12,150.54,0.7605633802816901,0.5570931942773097,48
1990,1986,3,12,262.17,0.7605633802816901,0.2873378793956411,71
1997,1982,3,12,110.17,0.0422535211267605,0.0722021660649819,71
1999,1983,3,12,128.94,0.1971830985915492,0.1794357534429736,48
2002,1982,3,12,,0.5352112676056338,0.0457948923652894,71
2010,1457,3,12,279.85,0.8450704225352113,0.2288407541115122,79
2013,2017,3,12,,0.2253521126760563,0.4351517582564513,71
2016,1983,3,12,,0.9295774647887324,0.0607033025805588,71
2018,1990,6,12,,0.9154929577464788,0.0634443107367295,48
2021,1992,3,12,,0.056338028169014,0.122476266880599,48
2023,1992,3,12,11.49,0.2253521126760563,0.0488033159513303,79
2026,1986,3,12,,0.943661971830986,0.0614386950127022,71
2029,1995,6,12,,0.2253521126760563,0.0512100548201631,48
2033,1983,6,12,112.93,0.7323943661971831,0.0724027276373846,48
2037,1980,6,12,,0.3098591549295774,0.0704639657708249,79
2039,1985,3,12,182.82,0.971830985915493,0.0437892766412622,48
2044,1982,3,12,,0.0,0.0446583767883406,48
2047,1995,3,12,,0.0140845070422535,0.0459954539376922,48
2050,1998,3,12,,0.1126760563380281,0.1770290145741409,48
2053,1999,3,12,61.41,0.1126760563380281,0.0437224227837946,48
2056,1982,3,12,,0.1126760563380281,0.0437892766412622,71
2059,1982,3,12,,0.1126760563380281,0.0434550073539243,71
2062,2009,3,12,,0.4647887323943662,0.0422516379195079,48
2064,1988,3,12,135.51,0.6901408450704225,0.0423853456344431,71
2071,1998,3,12,52.57,1.0,0.0704639657708249,48
2080,1984,3,12,,0.4788732394366197,0.0931274234523331,48
2082,1990,3,12,56.58,0.4929577464788732,0.0449257922182109,71
2084,1980,3,12,79.63,0.6901408450704225,0.1530284797432811,71
2087,1988,3,12,35.78,0.1971830985915492,0.3168872843963096,48
2090,1983,3,12,127.1,1.0,0.0441903997860676,48
2094,1986,3,12,,1.0,0.0639122877390025,79
2096,2003,3,12,71.63,1.0,0.0421179302045728,79
2100,1989,3,12,,1.0,0.0413825377724294,79
2103,1978,3,12,,0.1971830985915492,0.0676561037571867,48
2109,1992,3,12,,0.4929577464788732,0.0695280117662789,48
2112,2020,3,12,,0.4929577464788732,0.0702634041984222,48
2118,2000,3,12,,0.4929577464788732,0.0711325043455007,48
2121,1989,3,12,,1.0,0.2371306324374916,48
2123,1977,3,12,135.82,0.2394366197183098,0.0427196149217809,71
2127,1983,3,12,,0.2394366197183098,0.0872442839951865,48
2131,1960,3,12,,0.8028169014084507,0.0447252306458082,48
2135,1982,3,12,,0.7464788732394366,0.0893167535766813,48
2140,1982,3,12,,0.2253521126760563,0.0689263270490707,48
2143,1989,6,12,141.79,0.2112676056338028,0.0694611579088113,79
2146,1978,3,12,,0.2253521126760563,0.0683914961893301,79
2149,1994,3,12,,0.2253521126760563,0.0691268886214734,79
2152,1986,3,12,,0.7464788732394366,0.0430538842091188,79
2156,1960,3,12,,0.7464788732394366,0.0427196149217809,71
2159,1983,3,12,,0.7464788732394366,0.0425190533493782,71
2163,2006,3,12,,0.7464788732394366,0.0420510763471052,79
2165,1980,3,12,161.31,0.971830985915493,0.2308463698355395,71
2167,1979,3,12,91.08,1.0,0.0561572402727637,71
2170,1980,3,12,,1.0,0.1206043588715068,48
2173,1983,3,12,133.17,0.0704225352112676,0.2166733520524134,71
2176,1977,3,12,,0.2676056338028169,0.0691268886214734,71
2179,1980,3,12,71.69,0.4929577464788732,0.0827650755448589,71
2183,1997,3,12,,0.4929577464788732,0.2369969247225564,48
2187,1978,3,12,,0.4929577464788732,0.1165931274234523,48
2193,1980,3,12,,0.4929577464788732,0.0811605829656371,71
2196,2010,3,12,,1.0,0.0409145607701564,48
2199,1993,3,12,8.08,0.8028169014084507,0.1381869233854793,71
2202,2006,3,12,86.35,1.0,0.0425859072068458,79
2204,1983,3,12,124.8,0.0985915492957746,0.1514239871640593,71
2206,1978,3,12,,0.2676056338028169,0.0703302580558898,71
2210,1980,3,12,,0.2676056338028169,0.0699959887685519,48
2212,1975,3,12,95.8,0.2676056338028169,0.0687926193341355,71
2218,1973,3,12,,0.4929577464788732,0.0417168070597673,71
2220,1960,3,12,,0.7746478873239436,0.0445246690734055,71
2221,1978,3,12,44.68,0.7746478873239436,0.0430538842091188,79
2224,1988,3,12,,0.7746478873239436,0.0423184917769755,71
2225,2003,3,12,13.17,0.7746478873239436,0.0423184917769755,79
2228,1992,3,12,,0.7746478873239436,0.0423853456344431,48
2231,2002,6,12,,0.8873239436619719,0.7764407006284262,79
2234,1979,3,12,,0.9859154929577464,0.0681240807594598,71
2237,1985,3,12,,0.9859154929577464,0.0687926193341355,48
2240,1975,6,12,,0.9859154929577464,0.0693274501938761,48
2243,1996,3,12,,0.0,0.2610643134108837,48
2246,1982,3,12,,0.2676056338028169,0.069193742478941,48
2252,1980,3,12,,0.4929577464788732,0.1089049338146811,71
2259,2008,3,12,,0.0422535211267605,0.0453269153630164,79
2262,1983,3,12,22.0,0.2957746478873239,0.0899852921513571,79
2265,1978,3,12,,0.4929577464788732,0.0415830993448321,79
2271,1972,3,12,,0.704225352112676,0.0439229843561973,71
2274,1972,3,12,,0.1971830985915492,0.0970049471854525,48
2281,1983,6,12,,0.056338028169014,0.0572937558497125,79
2286,2006,3,12,38.33,0.5070422535211268,0.0566252172750367,79
2287,1985,3,12,68.67,0.5774647887323944,0.0624415028747158,71
2289,1983,3,12,158.6,0.5070422535211268,0.0586976868565316,48
2294,1997,3,12,,0.8169014084507042,0.0911218077283059,48
2296,1979,3,12,33.92,0.2535211267605634,0.2006952801176627,71
2299,1991,3,12,95.87,0.8309859154929577,0.0911218077283059,48
2304,1984,3,12,,0.2816901408450704,0.2999732584570129,79
2310,1995,3,12,,0.6338028169014085,0.0882470918572001,79
2314,1980,3,12,,0.8873239436619719,0.0706645273432277,48
2316,2010,3,12,95.69,0.2816901408450704,0.2236261532290413,48
2321,1984,3,12,,0.7605633802816901,0.8473057895440566,71
2327,1983,3,12,,0.2394366197183098,0.0,48
2331,1983,3,12,89.92,0.2535211267605634,0.0,71
2334,1980,3,12,32.47,0.2676056338028169,0.3002406738868832,48
2336,1982,3,12,101.72,0.2816901408450704,0.316352453536569,71
2340,1989,3,12,,0.323943661971831,0.0765476668003743,71
2341,1983,3,12,66.34,0.323943661971831,0.0748763203636849,71
2344,1983,3,12,,0.3661971830985915,0.0778847439497259,71
2347,1977,3,12,,0.3380281690140845,0.0771493515175825,71
2351,2001,3,12,39.12,0.380281690140845,0.0686589116192004,48
2354,1994,3,12,35.19,0.380281690140845,0.0650488033159513,48
2357,1987,3,12,33.27,0.380281690140845,0.1836475464634309,48
2360,1980,3,12,,0.6056338028169014,0.0924588848776574,71
2362,1980,3,12,,0.6056338028169014,0.0439898382136649,79
2365,1975,3,12,,0.6901408450704225,0.7135312207514374,71
2369,1993,3,12,,0.9014084507042254,0.0676561037571867,48
2372,1991,3,12,,0.8873239436619719,0.0671881267549137,48
2374,1982,6,12,,0.8732394366197183,0.070129696483487,79
2379,1995,3,12,,0.8169014084507042,0.0632437491643267,48
2382,1983,3,12,,0.8169014084507042,0.0738066586442037,48
2385,2006,3,12,39.39,0.8028169014084507,0.0692605963364086,48
2388,2002,6,12,90.64,0.7887323943661971,0.0688594731916031,48
2391,1984,3,12,,0.7605633802816901,0.2681508223024468,48
2395,1993,3,12,,0.7323943661971831,0.0707313812006952,48
2397,1978,3,12,,0.2676056338028169,0.1950795560903864,71
2398,1983,3,12,57.8,0.2535211267605634,0.1702099211124481,79
2401,1982,3,12,,0.2676056338028169,0.2113250434550073,48
2407,1983,3,12,,0.2394366197183098,0.2122609974595534,48
2410,1993,3,12,,0.2676056338028169,0.2047733654231849,79
2414,1980,3,12,,0.2535211267605634,0.2030351651290279,48
2417,1989,3,12,52.53,0.2535211267605634,0.2010964032624682,48
2419,1990,3,12,122.54,0.4647887323943662,0.296964834870972,48
2421,1985,3,12,,0.7605633802816901,0.5095601016178632,48
2424,1996,3,12,,0.7746478873239436,0.0703971119133573,48
2430,1996,3,12,,0.2394366197183098,0.2053750501403931,79
2436,1980,3,12,210.12,0.7605633802816901,0.088113384142265,71
2438,1980,3,12,293.03,0.0422535211267605,0.3605428533226367,71
2442,1984,3,12,,0.2676056338028169,0.0701965503409546,48
2445,1980,3,12,,0.2676056338028169,0.069193742478941,79
2453,1982,3,12,130.35,0.2676056338028169,0.0679235191870571,71
2456,2002,3,12,,0.4929577464788732,0.1250835673218344,48
2461,1983,3,12,,0.7746478873239436,0.0686589116192004,79
2464,1980,3,12,,0.7746478873239436,0.1110442572536435,48
2472,1985,3,12,,0.7746478873239436,0.0680572269019922,48
2475,1983,3,12,100.88,0.7746478873239436,0.0695948656237464,71
2477,1982,3,12,,0.7746478873239436,0.0697285733386816,71
2480,1978,3,12,,0.7746478873239436,0.0710656504880331,48
2483,1992,3,12,,0.7746478873239436,0.0909881000133707,79
2485,1979,3,12,140.13,0.7746478873239436,0.069661719481214,71
2487,1984,3,12,107.73,0.7746478873239436,0.069193742478941,71
2497,2023,3,12,,0.2535211267605634,0.0683914961893301,48
2499,1980,3,12,91.51,0.4788732394366197,0.2074475197218879,71
2501,1983,3,12,67.78,0.4788732394366197,0.0687926193341355,71
2503,1984,3,12,192.41,0.5915492957746479,0.1073672950929268,71
2508,1986,3,12,56.15,0.704225352112676,0.1083032490974729,48
2512,1987,3,12,20.43,0.6901408450704225,0.0677898114721219,48
2515,1975,3,12,,0.6901408450704225,0.0675223960422516,71
2519,1980,3,12,,0.8028169014084507,0.1561706110442572,79
2522,1980,3,12,,0.8028169014084507,0.0888487765744083,48
2525,1975,3,12,,0.7183098591549296,0.0703302580558898,71
2528,1982,3,12,,0.2535211267605634,0.2151357133306591,71
2529,2000,3,12,59.93,0.2535211267605634,0.2019655034095467,79
2530,1962,3,12,31.62,0.2535211267605634,0.2008289878325979,71
2533,1991,3,12,,0.2535211267605634,0.2018317956946115,79
2535,1982,3,12,180.09,0.2535211267605634,0.2281053616793688,71
2537,1982,3,12,88.05,0.2535211267605634,0.1672683513838748,79
2542,1982,3,12,,1.0,0.1049605562240941,71
2544,1986,3,12,144.79,1.0,0.0834336141195346,48
2548,1978,3,12,,0.2112676056338028,0.0699291349110843,71
2551,1982,3,12,,0.2112676056338028,0.0681240807594598,71
2553,1971,3,12,53.88,0.2112676056338028,0.0675223960422516,79
2555,1972,3,12,12.86,0.2112676056338028,0.0681240807594598,71
2559,1983,3,12,,0.2112676056338028,0.0684583500467976,48
2560,1960,3,12,24.64,0.4929577464788732,0.0687926193341355,79
2564,1982,3,12,,0.4929577464788732,0.0679903730445246,48
2566,1960,3,12,,0.5633802816901409,0.1281588447653429,71
2570,1992,3,12,,0.7323943661971831,0.0687257654766679,48
2572,1981,3,12,99.64,0.7323943661971831,0.0683246423318625,71
2574,1980,3,12,,0.7323943661971831,0.0685252039042652,79
2577,1994,3,12,100.76,0.7323943661971831,0.0685920577617328,48
2579,1983,3,12,140.41,0.7464788732394366,0.0704639657708249,71
2581,1984,3,12,110.63,0.7323943661971831,0.070129696483487,48
2588,1982,3,12,107.37,0.0,0.0572269019922449,71
2590,1982,3,12,117.05,0.9154929577464788,0.0590319561438694,48
2592,1983,3,12,128.42,0.9295774647887324,0.0694611579088113,48
2595,1985,3,12,,0.9295774647887324,0.1269554753309265,71
2597,1983,3,12,53.07,0.3661971830985915,0.0576948789945179,71
2601,1980,3,12,183.14,0.8732394366197183,0.4024602219548068,71
2602,1982,3,12,90.97,0.3098591549295774,0.1925391095066185,71
2615,1997,3,12,,0.2394366197183098,0.0571600481347773,48
2618,1995,3,12,,0.3943661971830985,0.3015108971787672,48
2624,1982,3,12,78.98,0.7605633802816901,0.2601283594063377,71
2627,1980,3,12,,0.7605633802816901,0.2376654632972322,48
2630,1984,3,12,160.04,0.7605633802816901,0.1976868565316218,71
2632,1997,3,12,87.79,0.7605633802816901,0.6048937023666265,48
2638,2007,3,12,,0.9014084507042254,0.0543521861211391,48
2643,2004,3,12,37.58,0.7605633802816901,0.2097205508757855,79
2646,2003,3,12,,0.7605633802816901,0.2139323438962428,48
2650,1993,3,12,,0.7605633802816901,0.2051744885679903,48
2653,1983,3,12,,0.5352112676056338,0.4486562374649017,79
2657,1985,3,12,,0.7605633802816901,0.2028346035566252,48
2659,1982,3,12,,0.971830985915493,0.052012301109774,71
2663,1982,3,12,,0.971830985915493,0.0517448856799037,48
2666,1982,3,12,66.14,0.028169014084507,0.0540847706912688,71
2669,1982,3,12,,0.028169014084507,0.053750501403931,71
2672,1982,3,12,95.49,0.5211267605633803,0.04853590052146,48
2674,1982,6,12,,0.4929577464788732,0.0484021928065249,48
2678,1981,3,12,,0.4788732394366197,0.0457948923652894,79
2681,1985,3,12,,0.7605633802816901,0.2668137451530953,71
2684,1990,3,12,,0.4647887323943662,0.0456611846503543,48
2687,1983,3,12,49.63,0.9859154929577464,0.0526808396844497,79
2694,2004,3,12,26.16,0.5211267605633803,0.0522797165396443,79
2701,1980,3,12,14.82,0.9859154929577464,0.0531488166867228,48
2704,1982,3,12,65.95,0.9859154929577464,0.05294825511432,48
2707,1996,3,12,,0.9859154929577464,0.0534830859740607,48
2710,1979,3,12,39.66,1.0,0.0534830859740607,48
2713,1987,3,12,48.23,0.5070422535211268,0.0457280385078218,48
2717,1985,3,12,,0.1971830985915492,0.0904532691536301,79
2720,1980,3,12,,0.9577464788732394,0.52647412755716,71
2723,2019,3,12,,0.380281690140845,0.058162855996791,79
2727,1981,3,12,186.23,0.323943661971831,0.0552212862682176,48
2733,1988,3,12,,0.3098591549295774,0.0449926460756785,79
2736,1994,6,12,,0.7605633802816901,0.2020323572670143,48
2739,1990,6,12,,0.7605633802816901,0.2549806123813344,79
2745,1985,3,12,,0.7605633802816901,0.2020323572670143,48
2747,1986,3,12,115.4,0.7605633802816901,0.2029014574140928,48
2749,1980,3,12,178.55,0.7605633802816901,0.2041716807059767,71
2750,2000,3,12,20.27,0.9577464788732394,0.0522797165396443,79
2757,1980,3,12,,0.1408450704225352,0.2607968979810134,79
2759,1983,3,12,,0.028169014084507,0.0556892632704907,71
2766,1982,3,12,55.94,0.0422535211267605,0.0564915095601016,71
2770,1982,3,12,,0.2676056338028169,0.0539510629763337,71
2771,1960,3,12,46.2,0.3380281690140845,0.0570931942773097,79
2773,1981,3,12,97.77,0.3380281690140845,0.0567589249899719,71
2776,2018,6,12,72.07,0.3943661971830985,0.0541516245487364,79
2780,1982,3,12,123.54,0.380281690140845,0.0562240941302313,71
2786,1982,3,12,,0.9859154929577464,0.0592325177162722,79
2788,2011,3,12,29.29,0.943661971830986,0.0605695948656237,48
2792,1981,3,12,,0.9295774647887324,0.0555555555555555,48
2796,1993,6,12,,0.056338028169014,0.0902527075812274,79
2797,1982,3,12,131.27,0.2253521126760563,0.0,71
2800,1980,3,12,,0.4225352112676056,0.0,48
2807,1993,6,12,,0.5492957746478874,0.1174622275705308,48
2810,1990,3,12,,0.5915492957746479,0.0589651022864019,48
2813,1982,3,12,45.07,0.6056338028169014,0.0603021794357534,79
2817,1999,3,12,,0.704225352112676,0.0609038641529616,79
2824,1981,3,12,,0.9014084507042254,0.0552212862682176,48
2829,1980,3,12,,0.6901408450704225,0.0572269019922449,48
2832,2008,3,12,39.6,0.5492957746478874,0.0610375718678967,48
2835,1983,3,12,,0.5352112676056338,0.0938628158844765,79
2838,1985,3,12,68.52,0.5352112676056338,0.0714667736328386,48
2840,1983,3,12,82.64,0.5352112676056338,0.0573606097071801,71
2843,1993,3,12,,0.5633802816901409,0.0567589249899719,48
2847,1983,3,12,,0.5915492957746479,0.0579622944243882,79
2850,1998,3,12,135.87,0.5774647887323944,0.0577617328519855,48
2853,1985,6,12,29.31,0.7605633802816901,0.188193608771226,48
2860,1985,3,12,,0.8028169014084507,0.0578954405669207,48
2863,2006,3,12,45.73,0.056338028169014,0.067455542184784,48
2867,2005,3,12,,0.028169014084507,0.0570263404198422,48
2871,1996,6,12,58.1,0.8309859154929577,0.4832196817756384,48
2874,1992,3,12,9.9,0.971830985915493,0.6490841021526942,48
2877,1960,3,12,97.64,0.9154929577464788,0.1006150554887017,48
2880,1985,3,12,,0.0845070422535211,0.127824575478005,71
2886,1980,3,12,5.0,0.2253521126760563,0.0,71
2888,2009,3,12,126.0,0.4929577464788732,0.0716673352052413,48
2891,1982,3,12,,0.7323943661971831,0.1791683380131033,71
2894,1981,3,12,,0.7323943661971831,0.0575611712795828,79
2897,1981,3,12,,0.7464788732394366,0.0566252172750367,71
2899,1984,3,12,102.95,0.7464788732394366,0.0561572402727637,71
2902,1981,3,12,,0.7464788732394366,0.0557561171279582,71
2905,1984,3,12,,0.7605633802816901,0.0558229709854258,71
2908,1984,3,12,,0.7464788732394366,0.0550875785532825,71
2912,1993,6,12,,0.9154929577464788,0.1688728439630966,79
2916,1982,3,12,,0.352112676056338,0.1092392031020189,79
2917,1981,3,12,96.04,0.3380281690140845,0.0544858938360743,71
2921,1996,3,12,,0.323943661971831,0.0550207246958149,48
2934,2020,3,12,,0.323943661971831,0.0544190399786067,48
2939,2004,3,12,,0.4647887323943662,0.0506083701029549,79
2948,1983,6,12,,0.5633802816901409,0.0808263136782992,79
2950,2000,3,12,126.02,0.8450704225352113,0.056892632704907,79
2954,1983,3,12,,0.8450704225352113,0.5663190266078352,71
2960,1998,3,12,114.45,0.8309859154929577,0.0555555555555555,79
2961,1985,3,12,27.54,0.971830985915493,0.078486428666934,71
2962,1960,3,12,36.6,0.971830985915493,0.0501403931006819,71
2963,1960,3,12,15.17,0.971830985915493,0.0508757855328252,71
2967,2003,3,12,,0.0422535211267605,0.2053750501403931,48
2973,1981,3,12,,0.0422535211267605,0.0511432009626955,79
2975,1980,3,12,,0.028169014084507,0.0571600481347773,71
2980,1996,3,12,,0.4929577464788732,0.0542853322636716,48
2983,1990,3,12,,0.5211267605633803,0.0556224094130231,71
2986,1982,3,12,,0.5352112676056338,0.0536836475464634,48
2990,1982,3,12,89.9,0.5352112676056338,0.0538842091188661,79
2993,1980,3,12,72.42,0.4929577464788732,0.0543521861211391,71
2996,1982,3,12,104.63,0.4647887323943662,0.0516111779649685,71
2999,1960,3,12,,0.4647887323943662,0.0519454472523064,71
3001,1982,3,12,,0.0,0.0517448856799037,48
3006,1982,3,12,,0.4788732394366197,0.0527476935419173,48
3012,1982,3,12,,0.4788732394366197,0.0528814012568525,48
3018,1991,3,12,,0.9859154929577464,0.0461291616526273,79
3026,1986,6,12,,0.0,0.1371172616659981,48
3030,1999,3,12,,0.4929577464788732,0.0544858938360743,79
3038,1970,3,12,,1.0,0.0618398181575076,48
3041,1991,3,12,,0.971830985915493,0.0582297098542585,79
3047,2020,3,12,,0.4788732394366197,0.052480278112047,48
3050,1982,3,12,,0.8450704225352113,0.0661853188929001,79
3051,1985,3,12,25.4,0.2816901408450704,0.0,79
3056,1982,6,12,,0.2394366197183098,0.0,79
3057,1980,3,12,69.13,0.4084507042253521,0.0,71
3061,1980,3,12,,0.4225352112676056,0.0,79
3068,1976,3,12,,0.2535211267605634,0.1104425725364353,71
3075,1975,3,12,,0.9014084507042254,0.0565583634175691,79
3079,1990,3,12,,0.8450704225352113,0.056892632704907,48
3082,1985,3,12,,0.8169014084507042,0.0554218478406203,79
3089,2020,3,12,,0.1971830985915492,0.0390426527610643,79
3097,2006,3,12,,0.4647887323943662,0.0605027410081561,48
3100,2003,3,12,831.78,0.5492957746478874,0.0396443374782724,79
3104,2005,3,12,,0.8169014084507042,0.1821099077416766,48
3107,2008,6,12,,0.323943661971831,0.0512769086776307,79
3111,1978,3,12,,0.1267605633802817,0.0561572402727637,48
3115,1991,3,12,,0.323943661971831,0.0927931541649953,48
3117,2004,3,12,,0.1126760563380281,0.1136515576948789,79
3121,2003,3,12,,0.323943661971831,0.0566920711325043,48
3126,1978,3,12,,0.056338028169014,0.0534830859740607,48
3129,1978,3,12,110.73,0.0704225352112676,0.0536167936889958,48
3146,1978,6,12,,0.6056338028169014,0.1253509827517047,79
3149,1973,3,12,27.5,0.4929577464788732,0.0,48
3158,1978,6,12,,0.1549295774647887,0.0459954539376922,48
3160,1978,3,12,52.97,0.1408450704225352,0.1024869634977938,79
3165,1969,3,12,,0.3380281690140845,0.0658510496055622,48
3171,2014,3,12,,0.8169014084507042,0.0837010295494049,48
3176,1960,3,12,20.91,0.380281690140845,0.0659179034630298,71
3183,2010,3,12,,0.323943661971831,0.0683246423318625,79
3189,2004,3,12,,0.8450704225352113,0.2005615724027276,48
3196,2007,3,12,,0.352112676056338,0.0565583634175691,48
3202,1970,3,12,78.76,0.2957746478873239,0.109707180104292,79
3206,1990,3,12,,0.5774647887323944,0.0554218478406203,48
3211,1960,3,12,18.11,0.5774647887323944,0.0530819628292552,79
3221,1975,3,12,,0.056338028169014,0.0572937558497125,48
3229,1975,3,12,,0.4084507042253521,0.0601684717208182,48
3242,2008,3,12,44.73,0.943661971830986,0.1561037571867896,48
3246,1985,3,12,,0.8450704225352113,0.0566920711325043,48
3256,1986,3,12,,0.8450704225352113,0.0534830859740607,48
3259,1986,3,12,,0.1830985915492957,0.0700628426260195,48
3264,1975,3,12,,0.1126760563380281,0.0683246423318625,48
3268,1987,3,12,128.01,0.1830985915492957,0.0673218344698489,48
3270,1995,6,12,67.84,0.1830985915492957,0.0697285733386816,79
3273,1987,3,12,36.02,0.2253521126760563,0.0671881267549137,48
3280,2009,3,12,,0.7746478873239436,0.634443107367295,48
3289,1995,3,12,44.62,0.704225352112676,0.1575745420510763,71
3294,1990,3,12,12.95,0.352112676056338,0.1143200962695547,48
3296,1970,3,12,61.37,0.5633802816901409,0.0562240941302313,48
3302,1998,3,12,93.68,0.8169014084507042,0.0673886883273164,48
3307,1985,3,12,,0.9014084507042254,0.0923251771627222,48
3314,2000,3,12,,0.5352112676056338,0.0,79
3317,2002,3,12,98.92,0.2253521126760563,0.0681909346169273,48
3324,2017,3,12,,0.0,0.0861746222757053,48
3327,2002,3,12,,0.8873239436619719,0.0613718411552346,48
3333,1984,3,12,,0.4788732394366197,0.0,48
3336,1965,3,12,,0.8873239436619719,0.0619066720149752,79
3347,2011,3,12,,0.3661971830985915,0.0711325043455007,79
3349,2002,3,12,,0.3943661971830985,0.0833667602620671,79
3352,1999,6,12,,0.1408450704225352,0.1237464901724829,79
3364,2002,6,12,,0.6338028169014085,0.054218478406204,79
3367,2009,3,12,,0.5915492957746479,0.0575611712795828,48
3370,2005,3,12,37.01,0.5915492957746479,0.0570263404198422,48
3375,2009,3,12,,0.647887323943662,0.0554218478406203,48
3378,2008,3,12,,0.6619718309859155,0.0542853322636716,48
3381,1998,3,12,,0.6619718309859155,0.0544858938360743,48
3393,1984,3,12,,0.0,0.253309265944645,79
3397,1980,3,12,,0.3098591549295774,0.0852386682711592,79
3401,1997,3,12,84.13,0.056338028169014,0.0582965637117261,48
3404,2008,3,12,,0.056338028169014,0.058162855996791,48
3407,2021,3,12,,0.0704225352112676,0.0591656638588046,48
3414,1980,3,12,85.05,0.6338028169014085,0.0535499398315282,79
3421,2001,3,12,,0.4647887323943662,0.0554218478406203,48
3424,2004,3,12,,0.5352112676056338,0.0607701564380264,48
3427,2003,3,12,31.78,0.9014084507042254,0.0924588848776574,48
3429,2003,6,12,106.29,0.1126760563380281,0.0576280251370504,48
3432,2005,3,12,,0.3661971830985915,0.0579622944243882,48
3435,2007,3,12,,0.6338028169014085,0.0603021794357534,48
3438,1999,3,12,4.77,0.4507042253521127,0.0536167936889958,79
3445,2004,3,12,,0.8873239436619719,0.0563578018451664,79
3448,2003,3,12,,0.971830985915493,0.0560235325578285,48
3451,2001,3,12,,0.971830985915493,0.0548201631234122,48
3455,1999,3,12,,0.5211267605633803,0.0572269019922449,48
3459,2021,3,12,,0.380281690140845,0.0564915095601016,79
3462,2011,3,12,,0.4647887323943662,0.0560903864152961,79
3471,2002,3,12,,0.1408450704225352,0.0557561171279582,48
3509,2002,3,12,,0.8169014084507042,0.0711993582029683,48
3516,2003,3,12,,0.0140845070422535,0.107968979810135,79
3518,2000,3,12,82.55,0.0845070422535211,0.0578954405669207,48
3522,2011,3,12,52.55,0.0845070422535211,0.0566252172750367,48
3524,2005,3,12,65.16,0.1408450704225352,0.0480010696617194,48
3526,2009,3,12,137.04,0.6619718309859155,0.051544324107501,48
3529,2008,3,12,,0.676056338028169,0.0539510629763337,48
3531,2007,6,12,76.52,0.6619718309859155,0.0554887016980879,48
3536,1985,9,12,,0.0985915492957746,0.0576280251370504,48
3540,1999,3,12,,0.0985915492957746,0.0597004947185452,48
3547,1998,3,12,,0.5915492957746479,0.0562909479876988,48
3550,2009,3,12,,0.6056338028169014,0.0573606097071801,48
3557,1982,3,12,90.03,0.5915492957746479,0.0564915095601016,48
3560,1998,3,12,,0.5915492957746479,0.0546196015510094,79
3565,2005,3,12,,0.5774647887323944,0.0575611712795828,48
3570,2007,3,12,,0.9577464788732394,0.122944243882872,79
3577,2020,3,12,,0.056338028169014,0.1361144538039845,48
3581,2021,3,12,,0.9577464788732394,0.0534830859740607,48
3587,2000,3,12,,0.028169014084507,0.0571600481347773,48
3591,2006,3,12,,0.0422535211267605,0.0570263404198422,48
3594,1998,6,12,,0.0,0.2213531220751437,48
3597,2003,3,12,,0.2676056338028169,0.0547533092659446,79
3603,2004,3,12,,0.2394366197183098,0.0568257788474394,48
3607,2007,3,12,130.9,0.1830985915492957,0.056892632704907,48
3610,1980,3,12,,0.7183098591549296,0.2931541649953202,48
3613,1980,3,12,,0.7464788732394366,0.0550875785532825,48
3620,1980,3,12,,0.8028169014084507,0.0778847439497259,79
3625,1997,3,12,,0.647887323943662,0.0554218478406203,48
3630,2001,6,12,,0.6619718309859155,0.0572269019922449,79
3640,2001,3,12,,0.6056338028169014,0.2488300574943173,79
3645,2002,3,12,,0.8873239436619719,0.0611044257253643,48
3648,2006,3,12,,0.3098591549295774,0.1817087845968712,48
3651,2008,3,12,,0.4647887323943662,0.6665329589517315,48
3655,2000,6,12,,0.4929577464788732,0.5804251905334937,48
3658,1998,3,12,,0.4929577464788732,0.5915897847305789,79
3665,2000,3,12,,0.3098591549295774,0.0616392565851049,48
3669,2013,3,12,,0.3380281690140845,0.0613718411552346,79
3673,1979,3,12,,0.0985915492957746,0.056892632704907,48
3675,1980,3,12,9.91,0.0985915492957746,0.0512100548201631,79
3676,1980,3,12,44.41,0.6901408450704225,0.594263939029282,71
3681,1985,3,12,,0.971830985915493,0.0919909078753844,79
3686,2009,3,12,,0.971830985915493,0.1496189330124347,48
3691,1980,3,12,,0.2112676056338028,0.0554887016980879,79
3703,2002,3,12,,0.7183098591549296,0.0554887016980879,79
3714,1987,3,12,,0.8309859154929577,0.1504211793020457,79
3720,1985,6,12,,0.5492957746478874,0.1565717341890627,79
3723,2005,3,12,42.44,0.6901408450704225,0.0683914961893301,79
3727,1997,3,12,,0.2816901408450704,0.1042251637919507,79
3731,1996,6,12,,0.3943661971830985,0.0658510496055622,48
3732,1980,3,12,39.69,0.9295774647887324,0.0736729509292686,79
3735,1980,3,12,101.08,0.2112676056338028,0.0005348308597406,71
3739,1982,3,12,,0.6338028169014085,0.0354993983152827,79
3742,1980,3,12,,0.6338028169014085,0.0342291750233988,79
3752,1980,3,12,,0.5915492957746479,0.1055622409413023,48
3756,2008,3,12,,0.704225352112676,0.0531488166867228,48
3761,1982,6,12,,0.704225352112676,0.0549538708383473,79
3773,1960,3,12,42.12,0.7183098591549296,0.0745420510763471,48
3781,2020,3,12,,0.2394366197183098,0.0665864420377055,79
3785,1985,3,12,9.45,0.1267605633802817,0.0318224361545661,71
3790,1986,3,12,,0.0422535211267605,0.1870570931942773,48
3794,2004,3,12,,0.8169014084507042,0.0702634041984222,79
3800,1999,3,12,,0.0,0.0548201631234122,48
3802,1998,3,12,101.01,0.0985915492957746,0.0532825244016579,48
3806,2002,3,12,,0.1267605633802817,0.0533493782591255,79
3811,2001,3,12,,0.704225352112676,0.1474127557160048,79
3815,2023,3,12,,0.647887323943662,0.2319828854124883,79
3818,2000,3,12,,0.6338028169014085,0.0702634041984222,48
3820,1980,3,12,,0.1267605633802817,0.0677898114721219,48
3824,1980,3,12,,0.1408450704225352,0.0703302580558898,48
3828,1980,3,12,,0.1830985915492957,0.0724695814948522,48
3831,1980,3,12,,0.1830985915492957,0.0720016044925792,48
3844,2006,6,12,,0.1830985915492957,0.2914159647011632,79
3849,2004,6,12,48.61,0.1830985915492957,0.066519588180238,79
3852,2006,3,12,21.04,0.3661971830985915,0.2064447118598742,48
3855,2003,3,12,61.44,0.7323943661971831,0.0580291482818558,48
3858,2006,3,12,100.32,0.7464788732394366,0.0582965637117261,48
3860,2006,3,12,122.44,0.7323943661971831,0.0592325177162722,48
3864,2006,3,12,,0.7746478873239436,0.054686455408477,48
3868,1997,3,12,,0.7605633802816901,0.0568257788474394,79
3869,1980,3,12,50.2,0.7183098591549296,0.0607701564380264,79
3872,1980,3,12,,0.7183098591549296,0.5860409145607701,48
3878,1999,3,12,,0.6197183098591549,0.0930605695948656,79
3882,2017,3,12,,0.6338028169014085,0.095667870036101,79
3889,1980,3,12,,0.6197183098591549,0.0673218344698489,48
3893,1989,3,12,,0.6338028169014085,0.0684583500467976,48
3897,2001,3,12,,0.6338028169014085,0.0702634041984222,79
3899,1975,3,12,23.96,0.676056338028169,0.0726032892097874,79
3902,1999,3,12,,0.704225352112676,0.0707313812006952,79
3904,1975,3,12,47.9,0.352112676056338,0.3319294023265142,79
3907,2007,3,12,,0.4929577464788732,0.3073940366359138,48
3910,1997,3,12,,0.8309859154929577,0.0690600347640058,79
3914,1980,3,12,,0.6056338028169014,0.2986361813076614,48
3917,2001,3,12,,0.5915492957746479,0.0703971119133573,79
3921,2006,3,12,,0.2535211267605634,0.078486428666934,48
3924,2007,3,12,,0.4084507042253521,0.181575076881936,48
3926,2002,9,12,48.61,0.971830985915493,0.2726300307527744,48
3928,2007,3,12,,0.5774647887323944,0.0553549939831528,48
3933,1980,3,12,,0.0140845070422535,0.3406204037972991,79
3935,1980,3,12,60.0,0.028169014084507,0.1513571333065917,48
3939,2003,3,12,,0.4788732394366197,0.55736060970718,79
3943,2005,3,12,,0.6901408450704225,0.2514373579355528,48
3947,2006,3,12,76.84,0.0,0.0689263270490707,48
3954,2003,3,12,,0.2535211267605634,0.1282925524802781,79
3958,1999,3,12,,0.2535211267605634,0.1129830191202032,71
3963,2001,3,12,,0.1549295774647887,0.4215804251905334,48
3966,1996,3,12,,0.2535211267605634,0.135713330659179,79
3970,1997,3,12,,0.2535211267605634,0.1333734456478138,48
3976,2017,3,12,,0.2535211267605634,0.1319026607835272,79
3982,1980,3,12,,0.9014084507042254,0.0900521460088247,48
3984,1980,3,12,88.2,0.8591549295774648,0.0560235325578285,71
3985,1979,6,12,70.04,0.8028169014084507,0.0550207246958149,79
3992,2007,3,12,102.34,0.7323943661971831,0.0551544324107501,48
3995,1970,3,12,26.45,0.028169014084507,0.0788875518117395,48
3998,2015,3,12,,0.2816901408450704,0.0837678834068725,48
4001,2004,3,12,,0.2957746478873239,0.0536167936889958,48
4003,1980,3,12,,0.2957746478873239,0.0568257788474394,48
4008,2007,3,12,,0.3661971830985915,0.0547533092659446,48
4013,1975,3,12,,0.323943661971831,0.0540179168338013,79
4016,1999,3,12,,0.6901408450704225,0.0855729375584971,48
4021,1999,3,12,,0.704225352112676,0.0671881267549137,48
4024,2005,3,12,63.41,0.8591549295774648,0.1682711592458884,48
4027,2001,3,12,,0.7887323943661971,0.4311405268083967,48
4030,2009,3,12,39.12,0.8591549295774648,0.9141596470116324,48
4036,2000,3,12,66.58,0.7746478873239436,0.069661719481214,48
4038,2000,3,12,,0.8169014084507042,0.0576280251370504,48
4042,2000,3,12,,0.9154929577464788,0.0566920711325043,48
4051,2009,3,12,,0.323943661971831,0.0534162321165931,48
4056,2005,3,12,132.92,0.2394366197183098,0.1841155234657039,48
4067,1981,3,12,,0.8873239436619719,0.0551544324107501,48
4072,2001,3,12,,0.9295774647887324,0.2950260730044123,48
4085,1997,3,12,,1.0,0.080224628961091,71
4091,2021,3,12,71.56,0.4788732394366197,0.1269554753309265,48
4095,1999,6,12,119.49,0.4225352112676056,0.2335873779917101,48
4098,2001,3,12,,0.4084507042253521,0.2373311940098943,48
4110,1979,3,12,,0.4366197183098591,0.0683246423318625,48
4115,1979,3,12,,0.4084507042253521,0.056424655702634,71
4121,2008,3,12,,0.2957746478873239,0.0757454205107634,48
4136,1996,3,12,,0.9295774647887324,0.0545527476935419,48
4145,1979,6,12,,0.6338028169014085,0.2669474528680304,79
4158,1980,3,12,,0.1267605633802817,0.0554218478406203,48
4163,1979,3,12,,0.0704225352112676,0.0671881267549137,79
4166,1979,6,12,,0.028169014084507,0.0574274635646476,79
4168,1997,3,12,,0.1971830985915492,0.0620403797299104,71
4179,1979,3,12,,0.2816901408450704,0.311940098943709,79
4185,2001,6,12,,0.5211267605633803,0.0539510629763337,48
4187,1999,3,12,38.84,0.5352112676056338,0.0532825244016579,79
4191,2002,3,12,103.9,0.6197183098591549,0.0866425992779783,48
4195,2007,3,12,,0.6619718309859155,0.0527476935419173,48
4200,2008,3,12,,0.5774647887323944,0.0554887016980879,48
4203,2005,3,12,,0.5915492957746479,0.0560235325578285,48
4206,2008,3,12,,0.5915492957746479,0.0550875785532825,48
4211,2006,3,12,,0.2535211267605634,0.0595667870036101,79
4235,2008,3,12,,0.5352112676056338,0.060837010295494,48
4241,1960,6,12,75.33,0.6056338028169014,0.0556892632704907,48
4245,1979,3,12,71.39,0.6619718309859155,0.0580960021393234,48
4248,1997,3,12,,0.647887323943662,0.0592993715737397,48
4250,1997,3,12,68.81,0.6901408450704225,0.059098810001337,48
4253,2008,3,12,,0.7464788732394366,0.0595667870036101,79
4257,1999,3,12,,0.1971830985915492,0.0617061104425725,79
4261,1995,6,12,,0.2676056338028169,0.0552212862682176,79
4263,1968,3,12,86.93,0.028169014084507,0.0772830592325177,71
4273,1970,3,12,190.87,0.028169014084507,0.0826982216873913,71
4283,1966,6,12,65.42,0.0422535211267605,0.0785532825244016,48
4288,1990,6,12,73.24,0.2816901408450704,0.0791549672416098,79
4290,1960,3,12,95.34,0.2816901408450704,0.0790212595266746,71
4293,1983,3,12,151.39,0.2816901408450704,0.0789544056692071,71
4298,1965,6,12,93.29,0.5352112676056338,0.0779515978071934,48
4304,1965,3,12,58.04,0.5492957746478874,0.079756651958818,79
4313,1995,3,12,178.78,0.2816901408450704,0.0802914828185586,79
4315,2007,3,12,130.4,0.2816901408450704,0.0817622676828453,48
4317,1993,3,12,115.62,0.2816901408450704,0.0812942906805722,48
4319,1994,3,12,108.38,0.2816901408450704,0.1311672683513838,48
4326,1965,6,12,,0.2816901408450704,0.0791549672416098,79
4329,1982,3,12,78.47,0.5492957746478874,0.0785532825244016,71
4333,1973,3,12,96.9,0.5492957746478874,0.0782858670945313,71
4339,1963,3,12,95.14,0.5492957746478874,0.0786869902393368,48
4341,1962,6,12,,0.5492957746478874,0.0787538440968043,79
4343,1973,3,12,115.97,0.5492957746478874,0.0787538440968043,79
4345,1962,3,12,79.47,0.5352112676056338,0.9783393501805052,79
4350,1997,3,12,20.3,0.8732394366197183,0.0570931942773097,71
4353,1980,3,12,,0.3661971830985915,0.0,79
4360,2007,3,12,73.02,0.9154929577464788,0.0552881401256852,48
4366,2001,3,12,,0.9154929577464788,0.0558898248428934,48
4369,1998,3,12,,0.9295774647887324,0.058630832999064,48
4377,2000,3,12,,0.2394366197183098,0.0543521861211391,79
4382,1999,3,12,,0.2394366197183098,0.0538173552613985,48
4384,2009,3,12,78.5,0.2112676056338028,0.0516780318224361,48
4391,1998,3,12,,0.6619718309859155,0.0550875785532825,48
4401,1980,9,12,,0.056338028169014,0.0561572402727637,48
4406,2005,3,12,44.79,0.1549295774647887,0.0548201631234122,48
4408,1980,3,12,77.27,0.2676056338028169,0.0791549672416098,48
4416,2010,3,12,111.99,0.9859154929577464,0.0558898248428934,48
4430,2006,6,12,,0.5492957746478874,0.0982751704773365,79
4434,2007,3,12,82.96,0.6056338028169014,0.0553549939831528,79
4436,2007,3,12,83.02,0.6056338028169014,0.055956678700361,79
4437,1997,3,12,30.77,0.6197183098591549,0.2633373445647813,79
4441,2009,3,12,129.72,0.0845070422535211,0.0984088781922716,48
4444,2013,3,12,,0.1126760563380281,0.0423184917769755,48
4447,1990,3,12,,0.2957746478873239,0.2065784195748094,71
4449,2002,3,12,118.75,0.323943661971831,0.0565583634175691,48
4452,2009,3,12,,0.3380281690140845,0.0546196015510094,48
4456,2003,3,12,,0.7605633802816901,0.1485492712929536,48
4461,1979,3,12,,0.1403164952423376,0.0,79
4462,1981,3,12,20.56,0.1267605633802817,0.0,79
4479,1978,3,12,,0.4647887323943662,0.2887418104024601,48
4483,2009,3,12,,0.4788732394366197,0.2967642732985693,79
4486,2011,3,12,,0.7323943661971831,0.0575611712795828,48
4489,1999,3,12,,0.676056338028169,0.0574943174221152,79
4493,1978,3,12,,0.6338028169014085,0.0563578018451664,48
4497,2000,3,12,,0.704225352112676,0.0552212862682176,48
4501,2006,3,12,,0.676056338028169,0.0545527476935419,48
4506,1998,3,12,,0.5633802816901409,0.0716673352052413,79
4510,1992,3,12,38.0,0.5352112676056338,0.0532825244016579,48
4512,1979,3,12,130.0,0.7887323943661971,0.0522128626821767,48
4516,1950,3,12,101.23,0.8028169014084507,0.1141863885546195,48
4521,1960,3,12,189.84,0.0422535211267605,0.0332263671613852,79
4522,1960,3,12,105.34,0.0,0.0294156972857333,79
4525,1964,6,12,53.02,0.0,0.030418505147747,79
4533,1983,3,12,103.45,0.2816901408450704,0.0822302446851183,71
4536,2006,3,12,5.98,0.5492957746478874,0.0328252440165797,48
4538,1999,6,12,918.12,0.2957746478873239,0.3481080358336675,48
4541,1966,3,12,82.73,0.5352112676056338,0.0802914828185586,71
4546,1962,3,12,62.05,0.5352112676056338,0.0789544056692071,79
4552,1969,15,12,96.94,0.5633802816901409,0.0889156304318759,79
4555,1970,3,12,67.81,0.7887323943661971,0.0790212595266746,71
4561,2011,3,12,154.97,0.0,0.4146944778713731,48
4564,1999,3,12,1954.87,0.2816901408450704,0.3493782591255515,48
4571,2009,3,12,59.94,0.0422535211267605,0.0789544056692071,48
4577,1980,3,12,,0.6056338028169014,0.056424655702634,79
4581,2002,3,12,,0.7464788732394366,0.0544190399786067,48
4587,1999,3,12,,0.6056338028169014,0.2291750233988501,48
4591,1999,3,12,,0.323943661971831,0.0546196015510094,48
4599,1990,3,12,,0.3098591549295774,0.0,48
4600,1988,3,12,51.19,0.323943661971831,0.0,79
4601,1997,3,12,398.2,0.8450704225352113,0.0551544324107501,71
4604,2003,3,12,,0.323943661971831,0.0,48
4608,1991,3,12,,0.352112676056338,0.0,79
4616,1975,3,12,87.63,0.3661971830985915,0.0,79
4618,1982,3,12,,0.3661971830985915,0.1042920176494183,79
4625,1990,3,12,,0.3943661971830985,0.0569594865623746,48
4628,1990,6,12,,0.6056338028169014,0.2298435619735258,48
4632,1997,3,12,,0.8732394366197183,0.0547533092659446,79
4635,2000,3,12,,0.8028169014084507,0.055956678700361,48
4637,1980,3,12,26.69,0.8028169014084507,0.0532825244016579,48
4645,1998,3,12,90.38,0.7746478873239436,0.0571600481347773,48
4647,1990,3,12,,0.0422535211267605,0.0959352854659713,48
4652,2008,6,12,,0.0,0.1064313410883807,79
4654,1998,3,12,117.56,0.3661971830985915,0.0572937558497125,79
4657,1987,3,12,,0.352112676056338,0.0552212862682176,48
4660,2006,3,12,14.07,0.3661971830985915,0.0550875785532825,48
4663,1985,3,12,69.78,0.6197183098591549,0.1863217007621339,48
4666,1982,3,12,111.87,0.8169014084507042,0.1264874983286535,48
4670,2000,6,12,,0.4225352112676056,0.0744083433614119,48
4675,2021,3,12,,0.3943661971830985,0.0576948789945179,79
4679,2017,3,12,,0.4788732394366197,0.2379328787271025,79
4682,1984,3,12,30.31,0.4647887323943662,0.084169006551678,48
4685,1982,3,12,,0.6619718309859155,0.0601684717208182,48
4691,2000,3,12,,0.943661971830986,0.0566252172750367,48
4695,2004,3,12,,0.971830985915493,0.0536167936889958,48
4698,1980,3,12,,0.4366197183098591,0.0544858938360743,48
4702,2004,3,12,,0.8732394366197183,0.0554887016980879,48
4705,2006,3,12,72.52,0.9295774647887324,0.0550875785532825,48
4708,1986,3,12,,0.8450704225352113,0.909346169273967,48
4710,1979,3,12,,0.8732394366197183,0.7671480144404331,48
4717,1978,3,12,52.49,0.647887323943662,0.0558898248428934,79
4720,2004,3,12,89.81,0.6619718309859155,0.0556892632704907,48
4725,1998,3,12,106.76,0.9295774647887324,0.1566385880465302,48
4732,1979,9,12,58.31,0.0845070422535211,0.0552881401256852,48
4737,1997,3,12,,0.1408450704225352,0.0661184650354325,48
4742,1980,3,12,,0.028169014084507,0.0569594865623746,79
4746,1999,6,12,46.27,0.7464788732394366,0.0573606097071801,48
4754,2004,3,12,,0.3943661971830985,0.1992913491108436,79
4758,1995,6,12,,0.5070422535211268,0.0689263270490707,48
4761,2007,3,12,,0.5070422535211268,0.0673886883273164,48
4764,2003,3,12,,0.6197183098591549,0.0566920711325043,48
4776,2004,3,12,,0.8873239436619719,0.0544190399786067,48
4779,1980,3,12,,0.8591549295774648,0.0554218478406203,79
4783,1979,3,12,24.52,0.8309859154929577,0.0552212862682176,79
4785,1979,3,12,47.19,0.8309859154929577,0.0570931942773097,71
4788,2004,3,12,18.23,0.4647887323943662,0.0732718277844631,48
4791,1980,3,12,59.16,0.0140845070422535,0.0,48
4794,1996,3,12,,0.2112676056338028,0.058630832999064,48
4800,1993,3,12,101.58,0.7887323943661971,0.079756651958818,71
4804,1960,3,12,108.89,0.7887323943661971,0.1115122342559165,48
4811,2005,6,12,,0.5352112676056338,0.0249364888354058,79
4814,2005,6,12,48.88,0.5352112676056338,0.0249364888354058,79
4818,1950,3,12,53.38,0.028169014084507,0.1145206578419574,71
4821,1950,3,12,22.15,0.0422535211267605,0.115055488701698,48
4824,2003,3,12,132.65,0.028169014084507,0.1153897579890359,71
4826,1950,3,12,130.1,0.2816901408450704,0.0796897981013504,71
4838,1956,3,12,102.19,0.5352112676056338,0.0403797299104158,48
4840,2007,3,12,305.75,0.5492957746478874,0.0405802914828185,48
4841,1970,3,12,317.53,0.0,0.0334937825912555,71
4844,1972,3,12,,0.0140845070422535,0.0318224361545661,71
4850,1999,6,12,1041.87,0.028169014084507,0.3380799572135312,48
4855,1951,3,12,107.83,0.5492957746478874,0.0403128760529482,79
4858,1994,12,12,2396.82,0.2957746478873239,0.1183313277176092,48
4861,1997,12,12,931.54,0.7887323943661971,0.1315015376387217,48
4863,1998,15,12,737.1,0.8028169014084507,0.1312341222088514,48
4870,1996,12,12,2067.81,0.2957746478873239,0.1591790346302981,48
4872,1994,3,12,2345.76,0.8028169014084507,0.107501002807862,48
4874,1997,3,12,2335.13,0.2535211267605634,0.089517315149084,48
4896,2008,3,12,598.24,0.2535211267605634,0.5420510763471051,79
4899,1999,3,12,481.22,0.8028169014084507,0.0873779917101216,79
4901,1996,3,12,1215.03,0.5492957746478874,0.0772162053750501,79
4903,2002,3,12,629.08,0.0422535211267605,0.4948522529749966,48
4905,1980,3,12,101.48,0.0422535211267605,0.1329723225030084,71
4907,1980,3,12,148.24,0.0422535211267605,0.5015376387217542,71
4911,1983,3,12,102.21,0.0422535211267605,0.0794223826714801,71
4913,1970,3,12,122.93,0.0422535211267605,0.0793555288140125,48
4915,1970,3,12,138.06,0.0422535211267605,0.0793555288140125,71
4918,1970,3,12,144.02,0.0422535211267605,0.4164995320229976,71
4922,1960,3,12,116.18,0.2957746478873239,0.0790881133841422,71
4924,1978,3,12,106.74,0.2957746478873239,0.0791549672416098,71
4927,1960,6,12,116.37,0.2957746478873239,0.0792886749565449,48
4930,1940,3,12,17.11,0.2957746478873239,0.0794223826714801,71
4934,2005,3,12,490.69,0.676056338028169,0.5292151357133306,48
4937,1980,9,12,182.67,0.6901408450704225,0.87892766412622,79
4939,1987,3,12,112.68,0.6901408450704225,0.9433079288674956,79
4944,1970,3,12,68.15,0.6619718309859155,0.3071266212060435,71
4946,1978,3,12,42.34,0.6338028169014085,0.3162855996791014,48
4954,1950,3,12,,0.2816901408450704,0.052012301109774,71
4956,1960,3,12,71.03,0.2816901408450704,0.0522128626821767,71
4959,1960,3,12,50.76,0.2816901408450704,0.0526139858269822,71
4965,1998,3,12,51.23,0.2816901408450704,0.0536167936889958,48
4982,1960,3,12,42.05,0.0422535211267605,0.0,79
4988,1962,3,12,83.56,0.2816901408450704,0.0798903596737531,48
4991,1950,3,12,,0.2816901408450704,0.0798903596737531,79
4993,1955,3,12,30.23,0.2816901408450704,0.0798903596737531,71
4995,1958,3,12,25.78,0.2816901408450704,0.0798235058162855,71
5000,1982,6,12,104.92,0.7183098591549296,0.0918572001604492,71
5018,1984,3,12,145.86,0.7183098591549296,0.0959352854659713,79
5020,1986,3,12,145.5,0.7183098591549296,0.0960689931809065,48
5028,1964,6,12,87.58,0.0422535211267605,0.0810268752507019,71
5031,1955,3,12,,0.028169014084507,0.0800240673886883,71
5034,1959,3,12,,0.028169014084507,0.0803583366760262,71
5036,1958,3,12,19.74,0.028169014084507,0.0804920443909613,71
5038,1970,3,12,25.95,0.028169014084507,0.080692605963364,79
5040,1957,3,12,74.66,0.028169014084507,0.0808263136782992,71
5043,1960,3,12,77.51,0.028169014084507,0.0812274368231047,48
5047,1954,3,12,42.51,0.028169014084507,0.0816954138253777,71
5049,1961,3,12,47.82,0.028169014084507,0.0818959753977804,71
5052,1958,3,12,31.88,0.0422535211267605,0.0827650755448589,71
5056,1959,3,12,32.16,0.028169014084507,0.0061505548870169,79
5059,2006,3,12,6.2,0.2816901408450704,0.208383473726434,48
5066,1951,3,12,14.52,0.2816901408450704,0.2333199625618398,71
5069,1955,3,12,26.73,0.2816901408450704,0.2468244417702901,71
5074,1959,3,12,39.88,0.8028169014084507,0.0060168471720818,71
5081,1974,3,12,38.94,0.5492957746478874,0.080692605963364,71
5087,1957,3,12,10.92,0.7887323943661971,0.0100280786201363,79
5091,1973,3,12,67.43,0.5492957746478874,0.0810268752507019,71
5093,1960,3,12,117.34,0.5492957746478874,0.0809600213932343,71
5096,1966,9,12,85.47,0.5492957746478874,0.0808263136782992,79
5103,1999,6,12,62.74,0.5492957746478874,0.2200160449257922,48
5109,1960,6,12,33.51,0.5352112676056338,0.0074207781789009,71
5112,1975,6,12,113.4,0.5492957746478874,0.0804920443909613,48
5117,1970,3,12,64.0,0.0140845070422535,0.0,79
5120,1956,3,12,23.97,0.028169014084507,0.0717341890627089,71
5122,1960,3,12,44.21,0.2957746478873239,0.1139858269822168,71
5127,1958,3,12,117.64,0.2957746478873239,0.1958818023799973,71
5130,1957,3,12,33.77,0.2957746478873239,0.1998261799705843,71
5132,1956,3,12,36.78,0.5352112676056338,0.0823639524000534,71
5136,1960,3,12,3.19,0.5352112676056338,0.0814279983955074,71
5140,1950,3,12,18.26,0.5352112676056338,0.080692605963364,71
5145,1962,3,12,7.57,0.5352112676056338,0.0799572135312207,79
5148,1952,3,12,6.59,0.5352112676056338,0.0798903596737531,71
5155,1980,3,12,18.81,0.2957746478873239,0.0905201230110977,71
5161,1970,3,12,168.36,0.7887323943661971,0.1103088648215002,71
5163,1998,15,12,4000.8,0.5352112676056338,0.1287605294825511,48
5168,1958,3,12,70.28,0.0422535211267605,0.0799572135312207,71
5170,1970,6,12,93.49,0.028169014084507,0.0800909212461559,79
5174,1970,3,12,356.97,0.0422535211267605,0.0800909212461559,71
5179,1968,3,12,98.68,0.0422535211267605,0.0801577751036234,71
5181,1963,3,12,,0.0422535211267605,0.0800240673886883,71
5183,1963,3,12,91.01,0.0422535211267605,0.0798903596737531,71
5187,1958,3,12,110.42,0.0422535211267605,0.0796229442438828,48
5190,1972,3,12,154.61,0.6338028169014085,0.314146276240139,71
5193,1963,3,12,278.51,0.8028169014084507,0.6331060302179435,71
5196,1958,3,12,,0.8028169014084507,0.0796897981013504,71
5205,1972,3,12,147.06,0.6338028169014085,0.3155502072469581,79
5212,1957,3,12,,0.8028169014084507,0.0791549672416098,79
5216,1958,3,12,39.96,0.0422535211267605,0.0791549672416098,71
5218,1950,3,12,,0.0422535211267605,0.0791549672416098,79
5220,1950,3,12,,0.0422535211267605,0.0792218210990774,71
5222,1958,6,12,54.71,0.0422535211267605,0.0792886749565449,79
5225,1962,3,12,95.09,0.0422535211267605,0.0790212595266746,71
5228,1968,3,12,103.3,0.0422535211267605,0.0789544056692071,71
5230,1970,3,12,87.06,0.0422535211267605,0.0790212595266746,48
5238,1960,3,12,13.3,0.0422535211267605,0.0791549672416098,48
5241,1968,6,12,120.21,0.2816901408450704,0.0779515978071934,79
5245,1963,3,12,122.31,0.2816901408450704,0.0778847439497259,79
5250,1982,3,12,102.0,0.5492957746478874,0.0801577751036234,79
5253,1950,3,12,147.04,0.5492957746478874,0.080224628961091,79
5257,1958,3,12,45.54,0.5492957746478874,0.0800909212461559,71
5259,1960,3,12,108.23,0.5492957746478874,0.0800909212461559,71
5262,1980,3,12,100.81,0.5492957746478874,0.0800240673886883,71
5265,1979,3,12,125.21,0.5492957746478874,0.0798903596737531,71
5267,1940,3,12,40.83,0.5492957746478874,0.0801577751036234,71
5269,1962,3,12,82.22,0.8028169014084507,0.0794892365289477,71
5281,1962,3,12,46.15,0.5352112676056338,0.1115122342559165,71
5283,1959,3,12,37.74,0.0422535211267605,0.0917234924455141,71
5285,1960,3,12,134.72,0.0422535211267605,0.0915229308731113,71
5287,1963,3,12,51.01,0.0422535211267605,0.091255515443241,71
5298,1959,3,12,8.29,0.1830985915492957,0.2497660114988634,71
5301,1955,3,12,18.81,0.1830985915492957,0.1262200828987832,71
5305,1995,3,12,78.95,0.5492957746478874,0.0790881133841422,48
5309,1959,3,12,80.81,0.5492957746478874,0.0790881133841422,71
5316,1965,6,12,,0.5492957746478874,0.0828319294023265,79
5324,1960,3,12,,0.2676056338028169,0.0158443642198154,71
5327,1952,3,12,130.56,0.7887323943661971,0.0798903596737531,71
5330,1988,3,12,100.26,0.8028169014084507,0.0799572135312207,79
5332,1958,3,12,,0.7887323943661971,0.0799572135312207,71
5334,1959,3,12,,0.8028169014084507,0.0799572135312207,71
5336,1958,3,12,,0.7887323943661971,0.0799572135312207,79
5338,1952,3,12,21.75,0.8028169014084507,0.0239336809733921,71
5340,1959,3,12,18.22,0.7746478873239436,0.0201898649552079,71
5344,1966,3,12,56.8,0.2676056338028169,0.0165129027944912,71
5349,1960,9,12,99.72,0.9154929577464788,0.0525471319695146,79
5351,1957,6,12,91.84,0.9154929577464788,0.0526808396844497,79
5353,1952,3,12,90.8,0.9154929577464788,0.05294825511432,71
5355,1950,3,12,80.47,0.9154929577464788,0.0530819628292552,71
5357,1950,3,12,16.32,0.9154929577464788,0.0532156705441903,71
5360,1950,3,12,28.89,0.9154929577464788,0.0534162321165931,48
5362,1964,3,12,84.89,0.9154929577464788,0.0554887016980879,71
5364,1953,3,12,69.2,0.9154929577464788,0.0536836475464634,79
5366,1950,3,12,53.3,0.9154929577464788,0.0615055488701698,71
5368,1960,9,12,73.42,0.1549295774647887,0.0639122877390025,79
5371,1950,3,12,22.69,0.2816901408450704,0.0328252440165797,71
5375,1957,3,12,,0.2535211267605634,0.0344965904532691,79
5381,1940,6,12,148.54,0.6901408450704225,0.081962829255248,79
5385,1960,3,12,,0.6901408450704225,0.0820965369701831,71
5388,1955,3,12,31.55,0.2394366197183098,0.018585372375986,71
5391,1959,3,12,4.53,0.6901408450704225,0.0822970985425859,71
5394,1980,3,12,220.62,0.6901408450704225,0.1378526540981414,71
5397,1960,3,12,76.59,0.6901408450704225,0.0822302446851183,71
5401,1956,3,12,52.78,0.6901408450704225,0.0820296831127155,71
5406,1979,3,12,70.74,0.6901408450704225,0.0818291215403128,71
5408,1978,6,12,120.69,0.6901408450704225,0.0817622676828453,48
5410,1957,3,12,10.46,0.6901408450704225,0.0813611445380398,71
5413,1972,3,12,160.25,0.6901408450704225,0.3154164995320229,79
5415,1956,3,12,18.05,0.6901408450704225,0.2931541649953202,71
5417,1964,3,12,65.23,0.8028169014084507,0.081962829255248,71
5420,1968,3,12,48.6,0.1267605633802817,0.0563578018451664,71
5424,1964,3,12,81.06,0.1267605633802817,0.0551544324107501,71
5428,1964,3,12,71.11,0.1267605633802817,0.0531488166867228,79
5430,1959,6,12,133.77,0.4084507042253521,0.0578285867094531,48
5435,1961,3,12,38.54,0.3380281690140845,0.0857734991308998,71
5437,1958,3,12,72.03,0.4084507042253521,0.0538842091188661,71
5441,2005,3,12,53.69,0.4084507042253521,0.0534830859740607,48
5443,1950,3,12,11.69,0.4084507042253521,0.0533493782591255,71
5448,1983,3,12,23.36,0.4084507042253521,0.0528814012568525,71
5452,1957,6,12,96.71,0.6901408450704225,0.1234790747426126,48
5454,1968,3,12,59.3,0.8028169014084507,0.1644604893702366,71
5456,1948,6,12,57.06,0.8028169014084507,0.1869233854793421,48
5459,1950,3,12,37.82,0.8028169014084507,0.0788206979542719,71
5462,1955,3,12,43.31,0.8028169014084507,0.0792218210990774,71
5465,1972,3,12,35.29,0.8028169014084507,0.0794223826714801,71
5467,1982,3,12,85.24,0.8028169014084507,0.0796229442438828,71
5472,1953,3,12,7.95,0.8028169014084507,0.0804251905334937,71
5475,1965,6,12,5.99,0.8028169014084507,0.0806257521058965,79
5478,1960,3,12,5.11,0.8028169014084507,0.0810268752507019,71
5481,1959,3,12,64.22,0.8028169014084507,0.0815617061104425,71
5485,1945,3,12,30.46,0.3380281690140845,0.0603021794357534,79
5488,2005,3,12,130.75,0.1830985915492957,0.1886615857734991,79
5492,1967,3,12,117.38,0.1830985915492957,0.1895975397780451,71
5496,1962,3,12,125.69,0.2957746478873239,0.0822970985425859,79
5498,1952,3,12,77.31,0.2957746478873239,0.0826982216873913,79
5501,1960,3,12,49.77,0.2957746478873239,0.0825645139724562,71
5506,2002,6,12,123.13,0.2957746478873239,0.0823639524000534,48
5511,1945,6,12,76.57,0.2957746478873239,0.1673352052413424,48
5514,1959,3,12,84.29,0.2957746478873239,0.0818959753977804,71
5517,1949,3,12,13.54,0.2957746478873239,0.0817622676828453,71
5521,1983,3,12,89.78,0.8450704225352113,0.0107634710522797,71
5530,1959,3,12,17.11,0.704225352112676,0.0803583366760262,71
5532,1958,3,12,100.64,0.6901408450704225,0.0798903596737531,71
5534,1955,3,12,22.86,0.5492957746478874,0.1438026474127557,71
5536,1999,12,12,1231.77,0.8028169014084507,0.6032892097874046,79
5538,2004,3,12,172.21,0.6901408450704225,0.0821633908276507,48
5543,2004,3,12,117.33,0.6901408450704225,0.0818291215403128,48
5545,1998,6,12,1499.67,0.9154929577464788,0.1782992378660248,48
5548,1986,6,12,60.34,0.1830985915492957,0.0,79
5550,1982,3,12,,0.971830985915493,0.0177162722289076,79
5552,1973,3,12,,0.971830985915493,0.0377724294691803,48
5554,1970,3,12,8.27,0.704225352112676,0.0082898783259794,79
5556,1976,3,12,85.07,0.647887323943662,0.0234657039711191,48
5565,2000,3,12,,0.8450704225352113,0.0631100414493916,79
5568,1970,3,12,,0.5774647887323944,0.073606097071801,79
5571,2005,6,12,,0.8732394366197183,0.0359673753175558,79
5573,1980,3,12,,0.4647887323943662,0.0372375986094397,79
5576,1985,3,12,,0.3098591549295774,0.0730712662120604,48
5578,1975,3,12,,0.1408450704225352,0.0415830993448321,79
5581,2004,3,12,,0.8309859154929577,0.1425992779783393,79
5585,1980,3,12,52.57,0.352112676056338,0.040981414627624,79
5589,1970,3,12,,0.0985915492957746,0.0202567188126754,48
5594,1960,3,12,,0.2676056338028169,0.0810937291081695,48
5596,1958,3,12,22.39,0.8873239436619719,0.1266880599010562,79
5602,1965,3,12,,0.7887323943661971,0.0413156839149618,79
5605,1962,6,12,,0.8169014084507042,0.039243214333467,79
5607,1965,9,12,32.1,0.8169014084507042,0.0396443374782724,79
5609,1965,3,12,91.68,0.943661971830986,0.0252707581227436,48
5612,1970,3,12,,0.3943661971830985,0.0235325578285867,79
5613,1965,3,12,193.42,0.3943661971830985,0.045393769220484,79
5616,1996,3,12,,0.0985915492957746,0.0638454338815349,79
5623,1963,6,12,102.95,0.028169014084507,0.0796897981013504,48
5636,1968,3,12,108.48,0.2957746478873239,0.0780853055221286,48
5638,1967,6,12,92.62,0.2816901408450704,0.0788206979542719,48
5650,1997,3,12,64.01,0.028169014084507,0.0817622676828453,48
5655,2010,3,12,281.16,0.028169014084507,0.0810268752507019,48
5658,1964,6,12,21.93,0.0422535211267605,0.0816285599679101,79
5662,1970,3,12,119.97,0.028169014084507,0.0816285599679101,48
5664,1980,3,12,120.18,0.0422535211267605,0.0815617061104425,48
5672,1957,3,12,103.41,0.5352112676056338,0.081962829255248,79
5674,1960,3,12,107.08,0.5352112676056338,0.0817622676828453,71
5678,1956,6,12,162.02,0.5070422535211268,0.0827650755448589,48
5680,1971,3,12,93.13,0.5352112676056338,0.0808931675357668,71
5684,1960,3,12,,0.5352112676056338,0.0803583366760262,79
5686,2004,3,12,114.06,0.5352112676056338,0.0800909212461559,48
5696,2012,9,12,507.01,0.028169014084507,0.0,48
5704,1968,3,12,109.14,0.0422535211267605,0.0806257521058965,71
5707,1971,6,12,86.02,0.0422535211267605,0.0803583366760262,79
5709,1978,9,12,120.46,0.0422535211267605,0.0800909212461559,48
5712,1977,3,12,57.9,0.0422535211267605,0.0798903596737531,71
5715,1965,3,12,75.01,0.0422535211267605,0.0791549672416098,71
5721,1969,3,12,144.57,0.2816901408450704,0.080692605963364,71
5725,1969,3,12,120.59,0.5492957746478874,0.0809600213932343,71
5729,1965,3,12,115.16,0.5492957746478874,0.0808931675357668,71
5733,1965,3,12,89.73,0.5492957746478874,0.0807594598208316,48
5735,1970,3,12,130.09,0.5492957746478874,0.0807594598208316,71
5740,1966,3,12,105.37,0.7887323943661971,0.078018451664661,71
5742,1966,3,12,,0.7887323943661971,0.0778178900922583,71
5744,1976,3,12,106.59,0.7887323943661971,0.0778847439497259,71
5751,1968,3,12,99.54,0.7887323943661971,0.0780853055221286,71
5753,1958,3,12,65.12,0.7887323943661971,0.2878058563979141,79
5755,1953,3,12,64.2,0.5492957746478874,0.0521460088247091,71
5757,1960,3,12,97.1,0.5492957746478874,0.0522128626821767,71
5760,1953,3,12,50.76,0.9577464788732394,0.0526808396844497,71
5762,1945,6,12,18.24,0.9577464788732394,0.0526808396844497,48
5764,1956,3,12,106.01,0.9577464788732394,0.0526808396844497,71
5770,2004,3,12,249.79,0.2957746478873239,0.0798235058162855,71
5773,1961,3,12,94.96,0.2957746478873239,0.0796897981013504,48
5782,1960,3,12,61.59,0.5492957746478874,0.0522797165396443,71
5789,1958,3,12,99.26,0.0422535211267605,0.0522797165396443,48
5793,1979,6,12,52.48,0.0422535211267605,0.0523465703971119,71
5795,1955,3,12,,0.0422535211267605,0.0523465703971119,71
5797,1965,3,12,70.53,0.0422535211267605,0.0523465703971119,71
5804,1965,3,12,105.3,0.2957746478873239,0.0816954138253777,48
5808,1955,3,12,81.2,0.5492957746478874,0.0796229442438828,71
5812,1955,3,12,87.5,0.5492957746478874,0.0801577751036234,48
5814,1955,3,12,108.5,0.5492957746478874,0.0803583366760262,71
5817,1963,3,12,65.77,0.5492957746478874,0.0806257521058965,71
5819,1969,3,12,68.55,0.5492957746478874,0.0804920443909613,71
5821,1955,3,12,82.64,0.5492957746478874,0.0801577751036234,48
5830,1955,3,12,18.53,0.7887323943661971,0.2005615724027276,71
5833,1968,3,12,154.26,0.2957746478873239,0.0809600213932343,48
5841,1970,6,12,58.03,0.1830985915492957,0.0784195748094665,79
5844,1962,3,12,49.37,0.1830985915492957,0.0785532825244016,71
5848,1960,3,12,29.18,0.1830985915492957,0.0788206979542719,71
5856,1960,3,12,107.91,0.4507042253521127,0.0522128626821767,71
5861,1955,3,12,,0.4507042253521127,0.0524134242545794,71
5870,1959,3,12,140.56,0.7887323943661971,0.0764139590854392,71
5872,1968,3,12,134.66,0.7887323943661971,0.0762133975130365,71
5874,1953,3,12,,0.7887323943661971,0.0760796897981013,71
5876,1969,3,12,110.16,0.7887323943661971,0.0759459820831661,48
5883,1953,3,12,143.37,0.7887323943661971,0.0749431742211525,79
5886,1950,6,12,44.25,0.7887323943661971,0.0748094665062173,79
5888,1950,3,12,42.23,0.7887323943661971,0.0746089049338146,71
5891,1950,3,12,68.48,0.7887323943661971,0.0742077817890092,71
5900,1963,3,12,66.13,0.7605633802816901,0.0898515844364219,79
5903,1966,6,12,88.53,0.028169014084507,0.0526808396844497,48
5909,1954,3,12,10.02,0.2816901408450704,0.0733386816419307,79
5914,1959,3,12,75.85,0.2816901408450704,0.0740072202166065,79
5917,1964,6,12,75.73,0.2816901408450704,0.0743414895039443,79
5928,1954,6,12,81.92,0.2816901408450704,0.075812274368231,48
5933,1958,6,12,71.81,0.2816901408450704,0.0766145206578419,79
5940,1961,3,12,29.22,0.8028169014084507,0.0163123412220885,71
5942,1959,3,12,45.47,0.7887323943661971,0.020791549672416,48
5944,1952,3,12,88.16,0.2816901408450704,0.1675357668137451,71
5952,1958,3,12,79.95,0.7887323943661971,0.0339617595935285,71
5954,1954,3,12,17.01,0.7887323943661971,0.0330258055889824,71
5960,1960,3,12,75.73,0.7887323943661971,0.0328252440165797,79
5962,1957,3,12,20.78,0.7887323943661971,0.0328252440165797,71
5964,2006,3,12,54.42,0.7887323943661971,0.0396443374782724,48
5966,1980,3,12,82.75,0.7887323943661971,0.1091723492445514,71
5970,1957,3,12,53.1,0.7746478873239436,0.0290145741409279,48
5973,1965,3,12,62.52,0.971830985915493,0.1342425457948923,71
5979,1972,3,12,33.65,0.6338028169014085,0.2940232651423987,79
5984,1962,3,12,99.93,0.6338028169014085,0.0530819628292552,48
5987,1960,3,12,151.99,0.6338028169014085,0.0538842091188661,48
5992,1970,9,12,85.05,0.6338028169014085,0.0552881401256852,79
5998,1963,3,12,112.0,0.6338028169014085,0.056892632704907,71
6000,1960,6,12,96.72,0.6338028169014085,0.0572269019922449,48
6002,1953,3,12,35.78,0.6338028169014085,0.0575611712795828,71
6004,1960,3,12,38.89,0.647887323943662,0.1470784864286669,71
6007,1967,3,12,85.13,0.8028169014084507,0.0823639524000534,48
6012,1970,3,12,70.85,0.9014084507042254,0.2537103890894505,71
6013,1963,3,12,95.17,0.1549295774647887,0.0859740607033025,71
6031,1975,6,12,198.45,0.9154929577464788,0.1820430538842091,48
6035,1972,3,12,41.76,0.9154929577464788,0.2151357133306591,71
6037,1973,3,12,95.68,0.9154929577464788,0.2404733253108704,71
6044,1973,3,12,53.26,0.6901408450704225,0.1893301243481748,71
6046,1969,9,12,94.69,0.6901408450704225,0.188995855060837,79
6049,1954,3,12,30.14,0.6901408450704225,0.1953469715202567,79
6053,1955,3,12,,0.704225352112676,0.1262869367562508,79
6056,1960,3,12,,0.1267605633802817,0.0302847974328118,48
6058,1970,3,12,63.47,0.6901408450704225,0.0187190800909212,79
6061,1993,6,12,,0.7464788732394366,0.0260730044123545,48
6063,1980,3,12,,0.6901408450704225,0.0203904265276106,79
6066,1970,6,12,22.87,0.647887323943662,0.0260730044123545,48
6074,1971,6,12,,0.676056338028169,0.0314213130097606,79
6078,1970,3,12,,0.676056338028169,0.0316887284396309,79
6079,1970,3,12,48.44,0.0422535211267605,0.1133841422650086,71
6082,1982,3,12,,0.8169014084507042,0.0449926460756785,48
6086,1997,3,12,,0.9577464788732394,0.2720283460355662,48
6092,1992,3,12,,0.6056338028169014,0.0646476801711458,48
6095,1961,3,12,,0.8591549295774648,0.0615055488701698,79
6098,1992,6,12,,0.8591549295774648,0.0743414895039443,48
6101,1993,3,12,,0.1408450704225352,0.0390426527610643,79
6103,1970,3,12,34.66,0.4507042253521127,0.3497125284128894,79
6106,1978,6,12,21.87,0.3661971830985915,0.0527476935419173,79
6109,1980,3,12,,0.8591549295774648,0.0373713063243749,79
6112,1980,3,12,,0.8732394366197183,0.059098810001337,79
6115,2007,3,12,55.89,0.0140845070422535,0.0550875785532825,48
6117,2021,3,12,86.55,0.0140845070422535,0.0539510629763337,48
6119,2016,6,12,114.34,0.028169014084507,0.0533493782591255,79
6129,1953,3,12,87.18,0.028169014084507,0.081962829255248,71
6133,1954,3,12,22.71,0.7887323943661971,0.0756785666532958,79
6142,1955,3,12,,0.5352112676056338,0.0827650755448589,79
6146,1956,3,12,132.04,0.8028169014084507,0.0799572135312207,48
6150,1955,3,12,99.43,0.8028169014084507,0.0790881133841422,71
6152,1961,6,12,113.05,0.7887323943661971,0.0790212595266746,79
6164,1957,3,12,108.07,0.028169014084507,0.0800909212461559,71
6166,1959,3,12,115.49,0.0422535211267605,0.0798235058162855,79
6168,1949,3,12,117.21,0.0422535211267605,0.0796897981013504,71
6173,1961,3,12,125.77,0.0422535211267605,0.0787538440968043,71
6175,1959,3,12,110.0,0.0422535211267605,0.0784195748094665,71
6181,1962,3,12,76.0,0.0422535211267605,0.0780853055221286,79
6188,1958,3,12,84.4,0.8028169014084507,0.0949324776039577,71
6193,1970,3,12,96.02,0.8028169014084507,0.0984757320497392,71
6204,2010,6,12,560.22,0.7887323943661971,0.0,48
6209,1955,3,12,,0.0422535211267605,0.0810268752507019,71
6213,1957,3,12,32.49,0.0422535211267605,0.0812942906805722,71
6219,1958,3,12,,0.0422535211267605,0.0814948522529749,71
6221,1956,3,12,,0.0422535211267605,0.0814948522529749,71
6223,1940,3,12,63.94,0.0422535211267605,0.0816954138253777,79
6225,2003,3,12,119.89,0.0422535211267605,0.0817622676828453,71
6230,1940,3,12,87.65,0.2957746478873239,0.0793555288140125,79
6233,1940,6,12,97.46,0.2957746478873239,0.0790212595266746,79
6237,1950,3,12,85.89,0.2957746478873239,0.0786869902393368,71
6243,1977,3,12,112.54,0.5492957746478874,0.0779515978071934,71
6246,1958,3,12,13.47,0.5492957746478874,0.0786201363818692,79
6248,1950,3,12,14.7,0.5492957746478874,0.0787538440968043,71
6251,2014,3,12,,0.5492957746478874,0.0791549672416098,79
6253,1940,3,12,213.11,0.5492957746478874,0.0794223826714801,71
6255,1950,3,12,98.07,0.5492957746478874,0.0796897981013504,79
6257,1954,3,12,103.19,0.5492957746478874,0.0798235058162855,71
6260,1968,3,12,129.9,0.5492957746478874,0.0801577751036234,71
6262,1950,3,12,101.51,0.5492957746478874,0.0803583366760262,71
6264,1960,3,12,81.7,0.8028169014084507,0.0770156438026474,79
6266,1965,3,12,86.59,0.8028169014084507,0.0776841823773231,71
6269,1957,3,12,164.57,1.0,0.4832196817756384,71
6277,1966,3,12,38.31,0.1830985915492957,0.0785532825244016,71
6280,1982,9,12,34.63,0.1830985915492957,0.0785532825244016,71
6294,1974,3,12,119.81,0.5633802816901409,0.0899852921513571,71
6299,1964,3,12,13.19,0.2394366197183098,0.0,79
6304,1981,3,12,125.13,0.028169014084507,0.0792886749565449,71
6307,1986,3,12,142.86,0.028169014084507,0.0794223826714801,79
6315,1960,3,12,96.74,0.2816901408450704,0.0826982216873913,48
6317,1965,3,12,116.83,0.2816901408450704,0.082430806257521,71
6320,1962,3,12,139.17,0.2957746478873239,0.081962829255248,71
6323,1966,6,12,102.94,0.2957746478873239,0.0815617061104425,79
6325,1967,3,12,101.81,0.2816901408450704,0.0813611445380398,71
6328,1960,3,12,18.31,0.5492957746478874,0.0816954138253777,71
6330,1953,3,12,13.42,0.5492957746478874,0.0815617061104425,71
6332,1968,3,12,85.05,0.5492957746478874,0.0814279983955074,71
6334,1956,3,12,114.63,0.5492957746478874,0.0813611445380398,71
6339,1962,3,12,18.36,0.5492957746478874,0.0812274368231047,71
6343,1976,3,12,129.48,0.7887323943661971,0.0807594598208316,71
6345,1966,3,12,,0.7887323943661971,0.0804251905334937,79
6348,1979,3,12,16.0,0.028169014084507,0.0,79
6351,1958,3,12,104.58,0.943661971830986,0.0518785933948388,71
6353,1958,3,12,83.38,0.943661971830986,0.0516780318224361,71
6356,1950,3,12,115.05,0.943661971830986,0.0516780318224361,79
6359,1960,3,12,112.67,0.943661971830986,0.0516780318224361,79
6366,1980,3,12,169.47,0.2957746478873239,0.0818959753977804,71
6373,1980,3,12,63.15,0.2957746478873239,0.0810268752507019,71
6376,1963,6,12,124.32,0.6901408450704225,0.0785532825244016,71
6378,1968,3,12,101.99,0.6901408450704225,0.078486428666934,79
6382,1968,3,12,93.91,0.6901408450704225,0.0785532825244016,48
6388,1953,3,12,92.39,0.6901408450704225,0.0786201363818692,79
6391,1958,3,12,46.89,0.943661971830986,0.0516111779649685,71
6394,1984,6,12,68.86,0.2957746478873239,0.0817622676828453,48
6397,2008,3,12,47.04,0.2957746478873239,0.0810268752507019,48
6404,1958,3,12,126.43,0.1830985915492957,0.1298970450594999,71
6409,1978,6,12,117.91,0.1830985915492957,0.1423987164059366,48
6416,1970,6,12,104.2,0.1830985915492957,0.1750902527075812,79
6418,1968,3,12,104.55,0.1830985915492957,0.18725765476668,48
6421,1963,3,12,18.55,0.4366197183098591,0.0516780318224361,71
6423,1958,3,12,72.39,0.4366197183098591,0.0516780318224361,48
6426,1958,6,12,70.04,0.4366197183098591,0.0516780318224361,79
6428,1958,3,12,6.32,0.6901408450704225,0.2031688728439631,48
6430,1958,3,12,73.01,0.6901408450704225,0.1801711458751169,79
6435,1958,3,12,48.86,0.7887323943661971,0.1386549003877523,79
6439,1958,3,12,13.01,0.7887323943661971,0.1647947586575745,71
6442,1958,3,12,28.51,0.7887323943661971,0.2055756117127958,71
6445,1958,3,12,61.63,0.7887323943661971,0.0814948522529749,71
6447,1958,3,12,,0.7887323943661971,0.0795560903864153,71
6449,1958,3,12,90.61,0.7887323943661971,0.0795560903864153,71
6451,1958,3,12,88.69,0.7887323943661971,0.0795560903864153,71
6453,1963,3,12,,0.7887323943661971,0.0795560903864153,71
6455,1963,3,12,,0.7887323943661971,0.0795560903864153,71
6458,1963,3,12,,0.7887323943661971,0.0794223826714801,71
6466,1955,3,12,,0.2112676056338028,0.0774836208049204,71
6471,1959,3,12,72.0,0.2112676056338028,0.0779515978071934,79
6481,1960,3,12,72.0,0.6901408450704225,0.1316352453536569,71
6489,1986,3,12,976.23,0.2816901408450704,0.0794223826714801,71
6492,1983,3,12,85.74,0.2816901408450704,0.0794892365289477,71
6497,1992,3,12,370.02,0.6901408450704225,0.0787538440968043,79
6510,1962,6,12,129.92,0.0140845070422535,0.1807059767348575,48
6512,1943,3,12,58.18,0.2112676056338028,0.0883139457146677,79
6515,1960,3,12,,0.2112676056338028,0.0818959753977804,71
6517,1970,3,12,96.51,0.2112676056338028,0.1121807728305923,71
6519,2006,3,12,94.87,0.2112676056338028,0.0770824976601149,79
6524,2014,3,12,135.7,0.0,0.0631100414493916,48
6525,1964,3,12,20.46,0.2112676056338028,0.0788875518117395,71
6526,1964,3,12,3520.46,0.2112676056338028,0.0816285599679101,71
6534,1965,3,12,88.27,0.1126760563380281,0.119467843294558,79
6538,1962,3,12,82.38,0.1126760563380281,0.1732851985559566,79
6542,1962,3,12,300.1,0.1126760563380281,0.1031555020724695,71
6559,1973,3,12,2986.71,0.9154929577464788,0.2874715871105762,71
6560,1973,3,12,44.62,0.056338028169014,0.5290145741409279,71
6561,1973,3,12,439.18,0.9154929577464788,0.2850648482417435,71
6562,1973,3,12,1250.09,0.9154929577464788,0.2855996791014841,71
6565,1994,3,12,50.02,0.9154929577464788,0.0525471319695146,48
6567,1960,3,12,51.67,0.9154929577464788,0.0526808396844497,79
6570,1960,3,12,96.27,0.9154929577464788,0.0527476935419173,71
6572,1960,3,12,100.44,0.9154929577464788,0.0528145473993849,71
6575,1960,3,12,87.54,0.9154929577464788,0.05294825511432,71
6582,1955,6,12,91.25,0.2112676056338028,0.0790881133841422,79
6584,1955,3,12,117.46,0.2112676056338028,0.0791549672416098,71
6589,1960,3,12,59.4,0.2112676056338028,0.0988100013370771,71
6596,1960,3,12,33.42,0.4084507042253521,0.2892097874047332,79
6600,1989,6,12,64.26,0.4084507042253521,0.2882738334001871,48
6602,1975,3,12,79.92,0.4084507042253521,0.2877390025404465,79
6608,1960,3,12,108.3,0.5774647887323944,0.6266212060435887,71
6612,1960,3,12,18.61,0.1267605633802817,0.0,71
6617,2010,3,12,138.92,0.8732394366197183,0.0486696082363952,48
6621,1975,3,12,200.31,0.8732394366197183,0.0492044390961358,71
6623,1975,3,12,208.73,0.8732394366197183,0.0653830726032892,71
6629,1960,3,12,91.18,0.4084507042253521,0.0532156705441903,79
6635,1960,3,12,99.2,0.4084507042253521,0.0528145473993849,79
6640,1960,6,12,116.18,0.4084507042253521,0.0524134242545794,48
6645,2006,3,12,428.85,0.4084507042253521,0.1085706645273432,48
6655,1958,3,12,7.72,0.2253521126760563,0.0,71
6658,1960,9,12,99.0,0.2253521126760563,0.0,79
6660,1960,6,12,,0.2253521126760563,0.0,79
6666,1980,9,12,,0.5352112676056338,0.0479342158042519,79
6671,1952,6,12,232.98,0.8169014084507042,0.086843160850381,48
6672,1952,3,12,23.63,0.1971830985915492,0.0956010161786335,48
6677,1988,3,12,,0.9859154929577464,0.0326915363016446,79
6679,2009,3,12,49.79,0.971830985915493,0.0361679368899585,48
6682,1960,3,12,112.8,0.8873239436619719,0.0427864687792485,79
6683,1959,6,12,82.38,0.9154929577464788,0.0002674154298703,79
6686,1959,6,12,,0.9859154929577464,0.0314881668672282,79
6691,2020,3,12,,0.028169014084507,0.041449391629897,48
6702,1960,3,12,,0.676056338028169,0.2356598475732049,79
6706,2022,3,12,,0.028169014084507,0.0266746891295627,48
6710,2021,3,12,,0.028169014084507,0.1670009359540045,48
6714,2012,3,12,48.89,0.3380281690140845,0.0531488166867228,48
6717,2009,3,12,,0.4225352112676056,0.045393769220484,79
6718,1940,3,12,20.27,0.2957746478873239,0.0651825110308864,71
6719,1945,3,12,832.16,0.2957746478873239,0.0651156571734189,71
6723,1953,3,12,104.59,0.2957746478873239,0.0645139724562107,71
6724,1960,3,12,136.76,0.2957746478873239,0.0643134108838079,71
6726,1967,3,12,40.99,0.2957746478873239,0.0641797031688728,71
6729,1975,3,12,153.4,0.5492957746478874,0.1090386415296162,71
6733,1900,3,12,118.79,0.8169014084507042,0.0661853188929001,71
6738,2009,3,12,170.28,0.4225352112676056,0.2074475197218879,79
6744,1970,3,12,43.53,0.1971830985915492,0.0711993582029683,71
6757,2008,3,12,258.39,0.7887323943661971,0.0683914961893301,79
6763,1962,6,12,57.14,0.0140845070422535,0.0872442839951865,71
6768,1955,3,12,,0.028169014084507,0.084636983553951,71
6772,1954,3,12,89.94,0.2112676056338028,0.0614386950127022,79
6780,1960,3,12,95.54,0.2112676056338028,0.0627089183045861,71
6783,1967,3,12,169.09,0.5352112676056338,0.0922583233052547,79
6786,1963,3,12,185.81,0.5492957746478874,0.0794892365289477,79
6794,1944,3,12,91.64,0.8028169014084507,0.0791549672416098,71
6796,1963,6,12,60.57,0.2957746478873239,0.0,79
6801,1988,3,12,130.1,0.971830985915493,0.0723358737799171,79
6804,1955,3,12,,0.2112676056338028,0.1652627356598475,71
6806,1959,3,12,66.69,0.2112676056338028,0.1653295895173151,71
6809,1962,6,12,9.3,0.2112676056338028,0.1653964433747827,71
6811,1960,3,12,33.27,0.2112676056338028,0.1652627356598475,71
6813,1960,3,12,,0.2112676056338028,0.1653964433747827,71
6815,2023,3,12,21.02,0.2112676056338028,0.1655301510897179,48
6818,1961,3,12,16.94,0.2112676056338028,0.1655970049471854,71
6820,1958,3,12,,0.2112676056338028,0.165663858804653,71
6822,1958,3,12,11.39,0.2112676056338028,0.165663858804653,71
6830,1990,3,12,122.79,0.971830985915493,0.0707313812006952,48
6843,1960,3,12,80.91,0.8028169014084507,0.1639925123679636,71
6857,1955,3,12,83.16,0.2112676056338028,0.0781521593795961,71
6864,1972,3,12,295.41,0.2112676056338028,0.0776173285198555,48
6867,1967,3,12,85.15,0.4647887323943662,0.0794892365289477,48
6869,1970,3,12,121.11,0.4647887323943662,0.0786201363818692,71
6872,1968,6,12,92.4,0.7183098591549296,0.0791549672416098,48
6875,1956,3,12,53.2,0.7183098591549296,0.5881802379997325,48
6881,2007,3,12,67.31,0.7183098591549296,0.0776841823773231,79
6889,1956,3,12,50.91,0.7183098591549296,0.1220751437357935,79
6912,1956,3,12,53.3,0.7323943661971831,0.2068458350046797,48
6925,1985,3,12,45.57,0.8450704225352113,0.2188795293488434,48
6938,1961,3,12,104.21,0.1126760563380281,0.0916566385880465,48
6940,1956,3,12,92.75,0.1126760563380281,0.0921246155903195,71
6942,2017,6,12,72.17,0.1126760563380281,0.0923251771627222,79
6944,1961,3,12,,0.1126760563380281,0.0926594464500601,79
6951,1957,6,12,126.46,0.2112676056338028,0.0821633908276507,79
6959,1954,3,12,56.81,0.2112676056338028,0.0828319294023265,48
6961,1950,3,12,,0.5211267605633803,0.0647145340286134,79
6965,1955,6,12,79.94,0.5070422535211268,0.0648482417435486,48
6973,1966,6,12,61.09,0.8732394366197183,0.0534830859740607,79
6975,1945,3,12,58.44,0.8732394366197183,0.0534830859740607,48
6977,1951,3,12,169.45,0.8732394366197183,0.0534162321165931,71
6983,1967,3,12,86.81,0.8732394366197183,0.0532156705441903,79
6985,2003,3,12,138.35,0.5070422535211268,0.2626688059901056,71
6987,2004,3,12,268.54,0.2112676056338028,0.1942773098007754,71
6993,1960,3,12,127.92,0.9154929577464788,0.2858002406738869,71
6995,2006,3,12,122.77,0.9154929577464788,0.2873378793956411,48
6999,1970,3,12,81.8,0.9154929577464788,0.2899451798368765,79
7002,1950,3,12,29.73,0.9154929577464788,0.3948388822035031,79
7004,2021,3,12,48.83,0.9154929577464788,0.467843294558096,79
7014,2008,3,12,59.31,0.2253521126760563,0.0638454338815349,48
7016,1978,3,12,382.11,0.2253521126760563,0.0649150956010161,48
7028,1964,3,12,,0.3943661971830985,0.0510763471052279,48
7032,1958,3,12,65.31,0.3943661971830985,0.05074207781789,79
7040,1958,3,12,83.34,0.5070422535211268,0.1830458617462227,71
7055,2009,6,12,300.06,0.9154929577464788,0.2961625885813611,48
7065,1959,6,12,80.23,0.9859154929577464,0.05074207781789,79
7087,1956,3,12,86.42,0.5070422535211268,0.0668538574675758,71
7094,1960,3,12,75.58,0.0845070422535211,0.6021526942104558,71
7102,1960,3,12,111.33,0.0845070422535211,0.1739537371306324,79
7106,1960,3,12,88.44,0.0845070422535211,0.0798235058162855,71
7108,1960,3,12,96.16,0.0845070422535211,0.0798235058162855,48
7119,1955,3,12,,0.5915492957746479,0.052012301109774,79
7120,1960,6,12,71.32,0.5915492957746479,0.0519454472523064,79
7123,1960,9,12,44.1,0.5915492957746479,0.0516780318224361,79
7132,1960,9,12,48.64,0.8591549295774648,0.110643134108838,79
7138,1960,6,12,100.49,0.0845070422535211,0.051544324107501,79
7143,1960,3,12,68.71,0.0845070422535211,0.0516780318224361,48
7149,1960,3,12,25.01,0.0845070422535211,0.0518785933948388,71
7151,1940,3,12,,0.0845070422535211,0.0518785933948388,71
7154,1960,3,12,,0.0845070422535211,0.0519454472523064,71
7158,1960,3,12,42.52,0.0845070422535211,0.052012301109774,79
7161,1959,3,12,10.91,0.3943661971830985,0.3306591790346302,71
7168,1988,3,12,50.0,0.3943661971830985,0.314146276240139,48
7170,1951,3,12,,0.3943661971830985,0.3113384142265008,79
7174,1960,3,12,78.62,0.7183098591549296,0.0790881133841422,71
7178,1970,3,12,72.65,0.7183098591549296,0.0791549672416098,71
7179,1960,3,12,77.81,0.7183098591549296,0.0792886749565449,71
7182,1987,3,12,52.66,0.7183098591549296,0.0795560903864153,48
7188,1960,3,12,162.86,0.7183098591549296,0.0792886749565449,71
7190,1992,3,12,112.55,0.2253521126760563,0.0658510496055622,48
7199,2009,3,12,130.16,0.2253521126760563,0.066519588180238,48
7201,1990,3,12,79.62,0.2253521126760563,0.0661184650354325,48
7202,1990,3,12,79.69,0.2253521126760563,0.0659179034630298,48
7205,1966,3,12,138.8,0.2253521126760563,0.0001337077149351,71
7207,1966,3,12,,0.2253521126760563,0.0,71
7209,1973,3,12,57.59,0.2253521126760563,0.0,71
7215,1966,3,12,134.76,0.2253521126760563,0.0,71
7218,1967,3,12,113.13,0.2253521126760563,0.0,71
7221,1978,3,12,91.37,0.4788732394366197,0.0660516111779649,71
7225,1970,6,12,124.39,0.7323943661971831,0.065717341890627,48
7227,1980,6,12,139.07,0.7323943661971831,0.0659847573204973,79
7229,1970,3,12,112.7,0.7323943661971831,0.0663858804653028,71
7230,2008,3,12,113.75,0.7323943661971831,0.066519588180238,79
7232,1990,6,12,107.5,0.7183098591549296,0.0659179034630298,48
7235,1973,3,12,130.4,0.7323943661971831,0.0661853188929001,71
7237,1973,3,12,98.51,0.7323943661971831,0.0663858804653028,48
7241,1973,3,12,73.59,0.2253521126760563,0.0,71
7242,1960,3,12,41.98,0.380281690140845,0.1670677898114721,79
7245,1960,3,12,,0.380281690140845,0.0815617061104425,79
7248,1960,3,12,,0.5915492957746479,0.0771493515175825,79
7250,1960,3,12,165.89,0.5633802816901409,0.0239336809733921,79
7256,1960,6,12,,0.9859154929577464,0.0299505281454739,48
7260,1980,3,12,,0.6197183098591549,0.054686455408477,79
7264,1960,3,12,,0.971830985915493,0.1473459018585372,48
7267,1970,3,12,,0.2394366197183098,0.1023532557828586,79
7268,1960,3,12,45.0,0.1267605633802817,0.0590319561438694,79
7273,2007,3,12,,0.8873239436619719,0.0540179168338013,48
7278,1978,3,12,44.78,0.323943661971831,0.0348977135980746,79
7282,1960,3,12,,0.943661971830986,0.1248830057494317,79
7286,1990,3,12,,0.8169014084507042,0.0705976734857601,79
7288,1959,3,12,70.34,0.352112676056338,0.1862548469046663,48
7291,1980,3,12,90.29,0.0,0.0,48
7293,1960,3,12,,0.6901408450704225,0.0374381601818424,79
7297,2024,3,12,,0.0140845070422535,0.0543521861211391,48
7301,2011,3,12,,0.4507042253521127,0.0519454472523064,79
7304,2007,3,12,48.0,0.5070422535211268,0.0532825244016579,48
7307,1950,3,12,,0.2112676056338028,0.0947987698890225,79
7310,1982,6,12,,0.028169014084507,0.0532825244016579,79
7313,1957,3,12,143.41,0.1971830985915492,0.3061238133440299,71
7314,1932,3,12,119.08,0.1971830985915492,0.3376119802112581,71
7321,1935,3,12,106.68,0.1971830985915492,0.067455542184784,71
7323,1971,3,12,72.5,1.0,0.2190132370637785,48
7326,1999,3,12,78.65,0.5352112676056338,0.1335740072202166,48
7331,1958,3,12,15.55,0.5633802816901409,0.125618398181575,71
7337,1998,3,12,135.6,0.8028169014084507,0.0647145340286134,48
7348,1979,3,12,123.59,0.4647887323943662,0.0685920577617328,71
7355,1999,3,12,75.63,0.4647887323943662,0.0677898114721219,79
7360,1928,3,12,98.73,0.4647887323943662,0.5289477202834604,48
7367,2016,3,12,85.35,0.971830985915493,0.0640459954539376,48
7369,1969,3,12,85.36,0.971830985915493,0.0641797031688728,48
7371,1930,6,12,107.87,0.9577464788732394,0.0644471185987431,79
7373,2009,3,12,91.96,0.971830985915493,0.0644471185987431,48
7375,1955,3,12,97.72,0.971830985915493,0.0645139724562107,71
7382,1960,3,12,75.38,0.971830985915493,0.0650488033159513,71
7386,1960,3,12,74.88,0.2112676056338028,0.1916031555020724,71
7388,1960,3,12,80.12,0.2112676056338028,0.1803048535900521,71
7389,1940,3,12,102.54,0.2112676056338028,0.1970851718144136,71
7390,1940,3,12,131.0,0.2112676056338028,0.1972857333868164,71
7392,1945,3,12,107.76,0.2112676056338028,0.2047065115657173,79
7399,1935,6,12,91.42,0.2112676056338028,0.2289744618264473,79
7409,1982,6,12,102.46,0.4647887323943662,0.0695280117662789,79
7422,2007,6,12,322.84,0.2112676056338028,0.1804385613049872,48
7426,1981,3,12,304.81,0.8309859154929577,0.2459553416232116,48
7430,1960,3,12,32.36,0.2112676056338028,0.0796229442438828,71
7433,1957,6,12,80.96,0.2112676056338028,0.0795560903864153,48
7436,1957,3,12,49.83,0.2112676056338028,0.0794892365289477,79
7439,1957,3,12,15.45,0.2112676056338028,0.0794223826714801,71
7440,1960,3,12,136.16,0.2112676056338028,0.0793555288140125,71
7442,1963,3,12,139.06,0.2112676056338028,0.0792886749565449,71
7444,1961,3,12,84.68,0.2112676056338028,0.0792886749565449,71
7447,1957,3,12,102.71,0.2112676056338028,0.0790881133841422,48
7453,1957,3,12,44.08,0.971830985915493,0.0909881000133707,79
7456,2024,9,12,,0.4647887323943662,0.0694611579088113,48
7460,1989,3,12,765.12,0.0704225352112676,0.2735659847573204,71
7472,1943,3,12,57.23,0.4647887323943662,0.0654499264607567,79
7476,1960,3,12,151.88,0.4647887323943662,0.0645139724562107,71
7489,1957,3,12,,0.0704225352112676,0.1693408209653696,71
7491,1957,3,12,,0.2112676056338028,0.0813611445380398,79
7493,1954,6,12,7.82,0.2112676056338028,0.0812942906805722,79
7495,1959,3,12,,0.2112676056338028,0.0811605829656371,71
7497,1963,3,12,93.72,0.2112676056338028,0.0809600213932343,71
7502,2003,3,12,128.74,0.2112676056338028,0.080692605963364,71
7505,1961,3,12,107.75,0.4647887323943662,0.0647145340286134,71
7508,1989,3,12,189.13,0.4647887323943662,0.0662521727503677,48
7513,1958,3,12,62.46,0.7183098591549296,0.1655970049471854,48
7519,1958,3,12,87.78,0.7183098591549296,0.1652627356598475,71
7530,1989,3,12,68.63,0.4647887323943662,0.067455542184784,48
7533,2003,3,12,428.08,0.8450704225352113,0.6950127022329188,71
7535,1957,3,12,136.82,0.971830985915493,0.0924588848776574,71
7539,2006,3,12,69.37,0.2112676056338028,0.0793555288140125,48
7543,1975,3,12,157.37,0.2112676056338028,0.0798235058162855,71
7558,2006,6,12,414.64,0.3380281690140845,0.1765610375718679,48
7560,1965,3,12,400.39,0.7183098591549296,0.0814948522529749,71
7562,1987,3,12,319.82,0.4647887323943662,0.0946650621740874,71
7564,1950,3,12,59.52,0.7183098591549296,0.081962829255248,71
7574,1974,3,12,470.2,0.7183098591549296,0.099612247626688,71
7576,1996,3,12,,0.2112676056338028,0.0814948522529749,48
7577,1973,3,12,473.21,0.2112676056338028,0.0815617061104425,71
7579,1971,3,12,,0.2112676056338028,0.0816954138253777,71
7581,1979,3,12,469.97,0.2112676056338028,0.0818291215403128,71
7586,1968,3,12,186.47,0.7183098591549296,0.2207514373579355,71
7587,1973,3,12,102.04,0.7183098591549296,0.0990105629094798,71
7588,1972,3,12,210.55,0.7183098591549296,0.0992111244818826,71
7589,1972,3,12,458.96,0.7183098591549296,0.0993448321968177,71
7592,1978,3,12,,0.7183098591549296,0.0998796630565583,71
7596,1972,6,12,,0.7183098591549296,0.0994785399117529,79
7600,1976,6,12,92.62,0.0,0.0663858804653028,79
7605,2004,3,12,202.46,0.0,0.3557293755849712,71
7609,1959,3,12,115.36,0.2112676056338028,0.0675892498997192,71
7611,1971,6,12,95.51,0.2112676056338028,0.0675892498997192,48
7613,1956,3,12,70.87,0.2112676056338028,0.0675892498997192,71
7615,1964,3,12,143.57,0.2112676056338028,0.0675892498997192,71
7618,1970,3,12,27.86,0.4647887323943662,0.0786201363818692,71
7620,1971,3,12,141.4,0.4647887323943662,0.078486428666934,71
7622,1959,3,12,98.54,0.7183098591549296,0.077550474662388,71
7623,1973,3,12,116.07,0.7183098591549296,0.0776173285198555,71
7625,1980,3,12,196.45,0.7183098591549296,0.0777510362347907,79
7627,1964,3,12,118.33,0.7183098591549296,0.0778178900922583,71
7629,1971,3,12,91.24,0.7183098591549296,0.0778847439497259,71
7630,1975,3,12,168.97,0.7183098591549296,0.0778847439497259,71
7632,1974,3,12,202.29,0.7183098591549296,0.0779515978071934,71
7634,1974,3,12,196.32,0.7183098591549296,0.0780853055221286,71
7640,1953,3,12,170.57,0.7183098591549296,0.0785532825244016,71
7648,2007,3,12,54.23,0.0,0.0668538574675758,48
7650,2017,3,12,,0.0,0.0666532958951731,48
7652,1934,3,12,67.21,0.0,0.066519588180238,79
7655,2022,3,12,56.25,0.0,0.0661853188929001,48
7663,1931,3,12,98.94,0.5070422535211268,0.0627089183045861,71
7666,1933,6,12,18.54,0.5070422535211268,0.0620403797299104,79
7677,2003,3,12,107.01,0.1126760563380281,0.0915229308731113,71
7681,1962,3,12,85.86,0.1126760563380281,0.0917234924455141,71
7686,1964,3,12,109.61,0.1126760563380281,0.0920577617328519,48
7689,1986,3,12,48.62,0.1126760563380281,0.1997593261131167,71
7691,1934,3,12,15.95,0.5070422535211268,0.0655167803182243,79
7697,1967,3,12,82.0,0.7183098591549296,0.0826313678299237,48
7702,2000,12,12,209.6,0.5070422535211268,0.0839015911218077,48
7712,1960,3,12,76.28,0.0,0.0671212728974461,71
7723,1968,3,12,81.55,0.2253521126760563,0.0650488033159513,71
7727,1964,6,12,85.92,0.6197183098591549,0.0917234924455141,48
7745,1960,3,12,100.09,0.0,0.0679235191870571,71
7753,1930,3,12,88.97,0.2253521126760563,0.2277042385345634,71
7755,1940,3,12,78.06,0.5070422535211268,0.0660516111779649,71
7757,2016,3,12,52.93,0.5070422535211268,0.0662521727503677,48
7761,1968,3,12,128.3,0.5070422535211268,0.0673218344698489,71
7766,2016,3,12,53.94,0.5070422535211268,0.0661184650354325,48
7768,2022,3,12,231.89,0.0,0.0676561037571867,48
7772,1965,3,12,74.4,0.1408450704225352,0.0678566653295895,71
7775,1957,3,12,96.87,0.1408450704225352,0.0676561037571867,71
7777,1957,3,12,109.23,0.1408450704225352,0.0675892498997192,79
7779,1957,3,12,51.32,0.1408450704225352,0.0675223960422516,71
7784,1950,3,12,,0.323943661971831,0.2083166198689664,71
7787,1967,6,12,39.45,0.5070422535211268,0.0678566653295895,48
7793,1996,3,12,47.8,0.7323943661971831,0.0659179034630298,48
7799,2004,3,12,347.36,0.1408450704225352,0.0682577884743949,71
7801,1960,3,12,34.34,0.7323943661971831,0.3444310736729509,79
7803,1960,3,12,29.04,0.0985915492957746,0.0522797165396443,71
7808,2000,3,12,101.15,0.5915492957746479,0.0798903596737531,48
7811,1960,3,12,55.22,0.5915492957746479,0.0800240673886883,48
7814,1960,3,12,78.14,0.5915492957746479,0.0801577751036234,79
7816,1939,3,12,,0.5915492957746479,0.080224628961091,79
7820,1960,3,12,93.26,0.5915492957746479,0.0982083166198689,48
7823,1960,3,12,92.81,0.0985915492957746,0.0701965503409546,71
7827,1960,3,12,36.3,0.0985915492957746,0.155568926327049,48
7830,1960,3,12,,0.0985915492957746,0.0799572135312207,48
7833,1950,3,12,109.13,0.0845070422535211,0.0799572135312207,48
7837,1965,3,12,87.78,0.0845070422535211,0.0795560903864153,71
7840,1960,3,12,157.65,0.0845070422535211,0.0792886749565449,71
7842,1960,3,12,83.66,0.0845070422535211,0.0791549672416098,48
7847,1960,6,12,76.25,0.3380281690140845,0.3236395240005348,79
7850,1995,6,12,60.0,0.4366197183098591,0.3031822436154566,48
7855,1960,3,12,89.8,0.6056338028169014,0.0534830859740607,48
7859,2018,3,12,45.13,0.6056338028169014,0.0531488166867228,48
7861,1950,3,12,95.14,0.5915492957746479,0.0531488166867228,71
7865,2005,3,12,57.66,0.5915492957746479,0.0530151089717876,48
7873,1960,3,12,145.02,0.6056338028169014,0.0522128626821767,71
7876,1960,3,12,79.25,0.352112676056338,0.0157106565048803,71
7878,1960,3,12,115.3,0.7323943661971831,0.0867094531354459,79
7885,1960,3,12,49.65,0.352112676056338,0.0155100949324776,71
7889,1955,3,12,47.51,0.0985915492957746,0.0558898248428934,71
7892,1999,6,12,44.25,0.0845070422535211,0.0556224094130231,48
7894,2005,3,12,53.6,0.0985915492957746,0.0556224094130231,48
7896,1955,3,12,54.44,0.0845070422535211,0.0556224094130231,48
7898,1960,3,12,41.0,0.0845070422535211,0.0555555555555555,48
7900,2005,3,12,47.59,0.0845070422535211,0.0555555555555555,48
7902,1955,3,12,46.39,0.0845070422535211,0.0555555555555555,71
7910,1955,3,12,46.27,0.6056338028169014,0.075812274368231,48
7913,1975,3,12,55.44,0.5915492957746479,0.075812274368231,71
7915,1955,3,12,54.5,0.5915492957746479,0.0759459820831661,79
7917,1955,3,12,53.51,0.5915492957746479,0.0760128359406337,79
7921,1955,3,12,48.14,0.5915492957746479,0.0761465436555689,48
7923,1955,3,12,50.49,0.8450704225352113,0.1024869634977938,71
7926,1974,3,12,17.63,0.8591549295774648,0.0,71
7928,1944,3,12,,0.5915492957746479,0.6048937023666265,71
7929,1944,3,12,35.95,0.0704225352112676,0.0,71
7930,1980,3,12,753.69,0.4366197183098591,0.049806123813344,71
7931,1960,3,12,40.72,0.4366197183098591,0.0,71
7933,1960,3,12,,0.4507042253521127,0.1757587912822569,48
7937,1969,6,12,,0.4647887323943662,0.0244685118331327,48
7939,2005,3,12,152.91,0.2676056338028169,0.1111779649685786,48
7943,1972,3,12,,0.4366197183098591,0.0321567054419039,48
7946,1983,3,12,,0.4366197183098591,0.0327583901591121,48
7950,1989,3,12,,0.4366197183098591,0.0302179435753442,48
7953,1980,3,12,,0.6901408450704225,0.3722422783794624,48
7957,1970,6,12,16.49,0.1971830985915492,0.2549137585238668,48
7959,1977,3,12,98.75,0.0140845070422535,0.0484021928065249,48
7962,1977,3,12,,0.4647887323943662,0.0554887016980879,79
7966,1968,9,12,13.91,0.4647887323943662,0.1354459152293087,48
7969,2004,3,12,,0.7746478873239436,0.0403128760529482,48
7972,2003,3,12,,0.7746478873239436,0.0403128760529482,48
7978,1985,3,12,,0.2535211267605634,0.0409145607701564,48
7983,1981,3,12,,0.5915492957746479,0.0,48
7988,1983,3,12,50.48,0.7746478873239436,0.3023799973258456,71
7992,1960,3,12,,0.9014084507042254,0.0473993849445112,79
7998,1968,3,12,,0.676056338028169,0.0738735125016713,79
8003,2012,3,12,,0.5633802816901409,0.0517448856799037,48
8006,1991,6,12,,0.4366197183098591,0.0821633908276507,79
8007,1979,3,12,10.22,0.971830985915493,0.0492712929536034,79
8010,1979,6,12,,0.9577464788732394,0.0792886749565449,48
8011,1979,3,12,25.48,0.5492957746478874,0.0461291616526273,79
8016,1960,3,12,,0.2112676056338028,0.2935552881401256,48
8018,1970,9,12,117.71,0.8309859154929577,0.226032892097874,79
8020,1997,3,12,146.22,0.2676056338028169,0.0799572135312207,79
8022,1980,3,12,325.37,0.2816901408450704,0.1055622409413023,71
8026,1981,6,12,21.33,0.380281690140845,0.1546998261799705,79
8035,2020,3,12,116.13,0.0704225352112676,0.5620403797299103,79
8036,1961,3,12,30.77,0.7887323943661971,0.1054953870838347,71
8039,1973,3,12,74.25,0.971830985915493,0.5289477202834604,79
8048,1976,6,12,125.12,0.4507042253521127,0.2386014173017782,48
8051,1970,3,12,,0.4366197183098591,0.2708918304586175,79
8055,1968,3,12,43.18,0.7183098591549296,0.2910816954138253,79
8060,1920,3,12,31.9,0.971830985915493,0.0677229576146543,48
8064,1974,3,12,110.85,0.971830985915493,0.0679235191870571,71
8067,1960,3,12,92.33,0.971830985915493,0.0681240807594598,71
8072,1979,3,12,106.64,0.971830985915493,0.0685252039042652,71
8074,1950,3,12,10.22,0.971830985915493,0.0685920577617328,71
8076,1950,3,12,,0.971830985915493,0.0686589116192004,71
8078,1949,3,12,96.08,0.971830985915493,0.0688594731916031,71
8081,1945,3,12,,0.2112676056338028,0.167870036101083,79
8084,1947,3,12,,0.1971830985915492,0.1676026206712127,71
8085,1920,3,12,205.76,0.1971830985915492,0.1674020590988099,71
8088,1945,3,12,112.91,0.4647887323943662,0.0,48
8090,1940,3,12,86.54,0.4647887323943662,0.0,71
8092,1932,3,12,93.86,0.4647887323943662,0.4217141329054686,48
8094,1932,3,12,112.63,0.4647887323943662,0.3955742746356464,48
8095,1950,3,12,104.55,0.6197183098591549,0.2450862414761331,71
8096,1950,3,12,133.48,0.6197183098591549,0.3009760663190266,71
8101,2022,3,12,,0.971830985915493,0.0647145340286134,48
8103,1925,3,12,111.22,0.971830985915493,0.0646476801711458,71
8108,1965,6,12,157.2,0.2112676056338028,0.0785532825244016,79
8110,1928,3,12,91.56,0.2112676056338028,0.0786869902393368,71
8113,1993,3,12,113.73,0.2112676056338028,0.0789544056692071,48
8120,1925,3,12,58.79,0.4647887323943662,0.0664527343227704,71
8127,1930,3,12,106.89,0.4647887323943662,0.0668538574675758,48
8131,2017,3,12,56.64,0.4647887323943662,0.0669207113250434,48
8134,1920,3,12,54.43,0.4647887323943662,0.0671212728974461,48
8139,1920,3,12,,0.7183098591549296,0.1663992512367963,79
8143,1999,3,12,293.65,0.2112676056338028,0.0793555288140125,48
8145,1940,3,12,105.31,0.704225352112676,0.1660649819494584,48
8155,1960,3,12,105.82,0.2112676056338028,0.0826982216873913,71
8157,1929,3,12,64.61,0.2112676056338028,0.082430806257521,48
8159,1970,6,12,114.78,0.2112676056338028,0.0823639524000534,79
8162,1973,6,12,111.42,0.2112676056338028,0.0820965369701831,79
8165,1930,3,12,62.01,0.2112676056338028,0.0820296831127155,79
8169,2005,3,12,59.09,0.2112676056338028,0.0817622676828453,48
8171,1930,3,12,148.66,0.2112676056338028,0.0815617061104425,71
8173,1960,3,12,49.74,0.2112676056338028,0.0814279983955074,79
8175,1970,3,12,94.67,0.2112676056338028,0.0813611445380398,71
8179,1924,3,12,174.85,0.2112676056338028,0.0810937291081695,71
8182,1914,3,12,81.54,0.4647887323943662,0.0646476801711458,48
8185,1935,3,12,100.28,0.4647887323943662,0.0649150956010161,79
8189,1961,6,12,144.09,0.4647887323943662,0.065249364888354,79
8201,1952,3,12,24.03,0.971830985915493,0.0794223826714801,48
8204,1965,6,12,187.81,0.2112676056338028,0.0805588982484289,48
8209,1962,6,12,145.5,0.4647887323943662,0.0637117261665998,48
8213,1958,9,12,5.32,0.4647887323943662,0.0641797031688728,79
8223,1960,3,12,93.86,0.971830985915493,0.066987565182511,71
8225,1961,3,12,101.39,0.971830985915493,0.0672549806123813,71
8228,1961,3,12,183.73,0.971830985915493,0.0678566653295895,71
8238,1978,3,12,129.57,0.2112676056338028,0.0679903730445246,48
8241,1972,3,12,45.29,0.4647887323943662,0.0663858804653028,71
8244,1961,3,12,98.23,0.4647887323943662,0.0661853188929001,71
8248,1961,3,12,121.76,0.4647887323943662,0.0655167803182243,71
8252,2023,3,12,88.86,0.7183098591549296,0.0793555288140125,48
8254,1961,3,12,27.72,0.7183098591549296,0.0794223826714801,71
8257,1969,3,12,111.5,0.7183098591549296,0.0794892365289477,79
8259,2010,3,12,110.41,0.7183098591549296,0.0795560903864153,48
8265,1968,3,12,141.63,0.4647887323943662,0.0691268886214734,48
8272,1970,3,12,96.96,0.4647887323943662,0.0677898114721219,71
8275,1953,3,12,76.12,0.4647887323943662,0.0671212728974461,71
8277,2019,3,12,86.38,0.4647887323943662,0.0666532958951731,48
8280,2024,9,12,1793.01,0.8450704225352113,0.1712127289744618,48
8282,1975,3,12,94.6,0.971830985915493,0.0917903463029816,71
8285,1950,3,12,148.03,0.971830985915493,0.0923920310201898,48
8288,1962,3,12,107.95,0.971830985915493,0.0928600080224628,71
8292,2019,3,12,57.39,0.4647887323943662,0.0612381334402995,48
8296,1945,3,12,118.59,0.2112676056338028,0.0663190266078352,48
8298,1945,6,12,107.46,0.4647887323943662,0.061304987297767,48
8301,1936,3,12,159.67,0.7183098591549296,0.0649150956010161,48
8304,1975,3,12,252.92,0.8450704225352113,0.1895306859205776,48
8308,1979,3,12,133.87,0.971830985915493,0.0909881000133707,71
8313,1971,6,12,115.09,0.971830985915493,0.0899852921513571,48
8315,1964,3,12,120.94,0.0845070422535211,0.1879261933413557,71
8322,1955,6,12,100.11,0.2112676056338028,0.0641128493114052,48
8330,1975,3,12,148.08,0.4647887323943662,0.0651156571734189,48
8334,1976,3,12,130.15,0.7183098591549296,0.0799572135312207,71
8336,1976,3,12,127.4,0.7183098591549296,0.0798235058162855,71
8338,1977,3,12,120.69,0.2112676056338028,0.0121674020590988,71
8342,1955,3,12,88.75,0.7183098591549296,0.0791549672416098,48
8347,1983,6,12,66.57,0.7183098591549296,0.0785532825244016,48
8356,1963,3,12,124.55,0.2112676056338028,0.0673886883273164,71
8361,1958,3,12,94.31,0.2112676056338028,0.0669207113250434,48
8366,1962,3,12,159.14,0.2112676056338028,0.0667870036101083,71
8377,2014,3,12,120.23,0.7183098591549296,0.0645808263136783,48
8380,1969,3,12,106.09,0.7183098591549296,0.0648482417435486,71
8384,1970,3,12,262.79,0.7183098591549296,0.0651825110308864,71
8386,1986,3,12,77.96,0.7183098591549296,0.0653162187458216,48
8391,1988,6,12,126.57,0.7183098591549296,0.0659179034630298,48
8403,1930,3,12,,0.1126760563380281,0.092993715737398,48
8414,1989,3,12,309.05,0.4647887323943662,0.0798235058162855,48
8422,1960,3,12,107.92,0.0,0.0660516111779649,71
8424,1950,3,12,105.79,0.0,0.0659179034630298,71
8426,1960,3,12,117.12,0.0,0.0657841957480946,71
8431,1956,3,12,,0.0,0.0655167803182243,71
8433,1976,3,12,109.48,0.7183098591549296,0.0659847573204973,71
8436,1961,3,12,68.72,0.7323943661971831,0.0659179034630298,71
8449,2018,3,12,61.0,0.0,0.0620403797299104,48
8452,1970,3,12,112.79,0.0140845070422535,0.063043187591924,79
8454,1880,3,12,100.28,0.0,0.063043187591924,48
8456,1970,3,12,82.39,0.0,0.0316887284396309,48
8458,1977,3,12,125.91,0.0,0.0636448723091322,71
8463,1962,3,12,93.96,0.2253521126760563,0.0633106030217943,71
8464,1962,3,12,307.56,0.2253521126760563,0.0637117261665998,71
8472,2024,3,12,76.6,0.5070422535211268,0.0734723893568658,48
8475,2003,3,12,191.19,0.5070422535211268,0.1830458617462227,79
8477,1934,3,12,79.65,0.5070422535211268,0.1689396978205642,48
8498,1972,3,12,,0.2535211267605634,0.0666532958951731,48
8501,1953,3,12,92.7,0.2535211267605634,0.0665864420377055,48
8503,1927,3,12,252.54,0.704225352112676,0.2488300574943173,48
8509,1966,3,12,57.32,0.7323943661971831,0.0639791415964701,79
8512,1960,3,12,129.0,0.8732394366197183,0.3301243481748896,71
8513,1950,3,12,88.02,0.8732394366197183,0.1497526407273699,71
8515,1962,3,12,,0.2676056338028169,0.0,79
8516,1956,3,12,61.44,0.8732394366197183,0.066987565182511,71
8523,2017,3,12,,0.2535211267605634,0.066519588180238,48
8532,1934,3,12,41.89,0.1408450704225352,0.0645139724562107,48
8540,1934,3,12,102.04,0.1408450704225352,0.0642465570263404,48
8542,1962,6,12,117.3,0.1408450704225352,0.0643802647412755,48
8551,1934,3,12,217.55,0.2535211267605634,0.0662521727503677,79
8553,1935,3,12,,0.2535211267605634,0.0663190266078352,79
8558,1961,3,12,96.89,0.4647887323943662,0.1524936488835405,71
8560,1949,6,12,99.79,0.647887323943662,0.3322636716138521,79
8563,1934,3,12,,0.647887323943662,0.0659179034630298,79
8566,1969,3,12,138.54,0.6338028169014085,0.0656504880331595,48
8568,1962,3,12,93.77,0.6338028169014085,0.0653162187458216,71
8570,1958,3,12,133.35,0.6338028169014085,0.0649150956010161,71
8572,1974,3,12,118.06,0.6338028169014085,0.0646476801711458,48
8575,1961,3,12,56.0,0.6338028169014085,0.0646476801711458,48
8578,1997,9,12,165.11,0.6338028169014085,0.0649819494584837,79
8581,1954,3,12,46.42,0.6338028169014085,0.0646476801711458,79
8584,1953,6,12,11.87,0.6338028169014085,0.0642465570263404,79
8587,2003,3,12,538.71,0.647887323943662,0.0671881267549137,71
8592,2011,3,12,99.8,0.1267605633802817,0.075344297365958,79
8594,1949,3,12,131.3,0.1267605633802817,0.0642465570263404,48
8597,1978,3,12,75.17,0.1267605633802817,0.0647145340286134,71
8600,1971,3,12,59.09,0.1267605633802817,0.0650488033159513,48
8603,1963,3,12,119.53,0.1267605633802817,0.0651825110308864,71
8610,1969,3,12,190.3,0.380281690140845,0.0663190266078352,71
8615,2018,3,12,76.35,0.380281690140845,0.066987565182511,48
8624,2003,3,12,57.15,0.647887323943662,0.0677229576146543,48
8627,2006,3,12,53.5,0.647887323943662,0.0678566653295895,71
8632,2005,3,12,143.0,0.704225352112676,0.0853723759860943,48
8636,2023,3,12,,0.0985915492957746,0.0574943174221152,48
8641,1950,6,12,78.29,0.0845070422535211,0.0572937558497125,79
8649,1960,3,12,108.03,0.0845070422535211,0.0534162321165931,48
8654,1970,3,12,73.5,0.0985915492957746,0.0544858938360743,71
8668,1960,3,12,112.02,0.5915492957746479,0.0800240673886883,48
8676,1955,3,12,50.21,0.0985915492957746,0.0546196015510094,48
8682,1955,3,12,49.64,0.1830985915492957,0.5865757454205107,48
8684,1955,3,12,48.18,0.2535211267605634,0.1651290279449124,71
8686,1955,3,12,64.23,0.2394366197183098,0.1783660917234924,79
8693,1955,3,12,57.15,0.5915492957746479,0.0758791282256986,71
8695,1955,3,12,55.73,0.5915492957746479,0.075812274368231,71
8697,1955,3,12,49.02,0.5915492957746479,0.0758791282256986,48
8700,1955,3,12,45.36,0.5915492957746479,0.0758791282256986,48
8702,1955,3,12,43.58,0.8309859154929577,0.8569327450193875,48
8710,1960,3,12,183.27,0.0845070422535211,0.0759459820831661,79
8713,1960,3,12,55.12,0.0845070422535211,0.075812274368231,79
8717,1960,3,12,,0.0845070422535211,0.0756785666532958,71
8719,1960,3,12,,0.0845070422535211,0.0756117127958283,71
8734,1960,6,12,136.48,0.4084507042253521,0.2670811605829656,48
8735,1970,3,12,181.84,0.6056338028169014,0.0552212862682176,71
8737,1987,3,12,108.39,0.6056338028169014,0.0536167936889958,48
8743,1980,3,12,107.11,0.6056338028169014,0.0548201631234122,71
8746,1988,3,12,107.98,0.6056338028169014,0.0558898248428934,79
8749,1980,6,12,102.41,0.6056338028169014,0.0577617328519855,48
8752,1950,3,12,,0.6056338028169014,0.056892632704907,79
8764,1940,3,12,52.32,0.4507042253521127,0.0785532825244016,79
8767,1940,6,12,19.54,0.7183098591549296,0.0809600213932343,48
8769,1970,3,12,69.85,0.7183098591549296,0.0810937291081695,48
8771,1999,12,12,448.82,0.5915492957746479,0.0800909212461559,71
8778,1992,6,12,,0.8591549295774648,0.3682979007888755,71
8781,2006,3,12,256.44,0.0985915492957746,0.0774167669474528,48
8788,1960,3,12,25.55,0.0985915492957746,0.0800240673886883,71
8792,1960,3,12,60.46,0.0985915492957746,0.0800909212461559,71
8797,1960,3,12,,0.0985915492957746,0.1010830324909747,79
8799,1960,6,12,72.13,0.0985915492957746,0.0826313678299237,48
8806,1960,3,12,66.79,0.6056338028169014,0.0551544324107501,71
8808,1960,3,12,,0.6056338028169014,0.0550875785532825,79
8810,1960,3,12,47.31,0.5915492957746479,0.0550207246958149,71
8813,1960,6,12,102.96,0.5915492957746479,0.0547533092659446,79
8816,1960,3,12,,0.6056338028169014,0.0544858938360743,79
8821,1970,3,12,82.78,0.6056338028169014,0.0555555555555555,71
8833,2009,3,12,100.64,0.0985915492957746,0.0799572135312207,48
8841,1976,3,12,83.65,0.380281690140845,0.0316887284396309,71
8850,1972,3,12,93.64,0.380281690140845,0.0329589517315149,71
8855,2008,3,12,94.78,0.6338028169014085,0.0929268618799304,48
8858,1973,3,12,126.79,0.6338028169014085,0.7734322770423853,48
8860,1973,3,12,49.18,0.6338028169014085,0.9031287605294824,79
8865,1967,3,12,87.37,0.8873239436619719,0.0790212595266746,71
8867,2023,3,12,71.92,0.8873239436619719,0.0790881133841422,48
8870,1977,6,12,,0.8169014084507042,0.0,79
8873,1982,3,12,,0.8873239436619719,0.0413156839149618,79
8882,1998,3,12,99.0,0.2816901408450704,0.0391095066185318,79
8886,1970,3,12,,0.7323943661971831,0.127824575478005,79
8890,1960,6,12,43.63,0.4225352112676056,0.3067254980612381,79
8892,1982,3,12,72.62,0.3098591549295774,0.1891295627757721,79
8894,1970,3,12,50.82,0.1408450704225352,0.0,79
8898,2008,6,12,50.3,0.8450704225352113,0.0543521861211391,48
8902,2019,3,12,,0.1830985915492957,0.106230779515978,79
8906,2020,3,12,,0.676056338028169,0.1454739938494451,48
8908,2022,3,12,,0.8309859154929577,0.0556892632704907,48
8912,2010,3,12,,0.943661971830986,0.0518785933948388,48
8915,1967,3,12,,0.4647887323943662,0.1778312608637518,79
8920,1950,3,12,91.45,0.6197183098591549,0.3364086107768418,71
8925,1970,3,12,106.54,0.028169014084507,0.064781387886081,71
8927,1962,3,12,110.93,0.028169014084507,0.0649150956010161,71
8929,1960,3,12,93.77,0.028169014084507,0.0650488033159513,71
8931,1969,3,12,78.99,0.028169014084507,0.0651156571734189,71
8934,1983,3,12,124.97,0.028169014084507,0.0653830726032892,71
8937,1958,3,12,90.22,0.028169014084507,0.0654499264607567,48
8938,1955,3,12,110.3,0.028169014084507,0.0655836341756919,71
8940,1960,3,12,248.34,0.028169014084507,0.0660516111779649,71
8942,1962,3,12,110.93,0.028169014084507,0.0661853188929001,71
8945,1960,6,12,134.89,0.028169014084507,0.0663858804653028,48
8947,1974,3,12,133.78,0.2816901408450704,0.0786869902393368,71
8949,1961,12,12,102.41,0.2676056338028169,0.0790881133841422,48
8951,1950,6,12,92.07,0.2816901408450704,0.0791549672416098,48
8954,1978,3,12,116.68,0.2816901408450704,0.0792218210990774,79
8956,1967,3,12,126.08,0.2816901408450704,0.0794223826714801,48
8958,1965,3,12,114.02,0.2816901408450704,0.0795560903864153,71
8961,1970,3,12,117.26,0.5774647887323944,0.4814146276240139,71
8963,1973,3,12,108.11,0.5774647887323944,0.4539376922048402,71
8966,1960,3,12,118.85,0.5774647887323944,0.4106832464233186,71
8970,1958,3,12,101.21,0.5774647887323944,0.3429602888086642,79
8976,1986,3,12,40.1,0.5774647887323944,0.3250434550073539,79
8978,2005,3,12,73.38,0.5774647887323944,0.1865222623345366,79
8985,1994,3,12,141.16,0.6338028169014085,0.1611846503543254,48
8987,1983,3,12,104.46,0.5774647887323944,0.422115256050274,79
8988,1973,3,12,130.98,0.5774647887323944,0.3611445380398448,71
8990,1967,3,12,83.41,0.7746478873239436,0.080224628961091,79
8992,1962,6,12,91.18,0.028169014084507,0.0792218210990774,79
8997,1951,3,12,37.73,0.028169014084507,0.0796897981013504,71
9002,1967,6,12,123.05,0.028169014084507,0.0802914828185586,48
9005,1962,3,12,265.86,0.028169014084507,0.0808263136782992,71
9007,1954,3,12,125.66,0.028169014084507,0.0820965369701831,71
9010,1965,3,12,23.87,0.5352112676056338,0.0659847573204973,79
9013,1967,3,12,77.88,0.5352112676056338,0.0657841957480946,71
9017,1970,3,12,101.09,0.5352112676056338,0.0655167803182243,71
9019,1974,3,12,153.67,0.5352112676056338,0.0654499264607567,71
9021,1979,3,12,121.52,0.5352112676056338,0.0653830726032892,71
9024,1978,3,12,97.6,0.5352112676056338,0.0651156571734189,48
9030,1970,3,12,118.11,0.5211267605633803,0.064781387886081,71
9032,1973,3,12,112.03,0.5211267605633803,0.0646476801711458,48
9035,1970,3,12,82.37,0.5352112676056338,0.0644471185987431,48
9039,1969,3,12,123.27,0.6619718309859155,0.3751169942505682,71
9043,1968,6,12,154.01,0.7887323943661971,0.0790212595266746,79
9048,2003,3,12,461.28,0.028169014084507,0.0823639524000534,71
9050,2004,3,12,195.35,0.028169014084507,0.079756651958818,71
9052,2006,3,12,506.83,0.2816901408450704,0.0792218210990774,48
9058,1953,3,12,84.52,0.9859154929577464,0.0937291081695413,48
9059,1965,3,12,263.71,0.9859154929577464,0.0936622543120738,71
9062,1962,3,12,131.47,0.9859154929577464,0.0947987698890225,71
9066,1954,3,12,117.19,0.9859154929577464,0.5659179034630298,71
9068,1962,3,12,87.84,0.9859154929577464,0.5387083834737264,71
9071,1944,3,12,144.87,0.0985915492957746,0.2674154298703035,71
9072,1940,3,12,162.74,0.2816901408450704,0.6803048535900521,71
9077,2002,3,12,211.91,0.5352112676056338,0.0805588982484289,71
9078,1945,3,12,401.85,0.5352112676056338,0.0801577751036234,71
9084,1952,3,12,28.17,0.7746478873239436,0.0792886749565449,71
9086,1960,3,12,207.75,0.7746478873239436,0.1050942639390292,71
9088,1986,3,12,,0.5352112676056338,0.0803583366760262,48
9090,2010,3,12,598.2,0.5352112676056338,0.0812942906805722,48
9093,1920,3,12,24.68,0.7183098591549296,0.1684717208182912,48
9097,2011,6,12,67.18,0.971830985915493,0.0670544190399786,48
9099,1925,3,12,123.3,0.971830985915493,0.066987565182511,48
9101,1920,3,12,110.4,0.971830985915493,0.0668538574675758,79
9110,1934,3,12,,0.971830985915493,0.0664527343227704,48
9115,1924,3,12,92.54,0.2112676056338028,0.0801577751036234,48
9126,1922,3,12,112.57,0.2112676056338028,0.0799572135312207,71
9133,1997,3,12,16.97,0.4647887323943662,0.1015510094932477,79
9138,1932,3,12,71.91,0.7183098591549296,0.1668672282390693,48
9142,1928,3,12,85.5,0.7183098591549296,0.7943575344297364,79
9145,1925,3,12,146.61,0.7183098591549296,0.1678031822436154,48
9147,1928,3,12,58.39,0.7183098591549296,0.1679368899585506,48
9163,1928,3,12,107.09,0.2112676056338028,0.0484021928065249,71
9166,2024,3,12,63.87,0.2112676056338028,0.0482016312341222,48
9171,1930,3,12,73.68,0.2112676056338028,0.0477336542318491,48
9173,1920,3,12,116.95,0.2112676056338028,0.0514106163925658,48
9175,1960,3,12,117.41,0.2112676056338028,0.0663858804653028,71
9178,1960,3,12,131.26,0.2112676056338028,0.0661184650354325,71
9182,1924,3,12,,0.2112676056338028,0.5352319828854124,48
9189,1924,3,12,51.24,0.4647887323943662,0.1040914560770156,79
9191,1900,6,12,1.99,0.4647887323943662,0.104024602219548,79
9198,2021,3,12,,0.4647887323943662,0.103556625217275,79
9201,1925,3,12,103.76,0.4647887323943662,0.1032223559299371,71
9205,1924,3,12,118.08,0.7183098591549296,0.0800240673886883,71
9207,1920,3,12,102.65,0.7183098591549296,0.0800240673886883,71
9209,1925,3,12,100.25,0.7183098591549296,0.0801577751036234,71
9211,1922,3,12,102.07,0.7183098591549296,0.0801577751036234,71
9217,1918,3,12,13.44,0.7183098591549296,0.080224628961091,79
9218,1923,3,12,99.99,0.7183098591549296,0.0802914828185586,71
9222,1924,3,12,54.41,0.1971830985915492,0.0501403931006819,79
9225,1974,6,12,79.09,0.971830985915493,0.0654499264607567,48
9228,1926,3,12,18.05,0.971830985915493,0.0663190266078352,79
9235,1926,3,12,,0.2112676056338028,0.0675223960422516,79
9245,1965,3,12,147.55,0.2112676056338028,0.069193742478941,71
9246,1918,3,12,143.64,0.4647887323943662,0.0654499264607567,79
9250,1970,3,12,112.85,0.4647887323943662,0.0653162187458216,71
9253,1935,3,12,87.07,0.7183098591549296,0.0796229442438828,48
9256,2006,3,12,81.63,0.7183098591549296,0.0793555288140125,48
9264,1947,6,12,104.0,0.2112676056338028,0.0661853188929001,48
9267,1970,3,12,74.06,0.2112676056338028,0.0661853188929001,71
9269,1993,9,12,125.26,0.2112676056338028,0.0662521727503677,48
9272,1920,3,12,115.51,0.2112676056338028,0.0663858804653028,71
9275,1920,3,12,79.76,0.2112676056338028,0.0664527343227704,71
9277,2008,3,12,62.64,0.2112676056338028,0.066519588180238,48
9280,1923,3,12,164.57,0.2112676056338028,0.0665864420377055,48
9283,1962,3,12,,0.2112676056338028,0.0666532958951731,48
9286,1926,3,12,100.68,0.4647887323943662,0.0661184650354325,48
9289,1925,3,12,80.22,0.4647887323943662,0.065717341890627,48
9291,1924,3,12,,0.4647887323943662,0.0655167803182243,79
9297,1919,6,12,98.26,0.7183098591549296,0.0817622676828453,48
9299,1917,3,12,,0.7183098591549296,0.0818291215403128,79
9302,1934,3,12,,0.7183098591549296,0.0821633908276507,48
9305,1920,3,12,,0.7183098591549296,0.0823639524000534,79
9308,1945,6,12,92.33,0.7183098591549296,0.0825645139724562,48
9310,1920,3,12,70.16,0.7183098591549296,0.0826982216873913,48
9313,1920,3,12,79.16,0.7183098591549296,0.0820965369701831,48
9318,2020,3,12,57.67,0.971830985915493,0.065717341890627,48
9321,2014,6,12,59.49,0.971830985915493,0.0658510496055622,48
9325,1959,3,12,85.9,0.971830985915493,0.0661853188929001,48
9327,1963,3,12,83.68,0.971830985915493,0.0662521727503677,48
9329,1957,3,12,95.59,0.971830985915493,0.0663858804653028,71
9331,1967,3,12,99.48,0.971830985915493,0.0664527343227704,71
9333,1992,6,12,61.0,0.971830985915493,0.0665864420377055,48
9335,2021,3,12,106.69,0.971830985915493,0.0667201497526407,48
9342,1959,3,12,49.22,0.4647887323943662,0.0666532958951731,79
9344,1959,3,12,78.84,0.4647887323943662,0.0662521727503677,48
9347,1920,3,12,,0.4647887323943662,0.0655836341756919,79
9352,1924,3,12,92.73,0.7183098591549296,0.0815617061104425,48
9355,1990,3,12,72.15,0.7183098591549296,0.0813611445380398,48
9361,2005,6,12,362.61,0.7183098591549296,0.0818959753977804,48
9366,1961,3,12,118.29,0.971830985915493,0.0664527343227704,71
9372,1963,3,12,71.07,0.971830985915493,0.0675223960422516,48
9376,1975,3,12,123.4,0.2112676056338028,0.0673218344698489,71
9379,1924,3,12,137.66,0.2112676056338028,0.0670544190399786,48
9381,1966,3,12,100.83,0.4647887323943662,0.065249364888354,48
9383,1970,3,12,72.19,0.4647887323943662,0.065249364888354,79
9390,1959,3,12,,0.4647887323943662,0.0653162187458216,79
9403,1998,3,12,139.73,0.7183098591549296,0.0657841957480946,79
9407,1977,3,12,58.01,0.971830985915493,0.065249364888354,48
9410,2022,3,12,55.96,0.971830985915493,0.065249364888354,48
9412,1961,3,12,114.91,0.971830985915493,0.065249364888354,71
9414,1951,3,12,101.96,0.2112676056338028,0.0666532958951731,79
9416,1960,3,12,104.21,0.2112676056338028,0.0667201497526407,71
9420,2009,3,12,108.1,0.2112676056338028,0.0667201497526407,48
9422,1951,3,12,72.06,0.2112676056338028,0.0667201497526407,48
9427,1961,3,12,117.2,0.4647887323943662,0.0663190266078352,79
9433,1968,3,12,78.7,0.4647887323943662,0.0661853188929001,71
9437,1950,3,12,46.62,0.7183098591549296,0.0669207113250434,48
9443,2004,3,12,386.47,0.1971830985915492,0.0666532958951731,71
9445,2020,3,12,217.81,0.971830985915493,0.0653162187458216,48
9449,1963,3,12,45.42,0.2112676056338028,0.0664527343227704,79
9451,2013,3,12,57.12,0.2112676056338028,0.0665864420377055,48
9455,1960,6,12,92.0,0.2112676056338028,0.0669207113250434,48
9458,1999,3,12,72.66,0.2112676056338028,0.0670544190399786,79
9466,1978,3,12,131.01,0.4647887323943662,0.0746757587912822,79
9472,1957,3,12,95.06,0.7183098591549296,0.0670544190399786,71
9475,1968,3,12,128.76,0.7183098591549296,0.0672549806123813,71
9477,1963,3,12,97.25,0.7183098591549296,0.0673886883273164,48
9479,1957,3,12,88.67,0.704225352112676,0.0675892498997192,48
9482,1959,3,12,85.81,0.7183098591549296,0.0677229576146543,48
9489,1960,6,12,,0.9577464788732394,0.2300441235459285,79
9491,1964,6,12,98.56,0.4647887323943662,0.0660516111779649,79
9493,1963,3,12,136.61,0.4647887323943662,0.0659179034630298,71
9496,2011,3,12,198.63,0.4647887323943662,0.0655836341756919,48
9499,1940,3,12,187.58,0.3380281690140845,0.1746222757053082,71
9501,1975,3,12,95.79,0.4647887323943662,0.0657841957480946,71
9503,2004,3,12,94.79,0.7183098591549296,0.0639791415964701,71
9507,1956,3,12,73.55,0.971830985915493,0.0601016178633507,48
9509,1955,3,12,113.88,0.971830985915493,0.0604358871506885,71
9517,1984,3,12,57.51,0.971830985915493,0.0613718411552346,48
9522,1963,3,12,78.95,0.4647887323943662,0.0675892498997192,48
9525,1950,3,12,276.71,0.4647887323943662,0.0678566653295895,71
9533,1943,3,12,123.97,0.4647887323943662,0.0596336408610776,48
9537,2021,6,12,1571.58,0.2253521126760563,0.1166599812809199,48
9551,2017,3,12,72.61,0.6197183098591549,0.0911886615857734,48
9554,2017,3,12,64.93,0.0,0.0664527343227704,48
9555,1940,3,12,231.79,0.2253521126760563,0.0744083433614119,71
9564,1988,3,12,75.06,0.1126760563380281,0.091255515443241,48
9569,1988,3,12,76.85,0.1126760563380281,0.091255515443241,79
9571,1988,3,12,71.19,0.1126760563380281,0.091255515443241,71
9581,1952,3,12,116.3,0.0,0.066519588180238,71
9584,1944,3,12,259.95,0.0,0.0666532958951731,71
9588,2000,3,12,,0.0,0.0667201497526407,79
9590,1961,3,12,,0.0,0.0667870036101083,71
9596,1967,3,12,103.97,0.1830985915492957,0.0841021526942104,71
9602,1956,3,12,102.11,0.5070422535211268,0.0331595133039176,71
9603,1966,3,12,81.56,0.5070422535211268,0.0663190266078352,71
9605,1978,3,12,178.04,0.5070422535211268,0.106230779515978,48
9610,1965,3,12,124.62,0.7323943661971831,0.1627891429335472,71
9613,1975,3,12,199.4,0.7323943661971831,0.0550875785532825,71
9632,1988,3,12,721.03,0.0,0.0651825110308864,71
9634,1950,3,12,,0.7323943661971831,0.0633106030217943,79
9636,1940,3,12,42.8,0.0,0.0654499264607567,71
9637,1940,3,12,85.45,0.0,0.0655167803182243,71
9638,1940,3,12,249.41,0.0,0.065717341890627,71
9639,1940,6,12,568.61,0.0,0.0949324776039577,71
9650,1956,6,12,72.27,0.9154929577464788,0.3277844631635245,48
9652,1956,3,12,102.98,0.9154929577464788,0.4201096403262468,48
9661,1960,3,12,,0.2535211267605634,0.0646476801711458,48
9666,1992,3,12,58.65,0.2535211267605634,0.0651825110308864,71
9671,1983,6,12,7.15,0.2535211267605634,0.0654499264607567,48
9673,1950,3,12,79.86,0.2535211267605634,0.0655167803182243,71
9678,1935,6,12,68.14,0.647887323943662,0.0645808263136783,79
9683,1992,3,12,63.85,0.2535211267605634,0.0650488033159513,71
9685,1992,3,12,86.35,0.647887323943662,0.0645139724562107,71
9687,1996,9,12,237.51,0.1549295774647887,0.0661184650354325,79
9693,2002,3,12,1957.9,0.9154929577464788,0.1319695146409947,71
9699,1971,3,12,25.05,0.2253521126760563,0.0746757587912822,71
9737,1965,3,12,60.9,0.2394366197183098,0.0795560903864153,48
9758,2002,3,12,246.93,0.2253521126760563,0.0800240673886883,71
9761,1950,9,12,63.66,0.1267605633802817,0.0788875518117395,71
9766,1967,3,12,129.55,0.380281690140845,0.0800909212461559,71
9771,1953,6,12,52.82,0.380281690140845,0.0796897981013504,48
9775,1945,3,12,101.46,0.380281690140845,0.0792218210990774,71
9781,2002,3,12,157.24,0.380281690140845,0.0792886749565449,71
9784,1970,3,12,124.66,0.5633802816901409,0.1670677898114721,79
9787,1960,3,12,80.23,0.8169014084507042,0.0530151089717876,71
9790,2016,3,12,121.27,0.8169014084507042,0.0530819628292552,79
9797,1946,3,12,26.8,0.8169014084507042,0.0534162321165931,79
9800,1960,3,12,31.28,0.1267605633802817,0.0,79
9802,1965,3,12,66.62,0.056338028169014,0.1674020590988099,71
9809,2024,3,12,,0.056338028169014,0.1669340820965369,79
9811,1964,3,12,20.96,0.056338028169014,0.1672683513838748,79
9814,1959,6,12,117.55,0.056338028169014,0.1676694745286802,48
9827,1964,3,12,53.85,0.0704225352112676,0.0855729375584971,79
9829,1970,3,12,109.37,0.0,0.337478272496323,48
9832,1964,3,12,75.11,0.3098591549295774,0.0534830859740607,79
9839,2006,3,12,,0.8028169014084507,0.1168605428533226,48
9841,1990,3,12,70.97,0.8028169014084507,0.1373178232384008,48
9843,1957,6,12,79.91,0.8028169014084507,0.1578419574809466,48
9846,1950,3,12,63.29,0.3098591549295774,0.0530819628292552,79
9850,1955,3,12,106.68,0.5633802816901409,0.1675357668137451,71
9852,1997,3,12,83.32,0.5633802816901409,0.1668003743816018,79
9857,1967,3,12,32.89,0.8028169014084507,0.2178098676293622,79
9868,1968,3,12,94.45,0.6338028169014085,0.0939965235994116,71
9870,1969,3,12,99.88,0.6338028169014085,0.0914560770156437,71
9873,1968,3,12,86.26,0.6338028169014085,0.0910549538708383,71
9877,1963,3,12,76.36,0.8873239436619719,0.0329589517315149,79
9886,1972,3,12,101.26,0.380281690140845,0.1367161385211926,48
9893,1981,3,12,,0.3380281690140845,0.1757587912822569,79
9899,1946,3,12,130.19,0.1690140845070422,0.1112448188260462,71
9905,1960,3,12,520.46,0.6338028169014085,0.1303650220617729,71
9910,1980,3,12,111.16,0.1267605633802817,0.3823372108570664,71
9922,1960,3,12,75.56,0.1267605633802817,0.0795560903864153,48
9923,1965,3,12,19.54,0.380281690140845,0.3297900788875518,71
9926,1970,3,12,67.41,0.380281690140845,0.0790881133841422,79
9928,1964,3,12,83.86,0.380281690140845,0.0790881133841422,71
9934,1970,6,12,99.6,0.380281690140845,0.0790212595266746,48
9936,1970,3,12,90.43,0.380281690140845,0.0790212595266746,71
9940,1975,3,12,96.24,0.380281690140845,0.0790212595266746,71
9943,1975,3,12,147.94,0.380281690140845,0.0790212595266746,71
9946,1987,3,12,177.57,0.6338028169014085,0.0794892365289477,48
9952,2004,3,12,231.2,0.7605633802816901,0.144070062842626,71
9957,2003,3,12,79.27,0.8732394366197183,0.0952667468912956,48
9963,1994,3,12,40.85,0.6338028169014085,0.080224628961091,79
9969,1955,3,12,,0.1690140845070422,0.106230779515978,79
9974,2003,3,12,193.89,0.6338028169014085,0.0786869902393368,79
9982,1972,6,12,81.6,0.8873239436619719,0.0788875518117395,79
9985,1970,3,12,,0.5492957746478874,0.0411151223425591,79
9988,1971,3,12,78.57,0.5633802816901409,0.0405134376253509,79
9993,2007,3,12,,0.0422535211267605,0.0312876052948255,79
9996,1970,3,12,30.36,0.0422535211267605,0.0268083968444979,48
10000,1980,3,12,,0.0845070422535211,0.0435887150688594,79
10003,1975,3,12,,0.0985915492957746,0.0390426527610643,48
10007,1980,3,12,,0.028169014084507,0.0371038908945046,79
10010,1972,6,12,,0.2535211267605634,0.1856531621874582,79
10013,1956,3,12,102.36,0.2816901408450704,0.0845701296964834,79
10018,1950,3,12,,0.2676056338028169,0.0838347372643401,71
10020,1960,3,12,103.0,0.2676056338028169,0.0836341756919374,71
10022,1948,6,12,68.87,0.2676056338028169,0.0835004679770022,79
10025,1940,3,12,95.65,0.2676056338028169,0.0832330525471319,71
10028,1944,3,12,94.38,0.2676056338028169,0.0830324909747292,71
10036,1960,3,12,81.45,0.5774647887323944,0.0494050006685385,71
10038,1946,9,12,92.79,0.7887323943661971,0.0792886749565449,79
10042,1963,9,12,18.54,0.7887323943661971,0.0790212595266746,79
10044,1960,3,12,91.71,0.7887323943661971,0.0789544056692071,48
10049,1942,3,12,76.32,0.2816901408450704,0.0825645139724562,79
10052,2003,3,12,287.55,0.7887323943661971,0.0794892365289477,71
10054,1960,3,12,282.04,0.0985915492957746,0.2421446717475598,71
10056,1950,3,12,460.6,0.0985915492957746,0.412822569862281,71
10058,1953,3,12,,0.2816901408450704,0.5387083834737264,71
10061,1956,3,12,117.91,0.2816901408450704,0.1137852654098141,71
10063,1950,3,12,142.45,0.2816901408450704,0.0847038374114186,71
10065,1954,3,12,89.2,0.2816901408450704,0.0848375451263537,48
10070,1958,3,12,,0.2816901408450704,0.0857066452734322,79
10072,1960,3,12,171.56,0.2816901408450704,0.0858403529883674,48
10079,2024,3,12,61.43,0.7887323943661971,0.0792886749565449,48
10081,1967,3,12,116.95,0.7887323943661971,0.116793688995855,71
10083,1950,3,12,133.06,0.7887323943661971,0.7426126487498328,71
10086,1989,3,12,62.95,0.2816901408450704,0.0855060837010295,79
10094,2000,3,12,54.09,0.2112676056338028,0.066519588180238,79
10096,1950,3,12,79.48,0.2112676056338028,0.1700093595400454,48
10098,1984,3,12,91.76,0.6619718309859155,0.2702232918839417,79
10101,2010,3,12,280.62,0.971830985915493,0.065717341890627,48
10109,1960,3,12,126.96,0.2112676056338028,0.0655836341756919,48
10126,1955,3,12,89.2,0.2112676056338028,0.0664527343227704,71
10129,1929,3,12,133.72,0.2112676056338028,0.0666532958951731,48
10131,1950,6,12,82.07,0.2112676056338028,0.0667870036101083,48
10142,1940,3,12,23.39,0.6338028169014085,0.269220484021928,71
10151,1943,3,12,274.29,0.4647887323943662,0.5172482952266345,48
10153,2009,3,12,196.46,0.2112676056338028,0.0663190266078352,48
10156,2009,6,12,367.61,0.971830985915493,0.1041583099344832,48
10158,1943,3,12,42.01,0.4647887323943662,0.105762802513705,71
10160,1898,3,12,89.64,0.4647887323943662,0.1059633640861077,79
10168,1941,3,12,,0.4647887323943662,0.1058296563711726,48
10171,1965,3,12,17.86,0.2676056338028169,0.085104960556224,71
10174,2004,3,12,1541.44,0.2676056338028169,0.1075678566653295,71
10176,1972,3,12,104.17,0.7183098591549296,0.0677229576146543,71
10178,1920,3,12,51.06,0.971830985915493,0.0664527343227704,48
10179,1923,3,12,137.68,0.971830985915493,0.066519588180238,79
10181,1965,6,12,87.62,0.971830985915493,0.0665864420377055,79
10183,1968,3,12,85.56,0.971830985915493,0.0665864420377055,48
10186,1987,3,12,65.29,0.971830985915493,0.0667201497526407,71
10191,1990,6,12,231.62,0.7183098591549296,0.0662521727503677,48
10200,1958,3,12,176.35,0.7183098591549296,0.0476668003743816,48
10205,1956,3,12,264.0,0.7183098591549296,0.0667201497526407,71
10208,1960,3,12,,0.0140845070422535,0.0663858804653028,48
10212,1990,6,12,185.7,0.7183098591549296,0.0667870036101083,79
10217,1923,3,12,78.05,0.971830985915493,0.064781387886081,48
10219,2023,3,12,105.15,0.971830985915493,0.0646476801711458,48
10226,1954,6,12,,0.971830985915493,0.0639122877390025,79
10229,1920,6,12,18.76,0.971830985915493,0.063511164594197,79
10232,1918,6,12,,0.2112676056338028,0.0667201497526407,48
10234,1928,3,12,19.05,0.2112676056338028,0.0667201497526407,79
10236,1964,3,12,68.94,0.2112676056338028,0.0667201497526407,48
10241,1922,6,12,,0.4647887323943662,0.0666532958951731,79
10243,1994,6,12,28.95,0.4647887323943662,0.0666532958951731,79
10245,2006,3,12,58.81,0.4647887323943662,0.0665864420377055,48
10250,1955,3,12,93.61,0.7183098591549296,0.0691268886214734,48
10252,1920,3,12,111.46,0.7183098591549296,0.0689931809065383,71
10255,2016,3,12,115.07,0.7183098591549296,0.0685920577617328,79
10257,2021,3,12,66.88,0.7183098591549296,0.0684583500467976,48
10261,1923,3,12,92.04,0.7183098591549296,0.0681240807594598,71
10266,1980,3,12,120.83,0.2112676056338028,0.0802914828185586,48
10269,1997,6,12,81.04,0.971830985915493,0.0658510496055622,48
10273,2019,3,12,,0.971830985915493,0.0647145340286134,79
10283,1933,3,12,76.54,0.2253521126760563,0.092993715737398,79
10291,1920,6,12,17.33,0.7183098591549296,0.0666532958951731,79
10294,2003,3,12,148.65,0.7183098591549296,0.0667201497526407,71
10298,1918,3,12,101.39,0.971830985915493,0.0661853188929001,71
10300,1932,3,12,89.36,0.971830985915493,0.0662521727503677,71
10302,1918,3,12,83.87,0.971830985915493,0.0663190266078352,48
10304,1918,3,12,90.49,0.971830985915493,0.0663190266078352,71
10306,2020,3,12,59.46,0.971830985915493,0.0663858804653028,48
10308,1992,3,12,69.71,0.971830985915493,0.0663858804653028,48
10311,1943,9,12,87.84,0.971830985915493,0.0663858804653028,48
10313,1927,3,12,95.2,0.2112676056338028,0.0667201497526407,48
10316,1997,6,12,80.81,0.2112676056338028,0.0667201497526407,48
10318,1990,3,12,57.68,0.2112676056338028,0.0666532958951731,48
10322,1928,3,12,90.33,0.2112676056338028,0.0666532958951731,79
10324,1963,3,12,111.51,0.2112676056338028,0.0666532958951731,48
10330,1932,3,12,82.21,0.2112676056338028,0.066519588180238,48
10336,2009,3,12,67.08,0.4647887323943662,0.0647145340286134,48
10343,1990,3,12,63.64,0.7183098591549296,0.0664527343227704,71
10345,1920,3,12,82.28,0.7183098591549296,0.0664527343227704,48
10347,1918,3,12,83.09,0.7183098591549296,0.0663858804653028,48
10349,1928,3,12,84.62,0.7183098591549296,0.0663858804653028,79
10352,1962,3,12,88.9,0.7183098591549296,0.0663858804653028,71
10354,2004,3,12,385.43,0.2112676056338028,0.0668538574675758,71
10357,2023,6,12,375.31,0.704225352112676,0.0662521727503677,48
10359,1920,3,12,96.84,0.971830985915493,0.0664527343227704,48
10362,1966,6,12,9.51,0.971830985915493,0.0665864420377055,79
10364,1971,3,12,23.45,0.971830985915493,0.0667870036101083,71
10368,1961,3,12,,0.971830985915493,0.0671881267549137,48
10373,1897,3,12,109.24,0.971830985915493,0.0676561037571867,48
10377,2017,3,12,,0.971830985915493,0.0680572269019922,48
10380,1953,3,12,154.67,0.2253521126760563,0.0928600080224628,79
10385,1959,6,12,14.32,0.2253521126760563,0.0941970851718144,79
10387,1955,3,12,80.59,0.2253521126760563,0.0944645006016847,48
10389,1960,3,12,217.68,0.2253521126760563,0.0952667468912956,71
10392,1950,6,12,11.3,0.5070422535211268,0.0332263671613852,79
10398,1967,3,12,107.44,0.5070422535211268,0.0650488033159513,71
10401,2021,3,12,,0.5070422535211268,0.064781387886081,48
10403,1956,3,12,218.5,0.5070422535211268,0.1228773900254044,71
10412,1979,3,12,372.44,0.0,0.0648482417435486,71
10419,1963,3,12,44.46,0.2253521126760563,0.079756651958818,79
10422,1979,3,12,141.25,0.2253521126760563,0.0798235058162855,79
10425,1951,3,12,96.46,0.2253521126760563,0.1409947853991175,71
10429,1966,6,12,,0.4647887323943662,0.0646476801711458,79
10431,1951,3,12,90.29,0.4647887323943662,0.0644471185987431,71
10436,1961,3,12,93.9,0.7183098591549296,0.0666532958951731,71
10438,1951,3,12,135.62,0.7183098591549296,0.0665864420377055,48
10439,1951,3,12,73.66,0.2253521126760563,0.1303650220617729,71
10441,2010,6,12,62.55,0.7183098591549296,0.0666532958951731,48
10453,2004,3,12,96.85,0.2676056338028169,0.0660516111779649,71
10458,1966,3,12,127.97,0.5211267605633803,0.0664527343227704,48
10465,2000,3,12,106.92,0.0140845070422535,0.0517448856799037,48
10468,2002,3,12,135.05,0.0140845070422535,0.0520791549672416,71
10471,1960,3,12,9.99,0.0140845070422535,0.0670544190399786,71
10476,2017,3,12,56.12,0.2676056338028169,0.0621740874448455,79
10479,1929,3,12,,0.2676056338028169,0.0629763337344564,79
10482,1960,3,12,,0.2676056338028169,0.0636448723091322,71
10484,1929,3,12,92.84,0.2676056338028169,0.0641128493114052,79
10491,1960,3,12,203.07,0.7323943661971831,0.0918572001604492,71
10494,1960,3,12,31.85,0.7323943661971831,0.0915897847305789,71
10498,1986,3,12,,0.7323943661971831,0.091255515443241,79
10501,2020,3,12,58.99,0.7323943661971831,0.0909881000133707,48
10507,1981,3,12,37.66,0.971830985915493,0.0659847573204973,48
10510,2003,3,12,292.37,0.971830985915493,0.0655836341756919,71
10511,1960,3,12,82.6,0.971830985915493,0.0653162187458216,71
10514,1957,3,12,,0.0845070422535211,0.1916031555020724,48
10516,1970,3,12,145.1,0.2253521126760563,0.0909212461559031,71
10519,1972,3,12,84.11,0.2253521126760563,0.0913892231581762,48
10521,1943,3,12,75.67,0.2253521126760563,0.0915229308731113,48
10527,1959,3,12,64.03,0.4647887323943662,0.0676561037571867,48
10529,1929,3,12,,0.4647887323943662,0.0675223960422516,79
10532,1965,3,12,123.11,0.4647887323943662,0.0671881267549137,79
10534,1995,3,12,64.76,0.4647887323943662,0.0670544190399786,48
10540,1953,3,12,,0.7183098591549296,0.0673218344698489,79
10542,1963,3,12,131.89,0.7183098591549296,0.0671881267549137,71
10547,1959,3,12,60.32,0.7183098591549296,0.0665864420377055,79
10551,1966,9,12,531.3,0.8450704225352113,0.1282256986228105,48
10555,1959,3,12,45.99,0.5070422535211268,0.0519454472523064,79
10557,1932,3,12,,0.5070422535211268,0.0518117395373713,79
10559,1969,3,12,,0.5211267605633803,0.0516111779649685,71
10564,1962,3,12,91.86,0.5070422535211268,0.2316486161251504,48
10566,1964,3,12,94.52,0.7323943661971831,0.093461692739671,79
10582,1989,6,12,441.53,0.5070422535211268,0.0662521727503677,79
10591,1920,3,12,67.41,0.0,0.0528145473993849,79
10593,1920,3,12,63.23,0.0,0.0527476935419173,79
10600,1920,3,12,64.17,0.7605633802816901,0.066519588180238,79
10602,1920,3,12,7.57,0.7605633802816901,0.0663190266078352,48
10604,1920,3,12,156.47,0.7605633802816901,0.0662521727503677,48
10605,1950,9,12,466.46,0.0,0.0779515978071934,71
10606,1950,6,12,1052.05,0.0,0.0843027142666131,71
10607,1950,9,12,434.33,0.0,0.0843027142666131,71
10608,1950,9,12,666.54,0.2676056338028169,0.0677229576146543,71
10609,1950,6,12,289.1,0.2676056338028169,0.0685252039042652,71
10610,1950,9,12,443.36,0.7746478873239436,0.0610375718678967,71
10611,1950,6,12,419.59,0.7746478873239436,0.0636448723091322,71
10620,1900,3,12,,0.7605633802816901,0.1327049070731381,71
10624,1960,3,12,,0.9154929577464788,0.8812675491375851,71
10626,1940,3,12,70.99,0.9295774647887324,0.4306725498061238,79
10629,1940,3,12,112.61,0.9295774647887324,0.319026607835272,48
10644,1960,3,12,99.56,0.2535211267605634,0.0484690466639925,71
10646,1960,3,12,89.17,0.2535211267605634,0.0484690466639925,48
10648,2010,3,12,59.19,0.2535211267605634,0.0405134376253509,48
10651,1960,3,12,87.31,0.2535211267605634,0.0464634309399652,48
10653,1960,3,12,,0.2535211267605634,0.1761599144270624,71
10655,1960,3,12,14.89,0.2535211267605634,0.0624415028747158,71
10661,1950,3,12,25.72,0.7605633802816901,0.1294290680572269,79
10664,1940,3,12,112.92,0.7605633802816901,0.183313277176093,48
10666,2012,3,12,52.4,0.7605633802816901,0.0835004679770022,79
10668,1955,3,12,124.68,0.7605633802816901,0.0655836341756919,48
10670,1960,3,12,107.74,0.7605633802816901,0.0655836341756919,71
10675,1940,3,12,24.01,0.7605633802816901,0.065249364888354,71
10679,1940,3,12,17.2,0.7605633802816901,0.0649819494584837,79
10683,1956,3,12,67.08,0.7605633802816901,0.064781387886081,48
10686,1950,3,12,79.37,0.7605633802816901,0.0645808263136783,79
10688,1958,3,12,31.71,0.7605633802816901,0.0644471185987431,48
10691,1940,3,12,,0.7605633802816901,0.0643802647412755,79
10693,1940,9,12,31.02,0.7605633802816901,0.0643134108838079,79
10695,1950,3,12,81.22,0.7605633802816901,0.0643134108838079,79
10698,1940,3,12,71.9,0.7605633802816901,0.0792886749565449,79
10712,1996,3,12,449.56,0.943661971830986,0.0779515978071934,48
10717,1999,12,12,1078.72,0.8028169014084507,0.1879261933413557,48
10761,1982,3,12,667.32,0.9859154929577464,0.4640326246824441,71
10764,1958,3,12,59.78,0.2253521126760563,0.0784195748094665,71
10768,1963,3,12,182.67,0.2253521126760563,0.2624682444177029,48
10770,1984,3,12,72.26,0.2253521126760563,0.0908543922984356,48
10773,1964,3,12,105.21,0.380281690140845,0.2289744618264473,48
10775,1954,3,12,93.5,0.5211267605633803,0.0657841957480946,71
10776,1973,6,12,110.3,0.5211267605633803,0.065717341890627,48
10778,1977,3,12,137.24,0.5211267605633803,0.0655167803182243,71
10780,2023,6,12,106.64,0.5211267605633803,0.0654499264607567,79
10790,1960,3,12,31.38,0.0140845070422535,0.0658510496055622,71
10793,1960,3,12,114.82,0.0140845070422535,0.0660516111779649,71
10795,1958,3,12,13.73,0.2253521126760563,0.0799572135312207,79
10800,1958,3,12,121.52,0.5211267605633803,0.0663190266078352,48
10807,1994,3,12,641.82,0.647887323943662,0.5429870303516512,48
10809,1974,3,12,84.69,0.9859154929577464,0.066519588180238,71
10813,1964,3,12,82.65,0.9859154929577464,0.0671881267549137,71
10819,1972,3,12,72.89,0.0845070422535211,0.0804920443909613,71
10822,1953,3,12,137.54,0.0845070422535211,0.080224628961091,71
10827,1956,3,12,56.97,0.2112676056338028,0.3906939430405134,71
10832,1965,6,12,,0.323943661971831,0.3668939697820564,79
10835,1960,3,12,41.41,0.323943661971831,0.3087979676427329,71
10840,1962,3,12,75.96,0.3380281690140845,0.2402727637384676,71
10842,1954,3,12,168.07,0.7464788732394366,0.0796897981013504,48
10844,1963,3,12,11.44,0.7464788732394366,0.079756651958818,71
10848,1961,3,12,80.15,0.3380281690140845,0.2462896109105495,48
10852,1993,3,12,117.55,0.7464788732394366,0.0807594598208316,48
10856,1956,3,12,109.89,0.7464788732394366,0.0793555288140125,79
10864,1954,3,12,22.74,0.0845070422535211,0.0808931675357668,71
10869,1954,3,12,141.0,0.5774647887323944,0.140125685252039,71
10873,1954,3,12,35.81,0.0845070422535211,0.080224628961091,79
10877,2022,3,12,90.01,0.0845070422535211,0.0808931675357668,79
10880,1955,6,12,98.47,0.0845070422535211,0.0808263136782992,79
10883,1970,6,12,97.66,0.0845070422535211,0.0805588982484289,79
10887,1999,6,12,46.85,0.5915492957746479,0.0894504612916165,48
10893,1950,3,12,,0.323943661971831,0.2724294691803717,79
10904,1955,3,12,37.46,0.5915492957746479,0.0804251905334937,79
10921,1958,3,12,,0.1830985915492957,0.1077015643802647,48
10922,1957,3,12,463.4,0.1690140845070422,0.1105094263939029,71
10923,1960,3,12,460.35,0.1690140845070422,0.1103757186789677,71
10926,2008,15,12,181.41,0.1408450704225352,0.1068993180906538,79
10934,1968,3,12,60.68,0.1126760563380281,0.1045594330792886,71
10937,1998,6,12,172.96,0.323943661971831,0.2498997192137986,48
10944,2009,3,12,51.83,0.6338028169014085,0.0810937291081695,48
10950,1954,3,12,11.12,0.6338028169014085,0.080692605963364,79
10954,1960,3,12,73.82,0.6338028169014085,0.0804251905334937,71
10957,1966,3,12,75.24,0.6338028169014085,0.0802914828185586,71
10967,1948,3,12,25.78,0.1267605633802817,0.0799572135312207,71
10970,1977,3,12,139.06,0.1267605633802817,0.080224628961091,71
10979,1959,3,12,114.38,0.1267605633802817,0.0812274368231047,71
10981,1946,3,12,47.16,0.1267605633802817,0.0813611445380398,48
11001,1955,3,12,79.01,0.5915492957746479,0.0808931675357668,48
11005,1960,3,12,76.83,0.5915492957746479,0.0808931675357668,71
11010,1955,3,12,62.7,0.5915492957746479,0.0800909212461559,71
11012,1958,3,12,87.44,0.5915492957746479,0.0803583366760262,79
11014,1962,6,12,98.16,0.5915492957746479,0.0804920443909613,48
11021,1950,3,12,84.25,0.5915492957746479,0.0809600213932343,79
11028,1999,3,12,97.81,0.8873239436619719,0.079756651958818,79
11034,2004,3,12,162.88,0.5915492957746479,0.0802914828185586,71
11036,1950,3,12,117.44,0.1267605633802817,0.0810937291081695,79
11043,1968,3,12,63.11,0.1267605633802817,0.0798903596737531,79
11059,1930,6,12,,0.8169014084507042,0.0,71
11061,1967,3,12,143.04,0.7887323943661971,0.0845701296964834,71
11069,1948,3,12,157.12,0.2676056338028169,0.082898783259794,71
11074,1972,3,12,97.82,0.7887323943661971,0.0827650755448589,71
11076,1968,3,12,93.14,0.7887323943661971,0.0825645139724562,71
11078,1966,3,12,113.89,0.7887323943661971,0.0826982216873913,71
11082,1982,3,12,150.28,0.7887323943661971,0.0833667602620671,71
11087,1942,3,12,22.95,0.7887323943661971,0.0838347372643401,71
11090,1950,3,12,112.68,0.7887323943661971,0.0842358604091456,48
11093,2001,6,12,878.27,0.3098591549295774,0.3975798903596737,79
11097,1970,3,12,11.64,0.1126760563380281,0.2860676561037572,71
11100,1950,3,12,,0.6056338028169014,0.2474261264874983,79
11102,1935,3,12,,0.971830985915493,0.0661184650354325,48
11103,1974,3,12,137.16,0.971830985915493,0.0661184650354325,71
11107,1935,3,12,21.87,0.6056338028169014,0.1988902259660382,79
11111,1974,6,12,98.14,0.971830985915493,0.0660516111779649,48
11115,1955,3,12,69.98,0.2112676056338028,0.0688594731916031,71
11123,1935,3,12,146.73,0.6056338028169014,0.2033694344163658,48
11126,2009,9,12,349.65,0.2112676056338028,0.0683914961893301,48
11128,1967,3,12,124.77,0.0985915492957746,0.1883941703436288,71
11130,1972,6,12,201.58,0.1126760563380281,0.1929402326514239,48
11132,1950,3,12,65.82,0.0985915492957746,0.1944778713731782,71
11136,1974,3,12,44.63,0.0985915492957746,0.197820564246557,71
11138,1980,3,12,90.58,0.0985915492957746,0.2007621339751303,48
11142,1976,3,12,88.05,0.1408450704225352,0.4500601684717207,71
11144,1971,3,12,85.55,0.3661971830985915,0.1363150153763872,71
11147,1981,3,12,86.47,0.5211267605633803,0.0683246423318625,71
11149,1972,6,12,116.72,0.5211267605633803,0.0677898114721219,48
11151,1960,3,12,66.63,0.5211267605633803,0.0676561037571867,71
11153,1965,6,12,63.61,0.5211267605633803,0.0675892498997192,48
11155,1978,3,12,84.89,0.5211267605633803,0.067455542184784,71
11157,1944,3,12,20.85,0.5211267605633803,0.0673218344698489,48
11159,1930,3,12,84.64,0.7887323943661971,0.0860409145607701,48
11160,1950,3,12,111.99,0.7887323943661971,0.085907206845835,79
11165,1960,6,12,26.82,0.7887323943661971,0.0851718144136916,79
11167,1969,3,12,96.92,0.7887323943661971,0.0850381066987565,71
11171,1987,3,12,87.63,0.0985915492957746,0.1999598876855194,79
11173,1959,3,12,46.02,0.2676056338028169,0.061304987297767,71
11175,1941,3,12,66.55,0.7323943661971831,0.0936622543120738,79
11176,1951,3,12,465.99,0.7323943661971831,0.0935285465971386,71
11177,1971,3,12,22.16,0.2676056338028169,0.0596336408610776,71
11178,1943,3,12,190.41,0.704225352112676,0.4706511565717342,71
11182,1969,3,12,122.1,0.028169014084507,0.0661184650354325,71
11185,1951,3,12,65.63,0.0140845070422535,0.0663190266078352,79
11187,1976,3,12,160.22,0.028169014084507,0.0664527343227704,71
11188,1959,3,12,298.88,0.2535211267605634,0.1575076881936087,71
11190,1920,3,12,103.42,0.2676056338028169,0.0665864420377055,48
11192,2024,3,12,90.55,0.2535211267605634,0.066519588180238,48
11196,1960,3,12,,0.2535211267605634,0.0663858804653028,79
11198,1961,3,12,109.64,0.2535211267605634,0.0663190266078352,71
11200,1949,3,12,149.05,0.2535211267605634,0.0662521727503677,71
11207,1941,3,12,250.75,0.2676056338028169,0.1768284530017382,79
11208,1974,3,12,260.81,0.4647887323943662,0.1083032490974729,71
11210,1931,3,12,146.26,0.647887323943662,0.3356732183446985,79
11215,2021,3,12,,0.7746478873239436,0.0593662254312073,48
11218,1966,3,12,104.47,0.7746478873239436,0.0597004947185452,71
11220,1951,3,12,121.84,0.7746478873239436,0.0598342024334804,48
11223,1965,3,12,,0.7746478873239436,0.0599679101484155,48
11225,1929,3,12,140.58,0.7746478873239436,0.0601016178633507,71
11228,2019,3,12,,0.7746478873239436,0.0609038641529616,48
11231,1941,6,12,100.73,0.2535211267605634,0.0659847573204973,79
11234,2023,3,12,,0.7746478873239436,0.0603021794357534,48
11237,1936,3,12,,0.7746478873239436,0.075344297365958,71
11241,1941,3,12,77.46,0.0140845070422535,0.0506752239604225,79
11248,1960,3,12,83.1,0.4507042253521127,0.067455542184784,71
11250,2021,6,12,51.95,0.4507042253521127,0.0669207113250434,79
11262,1894,3,12,175.37,0.2676056338028169,0.0665864420377055,48
11263,1972,3,12,246.45,0.2676056338028169,0.066987565182511,71
11270,1941,3,12,53.72,0.5211267605633803,0.0534830859740607,48
11274,1948,3,12,74.9,0.5211267605633803,0.0532825244016579,48
11276,1900,3,12,68.53,0.5211267605633803,0.0532825244016579,48
11278,1961,3,12,81.23,0.5211267605633803,0.0532156705441903,71
11284,1972,6,12,76.52,0.7746478873239436,0.0597673485760128,79
11289,1935,6,12,144.64,0.7746478873239436,0.0597004947185452,48
11292,1928,3,12,70.46,0.0140845070422535,0.0527476935419173,48
11300,1962,3,12,65.23,0.0140845070422535,0.0533493782591255,48
11305,2019,3,12,49.85,0.0140845070422535,0.0536167936889958,48
11311,2005,3,12,49.67,0.5211267605633803,0.0664527343227704,48
11313,2009,6,12,58.32,0.7746478873239436,0.0599679101484155,79
11318,2012,3,12,140.23,0.5211267605633803,0.0667201497526407,48
11320,1958,3,12,100.34,0.8591549295774648,0.1428666934082096,71
11321,1961,9,12,116.2,0.0,0.0660516111779649,48
11325,1941,3,12,,0.0,0.065717341890627,71
11328,1994,6,12,114.5,0.2676056338028169,0.0584971252841288,79
11334,1950,3,12,,0.2676056338028169,0.5203904265276106,79
11337,1987,3,12,87.0,0.2676056338028169,0.0594999331461425,48
11344,1966,9,12,75.45,0.2676056338028169,0.0596336408610776,79
11346,1905,3,12,67.95,0.2676056338028169,0.0597004947185452,48
11355,1981,3,12,204.0,0.7323943661971831,0.092993715737398,48
11365,1951,3,12,97.71,0.7323943661971831,0.0929268618799304,71
11366,1963,3,12,40.43,0.7323943661971831,0.092993715737398,48
11372,1927,3,12,18.02,0.0,0.066519588180238,79
11376,1970,3,12,107.18,0.0,0.0650488033159513,71
11378,1900,3,12,,0.0,0.0645808263136783,79
11381,1968,3,12,87.39,0.0,0.0639122877390025,71
11385,1941,3,12,,0.2676056338028169,0.0594330792886749,48
11388,1973,3,12,,0.2676056338028169,0.0594330792886749,71
11392,2010,3,12,55.15,0.2676056338028169,0.0594330792886749,48
11396,1970,3,12,129.55,0.5070422535211268,0.0653830726032892,71
11398,1976,3,12,119.23,0.5070422535211268,0.0655836341756919,48
11404,2020,3,12,52.48,0.7746478873239436,0.0560903864152961,48
11409,1977,3,12,92.33,0.0140845070422535,0.0666532958951731,79
11419,1956,3,12,112.33,0.2676056338028169,0.056424655702634,71
11421,1960,3,12,109.27,0.2676056338028169,0.0566252172750367,79
11426,1948,3,12,127.52,0.2676056338028169,0.0577617328519855,79
11428,1931,3,12,86.14,0.2676056338028169,0.0580291482818558,48
11430,1930,3,12,107.43,0.2676056338028169,0.0582297098542585,79
11434,1966,6,12,77.14,0.2676056338028169,0.0593662254312073,48
11436,1961,3,12,64.16,0.2676056338028169,0.0592325177162722,48
11438,1951,3,12,126.51,0.5070422535211268,0.063043187591924,48
11440,1941,6,12,59.79,0.5070422535211268,0.0639122877390025,79
11442,1941,3,12,59.75,0.5070422535211268,0.0641797031688728,79
11449,1971,3,12,80.39,0.5070422535211268,0.0660516111779649,71
11454,2006,3,12,177.65,0.5070422535211268,0.0673218344698489,48
11457,1961,3,12,11.88,0.7746478873239436,0.0659847573204973,79
11463,1987,3,12,111.58,0.7746478873239436,0.065717341890627,79
11467,2008,3,12,233.69,0.7605633802816901,0.066519588180238,48
11469,1949,6,12,86.24,0.0140845070422535,0.0522128626821767,79
11473,1964,3,12,219.48,0.0140845070422535,0.0523465703971119,71
11475,2014,3,12,86.8,0.0140845070422535,0.0524134242545794,48
11479,1960,6,12,126.75,0.2676056338028169,0.0601684717208182,48
11483,1970,3,12,151.87,0.5211267605633803,0.063511164594197,71
11496,1923,3,12,67.5,0.2535211267605634,0.061304987297767,48
11498,1953,3,12,70.89,0.2676056338028169,0.0611712795828319,71
11501,1960,3,12,84.58,0.2676056338028169,0.0607701564380264,79
11506,1916,3,12,102.72,0.2676056338028169,0.0603021794357534,48
11511,2008,3,12,65.37,0.7605633802816901,0.0629094798769889,48
11517,1951,3,12,100.17,0.2535211267605634,0.0611044257253643,79
11519,1951,6,12,80.8,0.7746478873239436,0.0617729643000401,48
11522,1916,3,12,27.12,0.0,0.066987565182511,48
11527,1931,3,12,171.05,0.0,0.0665864420377055,79
11529,1930,3,12,90.57,0.0,0.0662521727503677,48
11543,1930,6,12,80.78,0.0,0.0532825244016579,48
11546,1940,3,12,58.91,0.0,0.0528814012568525,79
11549,1921,3,12,80.67,0.0,0.0525471319695146,79
11563,1965,3,12,136.47,0.2535211267605634,0.0671212728974461,71
11566,1967,6,12,253.0,0.4507042253521127,0.21152560502741,48
11568,1976,3,12,362.55,0.5211267605633803,0.069661719481214,79
11574,1900,3,12,94.86,0.2535211267605634,0.2512367963631501,71
11581,1975,3,12,176.62,0.9577464788732394,0.05294825511432,48
11585,1969,3,12,184.23,0.9577464788732394,0.0545527476935419,79
11588,2011,3,12,186.95,0.9577464788732394,0.0656504880331595,48
11590,1939,3,12,101.12,0.4788732394366197,0.0288808664259927,71
11592,1945,6,12,125.89,0.1408450704225352,0.251571065650488,79
11602,1968,3,12,118.31,0.5211267605633803,0.0525471319695146,71
11605,1939,3,12,232.28,0.0140845070422535,0.0,48
11607,2001,3,12,16.89,0.0,0.0,79
11610,1921,3,12,65.06,0.0,0.0524134242545794,48
11613,2001,3,12,1343.06,0.0140845070422535,0.0671881267549137,71
11618,2007,3,12,441.47,0.2676056338028169,0.0599010562909479,48
11621,1912,3,12,8.04,0.0,0.1775638454338815,48
11627,1958,3,12,127.66,0.2676056338028169,0.0879128225698622,71
11628,1942,3,12,118.16,0.5070422535211268,0.052012301109774,71
11631,2019,3,12,90.18,0.5070422535211268,0.0519454472523064,48
11634,2018,3,12,104.81,0.5070422535211268,0.0514106163925658,48
11635,1974,3,12,127.8,0.5070422535211268,0.0512769086776307,71
11640,2016,3,12,71.86,0.0,0.2936221419975932,48
11643,1930,3,12,53.87,0.0,0.6328386147880732,48
11648,1997,3,12,48.4,0.0,0.0651156571734189,48
11652,1939,3,12,,0.0,0.0653162187458216,79
11654,1930,3,12,318.01,0.2676056338028169,0.060369033293221,71
11667,1989,3,12,71.57,0.7183098591549296,0.2602620671212728,48
11674,1970,3,12,,0.7605633802816901,0.0606364487230913,71
11679,1991,3,12,58.69,0.2676056338028169,0.0599010562909479,48
11687,1934,3,12,85.43,0.0140845070422535,0.0523465703971119,48
11691,2020,3,12,,0.0140845070422535,0.0523465703971119,48
11693,1970,3,12,83.52,0.0140845070422535,0.0523465703971119,71
11695,1934,3,12,86.36,0.0,0.0522797165396443,79
11697,1950,3,12,79.92,0.0140845070422535,0.0523465703971119,48
11703,1973,6,12,96.72,0.2676056338028169,0.0588982484289343,48
11708,2002,3,12,59.36,0.2676056338028169,0.0604358871506885,48
11715,1924,3,12,40.5,0.5070422535211268,0.0516780318224361,48
11719,1939,6,12,,0.5070422535211268,0.0511432009626955,48
11725,1970,3,12,75.61,0.7746478873239436,0.0683914961893301,71
11730,1988,3,12,48.52,0.7746478873239436,0.0679903730445246,48
11734,1950,3,12,93.4,0.8732394366197183,0.2109907741676694,48
11735,1930,3,12,139.84,0.7323943661971831,0.0791549672416098,48
11742,1930,3,12,155.4,0.0140845070422535,0.0657841957480946,79
11749,1930,3,12,107.1,0.4788732394366197,0.0657841957480946,71
11752,1950,3,12,147.7,0.6056338028169014,0.1329054686455408,48
11756,1910,3,12,65.97,0.2676056338028169,0.0596336408610776,71
11758,1966,3,12,94.28,0.2535211267605634,0.0597004947185452,48
11761,1970,3,12,83.03,0.2676056338028169,0.0597004947185452,71
11771,1949,3,12,87.15,0.7746478873239436,0.0670544190399786,48
11773,1960,3,12,92.98,0.7746478873239436,0.0671212728974461,48
11774,1930,3,12,115.68,0.7746478873239436,0.0671881267549137,48
11776,1998,3,12,64.0,0.7746478873239436,0.0671881267549137,48
11778,1987,3,12,60.95,0.7746478873239436,0.0672549806123813,71
11783,1922,6,12,107.46,0.7746478873239436,0.0673886883273164,79
11785,1960,6,12,133.69,0.7746478873239436,0.067455542184784,48
11787,1930,3,12,75.22,0.7746478873239436,0.5843695681240807,48
11789,1941,3,12,77.38,0.7746478873239436,0.4100815617061104,79
11792,1952,3,12,73.84,0.7746478873239436,0.0764139590854392,71
11796,2003,3,12,1550.2,0.0140845070422535,0.0990774167669474,48
11808,1988,18,12,455.72,0.4366197183098591,0.3345367027677496,71
11824,1953,3,12,74.0,0.9859154929577464,0.0657841957480946,71
11826,1955,3,12,65.06,0.9859154929577464,0.0656504880331595,48
11829,1965,3,12,268.4,0.9859154929577464,0.0909881000133707,71
11832,1983,6,12,49.99,0.9859154929577464,0.0657841957480946,79
11837,2019,3,12,48.61,0.4788732394366197,0.0675892498997192,48
11842,2020,3,12,,0.2253521126760563,0.0678566653295895,48
11846,1935,3,12,,0.2253521126760563,0.0681240807594598,79
11849,2020,3,12,64.25,0.2253521126760563,0.0684583500467976,48
11854,1928,3,12,97.11,0.4788732394366197,0.0675223960422516,79
11871,1978,3,12,213.17,0.9859154929577464,0.0665864420377055,48
11884,1986,3,12,77.61,0.2253521126760563,0.0649819494584837,48
11886,2021,3,12,73.39,0.2253521126760563,0.065249364888354,48
11896,1942,3,12,,0.2253521126760563,0.0665864420377055,48
11908,1947,3,12,93.06,0.4788732394366197,0.0642465570263404,79
11917,1916,6,12,3.11,0.0140845070422535,0.066519588180238,48
11919,1916,3,12,146.4,0.5211267605633803,0.0657841957480946,71
11923,1950,3,12,34.08,0.5211267605633803,0.0657841957480946,71
11925,1955,3,12,66.32,0.5211267605633803,0.0657841957480946,79
11927,2023,3,12,66.26,0.5211267605633803,0.0657841957480946,48
11931,1958,6,12,119.98,0.7323943661971831,0.0798903596737531,79
11937,2003,3,12,205.99,0.5211267605633803,0.065717341890627,71
11941,2017,3,12,76.1,0.0140845070422535,0.0659179034630298,48
11944,2017,3,12,,0.0140845070422535,0.0659847573204973,48
11947,2018,3,12,19.64,0.0140845070422535,0.0660516111779649,48
11949,2016,3,12,64.37,0.5211267605633803,0.065717341890627,48
11952,2017,3,12,,0.0140845070422535,0.065717341890627,48
11955,2017,3,12,,0.0140845070422535,0.0657841957480946,48
11970,1991,3,12,74.93,0.9859154929577464,0.0781521593795961,48
11973,1985,3,12,119.81,0.9859154929577464,0.0786869902393368,48
11980,1978,3,12,1234.69,0.2816901408450704,0.1622543120738066,71
11981,1970,3,12,14.51,0.2816901408450704,0.0656504880331595,71
11993,1991,3,12,142.79,0.9859154929577464,0.0798903596737531,48
12000,1989,3,12,151.09,0.9859154929577464,0.0781521593795961,79
12014,1988,3,12,815.83,0.971830985915493,0.1988902259660382,48
12025,1960,3,12,108.89,0.6056338028169014,0.1280251370504078,71
12032,1989,3,12,74.21,0.4788732394366197,0.0781521593795961,48
12035,1995,3,12,150.0,0.4788732394366197,0.0790212595266746,48
12037,2004,3,12,118.33,0.4788732394366197,0.0793555288140125,71
12039,1992,3,12,181.44,0.4788732394366197,0.0785532825244016,48
12043,1992,3,12,,0.4788732394366197,0.0796229442438828,79
12053,1967,3,12,121.97,0.9859154929577464,0.0805588982484289,48
12055,1963,3,12,87.2,0.9859154929577464,0.0806257521058965,79
12057,1970,3,12,90.0,0.9859154929577464,0.0807594598208316,48
12064,1965,3,12,62.76,0.2253521126760563,0.0810268752507019,71
12066,1986,3,12,69.85,0.2253521126760563,0.0814948522529749,71
12074,1970,3,12,112.08,0.6056338028169014,0.5214600882470918,48
12081,1970,6,12,93.84,0.7323943661971831,0.0793555288140125,79
12085,1967,6,12,52.91,0.9859154929577464,0.0670544190399786,79
12087,2003,3,12,34.09,0.9859154929577464,0.0666532958951731,79
12089,1970,6,12,49.24,0.9859154929577464,0.0664527343227704,48
12093,2006,3,12,50.76,0.9859154929577464,0.065717341890627,48
12098,1974,6,12,37.89,0.2253521126760563,0.0794892365289477,48
12103,2006,3,12,63.55,0.2253521126760563,0.0804920443909613,79
12106,2017,3,12,66.42,0.2253521126760563,0.0807594598208316,48
12108,2020,3,12,80.58,0.2253521126760563,0.0808263136782992,48
12111,1975,3,12,94.18,0.2253521126760563,0.080224628961091,48
12115,1954,3,12,,0.4788732394366197,0.0807594598208316,79
12118,1969,3,12,16.19,0.4788732394366197,0.0804920443909613,79
12127,1992,3,12,93.29,0.7323943661971831,0.2968979810135044,48
12129,1992,3,12,75.24,0.7323943661971831,0.049806123813344,71
12131,1992,3,12,75.82,0.7323943661971831,0.0585639791415964,71
12133,1992,3,12,81.46,0.7323943661971831,0.0613718411552346,71
12135,1992,3,12,75.53,0.7323943661971831,0.0611044257253643,48
12137,1992,3,12,76.72,0.7323943661971831,0.0607701564380264,71
12139,1992,3,12,83.88,0.7323943661971831,0.0604358871506885,48
12142,1992,3,12,67.78,0.7323943661971831,0.0601684717208182,48
12150,1961,9,12,78.93,0.2253521126760563,0.0804920443909613,79
12155,1970,3,12,46.34,0.352112676056338,0.172750367696216,79
12173,1959,3,12,,0.2253521126760563,0.5037438160181842,71
12175,1960,3,12,27.39,0.2253521126760563,0.3937692204840219,71
12178,2007,3,12,64.94,0.2253521126760563,0.0814948522529749,48
12180,2006,3,12,65.5,0.2253521126760563,0.0814948522529749,48
12184,1956,9,12,72.2,0.2253521126760563,0.0814279983955074,79
12186,1967,3,12,97.78,0.2253521126760563,0.0814279983955074,48
12188,2008,3,12,75.21,0.2253521126760563,0.0814279983955074,48
12195,1950,3,12,12.02,0.7323943661971831,0.0530151089717876,71
12198,1960,3,12,62.78,0.7323943661971831,0.0532156705441903,71
12205,1925,3,12,11.77,0.8732394366197183,0.2714935151758256,79
12210,1980,3,12,42.68,0.2253521126760563,0.0534162321165931,71
12219,1946,3,12,,0.2253521126760563,0.2291750233988501,48
12232,1945,6,12,23.9,0.2253521126760563,0.0811605829656371,79
12239,1930,3,12,,0.2253521126760563,0.0809600213932343,71
12241,1971,3,12,161.76,0.2253521126760563,0.0808931675357668,48
12247,2019,3,12,56.01,0.4788732394366197,0.0667201497526407,48
12253,1920,3,12,,0.4788732394366197,0.0661853188929001,79
12262,1956,3,12,73.0,0.7323943661971831,0.0798235058162855,48
12266,1964,6,12,18.91,0.0,0.0,79
12278,1966,3,12,76.5,0.1267605633802817,0.0532156705441903,79
12285,1968,3,12,115.68,0.647887323943662,0.1060302179435753,71
12287,1971,3,12,88.92,0.647887323943662,0.1064313410883807,71
12289,1978,3,12,398.12,0.6619718309859155,0.1079021259526674,79
12291,2020,3,12,67.99,0.6619718309859155,0.1083701029549405,48
12294,2020,3,12,,0.676056338028169,0.1099077416766947,48
12296,1920,3,12,,0.676056338028169,0.1105094263939029,71
12298,2023,3,12,29.79,0.676056338028169,0.1100414493916299,48
12301,1970,3,12,80.2,0.676056338028169,0.1041583099344832,79
12304,1960,3,12,15.74,0.8873239436619719,0.1117796496857868,71
12308,1970,3,12,40.81,0.8873239436619719,0.0801577751036234,71
12310,1950,3,12,67.25,0.8873239436619719,0.0802914828185586,79
12312,1975,3,12,120.88,0.8873239436619719,0.0804251905334937,71
12316,2001,3,12,94.2,0.3380281690140845,0.3649552079154967,79
12320,1973,3,12,96.97,0.1267605633802817,0.1561706110442572,79
12322,1964,3,12,90.42,0.1267605633802817,0.1284262601952132,71
12324,1964,3,12,64.63,0.1267605633802817,0.0788206979542719,71
12327,1970,3,12,93.58,0.1267605633802817,0.0781521593795961,79
12331,1958,3,12,93.7,0.3661971830985915,0.3046530284797432,79
12336,1970,3,12,99.13,0.6338028169014085,0.0532156705441903,71
12339,1969,3,12,74.77,0.6338028169014085,0.0532156705441903,71
12343,1970,3,12,108.78,0.6338028169014085,0.0530819628292552,71
12349,1967,6,12,102.83,0.1267605633802817,0.0796897981013504,79
12355,1970,6,12,78.88,0.380281690140845,0.0805588982484289,79
12360,1987,3,12,148.64,0.380281690140845,0.0805588982484289,71
12364,1982,3,12,138.45,0.676056338028169,0.1064313410883807,71
12370,1970,3,12,141.66,0.8873239436619719,0.05294825511432,71
12376,1980,3,12,111.09,0.0140845070422535,0.2108570664527343,71
12378,1974,3,12,117.31,0.2535211267605634,0.0764139590854392,48
12381,1970,6,12,141.78,0.380281690140845,0.0534830859740607,48
12386,1979,3,12,104.76,0.380281690140845,0.0533493782591255,48
12390,1970,3,12,120.74,0.380281690140845,0.0532825244016579,71
12392,1969,3,12,148.5,0.380281690140845,0.0531488166867228,71
12396,1971,3,12,99.29,0.6338028169014085,0.0799572135312207,79
12401,1974,3,12,33.67,0.8873239436619719,0.1001470784864286,71
12405,1970,3,12,57.36,0.8873239436619719,0.0990105629094798,71
12406,1980,3,12,165.86,0.8873239436619719,0.0986762936221419,71
12410,1978,3,12,130.58,0.8873239436619719,0.3444979275304184,71
12422,1987,6,12,,0.352112676056338,0.0534162321165931,48
12423,1978,3,12,207.23,0.352112676056338,0.0538173552613985,71
12425,1979,3,12,200.87,0.352112676056338,0.0541516245487364,71
12429,1960,3,12,75.33,0.9859154929577464,0.0667870036101083,71
12431,1970,3,12,86.93,0.9859154929577464,0.0667201497526407,79
12434,1986,3,12,70.94,0.9859154929577464,0.0661853188929001,48
12438,2004,3,12,87.65,0.2253521126760563,0.0653830726032892,48
12443,1960,3,12,60.45,0.4647887323943662,0.426527610643134,79
12446,1940,3,12,96.82,0.6056338028169014,0.2272362615322904,48
12451,1950,3,12,97.27,0.6056338028169014,0.2218210990774167,71
12456,1991,3,12,113.05,0.9859154929577464,0.0664527343227704,71
12459,1930,3,12,182.75,0.971830985915493,0.065717341890627,71
12461,1950,3,12,2584.39,0.4788732394366197,0.0667201497526407,71
12463,1930,6,12,233.67,0.971830985915493,0.0655167803182243,79
12465,1950,3,12,48.27,0.971830985915493,0.0655167803182243,71
12467,1935,3,12,177.19,0.971830985915493,0.0654499264607567,48
12469,1951,9,12,160.58,0.971830985915493,0.0653830726032892,48
12473,1960,3,12,12.12,0.4788732394366197,0.0667870036101083,71
12486,1940,6,12,69.92,0.971830985915493,0.0638454338815349,48
12489,1978,3,12,120.25,0.2253521126760563,0.0670544190399786,71
12493,1940,3,12,,0.2253521126760563,0.0680572269019922,79
12495,1970,3,12,193.94,0.2253521126760563,0.0684583500467976,71
12497,2004,3,12,223.68,0.7323943661971831,0.0683246423318625,71
12499,1950,3,12,120.7,0.971830985915493,0.0634443107367295,48
12501,1925,3,12,,0.971830985915493,0.0635780184516646,48
12502,1979,6,12,194.08,0.971830985915493,0.0637785800240673,48
12503,1930,3,12,137.48,0.971830985915493,0.0639791415964701,71
12505,2021,3,12,74.29,0.971830985915493,0.0641797031688728,48
12507,1960,3,12,83.19,0.971830985915493,0.0643134108838079,71
12510,1967,6,12,141.92,0.971830985915493,0.0649150956010161,48
12519,1970,3,12,126.89,0.4647887323943662,0.0655167803182243,71
12523,1950,3,12,106.27,0.4647887323943662,0.065717341890627,71
12527,1990,9,12,34.77,0.4647887323943662,0.0928600080224628,48
12531,1955,3,12,,0.4647887323943662,0.0661184650354325,48
12534,1940,3,12,104.42,0.4647887323943662,0.0660516111779649,48
12538,1940,3,12,96.35,0.4647887323943662,0.0660516111779649,48
12540,1940,3,12,78.76,0.4647887323943662,0.0660516111779649,79
12545,2017,3,12,,0.4647887323943662,0.0661184650354325,79
12547,1940,3,12,99.17,0.4647887323943662,0.0661184650354325,48
12555,1960,3,12,225.43,0.7746478873239436,0.1319026607835272,71
12560,1984,3,12,107.4,0.7746478873239436,0.0872442839951865,71
12562,1960,3,12,162.27,0.971830985915493,0.0645139724562107,48
12569,2007,3,12,137.88,0.4647887323943662,0.065717341890627,48
12576,1950,3,12,,0.971830985915493,0.0517448856799037,79
12577,1950,3,12,143.23,0.971830985915493,0.0522128626821767,79
12580,1948,3,12,143.72,0.971830985915493,0.0530151089717876,71
12583,1955,3,12,83.63,0.971830985915493,0.0532156705441903,48
12585,1950,3,12,87.6,0.971830985915493,0.0532156705441903,71
12586,1940,3,12,34.09,0.971830985915493,0.0531488166867228,71
12588,2016,3,12,54.2,0.971830985915493,0.0531488166867228,48
12596,1944,3,12,89.64,0.971830985915493,0.0531488166867228,48
12600,1953,3,12,19.46,0.2112676056338028,0.0661184650354325,71
12603,2015,3,12,83.0,0.4647887323943662,0.065249364888354,48
12606,1965,3,12,87.38,0.4647887323943662,0.0649150956010161,71
12609,1930,3,12,,0.4647887323943662,0.0642465570263404,79
12611,1940,3,12,88.1,0.4647887323943662,0.0641128493114052,48
12618,1955,3,12,75.38,0.4647887323943662,0.1862548469046663,71
12620,1960,9,12,84.42,0.4647887323943662,0.4261264874983286,79
12622,1988,6,12,96.37,0.4647887323943662,0.0639791415964701,79
12626,1950,3,12,20.15,0.4647887323943662,0.0633774568792619,79
12629,2017,3,12,53.16,0.4647887323943662,0.0632437491643267,48
12632,2017,3,12,53.44,0.4647887323943662,0.0631100414493916,48
12635,1955,3,12,112.49,0.4647887323943662,0.0627089183045861,48
12643,1980,3,12,82.49,0.971830985915493,0.1070330258055889,71
12653,1940,3,12,54.01,0.0140845070422535,0.066519588180238,48
12656,1962,3,12,147.56,0.0140845070422535,0.0663858804653028,79
12659,1979,3,12,214.96,0.2676056338028169,0.0592325177162722,48
12672,1973,3,12,109.75,0.7746478873239436,0.0660516111779649,48
12679,1965,3,12,82.48,0.7746478873239436,0.0665864420377055,71
12681,1922,3,12,72.19,0.7746478873239436,0.0665864420377055,48
12692,1930,3,12,71.44,0.0,0.0528145473993849,79
12696,1961,3,12,70.58,0.2676056338028169,0.0599679101484155,71
12699,1936,3,12,63.68,0.2535211267605634,0.0598342024334804,79
12706,1961,3,12,10.12,0.2676056338028169,0.059098810001337,71
12708,1960,6,12,144.65,0.5211267605633803,0.0524134242545794,48
12710,1960,3,12,51.41,0.5211267605633803,0.0525471319695146,71
12713,1960,6,12,,0.7605633802816901,0.0679235191870571,48
12717,1960,3,12,,0.7605633802816901,0.0671212728974461,79
12719,1960,3,12,73.86,0.7605633802816901,0.0668538574675758,48
12722,2014,3,12,129.9,0.7605633802816901,0.0663190266078352,48
12724,1970,3,12,87.0,0.0,0.0524134242545794,71
12730,1961,6,12,71.21,0.5352112676056338,0.0664527343227704,48
12732,2008,3,12,193.05,0.5352112676056338,0.0665864420377055,48
12737,1962,3,12,,0.7746478873239436,0.0668538574675758,79
12739,2001,3,12,95.42,0.7746478873239436,0.0646476801711458,79
12742,1960,3,12,263.91,0.2676056338028169,0.0592325177162722,71
12749,2016,3,12,150.8,0.0,0.0525471319695146,48
12757,1961,3,12,137.38,0.2676056338028169,0.060837010295494,79
12759,1961,3,12,81.7,0.2676056338028169,0.0610375718678967,71
12761,1970,3,12,109.32,0.2535211267605634,0.0613718411552346,79
12763,1961,3,12,95.11,0.2676056338028169,0.0614386950127022,48
12765,1910,3,12,66.58,0.2676056338028169,0.0615724027276373,79
12767,1969,3,12,89.56,0.2535211267605634,0.0617061104425725,71
12781,1950,9,12,110.21,0.7746478873239436,0.3619467843294557,79
12783,1949,3,12,44.72,0.0,0.0526139858269822,71
12786,2004,3,12,68.31,0.0,0.0522797165396443,48
12788,1987,3,12,75.2,0.0,0.0522797165396443,79
12799,1950,3,12,98.89,0.2676056338028169,0.0675892498997192,71
12802,1952,3,12,93.55,0.5070422535211268,0.0530819628292552,48
12804,1960,3,12,92.92,0.5070422535211268,0.0530819628292552,71
12811,1958,3,12,,0.7746478873239436,0.0583634175691937,48
12813,1949,3,12,114.69,0.7746478873239436,0.0582965637117261,71
12816,1913,3,12,156.55,0.2676056338028169,0.0666532958951731,48
12818,1968,3,12,22.84,0.2676056338028169,0.0591656638588046,71
12824,1987,3,12,313.35,0.7605633802816901,0.0651825110308864,48
12828,1950,3,12,73.44,0.0,0.0645139724562107,71
12831,1912,3,12,115.45,0.0,0.064781387886081,48
12834,1950,3,12,73.95,0.0,0.0649819494584837,71
12837,1952,3,12,69.05,0.0,0.0651156571734189,71
12841,1960,3,12,86.21,0.0,0.0654499264607567,71
12845,1959,3,12,76.65,0.2676056338028169,0.1006150554887017,79
12849,1978,3,12,163.94,0.2535211267605634,0.0651825110308864,71
12853,1951,3,12,52.9,0.2676056338028169,0.0653830726032892,48
12855,1961,3,12,61.59,0.2535211267605634,0.0654499264607567,71
12857,1961,3,12,69.42,0.2676056338028169,0.304051343762535,71
12859,2021,3,12,100.7,0.5070422535211268,0.0519454472523064,48
12861,1963,3,12,69.67,0.5070422535211268,0.0520791549672416,71
12867,2006,3,12,48.35,0.5070422535211268,0.052480278112047,48
12869,2023,3,12,282.03,0.7746478873239436,0.0592993715737397,48
12872,1900,3,12,93.78,0.7746478873239436,0.0594330792886749,48
12879,2005,3,12,,0.5070422535211268,0.1195346971520256,79
12881,1961,3,12,67.61,0.0140845070422535,0.0687257654766679,48
12884,1962,3,12,23.62,0.0140845070422535,0.0814279983955074,48
12887,2019,3,12,,0.0140845070422535,0.0815617061104425,48
12889,1971,3,12,72.15,0.0140845070422535,0.0816954138253777,79
12893,1970,3,12,90.68,0.2676056338028169,0.0587645407139991,71
12904,1983,9,12,1339.4,0.0140845070422535,0.0623077951597807,79
12927,1932,3,12,75.64,0.028169014084507,0.0522797165396443,79
12929,1894,6,12,91.0,0.028169014084507,0.0524134242545794,79
12937,1970,3,12,103.96,0.5070422535211268,0.0732049739269955,71
12943,1961,3,12,79.87,0.5070422535211268,0.05074207781789,79
12959,1948,3,12,77.04,0.0140845070422535,0.0653830726032892,71
12963,1989,3,12,252.96,0.0140845070422535,0.065717341890627,71
12966,1948,3,12,149.59,0.2676056338028169,0.0663858804653028,71
12969,1950,3,12,,0.2535211267605634,0.0664527343227704,79
12979,1960,3,12,222.31,0.5211267605633803,0.0632437491643267,71
12983,2024,3,12,72.9,0.7746478873239436,0.0607701564380264,48
12985,2024,3,12,281.21,0.0140845070422535,0.0655836341756919,48
12995,2017,3,12,,0.2535211267605634,0.0649819494584837,79
12997,1943,3,12,118.07,0.2676056338028169,0.0650488033159513,48
12999,1920,3,12,122.58,0.2676056338028169,0.0653830726032892,48
13005,1940,3,12,72.56,0.5211267605633803,0.0655836341756919,48
13015,1946,3,12,,0.0140845070422535,0.0526139858269822,79
13017,1911,3,12,54.48,0.0140845070422535,0.0528814012568525,79
13035,1921,6,12,119.35,0.5211267605633803,0.0528814012568525,48
13043,2004,3,12,350.85,0.2535211267605634,0.0667201497526407,71
13045,2004,3,12,382.25,0.7746478873239436,0.0600347640058831,48
13061,1979,3,12,156.32,0.5211267605633803,0.0798235058162855,71
13081,1944,3,12,100.46,0.2676056338028169,0.2831929402326514,79
13084,2017,6,12,417.74,0.2676056338028169,0.3458350046797699,71
13090,1926,3,12,54.78,0.7746478873239436,0.0598342024334804,79
13092,1918,3,12,133.28,0.7746478873239436,0.0597673485760128,48
13096,2017,3,12,60.24,0.7746478873239436,0.0597673485760128,48
13098,1946,3,12,98.14,0.7605633802816901,0.0597004947185452,48
13101,2019,3,12,100.59,0.7746478873239436,0.0597004947185452,48
13104,1978,3,12,121.12,0.7746478873239436,0.0596336408610776,71
13107,1983,3,12,164.9,0.7746478873239436,0.0597004947185452,48
13112,1992,3,12,67.06,0.7746478873239436,0.0595667870036101,48
13118,2009,6,12,391.43,0.2676056338028169,0.211057628025137,48
13123,1960,9,12,167.87,0.1830985915492957,0.1527610643134108,71
13125,1977,3,12,448.75,0.5774647887323944,0.5288808664259927,71
13135,2005,3,12,1647.54,0.1830985915492957,0.1890627089183045,79
13139,1953,3,12,1584.66,0.3661971830985915,0.3698355395106297,48
13143,1958,3,12,58.54,0.0140845070422535,0.065249364888354,71
13147,2018,3,12,52.81,0.2816901408450704,0.0637117261665998,79
13150,1915,3,12,40.36,0.7887323943661971,0.0655167803182243,48
13152,1915,3,12,100.91,0.7887323943661971,0.0654499264607567,79
13154,1915,3,12,102.14,0.7887323943661971,0.0654499264607567,48
13156,1915,3,12,128.31,0.7887323943661971,0.0653830726032892,48
13159,1915,3,12,59.45,0.7887323943661971,0.0653162187458216,48
13163,2021,6,12,115.86,0.4788732394366197,0.0651156571734189,48
13164,1972,3,12,83.31,0.7887323943661971,0.1002807862013638,71
13169,2007,3,12,76.06,0.7887323943661971,0.0653162187458216,79
13175,1974,3,12,94.22,0.9859154929577464,0.0786869902393368,71
13180,1960,3,12,110.0,0.0985915492957746,0.1830458617462227,71
13182,1960,3,12,165.97,0.2253521126760563,0.080224628961091,71
13188,1934,3,12,89.8,0.9859154929577464,0.0609038641529616,79
13194,1984,3,12,82.62,0.9859154929577464,0.0623077951597807,71
13197,1934,3,12,,0.9859154929577464,0.0626420644471185,48
13199,1950,3,12,74.72,0.9859154929577464,0.0629094798769889,71
13201,1983,3,12,133.13,0.1549295774647887,0.1059633640861077,48
13211,1930,3,12,77.32,0.1690140845070422,0.1073004412354592,71
13213,1940,6,12,94.9,0.1690140845070422,0.1074341489503944,48
13220,1960,3,12,98.87,0.4788732394366197,0.0800909212461559,71
13224,2019,3,12,22.3,0.4788732394366197,0.0796229442438828,79
13227,1945,3,12,103.57,0.4788732394366197,0.0792886749565449,48
13231,1998,3,12,82.08,0.7323943661971831,0.0796897981013504,79
13239,1989,3,12,106.45,0.9859154929577464,0.0667201497526407,48
13243,1946,3,12,,0.9859154929577464,0.0673218344698489,71
13247,2019,6,12,63.2,0.2253521126760563,0.0811605829656371,48
13249,2006,3,12,110.55,0.2253521126760563,0.080692605963364,48
13252,1987,6,12,134.01,0.352112676056338,0.1785666532958951,48
13255,1960,3,12,129.49,0.4788732394366197,0.0783527209519989,71
13257,1970,3,12,109.03,0.4788732394366197,0.078486428666934,79
13261,1960,3,12,104.97,0.4788732394366197,0.0788206979542719,71
13278,1970,3,12,216.34,0.1549295774647887,0.1107099879663056,48
13286,1923,3,12,,0.1690140845070422,0.1064981949458483,79
13288,2007,3,12,102.62,0.1690140845070422,0.1058296563711726,48
13290,1920,3,12,74.57,0.1690140845070422,0.1056959486562374,48
13294,1940,3,12,88.18,0.1690140845070422,0.1046262869367562,79
13298,1948,3,12,12.64,0.4788732394366197,0.0617729643000401,71
13301,1960,3,12,37.27,0.4788732394366197,0.0611712795828319,71
13304,1940,3,12,41.1,0.4788732394366197,0.0606364487230913,71
13306,1932,3,12,15.96,0.7323943661971831,0.0808931675357668,71
13309,1977,3,12,175.37,0.7323943661971831,0.0810268752507019,71
13310,1960,3,12,100.97,0.7323943661971831,0.0810268752507019,71
13320,1930,3,12,80.69,0.1549295774647887,0.1127824575478005,48
13322,1957,6,12,72.82,0.7323943661971831,0.2798502473592726,48
13325,1960,6,12,40.84,0.1267605633802817,0.0770156438026474,79
13331,1995,3,12,54.46,0.1267605633802817,0.0777510362347907,48
13339,2006,3,12,52.51,0.6197183098591549,0.0473325310870437,48
13343,1950,3,12,104.01,0.6197183098591549,0.0478005080893167,48
13346,1970,3,12,103.51,0.6197183098591549,0.0483353389490573,71
13348,1936,3,12,45.71,0.6197183098591549,0.04853590052146,71
13350,2000,3,12,60.78,0.6197183098591549,0.0487364620938628,79
13359,1970,3,12,16.07,0.8873239436619719,0.3180237999732584,71
13364,1930,3,12,,0.6197183098591549,0.0992779783393501,71
13368,1990,3,12,91.82,0.1126760563380281,0.0477336542318491,48
13371,1960,3,12,112.47,0.1126760563380281,0.0473325310870437,71
13374,1964,6,12,108.91,0.5070422535211268,0.2074475197218879,79
13377,1942,3,12,56.43,0.6197183098591549,0.1758924989971921,48
13381,1970,3,12,49.71,0.6197183098591549,0.099612247626688,79
13384,1964,3,12,40.5,0.6197183098591549,0.0999465169140259,71
13387,1983,3,12,113.03,0.1267605633802817,0.0795560903864153,48
13398,1967,6,12,,0.1267605633802817,0.0800909212461559,79
13402,1977,3,12,119.24,0.380281690140845,0.0531488166867228,71
13405,1971,3,12,100.2,0.380281690140845,0.0532156705441903,71
13407,1978,3,12,113.53,0.380281690140845,0.0532825244016579,48
13415,1976,3,12,131.36,0.8873239436619719,0.0800909212461559,71
13419,1973,3,12,127.06,0.8873239436619719,0.0801577751036234,71
13423,1976,3,12,139.35,0.0140845070422535,0.2073806658644203,79
13426,1972,6,12,13.95,0.380281690140845,0.0530151089717876,79
13428,1980,3,12,128.86,0.380281690140845,0.0530819628292552,71
13429,1968,3,12,115.08,0.380281690140845,0.0531488166867228,71
13430,1980,3,12,132.87,0.380281690140845,0.0532156705441903,71
13431,1987,3,12,129.34,0.380281690140845,0.0532156705441903,71
13436,1970,6,12,96.97,0.6338028169014085,0.0801577751036234,48
13442,1997,6,12,81.74,0.8873239436619719,0.0808931675357668,48
13444,1980,6,12,264.18,0.8873239436619719,0.0812274368231047,71
13447,1970,3,12,86.87,0.8873239436619719,0.3178232384008557,71
13449,1984,3,12,112.6,0.0140845070422535,0.210589651022864,71
13453,1984,6,12,115.99,0.380281690140845,0.0810268752507019,48
13455,1971,3,12,104.31,0.380281690140845,0.0808931675357668,71
13463,1972,3,12,112.53,0.380281690140845,0.0809600213932343,71
13466,1984,3,12,130.45,0.380281690140845,0.0801577751036234,71
13470,1968,3,12,127.95,0.380281690140845,0.0800909212461559,71
13472,1973,3,12,129.02,0.380281690140845,0.0800909212461559,79
13474,1972,3,12,112.02,0.380281690140845,0.0800240673886883,71
13476,1969,3,12,107.76,0.380281690140845,0.0800240673886883,71
13480,1975,3,12,107.4,0.6338028169014085,0.0796897981013504,71
13482,1970,3,12,110.56,0.6338028169014085,0.0796897981013504,71
13485,1971,3,12,118.86,0.8873239436619719,0.0531488166867228,71
13491,1977,3,12,136.76,0.8873239436619719,0.0534162321165931,71
13496,1971,3,12,97.4,0.8873239436619719,0.0535499398315282,71
13498,1972,6,12,121.45,0.8873239436619719,0.0535499398315282,48
13503,1971,3,12,104.82,0.8873239436619719,0.3433614119534697,71
13506,1980,3,12,,0.0422535211267605,0.1446717475598342,48
13510,1980,3,12,,0.0704225352112676,0.0238668271159245,48
13512,1968,3,12,88.49,0.0704225352112676,0.0558898248428934,79
13514,1980,3,12,,0.028169014084507,0.0579622944243882,48
13517,2002,3,12,,0.1408450704225352,0.0550875785532825,48
13521,2007,3,12,,0.7605633802816901,0.0310870437224227,48
13524,1962,6,12,,0.7605633802816901,0.0348977135980746,48
13526,1960,3,12,22.3,0.3943661971830985,0.0455943307928867,79
13528,1962,3,12,82.91,0.3943661971830985,0.0446583767883406,48
13530,1964,6,12,15.58,0.380281690140845,0.0456611846503543,48
13531,1952,3,12,76.44,0.3943661971830985,0.0534162321165931,48
13533,1964,3,12,29.71,0.3943661971830985,0.0594999331461425,48
13536,1989,3,12,108.66,0.3661971830985915,0.0,79
13538,1964,3,12,,0.9014084507042254,0.0466639925123679,79
13540,1964,3,12,70.0,0.9014084507042254,0.0447920845032758,48
13542,1961,3,12,46.86,0.9014084507042254,0.0441903997860676,48
13544,1964,3,12,156.64,0.8873239436619719,0.0445246690734055,48
13548,1963,6,12,,0.8732394366197183,0.0801577751036234,48
13553,1975,3,12,,0.9154929577464788,0.0321567054419039,79
13555,1980,3,12,58.72,0.943661971830986,0.0340286134509961,48
13558,1980,3,12,83.8,0.7464788732394366,0.1554352186121139,79
13559,1980,3,12,27.0,0.5070422535211268,0.0452600615055488,79
13562,1979,3,12,,0.9577464788732394,0.0473325310870437,79
13565,2008,3,12,,0.943661971830986,0.0478673619467843,79
13569,1962,3,12,,0.028169014084507,0.0774167669474528,48
13572,1996,3,12,76.13,0.1971830985915492,0.0454606230779515,79
13577,1975,3,12,21.97,0.3943661971830985,0.0441903997860676,48
13579,1995,3,12,128.64,0.3943661971830985,0.0449257922182109,79
13584,1975,3,12,108.7,0.2253521126760563,0.066519588180238,48
13586,1933,3,12,,0.2112676056338028,0.066519588180238,71
13588,1940,3,12,193.5,0.2112676056338028,0.0667201497526407,79
13591,1928,3,12,130.9,0.2112676056338028,0.0670544190399786,48
13597,1940,3,12,59.3,0.3380281690140845,0.1061639256585104,71
13600,1936,6,12,102.65,0.7323943661971831,0.0664527343227704,79
13602,1930,3,12,104.42,0.7183098591549296,0.0665864420377055,48
13606,1960,6,12,130.57,0.7323943661971831,0.0668538574675758,48
13613,1960,3,12,114.25,0.7183098591549296,0.0685252039042652,71
13615,2007,3,12,164.73,0.971830985915493,0.0671881267549137,48
13618,1924,3,12,95.74,0.2112676056338028,0.0657841957480946,48
13623,1935,3,12,84.03,0.2112676056338028,0.0656504880331595,71
13626,1935,3,12,,0.2112676056338028,0.0656504880331595,48
13628,1935,3,12,93.12,0.2112676056338028,0.0656504880331595,79
13634,1950,3,12,71.74,0.2112676056338028,0.0655836341756919,79
13636,1934,3,12,87.04,0.4647887323943662,0.0666532958951731,48
13637,1950,3,12,92.32,0.4647887323943662,0.0659179034630298,71
13641,1950,3,12,110.26,0.7183098591549296,0.0659847573204973,48
13648,2008,3,12,53.91,0.7183098591549296,0.0664527343227704,48
13651,2023,3,12,,0.7183098591549296,0.0666532958951731,48
13653,1950,3,12,113.21,0.7183098591549296,0.0668538574675758,71
13665,1940,6,12,40.5,0.1971830985915492,0.0657841957480946,79
13669,2020,9,12,103.91,0.7183098591549296,0.0684583500467976,48
13677,1992,12,12,,0.971830985915493,0.107501002807862,48
13679,2016,3,12,,0.2112676056338028,0.0684583500467976,79
13684,2020,6,12,,0.4647887323943662,0.0522128626821767,48
13692,1940,3,12,67.43,0.0140845070422535,0.0661853188929001,48
13701,1983,3,12,299.65,0.4929577464788732,0.6897312474929803,79
13707,2021,9,12,332.76,0.4647887323943662,0.1212728974461826,48
13708,1951,3,12,176.16,0.7746478873239436,0.0602353255782858,71
13711,1941,3,12,79.46,0.0,0.054686455408477,71
13713,1960,3,12,71.31,0.0,0.0545527476935419,48
13715,1949,3,12,131.04,0.0,0.0543521861211391,48
13721,1962,3,12,47.29,0.0140845070422535,0.0540847706912688,71
13733,1955,3,12,,0.2676056338028169,0.1591121807728306,79
13740,1962,3,12,554.7,0.5070422535211268,0.0532825244016579,79
13742,1961,3,12,64.36,0.5211267605633803,0.0532825244016579,71
13748,1950,3,12,90.23,0.7746478873239436,0.0592325177162722,71
13753,1958,3,12,34.43,0.7746478873239436,0.0593662254312073,48
13758,1961,3,12,36.42,0.7746478873239436,0.0596336408610776,79
13760,1960,3,12,1051.7,0.7746478873239436,0.0594999331461425,79
13772,2021,3,12,68.59,0.0,0.0525471319695146,48
13777,1931,3,12,,0.0,0.0525471319695146,79
13782,1951,3,12,86.65,0.2676056338028169,0.2051076347105228,79
13792,1951,3,12,,0.2676056338028169,0.1861879930471988,79
13795,1991,6,12,136.1,0.2676056338028169,0.172750367696216,48
13798,1971,6,12,100.24,0.2676056338028169,0.1684717208182912,79
13802,1951,3,12,88.21,0.5070422535211268,0.0540179168338013,71
13810,2017,3,12,44.9,0.7605633802816901,0.0613718411552346,48
13812,1976,3,12,96.95,0.7605633802816901,0.061304987297767,71
13814,2022,3,12,95.87,0.7746478873239436,0.0611712795828319,48
13816,2019,3,12,70.32,0.7746478873239436,0.0610375718678967,48
13820,2008,3,12,,0.7746478873239436,0.0607033025805588,79
13822,1961,3,12,66.19,0.7746478873239436,0.0605695948656237,71
13828,1931,6,12,71.01,0.0140845070422535,0.0521460088247091,79
13831,1959,3,12,77.43,0.0140845070422535,0.0522797165396443,48
13833,1960,3,12,58.57,0.0140845070422535,0.0523465703971119,48
13837,2012,6,12,56.89,0.0140845070422535,0.052480278112047,79
13839,1961,3,12,134.86,0.0140845070422535,0.0525471319695146,71
13841,1950,3,12,81.33,0.0140845070422535,0.0526808396844497,79
13846,1950,6,12,72.67,0.2676056338028169,0.2067789811472122,79
13853,1950,6,12,78.27,0.2676056338028169,0.2151357133306591,79
13859,1955,6,12,71.07,0.2676056338028169,0.2216873913624815,79
13862,1950,3,12,82.78,0.2676056338028169,0.223826714801444,79
13871,1968,3,12,,0.5070422535211268,0.0534162321165931,48
13878,1951,3,12,36.48,0.7746478873239436,0.0587645407139991,71
13883,1953,3,12,,0.7605633802816901,0.0587645407139991,79
13885,1960,6,12,198.4,0.7746478873239436,0.0588313945714667,79
13896,1961,3,12,15.94,0.5070422535211268,0.0526139858269822,71
13912,1990,3,12,44.57,0.971830985915493,0.0659847573204973,71
13915,1940,3,12,63.05,0.971830985915493,0.0660516111779649,48
13918,1893,3,12,63.92,0.971830985915493,0.0660516111779649,48
13923,2000,3,12,,0.971830985915493,0.0660516111779649,71
13928,1973,6,12,1218.25,0.1126760563380281,0.3428265810937291,71
13930,1951,3,12,68.5,0.5211267605633803,0.0523465703971119,71
13940,1961,3,12,,0.0140845070422535,0.0532156705441903,71
13948,1965,3,12,65.19,0.0140845070422535,0.0536836475464634,79
13960,1969,6,12,126.79,0.2676056338028169,0.1655301510897179,79
13964,1943,3,12,72.54,0.7605633802816901,0.0578285867094531,48
13972,1909,3,12,87.61,0.5352112676056338,0.0687926193341355,79
13978,2018,3,12,48.27,0.5352112676056338,0.0711325043455007,48
13981,2022,3,12,64.86,0.5352112676056338,0.0715336274903061,48
13983,1900,3,12,140.92,0.5352112676056338,0.0732718277844631,79
13992,2004,3,12,195.8,0.5352112676056338,0.0724027276373846,71
14001,1976,9,12,187.15,0.028169014084507,0.0693274501938761,79
14008,1973,3,12,341.97,0.5070422535211268,0.0683914961893301,71
14013,1910,3,12,91.85,0.4647887323943662,0.0660516111779649,79
14015,1961,3,12,95.18,0.4647887323943662,0.0660516111779649,71
14020,1957,3,12,85.57,0.4647887323943662,0.0659847573204973,79
14033,1984,3,12,,0.0140845070422535,0.0528814012568525,48
14035,1959,3,12,105.94,0.0140845070422535,0.0528814012568525,71
14037,1900,3,12,57.83,0.0140845070422535,0.0528814012568525,79
14040,1940,3,12,70.68,0.0,0.05294825511432,71
14044,1962,3,12,84.18,0.2676056338028169,0.1073004412354592,71
14046,1960,3,12,177.3,0.2676056338028169,0.058630832999064,71
14051,2020,3,12,50.05,0.2676056338028169,0.0588313945714667,48
14053,1960,6,12,95.68,0.5352112676056338,0.0657841957480946,48
14066,1972,3,12,69.85,0.0,0.05294825511432,79
14068,1958,6,12,92.64,0.0,0.0528814012568525,48
14071,1987,3,12,58.85,0.0140845070422535,0.0528145473993849,48
14073,1935,3,12,56.84,0.0140845070422535,0.0527476935419173,79
14084,1946,3,12,188.01,0.2676056338028169,0.1670677898114721,79
14099,1976,3,12,73.86,0.5211267605633803,0.0534830859740607,48
14101,1970,3,12,63.45,0.5211267605633803,0.0534162321165931,48
14108,1962,3,12,57.41,0.7746478873239436,0.0570931942773097,71
14114,2011,3,12,65.65,0.0,0.0530151089717876,48
14115,1929,3,12,107.39,0.0,0.0526808396844497,71
14124,1940,3,12,72.73,0.5070422535211268,0.0528814012568525,79
14127,1940,3,12,42.51,0.5211267605633803,0.0528814012568525,79
14133,1993,3,12,52.93,0.5211267605633803,0.0528814012568525,48
14147,2013,3,12,,0.7605633802816901,0.063511164594197,79
14149,1935,3,12,143.4,0.7605633802816901,0.0594999331461425,79
14150,1940,3,12,67.66,0.0140845070422535,0.0526139858269822,71
14156,1946,3,12,112.93,0.0140845070422535,0.0517448856799037,48
14159,1946,3,12,62.19,0.0,0.0516111779649685,48
14163,1885,3,12,52.24,0.0,0.0509426393902928,48
14165,1948,3,12,52.79,0.0140845070422535,0.0508089316753576,48
14174,2012,3,12,55.32,0.5070422535211268,0.0528145473993849,48
14178,1934,3,12,82.44,0.7746478873239436,0.058162855996791,79
14192,2014,3,12,590.77,0.2676056338028169,0.1667335205241342,79
14195,1940,3,12,164.76,0.9577464788732394,0.0655836341756919,48
14198,1930,3,12,79.54,0.9577464788732394,0.0655836341756919,79
14201,1949,3,12,102.72,0.9577464788732394,0.0655836341756919,79
14210,2008,3,12,79.15,0.2535211267605634,0.2089183045861746,48
14212,1987,3,12,77.62,0.2535211267605634,0.0593662254312073,71
14214,1928,3,12,77.04,0.2535211267605634,0.0591656638588046,79
14224,1968,3,12,60.31,0.2535211267605634,0.0580291482818558,48
14232,2004,3,12,63.36,0.7605633802816901,0.121206043588715,48
14234,1945,3,12,107.1,0.7605633802816901,0.0622409413023131,48
14236,2023,3,12,58.63,0.7605633802816901,0.0620403797299104,48
14238,1945,3,12,91.71,0.7746478873239436,0.0619066720149752,79
14260,1975,3,12,141.96,0.4507042253521127,0.0671881267549137,79
14268,1973,6,12,258.05,0.4507042253521127,0.0675892498997192,48
14270,1962,3,12,134.8,0.4507042253521127,0.0680572269019922,79
14282,2018,6,12,63.29,0.0,0.0516111779649685,79
14290,1906,9,12,75.3,0.0,0.0521460088247091,79
14291,1970,3,12,10.05,0.2676056338028169,0.0597004947185452,71
14293,1995,3,12,643.01,0.2676056338028169,0.0798235058162855,48
14297,2016,3,12,67.0,0.4507042253521127,0.0655836341756919,48
14303,2019,3,12,66.2,0.4507042253521127,0.0655836341756919,79
14309,2008,3,12,370.84,0.2535211267605634,0.0595667870036101,48
14316,1970,3,12,706.18,0.7605633802816901,0.0664527343227704,79
14322,1954,9,12,107.95,0.1690140845070422,0.1659312742345233,79
14338,1969,3,12,131.36,0.2253521126760563,0.1777644070062842,71
14341,2001,3,12,73.23,0.352112676056338,0.4320096269554753,48
14342,1942,3,12,26.35,0.5070422535211268,0.0554218478406203,71
14347,1960,3,12,61.46,0.7605633802816901,0.0604358871506885,79
14349,1968,3,12,56.96,0.7605633802816901,0.0604358871506885,79
14352,1966,3,12,,0.7746478873239436,0.0604358871506885,79
14354,1959,3,12,135.11,0.7605633802816901,0.0605027410081561,48
14357,1930,3,12,61.52,0.2676056338028169,0.0605695948656237,48
14359,1930,3,12,59.49,0.2535211267605634,0.0605027410081561,48
14370,1940,3,12,,0.7605633802816901,0.0661853188929001,79
14383,1987,3,12,168.9,0.7605633802816901,0.1196684048669608,48
14392,1984,3,12,155.15,0.7605633802816901,0.0664527343227704,79
14395,1916,6,12,71.15,0.7605633802816901,0.0663190266078352,79
14403,2019,6,12,257.91,0.1690140845070422,0.1680705976734857,48
14406,2001,3,12,1323.69,0.5352112676056338,0.9199759326113116,48
14418,1900,3,12,103.69,0.2112676056338028,0.0553549939831528,48
14423,1916,3,12,98.15,0.2112676056338028,0.0554887016980879,48
14425,1914,3,12,106.42,0.2112676056338028,0.0556224094130231,48
14426,1914,3,12,139.59,0.2112676056338028,0.0557561171279582,48
14427,2003,3,12,111.16,0.2112676056338028,0.0558898248428934,79
14429,1924,3,12,109.69,0.1971830985915492,0.0547533092659446,79
14431,1900,3,12,97.7,0.1971830985915492,0.0544858938360743,48
14434,1900,3,12,54.58,0.1971830985915492,0.0536836475464634,48
14438,2004,3,12,74.58,0.2112676056338028,0.0527476935419173,48
14441,1880,3,12,99.81,0.4788732394366197,0.0512100548201631,48
14444,2008,3,12,309.11,0.6901408450704225,0.0810268752507019,48
14447,2004,3,12,292.73,0.5774647887323944,0.1540312876052948,71
14455,1988,3,12,754.95,0.6901408450704225,0.1185987431474795,48
14460,2019,3,12,33.07,0.704225352112676,0.0376387217542452,48
14462,2019,3,12,47.61,0.704225352112676,0.0379061371841155,48
14470,1930,3,12,33.7,0.704225352112676,0.0660516111779649,71
14474,2011,6,12,560.21,0.2112676056338028,0.0560235325578285,48
14481,2020,3,12,373.98,0.1971830985915492,0.0534162321165931,48
14485,2022,6,12,1589.24,0.4788732394366197,0.1424655702634041,48
14491,1930,3,12,,0.4788732394366197,0.144070062842626,79
14496,1990,3,12,87.48,0.7323943661971831,0.0661184650354325,48
14501,1933,3,12,82.33,0.7323943661971831,0.0653830726032892,48
14503,1925,3,12,80.66,0.7323943661971831,0.0651825110308864,48
14509,2004,3,12,381.38,0.4788732394366197,0.1599144270624415,71
14511,2019,6,12,215.4,0.4788732394366197,0.1436689396978205,79
14515,2019,3,12,58.75,0.0140845070422535,0.0644471185987431,48
14520,1962,6,12,70.06,0.4788732394366197,0.0655836341756919,79
14530,1989,15,12,1001.68,0.9859154929577464,0.0757454205107634,48
14535,1958,3,12,73.74,0.0140845070422535,0.0642465570263404,48
14537,1927,3,12,,0.9859154929577464,0.1569728573338681,79
14543,1950,3,12,100.31,0.9859154929577464,0.0655167803182243,48
14548,1947,3,12,21.44,0.4788732394366197,0.5897847305789543,71
14556,1970,3,12,71.03,0.9859154929577464,0.0658510496055622,71
14557,1965,3,12,258.67,0.9859154929577464,0.1073004412354592,71
14564,1970,3,12,85.63,0.4788732394366197,0.0669207113250434,71
14570,1991,3,12,745.68,0.4788732394366197,0.1843160850381066,48
14579,1995,3,12,171.87,0.2253521126760563,0.069661719481214,48
14581,1939,6,12,4.45,0.2253521126760563,0.0687257654766679,79
14585,1979,3,12,1056.51,0.0,0.3706377858002406,48
14590,1940,3,12,96.72,0.5211267605633803,0.0643802647412755,48
14597,1937,3,12,80.09,0.5211267605633803,0.0653162187458216,48
14602,1981,3,12,,0.5211267605633803,0.065717341890627,48
14607,2010,3,12,57.31,0.5070422535211268,0.0381066987565182,48
14609,1940,6,12,74.01,0.5070422535211268,0.0378392833266479,48
14611,1940,3,12,64.39,0.5070422535211268,0.0376387217542452,48
14613,1988,3,12,66.19,0.5070422535211268,0.03750501403931,71
14616,1940,3,12,42.15,0.0,0.0374381601818424,79
14619,1940,3,12,39.97,0.0,0.0375718678967776,48
14624,1999,6,12,39.89,0.8450704225352113,0.0233988501136515,48
14628,1998,3,12,44.67,0.971830985915493,0.0790212595266746,79
14635,1974,6,12,47.38,0.5211267605633803,0.0649150956010161,48
14641,1980,3,12,207.31,0.2253521126760563,0.0663190266078352,71
14645,1960,3,12,151.35,0.7887323943661971,0.065717341890627,48
14658,1989,3,12,76.85,0.4788732394366197,0.0790212595266746,48
14661,2015,3,12,99.26,0.9859154929577464,0.0798235058162855,48
14664,1985,3,12,41.79,0.9859154929577464,0.0801577751036234,48
14667,1985,3,12,61.91,0.9859154929577464,0.0804920443909613,48
14675,1930,6,12,120.71,0.1549295774647887,0.1048268485091589,71
14680,2005,3,12,78.2,0.1549295774647887,0.2033025805588982,79
14683,2024,6,12,65.4,0.1549295774647887,0.1544992646075678,79
14686,1955,3,12,115.41,0.1549295774647887,0.1361144538039845,71
14694,1987,3,12,,0.4788732394366197,0.3842759727236261,71
14696,1990,6,12,309.22,0.7323943661971831,0.0800909212461559,48
14698,1963,3,12,24.0,0.4788732394366197,0.200026741542987,79
14702,1987,3,12,69.5,0.4788732394366197,0.1991576413959085,48
14704,1985,3,12,74.9,0.9859154929577464,0.0800240673886883,48
14706,1985,3,12,64.98,0.9859154929577464,0.0802914828185586,48
14711,2003,3,12,433.1,0.8591549295774648,0.1791014841556357,48
14714,2023,6,12,316.64,0.4788732394366197,0.1986228105361679,48
14720,2015,3,12,69.93,0.9014084507042254,0.245420510763471,48
14724,1960,3,12,57.43,0.028169014084507,0.0916566385880465,71
14726,1950,3,12,63.69,0.028169014084507,0.0920577617328519,71
14729,2013,3,12,48.33,0.028169014084507,0.0924588848776574,48
14733,1950,3,12,99.76,0.028169014084507,0.0937291081695413,79
14740,1995,3,12,199.95,0.2676056338028169,0.0659847573204973,48
14743,1960,3,12,99.4,0.7605633802816901,0.0,71
14746,2006,3,12,79.75,0.7605633802816901,0.0,48
14752,1960,3,12,177.28,0.2676056338028169,0.0689263270490707,48
14758,1977,3,12,31.86,0.2816901408450704,0.0685920577617328,79
14760,1960,3,12,96.42,0.2676056338028169,0.0681909346169273,71
14773,1998,3,12,1052.68,0.8873239436619719,0.1942773098007754,48
14777,1977,3,12,97.2,0.2676056338028169,0.0683246423318625,71
14779,2004,3,12,559.43,0.6619718309859155,0.1075678566653295,71
14783,2011,6,12,324.95,0.676056338028169,0.1474796095734723,48
14785,2010,6,12,285.9,0.676056338028169,0.1068993180906538,48
14787,2023,3,12,,0.7464788732394366,0.0,79
14790,2023,3,12,42.34,0.7605633802816901,0.0,48
14801,1962,9,12,8.73,0.8873239436619719,0.0865757454205107,48
14803,1933,3,12,19.41,0.2676056338028169,0.0687257654766679,79
14808,2004,3,12,521.22,0.2676056338028169,0.0689263270490707,71
14816,1940,6,12,86.26,0.4929577464788732,0.5175825645139724,79
14818,1940,3,12,81.93,0.5352112676056338,0.0943307928867495,79
14819,1920,3,12,236.97,0.5211267605633803,0.0940633774568792,71
14825,1930,3,12,6.79,0.5352112676056338,0.0935285465971386,71
14827,1962,3,12,70.24,0.5352112676056338,0.0931274234523331,48
14832,2003,3,12,169.23,0.8873239436619719,0.3770557561171279,79
14837,1930,3,12,,0.8873239436619719,0.0804251905334937,48
14843,1950,3,12,13.86,0.8169014084507042,0.0844364219815483,79
14845,1950,3,12,,0.5633802816901409,0.0470651156571734,79
14846,1950,3,12,40.0,0.5633802816901409,0.0381066987565182,71
14854,1994,3,12,21.06,0.2676056338028169,0.0691268886214734,48
14856,2003,3,12,838.39,0.8873239436619719,0.0835673218344698,71
14859,1964,6,12,62.61,0.8873239436619719,0.0843695681240807,48
14862,1929,3,12,,0.2676056338028169,0.0687926193341355,79
14864,1923,3,12,,0.8873239436619719,0.082430806257521,79
14866,2014,3,12,53.39,0.8873239436619719,0.0826313678299237,48
14868,2011,6,12,2691.5,0.0140845070422535,0.6722155368364754,79
14870,1953,3,12,69.53,0.380281690140845,0.0820296831127155,71
14872,1958,3,12,51.54,0.380281690140845,0.0814279983955074,79
14874,1948,3,12,40.31,0.380281690140845,0.0810268752507019,71
14876,1948,3,12,49.02,0.380281690140845,0.0805588982484289,71
14879,2022,6,12,47.56,0.5070422535211268,0.1270891830458617,48
14882,1955,3,12,99.03,0.6338028169014085,0.0788206979542719,71
14886,1990,3,12,119.79,0.6338028169014085,0.0782858670945313,48
14888,1962,6,12,86.87,0.6338028169014085,0.078018451664661,79
14892,1968,3,12,86.42,0.6338028169014085,0.0772830592325177,71
14906,1958,3,12,58.94,0.8873239436619719,0.3931006819093461,79
14916,1953,9,12,68.9,0.380281690140845,0.052480278112047,79
14933,2006,3,12,44.59,0.6338028169014085,0.0829656371172616,48
14943,1978,3,12,109.44,0.3661971830985915,0.3868832731648615,71
14949,1976,3,12,103.77,0.8873239436619719,0.0533493782591255,71
14953,1971,3,12,20.0,0.8873239436619719,0.0532156705441903,79
14957,1976,3,12,71.35,0.8873239436619719,0.0530819628292552,79
14962,1936,3,12,,0.6901408450704225,0.0598342024334804,79
14963,1960,3,12,92.64,0.6619718309859155,0.0233988501136515,79
14966,1979,6,12,,0.943661971830986,0.0204572803850782,79
14969,1980,3,12,85.42,0.1830985915492957,0.0393769220484021,48
14972,1960,3,12,,0.8028169014084507,0.0283460355662521,79
14976,1970,6,12,,0.8309859154929577,0.0353656906003476,48
14979,1983,3,12,,0.7746478873239436,0.0658510496055622,79
14983,1979,3,12,,0.1408450704225352,0.0966706778981147,79
14987,1985,3,12,,0.4647887323943662,0.0263404198422248,48
14988,1994,3,12,31.19,0.4647887323943662,0.0302847974328118,79
14991,2000,3,12,,0.4647887323943662,0.0415830993448321,48
14992,1978,3,12,173.88,0.2112676056338028,0.0339617595935285,79
14995,2008,3,12,85.93,0.7323943661971831,0.1266212060435887,48
15000,1960,3,12,,0.0704225352112676,0.1001470784864286,48
15004,1980,3,12,,0.1408450704225352,0.0809600213932343,48
15007,1965,3,12,,0.7323943661971831,0.0,79
15011,1985,3,12,,0.7323943661971831,0.0,48
15014,1960,3,12,,0.7323943661971831,0.0,79
15016,1960,3,12,70.39,0.2394366197183098,0.0,48
15019,1960,3,12,94.43,0.2253521126760563,0.0,48
15024,2008,3,12,2264.24,0.2112676056338028,0.2293087311137852,48
15026,1942,3,12,101.31,0.8309859154929577,0.1268217676159914,79
15033,1969,6,12,52.68,0.7183098591549296,0.0653162187458216,79
15034,1969,3,12,14.06,0.7183098591549296,0.064781387886081,71
15036,1933,6,12,9.13,0.7183098591549296,0.0644471185987431,79
15046,1983,3,12,,0.4647887323943662,0.0987431474796095,71
15047,1987,3,12,278.62,0.7183098591549296,0.0763471052279716,71
15051,1915,3,12,105.44,0.2112676056338028,0.0858403529883674,48
15054,1996,3,12,146.86,0.2112676056338028,0.0865757454205107,79
15058,1980,3,12,9.68,0.5352112676056338,0.5128359406337745,79
15060,1950,3,12,75.98,0.971830985915493,0.0659179034630298,71
15064,1980,3,12,179.8,0.4788732394366197,0.1091054953870838,79
15066,1908,3,12,86.3,0.7183098591549296,0.0672549806123813,71
15070,1925,3,12,54.41,0.7183098591549296,0.0669207113250434,48
15073,1925,3,12,,0.7183098591549296,0.0666532958951731,79
15081,1942,3,12,54.96,0.7183098591549296,0.1672683513838748,71
15090,1923,3,12,118.62,0.7183098591549296,0.1672014975264072,79
15094,1940,3,12,97.38,0.971830985915493,0.0673886883273164,48
15098,1884,3,12,108.08,0.971830985915493,0.0671212728974461,48
15103,1940,3,12,184.68,0.2112676056338028,0.1672683513838748,79
15105,2021,3,12,61.47,0.7183098591549296,0.065717341890627,48
15107,1945,3,12,148.07,0.2112676056338028,0.1672014975264072,71
15111,1940,3,12,81.83,0.2112676056338028,0.1669340820965369,48
15113,1940,3,12,154.36,0.2112676056338028,0.1668672282390693,79
15116,2019,3,12,71.38,0.4647887323943662,0.0658510496055622,48
15121,1940,3,12,75.87,0.7183098591549296,0.0655836341756919,48
15124,1940,3,12,64.74,0.7183098591549296,0.0655836341756919,48
15127,1880,3,12,70.82,0.7183098591549296,0.0655836341756919,48
15143,1955,3,12,113.7,0.7464788732394366,0.3364086107768418,48
15146,1880,3,12,54.03,0.7464788732394366,0.3477737665463297,79
15149,1900,3,12,79.71,0.7464788732394366,0.357801845166466,79
15155,1900,3,12,37.77,0.7464788732394366,0.3749832865356331,48
15160,2013,3,12,306.04,0.7464788732394366,0.4263939029281989,79
15167,1997,3,12,1344.11,0.7605633802816901,0.4162321165931273,79
15171,1947,6,12,97.38,0.5211267605633803,0.05294825511432,79
15174,1940,3,12,54.41,0.9577464788732394,0.0689263270490707,48
15179,1938,3,12,61.74,0.971830985915493,0.0687257654766679,79
15183,1950,3,12,67.44,0.971830985915493,0.0680572269019922,71
15198,1940,3,12,57.76,0.2676056338028169,0.1673352052413424,79
15210,1938,3,12,84.83,0.9577464788732394,0.0684583500467976,79
15217,2016,3,12,,0.9577464788732394,0.0676561037571867,48
15229,1900,6,12,110.04,0.1971830985915492,0.0586976868565316,79
15232,1949,6,12,95.36,0.0,0.0558898248428934,48
15242,1930,3,12,125.79,0.1830985915492957,0.1668672282390693,48
15250,1955,6,12,109.55,0.2253521126760563,0.1641262200828987,79
15263,1962,3,12,,0.0,0.0555555555555555,79
15268,2006,12,12,368.93,0.7746478873239436,0.0605695948656237,48
15281,1907,3,12,100.87,0.9859154929577464,0.0521460088247091,79
15285,1880,3,12,82.2,0.9859154929577464,0.0518785933948388,48
15293,1920,3,12,83.43,0.9859154929577464,0.0509426393902928,48
15295,1920,3,12,66.56,0.9859154929577464,0.0508089316753576,48
15298,2003,3,12,94.64,0.9859154929577464,0.2559165663858804,71
15300,1900,3,12,66.41,0.9859154929577464,0.0633774568792619,48
15303,1900,3,12,71.17,0.9859154929577464,0.051544324107501,48
15305,1900,3,12,82.29,0.9859154929577464,0.0516111779649685,48
15307,2021,3,12,52.89,0.9859154929577464,0.0516111779649685,48
15314,1981,3,12,123.71,0.2394366197183098,0.05294825511432,48
15320,1900,3,12,71.85,0.2394366197183098,0.0533493782591255,48
15325,1893,3,12,94.15,0.2394366197183098,0.053750501403931,48
15329,1900,3,12,110.97,0.2394366197183098,0.0538842091188661,48
15331,1900,3,12,103.28,0.2394366197183098,0.0540179168338013,48
15335,1900,6,12,60.71,0.2394366197183098,0.0542853322636716,79
15338,1919,3,12,1204.57,0.2394366197183098,0.0865757454205107,71
15352,1950,3,12,9.1,0.7183098591549296,0.053750501403931,71
15358,1930,6,12,46.6,0.2253521126760563,0.0663190266078352,79
15361,1930,3,12,63.27,0.2253521126760563,0.066519588180238,71
15366,1930,3,12,51.64,0.2253521126760563,0.0667870036101083,79
15370,1930,3,12,81.91,0.2253521126760563,0.0671212728974461,48
15375,1930,3,12,75.38,0.4788732394366197,0.0659847573204973,48
15377,2004,3,12,329.66,0.9859154929577464,0.067455542184784,71
15379,2023,6,12,453.78,0.7323943661971831,0.0936622543120738,79
15381,2012,6,12,305.06,0.7323943661971831,0.093461692739671,48
15383,2013,6,12,136.7,0.4788732394366197,0.3035165129027944,79
15384,1930,3,12,78.07,0.9859154929577464,0.0655167803182243,71
15389,1989,3,12,116.76,0.9859154929577464,0.065717341890627,71
15392,1930,3,12,92.61,0.9859154929577464,0.065717341890627,79
15394,2006,3,12,122.9,0.2253521126760563,0.1004144939162989,48
15396,1930,3,12,67.71,0.2253521126760563,0.0678566653295895,48
15399,1930,3,12,,0.4788732394366197,0.0675223960422516,79
15402,1993,3,12,,0.4788732394366197,0.0673886883273164,48
15405,1930,3,12,,0.4788732394366197,0.0671212728974461,79
15407,1930,3,12,92.9,0.4788732394366197,0.066987565182511,48
15408,1930,3,12,74.31,0.4788732394366197,0.3638186923385479,71
15413,2006,6,12,308.9,0.4788732394366197,0.659981280919909,79
15422,1994,3,12,180.27,0.1690140845070422,0.0796229442438828,48
15424,1970,3,12,118.39,0.1690140845070422,0.0794223826714801,71
15427,1940,3,12,88.86,0.1690140845070422,0.0799572135312207,48
15444,1965,6,12,192.08,0.1549295774647887,0.0809600213932343,79
15447,1960,3,12,94.83,0.1690140845070422,0.080692605963364,48
15449,1989,9,12,430.72,0.8732394366197183,0.1851183313277176,79
15452,1987,3,12,356.7,0.971830985915493,0.0816285599679101,48
15461,1975,6,12,81.03,0.2253521126760563,0.0683914961893301,79
15465,1955,3,12,131.65,0.2253521126760563,0.0673886883273164,79
15470,2020,3,12,66.44,0.4788732394366197,0.0657841957480946,48
15480,1979,6,12,129.36,0.7605633802816901,0.0671881267549137,48
15483,1979,3,12,104.63,0.7323943661971831,0.0672549806123813,48
15487,1981,6,12,15.3,0.7323943661971831,0.0686589116192004,71
15489,1979,3,12,64.82,0.7323943661971831,0.0691268886214734,71
15491,1954,3,12,80.97,0.7323943661971831,0.069661719481214,48
15495,1924,3,12,17.51,1.0,0.0233988501136515,79
15498,2004,3,12,336.07,0.4788732394366197,0.0692605963364086,79
15501,1924,3,12,83.88,0.4788732394366197,0.065717341890627,79
15503,2020,3,12,69.2,0.2253521126760563,0.0686589116192004,48
15507,2021,3,12,,0.2253521126760563,0.0687926193341355,48
15518,1980,3,12,1007.03,0.5915492957746479,0.1751571065650488,71
15522,1984,3,12,15.2,0.7323943661971831,0.0665864420377055,71
15525,1973,3,12,7.14,0.4647887323943662,0.5002005615724027,71
15528,1954,3,12,94.87,0.7746478873239436,0.0681240807594598,48
15535,1929,3,12,86.54,0.7746478873239436,0.0683246423318625,79
15540,1992,3,12,70.44,0.2957746478873239,0.0899852921513571,48
15547,1925,6,12,91.16,0.2957746478873239,0.1422650086910014,79
15556,1981,3,12,60.0,0.7746478873239436,0.0663858804653028,79
15568,2002,3,12,49.77,0.7746478873239436,0.0683914961893301,48
15570,2004,3,12,53.21,0.2957746478873239,0.1038908945046129,48
15573,2009,3,12,48.23,0.7746478873239436,0.0685920577617328,48
15575,2009,3,12,48.79,0.2957746478873239,0.0748763203636849,48
15585,2019,3,12,93.48,0.0,0.0792218210990774,48
15591,2011,3,12,121.38,0.2394366197183098,0.0804251905334937,48
15594,1914,3,12,70.26,0.2535211267605634,0.0972723626153229,79
15597,2020,3,12,14.29,0.2535211267605634,0.0966038240406471,48
15602,2012,3,12,,0.2535211267605634,0.0943976467442171,48
15606,1986,3,12,32.37,0.2394366197183098,0.0947987698890225,79
15611,1936,3,12,108.7,0.2535211267605634,0.0923920310201898,71
15613,1925,3,12,40.09,0.2535211267605634,0.0859740607033025,48
15616,1944,3,12,76.69,0.2535211267605634,0.0826313678299237,48
15620,1949,3,12,75.95,0.2394366197183098,0.8555288140125684,48
15622,1934,3,12,84.28,0.7746478873239436,0.2372643401524267,48
15625,2018,3,12,78.64,0.7746478873239436,0.1783660917234924,48
15629,1954,3,12,,0.7746478873239436,0.1258189597539778,71
15631,1949,3,12,71.79,0.7746478873239436,0.101350447920845,48
15634,1986,3,12,40.0,0.0140845070422535,0.0,71
15639,1958,3,12,,0.2535211267605634,0.0902527075812274,48
15645,2011,3,12,369.78,0.0,0.0960021393234389,48
15655,1995,3,12,162.54,0.2676056338028169,0.130832999064046,79
15657,1947,3,12,,0.380281690140845,0.1385880465302847,79
15660,1960,6,12,66.75,0.380281690140845,0.193408209653697,79
15662,1945,3,12,58.3,0.380281690140845,0.2195480679235192,71
15665,1950,3,12,31.46,0.380281690140845,0.0895841690065516,79
15667,1970,3,12,71.7,0.380281690140845,0.086843160850381,71
15675,1965,3,12,11.35,0.8873239436619719,0.0534830859740607,71
15677,1953,3,12,71.73,0.8873239436619719,0.0534162321165931,48
15681,1956,3,12,23.85,0.8873239436619719,0.0532825244016579,71
15683,1960,3,12,10.65,0.8873239436619719,0.0531488166867228,71
15685,1961,3,12,70.99,0.8873239436619719,0.0531488166867228,71
15695,1966,3,12,155.93,1.0,0.1702767749699157,48
15700,1972,3,12,89.54,1.0,0.16960823639524,71
15703,1999,3,12,79.32,0.4929577464788732,0.0405134376253509,48
15707,1968,6,12,165.37,0.4929577464788732,0.0425190533493782,48
15709,1964,3,12,107.68,0.8591549295774648,0.0,79
15713,1988,3,12,76.12,0.4929577464788732,0.0405802914828185,71
15716,1966,6,12,32.33,0.8591549295774648,0.8212996389891696,48
15723,1959,6,12,78.89,0.4929577464788732,0.0801577751036234,48
15725,1954,3,12,107.76,0.4929577464788732,0.0802914828185586,79
15729,1966,3,12,93.98,0.1408450704225352,0.1137184115523465,71
15734,1976,3,12,,0.971830985915493,0.079756651958818,48
15735,1970,3,12,1037.3,0.971830985915493,0.0795560903864153,71
15736,1976,3,12,1045.76,0.971830985915493,0.0791549672416098,71
15737,1976,3,12,1012.61,0.2112676056338028,0.0800240673886883,71
15738,1976,3,12,266.68,0.2112676056338028,0.0800240673886883,71
15740,1988,3,12,802.8,0.4647887323943662,0.0827650755448589,71
15741,1970,3,12,806.6,0.4647887323943662,0.0822302446851183,71
15742,1976,3,12,266.68,0.2112676056338028,0.0800240673886883,71
15743,1970,3,12,798.91,0.4647887323943662,0.1198689664393635,71
15744,1970,3,12,264.22,0.2112676056338028,0.0799572135312207,71
15745,1970,3,12,264.22,0.4647887323943662,0.0830324909747292,71
15748,1979,3,12,1183.43,0.2112676056338028,0.0791549672416098,71
15752,1978,3,12,,0.4647887323943662,0.0793555288140125,79
15754,1979,3,12,871.93,0.4647887323943662,0.079756651958818,71
15755,1990,3,12,285.57,0.971830985915493,0.1159245888487765,71
15756,1974,3,12,887.91,0.971830985915493,0.0668538574675758,71
15757,1974,3,12,815.69,0.971830985915493,0.5080893167535766,71
15758,1974,3,12,11.71,0.4647887323943662,0.0649819494584837,71
15761,1974,3,12,,0.7183098591549296,0.0853055221286268,71
15769,1995,3,12,996.11,0.4084507042253521,0.6260863751838481,48
15777,1964,3,12,578.06,0.2957746478873239,0.0597004947185452,48
15786,2004,6,12,1050.03,0.0140845070422535,0.1050942639390292,79
15791,1935,6,12,150.17,0.2253521126760563,0.1338414226500869,48
15793,1965,6,12,70.48,0.2253521126760563,0.0570263404198422,79
15795,1910,6,12,88.06,0.2253521126760563,0.0569594865623746,79
15797,1962,6,12,86.05,0.2253521126760563,0.0566920711325043,79
15802,1923,6,12,97.61,0.2253521126760563,0.0563578018451664,79
15805,1925,3,12,123.37,0.2253521126760563,0.0561572402727637,79
15809,1936,3,12,,0.2253521126760563,0.0556892632704907,71
15812,1915,6,12,,0.2253521126760563,0.0553549939831528,79
15814,1989,3,12,66.89,0.2253521126760563,0.0552881401256852,48
15820,1940,3,12,86.25,0.5211267605633803,0.0941970851718144,48
15825,1936,6,12,,0.5211267605633803,0.0940633774568792,79
15831,1976,6,12,122.76,0.5211267605633803,0.0944645006016847,79
15834,1920,3,12,,0.5211267605633803,0.0945313544591522,79
15836,1960,3,12,166.36,0.7605633802816901,0.0533493782591255,71
15838,1976,6,12,133.71,0.7605633802816901,0.0534830859740607,79
15844,1920,3,12,186.41,0.0,0.0,71
15850,2004,3,12,450.82,0.9859154929577464,0.2746356464768016,71
15851,1910,3,12,52.5,0.1971830985915492,0.0,71
15853,1910,3,12,98.37,0.2253521126760563,0.0567589249899719,48
15856,2021,6,12,471.93,0.5211267605633803,0.2352587244283994,48
15859,2020,3,12,82.77,0.7605633802816901,0.4165663858804653,79
15864,1998,6,12,1280.94,0.4788732394366197,0.0663858804653028,48
15868,2011,15,12,242.44,0.7605633802816901,0.0449257922182109,48
15872,2016,9,12,561.83,0.352112676056338,0.2011632571199358,48
15878,1965,3,12,290.72,0.971830985915493,0.0225966038240406,79
15882,1920,3,12,154.53,0.2535211267605634,0.0519454472523064,71
15887,2015,3,12,,0.2535211267605634,0.052480278112047,48
15892,1890,3,12,127.3,0.2676056338028169,0.054686455408477,79
15895,1973,3,12,23.29,0.380281690140845,0.1317020992111244,48
15907,1977,3,12,252.46,0.7605633802816901,0.063043187591924,48
15909,1900,3,12,159.52,0.2816901408450704,0.0530819628292552,71
15918,1968,3,12,437.7,0.1971830985915492,0.0541516245487364,71
15933,1959,3,12,90.38,0.4225352112676056,0.101818424923118,48
15935,1959,3,12,869.96,0.9014084507042254,0.1298970450594999,79
15939,1959,3,12,217.67,0.4366197183098591,0.0334269287337879,48
15943,1936,3,12,145.83,0.971830985915493,0.0532825244016579,79
15954,1936,6,12,166.32,0.2112676056338028,0.0746089049338146,79
15958,1936,3,12,57.77,0.4647887323943662,0.0270089584169006,71
15973,1936,3,12,108.1,0.4647887323943662,0.0196550340954673,71
15985,1936,12,12,397.08,0.7746478873239436,0.165663858804653,79
15990,1957,3,12,544.56,1.0,0.0534830859740607,79
15993,2021,3,12,,1.0,0.0526139858269822,79
15996,1993,3,12,81.97,1.0,0.0249364888354058,79
16018,1942,3,12,86.49,0.7746478873239436,0.1672014975264072,79
16021,2011,3,12,191.5,0.7746478873239436,0.1663323973793287,79
16044,1985,9,12,249.88,0.4788732394366197,0.0,48
16050,1991,3,12,373.47,0.4647887323943662,0.1516914025939296,48
16054,1900,3,12,,0.7746478873239436,0.2208182912154031,79
16056,1900,3,12,231.84,0.704225352112676,0.058630832999064,48
16061,2003,3,12,106.53,0.1971830985915492,0.0471988233721085,79
16064,1900,3,12,57.91,0.1971830985915492,0.0469982617997058,79
16066,1997,3,12,252.14,0.1971830985915492,0.0469314079422382,79
16083,1900,3,12,56.19,1.0,0.0459954539376922,48
16086,1880,3,12,75.35,1.0,0.0457948923652894,79
16094,2009,3,12,95.02,0.2394366197183098,0.0530819628292552,48
16100,2014,6,12,26.25,0.2394366197183098,0.0536836475464634,48
16108,1945,3,12,43.27,0.7464788732394366,0.0518785933948388,71
16115,1900,3,12,89.66,0.971830985915493,0.0461291616526273,48
16119,1900,3,12,80.43,0.9577464788732394,0.0461960155100949,48
16121,1900,3,12,96.74,0.9577464788732394,0.0461291616526273,48
16134,1900,3,12,65.03,0.2394366197183098,0.0517448856799037,48
16140,2017,3,12,,0.2394366197183098,0.0518785933948388,48
16143,1900,3,12,54.6,0.2394366197183098,0.0516780318224361,48
16145,1900,3,12,73.59,0.2394366197183098,0.0516780318224361,48
16149,1997,3,12,127.12,0.2394366197183098,0.051544324107501,48
16152,2017,3,12,420.31,0.7605633802816901,0.0548870169808798,48
16154,2004,3,12,89.24,0.7464788732394366,0.0538842091188661,48
16169,1921,3,12,1061.92,1.0,0.4076748228372776,79
16174,1935,9,12,24.8,0.2394366197183098,0.0756785666532958,71
16175,1940,3,12,775.57,0.2394366197183098,0.0755448589383607,71
16176,1919,3,12,577.88,0.2394366197183098,0.0752774435084904,71
16180,1941,3,12,575.43,0.2394366197183098,0.0750100280786201,71
16182,1919,3,12,158.98,0.2394366197183098,0.0748094665062173,48
16185,1993,3,12,2699.17,0.2394366197183098,0.0809600213932343,71
16188,1962,3,12,11.49,0.4507042253521127,0.0530819628292552,71
16189,1946,3,12,282.41,0.7464788732394366,0.0526808396844497,71
16190,1941,3,12,296.66,0.7464788732394366,0.0528145473993849,71
16193,1984,9,12,227.42,1.0,0.7914159647011632,79
16197,2006,3,12,,0.2394366197183098,0.0765476668003743,79
16202,1983,3,12,111.97,0.9859154929577464,0.0689263270490707,71
16206,1945,3,12,43.85,0.9859154929577464,0.069661719481214,48
16210,2017,3,12,,0.1690140845070422,0.1381200695280117,48
16232,2010,6,12,760.97,0.9859154929577464,0.0665864420377055,48
16234,2023,3,12,112.59,0.9859154929577464,0.0707313812006952,48
16238,1974,3,12,121.68,0.9859154929577464,0.0668538574675758,71
16246,2001,3,12,78.35,0.9859154929577464,0.0663190266078352,79
16249,2018,6,12,109.81,0.9859154929577464,0.0662521727503677,79
16256,1965,12,12,137.81,0.2112676056338028,0.0816954138253777,79
16258,2013,3,12,79.91,0.2112676056338028,0.3600080224628961,48
16260,1930,3,12,91.61,0.2112676056338028,0.0,48
16262,1916,3,12,89.39,0.2112676056338028,0.0815617061104425,48
16270,2014,3,12,31.09,0.4788732394366197,0.0687257654766679,48
16273,1920,6,12,92.42,0.4788732394366197,0.0680572269019922,48
16287,2012,6,12,276.92,0.7323943661971831,0.066987565182511,48
16291,1965,3,12,,0.4788732394366197,0.0705308196282925,48
16293,1920,3,12,6.3,0.9859154929577464,0.0666532958951731,79
16295,1920,3,12,33.28,0.9859154929577464,0.0667201497526407,79
16297,1920,3,12,33.53,0.9859154929577464,0.0668538574675758,79
16300,2019,3,12,53.19,0.9859154929577464,0.0671212728974461,48
16302,1973,3,12,79.14,0.9859154929577464,0.067455542184784,71
16305,1968,6,12,47.12,0.9859154929577464,0.0673886883273164,48
16310,2004,3,12,54.43,0.2112676056338028,0.0815617061104425,48
16314,1910,3,12,91.98,0.4788732394366197,0.0662521727503677,79
16324,2004,3,12,330.94,0.9859154929577464,0.0673886883273164,71
16326,2020,3,12,53.92,0.4788732394366197,0.066519588180238,48
16328,2020,3,12,69.11,0.9859154929577464,0.067455542184784,48
16337,1920,3,12,,0.1830985915492957,0.0783527209519989,79
16341,2004,3,12,255.47,0.1830985915492957,0.0807594598208316,71
16346,2018,3,12,123.28,0.1690140845070422,0.0815617061104425,48
16352,1931,3,12,132.82,0.676056338028169,0.0,48
16353,1930,3,12,41.96,0.0,0.0650488033159513,71
16362,1934,3,12,81.45,0.0,0.0655836341756919,79
16366,1950,3,12,82.04,0.2394366197183098,0.0637785800240673,48
16369,1965,3,12,154.55,0.2394366197183098,0.0631100414493916,71
16371,1928,3,12,75.66,0.2394366197183098,0.063043187591924,79
16375,2000,6,12,79.18,0.676056338028169,0.0816954138253777,79
16377,1925,3,12,92.63,0.6619718309859155,0.0816285599679101,79
16389,1929,3,12,,0.676056338028169,0.0809600213932343,79
16394,2008,3,12,78.85,1.0,0.2095868431608503,48
16404,1962,3,12,81.29,0.2394366197183098,0.0654499264607567,71
16409,2020,3,12,80.04,0.5070422535211268,0.0659179034630298,79
16417,1955,3,12,388.04,0.6619718309859155,0.2833266479475865,71
16425,1936,3,12,,0.6619718309859155,0.0827650755448589,79
16430,1945,3,12,,0.6619718309859155,0.079756651958818,48
16437,2000,3,12,16.88,0.5070422535211268,0.2252974996657307,48
16441,1936,3,12,52.34,0.7464788732394366,0.034830859740607,48
16449,1925,3,12,70.26,0.2253521126760563,0.0661184650354325,79
16451,1932,3,12,99.88,0.2253521126760563,0.0659847573204973,48
16460,1930,9,12,128.15,0.5070422535211268,0.0664527343227704,48
16462,1932,3,12,101.02,0.5070422535211268,0.0663858804653028,48
16464,2007,3,12,66.64,0.5070422535211268,0.0663858804653028,48
16467,1943,3,12,106.9,0.5070422535211268,0.0664527343227704,71
16471,1960,6,12,98.76,0.7464788732394366,0.0655167803182243,48
16477,2023,3,12,66.14,0.5070422535211268,0.0664527343227704,48
16480,1978,3,12,25.77,0.1830985915492957,0.0,71
16495,1999,3,12,56.72,0.7464788732394366,0.0947987698890225,48
16499,2010,3,12,51.02,0.7464788732394366,0.0909881000133707,79
16504,1992,3,12,26.42,0.0,0.0931274234523331,71
16507,1997,3,12,95.81,0.7464788732394366,0.0945313544591522,48
16515,1954,6,12,,0.2394366197183098,0.080692605963364,48
16532,2016,3,12,62.36,0.5070422535211268,0.0796229442438828,48
16536,1999,9,12,1117.11,0.8450704225352113,0.794758657574542,48
16540,2020,3,12,,0.8450704225352113,0.7742345233319962,48
16545,2001,3,12,,0.8450704225352113,0.7026340419842224,48
16557,2018,3,12,59.43,0.2394366197183098,0.078486428666934,48
16559,2021,3,12,102.91,0.2394366197183098,0.0781521593795961,48
16564,1980,6,12,124.13,0.352112676056338,0.0549538708383473,48
16571,2004,3,12,,0.3943661971830985,0.0427196149217809,79
16574,1980,3,12,104.76,0.6338028169014085,0.0662521727503677,79
16577,1984,6,12,,0.8028169014084507,0.0599679101484155,79
16582,1980,3,12,,0.8873239436619719,0.0377055756117127,79
16584,1990,3,12,54.11,0.2957746478873239,0.0975397780451932,48
16585,1994,6,12,123.78,0.5492957746478874,0.1098408878192271,79
16590,2014,3,12,,0.5915492957746479,0.3183580692605963,71
16591,1976,3,12,32.88,0.2112676056338028,0.0805588982484289,71
16593,1978,3,12,121.53,0.971830985915493,0.0832330525471319,71
16594,1978,3,12,1475.5,0.2112676056338028,0.0812942906805722,71
16595,1988,3,12,777.31,0.2112676056338028,0.0814279983955074,71
16597,1987,3,12,,0.2112676056338028,0.084169006551678,71
16598,1960,3,12,75.79,0.2112676056338028,0.0830993448321968,71
16599,1987,3,12,387.74,0.971830985915493,0.0822302446851183,71
16600,1983,3,12,635.52,0.4647887323943662,0.0790212595266746,71
16602,1980,3,12,84.92,0.971830985915493,0.0817622676828453,71
16604,1987,3,12,135.02,0.971830985915493,0.082430806257521,71
16608,1987,3,12,106.32,0.2112676056338028,0.0810937291081695,71
16610,1978,3,12,45.22,0.2112676056338028,0.0812942906805722,71
16612,1988,3,12,62.48,0.4647887323943662,0.0817622676828453,71
16614,1988,3,12,63.5,0.4647887323943662,0.0815617061104425,71
16618,1978,3,12,588.82,0.2112676056338028,0.1325043455007354,71
16621,1936,3,12,86.8,0.971830985915493,0.0642465570263404,71
16623,1936,3,12,156.97,0.971830985915493,0.0651156571734189,79
16625,1935,3,12,105.95,0.971830985915493,0.065249364888354,48
16629,1945,3,12,1241.1,0.2253521126760563,0.0814279983955074,71
16630,1969,3,12,489.27,0.4788732394366197,0.0778847439497259,71
16631,1984,3,12,254.33,0.7183098591549296,0.0823639524000534,71
16632,1980,3,12,375.22,0.7183098591549296,0.0802914828185586,71
16635,1984,3,12,280.29,0.7183098591549296,0.081962829255248,71
16636,1984,3,12,281.59,0.7183098591549296,0.0814279983955074,71
16637,1984,3,12,281.64,0.7183098591549296,0.0808263136782992,71
16638,1953,3,12,460.67,0.2253521126760563,0.0796229442438828,71
16643,1920,3,12,130.37,0.0140845070422535,0.0920577617328519,79
16645,1880,3,12,69.16,0.0140845070422535,0.0911886615857734,71
16647,1900,3,12,88.7,0.028169014084507,0.0911218077283059,79
16655,1996,3,12,43.84,0.9859154929577464,0.0922583233052547,79
16659,1900,9,12,82.99,0.971830985915493,0.0932611311672683,79
16668,2018,3,12,58.16,0.1830985915492957,0.0521460088247091,48
16674,2018,3,12,,0.1830985915492957,0.052012301109774,48
16676,1971,3,12,139.45,0.2253521126760563,0.8576012835940633,71
16678,1904,3,12,100.05,0.4647887323943662,0.0455943307928867,79
16680,1989,3,12,,0.4647887323943662,0.0455274769354191,79
16681,1971,3,12,143.19,0.4647887323943662,0.0653162187458216,71
16684,2017,3,12,131.23,0.4647887323943662,0.0651825110308864,48
16693,1998,3,12,443.89,0.8028169014084507,0.0597673485760128,48
16702,2004,3,12,349.88,0.4647887323943662,0.045393769220484,71
16705,1930,6,12,105.38,0.4647887323943662,0.0650488033159513,48
16709,2011,6,12,121.58,0.1830985915492957,0.0520791549672416,79
16712,2012,6,12,549.56,0.8028169014084507,0.4215804251905334,48
16715,1986,3,12,113.05,0.971830985915493,0.0525471319695146,48
16719,1979,3,12,198.44,0.2112676056338028,0.0540847706912688,48
16721,1880,3,12,,0.1971830985915492,0.0540179168338013,48
16730,1970,3,12,,0.1971830985915492,0.0523465703971119,79
16739,1959,3,12,69.31,0.4366197183098591,0.0792886749565449,48
16741,1880,3,12,41.77,0.4366197183098591,0.052480278112047,79
16745,1987,9,12,716.25,0.4788732394366197,0.0,48
16747,1965,3,12,126.48,0.7323943661971831,0.0580960021393234,71
16752,1930,3,12,51.14,0.7323943661971831,0.0560235325578285,48
16755,1940,3,12,,0.7323943661971831,0.0562909479876988,79
16757,1956,3,12,68.77,0.7323943661971831,0.0563578018451664,71
16765,1988,9,12,468.0,0.1830985915492957,0.0,48
16769,1989,9,12,458.7,0.6901408450704225,0.0,48
16771,1988,3,12,112.9,0.971830985915493,0.0541516245487364,71
16773,1987,3,12,115.76,0.971830985915493,0.0557561171279582,48
16776,1949,6,12,116.73,0.4366197183098591,0.0520791549672416,79
16788,1896,9,12,177.32,0.4647887323943662,0.0467308463698355,79
16792,1922,6,12,114.43,0.9859154929577464,0.041449391629897,79
16795,1926,6,12,165.24,0.4647887323943662,0.0449926460756785,48
16798,1962,3,12,248.86,0.9859154929577464,0.0636448723091322,48
16802,1969,3,12,247.42,0.4647887323943662,0.0465302847974328,48
16813,2002,3,12,,0.0140845070422535,0.0407808530552212,71
16825,1943,3,12,125.68,0.4507042253521127,0.0195881802379997,79
16838,1900,3,12,231.18,0.7464788732394366,0.0544858938360743,71
16842,1900,3,12,,0.943661971830986,0.0649150956010161,79
16851,1900,6,12,30.67,0.1690140845070422,0.0425859072068458,79
16871,1900,6,12,238.02,0.2394366197183098,0.1786335071533627,79
16890,1950,15,12,522.01,0.9014084507042254,0.0302179435753442,79
16902,1921,3,12,46.25,0.4084507042253521,0.0243348041181976,79
16907,2024,3,12,93.44,0.971830985915493,0.0584971252841288,48
16914,1987,3,12,2897.07,0.9577464788732394,0.0,48
16915,1898,3,12,18.83,0.9577464788732394,0.0603021794357534,71
16921,1919,3,12,87.94,0.352112676056338,0.0333600748763203,79
16940,1898,3,12,254.69,0.3943661971830985,0.1301644604893702,79
16951,1919,3,12,69.98,0.5352112676056338,0.0120336943441636,79
16956,1977,3,12,1177.65,0.971830985915493,0.2051744885679903,79
16967,1919,6,12,104.28,0.647887323943662,0.0407139991977537,79
16980,1990,3,12,33.97,0.352112676056338,0.0318892900120336,79
16984,1919,3,12,579.42,0.3380281690140845,0.0796229442438828,71
16991,1916,3,12,785.92,0.4507042253521127,0.0590319561438694,71
16993,1970,3,12,281.07,0.4507042253521127,0.0595667870036101,79
16996,2016,6,12,,0.4507042253521127,0.0599010562909479,48
16999,2002,3,12,146.25,0.9577464788732394,0.0459954539376922,48
17004,1900,3,12,233.36,0.4647887323943662,0.0601684717208182,71
17008,1910,3,12,96.67,0.4507042253521127,0.0601684717208182,79
17021,1880,3,12,76.73,0.971830985915493,0.0523465703971119,79
17025,1966,6,12,102.3,0.971830985915493,0.0534162321165931,48
17030,1900,3,12,84.2,0.9577464788732394,0.1955475330926594,48
17037,1916,3,12,,0.971830985915493,0.05294825511432,48
17044,2022,3,12,,0.2394366197183098,0.0446583767883406,79
17057,2003,3,12,271.76,0.4647887323943662,0.0461291616526273,71
17060,2010,3,12,212.99,0.9577464788732394,0.0555555555555555,48
17062,2012,3,12,138.67,0.971830985915493,0.0540847706912688,48
17067,1950,3,12,107.89,1.0,0.0451263537906137,48
17080,1900,3,12,56.21,0.2394366197183098,0.0437224227837946,48
17091,1900,3,12,76.02,0.2394366197183098,0.0437224227837946,48
17106,1900,3,12,99.93,0.4647887323943662,0.0552881401256852,48
17108,1991,3,12,96.34,0.7464788732394366,0.054218478406204,48
17116,2017,3,12,120.12,0.4647887323943662,0.0547533092659446,48
17129,1900,3,12,34.7,0.2394366197183098,0.0438561304987297,48
17131,1900,3,12,116.41,0.2394366197183098,0.0439898382136649,71
17133,1900,3,12,72.07,0.2394366197183098,0.0441235459286,48
17141,1940,3,12,61.04,0.2394366197183098,0.0447920845032758,79
17143,1900,3,12,78.11,0.2394366197183098,0.0449257922182109,48
17147,2009,3,12,,0.2394366197183098,0.0451932076480812,48
17153,2024,3,12,454.68,0.4929577464788732,0.0453269153630164,79
17156,1963,3,12,478.01,0.7464788732394366,0.0517448856799037,48
17158,2016,6,12,72.35,0.7464788732394366,0.0518785933948388,48
17163,1950,3,12,32.1,0.7464788732394366,0.0517448856799037,79
17167,1900,3,12,66.97,0.7464788732394366,0.052012301109774,48
17170,1880,3,12,39.07,0.7464788732394366,0.0521460088247091,48
17176,1950,3,12,37.62,0.4647887323943662,0.0443241075010028,71
17179,2004,3,12,66.37,0.9577464788732394,0.0821633908276507,48
17181,1900,3,12,60.65,0.9577464788732394,0.0822970985425859,79
17189,1936,3,12,3.3,0.9577464788732394,0.0830993448321968,48
17191,1936,3,12,89.18,0.2253521126760563,0.0527476935419173,48
17198,1880,3,12,20.69,0.2253521126760563,0.0516780318224361,48
17201,1932,3,12,76.21,0.2253521126760563,0.0514106163925658,48
17203,1900,3,12,75.05,0.2253521126760563,0.0512100548201631,48
17206,1940,3,12,821.13,0.3380281690140845,0.1449391629897045,71
17208,1880,3,12,719.7,0.7464788732394366,0.0541516245487364,71
17211,1958,3,12,189.05,0.7464788732394366,0.0544858938360743,48
17217,1900,3,12,74.51,0.7323943661971831,0.1068993180906538,79
17219,2018,3,12,43.07,0.9577464788732394,0.0424521994919106,79
17221,1900,3,12,57.99,0.9577464788732394,0.0425859072068458,48
17224,1900,3,12,74.3,0.9577464788732394,0.0427196149217809,48
17235,1900,3,12,73.22,0.7323943661971831,0.0516780318224361,79
17238,1989,3,12,113.25,0.7323943661971831,0.0513437625350982,48
17240,1900,9,12,75.63,0.7323943661971831,0.0511432009626955,48
17255,2004,3,12,3548.1,0.4647887323943662,0.8842091188661585,48
17259,1960,3,12,282.99,0.8450704225352113,0.1260863751838481,79
17262,2022,3,12,,0.971830985915493,0.0800909212461559,48
17268,1955,3,12,59.59,0.971830985915493,0.080224628961091,48
17273,1955,3,12,115.93,0.2957746478873239,0.0776841823773231,48
17276,1959,3,12,80.65,0.2957746478873239,0.0653162187458216,48
17278,1962,6,12,82.77,0.2957746478873239,0.0649819494584837,79
17280,2023,3,12,76.34,0.2957746478873239,0.0646476801711458,48
17285,2021,3,12,,0.7183098591549296,0.133039176360476,48
17289,1960,3,12,115.84,0.7183098591549296,0.1350447920845032,48
17291,1950,3,12,109.89,0.7183098591549296,0.1454739938494451,48
17294,1957,3,12,54.51,0.7183098591549296,0.5484690466639925,48
17298,1990,3,12,77.49,0.2957746478873239,0.0643802647412755,71
17300,1990,3,12,79.54,0.2957746478873239,0.0640459954539376,71
17304,1958,3,12,262.42,0.971830985915493,0.0670544190399786,71
17307,2011,3,12,131.86,0.971830985915493,0.0659847573204973,48
17309,2020,3,12,66.55,0.971830985915493,0.0656504880331595,48
17314,1984,3,12,33.0,0.2535211267605634,0.0656504880331595,48
17317,1975,3,12,100.94,0.4647887323943662,0.0801577751036234,71
17323,1950,3,12,79.19,0.7183098591549296,0.0818959753977804,71
17327,1970,3,12,235.87,0.7183098591549296,0.0817622676828453,79
17329,1950,3,12,100.82,0.704225352112676,0.0815617061104425,48
17334,2009,3,12,144.95,0.971830985915493,0.0664527343227704,48
17336,1924,3,12,108.8,0.7183098591549296,0.2767081160582965,48
17338,2016,3,12,73.11,0.2535211267605634,0.0655836341756919,48
17348,1946,3,12,97.94,0.2253521126760563,0.0668538574675758,79
17353,1942,3,12,107.83,0.2253521126760563,0.0655167803182243,48
17358,1930,3,12,112.29,0.4788732394366197,0.0651825110308864,48
17363,1950,3,12,81.62,0.4788732394366197,0.0668538574675758,71
17366,1929,3,12,85.41,0.7464788732394366,0.0643134108838079,48
17368,1940,3,12,82.93,0.7464788732394366,0.0644471185987431,71
17375,2008,3,12,372.41,0.2253521126760563,0.3164193073940366,48
17378,1943,3,12,179.03,0.0,0.0664527343227704,79
17388,2022,6,12,1013.65,0.4647887323943662,0.0666532958951731,48
17390,1960,3,12,122.49,0.4929577464788732,0.0834336141195346,71
17392,1962,3,12,121.26,0.4929577464788732,0.0826313678299237,48
17394,1962,3,12,157.91,0.4929577464788732,0.0820296831127155,79
17396,1962,3,12,147.24,0.4929577464788732,0.0811605829656371,79
17403,1996,15,12,521.62,0.0,0.1676694745286802,48
17406,1999,15,12,507.72,0.0,0.1672014975264072,48
17414,1999,6,12,1661.0,0.028169014084507,0.4836876587779114,48
17418,1950,3,12,148.37,0.5070422535211268,0.1655970049471854,71
17424,1950,3,12,125.77,0.5070422535211268,0.1655970049471854,79
17433,1960,6,12,134.58,0.7464788732394366,0.0801577751036234,48
17442,2004,3,12,71.81,0.2394366197183098,0.0599010562909479,48
17445,2003,3,12,520.96,0.5070422535211268,0.1680037438160181,48
17447,2000,9,12,308.18,0.7464788732394366,0.3628827383340018,48
17451,2016,3,12,72.4,0.7464788732394366,0.2928198957079823,48
17453,2002,3,12,72.26,0.7464788732394366,0.2823238400855729,48
17459,2003,3,12,96.12,0.2394366197183098,0.1214734590185853,48
17464,1999,3,12,446.05,0.5070422535211268,0.1606498194945848,71
17466,1999,3,12,149.43,0.8591549295774648,0.054686455408477,79
17468,1983,3,12,131.05,0.8591549295774648,0.054686455408477,48
17470,1983,3,12,111.33,0.352112676056338,0.201764941837144,48
17472,1981,3,12,113.25,0.352112676056338,0.2531755582297098,79
17490,1975,6,12,,0.0140845070422535,0.0,48
17492,1970,3,12,89.96,0.352112676056338,0.0,48
17495,2008,3,12,51.78,0.647887323943662,0.0572937558497125,79
17497,1980,3,12,61.39,0.6056338028169014,0.0618398181575076,79
17501,1991,3,12,,0.6056338028169014,0.0304853590052145,48
17505,1972,6,12,,0.0,0.077550474662388,48
17508,2008,3,12,,0.0985915492957746,0.0582965637117261,48
17510,1970,3,12,30.73,0.1126760563380281,0.0204572803850782,79
17512,1970,3,12,50.42,0.1126760563380281,0.0230645808263136,48
17514,1974,6,12,500.48,0.1408450704225352,0.0,79
17517,1970,6,12,,0.1126760563380281,0.0,79
17520,1980,9,12,137.22,0.0985915492957746,0.0,79
17523,2017,3,12,,0.0704225352112676,0.0,48
17529,1991,3,12,819.08,0.2253521126760563,0.275839015911218,79
17538,2003,3,12,93.89,0.4788732394366197,0.0449926460756785,48
17542,1965,3,12,60.52,0.9859154929577464,0.0449926460756785,79
17551,1960,3,12,87.99,0.2253521126760563,0.0800909212461559,71
17561,1954,3,12,110.38,0.7183098591549296,0.0833667602620671,71
17568,1962,3,12,100.61,0.971830985915493,0.066519588180238,48
17576,1972,3,12,299.1,0.9859154929577464,0.0778178900922583,71
17578,1972,3,12,1123.25,0.7323943661971831,0.0,71
17580,1962,3,12,253.99,0.1830985915492957,0.0,71
17581,2002,3,12,529.7,0.971830985915493,0.0720016044925792,79
17582,1965,3,12,1391.26,0.2112676056338028,0.0,71
17583,1972,3,12,377.23,0.2112676056338028,0.0,71
17585,1992,3,12,,0.4788732394366197,0.0861077684182377,71
17587,1992,3,12,,0.7183098591549296,0.0799572135312207,71
17589,1992,3,12,,0.7183098591549296,0.0800240673886883,71
17591,1992,3,12,,0.7183098591549296,0.0800240673886883,71
17593,1992,3,12,,0.7183098591549296,0.0800240673886883,71
17595,1992,3,12,,0.7183098591549296,0.0806257521058965,71
17597,1990,3,12,909.6,0.7183098591549296,0.0790212595266746,71
17598,1965,3,12,1272.49,0.9859154929577464,0.0778847439497259,71
17599,1972,3,12,35.08,0.4647887323943662,0.0,71
17604,1940,3,12,302.97,0.971830985915493,0.045393769220484,71
17606,1934,3,12,119.85,0.971830985915493,0.045393769220484,79
17609,1920,3,12,127.59,0.971830985915493,0.045393769220484,48
17611,1891,3,12,63.77,0.971830985915493,0.0455274769354191,48
17615,1906,3,12,109.69,0.1830985915492957,0.0654499264607567,79
17624,1934,3,12,136.44,0.1830985915492957,0.065249364888354,48
17629,1950,3,12,19.83,0.7183098591549296,0.0801577751036234,71
17632,1960,3,12,74.44,0.7183098591549296,0.0789544056692071,48
17640,2008,3,12,255.01,0.4647887323943662,0.0669207113250434,48
17652,1949,3,12,96.96,0.943661971830986,0.0505415162454873,71
17655,1949,3,12,59.59,0.943661971830986,0.05074207781789,79
17660,1947,3,12,78.64,0.943661971830986,0.0516780318224361,48
17664,1930,3,12,57.74,0.943661971830986,0.0520791549672416,48
17668,1880,6,12,55.28,0.943661971830986,0.0524134242545794,48
17670,1898,3,12,59.73,0.943661971830986,0.052480278112047,79
17672,1898,3,12,56.38,0.943661971830986,0.0525471319695146,79
17676,1947,3,12,82.45,0.1971830985915492,0.0528814012568525,79
17685,1946,3,12,89.03,0.4647887323943662,0.0937959620270089,79
17687,1942,3,12,76.35,0.4647887323943662,0.0939296697419441,48
17689,1943,3,12,56.37,0.4647887323943662,0.0940633774568792,79
17692,1951,9,12,161.24,0.4647887323943662,0.0943307928867495,79
17695,1941,3,12,72.01,0.4647887323943662,0.0944645006016847,71
17699,1951,3,12,4.76,0.4647887323943662,0.0946650621740874,79
17707,1920,3,12,76.82,0.4788732394366197,0.0897847305789543,48
17712,1928,3,12,76.64,0.5070422535211268,0.0909881000133707,48
17715,1958,6,12,44.62,0.1971830985915492,0.0528814012568525,48
17723,1932,3,12,98.2,0.1971830985915492,0.0531488166867228,48
17727,1977,6,12,83.93,0.1971830985915492,0.0527476935419173,48
17731,1954,3,12,52.05,0.1971830985915492,0.0525471319695146,48
17739,1985,3,12,57.49,0.6619718309859155,0.1782323840085573,48
17744,2017,3,12,55.5,0.6619718309859155,0.0495387083834737,48
17749,1941,3,12,179.77,0.6619718309859155,0.0494050006685385,48
17755,2016,3,12,92.56,0.971830985915493,0.0400454606230779,79
17760,1951,3,12,73.65,0.971830985915493,0.0401123144805455,79
17770,1941,3,12,114.74,0.4647887323943662,0.0383741141863885,79
17772,1952,3,12,79.81,0.971830985915493,0.0361679368899585,48
17774,2022,3,12,61.36,0.971830985915493,0.0360342291750233,48
17787,2014,3,12,77.63,0.2112676056338028,0.0535499398315282,79
17791,1951,3,12,76.61,0.4647887323943662,0.0373713063243749,48
17801,1927,3,12,154.57,0.2112676056338028,0.0593662254312073,48
17806,2009,6,12,71.32,0.971830985915493,0.092525738735125,79
17809,1967,6,12,1538.76,0.2112676056338028,0.0419842224896376,48
17812,2019,3,12,76.18,0.971830985915493,0.0356999598876855,48
17815,1919,6,12,66.76,0.971830985915493,0.0358336676026206,79
17818,1927,3,12,68.66,0.971830985915493,0.0360342291750233,79
17822,1880,3,12,41.81,0.971830985915493,0.2573204973926996,79
17831,1927,3,12,87.83,0.1971830985915492,0.0528145473993849,79
17851,2019,6,12,4.11,0.2112676056338028,0.0374381601818424,48
17856,1931,3,12,82.45,0.2112676056338028,0.0401123144805455,79
17859,1927,3,12,174.16,0.2112676056338028,0.0435887150688594,79
17864,2001,3,12,73.47,0.2112676056338028,0.0456611846503543,79
17866,1923,3,12,173.2,0.2112676056338028,0.0476668003743816,79
17870,2021,3,12,143.14,0.1971830985915492,0.0494050006685385,79
17872,1913,3,12,95.83,0.4647887323943662,0.0354993983152827,71
17876,1931,3,12,82.32,0.4647887323943662,0.0352319828854124,71
17878,1991,3,12,59.18,0.4647887323943662,0.0352319828854124,48
17881,1941,6,12,80.67,0.4647887323943662,0.0355662521727503,48
17883,1947,3,12,106.66,0.4647887323943662,0.0361679368899585,48
17888,1916,3,12,58.45,0.7183098591549296,0.0503409546730846,48
17894,1956,3,12,641.42,0.2112676056338028,0.1306992913491108,79
17928,1959,3,12,771.06,0.704225352112676,0.1470784864286669,79
17934,1977,6,12,187.83,0.4647887323943662,0.0321567054419039,79
17946,2010,3,12,351.67,0.1690140845070422,0.1452065784195748,79
17951,1912,3,12,46.48,0.6901408450704225,0.013705040780853,71
17989,1997,3,12,149.88,0.6901408450704225,0.0268752507019655,79
17996,1900,6,12,195.04,0.8309859154929577,0.0415830993448321,79
17998,1912,6,12,99.49,0.8591549295774648,0.0329589517315149,79
18000,1900,6,12,74.47,0.8591549295774648,0.0324909747292418,79
18005,1900,3,12,90.45,0.8591549295774648,0.0311538975798903,79
18009,1900,3,12,13.13,0.1690140845070422,0.0371038908945046,79
18013,1900,3,12,200.31,0.1830985915492957,0.0304853590052145,71
18021,1923,3,12,81.33,0.1830985915492957,0.0257387351250167,79
18029,1920,3,12,15.79,0.4225352112676056,0.0318224361545661,79
18041,2016,3,12,139.19,0.7183098591549296,0.0827650755448589,79
18051,1900,3,12,96.47,0.7183098591549296,0.0344297365958015,71
18053,1900,3,12,92.5,0.7183098591549296,0.0342291750233988,71
18061,1934,3,12,91.62,0.7183098591549296,0.1796363150153763,79
18072,1947,3,12,107.91,0.9577464788732394,0.0590319561438694,79
18080,1991,3,12,71.31,0.352112676056338,0.0530819628292552,71
18093,2008,12,12,1064.18,0.9577464788732394,0.0615055488701698,79
18100,1947,6,12,96.65,0.9577464788732394,0.0601016178633507,71
18104,1895,6,12,166.66,1.0,0.04632972322503,79
18106,1900,3,12,80.04,0.2112676056338028,0.2106565048803315,48
18111,2016,3,12,83.18,0.2112676056338028,0.037037037037037,48
18115,1900,3,12,77.13,0.2112676056338028,0.0363016446048937,48
18120,1900,3,12,1514.74,0.7464788732394366,0.0449257922182109,48
18124,1900,3,12,,0.7464788732394366,0.0440566920711325,48
18126,1900,3,12,94.74,0.7464788732394366,0.0440566920711325,48
18129,1880,3,12,55.82,0.7464788732394366,0.0439229843561973,48
18133,1972,9,12,223.83,0.7464788732394366,0.0437892766412622,48
18136,1900,3,12,63.56,0.7464788732394366,0.0437224227837946,48
18139,2001,9,12,152.96,0.7464788732394366,0.1394571466773632,48
18142,2004,3,12,1187.59,0.4647887323943662,0.0594999331461425,71
18144,1900,3,12,338.14,0.7464788732394366,0.0439898382136649,48
18150,1900,3,12,70.23,0.2112676056338028,0.0338280518785933,79
18152,2019,3,12,71.67,0.2112676056338028,0.0339617595935285,48
18157,1880,3,12,53.53,0.2112676056338028,0.0344965904532691,79
18160,1880,6,12,38.95,0.2112676056338028,0.1476801711458751,79
18169,1900,3,12,9.37,0.2112676056338028,0.0354325444578152,48
18181,1990,3,12,96.84,0.7464788732394366,0.0438561304987297,48
18184,2024,3,12,,0.7464788732394366,0.0433881534964567,48
18188,1987,6,12,72.72,0.4929577464788732,0.0467308463698355,48
18191,1987,3,12,6.2,0.4929577464788732,0.0465971386549003,48
18197,1994,3,12,,0.2112676056338028,0.0,79
18201,1967,6,12,139.43,0.4929577464788732,0.0467977002273031,79
18209,1963,3,12,85.35,0.971830985915493,0.0389757989035967,79
18214,1880,3,12,53.69,0.971830985915493,0.0391095066185318,79
18219,1960,3,12,133.59,0.9577464788732394,0.0393100681909346,48
18226,1880,3,12,144.99,0.4507042253521127,0.038775237331194,48
18230,1904,3,12,55.99,0.4507042253521127,0.0385746757587912,48
18233,1930,3,12,,0.4507042253521127,0.0385078219013237,79
18236,1960,3,12,104.59,0.4507042253521127,0.0384409680438561,48
18238,1920,3,12,76.73,0.4507042253521127,0.0383072603289209,48
18246,1920,3,12,292.18,0.4507042253521127,0.0389757989035967,71
18248,1987,3,12,77.95,0.2112676056338028,0.0399117529081427,48
18250,1900,3,12,80.44,0.2112676056338028,0.0394437759058697,79
18252,1960,3,12,77.33,0.2112676056338028,0.0391763604759994,48
18255,1880,3,12,87.2,0.2112676056338028,0.1204706511565717,79
18257,1900,3,12,46.61,0.4507042253521127,0.0369033293221018,48
18267,1987,3,12,73.11,0.9577464788732394,0.0373044524669073,48
18269,1987,3,12,79.37,0.971830985915493,0.0373713063243749,48
18271,1987,3,12,77.06,0.9577464788732394,0.0373713063243749,48
18273,1987,3,12,76.58,0.9577464788732394,0.0373713063243749,48
18276,2003,3,12,385.41,0.9577464788732394,0.1549003877523733,71
18280,1900,3,12,31.93,0.9577464788732394,0.1548335338949057,79
18286,1900,3,12,83.9,0.2253521126760563,0.0549538708383473,48
18289,1900,3,12,59.94,0.4507042253521127,0.0393100681909346,79
18291,1900,3,12,120.96,0.4507042253521127,0.0393100681909346,79
18294,1900,3,12,37.82,0.4647887323943662,0.0393100681909346,48
18298,1900,3,12,64.83,0.4507042253521127,0.0391763604759994,48
18300,1900,3,12,62.39,0.4507042253521127,0.0391095066185318,79
18304,1900,3,12,,0.4507042253521127,0.0389757989035967,48
18312,1960,3,12,195.1,0.7183098591549296,0.0411151223425591,48
18316,2009,3,12,180.92,0.7183098591549296,0.0407139991977537,48
18319,2018,3,12,40.15,0.4507042253521127,0.0389757989035967,48
18322,2018,3,12,26.01,0.4507042253521127,0.0389089450461291,48
18325,2018,3,12,26.34,0.4507042253521127,0.0389089450461291,48
18339,2003,3,12,747.79,0.0140845070422535,0.3362749030619066,71
18342,2002,3,12,1162.13,0.056338028169014,0.7107902125952666,71
18345,1996,3,12,160.17,0.9295774647887324,0.2756384543388153,79
18352,1965,3,12,,0.2535211267605634,0.0671212728974461,48
18357,1997,6,12,1265.53,0.5070422535211268,0.3071934750635111,79
18361,1900,3,12,104.62,0.8028169014084507,0.1920042786468779,48
18364,1900,3,12,50.86,0.8028169014084507,0.0650488033159513,48
18366,1900,3,12,72.7,0.8028169014084507,0.0647145340286134,48
18371,1900,3,12,59.17,0.8028169014084507,0.0631100414493916,48
18375,1900,3,12,68.48,0.8028169014084507,0.0636448723091322,48
18378,1900,3,12,69.24,0.8028169014084507,0.0641797031688728,48
18381,1953,6,12,16.48,0.8028169014084507,0.0643802647412755,48
18383,1920,3,12,55.73,0.8028169014084507,0.0645139724562107,79
18386,1920,3,12,55.63,0.8028169014084507,0.0649150956010161,48
18388,1920,3,12,95.54,0.8028169014084507,0.0651825110308864,48
18392,1932,3,12,92.54,0.8028169014084507,0.0658510496055622,71
18394,1935,3,12,89.97,0.8450704225352113,0.0727369969247225,48
18402,2001,6,12,466.16,0.2535211267605634,0.066519588180238,48
18407,1988,3,12,157.15,0.971830985915493,0.0663858804653028,71
18414,2004,3,12,177.87,0.2535211267605634,0.1240807594598208,71
18417,1936,3,12,207.53,0.5070422535211268,0.1095066185318892,71
18419,1903,3,12,,0.5070422535211268,0.1255515443241075,71
18420,1890,6,12,372.6,0.5070422535211268,0.1192672817221553,79
18423,1892,3,12,148.78,0.5211267605633803,0.0794223826714801,48
18424,1892,3,12,511.67,0.676056338028169,0.3188260462628693,71
18427,1962,3,12,143.76,0.676056338028169,0.0888487765744083,71
18431,1922,3,12,82.07,0.7605633802816901,0.0655167803182243,48
18433,1940,3,12,97.19,0.7605633802816901,0.0655836341756919,71
18435,1940,3,12,87.06,0.7605633802816901,0.065717341890627,48
18437,1938,3,12,90.48,0.7605633802816901,0.065717341890627,79
18440,1940,3,12,169.61,0.7605633802816901,0.0658510496055622,71
18445,2004,3,12,220.17,0.2535211267605634,0.2165396443374782,71
18447,2003,3,12,367.06,0.9859154929577464,0.0671212728974461,71
18451,2024,3,12,214.42,0.7605633802816901,0.0658510496055622,48
18456,2014,3,12,72.67,1.0,0.0,79
18459,1989,6,12,87.37,1.0,0.0,71
18462,2000,3,12,94.76,1.0,0.0,79
18464,1979,6,12,472.3,1.0,0.0,79
18472,1977,3,12,386.65,1.0,0.0,71
18474,1977,3,12,600.66,0.1267605633802817,0.3310603021794358,48
18479,1928,3,12,,0.4929577464788732,0.0675892498997192,79
18484,1932,3,12,101.82,0.4929577464788732,0.0667870036101083,48
18489,1934,3,12,,1.0,0.0671212728974461,48
18494,1957,3,12,,0.2535211267605634,0.0781521593795961,48
18499,1957,3,12,63.69,0.2535211267605634,0.0777510362347907,79
18507,1958,6,12,71.69,0.2535211267605634,0.0773499130899852,79
18512,2000,3,12,125.98,0.5070422535211268,0.0683914961893301,71
18515,1955,3,12,85.04,0.4647887323943662,0.0672549806123813,48
18517,1900,3,12,71.49,0.7323943661971831,0.0651825110308864,79
18519,1910,3,12,68.62,0.7323943661971831,0.0653830726032892,79
18521,1900,3,12,84.38,0.7323943661971831,0.0655836341756919,48
18532,1992,3,12,197.01,0.7323943661971831,0.0661184650354325,71
18535,2021,3,12,,0.7323943661971831,0.0661184650354325,48
18539,1996,6,12,38.53,0.7323943661971831,0.0660516111779649,79
18541,1928,6,12,124.71,0.7323943661971831,0.0660516111779649,79
18544,1990,3,12,76.75,1.0,0.0660516111779649,48
18546,1989,6,12,83.42,1.0,0.0662521727503677,79
18548,1989,6,12,83.16,1.0,0.066519588180238,79
18556,2003,6,12,209.44,1.0,0.0,71
18559,1950,3,12,,0.2394366197183098,0.1464768017114587,48
18563,2018,6,12,55.49,0.2535211267605634,0.0818291215403128,48
18570,1998,3,12,,0.5070422535211268,0.0732049739269955,48
18576,1992,3,12,28.11,0.7605633802816901,0.0954004546062307,71
18580,1999,6,12,1172.18,0.5070422535211268,0.1636582430806257,48
18589,2000,3,12,74.54,0.2394366197183098,0.0750100280786201,48
18597,1957,3,12,93.72,0.2394366197183098,0.0726032892097874,48
18609,1965,6,12,42.91,0.4929577464788732,0.1609172349244551,79
18616,1960,3,12,6.88,0.2535211267605634,0.0717341890627089,79
18621,2000,3,12,170.35,0.2394366197183098,0.0718010429201764,48
18627,1960,3,12,89.99,0.7464788732394366,0.0748094665062173,48
18629,1960,3,12,91.27,0.7464788732394366,0.0748763203636849,48
18635,2019,3,12,1371.21,0.0985915492957746,0.2673485760128359,48
18642,2005,6,12,1554.82,0.6056338028169014,0.2192806524936488,48
18644,1988,3,12,104.86,0.7183098591549296,0.0847706912688862,71
18648,1974,3,12,37.39,0.7183098591549296,0.0794223826714801,71
18649,1974,3,12,335.21,0.971830985915493,0.0790212595266746,71
18650,1974,3,12,324.84,0.7183098591549296,0.0837010295494049,71
18653,1974,3,12,,0.7183098591549296,0.0830993448321968,79
18655,1974,3,12,,0.7183098591549296,0.0835004679770022,71
18657,1974,3,12,,0.7183098591549296,0.0841021526942104,71
18659,1974,3,12,,0.3380281690140845,0.1772295761465436,79
18661,1974,3,12,637.7,0.971830985915493,0.0790881133841422,71
18663,1988,3,12,58.88,0.4647887323943662,0.079756651958818,71
18668,1991,3,12,,0.5211267605633803,0.8005749431742211,79
18673,1991,3,12,,0.7323943661971831,0.080224628961091,79
18676,1991,3,12,,0.7323943661971831,0.0806257521058965,79
18678,1991,3,12,,0.7323943661971831,0.0810937291081695,71
18680,1991,3,12,491.99,0.7183098591549296,0.0814279983955074,71
18682,1991,3,12,124.67,0.7323943661971831,0.080224628961091,79
18686,1991,9,12,70.36,0.7183098591549296,0.0808931675357668,79
18688,1989,3,12,46.88,0.7323943661971831,0.079756651958818,71
18690,1989,3,12,46.51,0.7323943661971831,0.0799572135312207,71
18692,1989,3,12,65.76,0.8591549295774648,0.1781655301510896,71
18693,1988,3,12,802.86,0.2253521126760563,0.0800240673886883,71
18694,1988,3,12,756.18,0.2253521126760563,0.080692605963364,71
18696,1988,3,12,95.15,0.2253521126760563,0.0812274368231047,71
18697,1988,3,12,47.01,0.4647887323943662,0.0800240673886883,71
18699,1982,3,12,,0.971830985915493,0.0790212595266746,71
18701,1974,3,12,,0.971830985915493,0.0790212595266746,71
18702,1974,3,12,243.14,0.2253521126760563,0.0798903596737531,71
18703,1974,3,12,234.66,0.4647887323943662,0.0,71
18704,1974,3,12,235.0,0.4647887323943662,0.0,71
18705,1974,3,12,230.01,0.4647887323943662,0.0,71
18706,1991,3,12,24.96,0.2253521126760563,0.0820965369701831,71
18709,2015,3,12,,0.2253521126760563,0.0800240673886883,79
18710,1974,3,12,284.09,0.7183098591549296,0.0835673218344698,71
18718,1965,3,12,155.4,0.971830985915493,0.0816285599679101,71
18723,1965,3,12,311.5,0.9859154929577464,0.0826313678299237,71
18725,1983,3,12,125.71,0.9859154929577464,0.0826313678299237,71
18730,1950,3,12,180.59,0.9859154929577464,0.0798903596737531,48
18732,1940,3,12,65.95,0.9859154929577464,0.0800240673886883,48
18735,1960,3,12,,0.9859154929577464,0.0803583366760262,71
18737,1957,3,12,62.82,0.9859154929577464,0.0804920443909613,71
18740,1945,3,12,73.61,0.9859154929577464,0.0807594598208316,71
18741,1963,3,12,65.87,0.9859154929577464,0.0812942906805722,71
18742,1936,3,12,185.21,0.7323943661971831,0.0807594598208316,71
18747,1953,3,12,81.11,0.9859154929577464,0.0654499264607567,48
18757,1990,6,12,131.96,0.2253521126760563,0.0806257521058965,48
18758,1978,3,12,1170.32,0.7183098591549296,0.0812942906805722,71
18761,1973,3,12,140.9,0.2253521126760563,0.0805588982484289,71
18763,1971,3,12,91.73,0.2253521126760563,0.0807594598208316,71
18765,1968,3,12,82.48,0.2253521126760563,0.0807594598208316,48
18769,1990,3,12,63.28,0.4647887323943662,0.0820965369701831,71
18774,1997,3,12,63.58,0.4647887323943662,0.0798903596737531,48
18778,1994,3,12,,0.352112676056338,0.177964968578687,48
18782,1998,9,12,715.56,0.4647887323943662,0.0812274368231047,79
18785,2002,9,12,301.54,0.4788732394366197,0.0791549672416098,48
18795,1955,3,12,80.21,0.2253521126760563,0.0790881133841422,48
18804,1954,3,12,56.75,0.4788732394366197,0.079756651958818,48
18808,1967,3,12,115.42,0.7323943661971831,0.0808263136782992,48
18816,1941,3,12,,0.9859154929577464,0.0664527343227704,71
18818,1954,3,12,48.3,0.9859154929577464,0.0663858804653028,79
18821,2009,3,12,149.72,0.9859154929577464,0.0663190266078352,48
18827,1920,3,12,57.79,0.2394366197183098,0.0660516111779649,71
18829,1978,3,12,119.46,0.4788732394366197,0.0663858804653028,48
18831,1960,3,12,77.13,0.4788732394366197,0.0663858804653028,48
18841,1960,3,12,6.61,0.7464788732394366,0.0664527343227704,71
18844,2010,9,12,394.39,0.7323943661971831,0.4963898916967508,48
18846,2019,3,12,167.82,0.7464788732394366,0.0663858804653028,48
18848,1983,3,12,261.34,0.7464788732394366,0.0717341890627089,48
18850,1949,3,12,87.51,0.9859154929577464,0.0648482417435486,48
18854,1920,3,12,56.52,0.2394366197183098,0.065249364888354,71
18856,1950,3,12,95.95,0.2394366197183098,0.0650488033159513,71
18858,1999,3,12,127.41,0.2394366197183098,0.0648482417435486,48
18862,1930,3,12,144.66,0.7464788732394366,0.0657841957480946,48
18870,1989,3,12,64.68,0.7464788732394366,0.0658510496055622,48
18873,2019,3,12,263.35,0.9859154929577464,0.0646476801711458,48
18876,1900,3,12,165.16,0.6901408450704225,0.0654499264607567,79
18878,1900,3,12,5.98,0.971830985915493,0.0465302847974328,48
18884,1900,3,12,,0.971830985915493,0.0467977002273031,71
18886,1900,3,12,24.3,0.971830985915493,0.0471319695146409,79
18888,1900,3,12,123.38,0.971830985915493,0.0473993849445112,48
18890,1979,3,12,116.2,0.971830985915493,0.0476668003743816,79
18892,1923,9,12,119.53,0.2112676056338028,0.0676561037571867,79
18901,1900,3,12,175.92,0.5774647887323944,0.1241476133172884,48
18905,1963,6,12,101.78,0.6901408450704225,0.0651156571734189,79
18911,1923,6,12,,0.6901408450704225,0.065249364888354,48
18917,1900,3,12,4.49,0.6901408450704225,0.0653830726032892,48
18919,2010,6,12,498.08,0.2112676056338028,0.0678566653295895,48
18930,1905,3,12,82.75,0.2112676056338028,0.0464634309399652,71
18932,1987,3,12,131.4,0.2112676056338028,0.0467308463698355,71
18934,2013,3,12,127.83,0.2112676056338028,0.0455943307928867,48
18936,2023,3,12,147.79,0.2112676056338028,0.0454606230779515,48
18938,1910,3,12,88.35,0.2112676056338028,0.0453269153630164,48
18941,1908,3,12,87.08,0.2112676056338028,0.0451263537906137,48
18943,1908,3,12,86.52,0.2112676056338028,0.0451263537906137,48
18951,1900,3,12,65.09,0.6901408450704225,0.0524134242545794,48
18957,1905,3,12,63.29,0.6901408450704225,0.0526808396844497,48
18959,1905,3,12,70.68,0.6901408450704225,0.0527476935419173,48
18962,1905,3,12,47.54,0.6901408450704225,0.0486696082363952,48
18964,1990,3,12,46.37,0.6901408450704225,0.0528814012568525,71
18967,1905,3,12,67.52,0.6901408450704225,0.0530819628292552,48
18968,1987,3,12,296.73,0.2112676056338028,0.1277577216205375,71
18972,1930,6,12,25.0,0.971830985915493,0.094731916031555,79
18976,1883,3,12,72.92,0.971830985915493,0.0943976467442171,48
18977,1880,6,12,128.99,0.971830985915493,0.0941970851718144,79
18985,1880,3,12,,0.1830985915492957,0.1849846236127824,48
18992,1900,3,12,51.93,0.1830985915492957,0.0530819628292552,48
18995,2004,3,12,44.82,0.1830985915492957,0.0530151089717876,48
18998,1900,3,12,67.44,0.1830985915492957,0.0510763471052279,48
19000,1900,3,12,60.24,0.1830985915492957,0.0527476935419173,48
19002,1900,3,12,53.63,0.1830985915492957,0.0526808396844497,48
19004,1900,3,12,63.12,0.1830985915492957,0.0526808396844497,48
19007,1900,3,12,60.53,0.1830985915492957,0.0525471319695146,48
19009,1900,3,12,60.82,0.1830985915492957,0.052480278112047,48
19011,2018,3,12,56.11,0.1830985915492957,0.0524134242545794,48
19014,1900,3,12,47.57,0.1830985915492957,0.0522797165396443,48
19019,2018,3,12,54.02,0.4647887323943662,0.04632972322503,48
19023,1880,3,12,222.17,0.6901408450704225,0.0519454472523064,71
19025,1880,3,12,110.98,0.6901408450704225,0.052012301109774,48
19031,1880,3,12,64.9,0.6901408450704225,0.0521460088247091,79
19034,2022,3,12,,0.6901408450704225,0.0521460088247091,48
19039,1936,3,12,118.88,0.704225352112676,0.1165262735659847,48
19042,2004,3,12,79.6,0.943661971830986,0.0386415296162588,48
19044,2004,3,12,69.73,0.943661971830986,0.0383072603289209,48
19046,2004,3,12,983.01,0.943661971830986,0.03750501403931,71
19052,1933,3,12,82.07,0.943661971830986,0.0353656906003476,48
19054,1943,12,12,113.37,0.943661971830986,0.0350982751704773,48
19059,1933,3,12,62.23,0.1830985915492957,0.0557561171279582,79
19066,1912,3,12,70.1,0.1830985915492957,0.0498729776708116,48
19068,1953,3,12,112.26,0.1830985915492957,0.0499398315282791,48
19072,2019,3,12,92.63,0.1830985915492957,0.0500735392432143,48
19079,1926,3,12,64.33,0.4647887323943662,0.0935285465971386,79
19081,1929,3,12,59.94,0.4647887323943662,0.0933948388822035,71
19084,1960,12,12,85.75,0.4647887323943662,0.0933948388822035,79
19086,1951,6,12,81.97,0.4647887323943662,0.0932611311672683,48
19088,1886,3,12,104.79,0.4647887323943662,0.0931942773098007,48
19095,1952,6,12,68.25,0.4647887323943662,0.0931274234523331,79
19097,1880,3,12,58.99,0.4647887323943662,0.0931274234523331,48
19099,1946,3,12,86.4,0.4647887323943662,0.0931274234523331,48
19107,1953,6,12,65.08,0.4647887323943662,0.0933948388822035,79
19112,1931,3,12,70.81,0.4647887323943662,0.0935285465971386,48
19116,1920,6,12,73.14,0.4647887323943662,0.0935954004546062,79
19118,1935,3,12,110.46,0.704225352112676,0.0528814012568525,48
19120,1930,3,12,71.58,0.704225352112676,0.0528814012568525,79
19122,1927,3,12,81.34,0.704225352112676,0.0528814012568525,48
19127,2015,3,12,60.31,0.704225352112676,0.0528814012568525,79
19129,1931,3,12,58.93,0.704225352112676,0.0528814012568525,48
19131,2000,3,12,80.0,0.1830985915492957,0.0,79
19134,2002,3,12,413.87,0.1830985915492957,0.188193608771226,71
19142,2022,3,12,405.04,0.1830985915492957,0.0520791549672416,79
19147,1945,3,12,78.97,0.4366197183098591,0.0361010830324909,48
19152,1901,3,12,120.25,0.971830985915493,0.0384409680438561,48
19154,2009,3,12,174.56,0.971830985915493,0.0381735526139858,48
19157,2018,6,12,110.92,0.971830985915493,0.0379061371841155,48
19160,1923,3,12,129.64,0.971830985915493,0.03750501403931,48
19165,1974,3,12,95.37,0.1830985915492957,0.0543521861211391,48
19169,1943,3,12,96.12,0.1830985915492957,0.0856397914159647,79
19173,1941,3,12,123.99,0.1830985915492957,0.0446583767883406,79
19177,1931,3,12,90.11,0.1830985915492957,0.045861746222757,48
19186,1904,3,12,,0.1830985915492957,0.0473993849445112,79
19191,2003,3,12,271.41,0.4366197183098591,0.0524134242545794,71
19194,1972,6,12,171.44,0.1830985915492957,0.196550340954673,71
19197,1921,6,12,312.96,0.4366197183098591,0.0521460088247091,79
19201,1957,3,12,48.51,0.9295774647887324,0.0312876052948255,79
19214,1957,3,12,151.06,0.943661971830986,0.0318224361545661,79
19217,1938,3,12,148.24,0.943661971830986,0.0327583901591121,79
19222,1957,3,12,212.46,0.971830985915493,0.0274769354191736,79
19224,1957,6,12,381.0,0.971830985915493,0.0306859205776173,79
19229,1957,3,12,122.19,0.9859154929577464,0.0364353523198288,79
19238,1957,3,12,144.89,1.0,0.0684583500467976,71
19244,1900,3,12,52.3,1.0,0.0734055354993983,48
19246,1957,3,12,78.91,0.1549295774647887,0.0495387083834737,71
19248,1947,3,12,98.23,0.1549295774647887,0.0496724160984088,71
19260,1957,9,12,1062.44,0.5492957746478874,0.2262334536702767,48
19268,1986,3,12,1115.89,0.6901408450704225,0.0446583767883406,48
19273,1900,3,12,431.02,0.6901408450704225,0.0849712528412889,79
19277,1991,6,12,111.95,0.647887323943662,0.03971119133574,79
19289,1947,3,12,218.47,0.8591549295774648,0.0326915363016446,79
19293,1900,6,12,82.91,0.8591549295774648,0.0332263671613852,79
19298,1947,6,12,,0.8591549295774648,0.0340954673084636,71
19303,2002,3,12,97.1,0.1267605633802817,0.0655167803182243,48
19318,2005,3,12,43.58,0.4929577464788732,0.0733386816419307,79
19323,1947,6,12,87.73,0.4788732394366197,0.0676561037571867,79
19332,1947,3,12,75.6,0.4647887323943662,0.0328920978740473,79
19336,1947,9,12,133.03,0.4647887323943662,0.0328252440165797,71
19345,1947,3,12,58.52,0.6901408450704225,0.0239336809733921,71
19347,1947,6,12,125.89,0.6901408450704225,0.0254713196951464,48
19350,1926,3,12,75.15,0.6901408450704225,0.0267415429870303,79
19352,1916,3,12,201.59,0.6901408450704225,0.0284797432811873,79
19354,1967,3,12,136.08,0.6901408450704225,0.0302179435753442,79
19358,1947,3,12,121.06,0.6901408450704225,0.0352319828854124,79
19360,1947,6,12,60.28,0.647887323943662,0.0383741141863885,79
19372,1942,3,12,200.04,0.056338028169014,0.051544324107501,79
19375,1880,3,12,55.32,0.056338028169014,0.0522797165396443,79
19378,1979,3,12,341.97,0.1126760563380281,0.0925925925925925,48
19380,1947,3,12,107.78,0.9577464788732394,0.293020457280385,79
19383,1927,3,12,116.2,0.2112676056338028,0.0342960288808664,79
19390,1943,6,12,59.97,0.2253521126760563,0.2196817756384543,79
19392,2012,6,12,76.66,0.2676056338028169,0.0615724027276373,48
19396,1976,3,12,205.93,0.971830985915493,0.1509560101617863,48
19401,1959,3,12,88.08,0.2394366197183098,0.0391095066185318,79
19405,1947,3,12,105.52,0.2535211267605634,0.168805990105629,48
19410,1977,3,12,370.84,0.6338028169014085,0.0641128493114052,79
19418,1979,6,12,327.89,0.6338028169014085,0.0832999064045995,79
19424,1976,3,12,95.87,0.676056338028169,0.0231982885412488,79
19426,1971,3,12,76.06,0.676056338028169,0.0222623345367027,71
19434,1905,3,12,,0.4084507042253521,0.2812541783660917,79
19437,1991,3,12,76.45,0.9859154929577464,0.0467308463698355,48
19443,1950,3,12,250.05,0.9859154929577464,0.0459286000802246,71
19470,1900,9,12,,0.352112676056338,0.1105094263939029,79
19473,1900,3,12,136.94,0.7183098591549296,0.0346302981682043,48
19487,1930,3,12,14.3,0.704225352112676,0.0355662521727503,79
19489,1880,3,12,144.9,0.7183098591549296,0.0354325444578152,48
19492,1900,3,12,125.55,0.7183098591549296,0.0354993983152827,48
19498,1900,3,12,91.66,0.7183098591549296,0.0369033293221018,48
19500,1935,3,12,100.7,0.7183098591549296,0.0369701831795694,79
19515,1930,3,12,54.0,0.971830985915493,0.0369033293221018,48
19520,2001,12,12,203.12,0.2253521126760563,0.0578954405669207,48
19522,1954,9,12,330.37,0.2253521126760563,0.0579622944243882,48
19531,1900,3,12,46.82,0.4788732394366197,0.0466639925123679,48
19534,1900,3,12,70.71,0.4788732394366197,0.168805990105629,48
19536,1991,3,12,257.04,0.7183098591549296,0.0345634443107367,48
19540,1991,3,12,252.66,0.7183098591549296,0.0349645674555421,48
19543,2018,3,12,,0.4788732394366197,0.0459286000802246,48
19546,2019,3,12,85.29,0.4788732394366197,0.0459286000802246,48
19549,2019,3,12,,0.4788732394366197,0.0459954539376922,48
19552,2018,3,12,,0.4788732394366197,0.0459954539376922,48
19555,2019,3,12,,0.4788732394366197,0.0459954539376922,48
19557,2018,3,12,90.17,0.4788732394366197,0.0460623077951597,48
19560,2018,3,12,,0.4788732394366197,0.0460623077951597,48
19563,2018,3,12,,0.4788732394366197,0.0461960155100949,48
19566,2008,3,12,158.49,0.9577464788732394,0.1008156170611044,48
19569,1880,3,12,39.67,0.9577464788732394,0.0393100681909346,79
19588,1990,3,12,68.08,0.2535211267605634,0.209787404733253,48
19599,1990,3,12,64.94,0.2535211267605634,0.1359138922315817,48
19616,1960,3,12,10.49,0.2253521126760563,0.0,71
19618,1968,3,12,120.39,0.9859154929577464,0.4937157373980478,79
19624,1960,3,12,98.3,0.9859154929577464,0.0729375584971252,79
19633,1930,6,12,90.32,0.2394366197183098,0.0660516111779649,79
19636,1965,3,12,12.27,0.5070422535211268,0.0790212595266746,71
19644,1970,3,12,348.95,0.9859154929577464,0.183313277176093,71
19645,1999,6,12,406.63,0.9859154929577464,0.0792218210990774,71
19647,1950,3,12,104.5,0.9859154929577464,0.0792218210990774,71
19652,2010,6,12,539.89,0.4788732394366197,0.093461692739671,48
19654,1950,3,12,516.92,0.9859154929577464,0.0788875518117395,79
19664,2007,3,12,76.16,1.0,0.0651156571734189,48
19670,2016,3,12,25.18,0.2394366197183098,0.0646476801711458,79
19672,1959,3,12,130.24,0.2394366197183098,0.0637117261665998,71
19679,1938,6,12,,0.4788732394366197,0.0792886749565449,79
19680,1930,3,12,152.65,0.4788732394366197,0.0792886749565449,71
19692,2020,3,12,346.91,0.7605633802816901,0.0777510362347907,48
19694,1965,3,12,22.28,0.7605633802816901,0.0763471052279716,71
19700,1965,3,12,,0.6338028169014085,0.3424254579489236,79
19703,2008,3,12,66.0,0.2394366197183098,0.1275571600481347,79
19706,2020,6,12,103.18,1.0,0.0774836208049204,48
19709,2018,6,12,95.02,1.0,0.0772162053750501,48
19710,2009,12,12,104.98,1.0,0.0770156438026474,79
19715,2012,6,12,16.49,0.2394366197183098,0.0805588982484289,79
19719,2014,3,12,72.85,0.4929577464788732,0.0776841823773231,48
19724,1998,6,12,,0.6338028169014085,0.1497526407273699,48
19738,2019,3,12,757.94,0.2535211267605634,0.3007086508891562,48
19751,2020,3,12,,0.9859154929577464,0.0663858804653028,48
19753,2020,3,12,79.32,0.9859154929577464,0.0663190266078352,48
19756,1925,3,12,25.23,0.9859154929577464,0.0663190266078352,79
19760,1925,6,12,60.57,0.9859154929577464,0.0663858804653028,79
19762,1930,3,12,132.88,0.9859154929577464,0.0663858804653028,79
19764,1925,3,12,96.86,0.2394366197183098,0.0657841957480946,79
19768,1957,3,12,100.42,0.2394366197183098,0.0658510496055622,71
19771,1978,3,12,184.36,0.2394366197183098,0.0659179034630298,79
19772,1963,3,12,441.85,0.2394366197183098,0.0659179034630298,71
19776,1989,3,12,352.11,0.2394366197183098,0.1159245888487765,71
19782,1954,6,12,5.0,0.4788732394366197,0.0654499264607567,48
19784,1930,3,12,75.57,0.4788732394366197,0.0654499264607567,48
19788,1955,3,12,241.16,0.704225352112676,0.0590319561438694,71
19789,1970,3,12,52.06,0.704225352112676,0.3451664661050942,71
19793,1958,3,12,49.57,0.704225352112676,0.1340419842224896,79
19796,2021,3,12,85.18,0.7464788732394366,0.0657841957480946,48
19799,1930,6,12,9.65,0.7464788732394366,0.0655167803182243,79
19804,1900,3,12,1004.02,0.2112676056338028,0.0573606097071801,71
19808,1900,3,12,532.71,0.9859154929577464,0.0536836475464634,71
19809,1922,3,12,1474.93,0.2112676056338028,0.0543521861211391,71
19810,1922,3,12,2095.34,0.4788732394366197,0.0662521727503677,71
19813,1991,6,12,,0.7464788732394366,0.0713330659179034,48
19827,1880,3,12,99.21,0.2112676056338028,0.0512100548201631,71
19831,1991,3,12,51.65,0.2112676056338028,0.0510763471052279,71
19834,1940,3,12,76.75,0.2112676056338028,0.0510763471052279,71
19836,2022,3,12,60.63,0.2112676056338028,0.0510763471052279,79
19840,1930,3,12,62.71,0.4788732394366197,0.0548870169808798,48
19845,2020,3,12,67.08,0.7464788732394366,0.0654499264607567,48
19848,2020,3,12,53.44,0.7464788732394366,0.0656504880331595,48
19851,2020,3,12,67.12,0.7464788732394366,0.0657841957480946,48
19855,1993,3,12,35.95,0.2112676056338028,0.0518785933948388,71
19858,2019,3,12,77.05,0.2112676056338028,0.0517448856799037,48
19860,1930,6,12,107.57,0.2112676056338028,0.0517448856799037,48
19862,1930,3,12,58.02,0.2112676056338028,0.0516780318224361,48
19875,1940,3,12,130.25,0.4788732394366197,0.0563578018451664,71
19878,1940,3,12,83.16,0.4788732394366197,0.0567589249899719,79
19883,1970,3,12,84.9,0.4788732394366197,0.0576948789945179,48
19887,1990,6,12,64.95,0.4788732394366197,0.058162855996791,79
19894,1910,6,12,,0.971830985915493,0.0936622543120738,48
19898,1938,3,12,97.52,0.4507042253521127,0.0417836609172349,79
19900,1980,3,12,,0.7183098591549296,0.0465971386549003,71
19906,1921,3,12,110.9,0.971830985915493,0.0747426126487498,48
19910,1934,3,12,1550.57,0.4225352112676056,0.0389089450461291,71
19920,1900,3,12,63.06,0.6901408450704225,0.0504746623880197,79
19924,1940,3,12,83.43,0.6901408450704225,0.6830458617462227,79
19933,1960,3,12,,0.6901408450704225,0.0473993849445112,79
19936,1937,3,12,82.27,0.2253521126760563,0.0,48
19938,1925,3,12,196.07,0.6901408450704225,0.0457280385078218,79
19941,1955,6,12,28.04,0.2253521126760563,0.0,79
19946,2022,3,12,,0.971830985915493,0.0552212862682176,48
19948,2022,3,12,68.67,0.971830985915493,0.0513437625350982,48
19954,2023,3,12,73.77,0.6901408450704225,0.0501403931006819,48
19956,1956,3,12,89.18,0.6901408450704225,0.049806123813344,48
19960,1900,6,12,98.74,0.6901408450704225,0.0495387083834737,79
19971,2011,6,12,682.46,0.4366197183098591,0.0380398448990506,48
19975,2010,6,12,291.29,0.4366197183098591,0.0381735526139858,79
19978,2005,6,12,1840.54,0.7323943661971831,0.0435887150688594,48
19981,2007,3,12,523.59,0.056338028169014,0.0942639390292819,48
19993,2005,3,12,1074.34,0.4788732394366197,0.0551544324107501,48
20003,2003,3,12,857.17,0.4366197183098591,0.0,71
20006,2004,6,12,1392.74,0.9859154929577464,0.1447386014173017,48
20015,1936,3,12,81.51,0.0140845070422535,0.0470651156571734,48
20018,1900,3,12,135.89,0.4929577464788732,0.0538173552613985,48
20021,1980,3,12,70.34,0.4788732394366197,0.0597004947185452,71
20022,2004,3,12,171.9,0.4929577464788732,0.0675223960422516,48
20027,1931,3,12,53.92,0.704225352112676,0.0582965637117261,79
20036,2011,3,12,70.34,0.704225352112676,0.0532156705441903,48
20037,2001,3,12,159.03,0.704225352112676,0.052480278112047,71
20042,1992,6,12,248.09,0.704225352112676,0.0474662388019788,48
20045,2007,3,12,277.92,0.2253521126760563,0.0441903997860676,48
20050,2019,3,12,320.75,0.2253521126760563,0.0446583767883406,48
20055,1900,3,12,53.85,0.2253521126760563,0.0441235459286,79
20063,1896,3,12,89.45,0.7464788732394366,0.0450594999331461,48
20068,1936,3,12,200.58,0.7746478873239436,0.0992111244818826,79
20069,1950,3,12,81.82,0.2253521126760563,0.0439229843561973,71
20076,2007,6,12,276.21,0.2394366197183098,0.0435218612113918,79
20079,2014,3,12,55.1,0.2253521126760563,0.0437892766412622,48
20082,1990,3,12,25.19,0.2253521126760563,0.0427864687792485,79
20084,1942,6,12,170.07,0.1408450704225352,0.0431207380665864,48
20086,2006,6,12,71.69,0.1408450704225352,0.041449391629897,79
20101,2004,3,12,78.35,0.5633802816901409,0.0941970851718144,48
20103,1992,3,12,72.76,0.5633802816901409,0.0940633774568792,48
20109,2020,3,12,593.24,0.8309859154929577,0.0615724027276373,48
20113,2020,3,12,246.56,0.5492957746478874,0.4029950528145474,79
20118,1939,3,12,83.86,0.943661971830986,0.0328252440165797,48
20120,1939,3,12,65.35,0.943661971830986,0.0324241208717743,48
20124,1940,3,12,91.33,0.943661971830986,0.0306859205776173,79
20126,1911,3,12,172.77,0.4507042253521127,0.0526808396844497,48
20128,1940,3,12,62.55,0.4507042253521127,0.0520791549672416,71
20132,2014,3,12,54.04,0.4507042253521127,0.0508757855328252,48
20134,1939,3,12,73.43,0.4507042253521127,0.0514106163925658,48
20138,1932,3,12,73.57,0.380281690140845,0.0587645407139991,48
20143,1939,3,12,63.57,0.4507042253521127,0.0564915095601016,48
20145,1939,3,12,64.86,0.4507042253521127,0.0566252172750367,48
20148,1939,3,12,82.55,0.943661971830986,0.0296831127156036,71
20151,2009,6,12,150.78,0.4507042253521127,0.0516780318224361,79
20154,2016,6,12,162.06,0.1830985915492957,0.035766813745153,48
20158,1921,3,12,140.21,0.9577464788732394,0.0517448856799037,48
20162,1929,3,12,785.1,0.352112676056338,0.0668538574675758,71
20176,1963,3,12,124.47,0.9154929577464788,0.0671212728974461,48
20183,1910,3,12,100.94,0.9154929577464788,0.0681909346169273,48
20193,1970,3,12,51.81,0.4084507042253521,0.0246022195480679,48
20198,1963,3,12,69.16,0.4084507042253521,0.0261398582698221,71
20209,1984,3,12,53.58,0.4366197183098591,0.0305522128626821,71
20218,2007,3,12,54.44,0.4366197183098591,0.0301510897178767,48
20219,2004,3,12,34.6,0.4366197183098591,0.0310201898649552,79
20225,1948,3,12,83.61,0.943661971830986,0.0403797299104158,48
20227,1992,3,12,113.1,0.943661971830986,0.0394437759058697,71
20229,2021,3,12,72.83,0.943661971830986,0.0384409680438561,48
20244,1990,3,12,184.45,0.4225352112676056,0.0659179034630298,48
20254,1988,3,12,59.48,0.9295774647887324,0.0351651290279449,48
20282,1930,3,12,79.77,0.8309859154929577,0.0322235592993715,79
20292,1930,3,12,49.17,0.8309859154929577,0.0605027410081561,79
20295,2002,3,12,162.69,0.943661971830986,0.2047733654231849,71
20302,1892,6,12,241.27,0.943661971830986,0.0371707447519721,79
20305,1970,3,12,160.51,0.1830985915492957,0.0389757989035967,48
20312,1975,3,12,91.1,0.4366197183098591,0.0374381601818424,48
20314,1980,3,12,145.95,0.4366197183098591,0.0377055756117127,79
20318,1900,6,12,148.85,0.7887323943661971,0.1079021259526674,79
20322,1960,6,12,107.94,0.8028169014084507,0.1367161385211926,79
20326,2010,6,12,470.75,0.943661971830986,0.0361679368899585,48
20329,2012,3,12,92.26,0.8028169014084507,0.2829923786602487,48
20337,1880,3,12,256.41,0.2957746478873239,0.0653162187458216,48
20340,1880,3,12,52.93,0.2957746478873239,0.0656504880331595,48
20344,1978,3,12,253.73,0.2957746478873239,0.0818291215403128,71
20345,1971,3,12,24.07,0.7323943661971831,0.0582965637117261,71
20350,1994,3,12,,0.8028169014084507,0.0629094798769889,48
20363,1988,3,12,83.21,0.971830985915493,0.1785666532958951,71
20368,1930,3,12,,0.7323943661971831,0.0562240941302313,79
20374,1905,3,12,,0.7323943661971831,0.0569594865623746,79
20376,1988,3,12,84.23,0.971830985915493,0.0377724294691803,71
20378,1988,3,12,82.01,0.9859154929577464,0.0379061371841155,71
20380,1988,3,12,66.57,0.971830985915493,0.03750501403931,48
20385,1905,3,12,159.18,0.2957746478873239,0.0638454338815349,48
20387,1965,3,12,496.47,0.7323943661971831,0.0611044257253643,79
20391,2018,6,12,58.63,0.971830985915493,0.0393100681909346,79
20393,2017,3,12,44.03,0.9577464788732394,0.0393100681909346,48
20395,1983,3,12,94.17,0.9577464788732394,0.0393100681909346,71
20406,1988,3,12,92.49,0.2957746478873239,0.0633774568792619,79
20407,1936,3,12,107.4,0.9577464788732394,0.085907206845835,71
20409,1915,3,12,52.91,0.9577464788732394,0.0520791549672416,48
20413,1991,6,12,28.89,0.9577464788732394,0.0521460088247091,48
20419,2013,3,12,54.76,0.9577464788732394,0.0522128626821767,79
20424,1936,6,12,71.06,0.9577464788732394,0.0522797165396443,79
20427,1898,3,12,75.33,0.9577464788732394,0.0522797165396443,48
20431,1931,3,12,69.49,0.9577464788732394,0.0523465703971119,48
20433,1919,3,12,104.67,0.9577464788732394,0.0523465703971119,48
20437,1963,3,12,363.71,0.2957746478873239,0.0638454338815349,79
20442,1900,3,12,67.52,0.4507042253521127,0.0393100681909346,48
20446,1908,3,12,81.58,0.4647887323943662,0.0393100681909346,48
20450,1900,6,12,55.79,0.4507042253521127,0.039243214333467,79
20451,1919,3,12,1396.69,0.7323943661971831,0.0547533092659446,71
20458,1936,3,12,72.57,0.7323943661971831,0.0558898248428934,48
20465,1900,6,12,63.27,0.028169014084507,0.3358737799171012,79
20475,1900,3,12,79.09,0.4507042253521127,0.0522128626821767,48
20477,1900,3,12,66.62,0.4507042253521127,0.0521460088247091,48
20483,1930,3,12,108.04,0.4507042253521127,0.0521460088247091,79
20491,1900,3,12,77.25,0.7323943661971831,0.0814279983955074,48
20498,2009,3,12,198.91,0.0422535211267605,0.3863484423051209,48
20503,2002,3,12,167.82,0.0,0.0794223826714801,71
20505,1950,3,12,97.18,0.0,0.0795560903864153,71
20513,1945,3,12,120.47,0.0,0.0800240673886883,48
20516,1935,3,12,50.44,0.7323943661971831,0.0661184650354325,79
20519,1950,3,12,49.82,0.7323943661971831,0.0661184650354325,48
20526,2004,3,12,577.76,0.4788732394366197,0.1036234790747426,71
20530,2018,6,12,213.41,0.2535211267605634,0.1761599144270624,79
20540,1930,6,12,34.12,0.0,0.0796897981013504,79
20544,1930,12,12,173.01,0.2535211267605634,0.1039577483620805,71
20549,2003,3,12,625.38,0.0140845070422535,0.0,71
20551,2021,3,12,60.87,0.5352112676056338,0.0996791014841556,48
20553,2022,3,12,55.58,0.0,0.0796229442438828,48
20561,1960,3,12,51.98,0.0,0.0794223826714801,48
20567,2022,3,12,60.79,0.0,0.0792886749565449,48
20572,2022,3,12,,0.7464788732394366,0.101350447920845,48
20575,1935,3,12,90.88,0.9859154929577464,0.091255515443241,48
20587,1930,3,12,84.27,0.2253521126760563,0.0671212728974461,71
20589,1950,3,12,82.66,0.2253521126760563,0.0670544190399786,71
20592,1935,3,12,59.98,0.2253521126760563,0.066987565182511,48
20596,2020,3,12,80.96,0.2253521126760563,0.0668538574675758,79
20599,1930,3,12,121.27,0.2253521126760563,0.0667201497526407,48
20601,2019,3,12,116.36,0.5070422535211268,0.079756651958818,48
20606,1935,3,12,79.06,0.5070422535211268,0.0794892365289477,48
20608,1930,3,12,61.62,0.5070422535211268,0.0794892365289477,79
20610,2022,3,12,213.43,0.5070422535211268,0.0793555288140125,48
20616,1930,3,12,47.97,0.2253521126760563,0.0,71
20619,1955,3,12,224.95,0.9859154929577464,0.080692605963364,71
20622,2017,3,12,,0.9859154929577464,0.0806257521058965,48
20624,1970,3,12,37.81,0.9859154929577464,0.0806257521058965,71
20626,1933,3,12,92.41,0.9859154929577464,0.080692605963364,48
20629,2016,3,12,56.58,0.2253521126760563,0.0656504880331595,79
20633,1965,6,12,99.93,0.2253521126760563,0.0661853188929001,48
20646,1933,3,12,91.33,0.7464788732394366,0.0673218344698489,71
20650,1932,3,12,,0.7464788732394366,0.0681240807594598,79
20657,1945,3,12,99.3,0.2253521126760563,0.0661853188929001,48
20661,1930,3,12,95.39,0.2253521126760563,0.0659847573204973,48
20664,1930,3,12,92.53,0.2253521126760563,0.0659179034630298,48
20666,1930,3,12,42.38,0.4929577464788732,0.080692605963364,71
20668,1930,3,12,60.04,0.4788732394366197,0.0806257521058965,79
20674,1982,3,12,536.96,0.2253521126760563,0.0,48
20677,2021,3,12,67.3,0.2253521126760563,0.0661184650354325,48
20679,2020,3,12,70.79,0.2253521126760563,0.0660516111779649,48
20681,2022,3,12,68.07,0.2253521126760563,0.0660516111779649,48
20684,2010,6,12,22.63,0.2394366197183098,0.0803583366760262,79
20687,1957,3,12,,0.2394366197183098,0.0807594598208316,79
20689,1991,3,12,171.83,0.4929577464788732,0.0794892365289477,48
20695,2013,3,12,,0.4929577464788732,0.0798235058162855,48
20697,1956,6,12,134.7,0.5070422535211268,0.0821633908276507,48
20713,2002,3,12,140.11,0.5070422535211268,0.0826982216873913,71
20716,2022,3,12,51.44,0.2394366197183098,0.0810268752507019,48
20719,2019,3,12,58.51,0.2394366197183098,0.0812274368231047,48
20721,2020,3,12,56.29,0.2394366197183098,0.0813611445380398,48
20732,2014,3,12,78.21,0.7464788732394366,0.0804920443909613,48
20735,1943,6,12,94.22,0.7464788732394366,0.0802914828185586,79
20737,1945,6,12,95.0,0.7464788732394366,0.0802914828185586,48
20740,1950,3,12,,0.7464788732394366,0.0802914828185586,48
20749,2011,6,12,417.57,0.0,0.0896510228640192,48
20754,1995,15,12,440.73,0.4929577464788732,0.1321032223559299,48
20757,1994,3,12,797.82,0.2394366197183098,0.1375852386682711,48
20759,1996,15,12,1093.76,1.0,0.2190800909212461,48
20765,2003,3,12,65.22,0.5070422535211268,0.0872442839951865,48
20767,1996,3,12,71.18,0.7605633802816901,0.092525738735125,48
20774,1996,3,12,58.38,0.3661971830985915,0.1641930739403663,48
20776,2020,6,12,73.25,0.5070422535211268,0.0873111378526541,48
20779,1996,3,12,76.25,0.7605633802816901,0.0928600080224628,48
20782,2002,3,12,88.0,0.7464788732394366,0.0915229308731113,48
20785,1996,18,12,1387.71,0.0,0.2257654766680037,48
20793,2003,3,12,,0.7323943661971831,0.0830993448321968,71
20796,1991,3,12,322.03,0.2957746478873239,0.0764808129429067,71
20797,1965,3,12,359.44,0.2957746478873239,0.0763471052279716,71
20798,1950,3,12,140.66,0.4788732394366197,0.1264206444711859,71
20799,1965,3,12,3492.31,0.1971830985915492,0.0931942773098007,71
20802,1940,3,12,2769.28,0.323943661971831,0.6010161786335071,71
20806,1979,3,12,,0.7323943661971831,0.0822302446851183,79
20813,1993,3,12,53.9,0.4788732394366197,0.0795560903864153,71
20816,1993,3,12,86.58,0.4788732394366197,0.0792218210990774,71
20817,1993,3,12,22.09,0.4788732394366197,0.0790881133841422,71
20818,1980,3,12,18.07,0.9859154929577464,0.079756651958818,71
20827,1950,3,12,28.38,0.2112676056338028,0.0657841957480946,71
20830,1950,3,12,1102.53,0.4788732394366197,0.0659847573204973,71
20832,1950,3,12,,0.7464788732394366,0.0656504880331595,71
20836,1999,3,12,65.49,0.4788732394366197,0.0664527343227704,79
20839,1999,3,12,,0.4788732394366197,0.0663858804653028,79
20844,1950,3,12,373.0,0.9859154929577464,0.0662521727503677,71
20847,2021,3,12,421.28,0.2112676056338028,0.1008156170611044,48
20850,1950,3,12,169.89,0.2112676056338028,0.1010161786335071,71
20851,1987,3,12,229.63,0.2112676056338028,0.1009493247760395,71
20856,1960,3,12,438.18,0.2253521126760563,0.0869100147078486,71
20857,1960,3,12,19.06,0.7183098591549296,0.0510763471052279,71
20859,1950,3,12,79.17,0.7183098591549296,0.0510763471052279,79
20862,1953,3,12,111.45,0.7183098591549296,0.0510763471052279,71
20864,2020,3,12,81.76,0.7183098591549296,0.0511432009626955,48
20869,1960,3,12,899.56,0.2253521126760563,0.0862414761331728,71
20870,1960,3,12,671.16,0.2253521126760563,0.0865088915630431,71
20871,1985,3,12,439.73,0.2253521126760563,0.0888487765744083,79
20872,1960,3,12,699.97,0.9859154929577464,0.0594999331461425,71
20874,2003,3,12,452.0,0.9859154929577464,0.0597673485760128,71
20877,1913,3,12,69.52,0.971830985915493,0.0467977002273031,48
20879,1913,3,12,74.8,0.971830985915493,0.0466639925123679,48
20882,1913,3,12,104.65,0.971830985915493,0.04632972322503,48
20885,1912,3,12,9.03,0.971830985915493,0.0461960155100949,48
20889,1943,6,12,86.95,0.971830985915493,0.045861746222757,48
20891,1910,3,12,96.77,0.971830985915493,0.0456611846503543,71
20893,1907,3,12,105.56,0.971830985915493,0.0455274769354191,71
20895,2017,3,12,62.99,0.971830985915493,0.0454606230779515,48
20898,1900,3,12,70.88,0.971830985915493,0.0460623077951597,48
20903,1900,3,12,157.59,0.2112676056338028,0.0462628693675625,71
20905,1910,6,12,82.09,0.2112676056338028,0.0461291616526273,79
20906,1920,3,12,446.36,0.2112676056338028,0.0459954539376922,71
20911,1920,3,12,14.35,0.7183098591549296,0.0514774702500334,48
20916,1940,3,12,920.17,0.6901408450704225,0.1149886348442305,71
20925,1930,3,12,59.98,0.4647887323943662,0.0467977002273031,48
20926,1896,3,12,104.97,0.4647887323943662,0.0465302847974328,48
20931,1900,3,12,75.7,0.4647887323943662,0.0454606230779515,48
20936,1978,6,12,62.6,0.6901408450704225,0.1541649953202299,79
20937,1880,3,12,90.38,0.6901408450704225,0.0494718545260061,48
20939,1940,3,12,126.12,0.6901408450704225,0.0494050006685385,79
20941,1890,6,12,67.18,0.6901408450704225,0.0494050006685385,48
20943,1880,3,12,108.63,0.6901408450704225,0.0494050006685385,48
20945,2022,3,12,78.86,0.6901408450704225,0.0493381468110709,48
20948,1950,3,12,82.94,0.6901408450704225,0.0493381468110709,71
20977,1994,3,12,150.87,0.4647887323943662,0.0949993314614253,48
20979,1995,3,12,64.15,0.4647887323943662,0.0945982083166198,48
20986,1885,3,12,124.69,1.0,0.0666532958951731,71
20990,1950,9,12,144.7,1.0,0.0623746490172482,48
20999,1964,3,12,245.05,1.0,0.0895841690065516,79
21002,1900,3,12,88.3,1.0,0.0978071934750635,79
21005,1933,3,12,98.5,1.0,0.1034229175023398,79
21010,1949,6,12,197.87,0.0,0.0617729643000401,48
21019,1985,3,12,346.55,0.0,0.0601016178633507,48
21024,1973,3,12,582.02,0.2535211267605634,0.1875919240540179,48
21027,1941,3,12,72.53,0.4647887323943662,0.03309265944645,48
21031,1943,3,12,68.78,0.4647887323943662,0.0361679368899585,71
21034,1942,6,12,143.51,0.6619718309859155,0.0531488166867228,48
21036,1951,3,12,123.1,0.4647887323943662,0.0324909747292418,71
21038,1941,3,12,101.09,0.4647887323943662,0.0371038908945046,48
21040,1908,3,12,77.18,0.4647887323943662,0.0355662521727503,48
21041,1950,3,12,96.26,0.4647887323943662,0.0299505281454739,71
21044,2011,3,12,15.44,0.4647887323943662,0.0329589517315149,79
21046,1908,3,12,69.23,0.4788732394366197,0.0347640058831394,48
21052,1947,3,12,81.7,1.0,0.1099745955341623,79
21059,1923,3,12,75.55,0.4929577464788732,0.070129696483487,48
21069,1923,12,12,177.86,0.4647887323943662,0.0631768953068592,79
21073,1923,3,12,,0.4647887323943662,0.0793555288140125,48
21075,1990,3,12,165.87,0.4647887323943662,0.0873779917101216,48
21077,1928,6,12,135.5,0.4647887323943662,0.0933279850247359,79
21087,1928,6,12,134.06,0.4647887323943662,0.1041583099344832,79
21089,1923,6,12,76.63,0.4647887323943662,0.0746089049338146,71
21095,1992,3,12,,0.943661971830986,0.0338949057360609,48
21106,1926,3,12,62.25,0.943661971830986,0.0355662521727503,48
21108,1958,3,12,270.96,0.943661971830986,0.035766813745153,79
21110,1988,3,12,139.32,0.943661971830986,0.0359005214600882,71
21114,1890,3,12,90.6,0.1971830985915492,0.0353656906003476,48
21122,2010,3,12,54.79,0.4507042253521127,0.0254713196951464,79
21125,1914,3,12,114.0,0.9577464788732394,0.0242010964032624,48
21128,2006,3,12,167.74,0.4507042253521127,0.1031555020724695,79
21131,1974,6,12,113.52,0.4507042253521127,0.0690600347640058,48
21138,1963,3,12,370.88,0.4366197183098591,0.0659847573204973,48
21140,2012,3,12,83.88,0.4366197183098591,0.1087712260997459,79
21144,1988,3,12,82.85,0.4366197183098591,0.1895975397780451,71
21164,1988,3,12,105.87,0.943661971830986,0.0361679368899585,48
21166,1988,3,12,54.11,0.1971830985915492,0.0386415296162588,71
21169,2002,3,12,428.35,0.4366197183098591,0.0764808129429067,71
21171,2010,3,12,79.45,0.7183098591549296,0.0314881668672282,79
21173,2017,6,12,146.33,0.4366197183098591,0.0290145741409279,79
21176,1915,6,12,168.81,0.4366197183098591,0.0290814279983955,48
21179,2004,3,12,92.13,0.9154929577464788,0.028212327851317,79
21185,2019,3,12,95.46,0.9154929577464788,0.0304853590052145,48
21187,1890,3,12,91.95,0.9154929577464788,0.0302179435753442,48
21189,1928,3,12,87.25,0.943661971830986,0.0315550207246958,48
21199,1916,3,12,70.13,0.1971830985915492,0.0407808530552212,79
21204,2007,3,12,205.73,0.1971830985915492,0.056424655702634,48
21207,2021,3,12,44.24,0.4366197183098591,0.0299505281454739,79
21209,1950,9,12,93.73,0.4366197183098591,0.0288808664259927,48
21211,1928,3,12,82.22,0.4366197183098591,0.0278780585639791,48
21212,1892,3,12,90.66,0.4366197183098591,0.0270089584169006,48
21214,1914,3,12,88.83,0.4366197183098591,0.0270089584169006,79
21221,1996,3,12,61.29,0.4366197183098591,0.0262067121272897,48
21227,2009,3,12,,0.6901408450704225,0.0366359138922315,48
21229,2020,3,12,98.54,0.943661971830986,0.1390560235325578,79
21235,1925,6,12,98.44,0.943661971830986,0.0292151357133306,79
21240,1915,3,12,91.61,0.943661971830986,0.0262067121272897,79
21243,1910,9,12,81.03,0.943661971830986,0.0292151357133306,79
21250,1910,3,12,51.36,0.4366197183098591,0.035766813745153,48
21252,1910,3,12,84.75,0.4366197183098591,0.0356331060302179,79
21255,1900,3,12,130.95,0.4366197183098591,0.0346971520256718,48
21257,1910,3,12,126.02,0.4366197183098591,0.0340954673084636,48
21259,1910,3,12,136.12,0.4366197183098591,0.0336943441636582,79
21266,2009,3,12,35.24,0.4366197183098591,0.0350314213130097,48
21280,1964,3,12,225.59,0.943661971830986,0.0693943040513437,79
21282,1915,6,12,121.49,0.943661971830986,0.0722021660649819,48
21284,1997,3,12,119.57,0.943661971830986,0.0721353122075143,48
21287,1953,3,12,97.41,0.943661971830986,0.0716004813477737,79
21301,1971,3,12,225.19,0.4084507042253521,0.0298836742880064,48
21304,1956,3,12,91.07,0.4084507042253521,0.0282791817087845,71
21311,1898,3,12,44.73,0.943661971830986,0.0347640058831394,48
21314,1910,3,12,48.75,0.943661971830986,0.0345634443107367,71
21323,2021,3,12,62.73,0.943661971830986,0.0336943441636582,48
21325,1900,3,12,96.11,0.943661971830986,0.0336943441636582,48
21326,1880,3,12,105.66,0.943661971830986,0.0339617595935285,48
21328,1900,3,12,80.58,0.943661971830986,0.0340954673084636,48
21332,1880,3,12,63.38,0.943661971830986,0.0344965904532691,48
21336,1986,3,12,90.84,0.1971830985915492,0.0382404064714533,71
21339,1942,3,12,248.76,0.4366197183098591,0.0343628827383339,71
21342,1900,3,12,104.85,0.4366197183098591,0.0346302981682043,48
21344,1985,3,12,66.26,0.4366197183098591,0.034830859740607,71
21346,1880,3,12,53.38,0.4366197183098591,0.0349645674555421,48
21349,1900,3,12,95.98,0.4366197183098591,0.0351651290279449,48
21357,1900,3,12,57.38,0.4366197183098591,0.0359673753175558,48
21360,2018,3,12,50.19,0.4366197183098591,0.0360342291750233,48
21365,1900,3,12,52.76,0.4366197183098591,0.0366359138922315,48
21368,2013,3,12,58.45,0.6901408450704225,0.0383072603289209,79
21372,1900,3,12,73.08,0.6901408450704225,0.038775237331194,79
21376,1986,3,12,85.73,0.1971830985915492,0.0379061371841155,71
21378,1986,3,12,99.33,0.1971830985915492,0.0376387217542452,71
21379,1900,3,12,29.73,0.1830985915492957,0.0,79
21381,1880,3,12,98.48,0.9577464788732394,0.0361010830324909,71
21392,2015,3,12,99.77,0.1971830985915492,0.0371707447519721,48
21399,1900,3,12,173.24,0.1971830985915492,0.0378392833266479,48
21403,1936,3,12,73.76,0.1971830985915492,0.0381735526139858,48
21407,1880,3,12,66.46,0.1971830985915492,0.0385078219013237,48
21409,1932,3,12,54.5,0.4366197183098591,0.0346302981682043,48
21411,1993,6,12,52.16,0.4366197183098591,0.0345634443107367,48
21413,1900,3,12,71.91,0.4366197183098591,0.0344297365958015,48
21418,1994,6,12,80.33,0.4366197183098591,0.0338280518785933,48
21420,2017,3,12,73.11,0.4366197183098591,0.0336943441636582,48
21424,2017,3,12,,0.4366197183098591,0.0336943441636582,48
21432,1880,3,12,69.91,0.4366197183098591,0.0342960288808664,79
21436,1900,6,12,69.86,0.4366197183098591,0.0345634443107367,79
21438,1900,3,12,110.24,0.4366197183098591,0.0346302981682043,48
21442,1927,3,12,93.32,0.4366197183098591,0.0348977135980746,79
21446,1965,3,12,100.96,0.8028169014084507,0.0639791415964701,71
21450,1967,3,12,85.68,0.8028169014084507,0.0639122877390025,48
21455,1939,6,12,7.16,0.8028169014084507,0.0637785800240673,79
21463,2009,3,12,235.67,0.9577464788732394,0.0363016446048937,79
21470,1900,3,12,84.82,0.8028169014084507,0.063043187591924,79
21479,1986,3,12,,0.1971830985915492,0.0689931809065383,79
21481,1985,3,12,74.71,0.1971830985915492,0.0689931809065383,48
21483,1985,3,12,71.69,0.1971830985915492,0.1480812942906805,79
21485,1985,3,12,71.1,0.1971830985915492,0.6139189731247492,48
21487,1985,3,12,73.42,0.1971830985915492,0.0869768685653162,48
21489,1985,3,12,76.55,0.1971830985915492,0.0832999064045995,79
21491,1985,3,12,82.2,0.4507042253521127,0.0359673753175558,71
21493,1985,3,12,81.74,0.4507042253521127,0.0360342291750233,71
21495,1985,3,12,80.78,0.4507042253521127,0.0360342291750233,71
21498,1987,3,12,27.31,0.4507042253521127,0.0,79
21499,1987,3,12,29.89,0.9577464788732394,0.0,79
21500,1987,3,12,29.84,0.1971830985915492,0.0,79
21513,2002,3,12,1273.43,0.704225352112676,0.0689931809065383,71
21529,1961,3,12,68.18,0.9859154929577464,0.0932611311672683,71
21532,1957,3,12,,0.9859154929577464,0.0935285465971386,79
21535,1958,6,12,21.03,0.9859154929577464,0.0937959620270089,48
21537,2015,3,12,66.34,0.9859154929577464,0.0939965235994116,48
21539,1971,3,12,106.36,0.9859154929577464,0.0941970851718144,71
21543,2017,3,12,65.71,0.2535211267605634,0.0666532958951731,48
21545,1912,3,12,79.91,0.2535211267605634,0.0665864420377055,79
21552,1917,3,12,6.25,0.5070422535211268,0.079756651958818,79
21554,1910,3,12,15.16,0.5070422535211268,0.0796897981013504,48
21562,1912,3,12,,0.7323943661971831,0.0667201497526407,48
21567,1931,3,12,62.45,0.7323943661971831,0.0671212728974461,48
21570,2017,3,12,266.12,0.2535211267605634,0.0663858804653028,48
21573,2017,3,12,218.51,0.9859154929577464,0.0921246155903195,48
21578,1946,6,12,,0.9859154929577464,0.0800909212461559,79
21584,1951,3,12,,0.9859154929577464,0.0807594598208316,48
21588,2022,3,12,74.7,0.9859154929577464,0.0812274368231047,48
21590,1941,3,12,56.4,0.9859154929577464,0.0813611445380398,71
21596,1931,6,12,,0.4788732394366197,0.0942639390292819,79
21601,1946,3,12,78.96,0.4788732394366197,0.0930605695948656,71
21606,2003,3,12,397.58,0.4788732394366197,0.0924588848776574,79
21609,1958,3,12,347.71,1.0,0.0779515978071934,71
21611,1936,3,12,130.39,1.0,0.0778847439497259,48
21615,2011,3,12,77.11,1.0,0.0777510362347907,48
21623,1990,6,12,102.66,0.0,0.0774836208049204,48
21628,1961,3,12,107.97,1.0,0.0772830592325177,79
21632,1949,9,12,432.86,0.2394366197183098,0.078018451664661,71
21635,1950,3,12,165.5,0.3661971830985915,0.1574408343361412,48
21638,1939,3,12,97.88,0.4788732394366197,0.0814948522529749,48
21642,1919,3,12,,0.4788732394366197,0.0811605829656371,79
21644,1919,6,12,71.23,0.4788732394366197,0.0809600213932343,48
21647,1946,3,12,63.08,0.4788732394366197,0.0806257521058965,48
21649,1912,3,12,122.97,0.4788732394366197,0.080224628961091,48
21658,1950,3,12,756.02,0.8732394366197183,0.3301243481748896,71
21661,2009,3,12,,0.0,0.1940098943709051,48
21670,1940,3,12,254.04,0.5070422535211268,0.0778178900922583,71
21673,1930,3,12,154.98,0.4929577464788732,0.0778178900922583,48
21676,1930,6,12,99.6,0.7323943661971831,0.0666532958951731,79
21679,1930,3,12,102.87,0.7323943661971831,0.0665864420377055,48
21683,1980,3,12,81.65,0.8873239436619719,0.1583767883406872,71
21689,1980,3,12,37.16,1.0,0.0746757587912822,48
21692,1980,3,12,33.48,1.0,0.0746757587912822,48
21706,1980,3,12,82.12,0.2394366197183098,0.0837678834068725,48
21708,1980,3,12,77.9,0.2394366197183098,0.0841021526942104,48
21710,1960,3,12,31.27,0.4929577464788732,0.1954806792351918,71
21739,2024,3,12,225.38,0.6197183098591549,0.1512902794491241,48
21747,1985,3,12,348.13,0.2394366197183098,0.0,48
21754,1995,27,12,1516.27,0.4929577464788732,0.1677363283861478,48
21768,1996,3,12,105.5,0.0,0.0825645139724562,48
21771,1996,3,12,,0.0,0.0821633908276507,48
21774,1998,3,12,1642.47,0.7464788732394366,0.1402593929669741,48
21791,1997,3,12,539.65,1.0,0.3139457146677363,71
21793,1994,27,12,454.7,0.2394366197183098,0.8199625618398181,48
21797,1992,3,12,376.27,0.1267605633802817,0.677162722289076,79
21801,1970,3,12,42.62,0.2394366197183098,0.8328653563310602,71
21813,1900,3,12,16.08,0.2112676056338028,0.0682577884743949,71
21814,1900,3,12,20.02,0.2253521126760563,0.0677229576146543,71
21818,1962,3,12,1612.25,0.2253521126760563,0.1123144805455274,71
21819,1962,3,12,15.94,0.7183098591549296,0.0704639657708249,71
21821,1940,3,12,3289.5,0.7605633802816901,0.0675223960422516,71
21823,1987,3,12,,0.4647887323943662,0.0659179034630298,71
21824,1960,3,12,12.31,0.7183098591549296,0.0653162187458216,71
21827,2014,9,12,231.53,0.2253521126760563,0.0668538574675758,79
21830,1987,3,12,,0.2253521126760563,0.0673218344698489,71
21831,1987,3,12,507.72,0.4647887323943662,0.0665864420377055,71
21838,1960,3,12,86.08,0.9859154929577464,0.1337077149351517,71
21844,1908,3,12,,0.9859154929577464,0.1333065917903463,79
21846,1930,3,12,89.3,0.9859154929577464,0.0833667602620671,48
21851,1945,3,12,3042.86,0.2816901408450704,0.0825645139724562,71
21852,1972,3,12,318.11,0.2816901408450704,0.1508891563043187,71
21853,1955,3,12,649.98,0.4647887323943662,0.0716673352052413,71
21854,1955,3,12,13.97,0.7323943661971831,0.0658510496055622,71
21863,1994,3,12,71.45,0.9859154929577464,0.0663858804653028,48
21865,1930,3,12,,0.9859154929577464,0.0663190266078352,71
21868,1930,6,12,24.25,0.9859154929577464,0.0663190266078352,79
21874,2010,3,12,12.0,0.9859154929577464,0.0661184650354325,48
21875,1931,3,12,69.38,0.9859154929577464,0.0661184650354325,48
21879,1958,3,12,88.35,0.2816901408450704,0.0811605829656371,48
21881,1920,3,12,169.89,0.9859154929577464,0.0662521727503677,79
21884,2009,3,12,2589.9,0.4788732394366197,0.1066319026607835,79
21902,1930,3,12,,0.2816901408450704,0.078486428666934,79
21905,1930,3,12,,0.2816901408450704,0.0786201363818692,48
21914,2021,3,12,67.95,0.4788732394366197,0.0662521727503677,48
21920,1945,3,12,127.29,0.4788732394366197,0.0663190266078352,71
21923,1950,9,12,97.36,0.4788732394366197,0.0663190266078352,79
21949,1999,15,12,701.39,0.7183098591549296,0.105762802513705,48
21954,2003,3,12,1122.34,0.4647887323943662,0.0,71
21965,1950,6,12,131.88,0.943661971830986,0.0385078219013237,79
21969,2022,3,12,80.29,0.2253521126760563,0.043655568926327,48
21971,1950,3,12,108.74,0.2253521126760563,0.0437892766412622,71
21975,2007,3,12,49.35,0.2253521126760563,0.0439229843561973,48
21980,1910,6,12,73.08,0.2253521126760563,0.0439898382136649,48
21985,2016,3,12,65.47,0.4366197183098591,0.0388420911886615,48
21992,2012,6,12,446.48,0.1830985915492957,0.0,48
21996,2010,3,12,559.14,0.943661971830986,0.0,48
21999,2010,6,12,237.7,0.943661971830986,0.0,48
22001,2018,3,12,108.23,0.2253521126760563,0.0437224227837946,48
22004,1970,3,12,5.19,0.4366197183098591,0.0689931809065383,48
22007,1950,3,12,1588.07,0.4647887323943662,0.0942639390292819,71
22015,1910,3,12,82.96,0.943661971830986,0.0402460221954806,79
22017,1910,3,12,128.98,0.943661971830986,0.0401791683380131,71
22019,1890,3,12,103.21,0.943661971830986,0.0401123144805455,71
22021,1900,3,12,94.55,0.943661971830986,0.0399786067656103,48
22023,1926,3,12,75.02,0.943661971830986,0.0399117529081427,71
22027,2022,3,12,71.96,0.943661971830986,0.03971119133574,48
22030,2016,3,12,51.94,0.943661971830986,0.0395774836208049,79
22032,1958,3,12,94.44,0.943661971830986,0.0394437759058697,48
22034,1900,3,12,113.35,0.943661971830986,0.0394437759058697,71
22036,1964,3,12,127.99,0.943661971830986,0.0393769220484021,71
22041,1905,3,12,102.34,0.943661971830986,0.038775237331194,48
22046,1890,3,12,61.5,0.943661971830986,0.0380398448990506,48
22052,1930,3,12,68.47,0.2253521126760563,0.1288273833400187,48
22054,1926,6,12,104.09,0.2253521126760563,0.1292285064848241,79
22056,1920,3,12,90.75,0.2253521126760563,0.1360475999465169,48
22058,1900,3,12,87.37,0.2253521126760563,0.1456745554218478,79
22062,1950,3,12,55.22,0.2253521126760563,0.2436154566118464,48
22078,1900,3,12,62.73,0.4647887323943662,0.1125150421179301,48
22095,1900,3,12,130.37,0.9859154929577464,0.0381066987565182,71
22098,1880,3,12,79.91,0.9859154929577464,0.0374381601818424,71
22100,1880,3,12,73.08,0.9859154929577464,0.0373044524669073,48
22103,1900,3,12,77.28,0.9859154929577464,0.0372375986094397,48
22109,1976,3,12,184.73,0.9859154929577464,0.037037037037037,71
22111,1930,3,12,67.12,0.9859154929577464,0.0369701831795694,71
22113,1900,3,12,72.99,0.9859154929577464,0.0367027677496991,79
22116,1900,3,12,106.37,0.9859154929577464,0.0362347907474261,48
22120,1900,3,12,72.74,0.9859154929577464,0.0355662521727503,71
22126,1900,3,12,92.65,0.4366197183098591,0.0384409680438561,79
22128,2003,3,12,168.55,0.2253521126760563,0.0585639791415964,71
22130,2023,3,12,166.14,0.4366197183098591,0.0426527610643134,79
22132,1936,3,12,57.87,0.4366197183098591,0.0390426527610643,48
22134,1940,3,12,50.64,0.4366197183098591,0.0391763604759994,71
22137,1915,3,12,,0.4366197183098591,0.0393100681909346,48
22139,1968,3,12,180.46,0.4366197183098591,0.0393769220484021,71
22147,1930,3,12,54.5,0.7464788732394366,0.0483353389490573,48
22155,2022,3,12,75.92,0.9859154929577464,0.0371038908945046,48
22160,1990,3,12,207.41,0.056338028169014,0.0690600347640058,48
22163,1999,3,12,238.19,0.056338028169014,0.0472656772295761,79
22176,1880,3,12,59.67,0.056338028169014,0.0465302847974328,48
22181,2002,3,12,60.93,0.2253521126760563,0.0457280385078218,48
22183,1900,3,12,98.13,0.2253521126760563,0.0454606230779515,48
22186,1895,6,12,60.98,0.2253521126760563,0.0451932076480812,79
22188,1900,3,12,82.45,0.2253521126760563,0.0449926460756785,48
22190,1900,3,12,83.28,0.2253521126760563,0.0447920845032758,48
22193,1936,3,12,57.3,0.4788732394366197,0.0342960288808664,48
22198,1900,3,12,64.55,0.4788732394366197,0.0350314213130097,48
22200,2008,3,12,59.93,0.4788732394366197,0.0352319828854124,48
22204,1900,3,12,50.14,0.4788732394366197,0.0359005214600882,48
22206,1900,3,12,51.69,0.4788732394366197,0.0361679368899585,79
22210,1979,3,12,92.08,0.4788732394366197,0.0379061371841155,79
22212,1997,3,12,58.43,0.4788732394366197,0.0380398448990506,48
22215,1900,3,12,95.7,0.4788732394366197,0.0381735526139858,48
22221,1951,3,12,26.68,0.7464788732394366,0.1265543521861211,79
22227,1962,6,12,68.87,0.7464788732394366,0.1266212060435887,48
22232,1890,3,12,53.05,0.7464788732394366,0.1265543521861211,79
22234,1905,3,12,100.28,0.7464788732394366,0.1262200828987832,79
22240,1880,3,12,41.23,0.7464788732394366,0.1252172750367696,48
22243,1936,6,12,78.32,0.7464788732394366,0.1249498596068993,79
22247,1986,3,12,117.55,0.4788732394366197,0.0364353523198288,48
22249,1986,3,12,101.2,0.4788732394366197,0.0367696216071667,48
22253,1992,3,12,125.59,0.4788732394366197,0.0378392833266479,48
22255,2005,3,12,329.17,0.056338028169014,0.0473325310870437,48
22260,2003,3,12,,0.056338028169014,0.0470651156571734,79
22262,1900,3,12,267.09,0.9154929577464788,0.618999866292285,71
22275,1909,3,12,252.23,0.971830985915493,0.0316887284396309,79
22281,1912,3,12,6.36,0.2253521126760563,0.0460623077951597,71
22282,1990,3,12,466.93,0.2253521126760563,0.0460623077951597,48
22284,1920,3,12,90.03,0.2253521126760563,0.04632972322503,48
22287,1900,3,12,179.32,0.2112676056338028,0.0463965770824976,48
22305,2006,3,12,66.02,0.5633802816901409,0.0473993849445112,48
22307,1900,3,12,84.7,0.5633802816901409,0.0473325310870437,48
22310,1976,3,12,442.29,0.5633802816901409,0.0472656772295761,71
22312,1900,3,12,187.73,0.5633802816901409,0.0470651156571734,79
22315,1900,6,12,81.74,0.5633802816901409,0.0470651156571734,48
22318,1900,6,12,123.59,0.5633802816901409,0.0471988233721085,79
22320,1993,3,12,101.78,0.6619718309859155,0.038775237331194,48
22324,1915,3,12,100.06,0.6619718309859155,0.0383072603289209,48
22326,1900,3,12,85.07,0.6619718309859155,0.0389089450461291,79
22335,1989,3,12,79.61,0.2253521126760563,0.04632972322503,71
22338,1989,3,12,75.3,0.2253521126760563,0.0463965770824976,71
22340,1900,3,12,64.11,0.2253521126760563,0.04632972322503,79
22350,2020,3,12,69.77,0.2253521126760563,0.0463965770824976,48
22373,1936,3,12,149.18,0.704225352112676,0.1202700895841689,48
22375,1927,3,12,69.8,0.704225352112676,0.0349645674555421,48
22380,1962,3,12,35.11,0.943661971830986,0.0338949057360609,48
22383,1900,3,12,45.4,0.943661971830986,0.0341623211659312,48
22387,1880,3,12,64.64,0.2253521126760563,0.0391095066185318,48
22389,1990,3,12,97.67,0.2253521126760563,0.0391095066185318,48
22392,1920,3,12,69.62,0.2253521126760563,0.0385078219013237,48
22394,1936,3,12,151.44,0.2253521126760563,0.0382404064714533,79
22398,1954,3,12,88.36,0.4366197183098591,0.03309265944645,71
22402,1900,3,12,87.37,0.704225352112676,0.0398448990506752,48
22404,2008,3,12,103.86,0.704225352112676,0.0399117529081427,79
22408,1920,3,12,92.12,0.704225352112676,0.0400454606230779,79
22410,1910,3,12,74.53,0.704225352112676,0.0401123144805455,48
22413,2002,3,12,231.6,0.4366197183098591,0.0322904131568391,71
22423,1945,3,12,59.7,0.943661971830986,0.0350982751704773,48
22425,1900,3,12,108.85,0.943661971830986,0.03529883674288,71
22429,1920,3,12,119.01,0.2253521126760563,0.0430538842091188,71
22434,1945,6,12,73.54,0.2253521126760563,0.0416499532022997,48
22436,1943,9,12,195.83,0.2253521126760563,0.0411151223425591,79
22438,2020,3,12,49.94,0.4366197183098591,0.0344965904532691,79
22442,1900,3,12,44.15,0.4366197183098591,0.0342291750233988,79
22445,2001,3,12,49.65,0.4366197183098591,0.0340954673084636,48
22448,1880,3,12,44.78,0.4366197183098591,0.0339617595935285,48
22457,1900,3,12,38.89,0.704225352112676,0.0405134376253509,79
22458,1880,9,12,91.21,0.704225352112676,0.0405802914828185,79
22462,1900,3,12,86.29,0.704225352112676,0.0407139991977537,48
22465,1998,3,12,103.18,0.704225352112676,0.0409145607701564,48
22467,1900,3,12,99.24,0.2253521126760563,0.0426527610643134,79
22469,1936,3,12,63.55,0.943661971830986,0.2472924187725631,48
22472,1880,3,12,72.83,0.943661971830986,0.2474929803449659,71
22474,2023,3,12,181.1,0.6901408450704225,0.2585907206845835,48
22477,1918,6,12,171.91,0.943661971830986,0.0714667736328386,48
22481,1900,3,12,91.63,0.943661971830986,0.0712662120604358,48
22483,1945,3,12,123.79,0.943661971830986,0.0711993582029683,48
22485,1900,3,12,65.75,0.943661971830986,0.0711325043455007,48
22488,1880,3,12,38.27,0.4366197183098591,0.0351651290279449,48
22493,1966,6,12,102.47,0.943661971830986,0.0707313812006952,48
22497,1880,3,12,89.43,0.943661971830986,0.0704639657708249,79
22507,1902,3,12,70.62,0.4366197183098591,0.0354325444578152,48
22509,1902,3,12,70.77,0.4366197183098591,0.0354325444578152,48
22513,1900,3,12,62.17,0.6901408450704225,0.0384409680438561,48
22514,1920,9,12,242.99,0.943661971830986,0.0361679368899585,71
22516,1900,3,12,151.92,0.943661971830986,0.0359005214600882,48
22519,1930,3,12,61.91,0.943661971830986,0.0354325444578152,79
22536,1968,6,12,197.01,0.6901408450704225,0.1790346302981681,79
22541,1880,3,12,61.19,0.4225352112676056,0.2474261264874983,71
22546,1993,6,12,191.39,0.4647887323943662,0.0704639657708249,48
22548,1900,3,12,75.39,0.4788732394366197,0.0693943040513437,79
22550,2003,3,12,77.24,0.4788732394366197,0.0694611579088113,48
22553,1950,3,12,156.87,0.4788732394366197,0.0695280117662789,79
22559,1880,3,12,97.59,0.704225352112676,0.0406471453402861,79
22561,1900,6,12,93.87,0.704225352112676,0.0407808530552212,48
22564,1956,6,12,198.34,0.9295774647887324,0.1193341355796229,48
22566,1940,3,12,105.17,0.943661971830986,0.0,71
22573,1992,3,12,104.34,0.4366197183098591,0.0329589517315149,48
22575,1992,6,12,92.96,0.704225352112676,0.0376387217542452,79
22579,1900,3,12,71.72,0.704225352112676,0.0382404064714533,79
22584,2021,3,12,57.11,0.704225352112676,0.0389757989035967,48
22588,1900,3,12,77.31,0.704225352112676,0.1041583099344832,48
22593,2001,3,12,66.13,0.704225352112676,0.0383741141863885,48
22596,2011,3,12,36.45,0.704225352112676,0.0383072603289209,48
22598,1901,3,12,69.31,0.704225352112676,0.0377055756117127,48
22608,1900,3,12,55.01,0.704225352112676,0.0367696216071667,48
22612,1900,3,12,50.6,0.704225352112676,0.0365022061772964,71
22614,1900,3,12,178.01,0.704225352112676,0.0363684984623612,79
22618,2010,6,12,838.38,0.971830985915493,0.0687257654766679,48
22621,2010,6,12,204.87,0.4225352112676056,0.0,48
22625,2010,9,12,613.49,0.9577464788732394,0.0554887016980879,48
22629,1980,3,12,19.66,0.4507042253521127,0.0662521727503677,71
22636,1950,3,12,,0.9859154929577464,0.092525738735125,79
22642,1986,3,12,,0.2253521126760563,0.0660516111779649,79
22645,2016,3,12,109.09,0.9859154929577464,0.0925925925925925,48
22647,1955,3,12,73.12,0.2253521126760563,0.0659847573204973,48
22649,1950,3,12,71.24,0.2253521126760563,0.0660516111779649,48
22653,1950,3,12,78.19,0.2253521126760563,0.0660516111779649,71
22662,1932,3,12,64.37,0.2253521126760563,0.6663992512367963,48
22670,1990,3,12,83.32,0.2253521126760563,0.1274234523331996,48
22674,1955,3,12,124.22,0.2253521126760563,0.0673218344698489,71
22684,2020,6,12,,0.7605633802816901,0.1131835806926059,79
22690,1960,3,12,106.43,0.7323943661971831,0.1017515710656504,48
22692,1921,3,12,107.64,0.7183098591549296,0.1046931407942238,71
22695,1906,3,12,,0.2253521126760563,0.4792753041850514,71
22698,1917,3,12,80.28,0.704225352112676,0.1333065917903463,48
22700,1920,3,12,80.52,0.2253521126760563,0.0655167803182243,71
22703,2006,3,12,,0.704225352112676,0.1153897579890359,48
22705,2003,6,12,260.64,0.2253521126760563,0.0659179034630298,71
22711,1988,3,12,107.54,0.7605633802816901,0.0665864420377055,79
22715,2021,3,12,68.36,0.7605633802816901,0.0667201497526407,48
22717,1985,6,12,69.79,0.7605633802816901,0.0666532958951731,79
22720,1950,6,12,71.38,0.7605633802816901,0.0665864420377055,79
22721,1945,3,12,82.98,0.7605633802816901,0.066519588180238,48
22724,1975,3,12,49.6,0.7605633802816901,0.0664527343227704,71
22744,1950,3,12,,0.2253521126760563,0.064781387886081,71
22750,1945,3,12,,0.7464788732394366,0.1268217676159914,71
22757,1950,3,12,96.14,0.2253521126760563,0.1090386415296162,48
22765,1945,6,12,107.78,0.2253521126760563,0.0659847573204973,48
22767,1950,3,12,186.86,0.2253521126760563,0.0660516111779649,48
22772,2008,6,12,79.95,0.2253521126760563,0.0662521727503677,79
22773,1975,3,12,9.03,0.2253521126760563,0.0664527343227704,71
22777,1950,3,12,184.76,0.7464788732394366,0.053750501403931,71
22782,1960,3,12,58.13,0.9014084507042254,0.1832464233186254,71
22787,2005,6,12,40.01,1.0,0.6728172215536836,79
22788,1960,3,12,12.11,1.0,0.0776841823773231,71
22790,1950,3,12,70.65,1.0,0.0782190132370637,71
22792,1955,3,12,113.02,0.2957746478873239,0.0602353255782858,48
22796,1955,3,12,157.21,0.2957746478873239,0.1012167402059098,48
22798,1950,3,12,195.96,0.2394366197183098,0.1267549137585238,79
22814,1984,6,12,,0.4788732394366197,0.092525738735125,79
22820,1950,3,12,14.92,0.4788732394366197,0.0922583233052547,79
22823,1945,3,12,101.14,0.4788732394366197,0.0921914694477871,48
22826,2000,3,12,124.02,0.6197183098591549,0.1535633106030217,48
22830,1950,3,12,,0.7464788732394366,0.0788206979542719,79
22832,1950,6,12,80.64,0.7464788732394366,0.0786201363818692,79
22834,1945,6,12,64.36,0.7464788732394366,0.0796897981013504,79
22836,1945,3,12,82.44,0.7464788732394366,0.106230779515978,79
22838,1945,6,12,84.04,0.7464788732394366,0.0,79
22858,1950,3,12,106.74,1.0,0.043187591924054,71
22859,1950,3,12,103.52,1.0,0.1071667335205241,71
22871,2008,3,12,111.35,0.2253521126760563,0.0659847573204973,79
22899,1978,3,12,119.94,1.0,0.0794223826714801,48
22901,1980,6,12,197.04,1.0,0.0796229442438828,48
22910,2021,3,12,61.29,0.2535211267605634,0.0804251905334937,48
22913,2022,3,12,,0.2535211267605634,0.0807594598208316,48
22916,1957,3,12,97.55,0.0,0.0789544056692071,79
22918,1994,3,12,76.87,0.0,0.0790212595266746,48
22921,1939,3,12,43.87,0.0,0.0790881133841422,48
22923,2021,3,12,63.55,0.0,0.0792218210990774,48
22930,1987,3,12,105.42,0.2394366197183098,0.0798235058162855,48
22937,1995,9,12,124.13,0.7464788732394366,0.0800909212461559,79
22941,1941,3,12,102.59,0.7464788732394366,0.0798903596737531,71
22943,1978,3,12,133.07,0.7464788732394366,0.0801577751036234,48
22944,1978,3,12,272.63,0.4929577464788732,0.0796897981013504,71
22946,1930,3,12,89.98,0.7464788732394366,0.0809600213932343,48
22950,2023,3,12,65.8,0.7464788732394366,0.0809600213932343,48
22953,1930,3,12,,0.5070422535211268,0.0796897981013504,79
22955,1984,3,12,125.04,0.5070422535211268,0.0795560903864153,71
22957,1930,6,12,22.27,0.5070422535211268,0.0794892365289477,79
22965,1961,3,12,64.18,0.7464788732394366,0.0807594598208316,79
22972,1995,3,12,152.37,0.380281690140845,0.1835806926059633,79
22974,1996,3,12,700.55,1.0,0.131768953068592,48
22991,1990,3,12,,0.5070422535211268,0.0905869768685653,79
22997,1962,3,12,156.13,0.7464788732394366,0.0795560903864153,79
22999,1998,3,12,403.73,0.3943661971830985,0.1711458751169942,48
23011,1994,27,12,715.23,0.7464788732394366,0.1522262334536702,48
23023,2012,3,12,,0.9295774647887324,0.1573739804786736,48
23024,1970,3,12,44.11,0.1549295774647887,0.0404465837678834,79
23032,1970,3,12,,0.5633802816901409,0.0235325578285867,79
23035,1983,3,12,,0.5633802816901409,0.0243348041181976,79
23038,1983,3,12,56.03,0.5774647887323944,0.0174488567990373,79
23047,1998,3,12,169.09,0.0422535211267605,0.0079556090386415,79
23051,1936,6,12,65.31,0.0704225352112676,0.0,79
23059,1935,3,12,83.2,0.9859154929577464,0.0648482417435486,79
23061,1936,3,12,,0.3098591549295774,0.0,71
23062,1967,3,12,232.21,0.9859154929577464,0.0655836341756919,71
23066,1936,9,12,189.48,0.8028169014084507,0.0772830592325177,71
23069,1930,3,12,,0.8450704225352113,0.0784195748094665,71
23073,1997,3,12,32.31,0.2394366197183098,0.0,79
23079,1880,3,12,,0.0422535211267605,0.0437892766412622,48
23082,2006,3,12,,0.0422535211267605,0.0435218612113918,48
23087,1920,3,12,97.03,0.0422535211267605,0.0730044123545928,79
23089,2020,3,12,53.02,0.0422535211267605,0.0421179302045728,48
23094,1936,3,12,98.68,0.0422535211267605,0.0435887150688594,48
23097,1880,3,12,102.5,0.0422535211267605,0.0447252306458082,71
23099,2004,3,12,328.83,0.0422535211267605,0.0800909212461559,71
23101,2024,3,12,39.62,0.5352112676056338,0.0366359138922315,48
23114,1900,3,12,52.14,0.7323943661971831,0.0449926460756785,48
23118,1936,3,12,86.41,0.7323943661971831,0.0455943307928867,79
23127,1900,3,12,64.0,0.7183098591549296,0.0464634309399652,79
23129,1955,3,12,67.14,0.7323943661971831,0.0463965770824976,79
23131,1970,3,12,84.29,0.1126760563380281,0.059098810001337,48
23134,1955,3,12,74.6,0.2535211267605634,0.0371038908945046,71
23136,1920,3,12,86.0,0.2535211267605634,0.0371038908945046,48
23138,1950,3,12,72.15,0.2535211267605634,0.0371707447519721,48
23139,1950,3,12,77.18,0.2535211267605634,0.0186522262334536,48
23145,1960,3,12,48.76,0.5492957746478874,0.0434550073539243,48
23147,1900,3,12,59.94,0.5492957746478874,0.0437892766412622,48
23151,1945,3,12,81.15,0.5492957746478874,0.0447252306458082,48
23161,1880,3,12,50.2,0.7323943661971831,0.04632972322503,79
23173,2022,3,12,,0.7323943661971831,0.0461960155100949,48
23178,1950,3,12,77.39,0.7323943661971831,0.0463965770824976,79
23196,1970,3,12,124.52,0.7323943661971831,0.0865757454205107,48
23199,1955,3,12,53.66,0.1126760563380281,0.0616392565851049,48
23209,1900,6,12,211.17,0.7323943661971831,0.0432544457815215,48
23215,2002,3,12,112.36,0.6901408450704225,0.0454606230779515,48
23218,1936,3,12,198.44,0.7323943661971831,0.0434550073539243,71
23220,1965,3,12,2850.9,0.7323943661971831,0.0592325177162722,71
23223,1980,3,12,49.14,0.3098591549295774,0.0576948789945179,79
23226,1955,3,12,116.94,0.3098591549295774,0.0592325177162722,48
23251,1880,6,12,14.82,0.7323943661971831,0.0385078219013237,48
23256,1936,3,12,,0.7323943661971831,0.0442572536435352,79
23257,1900,3,12,129.34,0.7323943661971831,0.0445246690734055,71
23264,1968,3,12,250.06,0.3098591549295774,0.0543521861211391,48
23266,2008,3,12,219.57,0.3098591549295774,0.0573606097071801,48
23268,2009,3,12,143.92,0.9859154929577464,0.0698622810536167,48
23271,2023,6,12,550.23,0.3943661971830985,0.2902125952667468,48
23278,2004,3,12,253.0,0.380281690140845,0.0033426928733787,71
23281,1919,3,12,93.86,0.9859154929577464,0.0935954004546062,71
23286,1969,3,12,98.01,0.9859154929577464,0.0932611311672683,71
23289,1942,3,12,114.62,0.9859154929577464,0.0930605695948656,71
23292,1931,3,12,86.03,0.9859154929577464,0.0928600080224628,71
23296,1950,6,12,77.71,0.9859154929577464,0.0925925925925925,48
23301,1926,3,12,92.48,0.2253521126760563,0.0671212728974461,48
23303,1919,3,12,18.17,0.2253521126760563,0.0670544190399786,71
23305,1959,3,12,186.31,0.2253521126760563,0.0670544190399786,71
23313,1994,3,12,62.49,0.4788732394366197,0.0660516111779649,48
23318,1993,3,12,84.92,0.4788732394366197,0.065717341890627,79
23321,1919,3,12,,0.4788732394366197,0.0655836341756919,79
23323,1938,3,12,70.96,0.4788732394366197,0.0654499264607567,71
23325,1931,3,12,92.17,0.4788732394366197,0.0653162187458216,48
23328,2021,3,12,64.98,0.7183098591549296,0.0662521727503677,48
23330,1936,3,12,139.67,0.7323943661971831,0.0660516111779649,71
23332,1987,3,12,,0.7323943661971831,0.0660516111779649,79
23333,1987,3,12,89.53,0.7323943661971831,0.0660516111779649,48
23336,2020,3,12,64.87,0.7323943661971831,0.0661184650354325,79
23350,1940,3,12,68.0,0.2253521126760563,0.0657841957480946,48
23356,1950,3,12,136.96,0.2253521126760563,0.0656504880331595,48
23366,1950,9,12,90.86,0.4788732394366197,0.0531488166867228,48
23377,1916,3,12,54.7,0.7323943661971831,0.0672549806123813,48
23384,1950,3,12,118.31,0.7323943661971831,0.0661853188929001,71
23388,1936,6,12,14.1,0.2253521126760563,0.0,79
23391,2006,3,12,105.02,0.2253521126760563,0.0653162187458216,79
23400,1960,3,12,108.81,0.2253521126760563,0.0672549806123813,71
23402,1930,6,12,122.26,0.2253521126760563,0.0673218344698489,48
23408,1940,3,12,17.23,0.4788732394366197,0.0920577617328519,71
23410,1960,6,12,104.48,0.4788732394366197,0.092525738735125,79
23413,2015,6,12,72.93,0.4788732394366197,0.0927263003075277,79
23417,1920,3,12,,0.4788732394366197,0.0928600080224628,79
23421,1955,3,12,24.29,0.4788732394366197,0.092993715737398,79
23423,1960,3,12,82.3,0.7323943661971831,0.0665864420377055,48
23429,1960,3,12,59.25,0.7323943661971831,0.0661184650354325,71
23432,1960,3,12,95.85,0.7323943661971831,0.0659847573204973,71
23434,1940,6,12,15.94,0.7323943661971831,0.0658510496055622,79
23442,1960,3,12,160.95,0.9859154929577464,0.0786201363818692,79
23449,1960,6,12,160.07,0.4788732394366197,0.0669207113250434,48
23456,1955,3,12,82.63,0.7323943661971831,0.0656504880331595,79
23461,2004,3,12,443.3,0.2253521126760563,0.0925925925925925,71
23464,1940,3,12,83.66,0.7323943661971831,0.0666532958951731,79
23484,1989,3,12,574.16,0.8732394366197183,0.3383473726434015,48
23493,2020,3,12,,0.2253521126760563,0.0921246155903195,48
23495,1940,3,12,149.14,0.2253521126760563,0.0919240540179168,71
23500,1975,3,12,248.23,0.2253521126760563,0.0917234924455141,79
23505,1960,6,12,100.35,0.4788732394366197,0.0790212595266746,79
23512,1965,3,12,189.02,0.7323943661971831,0.0662521727503677,48
23515,1950,3,12,99.34,0.4788732394366197,0.0794223826714801,48
23517,2011,6,12,174.0,0.7323943661971831,0.0656504880331595,48
23524,1990,3,12,1196.31,0.1267605633802817,0.3848776574408343,71
23529,1912,3,12,86.39,0.2676056338028169,0.1325711993582029,71
23534,2012,6,12,203.55,0.6197183098591549,0.3022462896109105,48
23537,1979,3,12,176.32,0.7464788732394366,0.0801577751036234,71
23543,1966,3,12,126.9,0.7464788732394366,0.0795560903864153,71
23545,1989,3,12,150.71,0.7464788732394366,0.0796897981013504,71
23547,1988,3,12,160.28,0.7464788732394366,0.0798235058162855,48
23550,1986,6,12,121.29,0.7464788732394366,0.0800240673886883,48
23558,1992,3,12,154.97,0.2676056338028169,0.1429335472656772,71
23562,1988,3,12,,1.0,0.0787538440968043,79
23567,2004,3,12,427.61,0.2676056338028169,0.4459820831661986,48
23572,1999,15,12,2953.74,0.8873239436619719,0.2313812006952801,71
23576,1994,3,12,116.95,0.4929577464788732,0.0786869902393368,48
23581,1991,12,12,979.56,0.2676056338028169,0.4336141195346971,48
23583,1988,3,12,126.35,0.7464788732394366,0.0808263136782992,79
23591,2021,6,12,2258.73,0.4929577464788732,0.1351116459419708,48
23607,1960,3,12,9.51,0.7746478873239436,0.0895841690065516,79
23611,1965,3,12,,1.0,0.0647145340286134,48
23618,2021,6,12,,1.0,0.0664527343227704,79
23620,1978,3,12,40.61,1.0,0.0602353255782858,71
23624,2000,3,12,,0.0,0.0666532958951731,79
23628,1991,3,12,,0.1549295774647887,0.0708650889156304,79
23631,1982,3,12,,0.1690140845070422,0.0632437491643267,79
23633,1965,3,12,111.19,0.4929577464788732,0.0664527343227704,71
23637,1956,3,12,,0.4929577464788732,0.0799572135312207,79
23640,2012,3,12,,0.4929577464788732,0.0648482417435486,48
23643,2003,3,12,88.8,0.2676056338028169,0.0376387217542452,48
23646,1975,3,12,,0.7887323943661971,0.0671881267549137,48
23652,1975,3,12,210.16,1.0,0.1058296563711726,71
23655,2016,3,12,122.05,0.9154929577464788,0.2273699692472255,48
23657,1979,3,12,156.95,0.4929577464788732,0.1478138788608102,71
23665,1952,3,12,5351.28,1.0,0.0,79
23680,1980,3,12,,0.1549295774647887,0.0638454338815349,48
23684,1989,3,12,,0.5633802816901409,0.0494050006685385,48
23687,1984,3,12,,0.2676056338028169,0.0471319695146409,48
23690,2008,3,12,,0.0422535211267605,0.0492712929536034,48
23693,2003,3,12,,0.0704225352112676,0.1321032223559299,48
23697,1999,3,12,,0.028169014084507,0.043187591924054,48
23701,2002,3,12,,0.0140845070422535,0.0670544190399786,48
23705,1980,3,12,,0.5915492957746479,0.0601684717208182,48
23711,1994,6,12,,0.7887323943661971,0.3245086241476133,48
23714,1984,15,12,104.1,0.4788732394366197,0.0398448990506752,79
23723,1980,3,12,,0.5211267605633803,0.3519187057093194,48
23727,1980,3,12,41.68,0.8028169014084507,0.0418505147747024,48
23746,1965,3,12,49.53,0.8591549295774648,0.0859740607033025,71
23748,1960,3,12,,0.2112676056338028,0.0798235058162855,71
23750,1960,3,12,,0.2112676056338028,0.079756651958818,71
23752,1955,3,12,,0.2112676056338028,0.079756651958818,71
23754,1962,3,12,77.14,0.2112676056338028,0.0796897981013504,71
23758,1958,3,12,36.26,0.2112676056338028,0.0795560903864153,71
23764,2004,3,12,129.25,0.5915492957746479,0.4396978205642465,71
23769,1960,3,12,86.55,0.7183098591549296,0.2916165262735659,48
23785,2008,3,12,204.28,0.4647887323943662,0.2027677496991576,48
23787,1980,3,12,73.57,0.4647887323943662,0.0648482417435486,48
23815,1955,3,12,132.72,0.9859154929577464,0.3989838213664928,71
23821,1955,3,12,,0.9859154929577464,0.5188527878058563,48
23826,2002,3,12,597.38,0.7887323943661971,0.1661986896643936,79
23830,1950,3,12,15.37,0.028169014084507,0.0610375718678967,71
23834,1898,3,12,76.17,0.028169014084507,0.0606364487230913,48
23848,1890,3,12,55.62,0.8028169014084507,0.0792218210990774,79
23851,1890,6,12,,0.7887323943661971,0.0792886749565449,79
23854,1890,3,12,31.0,0.7887323943661971,0.0793555288140125,79
23856,1890,3,12,36.32,0.7887323943661971,0.0794223826714801,79
23859,2000,3,12,76.81,0.2816901408450704,0.0525471319695146,48
23865,1960,3,12,72.52,0.028169014084507,0.0589651022864019,48
23876,1920,3,12,67.07,0.7887323943661971,0.0522797165396443,48
23890,1956,9,12,107.82,0.7887323943661971,0.3290546864554084,79
23893,2021,3,12,76.58,0.7887323943661971,0.2685519454472523,48
23897,2020,3,12,,0.7887323943661971,0.2683513838748496,48
23899,1910,3,12,51.26,0.5352112676056338,0.064781387886081,71
23904,1918,3,12,70.42,0.5352112676056338,0.0589651022864019,79
23906,1909,3,12,112.26,0.5352112676056338,0.0588982484289343,48
23912,2012,3,12,118.17,0.7887323943661971,0.0525471319695146,48
23919,1915,3,12,118.72,0.7887323943661971,0.0525471319695146,48
23921,2016,3,12,90.95,0.7887323943661971,0.0528145473993849,48
23926,1918,3,12,,0.5352112676056338,0.0589651022864019,79
23930,1930,6,12,79.51,0.0140845070422535,0.1960155100949324,48
23932,1901,3,12,57.64,0.0140845070422535,0.1964166332397379,79
23934,1900,3,12,59.2,0.0140845070422535,0.1970851718144136,71
23939,1900,3,12,,0.0140845070422535,0.2035031421313009,48
23945,1953,3,12,64.6,0.0140845070422535,0.2030351651290279,48
23948,1905,3,12,87.56,0.0140845070422535,0.2027677496991576,48
23955,1890,3,12,122.42,0.7323943661971831,0.0746757587912822,79
23960,1883,3,12,59.38,0.7323943661971831,0.0750100280786201,79
23963,1993,3,12,58.93,0.7323943661971831,0.0752105896510228,79
23966,1890,3,12,51.07,0.7323943661971831,0.075344297365958,71
23970,2010,6,12,1832.74,0.0140845070422535,0.1899986629228506,48
23980,2001,3,12,559.82,0.2816901408450704,0.1105762802513704,48
23994,2010,3,12,67.99,0.0140845070422535,0.0403797299104158,48
23999,1987,3,12,59.21,0.028169014084507,0.0361010830324909,48
24002,2016,3,12,53.07,0.028169014084507,0.0362347907474261,48
24005,1930,3,12,109.8,0.028169014084507,0.036569060034764,48
24008,1920,3,12,128.62,0.028169014084507,0.0369033293221018,48
24010,1960,3,12,107.29,0.028169014084507,0.0371707447519721,71
24013,1967,3,12,102.62,0.0422535211267605,0.0374381601818424,71
24018,1964,3,12,,0.028169014084507,0.0377055756117127,48
24021,1920,3,12,56.31,0.028169014084507,0.0680572269019922,48
24030,1913,3,12,62.6,0.5211267605633803,0.0404465837678834,79
24036,1906,3,12,88.0,0.5211267605633803,0.0584971252841288,48
24039,1905,3,12,169.66,0.5211267605633803,0.058162855996791,71
24045,1905,3,12,43.78,0.7323943661971831,0.0439229843561973,48
24050,1910,3,12,80.69,0.7323943661971831,0.0438561304987297,79
24053,1900,3,12,96.58,0.7323943661971831,0.0438561304987297,48
24056,1991,3,12,95.71,0.7323943661971831,0.0740072202166065,71
24058,1987,3,12,63.9,0.028169014084507,0.0355662521727503,48
24060,1987,3,12,61.81,0.028169014084507,0.035766813745153,79
24066,1996,3,12,,0.5211267605633803,0.0474662388019788,48
24068,2004,6,12,1323.83,0.3661971830985915,0.1355796229442439,48
24071,1900,3,12,47.3,0.0422535211267605,0.0446583767883406,48
24077,1885,3,12,93.74,0.2112676056338028,0.1679368899585506,48
24079,1946,3,12,63.38,0.2112676056338028,0.1569728573338681,48
24084,2001,15,12,378.56,0.3943661971830985,0.1818424923118063,48
24086,1968,6,12,133.55,0.2394366197183098,0.026942104559433,48
24089,1968,3,12,83.47,0.7605633802816901,0.0371707447519721,79
24092,1970,3,12,,0.2394366197183098,0.03750501403931,48
24096,1880,6,12,66.07,0.5492957746478874,0.0450594999331461,48
24105,1900,9,12,94.75,0.7605633802816901,0.0371707447519721,48
24109,1974,3,12,216.29,0.2112676056338028,0.050274100815617,48
24114,2018,3,12,93.38,0.7605633802816901,0.0877122609974595,48
24116,2020,3,12,94.11,0.7605633802816901,0.03750501403931,48
24119,2020,6,12,55.68,0.7605633802816901,0.0373713063243749,79
24123,2020,3,12,,0.7605633802816901,0.0373044524669073,48
24124,1945,3,12,976.52,0.2112676056338028,0.213263805321567,71
24125,1945,3,12,1528.49,0.380281690140845,0.7515042117930204,71
24128,2018,3,12,,0.2676056338028169,0.3143468378125418,79
24133,1982,3,12,65.68,0.5352112676056338,0.0531488166867228,48
24135,1990,3,12,95.4,0.2676056338028169,0.0440566920711325,48
24137,1930,3,12,96.42,0.2676056338028169,0.0418505147747024,48
24139,2016,3,12,100.69,0.7746478873239436,0.0401791683380131,48
24141,1964,3,12,338.67,0.7746478873239436,0.0382404064714533,79
24146,1888,3,12,116.4,0.5774647887323944,0.0,79
24160,1890,3,12,,0.0140845070422535,0.0338280518785933,79
24165,1901,3,12,69.83,0.0140845070422535,0.0341623211659312,79
24169,1895,6,12,41.45,0.0140845070422535,0.0342960288808664,48
24174,1967,6,12,90.08,0.0140845070422535,0.0345634443107367,79
24178,2017,3,12,,0.0140845070422535,0.0348977135980746,48
24180,2017,3,12,69.46,0.0140845070422535,0.0349645674555421,48
24184,1901,3,12,25.04,0.2957746478873239,0.0446583767883406,79
24192,2013,6,12,63.1,0.2816901408450704,0.0447920845032758,48
24195,2020,3,12,81.3,0.2957746478873239,0.0455274769354191,48
24198,1880,3,12,,0.2957746478873239,0.0459286000802246,79
24201,1880,3,12,110.31,0.2957746478873239,0.0463965770824976,79
24206,1880,3,12,,0.2957746478873239,0.0474662388019788,79
24209,2019,3,12,111.6,0.2957746478873239,0.0482684850915897,48
24211,1948,3,12,98.06,0.2957746478873239,0.0486696082363952,48
24213,1880,3,12,132.07,0.2957746478873239,0.0492712929536034,79
24217,1995,3,12,285.12,0.2816901408450704,0.0481347773766546,48
24220,2012,3,12,154.54,0.7323943661971831,0.0499398315282791,48
24222,2002,3,12,139.53,0.7323943661971831,0.0534162321165931,48
24224,1880,3,12,123.1,0.7323943661971831,0.0550875785532825,79
24226,1880,3,12,114.91,0.2816901408450704,0.1879930471988233,79
24228,2007,3,12,149.34,0.2816901408450704,0.0746089049338146,48
24232,2010,6,12,89.59,0.2676056338028169,0.0400454606230779,79
24235,1900,6,12,114.98,0.2676056338028169,0.0388420911886615,48
24237,1901,3,12,72.13,0.2676056338028169,0.0385078219013237,79
24239,1880,6,12,125.54,0.2676056338028169,0.0496055622409413,79
24247,2019,3,12,,0.7323943661971831,0.0518117395373713,48
24251,2014,3,12,21.51,0.2816901408450704,0.0447920845032758,48
24256,2018,6,12,80.27,0.7323943661971831,0.0594999331461425,48
24260,2020,3,12,,0.7323943661971831,0.0422516379195079,48
24262,2023,3,12,74.4,0.7323943661971831,0.0418505147747024,79
24264,2023,6,12,78.13,0.7323943661971831,0.0418505147747024,79
24266,2020,3,12,118.61,0.2957746478873239,0.049806123813344,48
24269,2007,3,12,48.52,0.9859154929577464,0.0511432009626955,48
24274,1950,3,12,39.74,0.9859154929577464,0.0509426393902928,71
24277,1960,3,12,84.61,0.9859154929577464,0.05074207781789,71
24280,1972,3,12,102.62,0.9859154929577464,0.0506083701029549,71
24282,1890,3,12,66.38,0.9859154929577464,0.0505415162454873,79
24290,1989,3,12,418.05,0.5352112676056338,0.1818424923118063,48
24293,1950,3,12,104.01,0.5352112676056338,0.181575076881936,79
24295,1950,3,12,101.24,0.5352112676056338,0.1815082230244684,79
24297,1900,3,12,71.11,0.5352112676056338,0.1813076614520657,79
24299,1893,6,12,84.16,0.5211267605633803,0.1813745153095333,79
24301,1950,3,12,63.73,0.5352112676056338,0.181107099879663,79
24307,1986,3,12,72.01,0.7323943661971831,0.0647145340286134,71
24310,2023,3,12,15.84,0.5352112676056338,0.181575076881936,79
24312,2009,6,12,216.96,0.2253521126760563,0.0640459954539376,48
24327,1960,3,12,53.9,0.028169014084507,0.1816419307394036,79
24330,1948,3,12,,0.028169014084507,0.194344163658243,79
24332,1885,3,12,87.83,0.2816901408450704,0.0455274769354191,79
24335,1855,6,12,130.1,0.2816901408450704,0.0449926460756785,79
24345,2002,3,12,78.75,0.028169014084507,0.1809733921647278,48
24348,1885,3,12,63.3,0.5211267605633803,0.0348977135980746,79
24350,1961,6,12,53.07,0.028169014084507,0.1810402460221954,48
24352,1901,3,12,60.28,0.5211267605633803,0.0341623211659312,79
24364,1923,3,12,72.31,0.9859154929577464,0.0513437625350982,48
24369,1880,3,12,79.45,0.2253521126760563,0.0614386950127022,71
24379,1905,3,12,77.74,0.7323943661971831,0.065717341890627,79
24381,1992,3,12,60.82,0.7323943661971831,0.0656504880331595,79
24393,2021,3,12,49.42,0.9859154929577464,0.0530151089717876,48
24395,1962,3,12,82.42,0.9859154929577464,0.0530151089717876,71
24398,1961,3,12,38.74,0.9859154929577464,0.0530819628292552,79
24400,1968,3,12,84.54,0.9859154929577464,0.0530819628292552,71
24404,2021,3,12,37.33,0.9859154929577464,0.0530819628292552,48
24407,1960,3,12,148.14,0.9859154929577464,0.0531488166867228,71
24409,1960,3,12,121.16,0.9859154929577464,0.0532156705441903,71
24412,1950,3,12,39.23,0.9859154929577464,0.0532156705441903,71
24420,2020,3,12,171.76,0.2253521126760563,0.0643802647412755,48
24423,1994,3,12,123.56,0.4788732394366197,0.0504746623880197,48
24426,1969,3,12,111.48,0.4788732394366197,0.0509426393902928,71
24433,2016,3,12,78.83,0.7323943661971831,0.0653830726032892,48
24437,2002,3,12,377.53,0.9859154929577464,0.0662521727503677,48
24440,1961,3,12,81.55,0.9859154929577464,0.0664527343227704,48
24443,1966,3,12,16.06,0.9859154929577464,0.0661853188929001,71
24445,1948,3,12,88.94,0.9859154929577464,0.0661184650354325,71
24447,1951,3,12,86.42,0.2535211267605634,0.0514106163925658,71
24451,1982,15,12,569.47,0.7323943661971831,0.0654499264607567,48
24453,1948,3,12,77.02,0.2535211267605634,0.0511432009626955,79
24457,1993,3,12,134.75,0.2535211267605634,0.1173953737130632,48
24463,1960,3,12,83.39,0.7323943661971831,0.065717341890627,48
24473,1978,3,12,21.19,0.9859154929577464,0.0649150956010161,71
24475,1930,3,12,68.83,0.9859154929577464,0.0648482417435486,71
24478,1930,3,12,85.71,0.9859154929577464,0.0648482417435486,48
24483,1936,3,12,73.02,0.9859154929577464,0.064781387886081,71
24487,1930,3,12,66.42,0.9859154929577464,0.0647145340286134,48
24490,1930,3,12,231.12,1.0,0.064781387886081,48
24496,1930,6,12,13.78,0.1408450704225352,0.1984891028212327,48
24502,1930,3,12,504.43,0.4788732394366197,0.0927931541649953,71
24506,1967,3,12,,0.4788732394366197,0.0931942773098007,71
24508,1974,3,12,491.65,0.4788732394366197,0.0933948388822035,79
24510,1950,3,12,124.33,0.7323943661971831,0.0675223960422516,71
24512,1930,3,12,,0.7323943661971831,0.0673218344698489,79
24516,2008,3,12,195.52,0.7183098591549296,0.0678566653295895,79
24524,1970,3,12,145.87,0.9859154929577464,0.0929268618799304,71
24526,2001,3,12,75.51,0.9859154929577464,0.0927931541649953,48
24528,1930,3,12,80.59,0.9859154929577464,0.0927263003075277,48
24530,1930,3,12,103.86,0.9859154929577464,0.092525738735125,48
24540,1940,3,12,72.94,0.2535211267605634,0.0522797165396443,48
24542,2020,6,12,369.83,0.4788732394366197,0.0768819360877122,48
24544,1961,3,12,94.93,0.4788732394366197,0.0662521727503677,71
24546,1930,3,12,121.54,0.4788732394366197,0.0663190266078352,48
24555,1945,3,12,302.7,0.7323943661971831,0.0671212728974461,71
24559,1950,3,12,132.69,0.9859154929577464,0.0919240540179168,71
24564,2022,3,12,292.8,0.4788732394366197,0.0661184650354325,48
24568,1951,3,12,98.98,0.9859154929577464,0.0833667602620671,48
24580,1963,3,12,,0.4788732394366197,0.064781387886081,48
24582,1910,3,12,30.47,0.4788732394366197,0.064781387886081,79
24586,1936,3,12,110.05,0.4788732394366197,0.0648482417435486,71
24591,2017,3,12,,0.7323943661971831,0.0925925925925925,48
24593,1951,3,12,99.64,0.7323943661971831,0.0925925925925925,71
24596,2018,3,12,85.59,0.7323943661971831,0.0925925925925925,79
24598,2016,3,12,86.42,0.7323943661971831,0.0926594464500601,48
24600,2019,3,12,64.01,0.4788732394366197,0.0648482417435486,48
24602,2020,3,12,69.69,0.4788732394366197,0.0648482417435486,48
24605,1915,3,12,117.33,0.7323943661971831,0.0925925925925925,48
24608,1997,3,12,360.41,0.4788732394366197,0.7528412889423719,48
24612,1956,3,12,,0.4084507042253521,0.1676694745286802,48
24615,1960,3,12,66.22,0.4084507042253521,0.1675357668137451,48
24616,1986,6,12,182.68,0.4084507042253521,0.1679368899585506,79
24620,1945,3,12,97.84,0.4084507042253521,0.1692739671079021,71
24622,1953,6,12,119.33,0.4084507042253521,0.1696750902527075,79
24624,1997,3,12,102.05,0.4084507042253521,0.1693408209653696,48
24636,1951,3,12,108.24,0.4225352112676056,0.0465971386549003,71
24645,2022,6,12,60.13,0.4225352112676056,0.0462628693675625,48
24650,1985,3,12,109.14,0.4225352112676056,0.0461960155100949,71
24655,1967,3,12,115.69,0.4225352112676056,0.0451932076480812,48
24661,1961,6,12,103.01,0.9295774647887324,0.0643134108838079,79
24664,1957,6,12,31.55,0.4225352112676056,0.0461960155100949,48
24671,1967,3,12,84.58,0.9859154929577464,0.089517315149084,48
24673,1967,3,12,101.15,0.9859154929577464,0.089517315149084,79
24683,2004,3,12,291.17,0.7746478873239436,0.1329723225030084,71
24692,2015,3,12,,0.8873239436619719,0.428733787939564,79
24696,1985,3,12,3441.72,0.7605633802816901,0.7233587377991709,48
24699,1985,3,12,2981.05,0.7746478873239436,0.2271694076748228,71
24704,2015,3,12,,0.2816901408450704,0.110643134108838,79
24706,1956,3,12,109.37,0.2676056338028169,0.129562775772162,71
24712,2020,3,12,,0.9859154929577464,0.054218478406204,48
24713,2000,3,12,87.31,0.5070422535211268,0.0,79
24716,1997,3,12,,0.5070422535211268,0.0651156571734189,79
24720,2008,3,12,169.73,0.2676056338028169,0.3529883674288006,48
24722,2008,3,12,169.72,0.5211267605633803,0.0435218612113918,48
24724,2008,3,12,169.73,0.5211267605633803,0.0429870303516512,48
24726,2008,3,12,169.73,0.5211267605633803,0.0425190533493782,48
24728,2008,3,12,167.25,0.7746478873239436,0.1168605428533226,48
24731,2021,3,12,41.46,0.0140845070422535,0.097406070330258,48
24734,2021,3,12,43.95,0.0140845070422535,0.0427864687792485,48
24737,2021,3,12,13.66,0.0140845070422535,0.0433881534964567,48
24740,2021,3,12,13.04,0.2816901408450704,0.1794357534429736,48
24750,1974,3,12,24.5,0.2112676056338028,0.6677363283861478,71
24753,1964,3,12,113.18,0.1830985915492957,0.0814279983955074,71
24755,1973,3,12,,0.2112676056338028,0.0800240673886883,71
24758,1960,3,12,116.67,0.2112676056338028,0.1261532290413156,48
24760,1968,6,12,110.7,0.2112676056338028,0.6599144270624414,79
24762,1970,3,12,189.6,0.2112676056338028,0.1069661719481214,79
24768,1999,6,12,90.47,0.2112676056338028,0.0811605829656371,48
24770,1963,3,12,,0.2112676056338028,0.0814279983955074,71
24785,2005,3,12,142.29,0.7183098591549296,0.079756651958818,48
24794,1961,3,12,109.98,0.7183098591549296,0.079756651958818,71
24797,1969,3,12,23.06,0.7183098591549296,0.0798235058162855,79
24800,1969,3,12,102.51,0.7183098591549296,0.0798903596737531,71
24803,1966,3,12,101.61,0.7183098591549296,0.2454873646209386,79
24829,1959,3,12,87.19,0.7183098591549296,0.0798235058162855,79
24835,1962,3,12,205.7,0.971830985915493,0.054218478406204,79
24836,1970,3,12,144.99,0.971830985915493,0.0543521861211391,71
24840,1972,3,12,100.26,0.971830985915493,0.0544858938360743,79
24848,1950,3,12,68.05,0.4647887323943662,0.079756651958818,48
24852,1960,3,12,17.26,0.4647887323943662,0.0796229442438828,79
24854,1980,3,12,71.71,0.4647887323943662,0.0796229442438828,71
24863,2010,3,12,419.76,0.2112676056338028,0.1240807594598208,48
24865,1971,3,12,150.63,0.2112676056338028,0.0793555288140125,71
24867,1961,9,12,89.42,0.2112676056338028,0.0795560903864153,79
24880,1959,3,12,161.38,0.4647887323943662,0.0539510629763337,71
24884,1962,3,12,44.99,0.7183098591549296,0.0802914828185586,48
24891,1963,3,12,19.46,0.7183098591549296,0.1711458751169942,79
24908,1998,3,12,1280.37,0.9859154929577464,0.1492178098676293,71
24919,1979,3,12,12.38,0.0422535211267605,0.066519588180238,71
24925,1950,3,12,117.96,0.2957746478873239,0.1424655702634041,79
24932,1967,3,12,111.92,0.4788732394366197,0.1492178098676293,79
24959,1959,3,12,75.27,0.028169014084507,0.1819762000267415,48
24965,2003,3,12,69.46,0.2816901408450704,0.2190800909212461,48
24970,2006,3,12,326.8,0.2816901408450704,0.1970183179569461,48
24974,1907,3,12,91.09,0.7887323943661971,0.0461960155100949,79
24976,1931,6,12,105.86,0.2816901408450704,0.1975531488166867,79
24978,1931,3,12,104.2,0.2816901408450704,0.1974862949592191,48
24984,2003,3,12,80.04,0.2816901408450704,0.1669340820965369,48
24989,1919,3,12,129.47,0.7887323943661971,0.0483353389490573,48
24995,1880,3,12,74.6,0.7887323943661971,0.0449926460756785,79
24999,1990,3,12,,0.5070422535211268,0.1593127423452333,71
25002,1931,3,12,65.56,0.7887323943661971,0.0495387083834737,48
25006,1961,3,12,,0.7887323943661971,0.0469982617997058,79
25010,1914,3,12,89.88,0.8028169014084507,0.0443241075010028,79
25016,1965,3,12,69.38,0.2816901408450704,0.1975531488166867,48
25022,2004,3,12,582.09,0.2816901408450704,0.1970851718144136,48
25026,2019,6,12,54.45,0.2816901408450704,0.1959486562374648,79
25028,2012,6,12,77.54,0.2816901408450704,0.1454071399919775,48
25031,1930,6,12,119.43,0.9859154929577464,0.0525471319695146,48
25037,1930,3,12,69.25,0.380281690140845,0.060369033293221,48
25042,1930,3,12,101.2,0.352112676056338,0.0575611712795828,48
25043,1935,3,12,31.32,0.5211267605633803,0.4834202433480412,71
25048,2006,3,12,371.11,0.1126760563380281,0.4562107233587377,48
25051,2010,3,12,208.17,0.9859154929577464,0.0531488166867228,48
25053,2004,3,12,150.72,0.9859154929577464,0.0542853322636716,71
25056,1938,3,12,163.27,0.7323943661971831,0.0657841957480946,48
25058,1954,3,12,214.31,0.2535211267605634,0.0522128626821767,71
25061,2007,3,12,61.19,0.2535211267605634,0.0536167936889958,48
25063,1973,3,12,112.56,0.2535211267605634,0.0535499398315282,71
25065,1930,3,12,83.44,0.2535211267605634,0.1492178098676293,48
25073,1940,3,12,191.03,0.7323943661971831,0.0616392565851049,48
25076,1931,3,12,60.45,0.4788732394366197,0.1152560502741008,71
25079,1932,3,12,57.49,0.7323943661971831,0.0614386950127022,48
25087,1942,3,12,114.44,0.7323943661971831,0.0653830726032892,79
25089,1900,3,12,153.86,0.7323943661971831,0.0655836341756919,79
25095,2022,3,12,234.69,0.7323943661971831,0.0649819494584837,48
25097,1880,3,12,88.97,0.7323943661971831,0.0643134108838079,48
25100,2019,3,12,60.66,0.2535211267605634,0.0536167936889958,48
25103,2023,3,12,168.41,0.9859154929577464,0.0656504880331595,48
25107,1951,3,12,102.87,0.9859154929577464,0.065717341890627,79
25115,1965,3,12,129.27,0.2957746478873239,0.1350447920845032,71
25120,1989,3,12,71.58,0.4788732394366197,0.0544190399786067,48
25122,1926,3,12,6.06,0.4788732394366197,0.0532156705441903,48
25126,2021,3,12,72.83,0.4788732394366197,0.0526139858269822,48
25128,1900,3,12,90.36,0.4788732394366197,0.0522797165396443,48
25135,2021,3,12,69.91,0.7605633802816901,0.0511432009626955,48
25137,2021,3,12,70.63,0.7605633802816901,0.0511432009626955,48
25140,1953,3,12,,0.7605633802816901,0.0513437625350982,79
25142,1951,3,12,149.12,0.7605633802816901,0.0513437625350982,71
25146,2004,3,12,461.42,0.7605633802816901,0.1338414226500869,71
25149,1961,3,12,,0.7605633802816901,0.0512769086776307,48
25159,1937,3,12,112.53,0.1267605633802817,0.2074475197218879,79
25165,1929,6,12,23.57,0.4788732394366197,0.0658510496055622,79
25167,1990,3,12,,0.4788732394366197,0.0657841957480946,79
25172,1913,3,12,,0.4788732394366197,0.0656504880331595,48
25174,1942,3,12,101.34,0.4788732394366197,0.065717341890627,71
25179,1921,6,12,92.85,0.4788732394366197,0.0656504880331595,79
25184,1940,3,12,92.63,0.7605633802816901,0.0524134242545794,48
25186,1921,3,12,,0.7605633802816901,0.0525471319695146,79
25189,1950,3,12,92.99,0.7605633802816901,0.0526139858269822,71
25191,1951,6,12,65.72,0.7605633802816901,0.0526808396844497,48
25194,2009,6,12,115.34,0.4788732394366197,0.0657841957480946,48
25196,1965,3,12,143.59,0.8169014084507042,0.4805455274769353,71
25205,1960,3,12,,0.9859154929577464,0.0650488033159513,79
25208,1955,3,12,,0.9859154929577464,0.0649819494584837,48
25210,1976,3,12,103.95,0.9859154929577464,0.0649150956010161,48
25214,1945,3,12,,0.2253521126760563,0.0657841957480946,79
25217,1982,3,12,45.04,0.2253521126760563,0.0657841957480946,79
25219,1955,3,12,98.24,0.2253521126760563,0.0657841957480946,71
25224,1950,3,12,,0.4788732394366197,0.0664527343227704,79
25227,1955,3,12,222.66,0.4788732394366197,0.0661853188929001,71
25241,1931,3,12,49.49,0.9859154929577464,0.0660516111779649,48
25243,1931,3,12,42.28,0.9859154929577464,0.0661184650354325,48
25250,1985,3,12,70.0,0.2253521126760563,0.0673886883273164,79
25256,1931,3,12,,0.4647887323943662,0.51103088648215,48
25258,1980,3,12,44.5,0.647887323943662,0.2041716807059767,79
25260,1931,3,12,44.64,0.647887323943662,0.1986228105361679,48
25264,1931,3,12,62.19,0.2253521126760563,0.0686589116192004,71
25265,1984,3,12,30.26,0.2253521126760563,0.0676561037571867,71
25266,1984,3,12,28.95,0.2253521126760563,0.0679903730445246,71
25279,2004,3,12,137.2,0.9859154929577464,0.0672549806123813,48
25288,1952,3,12,143.33,0.2253521126760563,0.0651825110308864,71
25290,1941,6,12,85.2,0.2253521126760563,0.0651825110308864,79
25292,1987,3,12,129.53,0.4788732394366197,0.0649150956010161,48
25296,1990,6,12,22.0,0.9859154929577464,0.0672549806123813,79
25297,1969,3,12,383.56,0.4788732394366197,0.0654499264607567,71
25300,1952,3,12,178.16,0.4788732394366197,0.0655836341756919,48
25321,1989,3,12,1128.97,0.1126760563380281,0.3085305522128626,48
25341,2006,3,12,34.19,1.0,0.0693943040513437,48
25344,1960,3,12,,0.2676056338028169,0.1596470116325711,79
25348,1975,3,12,,0.6197183098591549,0.3237732317154699,79
25352,1977,3,12,19.38,0.2112676056338028,0.4362882738334002,71
25366,1958,3,12,67.86,0.971830985915493,0.0804251905334937,48
25372,1974,3,12,79.1,0.2112676056338028,0.0790212595266746,71
25374,1950,3,12,116.57,0.2112676056338028,0.0785532825244016,48
25376,1950,3,12,,0.2112676056338028,0.0785532825244016,71
25379,1964,3,12,95.77,0.2112676056338028,0.0788875518117395,79
25390,1960,3,12,96.13,0.7183098591549296,0.080224628961091,48
25393,1950,3,12,94.72,0.7183098591549296,0.0801577751036234,71
25395,1990,3,12,79.99,0.7183098591549296,0.0800909212461559,48
25399,1950,3,12,,0.7183098591549296,0.0799572135312207,71
25404,1955,3,12,94.31,0.971830985915493,0.0796897981013504,48
25406,1953,3,12,104.18,0.971830985915493,0.0796897981013504,48
25414,1957,3,12,,0.2112676056338028,0.0799572135312207,79
25418,1975,3,12,110.88,0.2112676056338028,0.0800909212461559,48
25421,1963,3,12,79.93,0.2112676056338028,0.080224628961091,71
25425,1979,6,12,105.22,0.4647887323943662,0.2011632571199358,79
25428,1969,3,12,84.95,0.4647887323943662,0.201764941837144,79
25430,1957,3,12,96.54,0.4647887323943662,0.2020992111244818,79
25431,1957,3,12,101.7,0.4647887323943662,0.2023666265543521,48
25443,2005,3,12,296.59,0.971830985915493,0.0796229442438828,48
25450,1965,3,12,87.96,0.971830985915493,0.0530819628292552,79
25459,1968,6,12,94.62,0.2112676056338028,0.0802914828185586,79
25463,1948,3,12,118.98,0.2112676056338028,0.0806257521058965,71
25466,1972,3,12,79.16,0.4647887323943662,0.0805588982484289,79
25478,2008,3,12,136.93,0.4647887323943662,0.0799572135312207,48
25484,1965,3,12,18.77,0.971830985915493,0.0683246423318625,71
25492,2002,3,12,110.81,0.7183098591549296,0.0795560903864153,48
25495,1996,3,12,174.78,0.7183098591549296,0.081962829255248,48
25497,1997,6,12,292.42,0.7183098591549296,0.1747559834202433,48
25500,1989,6,12,128.62,0.971830985915493,0.0689263270490707,48
25507,1975,3,12,162.88,0.971830985915493,0.066519588180238,48
25518,1980,3,12,131.36,0.4647887323943662,0.0532156705441903,71
25523,1977,3,12,113.17,0.7183098591549296,0.0803583366760262,79
25525,1955,3,12,98.05,0.7183098591549296,0.080224628961091,48
25530,1965,6,12,103.85,0.7183098591549296,0.0794223826714801,48
25540,1965,3,12,250.78,0.2112676056338028,0.0659179034630298,71
25542,1988,3,12,124.15,0.2253521126760563,0.065249364888354,48
25552,1999,3,12,118.35,0.4647887323943662,0.0687926193341355,71
25554,2008,3,12,121.59,0.2253521126760563,0.0655167803182243,48
25556,1988,6,12,120.07,0.2253521126760563,0.0659179034630298,48
25558,1991,3,12,176.0,0.2112676056338028,0.0657841957480946,71
25564,1986,3,12,141.43,0.971830985915493,0.0651156571734189,48
25566,1930,3,12,217.74,0.2112676056338028,0.0699959887685519,71
25573,1955,3,12,31.3,0.4647887323943662,0.0658510496055622,79
25578,1963,3,12,74.7,0.4647887323943662,0.0654499264607567,79
25584,1978,6,12,123.38,0.7183098591549296,0.0698622810536167,48
25588,1930,3,12,,0.1126760563380281,0.0659179034630298,79
25596,1920,3,12,,0.2816901408450704,0.0681909346169273,48
25600,1930,3,12,68.06,0.2253521126760563,0.0785532825244016,79
25608,1930,3,12,,0.2112676056338028,0.0656504880331595,48
25611,1930,3,12,108.92,0.2112676056338028,0.0658510496055622,48
25614,1993,6,12,64.7,0.2112676056338028,0.0658510496055622,79
25616,1933,3,12,68.84,0.2112676056338028,0.0658510496055622,48
25620,1930,3,12,91.82,0.2112676056338028,0.0657841957480946,48
25624,1964,6,12,102.65,0.2112676056338028,0.2676159914427062,48
25626,1988,6,12,87.72,0.6901408450704225,0.0970718010429201,79
25631,2020,3,12,,0.2112676056338028,0.0657841957480946,48
25633,2021,3,12,65.94,0.2112676056338028,0.0657841957480946,48
25636,2020,3,12,34.7,0.2112676056338028,0.0657841957480946,48
25640,2003,3,12,181.53,0.1126760563380281,0.0695280117662789,71
25643,2003,3,12,141.91,0.1126760563380281,0.0712662120604358,48
25649,2024,3,12,300.72,0.1126760563380281,0.0697285733386816,48
25652,2002,3,12,195.3,0.2535211267605634,0.0776173285198555,79
25653,1996,3,12,94.39,0.0422535211267605,0.5395774836208048,79
25667,1998,6,12,422.83,0.2394366197183098,0.1702767749699157,48
25680,1960,3,12,120.99,0.0422535211267605,0.0812274368231047,71
25685,1936,3,12,75.97,0.2957746478873239,0.0919240540179168,48
25690,2007,3,12,115.86,0.5492957746478874,0.0665864420377055,79
25694,1972,3,12,73.44,0.8028169014084507,0.0681909346169273,71
25696,1936,3,12,95.74,0.8028169014084507,0.0680572269019922,48
25700,1993,3,12,61.98,0.8028169014084507,0.0716673352052413,48
25707,1957,3,12,29.69,0.5352112676056338,0.3510496055622409,71
25717,2022,3,12,222.59,0.8028169014084507,0.2585238668271159,48
25720,1962,6,12,110.54,0.0,0.105762802513705,79
25727,1963,6,12,183.99,0.0,0.1058965102286401,79
25740,1936,3,12,84.76,0.2957746478873239,0.0679235191870571,71
25744,2022,3,12,,0.2957746478873239,0.0681240807594598,48
25748,1949,3,12,72.85,0.5070422535211268,0.0560235325578285,71
25753,1900,3,12,237.57,0.2957746478873239,0.0673886883273164,71
25756,1978,3,12,215.3,0.056338028169014,0.5399786067656103,71
25758,1940,3,12,334.75,0.2957746478873239,0.0671212728974461,71
25763,1916,3,12,71.64,0.2957746478873239,0.0675892498997192,48
25766,1916,3,12,38.81,0.5633802816901409,0.5017382002941569,79
25773,2020,3,12,298.37,0.0,0.1958818023799973,48
25775,2024,3,12,239.13,0.2957746478873239,0.067455542184784,48
25776,1975,3,12,17.71,0.2676056338028169,0.0935954004546062,71
25778,1900,3,12,84.67,0.2676056338028169,0.0945313544591522,48
25789,1967,6,12,,0.5070422535211268,0.1059633640861077,48
25800,1977,6,12,98.5,0.8028169014084507,0.0668538574675758,79
25810,2021,3,12,86.58,0.5070422535211268,0.1058965102286401,48
25812,2021,3,12,82.24,0.5070422535211268,0.1058965102286401,48
25815,1993,3,12,132.95,0.2676056338028169,0.0687257654766679,48
25818,2016,3,12,77.99,0.2676056338028169,0.4574140927931541,79
25825,1962,3,12,,0.2676056338028169,0.0663858804653028,79
25828,2005,3,12,286.8,0.2676056338028169,0.0667201497526407,48
25834,1963,3,12,65.91,0.5211267605633803,0.0320229977269688,71
25840,1980,3,12,116.17,0.2676056338028169,0.1673352052413424,79
25846,1936,3,12,77.65,0.2676056338028169,0.0657841957480946,48
25860,2022,3,12,,0.8309859154929577,0.0536167936889958,48
25865,1950,3,12,62.55,0.7605633802816901,0.0544858938360743,48
25872,1957,3,12,85.28,0.7746478873239436,0.0521460088247091,79
25875,2023,3,12,42.98,0.7746478873239436,0.0533493782591255,48
25876,1950,6,12,73.25,0.8028169014084507,0.0569594865623746,48
25878,2022,3,12,59.25,0.8169014084507042,0.0724027276373846,48
25882,1945,3,12,59.45,0.8450704225352113,0.1022864019253911,48
25888,2024,3,12,,0.5915492957746479,0.0348977135980746,48
25892,1993,3,12,665.98,0.0845070422535211,0.2710923920310201,48
25896,1942,3,12,165.84,0.8873239436619719,0.0589651022864019,79
25906,2003,3,12,915.05,0.2676056338028169,0.0737398047867361,71
25912,2009,9,12,1090.8,0.2816901408450704,0.1835806926059633,79
25916,2020,3,12,,0.7605633802816901,0.1367829923786602,48
25920,2021,3,12,,0.2816901408450704,0.111913357400722,48
25923,1970,3,12,122.0,0.9859154929577464,0.0946650621740874,71
25925,2021,6,12,57.85,0.9859154929577464,0.0945313544591522,48
25928,2005,3,12,55.16,0.9859154929577464,0.0939965235994116,48
25933,1965,3,12,66.22,0.2253521126760563,0.0569594865623746,79
25939,2016,3,12,52.84,0.4788732394366197,0.0653162187458216,48
25947,2009,3,12,299.78,0.9859154929577464,0.0935285465971386,48
25949,2004,3,12,148.18,0.9859154929577464,0.0660516111779649,71
25952,1961,3,12,,0.9859154929577464,0.0661184650354325,79
25961,1962,3,12,9.5,0.9859154929577464,0.0661853188929001,71
25970,1937,3,12,92.12,0.4788732394366197,0.0657841957480946,79
25976,1960,3,12,143.12,0.7323943661971831,0.0657841957480946,71
25983,1955,3,12,78.1,0.9859154929577464,0.0655167803182243,71
25989,1995,3,12,64.64,0.9859154929577464,0.0662521727503677,79
25997,1960,3,12,99.98,0.2253521126760563,0.0654499264607567,71
26001,1970,3,12,114.75,0.4788732394366197,0.0937291081695413,71
26007,2005,3,12,85.95,0.4788732394366197,0.0945313544591522,48
26012,1984,3,12,49.03,0.5352112676056338,0.4824174354860275,71
26014,1950,3,12,45.97,0.676056338028169,0.3993849445112983,71
26016,1989,3,12,129.19,0.7323943661971831,0.0678566653295895,71
26023,1953,3,12,59.84,0.9859154929577464,0.0659179034630298,71
26025,1953,3,12,70.4,0.9859154929577464,0.0660516111779649,71
26027,1976,3,12,88.83,0.9859154929577464,0.0661853188929001,71
26040,1958,3,12,49.29,0.4788732394366197,0.0661853188929001,71
26071,1980,3,12,2151.37,0.2253521126760563,0.0,48
26073,2004,3,12,133.89,0.4788732394366197,0.0657841957480946,71
26086,1930,3,12,95.17,0.4788732394366197,0.0660516111779649,48
26088,1930,3,12,96.26,0.4788732394366197,0.0659847573204973,48
26091,1930,3,12,102.21,0.4788732394366197,0.0657841957480946,71
26095,1956,3,12,,0.4788732394366197,0.0654499264607567,79
26099,1930,3,12,71.14,0.7323943661971831,0.0644471185987431,48
26133,1988,3,12,324.76,0.7464788732394366,0.0609038641529616,71
26141,1994,3,12,42.74,0.7746478873239436,0.0,79
26145,1959,3,12,,0.2816901408450704,0.0,79
26149,1956,3,12,61.12,0.028169014084507,0.0183848108035833,79
26151,1960,3,12,102.08,0.7746478873239436,0.0,79
26154,1979,3,12,,0.7746478873239436,0.3321299638989169,79
26157,1978,3,12,,0.028169014084507,0.0221286268217676,48
26158,1976,3,12,44.32,0.028169014084507,0.0270089584169006,71
26161,1964,3,12,,0.9859154929577464,0.0343628827383339,71
26165,1979,3,12,,0.5492957746478874,0.0143735793555288,71
26170,2012,3,12,43.6,0.5211267605633803,0.0227971653964433,48
26172,1971,3,12,58.97,0.7746478873239436,0.1111779649685786,79
26181,2012,3,12,,0.8732394366197183,0.2187458216339082,79
26185,1949,3,12,40.91,0.8873239436619719,0.4747960957347238,48
26188,1975,3,12,33.41,0.3943661971830985,0.7531755582297097,48
26196,1963,3,12,48.92,0.971830985915493,0.0789544056692071,79
26198,1968,3,12,125.31,0.971830985915493,0.0790212595266746,71
26201,1972,3,12,130.26,0.971830985915493,0.0787538440968043,79
26213,1967,3,12,24.6,0.2112676056338028,0.5293488434282658,71
26215,1965,3,12,107.98,0.2112676056338028,0.2752373311940099,71
26220,2009,3,12,178.25,0.2112676056338028,0.0667870036101083,48
26222,1966,3,12,84.92,0.2112676056338028,0.0665864420377055,71
26225,1960,3,12,99.1,0.4788732394366197,0.1959486562374648,71
26228,1965,3,12,95.86,0.4788732394366197,0.1970183179569461,48
26234,1967,3,12,87.17,0.7183098591549296,0.0799572135312207,48
26238,1970,6,12,113.33,0.7183098591549296,0.0792218210990774,48
26254,1978,3,12,102.52,0.971830985915493,0.0662521727503677,71
26258,2008,3,12,179.45,0.2112676056338028,0.0673886883273164,48
26260,1978,3,12,88.84,0.2112676056338028,0.0672549806123813,71
26262,1972,3,12,83.62,0.2112676056338028,0.0671881267549137,79
26269,1974,3,12,78.31,0.4647887323943662,0.0790212595266746,71
26271,1960,3,12,100.29,0.4647887323943662,0.0786201363818692,71
26279,2019,3,12,74.29,0.4647887323943662,0.0786869902393368,48
26291,1956,3,12,37.09,0.2112676056338028,0.0657841957480946,71
26306,1965,3,12,305.94,0.2112676056338028,0.0,71
26311,2003,3,12,170.42,0.4788732394366197,0.0661184650354325,48
26313,1970,6,12,92.32,0.4647887323943662,0.0661184650354325,79
26317,1980,3,12,1715.3,0.7183098591549296,0.0806257521058965,48
26319,1960,3,12,70.22,0.971830985915493,0.0672549806123813,71
26325,2020,3,12,62.58,0.971830985915493,0.0669207113250434,48
26331,2005,3,12,762.51,0.2112676056338028,0.0678566653295895,48
26333,2011,3,12,429.1,0.4647887323943662,0.0672549806123813,48
26349,1900,3,12,13.32,0.971830985915493,0.1004144939162989,79
26354,1999,6,12,83.16,0.971830985915493,0.101818424923118,48
26357,1900,3,12,,0.971830985915493,0.1020858403529883,79
26361,1975,3,12,126.46,0.971830985915493,0.0998796630565583,71
26365,1900,3,12,61.34,0.971830985915493,0.1010161786335071,79
26370,1900,6,12,25.29,0.971830985915493,0.1024201096403262,71
26373,1982,3,12,102.61,0.028169014084507,0.2412087177430137,71
26375,1932,3,12,107.86,0.028169014084507,0.2870704639657708,79
26378,1930,3,12,94.38,0.028169014084507,0.0661184650354325,79
26381,2006,3,12,,0.028169014084507,0.0661853188929001,79
26384,1965,3,12,141.52,0.028169014084507,0.0662521727503677,48
26389,2019,3,12,57.43,0.2112676056338028,0.067455542184784,48
26394,1930,3,12,,0.2112676056338028,0.0677898114721219,79
26395,1960,3,12,501.22,0.4647887323943662,0.0681909346169273,71
26399,1993,9,12,1481.97,0.4647887323943662,0.0802914828185586,48
26402,1965,3,12,27.29,0.4647887323943662,0.0649819494584837,79
26404,1950,3,12,110.37,0.4647887323943662,0.0650488033159513,79
26408,1962,6,12,85.73,0.4647887323943662,0.065249364888354,48
26414,2005,6,12,325.46,0.4647887323943662,0.0651156571734189,48
26417,2003,12,12,739.28,0.704225352112676,0.0706645273432277,48
26419,2003,3,12,277.87,0.2112676056338028,0.0809600213932343,71
26425,2023,9,12,805.07,0.9859154929577464,0.1011498863484423,79
26427,2013,6,12,508.84,0.4647887323943662,0.0687257654766679,48
26429,1900,3,12,263.39,0.028169014084507,0.1782992378660248,79
26431,1948,6,12,98.0,0.7183098591549296,0.0744751972188795,79
26435,1960,3,12,116.26,0.971830985915493,0.0673218344698489,71
26439,1969,3,12,106.06,0.2112676056338028,0.0663858804653028,71
26441,1930,3,12,178.89,0.2112676056338028,0.0665864420377055,71
26443,2003,3,12,169.09,0.2112676056338028,0.0668538574675758,48
26450,2005,6,12,403.06,0.2112676056338028,0.0671212728974461,48
26455,1999,3,12,,0.971830985915493,0.0673218344698489,48
26457,1966,3,12,111.54,0.7323943661971831,0.697352587244284,71
26458,1978,3,12,101.85,0.971830985915493,0.0672549806123813,71
26469,1958,3,12,90.37,0.4647887323943662,0.066519588180238,71
26475,1962,3,12,45.39,0.9154929577464788,0.1414627624013905,48
26482,1935,6,12,154.3,0.9577464788732394,0.0927263003075277,71
26486,1930,6,12,244.11,0.9577464788732394,0.0928600080224628,71
26494,1905,6,12,153.43,0.5352112676056338,0.0662521727503677,79
26498,1915,3,12,,0.5352112676056338,0.0662521727503677,79
26503,1920,3,12,,0.5352112676056338,0.0663858804653028,79
26508,1922,3,12,59.28,0.5352112676056338,0.0663858804653028,48
26510,1920,3,12,,0.5352112676056338,0.0664527343227704,71
26514,1910,3,12,87.42,0.5352112676056338,0.156036903329322,48
26522,2003,3,12,525.93,0.9154929577464788,0.1022864019253911,71
26526,1970,3,12,142.62,0.9577464788732394,0.0930605695948656,71
26528,1988,3,12,252.09,0.9859154929577464,0.0649150956010161,71
26530,1998,6,12,163.52,0.9859154929577464,0.064781387886081,48
26533,1968,3,12,735.12,0.2112676056338028,0.0645808263136783,48
26538,1998,6,12,1095.51,0.4507042253521127,0.0929268618799304,48
26541,1998,3,12,72.11,0.7183098591549296,0.0658510496055622,48
26543,1958,3,12,103.08,0.7183098591549296,0.0658510496055622,48
26549,2023,3,12,89.58,0.7183098591549296,0.0656504880331595,48
26553,1995,12,12,50.1,0.7183098591549296,0.0655167803182243,48
26556,1965,3,12,105.83,0.7183098591549296,0.0650488033159513,79
26557,1988,3,12,253.62,0.7183098591549296,0.0644471185987431,71
26560,1979,3,12,104.98,0.4507042253521127,0.2482283727771092,79
26564,2012,12,12,240.32,0.2112676056338028,0.065249364888354,79
26573,2005,3,12,163.04,0.4788732394366197,0.064781387886081,48
26580,1994,15,12,651.44,0.971830985915493,0.4056692071132504,48
26586,1930,3,12,114.7,0.352112676056338,0.066519588180238,71
26590,1970,3,12,80.0,0.6197183098591549,0.065717341890627,71
26593,1930,3,12,,0.6197183098591549,0.0657841957480946,79
26595,1930,3,12,,0.6197183098591549,0.0658510496055622,71
26600,1992,9,12,,0.6197183098591549,0.0658510496055622,79
26602,1994,15,12,508.36,0.6197183098591549,0.0767482283727771,48
26605,1981,3,12,203.47,0.9859154929577464,0.0664527343227704,71
26609,1993,18,12,1832.85,0.6056338028169014,0.6681374515309533,48
26620,2003,3,12,1238.1,0.7464788732394366,0.1083701029549405,48
26621,1950,3,12,31.79,0.2112676056338028,0.0893836074341489,71
26629,1934,3,12,80.13,0.2112676056338028,0.0930605695948656,79
26630,1934,3,12,84.9,0.2112676056338028,0.092993715737398,48
26635,1970,3,12,,0.2112676056338028,0.0928600080224628,79
26639,2018,6,12,46.28,0.2112676056338028,0.0911886615857734,79
26641,1922,3,12,70.84,0.2112676056338028,0.0904532691536301,79
26643,1932,6,12,87.7,0.2112676056338028,0.0897847305789543,79
26646,1934,3,12,,0.2112676056338028,0.0891830458617462,79
26655,1930,3,12,58.65,0.7183098591549296,0.066519588180238,48
26663,2005,6,12,552.29,0.2112676056338028,0.0931942773098007,48
26665,2019,6,12,49.31,0.2112676056338028,0.0928600080224628,79
26667,2019,3,12,92.86,0.2112676056338028,0.0927931541649953,48
26670,2020,3,12,44.42,0.2112676056338028,0.0667201497526407,79
26677,2021,9,12,51.91,0.2112676056338028,0.0663858804653028,79
26679,1932,3,12,,0.2112676056338028,0.0661184650354325,71
26681,1932,6,12,,0.2112676056338028,0.0659179034630298,79
26688,2020,6,12,469.8,0.7183098591549296,0.1790346302981681,79
26691,2020,6,12,386.53,0.2112676056338028,0.0789544056692071,48
26699,2012,6,12,798.43,0.7183098591549296,0.1692739671079021,48
26705,2021,9,12,76.9,0.4647887323943662,0.1130498729776708,48
26710,2018,3,12,71.54,0.9154929577464788,0.066519588180238,48
26723,1989,3,12,137.46,0.352112676056338,0.1958149485225297,79
26725,1920,3,12,78.78,0.3380281690140845,0.1327049070731381,48
26734,2020,3,12,77.99,0.6619718309859155,0.0675223960422516,48
26737,2024,3,12,,0.6619718309859155,0.0672549806123813,48
26739,1920,3,12,153.44,0.6619718309859155,0.0671881267549137,79
26741,2019,3,12,73.87,0.6619718309859155,0.0670544190399786,48
26746,1945,3,12,144.12,0.1549295774647887,0.3329322101885278,48
26749,1945,6,12,146.71,0.352112676056338,0.2811204706511565,48
26752,1981,3,12,286.59,0.1549295774647887,0.066519588180238,48
26754,1950,9,12,250.2,0.1549295774647887,0.0669207113250434,79
26757,1956,3,12,,0.1549295774647887,0.0677229576146543,71
26762,1923,3,12,120.66,0.352112676056338,0.1177296430004011,48
26764,1920,6,12,17.6,0.352112676056338,0.1192004278646877,79
26771,1975,3,12,355.8,0.4788732394366197,0.1298970450594999,79
26779,1961,9,12,21.93,0.7605633802816901,0.0954673084636983,79
26785,1996,6,12,618.92,0.9295774647887324,0.1631234122208851,48
26789,1958,3,12,28.82,0.1408450704225352,0.4572135312207514,71
26791,1970,3,12,397.4,0.8309859154929577,0.0556892632704907,71
26794,2003,3,12,355.01,0.1549295774647887,0.0661853188929001,71
26796,1928,3,12,119.1,0.8028169014084507,0.4285332263671613,79
26808,1968,3,12,121.46,0.4084507042253521,0.0668538574675758,79
26810,1934,3,12,88.24,0.4084507042253521,0.0667201497526407,48
26812,1930,3,12,103.69,0.4084507042253521,0.0666532958951731,79
26816,1920,3,12,64.93,0.4084507042253521,0.0661853188929001,48
26824,1960,3,12,187.54,0.8028169014084507,0.1285599679101484,71
26830,2010,3,12,393.13,0.8028169014084507,0.1069661719481214,48
26834,1998,3,12,447.45,0.1408450704225352,0.1684048669608236,71
26845,1945,3,12,1254.7,0.1408450704225352,0.5843695681240807,71
26856,1930,6,12,,0.028169014084507,0.1992244952533761,79
26862,1978,3,12,59.21,0.5070422535211268,0.0617061104425725,71
26870,1989,9,12,381.1,0.8028169014084507,0.0685920577617328,48
26872,1989,6,12,437.41,0.8028169014084507,0.0680572269019922,71
26877,2009,3,12,497.11,0.2676056338028169,0.1119802112581895,79
26886,1965,3,12,130.64,0.0140845070422535,0.0664527343227704,48
26888,1960,3,12,,0.0140845070422535,0.0663858804653028,71
26891,1967,3,12,410.97,0.5352112676056338,0.1992244952533761,71
26895,1932,3,12,39.48,0.5352112676056338,0.1988233721085706,48
26901,2004,3,12,257.07,0.5352112676056338,0.2101885278780585,71
26904,2018,3,12,,0.7746478873239436,0.0672549806123813,79
26909,1935,3,12,82.09,0.7746478873239436,0.067455542184784,79
26916,1955,3,12,31.14,0.0140845070422535,0.0665864420377055,71
26920,1956,3,12,,0.1408450704225352,0.1772964300040112,79
26925,1986,3,12,,0.2676056338028169,0.0954004546062307,79
26929,1955,3,12,90.33,0.5211267605633803,0.0658510496055622,79
26931,1955,3,12,156.96,0.5211267605633803,0.0659179034630298,48
26939,2012,3,12,87.74,0.7746478873239436,0.0666532958951731,79
26944,2005,3,12,49.04,0.7746478873239436,0.0664527343227704,48
26950,2021,6,12,28.53,0.7746478873239436,0.0677898114721219,48
26957,1949,3,12,241.2,0.2676056338028169,0.093461692739671,71
26960,1949,3,12,81.53,0.5211267605633803,0.065717341890627,48
26977,1948,3,12,148.26,0.2253521126760563,0.065717341890627,48
26989,1930,3,12,15.2,0.9859154929577464,0.4676427329856932,48
26991,1930,3,12,90.11,0.4929577464788732,0.7373311940098943,48
26996,1910,3,12,,0.4929577464788732,0.0685920577617328,79
26998,1930,3,12,113.09,0.4929577464788732,0.0664527343227704,71
27000,1930,6,12,88.59,0.4929577464788732,0.0665864420377055,48
27002,1930,3,12,40.26,0.4929577464788732,0.0667201497526407,48
27004,1930,3,12,119.32,0.4929577464788732,0.0669207113250434,71
27005,1930,3,12,24.21,0.4929577464788732,0.0671212728974461,71
27007,1930,3,12,31.16,0.4929577464788732,0.0672549806123813,48
27012,1930,3,12,,0.9859154929577464,0.0682577884743949,71
27016,1988,3,12,138.96,0.9859154929577464,0.0713330659179034,48
27024,1963,3,12,153.21,0.9859154929577464,0.0914560770156437,71
27037,1963,3,12,,0.2253521126760563,0.0660516111779649,79
27043,1960,3,12,59.23,0.4788732394366197,0.0662521727503677,48
27050,1962,3,12,217.13,0.7323943661971831,0.0570931942773097,48
27055,1942,3,12,82.19,0.9859154929577464,0.0672549806123813,79
27059,1955,3,12,52.89,0.2253521126760563,0.067455542184784,48
27065,1944,3,12,76.54,0.7323943661971831,0.0654499264607567,79
27073,1950,3,12,,0.7323943661971831,0.0655167803182243,79
27076,2011,6,12,266.65,0.4788732394366197,0.0915229308731113,48
27078,1950,3,12,207.98,0.9859154929577464,0.0673218344698489,48
27091,1963,3,12,98.29,0.4788732394366197,0.0646476801711458,71
27095,1930,3,12,96.08,0.5774647887323944,0.1855863083299906,71
27098,2009,3,12,521.33,0.9859154929577464,0.0636448723091322,48
27100,1984,3,12,195.66,0.9859154929577464,0.0619735258724428,71
27101,1930,3,12,286.73,0.9859154929577464,0.0623077951597807,71
27103,1969,3,12,97.33,0.9859154929577464,0.0625083567321834,71
27105,1958,3,12,105.43,0.9859154929577464,0.0627089183045861,71
27106,1986,3,12,141.99,0.9859154929577464,0.0628426260195213,71
27110,1953,3,12,91.5,0.2253521126760563,0.0668538574675758,71
27114,1954,3,12,122.46,0.2253521126760563,0.0666532958951731,71
27127,1959,3,12,111.09,0.4788732394366197,0.0673218344698489,71
27131,1960,3,12,84.52,0.4788732394366197,0.0671881267549137,71
27137,1959,3,12,110.34,0.9859154929577464,0.0658510496055622,48
27139,1952,6,12,122.0,0.9859154929577464,0.0658510496055622,79
27142,1932,3,12,87.61,0.9859154929577464,0.065717341890627,48
27144,1948,3,12,74.43,0.9859154929577464,0.065717341890627,48
27147,1931,3,12,,0.9859154929577464,0.0656504880331595,48
27149,1942,3,12,100.76,0.9859154929577464,0.0655836341756919,48
27153,1952,3,12,178.99,0.9859154929577464,0.0654499264607567,48
27158,1951,3,12,81.3,0.4788732394366197,0.0636448723091322,48
27160,1960,3,12,129.42,0.4788732394366197,0.063511164594197,71
27169,1966,3,12,99.78,0.7323943661971831,0.0658510496055622,71
27171,1949,3,12,128.97,0.7323943661971831,0.0658510496055622,48
27201,1968,3,12,451.31,0.7323943661971831,0.0726701430672549,71
27203,1960,6,12,118.41,0.7323943661971831,0.0724695814948522,79
27205,1955,6,12,154.44,0.7323943661971831,0.0723358737799171,48
27215,1988,3,12,48.67,0.8591549295774648,0.2113918973124749,71
27220,1964,3,12,107.57,0.9859154929577464,0.0905869768685653,71
27225,1964,3,12,,0.9859154929577464,0.0911886615857734,71
27227,1965,3,12,22.08,0.2253521126760563,0.0814279983955074,79
27236,1966,3,12,,0.7323943661971831,0.109707180104292,79
27242,1976,3,12,,0.9859154929577464,0.079756651958818,71
27244,1974,3,12,116.32,0.9859154929577464,0.079756651958818,71
27246,1976,3,12,66.99,0.9859154929577464,0.0796897981013504,71
27251,1973,3,12,121.55,1.0,0.0796897981013504,48
27253,1976,3,12,143.46,0.9859154929577464,0.0796229442438828,79
27257,1976,3,12,,0.9859154929577464,0.0795560903864153,79
27262,1962,3,12,92.54,0.2253521126760563,0.0806257521058965,48
27268,1969,3,12,64.64,0.2253521126760563,0.0811605829656371,48
27271,1966,3,12,47.63,0.2253521126760563,0.0815617061104425,48
27273,1965,3,12,51.36,0.3661971830985915,0.1902660783527209,71
27277,1971,3,12,131.18,0.4788732394366197,0.0909212461559031,48
27283,1976,3,12,47.39,0.7323943661971831,0.1044257253643535,71
27285,1965,3,12,348.02,0.7323943661971831,0.1041583099344832,71
27287,1972,3,12,105.34,0.7323943661971831,0.1038908945046129,48
27291,1976,3,12,146.12,0.7323943661971831,0.0817622676828453,71
27294,1968,3,12,108.69,0.7323943661971831,0.0812274368231047,79
27296,1972,3,12,85.68,0.9859154929577464,0.0522797165396443,71
27303,1972,3,12,90.64,0.9859154929577464,0.0536167936889958,71
27305,1961,6,12,86.82,0.9859154929577464,0.0538173552613985,48
27318,2023,3,12,59.84,0.4788732394366197,0.079756651958818,48
27320,1971,9,12,83.99,0.7323943661971831,0.0818291215403128,79
27322,1967,3,12,83.48,0.7323943661971831,0.0816285599679101,71
27324,1994,3,12,164.35,0.9859154929577464,0.0528145473993849,48
27328,1991,3,12,426.93,0.8450704225352113,0.1756250835673218,71
27330,2017,3,12,54.38,0.2253521126760563,0.0798235058162855,48
27332,1962,3,12,68.67,0.2253521126760563,0.079756651958818,79
27335,1962,3,12,88.15,0.4788732394366197,0.0534830859740607,71
27341,1971,3,12,75.11,0.4788732394366197,0.0526808396844497,79
27357,2000,3,12,,0.7605633802816901,0.4029281989570798,79
27364,1975,3,12,2656.6,0.5070422535211268,0.1173285198555956,79
27365,1975,6,12,1960.85,0.4507042253521127,0.4431742211525605,71
27369,1950,3,12,50.96,1.0,0.0673218344698489,48
27370,1945,3,12,148.08,1.0,0.0672549806123813,71
27374,1955,3,12,80.17,0.380281690140845,0.1062976333734456,48
27385,1955,3,12,76.0,0.7323943661971831,0.0663190266078352,79
27387,1955,3,12,93.93,0.7323943661971831,0.0663858804653028,79
27391,1950,6,12,67.29,1.0,0.0675223960422516,79
27395,1950,6,12,18.36,0.4788732394366197,0.0679903730445246,48
27402,1950,3,12,,0.4929577464788732,0.0675892498997192,79
27407,1965,3,12,140.06,0.4929577464788732,0.0673218344698489,48
27411,1960,6,12,122.25,0.4929577464788732,0.0671881267549137,79
27420,2003,3,12,100.91,0.4929577464788732,0.0675892498997192,71
27421,1955,3,12,24.88,0.4929577464788732,0.0677898114721219,71
27425,1985,3,12,184.77,0.971830985915493,0.0530819628292552,48
27432,1981,9,12,239.57,0.4788732394366197,0.1975531488166867,79
27434,1983,3,12,265.47,0.4647887323943662,0.1960155100949324,48
27436,1977,6,12,148.14,0.7323943661971831,0.0665864420377055,48
27458,1988,6,12,59.35,0.2253521126760563,0.0653830726032892,79
27485,1978,3,12,142.99,0.971830985915493,0.0645808263136783,71
27488,1925,3,12,,0.971830985915493,0.0643802647412755,71
27491,1970,3,12,97.26,0.971830985915493,0.0638454338815349,48
27494,2004,3,12,188.36,0.2112676056338028,0.0657841957480946,71
27499,1956,3,12,45.48,0.4647887323943662,0.0476668003743816,71
27502,1979,3,12,106.99,0.4647887323943662,0.0467977002273031,71
27506,1957,3,12,,0.4647887323943662,0.0459286000802246,71
27512,1993,3,12,57.07,0.7183098591549296,0.0671212728974461,71
27523,1955,3,12,29.89,0.2112676056338028,0.104492579221821,79
27527,1950,3,12,,0.2112676056338028,0.0666532958951731,79
27529,1960,6,12,,0.2112676056338028,0.0665864420377055,79
27532,1965,3,12,106.17,0.2112676056338028,0.066519588180238,71
27540,1958,3,12,,0.4647887323943662,0.0653162187458216,71
27543,2019,3,12,67.27,0.4647887323943662,0.065249364888354,48
27545,1970,3,12,87.49,0.4647887323943662,0.0651825110308864,71
27552,1969,3,12,13.73,0.7183098591549296,0.0670544190399786,79
27561,2011,6,12,407.48,0.971830985915493,0.0663858804653028,48
27563,2008,3,12,189.82,0.971830985915493,0.0660516111779649,48
27571,1963,3,12,58.65,0.2112676056338028,0.066987565182511,71
27572,1964,3,12,59.16,0.4647887323943662,0.0637785800240673,71
27573,1965,3,12,61.98,0.4647887323943662,0.0639122877390025,71
27574,1965,3,12,80.13,0.4647887323943662,0.0639791415964701,71
27577,1973,3,12,112.56,0.4647887323943662,0.0642465570263404,71
27585,2006,3,12,,0.4647887323943662,0.0649150956010161,48
27587,1992,3,12,114.87,0.4647887323943662,0.0649819494584837,48
27592,1900,3,12,61.39,0.7183098591549296,0.0657841957480946,79
27594,1970,3,12,119.67,0.7183098591549296,0.0657841957480946,71
27599,1930,3,12,,0.7183098591549296,0.0659847573204973,79
27605,1977,6,12,114.05,0.7183098591549296,0.0659179034630298,48
27607,1976,3,12,711.79,0.7183098591549296,0.0680572269019922,79
27612,2023,3,12,74.48,0.971830985915493,0.0663190266078352,48
27617,2009,3,12,159.01,0.2112676056338028,0.0679235191870571,48
27619,1980,3,12,109.31,0.2112676056338028,0.0680572269019922,71
27622,1958,3,12,87.53,0.2112676056338028,0.0680572269019922,79
27628,1950,3,12,97.99,0.4788732394366197,0.0661853188929001,48
27634,1935,6,12,26.22,0.7183098591549296,0.0679235191870571,79
27637,2011,3,12,307.98,0.7183098591549296,0.0678566653295895,48
27641,1950,3,12,103.26,0.971830985915493,0.0663190266078352,71
27644,1960,3,12,69.04,0.971830985915493,0.0661853188929001,71
27650,1958,3,12,72.8,0.2112676056338028,0.0680572269019922,48
27654,1975,3,12,172.24,0.2112676056338028,0.0673886883273164,71
27661,1990,3,12,75.3,0.7183098591549296,0.0668538574675758,48
27669,1950,3,12,70.62,0.028169014084507,0.0663858804653028,71
27672,1950,3,12,,0.028169014084507,0.0662521727503677,71
27676,1953,3,12,,0.028169014084507,0.0663190266078352,71
27678,1983,6,12,79.52,0.028169014084507,0.0662521727503677,48
27680,1050,3,12,34.28,0.028169014084507,0.0661853188929001,71
27682,1935,3,12,56.95,0.028169014084507,0.0661853188929001,79
27685,1973,3,12,87.05,0.0140845070422535,0.0662521727503677,71
27688,2016,3,12,,0.028169014084507,0.0748763203636849,79
27692,1958,3,12,,0.028169014084507,0.2086508891563043,71
27695,1946,3,12,,0.2112676056338028,0.0666532958951731,48
27701,1968,3,12,455.92,0.7183098591549296,0.0680572269019922,71
27704,1963,3,12,52.48,0.7183098591549296,0.0675892498997192,71
27707,1999,3,12,140.25,0.7183098591549296,0.0686589116192004,48
27709,2005,3,12,319.62,0.2112676056338028,0.0664527343227704,48
27711,2010,6,12,564.87,0.7183098591549296,0.0671881267549137,48
27713,2010,6,12,186.03,0.7183098591549296,0.3071934750635111,48
27716,1984,3,12,99.51,0.9577464788732394,0.2101216740205909,71
27725,1939,3,12,64.41,0.2112676056338028,0.0923251771627222,48
27726,1929,3,12,157.37,0.2112676056338028,0.0923920310201898,71
27741,1929,6,12,31.21,0.5352112676056338,0.0659847573204973,79
27743,1905,6,12,20.11,0.5352112676056338,0.0659179034630298,48
27747,1974,3,12,118.19,0.5352112676056338,0.0658510496055622,71
27761,1914,6,12,15.59,0.7183098591549296,0.0659847573204973,79
27766,2016,3,12,66.87,0.7183098591549296,0.0657841957480946,48
27772,1987,3,12,59.9,0.7183098591549296,0.0656504880331595,71
27780,2010,3,12,165.41,0.9577464788732394,0.0943307928867495,48
27784,1997,3,12,128.02,0.2535211267605634,0.4971921379863618,48
27797,1890,3,12,47.82,0.2816901408450704,0.0528145473993849,71
27801,1895,3,12,59.13,0.2816901408450704,0.0527476935419173,79
27803,1890,3,12,79.59,0.2816901408450704,0.0527476935419173,71
27808,1883,3,12,,0.2816901408450704,0.0525471319695146,79
27810,1975,3,12,63.99,0.2816901408450704,0.0525471319695146,48
27811,1890,3,12,141.04,0.2816901408450704,0.052480278112047,71
27813,2017,9,12,67.21,0.2816901408450704,0.052480278112047,48
27816,1995,3,12,113.78,0.2957746478873239,0.0526139858269822,48
27818,1880,3,12,83.29,0.2816901408450704,0.0525471319695146,48
27820,1890,3,12,47.88,0.2816901408450704,0.052480278112047,48
27822,1883,6,12,104.07,0.2816901408450704,0.0525471319695146,48
27824,1883,3,12,72.96,0.2816901408450704,0.052480278112047,79
27826,1890,3,12,92.2,0.2816901408450704,0.0525471319695146,79
27833,1983,3,12,71.26,0.2816901408450704,0.0525471319695146,71
27837,1883,3,12,53.97,0.5352112676056338,0.0610375718678967,48
27849,1883,6,12,71.09,0.7887323943661971,0.0782858670945313,79
27854,2014,3,12,58.19,0.7887323943661971,0.0783527209519989,79
27858,1880,3,12,56.52,0.7887323943661971,0.078486428666934,48
27869,2019,3,12,1110.0,0.971830985915493,0.0679235191870571,48
27885,1940,3,12,,0.9859154929577464,0.0654499264607567,48
27891,1960,3,12,143.44,0.2112676056338028,0.1076347105227971,79
27898,2003,3,12,139.87,0.4647887323943662,0.0641128493114052,71
27902,2003,3,12,207.41,0.2112676056338028,0.1070998796630565,71
27908,2008,6,12,450.12,0.4647887323943662,0.0,48
27911,2008,9,12,1508.56,0.4647887323943662,0.065249364888354,48
27912,1960,3,12,46.07,0.4788732394366197,0.0653830726032892,71
27928,1986,3,12,139.56,0.0,0.1087043722422783,48
27933,1920,3,12,102.38,0.0,0.107501002807862,48
27936,1975,6,12,51.41,0.0,0.107501002807862,48
27938,1925,3,12,88.16,0.0,0.1074341489503944,48
27941,1924,3,12,73.44,0.0,0.1073672950929268,48
27955,1950,3,12,89.85,0.352112676056338,0.1328386147880732,48
27958,1920,3,12,,0.352112676056338,0.1327049070731381,48
27964,1936,3,12,,0.352112676056338,0.1750233988501136,79
27972,1939,3,12,77.39,0.352112676056338,0.1325043455007354,79
27977,2002,3,12,80.73,0.6619718309859155,0.1060970718010429,48
27982,1969,3,12,120.13,0.6619718309859155,0.1058965102286401,71
27984,1970,3,12,55.07,0.1549295774647887,0.2585238668271159,71
27986,1930,3,12,128.71,0.8591549295774648,0.1115122342559165,79
27989,1971,3,12,52.48,0.9295774647887324,0.0411151223425591,71
27992,2000,6,12,183.49,0.4225352112676056,0.0438561304987297,79
28001,2022,3,12,92.5,0.4225352112676056,0.0412488300574943,48
28004,2002,3,12,282.07,0.6619718309859155,0.106230779515978,48
28048,1993,3,12,462.56,0.7746478873239436,0.0826313678299237,71
28052,2000,3,12,,0.3943661971830985,0.6463430939965236,48
28056,1965,3,12,26.04,0.4084507042253521,0.17843294558096,71
28065,2022,9,12,,0.1267605633802817,0.4891028212327851,48
28066,1979,3,12,23.56,0.5211267605633803,0.0659847573204973,71
28071,1963,3,12,16.0,0.8732394366197183,0.1063644872309132,71
28079,2015,3,12,59.31,0.9859154929577464,0.0914560770156437,48
28085,1972,3,12,102.36,0.9859154929577464,0.0924588848776574,48
28087,1950,3,12,,0.9859154929577464,0.0926594464500601,71
28095,1955,3,12,75.19,0.2253521126760563,0.0663858804653028,71
28097,1955,3,12,77.36,0.2253521126760563,0.0663858804653028,71
28098,1950,3,12,45.83,0.2253521126760563,0.0663190266078352,79
28100,1975,3,12,85.04,0.2253521126760563,0.0663190266078352,71
28105,1950,3,12,,0.4788732394366197,0.0668538574675758,79
28107,1975,3,12,99.68,0.4788732394366197,0.0667870036101083,71
28110,1960,3,12,99.8,0.4788732394366197,0.0667201497526407,79
28116,1965,6,12,113.47,0.7605633802816901,0.0670544190399786,48
28119,1945,3,12,100.62,0.7605633802816901,0.0678566653295895,71
28128,1958,3,12,135.22,0.2253521126760563,0.0669207113250434,48
28130,1958,3,12,54.05,0.2253521126760563,0.0668538574675758,48
28133,1960,3,12,63.37,0.2253521126760563,0.0667870036101083,71
28135,1960,3,12,115.44,0.2253521126760563,0.0667201497526407,79
28137,1958,3,12,105.86,0.2253521126760563,0.0666532958951731,71
28146,1958,6,12,9.43,0.4788732394366197,0.0913892231581762,79
28157,2019,3,12,71.85,0.9859154929577464,0.0667201497526407,48
28160,1958,3,12,,0.9859154929577464,0.0667201497526407,79
28170,2020,3,12,,0.9859154929577464,0.0673218344698489,48
28173,1962,6,12,99.7,0.9859154929577464,0.0672549806123813,48
28175,1960,3,12,90.46,0.0985915492957746,0.1588447653429603,79
28182,1958,3,12,106.83,0.2394366197183098,0.0663858804653028,71
28185,1957,3,12,138.96,0.4788732394366197,0.0662521727503677,71
28187,1958,3,12,89.45,0.4788732394366197,0.0662521727503677,79
28193,1979,6,12,82.63,0.4929577464788732,0.0666532958951731,71
28203,1962,3,12,84.39,0.7323943661971831,0.0655836341756919,71
28213,1956,3,12,88.27,0.4788732394366197,0.0667870036101083,48
28217,1932,3,12,117.83,0.9859154929577464,0.0644471185987431,48
28221,1948,6,12,86.98,0.9859154929577464,0.0640459954539376,79
28223,1952,3,12,94.71,0.9859154929577464,0.0639122877390025,71
28227,1979,3,12,98.57,0.2253521126760563,0.0655167803182243,71
28233,2019,3,12,67.71,0.2253521126760563,0.0658510496055622,48
28235,1923,3,12,103.47,0.2253521126760563,0.0659179034630298,48
28240,1953,3,12,108.11,0.4788732394366197,0.066987565182511,79
28242,1958,3,12,117.97,0.4788732394366197,0.066987565182511,71
28244,2017,3,12,65.81,0.4788732394366197,0.0668538574675758,48
28263,1950,3,12,70.0,0.2253521126760563,0.0554887016980879,79
28285,1950,3,12,76.17,0.7323943661971831,0.0791549672416098,48
28298,2016,3,12,81.89,0.2253521126760563,0.0795560903864153,48
28300,1950,3,12,120.6,0.2253521126760563,0.0795560903864153,48
28308,1955,6,12,,0.2253521126760563,0.0793555288140125,71
28314,2009,3,12,195.89,0.2253521126760563,0.0794892365289477,48
28316,1952,9,12,109.41,0.2253521126760563,0.0793555288140125,79
28324,1930,3,12,197.74,0.3661971830985915,0.1581762267682845,71
28326,1930,3,12,49.69,0.4788732394366197,0.0673886883273164,71
28328,1930,3,12,73.6,0.4788732394366197,0.0671881267549137,48
28330,1930,3,12,61.6,0.4788732394366197,0.0670544190399786,48
28342,2007,3,12,159.86,0.6056338028169014,0.1690734055354993,48
28347,1994,3,12,315.62,0.9859154929577464,0.0796229442438828,48
28350,1960,3,12,93.05,0.2253521126760563,0.0813611445380398,71
28352,1965,3,12,82.48,0.2253521126760563,0.0813611445380398,48
28355,1959,3,12,,0.2253521126760563,0.0814279983955074,71
28365,1992,6,12,78.8,0.4788732394366197,0.166599812809199,48
28370,1963,3,12,67.88,0.9859154929577464,0.0927263003075277,79
28375,1969,3,12,138.76,0.9859154929577464,0.0919909078753844,71
28382,1965,3,12,95.04,0.2253521126760563,0.0803583366760262,79
28385,2020,3,12,,0.2253521126760563,0.0804251905334937,48
28395,1965,3,12,54.2,0.2253521126760563,0.080692605963364,48
28401,1969,3,12,,0.4788732394366197,0.0798903596737531,71
28404,1964,3,12,74.91,0.4788732394366197,0.0796897981013504,79
28406,1964,3,12,166.98,0.4788732394366197,0.0796897981013504,48
28408,1964,3,12,79.0,0.4788732394366197,0.0796229442438828,79
28414,1964,3,12,156.51,0.7323943661971831,0.0826982216873913,71
28416,1963,3,12,89.08,0.7323943661971831,0.0824976601149886,48
28418,1960,3,12,8.8,0.7323943661971831,0.0823639524000534,71
28424,1964,3,12,104.23,0.8732394366197183,0.1837144003208985,48
28428,1974,6,12,99.97,0.9859154929577464,0.0787538440968043,48
28433,1966,3,12,20.6,0.9859154929577464,0.0787538440968043,71
28437,1967,6,12,116.17,0.9859154929577464,0.0788206979542719,48
28444,1967,3,12,152.71,0.2253521126760563,0.3005749431742211,71
28454,1963,3,12,101.45,0.4788732394366197,0.0917903463029816,71
28460,1995,3,12,120.89,0.4788732394366197,0.092525738735125,71
28469,1965,3,12,,0.7323943661971831,0.0806257521058965,79
28475,2012,3,12,156.62,0.9859154929577464,0.0786201363818692,48
28481,1959,3,12,6.63,0.9859154929577464,0.0830324909747292,79
28484,1960,6,12,77.46,0.9859154929577464,0.0840352988367428,79
28486,1958,6,12,10.07,0.9859154929577464,0.0847706912688862,79
28498,1962,3,12,108.76,0.4788732394366197,0.0787538440968043,48
28505,1964,3,12,74.11,0.4788732394366197,0.0786201363818692,71
28508,1965,3,12,68.91,0.4788732394366197,0.0786201363818692,48
28516,1965,3,12,76.0,0.7323943661971831,0.0798235058162855,79
28520,1989,3,12,55.35,0.9859154929577464,0.0863083299906404,48
28523,1989,3,12,55.73,0.9859154929577464,0.0869100147078486,48
28527,1989,3,12,16.93,0.9859154929577464,0.3751838481080358,71
28531,1989,3,12,50.64,0.2253521126760563,0.0794223826714801,48
28541,1989,3,12,85.76,0.2253521126760563,0.0803583366760262,48
28547,2016,3,12,,0.0422535211267605,0.4619601551009492,48
28558,1978,3,12,,0.1830985915492957,0.1456745554218478,79
28560,1978,3,12,,0.7605633802816901,0.1423987164059366,71
28564,1995,3,12,,0.7464788732394366,0.0668538574675758,79
28570,1800,3,12,162.37,0.9577464788732394,0.2509025270758123,79
28573,2022,3,12,1153.36,0.2112676056338028,0.18505147747025,71
28578,2009,3,12,1435.39,0.2676056338028169,0.2672148682979007,48
28586,2001,6,12,1518.38,0.971830985915493,0.2042385345634443,48
28591,2005,3,12,,0.5492957746478874,0.9821500200561571,71
28603,2007,3,12,,0.8028169014084507,0.2996389891696751,36
28607,1970,3,12,108.35,0.971830985915493,0.0803583366760262,71
28608,1962,3,12,6128.26,0.4647887323943662,0.1993582029683112,71
28609,1970,3,12,10.5,0.7183098591549296,0.0662521727503677,71
28610,1970,3,12,111.98,0.7183098591549296,0.0654499264607567,71
28611,1936,3,12,689.64,0.971830985915493,0.0788206979542719,71
28620,1982,3,12,204.24,0.2112676056338028,0.0939965235994116,48
28632,1975,3,12,259.39,0.7183098591549296,0.065249364888354,71
28637,1968,3,12,130.4,0.7183098591549296,0.0655167803182243,71
28640,1963,3,12,,0.7183098591549296,0.0655836341756919,71
28645,2001,3,12,,0.971830985915493,0.0650488033159513,79
28649,1980,3,12,119.14,0.2112676056338028,0.0657841957480946,79
28650,1974,3,12,172.32,0.2112676056338028,0.0656504880331595,71
28653,1961,3,12,,0.2112676056338028,0.0653830726032892,71
28657,1953,3,12,75.3,0.7183098591549296,0.064781387886081,71
28669,1965,3,12,140.57,0.7323943661971831,0.0663190266078352,71
28673,2000,3,12,134.0,0.971830985915493,0.065249364888354,48
28679,1997,3,12,100.25,0.971830985915493,0.0673886883273164,79
28681,1996,6,12,129.41,0.9859154929577464,0.0670544190399786,48
28685,1983,3,12,91.59,0.2112676056338028,0.0946650621740874,71
28689,1985,3,12,122.51,0.2112676056338028,0.0950661853188929,48
28691,2001,6,12,117.99,0.2112676056338028,0.0952667468912956,48
28694,1982,3,12,137.66,0.4647887323943662,0.0653162187458216,71
28697,1985,3,12,5.44,0.4647887323943662,0.0655836341756919,79
28707,1983,3,12,128.96,0.7183098591549296,0.0665864420377055,71
28709,1983,3,12,129.51,0.7183098591549296,0.0666532958951731,71
28711,1978,9,12,127.6,0.7183098591549296,0.0667201497526407,48
28721,1982,3,12,165.39,0.4788732394366197,0.0673886883273164,71
28730,1984,3,12,121.33,0.704225352112676,0.0681240807594598,71
28733,2024,3,12,,0.971830985915493,0.0669207113250434,48
28738,2023,3,12,,0.971830985915493,0.0667201497526407,48
28744,1930,3,12,80.36,0.971830985915493,0.066519588180238,71
28748,1960,3,12,71.34,0.971830985915493,0.0663858804653028,71
28751,2023,3,12,137.17,0.2112676056338028,0.0915229308731113,79
28753,1983,3,12,239.83,0.2112676056338028,0.0909881000133707,71
28755,1953,3,12,,0.2112676056338028,0.0908543922984356,79
28759,1970,3,12,166.74,0.7183098591549296,0.0681240807594598,71
28766,1970,3,12,105.82,0.028169014084507,0.0659179034630298,71
28772,2020,3,12,56.92,0.2112676056338028,0.091255515443241,79
28776,1950,3,12,100.7,0.2112676056338028,0.0915897847305789,48
28778,2010,3,12,67.01,0.2112676056338028,0.0920577617328519,48
28782,1978,3,12,223.0,0.4647887323943662,0.0664527343227704,71
28787,1989,3,12,271.48,0.7183098591549296,0.0667870036101083,71
28789,1971,6,12,251.04,0.7183098591549296,0.066519588180238,71
28791,1975,3,12,105.66,0.7323943661971831,0.0665864420377055,79
28794,1984,3,12,51.66,0.7183098591549296,0.0663190266078352,71
28799,1958,3,12,195.66,0.2112676056338028,0.0917234924455141,71
28806,1930,3,12,4.62,0.4647887323943662,0.0677898114721219,79
28815,1985,3,12,61.61,0.4647887323943662,0.066519588180238,79
28817,1930,3,12,114.77,0.4647887323943662,0.0667201497526407,79
28819,1977,3,12,105.24,0.4507042253521127,0.0678566653295895,79
28824,2004,6,12,817.82,0.4647887323943662,0.0661184650354325,48
28830,1994,6,12,472.99,0.9859154929577464,0.063043187591924,71
28835,2018,3,12,109.94,0.971830985915493,0.0611044257253643,48
28842,1970,6,12,1197.76,0.4507042253521127,0.1415296162588581,48
28845,1940,3,12,52.9,0.4507042253521127,0.1425992779783393,79
28852,1981,12,12,2154.49,0.971830985915493,0.0647145340286134,48
28868,1979,3,12,428.76,0.4788732394366197,0.0607701564380264,48
28872,1971,3,12,296.42,0.4788732394366197,0.0633774568792619,71
28881,1920,9,12,1322.81,0.7183098591549296,0.0914560770156437,79
28884,1954,6,12,88.98,0.971830985915493,0.0684583500467976,79
28888,2000,3,12,74.0,0.971830985915493,0.0685252039042652,48
28891,1967,3,12,90.28,0.2253521126760563,0.066987565182511,48
28897,1970,3,12,95.78,0.2253521126760563,0.0677229576146543,71
28903,1985,3,12,73.99,0.4647887323943662,0.0801577751036234,48
28906,1988,3,12,744.4,0.4647887323943662,0.0798235058162855,79
28908,1985,3,12,74.43,0.4647887323943662,0.0800240673886883,71
28910,1936,6,12,153.32,0.0845070422535211,0.1601149886348442,79
28912,1985,3,12,72.61,0.4647887323943662,0.080224628961091,71
28916,2004,3,12,323.8,0.971830985915493,0.0684583500467976,71
28919,2007,3,12,165.32,0.971830985915493,0.0684583500467976,48
28923,2004,3,12,157.7,0.971830985915493,0.1069661719481214,71
28925,2016,3,12,79.98,0.971830985915493,0.1070998796630565,48
28932,1966,3,12,65.6,0.2253521126760563,0.0679235191870571,71
28934,1967,3,12,108.74,0.2253521126760563,0.0679903730445246,71
28936,1953,3,12,,0.2253521126760563,0.0680572269019922,71
28947,1932,3,12,,0.7183098591549296,0.1091054953870838,79
28949,2004,3,12,124.06,0.7183098591549296,0.1091723492445514,79
28954,2004,3,12,141.27,0.7183098591549296,0.1089049338146811,71
28965,1964,3,12,114.3,0.2112676056338028,0.0667201497526407,71
28972,2008,3,12,99.42,0.4647887323943662,0.1073672950929268,48
28974,1990,3,12,78.26,0.4647887323943662,0.1072335873779917,48
28977,1930,3,12,,0.4647887323943662,0.1070998796630565,79
28986,2003,3,12,417.66,0.704225352112676,0.108436956812408,71
28991,1951,3,12,194.08,0.943661971830986,0.0899184382938895,79
28997,1965,3,12,,0.1971830985915492,0.0663190266078352,79
29004,1935,3,12,223.62,0.4647887323943662,0.0657841957480946,71
29006,1933,6,12,105.35,0.4647887323943662,0.0658510496055622,79
29016,1923,3,12,87.6,0.8591549295774648,0.188193608771226,48
29020,2002,3,12,70.31,0.8591549295774648,0.1329054686455408,79
29024,1988,3,12,57.46,0.2112676056338028,0.0665864420377055,71
29026,1988,3,12,58.41,0.2112676056338028,0.066519588180238,71
29029,2019,6,12,265.87,0.1549295774647887,0.069661719481214,48
29037,1993,3,12,79.42,0.971830985915493,0.0662521727503677,71
29043,1966,9,12,127.27,0.971830985915493,0.0664527343227704,48
29046,1967,3,12,,0.971830985915493,0.066519588180238,71
29047,1969,3,12,72.08,0.1971830985915492,0.0659179034630298,71
29049,1965,3,12,111.31,0.1971830985915492,0.0658510496055622,71
29050,2001,3,12,43.63,0.1971830985915492,0.0657841957480946,71
29058,1966,3,12,96.92,0.7183098591549296,0.0663190266078352,71
29062,1967,3,12,,0.4507042253521127,0.0663858804653028,79
29066,2004,3,12,225.38,0.7183098591549296,0.0663190266078352,71
29069,2004,3,12,628.69,0.4647887323943662,0.0666532958951731,71
29077,1922,3,12,,0.4647887323943662,0.0663190266078352,48
29090,1969,3,12,,0.4647887323943662,0.0664527343227704,79
29092,1929,3,12,,0.4647887323943662,0.0664527343227704,71
29096,1933,3,12,84.67,0.4647887323943662,0.0663858804653028,71
29099,1931,3,12,65.95,0.4647887323943662,0.0661853188929001,48
29101,1960,3,12,2900.12,0.9014084507042254,0.1924054017916833,79
29106,2004,6,12,,0.1830985915492957,0.3161518919641663,79
29111,1963,3,12,,0.352112676056338,0.2146008824709185,48
29113,1980,3,12,31.07,0.5211267605633803,0.0795560903864153,79
29118,1989,3,12,56.56,0.5211267605633803,0.3642198154833533,48
29127,1988,3,12,59.77,0.7746478873239436,0.0950661853188929,71
29129,1988,3,12,57.48,0.7746478873239436,0.0953336007487632,71
29132,1988,3,12,59.41,0.9154929577464788,0.6672014975264072,71
29142,1989,3,12,60.3,0.5211267605633803,0.0787538440968043,48
29145,1989,3,12,64.15,0.5211267605633803,0.0788206979542719,48
29151,1999,3,12,,0.1126760563380281,0.2252974996657307,79
29152,1971,3,12,28.76,0.1126760563380281,0.2251637919507955,71
29156,1990,3,12,,0.6619718309859155,0.6181976200026741,79
29158,2003,6,12,1032.66,0.1126760563380281,0.2251637919507955,79
29159,1999,9,12,171.05,0.2957746478873239,0.7397379328787271,71
29161,1998,3,12,,0.5352112676056338,0.3995186522262334,48
29163,1961,3,12,564.8,0.5352112676056338,0.3999197753710389,79
29166,1970,3,12,302.05,0.9014084507042254,0.4920443909613584,71
29169,1956,3,12,73.91,0.0985915492957746,0.0792218210990774,71
29170,1963,3,12,7.78,0.352112676056338,0.1215403128760529,71
29182,1987,3,12,394.31,0.4507042253521127,0.4225832330525471,71
29185,2000,3,12,86.72,0.352112676056338,0.1216071667335205,71
29189,1955,6,12,140.06,0.4929577464788732,0.2151357133306591,48
29191,1955,3,12,124.32,0.4929577464788732,0.2447519721887952,48
29193,1950,3,12,77.42,0.4929577464788732,0.3074608904933814,71
29202,1969,3,12,8.35,0.2253521126760563,0.0459954539376922,71
29204,1956,3,12,104.98,0.7323943661971831,0.065249364888354,79
29210,1956,3,12,106.47,0.2253521126760563,0.0461960155100949,79
29213,1956,3,12,,0.7323943661971831,0.0655167803182243,71
29215,2017,3,12,73.92,0.2253521126760563,0.04632972322503,79
29218,1979,3,12,124.32,0.4788732394366197,0.0666532958951731,71
29220,1956,3,12,33.53,0.7323943661971831,0.0654499264607567,71
29222,1957,3,12,14.51,0.9859154929577464,0.0931274234523331,79
29237,1935,3,12,21.29,0.7323943661971831,0.0671881267549137,48
29243,1955,3,12,48.9,0.9859154929577464,0.0649150956010161,79
29247,1945,6,12,10.59,0.4929577464788732,0.0679235191870571,79
29249,1945,3,12,66.28,0.9859154929577464,0.0653830726032892,71
29255,1945,3,12,83.54,0.9859154929577464,0.0662521727503677,71
29257,1955,3,12,87.19,0.2112676056338028,0.0678566653295895,71
29259,1960,3,12,56.51,0.4929577464788732,0.0671881267549137,71
29261,1960,3,12,66.69,0.4929577464788732,0.0673218344698489,79
29264,1930,3,12,63.1,0.4929577464788732,0.0681909346169273,48
29268,1955,3,12,68.02,0.4929577464788732,0.0673218344698489,48
29270,2007,6,12,97.7,0.4929577464788732,0.0679235191870571,48
29272,1952,3,12,139.35,0.4929577464788732,0.0676561037571867,48
29275,1950,3,12,77.91,0.9859154929577464,0.0937959620270089,48
29277,1949,6,12,143.97,0.9859154929577464,0.0937959620270089,48
29280,1961,3,12,61.03,0.9859154929577464,0.0937959620270089,48
29284,1947,3,12,86.13,0.9859154929577464,0.0938628158844765,48
29291,1951,3,12,74.59,0.9859154929577464,0.0939965235994116,79
29297,1950,3,12,54.72,0.2253521126760563,0.0653830726032892,48
29303,2017,3,12,69.36,0.4788732394366197,0.0661853188929001,48
29307,2022,3,12,63.17,0.4788732394366197,0.0659179034630298,48
29317,1954,3,12,69.21,0.7323943661971831,0.0662521727503677,79
29329,1930,3,12,95.89,0.9859154929577464,0.0662521727503677,71
29333,1930,3,12,102.64,0.2253521126760563,0.0461960155100949,48
29335,1930,9,12,96.01,0.2253521126760563,0.0461291616526273,79
29339,1930,3,12,,0.4788732394366197,0.0935954004546062,48
29344,1930,3,12,53.77,0.7323943661971831,0.0664527343227704,48
29347,1977,3,12,100.9,0.2253521126760563,0.0460623077951597,48
29352,1987,6,12,,0.0985915492957746,0.1559700494718545,48
29354,1959,3,12,107.83,0.2253521126760563,0.0664527343227704,79
29356,1949,6,12,103.41,0.2253521126760563,0.0663858804653028,48
29358,1951,3,12,166.82,0.2253521126760563,0.0662521727503677,71
29362,1984,3,12,,0.4788732394366197,0.0939965235994116,79
29365,2006,3,12,139.19,0.4788732394366197,0.0939965235994116,48
29374,1947,6,12,39.46,0.4788732394366197,0.0937959620270089,79
29376,1948,3,12,85.64,0.4788732394366197,0.0937959620270089,48
29394,1954,3,12,,0.9859154929577464,0.0651825110308864,79
29400,1954,3,12,42.5,0.2253521126760563,0.1062976333734456,71
29403,1954,3,12,43.46,0.7323943661971831,0.2468244417702901,79
29407,2017,3,12,41.57,0.9859154929577464,0.2888755181173953,79
29409,1954,3,12,43.39,0.9859154929577464,0.0911886615857734,71
29411,1954,3,12,43.33,0.4788732394366197,0.4039310068190934,48
29414,1954,3,12,42.9,0.9859154929577464,0.0886482150020056,71
29418,1954,3,12,41.4,0.7323943661971831,0.0663858804653028,48
29420,1954,3,12,41.36,0.7323943661971831,0.0663190266078352,48
29447,1930,3,12,129.56,0.7323943661971831,0.0734723893568658,71
29457,1960,3,12,,0.9859154929577464,0.1668003743816018,79
29481,1973,3,12,121.11,0.4788732394366197,0.0661184650354325,79
29486,1955,3,12,356.45,0.7323943661971831,0.0794892365289477,71
29487,1950,3,12,74.87,0.7323943661971831,0.0795560903864153,71
29499,1963,3,12,125.58,0.9859154929577464,0.0784195748094665,71
29503,1959,6,12,110.76,0.9859154929577464,0.0786869902393368,48
29505,1969,6,12,122.75,0.9859154929577464,0.0787538440968043,48
29517,1986,6,12,100.02,0.4929577464788732,0.1668003743816018,79
29526,1959,6,12,,0.7323943661971831,0.0814279983955074,48
29535,1957,6,12,80.69,0.9859154929577464,0.0939296697419441,79
29541,1955,3,12,91.53,0.2253521126760563,0.1071667335205241,48
29545,1973,6,12,106.26,0.2253521126760563,0.1072335873779917,79
29547,1958,3,12,98.38,0.2253521126760563,0.1072335873779917,48
29550,1962,3,12,102.41,0.2253521126760563,0.1073004412354592,71
29553,1954,3,12,,0.4788732394366197,0.0788206979542719,79
29556,1961,3,12,107.62,0.4788732394366197,0.0787538440968043,71
29558,1962,3,12,121.63,0.4788732394366197,0.0786201363818692,71
29560,1960,3,12,88.14,0.4788732394366197,0.0786201363818692,79
29564,1955,6,12,,0.6056338028169014,0.1802379997325845,79
29568,1984,6,12,107.98,0.7323943661971831,0.080692605963364,48
29570,1960,3,12,89.5,0.7323943661971831,0.0806257521058965,71
29572,1955,3,12,124.49,0.7323943661971831,0.0805588982484289,71
29577,1962,3,12,87.74,0.7323943661971831,0.0804920443909613,71
29583,1959,3,12,37.78,0.9859154929577464,0.0541516245487364,71
29587,1967,3,12,90.17,0.2253521126760563,0.1058296563711726,48
29589,1958,3,12,113.84,0.2253521126760563,0.1056290947987698,71
29594,1962,3,12,57.92,0.2253521126760563,0.1048937023666265,79
29601,1962,3,12,70.39,0.4788732394366197,0.0939296697419441,79
29605,1972,3,12,95.14,0.7323943661971831,0.0822302446851183,48
29607,1970,3,12,83.07,0.7323943661971831,0.0820965369701831,71
29608,1977,3,12,115.32,0.7323943661971831,0.0820296831127155,71
29609,1965,3,12,115.3,0.7323943661971831,0.081962829255248,71
29611,1966,3,12,71.18,0.7323943661971831,0.0818291215403128,48
29613,1973,3,12,115.27,0.7323943661971831,0.0817622676828453,71
29619,1966,3,12,66.73,0.9859154929577464,0.0792886749565449,71
29624,1979,3,12,104.96,0.2253521126760563,0.1060970718010429,71
29631,1965,3,12,80.16,0.4788732394366197,0.0540847706912688,71
29633,1972,3,12,111.48,0.7323943661971831,0.0804920443909613,71
29635,1973,3,12,100.09,0.7323943661971831,0.0804251905334937,48
29683,1996,3,12,,0.2112676056338028,0.1882604626286936,48
29685,1997,3,12,,0.2535211267605634,0.3402192806524936,48
29688,1997,6,12,32.82,0.4929577464788732,0.1929402326514239,79
29694,1999,3,12,1416.62,0.2112676056338028,0.2069795427196149,79
29698,2000,3,12,,0.971830985915493,0.0,48
29720,1960,3,12,743.68,0.9859154929577464,0.066519588180238,71
29721,1960,3,12,636.46,0.9859154929577464,0.2548469046663992,71
29722,1960,3,12,21.17,0.971830985915493,0.0662521727503677,71
29728,1978,3,12,332.65,0.2816901408450704,0.2325177162722289,71
29729,1980,3,12,286.09,0.2816901408450704,0.2453536569060034,71
29735,1968,3,12,120.08,0.971830985915493,0.0651825110308864,71
29739,1965,3,12,266.91,0.0845070422535211,0.1411953469715202,79
29743,2017,9,12,,0.2112676056338028,0.2606631902660783,48
29744,2017,6,12,257.14,0.7323943661971831,0.0663858804653028,71
29746,1970,6,12,107.03,0.7183098591549296,0.0916566385880465,79
29748,1958,6,12,117.66,0.971830985915493,0.0663190266078352,48
29751,1978,3,12,96.81,0.971830985915493,0.0661853188929001,71
29762,1970,3,12,113.95,0.2112676056338028,0.0663858804653028,71
29765,1970,3,12,145.8,0.2253521126760563,0.0663858804653028,71
29767,1978,3,12,89.65,0.2112676056338028,0.0663858804653028,71
29770,1974,3,12,106.11,0.2112676056338028,0.0663858804653028,71
29772,1978,3,12,152.07,0.2112676056338028,0.0663858804653028,71
29774,1982,3,12,129.23,0.2112676056338028,0.0663858804653028,71
29779,1967,3,12,102.67,0.4647887323943662,0.066987565182511,71
29781,1963,3,12,101.99,0.4647887323943662,0.0665864420377055,71
29783,1977,3,12,115.04,0.4647887323943662,0.0663858804653028,71
29790,2014,3,12,,0.7183098591549296,0.0945313544591522,48
29792,1971,3,12,111.08,0.7183098591549296,0.0944645006016847,71
29795,1998,3,12,102.81,0.7183098591549296,0.0943307928867495,79
29799,1982,3,12,159.3,0.7183098591549296,0.7671480144404331,71
29802,1963,3,12,139.18,0.7183098591549296,0.0943307928867495,71
29804,1930,6,12,125.11,0.7183098591549296,0.0936622543120738,48
29808,1988,3,12,83.13,0.7183098591549296,0.0931274234523331,71
29813,1988,3,12,77.42,0.7183098591549296,0.0919909078753844,71
29818,1992,3,12,108.21,0.971830985915493,0.0675223960422516,48
29820,2010,3,12,75.14,0.971830985915493,0.0673886883273164,48
29822,1983,6,12,68.29,0.971830985915493,0.0672549806123813,79
29824,1983,3,12,86.43,0.971830985915493,0.0671881267549137,71
29826,1955,3,12,174.99,0.971830985915493,0.0667201497526407,71
29831,1960,3,12,81.21,0.971830985915493,0.0655167803182243,71
29833,1960,9,12,90.92,0.971830985915493,0.0653162187458216,79
29834,1957,3,12,598.27,0.2112676056338028,0.0664527343227704,71
29842,1982,3,12,128.51,0.4647887323943662,0.0659179034630298,71
29844,1961,3,12,73.64,0.4647887323943662,0.0659847573204973,71
29846,1975,3,12,96.52,0.4647887323943662,0.0661184650354325,71
29848,1960,3,12,,0.4647887323943662,0.0661853188929001,79
29851,1967,3,12,209.38,0.7183098591549296,0.0911886615857734,71
29853,1930,3,12,,0.7183098591549296,0.0911218077283059,71
29857,2015,3,12,121.79,0.7183098591549296,0.090787538440968,48
29860,2022,3,12,58.37,0.7183098591549296,0.0908543922984356,48
29864,1980,3,12,59.38,0.7183098591549296,0.0911886615857734,71
29866,1997,3,12,52.67,0.7183098591549296,0.0913892231581762,71
29869,1985,3,12,57.83,0.7183098591549296,0.0916566385880465,71
29872,2003,3,12,445.01,0.4647887323943662,0.1739537371306324,71
29874,1960,3,12,8.9,0.971830985915493,0.0653162187458216,79
29883,1949,3,12,109.54,0.028169014084507,0.0645139724562107,71
29885,1958,3,12,99.31,0.028169014084507,0.0645139724562107,71
29887,1968,3,12,88.05,0.028169014084507,0.0645808263136783,71
29889,1978,3,12,86.91,0.028169014084507,0.0645808263136783,71
29892,1961,3,12,89.51,0.028169014084507,0.0645139724562107,71
29894,1958,3,12,,0.4647887323943662,0.0655167803182243,71
29899,1954,3,12,225.33,0.1971830985915492,0.2216873913624815,71
29901,1969,3,12,44.37,0.4647887323943662,0.065249364888354,71
29905,1945,3,12,,0.4647887323943662,0.0658510496055622,71
29910,1962,3,12,76.85,0.4647887323943662,0.0663858804653028,71
29912,1972,3,12,259.73,0.4647887323943662,0.0666532958951731,71
29914,1964,3,12,71.12,0.4647887323943662,0.0672549806123813,71
29916,1958,3,12,137.03,0.7183098591549296,0.0921914694477871,71
29918,1964,3,12,140.84,0.7183098591549296,0.0920577617328519,71
29923,2011,3,12,51.56,0.7183098591549296,0.0915897847305789,79
29925,1984,3,12,137.02,0.7183098591549296,0.0913223693007086,71
29929,1956,3,12,172.48,0.971830985915493,0.0679903730445246,71
29930,1976,3,12,59.51,0.971830985915493,0.0678566653295895,71
29932,1920,3,12,142.94,0.971830985915493,0.0675892498997192,79
29935,2021,3,12,76.13,0.971830985915493,0.0673886883273164,48
29937,1930,3,12,90.58,0.971830985915493,0.0671881267549137,71
29946,1920,3,12,136.47,0.2112676056338028,0.0659179034630298,71
29948,1973,3,12,109.66,0.2112676056338028,0.0627089183045861,71
29951,1930,3,12,114.73,0.2112676056338028,0.065717341890627,48
29955,1960,3,12,169.82,0.5352112676056338,0.0644471185987431,71
29958,1945,3,12,92.6,0.5352112676056338,0.0645139724562107,71
29960,1933,3,12,,0.5352112676056338,0.0645808263136783,79
29962,1920,3,12,178.17,0.5352112676056338,0.0584971252841288,79
29970,1920,3,12,216.71,0.7183098591549296,0.0926594464500601,48
29994,1975,3,12,142.21,0.2253521126760563,0.0827650755448589,71
30001,1950,3,12,2185.42,0.7605633802816901,0.0845701296964834,71
30004,2018,3,12,169.03,0.971830985915493,0.0795560903864153,79
30017,1930,3,12,138.13,0.7183098591549296,0.1085706645273432,48
30030,1963,3,12,328.93,0.2253521126760563,0.0818291215403128,79
30033,2006,6,12,750.88,0.7183098591549296,0.1068324642331862,48
30035,1969,6,12,81.74,0.7323943661971831,0.065249364888354,79
30038,1968,3,12,85.47,0.971830985915493,0.0680572269019922,48
30043,1994,6,12,230.04,0.971830985915493,0.0679903730445246,48
30045,1967,3,12,115.79,0.971830985915493,0.0679235191870571,71
30047,1975,3,12,84.62,0.971830985915493,0.0679903730445246,71
30050,1959,3,12,143.95,0.971830985915493,0.0679235191870571,71
30065,1970,3,12,68.56,0.7323943661971831,0.0655167803182243,71
30068,2005,3,12,132.71,0.7323943661971831,0.0658510496055622,48
30079,1982,3,12,114.03,0.971830985915493,0.0367696216071667,71
30085,1964,3,12,172.83,0.971830985915493,0.1116459419708517,71
30092,2022,3,12,71.76,0.2253521126760563,0.0667870036101083,48
30095,1942,3,12,,0.4647887323943662,0.0678566653295895,48
30100,1966,6,12,174.98,0.4647887323943662,0.0679903730445246,48
30104,1959,3,12,97.46,0.7323943661971831,0.0685252039042652,71
30109,1955,3,12,,0.7323943661971831,0.0683914961893301,71
30111,2002,3,12,78.28,0.7323943661971831,0.0683246423318625,79
30115,1991,3,12,,0.7323943661971831,0.0681240807594598,48
30120,1951,3,12,147.13,0.9577464788732394,0.066519588180238,71
30124,1886,3,12,70.62,0.9577464788732394,0.0663858804653028,48
30126,1972,6,12,107.02,0.9577464788732394,0.0663858804653028,48
30135,2001,3,12,80.07,0.1971830985915492,0.0678566653295895,48
30145,1900,3,12,150.4,0.4647887323943662,0.1087043722422783,48
30147,1968,3,12,88.57,0.4647887323943662,0.1068993180906538,79
30152,2004,3,12,287.64,0.4647887323943662,0.107968979810135,71
30155,2008,3,12,351.09,0.9577464788732394,0.0665864420377055,79
30168,1958,3,12,174.47,0.4507042253521127,0.0651156571734189,79
30179,2008,3,12,620.79,0.971830985915493,0.0677898114721219,79
30186,1939,3,12,382.66,0.5070422535211268,0.1081026875250702,71
30190,1939,9,12,449.88,0.5070422535211268,0.1083701029549405,71
30206,1958,3,12,118.41,0.8309859154929577,0.6871908009092125,71
30208,1985,3,12,179.17,0.6056338028169014,0.0790881133841422,71
30213,1948,3,12,143.56,0.9859154929577464,0.0665864420377055,71
30215,1960,3,12,125.15,0.9859154929577464,0.0667201497526407,71
30217,1948,3,12,133.56,0.9859154929577464,0.2931541649953202,48
30219,1970,3,12,47.36,0.2253521126760563,0.0891830458617462,71
30221,1948,3,12,186.52,0.9859154929577464,0.1166599812809199,71
30226,1956,6,12,129.6,0.7323943661971831,0.0892498997192138,48
30230,1962,6,12,91.1,0.9859154929577464,0.0660516111779649,48
30235,1991,6,12,292.46,0.6056338028169014,0.2320497392699558,48
30243,1952,3,12,169.42,0.7323943661971831,0.1066987565182511,48
30253,1948,3,12,,0.2253521126760563,0.1067656103757186,48
30274,1958,3,12,,0.2253521126760563,0.1061639256585104,48
30291,1960,3,12,48.82,0.9859154929577464,0.2259660382404064,71
30301,1967,3,12,81.83,0.0985915492957746,0.174488567990373,71
30303,1968,3,12,65.25,0.2535211267605634,0.0812942906805722,71
30306,1980,6,12,124.98,0.4788732394366197,0.7835940633774567,48
30314,1961,3,12,173.72,0.7323943661971831,0.1061639256585104,79
30316,1950,3,12,,0.7323943661971831,0.2111244818826046,71
30326,1960,3,12,63.01,0.4788732394366197,0.0665864420377055,79
30328,1965,6,12,100.31,0.4788732394366197,0.0665864420377055,48
30333,2003,3,12,,0.7323943661971831,0.106230779515978,79
30336,1955,3,12,97.96,0.7323943661971831,0.1061639256585104,48
30343,1930,3,12,70.68,0.9859154929577464,0.0650488033159513,48
30352,1930,3,12,41.97,0.4788732394366197,0.0930605695948656,48
30356,1994,3,12,31.0,0.7323943661971831,0.0460623077951597,79
30361,1990,3,12,104.02,0.8591549295774648,0.196550340954673,48
30370,1950,3,12,102.71,0.2253521126760563,0.079756651958818,79
30377,1950,9,12,6.86,0.2253521126760563,0.0793555288140125,48
30385,1958,3,12,89.52,0.4788732394366197,0.0661853188929001,48
30390,1958,3,12,,0.4788732394366197,0.0662521727503677,79
30392,2010,3,12,102.5,0.4788732394366197,0.0663190266078352,71
30394,1999,3,12,88.37,0.6056338028169014,0.1875919240540179,79
30398,1950,3,12,78.71,0.7323943661971831,0.1063644872309132,79
30401,1950,3,12,,0.7323943661971831,0.1347773766546329,79
30406,1950,6,12,94.0,0.7323943661971831,0.106230779515978,79
30411,1930,6,12,99.11,0.9859154929577464,0.0534162321165931,48
30413,1930,3,12,106.79,0.9859154929577464,0.0533493782591255,48
30420,1930,3,12,96.9,0.9859154929577464,0.0531488166867228,48
30424,1930,3,12,7.88,0.2253521126760563,0.0794892365289477,71
30427,1970,3,12,122.44,0.2253521126760563,0.0790881133841422,71
30429,1930,3,12,75.37,0.2253521126760563,0.0790212595266746,79
30438,1982,12,12,56.37,0.7323943661971831,0.1050274100815617,71
30448,1963,3,12,100.59,0.9859154929577464,0.0662521727503677,71
30450,1981,9,12,67.09,0.0985915492957746,0.1685385746757587,79
30453,1962,6,12,74.31,0.2253521126760563,0.0796229442438828,48
30460,1963,3,12,103.55,0.2253521126760563,0.0790881133841422,48
30473,1964,3,12,68.53,0.4788732394366197,0.0671212728974461,71
30487,1955,3,12,,0.9859154929577464,0.1691402593929669,79
30499,1955,3,12,116.78,0.2253521126760563,0.3579355528814012,71
30503,1950,3,12,120.85,0.2253521126760563,0.0792886749565449,71
30507,1955,3,12,107.03,0.4788732394366197,0.0531488166867228,79
30512,1955,3,12,87.01,0.4788732394366197,0.0532825244016579,71
30514,1955,3,12,97.08,0.4788732394366197,0.0533493782591255,48
30526,1957,3,12,242.62,0.8591549295774648,0.2759058697686856,79
30541,2007,6,12,397.26,1.0,0.0954673084636983,71
30555,2006,6,12,,0.0,0.0958684316085038,79
30561,2009,3,12,2933.29,0.5492957746478874,0.4370236662655435,48
30568,1994,3,12,,1.0,0.1936087712260997,48
30571,2013,3,12,615.29,0.9014084507042254,0.5763471052279716,48
30575,2009,6,12,,0.1830985915492957,0.2439497258991843,71
30583,2005,3,12,,0.7183098591549296,0.1827784463163524,79
30587,2009,9,12,,0.7183098591549296,0.1799037304452466,48
30592,2007,3,12,492.95,0.5492957746478874,0.5514774702500334,48
30596,1975,3,12,16.33,0.7605633802816901,0.5336274903061906,71
30625,1959,3,12,79.32,0.028169014084507,0.0664527343227704,71
30634,1968,3,12,228.58,0.7183098591549296,0.0664527343227704,48
30639,1992,3,12,111.93,0.0140845070422535,0.0683246423318625,79
30646,1978,3,12,135.87,0.0140845070422535,0.0677229576146543,71
30654,2001,3,12,,0.0140845070422535,0.0669207113250434,48
30659,2000,15,12,1855.06,0.2816901408450704,0.2301778312608637,48
30665,1960,3,12,79.97,0.2816901408450704,0.2281053616793688,71
30672,2003,3,12,114.19,0.5352112676056338,0.0678566653295895,48
30675,1960,3,12,124.21,0.5352112676056338,0.0666532958951731,71
30681,1967,3,12,12.16,0.7183098591549296,0.0655167803182243,71
30683,2017,3,12,220.04,0.7323943661971831,0.065717341890627,79
30700,1955,3,12,79.71,0.5211267605633803,0.0677229576146543,71
30702,1960,3,12,171.78,0.5211267605633803,0.0678566653295895,79
30705,1940,3,12,11.54,0.5211267605633803,0.0680572269019922,71
30706,1961,3,12,170.55,0.5211267605633803,0.0681240807594598,71
30715,1964,3,12,108.1,0.971830985915493,0.0789544056692071,79
30718,1960,3,12,89.51,0.971830985915493,0.0789544056692071,79
30721,1950,3,12,144.87,0.971830985915493,0.0790212595266746,79
30737,2005,3,12,2085.32,0.7183098591549296,0.1082363952400053,48
30752,1993,3,12,1503.13,0.352112676056338,0.1762936221419976,79
30767,1989,15,12,551.3,0.7323943661971831,0.0802914828185586,48
30769,1996,3,12,347.9,0.4647887323943662,0.0816954138253777,79
30775,2004,3,12,553.2,0.4647887323943662,0.0812942906805722,71
30780,1965,3,12,117.65,0.7323943661971831,0.0681240807594598,71
30784,1960,3,12,97.29,0.971830985915493,0.0655836341756919,71
30786,1968,6,12,126.01,0.971830985915493,0.0657841957480946,79
30796,1972,3,12,269.68,0.7323943661971831,0.0675223960422516,48
30803,1960,3,12,74.57,0.7323943661971831,0.0679903730445246,48
30804,1976,3,12,491.61,0.2253521126760563,0.0,71
30807,1973,3,12,116.59,0.7323943661971831,0.150688594731916,48
30810,1974,3,12,110.7,0.971830985915493,0.105294825511432,79
30820,1978,3,12,117.57,0.4647887323943662,0.0648482417435486,71
30822,1984,3,12,120.4,0.7323943661971831,0.0671212728974461,71
30826,1979,6,12,,0.7323943661971831,0.0668538574675758,79
30832,2003,3,12,150.31,0.7323943661971831,0.0666532958951731,71
30835,1979,3,12,251.99,0.2253521126760563,0.0,71
30841,2013,6,12,240.59,0.971830985915493,0.1050942639390292,48
30844,2001,6,12,177.89,0.7323943661971831,0.066987565182511,48
30861,1977,3,12,322.19,0.4647887323943662,0.105294825511432,48
30862,1960,3,12,305.2,0.704225352112676,0.0681240807594598,71
30863,1932,3,12,110.85,0.704225352112676,0.0679903730445246,71
30864,1940,6,12,382.07,0.704225352112676,0.0677898114721219,71
30865,1967,3,12,399.59,0.704225352112676,0.0675892498997192,71
30871,1980,3,12,135.52,0.943661971830986,0.74241208717743,71
30876,1980,3,12,134.82,0.2112676056338028,0.0849043989838213,71
30878,1984,3,12,118.15,0.2112676056338028,0.0836341756919374,71
30881,1984,3,12,108.28,0.2253521126760563,0.0827650755448589,48
30884,2010,9,12,293.65,0.2535211267605634,0.0841021526942104,48
30886,2006,3,12,28.75,0.2112676056338028,0.0800240673886883,48
30891,1984,6,12,25.17,0.5070422535211268,0.1067656103757186,48
30895,2001,3,12,,0.2112676056338028,0.0830993448321968,71
30900,1987,3,12,120.29,0.2112676056338028,0.0844364219815483,79
30929,1990,3,12,118.07,0.4788732394366197,0.0931274234523331,79
30932,1986,3,12,237.89,0.4929577464788732,0.0938628158844765,71
30935,1961,3,12,138.98,0.7323943661971831,0.0804920443909613,48
30936,2023,3,12,668.96,0.7323943661971831,0.0804920443909613,79
30954,1958,3,12,50.74,0.7323943661971831,0.0807594598208316,48
30961,1960,3,12,95.32,0.0985915492957746,0.1845166466105094,71
30964,1960,3,12,93.39,0.2253521126760563,0.0806257521058965,48
30970,1964,3,12,120.83,0.4788732394366197,0.0662521727503677,71
30972,1955,3,12,139.78,0.4788732394366197,0.1409279315416499,71
30978,1950,3,12,39.48,0.7323943661971831,0.0467977002273031,48
30982,1961,6,12,,0.7323943661971831,0.0795560903864153,48
30988,1978,3,12,85.88,0.9859154929577464,0.0462628693675625,48
30990,1983,3,12,108.31,0.9859154929577464,0.0462628693675625,71
31024,1969,3,12,79.59,0.7323943661971831,0.0796229442438828,79
31026,1950,3,12,18.88,0.8591549295774648,0.1702767749699157,79
31029,1939,3,12,96.84,0.9859154929577464,0.0459286000802246,48
31033,1930,3,12,87.9,0.9859154929577464,0.0459286000802246,48
31036,1930,3,12,32.29,0.9859154929577464,0.0459954539376922,48
31038,1930,3,12,96.98,0.9859154929577464,0.0459954539376922,48
31047,1950,3,12,,0.4788732394366197,0.0667201497526407,79
31054,1930,3,12,82.69,0.7323943661971831,0.0790881133841422,48
31062,1968,3,12,91.76,0.9859154929577464,0.0463965770824976,48
31066,2021,3,12,106.93,0.9859154929577464,0.2152025671881267,48
31069,1968,3,12,80.45,0.9859154929577464,0.0461291616526273,71
31074,1960,3,12,92.42,0.4788732394366197,0.0667870036101083,71
31078,1960,3,12,82.0,0.7323943661971831,0.0792886749565449,71
31080,1974,3,12,92.14,0.4788732394366197,0.0671212728974461,48
31083,2004,3,12,192.85,0.4788732394366197,0.0669207113250434,79
31085,2009,3,12,134.6,0.9859154929577464,0.066987565182511,48
31091,1970,3,12,118.42,0.4788732394366197,0.0461960155100949,71
31093,1985,3,12,106.7,0.4788732394366197,0.0461960155100949,71
31099,2003,3,12,367.23,0.8591549295774648,0.1703436288273833,71
31101,2004,3,12,195.44,0.9859154929577464,0.0671212728974461,71
31106,1950,3,12,71.08,0.9859154929577464,0.0455943307928867,48
31110,1971,6,12,94.77,0.9859154929577464,0.0456611846503543,48
31128,1970,3,12,65.08,0.9859154929577464,0.1684048669608236,48
31130,1973,3,12,53.29,0.9859154929577464,0.1684717208182912,79
31134,2022,3,12,77.87,0.2253521126760563,0.0533493782591255,48
31139,1970,3,12,62.0,0.2253521126760563,0.0531488166867228,48
31143,1961,3,12,85.23,0.2253521126760563,0.05294825511432,48
31146,1971,3,12,79.86,0.4788732394366197,0.04632972322503,71
31148,1969,3,12,107.8,0.4788732394366197,0.0462628693675625,79
31155,1970,3,12,77.98,0.7323943661971831,0.3208985158443642,71
31158,1970,3,12,62.15,0.7323943661971831,0.0823639524000534,71
31159,1965,3,12,88.79,0.7323943661971831,0.0822970985425859,71
31161,1930,3,12,92.8,0.7323943661971831,0.0792886749565449,79
31164,1930,3,12,93.92,0.9859154929577464,0.0468645540847706,48
31175,1930,3,12,86.65,0.2253521126760563,0.0804251905334937,79
31178,1930,3,12,78.9,0.4788732394366197,0.0460623077951597,79
31181,1930,3,12,102.44,0.5070422535211268,0.0464634309399652,79
31183,1930,3,12,,0.4788732394366197,0.0459954539376922,48
31189,1969,6,12,100.72,0.9859154929577464,0.17181441369167,48
31201,1930,3,12,67.91,0.4788732394366197,0.0469982617997058,48
31203,1965,3,12,110.08,0.4788732394366197,0.0469314079422382,48
31205,1930,3,12,96.52,0.4788732394366197,0.0467308463698355,48
31209,2024,6,12,286.55,0.8591549295774648,0.2860676561037572,48
31217,2007,3,12,113.45,0.4366197183098591,0.0419842224896376,48
31227,1996,3,12,,0.323943661971831,0.0684583500467976,48
31230,1982,3,12,,0.323943661971831,0.119467843294558,71
31233,2019,3,12,89.44,0.9859154929577464,0.0656504880331595,79
31236,1960,3,12,90.79,0.9859154929577464,0.0660516111779649,48
31238,2009,3,12,175.35,0.9859154929577464,0.0662521727503677,48
31241,1958,3,12,104.46,0.9859154929577464,0.0666532958951731,48
31251,1962,3,12,139.31,0.4788732394366197,0.0462628693675625,71
31254,1967,3,12,87.89,0.4788732394366197,0.0462628693675625,79
31257,1965,3,12,104.71,0.9859154929577464,0.0658510496055622,71
31264,2021,3,12,718.85,0.5915492957746479,0.2966974194411017,79
31271,1961,6,12,,0.647887323943662,0.2951597807193474,71
31275,2021,3,12,231.77,0.8028169014084507,0.3294558096002139,79
31278,2009,6,12,480.09,0.647887323943662,0.3255114320096269,79
31282,2022,9,12,,0.5915492957746479,0.2933547265677229,79
31287,2007,6,12,6664.46,0.0140845070422535,0.0,48
31303,1970,3,12,2505.33,0.4647887323943662,0.3832731648616124,71
31304,1974,3,12,3905.81,0.4647887323943662,0.2615322904131568,71
31305,1969,3,12,28.31,0.4647887323943662,0.3096002139323439,71
31309,2014,3,12,,0.6056338028169014,0.3241743548602754,48
31310,1950,3,12,25.96,0.4647887323943662,0.0776841823773231,71
31317,1969,3,12,94.43,0.2253521126760563,0.0538842091188661,71
31319,1972,3,12,78.76,0.2253521126760563,0.0538842091188661,71
31324,1976,3,12,76.99,0.2253521126760563,0.0540179168338013,79
31326,1974,6,12,88.99,0.2112676056338028,0.0539510629763337,79
31328,1985,3,12,90.32,0.2253521126760563,0.0538842091188661,71
31338,2023,9,12,955.85,0.7323943661971831,0.2019655034095467,79
31342,1994,3,12,68.06,0.971830985915493,0.0796229442438828,71
31348,1972,3,12,88.51,0.971830985915493,0.0796229442438828,48
31352,1969,3,12,84.95,0.971830985915493,0.0795560903864153,71
31356,1950,6,12,32.3,0.971830985915493,0.0794892365289477,48
31359,1978,3,12,110.43,0.971830985915493,0.0794223826714801,79
31370,1968,3,12,80.23,0.4647887323943662,0.0520791549672416,48
31372,1970,3,12,76.55,0.4647887323943662,0.0520791549672416,71
31374,1969,3,12,85.05,0.4647887323943662,0.0521460088247091,71
31376,1969,3,12,83.32,0.4647887323943662,0.0522128626821767,71
31379,1972,3,12,186.39,0.4647887323943662,0.0524134242545794,71
31381,1968,3,12,96.73,0.4647887323943662,0.0525471319695146,71
31385,1969,6,12,96.49,0.971830985915493,0.052480278112047,79
31396,1971,3,12,109.64,0.2253521126760563,0.080224628961091,71
31400,1957,3,12,93.0,0.2253521126760563,0.0804251905334937,79
31402,1980,3,12,47.29,0.3380281690140845,0.177162722289076,71
31404,1991,3,12,90.34,0.4647887323943662,0.0800240673886883,71
31411,1968,3,12,173.0,0.4647887323943662,0.0800909212461559,71
31420,1980,3,12,152.2,0.7464788732394366,0.2001604492579221,71
31431,1960,3,12,183.48,0.9577464788732394,0.1050942639390292,48
31441,1960,3,12,75.55,0.4647887323943662,0.0792886749565449,48
31463,1977,3,12,95.99,0.2112676056338028,0.0786869902393368,79
31472,1990,6,12,,0.5915492957746479,0.0685252039042652,48
31479,1936,6,12,20.64,0.7323943661971831,0.037037037037037,79
31481,1955,3,12,,0.7323943661971831,0.037037037037037,79
31483,1995,3,12,98.85,0.7323943661971831,0.0369701831795694,79
31499,1969,3,12,94.83,0.4647887323943662,0.1050942639390292,48
31502,1977,3,12,178.4,0.4647887323943662,0.1045594330792886,71
31510,1980,3,12,24.78,0.3380281690140845,0.1624548736462094,71
31512,1981,3,12,,0.4507042253521127,0.0748763203636849,79
31515,1974,3,12,301.52,0.8732394366197183,0.2533761198021125,71
31525,1973,3,12,271.23,0.1971830985915492,0.0748763203636849,48
31529,1984,3,12,115.43,0.4647887323943662,0.066519588180238,71
31531,1983,3,12,139.88,0.4647887323943662,0.0665864420377055,71
31537,1987,6,12,342.27,0.7887323943661971,0.0385078219013237,79
31540,1985,3,12,245.18,0.7323943661971831,0.0367027677496991,71
31562,1970,3,12,274.87,0.5070422535211268,0.1159914427062441,71
31566,1976,3,12,1481.76,0.0140845070422535,0.0,79
31568,1976,3,12,110.78,0.971830985915493,0.2141997593261131,71
31571,1990,3,12,,0.5352112676056338,0.3881534964567455,71
31572,1990,3,12,893.75,0.5352112676056338,0.3240406471453402,71
31575,1990,3,12,,0.3661971830985915,0.7462896109105495,71
31576,1990,3,12,35.41,0.6056338028169014,0.0,71
31581,1947,3,12,18.92,0.0985915492957746,0.0796897981013504,71
31582,1947,3,12,796.84,0.0985915492957746,0.0798235058162855,71
31584,1947,3,12,724.84,0.6056338028169014,0.0793555288140125,71
31586,1953,3,12,29.14,0.352112676056338,0.6171948121406604,48
31609,1960,3,12,16.87,0.8591549295774648,0.0804920443909613,71
31622,1970,3,12,79.65,0.0845070422535211,0.1058965102286401,71
31645,2009,3,12,56.88,0.8591549295774648,0.0420510763471052,48
31650,1980,3,12,137.19,0.8591549295774648,0.0432544457815215,71
31652,1964,3,12,175.2,0.352112676056338,0.0445246690734055,48
31655,1930,3,12,47.21,0.0985915492957746,0.1044257253643535,48
31657,2004,3,12,87.52,0.0985915492957746,0.1045594330792886,71
31659,1950,3,12,86.26,0.0985915492957746,0.1047599946516913,79
31667,1998,3,12,240.05,0.9859154929577464,0.0468645540847706,71
31678,1957,3,12,88.19,0.6056338028169014,0.1049605562240941,71
31679,1930,3,12,219.67,0.6056338028169014,0.1048268485091589,71
31689,2009,3,12,58.44,0.9859154929577464,0.0659847573204973,48
31698,1975,3,12,97.54,0.4788732394366197,0.0465302847974328,48
31702,2014,3,12,39.65,0.4788732394366197,0.0473993849445112,48
31707,2007,3,12,196.46,0.4788732394366197,0.065717341890627,48
31711,1965,3,12,68.22,0.9859154929577464,0.0461960155100949,48
31720,2010,6,12,636.62,0.4788732394366197,0.0661184650354325,48
31734,1969,3,12,126.47,0.9859154929577464,0.168805990105629,48
31736,1969,3,12,75.21,0.9859154929577464,0.1690734055354993,71
31740,1953,3,12,130.24,0.9859154929577464,0.1695413825377724,71
31746,1959,6,12,30.25,0.2253521126760563,0.0532156705441903,48
31753,1959,3,12,67.87,0.4788732394366197,0.0459954539376922,71
31756,1959,3,12,76.08,0.4788732394366197,0.0461291616526273,71
31759,1969,3,12,71.93,0.4788732394366197,0.0461960155100949,48
31761,1959,6,12,83.1,0.7323943661971831,0.05294825511432,79
31763,1969,3,12,88.86,0.7323943661971831,0.0530819628292552,71
31769,1969,3,12,82.0,0.7323943661971831,0.0533493782591255,71
31771,2019,3,12,62.08,0.7323943661971831,0.0534830859740607,48
31774,1965,3,12,,0.7183098591549296,0.0464634309399652,79
31777,1998,6,12,,0.7183098591549296,0.0421179302045728,79
31785,1965,3,12,42.33,0.8169014084507042,0.0530151089717876,71
31817,2020,3,12,,1.0,0.142799839550742,48
31819,2002,3,12,51.06,1.0,0.0587645407139991,48
31821,1998,3,12,93.22,0.0140845070422535,0.0596336408610776,48
31822,1983,3,12,47.11,0.0422535211267605,0.2654098141462762,71
31827,2018,3,12,,0.0,0.0799572135312207,48
31834,1999,3,12,,0.8309859154929577,0.0646476801711458,48
31835,1965,3,12,22.16,0.0140845070422535,0.0556224094130231,71
31838,1995,3,12,,0.3098591549295774,0.0536836475464634,48
31846,1900,3,12,554.85,0.1830985915492957,0.1206712127289744,79
31853,1975,3,12,,0.8309859154929577,0.5606364487230913,79
31854,1971,3,12,33.38,0.1408450704225352,0.0,71
31855,1973,3,12,26.73,0.0140845070422535,0.0,71
31876,1992,3,12,2362.45,0.1549295774647887,0.4767348576012836,71
31880,2019,9,12,287.98,0.6619718309859155,0.4102821232785131,48
31886,1982,3,12,208.08,0.971830985915493,0.0820296831127155,71
31891,1955,3,12,55.88,0.2112676056338028,0.0812942906805722,71
31893,1960,3,12,93.62,0.2253521126760563,0.0812942906805722,71
31896,1962,3,12,90.48,0.2112676056338028,0.0812942906805722,71
31913,1960,3,12,150.39,0.4788732394366197,0.0840352988367428,71
31922,2008,6,12,389.18,0.4788732394366197,0.0831661986896643,48
31925,1966,6,12,20.25,0.971830985915493,0.0788875518117395,79
31931,1967,3,12,,0.971830985915493,0.0774167669474528,48
31933,1968,3,12,85.17,0.971830985915493,0.0770824976601149,79
31941,1970,6,12,87.67,0.2253521126760563,0.0813611445380398,79
31944,1969,3,12,138.49,0.2253521126760563,0.0818291215403128,71
31947,1960,6,12,94.42,0.2253521126760563,0.0822302446851183,71
31950,1969,3,12,352.07,0.3380281690140845,0.1786335071533627,79
31956,1979,3,12,80.94,0.4647887323943662,0.0816954138253777,71
31971,1966,3,12,48.77,0.4647887323943662,0.0814948522529749,48
31974,1965,6,12,113.52,0.971830985915493,0.0788875518117395,79
31977,1961,3,12,80.71,0.9859154929577464,0.0791549672416098,79
31979,1960,3,12,99.0,0.9859154929577464,0.0793555288140125,48
31989,1971,6,12,85.21,0.2112676056338028,0.0783527209519989,48
32016,1967,3,12,80.98,0.7323943661971831,0.0539510629763337,71
32018,1960,3,12,96.16,0.7183098591549296,0.0538842091188661,79
32023,1986,3,12,87.28,0.2253521126760563,0.0534830859740607,71
32024,1955,3,12,280.58,0.2253521126760563,0.053750501403931,71
32026,1975,3,12,78.59,0.2112676056338028,0.0538842091188661,71
32028,1970,3,12,44.94,0.2253521126760563,0.0539510629763337,71
32029,1960,3,12,36.83,0.2253521126760563,0.0540179168338013,71
32031,1994,3,12,117.37,0.2253521126760563,0.0540847706912688,48
32032,1963,3,12,69.45,0.2253521126760563,0.054218478406204,71
32049,2002,3,12,64.32,0.7183098591549296,0.0800240673886883,48
32056,1972,6,12,108.41,0.2112676056338028,0.4354860275437892,79
32067,1955,3,12,6.99,0.7183098591549296,0.0541516245487364,48
32071,1960,3,12,97.25,0.7183098591549296,0.0538842091188661,48
32078,2009,3,12,324.66,0.3098591549295774,0.2154031287605294,48
32086,1973,3,12,137.0,0.2112676056338028,0.0764139590854392,79
32100,1960,3,12,88.1,0.4647887323943662,0.0800240673886883,48
32108,1992,6,12,85.98,0.4647887323943662,0.0810268752507019,79
32116,1974,3,12,,0.7183098591549296,0.079756651958818,71
32126,1983,3,12,180.62,0.971830985915493,0.0792218210990774,71
32137,1973,3,12,159.22,0.4647887323943662,0.1050274100815617,48
32148,2022,3,12,,0.7183098591549296,0.0792218210990774,79
32150,1983,3,12,,0.2112676056338028,0.0,71
32163,1945,3,12,20.88,0.9859154929577464,0.1810402460221954,71
32170,1958,3,12,,0.7323943661971831,0.1909346169273967,48
32173,1964,3,12,38.65,0.0985915492957746,0.1062976333734456,71
32175,1976,3,12,337.96,0.2253521126760563,0.1549003877523733,71
32177,1967,6,12,817.67,0.8591549295774648,0.1969514640994785,71
32179,1949,3,12,290.83,0.4788732394366197,0.1796363150153763,71
32205,1959,3,12,118.39,0.352112676056338,0.0465971386549003,71
32209,1961,6,12,79.71,0.352112676056338,0.0467308463698355,79
32216,1971,3,12,106.36,0.352112676056338,0.0467977002273031,79
32224,1983,3,12,98.35,0.8591549295774648,0.0463965770824976,71
32226,1983,3,12,101.96,0.8591549295774648,0.0463965770824976,71
32228,1983,3,12,91.52,0.8591549295774648,0.0463965770824976,71
32231,1964,3,12,93.2,0.8591549295774648,0.0465302847974328,79
32246,1971,3,12,75.12,0.8591549295774648,0.0467977002273031,71
32248,1975,12,12,86.31,0.8591549295774648,0.0467977002273031,48
32249,1975,3,12,125.87,0.8591549295774648,0.0467308463698355,71
32250,1975,3,12,128.14,0.8591549295774648,0.0467308463698355,71
32260,1968,6,12,110.69,0.352112676056338,0.0463965770824976,48
32276,1979,3,12,56.95,0.8591549295774648,0.0449257922182109,48
32278,1967,3,12,76.02,0.8591549295774648,0.0448589383607434,71
32285,1973,3,12,95.07,0.8591549295774648,0.0444578152159379,71
32287,1970,3,12,107.33,0.352112676056338,0.0465302847974328,48
32291,1968,3,12,136.26,0.0845070422535211,0.0556892632704907,71
32293,1968,3,12,147.64,0.0845070422535211,0.055956678700361,48
32296,1971,3,12,106.41,0.352112676056338,0.0459954539376922,71
32298,1971,3,12,83.68,0.352112676056338,0.0459286000802246,48
32301,1980,3,12,114.8,0.352112676056338,0.0457280385078218,71
32302,1992,3,12,125.97,0.352112676056338,0.0457948923652894,79
32304,1971,3,12,215.34,0.352112676056338,0.0455943307928867,71
32313,1971,3,12,85.0,0.8591549295774648,0.0439229843561973,71
32315,1969,3,12,113.5,0.8591549295774648,0.0439898382136649,71
32319,1994,6,12,117.2,0.8591549295774648,0.0439229843561973,48
32321,1990,3,12,136.5,0.8591549295774648,0.0439229843561973,48
32330,1985,3,12,127.96,0.352112676056338,0.0439229843561973,71
32334,1975,3,12,96.46,0.352112676056338,0.0438561304987297,71
32343,1985,3,12,80.03,0.8591549295774648,0.0459954539376922,48
32348,1968,3,12,31.24,0.8591549295774648,0.0460623077951597,71
32351,1970,3,12,95.82,0.8591549295774648,0.0460623077951597,71
32352,1986,3,12,125.06,0.8591549295774648,0.0460623077951597,71
32355,1987,3,12,110.03,0.352112676056338,0.0439229843561973,71
32369,1966,3,12,106.8,0.352112676056338,0.0459954539376922,71
32376,1990,6,12,60.81,0.8591549295774648,0.1056959486562374,79
32389,1952,3,12,30.48,0.9859154929577464,0.0643134108838079,71
32398,1971,3,12,86.58,0.2535211267605634,0.0439229843561973,71
32400,1973,3,12,116.08,0.7464788732394366,0.0425859072068458,79
32403,1977,3,12,,0.7464788732394366,0.0427864687792485,71
32406,1971,3,12,154.63,0.2394366197183098,0.0441235459286,71
32411,1957,3,12,,0.6197183098591549,0.0766813745153095,71
32414,2001,3,12,,0.8309859154929577,0.0875785532825244,79
32419,1972,3,12,,0.3098591549295774,0.078486428666934,71
32421,1971,3,12,,0.2816901408450704,0.0756785666532958,71
32440,1974,6,12,,0.4647887323943662,0.0,71
32444,1992,6,12,,0.4647887323943662,0.0,79
32446,1991,6,12,,0.9859154929577464,0.1054285332263671,71
32452,2011,15,12,,0.4647887323943662,0.0,79
32454,2009,3,12,375.21,0.2394366197183098,0.0,79
32460,2008,3,12,2431.8,0.7183098591549296,0.0,48
32461,1970,3,12,27.53,0.2253521126760563,0.0,71
32466,1975,3,12,22.51,0.2253521126760563,0.0997459553416232,71
32468,1974,3,12,99.8,0.2253521126760563,0.0986762936221419,71
32469,1973,3,12,159.68,0.2253521126760563,0.0985425859072068,71
32470,1999,3,12,219.12,0.2253521126760563,0.0985425859072068,71
32471,1978,3,12,131.72,0.2253521126760563,0.1108436956812407,71
32472,1969,3,12,317.86,0.2253521126760563,0.2197486294959219,71
32473,1973,3,12,265.61,0.2253521126760563,0.2123278513170209,71
32477,1974,3,12,,0.2253521126760563,0.0994785399117529,71
32478,1970,3,12,518.41,0.2253521126760563,0.099612247626688,71
32479,1970,3,12,163.6,0.2253521126760563,0.0996791014841556,71
32480,1975,3,12,163.46,0.2253521126760563,0.0998128091990907,71
32481,1973,3,12,217.84,0.2253521126760563,0.0998796630565583,71
32484,1974,3,12,383.46,0.2253521126760563,0.100080224628961,71
32485,1973,3,12,825.64,0.4647887323943662,0.0,71
32486,1970,3,12,840.44,0.7323943661971831,0.0994785399117529,71
32491,1974,3,12,515.59,0.7323943661971831,0.1001470784864286,71
32495,1989,3,12,389.88,0.7323943661971831,0.1003476400588313,71
32496,1970,3,12,545.1,0.7323943661971831,0.1005482016312341,71
32499,1970,3,12,,0.7323943661971831,0.1007487632036368,79
32503,1974,9,12,1366.23,0.0704225352112676,0.2086508891563043,79
32510,1965,3,12,66.86,0.971830985915493,0.0798235058162855,71
32515,1953,3,12,78.29,0.9859154929577464,0.0810268752507019,48
32517,1959,3,12,73.32,0.9859154929577464,0.0814948522529749,71
32523,1978,3,12,1097.09,0.5352112676056338,0.1758256451397245,71
32527,1960,6,12,117.28,0.2112676056338028,0.0780853055221286,48
32528,1960,6,12,35.24,0.2253521126760563,0.0796897981013504,48
32531,1972,3,12,92.87,0.9859154929577464,0.0806257521058965,71
32536,1966,3,12,228.77,0.5774647887323944,0.207915496724161,71
32550,1948,3,12,58.26,0.2253521126760563,0.0540179168338013,71
32556,1967,3,12,100.35,0.4647887323943662,0.0803583366760262,71
32559,1966,3,12,91.95,0.4647887323943662,0.0794892365289477,48
32562,1975,3,12,172.64,0.7323943661971831,0.0824976601149886,71
32564,1974,3,12,98.74,0.7183098591549296,0.0824976601149886,79
32566,1978,3,12,100.89,0.7323943661971831,0.0823639524000534,79
32569,1964,3,12,104.0,0.7323943661971831,0.0821633908276507,71
32572,1970,3,12,72.84,0.7183098591549296,0.0820296831127155,71
32575,1972,3,12,100.88,0.7183098591549296,0.081962829255248,71
32577,1977,3,12,54.21,0.7323943661971831,0.0818291215403128,71
32581,2022,3,12,89.52,0.971830985915493,0.0826982216873913,48
32585,1973,3,12,88.57,0.971830985915493,0.0816954138253777,71
32588,1973,3,12,77.28,0.2112676056338028,0.0803583366760262,48
32597,1973,3,12,86.8,0.2112676056338028,0.079756651958818,79
32603,2007,3,12,92.83,0.2112676056338028,0.0793555288140125,48
32621,1948,3,12,53.8,0.7323943661971831,0.0545527476935419,79
32625,2010,6,12,211.84,0.2112676056338028,0.0815617061104425,48
32627,1948,6,12,107.97,0.971830985915493,0.0792886749565449,48
32630,1952,3,12,97.85,0.971830985915493,0.0805588982484289,79
32632,1950,3,12,71.17,0.971830985915493,0.0810937291081695,71
32638,1954,3,12,94.5,0.2112676056338028,0.0801577751036234,48
32648,1961,3,12,76.64,0.4647887323943662,0.082430806257521,71
32651,1983,3,12,65.89,0.7323943661971831,0.0554218478406203,71
32654,1950,3,12,43.78,0.7323943661971831,0.0550875785532825,79
32664,2008,3,12,63.36,0.2253521126760563,0.0550207246958149,48
32667,2024,3,12,,0.2112676056338028,0.0550875785532825,48
32673,1960,3,12,83.41,0.4647887323943662,0.0801577751036234,48
32675,1988,3,12,70.72,0.4647887323943662,0.0803583366760262,71
32678,1960,3,12,56.58,0.7183098591549296,0.0814948522529749,71
32686,1960,3,12,46.63,0.971830985915493,0.0813611445380398,48
32696,1970,3,12,127.15,0.2112676056338028,0.0791549672416098,79
32698,2008,3,12,97.71,0.2112676056338028,0.0795560903864153,48
32700,1970,3,12,133.74,0.4647887323943662,0.0843027142666131,71
32702,1958,3,12,86.34,0.4647887323943662,0.0817622676828453,79
32705,1979,3,12,86.28,0.4647887323943662,0.0805588982484289,71
32708,2017,3,12,115.85,0.4647887323943662,0.0792886749565449,48
32711,1950,3,12,86.11,0.7323943661971831,0.0547533092659446,71
32714,1970,3,12,113.33,0.7323943661971831,0.0547533092659446,71
32716,1952,3,12,,0.7323943661971831,0.0549538708383473,48
32718,1960,3,12,79.67,0.7323943661971831,0.0550875785532825,71
32720,1950,3,12,,0.7323943661971831,0.0551544324107501,48
32725,1967,3,12,131.06,0.971830985915493,0.0799572135312207,71
32728,2001,3,12,45.21,0.971830985915493,0.0794223826714801,48
32730,1975,3,12,49.18,0.971830985915493,0.0792218210990774,48
32735,1958,3,12,77.31,0.2112676056338028,0.0527476935419173,79
32744,1971,3,12,82.81,0.4647887323943662,0.0799572135312207,71
32751,1979,3,12,66.77,0.7183098591549296,0.0799572135312207,71
32759,1961,3,12,59.26,0.7183098591549296,0.0790212595266746,71
32761,1961,3,12,59.51,0.7183098591549296,0.0789544056692071,71
32762,1971,3,12,74.78,0.7183098591549296,0.0788875518117395,71
32770,1992,3,12,107.51,0.2112676056338028,0.0536167936889958,48
32780,1975,3,12,93.34,0.2112676056338028,0.0530151089717876,71
32782,1953,3,12,76.86,0.2112676056338028,0.0527476935419173,71
32786,1956,6,12,30.84,0.2112676056338028,0.0524134242545794,79
32790,1953,3,12,71.84,0.2112676056338028,0.052012301109774,71
32794,1954,3,12,69.35,0.4647887323943662,0.0796229442438828,71
32802,1987,3,12,55.74,0.7183098591549296,0.0804920443909613,48
32816,1968,3,12,66.29,0.2112676056338028,0.0807594598208316,71
32821,1970,3,12,67.35,0.2112676056338028,0.0818291215403128,71
32823,1970,3,12,69.85,0.2112676056338028,0.0820965369701831,71
32830,1988,3,12,56.64,0.4647887323943662,0.0784195748094665,79
32843,2021,3,12,31.26,0.7183098591549296,0.0524134242545794,48
32848,1969,3,12,78.54,0.971830985915493,0.0796229442438828,71
32850,1964,6,12,148.05,0.2112676056338028,0.0807594598208316,79
32852,1968,3,12,111.44,0.2112676056338028,0.0807594598208316,79
32855,1969,3,12,84.23,0.2112676056338028,0.0806257521058965,71
32861,1964,6,12,73.87,0.2112676056338028,0.0804251905334937,79
32864,1967,3,12,72.56,0.2112676056338028,0.0803583366760262,71
32867,1966,3,12,,0.2112676056338028,0.0803583366760262,71
32873,1970,3,12,96.09,0.4788732394366197,0.0814279983955074,71
32875,2019,3,12,58.67,0.7183098591549296,0.0553549939831528,48
32880,1969,3,12,70.17,0.7183098591549296,0.0551544324107501,71
32887,1999,3,12,54.98,0.7183098591549296,0.0548201631234122,48
32889,1969,3,12,65.76,0.7323943661971831,0.0548201631234122,71
32897,1958,3,12,158.69,0.971830985915493,0.0801577751036234,48
32904,1962,3,12,128.85,0.4647887323943662,0.0800240673886883,48
32913,2020,3,12,756.55,0.3380281690140845,0.1802379997325845,48
32916,2010,3,12,202.53,0.971830985915493,0.0798235058162855,48
32922,1969,3,12,130.58,0.971830985915493,0.3547265677229576,71
32926,1978,3,12,65.35,0.2112676056338028,0.0527476935419173,71
32931,1972,3,12,76.82,0.2112676056338028,0.0528145473993849,71
32933,1976,6,12,76.51,0.2253521126760563,0.05294825511432,48
32935,1998,3,12,55.01,0.2112676056338028,0.0528814012568525,48
32937,1970,3,12,96.38,0.2112676056338028,0.05294825511432,71
32943,1976,3,12,93.53,0.2112676056338028,0.0530819628292552,79
32946,1969,3,12,65.66,0.2112676056338028,0.0532156705441903,48
32948,1970,3,12,71.25,0.2112676056338028,0.0532156705441903,79
32955,1986,3,12,54.99,0.4647887323943662,0.080224628961091,48
32962,1970,3,12,61.51,0.7183098591549296,0.0638454338815349,71
32964,1968,3,12,56.05,0.7183098591549296,0.168338013103356,48
32981,1975,3,12,54.33,0.7183098591549296,0.0798903596737531,71
33005,1971,3,12,270.95,0.0422535211267605,0.1684048669608236,71
33007,1973,3,12,270.25,0.7183098591549296,0.1202700895841689,71
33032,1988,3,12,873.08,0.5352112676056338,0.3461692739671079,71
33034,1988,3,12,587.15,0.0985915492957746,0.3892231581762267,71
33035,1988,3,12,441.96,0.5352112676056338,0.3178232384008557,71
33037,1988,3,12,,0.4929577464788732,0.7430806257521059,71
33042,1950,3,12,186.77,0.352112676056338,0.0796229442438828,48
33044,1950,3,12,763.94,0.4788732394366197,0.1483487097205508,71
33045,1973,3,12,5047.77,0.9859154929577464,0.2395373713063243,71
33046,1968,3,12,326.15,0.9859154929577464,0.1795026073004412,71
33047,1970,3,12,309.33,0.0985915492957746,0.0794892365289477,71
33048,1976,3,12,508.34,0.0985915492957746,0.0795560903864153,71
33049,1976,3,12,487.85,0.2253521126760563,0.1792351918705709,71
33050,1976,3,12,467.35,0.352112676056338,0.4591522930873111,71
33055,1966,3,12,153.9,0.8591549295774648,0.0792886749565449,71
33057,1970,3,12,164.37,0.8591549295774648,0.0794892365289477,71
33059,1961,3,12,33.48,0.6056338028169014,0.0807594598208316,71
33060,1960,3,12,1094.14,0.9859154929577464,0.3021125818959753,71
33062,1968,3,12,32.7,0.352112676056338,0.0785532825244016,71
33064,1965,3,12,868.07,0.8591549295774648,0.1793020457280384,79
33067,1970,3,12,533.39,0.8591549295774648,0.1800374381601818,48
33073,1986,3,12,107.44,0.352112676056338,0.0786869902393368,79
33075,1967,6,12,209.75,0.352112676056338,0.0787538440968043,71
33080,1972,3,12,257.41,0.2957746478873239,0.0610375718678967,71
33084,1999,9,12,512.21,0.4788732394366197,0.2953603422917502,48
33088,1983,3,12,204.8,0.0845070422535211,0.056424655702634,71
33092,1976,9,12,164.23,0.352112676056338,0.0508089316753576,79
33094,2005,3,12,89.44,0.352112676056338,0.0509426393902928,48
33096,1955,3,12,90.73,0.352112676056338,0.0510763471052279,71
33121,1966,3,12,302.45,0.352112676056338,0.1381200695280117,71
33132,2009,3,12,820.25,0.2816901408450704,0.0,48
33139,2018,3,12,,0.2253521126760563,0.0,48
33141,2021,3,12,597.87,0.0140845070422535,0.1726835138387484,71
33146,2019,3,12,316.49,0.0,0.1682711592458884,48
33148,1979,3,12,113.91,0.323943661971831,0.0,79
33151,2004,3,12,,0.0704225352112676,0.082898783259794,48
33154,1983,3,12,,0.3380281690140845,0.0373713063243749,48
33157,1990,3,12,69.45,0.323943661971831,0.0244016579756651,48
33160,1983,3,12,,0.8309859154929577,0.0444578152159379,48
33164,1991,3,12,184.86,0.323943661971831,0.0413156839149618,71
33172,1991,3,12,,0.323943661971831,0.0435887150688594,79
33174,1979,3,12,132.64,0.0704225352112676,0.0874448455675892,71
33177,2015,3,12,,0.2676056338028169,0.1176627891429335,48
33181,1973,6,12,,0.0422535211267605,0.0526808396844497,79
33185,1948,3,12,,0.0422535211267605,0.0591656638588046,48
33196,2008,3,12,136.76,0.0422535211267605,0.0572269019922449,48
33199,2012,3,12,,0.2816901408450704,0.0,48
33202,1994,3,12,118.38,0.8169014084507042,0.0666532958951731,79
33204,1995,3,12,135.78,0.8309859154929577,0.1632571199358203,48
33206,1981,3,12,150.62,0.3098591549295774,0.0671881267549137,71
33209,1989,6,12,,0.0140845070422535,0.2626688059901056,79
33212,1971,3,12,,0.2112676056338028,0.0679235191870571,48
33215,1990,6,12,24.0,0.2112676056338028,0.0682577884743949,48
33219,1989,3,12,29.84,0.323943661971831,0.0938628158844765,48
33223,1989,3,12,,0.323943661971831,0.063043187591924,48
33225,1989,3,12,65.85,0.3098591549295774,0.0636448723091322,71
33227,1993,3,12,107.72,0.704225352112676,0.0751437357935552,48
33230,1996,3,12,138.99,0.704225352112676,0.0716673352052413,48
33235,1991,3,12,72.68,0.7323943661971831,0.0662521727503677,48
33244,1996,3,12,115.31,0.7464788732394366,0.0728707046396577,48
33249,1989,3,12,,0.323943661971831,0.0624415028747158,48
33252,1989,3,12,71.42,0.323943661971831,0.063511164594197,48
33255,1989,6,12,45.32,0.323943661971831,0.0632437491643267,79
33271,1971,6,12,,0.2112676056338028,0.0722021660649819,79
33275,2007,3,12,,0.7183098591549296,0.0657841957480946,48
33278,1971,3,12,,0.2112676056338028,0.0720684583500467,71
33280,1953,3,12,176.39,0.7183098591549296,0.0677898114721219,71
33283,2006,3,12,,0.7183098591549296,0.0654499264607567,48
33287,1996,3,12,,0.323943661971831,0.0937291081695413,48
33290,2008,3,12,,0.2112676056338028,0.0725364353523198,48
33297,1964,6,12,119.17,0.1690140845070422,0.055956678700361,79
33306,2012,3,12,,0.5070422535211268,0.2113918973124749,48
33309,2008,3,12,,0.1549295774647887,0.0560235325578285,48
33315,2008,3,12,,0.1690140845070422,0.0560235325578285,48
33318,1963,6,12,,0.676056338028169,0.0558229709854258,48
33321,2002,3,12,,0.6197183098591549,0.2346570397111913,48
33324,2017,3,12,,0.5915492957746479,0.0552881401256852,48
33329,2004,3,12,75.17,0.6338028169014085,0.0658510496055622,48
33340,2003,3,12,56.42,0.676056338028169,0.0554218478406203,48
33344,2000,3,12,,0.9014084507042254,0.3241075010028078,48
33346,1991,3,12,363.53,0.8028169014084507,0.0,71
33347,1990,3,12,757.57,0.8309859154929577,0.0,71
33351,2019,3,12,46.11,0.9154929577464788,0.0,79
33352,1988,3,12,58.44,0.3943661971830985,0.0702634041984222,71
33353,1989,3,12,2982.38,0.3943661971830985,0.0689263270490707,71
33354,1991,3,12,536.04,0.8159904575017596,0.0,71
33363,1990,3,12,,0.4507042253521127,0.1900655167803182,36
33367,1990,3,12,,0.5633802816901409,0.1317020992111244,79
33373,1970,3,12,,0.7323943661971831,0.1039577483620805,71
33375,1973,3,12,92.92,0.7323943661971831,0.1016847172081829,71
33376,1966,3,12,1199.3,0.7323943661971831,0.1015510094932477,71
33377,1965,3,12,1819.5,0.4647887323943662,0.2321165931274234,71
33378,1970,3,12,18.02,0.4647887323943662,0.2073806658644203,71
33379,1970,3,12,27.39,0.7323943661971831,0.100882470918572,71
33381,1983,3,12,177.75,0.7323943661971831,0.0990774167669474,71
33383,1973,3,12,300.0,0.2112676056338028,0.0781521593795961,71
33384,1966,3,12,415.1,0.2112676056338028,0.0786869902393368,71
33385,1970,3,12,415.32,0.2112676056338028,0.0788206979542719,71
33388,1970,3,12,160.87,0.2112676056338028,0.0790212595266746,71
33389,1969,3,12,158.98,0.2112676056338028,0.0790881133841422,71
33391,2010,3,12,203.09,0.4647887323943662,0.0988100013370771,79
33392,1973,3,12,364.72,0.4647887323943662,0.0988100013370771,71
33393,1971,3,12,190.34,0.4647887323943662,0.0988100013370771,71
33394,1988,3,12,242.21,0.4647887323943662,0.0988100013370771,71
33395,1989,3,12,269.53,0.4647887323943662,0.0988768551945447,71
33396,1982,3,12,345.87,0.7323943661971831,0.1000133707714935,71
33399,1999,6,12,357.14,0.7183098591549296,0.0996791014841556,71
33405,1967,3,12,132.06,0.028169014084507,0.1778981147212193,71
33406,1960,3,12,3298.23,0.028169014084507,0.2331862548469046,71
33408,1989,3,12,661.13,0.5352112676056338,0.1230110977403396,71
33410,1960,3,12,489.61,0.7323943661971831,0.0997459553416232,71
33414,1968,3,12,65.01,0.971830985915493,0.0809600213932343,71
33416,1950,3,12,38.65,0.971830985915493,0.0808263136782992,79
33424,2004,3,12,571.93,0.2112676056338028,0.0762133975130365,71
33427,1998,6,12,922.23,0.7323943661971831,0.0800240673886883,48
33429,2006,9,12,433.54,0.2112676056338028,0.0769487899451798,79
33445,1950,3,12,70.3,0.2112676056338028,0.0787538440968043,71
33450,1950,3,12,31.0,0.2112676056338028,0.0790212595266746,79
33453,1946,3,12,68.13,0.2112676056338028,0.0790212595266746,79
33457,1968,3,12,96.89,0.2112676056338028,0.0792886749565449,71
33461,1963,3,12,70.95,0.4647887323943662,0.0810268752507019,71
33464,1960,3,12,120.38,0.4647887323943662,0.0807594598208316,71
33471,1964,3,12,91.45,0.7183098591549296,0.053750501403931,79
33477,1965,6,12,75.86,0.7183098591549296,0.0535499398315282,79
33483,1952,6,12,120.82,0.7183098591549296,0.0806257521058965,48
33485,1947,3,12,83.98,0.971830985915493,0.0796897981013504,48
33487,1954,3,12,89.34,0.971830985915493,0.0798235058162855,71
33492,1947,3,12,118.13,0.2112676056338028,0.0535499398315282,71
33496,1950,3,12,72.63,0.2112676056338028,0.053750501403931,71
33498,1944,3,12,75.47,0.2112676056338028,0.053750501403931,71
33502,1946,3,12,68.55,0.2112676056338028,0.053750501403931,71
33513,1955,3,12,78.2,0.7183098591549296,0.0796897981013504,79
33523,1950,3,12,74.71,0.7183098591549296,0.0803583366760262,48
33526,1969,3,12,83.67,0.7183098591549296,0.0805588982484289,48
33534,1950,6,12,63.73,0.2112676056338028,0.0808931675357668,79
33540,1944,3,12,73.23,0.4647887323943662,0.0808931675357668,48
33542,1943,3,12,88.07,0.4647887323943662,0.0809600213932343,71
33545,1941,3,12,22.69,0.7183098591549296,0.0550207246958149,48
33548,1943,3,12,67.71,0.7183098591549296,0.0553549939831528,48
33553,2003,3,12,133.95,0.7183098591549296,0.0808931675357668,48
33557,1950,3,12,61.85,0.971830985915493,0.0804920443909613,48
33560,2012,3,12,41.06,0.2112676056338028,0.0541516245487364,48
33561,1999,3,12,118.78,0.2253521126760563,0.0542853322636716,71
33567,1950,3,12,102.18,0.4647887323943662,0.0814279983955074,71
33570,1952,3,12,80.53,0.4647887323943662,0.0814279983955074,48
33578,1950,3,12,72.51,0.971830985915493,0.0781521593795961,48
33582,1951,3,12,31.99,0.2112676056338028,0.0558898248428934,48
33612,1963,3,12,33.83,0.2112676056338028,0.0532825244016579,48
33616,1992,3,12,13.29,0.2112676056338028,0.0534162321165931,79
33619,1960,3,12,63.47,0.2112676056338028,0.0539510629763337,71
33621,1948,3,12,137.67,0.4647887323943662,0.0804251905334937,71
33629,1960,3,12,70.56,0.7183098591549296,0.0803583366760262,79
33637,1961,3,12,62.75,0.7183098591549296,0.0804920443909613,71
33644,1978,3,12,85.0,0.7183098591549296,0.0804920443909613,71
33647,1950,3,12,101.63,0.971830985915493,0.079756651958818,79
33660,1957,3,12,131.68,0.4647887323943662,0.0778178900922583,71
33666,1959,3,12,69.5,0.7183098591549296,0.0533493782591255,71
33669,1960,3,12,75.16,0.7183098591549296,0.0532156705441903,48
33675,1973,3,12,71.14,0.7183098591549296,0.05294825511432,71
33677,1949,3,12,71.3,0.7183098591549296,0.05294825511432,48
33679,2012,9,12,383.64,0.2112676056338028,0.0807594598208316,48
33685,2009,3,12,97.17,0.2112676056338028,0.0804920443909613,48
33687,1951,3,12,61.24,0.2112676056338028,0.080692605963364,48
33693,1951,3,12,44.41,0.2112676056338028,0.0804920443909613,48
33700,1953,3,12,72.79,0.2112676056338028,0.0803583366760262,71
33702,1948,3,12,82.47,0.2112676056338028,0.0802914828185586,48
33706,1981,3,12,98.79,0.4647887323943662,0.0784195748094665,71
33709,1949,6,12,14.5,0.7183098591549296,0.0540847706912688,79
33714,1947,3,12,,0.7183098591549296,0.0535499398315282,79
33720,1955,3,12,101.79,0.7183098591549296,0.052480278112047,48
33723,2010,3,12,187.5,0.2112676056338028,0.0805588982484289,48
33725,1960,3,12,137.93,0.971830985915493,0.0796897981013504,71
33742,1934,3,12,45.85,0.2112676056338028,0.0804251905334937,71
33745,2006,3,12,122.7,0.2112676056338028,0.0803583366760262,48
33761,1975,3,12,104.1,0.7183098591549296,0.0533493782591255,71
33764,1988,6,12,146.33,0.7183098591549296,0.0531488166867228,48
33766,2007,3,12,121.5,0.8450704225352113,0.1813076614520657,79
33778,1970,3,12,70.9,0.2112676056338028,0.0535499398315282,48
33780,2022,6,12,62.77,0.2112676056338028,0.0536836475464634,48
33782,1989,3,12,51.19,0.2112676056338028,0.0538173552613985,79
33787,1972,3,12,85.01,0.2112676056338028,0.0542853322636716,71
33790,1970,3,12,95.82,0.4647887323943662,0.0796229442438828,79
33792,1968,3,12,84.65,0.4647887323943662,0.0799572135312207,71
33798,2003,3,12,73.77,0.7183098591549296,0.0830324909747292,48
33816,1971,3,12,69.6,0.2112676056338028,0.0802914828185586,71
33818,1988,6,12,50.27,0.2112676056338028,0.0802914828185586,79
33823,2018,3,12,66.22,0.2112676056338028,0.0802914828185586,48
33839,1969,3,12,69.25,0.7183098591549296,0.0527476935419173,71
33847,1976,3,12,108.52,0.7183098591549296,0.0532156705441903,48
33850,2009,3,12,62.55,0.2112676056338028,0.080224628961091,48
33858,1964,6,12,47.91,0.7183098591549296,0.0830993448321968,79
33861,1964,3,12,67.45,0.2112676056338028,0.0532156705441903,79
33866,1976,3,12,77.77,0.2112676056338028,0.0528814012568525,71
33868,1965,3,12,73.02,0.2112676056338028,0.0527476935419173,48
33871,1930,3,12,55.71,0.2112676056338028,0.0526139858269822,48
33875,2004,3,12,17.71,0.2112676056338028,0.0525471319695146,48
33896,1964,6,12,90.99,0.7183098591549296,0.0866425992779783,48
33901,1972,3,12,98.31,0.971830985915493,0.0796229442438828,71
33905,1966,6,12,75.02,0.971830985915493,0.0802914828185586,48
33910,1978,3,12,112.39,0.2112676056338028,0.0527476935419173,48
33915,1970,3,12,65.68,0.2112676056338028,0.0526808396844497,48
33918,2001,3,12,74.94,0.2112676056338028,0.0526808396844497,48
33920,1965,3,12,55.46,0.2112676056338028,0.0526808396844497,71
33924,1970,3,12,47.31,0.4647887323943662,0.0798903596737531,48
33927,1966,3,12,64.38,0.4647887323943662,0.079756651958818,79
33932,1988,3,12,58.49,0.7183098591549296,0.0802914828185586,48
33939,1962,3,12,49.9,0.7183098591549296,0.0802914828185586,48
33941,1969,3,12,55.45,0.7183098591549296,0.0803583366760262,71
33943,1967,3,12,32.36,0.7183098591549296,0.0802914828185586,71
33946,1975,3,12,72.86,0.7183098591549296,0.0802914828185586,71
33948,1977,3,12,100.21,0.7183098591549296,0.0802914828185586,71
33956,1967,3,12,46.44,0.9577464788732394,0.0799572135312207,48
33957,1960,3,12,118.43,0.2112676056338028,0.0796897981013504,79
33959,1978,3,12,58.62,0.2112676056338028,0.0801577751036234,71
33961,1967,3,12,62.12,0.2112676056338028,0.1804385613049872,71
33967,1966,3,12,76.75,0.2112676056338028,0.0804920443909613,71
33969,2007,3,12,83.79,0.4647887323943662,0.1061639256585104,48
33983,1972,3,12,55.44,0.971830985915493,0.1041583099344832,71
33986,1970,3,12,119.54,0.971830985915493,0.1056290947987698,71
33988,1968,3,12,82.72,0.971830985915493,0.1064313410883807,71
33991,1968,6,12,41.71,0.2112676056338028,0.0528145473993849,79
33996,1970,3,12,67.87,0.2112676056338028,0.0527476935419173,71
33999,1970,3,12,94.34,0.2112676056338028,0.0527476935419173,71
34009,2022,3,12,17.72,0.2112676056338028,0.0526139858269822,48
34014,2006,3,12,100.18,0.4647887323943662,0.0796897981013504,48
34024,1970,3,12,65.73,0.7183098591549296,0.0801577751036234,71
34031,1973,3,12,,0.7183098591549296,0.0791549672416098,79
34035,1968,3,12,54.0,0.7183098591549296,0.0786869902393368,79
34043,1954,6,12,97.66,0.971830985915493,0.1065650488033159,48
34049,1970,3,12,88.04,0.2112676056338028,0.0795560903864153,71
34055,1965,3,12,56.24,0.2112676056338028,0.0792886749565449,48
34057,1950,3,12,65.64,0.2112676056338028,0.0792886749565449,48
34061,1967,3,12,54.46,0.2112676056338028,0.0791549672416098,48
34064,1969,3,12,66.77,0.2112676056338028,0.0790881133841422,71
34067,1967,3,12,68.6,0.2112676056338028,0.0790212595266746,71
34069,1969,3,12,71.02,0.2112676056338028,0.0789544056692071,71
34071,1967,3,12,68.78,0.2112676056338028,0.0789544056692071,71
34080,1963,3,12,54.29,0.2112676056338028,0.0786201363818692,48
34082,1958,3,12,102.87,0.2112676056338028,0.0786869902393368,71
34085,1965,3,12,80.9,0.4647887323943662,0.0814948522529749,71
34086,1960,3,12,21.27,0.7183098591549296,0.0525471319695146,71
34090,1957,3,12,67.21,0.7183098591549296,0.0526139858269822,71
34099,1956,3,12,68.7,0.7183098591549296,0.0527476935419173,48
34101,1971,3,12,109.18,0.7183098591549296,0.0526808396844497,71
34106,1968,3,12,61.37,0.7183098591549296,0.0528145473993849,71
34112,1979,3,12,55.51,0.9577464788732394,0.4434416365824307,79
34114,2010,3,12,104.97,0.0845070422535211,0.2069795427196149,48
34117,1966,3,12,55.1,0.2112676056338028,0.0784195748094665,71
34121,1975,3,12,90.13,0.2112676056338028,0.0789544056692071,71
34123,1968,6,12,67.64,0.2112676056338028,0.0792218210990774,48
34135,1970,3,12,,0.2112676056338028,0.0811605829656371,71
34137,1958,3,12,63.82,0.2112676056338028,0.0813611445380398,48
34140,1965,3,12,6.55,0.2112676056338028,0.0814948522529749,79
34147,1968,3,12,79.57,0.4647887323943662,0.0796229442438828,71
34150,1965,3,12,75.38,0.7183098591549296,0.0534162321165931,48
34154,1993,3,12,79.21,0.7183098591549296,0.0532156705441903,48
34156,1974,3,12,68.36,0.7183098591549296,0.0532156705441903,71
34164,1964,3,12,67.68,0.7183098591549296,0.05294825511432,48
34166,1966,3,12,66.65,0.7183098591549296,0.0528814012568525,71
34181,1962,3,12,91.31,0.0,0.2818558630832998,71
34184,1960,3,12,37.29,0.0,0.1006819093461692,48
34187,1960,3,12,77.0,0.2112676056338028,0.0768819360877122,48
34200,1975,3,12,5.93,0.4788732394366197,0.502674154298703,71
34205,1961,3,12,,0.0985915492957746,0.0795560903864153,48
34207,1964,3,12,122.11,0.0985915492957746,0.0794892365289477,71
34209,1964,3,12,125.74,0.0985915492957746,0.0795560903864153,71
34211,1970,3,12,334.86,0.352112676056338,0.0798903596737531,71
34215,1962,3,12,94.39,0.6056338028169014,0.1068324642331862,48
34216,1963,3,12,11.97,0.6056338028169014,0.1065650488033159,71
34219,1963,6,12,124.25,0.8591549295774648,0.0793555288140125,48
34231,1962,3,12,67.94,0.352112676056338,0.0808263136782992,48
34233,1957,3,12,51.73,0.0985915492957746,0.1242813210322235,48
34241,1957,3,12,60.38,0.0985915492957746,0.0813611445380398,71
34244,1957,3,12,52.55,0.352112676056338,0.0793555288140125,48
34256,1962,3,12,112.88,0.9859154929577464,0.1787672148682978,71
34259,1967,3,12,163.13,0.0985915492957746,0.0800240673886883,71
34260,1964,3,12,437.79,0.0985915492957746,0.0800909212461559,71
34265,1963,3,12,21.62,0.352112676056338,0.0798903596737531,71
34267,1966,3,12,156.47,0.352112676056338,0.0798903596737531,71
34269,1964,3,12,69.61,0.352112676056338,0.0798235058162855,71
34271,1964,3,12,98.23,0.352112676056338,0.0798235058162855,71
34275,1962,3,12,71.95,0.4788732394366197,0.18063912287739,71
34279,2004,3,12,230.61,0.7323943661971831,0.1791683380131033,71
34284,1963,6,12,30.0,0.8591549295774648,0.0786869902393368,48
34289,1990,3,12,132.22,0.6056338028169014,0.0845032758390159,71
34292,2016,3,12,415.38,0.6056338028169014,0.0843695681240807,48
34295,1976,3,12,57.08,0.0985915492957746,0.0866425992779783,71
34299,1963,3,12,18.0,0.6056338028169014,0.0795560903864153,71
34302,1963,3,12,327.71,0.7323943661971831,0.2007621339751303,71
34303,1963,3,12,921.32,0.0985915492957746,0.145006016847172,71
34304,1963,3,12,668.91,0.0985915492957746,0.0798235058162855,71
34307,1970,3,12,104.23,0.352112676056338,0.0798235058162855,71
34310,1966,3,12,102.78,0.352112676056338,0.0804251905334937,71
34316,1960,3,12,181.02,0.4788732394366197,0.1790346302981681,71
34319,1964,3,12,134.38,0.6056338028169014,0.0798235058162855,71
34322,1964,3,12,141.17,0.6056338028169014,0.0798235058162855,71
34324,1970,3,12,109.27,0.8591549295774648,0.2104559433079288,79
34332,1968,6,12,138.51,0.8591549295774648,0.0800909212461559,48
34334,1970,3,12,104.14,0.8591549295774648,0.0800240673886883,71
34336,1970,3,12,112.37,0.8591549295774648,0.0800240673886883,71
34340,1965,3,12,153.03,0.8591549295774648,0.0799572135312207,71
34342,1965,3,12,123.63,0.8591549295774648,0.0798903596737531,71
34346,2005,3,12,160.82,0.0985915492957746,0.0211258189597539,48
34363,1986,3,12,75.16,0.352112676056338,0.0798903596737531,48
34366,1971,6,12,87.91,0.352112676056338,0.0799572135312207,48
34368,1970,3,12,116.65,0.352112676056338,0.0799572135312207,71
34371,1962,3,12,119.62,0.352112676056338,0.0800240673886883,79
34373,1965,3,12,,0.352112676056338,0.0800909212461559,79
34376,1968,3,12,250.57,0.352112676056338,0.0801577751036234,71
34380,2011,3,12,516.06,0.7746478873239436,0.1854526006150554,79
34381,1964,3,12,1031.78,0.7323943661971831,0.1420644471185987,71
34385,1977,6,12,,0.8591549295774648,0.0787538440968043,71
34387,1964,3,12,115.25,0.8591549295774648,0.0787538440968043,71
34392,1962,3,12,,0.8591549295774648,0.0786201363818692,71
34394,1961,3,12,93.61,0.8591549295774648,0.0786201363818692,71
34396,1963,3,12,117.07,0.8591549295774648,0.0786201363818692,71
34398,1970,3,12,124.8,0.8591549295774648,0.0786201363818692,71
34400,1969,3,12,117.33,0.8591549295774648,0.0786201363818692,71
34404,2000,3,12,,0.1690140845070422,0.7099211124481882,79
34407,1973,3,12,108.37,0.4788732394366197,0.1994919106832464,71
34413,1964,3,12,84.48,0.8591549295774648,0.0800909212461559,71
34420,1967,3,12,,0.352112676056338,0.0801577751036234,79
34422,1963,3,12,86.8,0.352112676056338,0.0801577751036234,71
34427,1970,3,12,99.8,0.352112676056338,0.0800909212461559,71
34429,1956,3,12,57.13,0.352112676056338,0.0801577751036234,48
34431,1968,3,12,159.87,0.352112676056338,0.0801577751036234,71
34433,1966,3,12,137.02,0.352112676056338,0.0800909212461559,71
34437,1963,3,12,,0.4647887323943662,0.1963497793822703,71
34439,1980,3,12,230.71,0.7323943661971831,0.267014306725498,71
34441,1964,3,12,151.96,0.8732394366197183,0.1915363016446048,71
34443,1979,3,12,,0.9154929577464788,0.2751036234790747,71
34444,1968,3,12,168.85,0.9014084507042254,0.1844497927530418,71
34448,2000,3,12,288.36,0.971830985915493,0.0600347640058831,71
34451,2003,3,12,429.85,0.1690140845070422,0.7877390025404465,71
34497,2001,3,12,,0.352112676056338,0.1496189330124347,71
34508,2009,18,12,,0.5352112676056338,0.2809867629362214,71
34511,2023,3,12,,0.2112676056338028,0.0532825244016579,79
34514,2006,3,12,,0.2112676056338028,0.0518117395373713,79
34518,2011,6,12,,0.5774647887323944,0.0826982216873913,79
34522,1981,3,12,90.04,0.8873239436619719,0.0234657039711191,48
34525,1980,3,12,,0.6619718309859155,0.086375183848108,71
34530,2015,3,12,36.54,0.647887323943662,0.1121139189731247,48
34534,2003,6,12,,0.5774647887323944,0.1549672416098408,48
34538,1986,3,12,,0.5774647887323944,0.0870437224227837,79
34543,2022,6,12,306.29,0.647887323943662,0.0895841690065516,79
34546,2008,3,12,,0.5774647887323944,0.084636983553951,48
34550,2018,3,12,,0.5774647887323944,0.1222757053081962,48
34553,2004,3,12,,0.647887323943662,0.0816954138253777,48
34557,1965,6,12,,0.5774647887323944,0.0831661986896643,48
34560,2016,3,12,63.47,0.5774647887323944,0.2037037037037037,48
34562,1999,3,12,134.03,0.8169014084507042,0.0671881267549137,48
34564,1999,3,12,127.99,0.0,0.2400722021660649,48
34566,2000,3,12,122.14,0.1830985915492957,0.0666532958951731,48
34568,2002,3,12,123.99,0.8169014084507042,0.066987565182511,48
34571,1942,3,12,,0.2816901408450704,0.0,79
34574,1976,3,12,,0.6901408450704225,0.0679235191870571,48
34577,1997,3,12,30.07,0.8309859154929577,0.0689931809065383,48
34579,1997,3,12,156.48,0.8309859154929577,0.0999465169140259,48
34581,1996,3,12,102.0,0.2816901408450704,0.0,48
34584,1972,3,12,,0.8309859154929577,0.0685920577617328,48
34586,1972,3,12,119.08,0.2816901408450704,0.0,48
34590,1991,6,12,,0.8309859154929577,0.0681909346169273,79
34593,2011,3,12,,0.1549295774647887,0.0679235191870571,48
34596,2010,3,12,,0.2816901408450704,0.0,48
34599,1975,3,12,,0.8309859154929577,0.0679235191870571,48
34602,1977,3,12,,0.6901408450704225,0.063043187591924,79
34605,2020,3,12,,0.6901408450704225,0.1179970584302714,79
34609,1955,3,12,12.71,0.323943661971831,0.0677898114721219,71
34612,1988,3,12,23.57,0.323943661971831,0.0681909346169273,79
34613,1992,3,12,139.9,0.8309859154929577,0.1181307661452065,48
34616,1997,3,12,66.38,0.323943661971831,0.0687926193341355,79
34619,1998,3,12,,0.8309859154929577,0.0651156571734189,79
34622,1998,3,12,60.46,0.323943661971831,0.0679903730445246,79
34627,1930,3,12,,0.1408450704225352,0.272696884610242,79
34631,1927,3,12,,0.1408450704225352,0.2464901724829522,48
34633,1975,3,12,149.89,0.5774647887323944,0.0782858670945313,48
34635,1988,3,12,1573.32,0.0140845070422535,0.0,71
34638,1992,3,12,1521.1,0.028169014084507,0.0,71
34641,1990,3,12,1065.02,0.4225352112676056,0.4033293221018852,71
34643,1979,3,12,,0.5352112676056338,0.0742746356464768,71
34645,1995,3,12,,0.5352112676056338,0.1073004412354592,71
34646,1971,3,12,68.31,0.9577464788732394,0.0,71
34649,2001,9,12,274.44,0.7323943661971831,0.1374515309533359,79
34652,1973,3,12,28.71,0.1830985915492957,0.1341088380799572,71
34659,1991,3,12,43.1,0.1830985915492957,0.1333065917903463,71
34662,1999,15,12,3141.75,0.2253521126760563,0.0,79
34664,1989,3,12,,0.9154929577464788,0.0874448455675892,71
34665,1989,3,12,2065.99,0.9014084507042254,0.0697285733386816,71
34669,1980,3,12,384.4,0.9014084507042254,0.0723358737799171,71
34676,1989,3,12,,0.2253521126760563,0.1342425457948923,71
34678,1989,3,12,,0.2112676056338028,0.0,79
34681,1989,3,12,,0.2253521126760563,0.1367161385211926,71
34685,1989,3,12,,0.2253521126760563,0.1378526540981414,71
34686,1989,3,12,563.96,0.4647887323943662,0.1182644738601417,71
34689,1989,3,12,,0.4788732394366197,0.1211391897312474,71
34690,1975,3,12,15.14,0.2112676056338028,0.0,71
34692,2011,3,12,2608.89,0.2112676056338028,0.2077149351517582,79
34694,1975,3,12,2268.8,0.1126760563380281,0.3485760128359406,71
34695,1976,3,12,22.51,0.2112676056338028,0.0811605829656371,71
34698,1975,3,12,123.74,0.3098591549295774,0.5752105896510229,71
34699,1975,3,12,825.33,0.4647887323943662,0.0997459553416232,71
34710,1949,3,12,122.45,0.971830985915493,0.1034897713598074,71
34722,1949,3,12,92.14,0.2253521126760563,0.0548870169808798,48
34728,2008,3,12,81.66,0.2112676056338028,0.0550207246958149,48
34731,2008,3,12,247.96,0.7183098591549296,0.0790212595266746,79
34742,1959,3,12,70.09,0.7183098591549296,0.0792218210990774,48
34749,1962,3,12,63.07,0.7183098591549296,0.0788206979542719,71
34753,1961,3,12,103.34,0.7183098591549296,0.0786201363818692,71
34755,1950,3,12,88.91,0.7183098591549296,0.078486428666934,48
34762,1948,3,12,57.28,0.7183098591549296,0.0548201631234122,48
34767,1957,3,12,81.56,0.7183098591549296,0.0550875785532825,48
34773,1941,3,12,98.17,0.971830985915493,0.0796229442438828,48
34781,1956,3,12,71.36,0.2112676056338028,0.0,71
34783,1982,3,12,228.66,0.4647887323943662,0.0843695681240807,79
34787,1950,3,12,96.32,0.4647887323943662,0.0813611445380398,79
34792,1962,3,12,71.89,0.7183098591549296,0.054218478406204,48
34794,1950,3,12,160.48,0.2676056338028169,0.0,48
34797,1942,3,12,168.37,0.7183098591549296,0.0807594598208316,71
34799,1965,3,12,95.12,0.971830985915493,0.0793555288140125,48
34802,1985,3,12,99.07,0.971830985915493,0.0791549672416098,71
34803,1994,3,12,36.25,0.4647887323943662,0.0,79
34813,1948,3,12,76.51,0.7183098591549296,0.0806257521058965,71
34814,1990,6,12,93.81,0.9859154929577464,0.0792218210990774,48
34816,1966,3,12,62.79,0.8591549295774648,0.1811739537371306,71
34822,1999,3,12,55.02,0.2112676056338028,0.0543521861211391,48
34824,1965,3,12,71.83,0.2112676056338028,0.0538173552613985,71
34826,1965,3,12,89.01,0.2112676056338028,0.0536167936889958,48
34828,1973,3,12,61.99,0.2535211267605634,0.054686455408477,71
34834,1958,3,12,66.22,0.2112676056338028,0.0522128626821767,48
34836,1983,6,12,102.87,0.2112676056338028,0.052012301109774,48
34839,1962,3,12,55.83,0.2112676056338028,0.0,48
34844,1951,3,12,74.03,0.4647887323943662,0.0795560903864153,79
34862,1975,3,12,74.12,0.7323943661971831,0.0808263136782992,71
34866,1958,3,12,128.14,0.2112676056338028,0.0547533092659446,71
34868,1960,3,12,,0.2112676056338028,0.0548201631234122,71
34874,1965,3,12,65.06,0.2112676056338028,0.0551544324107501,71
34880,1956,6,12,150.51,0.4647887323943662,0.0808263136782992,48
34882,1981,3,12,69.4,0.4647887323943662,0.0802914828185586,71
34890,1953,3,12,62.1,0.7183098591549296,0.0790881133841422,71
34892,1958,3,12,74.22,0.7183098591549296,0.0790212595266746,48
34897,1958,3,12,173.85,0.7183098591549296,0.0780853055221286,71
34905,1974,3,12,96.42,0.971830985915493,0.0814948522529749,71
34907,1970,3,12,101.24,0.971830985915493,0.0818291215403128,71
34910,1976,3,12,82.48,0.0985915492957746,0.1786335071533627,48
34913,1978,6,12,92.75,0.2112676056338028,0.0792218210990774,71
34915,1970,3,12,105.23,0.2112676056338028,0.0792886749565449,71
34919,1967,3,12,75.22,0.2112676056338028,0.0794223826714801,71
34923,1972,3,12,72.54,0.2112676056338028,0.0795560903864153,71
34925,1976,3,12,75.23,0.2112676056338028,0.0798235058162855,71
34928,1978,3,12,69.27,0.971830985915493,0.0,71
34929,1970,3,12,26.62,0.4647887323943662,0.0773499130899852,71
34934,1968,3,12,83.0,0.7183098591549296,0.0526808396844497,79
34936,1968,3,12,77.78,0.7183098591549296,0.0526808396844497,48
34938,1969,3,12,76.34,0.7183098591549296,0.0526808396844497,71
34941,2005,3,12,57.56,0.7183098591549296,0.0527476935419173,48
34944,1970,3,12,75.2,0.7183098591549296,0.0527476935419173,48
34948,1968,3,12,66.79,0.7183098591549296,0.0527476935419173,48
34952,1972,3,12,244.23,0.8450704225352113,0.1953469715202567,71
34964,1968,3,12,193.3,0.2112676056338028,0.0539510629763337,79
34966,1975,3,12,177.34,0.2112676056338028,0.0539510629763337,71
34968,1972,3,12,29.56,0.2112676056338028,0.0538842091188661,71
34970,1972,6,12,99.85,0.2112676056338028,0.0538173552613985,48
34972,2007,3,12,123.91,0.2112676056338028,0.0538173552613985,48
34974,1968,3,12,,0.2112676056338028,0.0536836475464634,71
34976,1973,9,12,100.41,0.2112676056338028,0.0557561171279582,71
34978,1960,3,12,94.08,0.2120286625216253,0.0,48
34981,1976,3,12,189.44,0.2121122176322994,0.0,71
34983,1965,3,12,228.74,0.2112676056338028,0.0,71
34986,1972,3,12,51.7,0.352112676056338,0.0,79
34989,1973,6,12,80.29,0.4647887323943662,0.096938093327985,48
34992,1962,3,12,32.74,0.4647887323943662,0.0807594598208316,48
34994,1969,3,12,83.41,0.4647887323943662,0.0810937291081695,79
34996,1976,3,12,102.07,0.5915492957746479,0.1786335071533627,71
34999,1966,3,12,76.7,0.7183098591549296,0.0786869902393368,71
35002,1960,3,12,67.99,0.7183098591549296,0.0788206979542719,48
35009,2022,3,12,60.15,0.7183098591549296,0.0790881133841422,48
35015,1960,3,12,70.25,0.7183098591549296,0.0792886749565449,79
35021,1992,3,12,188.94,0.7183098591549296,0.0789544056692071,48
35023,2003,3,12,111.57,0.9577464788732394,0.110175157106565,79
35026,1960,6,12,155.88,0.8450704225352113,0.1684048669608236,48
35029,1980,6,12,104.98,0.9577464788732394,0.0806257521058965,48
35034,1994,3,12,49.8,0.4647887323943662,0.1066319026607835,48
35042,2011,6,12,304.93,0.7183098591549296,0.0812942906805722,48
35045,1970,3,12,52.88,0.5070422535211268,0.1054285332263671,71
35046,1988,3,12,628.64,0.9859154929577464,0.2052413424254579,71
35048,1988,3,12,,0.0985915492957746,0.1066987565182511,71
35050,1988,3,12,,0.0985915492957746,0.1068993180906538,71
35051,1988,3,12,1225.95,0.2957746478873239,0.8711726166599812,71
35052,1985,3,12,32.61,0.1971830985915492,0.8739136248161518,71
35054,1988,3,12,,0.5352112676056338,0.3423586040914561,71
35055,1988,3,12,689.01,0.5352112676056338,0.3296563711726166,71
35057,1988,3,12,,0.6056338028169014,0.4802781120470651,71
35059,1988,3,12,,0.8591549295774648,0.0794892365289477,71
35061,1994,3,12,135.98,0.9859154929577464,0.1974194411017515,48
35063,1970,3,12,83.9,0.2253521126760563,0.0471319695146409,71
35065,1967,3,12,82.64,0.2253521126760563,0.0472656772295761,71
35068,1976,3,12,117.31,0.2253521126760563,0.0471988233721085,71
35076,1967,3,12,53.5,0.6056338028169014,0.1069661719481214,48
35077,1962,3,12,135.9,0.6056338028169014,0.1068993180906538,71
35080,1959,3,12,103.8,0.6056338028169014,0.1067656103757186,48
35083,2003,3,12,139.33,0.6056338028169014,0.1066987565182511,71
35092,1966,3,12,84.6,0.8591549295774648,0.0798903596737531,48
35095,1956,3,12,36.2,0.8591549295774648,0.0798903596737531,71
35097,1963,3,12,17.35,0.8591549295774648,0.0798903596737531,71
35099,1986,3,12,62.85,0.2253521126760563,0.7472255649150955,71
35101,1986,3,12,60.93,0.2253521126760563,0.7456879261933413,71
35103,1986,3,12,61.72,0.2253521126760563,0.7434817488969112,71
35105,1986,3,12,59.51,0.2253521126760563,0.7420778178900922,71
35107,1986,3,12,60.16,0.2253521126760563,0.7401390560235325,71
35109,1986,3,12,61.7,0.2253521126760563,0.7386014173017783,71
35111,1986,3,12,60.96,0.2253521126760563,0.7490974729241876,71
35113,1986,3,12,59.8,0.2253521126760563,0.7476935419173686,71
35115,1986,3,12,59.26,0.2253521126760563,0.9398983821366492,71
35117,1986,3,12,58.91,0.7323943661971831,0.0908543922984356,71
35120,1986,3,12,61.8,0.2253521126760563,0.7406070330258056,71
35122,1986,3,12,59.82,0.2253521126760563,0.749832865356331,71
35124,1986,3,12,60.32,0.2253521126760563,0.7474261264874983,71
35126,1986,3,12,60.04,0.2253521126760563,0.7448856799037304,71
35128,1986,3,12,60.51,0.2253521126760563,0.7425457948923652,71
35130,1986,3,12,60.49,0.4788732394366197,0.2108570664527343,71
35136,1994,3,12,88.93,0.2253521126760563,0.0968712394705174,79
35138,1965,6,12,19.27,0.2253521126760563,0.091255515443241,48
35143,1967,3,12,90.74,0.2253521126760563,0.0905869768685653,71
35145,1960,3,12,83.7,0.2253521126760563,0.0792218210990774,71
35150,1962,3,12,149.94,0.4788732394366197,0.1976200026741542,71
35154,1969,3,12,62.84,0.6056338028169014,0.0794892365289477,71
35158,1961,3,12,70.86,0.6056338028169014,0.0795560903864153,48
35160,1960,6,12,91.3,0.6056338028169014,0.0796229442438828,79
35162,1967,3,12,99.89,0.6056338028169014,0.0794892365289477,48
35165,1955,3,12,108.99,0.7323943661971831,0.1840486696082363,71
35167,1964,3,12,105.18,0.8591549295774648,0.0798235058162855,71
35172,1976,3,12,119.71,0.8591549295774648,0.0798903596737531,71
35174,1987,3,12,96.38,0.8591549295774648,0.0798903596737531,71
35176,2004,3,12,117.32,0.028169014084507,0.2499665730712661,71
35178,1967,3,12,117.12,0.028169014084507,0.2101885278780585,48
35181,1972,3,12,99.92,0.2253521126760563,0.0917234924455141,71
35185,1979,3,12,89.79,0.2253521126760563,0.1054285332263671,79
35192,1965,3,12,69.81,0.6056338028169014,0.0800240673886883,48
35197,1969,3,12,117.95,0.8591549295774648,0.0805588982484289,79
35200,1962,3,12,98.77,0.8591549295774648,0.0801577751036234,71
35204,1986,3,12,60.28,0.2253521126760563,0.7668137451530953,71
35206,1986,3,12,59.88,0.2253521126760563,0.7681508223024468,71
35208,1986,3,12,60.33,0.2253521126760563,0.7699558764540714,71
35210,1986,3,12,59.56,0.2253521126760563,0.771426661318358,71
35212,1986,3,12,60.74,0.2253521126760563,0.7726300307527744,71
35214,1986,3,12,62.64,0.2253521126760563,0.7744350849043989,71
35216,1986,3,12,60.64,0.2112676056338028,0.7730980077550474,71
35218,1986,3,12,58.75,0.2253521126760563,0.7629362214199759,71
35220,1986,3,12,61.38,0.2253521126760563,0.7646075678566653,71
35222,1986,3,12,60.43,0.2253521126760563,0.7658109372910816,71
35224,1986,3,12,60.51,0.2253521126760563,0.7669474528680305,71
35226,1986,3,12,61.82,0.2253521126760563,0.7684850915897847,71
35228,1986,3,12,60.45,0.2253521126760563,0.7565182511030886,71
35230,1986,3,12,60.33,0.2253521126760563,0.757721620537505,71
35232,1986,3,12,60.86,0.2253521126760563,0.7589918438293889,71
35234,1986,3,12,60.55,0.2253521126760563,0.760730044123546,71
35236,1986,3,12,58.82,0.2253521126760563,0.762133975130365,71
35238,1986,3,12,63.96,0.2253521126760563,0.7657440834336141,71
35244,1960,3,12,49.36,0.352112676056338,0.0064848241743548,79
35245,1967,6,12,54.41,0.0985915492957746,0.0312876052948255,79
35247,1984,3,12,120.5,0.8591549295774648,0.2035031421313009,71
35248,1960,3,12,12.77,0.1267605633802817,0.0,79
35249,2002,3,12,35.12,0.676056338028169,0.8212327851317021,79
35251,2013,6,12,727.85,0.676056338028169,0.7191469447787137,48
35253,1983,3,12,17.0,0.0985915492957746,0.0790881133841422,71
35256,1970,3,12,92.86,0.1267605633802817,0.0808931675357668,71
35259,1959,3,12,5.23,0.0985915492957746,0.0792886749565449,79
35262,1965,3,12,86.23,0.0985915492957746,0.0796897981013504,71
35265,1961,3,12,7.3,0.352112676056338,0.0813611445380398,71
35268,2013,3,12,62.37,0.352112676056338,0.0810268752507019,48
35270,1962,3,12,,0.352112676056338,0.080692605963364,79
35276,1978,3,12,70.15,0.8028169014084507,0.0534162321165931,79
35282,2008,3,12,144.2,0.352112676056338,0.0808263136782992,48
35284,1962,6,12,32.57,0.0985915492957746,0.0,79
35306,1962,3,12,13.9,0.0985915492957746,0.1331728840754111,71
35364,1981,3,12,,0.9014084507042254,0.6385880465302847,79
35367,2023,3,12,,0.1267605633802817,0.1520925257387351,48
35372,1968,3,12,19.0,0.1408450704225352,0.0849712528412889,71
35375,1978,3,12,,0.1408450704225352,0.0842358604091456,71
35380,1982,3,12,95.89,0.1408450704225352,0.1133172884075411,48
35383,1975,3,12,,0.1408450704225352,0.0837010295494049,79
35387,1983,3,12,,0.2535211267605634,0.0576280251370504,79
35395,1920,3,12,,0.1408450704225352,0.0546196015510094,48
35397,1982,3,12,,0.7183098591549296,0.0508089316753576,79
35405,2022,9,12,,0.3380281690140845,0.1508223024468511,79
35406,1991,3,12,48.5,0.2112676056338028,0.0,71
35407,1991,3,12,30.76,0.2112676056338028,0.0,71
35408,1991,3,12,56.65,0.971830985915493,0.1143869501270223,71
35426,1986,3,12,49.03,1.0,0.0972723626153229,79
35456,2003,3,12,365.0,0.2112676056338028,0.7545126353790613,71
35461,2003,18,12,304.41,0.1267605633802817,0.7332531087043722,48
35469,1970,3,12,20.5,0.0,0.0,71
35485,1994,3,12,1940.48,0.9154929577464788,0.5449926460756785,48
35487,1999,9,12,1468.51,0.6901408450704225,0.7549137585238668,48
35494,1958,3,12,177.17,0.0985915492957746,0.0793555288140125,71
35500,1987,3,12,132.1,0.6056338028169014,0.0853055221286268,71
35511,1970,3,12,183.96,0.8591549295774648,0.0808931675357668,48
35513,1978,3,12,77.3,0.8591549295774648,0.0812274368231047,71
35515,1970,3,12,155.22,0.0985915492957746,0.0796897981013504,71
35517,2009,3,12,90.3,0.0985915492957746,0.079756651958818,48
35519,1958,3,12,103.1,0.0985915492957746,0.0798235058162855,79
35522,1970,6,12,13.55,0.0985915492957746,0.0798235058162855,79
35528,1960,3,12,140.08,0.0985915492957746,0.0799572135312207,71
35532,1958,3,12,114.23,0.0985915492957746,0.0800240673886883,48
35539,1958,3,12,,0.352112676056338,0.0800909212461559,71
35540,1958,3,12,160.3,0.352112676056338,0.080224628961091,71
35543,1958,3,12,92.88,0.352112676056338,0.0804920443909613,71
35549,1958,3,12,98.17,0.352112676056338,0.0810268752507019,71
35554,2024,3,12,91.11,0.6056338028169014,0.0795560903864153,48
35557,1958,3,12,200.02,0.6056338028169014,0.0793555288140125,79
35561,1958,3,12,224.73,0.6056338028169014,0.0792218210990774,71
35563,1958,3,12,,0.6056338028169014,0.0791549672416098,79
35566,1958,3,12,74.41,0.6056338028169014,0.0790212595266746,48
35572,1958,3,12,108.94,0.8591549295774648,0.2472255649150955,71
35578,1970,3,12,97.56,0.8591549295774648,0.1768284530017382,48
35581,1958,6,12,41.41,0.8591549295774648,0.1768284530017382,71
35585,1958,3,12,114.16,0.8591549295774648,0.1767615991442706,79
35590,1958,3,12,111.31,0.0985915492957746,0.0798235058162855,71
35593,1970,3,12,650.43,0.0985915492957746,0.0794892365289477,71
35596,1970,3,12,92.37,0.0985915492957746,0.0796229442438828,71
35599,1970,3,12,191.8,0.0985915492957746,0.0796897981013504,79
35605,1957,3,12,16.91,0.352112676056338,0.0792886749565449,71
35608,1970,3,12,48.33,0.6056338028169014,0.0800240673886883,71
35615,1957,3,12,,0.6056338028169014,0.0799572135312207,71
35617,2022,3,12,83.19,0.6056338028169014,0.0798903596737531,48
35619,1958,3,12,104.87,0.6056338028169014,0.0798235058162855,71
35623,2008,3,12,148.35,0.6056338028169014,0.0798235058162855,48
35631,1970,3,12,77.18,0.6056338028169014,0.0798235058162855,79
35636,1978,3,12,,0.8591549295774648,0.0,71
35641,2013,6,12,249.82,0.8591549295774648,0.1666666666666666,71
35651,2000,3,12,,0.352112676056338,0.0,79
35654,1920,3,12,249.56,0.1830985915492957,0.6456745554218478,71
35655,1971,3,12,18.98,0.9859154929577464,0.0901189998662922,71
35659,2019,6,12,,0.2676056338028169,0.0687257654766679,71
35660,1970,3,12,341.34,0.2816901408450704,0.0711993582029683,71
35661,1970,3,12,55.2,0.7323943661971831,0.0,71
35664,1987,3,12,35.48,0.2253521126760563,0.0689263270490707,71
35668,1925,3,12,134.73,0.1126760563380281,0.4687123947051744,79
35676,2022,3,12,,0.7464788732394366,0.1193341355796229,79
35697,2020,9,12,,1.0,0.1815082230244684,71
35701,2001,3,12,1752.94,0.7183098591549296,0.168338013103356,48
35755,1996,3,12,,0.1267605633802817,0.4304051343762534,79
35762,2002,12,12,2864.62,0.2816901408450704,0.1532958951731514,48
35765,2002,12,12,829.14,0.9859154929577464,0.1337077149351517,48
35773,2003,3,12,455.75,0.323943661971831,0.0883807995721353,71
35778,2003,3,12,613.16,0.4084507042253521,0.0875785532825244,71
35786,2017,6,12,,0.2112676056338028,0.3945046129161652,79
35790,1960,6,12,45.67,0.028169014084507,0.0795560903864153,79
35800,1958,3,12,103.94,0.028169014084507,0.0792886749565449,48
35802,2005,6,12,315.94,0.028169014084507,0.0788875518117395,48
35811,1951,3,12,76.46,0.7323943661971831,0.0832999064045995,48
35813,1958,3,12,76.36,0.7323943661971831,0.0791549672416098,48
35816,1959,3,12,81.2,0.7323943661971831,0.0790881133841422,71
35820,2017,3,12,84.06,0.7323943661971831,0.0790881133841422,79
35822,1955,3,12,84.84,0.7323943661971831,0.0790212595266746,79
35826,1958,6,12,108.96,0.7323943661971831,0.0789544056692071,79
35828,1967,3,12,92.3,0.7323943661971831,0.0789544056692071,48
35835,1957,3,12,63.4,0.7323943661971831,0.0788206979542719,79
35838,1952,6,12,,0.7323943661971831,0.0787538440968043,48
35840,1958,6,12,122.07,0.028169014084507,0.0800240673886883,79
35843,1958,3,12,34.83,0.7605633802816901,0.7087845968712394,71
35847,1968,3,12,59.02,0.2253521126760563,0.0788875518117395,79
35849,1953,6,12,15.03,0.2253521126760563,0.0788875518117395,79
35851,1960,3,12,62.2,0.2253521126760563,0.0789544056692071,71
35854,1950,3,12,6.01,0.2253521126760563,0.0790212595266746,79
35858,1955,3,12,63.75,0.2253521126760563,0.0791549672416098,71
35867,1956,6,12,,0.2112676056338028,0.1113785265409814,79
35871,1994,3,12,54.79,0.2253521126760563,0.0788875518117395,79
35878,2004,3,12,465.71,0.2816901408450704,0.0790881133841422,71
35880,1954,3,12,64.55,0.2816901408450704,0.0788206979542719,79
35882,1953,3,12,55.7,0.2816901408450704,0.0787538440968043,79
35884,1963,3,12,137.73,0.2816901408450704,0.2087845968712394,79
35888,1960,3,12,80.97,0.2816901408450704,0.0792218210990774,71
35890,1967,3,12,210.71,0.2816901408450704,0.0794892365289477,71
35893,1955,6,12,109.79,0.5352112676056338,0.0796229442438828,79
35898,1952,3,12,69.0,0.5352112676056338,0.1554352186121139,48
35900,1958,3,12,59.52,0.5352112676056338,0.3435619735258724,48
35904,1955,6,12,109.34,0.7323943661971831,0.0788875518117395,48
35906,1950,6,12,71.27,0.7323943661971831,0.0787538440968043,79
35908,1955,6,12,85.92,0.7323943661971831,0.0786201363818692,79
35912,1953,6,12,159.56,0.7323943661971831,0.0781521593795961,48
35916,1952,6,12,125.06,0.7323943661971831,0.83921647279048,79
35919,1960,3,12,100.16,0.2816901408450704,0.0792218210990774,48
35923,1959,3,12,62.81,0.7605633802816901,0.7029014574140927,71
35926,1964,3,12,54.18,0.7464788732394366,0.701898649552079,71
35930,1979,3,12,127.87,0.7746478873239436,0.7011632571199358,71
35932,2005,3,12,123.14,0.7605633802816901,0.692940232651424,48
35934,1960,3,12,43.13,0.2253521126760563,0.0791549672416098,71
35936,1950,3,12,,0.7464788732394366,0.6941436020858403,71
35939,1965,3,12,65.05,0.7464788732394366,0.7000935954004546,48
35952,1993,3,12,63.74,0.5211267605633803,0.048067923519187,79
35956,1993,3,12,46.39,0.4788732394366197,0.1151891964166332,48
35969,1981,3,12,30.41,0.5352112676056338,0.1367829923786602,71
35989,1995,3,12,48.15,0.8591549295774648,0.196550340954673,48
35996,1993,3,12,124.74,0.352112676056338,0.0798903596737531,48
35998,1990,3,12,138.55,0.6056338028169014,0.3957079823505816,48
35999,1990,3,12,139.7,0.6056338028169014,0.1130498729776708,48
36005,1988,3,12,,0.6056338028169014,0.3858804653028479,79
36008,1984,3,12,202.36,0.8591549295774648,0.0971386549003877,79
36013,2010,3,12,67.71,0.0985915492957746,0.0491375852386682,48
36019,1990,3,12,76.91,0.0985915492957746,0.0496055622409413,79
36021,1991,3,12,158.69,0.3380281690140845,0.0808931675357668,48
36023,1992,3,12,109.82,0.3380281690140845,0.0800909212461559,48
36026,1991,6,12,41.31,0.8591549295774648,0.0955341623211659,48
36033,1997,3,12,,0.352112676056338,0.1403262468244417,79
36049,1965,3,12,,0.352112676056338,0.0800909212461559,79
36051,1965,3,12,,0.6056338028169014,0.0786869902393368,79
36054,1965,3,12,,0.6056338028169014,0.0790212595266746,79
36056,1986,3,12,613.64,0.352112676056338,0.0772830592325177,48
36059,1970,3,12,,0.6056338028169014,0.0804251905334937,79
36061,1970,3,12,,0.6056338028169014,0.080692605963364,71
36065,1988,6,12,80.84,0.0985915492957746,0.0879796764273298,48
36073,1995,15,12,784.07,0.0985915492957746,0.0540847706912688,48
36079,1965,3,12,209.71,0.8591549295774648,0.4630298168204305,79
36086,1994,3,12,531.3,0.352112676056338,0.0815617061104425,48
36088,1989,3,12,464.45,0.6056338028169014,0.0796897981013504,48
36089,1989,3,12,465.74,0.5915492957746479,0.0796897981013504,48
36098,2003,3,12,783.16,0.647887323943662,0.4713865490038775,71
36100,2008,3,12,400.81,0.7746478873239436,0.0906538307260328,79
36105,2009,3,12,382.08,0.1830985915492957,0.0848375451263537,48
36111,2003,3,12,2229.06,0.9859154929577464,0.5484690466639925,79
36114,2010,6,12,1300.62,0.0,0.2240272763738467,48
36118,2021,6,12,,0.6901408450704225,0.1979542719614921,48
36125,2018,9,12,175.43,0.704225352112676,0.0849712528412889,48
36130,1968,3,12,38.86,0.1830985915492957,0.0487364620938628,48
36140,1969,3,12,185.32,0.6901408450704225,0.1304987297767081,79
36142,1969,3,12,85.03,0.6901408450704225,0.1376520925257387,79
36145,2010,3,12,,0.704225352112676,0.1518251103088648,79
36152,1933,3,12,113.36,0.1690140845070422,0.055956678700361,79
36154,1930,3,12,15.32,0.1690140845070422,0.055956678700361,71
36157,2004,3,12,355.57,0.7605633802816901,0.0796897981013504,71
36161,2011,9,12,687.28,0.1690140845070422,0.0560235325578285,48
36163,2024,3,12,305.36,0.4084507042253521,0.0342291750233988,48
36169,1965,3,12,,0.9154929577464788,0.0338280518785933,71
36172,1960,3,12,,0.9154929577464788,0.0344297365958015,71
36174,1963,3,12,130.58,0.1690140845070422,0.065249364888354,79
36176,1963,3,12,130.11,0.1690140845070422,0.052480278112047,71
36190,2017,3,12,48.07,0.7887323943661971,0.0,71
36197,1989,3,12,35.99,0.2112676056338028,0.0,71
36203,1968,3,12,35.18,0.5492957746478874,0.1343762535098275,36
36204,2002,3,12,2475.5,0.2676056338028169,0.0958015777510362,48
36206,1880,3,12,656.73,0.4929577464788732,0.1399919775371038,71
36210,2019,6,12,,0.6197183098591549,0.2792485626420644,71
36211,1985,3,12,814.48,0.0,0.0931274234523331,71
36214,1991,3,12,377.27,0.0704225352112676,0.0816954138253777,71
36215,1981,3,12,24.05,0.4788732394366197,0.0691268886214734,71
36219,1994,3,12,,0.4929577464788732,0.3071934750635111,71
36221,1979,3,12,344.67,0.1126760563380281,0.440566920711325,71
36222,1979,3,12,12.82,0.4929577464788732,0.1001470784864286,71
36223,1989,3,12,33.44,0.1408450704225352,0.0,71
36224,1981,3,12,522.77,0.0704225352112676,0.0895841690065516,71
36226,1989,3,12,,0.1408450704225352,0.0683246423318625,71
36230,1989,3,12,1417.69,0.1408450704225352,0.0678566653295895,71
36231,1990,3,12,507.13,0.7887323943661971,0.0710656504880331,71
36232,1990,3,12,523.86,0.7323943661971831,0.069193742478941,71
36233,1990,3,12,521.22,0.7323943661971831,0.0722021660649819,71
36234,1990,3,12,520.98,0.7323943661971831,0.0694611579088113,71
36237,1990,3,12,515.31,0.7323943661971831,0.0703302580558898,71
36240,1991,3,12,,0.7605633802816901,0.0685252039042652,71
36244,1991,3,12,,0.7605633802816901,0.0692605963364086,71
36251,2004,3,12,407.83,0.7746478873239436,0.0683914961893301,71
36258,2000,3,12,509.9,0.971830985915493,0.0833667602620671,79
36259,1979,3,12,21.74,0.9859154929577464,0.0767482283727771,71
36261,1997,3,12,356.61,0.971830985915493,0.077550474662388,79
36266,1970,3,12,895.77,0.6338028169014085,0.1524936488835405,71
36268,2013,3,12,,0.6197183098591549,0.0923251771627222,79
36271,2004,3,12,,0.5352112676056338,0.0927263003075277,79
36274,2013,6,12,210.64,0.5774647887323944,0.0820965369701831,79
36277,1992,3,12,,0.6197183098591549,0.2884743949725898,79
36280,1978,6,12,,0.7183098591549296,0.1010161786335071,79
36285,2009,6,12,,0.7464788732394366,0.1009493247760395,79
36294,1970,3,12,,0.971830985915493,0.644070062842626,79
36300,2015,3,12,,0.7183098591549296,0.1020189864955207,79
36303,2018,3,12,,0.7183098591549296,0.1014841556357801,79
36304,1970,3,12,3690.63,0.028169014084507,0.1002807862013638,71
36308,1973,3,12,,0.028169014084507,0.1970851718144136,79
36309,1970,3,12,1070.33,0.3098591549295774,0.2418104024602219,71
36313,1969,3,12,204.93,0.7887323943661971,0.1492846637250969,79
36315,1970,3,12,802.84,0.7887323943661971,0.1684717208182912,71
36316,1970,3,12,1432.02,0.1549295774647887,0.0944645006016847,71
36320,1958,3,12,93.98,0.028169014084507,0.0769487899451798,79
36329,1950,3,12,30.67,0.7887323943661971,0.0536836475464634,79
36332,1960,3,12,57.9,0.7887323943661971,0.0536836475464634,48
36337,2009,6,12,54.38,0.2816901408450704,0.071867896777644,48
36340,2022,3,12,75.7,0.7887323943661971,0.0513437625350982,79
36343,2013,6,12,57.69,0.7887323943661971,0.0540847706912688,79
36348,2004,3,12,151.2,0.7887323943661971,0.0503409546730846,71
36351,1955,3,12,66.88,0.2816901408450704,0.0721353122075143,48
36355,1962,6,12,71.27,0.028169014084507,0.0750100280786201,48
36358,1999,6,12,2193.75,0.028169014084507,0.0788875518117395,48
36368,1960,3,12,91.22,0.028169014084507,0.0815617061104425,48
36370,1958,3,12,83.92,0.028169014084507,0.0812942906805722,71
36372,1955,3,12,164.21,0.028169014084507,0.0811605829656371,48
36376,1958,3,12,70.59,0.5352112676056338,0.0519454472523064,71
36378,1955,3,12,62.04,0.5352112676056338,0.0520791549672416,79
36384,1950,6,12,16.96,0.5352112676056338,0.0526808396844497,79
36387,2022,3,12,49.14,0.5352112676056338,0.0528145473993849,48
36389,1950,3,12,116.25,0.5352112676056338,0.0530151089717876,71
36393,1952,3,12,,0.7887323943661971,0.0789544056692071,79
36396,1953,3,12,39.75,0.7887323943661971,0.0790881133841422,79
36401,2023,3,12,167.41,0.7887323943661971,0.0783527209519989,48
36408,1951,3,12,91.28,0.028169014084507,0.0526139858269822,48
36410,1955,3,12,63.26,0.028169014084507,0.052480278112047,71
36412,1960,6,12,58.76,0.028169014084507,0.0523465703971119,79
36414,1955,3,12,,0.028169014084507,0.0522128626821767,79
36418,2004,3,12,61.3,0.028169014084507,0.0518785933948388,48
36420,1950,3,12,96.26,0.028169014084507,0.0516780318224361,71
36425,1995,3,12,76.1,0.2816901408450704,0.0726032892097874,79
36428,1952,3,12,57.24,0.5352112676056338,0.0760128359406337,79
36430,1955,3,12,50.59,0.5352112676056338,0.0760796897981013,79
36433,1958,3,12,68.0,0.5352112676056338,0.0772162053750501,79
36442,1954,3,12,,0.5352112676056338,0.0792218210990774,79
36444,1971,3,12,143.41,0.5352112676056338,0.0794223826714801,79
36446,1970,3,12,178.41,0.7887323943661971,0.0792218210990774,71
36448,1975,3,12,74.2,0.7887323943661971,0.0792218210990774,71
36451,1958,3,12,100.5,0.7887323943661971,0.0791549672416098,71
36455,1997,3,12,204.97,0.2816901408450704,0.0732718277844631,71
36458,1960,3,12,42.85,0.028169014084507,0.060369033293221,79
36460,1955,3,12,,0.028169014084507,0.0603021794357534,79
36463,1965,6,12,74.39,0.028169014084507,0.0603021794357534,48
36465,1975,3,12,89.56,0.028169014084507,0.0601684717208182,79
36467,1974,6,12,41.0,0.028169014084507,0.0601684717208182,48
36475,1960,3,12,66.61,0.2816901408450704,0.3256451397245621,79
36477,1960,3,12,60.19,0.2816901408450704,0.6177964968578686,48
36479,1962,3,12,93.52,0.2816901408450704,0.0757454205107634,71
36480,1975,3,12,1163.65,0.380281690140845,0.0897847305789543,71
36484,2013,3,12,4.0,0.028169014084507,0.1680705976734857,79
36486,1967,3,12,45.85,0.5352112676056338,0.0824976601149886,79
36489,1951,3,12,76.28,0.5352112676056338,0.0820965369701831,48
36491,1960,3,12,101.19,0.5352112676056338,0.0818959753977804,71
36494,1965,3,12,,0.5352112676056338,0.0815617061104425,48
36499,1965,3,12,59.95,0.0,0.0305522128626821,79
36506,1980,3,12,110.17,0.028169014084507,0.0512769086776307,71
36509,1998,3,12,153.35,0.028169014084507,0.0517448856799037,79
36516,1984,3,12,112.19,0.5352112676056338,0.0798903596737531,48
36519,1986,6,12,57.58,0.5352112676056338,0.079756651958818,79
36521,1985,3,12,90.21,0.5492957746478874,0.079756651958818,79
36523,1987,3,12,115.3,0.5352112676056338,0.0792886749565449,71
36526,1983,9,12,92.56,0.5352112676056338,0.0791549672416098,79
36533,1978,3,12,99.17,0.7887323943661971,0.2551143200962695,71
36536,1990,3,12,84.27,0.028169014084507,0.0521460088247091,48
36540,2008,3,12,67.83,0.028169014084507,0.0526808396844497,48
36542,1993,3,12,123.13,0.2816901408450704,0.0869768685653162,48
36546,1985,6,12,90.14,0.5352112676056338,0.0794223826714801,79
36553,1974,12,12,141.27,0.028169014084507,0.0794892365289477,48
36565,1951,6,12,66.18,0.5352112676056338,0.060369033293221,48
36571,2008,3,12,99.11,0.028169014084507,0.0794223826714801,48
36626,1994,9,12,150.06,0.028169014084507,0.0879796764273298,48
36632,1991,3,12,129.38,0.5352112676056338,0.052480278112047,71
36643,1990,3,12,62.05,0.7887323943661971,0.5342291750233987,48
36648,1990,3,12,108.34,0.028169014084507,0.1225431207380665,48
36663,1981,3,12,149.54,0.0985915492957746,0.2161385211926728,71
36668,1982,3,12,121.55,0.352112676056338,0.0815617061104425,71
36674,1978,3,12,113.7,0.352112676056338,0.0814279983955074,71
36678,1990,3,12,103.38,0.5915492957746479,0.0492044390961358,71
36681,1973,3,12,124.0,0.6056338028169014,0.04853590052146,48
36683,1976,3,12,129.09,0.6056338028169014,0.0488033159513303,71
36687,1996,3,12,114.77,0.6056338028169014,0.0496055622409413,79
36690,1978,3,12,114.84,0.6056338028169014,0.050274100815617,71
36693,1983,3,12,9.18,0.6056338028169014,0.0505415162454873,79
36721,1975,3,12,535.6,0.6056338028169014,0.0877791148549271,71
36732,1958,3,12,378.92,0.2535211267605634,0.0718010429201764,48
36736,1914,3,12,,0.2112676056338028,0.0673218344698489,79
36739,2002,3,12,,0.2112676056338028,0.0672549806123813,48
36747,1968,3,12,157.55,0.1830985915492957,0.100882470918572,71
36748,1968,3,12,29.45,0.4507042253521127,0.0398448990506752,71
36750,1962,3,12,83.95,0.6901408450704225,0.0980746089049338,71
36763,1994,3,12,,0.4366197183098591,0.0550875785532825,71
36768,2000,3,12,,0.1830985915492957,0.0540847706912688,79
36773,2020,3,12,7.98,0.1830985915492957,0.0542853322636716,79
36776,1996,3,12,,0.6901408450704225,0.1015510094932477,48
36781,1963,3,12,,0.6901408450704225,0.0536836475464634,71
36784,1960,3,12,,0.4366197183098591,0.133507153362749,48
36787,1965,3,12,,0.4366197183098591,0.1335740072202166,71
36790,1964,3,12,,0.6901408450704225,0.0530151089717876,79
36795,1980,3,12,,0.6901408450704225,0.1233453670276774,79
36797,1980,3,12,67.83,0.6901408450704225,0.1227436823104693,48
36799,1991,3,12,18.61,0.6901408450704225,0.1210054820163123,79
36802,2006,3,12,148.65,0.6901408450704225,0.1123144805455274,79
36804,1965,3,12,,0.9154929577464788,0.080692605963364,71
36811,1961,3,12,,0.7183098591549296,0.0545527476935419,48
36814,1968,3,12,,0.7183098591549296,0.0542853322636716,79
36819,1970,3,12,,0.7183098591549296,0.0542853322636716,48
36825,1964,6,12,,0.4929577464788732,0.0662521727503677,48
36829,1963,3,12,139.68,0.7183098591549296,0.0539510629763337,71
36831,1963,3,12,109.47,0.2112676056338028,0.0543521861211391,48
36834,1969,3,12,,0.1971830985915492,0.0548201631234122,79
36840,2004,3,12,31.76,0.2112676056338028,0.0543521861211391,79
36842,2004,3,12,75.37,0.9154929577464788,0.054218478406204,48
36844,2004,3,12,119.82,0.9154929577464788,0.0728038507821901,79
36847,2004,3,12,34.32,0.6901408450704225,0.0508757855328252,48
36849,1992,6,12,155.01,0.6901408450704225,0.0475330926594464,48
36853,1979,6,12,,0.2112676056338028,0.0536167936889958,48
36857,1964,3,12,,0.0,0.2129963898916967,71
36859,1962,3,12,,0.1830985915492957,0.0295494050006685,71
36861,1980,3,12,61.13,0.1408450704225352,0.0336274903061906,71
36867,1963,3,12,61.07,0.5492957746478874,0.0417836609172349,71
36871,1963,3,12,103.49,0.5492957746478874,0.0403797299104158,71
36875,1965,3,12,34.78,0.7323943661971831,0.0371707447519721,71
36877,1964,3,12,46.45,0.7323943661971831,0.0359005214600882,71
36883,1983,3,12,56.66,0.1549295774647887,0.4505281454739938,71
36886,1960,3,12,,0.2253521126760563,0.0346302981682043,79
36888,1950,6,12,,0.2112676056338028,0.0369033293221018,79
36890,1959,3,12,114.69,0.1690140845070422,0.0394437759058697,48
36892,2007,3,12,83.14,0.4084507042253521,0.0621072335873779,48
36894,2005,3,12,109.56,0.4084507042253521,0.0909881000133707,48
36901,1961,3,12,89.73,0.676056338028169,0.055956678700361,71
36909,1975,3,12,,0.9859154929577464,0.118999866292285,71
36911,1990,6,12,234.52,0.0,0.1530284797432811,71
36914,1979,3,12,30.46,0.5211267605633803,0.3768551945447251,71
36917,1989,3,12,1500.48,0.4507042253521127,0.1032892097874047,71
36919,1989,3,12,1404.84,0.7464788732394366,0.1438695012702232,71
36920,1965,3,12,571.25,0.9014084507042254,0.0828319294023265,71
36923,1995,12,12,494.07,0.7887323943661971,0.1548335338949057,71
36924,1990,3,12,49.18,0.647887323943662,0.0671881267549137,71
36928,2019,12,12,,0.0,0.1829790078887551,71
36936,2001,6,12,1387.73,0.7605633802816901,0.1772964300040112,79
36950,2006,6,12,,0.7464788732394366,0.1023532557828586,79
36951,1963,3,12,4958.46,0.028169014084507,0.2184115523465704,71
36954,1969,3,12,,0.028169014084507,0.2119935820296831,71
36955,1970,3,12,34.67,0.028169014084507,0.0,71
36956,1973,3,12,18.12,0.028169014084507,0.0,71
36957,1972,3,12,22.55,0.5352112676056338,0.0,71
36969,1971,3,12,116.86,0.2676056338028169,0.0734055354993983,79
36975,1971,3,12,120.26,0.2535211267605634,0.2910148415563577,48
36980,2003,6,12,397.22,0.2676056338028169,0.0932611311672683,48
36982,2008,3,12,257.07,0.7183098591549296,0.3469046663992512,48
36984,1977,3,12,123.12,1.0,0.066987565182511,48
36988,1971,3,12,154.37,0.352112676056338,0.0678566653295895,79
36996,1976,3,12,127.15,0.2676056338028169,0.0876454071399919,71
36998,1975,3,12,120.54,0.2676056338028169,0.0877122609974595,79
37002,1976,3,12,181.98,0.3098591549295774,0.251571065650488,71
37004,1971,3,12,130.93,0.4788732394366197,0.1015510094932477,71
37009,1971,3,12,186.05,0.7887323943661971,0.1337745687926193,71
37012,1971,3,12,131.54,0.7887323943661971,0.1337745687926193,71
37013,1987,3,12,402.12,0.7887323943661971,0.1338414226500869,71
37015,1971,3,12,186.77,0.7887323943661971,0.133975130365022,71
37018,1999,3,12,154.08,1.0,0.0655836341756919,48
37023,1998,9,12,1079.74,0.028169014084507,0.0816285599679101,48
37026,1999,6,12,1105.65,0.2816901408450704,0.0799572135312207,48
37037,1998,3,12,61.27,0.028169014084507,0.0760796897981013,48
37052,1999,6,12,3100.82,0.5352112676056338,0.0772162053750501,48
37063,1987,3,12,96.2,0.5352112676056338,0.0359005214600882,48
37069,1989,3,12,187.65,0.028169014084507,0.0798903596737531,71
37072,2003,3,12,97.02,0.7887323943661971,0.2205508757855328,48
37076,1990,3,12,104.59,0.5352112676056338,0.0359005214600882,48
37079,1992,3,12,81.96,0.028169014084507,0.1079021259526674,71
37085,1988,3,12,112.74,0.028169014084507,0.16078352720952,71
37089,1960,3,12,30.14,0.2816901408450704,0.0779515978071934,79
37092,1961,3,12,100.94,0.5352112676056338,0.0528145473993849,48
37096,1960,6,12,61.46,0.5352112676056338,0.0531488166867228,79
37098,1957,3,12,85.96,0.5352112676056338,0.0532156705441903,79
37101,1955,3,12,31.6,0.5352112676056338,0.0532825244016579,71
37103,1995,3,12,98.25,0.5352112676056338,0.0520791549672416,48
37110,1994,3,12,162.17,0.028169014084507,0.1081695413825377,48
37116,1973,3,12,47.24,0.028169014084507,0.0533493782591255,79
37118,1965,3,12,84.19,0.028169014084507,0.0532156705441903,71
37121,1965,6,12,11.39,0.028169014084507,0.0530819628292552,79
37127,1955,3,12,70.34,0.2816901408450704,0.0796897981013504,79
37136,1956,3,12,138.19,0.5352112676056338,0.0798903596737531,71
37148,1990,3,12,55.28,0.352112676056338,0.0,48
37151,1990,3,12,53.86,0.352112676056338,0.0816285599679101,48
37153,1990,3,12,54.78,0.352112676056338,0.0815617061104425,48
37155,1990,3,12,52.93,0.352112676056338,0.0815617061104425,48
37157,1990,3,12,56.74,0.352112676056338,0.0815617061104425,48
37159,1990,3,12,54.52,0.352112676056338,0.0814948522529749,48
37161,1990,3,12,56.85,0.352112676056338,0.0815617061104425,48
37164,1990,3,12,438.06,0.8591549295774648,0.0679235191870571,48
37166,1993,3,12,320.98,0.352112676056338,0.0814948522529749,48
37168,1992,3,12,312.16,0.8591549295774648,0.0677229576146543,48
37174,1999,12,12,1305.83,0.6056338028169014,0.3160181842492311,48
37176,2000,9,12,1266.24,0.8873239436619719,0.4742612648749832,48
37179,1975,3,12,127.31,0.0985915492957746,0.0794223826714801,71
37181,1970,3,12,122.2,0.0985915492957746,0.0794223826714801,71
37183,1975,3,12,436.35,0.0985915492957746,0.0794892365289477,71
37184,1980,3,12,400.32,0.0985915492957746,0.0795560903864153,71
37188,1980,3,12,127.08,0.6056338028169014,0.05294825511432,48
37189,1975,3,12,286.65,0.6056338028169014,0.0532825244016579,71
37192,1980,3,12,134.43,0.6056338028169014,0.1584436421981548,48
37194,1975,3,12,101.41,0.6056338028169014,0.1153897579890359,71
37201,1990,6,12,108.93,0.352112676056338,0.0800909212461559,79
37212,1987,3,12,54.49,0.352112676056338,0.0738735125016713,48
37214,1987,3,12,55.03,0.352112676056338,0.0738066586442037,71
37216,1987,3,12,54.32,0.352112676056338,0.0738066586442037,79
37218,1987,3,12,55.21,0.352112676056338,0.0737398047867361,79
37220,1987,3,12,55.06,0.352112676056338,0.0737398047867361,48
37222,1987,3,12,54.52,0.352112676056338,0.0737398047867361,48
37224,1987,3,12,57.1,0.352112676056338,0.7835272095199892,71
37226,1987,3,12,54.63,0.352112676056338,0.0790212595266746,79
37230,1988,9,12,183.7,0.352112676056338,0.0817622676828453,48
37233,1991,3,12,,0.352112676056338,0.0813611445380398,48
37239,1991,3,12,,0.8591549295774648,0.0800909212461559,48
37242,1989,3,12,95.84,0.8591549295774648,0.080224628961091,71
37249,1986,3,12,129.39,0.6056338028169014,0.0796229442438828,71
37252,1979,3,12,152.6,0.6056338028169014,0.0795560903864153,71
37254,1976,3,12,135.06,0.6056338028169014,0.0795560903864153,71
37257,1980,3,12,109.05,0.6056338028169014,0.0794892365289477,48
37261,1980,3,12,86.3,0.6056338028169014,0.0794223826714801,71
37263,1983,3,12,181.18,0.6056338028169014,0.0796229442438828,71
37265,1995,3,12,138.58,0.0985915492957746,0.0499398315282791,48
37267,1992,3,12,142.76,0.0985915492957746,0.0514106163925658,48
37281,2000,6,12,63.66,0.6056338028169014,0.0405134376253509,79
37284,2004,6,12,59.77,0.0985915492957746,0.1239470517448856,79
37303,1998,3,12,71.51,0.6056338028169014,0.0830993448321968,79
37323,1992,3,12,234.99,0.9859154929577464,0.1913357400722021,48
37325,1992,3,12,125.12,0.6056338028169014,0.0534162321165931,48
37327,1992,3,12,123.87,0.6056338028169014,0.052480278112047,71
37332,1990,3,12,116.13,0.0985915492957746,0.0540179168338013,48
37334,1989,3,12,116.35,0.6056338028169014,0.7597272362615323,48
37337,1978,3,12,128.07,0.5915492957746479,0.1246824441770289,71
37340,1983,3,12,263.37,0.6056338028169014,0.4285332263671613,71
37342,1980,6,12,151.65,0.6056338028169014,0.7594598208316619,48
37345,1983,3,12,139.2,0.6056338028169014,0.1530953336007487,71
37348,1983,3,12,128.84,0.6056338028169014,0.1191335740072202,71
37350,1984,3,12,195.36,0.6056338028169014,0.335272095199893,79
37352,1992,3,12,151.77,0.0845070422535211,0.0540179168338013,71
37369,1999,3,12,,0.323943661971831,0.3966439363551276,79
37379,1920,3,12,,0.0845070422535211,0.0714667736328386,48
37383,1980,3,12,10.18,0.6901408450704225,0.5498061238133439,71
37393,1970,3,12,116.93,0.1690140845070422,0.0675223960422516,48
37397,2004,3,12,130.4,0.6901408450704225,0.1823104693140794,79
37401,1952,3,12,109.4,0.6901408450704225,0.1021526942104559,71
37405,1960,3,12,,0.9295774647887324,0.1345768150822302,48
37410,1999,3,12,,0.4366197183098591,0.0947987698890225,48
37413,1945,3,12,,1.0,0.0664527343227704,71
37415,1942,3,12,,1.0,0.0939296697419441,71
37418,2011,3,12,,0.2394366197183098,0.0683914961893301,48
37420,1988,3,12,,0.2535211267605634,0.0684583500467976,79
37423,1960,3,12,,0.1971830985915492,0.062575210589651,71
37428,1964,3,12,,0.6901408450704225,0.0532156705441903,79
37434,1963,6,12,,0.1830985915492957,0.0611712795828319,71
37439,1965,3,12,170.45,0.676056338028169,0.0415830993448321,71
37440,1969,3,12,138.57,0.6338028169014085,0.0478005080893167,79
37442,1972,3,12,159.96,0.7605633802816901,0.0401123144805455,71
37448,1960,6,12,,0.7887323943661971,0.0393100681909346,48
37451,2007,3,12,129.78,0.6197183098591549,0.0411151223425591,48
37453,1964,3,12,59.82,0.7605633802816901,0.0427196149217809,71
37455,1975,3,12,15.9,0.1830985915492957,0.3880866425992779,79
37463,1962,3,12,,0.7605633802816901,0.0498729776708116,79
37465,1961,3,12,102.19,0.7183098591549296,0.0417836609172349,71
37468,1961,3,12,,0.2112676056338028,0.0423853456344431,79
37471,1962,6,12,96.63,0.4788732394366197,0.0,79
37473,1962,3,12,,0.4788732394366197,0.0,79
37476,1963,3,12,,0.0422535211267605,0.0413156839149618,71
37482,1963,3,12,,0.2535211267605634,0.0382404064714533,71
37484,1963,3,12,116.49,0.2535211267605634,0.0346971520256718,71
37486,1960,3,12,62.53,0.2816901408450704,0.0554218478406203,71
37488,1960,6,12,10.23,0.1408450704225352,0.0427864687792485,79
37492,1968,3,12,142.71,0.0,0.0655836341756919,71
37494,1975,3,12,96.06,0.1267605633802817,0.0427864687792485,71
37496,1930,3,12,82.28,0.676056338028169,0.0505415162454873,71
37498,1935,3,12,111.06,0.704225352112676,0.0473993849445112,79
37500,1969,3,12,106.45,0.704225352112676,0.0470651156571734,71
37503,1970,3,12,60.0,0.704225352112676,0.0477336542318491,48
37505,1968,3,12,120.09,0.704225352112676,0.0482684850915897,48
37508,1969,3,12,63.54,0.704225352112676,0.0467308463698355,48
37511,1960,3,12,,0.7183098591549296,0.0478005080893167,79
37513,1961,3,12,41.41,0.0422535211267605,0.0403128760529482,71
37516,1920,3,12,,0.4929577464788732,0.065249364888354,79
37519,1986,3,12,,0.4929577464788732,0.1248830057494317,79
37522,1975,3,12,,0.704225352112676,0.0466639925123679,79
37526,1977,3,12,35.6,0.2394366197183098,0.0687926193341355,71
37528,1970,3,12,397.9,0.5211267605633803,0.2553148816686722,71
37532,1970,3,12,32.13,0.2816901408450704,0.0087578553282524,71
37533,2019,3,12,1937.23,0.7183098591549296,0.0,79
37534,1973,3,12,23.24,0.2816901408450704,0.0082898783259794,71
37537,1970,3,12,36.05,0.7887323943661971,0.1925391095066185,71
37539,1970,3,12,395.06,0.7887323943661971,0.1983553951062976,71
37542,1976,3,12,340.16,0.0140845070422535,0.0972055087578553,48
37545,1976,6,12,341.62,0.0140845070422535,0.0958684316085038,48
37548,1976,3,12,340.69,0.2535211267605634,0.073138120069528,48
37551,1976,3,12,340.48,0.2535211267605634,0.0645139724562107,48
37554,1976,3,12,346.51,0.2253521126760563,0.1023532557828586,48
37557,1976,3,12,340.96,0.6901408450704225,0.0958684316085038,48
37559,1976,3,12,340.2,0.704225352112676,0.1002139323438962,48
37566,1989,3,12,138.29,1.0,0.0645139724562107,48
37573,1976,3,12,288.75,0.5070422535211268,0.0832999064045995,79
37575,1975,3,12,230.99,0.5070422535211268,0.0836341756919374,79
37578,2002,3,12,,0.5070422535211268,0.0837678834068725,79
37580,1971,3,12,158.57,0.5211267605633803,0.0843027142666131,71
37582,1976,3,12,150.7,0.5070422535211268,0.0842358604091456,79
37588,1988,3,12,201.8,1.0,0.0660516111779649,71
37591,1991,3,12,216.77,0.8591549295774648,0.0681909346169273,71
37595,2011,12,12,383.26,0.5070422535211268,0.0832999064045995,48
37599,1971,9,12,172.29,0.2394366197183098,0.05294825511432,79
37602,1971,3,12,83.81,0.4507042253521127,0.0663858804653028,71
37608,1967,3,12,164.06,0.4084507042253521,0.0683914961893301,71
37612,2002,3,12,815.82,1.0,0.0544858938360743,71
37616,2003,3,12,336.26,0.3661971830985915,0.1438695012702232,71
37626,2009,3,12,4482.67,0.2816901408450704,0.2100548201631234,48
37631,1995,9,12,1920.37,0.2816901408450704,0.1139858269822168,48
37633,1998,9,12,743.06,0.028169014084507,0.0800240673886883,48
37639,1994,3,12,564.84,0.3661971830985915,0.3442973659580157,79
37641,1959,3,12,18.63,0.028169014084507,0.0,71
37646,1952,3,12,97.66,0.028169014084507,0.0514774702500334,79
37656,1965,3,12,51.45,0.7887323943661971,0.0802914828185586,71
37658,1976,3,12,57.51,0.7887323943661971,0.0800240673886883,48
37662,2001,3,12,110.35,0.028169014084507,0.0815617061104425,48
37675,1960,3,12,83.94,0.7887323943661971,0.0777510362347907,71
37679,1987,3,12,25.12,0.7887323943661971,0.0762133975130365,79
37681,1959,3,12,93.73,0.028169014084507,0.0812274368231047,48
37683,1965,9,12,94.4,0.028169014084507,0.0810268752507019,48
37694,1961,6,12,17.37,0.028169014084507,0.0804251905334937,48
37698,1958,3,12,71.71,0.2816901408450704,0.0793555288140125,79
37706,1955,3,12,87.94,0.5352112676056338,0.0500066853857467,71
37708,1958,3,12,88.55,0.5352112676056338,0.0502072469581494,71
37711,1972,3,12,93.59,0.5352112676056338,0.0504078085305522,71
37719,1955,3,12,114.36,0.028169014084507,0.0514106163925658,79
37730,1980,3,12,99.41,0.2816901408450704,0.0788206979542719,71
37736,1975,3,12,125.34,0.2816901408450704,0.0788875518117395,71
37741,1975,3,12,139.48,0.5352112676056338,0.069193742478941,71
37745,1989,3,12,59.27,0.8591549295774648,0.0816285599679101,48
37747,1989,3,12,62.26,0.6056338028169014,0.0814948522529749,48
37749,1989,3,12,58.87,0.6056338028169014,0.0814279983955074,48
37751,1989,3,12,60.34,0.6056338028169014,0.0813611445380398,48
37753,1989,3,12,60.46,0.6056338028169014,0.0812942906805722,48
37755,1989,3,12,60.14,0.6056338028169014,0.0812274368231047,48
37757,1989,3,12,60.55,0.6056338028169014,0.0811605829656371,48
37759,1989,3,12,63.08,0.6056338028169014,0.1496857868699024,48
37761,1989,3,12,61.43,0.352112676056338,0.0803583366760262,48
37763,1989,3,12,60.88,0.352112676056338,0.0809600213932343,48
37765,1989,3,12,59.75,0.352112676056338,0.0816954138253777,48
37767,1989,3,12,61.43,0.352112676056338,0.0822302446851183,48
37769,1989,3,12,60.0,0.352112676056338,0.0829656371172616,48
37771,1989,3,12,62.65,0.352112676056338,0.0835673218344698,48
37775,1989,3,12,61.03,0.8591549295774648,0.0815617061104425,48
37777,1989,3,12,58.08,0.8591549295774648,0.0815617061104425,48
37779,1989,3,12,57.93,0.8591549295774648,0.0814948522529749,48
37781,1989,3,12,63.18,0.8591549295774648,0.0815617061104425,48
37783,1989,3,12,55.74,0.8591549295774648,0.0815617061104425,48
37787,1987,3,12,603.01,0.8591549295774648,0.0814948522529749,48
37789,1987,3,12,593.84,0.0985915492957746,0.0793555288140125,48
37791,1987,3,12,594.6,0.352112676056338,0.0820965369701831,48
37795,1994,3,12,140.38,0.0985915492957746,0.0496055622409413,48
37797,1990,3,12,279.35,0.0845070422535211,0.0487364620938628,71
37802,1991,3,12,147.66,0.6056338028169014,0.0793555288140125,71
37805,1990,3,12,243.94,0.6056338028169014,0.0798235058162855,71
37814,1993,3,12,56.17,0.0985915492957746,0.0798235058162855,71
37817,1985,3,12,121.94,0.352112676056338,0.0803583366760262,48
37823,1993,3,12,57.26,0.0985915492957746,0.0800240673886883,71
37825,1993,3,12,56.33,0.0985915492957746,0.0802914828185586,71
37838,1988,3,12,1092.44,0.8591549295774648,0.1034897713598074,48
37853,1988,3,12,140.87,0.352112676056338,0.0788206979542719,71
37858,1993,3,12,97.1,0.6056338028169014,0.0519454472523064,79
37860,1987,3,12,98.94,0.6056338028169014,0.0518117395373713,48
37861,1990,3,12,607.14,0.6056338028169014,0.051544324107501,71
37863,1992,6,12,93.38,0.6056338028169014,0.0512100548201631,48
37876,1978,3,12,31.19,0.6056338028169014,0.6269554753309265,71
37879,1925,6,12,53.75,0.7183098591549296,0.898315282791817,79
37882,1968,3,12,,0.1267605633802817,0.0576948789945179,71
37886,1920,6,12,,0.676056338028169,0.1844497927530418,48
37888,1979,3,12,173.3,0.676056338028169,0.0667201497526407,71
37891,1962,3,12,,0.676056338028169,0.1243481748896911,48
37893,1960,3,12,,0.9014084507042254,0.1547666800374381,71
37896,2002,3,12,,0.352112676056338,0.2043722422783794,79
37900,1963,3,12,,0.676056338028169,0.0676561037571867,48
37904,1991,3,12,,0.2957746478873239,0.0477336542318491,48
37907,1991,3,12,,0.8169014084507042,0.1936756250835673,48
37917,1910,3,12,49.05,0.7183098591549296,0.0616392565851049,79
37922,2014,3,12,319.23,0.7605633802816901,0.1122476266880598,48
37925,1998,3,12,1877.73,0.0985915492957746,0.105294825511432,71
37929,1970,3,12,1969.52,0.2253521126760563,0.0,71
37933,1990,3,12,,0.7323943661971831,0.0706645273432277,71
37934,1980,3,12,24.72,0.2676056338028169,0.0,71
37937,1990,6,12,,0.2535211267605634,0.7832597940901189,79
37943,2012,6,12,469.33,0.323943661971831,0.6293622141997592,48
37949,2009,3,12,,0.8169014084507042,0.2563176895306859,48
37950,1979,3,12,15.07,0.295774647887324,0.0,71
