OBJECTID,YearBuilt1,HEIGHT,UseDescription,GrossFloorArea
1,1961,3,1.0,105.4
2,1941,3,1.0,154.52
3,1969,3,1.0,383.83
4,1968,3,1.0,176.82
5,1976,3,4.0,1714.82
6,1976,3,10.0,1039.85
7,1993,3,3.0,261.96
8,1973,3,12.0,150.33
9,1960,3,1.0,152.38
10,1971,3,1.0,106.14
11,1971,3,12.0,
12,1984,3,12.0,118.75
13,1973,6,1.0,206.4
14,1974,3,1.0,138.73
15,1975,3,1.0,176.0
16,1975,3,12.0,152.73
17,1970,3,1.0,105.11
18,1975,9,1.0,135.85
19,1975,3,12.0,107.61
20,1970,3,1.0,110.33
21,2000,3,11.0,72.0
22,2000,3,12.0,
23,1971,3,1.0,45.78
24,1976,3,3.0,124.74
25,1970,3,12.0,107.44
26,1974,3,1.0,82.68
27,1976,6,1.0,91.77
28,1976,3,8.0,112.0
29,1968,3,1.0,114.71
30,1968,3,12.0,108.53
31,1974,3,1.0,107.09
32,1974,3,12.0,98.22
33,2016,9,1.0,545.82
34,1971,3,1.0,104.94
35,1971,3,12.0,104.94
36,1971,3,1.0,91.15
37,1971,6,12.0,91.15
38,1971,3,1.0,128.43
39,1971,6,12.0,128.43
40,1971,3,1.0,120.96
41,1971,3,12.0,108.59
42,2006,3,1.0,388.52
43,1957,3,1.0,168.59
44,1994,3,,344.95
45,1991,9,1.0,110.92
46,1978,3,12.0,110.92
47,1971,3,1.0,141.13
48,2009,9,1.0,127.86
49,1976,3,5.0,251.55
50,1976,12,1.0,244.66
51,1993,3,12.0,269.51
52,1993,3,3.0,107.67
53,1974,3,1.0,120.82
54,1973,3,1.0,111.91
55,1971,3,1.0,121.05
56,1971,3,12.0,121.05
57,1978,6,1.0,234.22
58,1997,3,1.0,257.54
59,1976,3,12.0,138.73
60,1985,6,1.0,97.46
61,2008,6,1.0,296.21
62,1971,3,1.0,290.2
63,1971,3,1.0,268.43
64,1986,3,1.0,269.33
65,1961,3,1.0,114.29
66,1969,12,1.0,58.03
67,1969,6,12.0,58.03
68,1974,3,1.0,63.39
69,1975,3,1.0,28.93
70,1961,9,1.0,42.58
71,1961,3,12.0,42.58
72,1971,6,1.0,143.0
73,1971,3,12.0,3.28
74,1996,3,3.0,461.16
75,1961,3,1.0,42.95
76,1987,6,1.0,170.49
77,2014,3,10.0,141.34
78,1987,3,11.0,
79,1996,3,12.0,
80,1987,3,1.0,200.92
81,1995,6,1.0,445.34
82,2002,3,12.0,320.4
83,1971,3,5.0,90.8
84,1971,3,1.0,87.57
85,1975,3,12.0,115.0
86,2003,3,5.0,347.64
87,2003,6,1.0,329.24
88,2003,6,12.0,313.92
89,2007,3,5.0,396.41
90,2007,6,1.0,379.42
91,2000,3,1.0,197.9
92,1965,3,1.0,167.04
93,1965,3,12.0,115.4
94,1965,3,1.0,128.57
95,1970,6,1.0,130.5
96,1970,3,12.0,71.33
97,1970,3,12.0,157.15
98,1969,3,5.0,164.89
99,1994,3,3.0,549.09
100,1987,3,12.0,435.78
101,1993,3,5.0,193.5
102,1993,9,1.0,178.82
103,1993,6,12.0,129.38
104,1969,3,1.0,188.36
105,1968,3,5.0,257.2
106,1990,3,1.0,212.52
107,1968,3,12.0,18.3
108,1970,3,1.0,147.1
109,1970,3,12.0,111.13
110,1972,3,1.0,182.23
111,1970,9,1.0,158.79
112,1970,3,11.0,155.42
113,1970,3,12.0,122.56
114,1960,3,1.0,159.58
115,1981,6,1.0,127.22
116,1984,3,9.0,122.64
117,1970,6,1.0,168.3
118,1970,3,1.0,154.14
119,1970,3,12.0,139.39
120,1982,15,12.0,144.29
121,1960,3,1.0,159.16
122,1960,3,12.0,128.02
123,1985,3,1.0,169.9
124,2003,3,1.0,287.01
125,2003,3,12.0,203.42
126,1971,3,12.0,23.46
127,1980,3,1.0,302.52
128,1988,6,1.0,138.42
129,2003,3,5.0,315.43
130,2003,3,1.0,315.43
131,2003,3,12.0,241.25
132,1986,3,1.0,204.88
133,1973,3,1.0,96.49
134,1973,3,1.0,90.96
135,1963,3,1.0,105.48
136,1960,9,1.0,182.52
137,1960,3,12.0,112.26
138,1990,3,11.0,138.68
139,1980,3,1.0,96.25
140,1970,3,12.0,151.5
141,2007,3,1.0,143.25
142,1967,3,1.0,100.33
143,1971,3,1.0,98.42
144,2006,3,1.0,139.26
145,1965,3,1.0,64.46
146,1965,3,12.0,64.46
147,1968,3,1.0,56.5
148,1969,3,1.0,146.15
149,1960,3,1.0,142.75
150,1969,3,1.0,156.24
151,1969,3,12.0,123.6
152,1996,3,1.0,76.65
153,1969,3,1.0,63.28
154,1992,3,1.0,119.7
155,1969,3,1.0,49.98
156,1969,3,1.0,76.67
157,2007,3,1.0,118.33
158,2001,3,1.0,91.96
159,1970,6,1.0,160.43
160,1970,3,12.0,94.31
161,1982,6,1.0,92.45
162,1973,3,12.0,76.69
163,1975,3,1.0,117.42
164,1982,9,1.0,86.55
165,1960,3,5.0,173.83
166,1960,3,1.0,125.96
167,1970,3,5.0,202.71
168,1970,3,1.0,124.48
169,1990,6,12.0,52.25
170,1967,3,12.0,209.22
171,1971,3,1.0,111.63
172,1997,3,1.0,205.71
173,1988,3,12.0,103.41
174,1969,3,1.0,145.8
175,1981,6,1.0,174.98
176,1985,3,12.0,195.59
177,1981,3,1.0,159.79
178,2003,6,1.0,184.24
179,1969,3,1.0,166.24
180,1969,3,12.0,139.27
181,1979,3,1.0,109.04
182,2005,3,1.0,116.41
183,2005,3,12.0,98.8
184,2008,6,1.0,199.69
185,1969,3,1.0,114.38
186,1969,3,12.0,114.38
187,1981,3,1.0,203.11
188,1992,3,1.0,123.99
189,1998,6,1.0,334.58
190,1998,3,1.0,128.18
191,1970,3,12.0,97.34
192,2006,6,1.0,98.14
193,2007,3,5.0,299.84
194,2007,6,1.0,299.84
195,1998,3,3.0,207.37
196,2010,9,1.0,265.99
197,2010,3,12.0,257.65
198,1979,3,12.0,159.29
199,1971,6,1.0,145.03
200,1983,3,1.0,157.88
201,1968,6,1.0,196.66
202,2006,3,1.0,201.58
203,1989,3,12.0,403.15
204,2012,6,1.0,326.43
205,2012,3,12.0,197.83
206,1965,6,1.0,118.59
207,1999,3,1.0,238.42
208,1963,6,1.0,175.2
209,1963,3,11.0,125.93
210,1963,3,12.0,
211,1961,3,1.0,309.19
212,1976,6,1.0,209.13
213,1976,3,10.0,177.48
214,1976,3,12.0,76.89
215,1965,3,1.0,130.41
216,1965,3,12.0,42.04
217,1978,3,1.0,121.43
218,1971,3,1.0,117.2
219,2005,6,1.0,89.14
220,1969,3,12.0,54.77
221,1969,3,1.0,123.67
222,2005,3,1.0,100.55
223,1968,3,1.0,73.47
224,1968,3,12.0,73.47
225,1960,3,1.0,126.68
226,1960,3,12.0,119.15
227,1973,3,12.0,162.63
228,1977,3,1.0,160.08
229,2006,6,1.0,100.87
230,1977,3,5.0,242.92
231,1977,3,1.0,242.92
232,1977,3,11.0,77.91
233,1977,6,12.0,
234,1909,3,1.0,106.73
235,1909,3,12.0,93.16
236,1995,3,1.0,152.84
237,2007,3,1.0,80.47
238,2007,3,12.0,70.64
239,2005,3,1.0,230.6
240,1987,3,12.0,177.48
241,1987,3,12.0,199.65
242,2011,12,1.0,292.3
243,2011,6,12.0,277.53
244,2024,9,1.0,9.85
245,2024,3,12.0,
246,1996,6,1.0,324.23
247,1979,3,12.0,249.84
248,1982,3,1.0,440.8
249,1993,3,1.0,220.22
250,1959,3,1.0,76.13
251,1968,3,1.0,138.84
252,1968,3,12.0,
253,1975,3,12.0,218.98
254,1975,6,1.0,105.69
255,1975,3,11.0,31.32
256,2005,6,1.0,460.57
257,1959,6,1.0,162.91
258,1959,3,12.0,104.7
259,2004,6,1.0,457.38
260,2002,3,1.0,269.65
261,2002,3,12.0,241.96
262,2016,9,1.0,251.88
263,2016,3,11.0,191.37
264,1990,3,3.0,219.65
265,2001,3,1.0,120.03
266,1996,3,3.0,221.65
267,1974,3,1.0,160.97
268,1974,3,12.0,22.23
269,1971,3,1.0,170.8
270,1998,6,1.0,259.78
271,1978,3,1.0,120.04
272,1971,3,1.0,133.05
273,1971,3,12.0,133.05
274,2006,3,1.0,461.72
275,1971,6,1.0,120.82
276,1971,6,11.0,105.69
277,1971,3,12.0,47.39
278,1972,6,1.0,119.57
279,1972,3,11.0,76.74
280,1972,6,12.0,14.5
281,2009,6,1.0,129.07
282,1974,3,1.0,109.68
283,1974,3,12.0,109.68
284,1971,3,1.0,97.65
285,1971,3,12.0,97.65
286,1971,6,1.0,192.94
287,1971,3,10.0,8.64
288,1971,3,12.0,
289,2000,6,1.0,143.26
290,2000,3,10.0,114.25
291,2000,6,11.0,
292,2000,3,12.0,
293,2022,9,1.0,956.92
294,1996,6,1.0,153.36
295,1989,6,1.0,98.78
296,1989,3,11.0,59.11
297,1989,3,12.0,
298,2023,6,1.0,134.86
299,2023,3,11.0,113.84
300,2023,3,12.0,
301,2002,6,1.0,538.95
302,2003,3,1.0,145.19
303,2003,3,1.0,141.96
304,2003,3,12.0,141.96
305,1970,3,1.0,101.69
306,1977,3,1.0,126.89
307,1990,3,1.0,188.46
308,1978,3,1.0,170.59
309,1995,9,1.0,81.79
310,1995,3,12.0,70.62
311,1978,3,1.0,103.68
312,2000,3,1.0,736.68
313,2006,3,9.0,730.51
314,2000,3,12.0,730.51
315,2001,3,1.0,269.14
316,2003,3,1.0,82.12
317,2003,3,1.0,83.18
318,2005,3,1.0,71.72
319,2005,3,12.0,71.72
320,2005,3,1.0,71.45
321,2005,3,12.0,71.45
322,2020,9,1.0,79.81
323,2020,3,12.0,74.28
324,2021,9,1.0,79.21
325,2021,3,12.0,73.73
326,1968,3,1.0,116.36
327,1971,3,1.0,163.03
328,2010,9,1.0,362.79
329,2010,6,12.0,362.79
330,2007,15,1.0,457.65
331,2004,3,5.0,2594.77
332,2004,3,1.0,2594.77
333,2004,3,9.0,2338.13
334,2004,3,12.0,864.6
335,2005,6,1.0,152.05
336,2005,12,1.0,75.61
337,2005,3,12.0,75.61
338,1956,9,1.0,36.32
339,1953,3,1.0,68.72
340,1951,3,1.0,98.83
341,1951,3,12.0,9.54
342,1953,3,1.0,98.08
343,1955,3,1.0,82.27
344,1956,3,1.0,79.69
345,1960,3,1.0,91.78
346,1975,3,1.0,46.13
347,1975,3,1.0,30.8
348,1959,3,1.0,22.79
349,1955,6,1.0,12.56
350,1955,3,12.0,12.56
351,1960,3,1.0,41.31
352,1978,3,12.0,31.64
353,1958,3,1.0,48.2
354,1975,6,1.0,82.93
355,1956,3,1.0,80.34
356,1955,3,1.0,89.83
357,1963,3,1.0,88.81
358,1963,3,12.0,88.81
359,2004,6,1.0,108.14
360,1960,3,1.0,88.99
361,2010,12,1.0,218.78
362,2010,3,12.0,96.3
363,1960,3,1.0,42.43
364,1957,3,1.0,49.23
365,1958,3,1.0,41.64
366,1958,3,12.0,41.64
367,1970,3,1.0,63.45
368,1970,3,12.0,63.45
369,1957,3,5.0,70.94
370,1957,3,1.0,70.94
371,2020,9,1.0,59.91
372,2020,3,12.0,59.91
373,1960,6,1.0,180.74
374,1960,3,12.0,63.7
375,1960,3,1.0,130.24
376,1960,3,1.0,61.9
377,1970,3,1.0,116.59
378,1977,9,1.0,124.02
379,1991,9,1.0,99.13
380,1956,3,1.0,79.7
381,1965,3,1.0,98.31
382,1965,3,11.0,63.76
383,1965,6,12.0,
384,1956,3,1.0,83.66
385,1950,3,1.0,77.47
386,1963,3,1.0,72.12
387,1955,3,1.0,76.78
388,1955,3,1.0,88.24
389,1960,3,1.0,83.07
390,1950,3,1.0,56.86
391,1958,9,1.0,39.02
392,1960,3,1.0,72.23
393,2006,6,1.0,270.03
394,2000,6,1.0,177.15
395,1975,6,1.0,144.93
396,1975,6,1.0,155.05
397,1975,6,1.0,148.82
398,1982,3,1.0,204.01
399,1982,3,12.0,170.08
400,1982,3,1.0,189.57
401,1982,3,12.0,172.5
402,1989,3,1.0,63.89
403,1989,3,1.0,58.34
404,1989,6,1.0,71.13
405,1989,6,1.0,69.56
406,1994,3,12.0,57.84
407,1989,3,1.0,56.87
408,1989,3,1.0,60.7
409,2004,3,12.0,275.98
410,1992,3,1.0,315.45
411,1994,3,1.0,134.81
412,1998,3,1.0,125.82
413,2000,3,1.0,80.81
414,1977,12,1.0,176.05
415,1977,6,12.0,167.2
416,1999,3,3.0,530.08
417,2018,9,1.0,113.01
418,2018,3,12.0,113.01
419,1984,3,1.0,263.89
420,1984,3,12.0,263.89
421,1995,6,1.0,135.25
422,1995,3,12.0,129.25
423,1994,6,1.0,90.18
424,1993,6,1.0,199.36
425,1990,3,9.0,111.01
426,1995,3,1.0,111.29
427,2002,3,1.0,138.04
428,2008,9,1.0,130.25
429,2008,3,12.0,91.16
430,1999,6,1.0,141.67
431,1999,3,12.0,78.98
432,2000,3,12.0,91.11
433,1995,3,1.0,309.76
434,2009,9,1.0,492.16
435,2009,3,12.0,310.16
436,2006,6,1.0,498.73
437,1987,3,5.0,358.54
438,1960,3,5.0,86.24
439,1960,6,1.0,86.24
440,1960,3,12.0,37.64
441,1980,3,1.0,87.64
442,2000,3,5.0,157.89
443,2000,6,1.0,148.49
444,2000,3,12.0,148.49
445,1997,6,1.0,758.11
446,2003,3,1.0,91.74
447,1990,3,1.0,55.15
448,1990,3,1.0,68.64
449,1990,3,1.0,62.04
450,1990,3,1.0,60.61
451,1990,3,1.0,72.07
452,2001,3,11.0,81.94
453,2000,3,1.0,81.77
454,2003,6,1.0,86.15
455,2002,6,1.0,79.94
456,1995,3,1.0,59.49
457,1996,3,1.0,56.67
458,1997,3,1.0,97.39
459,2002,6,1.0,341.07
460,2006,3,1.0,185.85
461,2007,9,1.0,284.82
462,2007,3,12.0,160.16
463,1998,6,1.0,98.0
464,1994,6,1.0,298.41
465,1989,3,1.0,56.68
466,2006,6,1.0,98.98
467,1987,3,12.0,95.5
468,1989,3,1.0,48.42
469,1989,6,1.0,60.83
470,1989,3,12.0,60.83
471,1989,3,1.0,59.71
472,1989,3,1.0,59.63
473,1989,3,1.0,59.55
474,1989,3,1.0,59.3
475,1989,9,1.0,85.47
476,1989,3,12.0,59.79
477,1994,3,1.0,102.62
478,1991,3,1.0,101.58
479,2006,12,1.0,163.69
480,2006,6,12.0,163.69
481,2005,6,1.0,285.57
482,1996,6,1.0,96.84
483,1996,3,12.0,84.81
484,1997,3,1.0,288.66
485,1993,3,1.0,274.16
486,1995,6,1.0,242.76
487,1978,3,1.0,296.15
488,2001,9,1.0,177.94
489,2001,3,12.0,172.94
490,2001,3,1.0,150.3
491,1997,6,1.0,276.03
492,1989,3,1.0,139.65
493,2009,12,1.0,211.22
494,2009,3,12.0,179.68
495,1994,3,5.0,1105.1
496,1994,6,1.0,1059.36
497,1994,6,12.0,786.52
498,1996,3,1.0,117.89
499,1996,3,1.0,170.99
500,1995,6,1.0,516.11
501,1990,6,1.0,175.12
502,1982,6,12.0,161.6
503,1999,6,,550.9
504,1997,3,1.0,61.79
505,1997,3,1.0,60.95
506,1997,3,1.0,60.67
507,1997,3,1.0,60.54
508,1997,3,1.0,58.08
509,1997,3,1.0,81.15
510,1997,3,1.0,73.56
511,1997,3,1.0,73.52
512,1997,3,1.0,77.31
513,1996,3,1.0,58.34
514,1996,3,1.0,57.1
515,1996,3,1.0,57.22
516,1996,3,1.0,58.19
517,1996,3,1.0,57.99
518,1996,3,1.0,57.32
519,1996,3,1.0,57.35
520,1996,3,1.0,57.48
521,1996,3,1.0,60.61
522,1996,6,1.0,145.46
523,1997,6,1.0,134.17
524,2010,3,10.0,2302.01
525,2010,3,11.0,
526,2010,3,12.0,
527,1974,9,1.0,1663.17
528,1963,6,1.0,366.89
529,1958,3,12.0,64.34
530,1976,3,1.0,177.17
531,1976,6,1.0,84.95
532,2010,3,10.0,72.69
533,2010,9,12.0,
534,1978,3,1.0,150.09
535,1970,3,1.0,57.32
536,1970,3,1.0,76.45
537,1962,3,1.0,108.42
538,1960,3,1.0,132.63
539,1960,3,1.0,89.92
540,1950,6,1.0,233.03
541,1950,3,12.0,106.09
542,1970,9,1.0,167.87
543,1970,3,12.0,84.51
544,1965,6,1.0,273.2
545,1965,3,11.0,73.98
546,1965,3,12.0,
547,2000,3,1.0,143.4
548,1950,3,1.0,126.23
549,1950,3,1.0,27.37
550,1947,9,1.0,424.84
551,1947,3,10.0,259.17
552,1947,3,11.0,24.18
553,1947,9,12.0,
554,1970,3,12.0,42.32
555,1992,3,1.0,471.31
556,2018,3,10.0,471.31
557,1992,3,12.0,
558,1960,3,1.0,165.26
559,2002,3,12.0,89.84
560,2005,6,1.0,2048.38
561,1963,3,1.0,130.92
562,1963,3,12.0,125.97
563,1963,6,1.0,305.71
564,2015,3,10.0,180.43
565,2007,3,11.0,
566,1955,3,12.0,
567,1970,9,1.0,224.01
568,1970,3,10.0,128.28
569,1970,3,11.0,24.94
570,1970,3,12.0,
571,1985,3,1.0,197.52
572,1990,3,1.0,83.45
573,1965,3,1.0,164.21
574,2006,3,10.0,20.72
575,2006,3,12.0,
576,2009,9,1.0,151.74
577,2009,6,12.0,145.31
578,2008,3,1.0,145.52
579,1965,3,1.0,72.9
580,2021,6,1.0,100.93
581,2021,3,12.0,35.51
582,2018,6,1.0,122.87
583,2018,3,10.0,106.39
584,2018,3,11.0,44.13
585,2018,3,12.0,
586,2018,6,1.0,119.5
587,2018,3,10.0,114.96
588,2018,3,11.0,40.42
589,2018,3,12.0,
590,2006,3,9.0,226.19
591,2004,3,1.0,164.2
592,2007,3,1.0,171.97
593,2007,3,12.0,85.2
594,2004,3,1.0,108.89
595,2004,3,1.0,101.25
596,2007,3,10.0,78.94
597,2003,3,1.0,140.15
598,2009,3,10.0,
599,2003,3,11.0,
600,2004,3,1.0,137.73
601,2006,3,10.0,85.41
602,2004,3,1.0,189.52
603,2006,3,10.0,96.36
604,2004,3,1.0,119.31
605,2006,3,10.0,96.36
606,2005,3,1.0,167.68
607,2017,3,1.0,191.69
608,2017,3,10.0,
609,2017,3,11.0,
610,2006,3,1.0,150.13
611,2016,6,1.0,129.53
612,2016,3,10.0,99.98
613,2016,3,12.0,21.51
614,2007,9,1.0,180.72
615,2008,3,10.0,128.84
616,2007,9,1.0,202.14
617,2009,3,10.0,123.17
618,2007,9,1.0,181.39
619,2004,3,1.0,115.78
620,2004,3,10.0,85.4
621,2004,3,1.0,115.78
622,2006,3,10.0,85.4
623,2010,9,1.0,115.78
624,2004,3,10.0,85.4
625,2004,3,12.0,68.45
626,2004,3,1.0,115.78
627,2004,3,10.0,85.4
628,1975,15,1.0,1113.96
629,1975,15,1.0,1114.05
630,1973,15,1.0,1120.16
631,1972,15,1.0,1110.88
632,1973,6,5.0,3212.95
633,1973,3,8.0,3212.95
634,1973,3,,
635,1973,3,12.0,
636,1979,15,1.0,1232.92
637,1976,15,1.0,1093.18
638,1977,15,1.0,1091.66
639,1979,15,1.0,979.56
640,1978,15,1.0,1161.16
641,1977,15,1.0,980.29
642,1977,3,12.0,28.65
643,2004,3,2.0,6013.25
644,1993,3,2.0,4037.75
645,1993,3,12.0,290.07
646,2005,3,3.0,1157.62
647,2018,6,2.0,271.17
648,1993,3,11.0,
649,2018,6,12.0,
650,2018,3,2.0,1799.54
651,2018,3,11.0,117.96
652,2018,3,12.0,
653,1991,3,3.0,2218.32
654,1991,3,2.0,268.8
655,2007,3,3.0,947.41
656,2007,6,2.0,415.68
657,1991,3,3.0,3245.22
658,1991,3,2.0,3108.08
659,1990,3,2.0,3121.03
660,1990,3,12.0,215.09
661,1990,3,12.0,48.61
662,1990,3,3.0,53.46
663,1990,3,12.0,50.4
664,1990,3,2.0,2643.5
665,1990,3,12.0,293.51
666,1993,3,2.0,7402.82
667,1999,3,3.0,4309.42
668,1999,3,2.0,475.87
669,2001,3,3.0,7628.15
670,1991,3,12.0,571.28
671,1998,3,3.0,198.47
672,1990,3,12.0,74.98
673,1990,6,2.0,2591.97
674,1990,3,12.0,117.96
675,1993,3,3.0,1569.03
676,1993,3,2.0,288.91
677,1993,3,3.0,1542.27
678,1993,3,2.0,266.94
679,1993,3,3.0,1583.68
680,1993,3,2.0,195.95
681,1991,3,3.0,215.75
682,1991,3,2.0,215.75
683,1990,3,3.0,1800.48
684,1990,3,2.0,305.96
685,1995,3,3.0,1677.27
686,1994,3,2.0,182.78
687,1995,3,3.0,1836.0
688,2005,3,2.0,349.21
689,1989,3,3.0,1896.87
690,1989,3,2.0,340.36
691,1989,3,2.0,1149.42
692,1989,3,12.0,186.07
693,1997,3,3.0,4004.57
694,2004,9,2.0,217.28
695,2003,3,3.0,2364.51
696,1994,3,3.0,385.17
697,1994,3,2.0,98.06
698,1994,6,12.0,
699,1996,3,12.0,99.83
700,1994,3,2.0,265.88
701,1994,6,12.0,98.02
702,1994,6,3.0,366.39
703,1994,3,2.0,99.98
704,1999,3,1.0,95.99
705,1978,9,1.0,76.28
706,1978,3,12.0,76.28
707,1969,3,1.0,67.93
708,1987,3,5.0,131.8
709,1987,3,1.0,131.8
710,1951,6,1.0,128.46
711,1949,6,1.0,101.84
712,1949,3,12.0,59.01
713,1948,3,1.0,117.28
714,1961,3,1.0,32.27
715,1962,3,1.0,103.9
716,1969,3,8.0,128.7
717,1969,3,1.0,121.76
718,1967,3,12.0,155.21
719,1963,3,1.0,121.51
720,1960,3,1.0,100.34
721,1978,9,1.0,70.78
722,1968,3,12.0,70.78
723,1970,3,1.0,108.13
724,1983,3,12.0,111.85
725,1977,3,1.0,111.4
726,1970,6,1.0,110.25
727,1968,3,1.0,125.1
728,1968,3,12.0,84.43
729,2007,6,1.0,263.19
730,1969,3,12.0,23.46
731,1969,3,1.0,125.67
732,1968,3,1.0,119.75
733,1962,3,1.0,133.58
734,1970,3,1.0,106.46
735,1966,9,1.0,45.37
736,1962,3,1.0,138.71
737,1982,3,1.0,130.61
738,2007,6,1.0,111.77
739,1994,3,3.0,313.6
740,1997,3,1.0,106.59
741,1977,15,1.0,464.9
742,1978,3,12.0,187.44
743,2006,6,1.0,326.84
744,1987,3,1.0,252.87
745,1987,3,12.0,129.37
746,1979,3,1.0,261.0
747,1979,3,12.0,218.43
748,1999,6,1.0,348.43
749,1973,3,1.0,441.09
750,1989,6,1.0,163.24
751,2000,3,11.0,81.94
752,1994,3,12.0,
753,2003,3,1.0,964.39
754,2003,3,12.0,850.33
755,1990,3,1.0,104.02
756,1980,6,1.0,156.9
757,1980,3,12.0,117.64
758,1978,6,1.0,159.28
759,1978,3,12.0,109.81
760,1979,3,1.0,59.56
761,1989,3,1.0,227.75
762,1989,3,12.0,207.79
763,2017,6,1.0,199.97
764,2017,3,12.0,8.75
765,2000,6,1.0,199.34
766,2001,6,1.0,207.45
767,1993,6,1.0,262.68
768,2007,6,1.0,168.5
769,1979,3,1.0,92.87
770,2005,3,1.0,437.69
771,2005,3,12.0,437.69
772,1960,3,1.0,149.68
773,2004,3,12.0,24.23
774,1960,6,1.0,146.0
775,1960,3,12.0,106.09
776,1993,3,1.0,262.1
777,1998,3,11.0,53.7
778,2004,3,12.0,
779,1950,3,1.0,169.08
780,1950,3,12.0,
781,1971,3,1.0,81.39
782,2007,6,1.0,264.54
783,2003,9,1.0,274.53
784,2007,3,1.0,296.68
785,2006,3,1.0,313.49
786,1968,3,1.0,172.4
787,1968,3,12.0,52.65
788,1980,3,12.0,106.22
789,1967,3,1.0,66.36
790,1991,3,1.0,241.07
791,1970,3,1.0,151.39
792,1970,3,1.0,138.6
793,1970,3,1.0,126.46
794,1970,3,12.0,116.19
795,1970,3,1.0,149.61
796,1982,9,1.0,196.61
797,1982,3,12.0,156.11
798,1982,12,1.0,202.7
799,1982,6,12.0,133.95
800,1971,3,1.0,204.69
801,1978,3,1.0,120.96
802,2002,3,1.0,156.54
803,2002,3,12.0,147.52
804,2004,3,1.0,107.49
805,1972,9,1.0,191.98
806,1972,6,11.0,153.75
807,1972,6,12.0,27.32
808,1980,3,1.0,140.34
809,1980,3,12.0,140.34
810,1970,3,1.0,158.29
811,2000,3,1.0,133.24
812,1970,3,1.0,151.78
813,1967,9,1.0,163.71
814,1967,3,12.0,128.06
815,1967,6,1.0,133.94
816,1967,3,12.0,133.94
817,1970,3,1.0,147.3
818,1970,3,12.0,129.17
819,2001,6,1.0,109.17
820,1993,3,1.0,114.04
821,1993,3,12.0,
822,2000,6,1.0,302.56
823,2001,6,1.0,229.28
824,1959,3,1.0,104.42
825,1959,3,1.0,95.57
826,2006,3,1.0,292.96
827,2006,3,12.0,292.96
828,1983,6,1.0,166.3
829,2006,6,1.0,362.44
830,2006,6,12.0,292.42
831,1969,3,1.0,169.03
832,1991,3,1.0,107.24
833,1979,3,5.0,196.65
834,1979,3,1.0,166.61
835,1979,3,12.0,
836,1995,3,12.0,187.08
837,1991,3,1.0,110.63
838,2005,6,1.0,392.42
839,2005,6,1.0,393.85
840,1971,3,1.0,113.85
841,1971,3,12.0,79.99
842,1993,6,1.0,106.54
843,2007,6,1.0,106.57
844,1964,3,1.0,64.69
845,1971,3,1.0,124.84
846,1971,3,12.0,
847,1974,3,1.0,115.02
848,1971,3,1.0,103.3
849,2008,3,1.0,209.86
850,2008,3,12.0,209.86
851,1987,3,1.0,163.77
852,1971,3,1.0,204.21
853,1971,3,12.0,186.21
854,1971,3,1.0,168.55
855,1971,3,1.0,107.66
856,1971,3,12.0,
857,1971,3,1.0,160.09
858,1972,3,1.0,471.49
859,1971,3,11.0,208.72
860,1973,3,12.0,108.81
861,2009,9,1.0,248.54
862,2009,3,12.0,189.52
863,2004,9,1.0,183.77
864,1995,9,1.0,416.82
865,1997,9,1.0,985.18
866,1997,9,12.0,985.18
867,1997,9,1.0,1140.74
868,1997,9,12.0,1140.74
869,2004,3,1.0,1663.36
870,2004,3,12.0,1639.73
871,1980,6,1.0,105.09
872,1970,3,1.0,82.39
873,1970,3,12.0,82.39
874,1975,3,1.0,86.96
875,1975,3,12.0,86.96
876,1987,3,1.0,104.65
877,1996,6,1.0,203.76
878,1975,6,1.0,214.62
879,2003,12,1.0,781.0
880,2003,3,12.0,781.0
881,1975,3,12.0,105.53
882,1978,6,1.0,200.07
883,2005,6,1.0,60.21
884,2006,6,1.0,107.4
885,1985,3,1.0,458.92
886,1992,3,5.0,99.13
887,1992,6,1.0,93.81
888,1992,3,9.0,93.81
889,2012,12,1.0,199.31
890,2012,6,12.0,199.31
891,1979,3,1.0,87.6
892,1980,6,12.0,200.07
893,1992,3,1.0,520.48
894,1991,3,1.0,103.83
895,1980,3,12.0,103.83
896,2018,6,1.0,206.45
897,1980,3,12.0,164.7
898,1975,6,1.0,195.57
899,1979,3,12.0,102.27
900,1979,9,1.0,103.26
901,1973,3,1.0,113.84
902,1973,3,12.0,113.84
903,1975,3,1.0,102.26
904,1975,3,12.0,102.26
905,1975,3,1.0,91.54
906,1975,3,12.0,91.54
907,1975,12,1.0,93.95
908,1975,3,12.0,93.95
909,1955,6,12.0,68.37
910,1982,6,1.0,157.71
911,1975,3,5.0,142.73
912,1975,12,1.0,142.73
913,1975,3,1.0,218.06
914,1975,3,1.0,110.73
915,1975,3,12.0,100.52
916,1975,3,1.0,200.91
917,1975,3,12.0,182.94
918,1987,9,1.0,122.6
919,1996,9,1.0,2752.58
920,1983,3,1.0,176.49
921,1983,3,12.0,176.49
922,1970,3,1.0,95.06
923,1973,3,1.0,88.5
924,1986,3,1.0,195.91
925,1984,3,12.0,151.23
926,1988,3,1.0,87.35
927,1980,9,1.0,101.38
928,1980,3,12.0,92.35
929,1990,9,1.0,98.86
930,1982,3,12.0,78.07
931,1983,3,1.0,101.94
932,1970,6,8.0,165.55
933,1992,3,1.0,152.75
934,2008,3,12.0,152.75
935,2003,6,1.0,185.82
936,1984,6,1.0,102.18
937,1984,6,12.0,102.18
938,1983,3,12.0,103.51
939,1991,3,5.0,92.2
940,1995,3,3.0,91.55
941,1993,9,1.0,100.0
942,1993,3,12.0,74.53
943,1973,3,1.0,153.65
944,1974,3,1.0,92.92
945,1978,3,5.0,170.24
946,1978,6,1.0,170.24
947,1980,3,1.0,90.79
948,2002,3,1.0,131.25
949,1994,12,1.0,97.67
950,1994,6,12.0,68.51
951,1996,3,1.0,85.98
952,1995,3,1.0,79.68
953,1997,6,1.0,231.23
954,1993,6,1.0,101.02
955,1993,3,12.0,101.02
956,1998,9,1.0,163.18
957,1998,6,12.0,137.84
958,1991,3,1.0,80.46
959,1991,3,1.0,64.3
960,1992,3,1.0,75.94
961,1991,3,1.0,72.97
962,1991,3,1.0,75.74
963,1990,3,1.0,70.04
964,1990,3,1.0,72.42
965,1990,3,1.0,72.01
966,1990,3,1.0,71.59
967,2002,3,1.0,65.81
968,1990,3,12.0,52.3
969,1991,3,1.0,79.04
970,1995,3,1.0,216.96
971,1997,3,1.0,161.27
972,1996,3,1.0,57.44
973,1994,9,1.0,1395.32
974,1994,9,12.0,1273.85
975,2004,3,5.0,5629.88
976,2004,3,8.0,3167.37
977,2003,3,1.0,3167.37
978,2003,3,12.0,3167.37
979,2004,15,1.0,4098.51
980,2004,21,1.0,680.55
981,2006,3,5.0,5201.55
982,2023,3,8.0,3355.38
983,2006,12,1.0,3169.42
984,2004,12,1.0,2775.59
985,2002,3,5.0,4953.01
986,2002,12,1.0,2381.24
987,2002,6,12.0,2381.24
988,2022,24,1.0,3495.61
989,2022,6,12.0,3253.64
990,2003,21,1.0,4862.73
991,1974,3,1.0,114.64
992,2009,3,10.0,19.86
993,1974,3,12.0,
994,1949,3,1.0,99.88
995,2015,3,10.0,
996,1949,3,12.0,
997,1959,6,3.0,1692.01
998,1959,6,1.0,333.68
999,1959,3,10.0,
1000,1959,3,11.0,
1001,1959,6,12.0,
1002,1961,3,12.0,16.51
1003,1959,3,1.0,64.58
1004,1984,6,1.0,91.7
1005,2007,3,11.0,78.09
1006,1960,9,1.0,167.63
1007,1960,3,10.0,89.5
1008,1960,3,12.0,64.67
1009,1980,3,1.0,65.61
1010,1956,3,1.0,93.83
1011,2020,3,10.0,31.93
1012,1970,3,1.0,115.45
1013,1970,3,10.0,
1014,1960,9,1.0,215.15
1015,1960,3,10.0,160.73
1016,1960,3,11.0,43.33
1017,1960,3,12.0,
1018,1960,3,1.0,117.77
1019,1960,3,11.0,
1020,1960,3,12.0,
1021,1935,6,1.0,93.19
1022,1935,3,11.0,93.19
1023,2000,3,12.0,
1024,2000,6,1.0,38.12
1025,2000,3,12.0,38.12
1026,1970,3,1.0,82.5
1027,2015,3,10.0,73.15
1028,2007,6,1.0,163.68
1029,1994,3,1.0,122.84
1030,1995,6,1.0,169.27
1031,1995,3,11.0,46.03
1032,2006,3,12.0,
1033,1995,3,1.0,162.14
1034,1995,3,12.0,137.3
1035,2023,3,1.0,240.42
1036,2023,6,1.0,215.93
1037,2023,3,10.0,164.78
1038,2023,3,12.0,
1039,2022,3,1.0,199.23
1040,2022,3,10.0,199.23
1041,2022,3,1.0,195.27
1042,2022,6,1.0,193.27
1043,2022,3,11.0,153.69
1044,2023,6,1.0,184.41
1045,2023,3,10.0,174.99
1046,2022,3,1.0,175.05
1047,2022,3,10.0,175.05
1048,2023,6,1.0,194.63
1049,2023,3,11.0,185.26
1050,2023,3,12.0,
1051,2023,6,1.0,185.31
1052,2023,3,12.0,139.46
1053,2023,6,1.0,195.42
1054,2023,3,11.0,189.52
1055,2023,6,12.0,
1056,2023,6,1.0,187.62
1057,2023,3,11.0,161.8
1058,2023,3,12.0,
1059,2023,6,1.0,182.69
1060,2023,3,12.0,144.94
1061,2024,6,1.0,166.67
1062,2024,3,10.0,157.89
1063,1970,3,1.0,130.9
1064,1970,3,12.0,78.18
1065,1960,3,1.0,208.81
1066,2004,6,1.0,154.02
1067,2010,6,1.0,233.77
1068,2010,3,10.0,185.67
1069,2010,3,11.0,
1070,2010,6,12.0,
1071,2001,9,1.0,132.82
1072,2003,3,10.0,92.15
1073,2001,3,11.0,61.96
1074,2001,3,12.0,
1075,1997,9,1.0,151.99
1076,1997,3,10.0,135.16
1077,1997,3,11.0,61.81
1078,1997,3,12.0,
1079,1975,3,1.0,197.52
1080,1994,3,10.0,140.11
1081,1975,3,11.0,
1082,1995,6,1.0,313.59
1083,2000,3,10.0,106.78
1084,2008,3,11.0,39.53
1085,1984,3,10.0,304.81
1086,2001,3,12.0,55.77
1087,1970,3,1.0,269.96
1088,2000,3,10.0,
1089,2004,3,1.0,119.09
1090,1980,3,1.0,143.75
1091,2002,3,10.0,80.19
1092,1991,3,4.0,231.43
1093,1998,9,1.0,322.96
1094,1998,3,11.0,220.73
1095,1998,3,12.0,118.1
1096,1997,9,1.0,102.48
1097,1997,3,10.0,102.48
1098,1997,3,11.0,64.75
1099,1997,3,12.0,
1100,2008,6,1.0,193.67
1101,2008,3,11.0,58.77
1102,1999,6,12.0,
1103,1989,6,1.0,230.86
1104,1989,3,10.0,142.94
1105,1989,3,11.0,
1106,1989,6,12.0,
1107,2019,6,1.0,130.44
1108,2019,3,10.0,69.59
1109,2019,3,11.0,
1110,2019,3,12.0,
1111,2023,3,1.0,146.64
1112,2023,3,1.0,244.13
1113,2023,3,10.0,
1114,1981,12,1.0,1407.27
1115,1981,15,1.0,1642.77
1116,1981,15,1.0,923.72
1117,1981,3,12.0,34.93
1118,1982,6,7.0,1666.03
1119,1982,15,1.0,1469.42
1120,1987,3,5.0,2290.43
1121,2011,3,2.0,24.71
1122,1981,3,11.0,
1123,1880,3,1.0,1072.08
1124,1994,3,10.0,362.81
1125,1982,3,1.0,117.25
1126,1982,3,12.0,112.0
1127,2003,9,1.0,88.3
1128,2003,3,12.0,88.3
1129,1980,3,1.0,173.46
1130,1988,3,1.0,184.61
1131,1988,3,12.0,184.61
1132,1950,3,1.0,147.01
1133,1963,3,5.0,154.3
1134,1951,3,1.0,215.66
1135,1951,3,12.0,
1136,1992,6,1.0,213.23
1137,1992,6,1.0,141.63
1138,1992,6,1.0,241.85
1139,1992,6,1.0,203.87
1140,1992,6,1.0,141.97
1141,1992,6,1.0,142.66
1142,1992,6,1.0,151.68
1143,1992,6,1.0,197.77
1144,1992,6,1.0,208.71
1145,1971,3,1.0,171.76
1146,1971,3,12.0,124.27
1147,1974,3,1.0,147.18
1148,1974,3,12.0,
1149,1993,3,11.0,18.13
1150,1971,3,1.0,76.01
1151,1971,3,1.0,139.53
1152,1971,3,1.0,110.41
1153,1971,3,1.0,115.16
1154,2007,12,1.0,157.11
1155,2007,6,12.0,157.11
1156,2006,12,1.0,95.71
1157,1970,3,1.0,97.97
1158,1975,3,1.0,211.44
1159,1997,6,1.0,306.83
1160,2006,6,1.0,276.42
1161,1973,3,1.0,160.07
1162,1973,3,11.0,102.09
1163,1971,3,1.0,118.89
1164,1960,3,1.0,144.89
1165,1960,3,12.0,
1166,1989,3,3.0,233.42
1167,1969,3,1.0,175.19
1168,1968,3,1.0,116.86
1169,1970,3,1.0,122.15
1170,1996,6,1.0,162.92
1171,1995,6,1.0,123.92
1172,1995,3,12.0,123.92
1173,2004,12,1.0,124.07
1174,1980,6,1.0,167.21
1175,1980,3,12.0,101.87
1176,2009,6,5.0,1989.02
1177,2009,18,1.0,1635.78
1178,2009,3,12.0,1563.6
1179,2009,3,5.0,2306.99
1180,2009,21,1.0,2055.27
1181,2009,3,12.0,1815.87
1182,2009,3,5.0,1785.23
1183,2009,21,1.0,1573.48
1184,2009,3,12.0,1251.38
1185,2011,6,5.0,413.71
1186,2011,18,1.0,413.71
1187,2011,3,12.0,413.71
1188,2000,9,1.0,951.75
1189,2000,9,12.0,951.75
1190,1996,9,1.0,2050.61
1191,1999,9,1.0,732.49
1192,1999,9,12.0,676.34
1193,1960,27,1.0,335.2
1194,1960,12,1.0,266.0
1195,1960,3,5.0,283.55
1196,1960,12,1.0,143.08
1197,1960,3,5.0,310.14
1198,1960,12,1.0,143.02
1199,1960,3,5.0,263.71
1200,1960,12,1.0,143.04
1201,1960,3,5.0,235.39
1202,1960,12,1.0,143.04
1203,1960,3,5.0,263.62
1204,1960,12,1.0,143.05
1205,1960,12,1.0,135.89
1206,1960,12,1.0,135.9
1207,1960,12,1.0,135.9
1208,1960,12,1.0,135.89
1209,1960,12,1.0,135.9
1210,1960,12,1.0,276.03
1211,1960,12,1.0,266.0
1212,1960,12,1.0,266.0
1213,1960,12,1.0,266.0
1214,1960,12,1.0,276.01
1215,1960,12,1.0,276.04
1216,1960,12,1.0,276.02
1217,1960,12,1.0,143.05
1218,1960,12,1.0,135.9
1219,1960,12,1.0,135.9
1220,1960,12,1.0,135.89
1221,1960,12,1.0,143.05
1222,1960,12,1.0,143.05
1223,1960,12,1.0,143.05
1224,1960,12,1.0,135.89
1225,1960,12,1.0,135.89
1226,1960,12,1.0,135.9
1227,1960,12,1.0,135.89
1228,1960,12,1.0,143.05
1229,1960,12,1.0,135.89
1230,1960,12,1.0,135.89
1231,1960,3,5.0,648.18
1232,1960,48,1.0,292.32
1233,1994,3,10.0,257.73
1234,1994,3,12.0,122.54
1235,1993,9,1.0,192.14
1236,1993,3,10.0,59.75
1237,1993,3,11.0,59.75
1238,1993,3,12.0,
1239,2007,3,1.0,148.7
1240,2007,3,1.0,152.0
1241,2009,3,10.0,152.0
1242,2007,3,1.0,148.56
1243,2019,3,1.0,207.13
1244,2019,3,10.0,
1245,2019,3,11.0,
1246,2019,3,12.0,
1247,2021,6,1.0,197.41
1248,2021,3,10.0,91.42
1249,2021,3,11.0,
1250,2021,3,12.0,
1251,2002,9,1.0,161.67
1252,2002,3,10.0,113.95
1253,2002,9,11.0,33.07
1254,2002,3,12.0,
1255,1989,3,1.0,117.46
1256,1977,3,1.0,122.48
1257,2007,6,1.0,128.25
1258,2007,6,1.0,128.25
1259,2007,6,1.0,128.25
1260,2007,6,1.0,128.25
1261,2007,6,1.0,128.25
1262,2012,6,1.0,160.74
1263,2012,3,11.0,122.61
1264,2012,3,12.0,
1265,2012,6,1.0,168.11
1266,2012,3,10.0,145.51
1267,2012,3,11.0,
1268,2012,3,12.0,
1269,1983,3,1.0,229.34
1270,1983,3,10.0,179.05
1271,1983,3,12.0,137.31
1272,1999,9,4.0,2713.39
1273,1999,3,10.0,2274.61
1274,1976,3,1.0,158.64
1275,1985,3,10.0,
1276,1985,3,12.0,
1277,1980,3,1.0,121.73
1278,1980,3,12.0,101.77
1279,1981,3,1.0,298.91
1280,1981,3,10.0,173.33
1281,1981,3,11.0,
1282,1981,3,12.0,
1283,1982,3,1.0,144.98
1284,1982,3,10.0,
1285,1982,3,11.0,
1286,1982,3,1.0,214.75
1287,2019,6,1.0,203.93
1288,2019,3,10.0,162.79
1289,2019,3,11.0,
1290,1966,3,3.0,27.46
1291,1966,3,12.0,
1292,1982,3,1.0,150.13
1293,2000,3,10.0,95.99
1294,1982,6,11.0,
1295,1982,3,12.0,
1296,1994,9,1.0,137.15
1297,1994,3,11.0,107.12
1298,2001,9,1.0,238.51
1299,1984,3,12.0,219.34
1300,1986,9,1.0,233.26
1301,1977,3,11.0,192.9
1302,1977,3,12.0,50.57
1303,1998,9,1.0,119.31
1304,1998,6,11.0,107.73
1305,1998,3,12.0,22.22
1306,1985,9,1.0,430.66
1307,2009,3,11.0,128.08
1308,1977,3,12.0,9.33
1309,1983,3,1.0,206.37
1310,1983,3,11.0,
1311,1985,3,10.0,220.11
1312,1985,3,12.0,
1313,2008,6,1.0,169.08
1314,1996,3,1.0,140.76
1315,2004,3,10.0,140.76
1316,1988,3,1.0,153.22
1317,1980,3,10.0,153.22
1318,1984,3,12.0,61.44
1319,1983,3,1.0,163.64
1320,1983,3,10.0,163.64
1321,1983,3,12.0,35.98
1322,1978,3,1.0,88.64
1323,1978,3,10.0,54.88
1324,1978,3,12.0,26.58
1325,1984,3,1.0,144.03
1326,1984,3,12.0,83.9
1327,1990,3,1.0,98.59
1328,1990,3,12.0,96.0
1329,1994,3,1.0,141.93
1330,1982,3,1.0,151.26
1331,1982,3,10.0,65.11
1332,1982,3,11.0,
1333,1982,3,12.0,
1334,1980,6,1.0,152.99
1335,1980,3,10.0,99.89
1336,1980,3,11.0,
1337,1980,3,12.0,
1338,1999,3,1.0,132.47
1339,1988,9,1.0,153.81
1340,1994,3,10.0,104.32
1341,1988,3,11.0,8.42
1342,1992,6,12.0,
1343,1991,3,1.0,135.97
1344,1982,3,1.0,164.72
1345,1982,3,12.0,90.92
1346,1982,3,1.0,150.12
1347,1982,3,11.0,112.89
1348,1982,3,12.0,
1349,1992,3,1.0,120.45
1350,1982,6,1.0,105.19
1351,1982,3,12.0,88.35
1352,1991,6,1.0,116.99
1353,1991,3,12.0,63.4
1354,1995,6,1.0,154.68
1355,1995,3,11.0,100.0
1356,1995,3,12.0,46.32
1357,1991,6,1.0,120.98
1358,1991,3,11.0,69.98
1359,1991,3,12.0,
1360,1982,6,1.0,172.49
1361,1982,3,10.0,49.99
1362,1982,3,11.0,
1363,1982,3,12.0,
1364,2007,3,1.0,128.24
1365,1980,3,1.0,119.42
1366,1983,3,1.0,155.34
1367,1984,3,1.0,174.72
1368,1984,3,10.0,148.31
1369,1984,3,12.0,
1370,1987,6,1.0,110.29
1371,1987,3,12.0,90.18
1372,1981,3,1.0,163.11
1373,2004,3,10.0,163.11
1374,1981,3,12.0,
1375,2000,6,1.0,138.39
1376,2007,6,1.0,251.02
1377,1991,3,11.0,143.74
1378,1991,3,12.0,
1379,1985,6,1.0,264.3
1380,1985,3,12.0,167.2
1381,1980,6,1.0,143.13
1382,1980,3,11.0,105.87
1383,1980,3,12.0,
1384,1983,3,1.0,184.2
1385,1983,3,12.0,124.3
1386,1982,3,1.0,134.1
1387,1982,3,10.0,117.87
1388,1982,3,12.0,98.78
1389,1982,3,1.0,172.45
1390,1982,3,12.0,172.45
1391,1983,3,1.0,122.27
1392,1983,3,12.0,109.43
1393,1982,3,1.0,204.29
1394,1982,3,12.0,
1395,1980,3,1.0,158.8
1396,1980,3,12.0,104.46
1397,1980,3,1.0,171.25
1398,1980,3,12.0,117.31
1399,1985,3,1.0,183.35
1400,2009,3,12.0,
1401,1988,3,1.0,107.59
1402,1988,3,12.0,107.59
1403,1991,3,1.0,187.81
1404,1980,6,1.0,183.96
1405,1980,3,11.0,63.13
1406,1980,3,12.0,
1407,1982,9,1.0,199.44
1408,1982,6,11.0,124.06
1409,1982,3,12.0,96.41
1410,1980,3,1.0,226.89
1411,2000,6,1.0,89.94
1412,2000,3,10.0,56.34
1413,2000,3,11.0,
1414,2000,3,12.0,
1415,1982,3,1.0,129.91
1416,1982,3,12.0,111.08
1417,1985,3,5.0,236.02
1418,1985,3,1.0,207.29
1419,1985,3,12.0,
1420,1980,3,1.0,168.25
1421,2020,3,10.0,152.0
1422,1986,6,9.0,200.48
1423,1993,3,5.0,200.31
1424,1993,3,1.0,200.31
1425,1983,3,1.0,148.42
1426,2017,3,10.0,94.16
1427,1994,6,11.0,
1428,1983,3,12.0,
1429,1983,6,1.0,238.3
1430,1983,6,11.0,160.65
1431,1983,3,12.0,
1432,1983,3,1.0,225.38
1433,1983,3,12.0,
1434,1988,3,1.0,236.12
1435,1988,3,11.0,206.33
1436,1988,3,12.0,
1437,1970,6,1.0,288.12
1438,1970,6,12.0,246.98
1439,2002,3,1.0,207.41
1440,2003,6,11.0,
1441,2002,3,12.0,
1442,2004,6,1.0,155.34
1443,1987,3,1.0,247.91
1444,1987,6,12.0,124.1
1445,2000,3,1.0,192.71
1446,1999,9,1.0,297.26
1447,1991,3,1.0,236.02
1448,1991,3,12.0,176.54
1449,2012,3,7.0,506.19
1450,1990,3,2.0,493.67
1451,2010,3,9.0,467.91
1452,1980,3,10.0,6365.42
1453,1977,3,4.0,3501.34
1454,1977,3,10.0,1705.78
1455,2000,3,9.0,14195.93
1456,1978,3,11.0,10606.58
1457,1978,3,12.0,8576.12
1458,1992,3,9.0,1448.9
1459,1953,3,9.0,12091.06
1460,2010,6,5.0,1601.64
1461,2010,21,1.0,1488.68
1462,2010,6,12.0,1331.48
1463,2012,9,5.0,840.59
1464,2012,18,1.0,744.82
1465,2012,6,12.0,744.82
1466,2012,9,5.0,774.19
1467,2012,21,1.0,731.73
1468,2012,6,12.0,731.73
1469,1982,3,1.0,91.21
1470,2020,3,10.0,47.25
1471,1982,3,12.0,
1472,1982,6,1.0,186.16
1473,2016,3,10.0,159.98
1474,2004,3,12.0,
1475,1983,3,1.0,127.12
1476,1983,3,12.0,
1477,1998,3,1.0,150.35
1478,1982,3,1.0,144.62
1479,1982,3,12.0,144.62
1480,2013,6,1.0,161.54
1481,2013,3,10.0,157.36
1482,2013,6,11.0,
1483,2013,6,12.0,
1484,1999,3,1.0,182.43
1485,2004,6,1.0,167.7
1486,2004,3,10.0,132.57
1487,2004,3,12.0,
1488,1990,3,1.0,99.01
1489,1990,3,10.0,45.01
1490,1990,3,11.0,
1491,1996,3,1.0,150.77
1492,1989,3,1.0,234.1
1493,2004,3,10.0,147.92
1494,2019,3,12.0,
1495,1983,6,1.0,124.39
1496,1983,3,11.0,110.69
1497,2008,3,1.0,110.35
1498,2005,9,1.0,51.94
1499,2005,3,12.0,45.0
1500,1980,6,1.0,133.83
1501,1980,3,10.0,106.84
1502,1980,6,11.0,
1503,1980,3,12.0,
1504,1983,3,1.0,171.17
1505,1983,3,10.0,136.74
1506,1983,3,12.0,
1507,2019,6,1.0,64.53
1508,2019,3,10.0,64.53
1509,2019,3,11.0,
1510,1983,3,1.0,77.0
1511,1983,3,11.0,
1512,1983,3,12.0,
1513,2014,6,1.0,140.32
1514,2014,3,12.0,60.57
1515,1995,3,1.0,98.67
1516,1995,3,12.0,71.28
1517,1987,6,1.0,185.83
1518,1987,3,12.0,108.69
1519,1991,3,1.0,141.08
1520,2002,3,10.0,141.08
1521,1975,3,1.0,123.42
1522,1975,3,12.0,114.07
1523,2000,12,1.0,131.45
1524,2002,3,10.0,110.35
1525,1986,6,1.0,111.47
1526,1994,3,10.0,22.73
1527,1986,3,11.0,
1528,1986,3,12.0,
1529,1983,3,1.0,151.69
1530,1983,3,12.0,109.14
1531,1983,3,1.0,126.51
1532,1983,3,10.0,
1533,1983,3,11.0,
1534,1983,6,12.0,
1535,1983,3,1.0,183.77
1536,1983,3,10.0,125.18
1537,1983,3,12.0,
1538,1983,3,1.0,114.02
1539,1983,3,12.0,74.23
1540,1998,3,1.0,108.27
1541,1998,3,11.0,57.0
1542,1998,3,12.0,
1543,1987,6,1.0,138.62
1544,1987,6,11.0,121.17
1545,1987,3,12.0,
1546,1984,3,10.0,161.75
1547,1979,3,12.0,148.8
1548,1982,3,1.0,157.93
1549,1982,3,10.0,85.59
1550,1982,3,12.0,
1551,1979,3,1.0,134.46
1552,1979,3,12.0,4.94
1553,2001,3,1.0,121.97
1554,2001,3,12.0,
1555,1999,6,1.0,99.56
1556,1982,3,12.0,70.65
1557,1979,3,12.0,47.83
1558,1987,6,1.0,131.64
1559,1987,3,10.0,117.08
1560,1987,3,11.0,
1561,1987,3,12.0,
1562,1989,3,1.0,139.93
1563,2004,3,10.0,139.93
1564,1986,3,1.0,141.32
1565,1980,3,1.0,174.49
1566,1980,3,10.0,49.57
1567,1980,3,12.0,
1568,2007,3,1.0,140.24
1569,1973,3,1.0,111.53
1570,1973,3,10.0,1.64
1571,1973,3,11.0,
1572,1973,3,12.0,
1573,2012,3,10.0,78.11
1574,1980,3,1.0,150.25
1575,1980,3,10.0,131.06
1576,1980,3,12.0,
1577,1991,6,1.0,201.48
1578,1994,3,10.0,188.4
1579,1983,3,1.0,160.49
1580,1983,3,12.0,38.11
1581,1983,6,1.0,184.88
1582,1983,3,11.0,170.87
1583,1983,3,12.0,
1584,1973,3,1.0,182.96
1585,1988,3,12.0,122.72
1586,1981,3,1.0,244.3
1587,1981,3,10.0,136.85
1588,1981,3,12.0,
1589,2002,3,1.0,156.68
1590,1999,3,1.0,161.13
1591,1982,3,1.0,127.88
1592,1982,3,10.0,
1593,1982,3,12.0,
1594,1982,3,1.0,35.3
1595,1982,3,12.0,
1596,1993,6,1.0,132.94
1597,1993,6,11.0,54.66
1598,1993,3,12.0,
1599,1982,3,1.0,113.07
1600,1982,6,11.0,
1601,1982,3,12.0,
1602,1981,3,1.0,196.29
1603,1981,3,12.0,80.14
1604,1985,9,1.0,105.78
1605,1985,6,11.0,54.09
1606,1985,3,12.0,
1607,1982,3,1.0,179.48
1608,1982,3,12.0,163.89
1609,1981,3,1.0,162.34
1610,1981,3,12.0,109.77
1611,1978,3,1.0,175.68
1612,1978,3,10.0,
1613,1978,3,12.0,
1614,2005,3,1.0,110.03
1615,1993,3,1.0,117.45
1616,2006,3,10.0,117.45
1617,2022,3,1.0,120.44
1618,2022,3,10.0,
1619,2022,3,11.0,
1620,1996,3,1.0,176.18
1621,2017,3,10.0,
1622,1996,3,11.0,
1623,2004,9,1.0,138.8
1624,2020,3,10.0,125.3
1625,1980,3,1.0,184.6
1626,1980,3,12.0,141.98
1627,1981,3,1.0,129.03
1628,1981,3,12.0,
1629,2021,6,1.0,122.32
1630,2021,3,10.0,95.33
1631,2021,3,11.0,
1632,2021,3,12.0,
1633,1986,3,1.0,106.63
1634,1994,3,10.0,106.63
1635,1986,3,12.0,
1636,1991,3,1.0,121.48
1637,1994,3,1.0,78.19
1638,1983,3,11.0,56.0
1639,1993,3,1.0,130.35
1640,1997,3,5.0,139.02
1641,1997,3,2.0,132.46
1642,2004,6,1.0,16.04
1643,2010,3,12.0,
1644,1982,3,1.0,99.37
1645,1982,3,10.0,82.98
1646,1982,3,12.0,
1647,1982,3,1.0,204.57
1648,1982,3,10.0,163.91
1649,1983,3,1.0,243.08
1650,1983,3,12.0,209.23
1651,1991,3,1.0,194.28
1652,2002,3,10.0,194.28
1653,1980,6,1.0,218.95
1654,2004,3,10.0,156.23
1655,1980,3,12.0,20.34
1656,1998,3,1.0,155.56
1657,2020,3,1.0,139.56
1658,2020,3,11.0,139.56
1659,2020,3,12.0,
1660,2020,6,1.0,158.54
1661,2020,3,10.0,52.9
1662,2020,6,11.0,
1663,2020,3,12.0,
1664,1983,3,10.0,133.16
1665,2004,3,12.0,
1666,1994,6,1.0,173.3
1667,1994,3,11.0,70.26
1668,1994,3,12.0,12.7
1669,1981,3,1.0,142.99
1670,2002,3,1.0,81.27
1671,1980,3,4.0,357.79
1672,1972,15,1.0,1229.32
1673,1968,15,1.0,1229.42
1674,1972,3,5.0,1229.43
1675,1972,15,1.0,1197.08
1676,1972,3,12.0,19.03
1677,1972,15,1.0,1229.35
1678,1985,3,5.0,30951.28
1679,1978,3,12.0,358.0
1680,2002,3,5.0,4804.07
1681,2001,6,3.0,
1682,2002,3,8.0,
1683,2002,3,2.0,
1684,2002,3,,
1685,2000,3,9.0,
1686,2000,3,11.0,
1687,2002,3,12.0,
1688,1980,6,1.0,145.16
1689,1980,3,11.0,114.17
1690,1983,3,1.0,162.75
1691,1991,6,1.0,146.2
1692,2019,3,10.0,146.2
1693,1992,3,1.0,151.55
1694,2006,6,1.0,120.02
1695,1992,6,1.0,158.92
1696,1992,6,11.0,135.92
1697,1992,3,12.0,
1698,1994,3,10.0,84.74
1699,1983,3,11.0,84.74
1700,1983,3,1.0,130.85
1701,2004,3,10.0,112.54
1702,1983,3,12.0,
1703,2006,3,1.0,100.02
1704,2006,3,12.0,
1705,1998,3,1.0,115.77
1706,1987,3,1.0,138.23
1707,1987,3,12.0,138.23
1708,1973,3,1.0,95.59
1709,1973,3,10.0,95.59
1710,1973,3,12.0,
1711,1980,3,1.0,94.95
1712,1980,3,12.0,94.95
1713,1985,6,1.0,112.97
1714,1985,6,12.0,45.17
1715,1981,3,1.0,153.73
1716,1981,3,12.0,153.73
1717,1960,9,1.0,148.33
1718,1989,6,1.0,104.53
1719,1989,3,11.0,64.2
1720,1989,3,12.0,
1721,1999,3,1.0,136.31
1722,1996,6,1.0,103.0
1723,1996,3,11.0,41.81
1724,1996,3,12.0,
1725,1990,6,1.0,117.46
1726,1981,3,10.0,83.15
1727,1981,3,11.0,
1728,1981,3,12.0,
1729,1990,3,1.0,135.74
1730,1990,3,10.0,135.74
1731,1990,3,12.0,49.45
1732,1983,9,1.0,118.88
1733,1983,3,10.0,118.88
1734,1983,3,1.0,115.85
1735,1999,3,1.0,158.04
1736,2005,6,1.0,113.66
1737,2005,3,12.0,113.66
1738,1994,3,10.0,155.1
1739,1982,3,12.0,155.1
1740,2005,3,1.0,93.72
1741,2005,3,11.0,82.68
1742,1989,3,1.0,161.68
1743,1980,3,1.0,192.63
1744,1978,3,1.0,192.21
1745,1978,3,10.0,128.19
1746,1978,3,12.0,
1747,1982,3,1.0,108.11
1748,2004,3,10.0,108.11
1749,2002,3,1.0,114.68
1750,2002,3,11.0,
1751,2002,3,12.0,
1752,1981,3,1.0,175.58
1753,1981,3,12.0,104.65
1754,1982,3,1.0,170.44
1755,1982,3,10.0,104.12
1756,1982,3,12.0,52.2
1757,1983,6,1.0,197.73
1758,1983,3,10.0,127.35
1759,1983,3,11.0,
1760,1983,3,12.0,
1761,1983,3,1.0,134.28
1762,1983,3,10.0,79.27
1763,1983,3,12.0,79.27
1764,1983,3,1.0,116.38
1765,1983,3,10.0,
1766,1983,3,12.0,
1767,1982,6,1.0,110.49
1768,1981,3,1.0,142.49
1769,1981,3,12.0,142.49
1770,1970,9,1.0,126.99
1771,1970,3,10.0,125.76
1772,1970,3,12.0,71.76
1773,1981,3,1.0,150.81
1774,1985,3,10.0,150.81
1775,1981,3,12.0,
1776,1990,3,1.0,100.95
1777,1996,9,1.0,155.45
1778,1996,6,11.0,155.45
1779,1996,3,12.0,76.74
1780,1982,3,1.0,187.15
1781,1982,3,10.0,162.5
1782,1982,3,12.0,
1783,2006,3,1.0,153.65
1784,1983,3,1.0,136.1
1785,1984,3,10.0,
1786,1999,3,1.0,158.28
1787,1999,3,10.0,158.28
1788,1984,3,1.0,135.58
1789,1984,3,12.0,135.58
1790,1988,3,1.0,131.22
1791,1988,6,1.0,149.81
1792,1988,3,10.0,124.8
1793,1988,3,11.0,
1794,1988,3,12.0,
1795,1970,6,1.0,143.54
1796,1970,3,10.0,118.09
1797,1970,3,11.0,
1798,1970,3,12.0,
1799,1984,3,1.0,181.76
1800,1997,6,1.0,153.57
1801,1997,6,11.0,94.52
1802,1997,3,12.0,
1803,1985,3,1.0,195.79
1804,1994,6,1.0,93.0
1805,1994,3,11.0,93.0
1806,1994,3,12.0,
1807,1982,6,1.0,144.62
1808,1982,6,11.0,116.99
1809,1982,3,12.0,
1810,1999,3,1.0,114.42
1811,1999,3,10.0,
1812,1999,6,11.0,
1813,1999,3,12.0,
1814,1982,6,1.0,110.75
1815,1982,3,12.0,45.83
1816,1982,3,1.0,162.16
1817,1982,3,12.0,162.16
1818,1982,3,1.0,114.66
1819,1982,3,11.0,74.69
1820,1982,6,12.0,19.05
1821,2010,3,1.0,45.0
1822,1984,3,10.0,9.0
1823,2010,3,12.0,
1824,1981,6,1.0,152.75
1825,1981,3,11.0,152.75
1826,1983,3,1.0,109.2
1827,2004,3,10.0,93.99
1828,1982,3,12.0,12.48
1829,1980,3,1.0,204.51
1830,1980,3,10.0,157.75
1831,1982,3,12.0,157.75
1832,1981,6,1.0,195.0
1833,1981,3,10.0,140.99
1834,1981,6,11.0,
1835,1981,3,12.0,
1836,1999,6,1.0,260.02
1837,2015,3,10.0,139.65
1838,1999,6,11.0,
1839,1999,3,12.0,
1840,1982,3,1.0,187.49
1841,1982,3,10.0,71.48
1842,1983,6,1.0,116.97
1843,1987,3,10.0,116.97
1844,1983,3,11.0,
1845,1983,3,12.0,
1846,2005,6,1.0,166.22
1847,2005,3,10.0,96.19
1848,2005,3,12.0,
1849,2003,6,1.0,198.89
1850,1977,3,1.0,151.83
1851,1977,3,10.0,
1852,1977,3,11.0,
1853,2000,3,10.0,111.03
1854,2000,6,11.0,107.24
1855,2000,3,12.0,73.4
1856,1995,3,1.0,121.14
1857,1995,6,11.0,121.14
1858,1995,3,12.0,
1859,1996,9,11.0,133.31
1860,1994,3,12.0,114.73
1861,1978,3,1.0,123.53
1862,2002,3,10.0,96.8
1863,1978,3,1.0,124.56
1864,2003,3,1.0,114.46
1865,2000,3,1.0,132.22
1866,2003,3,1.0,89.42
1867,2005,3,1.0,105.32
1868,2005,3,12.0,39.63
1869,1982,9,1.0,187.59
1870,1982,3,10.0,187.59
1871,1982,6,11.0,
1872,1982,3,12.0,
1873,1998,3,1.0,33.17
1874,1997,3,1.0,37.14
1875,2004,3,10.0,124.57
1876,1993,3,12.0,124.57
1877,1960,3,10.0,46.99
1878,1960,3,12.0,
1879,1994,3,1.0,111.1
1880,1980,3,1.0,143.24
1881,1980,3,12.0,119.21
1882,2007,3,1.0,121.9
1883,2007,3,12.0,115.69
1884,2004,6,1.0,137.95
1885,2023,3,10.0,86.1
1886,1995,3,11.0,4.27
1887,1995,3,12.0,
1888,1982,3,1.0,115.56
1889,2002,3,10.0,98.09
1890,1990,3,1.0,172.31
1891,2000,3,10.0,101.79
1892,1994,3,12.0,89.33
1893,1950,3,12.0,35.01
1894,1995,3,1.0,155.2
1895,1984,3,1.0,142.16
1896,2004,3,10.0,142.16
1897,1986,3,1.0,150.82
1898,1983,3,10.0,150.82
1899,1984,3,12.0,58.01
1900,1980,3,1.0,143.59
1901,1981,3,1.0,182.58
1902,1981,3,12.0,182.58
1903,1980,3,1.0,139.9
1904,1980,3,11.0,
1905,1980,3,12.0,
1906,2004,3,1.0,114.5
1907,2006,3,10.0,82.43
1908,1996,3,1.0,157.6
1909,1980,3,1.0,208.91
1910,1980,3,10.0,
1911,1980,3,12.0,
1912,1982,3,1.0,97.16
1913,1982,3,10.0,83.76
1914,1982,3,12.0,83.76
1915,1975,3,1.0,75.04
1916,1975,3,10.0,35.4
1917,1994,3,1.0,147.36
1918,1977,6,1.0,187.92
1919,1977,6,11.0,123.92
1920,1977,3,12.0,
1921,1991,6,1.0,183.8
1922,1991,3,10.0,96.68
1923,1991,3,11.0,
1924,1991,3,12.0,
1925,1970,3,10.0,64.02
1926,1970,3,12.0,
1927,1987,3,1.0,102.64
1928,1980,3,1.0,235.93
1929,1980,3,12.0,203.03
1930,1987,3,1.0,144.84
1931,1987,6,11.0,126.48
1932,1987,3,12.0,
1933,1986,9,1.0,278.97
1934,1986,6,11.0,227.41
1935,1986,3,12.0,29.54
1936,2006,9,1.0,140.99
1937,2006,3,11.0,134.56
1938,1989,9,1.0,165.47
1939,1989,6,11.0,108.56
1940,1989,3,12.0,8.61
1941,1990,6,1.0,186.05
1942,1990,6,11.0,186.05
1943,1990,6,12.0,
1944,2004,6,1.0,119.76
1945,1980,3,1.0,183.91
1946,1983,6,1.0,187.53
1947,1983,3,12.0,120.72
1948,1980,3,12.0,10.56
1949,1977,3,1.0,148.26
1950,1977,3,10.0,127.44
1951,1977,3,12.0,
1952,1977,3,12.0,176.86
1953,1992,3,1.0,283.53
1954,2023,3,1.0,55.45
1955,1987,3,1.0,179.68
1956,1980,6,1.0,156.13
1957,1980,3,12.0,95.06
1958,1983,3,1.0,168.98
1959,1983,3,12.0,158.71
1960,1982,3,1.0,156.77
1961,1982,3,10.0,103.75
1962,1982,3,12.0,
1963,2001,3,1.0,165.03
1964,1983,3,1.0,164.09
1965,1980,3,1.0,209.85
1966,1969,6,1.0,174.31
1967,2016,3,10.0,43.93
1968,1969,3,11.0,
1969,1969,3,12.0,
1970,1996,3,1.0,182.3
1971,1983,3,1.0,121.04
1972,1983,3,12.0,40.26
1973,1983,6,1.0,159.85
1974,1983,3,12.0,159.85
1975,1995,6,1.0,110.18
1976,1995,3,11.0,110.18
1977,1995,3,12.0,
1978,2007,3,1.0,105.56
1979,1983,3,1.0,180.67
1980,1983,3,12.0,145.17
1981,1996,6,1.0,248.49
1982,1996,3,12.0,159.51
1983,1992,3,1.0,248.96
1984,1992,3,11.0,134.15
1985,1992,3,12.0,
1986,2008,3,1.0,142.68
1987,1992,3,1.0,248.57
1988,1992,3,12.0,150.54
1989,1986,3,5.0,262.17
1990,1986,3,12.0,262.17
1991,1984,6,1.0,119.11
1992,1984,3,11.0,119.11
1993,1987,3,1.0,56.6
1994,1983,3,5.0,166.51
1995,1996,3,1.0,108.17
1996,1982,3,1.0,141.87
1997,1982,3,12.0,110.17
1998,1983,6,1.0,158.72
1999,1983,3,12.0,128.94
2000,1982,3,1.0,93.62
2001,1982,3,10.0,93.62
2002,1982,3,12.0,
2003,2003,3,1.0,120.15
2004,1980,3,1.0,219.26
2005,2010,6,1.0,111.25
2006,2010,3,11.0,79.8
2007,1993,3,1.0,112.99
2008,1992,3,1.0,141.62
2009,1457,3,8.0,856.1
2010,1457,3,12.0,279.85
2011,2017,3,2.0,705.02
2012,2017,3,11.0,
2013,2017,3,12.0,
2014,1983,3,1.0,110.07
2015,1983,3,10.0,
2016,1983,3,12.0,
2017,1990,3,1.0,118.15
2018,1990,6,12.0,
2019,1996,3,1.0,122.29
2020,1992,3,1.0,110.0
2021,1992,3,12.0,
2022,1992,6,1.0,92.86
2023,1992,3,12.0,11.49
2024,1986,3,1.0,135.34
2025,2020,3,10.0,
2026,1986,3,12.0,
2027,1995,3,1.0,132.61
2028,1995,3,11.0,37.0
2029,1995,6,12.0,
2030,2003,6,1.0,136.95
2031,2003,3,1.0,106.0
2032,1983,3,1.0,185.8
2033,1983,6,12.0,112.93
2034,1980,3,1.0,207.85
2035,1980,3,1.0,134.04
2036,2007,3,10.0,65.94
2037,1980,6,12.0,
2038,1985,9,1.0,215.61
2039,1985,3,12.0,182.82
2040,2006,3,1.0,131.72
2041,2006,3,1.0,136.86
2042,1982,6,1.0,117.42
2043,1982,3,11.0,112.25
2044,1982,3,12.0,
2045,1995,6,1.0,133.6
2046,1995,3,11.0,109.02
2047,1995,3,12.0,
2048,1998,6,1.0,109.61
2049,1998,3,10.0,24.33
2050,1998,3,12.0,
2051,2009,3,10.0,126.5
2052,1999,3,11.0,126.5
2053,1999,3,12.0,61.41
2054,1982,3,1.0,160.47
2055,1982,3,10.0,125.57
2056,1982,3,12.0,
2057,1982,3,1.0,146.15
2058,1982,3,10.0,128.13
2059,1982,3,12.0,
2060,2009,6,1.0,116.56
2061,2009,3,11.0,103.17
2062,2009,3,12.0,
2063,1988,3,1.0,135.51
2064,1988,3,12.0,135.51
2065,2007,3,1.0,150.65
2066,1998,9,1.0,138.33
2067,2019,3,10.0,31.45
2068,2010,3,11.0,
2069,1998,9,1.0,133.68
2070,1998,6,11.0,125.93
2071,1998,3,12.0,52.57
2072,2004,3,1.0,109.86
2073,1983,6,1.0,150.58
2074,1983,6,11.0,142.98
2075,1999,3,1.0,138.27
2076,2006,3,10.0,138.27
2077,1984,6,1.0,169.76
2078,1984,3,10.0,76.54
2079,1984,3,11.0,
2080,1984,3,12.0,
2081,1990,3,1.0,112.6
2082,1990,3,12.0,56.58
2083,1980,3,1.0,166.47
2084,1980,3,12.0,79.63
2085,1988,9,1.0,124.32
2086,1988,3,11.0,107.32
2087,1988,3,12.0,35.78
2088,2005,3,1.0,152.35
2089,1974,3,1.0,167.7
2090,1983,3,12.0,127.1
2091,1986,6,1.0,94.32
2092,1986,3,10.0,61.17
2093,1986,3,11.0,
2094,1986,3,12.0,
2095,2000,3,10.0,144.59
2096,2003,3,12.0,71.63
2097,1989,9,1.0,133.6
2098,1989,3,10.0,123.38
2099,1989,6,11.0,38.33
2100,1989,3,12.0,
2101,1978,3,1.0,156.67
2102,1978,3,11.0,84.88
2103,1978,3,12.0,
2104,1990,6,1.0,144.67
2105,1987,6,1.0,136.29
2106,1987,3,11.0,136.29
2107,1992,6,1.0,149.76
2108,1992,3,11.0,63.38
2109,1992,3,12.0,
2110,2020,6,1.0,129.33
2111,2020,3,11.0,129.33
2112,2020,3,12.0,
2113,1987,3,1.0,124.77
2114,1992,3,1.0,150.39
2115,1982,3,1.0,150.27
2116,2000,3,1.0,116.06
2117,2000,3,11.0,116.06
2118,2000,3,12.0,
2119,1989,3,1.0,142.79
2120,1989,3,11.0,138.29
2121,1989,3,12.0,
2122,1977,3,1.0,135.82
2123,1977,3,12.0,135.82
2124,2001,3,1.0,121.06
2125,1994,6,1.0,114.9
2126,1983,3,11.0,114.9
2127,1983,3,12.0,
2128,1975,3,1.0,64.5
2129,1960,3,1.0,206.28
2130,1960,3,10.0,132.56
2131,1960,3,12.0,
2132,1982,6,1.0,453.58
2133,2012,3,10.0,194.37
2134,1982,3,11.0,
2135,1982,3,12.0,
2136,1998,3,1.0,144.81
2137,1988,3,1.0,95.14
2138,1982,3,1.0,141.65
2139,1982,3,11.0,
2140,1982,3,12.0,
2141,1984,3,1.0,131.66
2142,1989,6,1.0,152.2
2143,1989,6,12.0,141.79
2144,1978,3,1.0,93.53
2145,1978,3,11.0,
2146,1978,3,12.0,
2147,1994,6,1.0,126.6
2148,1994,3,11.0,55.34
2149,1994,3,12.0,
2150,1986,9,1.0,148.27
2151,1986,3,11.0,51.17
2152,1986,3,12.0,
2153,2000,3,10.0,124.5
2154,1991,3,1.0,126.89
2155,1960,3,10.0,70.34
2156,1960,3,12.0,
2157,1983,3,1.0,131.9
2158,2002,3,10.0,99.0
2159,1983,3,12.0,
2160,1986,3,1.0,123.38
2161,1977,3,1.0,157.29
2162,2006,3,10.0,
2163,2006,3,12.0,
2164,1975,3,1.0,198.11
2165,1980,3,12.0,161.31
2166,1979,3,1.0,94.49
2167,1979,3,12.0,91.08
2168,1980,6,1.0,79.12
2169,1980,6,11.0,71.68
2170,1980,3,12.0,
2171,1960,6,1.0,135.81
2172,1983,3,1.0,138.42
2173,1983,3,12.0,133.17
2174,1977,3,1.0,120.66
2175,1977,3,10.0,80.42
2176,1977,3,12.0,
2177,1978,3,1.0,168.7
2178,1980,3,1.0,97.13
2179,1980,3,12.0,71.69
2180,1993,3,1.0,164.03
2181,1979,6,1.0,156.01
2182,2007,3,10.0,94.71
2183,1997,3,12.0,
2184,1978,6,1.0,144.46
2185,1978,3,10.0,138.78
2186,1978,3,11.0,
2187,1978,3,12.0,
2188,1998,3,1.0,148.75
2189,1998,3,10.0,
2190,1998,3,11.0,
2191,1980,3,1.0,157.89
2192,1980,3,10.0,
2193,1980,3,12.0,
2194,2010,9,1.0,109.21
2195,2010,3,10.0,64.23
2196,2010,3,12.0,
2197,1982,3,1.0,125.63
2198,2004,3,10.0,90.0
2199,1993,3,12.0,8.08
2200,2001,3,1.0,157.48
2201,2006,3,10.0,130.35
2202,2006,3,12.0,86.35
2203,1983,3,1.0,139.37
2204,1983,3,12.0,124.8
2205,1978,3,1.0,175.72
2206,1978,3,12.0,
2207,1991,3,1.0,134.27
2208,1980,3,1.0,146.88
2209,1980,3,11.0,
2210,1980,3,12.0,
2211,1975,3,1.0,133.67
2212,1975,3,12.0,95.8
2213,1991,3,1.0,125.7
2214,2002,3,10.0,103.72
2215,2002,3,11.0,
2216,1973,3,1.0,179.93
2217,1973,3,10.0,
2218,1973,3,12.0,
2219,1960,3,10.0,29.68
2220,1960,3,12.0,
2221,1978,3,12.0,44.68
2222,1999,3,1.0,141.59
2223,1988,3,1.0,161.88
2224,1988,3,12.0,
2225,2003,3,12.0,13.17
2226,1992,6,1.0,118.05
2227,1992,6,11.0,118.05
2228,1992,3,12.0,
2229,1991,6,1.0,118.47
2230,1991,3,11.0,74.44
2231,2002,6,12.0,
2232,1997,3,1.0,61.26
2233,1979,3,10.0,26.06
2234,1979,3,12.0,
2235,1985,6,1.0,220.85
2236,1985,6,11.0,122.8
2237,1985,3,12.0,
2238,2023,6,1.0,197.5
2239,1975,3,11.0,142.16
2240,1975,6,12.0,
2241,1996,3,1.0,163.0
2242,2009,3,10.0,163.0
2243,1996,3,12.0,
2244,1982,6,1.0,142.14
2245,1982,3,11.0,142.14
2246,1982,3,12.0,
2247,1987,3,1.0,122.15
2248,1991,3,1.0,215.56
2249,1990,3,1.0,114.54
2250,1980,3,1.0,108.7
2251,1980,3,10.0,64.82
2252,1980,3,12.0,
2253,1993,3,1.0,135.09
2254,1970,3,1.0,64.14
2255,1970,3,10.0,
2256,2002,3,1.0,142.89
2257,2008,6,1.0,129.24
2258,2008,3,10.0,115.48
2259,2008,3,12.0,
2260,1983,9,1.0,126.46
2261,1983,3,11.0,72.57
2262,1983,3,12.0,22.0
2263,1978,3,1.0,177.92
2264,1978,6,11.0,132.05
2265,1978,3,12.0,
2266,1974,3,1.0,236.14
2267,1993,3,1.0,153.04
2268,2000,3,10.0,109.0
2269,1999,3,1.0,100.74
2270,1972,3,1.0,181.58
2271,1972,3,12.0,
2272,1972,3,1.0,112.76
2273,1972,3,11.0,
2274,1972,3,12.0,
2275,2024,3,1.0,99.55
2276,2024,3,11.0,
2277,2005,3,1.0,183.97
2278,1983,3,1.0,73.52
2279,1983,6,1.0,73.24
2280,1983,3,10.0,63.07
2281,1983,6,12.0,
2282,1998,3,1.0,110.46
2283,2002,3,10.0,91.27
2284,1981,3,1.0,143.97
2285,2006,3,10.0,112.72
2286,2006,3,12.0,38.33
2287,1985,3,12.0,68.67
2288,1983,6,1.0,161.74
2289,1983,3,12.0,158.6
2290,2001,3,1.0,105.7
2291,1997,9,1.0,203.91
2292,1997,3,10.0,90.28
2293,1997,3,11.0,45.99
2294,1997,3,12.0,
2295,1982,3,1.0,71.71
2296,1979,3,12.0,33.92
2297,1992,6,1.0,118.39
2298,1993,3,10.0,118.39
2299,1991,3,12.0,95.87
2300,1989,3,1.0,245.23
2301,1984,6,1.0,211.27
2302,1984,3,10.0,133.16
2303,1984,3,11.0,
2304,1984,3,12.0,
2305,1997,3,1.0,150.82
2306,2002,3,10.0,140.31
2307,1995,6,1.0,149.67
2308,1995,3,10.0,103.5
2309,1995,3,11.0,
2310,1995,3,12.0,
2311,1980,3,1.0,123.39
2312,1980,3,10.0,
2313,1980,3,11.0,
2314,1980,3,12.0,
2315,2007,3,1.0,121.64
2316,2010,3,12.0,95.69
2317,2004,3,1.0,87.56
2318,2004,3,10.0,64.6
2319,1984,3,1.0,113.09
2320,2006,3,10.0,89.61
2321,1984,3,12.0,
2322,2001,3,1.0,91.64
2323,1996,3,1.0,94.41
2324,1983,9,1.0,99.89
2325,1983,3,10.0,99.89
2326,1983,6,11.0,25.2
2327,1983,3,12.0,
2328,1983,3,1.0,90.06
2329,2002,3,10.0,90.06
2330,1983,3,1.0,117.95
2331,1983,3,12.0,89.92
2332,1980,9,1.0,116.52
2333,1980,6,11.0,116.52
2334,1980,3,12.0,32.47
2335,1982,3,1.0,122.05
2336,1982,3,12.0,101.72
2337,1983,3,1.0,185.46
2338,2002,3,10.0,114.1
2339,2002,3,11.0,11.28
2340,1989,3,12.0,
2341,1983,3,12.0,66.34
2342,1983,3,1.0,116.08
2343,1994,3,10.0,116.08
2344,1983,3,12.0,
2345,1977,3,1.0,159.42
2346,1977,3,10.0,159.42
2347,1977,3,12.0,
2348,1993,3,1.0,118.52
2349,2001,9,1.0,115.97
2350,2015,3,10.0,115.97
2351,2001,3,12.0,39.12
2352,1994,9,1.0,120.45
2353,1994,6,11.0,120.45
2354,1994,3,12.0,35.19
2355,1987,6,1.0,129.03
2356,1987,6,11.0,129.03
2357,1987,3,12.0,33.27
2358,1980,3,1.0,87.87
2359,1980,3,10.0,61.09
2360,1980,3,12.0,
2361,1980,3,1.0,122.48
2362,1980,3,12.0,
2363,1975,3,1.0,218.74
2364,1975,3,10.0,179.82
2365,1975,3,12.0,
2366,1993,3,1.0,169.76
2367,2009,3,10.0,
2368,2009,3,11.0,
2369,1993,3,12.0,
2370,1991,3,1.0,95.52
2371,2001,3,10.0,77.31
2372,1991,3,12.0,
2373,1982,3,1.0,126.88
2374,1982,6,12.0,
2375,2007,3,1.0,131.98
2376,2018,3,10.0,92.67
2377,1995,3,1.0,132.71
2378,2000,3,10.0,93.59
2379,1995,3,12.0,
2380,1983,6,1.0,118.92
2381,1983,3,11.0,72.9
2382,1983,3,12.0,
2383,2008,6,1.0,143.99
2384,2006,6,1.0,143.05
2385,2006,3,12.0,39.39
2386,2002,9,1.0,124.15
2387,2002,3,11.0,106.13
2388,2002,6,12.0,90.64
2389,1984,6,1.0,123.13
2390,1984,6,11.0,116.12
2391,1984,3,12.0,
2392,1993,6,1.0,123.07
2393,1993,3,10.0,112.01
2394,1993,3,11.0,
2395,1993,3,12.0,
2396,1978,3,1.0,176.49
2397,1978,3,12.0,
2398,1983,3,12.0,57.8
2399,1982,3,1.0,213.5
2400,1994,3,10.0,171.11
2401,1982,3,12.0,
2402,1994,3,1.0,112.63
2403,2002,3,10.0,109.57
2404,1983,3,1.0,222.1
2405,1983,3,10.0,126.91
2406,1983,3,11.0,
2407,1983,3,12.0,
2408,1983,3,1.0,120.26
2409,2004,3,10.0,37.42
2410,1993,3,12.0,
2411,1980,3,1.0,181.74
2412,1980,6,1.0,143.15
2413,1980,3,11.0,45.08
2414,1980,3,12.0,
2415,1989,9,1.0,144.62
2416,2019,3,10.0,128.88
2417,1989,3,12.0,52.53
2418,1990,9,1.0,159.14
2419,1990,3,12.0,122.54
2420,1985,3,1.0,164.08
2421,1985,3,12.0,
2422,1996,6,1.0,141.73
2423,1996,3,11.0,93.32
2424,1996,3,12.0,
2425,1996,3,1.0,209.89
2426,1994,3,1.0,155.88
2427,1996,9,1.0,186.86
2428,1996,3,10.0,115.26
2429,1996,3,11.0,38.69
2430,1996,3,12.0,
2431,1999,3,1.0,132.38
2432,2004,3,10.0,132.38
2433,2009,3,1.0,121.27
2434,2009,6,1.0,121.27
2435,1980,3,1.0,267.69
2436,1980,3,12.0,210.12
2437,1980,3,1.0,411.79
2438,1980,3,12.0,293.03
2439,2003,3,1.0,146.66
2440,1984,3,1.0,178.59
2441,1985,3,10.0,101.1
2442,1984,3,12.0,
2443,1980,6,1.0,201.03
2444,1980,3,11.0,146.96
2445,1980,3,12.0,
2446,1980,3,1.0,60.18
2447,1993,3,1.0,90.25
2448,1993,3,10.0,73.98
2449,1993,3,11.0,
2450,1980,3,1.0,82.3
2451,1980,3,10.0,
2452,1982,3,1.0,163.96
2453,1982,3,12.0,130.35
2454,2002,6,1.0,151.77
2455,2002,3,11.0,98.88
2456,2002,3,12.0,
2457,1984,3,1.0,126.43
2458,2002,3,10.0,120.37
2459,1983,3,1.0,171.42
2460,1983,6,11.0,122.0
2461,1983,3,12.0,
2462,1980,3,1.0,90.74
2463,1980,3,10.0,
2464,1980,3,12.0,
2465,1994,3,1.0,108.46
2466,2004,3,10.0,65.4
2467,2004,3,11.0,
2468,1993,3,1.0,121.04
2469,1985,6,1.0,130.26
2470,1985,3,10.0,130.26
2471,1985,3,11.0,
2472,1985,3,12.0,
2473,1983,3,1.0,154.84
2474,1985,3,10.0,154.84
2475,1983,3,12.0,100.88
2476,1982,3,1.0,166.43
2477,1982,3,12.0,
2478,1978,6,1.0,222.48
2479,1978,3,11.0,81.18
2480,1978,3,12.0,
2481,1992,6,1.0,141.87
2482,1992,3,11.0,141.87
2483,1992,3,12.0,
2484,1979,3,1.0,140.13
2485,1979,3,12.0,140.13
2486,1984,3,1.0,163.92
2487,1984,3,12.0,107.73
2488,2006,3,1.0,99.35
2489,2006,3,1.0,75.55
2490,1982,3,1.0,233.81
2491,1992,3,1.0,160.2
2492,1985,3,4.0,1187.35
2493,1985,3,10.0,975.24
2494,1998,3,1.0,158.73
2495,2023,3,1.0,156.08
2496,2023,3,11.0,
2497,2023,3,12.0,
2498,1980,3,1.0,133.3
2499,1980,3,12.0,91.51
2500,1982,3,1.0,128.64
2501,1983,3,12.0,67.78
2502,1986,3,1.0,229.23
2503,1984,3,12.0,192.41
2504,1974,6,1.0,160.42
2505,2004,3,9.0,150.0
2506,1986,9,1.0,165.6
2507,1986,3,11.0,120.46
2508,1986,3,12.0,56.15
2509,2006,6,1.0,142.11
2510,1987,6,1.0,173.51
2511,1987,6,11.0,173.51
2512,1987,3,12.0,20.43
2513,1975,3,1.0,154.28
2514,1975,3,10.0,
2515,1975,3,12.0,
2516,1980,9,1.0,141.55
2517,1980,3,10.0,107.31
2518,1980,6,11.0,45.08
2519,1980,3,12.0,
2520,1980,3,1.0,124.0
2521,1980,6,11.0,124.0
2522,1980,3,12.0,
2523,1975,3,1.0,233.73
2524,1975,3,10.0,
2525,1975,3,12.0,
2526,1982,3,1.0,114.02
2527,1982,3,10.0,62.49
2528,1982,3,12.0,
2529,2000,3,12.0,59.93
2530,1962,3,12.0,31.62
2531,1991,6,1.0,101.38
2532,1991,3,11.0,62.82
2533,1991,3,12.0,
2534,1982,3,1.0,180.09
2535,1982,3,12.0,180.09
2536,1982,6,1.0,88.05
2537,1982,3,12.0,88.05
2538,1994,3,1.0,135.0
2539,2002,3,10.0,135.0
2540,1982,3,1.0,193.59
2541,1982,3,10.0,
2542,1982,3,12.0,
2543,1986,9,1.0,232.09
2544,1986,3,12.0,144.79
2545,2004,3,1.0,95.97
2546,1978,3,1.0,150.37
2547,1978,3,10.0,150.37
2548,1978,3,12.0,
2549,1982,3,1.0,187.47
2550,1982,3,10.0,139.08
2551,1982,3,12.0,
2552,1996,6,1.0,136.67
2553,1971,3,12.0,53.88
2554,1972,3,1.0,165.7
2555,1972,3,12.0,12.86
2556,1983,3,3.0,175.99
2557,1983,3,1.0,160.96
2558,2006,3,10.0,
2559,1983,3,12.0,
2560,1960,3,12.0,24.64
2561,1982,6,1.0,109.78
2562,1982,3,10.0,88.67
2563,1982,6,11.0,36.15
2564,1982,3,12.0,
2565,1960,3,10.0,75.19
2566,1960,3,12.0,
2567,1996,3,1.0,158.75
2568,1992,3,1.0,104.12
2569,1992,3,10.0,104.12
2570,1992,3,12.0,
2571,1981,3,1.0,127.71
2572,1981,3,12.0,99.64
2573,1980,6,1.0,119.41
2574,1980,3,12.0,
2575,2000,6,1.0,135.86
2576,2006,3,10.0,100.76
2577,1994,3,12.0,100.76
2578,1983,3,1.0,212.51
2579,1983,3,12.0,140.41
2580,1984,6,1.0,203.14
2581,1984,3,12.0,110.63
2582,1983,3,1.0,108.62
2583,2006,3,10.0,
2584,2006,3,11.0,
2585,2013,6,1.0,131.23
2586,1982,3,1.0,143.2
2587,1982,3,10.0,143.2
2588,1982,3,12.0,107.37
2589,1982,3,1.0,144.52
2590,1982,3,12.0,117.05
2591,1983,6,1.0,128.42
2592,1983,3,12.0,128.42
2593,1985,3,1.0,110.36
2594,1985,3,10.0,94.62
2595,1985,3,12.0,
2596,1983,3,1.0,145.66
2597,1983,3,12.0,53.07
2598,1989,6,1.0,127.89
2599,1991,6,11.0,117.47
2600,1980,3,1.0,192.76
2601,1980,3,12.0,183.14
2602,1982,3,12.0,90.97
2603,1986,3,1.0,168.91
2604,1986,3,1.0,115.01
2605,2002,3,10.0,105.19
2606,1982,3,1.0,70.39
2607,1982,3,10.0,
2608,1991,3,1.0,162.2
2609,1991,3,10.0,153.74
2610,1991,3,11.0,84.04
2611,1982,3,1.0,104.92
2612,2004,3,10.0,104.92
2613,1997,6,1.0,105.52
2614,1997,3,11.0,67.48
2615,1997,3,12.0,
2616,1995,3,1.0,174.36
2617,2000,3,10.0,174.36
2618,1995,3,12.0,
2619,2005,3,1.0,183.89
2620,1980,3,1.0,27.99
2621,1980,3,10.0,
2622,1986,3,1.0,215.71
2623,1982,3,10.0,86.82
2624,1982,3,12.0,78.98
2625,1980,6,1.0,180.26
2626,1980,6,11.0,155.52
2627,1980,3,12.0,
2628,1980,3,1.0,86.61
2629,1980,3,10.0,
2630,1984,3,12.0,160.04
2631,1997,3,1.0,134.54
2632,1997,3,12.0,87.79
2633,2006,3,1.0,44.63
2634,2006,3,10.0,
2635,2006,3,11.0,
2636,2007,9,1.0,204.08
2637,2007,3,10.0,128.21
2638,2007,3,12.0,
2639,1990,3,1.0,145.09
2640,2006,3,10.0,46.22
2641,1993,3,1.0,143.66
2642,2002,3,10.0,131.38
2643,2004,3,12.0,37.58
2644,2000,6,1.0,147.97
2645,2000,3,11.0,96.99
2646,2003,3,12.0,
2647,1993,6,1.0,128.94
2648,1993,3,10.0,9.36
2649,1993,3,11.0,
2650,1993,3,12.0,
2651,1983,3,5.0,515.91
2652,1983,3,11.0,
2653,1983,3,12.0,
2654,1985,3,1.0,156.61
2655,1985,3,10.0,
2656,1985,3,11.0,
2657,1985,3,12.0,
2658,1982,3,1.0,78.26
2659,1982,3,12.0,
2660,1982,3,1.0,78.17
2661,1982,3,10.0,73.6
2662,1982,3,11.0,
2663,1982,3,12.0,
2664,1993,3,1.0,144.62
2665,2002,3,10.0,65.82
2666,1982,3,12.0,66.14
2667,1982,3,1.0,208.64
2668,2000,3,10.0,144.35
2669,1982,3,12.0,
2670,2008,3,1.0,130.84
2671,1996,6,1.0,95.49
2672,1982,3,12.0,95.49
2673,1982,6,1.0,139.05
2674,1982,6,12.0,
2675,1981,6,1.0,58.39
2676,1981,3,10.0,43.0
2677,1981,3,11.0,
2678,1981,3,12.0,
2679,1982,3,1.0,135.66
2680,1985,3,10.0,
2681,1985,3,12.0,
2682,1990,3,1.0,122.08
2683,1990,3,11.0,56.77
2684,1990,3,12.0,
2685,1983,9,1.0,226.52
2686,1983,3,10.0,99.75
2687,1983,3,12.0,49.63
2688,2008,3,10.0,169.24
2689,1982,3,1.0,124.37
2690,1982,3,10.0,112.99
2691,1982,3,11.0,15.42
2692,1982,3,1.0,92.32
2693,2004,3,10.0,92.32
2694,2004,3,12.0,26.16
2695,1996,3,1.0,62.0
2696,1996,3,10.0,
2697,1996,3,11.0,
2698,2007,3,1.0,134.88
2699,1980,9,1.0,138.3
2700,1980,3,10.0,87.64
2701,1980,3,12.0,14.82
2702,1982,9,1.0,103.41
2703,1982,3,10.0,76.58
2704,1982,3,12.0,65.95
2705,2007,6,1.0,112.92
2706,2007,3,10.0,28.62
2707,1996,3,12.0,
2708,1979,6,1.0,113.59
2709,1979,3,10.0,105.15
2710,1979,3,12.0,39.66
2711,2005,9,1.0,180.87
2712,1996,6,11.0,115.77
2713,1987,3,12.0,48.23
2714,2001,3,1.0,113.11
2715,1980,3,1.0,103.32
2716,1985,3,10.0,
2717,1985,3,12.0,
2718,1980,3,1.0,129.65
2719,2011,3,10.0,
2720,1980,3,12.0,
2721,1993,3,1.0,107.18
2722,2021,3,10.0,
2723,2019,3,12.0,
2724,1996,3,1.0,123.03
2725,1981,3,1.0,120.54
2726,1981,6,1.0,186.23
2727,1981,3,12.0,186.23
2728,1981,3,1.0,155.05
2729,1985,3,10.0,139.46
2730,1988,6,1.0,112.78
2731,1988,3,10.0,62.91
2732,1988,3,11.0,
2733,1988,3,12.0,
2734,1989,9,1.0,202.29
2735,1994,3,10.0,46.13
2736,1994,6,12.0,
2737,1990,3,1.0,236.73
2738,1990,3,11.0,99.66
2739,1990,6,12.0,
2740,1997,6,1.0,100.14
2741,1981,3,1.0,77.51
2742,1985,3,1.0,135.02
2743,1985,3,10.0,
2744,1985,3,11.0,
2745,1985,3,12.0,
2746,1995,9,1.0,115.4
2747,1986,3,12.0,115.4
2748,1980,3,1.0,178.55
2749,1980,3,12.0,178.55
2750,2000,3,12.0,20.27
2751,1985,3,1.0,89.4
2752,2011,3,10.0,89.4
2753,2009,3,10.0,177.48
2754,1995,3,1.0,147.93
2755,1993,3,1.0,150.35
2756,1980,3,1.0,101.98
2757,1980,3,12.0,
2758,1982,3,1.0,280.74
2759,1983,3,12.0,
2760,1980,3,1.0,126.31
2761,1980,3,10.0,112.0
2762,2000,3,1.0,97.04
2763,2024,6,1.0,21.49
2764,2024,3,10.0,
2765,1982,3,10.0,68.0
2766,1982,3,12.0,55.94
2767,1982,3,1.0,48.0
2768,1982,3,1.0,107.62
2769,1984,3,10.0,
2770,1982,3,12.0,
2771,1960,3,12.0,46.2
2772,1981,3,1.0,97.77
2773,1981,3,12.0,97.77
2774,1994,6,1.0,105.94
2775,2018,9,1.0,125.38
2776,2018,6,12.0,72.07
2777,1980,6,1.0,75.0
2778,1980,3,11.0,75.0
2779,1982,3,1.0,123.54
2780,1982,3,12.0,123.54
2781,1980,3,1.0,86.2
2782,1994,3,1.0,73.0
2783,2002,3,10.0,73.0
2784,1985,3,1.0,99.28
2785,1982,3,10.0,
2786,1982,3,12.0,
2787,1995,9,1.0,125.43
2788,2011,3,12.0,29.29
2789,1981,6,1.0,110.96
2790,1981,3,10.0,59.07
2791,1981,3,11.0,
2792,1981,3,12.0,
2793,1993,6,1.0,86.4
2794,1993,3,10.0,20.86
2795,1993,3,11.0,
2796,1993,6,12.0,
2797,1982,3,12.0,131.27
2798,1980,6,1.0,90.07
2799,1980,3,10.0,90.07
2800,1980,3,12.0,
2801,1985,3,1.0,143.7
2802,2002,3,10.0,49.16
2803,1993,3,1.0,58.66
2804,1987,3,1.0,126.0
2805,1980,6,1.0,107.67
2806,2006,3,10.0,77.42
2807,1993,6,12.0,
2808,1990,6,1.0,118.48
2809,1990,6,11.0,118.48
2810,1990,3,12.0,
2811,2004,3,1.0,127.24
2812,1977,3,10.0,29.52
2813,1982,3,12.0,45.07
2814,2006,3,11.0,148.56
2815,1999,3,1.0,117.32
2816,2006,3,9.0,95.36
2817,1999,3,12.0,
2818,1995,3,1.0,164.26
2819,1991,3,1.0,108.31
2820,2006,3,10.0,108.31
2821,1981,6,1.0,171.66
2822,2015,3,10.0,84.96
2823,1981,3,11.0,
2824,1981,3,12.0,
2825,2003,3,10.0,98.36
2826,1993,3,1.0,99.94
2827,1995,3,1.0,132.25
2828,1980,3,10.0,100.49
2829,1980,3,12.0,
2830,1997,9,1.0,205.69
2831,1999,6,11.0,162.35
2832,2008,3,12.0,39.6
2833,1996,6,1.0,187.91
2834,1983,3,10.0,105.97
2835,1983,3,12.0,
2836,1985,6,1.0,169.93
2837,1985,3,10.0,94.39
2838,1985,3,12.0,68.52
2839,1983,3,1.0,99.84
2840,1983,3,12.0,82.64
2841,1993,6,1.0,61.0
2842,1993,3,10.0,56.0
2843,1993,3,12.0,
2844,1983,3,1.0,256.19
2845,1983,3,10.0,
2846,1983,3,11.0,
2847,1983,3,12.0,
2848,1998,6,1.0,229.94
2849,1998,3,11.0,141.54
2850,1998,3,12.0,135.87
2851,1985,9,1.0,196.91
2852,1985,3,10.0,94.46
2853,1985,6,12.0,29.31
2854,2003,3,1.0,116.6
2855,2003,3,10.0,101.1
2856,2003,3,11.0,
2857,1985,6,1.0,127.47
2858,1985,3,10.0,90.03
2859,1985,3,11.0,
2860,1985,3,12.0,
2861,2006,6,1.0,138.03
2862,2006,3,10.0,133.12
2863,2006,3,12.0,45.73
2864,2005,6,1.0,124.53
2865,2005,3,10.0,49.9
2866,2005,6,11.0,
2867,2005,3,12.0,
2868,1980,3,1.0,99.72
2869,1995,3,1.0,216.94
2870,1996,6,1.0,144.76
2871,1996,6,12.0,58.1
2872,1992,9,1.0,125.16
2873,1992,3,10.0,81.62
2874,1992,3,12.0,9.9
2875,1960,9,1.0,133.55
2876,1960,3,10.0,103.0
2877,1960,3,12.0,97.64
2878,1985,3,1.0,130.53
2879,2004,3,10.0,108.47
2880,1985,3,12.0,
2881,1983,3,1.0,112.01
2882,1980,3,1.0,106.38
2883,2006,3,10.0,
2884,1980,3,1.0,119.48
2885,1980,3,10.0,119.48
2886,1980,3,12.0,5.0
2887,2009,6,1.0,126.0
2888,2009,3,12.0,126.0
2889,1982,3,1.0,263.85
2890,1982,3,10.0,182.15
2891,1982,3,12.0,
2892,1981,3,1.0,149.87
2893,1981,3,10.0,
2894,1981,3,12.0,
2895,1981,3,1.0,142.56
2896,1981,3,10.0,110.04
2897,1981,3,12.0,
2898,1984,3,1.0,102.95
2899,1984,3,12.0,102.95
2900,1981,3,1.0,135.63
2901,1981,3,10.0,59.16
2902,1981,3,12.0,
2903,1984,3,1.0,164.88
2904,1980,3,10.0,37.87
2905,1984,3,12.0,
2906,1984,3,1.0,217.93
2907,1984,3,10.0,14.47
2908,1984,3,12.0,
2909,1993,3,1.0,211.03
2910,1993,3,10.0,8.52
2911,1993,3,11.0,
2912,1993,6,12.0,
2913,1982,6,1.0,302.23
2914,1982,3,10.0,197.35
2915,1982,6,11.0,
2916,1982,3,12.0,
2917,1981,3,12.0,96.04
2918,1996,9,1.0,152.47
2919,1996,3,10.0,104.26
2920,1996,6,11.0,41.29
2921,1996,3,12.0,
2922,2002,3,1.0,67.24
2923,1982,3,10.0,67.24
2924,2020,3,1.0,96.97
2925,1975,3,1.0,116.95
2926,1985,3,10.0,70.4
2927,1985,3,1.0,149.46
2928,2002,3,10.0,96.78
2929,1981,3,1.0,106.03
2930,1981,3,11.0,106.03
2931,2020,6,1.0,130.77
2932,2020,3,10.0,73.13
2933,2020,6,11.0,
2934,2020,3,12.0,
2935,1980,3,1.0,186.83
2936,2002,3,10.0,79.22
2937,1999,3,1.0,152.19
2938,2004,3,10.0,9.96
2939,2004,3,12.0,
2940,1982,3,1.0,144.93
2941,1982,3,10.0,46.35
2942,1982,3,1.0,173.09
2943,2008,6,1.0,140.0
2944,1985,3,1.0,124.59
2945,1985,3,10.0,124.59
2946,1982,6,1.0,104.09
2947,1985,3,10.0,92.35
2948,1983,6,12.0,
2949,2000,6,1.0,153.4
2950,2000,3,12.0,126.02
2951,2004,3,10.0,131.5
2952,1983,3,1.0,112.0
2953,1983,3,10.0,
2954,1983,3,12.0,
2955,1983,3,1.0,34.8
2956,1993,6,1.0,110.74
2957,1993,3,11.0,105.61
2958,1998,6,1.0,139.34
2959,1998,3,10.0,124.16
2960,1998,3,12.0,114.45
2961,1985,3,12.0,27.54
2962,1960,3,12.0,36.6
2963,1960,3,12.0,15.17
2964,2003,3,1.0,133.33
2965,2020,3,10.0,
2966,2003,3,11.0,
2967,2003,3,12.0,
2968,1992,3,1.0,149.98
2969,2006,3,10.0,149.98
2970,1993,6,1.0,110.61
2971,1987,3,10.0,72.06
2972,1981,3,11.0,
2973,1981,3,12.0,
2974,1980,3,1.0,130.39
2975,1980,3,12.0,
2976,2019,3,1.0,123.26
2977,2019,3,11.0,
2978,1996,6,1.0,78.88
2979,1996,3,11.0,18.0
2980,1996,3,12.0,
2981,1990,3,1.0,155.05
2982,1990,3,10.0,47.51
2983,1990,3,12.0,
2984,1982,3,1.0,120.24
2985,1982,3,10.0,103.11
2986,1982,3,12.0,
2987,1994,3,10.0,106.84
2988,1982,3,1.0,159.71
2989,1982,3,10.0,127.67
2990,1982,3,12.0,89.9
2991,1980,3,1.0,128.62
2992,1980,3,10.0,117.76
2993,1980,3,12.0,72.42
2994,1996,3,1.0,102.24
2995,1982,3,1.0,104.63
2996,1982,3,12.0,104.63
2997,1960,3,1.0,88.69
2998,1960,3,10.0,
2999,1960,3,12.0,
3000,1982,3,10.0,39.61
3001,1982,3,12.0,
3002,2004,3,10.0,169.26
3003,1982,3,1.0,122.79
3004,1982,3,10.0,122.79
3005,1982,3,11.0,
3006,1982,3,12.0,
3007,1979,3,1.0,124.03
3008,2004,3,10.0,121.58
3009,1980,3,1.0,96.23
3010,1982,6,1.0,89.2
3011,1982,3,11.0,
3012,1982,3,12.0,
3013,1996,3,1.0,41.1
3014,1996,3,10.0,
3015,1982,3,1.0,119.5
3016,1991,3,1.0,133.76
3017,1991,6,11.0,133.76
3018,1991,3,12.0,
3019,1998,3,1.0,110.28
3020,1998,3,1.0,149.0
3021,2006,3,10.0,98.0
3022,2006,3,11.0,
3023,1986,6,1.0,110.89
3024,1986,3,10.0,110.89
3025,1986,3,11.0,
3026,1986,6,12.0,
3027,1999,6,1.0,121.88
3028,1999,3,10.0,23.32
3029,1999,3,11.0,
3030,1999,3,12.0,
3031,1988,3,1.0,86.41
3032,1998,3,1.0,103.68
3033,2006,6,1.0,133.37
3034,2020,3,10.0,109.54
3035,1992,3,11.0,
3036,1970,3,1.0,181.15
3037,1970,3,10.0,
3038,1970,3,12.0,
3039,1991,3,1.0,112.04
3040,1991,6,11.0,78.39
3041,1991,3,12.0,
3042,1981,3,1.0,51.76
3043,1996,3,1.0,149.13
3044,2006,3,1.0,116.66
3045,2020,6,1.0,121.18
3046,2020,6,11.0,86.52
3047,2020,3,12.0,
3048,1982,3,1.0,180.17
3049,1982,3,10.0,162.3
3050,1982,3,12.0,
3051,1985,3,12.0,25.4
3052,1980,3,1.0,61.12
3053,1982,3,1.0,192.52
3054,1982,3,10.0,
3055,1982,3,11.0,
3056,1982,6,12.0,
3057,1980,3,12.0,69.13
3058,1980,9,1.0,149.44
3059,2020,3,10.0,114.11
3060,1980,3,11.0,18.31
3061,1980,3,12.0,
3062,1990,3,1.0,108.68
3063,1980,3,1.0,101.34
3064,1980,3,10.0,
3065,1984,3,1.0,90.2
3066,2006,3,10.0,82.2
3067,1985,3,10.0,38.71
3068,1976,3,12.0,
3069,1988,3,1.0,131.89
3070,1994,3,1.0,100.02
3071,1994,3,1.0,117.87
3072,1975,3,1.0,56.84
3073,1975,3,10.0,
3074,1975,3,11.0,
3075,1975,3,12.0,
3076,1990,9,1.0,153.04
3077,1990,3,10.0,123.33
3078,1990,3,11.0,89.16
3079,1990,3,12.0,
3080,2006,3,1.0,126.55
3081,1980,3,11.0,101.33
3082,1985,3,12.0,
3083,1987,3,1.0,84.43
3084,2004,3,10.0,84.43
3085,1984,3,1.0,123.81
3086,2006,3,10.0,97.89
3087,2020,6,1.0,106.61
3088,2020,3,11.0,94.28
3089,2020,3,12.0,
3090,1980,3,1.0,84.66
3091,2020,3,10.0,
3092,1991,3,1.0,42.96
3093,1994,3,10.0,107.14
3094,1978,3,1.0,134.62
3095,2006,3,10.0,
3096,2006,3,11.0,
3097,2006,3,12.0,
3098,1984,3,5.0,847.87
3099,1984,3,11.0,
3100,2003,3,12.0,831.78
3101,1983,3,10.0,1031.3
3102,2006,6,1.0,118.17
3103,2005,3,11.0,52.21
3104,2005,3,12.0,
3105,1978,3,1.0,142.93
3106,2008,3,10.0,41.41
3107,2008,6,12.0,
3108,1978,3,1.0,304.86
3109,1978,3,10.0,197.36
3110,1978,3,11.0,
3111,1978,3,12.0,
3112,2003,3,1.0,111.09
3113,2003,3,10.0,111.09
3114,1997,3,11.0,
3115,1991,3,12.0,
3116,2004,3,9.0,208.67
3117,2004,3,12.0,
3118,2003,3,1.0,167.88
3119,2003,3,10.0,
3120,2003,3,11.0,
3121,2003,3,12.0,
3122,2004,3,1.0,116.39
3123,1978,9,1.0,142.4
3124,1985,3,10.0,84.32
3125,1978,3,11.0,28.43
3126,1978,3,12.0,
3127,1978,6,1.0,110.73
3128,1985,3,10.0,110.73
3129,1978,3,12.0,110.73
3130,1974,3,1.0,157.05
3131,1974,3,10.0,113.63
3132,1972,3,1.0,109.33
3133,1985,3,10.0,
3134,1978,3,11.0,
3135,1976,3,1.0,250.83
3136,1980,3,1.0,187.12
3137,1980,3,10.0,101.11
3138,1980,3,1.0,148.39
3139,1970,3,1.0,163.59
3140,2002,6,1.0,113.95
3141,2009,3,10.0,93.97
3142,2010,3,11.0,
3143,1998,3,1.0,189.52
3144,2018,3,10.0,25.03
3145,1998,3,11.0,
3146,1978,6,12.0,
3147,1973,9,1.0,148.6
3148,1973,6,11.0,148.6
3149,1973,3,12.0,27.5
3150,1998,3,1.0,134.82
3151,1981,3,1.0,175.32
3152,1978,3,10.0,
3153,1979,3,1.0,174.37
3154,1987,3,1.0,49.91
3155,1978,6,1.0,149.07
3156,1978,3,10.0,133.27
3157,1978,3,11.0,133.27
3158,1978,6,12.0,
3159,1978,3,1.0,140.29
3160,1978,3,12.0,52.97
3161,1970,3,1.0,88.07
3162,1984,3,10.0,
3163,1969,3,1.0,151.21
3164,1985,3,10.0,104.7
3165,1969,3,12.0,
3166,2017,3,1.0,144.83
3167,2017,3,11.0,
3168,2014,6,1.0,167.88
3169,2019,3,10.0,143.14
3170,2014,3,11.0,
3171,2014,3,12.0,
3172,1960,3,1.0,88.14
3173,1960,3,1.0,104.52
3174,2009,3,10.0,84.39
3175,1960,3,11.0,17.44
3176,1960,3,12.0,20.91
3177,1986,6,1.0,112.83
3178,2008,3,11.0,62.21
3179,1958,3,1.0,148.57
3180,1998,3,8.0,246.43
3181,1998,3,1.0,110.0
3182,1998,3,11.0,
3183,2010,3,12.0,
3184,1958,3,1.0,106.33
3185,2004,3,10.0,32.18
3186,2004,3,1.0,263.89
3187,2004,3,10.0,79.42
3188,2004,3,11.0,
3189,2004,3,12.0,
3190,2006,6,1.0,174.84
3191,2008,3,10.0,174.84
3192,2003,3,10.0,130.19
3193,2002,3,11.0,75.29
3194,2007,6,1.0,137.83
3195,1987,3,10.0,49.9
3196,2007,3,12.0,
3197,1981,3,1.0,143.64
3198,1987,3,10.0,121.56
3199,1992,6,1.0,141.47
3200,1992,3,10.0,102.59
3201,1992,3,11.0,
3202,1970,3,12.0,78.76
3203,2002,6,1.0,195.52
3204,2020,3,10.0,63.02
3205,2020,3,11.0,
3206,1990,3,12.0,
3207,1976,3,1.0,136.29
3208,2002,3,10.0,73.73
3209,1960,3,1.0,45.64
3210,1960,3,10.0,
3211,1960,3,12.0,18.11
3212,1997,3,1.0,82.28
3213,1975,3,1.0,220.38
3214,1975,3,10.0,44.72
3215,1986,3,1.0,96.89
3216,1987,3,1.0,81.05
3217,1987,3,10.0,
3218,1975,3,1.0,127.63
3219,2000,3,10.0,127.63
3220,1975,3,11.0,
3221,1975,3,12.0,
3222,1975,3,1.0,79.26
3223,1975,3,1.0,63.35
3224,2004,3,1.0,176.17
3225,2005,3,10.0,
3226,2004,3,11.0,
3227,1985,6,1.0,339.61
3228,2002,3,10.0,49.63
3229,1975,3,12.0,
3230,1985,3,1.0,134.23
3231,1985,3,10.0,41.36
3232,1969,3,1.0,140.74
3233,1966,3,1.0,90.89
3234,1977,3,1.0,121.52
3235,2002,3,10.0,114.55
3236,1975,3,1.0,119.16
3237,1970,3,1.0,143.52
3238,1970,3,10.0,108.41
3239,1987,3,1.0,106.42
3240,2008,9,1.0,155.6
3241,2008,3,10.0,147.6
3242,2008,3,12.0,44.73
3243,1985,6,1.0,136.19
3244,2012,3,10.0,124.53
3245,1985,3,11.0,
3246,1985,3,12.0,
3247,1988,3,1.0,136.77
3248,1975,3,1.0,144.02
3249,1975,3,1.0,181.34
3250,1975,3,10.0,100.23
3251,1970,3,1.0,22.28
3252,1975,3,10.0,
3253,1986,6,1.0,224.93
3254,1993,3,10.0,118.82
3255,1974,3,11.0,
3256,1986,3,12.0,
3257,1986,3,1.0,115.23
3258,2009,3,10.0,93.3
3259,1986,3,12.0,
3260,1975,3,1.0,137.89
3261,1975,3,10.0,
3262,1975,3,1.0,132.36
3263,2000,3,10.0,121.93
3264,1975,3,12.0,
3265,1978,3,1.0,172.15
3266,1985,3,10.0,87.91
3267,1994,3,10.0,128.01
3268,1987,3,12.0,128.01
3269,2006,3,1.0,148.13
3270,1995,6,12.0,67.84
3271,1987,3,1.0,175.33
3272,1987,3,10.0,117.71
3273,1987,3,12.0,36.02
3274,1997,6,1.0,99.06
3275,2003,3,10.0,92.68
3276,1998,6,1.0,176.93
3277,2004,3,10.0,99.03
3278,2009,6,1.0,95.39
3279,2009,3,10.0,74.54
3280,2009,3,12.0,
3281,1965,3,1.0,270.49
3282,1965,3,10.0,8.73
3283,1975,3,1.0,95.67
3284,2002,3,10.0,77.1
3285,1987,6,1.0,197.39
3286,2000,3,10.0,80.5
3287,1975,3,1.0,96.17
3288,1979,3,1.0,66.51
3289,1995,3,12.0,44.62
3290,1968,3,1.0,133.37
3291,1968,3,10.0,25.24
3292,1975,3,1.0,66.85
3293,1990,6,1.0,204.18
3294,1990,3,12.0,12.95
3295,1995,3,10.0,70.31
3296,1970,3,12.0,61.37
3297,1975,3,1.0,145.99
3298,1975,3,1.0,161.79
3299,1984,3,10.0,45.95
3300,1978,3,1.0,192.01
3301,1985,3,10.0,191.52
3302,1998,3,12.0,93.68
3303,1985,3,1.0,133.06
3304,1970,3,1.0,69.98
3305,1985,6,1.0,215.44
3306,1985,3,11.0,128.42
3307,1985,3,12.0,
3308,1984,6,1.0,193.23
3309,2006,3,10.0,116.56
3310,2006,3,11.0,96.63
3311,1985,3,1.0,155.44
3312,1975,3,1.0,47.67
3313,2000,3,10.0,50.83
3314,2000,3,12.0,
3315,1975,3,1.0,110.19
3316,2003,3,10.0,135.81
3317,2002,3,12.0,98.92
3318,1980,3,1.0,187.87
3319,2020,3,10.0,
3320,2020,3,11.0,
3321,2017,3,1.0,211.33
3322,2018,3,10.0,
3323,2017,3,11.0,
3324,2017,3,12.0,
3325,2005,6,1.0,119.8
3326,2014,3,10.0,95.43
3327,2002,3,12.0,
3328,1984,3,1.0,178.57
3329,1962,3,1.0,136.21
3330,2006,3,1.0,106.74
3331,1984,6,1.0,191.41
3332,1985,3,11.0,121.48
3333,1984,3,12.0,
3334,1965,3,1.0,64.25
3335,1965,3,11.0,64.25
3336,1965,3,12.0,
3337,2005,3,1.0,238.15
3338,2005,3,10.0,168.83
3339,1989,9,1.0,222.55
3340,1985,6,1.0,184.77
3341,2002,3,10.0,184.77
3342,1985,3,11.0,132.55
3343,1993,6,1.0,225.09
3344,1987,3,10.0,80.27
3345,2011,6,1.0,170.65
3346,2011,3,11.0,163.47
3347,2011,3,12.0,
3348,1979,3,1.0,112.75
3349,2002,3,12.0,
3350,1999,3,1.0,176.42
3351,1999,3,11.0,
3352,1999,6,12.0,
3353,1979,3,1.0,110.65
3354,2010,3,10.0,100.23
3355,2010,3,11.0,
3356,2008,3,1.0,118.63
3357,2009,3,10.0,113.31
3358,2008,3,11.0,
3359,2007,3,1.0,88.06
3360,2007,3,1.0,87.11
3361,1980,3,1.0,104.39
3362,2002,3,1.0,99.51
3363,2002,3,11.0,
3364,2002,6,12.0,
3365,2009,9,1.0,114.75
3366,2009,6,11.0,95.09
3367,2009,3,12.0,
3368,2004,9,1.0,142.63
3369,2004,3,11.0,71.76
3370,2005,3,12.0,37.01
3371,1980,3,1.0,84.2
3372,2003,3,1.0,123.21
3373,2009,6,1.0,147.48
3374,2009,3,11.0,92.75
3375,2009,3,12.0,
3376,2008,6,1.0,144.19
3377,2008,3,11.0,32.41
3378,2008,3,12.0,
3379,1998,3,1.0,81.67
3380,1998,3,10.0,
3381,1998,3,12.0,
3382,2021,6,1.0,94.11
3383,2021,3,10.0,94.11
3384,2021,3,11.0,
3385,1996,3,1.0,164.8
3386,1997,3,1.0,17.39
3387,1999,3,1.0,84.47
3388,2008,3,10.0,142.07
3389,2004,6,1.0,71.38
3390,2004,3,11.0,51.11
3391,1992,6,1.0,141.81
3392,2000,3,10.0,104.85
3393,1984,3,12.0,
3394,1980,6,1.0,238.04
3395,2020,3,10.0,124.51
3396,1980,3,11.0,
3397,1980,3,12.0,
3398,1999,3,1.0,140.92
3399,1997,9,1.0,105.59
3400,1997,3,11.0,84.13
3401,1997,3,12.0,84.13
3402,2008,6,1.0,131.64
3403,2008,3,11.0,126.52
3404,2008,3,12.0,
3405,2021,6,1.0,142.52
3406,2021,3,11.0,101.48
3407,2021,3,12.0,
3408,2000,3,1.0,158.1
3409,2008,3,1.0,224.19
3410,1980,3,1.0,125.73
3411,1980,3,1.0,91.39
3412,1980,6,1.0,134.79
3413,1980,3,10.0,85.05
3414,1980,3,12.0,85.05
3415,2002,3,1.0,136.64
3416,2002,3,1.0,123.55
3417,2004,3,1.0,152.62
3418,1998,3,1.0,113.51
3419,2001,6,1.0,202.81
3420,2001,6,11.0,41.71
3421,2001,3,12.0,
3422,2004,6,1.0,94.8
3423,2004,3,11.0,68.92
3424,2004,3,12.0,
3425,2003,9,1.0,151.52
3426,2003,6,11.0,145.07
3427,2003,3,12.0,31.78
3428,2003,9,1.0,150.75
3429,2003,6,12.0,106.29
3430,2005,6,1.0,154.48
3431,2008,3,10.0,110.86
3432,2005,3,12.0,
3433,2007,3,1.0,129.17
3434,2007,6,11.0,
3435,2007,3,12.0,
3436,1999,6,1.0,94.29
3437,1999,6,11.0,62.62
3438,1999,3,12.0,4.77
3439,1999,3,1.0,129.51
3440,2004,3,10.0,119.92
3441,1999,3,11.0,
3442,2004,3,1.0,123.95
3443,2008,3,10.0,54.67
3444,2004,3,11.0,
3445,2004,3,12.0,
3446,2003,6,1.0,150.42
3447,2003,3,10.0,46.21
3448,2003,3,12.0,
3449,2001,6,1.0,124.89
3450,2001,3,10.0,64.09
3451,2001,3,12.0,
3452,1999,6,1.0,181.82
3453,2000,3,10.0,104.54
3454,2000,3,11.0,
3455,1999,3,12.0,
3456,2021,3,1.0,89.95
3457,2021,3,10.0,87.36
3458,2021,3,11.0,
3459,2021,3,12.0,
3460,2011,6,1.0,82.39
3461,2011,3,10.0,65.76
3462,2011,3,12.0,
3463,2000,3,1.0,59.35
3464,2003,3,10.0,55.92
3465,2002,3,1.0,58.89
3466,2009,3,1.0,107.34
3467,2004,3,1.0,98.61
3468,2017,3,10.0,63.89
3469,2017,3,11.0,
3470,2002,6,1.0,120.74
3471,2002,3,12.0,
3472,2003,3,1.0,73.17
3473,2006,3,10.0,56.4
3474,2003,3,1.0,156.23
3475,2015,3,10.0,45.12
3476,2004,6,1.0,115.23
3477,2004,3,9.0,73.14
3478,2006,3,10.0,14.86
3479,2006,3,11.0,
3480,2004,6,1.0,91.07
3481,2004,3,9.0,73.12
3482,2006,3,10.0,14.88
3483,2004,6,1.0,91.01
3484,2004,3,9.0,73.07
3485,2004,3,10.0,14.89
3486,2004,6,1.0,100.64
3487,2004,3,9.0,84.19
3488,2004,3,10.0,15.25
3489,2004,6,1.0,83.29
3490,2004,3,9.0,15.04
3491,2004,3,10.0,
3492,2004,6,1.0,91.65
3493,2004,3,9.0,16.8
3494,2004,3,10.0,
3495,2004,6,1.0,100.76
3496,2004,3,9.0,84.28
3497,2004,3,10.0,15.25
3498,2004,6,1.0,88.75
3499,2004,3,10.0,67.36
3500,2004,6,1.0,75.27
3501,2004,3,10.0,56.89
3502,2004,6,1.0,100.75
3503,2004,3,10.0,57.81
3504,2004,3,11.0,15.08
3505,2004,6,1.0,71.7
3506,2017,3,10.0,59.49
3507,2002,3,1.0,157.99
3508,2002,3,10.0,
3509,2002,3,12.0,
3510,1985,3,1.0,135.78
3511,2000,3,10.0,135.78
3512,2002,3,1.0,77.81
3513,2005,3,10.0,32.49
3514,2001,3,1.0,137.01
3515,2007,3,10.0,137.01
3516,2003,3,12.0,
3517,2000,3,1.0,100.3
3518,2000,3,12.0,82.55
3519,2003,3,1.0,88.43
3520,2011,6,1.0,204.08
3521,2011,3,10.0,137.44
3522,2011,3,12.0,52.55
3523,2005,6,1.0,117.91
3524,2005,3,12.0,65.16
3525,2009,9,1.0,137.04
3526,2009,3,12.0,137.04
3527,2008,3,1.0,143.91
3528,2008,3,11.0,139.98
3529,2008,3,12.0,
3530,2008,6,1.0,204.98
3531,2007,6,12.0,76.52
3532,1973,3,1.0,42.47
3533,1985,3,1.0,97.44
3534,1985,3,10.0,24.45
3535,1985,3,11.0,
3536,1985,9,12.0,
3537,1999,6,1.0,153.71
3538,1999,3,10.0,38.4
3539,1999,3,11.0,
3540,1999,3,12.0,
3541,1997,3,1.0,141.12
3542,2002,3,10.0,
3543,1997,3,11.0,
3544,1985,3,1.0,86.88
3545,1998,3,1.0,113.38
3546,2004,3,10.0,
3547,1998,3,12.0,
3548,2009,6,1.0,101.47
3549,2009,3,11.0,65.02
3550,2009,3,12.0,
3551,2002,3,1.0,90.32
3552,2009,3,1.0,84.72
3553,2009,3,11.0,59.96
3554,2006,3,1.0,63.49
3555,1998,3,1.0,102.97
3556,1982,6,1.0,133.89
3557,1982,3,12.0,90.03
3558,1995,3,1.0,139.06
3559,2002,3,10.0,
3560,1998,3,12.0,
3561,2022,6,1.0,123.1
3562,2022,3,10.0,37.8
3563,2005,3,1.0,92.85
3564,2005,3,10.0,
3565,2005,3,12.0,
3566,2007,3,1.0,103.16
3567,2007,3,11.0,
3568,1980,3,1.0,81.54
3569,2007,3,11.0,
3570,2007,3,12.0,
3571,1980,3,1.0,73.36
3572,1980,3,10.0,
3573,2004,3,1.0,133.17
3574,2015,3,10.0,25.93
3575,2020,3,1.0,104.37
3576,2020,3,11.0,104.37
3577,2020,3,12.0,
3578,2021,6,1.0,127.76
3579,2021,3,10.0,82.23
3580,2021,3,11.0,
3581,2021,3,12.0,
3582,2019,6,1.0,137.92
3583,2001,3,1.0,121.48
3584,2000,3,1.0,120.15
3585,2019,3,10.0,41.25
3586,2000,3,11.0,
3587,2000,3,12.0,
3588,2006,6,1.0,172.1
3589,2015,3,10.0,69.09
3590,2006,3,11.0,
3591,2006,3,12.0,
3592,1998,6,1.0,118.8
3593,1998,3,10.0,97.65
3594,1998,6,12.0,
3595,2023,3,1.0,125.12
3596,2003,3,11.0,28.12
3597,2003,3,12.0,
3598,2005,3,1.0,118.83
3599,2005,3,11.0,82.67
3600,2004,3,1.0,126.53
3601,2004,6,1.0,66.79
3602,2004,3,11.0,59.72
3603,2004,3,12.0,
3604,2009,3,1.0,108.47
3605,2009,3,11.0,61.98
3606,2007,6,1.0,130.9
3607,2007,3,12.0,130.9
3608,1980,6,1.0,81.79
3609,1980,3,11.0,5.24
3610,1980,3,12.0,
3611,1980,3,1.0,79.03
3612,1980,3,10.0,
3613,1980,3,12.0,
3614,1980,6,1.0,116.52
3615,1980,3,11.0,16.99
3616,1996,3,1.0,152.99
3617,1980,3,1.0,146.01
3618,1980,3,10.0,58.86
3619,1980,6,11.0,
3620,1980,3,12.0,
3621,2006,3,1.0,84.14
3622,2006,3,11.0,78.97
3623,1997,6,1.0,100.57
3624,1997,3,11.0,
3625,1997,3,12.0,
3626,2001,3,1.0,108.9
3627,2001,6,1.0,130.54
3628,2004,3,10.0,52.85
3629,2001,3,11.0,
3630,2001,6,12.0,
3631,1999,3,1.0,191.09
3632,2000,3,1.0,136.44
3633,2001,3,1.0,131.87
3634,1999,3,1.0,178.44
3635,2012,3,10.0,147.74
3636,1999,6,11.0,4.67
3637,2001,6,1.0,170.05
3638,2010,3,10.0,96.77
3639,2001,3,11.0,
3640,2001,3,12.0,
3641,1980,3,1.0,88.34
3642,2002,3,10.0,11.85
3643,2002,6,1.0,161.16
3644,2002,3,10.0,55.62
3645,2002,3,12.0,
3646,2006,6,1.0,109.13
3647,2006,3,11.0,67.64
3648,2006,3,12.0,
3649,2008,6,1.0,85.88
3650,2008,3,11.0,35.3
3651,2008,3,12.0,
3652,2000,3,1.0,76.08
3653,2000,3,1.0,107.99
3654,2006,3,10.0,
3655,2000,6,12.0,
3656,1998,6,1.0,105.51
3657,1998,3,11.0,50.88
3658,1998,3,12.0,
3659,2005,3,1.0,85.76
3660,2005,3,11.0,75.22
3661,1980,3,1.0,94.29
3662,2000,3,1.0,211.38
3663,2000,3,10.0,
3664,2000,3,11.0,
3665,2000,3,12.0,
3666,2013,9,1.0,99.46
3667,2013,3,10.0,67.81
3668,2013,3,11.0,
3669,2013,3,12.0,
3670,1979,6,1.0,77.16
3671,1979,3,10.0,77.16
3672,1979,6,11.0,10.21
3673,1979,3,12.0,
3674,1980,6,1.0,109.42
3675,1980,3,12.0,9.91
3676,1980,3,12.0,44.41
3677,2003,6,1.0,93.04
3678,2006,3,10.0,93.04
3679,2003,3,11.0,
3680,1985,3,11.0,44.68
3681,1985,3,12.0,
3682,1984,3,1.0,148.1
3683,1987,3,10.0,110.86
3684,2009,3,1.0,186.32
3685,2009,3,11.0,111.25
3686,2009,3,12.0,
3687,1980,3,1.0,98.29
3688,1980,3,1.0,76.68
3689,1980,3,10.0,
3690,1980,3,11.0,259.27
3691,1980,3,12.0,
3692,1980,3,1.0,82.32
3693,1980,3,1.0,225.97
3694,1980,3,10.0,
3695,1980,3,11.0,
3696,1980,3,1.0,134.71
3697,1980,3,10.0,
3698,1987,3,1.0,132.88
3699,1987,3,10.0,68.27
3700,1987,3,1.0,162.21
3701,1987,3,10.0,
3702,1987,3,11.0,
3703,2002,3,12.0,
3704,1985,3,1.0,188.36
3705,1985,3,1.0,120.55
3706,1985,3,10.0,25.34
3707,1985,3,11.0,
3708,1970,3,3.0,95.6
3709,1987,3,1.0,238.52
3710,1987,3,10.0,123.08
3711,1993,6,1.0,202.37
3712,2000,3,10.0,151.9
3713,1995,6,11.0,93.86
3714,1987,3,12.0,
3715,1980,3,1.0,64.83
3716,1980,3,10.0,
3717,1992,3,1.0,132.54
3718,1987,3,1.0,217.43
3719,1987,3,10.0,
3720,1985,6,12.0,
3721,2005,6,1.0,181.56
3722,2005,6,11.0,154.22
3723,2005,3,12.0,42.44
3724,1980,3,1.0,29.93
3725,1997,3,1.0,186.56
3726,2000,3,10.0,99.08
3727,1997,3,12.0,
3728,1980,3,1.0,146.6
3729,1980,3,10.0,126.49
3730,1980,3,11.0,
3731,1996,6,12.0,
3732,1980,3,12.0,39.69
3733,1980,3,1.0,21.62
3734,1980,3,10.0,
3735,1980,3,12.0,101.08
3736,1974,3,1.0,209.44
3737,1982,6,1.0,135.44
3738,1982,3,11.0,89.43
3739,1982,3,12.0,
3740,2012,3,1.0,100.8
3741,1980,3,10.0,
3742,1980,3,12.0,
3743,1985,3,1.0,72.78
3744,1985,3,10.0,56.06
3745,1980,6,1.0,81.86
3746,1980,3,11.0,63.86
3747,1980,3,1.0,92.34
3748,2002,3,10.0,73.66
3749,1990,6,1.0,230.81
3750,2012,3,10.0,76.62
3751,1980,3,11.0,
3752,1980,3,12.0,
3753,2008,9,1.0,254.42
3754,2008,3,10.0,146.99
3755,2008,3,11.0,48.0
3756,2008,3,12.0,
3757,2004,3,1.0,168.73
3758,2004,3,10.0,130.98
3759,1982,3,1.0,121.32
3760,1982,3,11.0,
3761,1982,6,12.0,
3762,2006,3,1.0,184.93
3763,2006,3,10.0,30.71
3764,1980,3,1.0,182.02
3765,1985,3,1.0,93.01
3766,2002,3,10.0,82.89
3767,2002,3,11.0,26.27
3768,1985,3,1.0,161.22
3769,1985,3,10.0,
3770,1980,3,1.0,119.18
3771,1980,3,10.0,66.71
3772,1960,9,1.0,129.76
3773,1960,3,12.0,42.12
3774,1960,3,1.0,81.99
3775,1960,3,10.0,
3776,2000,3,1.0,101.09
3777,1980,3,10.0,
3778,1990,9,1.0,123.66
3779,2020,3,10.0,73.96
3780,2005,3,11.0,31.59
3781,2020,3,12.0,
3782,1986,3,1.0,217.43
3783,1985,3,1.0,54.69
3784,1985,3,10.0,
3785,1985,3,12.0,9.45
3786,1980,3,1.0,50.18
3787,1960,9,1.0,158.88
3788,2012,3,10.0,54.54
3789,1960,3,11.0,17.83
3790,1986,3,12.0,
3791,2005,3,1.0,202.33
3792,2006,3,10.0,191.33
3793,2005,3,11.0,
3794,2004,3,12.0,
3795,2003,6,1.0,143.74
3796,2003,3,10.0,26.95
3797,2006,3,11.0,
3798,1999,3,1.0,119.81
3799,1999,3,11.0,119.81
3800,1999,3,12.0,
3801,1998,3,1.0,144.03
3802,1998,3,12.0,101.01
3803,2002,9,1.0,150.76
3804,2002,3,10.0,150.76
3805,2002,3,11.0,57.79
3806,2002,3,12.0,
3807,2003,3,1.0,162.32
3808,2003,3,11.0,
3809,2001,3,1.0,152.81
3810,2001,3,11.0,
3811,2001,3,12.0,
3812,1999,3,1.0,124.09
3813,2023,3,1.0,133.58
3814,2023,3,11.0,
3815,2023,3,12.0,
3816,2000,6,1.0,127.15
3817,2009,3,10.0,50.86
3818,2000,3,12.0,
3819,1980,3,1.0,102.03
3820,1980,3,12.0,
3821,1980,6,1.0,158.98
3822,1980,3,10.0,55.5
3823,1980,3,11.0,
3824,1980,3,12.0,
3825,1980,3,1.0,141.2
3826,1980,3,10.0,
3827,1980,3,11.0,
3828,1980,3,12.0,
3829,1980,6,1.0,72.87
3830,1980,3,10.0,21.21
3831,1980,3,12.0,
3832,2002,3,1.0,73.65
3833,2008,3,1.0,129.14
3834,2008,3,11.0,
3835,2003,6,1.0,112.11
3836,2003,3,9.0,
3837,2005,3,1.0,81.44
3838,2005,3,9.0,
3839,2005,3,11.0,
3840,1980,3,1.0,39.67
3841,1980,3,10.0,
3842,2006,6,1.0,109.05
3843,2006,3,10.0,66.66
3844,2006,6,12.0,
3845,2006,9,1.0,82.77
3846,2006,3,11.0,82.77
3847,2004,9,1.0,147.8
3848,2008,3,10.0,75.92
3849,2004,6,12.0,48.61
3850,2006,3,1.0,112.74
3851,2006,3,11.0,112.74
3852,2006,3,12.0,21.04
3853,2007,3,11.0,92.94
3854,2003,6,1.0,86.26
3855,2003,3,12.0,61.44
3856,2006,6,1.0,241.42
3857,2006,3,11.0,187.92
3858,2006,3,12.0,100.32
3859,2006,6,1.0,125.32
3860,2006,3,12.0,122.44
3861,2001,3,1.0,187.2
3862,2006,3,1.0,224.16
3863,2006,3,11.0,89.78
3864,2006,3,12.0,
3865,2008,6,1.0,203.99
3866,1997,3,1.0,150.83
3867,2006,3,10.0,150.83
3868,1997,3,12.0,
3869,1980,3,12.0,50.2
3870,1980,3,1.0,121.64
3871,1980,3,11.0,
3872,1980,3,12.0,
3873,1980,3,10.0,17.28
3874,1980,3,11.0,
3875,1999,3,1.0,183.17
3876,2003,3,10.0,65.94
3877,2001,3,11.0,
3878,1999,3,12.0,
3879,2004,6,1.0,182.59
3880,1998,3,10.0,73.18
3881,1980,3,11.0,
3882,2017,3,12.0,
3883,2001,3,1.0,136.5
3884,2004,3,10.0,75.22
3885,1993,6,1.0,102.92
3886,1993,3,10.0,43.73
3887,1980,3,1.0,131.67
3888,1980,3,10.0,23.96
3889,1980,3,12.0,
3890,1980,3,1.0,84.16
3891,1989,3,1.0,81.0
3892,2004,3,10.0,81.0
3893,1989,3,12.0,
3894,2001,3,1.0,73.51
3895,2001,3,10.0,73.51
3896,2001,3,11.0,
3897,2001,3,12.0,
3898,2006,3,1.0,94.02
3899,1975,3,12.0,23.96
3900,1997,3,1.0,97.97
3901,1989,3,1.0,36.99
3902,1999,3,12.0,
3903,2008,3,11.0,91.55
3904,1975,3,12.0,47.9
3905,2007,6,1.0,95.13
3906,2007,3,11.0,48.37
3907,2007,3,12.0,
3908,1997,6,1.0,181.42
3909,1997,6,11.0,15.27
3910,1997,3,12.0,
3911,2022,3,1.0,110.87
3912,1980,9,1.0,80.01
3913,2006,3,11.0,49.48
3914,1980,3,12.0,
3915,2001,3,1.0,147.06
3916,2006,3,10.0,86.43
3917,2001,3,12.0,
3918,2002,3,1.0,135.91
3919,2003,6,1.0,137.55
3920,2012,3,10.0,114.38
3921,2006,3,12.0,
3922,2007,6,1.0,152.84
3923,2007,3,11.0,91.09
3924,2007,3,12.0,
3925,2002,3,11.0,110.07
3926,2002,9,12.0,48.61
3927,2007,3,1.0,117.78
3928,2007,3,12.0,
3929,2003,3,1.0,170.0
3930,1980,3,1.0,94.36
3931,1980,3,10.0,
3932,1980,3,11.0,
3933,1980,3,12.0,
3934,1980,6,1.0,110.42
3935,1980,3,12.0,60.0
3936,1980,3,1.0,112.89
3937,2002,3,1.0,152.46
3938,2003,3,11.0,26.4
3939,2003,3,12.0,
3940,1980,3,1.0,40.92
3941,2005,6,1.0,135.9
3942,2005,3,11.0,30.41
3943,2005,3,12.0,
3944,1998,3,1.0,186.31
3945,2004,3,10.0,170.16
3946,1998,3,1.0,162.39
3947,2006,3,12.0,76.84
3948,2006,6,1.0,191.25
3949,2006,6,11.0,184.47
3950,1997,3,1.0,144.31
3951,1996,3,1.0,194.9
3952,2003,3,10.0,39.64
3953,2003,3,11.0,
3954,2003,3,12.0,
3955,1995,3,1.0,193.89
3956,1999,3,1.0,472.34
3957,2018,3,10.0,472.34
3958,1999,3,12.0,
3959,1996,3,1.0,12.05
3960,1994,3,1.0,108.55
3961,2001,3,1.0,115.17
3962,2001,3,11.0,
3963,2001,3,12.0,
3964,1996,6,1.0,113.4
3965,1996,6,11.0,104.53
3966,1996,3,12.0,
3967,1996,3,1.0,52.14
3968,1997,6,1.0,81.33
3969,1997,3,11.0,40.02
3970,1997,3,12.0,
3971,2001,3,1.0,122.85
3972,2007,6,1.0,68.73
3973,2007,3,11.0,68.73
3974,2017,9,1.0,121.5
3975,2017,6,11.0,121.5
3976,2017,3,12.0,
3977,1997,3,1.0,78.47
3978,2003,3,10.0,210.09
3979,1980,6,1.0,103.19
3980,1994,3,10.0,103.19
3981,1980,3,11.0,16.94
3982,1980,3,12.0,
3983,1980,3,1.0,193.97
3984,1980,3,12.0,88.2
3985,1979,6,12.0,70.04
3986,1997,3,1.0,148.79
3987,2004,6,1.0,88.2
3988,1998,6,1.0,132.98
3989,1998,3,10.0,99.04
3990,1998,3,11.0,31.0
3991,2006,6,1.0,138.74
3992,2007,3,12.0,102.34
3993,2002,6,1.0,148.18
3994,2002,3,10.0,116.64
3995,1970,3,12.0,26.45
3996,2015,6,5.0,2738.57
3997,2015,3,11.0,2650.66
3998,2015,3,12.0,
3999,1980,3,1.0,139.61
4000,2004,3,11.0,40.6
4001,2004,3,12.0,
4002,1980,6,1.0,86.85
4003,1980,3,12.0,
4004,2006,3,1.0,107.76
4005,2006,3,11.0,95.42
4006,2007,6,1.0,102.79
4007,2007,3,11.0,102.79
4008,2007,3,12.0,
4009,1997,3,1.0,120.97
4010,1980,3,1.0,89.2
4011,2004,3,10.0,19.88
4012,1975,3,1.0,3.98
4013,1975,3,12.0,
4014,1980,6,1.0,167.88
4015,1986,6,11.0,91.81
4016,1999,3,12.0,
4017,1980,3,1.0,140.46
4018,2009,9,1.0,141.84
4019,1999,3,10.0,14.97
4020,1999,3,11.0,
4021,1999,3,12.0,
4022,2005,6,1.0,128.27
4023,2005,3,11.0,106.12
4024,2005,3,12.0,63.41
4025,2001,3,1.0,134.92
4026,2001,3,11.0,
4027,2001,3,12.0,
4028,2009,6,1.0,135.54
4029,2009,3,11.0,83.47
4030,2009,3,12.0,39.12
4031,1999,3,1.0,94.03
4032,2003,3,1.0,135.21
4033,2001,3,1.0,111.12
4034,2009,3,10.0,
4035,2002,3,1.0,66.58
4036,2000,3,12.0,66.58
4037,2000,3,1.0,69.19
4038,2000,3,12.0,
4039,2002,3,1.0,134.99
4040,2000,3,1.0,77.11
4041,2000,6,11.0,5.21
4042,2000,3,12.0,
4043,2000,3,1.0,146.83
4044,2006,3,10.0,
4045,2000,3,1.0,153.43
4046,2004,3,10.0,
4047,2000,3,1.0,158.84
4048,2008,3,10.0,141.54
4049,2009,6,1.0,134.66
4050,2009,3,11.0,79.28
4051,2009,3,12.0,
4052,1980,3,1.0,130.35
4053,2023,3,10.0,
4054,2005,9,1.0,170.81
4055,2005,9,11.0,149.08
4056,2005,3,12.0,132.92
4057,2007,3,1.0,92.18
4058,2001,3,1.0,222.26
4059,2009,3,10.0,139.76
4060,2001,3,1.0,259.37
4061,2001,3,1.0,177.99
4062,2009,3,10.0,177.99
4063,1980,3,1.0,82.56
4064,1981,3,1.0,127.0
4065,2002,3,10.0,104.09
4066,2021,3,11.0,
4067,1981,3,12.0,
4068,1993,3,1.0,125.69
4069,2001,6,1.0,79.49
4070,2001,3,10.0,79.49
4071,2001,3,11.0,
4072,2001,3,12.0,
4073,2009,6,1.0,106.15
4074,2017,3,10.0,53.21
4075,2009,3,11.0,
4076,2003,3,1.0,124.47
4077,2010,3,10.0,108.99
4078,2003,3,1.0,135.88
4079,2006,3,10.0,
4080,2008,3,1.0,98.45
4081,2008,3,1.0,109.62
4082,2003,3,1.0,65.22
4083,1997,3,1.0,96.17
4084,2000,3,10.0,
4085,1997,3,12.0,
4086,2004,3,1.0,93.5
4087,1997,3,1.0,156.03
4088,2003,3,10.0,50.05
4089,2021,6,1.0,124.06
4090,2021,3,10.0,104.85
4091,2021,3,12.0,71.56
4092,1998,3,1.0,163.53
4093,2000,3,10.0,113.56
4094,1999,9,1.0,152.02
4095,1999,6,12.0,119.49
4096,2001,6,1.0,119.8
4097,2001,3,10.0,96.87
4098,2001,3,12.0,
4099,2002,3,1.0,148.37
4100,2003,3,1.0,77.42
4101,2001,9,1.0,141.92
4102,2003,3,10.0,112.75
4103,2001,9,1.0,139.92
4104,2006,3,10.0,108.9
4105,2001,3,1.0,151.67
4106,1979,3,5.0,215.68
4107,1990,3,1.0,147.49
4108,2004,3,10.0,129.83
4109,1979,3,1.0,66.04
4110,1979,3,12.0,
4111,2005,3,1.0,92.41
4112,2005,3,11.0,
4113,1979,3,1.0,94.97
4114,2000,3,10.0,
4115,1979,3,12.0,
4116,1979,3,1.0,98.29
4117,1996,3,10.0,98.29
4118,2004,6,1.0,101.81
4119,2008,3,10.0,73.23
4120,1996,3,11.0,
4121,2008,3,12.0,
4122,2001,3,1.0,128.77
4123,2005,3,10.0,81.18
4124,2008,3,1.0,40.09
4125,2012,3,10.0,40.09
4126,2002,3,1.0,164.72
4127,1993,3,1.0,59.15
4128,1975,3,11.0,
4129,2007,9,1.0,122.53
4130,2003,3,1.0,141.75
4131,2006,3,10.0,141.75
4132,2000,3,1.0,173.84
4133,1996,6,1.0,109.76
4134,1996,3,10.0,101.37
4135,1996,3,11.0,
4136,1996,3,12.0,
4137,1979,3,1.0,111.85
4138,2006,3,1.0,86.11
4139,2013,3,10.0,79.99
4140,2001,3,1.0,175.47
4141,2003,3,10.0,175.47
4142,1980,3,1.0,52.77
4143,1979,3,1.0,121.94
4144,1979,3,10.0,
4145,1979,6,12.0,
4146,1979,9,1.0,143.35
4147,1979,3,10.0,69.68
4148,1979,3,11.0,
4149,1999,3,1.0,117.22
4150,1980,3,1.0,157.23
4151,1980,3,1.0,117.34
4152,2007,3,10.0,
4153,2007,3,11.0,
4154,1989,3,1.0,73.93
4155,2008,3,10.0,65.7
4156,1980,3,11.0,
4157,1980,3,1.0,137.04
4158,1980,3,12.0,
4159,1980,3,1.0,126.71
4160,2008,3,10.0,21.99
4161,1979,3,1.0,56.85
4162,1979,3,10.0,
4163,1979,3,12.0,
4164,2007,9,1.0,82.6
4165,1979,3,1.0,79.59
4166,1979,6,12.0,
4167,1997,3,1.0,33.15
4168,1997,3,12.0,
4169,1980,3,1.0,128.02
4170,2004,3,10.0,88.59
4171,1980,3,1.0,131.91
4172,2003,3,10.0,93.31
4173,1980,3,1.0,48.18
4174,2009,3,10.0,
4175,1979,3,1.0,131.62
4176,1997,3,1.0,135.41
4177,1979,3,1.0,102.7
4178,1979,3,11.0,
4179,1979,3,12.0,
4180,1997,3,1.0,124.62
4181,2003,3,10.0,
4182,2001,3,1.0,131.83
4183,2009,3,10.0,
4184,2001,3,11.0,
4185,2001,6,12.0,
4186,1999,3,1.0,141.08
4187,1999,3,12.0,38.84
4188,2004,3,1.0,142.46
4189,2010,3,10.0,142.46
4190,2002,6,1.0,107.78
4191,2002,3,12.0,103.9
4192,2007,6,1.0,104.72
4193,2007,3,10.0,98.11
4194,2007,6,11.0,
4195,2007,3,12.0,
4196,1980,3,1.0,77.02
4197,1980,3,1.0,108.43
4198,2008,3,1.0,113.97
4199,2008,3,11.0,
4200,2008,3,12.0,
4201,2005,3,1.0,106.02
4202,2005,3,11.0,78.33
4203,2005,3,12.0,
4204,2008,6,1.0,107.87
4205,2008,3,11.0,20.33
4206,2008,3,12.0,
4207,2003,6,1.0,240.52
4208,2006,6,1.0,130.17
4209,2006,3,10.0,9.03
4210,2006,3,11.0,
4211,2006,3,12.0,
4212,2007,6,1.0,203.32
4213,1997,3,1.0,112.94
4214,2008,3,10.0,94.06
4215,1986,3,1.0,108.2
4216,2008,3,10.0,85.42
4217,1978,3,1.0,76.49
4218,1989,3,1.0,88.22
4219,2006,3,10.0,74.26
4220,2001,3,1.0,88.35
4221,2001,3,1.0,129.29
4222,2014,3,10.0,
4223,1994,3,1.0,137.49
4224,2008,3,10.0,90.54
4225,1995,3,1.0,145.28
4226,1994,3,1.0,109.69
4227,1998,3,1.0,106.68
4228,2004,6,1.0,98.81
4229,2008,3,10.0,
4230,1989,3,1.0,76.86
4231,1989,3,1.0,45.45
4232,2008,3,1.0,111.06
4233,2018,3,10.0,111.06
4234,2008,3,11.0,
4235,2008,3,12.0,
4236,1988,6,1.0,108.78
4237,2006,3,10.0,108.78
4238,2003,3,1.0,92.56
4239,2003,3,11.0,
4240,1960,3,1.0,132.15
4241,1960,6,12.0,75.33
4242,1979,3,1.0,111.91
4243,1979,12,1.0,122.66
4244,1979,3,10.0,88.77
4245,1979,3,12.0,71.39
4246,1997,3,1.0,137.66
4247,1997,3,11.0,68.09
4248,1997,3,12.0,
4249,1997,6,1.0,106.81
4250,1997,3,12.0,68.81
4251,1980,3,1.0,124.8
4252,2008,3,10.0,
4253,2008,3,12.0,
4254,1999,6,1.0,289.3
4255,1999,3,10.0,91.34
4256,1999,3,11.0,
4257,1999,3,12.0,
4258,1995,3,1.0,154.55
4259,1995,3,10.0,
4260,1995,3,11.0,
4261,1995,6,12.0,
4262,1968,6,1.0,98.74
4263,1968,3,12.0,86.93
4264,1961,6,1.0,171.04
4265,2009,12,1.0,92.12
4266,1995,3,1.0,71.21
4267,1955,3,1.0,73.21
4268,1955,3,1.0,92.26
4269,1987,3,1.0,128.9
4270,1955,3,1.0,104.0
4271,1970,3,5.0,216.84
4272,1970,3,1.0,194.43
4273,1970,3,12.0,190.87
4274,1970,3,1.0,112.32
4275,1967,3,1.0,108.45
4276,1970,3,1.0,57.04
4277,1965,3,1.0,86.57
4278,1961,3,1.0,90.77
4279,1965,3,1.0,103.81
4280,1970,3,1.0,94.52
4281,2000,12,1.0,77.82
4282,1966,3,11.0,65.42
4283,1966,6,12.0,65.42
4284,1980,3,1.0,121.41
4285,1955,3,1.0,127.54
4286,1997,3,1.0,209.56
4287,1990,6,1.0,116.59
4288,1990,6,12.0,73.24
4289,1960,3,1.0,120.01
4290,1960,3,12.0,95.34
4291,1968,3,1.0,67.44
4292,1983,6,1.0,160.38
4293,1983,3,12.0,151.39
4294,1965,3,1.0,121.37
4295,1965,3,1.0,109.25
4296,1965,3,1.0,117.2
4297,1965,9,1.0,101.02
4298,1965,6,12.0,93.29
4299,1975,3,1.0,60.16
4300,1965,3,1.0,81.59
4301,1969,3,1.0,83.95
4302,1974,9,1.0,117.61
4303,1969,9,11.0,106.95
4304,1965,3,12.0,58.04
4305,1960,3,1.0,95.2
4306,1962,3,1.0,183.62
4307,1997,3,3.0,264.84
4308,2005,9,1.0,101.69
4309,2000,3,1.0,130.81
4310,1998,3,1.0,143.38
4311,1990,3,5.0,339.51
4312,1995,6,1.0,178.78
4313,1995,3,12.0,178.78
4314,2007,9,1.0,143.87
4315,2007,3,12.0,130.4
4316,1993,3,1.0,170.0
4317,1993,3,12.0,115.62
4318,1994,3,1.0,154.88
4319,1994,3,12.0,108.38
4320,2004,6,1.0,253.69
4321,1998,9,1.0,165.51
4322,2000,3,5.0,392.29
4323,2000,6,1.0,392.29
4324,1965,3,5.0,220.39
4325,1970,3,1.0,150.44
4326,1965,6,12.0,
4327,1966,3,1.0,138.59
4328,1957,3,1.0,96.01
4329,1982,3,12.0,78.47
4330,1979,3,1.0,100.38
4331,1965,3,1.0,105.59
4332,1964,3,1.0,114.91
4333,1973,3,12.0,96.9
4334,1963,3,1.0,112.99
4335,1955,3,1.0,112.59
4336,2001,3,1.0,110.72
4337,1953,3,1.0,108.07
4338,1964,9,1.0,118.83
4339,1963,3,12.0,95.14
4340,1962,3,1.0,119.35
4341,1962,6,12.0,
4342,1973,3,1.0,124.54
4343,1973,3,12.0,115.97
4344,1962,6,1.0,79.47
4345,1962,3,12.0,79.47
4346,2005,6,1.0,276.06
4347,2001,3,5.0,803.11
4348,2001,12,1.0,781.14
4349,2002,3,1.0,108.72
4350,1997,3,12.0,20.3
4351,1980,3,10.0,92.29
4352,1980,3,11.0,
4353,1980,3,12.0,
4354,1995,3,8.0,205.72
4355,2019,3,1.0,83.43
4356,2007,3,1.0,135.69
4357,2005,6,1.0,121.78
4358,2005,3,11.0,110.13
4359,2007,6,1.0,106.49
4360,2007,3,12.0,73.02
4361,2000,3,1.0,165.73
4362,2009,3,10.0,92.09
4363,2001,3,1.0,137.07
4364,2001,3,10.0,
4365,2001,3,11.0,
4366,2001,3,12.0,
4367,1998,6,1.0,95.06
4368,1998,3,11.0,95.06
4369,1998,3,12.0,
4370,1999,9,1.0,261.02
4371,1999,3,10.0,65.84
4372,1999,6,11.0,45.83
4373,2002,3,5.0,226.32
4374,1980,3,1.0,165.36
4375,1980,3,1.0,72.9
4376,2000,3,10.0,
4377,2000,3,12.0,
4378,1996,3,1.0,93.3
4379,2016,3,10.0,
4380,1999,6,1.0,125.01
4381,1999,3,11.0,47.95
4382,1999,3,12.0,
4383,2009,6,1.0,121.42
4384,2009,3,12.0,78.5
4385,2002,3,1.0,85.51
4386,1984,3,1.0,73.72
4387,2007,3,1.0,144.14
4388,2004,3,1.0,98.2
4389,1998,6,1.0,175.57
4390,1998,3,11.0,106.25
4391,1998,3,12.0,
4392,1996,3,1.0,125.31
4393,1996,3,11.0,125.31
4394,1996,3,10.0,5.3
4395,1987,3,1.0,309.96
4396,2004,3,10.0,161.98
4397,1999,3,1.0,116.46
4398,2003,3,1.0,112.89
4399,1980,9,1.0,133.16
4400,1992,3,10.0,118.52
4401,1980,9,12.0,
4402,1999,3,1.0,97.31
4403,2003,3,1.0,124.08
4404,1980,3,1.0,130.73
4405,2005,3,1.0,100.4
4406,2005,3,12.0,44.79
4407,1980,3,1.0,77.27
4408,1980,3,12.0,77.27
4409,2008,3,1.0,93.34
4410,2008,3,11.0,77.03
4411,1980,3,1.0,83.29
4412,2002,3,1.0,111.09
4413,1992,3,1.0,128.9
4414,1996,3,10.0,87.64
4415,2010,9,1.0,111.99
4416,2010,3,12.0,111.99
4417,1997,3,1.0,326.03
4418,1999,3,1.0,157.05
4419,2004,6,1.0,66.64
4420,2004,6,11.0,47.86
4421,1980,3,1.0,84.73
4422,1980,3,1.0,15.32
4423,1980,3,10.0,
4424,1980,3,11.0,
4425,1980,3,1.0,105.25
4426,2000,3,1.0,81.87
4427,2019,3,10.0,48.54
4428,2006,6,1.0,94.74
4429,2006,3,11.0,82.17
4430,2006,6,12.0,
4431,2009,6,1.0,89.48
4432,2009,3,11.0,76.6
4433,2007,6,1.0,82.96
4434,2007,3,12.0,82.96
4435,2007,6,1.0,83.02
4436,2007,3,12.0,83.02
4437,1997,3,12.0,30.77
4438,2006,3,1.0,140.38
4439,2005,3,11.0,76.06
4440,2009,6,1.0,129.72
4441,2009,3,12.0,129.72
4442,2013,3,1.0,101.42
4443,2013,3,11.0,
4444,2013,3,12.0,
4445,1990,3,1.0,176.16
4446,2009,3,10.0,
4447,1990,3,12.0,
4448,2002,6,1.0,126.35
4449,2002,3,12.0,118.75
4450,2009,6,1.0,121.15
4451,2019,3,10.0,63.99
4452,2009,3,12.0,
4453,2005,6,1.0,165.7
4454,2003,3,9.0,137.06
4455,2003,3,11.0,
4456,2003,3,12.0,
4457,1980,3,1.0,154.35
4458,2000,3,10.0,109.22
4459,1998,3,1.0,166.19
4460,1979,3,1.0,99.12
4461,1979,3,12.0,
4462,1981,3,12.0,20.56
4463,1979,3,1.0,236.48
4464,2002,3,10.0,236.48
4465,1999,3,1.0,107.37
4466,1999,3,10.0,53.03
4467,1979,6,1.0,123.62
4468,1997,3,10.0,58.4
4469,1996,3,1.0,119.1
4470,2006,3,10.0,119.1
4471,1996,6,1.0,101.86
4472,1996,3,10.0,101.86
4473,1996,3,1.0,75.96
4474,2000,3,10.0,
4475,1999,3,1.0,136.11
4476,1999,3,11.0,
4477,1978,6,1.0,88.94
4478,1978,3,11.0,
4479,1978,3,12.0,
4480,1997,3,1.0,201.48
4481,2008,3,10.0,85.24
4482,1978,3,1.0,99.2
4483,2009,3,12.0,
4484,2011,6,1.0,107.69
4485,2011,3,11.0,44.55
4486,2011,3,12.0,
4487,1999,3,1.0,127.9
4488,1999,6,11.0,2.14
4489,1999,3,12.0,
4490,1978,6,1.0,116.02
4491,1978,3,10.0,65.64
4492,1978,3,11.0,
4493,1978,3,12.0,
4494,1973,3,1.0,97.5
4495,2000,3,1.0,137.96
4496,2004,3,10.0,98.87
4497,2000,3,12.0,
4498,2006,6,1.0,103.95
4499,1998,3,10.0,93.44
4500,2006,3,11.0,
4501,2006,3,12.0,
4502,1980,3,1.0,53.48
4503,1998,6,1.0,115.41
4504,1998,3,10.0,24.46
4505,1998,3,11.0,
4506,1998,3,12.0,
4507,2001,6,1.0,133.67
4508,2001,3,11.0,81.57
4509,1992,6,1.0,97.0
4510,1992,3,12.0,38.0
4511,1979,9,1.0,130.0
4512,1979,3,12.0,130.0
4513,2006,6,4.0,1934.07
4514,2006,3,10.0,658.86
4515,2006,3,9.0,26.41
4516,1950,3,12.0,101.23
4517,1960,3,1.0,143.75
4518,1960,3,5.0,227.44
4519,1960,3,1.0,188.56
4520,1975,9,1.0,237.12
4521,1960,3,12.0,189.84
4522,1960,3,12.0,105.34
4523,1964,6,1.0,127.25
4524,1964,6,11.0,100.4
4525,1964,6,12.0,53.02
4526,1954,3,1.0,91.1
4527,1965,3,1.0,142.92
4528,1950,3,1.0,83.92
4529,1973,3,1.0,145.39
4530,1951,6,1.0,127.92
4531,2009,9,1.0,138.28
4532,1983,3,1.0,120.09
4533,1983,3,12.0,103.45
4534,1977,6,1.0,157.22
4535,2006,6,1.0,360.36
4536,2006,3,12.0,5.98
4537,1999,6,1.0,968.07
4538,1999,6,12.0,918.12
4539,1961,3,1.0,79.43
4540,1979,6,1.0,96.76
4541,1966,3,12.0,82.73
4542,1979,6,1.0,107.34
4543,1964,6,1.0,89.49
4544,1983,3,1.0,138.06
4545,2023,6,1.0,78.49
4546,1962,3,12.0,62.05
4547,1973,3,1.0,110.0
4548,1965,3,1.0,84.62
4549,1972,6,1.0,141.11
4550,1970,9,1.0,118.46
4551,1968,6,11.0,96.94
4552,1969,15,12.0,96.94
4553,2005,6,1.0,77.8
4554,1976,3,1.0,67.81
4555,1970,3,12.0,67.81
4556,1966,3,1.0,135.58
4557,1996,3,1.0,107.11
4558,1968,3,1.0,91.93
4559,1963,3,1.0,87.64
4560,2011,12,8.0,154.97
4561,2011,3,12.0,154.97
4562,1999,3,5.0,2814.61
4563,1999,6,1.0,2412.52
4564,1999,3,12.0,1954.87
4565,1961,6,1.0,133.95
4566,1962,3,1.0,78.88
4567,1953,3,1.0,81.22
4568,1953,3,1.0,103.72
4569,1966,3,1.0,107.03
4570,1993,9,1.0,64.76
4571,2009,3,12.0,59.94
4572,1950,3,1.0,91.37
4573,1971,3,1.0,95.56
4574,1999,6,1.0,137.97
4575,2003,6,1.0,167.34
4576,1980,3,1.0,82.81
4577,1980,3,12.0,
4578,1998,3,1.0,137.6
4579,2002,3,1.0,151.22
4580,2002,3,11.0,83.93
4581,2002,3,12.0,
4582,1998,3,1.0,117.9
4583,1980,3,1.0,94.8
4584,2000,3,1.0,100.73
4585,1999,3,1.0,128.84
4586,1999,3,10.0,
4587,1999,3,12.0,
4588,1980,6,1.0,81.49
4589,1999,3,1.0,117.73
4590,2000,3,10.0,
4591,1999,3,12.0,
4592,2000,3,1.0,103.0
4593,1981,3,1.0,135.14
4594,2005,3,1.0,175.81
4595,2005,3,11.0,92.09
4596,1990,6,1.0,101.51
4597,1990,3,10.0,70.19
4598,1990,3,11.0,
4599,1990,3,12.0,
4600,1988,3,12.0,51.19
4601,1997,3,12.0,398.2
4602,2003,6,1.0,131.01
4603,2003,3,11.0,99.18
4604,2003,3,12.0,
4605,1990,3,5.0,446.49
4606,1990,3,1.0,223.64
4607,1990,6,11.0,
4608,1991,3,12.0,
4609,1988,3,1.0,64.8
4610,2002,3,10.0,
4611,1988,3,1.0,103.19
4612,2004,3,10.0,
4613,1992,3,5.0,216.21
4614,1992,6,1.0,216.21
4615,1992,3,11.0,54.57
4616,1975,3,12.0,87.63
4617,1982,3,1.0,61.64
4618,1982,3,12.0,
4619,2011,6,1.0,90.98
4620,2011,3,10.0,87.41
4621,1980,3,10.0,10.24
4622,1980,3,1.0,180.4
4623,1990,6,1.0,170.08
4624,1990,3,11.0,91.5
4625,1990,3,12.0,
4626,1990,3,1.0,93.76
4627,1990,3,11.0,
4628,1990,6,12.0,
4629,1999,3,1.0,110.0
4630,1997,3,1.0,80.13
4631,1997,3,11.0,12.91
4632,1997,3,12.0,
4633,1982,3,1.0,256.19
4634,2000,3,10.0,69.76
4635,2000,3,12.0,
4636,1994,3,10.0,79.93
4637,1980,3,12.0,26.69
4638,1997,3,1.0,117.19
4639,1992,3,1.0,68.48
4640,1997,6,1.0,89.74
4641,1997,3,10.0,89.74
4642,1997,3,11.0,
4643,1999,3,1.0,107.49
4644,2010,3,10.0,118.33
4645,1998,3,12.0,90.38
4646,1990,3,1.0,136.64
4647,1990,3,12.0,
4648,2004,3,1.0,156.33
4649,2007,3,10.0,124.79
4650,2008,3,1.0,155.59
4651,2008,6,11.0,81.17
4652,2008,6,12.0,
4653,2003,9,1.0,141.54
4654,1998,3,12.0,117.56
4655,2006,3,1.0,132.47
4656,1987,3,1.0,83.02
4657,1987,3,12.0,
4658,2006,6,1.0,81.98
4659,2006,3,11.0,73.21
4660,2006,3,12.0,14.07
4661,1985,6,1.0,80.13
4662,2007,3,10.0,80.13
4663,1985,3,12.0,69.78
4664,1982,9,1.0,153.12
4665,1982,3,10.0,117.25
4666,1982,3,12.0,111.87
4667,2023,6,1.0,92.83
4668,2000,6,1.0,133.8
4669,2000,3,11.0,31.6
4670,2000,6,12.0,
4671,2008,3,11.0,135.1
4672,2021,6,1.0,99.43
4673,2021,3,10.0,
4674,2021,3,11.0,
4675,2021,3,12.0,
4676,1980,3,1.0,86.59
4677,2017,3,1.0,107.99
4678,2017,3,11.0,
4679,2017,3,12.0,
4680,1984,6,1.0,105.2
4681,2004,3,10.0,105.2
4682,1984,3,12.0,30.31
4683,1982,3,1.0,112.21
4684,1982,3,11.0,
4685,1982,3,12.0,
4686,1999,3,1.0,141.55
4687,2005,3,1.0,134.17
4688,2000,3,1.0,128.66
4689,2000,3,10.0,
4690,2000,3,11.0,
4691,2000,3,12.0,
4692,1998,3,5.0,445.36
4693,2004,3,1.0,178.39
4694,2009,3,10.0,
4695,2004,3,12.0,
4696,2016,6,1.0,144.47
4697,1980,3,11.0,56.52
4698,1980,3,12.0,
4699,2004,6,1.0,107.07
4700,2004,3,10.0,48.74
4701,2004,3,11.0,44.49
4702,2004,3,12.0,
4703,2006,6,1.0,144.98
4704,2006,3,11.0,86.29
4705,2006,3,12.0,72.52
4706,1986,6,1.0,138.85
4707,1986,3,10.0,84.14
4708,1986,3,12.0,
4709,1979,3,1.0,121.25
4710,1979,3,12.0,
4711,1975,3,1.0,91.57
4712,1975,3,1.0,147.1
4713,2000,3,10.0,83.94
4714,1993,3,1.0,97.19
4715,1975,3,1.0,157.66
4716,1976,3,1.0,83.96
4717,1978,3,12.0,52.49
4718,1975,3,1.0,187.36
4719,2004,3,10.0,136.41
4720,2004,3,12.0,89.81
4721,2004,3,1.0,167.34
4722,1993,3,5.0,4718.2
4723,1993,12,1.0,4256.76
4724,2003,3,10.0,141.75
4725,1998,3,12.0,106.76
4726,1980,3,1.0,34.82
4727,1980,3,1.0,57.01
4728,1979,3,1.0,115.5
4729,2019,3,10.0,24.39
4730,1979,6,1.0,189.91
4731,1979,3,11.0,101.39
4732,1979,9,12.0,58.31
4733,2005,3,1.0,57.81
4734,2007,3,1.0,101.4
4735,1997,3,1.0,213.95
4736,1997,3,11.0,45.33
4737,1997,3,12.0,
4738,1988,3,1.0,112.89
4739,1980,3,1.0,117.7
4740,1980,3,10.0,
4741,1980,3,11.0,
4742,1980,3,12.0,
4743,1997,3,1.0,106.59
4744,1999,3,1.0,112.49
4745,1999,3,1.0,113.07
4746,1999,6,12.0,46.27
4747,1993,3,1.0,95.61
4748,1993,3,1.0,109.63
4749,2004,3,10.0,99.78
4750,1979,3,1.0,52.16
4751,1960,3,1.0,100.13
4752,1960,3,10.0,100.13
4753,2004,3,11.0,
4754,2004,3,12.0,
4755,1997,3,1.0,111.01
4756,1996,3,1.0,121.0
4757,1995,6,1.0,94.94
4758,1995,6,12.0,
4759,2007,3,1.0,129.9
4760,2007,3,11.0,52.82
4761,2007,3,12.0,
4762,2003,6,1.0,88.24
4763,2003,3,10.0,67.41
4764,2003,3,12.0,
4765,1990,3,1.0,42.09
4766,1993,3,1.0,102.49
4767,2007,3,11.0,
4768,2005,3,1.0,105.31
4769,1999,3,1.0,146.29
4770,2003,3,1.0,126.94
4771,2019,3,10.0,59.27
4772,2007,3,11.0,
4773,2004,3,1.0,78.82
4774,1998,3,1.0,127.91
4775,1979,3,1.0,162.72
4776,2004,3,12.0,
4777,1980,3,1.0,118.82
4778,1980,3,11.0,
4779,1980,3,12.0,
4780,2006,3,1.0,126.13
4781,2006,3,10.0,94.71
4782,1979,6,1.0,104.35
4783,1979,3,12.0,24.52
4784,1979,3,1.0,108.94
4785,1979,3,12.0,47.19
4786,1989,3,1.0,72.09
4787,2004,3,10.0,72.09
4788,2004,3,12.0,18.23
4789,1980,6,1.0,147.3
4790,1980,3,10.0,102.1
4791,1980,3,12.0,59.16
4792,1996,9,1.0,173.23
4793,1996,3,11.0,63.99
4794,1996,3,12.0,
4795,1999,3,10.0,331.39
4796,2002,3,1.0,124.19
4797,1992,3,9.0,245.27
4798,1970,3,1.0,98.74
4799,1971,3,1.0,91.49
4800,1993,3,12.0,101.58
4801,1957,3,1.0,97.26
4802,1955,3,1.0,155.29
4803,1960,9,1.0,117.14
4804,1960,3,12.0,108.89
4805,1970,3,1.0,92.21
4806,2002,6,1.0,338.46
4807,1960,3,1.0,17.15
4808,2001,6,1.0,583.15
4809,2005,3,5.0,125.26
4810,2005,3,1.0,95.4
4811,2005,6,12.0,
4812,2005,3,5.0,130.82
4813,2005,3,1.0,107.29
4814,2005,6,12.0,48.88
4815,1995,3,1.0,129.58
4816,2021,3,1.0,113.17
4817,1962,3,1.0,77.67
4818,1950,3,12.0,53.38
4819,1969,6,1.0,134.84
4820,1997,3,11.0,96.79
4821,1950,3,12.0,22.15
4822,1952,3,1.0,122.46
4823,2003,3,1.0,132.65
4824,2003,3,12.0,132.65
4825,1978,3,1.0,139.15
4826,1950,3,12.0,130.1
4827,1953,3,1.0,134.77
4828,1959,3,1.0,91.18
4829,1966,3,1.0,104.1
4830,1959,3,1.0,58.21
4831,1962,3,1.0,54.52
4832,1973,3,1.0,126.69
4833,1960,3,1.0,124.49
4834,1966,3,1.0,121.36
4835,2005,9,8.0,108.17
4836,1950,3,1.0,114.17
4837,1965,9,1.0,126.67
4838,1956,3,12.0,102.19
4839,2007,12,1.0,305.75
4840,2007,3,12.0,305.75
4841,1970,3,12.0,317.53
4842,1972,3,8.0,149.28
4843,1982,3,1.0,98.98
4844,1972,3,12.0,
4845,1960,3,1.0,75.78
4846,1961,3,1.0,93.98
4847,1978,3,1.0,117.34
4848,1957,3,1.0,106.26
4849,1999,6,1.0,1183.0
4850,1999,6,12.0,1041.87
4851,1950,3,1.0,56.62
4852,1959,3,1.0,74.48
4853,1958,3,1.0,78.83
4854,1951,9,1.0,107.83
4855,1951,3,12.0,107.83
4856,1994,3,5.0,2441.84
4857,1994,12,1.0,2396.82
4858,1994,12,12.0,2396.82
4859,1997,3,5.0,941.19
4860,1997,12,1.0,931.54
4861,1997,12,12.0,931.54
4862,1998,15,1.0,739.08
4863,1998,15,12.0,737.1
4864,1996,15,1.0,4115.1
4865,1993,9,1.0,1167.31
4866,1998,3,1.0,1246.28
4867,1996,3,5.0,3586.37
4868,1996,12,1.0,3586.37
4869,1996,12,1.0,2080.98
4870,1996,12,12.0,2067.81
4871,1994,6,1.0,2432.49
4872,1994,3,12.0,2345.76
4873,1997,3,1.0,2431.29
4874,1997,3,12.0,2335.13
4875,1998,3,1.0,55.43
4876,1998,3,1.0,55.71
4877,1998,3,1.0,55.77
4878,1998,3,1.0,55.77
4879,1999,3,1.0,54.21
4880,1999,3,1.0,55.55
4881,1999,3,1.0,55.52
4882,1999,3,1.0,61.63
4883,1999,3,1.0,57.46
4884,1999,3,1.0,51.78
4885,1999,3,1.0,52.92
4886,1996,3,1.0,691.79
4887,1998,9,1.0,361.19
4888,1998,6,1.0,321.2
4889,1996,3,5.0,4438.91
4890,1996,12,1.0,4343.54
4891,2008,3,4.0,713.06
4892,2004,3,11.0,
4893,2008,3,3.0,1187.08
4894,2008,15,1.0,598.24
4895,2008,3,11.0,598.24
4896,2008,3,12.0,598.24
4897,1999,12,1.0,533.21
4898,1999,3,11.0,533.21
4899,1999,3,12.0,481.22
4900,1996,3,1.0,1215.03
4901,1996,3,12.0,1215.03
4902,2002,3,1.0,629.08
4903,2002,3,12.0,629.08
4904,2001,3,1.0,101.48
4905,1980,3,12.0,101.48
4906,1980,3,1.0,164.36
4907,1980,3,12.0,148.24
4908,1983,3,3.0,166.16
4909,1996,6,1.0,118.84
4910,1983,6,1.0,166.6
4911,1983,3,12.0,102.21
4912,1970,3,1.0,161.03
4913,1970,3,12.0,122.93
4914,1970,3,1.0,168.57
4915,1970,3,12.0,138.06
4916,1991,3,1.0,157.47
4917,1970,3,1.0,166.9
4918,1970,3,12.0,144.02
4919,1989,6,1.0,234.3
4920,1970,9,1.0,206.08
4921,1960,3,1.0,124.63
4922,1960,3,12.0,116.18
4923,1978,3,1.0,121.31
4924,1978,3,12.0,106.74
4925,1960,3,1.0,105.25
4926,1960,9,1.0,126.61
4927,1960,6,12.0,116.37
4928,1950,3,1.0,111.36
4929,1940,3,1.0,108.4
4930,1940,3,12.0,17.11
4931,1950,3,1.0,70.46
4932,2005,6,1.0,169.53
4933,2005,6,1.0,523.89
4934,2005,3,12.0,490.69
4935,1987,3,3.0,356.46
4936,1980,3,1.0,390.37
4937,1980,9,12.0,182.67
4938,1987,6,1.0,131.94
4939,1987,3,12.0,112.68
4940,1994,6,1.0,145.47
4941,1970,9,1.0,46.76
4942,1940,6,1.0,74.02
4943,1970,3,1.0,68.15
4944,1970,3,12.0,68.15
4945,1985,3,1.0,42.34
4946,1978,3,12.0,42.34
4947,1960,3,1.0,83.07
4948,1970,3,1.0,51.65
4949,1966,3,1.0,46.85
4950,1950,3,1.0,72.9
4951,1987,3,3.0,77.75
4952,1950,3,1.0,60.39
4953,1950,3,1.0,71.62
4954,1950,3,12.0,
4955,1960,3,1.0,83.74
4956,1960,3,12.0,71.03
4957,1969,6,1.0,85.11
4958,1960,3,1.0,69.51
4959,1960,3,12.0,50.76
4960,1960,3,1.0,83.45
4961,1960,6,1.0,86.93
4962,1989,9,1.0,63.38
4963,1960,3,1.0,82.46
4964,1998,6,1.0,87.68
4965,1998,3,12.0,51.23
4966,1970,3,1.0,98.71
4967,1998,3,1.0,85.49
4968,1977,9,1.0,97.81
4969,1974,3,1.0,76.94
4970,1970,3,1.0,95.33
4971,1996,3,1.0,51.27
4972,1962,3,1.0,85.39
4973,1948,3,1.0,83.75
4974,1955,3,1.0,84.44
4975,1960,3,1.0,84.15
4976,1959,6,1.0,68.07
4977,1950,3,1.0,70.61
4978,1967,3,1.0,82.34
4979,1955,3,1.0,64.52
4980,1950,3,1.0,41.54
4981,1960,6,1.0,51.14
4982,1960,3,12.0,42.05
4983,1957,3,1.0,74.21
4984,1953,3,1.0,83.05
4985,2005,6,1.0,128.63
4986,1956,6,1.0,84.08
4987,1982,3,1.0,83.56
4988,1962,3,12.0,83.56
4989,1962,3,1.0,81.73
4990,1950,3,1.0,73.11
4991,1950,3,12.0,
4992,1955,3,1.0,80.12
4993,1955,3,12.0,30.23
4994,1958,3,1.0,85.79
4995,1958,3,12.0,25.78
4996,1970,6,1.0,248.05
4997,1979,6,1.0,145.15
4998,1982,3,5.0,333.89
4999,1982,6,1.0,263.43
5000,1982,6,12.0,104.92
5001,1979,3,1.0,189.24
5002,1950,3,1.0,133.13
5003,1950,3,1.0,65.08
5004,1975,3,1.0,77.68
5005,1950,3,1.0,108.15
5006,1956,3,1.0,107.34
5007,1958,6,1.0,108.03
5008,1965,3,1.0,99.33
5009,1964,6,1.0,60.0
5010,1964,3,11.0,
5011,1977,3,1.0,69.39
5012,1964,3,1.0,100.06
5013,1974,6,1.0,139.21
5014,1980,3,1.0,70.25
5015,2001,3,5.0,473.11
5016,2001,6,1.0,349.88
5017,1970,6,1.0,150.27
5018,1984,3,12.0,145.86
5019,1991,3,1.0,176.02
5020,1986,3,12.0,145.5
5021,1978,6,1.0,127.32
5022,1982,6,1.0,129.14
5023,1992,3,5.0,772.33
5024,1992,9,1.0,720.42
5025,1992,9,9.0,720.42
5026,1958,3,1.0,108.93
5027,1964,9,1.0,87.58
5028,1964,6,12.0,87.58
5029,1958,3,1.0,114.75
5030,1955,3,1.0,69.99
5031,1955,3,12.0,
5032,1962,3,1.0,140.89
5033,1959,3,1.0,87.84
5034,1959,3,12.0,
5035,1958,3,1.0,110.8
5036,1958,3,12.0,19.74
5037,1970,6,1.0,112.39
5038,1970,3,12.0,25.95
5039,1957,3,1.0,119.94
5040,1957,3,12.0,74.66
5041,1959,3,1.0,81.6
5042,1988,6,1.0,77.51
5043,1960,3,12.0,77.51
5044,1957,3,1.0,39.92
5045,1960,3,1.0,49.91
5046,1954,3,1.0,47.34
5047,1954,3,12.0,42.51
5048,1961,3,1.0,47.82
5049,1961,3,12.0,47.82
5050,1960,3,1.0,30.81
5051,1958,3,1.0,31.88
5052,1958,3,12.0,31.88
5053,1960,3,1.0,34.01
5054,1969,3,1.0,49.81
5055,1959,6,1.0,32.16
5056,1959,3,12.0,32.16
5057,2006,6,1.0,78.45
5058,2006,3,11.0,73.76
5059,2006,3,12.0,6.2
5060,1960,3,1.0,59.71
5061,1954,3,1.0,59.89
5062,1970,3,1.0,42.09
5063,1959,3,1.0,116.97
5064,1950,3,1.0,92.23
5065,1951,3,1.0,131.01
5066,1951,3,12.0,14.52
5067,1950,3,1.0,112.93
5068,1955,3,1.0,104.72
5069,1955,3,12.0,26.73
5070,1960,3,5.0,92.61
5071,1960,3,1.0,43.71
5072,1962,3,1.0,55.47
5073,1959,3,1.0,39.88
5074,1959,3,12.0,39.88
5075,1962,3,1.0,66.9
5076,1955,3,1.0,72.04
5077,1953,3,1.0,45.66
5078,1956,3,1.0,73.37
5079,1962,3,5.0,69.34
5080,1974,3,1.0,69.34
5081,1974,3,12.0,38.94
5082,1969,3,1.0,123.55
5083,1958,3,1.0,121.29
5084,1961,3,1.0,148.82
5085,1975,3,1.0,92.92
5086,1957,9,1.0,10.92
5087,1957,3,12.0,10.92
5088,1961,3,1.0,54.37
5089,1961,3,11.0,46.14
5090,1973,3,1.0,121.0
5091,1973,3,12.0,67.43
5092,1960,3,1.0,133.13
5093,1960,3,12.0,117.34
5094,1951,3,1.0,84.21
5095,1966,6,1.0,94.36
5096,1966,9,12.0,85.47
5097,1963,3,1.0,98.02
5098,2010,12,1.0,31.74
5099,1964,9,1.0,6.32
5100,1999,3,5.0,193.78
5101,1999,6,1.0,183.12
5102,1999,3,11.0,173.9
5103,1999,6,12.0,62.74
5104,1958,6,1.0,122.61
5105,1960,3,1.0,51.77
5106,1930,3,1.0,35.39
5107,1960,3,1.0,52.67
5108,1960,3,1.0,71.85
5109,1960,6,12.0,33.51
5110,1960,3,1.0,114.7
5111,1975,3,1.0,145.61
5112,1975,6,12.0,113.4
5113,1987,3,10.0,1821.01
5114,1999,3,1.0,114.39
5115,1950,3,1.0,26.12
5116,1970,6,1.0,64.0
5117,1970,3,12.0,64.0
5118,1951,6,1.0,44.11
5119,1956,3,1.0,23.97
5120,1956,3,12.0,23.97
5121,1960,3,1.0,44.21
5122,1960,3,12.0,44.21
5123,1960,3,5.0,129.42
5124,1960,6,1.0,40.59
5125,1960,3,9.0,40.59
5126,1958,3,1.0,122.21
5127,1958,3,12.0,117.64
5128,1958,3,1.0,73.8
5129,1957,3,1.0,81.08
5130,1957,3,12.0,33.77
5131,1956,3,1.0,36.78
5132,1956,3,12.0,36.78
5133,1955,3,1.0,49.61
5134,2004,3,1.0,61.76
5135,1960,3,1.0,159.24
5136,1960,3,12.0,3.19
5137,1952,3,1.0,161.21
5138,1959,3,1.0,119.39
5139,1950,3,1.0,107.45
5140,1950,3,12.0,18.26
5141,1951,3,1.0,64.53
5142,1959,3,1.0,53.5
5143,1961,3,1.0,53.51
5144,1962,3,1.0,66.27
5145,1962,3,12.0,7.57
5146,1995,3,1.0,54.6
5147,1952,3,1.0,54.37
5148,1952,3,12.0,6.59
5149,1984,3,10.0,198.14
5150,1960,3,1.0,58.84
5151,1958,12,1.0,32.12
5152,1970,6,1.0,166.72
5153,1964,3,4.0,4737.46
5154,1930,3,10.0,3642.4
5155,1980,3,12.0,18.81
5156,1970,9,1.0,170.38
5157,1970,9,1.0,173.28
5158,1970,9,1.0,174.23
5159,1970,9,1.0,174.03
5160,1970,9,1.0,178.62
5161,1970,3,12.0,168.36
5162,1998,15,1.0,4165.8
5163,1998,15,12.0,4000.8
5164,1968,3,5.0,51.48
5165,1968,3,1.0,51.48
5166,1958,3,5.0,115.87
5167,1958,3,1.0,70.28
5168,1958,3,12.0,70.28
5169,1970,6,1.0,118.25
5170,1970,6,12.0,93.49
5171,1958,3,1.0,101.3
5172,1970,12,1.0,108.17
5173,1958,3,1.0,213.68
5174,1970,3,12.0,356.97
5175,1958,6,1.0,101.33
5176,1963,6,1.0,194.9
5177,1963,3,1.0,87.31
5178,1968,3,1.0,104.2
5179,1968,3,12.0,98.68
5180,1963,3,1.0,121.49
5181,1963,3,12.0,
5182,1963,3,1.0,108.68
5183,1963,3,12.0,91.01
5184,2001,6,1.0,108.51
5185,1958,3,1.0,118.88
5186,1958,9,1.0,115.91
5187,1958,3,12.0,110.42
5188,1958,3,1.0,78.51
5189,2002,6,1.0,249.03
5190,1972,3,12.0,154.61
5191,1970,6,3.0,124.11
5192,1963,3,1.0,322.6
5193,1963,3,12.0,278.51
5194,1958,3,1.0,125.84
5195,1958,3,1.0,116.84
5196,1958,3,12.0,
5197,1960,6,1.0,89.77
5198,1958,6,1.0,105.96
5199,1958,3,1.0,77.78
5200,1997,3,1.0,93.37
5201,1995,3,1.0,114.74
5202,1998,3,1.0,102.19
5203,1996,9,1.0,331.77
5204,1960,3,1.0,96.53
5205,1972,3,12.0,147.06
5206,1998,6,1.0,397.42
5207,1998,6,1.0,309.02
5208,1999,6,1.0,305.28
5209,1957,3,5.0,158.12
5210,1957,9,1.0,152.24
5211,1957,3,11.0,13.1
5212,1957,3,12.0,
5213,1956,3,1.0,118.68
5214,1958,6,1.0,113.2
5215,1958,3,1.0,95.24
5216,1958,3,12.0,39.96
5217,1950,3,1.0,90.53
5218,1950,3,12.0,
5219,1950,3,1.0,83.93
5220,1950,3,12.0,
5221,1958,6,1.0,77.29
5222,1958,6,12.0,54.71
5223,1958,3,1.0,62.72
5224,1962,3,1.0,108.15
5225,1962,3,12.0,95.09
5226,1970,3,1.0,167.35
5227,1968,3,1.0,103.3
5228,1968,3,12.0,103.3
5229,1980,3,1.0,156.07
5230,1970,3,12.0,87.06
5231,1968,6,1.0,126.39
5232,1968,3,1.0,96.7
5233,1963,3,1.0,141.44
5234,1950,3,1.0,148.08
5235,1972,9,1.0,104.17
5236,1960,9,1.0,85.53
5237,1960,3,11.0,78.72
5238,1960,3,12.0,13.3
5239,1975,3,1.0,109.59
5240,1968,9,1.0,128.85
5241,1968,6,12.0,120.21
5242,1968,6,1.0,104.9
5243,1968,15,1.0,94.98
5244,1963,9,1.0,139.04
5245,1963,3,12.0,122.31
5246,1960,9,1.0,155.53
5247,1970,15,1.0,171.84
5248,1968,3,1.0,120.28
5249,1982,12,1.0,152.83
5250,1982,3,12.0,102.0
5251,1968,3,1.0,158.16
5252,1950,6,1.0,154.16
5253,1950,3,12.0,147.04
5254,1970,3,1.0,119.46
5255,1968,9,1.0,64.8
5256,1958,3,1.0,140.41
5257,1958,3,12.0,45.54
5258,1960,3,1.0,128.99
5259,1960,3,12.0,108.23
5260,1979,12,1.0,147.81
5261,1980,6,1.0,162.79
5262,1980,3,12.0,100.81
5263,1965,3,1.0,119.62
5264,1979,3,1.0,125.21
5265,1979,3,12.0,125.21
5266,1940,3,1.0,51.73
5267,1940,3,12.0,40.83
5268,1962,3,1.0,82.22
5269,1962,3,12.0,82.22
5270,1965,3,1.0,147.03
5271,1978,6,1.0,92.18
5272,1968,3,1.0,92.78
5273,1957,9,1.0,92.75
5274,1947,6,1.0,95.23
5275,1940,3,1.0,82.78
5276,1963,3,3.0,22.63
5277,1963,3,1.0,61.15
5278,1950,3,1.0,38.8
5279,1960,3,1.0,89.72
5280,1962,3,1.0,46.15
5281,1962,3,12.0,46.15
5282,1959,3,1.0,37.74
5283,1959,3,12.0,37.74
5284,1960,3,1.0,134.72
5285,1960,3,12.0,134.72
5286,1963,3,1.0,136.68
5287,1963,3,12.0,51.01
5288,1957,3,1.0,104.25
5289,1960,3,1.0,330.18
5290,1968,9,1.0,158.68
5291,1968,6,1.0,111.2
5292,1960,3,1.0,157.33
5293,1959,3,5.0,128.91
5294,1959,3,1.0,83.36
5295,1962,6,1.0,134.09
5296,1957,3,1.0,56.58
5297,1959,3,1.0,111.21
5298,1959,3,12.0,8.29
5299,1958,3,1.0,90.62
5300,1955,3,1.0,126.6
5301,1955,3,12.0,18.81
5302,1959,3,1.0,100.66
5303,1958,3,1.0,102.32
5304,1995,9,1.0,119.23
5305,1995,3,12.0,78.95
5306,1959,3,1.0,102.97
5307,1971,9,1.0,255.49
5308,1959,3,1.0,125.32
5309,1959,3,12.0,80.81
5310,1960,3,1.0,97.75
5311,1958,3,1.0,95.22
5312,1969,3,1.0,125.71
5313,1959,3,1.0,123.67
5314,1962,3,1.0,185.8
5315,1965,3,5.0,349.94
5316,1965,6,12.0,
5317,1962,6,1.0,81.89
5318,1960,12,1.0,152.45
5319,1961,6,1.0,177.48
5320,1959,9,1.0,122.15
5321,1959,3,11.0,114.57
5322,1959,3,1.0,128.27
5323,1960,3,1.0,111.97
5324,1960,3,12.0,
5325,1951,6,1.0,94.71
5326,1952,3,1.0,147.72
5327,1952,3,12.0,130.56
5328,1953,3,1.0,90.95
5329,1971,6,1.0,101.79
5330,1988,3,12.0,100.26
5331,1958,3,1.0,73.17
5332,1958,3,12.0,
5333,1959,3,1.0,69.88
5334,1959,3,12.0,
5335,1958,3,1.0,92.31
5336,1958,3,12.0,
5337,1952,3,1.0,21.75
5338,1952,3,12.0,21.75
5339,1959,3,1.0,18.22
5340,1959,3,12.0,18.22
5341,1960,3,1.0,52.49
5342,1959,3,1.0,56.96
5343,1966,6,1.0,56.8
5344,1966,3,12.0,56.8
5345,1950,3,1.0,74.22
5346,1987,6,1.0,94.23
5347,1969,6,1.0,104.41
5348,1960,6,1.0,99.72
5349,1960,9,12.0,99.72
5350,1957,6,1.0,102.9
5351,1957,6,12.0,91.84
5352,1950,3,1.0,175.97
5353,1952,3,12.0,90.8
5354,1950,3,1.0,94.08
5355,1950,3,12.0,80.47
5356,1950,3,1.0,90.11
5357,1950,3,12.0,16.32
5358,1996,6,1.0,72.47
5359,1950,3,11.0,53.95
5360,1950,3,12.0,28.89
5361,1964,3,1.0,88.07
5362,1964,3,12.0,84.89
5363,1953,9,1.0,69.2
5364,1953,3,12.0,69.2
5365,1950,3,1.0,59.37
5366,1950,3,12.0,53.3
5367,1960,3,1.0,79.23
5368,1960,9,12.0,73.42
5369,1959,3,1.0,60.29
5370,1950,3,1.0,35.46
5371,1950,3,12.0,22.69
5372,1981,3,1.0,54.84
5373,1957,3,1.0,71.09
5374,1957,3,11.0,50.76
5375,1957,3,12.0,
5376,1965,3,1.0,96.14
5377,1965,3,1.0,76.31
5378,1965,3,1.0,86.05
5379,1959,3,1.0,68.65
5380,1940,3,1.0,150.79
5381,1940,6,12.0,148.54
5382,1965,3,1.0,63.85
5383,1960,3,1.0,70.88
5384,1960,3,1.0,133.26
5385,1960,3,12.0,
5386,1964,3,1.0,49.07
5387,1955,3,1.0,38.99
5388,1955,3,12.0,31.55
5389,1959,3,5.0,101.97
5390,1959,3,1.0,75.96
5391,1959,3,12.0,4.53
5392,1980,3,5.0,220.62
5393,1980,3,1.0,220.62
5394,1980,3,12.0,220.62
5395,1975,3,1.0,48.29
5396,1960,3,1.0,84.52
5397,1960,3,12.0,76.59
5398,1970,9,1.0,79.73
5399,1959,9,1.0,80.69
5400,1956,3,1.0,72.64
5401,1956,3,12.0,52.78
5402,1957,6,1.0,85.56
5403,1956,3,1.0,75.72
5404,1979,3,5.0,101.4
5405,1979,3,1.0,92.2
5406,1979,3,12.0,70.74
5407,1978,6,1.0,120.69
5408,1978,6,12.0,120.69
5409,1957,3,1.0,115.11
5410,1957,3,12.0,10.46
5411,1972,3,5.0,195.85
5412,1972,3,1.0,195.85
5413,1972,3,12.0,160.25
5414,1956,3,1.0,58.77
5415,1956,3,12.0,18.05
5416,1964,3,1.0,69.4
5417,1964,3,12.0,65.23
5418,1963,3,1.0,44.25
5419,1968,3,1.0,66.49
5420,1968,3,12.0,48.6
5421,1964,6,1.0,90.83
5422,1964,6,1.0,64.39
5423,1964,3,1.0,81.06
5424,1964,3,12.0,81.06
5425,1967,3,1.0,63.61
5426,1977,3,1.0,51.2
5427,1958,9,1.0,71.11
5428,1964,3,12.0,71.11
5429,1959,3,1.0,177.8
5430,1959,6,12.0,133.77
5431,1958,3,1.0,60.12
5432,1962,3,5.0,282.32
5433,1962,3,1.0,203.25
5434,1961,3,1.0,57.59
5435,1961,3,12.0,38.54
5436,1958,3,1.0,72.03
5437,1958,3,12.0,72.03
5438,1955,3,5.0,140.88
5439,1960,3,1.0,101.79
5440,2005,3,1.0,53.69
5441,2005,3,12.0,53.69
5442,1950,3,1.0,71.41
5443,1950,3,12.0,11.69
5444,1973,3,1.0,78.9
5445,1964,3,1.0,80.56
5446,1965,3,5.0,54.94
5447,1983,3,1.0,54.94
5448,1983,3,12.0,23.36
5449,1980,6,1.0,60.27
5450,1960,3,1.0,105.2
5451,1957,6,1.0,96.71
5452,1957,6,12.0,96.71
5453,1968,3,1.0,59.3
5454,1968,3,12.0,59.3
5455,1948,3,1.0,57.06
5456,1948,6,12.0,57.06
5457,1955,6,1.0,44.56
5458,1950,3,1.0,62.99
5459,1950,3,12.0,37.82
5460,1953,3,1.0,82.1
5461,1955,3,1.0,61.28
5462,1955,3,12.0,43.31
5463,1972,3,5.0,84.43
5464,1972,3,1.0,73.33
5465,1972,3,12.0,35.29
5466,1982,3,1.0,101.67
5467,1982,3,12.0,85.24
5468,1952,3,1.0,89.3
5469,1960,3,1.0,108.23
5470,1953,3,1.0,90.43
5471,1953,3,1.0,101.63
5472,1953,3,12.0,7.95
5473,1965,6,1.0,171.24
5474,1965,3,11.0,79.45
5475,1965,6,12.0,5.99
5476,1986,3,1.0,96.12
5477,1960,3,1.0,63.7
5478,1960,3,12.0,5.11
5479,1962,3,1.0,47.34
5480,1959,3,1.0,72.48
5481,1959,3,12.0,64.22
5482,1961,3,1.0,39.36
5483,1962,3,1.0,45.33
5484,1945,6,1.0,46.89
5485,1945,3,12.0,30.46
5486,1958,3,1.0,53.62
5487,2005,3,1.0,136.03
5488,2005,3,12.0,130.75
5489,1949,9,1.0,124.78
5490,1990,9,1.0,128.75
5491,1967,3,1.0,117.38
5492,1967,3,12.0,117.38
5493,1975,9,1.0,129.21
5494,1979,9,1.0,421.3
5495,1996,3,1.0,132.58
5496,1962,3,12.0,125.69
5497,1952,3,1.0,77.31
5498,1952,3,12.0,77.31
5499,1959,3,1.0,89.29
5500,1960,3,1.0,106.81
5501,1960,3,12.0,49.77
5502,1961,3,1.0,120.37
5503,1963,3,1.0,157.14
5504,1959,3,1.0,133.54
5505,1962,6,1.0,146.96
5506,2002,6,12.0,123.13
5507,1961,3,1.0,130.06
5508,1960,3,1.0,103.25
5509,1958,6,1.0,120.51
5510,1945,6,1.0,95.92
5511,1945,6,12.0,76.57
5512,1959,3,5.0,93.14
5513,1966,3,1.0,84.29
5514,1959,3,12.0,84.29
5515,1949,3,5.0,85.31
5516,1949,3,1.0,72.39
5517,1949,3,12.0,13.54
5518,1978,3,1.0,88.43
5519,1969,3,1.0,61.85
5520,1983,3,1.0,89.78
5521,1983,3,12.0,89.78
5522,1962,3,1.0,83.47
5523,1962,3,1.0,94.1
5524,1959,3,1.0,82.68
5525,1979,3,1.0,116.12
5526,1957,3,1.0,55.0
5527,1961,3,1.0,101.4
5528,1963,3,1.0,93.05
5529,1959,3,1.0,92.47
5530,1959,3,12.0,17.11
5531,1958,3,1.0,100.64
5532,1958,3,12.0,100.64
5533,1955,3,1.0,46.94
5534,1955,3,12.0,22.86
5535,1999,12,1.0,1317.46
5536,1999,12,12.0,1231.77
5537,2004,3,1.0,223.67
5538,2004,3,12.0,172.21
5539,2005,6,1.0,134.58
5540,2006,9,1.0,141.15
5541,2006,3,2.0,156.43
5542,2003,6,1.0,117.33
5543,2004,3,12.0,117.33
5544,1998,6,1.0,1506.65
5545,1998,6,12.0,1499.67
5546,1962,3,1.0,192.99
5547,1986,3,1.0,85.67
5548,1986,6,12.0,60.34
5549,1982,3,1.0,62.18
5550,1982,3,12.0,
5551,1973,6,1.0,116.93
5552,1973,3,12.0,
5553,1970,3,1.0,89.32
5554,1970,3,12.0,8.27
5555,1976,6,1.0,174.62
5556,1976,3,12.0,85.07
5557,1979,3,1.0,227.18
5558,2002,3,10.0,154.72
5559,1975,3,1.0,87.57
5560,2003,9,1.0,140.33
5561,2003,3,11.0,132.83
5562,2008,6,1.0,79.31
5563,2000,3,1.0,116.47
5564,2000,3,11.0,
5565,2000,3,12.0,
5566,1970,3,1.0,86.36
5567,1970,3,11.0,67.62
5568,1970,3,12.0,
5569,2005,3,1.0,116.55
5570,2005,3,11.0,99.91
5571,2005,6,12.0,
5572,1970,3,1.0,42.77
5573,1980,3,12.0,
5574,1963,6,1.0,114.15
5575,1963,3,11.0,40.18
5576,1985,3,12.0,
5577,1975,3,1.0,73.86
5578,1975,3,12.0,
5579,1958,3,1.0,72.0
5580,2004,3,1.0,72.81
5581,2004,3,12.0,
5582,1969,3,1.0,103.17
5583,1989,3,1.0,155.07
5584,1989,3,10.0,112.66
5585,1980,3,12.0,52.57
5586,1976,3,1.0,94.69
5587,1986,6,1.0,99.36
5588,1970,3,10.0,48.78
5589,1970,3,12.0,
5590,2004,9,1.0,172.61
5591,1960,3,1.0,91.87
5592,1960,3,10.0,
5593,1960,3,11.0,
5594,1960,3,12.0,
5595,1960,3,1.0,53.52
5596,1958,3,12.0,22.39
5597,1985,3,1.0,50.71
5598,1985,3,1.0,86.32
5599,1985,3,11.0,
5600,1965,6,1.0,126.4
5601,1965,3,11.0,102.78
5602,1965,3,12.0,
5603,1962,3,1.0,159.13
5604,1962,6,11.0,44.58
5605,1962,6,12.0,
5606,1965,6,1.0,665.8
5607,1965,9,12.0,32.1
5608,1965,6,1.0,150.69
5609,1965,3,12.0,91.68
5610,1970,3,1.0,190.43
5611,1970,3,11.0,
5612,1970,3,12.0,
5613,1965,3,12.0,193.42
5614,1996,3,1.0,182.11
5615,1996,3,11.0,
5616,1996,3,12.0,
5617,1995,3,1.0,137.6
5618,1958,3,1.0,120.99
5619,1972,3,1.0,128.96
5620,1962,12,1.0,194.46
5621,1954,3,1.0,89.73
5622,1960,9,1.0,110.7
5623,1963,6,12.0,102.95
5624,2000,3,1.0,80.17
5625,1964,3,5.0,82.18
5626,1964,3,1.0,82.18
5627,1956,3,1.0,79.44
5628,1970,6,1.0,86.95
5629,1969,3,11.0,65.92
5630,1957,6,1.0,160.5
5631,1963,6,1.0,176.28
5632,1989,3,1.0,89.1
5633,1991,6,1.0,274.0
5634,1968,9,1.0,156.04
5635,1968,9,1.0,158.61
5636,1968,3,12.0,108.48
5637,1967,6,1.0,144.33
5638,1967,6,12.0,92.62
5639,1969,3,5.0,161.89
5640,1969,3,1.0,133.12
5641,1968,3,1.0,99.58
5642,1964,3,1.0,154.0
5643,1966,3,1.0,126.09
5644,2000,6,1.0,827.32
5645,1972,12,1.0,1119.66
5646,2007,6,1.0,871.41
5647,1968,3,1.0,55.11
5648,1992,6,1.0,188.95
5649,1994,3,1.0,104.2
5650,1997,3,12.0,64.01
5651,1994,6,1.0,92.6
5652,1989,3,1.0,63.19
5653,1989,3,1.0,92.56
5654,2010,9,1.0,321.97
5655,2010,3,12.0,281.16
5656,1960,3,1.0,157.53
5657,1964,3,1.0,127.45
5658,1964,6,12.0,21.93
5659,1988,3,1.0,268.08
5660,1987,9,1.0,223.91
5661,1970,3,11.0,129.41
5662,1970,3,12.0,119.97
5663,2000,9,1.0,217.23
5664,1980,3,12.0,120.18
5665,2007,6,1.0,152.43
5666,2005,6,1.0,248.9
5667,2001,3,1.0,117.93
5668,1973,3,1.0,97.88
5669,1984,3,1.0,130.84
5670,1966,3,1.0,108.52
5671,1957,6,1.0,114.99
5672,1957,3,12.0,103.41
5673,1960,3,1.0,159.16
5674,1960,3,12.0,107.08
5675,1975,6,1.0,179.08
5676,1974,6,1.0,165.79
5677,1956,3,1.0,322.35
5678,1956,6,12.0,162.02
5679,1971,3,1.0,148.96
5680,1971,3,12.0,93.13
5681,1958,3,1.0,130.0
5682,1980,3,1.0,160.87
5683,1960,3,1.0,117.89
5684,1960,3,12.0,
5685,2004,12,1.0,114.06
5686,2004,3,12.0,114.06
5687,2007,6,1.0,127.19
5688,2006,6,1.0,136.14
5689,1967,6,1.0,115.49
5690,1962,3,1.0,145.12
5691,1968,6,1.0,152.59
5692,1989,3,1.0,154.58
5693,2003,6,1.0,744.81
5694,2012,3,3.0,544.24
5695,2012,18,1.0,507.01
5696,2012,9,12.0,507.01
5697,2010,9,4.0,2291.87
5698,2010,9,11.0,1413.96
5699,1977,3,1.0,59.34
5700,1974,9,1.0,79.9
5701,1965,6,1.0,156.91
5702,1963,6,1.0,133.79
5703,1968,3,1.0,136.84
5704,1968,3,12.0,109.14
5705,1966,3,1.0,90.98
5706,1973,6,1.0,113.7
5707,1971,6,12.0,86.02
5708,1978,6,1.0,145.8
5709,1978,9,12.0,120.46
5710,1977,3,5.0,125.45
5711,1977,3,1.0,103.37
5712,1977,3,12.0,57.9
5713,1988,9,1.0,226.5
5714,1965,3,1.0,114.55
5715,1965,3,12.0,75.01
5716,1966,15,1.0,147.41
5717,1965,6,1.0,147.51
5718,1970,3,1.0,123.01
5719,1966,6,1.0,145.37
5720,1969,3,1.0,171.76
5721,1969,3,12.0,144.57
5722,1965,15,1.0,260.34
5723,1985,6,1.0,133.72
5724,1969,3,1.0,167.4
5725,1969,3,12.0,120.59
5726,2008,9,1.0,79.4
5727,2009,3,10.0,79.4
5728,1965,3,1.0,148.81
5729,1965,3,12.0,115.16
5730,1967,3,1.0,132.15
5731,2001,6,1.0,227.07
5732,1991,12,1.0,106.33
5733,1965,3,12.0,89.73
5734,1970,3,1.0,150.15
5735,1970,3,12.0,130.09
5736,1960,6,1.0,141.97
5737,1960,3,9.0,117.9
5738,1965,9,1.0,117.71
5739,1966,3,1.0,114.69
5740,1966,3,12.0,105.37
5741,1966,3,1.0,111.18
5742,1966,3,12.0,
5743,1976,3,1.0,123.47
5744,1976,3,12.0,106.59
5745,1976,9,1.0,107.12
5746,1964,6,1.0,114.92
5747,1966,3,1.0,104.03
5748,1998,3,1.0,96.41
5749,1970,3,1.0,104.46
5750,1968,3,1.0,114.87
5751,1968,3,12.0,99.54
5752,1958,3,1.0,65.12
5753,1958,3,12.0,65.12
5754,1953,3,1.0,86.93
5755,1953,3,12.0,64.2
5756,1960,3,1.0,104.62
5757,1960,3,12.0,97.1
5758,1952,3,1.0,58.89
5759,1953,3,1.0,63.24
5760,1953,3,12.0,50.76
5761,1945,3,1.0,148.83
5762,1945,6,12.0,18.24
5763,1956,3,1.0,153.06
5764,1956,3,12.0,106.01
5765,1970,3,1.0,146.13
5766,1991,3,5.0,610.32
5767,1991,9,1.0,227.6
5768,1999,3,1.0,161.0
5769,2004,3,1.0,292.1
5770,2004,3,12.0,249.79
5771,1970,12,1.0,566.25
5772,1961,3,1.0,104.0
5773,1961,3,12.0,94.96
5774,1959,3,1.0,119.61
5775,1955,3,1.0,106.16
5776,1960,3,1.0,67.52
5777,1958,6,1.0,84.4
5778,1980,6,1.0,58.48
5779,1950,3,1.0,61.64
5780,1954,3,1.0,108.19
5781,1960,3,1.0,64.06
5782,1960,3,12.0,61.59
5783,1954,6,1.0,60.36
5784,1954,3,11.0,60.36
5785,1955,3,1.0,68.82
5786,1955,3,1.0,83.64
5787,1955,3,1.0,123.61
5788,1958,6,1.0,136.91
5789,1958,3,12.0,99.26
5790,1975,6,1.0,124.38
5791,1970,3,1.0,85.79
5792,2008,9,1.0,52.48
5793,1979,6,12.0,52.48
5794,1955,3,1.0,85.26
5795,1955,3,12.0,
5796,1965,3,1.0,72.59
5797,1965,3,12.0,70.53
5798,1955,6,1.0,79.84
5799,1968,3,1.0,76.44
5800,1955,6,1.0,82.54
5801,1958,3,1.0,72.96
5802,2008,6,1.0,82.74
5803,1965,9,1.0,113.35
5804,1965,3,12.0,105.3
5805,1955,6,1.0,107.29
5806,1968,6,1.0,98.07
5807,1965,9,1.0,98.7
5808,1955,3,12.0,81.2
5809,1955,3,1.0,111.62
5810,1955,3,9.0,111.62
5811,1955,6,1.0,115.38
5812,1955,3,12.0,87.5
5813,1955,3,1.0,108.5
5814,1955,3,12.0,108.5
5815,1963,3,1.0,115.52
5816,1963,3,1.0,95.9
5817,1963,3,12.0,65.77
5818,1969,3,1.0,76.56
5819,1969,3,12.0,68.55
5820,1959,6,1.0,94.52
5821,1955,3,12.0,82.64
5822,1955,3,5.0,110.98
5823,1955,3,1.0,108.21
5824,1955,3,1.0,82.65
5825,1955,3,1.0,117.33
5826,1955,3,5.0,99.27
5827,1955,3,1.0,45.18
5828,1955,3,1.0,111.09
5829,1955,3,1.0,107.26
5830,1955,3,12.0,18.53
5831,1955,3,1.0,124.27
5832,1968,9,1.0,244.26
5833,1968,3,12.0,154.26
5834,1972,9,1.0,207.78
5835,1972,3,5.0,380.83
5836,1972,3,8.0,309.46
5837,1972,9,1.0,309.46
5838,1972,9,1.0,374.17
5839,1970,3,5.0,173.67
5840,1970,3,1.0,144.72
5841,1970,6,12.0,58.03
5842,1965,3,1.0,65.8
5843,1962,3,1.0,60.41
5844,1962,3,12.0,49.37
5845,1960,3,5.0,78.94
5846,1960,3,1.0,
5847,1963,3,1.0,155.33
5848,1960,3,12.0,29.18
5849,1969,3,5.0,421.42
5850,1969,15,1.0,192.36
5851,1960,9,1.0,99.61
5852,1950,3,1.0,125.88
5853,1969,3,1.0,97.99
5854,1960,15,1.0,401.92
5855,1960,3,1.0,133.76
5856,1960,3,12.0,107.91
5857,1960,3,1.0,150.25
5858,1960,9,1.0,153.85
5859,1955,3,5.0,286.25
5860,1955,3,1.0,231.34
5861,1955,3,12.0,
5862,1954,3,1.0,115.26
5863,1958,3,1.0,46.65
5864,1972,3,1.0,133.72
5865,1968,3,5.0,181.26
5866,1968,3,1.0,181.26
5867,1973,6,1.0,151.87
5868,1976,9,1.0,149.01
5869,1965,3,1.0,151.92
5870,1959,3,12.0,140.56
5871,1968,3,1.0,148.19
5872,1968,3,12.0,134.66
5873,1953,3,1.0,110.79
5874,1953,3,12.0,
5875,1969,3,1.0,124.26
5876,1969,3,12.0,110.16
5877,1951,3,1.0,127.03
5878,1968,3,1.0,112.15
5879,1969,3,1.0,155.88
5880,1956,3,1.0,110.59
5881,1950,6,1.0,146.55
5882,1953,3,1.0,192.86
5883,1953,3,12.0,143.37
5884,1950,9,1.0,212.01
5885,1950,3,11.0,97.56
5886,1950,6,12.0,44.25
5887,1950,3,1.0,42.23
5888,1950,3,12.0,42.23
5889,1960,3,1.0,76.38
5890,1950,3,1.0,84.93
5891,1950,3,12.0,68.48
5892,1960,3,1.0,55.67
5893,1940,6,1.0,85.96
5894,1940,6,11.0,78.05
5895,1965,3,5.0,95.41
5896,1965,9,1.0,95.41
5897,1965,9,11.0,95.41
5898,1954,9,1.0,65.04
5899,1963,12,1.0,66.13
5900,1963,3,12.0,66.13
5901,1967,6,1.0,65.0
5902,1966,9,1.0,92.56
5903,1966,6,12.0,88.53
5904,1964,3,1.0,72.07
5905,1966,9,1.0,75.65
5906,1962,3,1.0,90.65
5907,1960,3,1.0,114.63
5908,1954,6,1.0,88.64
5909,1954,3,12.0,10.02
5910,1954,3,1.0,99.98
5911,1979,6,1.0,71.84
5912,1962,6,1.0,96.98
5913,1959,3,1.0,78.4
5914,1959,3,12.0,75.85
5915,1961,3,1.0,87.0
5916,1964,6,1.0,82.36
5917,1964,6,12.0,75.73
5918,1960,3,1.0,77.04
5919,1962,3,1.0,85.85
5920,2009,12,1.0,53.94
5921,1951,3,1.0,79.35
5922,1958,3,1.0,75.12
5923,1956,3,1.0,49.26
5924,1956,3,1.0,41.73
5925,1957,3,1.0,58.98
5926,1960,3,1.0,106.39
5927,2000,6,1.0,124.8
5928,1954,6,12.0,81.92
5929,1956,6,1.0,132.39
5930,1959,3,1.0,63.64
5931,1959,3,1.0,118.18
5932,1958,6,1.0,90.16
5933,1958,6,12.0,71.81
5934,1956,3,1.0,121.53
5935,1954,3,1.0,120.43
5936,1955,3,1.0,92.4
5937,1953,3,1.0,68.06
5938,1953,3,1.0,121.2
5939,1961,3,1.0,29.22
5940,1961,3,12.0,29.22
5941,1959,12,1.0,45.47
5942,1959,3,12.0,45.47
5943,1952,3,1.0,88.16
5944,1952,3,12.0,88.16
5945,1960,3,1.0,64.77
5946,1956,6,1.0,84.09
5947,1959,3,1.0,85.59
5948,1955,6,1.0,84.0
5949,1979,6,1.0,87.19
5950,1959,3,1.0,86.43
5951,1958,3,1.0,82.61
5952,1958,3,12.0,79.95
5953,1954,3,1.0,78.46
5954,1954,3,12.0,17.01
5955,1966,3,1.0,88.97
5956,1956,3,1.0,60.84
5957,1958,3,1.0,75.84
5958,1959,3,1.0,75.88
5959,1960,3,1.0,75.73
5960,1960,3,12.0,75.73
5961,1957,3,1.0,40.59
5962,1957,3,12.0,20.78
5963,1956,9,1.0,70.24
5964,2006,3,12.0,54.42
5965,1980,3,1.0,82.75
5966,1980,3,12.0,82.75
5967,1960,3,1.0,
5968,1994,3,1.0,68.49
5969,1957,6,1.0,53.1
5970,1957,3,12.0,53.1
5971,1999,3,9.0,936.29
5972,1965,3,3.0,23.16
5973,1965,3,12.0,62.52
5974,1960,9,1.0,67.9
5975,1965,15,1.0,148.24
5976,1970,3,1.0,97.14
5977,1972,3,5.0,148.1
5978,1972,3,1.0,141.23
5979,1972,3,12.0,33.65
5980,1960,9,1.0,97.51
5981,2022,3,1.0,45.99
5982,1962,3,5.0,121.16
5983,1977,9,1.0,99.93
5984,1962,3,12.0,99.93
5985,1961,3,1.0,91.75
5986,1960,3,1.0,221.51
5987,1960,3,12.0,151.99
5988,1970,9,1.0,117.4
5989,1960,9,1.0,103.98
5990,1961,6,1.0,114.02
5991,1970,9,1.0,85.05
5992,1970,9,12.0,85.05
5993,1963,6,1.0,114.35
5994,1965,3,1.0,165.75
5995,1960,9,1.0,98.07
5996,1975,6,1.0,94.29
5997,1963,3,1.0,144.55
5998,1963,3,12.0,112.0
5999,1960,3,1.0,133.86
6000,1960,6,12.0,96.72
6001,1953,6,1.0,74.18
6002,1953,3,12.0,35.78
6003,1960,3,1.0,38.89
6004,1960,3,12.0,38.89
6005,1967,9,1.0,257.96
6006,2005,9,1.0,162.52
6007,1967,3,12.0,85.13
6008,1996,6,1.0,258.91
6009,1968,12,1.0,72.92
6010,1955,12,1.0,106.94
6011,1970,3,1.0,75.54
6012,1970,3,12.0,70.85
6013,1963,3,12.0,95.17
6014,1965,15,1.0,289.98
6015,1965,15,1.0,281.37
6016,1965,15,1.0,282.83
6017,1965,15,1.0,282.54
6018,1965,15,1.0,280.64
6019,1962,15,1.0,236.01
6020,1965,15,1.0,234.29
6021,1965,15,1.0,229.61
6022,1965,15,1.0,232.77
6023,1965,15,1.0,231.1
6024,1965,15,1.0,240.26
6025,1965,15,1.0,236.67
6026,1965,15,1.0,236.23
6027,1965,15,1.0,232.97
6028,1965,15,1.0,234.74
6029,1956,3,1.0,131.63
6030,2000,6,1.0,198.45
6031,1975,6,12.0,198.45
6032,1980,6,1.0,120.54
6033,1971,6,1.0,138.43
6034,1972,3,1.0,98.21
6035,1972,3,12.0,41.76
6036,1973,3,1.0,101.05
6037,1973,3,12.0,95.68
6038,1977,12,1.0,208.81
6039,1969,12,1.0,209.7
6040,1969,12,1.0,207.48
6041,1967,3,1.0,110.45
6042,1992,3,1.0,107.07
6043,1973,3,1.0,102.15
6044,1973,3,12.0,53.26
6045,1969,6,1.0,95.31
6046,1969,9,12.0,94.69
6047,1954,3,1.0,96.49
6048,1954,3,11.0,96.49
6049,1954,3,12.0,30.14
6050,1995,3,1.0,488.63
6051,1955,3,1.0,55.59
6052,1955,3,10.0,
6053,1955,3,12.0,
6054,1960,3,1.0,116.53
6055,1960,3,11.0,
6056,1960,3,12.0,
6057,1970,3,1.0,134.68
6058,1970,3,12.0,63.47
6059,1978,3,1.0,96.06
6060,2016,3,11.0,
6061,1993,6,12.0,
6062,1980,3,11.0,59.2
6063,1980,3,12.0,
6064,1992,3,1.0,128.43
6065,1970,3,1.0,65.33
6066,1970,6,12.0,22.87
6067,1970,6,1.0,52.34
6068,1970,3,11.0,52.34
6069,1969,6,1.0,57.87
6070,1969,3,11.0,20.21
6071,1971,3,1.0,112.26
6072,1971,3,10.0,74.0
6073,1971,3,11.0,4.3
6074,1971,6,12.0,
6075,1970,3,1.0,42.46
6076,1970,3,1.0,97.59
6077,1970,3,11.0,
6078,1970,3,12.0,
6079,1970,3,12.0,48.44
6080,1982,6,1.0,52.99
6081,1982,3,11.0,43.2
6082,1982,3,12.0,
6083,1997,6,1.0,109.97
6084,2019,3,10.0,54.6
6085,1997,6,11.0,11.15
6086,1997,3,12.0,
6087,1960,3,1.0,99.96
6088,2004,3,10.0,52.15
6089,1992,9,1.0,174.81
6090,1992,3,10.0,112.05
6091,1992,3,11.0,30.14
6092,1992,3,12.0,
6093,1961,3,1.0,96.33
6094,1961,3,11.0,
6095,1961,3,12.0,
6096,1992,6,1.0,198.89
6097,1992,3,11.0,114.23
6098,1992,6,12.0,
6099,1993,6,1.0,261.68
6100,2008,3,11.0,185.9
6101,1993,3,12.0,
6102,1970,6,1.0,56.42
6103,1970,3,12.0,34.66
6104,1978,6,1.0,134.39
6105,1978,6,11.0,74.29
6106,1978,6,12.0,21.87
6107,1980,6,1.0,35.87
6108,1980,6,11.0,7.36
6109,1980,3,12.0,
6110,1980,6,1.0,134.33
6111,1980,6,11.0,75.39
6112,1980,3,12.0,
6113,2007,3,1.0,86.85
6114,2008,3,10.0,86.85
6115,2007,3,12.0,55.89
6116,2021,6,1.0,86.55
6117,2021,3,12.0,86.55
6118,2016,9,1.0,114.34
6119,2016,6,12.0,114.34
6120,2007,3,1.0,163.69
6121,2015,3,10.0,149.22
6122,2007,3,1.0,160.99
6123,2007,3,1.0,161.1
6124,2012,3,10.0,149.28
6125,2007,3,1.0,161.04
6126,2007,3,1.0,161.0
6127,2007,3,1.0,161.01
6128,1968,3,1.0,87.18
6129,1953,3,12.0,87.18
6130,1956,12,1.0,81.72
6131,1900,3,9.0,238.97
6132,1954,6,1.0,112.22
6133,1954,3,12.0,22.71
6134,1964,3,1.0,75.15
6135,2001,3,1.0,132.25
6136,2008,15,1.0,833.82
6137,1954,3,3.0,120.82
6138,1995,12,1.0,369.61
6139,1999,6,1.0,494.73
6140,1956,3,1.0,162.05
6141,1955,3,1.0,99.42
6142,1955,3,12.0,
6143,1957,3,1.0,115.34
6144,1977,6,1.0,116.2
6145,1971,9,1.0,132.04
6146,1956,3,12.0,132.04
6147,1950,3,1.0,120.59
6148,1955,3,1.0,135.54
6149,1973,3,1.0,133.5
6150,1955,3,12.0,99.43
6151,1963,9,1.0,113.05
6152,1961,6,12.0,113.05
6153,1969,3,1.0,86.61
6154,1950,3,1.0,129.9
6155,2008,15,1.0,914.29
6156,2008,15,1.0,294.38
6157,2006,9,1.0,249.16
6158,1960,3,4.0,1413.25
6159,1984,3,10.0,132.54
6160,1970,3,11.0,
6161,1970,3,10.0,164.29
6162,1948,3,1.0,96.48
6163,1957,3,1.0,128.11
6164,1957,3,12.0,108.07
6165,1959,3,1.0,136.54
6166,1959,3,12.0,115.49
6167,1966,3,1.0,137.91
6168,1949,3,12.0,117.21
6169,1960,3,1.0,136.48
6170,1960,3,5.0,108.5
6171,1960,3,1.0,75.62
6172,1961,3,1.0,144.41
6173,1961,3,12.0,125.77
6174,1970,6,1.0,114.6
6175,1959,3,12.0,110.0
6176,1958,3,1.0,87.63
6177,1959,3,1.0,108.35
6178,1961,3,1.0,102.45
6179,1962,3,5.0,76.0
6180,1962,9,1.0,76.0
6181,1962,3,12.0,76.0
6182,1991,3,1.0,125.76
6183,1977,6,1.0,128.28
6184,1993,3,1.0,243.84
6185,1991,3,3.0,1373.05
6186,1991,3,1.0,104.42
6187,1965,3,1.0,84.4
6188,1958,3,12.0,84.4
6189,1999,3,1.0,101.72
6190,1997,6,1.0,96.87
6191,1958,3,1.0,71.05
6192,1981,3,1.0,96.02
6193,1970,3,12.0,96.02
6194,1991,6,1.0,319.49
6195,1991,3,3.0,212.16
6196,1991,3,2.0,
6197,1991,3,1.0,97.48
6198,1991,3,1.0,110.67
6199,1991,3,1.0,97.27
6200,1991,3,1.0,102.69
6201,2003,6,1.0,262.86
6202,2010,3,5.0,560.22
6203,2010,18,1.0,560.22
6204,2010,6,12.0,560.22
6205,1993,3,1.0,132.68
6206,1969,3,1.0,110.79
6207,1958,9,1.0,125.54
6208,1970,3,1.0,115.33
6209,1955,3,12.0,
6210,2005,9,1.0,84.68
6211,1954,9,1.0,90.33
6212,1957,3,1.0,124.14
6213,1957,3,12.0,32.49
6214,1959,3,1.0,82.73
6215,1960,3,5.0,123.26
6216,1960,3,1.0,70.09
6217,1968,3,1.0,62.88
6218,1958,3,1.0,78.65
6219,1958,3,12.0,
6220,1956,3,1.0,126.36
6221,1956,3,12.0,
6222,1977,3,1.0,98.71
6223,1940,3,12.0,63.94
6224,2003,3,1.0,119.89
6225,2003,3,12.0,119.89
6226,1958,3,1.0,82.03
6227,1950,3,1.0,146.52
6228,1962,3,1.0,111.92
6229,1940,3,1.0,116.96
6230,1940,3,12.0,87.65
6231,1968,3,1.0,101.6
6232,1940,3,1.0,119.44
6233,1940,6,12.0,97.46
6234,1950,3,5.0,109.31
6235,1950,3,1.0,79.57
6236,1950,3,1.0,131.19
6237,1950,3,12.0,85.89
6238,1940,3,1.0,111.59
6239,1945,3,5.0,98.6
6240,1945,3,1.0,85.33
6241,1948,6,1.0,135.65
6242,1977,3,1.0,112.54
6243,1977,3,12.0,112.54
6244,1950,3,1.0,103.67
6245,1958,3,1.0,104.72
6246,1958,3,12.0,13.47
6247,1950,3,1.0,97.36
6248,1950,3,12.0,14.7
6249,1950,3,1.0,96.11
6250,2014,3,11.0,90.71
6251,2014,3,12.0,
6252,1940,3,1.0,299.58
6253,1940,3,12.0,213.11
6254,1950,9,1.0,141.07
6255,1950,3,12.0,98.07
6256,1954,3,1.0,135.64
6257,1954,3,12.0,103.19
6258,1974,3,1.0,117.29
6259,1968,3,1.0,154.62
6260,1968,3,12.0,129.9
6261,1950,3,1.0,131.16
6262,1950,3,12.0,101.51
6263,1960,3,1.0,81.7
6264,1960,3,12.0,81.7
6265,1981,3,1.0,86.59
6266,1965,3,12.0,86.59
6267,1970,3,1.0,42.08
6268,1957,3,1.0,209.39
6269,1957,3,12.0,164.57
6270,1992,6,1.0,164.35
6271,1974,6,1.0,189.85
6272,1948,3,5.0,140.1
6273,1948,6,1.0,50.62
6274,1968,9,1.0,95.72
6275,1960,9,1.0,166.25
6276,1966,3,1.0,108.77
6277,1966,3,12.0,38.31
6278,1982,3,1.0,119.41
6279,1982,3,11.0,100.65
6280,1982,9,12.0,34.63
6281,2000,6,1.0,242.95
6282,1975,9,1.0,184.42
6283,1973,12,1.0,105.46
6284,1988,6,1.0,424.73
6285,1972,12,1.0,94.66
6286,1971,9,1.0,96.79
6287,1971,12,1.0,94.18
6288,1970,12,1.0,107.78
6289,1969,9,1.0,129.11
6290,1965,3,5.0,118.05
6291,1981,6,1.0,152.52
6292,1964,9,1.0,150.42
6293,1974,3,1.0,126.62
6294,1974,3,12.0,119.81
6295,1980,9,1.0,495.66
6296,1965,6,1.0,124.93
6297,1968,3,5.0,117.65
6298,1964,3,1.0,81.52
6299,1964,3,12.0,13.19
6300,1945,3,8.0,80.19
6301,1945,6,1.0,67.68
6302,2009,6,1.0,291.01
6303,1981,3,1.0,196.68
6304,1981,3,12.0,125.13
6305,1983,3,1.0,205.51
6306,1986,6,1.0,384.66
6307,1986,3,12.0,142.86
6308,1980,3,1.0,394.62
6309,1977,9,1.0,542.82
6310,1966,12,1.0,121.67
6311,1971,12,1.0,240.4
6312,1967,12,1.0,251.61
6313,1970,6,1.0,126.19
6314,1960,9,1.0,99.63
6315,1960,3,12.0,96.74
6316,1965,3,1.0,150.98
6317,1965,3,12.0,116.83
6318,1960,6,1.0,151.42
6319,1962,3,1.0,152.48
6320,1962,3,12.0,139.17
6321,1959,3,1.0,91.08
6322,1966,6,1.0,107.12
6323,1966,6,12.0,102.94
6324,1967,3,1.0,139.13
6325,1967,3,12.0,101.81
6326,1960,3,5.0,66.02
6327,1960,3,1.0,66.02
6328,1960,3,12.0,18.31
6329,1953,3,1.0,110.28
6330,1953,3,12.0,13.42
6331,1968,3,1.0,85.05
6332,1968,3,12.0,85.05
6333,1956,3,1.0,114.63
6334,1956,3,12.0,114.63
6335,1970,3,1.0,98.38
6336,1976,9,1.0,129.28
6337,1962,3,5.0,74.96
6338,1962,3,1.0,74.96
6339,1962,3,12.0,18.36
6340,1964,3,1.0,102.81
6341,1962,3,1.0,113.75
6342,1976,3,1.0,158.9
6343,1976,3,12.0,129.48
6344,1966,3,1.0,139.79
6345,1966,3,12.0,
6346,1966,3,1.0,120.15
6347,1978,6,1.0,128.52
6348,1979,3,12.0,16.0
6349,2006,6,1.0,109.26
6350,1968,3,1.0,145.31
6351,1958,3,12.0,104.58
6352,1958,3,1.0,110.17
6353,1958,3,12.0,83.38
6354,1958,6,1.0,144.33
6355,1950,3,1.0,149.38
6356,1950,3,12.0,115.05
6357,1958,3,1.0,131.85
6358,1960,9,1.0,138.19
6359,1960,3,12.0,112.67
6360,1962,3,1.0,105.73
6361,1963,3,1.0,118.69
6362,1960,3,1.0,128.55
6363,1962,3,1.0,108.27
6364,1950,3,1.0,100.64
6365,1980,3,1.0,229.67
6366,1980,3,12.0,169.47
6367,1982,3,1.0,114.78
6368,1982,9,1.0,153.49
6369,1978,3,5.0,237.47
6370,1990,9,1.0,182.42
6371,1960,3,1.0,146.6
6372,1980,3,1.0,73.18
6373,1980,3,12.0,63.15
6374,1963,3,5.0,263.82
6375,1963,12,1.0,175.43
6376,1963,6,12.0,124.32
6377,1968,6,8.0,112.27
6378,1968,3,12.0,101.99
6379,1973,3,1.0,180.75
6380,1965,3,1.0,105.57
6381,1968,6,1.0,126.96
6382,1968,3,12.0,93.91
6383,1965,3,1.0,132.64
6384,1968,3,1.0,146.2
6385,1980,12,1.0,133.84
6386,1965,3,1.0,140.89
6387,1953,3,1.0,150.93
6388,1953,3,12.0,92.39
6389,1996,3,1.0,93.64
6390,1989,3,1.0,74.54
6391,1958,3,12.0,46.89
6392,1968,3,1.0,104.58
6393,2018,6,1.0,72.28
6394,1984,6,12.0,68.86
6395,1963,3,1.0,101.41
6396,2008,9,1.0,54.59
6397,2008,3,12.0,47.04
6398,1975,9,1.0,442.22
6399,1981,6,1.0,167.3
6400,1981,9,1.0,142.46
6401,1996,3,1.0,219.32
6402,1968,3,1.0,71.17
6403,1979,3,1.0,147.5
6404,1958,3,12.0,126.43
6405,1990,3,1.0,95.49
6406,1960,3,1.0,125.43
6407,1968,3,1.0,135.4
6408,1978,9,1.0,149.25
6409,1978,6,12.0,117.91
6410,1968,6,1.0,109.72
6411,1968,6,1.0,148.04
6412,1968,6,1.0,148.65
6413,1958,6,1.0,143.93
6414,1980,3,1.0,129.65
6415,1974,9,1.0,118.64
6416,1970,6,12.0,104.2
6417,1968,6,1.0,145.98
6418,1968,3,12.0,104.55
6419,1958,3,1.0,137.21
6420,1963,3,1.0,119.51
6421,1963,3,12.0,18.55
6422,1977,9,1.0,87.83
6423,1958,3,12.0,72.39
6424,1979,3,1.0,126.93
6425,1958,9,1.0,70.04
6426,1958,6,12.0,70.04
6427,1958,6,1.0,83.25
6428,1958,3,12.0,6.32
6429,1958,3,1.0,115.45
6430,1958,3,12.0,73.01
6431,1958,3,1.0,115.99
6432,1958,3,5.0,116.13
6433,1958,3,5.0,114.17
6434,1958,9,1.0,111.66
6435,1958,3,12.0,48.86
6436,1958,6,1.0,136.87
6437,1958,3,5.0,130.48
6438,1958,3,1.0,112.11
6439,1958,3,12.0,13.01
6440,1962,3,1.0,114.57
6441,1958,3,1.0,103.01
6442,1958,3,12.0,28.51
6443,1952,9,1.0,144.4
6444,1958,3,1.0,140.74
6445,1958,3,12.0,61.63
6446,1958,3,1.0,86.95
6447,1958,3,12.0,
6448,1958,3,1.0,95.94
6449,1958,3,12.0,90.61
6450,1958,3,1.0,92.45
6451,1958,3,12.0,88.69
6452,1963,3,1.0,85.68
6453,1963,3,12.0,
6454,1963,3,1.0,62.14
6455,1963,3,12.0,
6456,2007,6,1.0,118.27
6457,1963,3,1.0,113.09
6458,1963,3,12.0,
6459,1985,3,1.0,183.29
6460,1976,3,5.0,177.28
6461,1976,21,1.0,174.2
6462,1952,6,1.0,78.55
6463,1961,3,1.0,124.15
6464,1969,3,1.0,156.74
6465,1955,3,1.0,150.87
6466,1955,3,12.0,
6467,1955,3,1.0,148.69
6468,1962,3,1.0,103.32
6469,1960,3,1.0,93.08
6470,1959,3,1.0,112.21
6471,1959,3,12.0,72.0
6472,1962,3,1.0,146.85
6473,1956,3,1.0,70.71
6474,1956,3,1.0,59.86
6475,1956,3,1.0,57.93
6476,1956,3,1.0,87.69
6477,1964,3,1.0,126.4
6478,1956,3,5.0,120.4
6479,1956,3,1.0,23.17
6480,1975,3,1.0,111.21
6481,1960,3,12.0,72.0
6482,2005,9,1.0,160.06
6483,1960,3,4.0,170.26
6484,1960,3,10.0,
6485,1948,3,5.0,868.59
6486,1948,3,3.0,868.59
6487,1986,3,5.0,1151.92
6488,1986,3,2.0,1010.17
6489,1986,3,12.0,976.23
6490,1984,12,1.0,113.95
6491,1983,3,1.0,102.46
6492,1983,3,12.0,85.74
6493,1990,3,5.0,202.11
6494,1990,6,1.0,188.21
6495,1980,9,1.0,182.38
6496,1992,6,1.0,443.39
6497,1992,3,12.0,370.02
6498,1960,3,4.0,1347.1
6499,1960,3,4.0,1638.39
6500,1975,21,1.0,237.35
6501,1971,3,3.0,144.31
6502,1970,15,1.0,309.24
6503,1968,3,1.0,148.79
6504,1968,3,9.0,128.92
6505,1971,6,1.0,152.41
6506,1971,3,9.0,104.1
6507,1962,3,5.0,371.26
6508,1962,6,1.0,238.92
6509,1962,3,11.0,180.47
6510,1962,6,12.0,129.92
6511,1943,3,1.0,163.37
6512,1943,3,12.0,58.18
6513,1959,3,1.0,146.27
6514,1960,3,1.0,107.67
6515,1960,3,12.0,
6516,1965,6,1.0,103.57
6517,1970,3,12.0,96.51
6518,1987,3,1.0,248.12
6519,2006,3,12.0,94.87
6520,1978,18,1.0,544.91
6521,1975,21,1.0,520.63
6522,1981,18,1.0,297.99
6523,2014,15,1.0,168.39
6524,2014,3,12.0,135.7
6525,1964,3,12.0,20.46
6526,1964,3,12.0,3520.46
6527,1974,3,3.0,2860.17
6528,1975,12,1.0,174.16
6529,1965,3,1.0,47.7
6530,1963,3,1.0,83.34
6531,1970,6,1.0,75.75
6532,1958,9,1.0,75.07
6533,1965,9,1.0,88.27
6534,1965,3,12.0,88.27
6535,1950,3,1.0,89.09
6536,1962,3,8.0,99.27
6537,1962,9,1.0,99.27
6538,1962,3,12.0,82.38
6539,1970,3,5.0,97.11
6540,1970,3,1.0,90.45
6541,1970,3,1.0,98.74
6542,1962,3,12.0,300.1
6543,1977,6,1.0,91.48
6544,1958,3,1.0,100.01
6545,1957,3,1.0,95.5
6546,1961,6,1.0,94.0
6547,1958,3,1.0,91.95
6548,1962,3,1.0,89.85
6549,1959,3,5.0,71.53
6550,1959,3,1.0,69.74
6551,1962,3,1.0,79.67
6552,1983,9,1.0,149.85
6553,1957,3,9.0,59.28
6554,1950,3,1.0,100.07
6555,1963,6,1.0,76.54
6556,1959,6,1.0,87.71
6557,1958,3,1.0,78.02
6558,1959,9,1.0,60.21
6559,1973,3,12.0,2986.71
6560,1973,3,12.0,44.62
6561,1973,3,12.0,439.18
6562,1973,3,12.0,1250.09
6563,2006,3,1.0,113.5
6564,1994,12,1.0,72.74
6565,1994,3,12.0,50.02
6566,1960,6,1.0,112.68
6567,1960,3,12.0,51.67
6568,1960,6,1.0,113.79
6569,1960,3,1.0,96.27
6570,1960,3,12.0,96.27
6571,1960,3,1.0,111.36
6572,1960,3,12.0,100.44
6573,1960,3,1.0,99.09
6574,1960,3,1.0,105.37
6575,1960,3,12.0,87.54
6576,1960,3,1.0,90.37
6577,1960,3,1.0,82.15
6578,1960,3,1.0,92.38
6579,1960,3,1.0,54.22
6580,1955,6,1.0,101.01
6581,1955,9,1.0,96.38
6582,1955,6,12.0,91.25
6583,1955,3,1.0,143.82
6584,1955,3,12.0,117.46
6585,1960,3,1.0,72.21
6586,1960,3,1.0,105.5
6587,1960,6,1.0,99.5
6588,1960,3,1.0,67.39
6589,1960,3,12.0,59.4
6590,1960,3,1.0,48.04
6591,1960,3,1.0,48.09
6592,1960,6,1.0,95.94
6593,1960,3,1.0,34.7
6594,1960,3,1.0,59.33
6595,1960,3,1.0,105.75
6596,1960,3,12.0,33.42
6597,1940,3,1.0,87.26
6598,2007,9,1.0,65.21
6599,1989,9,1.0,82.75
6600,1989,6,12.0,64.26
6601,1967,6,1.0,81.39
6602,1975,3,12.0,79.92
6603,1960,3,1.0,66.82
6604,2005,6,1.0,151.27
6605,2001,12,1.0,388.57
6606,1960,3,5.0,147.12
6607,1960,6,1.0,122.66
6608,1960,3,12.0,108.3
6609,1960,3,1.0,32.02
6610,1960,6,1.0,29.15
6611,2008,9,1.0,358.14
6612,1960,3,12.0,18.61
6613,1994,9,1.0,451.95
6614,2007,9,1.0,115.51
6615,1983,12,1.0,138.92
6616,2010,3,11.0,138.92
6617,2010,3,12.0,138.92
6618,1975,3,3.0,183.75
6619,1975,3,1.0,124.22
6620,1975,3,1.0,200.31
6621,1975,3,12.0,200.31
6622,1975,3,1.0,208.73
6623,1975,3,12.0,208.73
6624,1960,6,1.0,199.3
6625,1997,9,1.0,209.42
6626,1960,3,1.0,69.43
6627,1995,3,1.0,61.56
6628,1960,3,1.0,123.07
6629,1960,3,12.0,91.18
6630,1960,3,1.0,121.46
6631,1960,3,1.0,125.36
6632,1960,6,1.0,137.89
6633,1960,3,1.0,130.1
6634,1960,6,1.0,130.35
6635,1960,3,12.0,99.2
6636,1960,3,1.0,124.1
6637,1960,3,1.0,195.44
6638,1984,6,1.0,188.56
6639,1960,9,1.0,132.71
6640,1960,6,12.0,116.18
6641,2003,9,1.0,300.03
6642,1996,3,1.0,66.29
6643,2006,6,1.0,195.5
6644,2006,9,1.0,461.35
6645,2006,3,12.0,428.85
6646,2008,9,1.0,324.9
6647,1983,3,4.0,2125.58
6648,1983,3,10.0,1698.59
6649,1960,3,1.0,91.38
6650,1982,6,1.0,99.1
6651,1982,3,1.0,133.43
6652,1950,3,1.0,92.53
6653,1958,3,5.0,90.09
6654,1958,3,1.0,90.09
6655,1958,3,12.0,7.72
6656,1960,3,1.0,99.0
6657,1960,3,11.0,99.0
6658,1960,9,12.0,99.0
6659,1960,3,1.0,70.64
6660,1960,6,12.0,
6661,1976,24,1.0,2867.79
6662,1979,3,1.0,191.72
6663,1980,6,1.0,463.04
6664,1980,3,10.0,238.63
6665,1980,3,11.0,46.19
6666,1980,9,12.0,
6667,1980,6,1.0,175.77
6668,1980,3,11.0,75.86
6669,1959,3,1.0,235.1
6670,1952,9,1.0,306.68
6671,1952,6,12.0,232.98
6672,1952,3,12.0,23.63
6673,1960,9,1.0,96.19
6674,1960,3,1.0,91.57
6675,1988,6,1.0,157.2
6676,1988,3,11.0,24.65
6677,1988,3,12.0,
6678,2009,6,1.0,49.79
6679,2009,3,12.0,49.79
6680,2005,3,1.0,85.5
6681,2005,3,10.0,80.7
6682,1960,3,12.0,112.8
6683,1959,6,12.0,82.38
6684,1959,6,1.0,152.89
6685,1959,3,11.0,144.32
6686,1959,6,12.0,
6687,2009,3,10.0,83.28
6688,1965,3,1.0,111.23
6689,2020,3,1.0,149.91
6690,2000,3,10.0,
6691,2020,3,12.0,
6692,1940,3,1.0,35.69
6693,1979,3,1.0,96.1
6694,1965,3,1.0,72.47
6695,1950,3,1.0,79.67
6696,1950,3,10.0,
6697,1968,3,1.0,79.05
6698,1940,3,1.0,102.87
6699,1960,6,1.0,164.03
6700,1960,3,10.0,
6701,1960,3,11.0,
6702,1960,3,12.0,
6703,2022,6,1.0,106.42
6704,2022,3,10.0,73.37
6705,2022,3,11.0,
6706,2022,3,12.0,
6707,2021,6,1.0,93.49
6708,2021,3,10.0,87.96
6709,2021,3,11.0,66.5
6710,2021,3,12.0,
6711,2022,3,1.0,85.84
6712,2012,9,1.0,138.02
6713,2012,6,11.0,138.02
6714,2012,3,12.0,48.89
6715,2009,3,1.0,104.43
6716,2009,3,10.0,
6717,2009,3,12.0,
6718,1940,3,12.0,20.27
6719,1945,3,12.0,832.16
6720,1971,3,1.0,140.57
6721,1970,3,1.0,133.03
6722,1959,3,1.0,136.04
6723,1953,3,12.0,104.59
6724,1960,3,12.0,136.76
6725,1967,3,1.0,40.99
6726,1967,3,12.0,40.99
6727,1960,3,1.0,117.21
6728,1975,3,1.0,348.2
6729,1975,3,12.0,153.4
6730,2000,3,1.0,105.6
6731,1992,3,5.0,837.4
6732,1971,3,1.0,133.84
6733,1900,3,12.0,118.79
6734,1992,3,5.0,505.88
6735,1992,3,9.0,258.05
6736,2007,15,1.0,1533.43
6737,2009,9,1.0,170.28
6738,2009,3,12.0,170.28
6739,1998,3,1.0,105.8
6740,1965,9,1.0,103.13
6741,1963,3,1.0,78.85
6742,2003,6,1.0,159.65
6743,1970,3,1.0,43.53
6744,1970,3,12.0,43.53
6745,1960,6,1.0,102.0
6746,1976,3,1.0,87.33
6747,1963,6,1.0,103.7
6748,1968,6,1.0,99.93
6749,1963,3,1.0,107.49
6750,1960,9,1.0,185.23
6751,1960,3,1.0,90.33
6752,1960,3,1.0,103.92
6753,1960,9,1.0,122.1
6754,1960,6,1.0,210.98
6755,2000,6,1.0,153.04
6756,2008,6,1.0,303.07
6757,2008,3,12.0,258.39
6758,2008,3,5.0,293.37
6759,2008,15,1.0,293.37
6760,2005,6,4.0,1089.24
6761,1960,9,1.0,104.07
6762,1985,6,1.0,83.71
6763,1962,6,12.0,57.14
6764,1956,3,1.0,107.85
6765,1945,3,1.0,102.77
6766,1955,3,1.0,99.34
6767,1955,3,1.0,104.71
6768,1955,3,12.0,
6769,1954,3,1.0,121.18
6770,2002,6,1.0,184.49
6771,1954,3,1.0,89.94
6772,1954,3,12.0,89.94
6773,1955,3,5.0,99.13
6774,1955,9,1.0,80.26
6775,1957,6,1.0,117.51
6776,1959,3,1.0,122.93
6777,1959,3,5.0,107.56
6778,1959,6,1.0,86.67
6779,1960,3,1.0,104.08
6780,1960,3,12.0,95.54
6781,1960,9,1.0,96.16
6782,1967,6,1.0,169.09
6783,1967,3,12.0,169.09
6784,1961,6,1.0,113.46
6785,1985,3,1.0,283.51
6786,1963,3,12.0,185.81
6787,1990,3,1.0,108.87
6788,1987,3,1.0,121.04
6789,1975,9,1.0,109.57
6790,1989,9,1.0,242.3
6791,1989,3,11.0,119.15
6792,1962,3,1.0,123.12
6793,1951,3,1.0,101.33
6794,1944,3,12.0,91.64
6795,1960,3,1.0,58.43
6796,1963,6,12.0,60.57
6797,1960,3,4.0,180.34
6798,1969,9,1.0,153.36
6799,1974,9,1.0,115.81
6800,1988,9,1.0,187.57
6801,1988,3,12.0,130.1
6802,1991,3,1.0,189.57
6803,1955,3,1.0,84.88
6804,1955,3,12.0,
6805,1959,3,1.0,88.38
6806,1959,3,12.0,66.69
6807,1962,3,2.0,83.7
6808,1962,3,1.0,69.86
6809,1962,6,12.0,9.3
6810,1960,3,1.0,101.7
6811,1960,3,12.0,33.27
6812,1960,3,1.0,93.97
6813,1960,3,12.0,
6814,2023,6,1.0,82.99
6815,2023,3,12.0,21.02
6816,1958,6,1.0,104.21
6817,1961,3,1.0,112.25
6818,1961,3,12.0,16.94
6819,1958,3,1.0,104.3
6820,1958,3,12.0,
6821,1958,3,1.0,111.44
6822,1958,3,12.0,11.39
6823,1984,9,1.0,145.12
6824,1970,9,1.0,97.57
6825,1970,9,1.0,222.11
6826,1971,9,1.0,162.59
6827,1969,9,1.0,304.67
6828,1961,9,1.0,303.63
6829,1990,6,1.0,151.5
6830,1990,3,12.0,122.79
6831,1993,3,5.0,810.66
6832,1993,6,1.0,709.25
6833,1962,3,3.0,922.77
6834,2006,6,1.0,557.13
6835,1991,6,1.0,141.0
6836,1988,3,1.0,136.8
6837,2003,6,1.0,271.26
6838,1992,3,5.0,2020.07
6839,1992,12,1.0,1459.09
6840,2004,6,7.0,596.3
6841,1979,9,1.0,98.75
6842,1979,3,1.0,86.63
6843,1960,3,12.0,80.91
6844,1967,3,1.0,79.38
6845,1993,3,5.0,754.34
6846,1993,9,1.0,715.2
6847,1956,3,1.0,108.65
6848,1956,3,1.0,68.7
6849,1955,3,1.0,53.82
6850,1956,3,1.0,57.99
6851,1956,3,1.0,61.52
6852,1956,3,1.0,73.4
6853,1956,3,1.0,73.61
6854,1956,3,1.0,78.48
6855,1956,3,1.0,56.87
6856,1956,3,1.0,57.0
6857,1955,3,12.0,83.16
6858,1965,3,1.0,161.74
6859,1982,3,1.0,163.18
6860,1964,3,1.0,111.19
6861,2005,12,1.0,466.12
6862,1950,3,1.0,125.21
6863,1972,12,1.0,337.62
6864,1972,3,12.0,295.41
6865,2002,9,1.0,171.1
6866,1967,9,1.0,105.85
6867,1967,3,12.0,85.15
6868,1970,3,1.0,117.95
6869,1970,3,12.0,121.11
6870,1988,3,1.0,133.44
6871,1970,6,1.0,100.81
6872,1968,6,12.0,92.4
6873,1968,12,1.0,165.86
6874,1981,6,1.0,79.74
6875,1956,3,12.0,53.2
6876,1956,3,1.0,79.96
6877,1956,3,1.0,84.15
6878,1956,3,1.0,70.65
6879,1956,3,1.0,97.99
6880,1973,6,1.0,80.98
6881,2007,3,12.0,67.31
6882,1956,3,1.0,95.69
6883,1956,3,1.0,81.56
6884,1956,3,1.0,79.1
6885,1956,3,1.0,60.5
6886,1956,3,1.0,87.95
6887,1956,3,1.0,85.59
6888,1956,6,1.0,66.91
6889,1956,3,12.0,50.91
6890,1956,3,1.0,89.53
6891,1956,3,1.0,67.1
6892,1956,3,1.0,81.89
6893,1956,3,1.0,59.45
6894,1956,3,1.0,60.69
6895,1956,3,1.0,65.28
6896,1956,3,1.0,65.49
6897,1956,3,1.0,67.57
6898,1956,3,1.0,70.71
6899,1956,3,1.0,75.4
6900,1956,3,1.0,62.02
6901,1956,3,1.0,76.02
6902,1956,3,1.0,71.19
6903,1956,3,1.0,50.9
6904,1956,3,1.0,59.28
6905,1956,3,1.0,81.3
6906,1988,3,1.0,54.04
6907,1988,3,1.0,48.28
6908,1988,3,1.0,54.7
6909,1993,3,1.0,90.45
6910,2004,3,1.0,86.69
6911,1986,6,1.0,73.13
6912,1956,3,12.0,53.3
6913,1956,3,1.0,104.55
6914,1956,6,1.0,46.35
6915,1956,3,11.0,46.35
6916,1956,3,1.0,61.81
6917,1956,3,1.0,83.15
6918,1956,3,1.0,89.43
6919,1950,3,1.0,64.7
6920,1959,6,1.0,189.73
6921,1982,6,1.0,239.72
6922,1978,18,1.0,213.81
6923,1973,12,1.0,104.92
6924,1975,6,1.0,111.88
6925,1985,3,12.0,45.57
6926,1956,3,1.0,61.96
6927,1956,3,1.0,76.64
6928,1956,3,1.0,63.72
6929,1956,3,1.0,61.34
6930,1956,3,1.0,60.96
6931,1956,3,1.0,83.17
6932,1956,3,1.0,71.02
6933,1956,3,1.0,58.34
6934,1956,3,1.0,71.9
6935,1956,3,1.0,57.33
6936,1956,3,1.0,62.02
6937,1964,9,1.0,104.21
6938,1961,3,12.0,104.21
6939,1960,3,1.0,101.18
6940,1956,3,12.0,92.75
6941,2017,6,1.0,76.55
6942,2017,6,12.0,72.17
6943,1961,3,1.0,80.2
6944,1961,3,12.0,
6945,1955,3,1.0,78.4
6946,1955,3,1.0,64.7
6947,1956,3,1.0,114.18
6948,1954,3,1.0,110.42
6949,1955,3,1.0,115.8
6950,1957,9,1.0,148.02
6951,1957,6,12.0,126.46
6952,1957,3,1.0,108.26
6953,1992,3,1.0,142.38
6954,1946,3,1.0,58.92
6955,1945,3,1.0,46.02
6956,1954,6,1.0,89.51
6957,1997,9,1.0,104.32
6958,1954,3,11.0,83.86
6959,1954,3,12.0,56.81
6960,1950,3,1.0,84.77
6961,1950,3,12.0,
6962,1999,3,1.0,93.92
6963,1955,3,1.0,120.41
6964,1955,9,1.0,123.66
6965,1955,6,12.0,79.94
6966,1957,3,5.0,107.16
6967,1957,3,1.0,66.49
6968,2007,9,1.0,495.62
6969,1951,3,1.0,85.54
6970,1962,3,1.0,102.73
6971,1955,6,1.0,113.33
6972,1966,6,1.0,118.93
6973,1966,6,12.0,61.09
6974,1974,6,1.0,102.82
6975,1945,3,12.0,58.44
6976,1951,3,1.0,176.47
6977,1951,3,12.0,169.45
6978,1979,6,1.0,109.5
6979,1958,3,1.0,169.37
6980,1963,3,1.0,170.84
6981,1967,3,1.0,112.54
6982,1967,9,1.0,104.26
6983,1967,3,12.0,86.81
6984,2003,3,1.0,262.45
6985,2003,3,12.0,138.35
6986,2004,3,1.0,316.76
6987,2004,3,12.0,268.54
6988,2008,12,1.0,733.56
6989,1965,6,1.0,111.84
6990,1966,9,1.0,96.14
6991,1952,3,1.0,151.18
6992,1960,3,1.0,144.43
6993,1960,3,12.0,127.92
6994,2006,15,1.0,162.68
6995,2006,3,12.0,122.77
6996,1962,3,1.0,94.33
6997,1959,3,1.0,62.16
6998,1969,3,1.0,84.85
6999,1970,3,12.0,81.8
7000,1970,3,1.0,92.32
7001,1950,6,1.0,84.46
7002,1950,3,12.0,29.73
7003,2021,15,1.0,56.82
7004,2021,3,12.0,48.83
7005,1965,3,1.0,92.16
7006,1965,3,1.0,109.14
7007,1975,9,1.0,86.31
7008,1976,3,1.0,114.47
7009,1990,6,1.0,118.45
7010,1977,6,1.0,102.62
7011,1972,9,1.0,184.92
7012,1962,3,1.0,89.81
7013,2008,12,1.0,69.47
7014,2008,3,12.0,59.31
7015,1978,12,1.0,577.94
7016,1978,3,12.0,382.11
7017,1959,6,1.0,224.54
7018,1963,3,1.0,138.76
7019,1957,3,1.0,107.15
7020,2022,9,1.0,83.26
7021,1959,3,1.0,114.97
7022,1960,3,1.0,102.68
7023,1965,6,1.0,111.72
7024,1957,6,1.0,103.82
7025,1957,3,1.0,132.38
7026,1973,6,1.0,73.89
7027,1964,3,11.0,55.5
7028,1964,3,12.0,
7029,1962,3,1.0,101.22
7030,1963,6,1.0,105.59
7031,1958,6,1.0,83.09
7032,1958,3,12.0,65.31
7033,1967,3,1.0,161.31
7034,1984,9,1.0,269.14
7035,1983,3,1.0,111.41
7036,1994,3,1.0,113.12
7037,1964,3,1.0,51.47
7038,1958,3,1.0,59.24
7039,1968,3,1.0,97.67
7040,1958,3,12.0,83.34
7041,1961,3,1.0,60.7
7042,1962,3,1.0,110.56
7043,1940,3,5.0,70.05
7044,1960,3,1.0,70.05
7045,1984,3,1.0,76.1
7046,1973,9,1.0,76.01
7047,1979,3,1.0,30.52
7048,1957,6,1.0,52.52
7049,1963,6,1.0,78.5
7050,2001,12,1.0,190.29
7051,1965,6,1.0,90.41
7052,1965,3,9.0,16.14
7053,1977,6,1.0,257.9
7054,2009,15,1.0,300.06
7055,2009,6,12.0,300.06
7056,1956,3,1.0,54.92
7057,1958,3,1.0,50.85
7058,1960,3,1.0,91.51
7059,1960,6,1.0,104.04
7060,1958,3,1.0,85.85
7061,1960,3,1.0,115.4
7062,1962,3,1.0,101.04
7063,1960,3,1.0,104.5
7064,1959,6,1.0,102.66
7065,1959,6,12.0,80.23
7066,1958,3,1.0,76.61
7067,1968,3,1.0,61.41
7068,2005,6,1.0,72.77
7069,1962,6,1.0,152.11
7070,1959,3,1.0,238.29
7071,1955,3,1.0,108.72
7072,1960,3,1.0,77.35
7073,1961,3,1.0,120.91
7074,1964,3,1.0,123.33
7075,1950,3,1.0,85.78
7076,2006,3,1.0,92.34
7077,1963,9,1.0,115.69
7078,1947,9,1.0,210.63
7079,1930,3,1.0,104.87
7080,1940,3,1.0,46.02
7081,1963,3,1.0,88.2
7082,1955,3,1.0,74.09
7083,1950,3,1.0,82.64
7084,1954,3,1.0,79.07
7085,1958,3,1.0,75.3
7086,1956,3,1.0,86.42
7087,1956,3,12.0,86.42
7088,1993,3,1.0,79.23
7089,1959,3,1.0,88.82
7090,1930,3,1.0,75.22
7091,1960,3,5.0,38.59
7092,1960,3,1.0,205.29
7093,1960,3,1.0,92.24
7094,1960,3,12.0,75.58
7095,1960,3,1.0,87.32
7096,1960,3,1.0,108.74
7097,1989,9,1.0,55.7
7098,1960,3,1.0,98.87
7099,1970,3,1.0,40.56
7100,1960,3,1.0,154.46
7101,1960,6,1.0,119.22
7102,1960,3,12.0,111.33
7103,1930,3,1.0,176.32
7104,1960,3,1.0,98.74
7105,1960,6,1.0,189.72
7106,1960,3,12.0,88.44
7107,1960,9,1.0,198.22
7108,1960,3,12.0,96.16
7109,1960,3,1.0,175.6
7110,1960,6,1.0,87.21
7111,1960,3,1.0,90.67
7112,1960,3,1.0,112.38
7113,1960,3,1.0,71.84
7114,1960,3,1.0,84.03
7115,1994,12,1.0,377.07
7116,1960,3,1.0,79.97
7117,1960,3,1.0,83.13
7118,1955,3,1.0,85.36
7119,1955,3,12.0,
7120,1960,6,12.0,71.32
7121,1960,3,1.0,94.72
7122,1960,6,1.0,104.63
7123,1960,9,12.0,44.1
7124,1957,9,1.0,85.19
7125,1960,3,1.0,97.61
7126,1960,3,1.0,96.36
7127,1973,3,1.0,120.42
7128,1983,9,1.0,91.21
7129,1960,3,1.0,36.54
7130,2006,12,1.0,243.85
7131,1960,12,1.0,48.64
7132,1960,9,12.0,48.64
7133,1950,3,1.0,70.12
7134,1960,3,1.0,93.62
7135,1978,6,1.0,101.23
7136,1996,3,11.0,101.23
7137,1960,9,1.0,100.49
7138,1960,6,12.0,100.49
7139,1960,3,1.0,83.52
7140,1950,6,1.0,89.34
7141,1960,3,1.0,89.58
7142,1960,12,1.0,81.67
7143,1960,3,12.0,68.71
7144,1960,3,1.0,89.13
7145,1960,3,1.0,191.69
7146,1960,3,11.0,86.43
7147,1960,3,1.0,160.42
7148,1960,3,1.0,120.32
7149,1960,3,12.0,25.01
7150,1940,3,1.0,107.68
7151,1940,3,12.0,
7152,1960,3,1.0,113.19
7153,1960,3,1.0,109.57
7154,1960,3,12.0,
7155,1960,3,1.0,90.24
7156,1960,3,1.0,82.24
7157,1960,9,1.0,73.6
7158,1960,3,12.0,42.52
7159,1960,3,1.0,71.25
7160,1959,3,1.0,66.48
7161,1959,3,12.0,10.91
7162,1960,3,1.0,48.87
7163,1960,3,1.0,82.54
7164,1960,3,1.0,70.9
7165,1960,3,1.0,96.33
7166,1960,3,1.0,86.61
7167,1988,9,1.0,51.0
7168,1988,3,12.0,50.0
7169,1951,3,1.0,85.52
7170,1951,3,12.0,
7171,1960,3,1.0,82.48
7172,1955,3,1.0,94.6
7173,1960,3,1.0,84.09
7174,1960,3,12.0,78.62
7175,1949,3,1.0,112.73
7176,1960,6,1.0,45.11
7177,1970,3,1.0,83.98
7178,1970,3,12.0,72.65
7179,1960,3,12.0,77.81
7180,1960,3,1.0,92.01
7181,1987,6,1.0,75.27
7182,1987,3,12.0,52.66
7183,2007,9,1.0,75.78
7184,1960,3,1.0,55.54
7185,2006,9,1.0,112.0
7186,1992,6,1.0,113.11
7187,1958,6,1.0,308.4
7188,1960,3,12.0,162.86
7189,1999,9,1.0,145.3
7190,1992,3,12.0,112.55
7191,2004,6,1.0,137.81
7192,2004,3,11.0,137.81
7193,1975,9,1.0,130.94
7194,1987,3,1.0,123.57
7195,2002,9,1.0,136.27
7196,1990,3,1.0,120.96
7197,2005,9,1.0,186.42
7198,2010,9,1.0,174.65
7199,2009,3,12.0,130.16
7200,2006,12,1.0,161.26
7201,1990,3,12.0,79.62
7202,1990,3,12.0,79.69
7203,2000,12,1.0,390.49
7204,1966,3,1.0,150.22
7205,1966,3,12.0,138.8
7206,1966,3,1.0,100.28
7207,1966,3,12.0,
7208,1973,3,1.0,65.86
7209,1973,3,12.0,57.59
7210,1975,3,1.0,166.24
7211,1973,6,1.0,153.12
7212,1966,9,1.0,153.3
7213,1966,3,9.0,143.83
7214,1966,3,1.0,150.65
7215,1966,3,12.0,134.76
7216,1967,3,1.0,148.8
7217,1967,3,1.0,142.05
7218,1967,3,12.0,113.13
7219,1971,3,1.0,74.02
7220,1978,3,1.0,91.37
7221,1978,3,12.0,91.37
7222,2004,6,1.0,152.42
7223,1969,9,1.0,148.02
7224,1970,6,1.0,150.13
7225,1970,6,12.0,124.39
7226,1980,6,1.0,148.87
7227,1980,6,12.0,139.07
7228,1990,3,1.0,149.66
7229,1970,3,12.0,112.7
7230,2008,3,12.0,113.75
7231,1990,9,1.0,118.15
7232,1990,6,12.0,107.5
7233,1969,9,1.0,147.32
7234,1973,3,1.0,150.66
7235,1973,3,12.0,130.4
7236,1973,9,1.0,126.95
7237,1973,3,12.0,98.51
7238,1973,6,1.0,147.49
7239,1973,6,1.0,114.16
7240,1973,3,1.0,82.75
7241,1973,3,12.0,73.59
7242,1960,3,12.0,41.98
7243,1960,6,1.0,49.99
7244,1960,3,1.0,109.91
7245,1960,3,12.0,
7246,1960,6,1.0,136.67
7247,1960,3,11.0,136.67
7248,1960,3,12.0,
7249,1960,6,1.0,336.24
7250,1960,3,12.0,165.89
7251,1959,3,1.0,239.24
7252,1980,3,1.0,100.08
7253,1980,3,11.0,
7254,1960,3,1.0,131.49
7255,1960,3,11.0,13.92
7256,1960,6,12.0,
7257,1977,3,1.0,212.01
7258,1980,6,1.0,96.77
7259,1980,3,11.0,54.58
7260,1980,3,12.0,
7261,1960,3,1.0,88.09
7262,1960,3,11.0,
7263,1960,3,1.0,84.64
7264,1960,3,12.0,
7265,1970,3,1.0,104.03
7266,1970,3,11.0,
7267,1970,3,12.0,
7268,1960,3,12.0,45.0
7269,1960,3,1.0,61.64
7270,1960,3,1.0,36.0
7271,1960,6,1.0,92.27
7272,1960,3,11.0,19.17
7273,2007,3,12.0,
7274,1960,3,1.0,35.82
7275,1959,3,1.0,66.46
7276,1958,3,1.0,178.63
7277,1978,6,1.0,44.78
7278,1978,3,12.0,44.78
7279,1960,3,1.0,78.48
7280,1960,6,1.0,223.07
7281,1960,3,11.0,71.25
7282,1960,3,12.0,
7283,1960,3,1.0,41.11
7284,1990,3,1.0,90.0
7285,1990,3,11.0,18.78
7286,1990,3,12.0,
7287,1959,6,1.0,97.51
7288,1959,3,12.0,70.34
7289,2019,3,1.0,144.9
7290,2019,3,11.0,
7291,1980,3,12.0,90.29
7292,1960,3,1.0,54.12
7293,1960,3,12.0,
7294,2015,3,1.0,104.17
7295,2024,6,1.0,185.66
7296,2024,3,10.0,38.22
7297,2024,3,12.0,
7298,2011,9,1.0,158.29
7299,2011,3,10.0,28.79
7300,2011,3,11.0,
7301,2011,3,12.0,
7302,2023,3,1.0,128.48
7303,2007,6,1.0,118.4
7304,2007,3,12.0,48.0
7305,1950,3,1.0,113.57
7306,1950,3,11.0,
7307,1950,3,12.0,
7308,2014,6,1.0,100.18
7309,1950,3,10.0,49.39
7310,1982,6,12.0,
7311,1950,6,1.0,110.84
7312,1957,3,1.0,234.73
7313,1957,3,12.0,143.41
7314,1932,3,12.0,119.08
7315,1930,6,1.0,120.78
7316,1970,3,1.0,103.89
7317,1930,3,1.0,102.17
7318,1947,3,1.0,102.22
7319,1961,3,1.0,76.59
7320,1970,3,1.0,106.68
7321,1935,3,12.0,106.68
7322,1971,12,1.0,212.66
7323,1971,3,12.0,72.5
7324,1956,3,5.0,220.88
7325,1999,9,1.0,104.17
7326,1999,3,12.0,78.65
7327,2007,3,5.0,540.99
7328,2007,6,1.0,284.29
7329,1958,3,5.0,788.47
7330,1958,3,1.0,136.11
7331,1958,3,12.0,15.55
7332,1960,3,1.0,194.95
7333,1963,3,1.0,104.86
7334,1910,3,1.0,68.38
7335,1999,6,1.0,620.63
7336,1998,6,1.0,219.11
7337,1998,3,12.0,135.6
7338,1993,3,5.0,3021.96
7339,1993,3,9.0,591.13
7340,2000,3,5.0,2343.47
7341,2001,18,1.0,2311.89
7342,1979,9,1.0,1035.3
7343,1979,3,3.0,18.03
7344,1976,3,1.0,144.29
7345,1974,6,1.0,134.72
7346,1959,3,1.0,113.2
7347,1979,3,1.0,136.63
7348,1979,3,12.0,123.59
7349,1931,3,1.0,102.48
7350,1980,3,1.0,94.89
7351,1978,3,1.0,135.09
7352,1934,3,1.0,90.06
7353,1947,6,1.0,113.62
7354,1999,3,2.0,75.63
7355,1999,3,12.0,75.63
7356,1940,6,1.0,123.69
7357,2001,6,1.0,281.74
7358,1943,3,1.0,203.87
7359,1928,9,1.0,113.63
7360,1928,3,12.0,98.73
7361,1991,3,1.0,130.5
7362,2009,6,1.0,339.99
7363,1975,6,1.0,240.84
7364,1980,6,1.0,130.18
7365,2016,9,1.0,98.96
7366,2016,3,11.0,85.35
7367,2016,3,12.0,85.35
7368,1974,3,1.0,178.3
7369,1969,3,12.0,85.36
7370,1930,6,1.0,141.82
7371,1930,6,12.0,107.87
7372,1989,6,1.0,135.38
7373,2009,3,12.0,91.96
7374,1982,3,1.0,124.7
7375,1955,3,12.0,97.72
7376,1996,3,1.0,102.86
7377,1955,3,1.0,96.71
7378,1931,3,5.0,132.63
7379,1931,3,1.0,116.74
7380,1960,3,5.0,179.9
7381,1960,3,1.0,142.31
7382,1960,3,12.0,75.38
7383,1965,3,1.0,145.35
7384,1945,3,1.0,65.91
7385,1960,3,1.0,74.88
7386,1960,3,12.0,74.88
7387,1960,3,1.0,90.53
7388,1960,3,12.0,80.12
7389,1940,3,12.0,102.54
7390,1940,3,12.0,131.0
7391,1945,12,1.0,136.57
7392,1945,3,12.0,107.76
7393,1945,3,1.0,119.59
7394,1945,3,1.0,129.99
7395,1975,9,1.0,136.21
7396,1991,3,1.0,135.04
7397,1935,3,8.0,134.86
7398,1935,6,1.0,104.48
7399,1935,6,12.0,91.42
7400,1963,6,1.0,207.32
7401,1963,6,11.0,207.32
7402,1975,6,1.0,339.53
7403,1950,3,1.0,149.59
7404,1950,3,1.0,150.95
7405,1993,3,1.0,98.34
7406,1975,3,1.0,100.91
7407,1982,9,1.0,159.29
7408,1982,3,11.0,134.33
7409,1982,6,12.0,102.46
7410,1970,15,1.0,245.82
7411,1965,15,1.0,145.74
7412,1975,15,1.0,156.54
7413,1965,15,1.0,149.58
7414,1965,18,1.0,165.96
7415,1965,18,1.0,305.48
7416,1994,6,1.0,431.19
7417,1980,6,1.0,124.53
7418,2006,3,5.0,218.2
7419,2006,12,1.0,202.26
7420,2007,3,5.0,398.01
7421,2007,12,1.0,322.84
7422,2007,6,12.0,322.84
7423,1981,3,5.0,348.93
7424,1981,3,8.0,326.77
7425,1981,15,1.0,323.65
7426,1981,3,12.0,304.81
7427,1959,3,1.0,83.28
7428,1957,3,1.0,95.0
7429,1992,6,1.0,114.8
7430,1960,3,12.0,32.36
7431,1961,6,1.0,122.02
7432,1957,6,1.0,110.27
7433,1957,6,12.0,80.96
7434,1957,3,5.0,76.05
7435,1986,9,1.0,73.58
7436,1957,3,12.0,49.83
7437,1957,6,1.0,112.83
7438,1957,3,1.0,109.3
7439,1957,3,12.0,15.45
7440,1960,3,12.0,136.16
7441,1965,3,1.0,152.51
7442,1963,3,12.0,139.06
7443,1961,3,1.0,121.55
7444,1961,3,12.0,84.68
7445,1957,3,1.0,74.73
7446,1957,6,1.0,147.57
7447,1957,3,12.0,102.71
7448,1967,12,1.0,279.06
7449,1981,21,1.0,499.08
7450,1982,15,1.0,319.11
7451,1999,9,1.0,168.94
7452,1943,3,1.0,240.4
7453,1957,3,12.0,44.08
7454,2024,3,5.0,523.17
7455,2024,18,1.0,
7456,2024,9,12.0,
7457,1960,9,1.0,193.86
7458,2001,6,1.0,402.49
7459,1993,6,1.0,385.78
7460,1989,3,12.0,765.12
7461,1970,9,1.0,453.01
7462,1977,9,1.0,453.14
7463,1970,3,5.0,445.82
7464,1970,12,1.0,209.56
7465,1980,9,1.0,223.71
7466,1972,9,1.0,218.96
7467,1970,3,1.0,191.95
7468,1950,6,1.0,131.99
7469,1951,3,5.0,52.44
7470,1951,6,1.0,52.44
7471,1943,3,1.0,78.64
7472,1943,3,12.0,57.23
7473,1977,9,1.0,146.26
7474,1973,12,1.0,271.08
7475,1955,3,5.0,911.64
7476,1960,3,12.0,151.88
7477,1966,9,1.0,148.25
7478,1990,9,1.0,485.15
7479,1965,9,1.0,170.89
7480,1965,9,1.0,125.58
7481,1960,9,1.0,305.84
7482,1960,9,1.0,306.33
7483,1960,9,1.0,295.21
7484,1978,18,1.0,207.18
7485,1959,3,5.0,66.23
7486,1959,3,1.0,66.23
7487,1963,9,1.0,111.46
7488,1957,3,1.0,93.79
7489,1957,3,12.0,
7490,1957,3,1.0,129.95
7491,1957,3,12.0,
7492,1954,6,1.0,90.7
7493,1954,6,12.0,7.82
7494,1959,3,1.0,82.27
7495,1959,3,12.0,
7496,1963,3,1.0,93.72
7497,1963,3,12.0,93.72
7498,1961,3,2.0,76.65
7499,1961,6,1.0,76.65
7500,1961,3,11.0,
7501,2003,3,1.0,128.74
7502,2003,3,12.0,128.74
7503,1963,6,1.0,142.55
7504,1990,3,1.0,143.08
7505,1961,3,12.0,107.75
7506,1976,12,1.0,267.67
7507,1989,9,1.0,452.13
7508,1989,3,12.0,189.13
7509,1969,6,1.0,278.38
7510,1959,3,1.0,128.31
7511,1997,3,5.0,143.59
7512,1997,9,1.0,62.46
7513,1958,3,12.0,62.46
7514,1968,3,1.0,125.63
7515,1965,6,1.0,143.85
7516,1960,3,5.0,133.56
7517,1960,3,1.0,111.69
7518,1958,3,1.0,98.41
7519,1958,3,12.0,87.78
7520,1958,3,5.0,106.39
7521,1958,3,1.0,76.29
7522,1960,3,1.0,107.0
7523,1961,3,5.0,184.46
7524,1961,3,1.0,155.88
7525,1960,3,1.0,49.72
7526,1989,3,1.0,82.03
7527,1989,3,1.0,79.52
7528,1989,3,1.0,78.64
7529,1989,3,1.0,79.46
7530,1989,3,12.0,68.63
7531,2003,3,5.0,448.15
7532,2003,3,1.0,428.08
7533,2003,3,12.0,428.08
7534,1957,3,1.0,157.09
7535,1957,3,12.0,136.82
7536,1997,12,1.0,433.39
7537,1963,3,1.0,135.45
7538,2006,9,1.0,128.84
7539,2006,3,12.0,69.37
7540,1960,3,1.0,123.83
7541,1965,3,1.0,158.74
7542,1975,3,1.0,263.99
7543,1975,3,12.0,157.37
7544,1979,3,1.0,118.27
7545,1970,3,1.0,107.31
7546,1958,3,1.0,122.17
7547,1963,6,1.0,124.77
7548,2023,15,1.0,152.49
7549,1987,15,1.0,422.0
7550,1987,15,1.0,601.71
7551,1991,3,5.0,351.37
7552,1991,3,4.0,145.2
7553,1991,18,1.0,145.2
7554,1998,15,1.0,612.56
7555,1996,3,5.0,445.51
7556,1996,9,1.0,307.3
7557,2006,9,1.0,428.45
7558,2006,6,12.0,414.64
7559,1965,3,2.0,400.39
7560,1965,3,12.0,400.39
7561,1993,3,3.0,1055.57
7562,1987,3,12.0,319.82
7563,1965,3,1.0,128.03
7564,1950,3,12.0,59.52
7565,1962,12,2.0,175.02
7566,1987,3,10.0,382.63
7567,1976,6,5.0,2599.07
7568,1965,3,3.0,872.65
7569,1965,6,1.0,
7570,1965,3,5.0,2165.42
7571,2005,3,4.0,181.38
7572,1965,3,3.0,
7573,1965,3,1.0,
7574,1974,3,12.0,470.2
7575,1996,6,5.0,701.18
7576,1996,3,12.0,
7577,1973,3,12.0,473.21
7578,1971,3,2.0,843.38
7579,1971,3,12.0,
7580,1972,3,3.0,356.86
7581,1979,3,12.0,469.97
7582,1993,3,3.0,120.8
7583,1962,3,1.0,113.06
7584,1971,3,5.0,171.34
7585,1968,3,2.0,303.26
7586,1968,3,12.0,186.47
7587,1973,3,12.0,102.04
7588,1972,3,12.0,210.55
7589,1972,3,12.0,458.96
7590,1988,3,3.0,801.8
7591,1978,3,10.0,427.74
7592,1978,3,12.0,
7593,1976,9,3.0,377.99
7594,1972,3,3.0,370.99
7595,1972,6,2.0,35.27
7596,1972,6,12.0,
7597,1991,3,3.0,194.28
7598,1997,9,11.0,192.57
7599,1956,6,1.0,110.43
7600,1976,6,12.0,92.62
7601,2001,9,1.0,217.59
7602,1979,3,5.0,196.8
7603,1979,18,1.0,149.36
7604,2004,9,1.0,202.46
7605,2004,3,12.0,202.46
7606,1990,9,1.0,279.49
7607,1969,3,1.0,117.02
7608,1959,3,1.0,169.31
7609,1959,3,12.0,115.36
7610,1971,6,1.0,109.27
7611,1971,6,12.0,95.51
7612,1956,3,2.0,161.15
7613,1956,3,12.0,70.87
7614,1964,3,1.0,154.62
7615,1964,3,12.0,143.57
7616,1960,3,4.0,270.76
7617,1988,9,4.0,645.2
7618,1970,3,12.0,27.86
7619,1971,3,1.0,153.51
7620,1971,3,12.0,141.4
7621,1965,3,1.0,107.13
7622,1959,3,12.0,98.54
7623,1973,3,12.0,116.07
7624,1980,15,1.0,239.65
7625,1980,3,12.0,196.45
7626,1954,3,1.0,125.54
7627,1964,3,12.0,118.33
7628,1971,3,1.0,107.79
7629,1971,3,12.0,91.24
7630,1975,3,12.0,168.97
7631,1974,3,2.0,335.21
7632,1974,3,12.0,202.29
7633,1974,3,2.0,530.67
7634,1974,3,12.0,196.32
7635,2001,9,1.0,259.51
7636,2002,9,1.0,527.68
7637,2007,9,1.0,325.92
7638,1968,3,1.0,150.67
7639,1953,6,1.0,503.62
7640,1953,3,12.0,170.57
7641,1991,3,5.0,278.04
7642,1991,9,1.0,265.91
7643,1954,3,1.0,95.99
7644,1954,3,1.0,77.01
7645,1964,6,1.0,114.63
7646,2007,15,1.0,76.13
7647,2007,6,11.0,54.23
7648,2007,3,12.0,54.23
7649,1934,3,1.0,114.18
7650,2017,3,12.0,
7651,1934,3,1.0,121.88
7652,1934,3,12.0,67.21
7653,1934,3,1.0,75.83
7654,2022,6,1.0,68.58
7655,2022,3,12.0,56.25
7656,2002,3,1.0,198.46
7657,2008,9,1.0,160.89
7658,1972,12,1.0,81.51
7659,1969,15,1.0,212.52
7660,1977,12,1.0,293.85
7661,2003,3,1.0,131.42
7662,1965,3,1.0,167.02
7663,1931,3,12.0,98.94
7664,1931,3,1.0,143.41
7665,1933,3,1.0,137.05
7666,1933,6,12.0,18.54
7667,1935,3,1.0,87.37
7668,1963,12,1.0,264.33
7669,1964,12,1.0,152.01
7670,1964,9,1.0,156.19
7671,1965,6,1.0,107.93
7672,1954,3,11.0,86.82
7673,2005,9,1.0,327.03
7674,1977,9,1.0,135.76
7675,1954,3,1.0,107.7
7676,2003,3,1.0,122.62
7677,2003,3,12.0,107.01
7678,1956,3,1.0,99.91
7679,1961,3,1.0,76.1
7680,1962,3,1.0,97.68
7681,1962,3,12.0,85.86
7682,2015,6,1.0,70.43
7683,2001,3,5.0,309.42
7684,2001,9,1.0,171.93
7685,1964,6,1.0,109.61
7686,1964,3,12.0,109.61
7687,1990,3,3.0,210.55
7688,1948,3,1.0,167.4
7689,1986,3,12.0,48.62
7690,1934,3,1.0,125.28
7691,1934,3,12.0,15.95
7692,1952,3,5.0,78.17
7693,1958,3,1.0,132.95
7694,1950,3,5.0,104.89
7695,1955,3,1.0,94.43
7696,1972,6,1.0,87.48
7697,1967,3,12.0,82.0
7698,1960,3,1.0,100.34
7699,1976,3,1.0,97.66
7700,1956,9,1.0,74.87
7701,2000,9,1.0,324.05
7702,2000,12,12.0,209.6
7703,2007,9,1.0,234.84
7704,2005,6,1.0,56.0
7705,2005,6,1.0,60.89
7706,1995,3,5.0,253.4
7707,1995,9,1.0,242.03
7708,1978,9,1.0,118.08
7709,1960,3,5.0,137.67
7710,1960,3,1.0,120.46
7711,1960,3,1.0,78.56
7712,1960,3,12.0,76.28
7713,1977,3,1.0,164.02
7714,1979,15,1.0,1653.71
7715,1974,15,1.0,372.28
7716,1974,15,1.0,325.0
7717,1974,15,1.0,511.01
7718,1964,3,2.0,289.02
7719,1964,6,1.0,275.28
7720,1963,3,5.0,121.55
7721,1963,3,1.0,100.18
7722,1968,3,1.0,97.69
7723,1968,3,12.0,81.55
7724,1972,9,1.0,109.7
7725,1972,12,1.0,269.38
7726,1964,12,1.0,101.08
7727,1964,6,12.0,85.92
7728,1964,3,2.0,247.66
7729,1964,3,1.0,235.52
7730,1997,9,1.0,102.04
7731,1978,15,1.0,184.35
7732,1945,3,1.0,117.92
7733,1977,9,1.0,389.85
7734,1993,3,5.0,729.56
7735,1994,12,1.0,332.32
7736,1965,3,1.0,110.22
7737,1955,3,1.0,87.22
7738,1990,3,8.0,200.95
7739,1990,3,1.0,131.31
7740,1994,9,1.0,270.23
7741,1961,3,1.0,88.48
7742,1960,6,1.0,211.64
7743,1973,6,1.0,121.89
7744,1960,3,1.0,124.92
7745,1960,3,12.0,100.09
7746,1963,3,5.0,235.68
7747,1971,9,1.0,199.63
7748,1986,9,1.0,234.44
7749,1954,3,1.0,97.55
7750,1979,12,1.0,159.05
7751,1979,3,9.0,159.05
7752,1970,3,1.0,88.97
7753,1930,3,12.0,88.97
7754,1981,3,1.0,82.12
7755,1940,3,12.0,78.06
7756,2016,9,1.0,80.9
7757,2016,3,12.0,52.93
7758,1936,3,1.0,102.31
7759,1935,3,1.0,95.2
7760,1968,3,1.0,138.68
7761,1968,3,12.0,128.3
7762,1993,9,1.0,257.62
7763,1984,3,3.0,244.11
7764,1997,3,3.0,108.14
7765,2016,9,1.0,77.57
7766,2016,3,12.0,53.94
7767,2022,15,1.0,383.32
7768,2022,3,12.0,231.89
7769,1972,12,1.0,302.82
7770,1962,3,1.0,132.94
7771,1965,3,1.0,84.82
7772,1965,3,12.0,74.4
7773,1965,3,1.0,96.1
7774,1957,3,1.0,96.87
7775,1957,3,12.0,96.87
7776,1957,3,1.0,111.15
7777,1957,3,12.0,109.23
7778,1957,3,1.0,81.18
7779,1957,3,12.0,51.32
7780,1996,12,1.0,121.31
7781,2003,9,1.0,92.39
7782,1950,3,1.0,103.31
7783,1950,3,1.0,127.34
7784,1950,3,12.0,
7785,1967,6,1.0,131.51
7786,1974,6,11.0,128.18
7787,1967,6,12.0,39.45
7788,1960,3,1.0,81.01
7789,1957,3,1.0,93.06
7790,1975,6,1.0,84.45
7791,1967,6,1.0,146.06
7792,1996,12,1.0,65.47
7793,1996,3,12.0,47.8
7794,1960,3,1.0,135.41
7795,1960,3,1.0,101.27
7796,1960,3,1.0,116.89
7797,1963,3,1.0,80.92
7798,2004,3,1.0,347.36
7799,2004,3,12.0,347.36
7800,1960,6,1.0,36.83
7801,1960,3,12.0,34.34
7802,1960,3,1.0,81.73
7803,1960,3,12.0,29.04
7804,1960,3,1.0,78.06
7805,1970,3,1.0,91.78
7806,1971,3,1.0,116.56
7807,2002,6,1.0,125.97
7808,2000,3,12.0,101.15
7809,2006,9,1.0,178.84
7810,1960,6,1.0,105.14
7811,1960,3,12.0,55.22
7812,1960,3,1.0,104.08
7813,1960,3,1.0,116.25
7814,1960,3,12.0,78.14
7815,1939,3,1.0,114.53
7816,1939,3,12.0,
7817,1960,3,1.0,110.38
7818,1960,3,1.0,108.96
7819,1960,3,1.0,102.94
7820,1960,3,12.0,93.26
7821,1960,3,1.0,178.89
7822,1960,3,1.0,92.81
7823,1960,3,12.0,92.81
7824,1960,3,1.0,83.46
7825,1955,3,1.0,75.42
7826,1960,3,1.0,74.14
7827,1960,3,12.0,36.3
7828,1971,12,1.0,70.83
7829,1960,3,1.0,99.86
7830,1960,3,12.0,
7831,1962,3,1.0,85.72
7832,1950,3,1.0,150.69
7833,1950,3,12.0,109.13
7834,1981,6,1.0,154.55
7835,1970,3,1.0,157.54
7836,1970,12,1.0,115.94
7837,1965,3,12.0,87.78
7838,1960,3,1.0,96.15
7839,1960,3,1.0,92.6
7840,1960,3,12.0,157.65
7841,1985,6,1.0,99.08
7842,1960,3,12.0,83.66
7843,1992,3,1.0,74.59
7844,1960,3,1.0,89.88
7845,1960,3,1.0,112.93
7846,1960,6,1.0,180.66
7847,1960,6,12.0,76.25
7848,2005,12,1.0,132.54
7849,1995,6,1.0,94.27
7850,1995,6,12.0,60.0
7851,1960,3,1.0,59.19
7852,1961,3,5.0,51.78
7853,1961,3,1.0,51.78
7854,1960,3,1.0,89.8
7855,1960,3,12.0,89.8
7856,1960,3,1.0,127.83
7857,1993,3,1.0,132.05
7858,1960,3,1.0,74.46
7859,2018,3,12.0,45.13
7860,1950,3,1.0,105.31
7861,1950,3,12.0,95.14
7862,1960,3,1.0,99.84
7863,1960,3,1.0,83.8
7864,2005,3,1.0,72.07
7865,2005,3,12.0,57.66
7866,1960,3,1.0,79.83
7867,1960,3,1.0,125.6
7868,1993,3,1.0,87.17
7869,1973,3,1.0,134.63
7870,2003,3,1.0,112.51
7871,1960,3,1.0,147.34
7872,1960,9,1.0,145.02
7873,1960,3,12.0,145.02
7874,1960,6,1.0,146.07
7875,1960,3,1.0,79.25
7876,1960,3,12.0,79.25
7877,1960,6,1.0,164.24
7878,1960,3,12.0,115.3
7879,1996,6,1.0,171.75
7880,1960,3,1.0,59.4
7881,1960,3,1.0,61.27
7882,1960,3,1.0,37.38
7883,1960,3,1.0,68.93
7884,1960,3,1.0,49.65
7885,1960,3,12.0,49.65
7886,2003,12,1.0,296.13
7887,1955,3,1.0,67.51
7888,1955,3,1.0,87.55
7889,1955,3,12.0,47.51
7890,1955,3,1.0,60.93
7891,1955,6,1.0,82.37
7892,1999,6,12.0,44.25
7893,1960,3,1.0,94.02
7894,2005,3,12.0,53.6
7895,1955,3,1.0,112.65
7896,1955,3,12.0,54.44
7897,1960,9,1.0,79.28
7898,1960,3,12.0,41.0
7899,1955,6,1.0,80.74
7900,2005,3,12.0,47.59
7901,1955,3,1.0,84.16
7902,1955,3,12.0,46.39
7903,1955,3,1.0,57.49
7904,1955,3,1.0,55.74
7905,1955,3,1.0,58.98
7906,1955,3,1.0,68.59
7907,1955,3,1.0,60.64
7908,1955,3,1.0,59.23
7909,1955,3,1.0,81.74
7910,1955,3,12.0,46.27
7911,1955,3,1.0,60.67
7912,1960,6,1.0,88.84
7913,1975,3,12.0,55.44
7914,1955,3,1.0,92.93
7915,1955,3,12.0,54.5
7916,1955,6,1.0,83.31
7917,1955,3,12.0,53.51
7918,1970,3,1.0,64.75
7919,1955,3,1.0,67.44
7920,1955,3,1.0,90.64
7921,1955,3,12.0,48.14
7922,1955,3,1.0,88.55
7923,1955,3,12.0,50.49
7924,1975,3,9.0,938.24
7925,1974,18,1.0,3301.51
7926,1974,3,12.0,17.63
7927,1944,3,3.0,482.79
7928,1944,3,12.0,
7929,1944,3,12.0,35.95
7930,1980,3,12.0,753.69
7931,1960,3,12.0,40.72
7932,1960,3,1.0,161.62
7933,1960,3,12.0,
7934,1969,6,1.0,345.76
7935,1969,3,10.0,83.38
7936,1969,3,11.0,
7937,1969,6,12.0,
7938,2005,6,1.0,152.91
7939,2005,3,12.0,152.91
7940,1972,3,1.0,151.28
7941,1972,3,10.0,57.47
7942,1972,3,11.0,
7943,1972,3,12.0,
7944,1983,6,1.0,222.14
7945,1983,3,10.0,134.23
7946,1983,3,12.0,
7947,1989,3,1.0,234.63
7948,1989,3,10.0,162.38
7949,1989,3,11.0,
7950,1989,3,12.0,
7951,1980,6,1.0,220.07
7952,2008,3,10.0,80.49
7953,1980,3,12.0,
7954,2009,3,1.0,103.81
7955,2009,3,11.0,
7956,1970,6,1.0,107.84
7957,1970,6,12.0,16.49
7958,1977,9,1.0,112.67
7959,1977,3,12.0,98.75
7960,1998,3,1.0,172.62
7961,2019,3,10.0,56.68
7962,1977,3,12.0,
7963,1968,15,1.0,564.04
7964,1968,3,10.0,289.71
7965,1968,3,11.0,260.12
7966,1968,9,12.0,13.91
7967,1980,3,1.0,117.9
7968,2004,3,1.0,100.72
7969,2004,3,12.0,
7970,2003,3,1.0,115.48
7971,2003,3,11.0,
7972,2003,3,12.0,
7973,1980,3,1.0,191.65
7974,1999,6,1.0,73.24
7975,1999,3,11.0,35.8
7976,1985,6,1.0,122.2
7977,1985,3,11.0,65.3
7978,1985,3,12.0,
7979,2006,6,1.0,208.01
7980,1981,3,1.0,163.55
7981,2019,3,10.0,
7982,1981,3,11.0,
7983,1981,3,12.0,
7984,1979,3,1.0,147.88
7985,1979,3,10.0,
7986,1983,6,1.0,352.42
7987,1983,3,11.0,147.6
7988,1983,3,12.0,50.48
7989,2006,3,1.0,130.99
7990,2010,3,10.0,24.02
7991,1960,3,1.0,192.95
7992,1960,3,12.0,
7993,1980,3,1.0,54.31
7994,1968,6,1.0,162.27
7995,1990,6,1.0,509.91
7996,1990,3,10.0,319.84
7997,1968,3,11.0,130.99
7998,1968,3,12.0,
7999,1994,3,1.0,59.09
8000,1994,3,10.0,
8001,2012,6,1.0,111.01
8002,2012,6,11.0,111.01
8003,2012,3,12.0,
8004,1978,3,1.0,105.93
8005,1978,3,10.0,52.4
8006,1991,6,12.0,
8007,1979,3,12.0,10.22
8008,1979,6,1.0,271.31
8009,1979,3,10.0,190.66
8010,1979,6,12.0,
8011,1979,3,12.0,25.48
8012,1950,3,1.0,219.1
8013,1960,3,1.0,81.39
8014,1960,6,1.0,158.63
8015,1960,3,11.0,111.0
8016,1960,3,12.0,
8017,1970,3,1.0,398.12
8018,1970,9,12.0,117.71
8019,1987,9,1.0,218.83
8020,1997,3,12.0,146.22
8021,1983,6,1.0,326.12
8022,1980,3,12.0,325.37
8023,1980,3,3.0,323.62
8024,1981,3,5.0,302.87
8025,1981,3,1.0,168.19
8026,1981,6,12.0,21.33
8027,1999,3,9.0,245.06
8028,2000,6,1.0,701.5
8029,2005,6,1.0,222.01
8030,2005,6,1.0,401.43
8031,2009,12,1.0,592.48
8032,2006,9,1.0,687.67
8033,2004,3,5.0,4318.06
8034,1996,3,3.0,2962.11
8035,2020,3,12.0,116.13
8036,1961,3,12.0,30.77
8037,1949,3,1.0,87.36
8038,1973,6,1.0,100.71
8039,1973,3,12.0,74.25
8040,2001,6,1.0,137.88
8041,1930,3,5.0,100.84
8042,1975,3,1.0,152.94
8043,1930,3,5.0,168.46
8044,1930,3,1.0,151.08
8045,1978,6,1.0,361.32
8046,1945,3,1.0,50.84
8047,1976,3,1.0,125.12
8048,1976,6,12.0,125.12
8049,1970,3,1.0,146.27
8050,1970,3,11.0,146.27
8051,1970,3,12.0,
8052,1963,3,5.0,149.46
8053,1975,3,5.0,136.65
8054,1968,3,1.0,224.34
8055,1968,3,12.0,43.18
8056,1930,3,1.0,93.0
8057,1930,3,1.0,94.61
8058,2005,3,1.0,112.14
8059,1920,3,1.0,112.22
8060,1920,3,12.0,31.9
8061,1939,3,1.0,102.07
8062,1952,3,1.0,117.98
8063,1952,3,1.0,134.13
8064,1974,3,12.0,110.85
8065,1950,3,1.0,103.96
8066,1960,3,1.0,135.22
8067,1960,3,12.0,92.33
8068,1957,6,1.0,87.97
8069,1972,3,1.0,116.78
8070,1980,9,1.0,169.75
8071,1979,3,1.0,137.67
8072,1979,3,12.0,106.64
8073,1950,3,1.0,80.35
8074,1950,3,12.0,10.22
8075,1950,3,1.0,120.87
8076,1950,3,12.0,
8077,1949,3,1.0,191.94
8078,1949,3,12.0,96.08
8079,1945,3,5.0,168.22
8080,1945,3,1.0,27.32
8081,1945,3,12.0,
8082,1990,3,5.0,187.35
8083,1947,3,1.0,86.41
8084,1947,3,12.0,
8085,1920,3,12.0,205.76
8086,1930,3,1.0,77.14
8087,1945,3,1.0,133.09
8088,1945,3,12.0,112.91
8089,1970,3,1.0,123.53
8090,1940,3,12.0,86.54
8091,1932,3,1.0,135.32
8092,1932,3,12.0,93.86
8093,1932,3,1.0,130.3
8094,1932,3,12.0,112.63
8095,1950,3,12.0,104.55
8096,1950,3,12.0,133.48
8097,1978,21,1.0,228.08
8098,1920,3,1.0,137.01
8099,2022,6,1.0,84.85
8100,2022,3,11.0,58.91
8101,2022,3,12.0,
8102,1973,3,1.0,138.59
8103,1925,3,12.0,111.22
8104,1987,3,1.0,80.48
8105,2024,6,1.0,51.48
8106,2024,3,11.0,51.48
8107,1965,15,1.0,157.2
8108,1965,6,12.0,157.2
8109,1980,3,1.0,111.47
8110,1928,3,12.0,91.56
8111,1965,3,1.0,111.47
8112,1999,9,1.0,290.61
8113,1993,3,12.0,113.73
8114,1952,3,1.0,128.0
8115,1964,3,1.0,107.28
8116,1930,3,1.0,89.65
8117,1921,3,1.0,78.64
8118,1980,15,1.0,253.51
8119,1968,3,1.0,125.75
8120,1925,3,12.0,58.79
8121,1983,3,1.0,260.22
8122,1960,3,1.0,178.22
8123,2008,3,5.0,76.71
8124,2008,9,1.0,59.33
8125,1920,3,1.0,141.77
8126,1960,3,1.0,126.79
8127,1930,3,12.0,106.89
8128,1922,3,5.0,113.54
8129,1922,3,1.0,27.6
8130,2017,6,1.0,73.91
8131,2017,3,12.0,56.64
8132,1955,3,1.0,130.63
8133,1986,3,1.0,91.64
8134,1920,3,12.0,54.43
8135,1920,3,1.0,127.59
8136,2002,3,5.0,143.4
8137,2002,15,1.0,115.98
8138,1920,3,1.0,116.87
8139,1920,3,12.0,
8140,1973,3,1.0,113.87
8141,1958,3,1.0,115.92
8142,1940,3,1.0,131.61
8143,1999,3,12.0,293.65
8144,1940,3,1.0,143.32
8145,1940,3,12.0,105.31
8146,2008,3,5.0,145.76
8147,2008,18,1.0,135.47
8148,1975,21,1.0,512.33
8149,1960,15,1.0,126.45
8150,1965,3,1.0,135.15
8151,1973,15,1.0,229.44
8152,1928,3,1.0,67.56
8153,1918,3,5.0,223.94
8154,1960,3,1.0,216.32
8155,1960,3,12.0,105.82
8156,1929,6,1.0,124.12
8157,1929,3,12.0,64.61
8158,1970,9,1.0,114.78
8159,1970,6,12.0,114.78
8160,2008,9,1.0,84.11
8161,1973,6,1.0,144.1
8162,1973,6,12.0,111.42
8163,1930,3,5.0,146.07
8164,1930,3,1.0,120.03
8165,1930,3,12.0,62.01
8166,1966,9,1.0,145.16
8167,1920,3,1.0,86.71
8168,2005,18,1.0,74.0
8169,2005,3,12.0,59.09
8170,1924,3,1.0,144.29
8171,1930,3,12.0,148.66
8172,1960,9,1.0,88.47
8173,1960,3,12.0,49.74
8174,1970,3,1.0,107.53
8175,1970,3,12.0,94.67
8176,1970,9,1.0,99.37
8177,1970,3,11.0,66.38
8178,1924,3,1.0,218.36
8179,1924,3,12.0,174.85
8180,2005,9,1.0,122.78
8181,2001,3,1.0,67.8
8182,1914,3,12.0,81.54
8183,1914,3,1.0,97.09
8184,1970,6,1.0,100.28
8185,1935,3,12.0,100.28
8186,2000,6,1.0,209.42
8187,1930,3,1.0,106.88
8188,1970,3,1.0,144.09
8189,1961,6,12.0,144.09
8190,1994,3,5.0,373.38
8191,1994,12,1.0,196.1
8192,1999,3,5.0,512.1
8193,1999,15,1.0,255.56
8194,1990,3,1.0,64.43
8195,1990,3,1.0,40.56
8196,1990,3,1.0,194.86
8197,1973,21,1.0,286.2
8198,1963,3,1.0,77.8
8199,1961,3,1.0,114.35
8200,1952,3,1.0,83.92
8201,1952,3,12.0,24.03
8202,1963,3,1.0,90.94
8203,1965,9,1.0,203.02
8204,1965,6,12.0,187.81
8205,1940,3,1.0,150.14
8206,1949,3,1.0,180.88
8207,1967,3,1.0,47.41
8208,1962,3,1.0,199.0
8209,1962,6,12.0,145.5
8210,1988,9,1.0,222.77
8211,1958,3,5.0,147.88
8212,1958,3,1.0,129.56
8213,1958,9,12.0,5.32
8214,1971,15,1.0,273.97
8215,1972,24,1.0,597.56
8216,2002,3,1.0,99.21
8217,2001,9,1.0,398.55
8218,1957,3,1.0,137.81
8219,1960,3,1.0,140.44
8220,1958,6,1.0,128.65
8221,1922,3,1.0,110.17
8222,1960,3,1.0,126.83
8223,1960,3,12.0,93.86
8224,1961,3,1.0,127.4
8225,1961,3,12.0,101.39
8226,1973,3,1.0,115.51
8227,1961,3,1.0,196.4
8228,1961,3,12.0,183.73
8229,1973,3,1.0,216.34
8230,1958,6,1.0,179.2
8231,1926,3,1.0,196.4
8232,1957,3,1.0,192.87
8233,1961,3,1.0,140.8
8234,1966,3,1.0,133.23
8235,1993,9,1.0,197.5
8236,1978,15,1.0,190.18
8237,1978,9,1.0,129.57
8238,1978,3,12.0,129.57
8239,1986,6,1.0,127.39
8240,1972,3,1.0,89.95
8241,1972,3,12.0,45.29
8242,1959,3,1.0,121.18
8243,1961,3,1.0,109.25
8244,1961,3,12.0,98.23
8245,1963,3,1.0,98.28
8246,1961,3,1.0,153.65
8247,1961,3,1.0,194.59
8248,1961,3,12.0,121.76
8249,1957,6,1.0,107.49
8250,1975,15,1.0,160.19
8251,2003,6,1.0,107.01
8252,2023,3,12.0,88.86
8253,1961,3,1.0,122.91
8254,1961,3,12.0,27.72
8255,1995,12,1.0,87.91
8256,1969,12,1.0,126.82
8257,1969,3,12.0,111.5
8258,2010,12,1.0,110.41
8259,2010,3,12.0,110.41
8260,1989,3,1.0,133.68
8261,2008,9,1.0,227.02
8262,1999,9,1.0,264.8
8263,1993,9,1.0,141.82
8264,1968,3,1.0,144.81
8265,1968,3,12.0,141.63
8266,1963,3,1.0,79.61
8267,1973,3,1.0,104.23
8268,2002,6,1.0,88.19
8269,1968,3,5.0,132.42
8270,1968,3,1.0,100.76
8271,1970,3,1.0,133.12
8272,1970,3,12.0,96.96
8273,2007,9,1.0,92.38
8274,1953,3,1.0,93.64
8275,1953,3,12.0,76.12
8276,1990,6,1.0,94.14
8277,2019,3,12.0,86.38
8278,1965,3,1.0,237.18
8279,2024,15,1.0,3363.81
8280,2024,9,12.0,1793.01
8281,1975,3,1.0,112.51
8282,1975,3,12.0,94.6
8283,1964,3,1.0,210.68
8284,1950,6,1.0,222.38
8285,1950,3,12.0,148.03
8286,1989,3,1.0,64.79
8287,1962,3,1.0,122.57
8288,1962,3,12.0,107.95
8289,1950,3,1.0,126.34
8290,1962,9,1.0,135.71
8291,2019,9,1.0,74.49
8292,2019,3,12.0,57.39
8293,1964,6,1.0,215.96
8294,1989,3,1.0,55.49
8295,1981,9,1.0,118.59
8296,1945,3,12.0,118.59
8297,1945,6,1.0,125.48
8298,1945,6,12.0,107.46
8299,2006,9,1.0,446.09
8300,1936,3,1.0,174.53
8301,1936,3,12.0,159.67
8302,1975,3,5.0,262.82
8303,1975,12,1.0,252.92
8304,1975,3,12.0,252.92
8305,1966,9,1.0,137.12
8306,1952,3,1.0,123.04
8307,1979,3,1.0,156.39
8308,1979,3,12.0,133.87
8309,1965,9,1.0,99.41
8310,1971,3,11.0,99.41
8311,1971,9,1.0,158.91
8312,1971,9,11.0,126.23
8313,1971,6,12.0,115.09
8314,1964,3,1.0,243.43
8315,1964,3,12.0,120.94
8316,1975,12,1.0,133.56
8317,1971,6,1.0,109.8
8318,1957,3,1.0,137.57
8319,1955,12,1.0,154.33
8320,1984,3,1.0,141.95
8321,1961,9,1.0,132.81
8322,1955,6,12.0,100.11
8323,1971,9,1.0,166.71
8324,1970,15,1.0,331.01
8325,1974,9,1.0,210.36
8326,1960,3,1.0,131.34
8327,1970,12,1.0,148.64
8328,1982,15,1.0,148.53
8329,1975,15,1.0,165.49
8330,1975,3,12.0,148.08
8331,1972,15,1.0,222.49
8332,1978,12,1.0,339.45
8333,1976,3,1.0,176.11
8334,1976,3,12.0,130.15
8335,1976,9,1.0,172.94
8336,1976,3,12.0,127.4
8337,1977,3,1.0,169.63
8338,1977,3,12.0,120.69
8339,1957,3,1.0,99.74
8340,1973,12,1.0,182.04
8341,1955,6,1.0,127.59
8342,1955,3,12.0,88.75
8343,1939,3,1.0,130.39
8344,1949,3,1.0,75.77
8345,1950,3,1.0,130.79
8346,1976,9,1.0,68.57
8347,1983,6,12.0,66.57
8348,1935,3,1.0,146.62
8349,1962,3,1.0,96.2
8350,1940,3,1.0,76.4
8351,2006,9,1.0,215.7
8352,1995,9,1.0,806.98
8353,1995,3,9.0,319.02
8354,2000,9,1.0,274.6
8355,1963,3,1.0,144.1
8356,1963,3,12.0,124.55
8357,1957,3,1.0,136.19
8358,1966,3,1.0,134.4
8359,1957,3,1.0,145.21
8360,1958,9,1.0,164.91
8361,1958,3,12.0,94.31
8362,1971,12,1.0,190.37
8363,1960,6,1.0,191.84
8364,1961,3,1.0,144.92
8365,1962,3,1.0,195.7
8366,1962,3,12.0,159.14
8367,1963,12,1.0,450.49
8368,1968,15,1.0,356.08
8369,1968,15,1.0,370.27
8370,1968,15,1.0,546.79
8371,1968,21,1.0,381.53
8372,1950,6,1.0,136.32
8373,1950,6,1.0,137.44
8374,1988,3,1.0,91.14
8375,1936,3,4.0,324.95
8376,2014,15,1.0,137.74
8377,2014,3,12.0,120.23
8378,1936,3,1.0,131.0
8379,1969,3,1.0,156.69
8380,1969,3,12.0,106.09
8381,1962,3,1.0,152.11
8382,1969,3,1.0,148.74
8383,1970,3,1.0,323.18
8384,1970,3,12.0,262.79
8385,1986,9,1.0,116.83
8386,1986,3,12.0,77.96
8387,1960,3,1.0,175.0
8388,1990,9,1.0,264.22
8389,1982,3,1.0,147.26
8390,1991,6,1.0,144.0
8391,1988,6,12.0,126.57
8392,2007,9,1.0,394.31
8393,2007,9,1.0,491.42
8394,1950,3,3.0,778.47
8395,1966,3,1.0,223.06
8396,1961,3,5.0,74.22
8397,1961,3,1.0,74.22
8398,1930,3,1.0,77.61
8399,1957,6,1.0,104.43
8400,1971,21,1.0,108.23
8401,1930,3,3.0,288.68
8402,1946,6,1.0,131.79
8403,1930,3,12.0,
8404,1956,3,4.0,194.6
8405,1956,3,1.0,145.02
8406,1965,3,5.0,756.69
8407,1965,12,1.0,700.3
8408,1979,15,1.0,178.88
8409,1950,6,1.0,186.13
8410,1950,6,1.0,189.84
8411,1950,9,1.0,192.07
8412,1982,12,1.0,503.47
8413,1989,9,1.0,489.03
8414,1989,3,12.0,309.05
8415,1978,18,1.0,194.47
8416,1982,6,1.0,113.74
8417,1971,6,1.0,104.13
8418,1931,3,1.0,36.89
8419,2000,9,1.0,282.55
8420,1962,3,1.0,136.37
8421,1960,3,1.0,72.44
8422,1960,3,12.0,107.92
8423,1950,3,1.0,116.09
8424,1950,3,12.0,105.79
8425,1960,3,1.0,119.38
8426,1960,3,12.0,117.12
8427,1995,9,1.0,116.09
8428,1995,3,9.0,116.09
8429,1956,3,5.0,368.64
8430,1956,3,1.0,209.74
8431,1956,3,12.0,
8432,1976,3,1.0,131.99
8433,1976,3,12.0,109.48
8434,1961,3,5.0,128.85
8435,1961,6,1.0,80.39
8436,1961,3,12.0,68.72
8437,1998,3,5.0,799.11
8438,1998,9,1.0,351.51
8439,1997,9,1.0,486.03
8440,1997,3,5.0,314.36
8441,1997,9,1.0,301.62
8442,1998,12,1.0,658.59
8443,2007,9,1.0,280.34
8444,1990,9,1.0,243.28
8445,1933,3,1.0,141.37
8446,1956,3,1.0,113.48
8447,1935,3,1.0,144.85
8448,2018,9,1.0,100.81
8449,2018,3,12.0,61.0
8450,2005,9,1.0,138.09
8451,1970,9,1.0,150.18
8452,1970,3,12.0,112.79
8453,1987,9,1.0,166.33
8454,1880,3,12.0,100.28
8455,1942,9,1.0,136.98
8456,1970,3,12.0,82.39
8457,1977,3,1.0,238.51
8458,1977,3,12.0,125.91
8459,1994,3,1.0,149.65
8460,1991,3,1.0,115.81
8461,1963,3,1.0,122.72
8462,1962,3,1.0,99.05
8463,1962,3,12.0,93.96
8464,1962,3,12.0,307.56
8465,1963,3,5.0,212.39
8466,1963,3,8.0,212.39
8467,1963,6,1.0,198.42
8468,2008,9,1.0,177.7
8469,1960,3,1.0,129.64
8470,1952,6,1.0,194.15
8471,2024,6,1.0,94.17
8472,2024,3,12.0,76.6
8473,2003,6,5.0,284.84
8474,2003,9,1.0,191.19
8475,2003,3,12.0,191.19
8476,1945,3,1.0,116.44
8477,1934,3,12.0,79.65
8478,1994,3,5.0,109.28
8479,1950,6,1.0,98.22
8480,1950,3,9.0,76.8
8481,1956,3,5.0,94.52
8482,1980,3,1.0,36.62
8483,1977,3,5.0,170.5
8484,1977,9,1.0,149.7
8485,1970,3,5.0,365.03
8486,1970,18,1.0,335.92
8487,1959,3,1.0,130.0
8488,1946,3,1.0,201.34
8489,1968,3,1.0,88.93
8490,1983,12,1.0,208.43
8491,1970,3,1.0,176.48
8492,1941,3,1.0,173.3
8493,1991,3,1.0,153.3
8494,1978,6,1.0,136.51
8495,2002,9,1.0,290.49
8496,1925,3,1.0,177.69
8497,2020,3,10.0,76.86
8498,1972,3,12.0,
8499,1979,9,1.0,237.51
8500,1979,6,11.0,117.26
8501,1953,3,12.0,92.7
8502,1929,3,1.0,285.5
8503,1927,3,12.0,252.54
8504,1975,18,1.0,355.64
8505,1998,9,1.0,736.52
8506,1966,15,1.0,259.93
8507,1974,3,1.0,160.71
8508,1986,6,1.0,121.99
8509,1966,3,12.0,57.32
8510,1962,3,1.0,158.57
8511,1960,3,1.0,168.21
8512,1960,3,12.0,129.0
8513,1950,3,12.0,88.02
8514,1962,3,1.0,85.34
8515,1962,3,12.0,
8516,1956,3,12.0,61.44
8517,1960,3,5.0,151.09
8518,1960,12,1.0,103.91
8519,1965,6,1.0,217.63
8520,2000,9,1.0,167.07
8521,1956,3,1.0,171.27
8522,2017,3,1.0,148.89
8523,2017,3,12.0,
8524,1935,3,1.0,143.2
8525,1953,3,1.0,90.31
8526,1966,6,1.0,94.04
8527,1951,3,1.0,56.89
8528,1935,3,1.0,81.37
8529,1965,3,1.0,85.97
8530,1955,3,1.0,81.78
8531,2002,3,1.0,81.77
8532,1934,3,12.0,41.89
8533,1994,9,1.0,235.66
8534,1954,3,1.0,82.97
8535,1939,3,5.0,116.4
8536,1939,3,1.0,76.02
8537,2002,9,1.0,125.69
8538,1952,3,1.0,157.21
8539,1954,9,1.0,116.03
8540,1934,3,12.0,102.04
8541,1965,6,1.0,122.11
8542,1962,6,12.0,117.3
8543,1966,12,1.0,364.23
8544,1964,6,1.0,102.59
8545,1964,3,11.0,93.75
8546,1934,3,1.0,96.76
8547,1950,3,1.0,146.47
8548,1978,3,1.0,122.4
8549,1973,3,1.0,108.17
8550,1940,12,1.0,308.95
8551,1934,3,12.0,217.55
8552,1935,3,1.0,133.54
8553,1935,3,12.0,
8554,1950,3,1.0,136.21
8555,1957,6,1.0,207.91
8556,1986,3,1.0,112.07
8557,1961,3,1.0,109.61
8558,1961,3,12.0,96.89
8559,1964,3,1.0,103.86
8560,1949,6,12.0,99.79
8561,1996,6,1.0,86.33
8562,1934,3,1.0,99.64
8563,1934,3,12.0,
8564,1962,3,1.0,115.5
8565,1969,3,1.0,173.03
8566,1969,3,12.0,138.54
8567,1962,3,1.0,102.74
8568,1962,3,12.0,93.77
8569,1958,3,1.0,171.44
8570,1958,3,12.0,133.35
8571,1974,6,1.0,118.06
8572,1974,3,12.0,118.06
8573,1961,9,1.0,156.29
8574,1961,3,11.0,78.88
8575,1961,3,12.0,56.0
8576,1997,3,5.0,337.44
8577,1997,9,1.0,214.17
8578,1997,9,12.0,165.11
8579,1969,3,3.0,988.99
8580,1954,6,1.0,71.86
8581,1954,3,12.0,46.42
8582,1952,3,1.0,109.17
8583,1953,3,1.0,104.84
8584,1953,6,12.0,11.87
8585,2000,12,1.0,171.04
8586,2002,12,1.0,556.63
8587,2003,3,12.0,538.71
8588,2005,9,1.0,334.23
8589,2007,12,1.0,260.17
8590,1997,12,1.0,600.95
8591,2011,18,1.0,108.38
8592,2011,3,12.0,99.8
8593,1949,6,1.0,131.3
8594,1949,3,12.0,131.3
8595,1985,12,1.0,132.09
8596,1985,3,1.0,87.98
8597,1978,3,12.0,75.17
8598,1970,3,1.0,136.3
8599,1995,6,1.0,105.11
8600,1971,3,12.0,59.09
8601,1954,3,1.0,123.37
8602,1963,3,1.0,138.39
8603,1963,3,12.0,119.53
8604,1970,12,1.0,277.54
8605,1983,3,1.0,151.62
8606,1955,3,1.0,86.49
8607,1960,6,1.0,139.62
8608,1960,9,1.0,103.39
8609,1969,3,1.0,348.38
8610,1969,3,12.0,190.3
8611,1960,3,1.0,377.01
8612,1950,3,1.0,94.67
8613,1958,3,1.0,116.29
8614,2018,6,1.0,85.42
8615,2018,3,12.0,76.35
8616,1960,3,1.0,116.53
8617,1972,3,1.0,85.51
8618,1935,3,1.0,119.25
8619,1961,3,1.0,86.44
8620,1995,3,5.0,121.95
8621,1928,3,1.0,169.96
8622,1952,3,1.0,98.55
8623,2003,9,1.0,79.18
8624,2003,3,12.0,57.15
8625,1998,3,1.0,136.54
8626,2006,9,1.0,74.89
8627,2006,3,12.0,53.5
8628,1970,15,1.0,115.3
8629,1990,3,1.0,120.65
8630,1994,3,1.0,125.67
8631,2005,6,1.0,143.0
8632,2005,3,12.0,143.0
8633,1952,3,1.0,77.88
8634,2023,6,1.0,106.54
8635,2023,3,11.0,103.42
8636,2023,3,12.0,
8637,1940,3,1.0,42.82
8638,1960,6,1.0,140.29
8639,1960,9,1.0,84.76
8640,1970,9,1.0,83.76
8641,1950,6,12.0,78.29
8642,1960,6,1.0,108.74
8643,1965,12,1.0,244.33
8644,2001,3,1.0,81.74
8645,1960,12,1.0,105.95
8646,1960,9,1.0,108.03
8647,1960,12,1.0,110.84
8648,1994,9,1.0,125.48
8649,1960,3,12.0,108.03
8650,1970,3,5.0,125.24
8651,1960,3,5.0,75.4
8652,1960,3,1.0,75.4
8653,1970,3,1.0,73.5
8654,1970,3,12.0,73.5
8655,1960,15,1.0,360.53
8656,1960,3,1.0,134.15
8657,1970,6,1.0,154.6
8658,1965,3,1.0,127.82
8659,1960,12,1.0,137.36
8660,1960,12,1.0,226.02
8661,1965,9,1.0,123.49
8662,1960,12,1.0,254.91
8663,1947,12,1.0,132.07
8664,1960,6,1.0,94.7
8665,1960,12,1.0,96.59
8666,1960,12,1.0,123.81
8667,1960,3,1.0,123.72
8668,1960,3,12.0,112.02
8669,1996,12,1.0,132.33
8670,1955,15,1.0,202.94
8671,1960,3,1.0,84.11
8672,1955,3,1.0,71.9
8673,1955,3,1.0,52.72
8674,1955,3,1.0,58.25
8675,1955,3,1.0,81.88
8676,1955,3,12.0,50.21
8677,1955,3,1.0,67.88
8678,1955,3,1.0,63.95
8679,1955,3,1.0,80.66
8680,1955,3,1.0,49.67
8681,1955,3,1.0,70.17
8682,1955,3,12.0,49.64
8683,1955,3,1.0,88.07
8684,1955,3,12.0,48.18
8685,1955,3,1.0,68.51
8686,1955,3,12.0,64.23
8687,1955,3,1.0,112.87
8688,1955,6,1.0,41.99
8689,1955,6,1.0,46.0
8690,1955,3,1.0,92.22
8691,1955,3,1.0,58.67
8692,1955,3,1.0,92.78
8693,1955,3,12.0,57.15
8694,1955,3,1.0,88.69
8695,1955,3,12.0,55.73
8696,1955,3,1.0,86.78
8697,1955,3,12.0,49.02
8698,1955,3,1.0,56.02
8699,1976,3,1.0,53.17
8700,1955,3,12.0,45.36
8701,1976,3,1.0,69.18
8702,1955,3,12.0,43.58
8703,1955,3,1.0,78.56
8704,1955,3,1.0,61.53
8705,1960,3,5.0,230.76
8706,1960,21,1.0,230.76
8707,1960,3,1.0,94.01
8708,1957,3,1.0,107.61
8709,1960,6,1.0,183.27
8710,1960,3,12.0,183.27
8711,1960,3,1.0,55.68
8712,1960,3,1.0,66.53
8713,1960,3,12.0,55.12
8714,1960,3,1.0,78.07
8715,1952,3,1.0,95.29
8716,1960,3,1.0,61.36
8717,1960,3,12.0,
8718,1960,3,1.0,63.88
8719,1960,3,12.0,
8720,1950,3,1.0,134.07
8721,1950,6,1.0,46.13
8722,1993,3,1.0,498.72
8723,1970,12,1.0,463.56
8724,1960,12,1.0,439.04
8725,1971,9,1.0,133.18
8726,1975,12,1.0,140.03
8727,1965,9,1.0,140.44
8728,1960,12,1.0,400.09
8729,1960,3,1.0,128.11
8730,1960,15,1.0,267.7
8731,1950,3,1.0,124.3
8732,1960,3,1.0,125.75
8733,1960,6,1.0,146.04
8734,1960,6,12.0,136.48
8735,1970,3,12.0,181.84
8736,1987,6,1.0,128.52
8737,1987,3,12.0,108.39
8738,1980,3,5.0,129.9
8739,1980,9,1.0,114.28
8740,1980,9,1.0,103.66
8741,1980,9,1.0,113.36
8742,1980,6,1.0,121.09
8743,1980,3,12.0,107.11
8744,1975,9,1.0,103.22
8745,1988,3,1.0,107.98
8746,1988,3,12.0,107.98
8747,1980,9,1.0,105.61
8748,1980,6,1.0,102.41
8749,1980,6,12.0,102.41
8750,1974,3,1.0,67.79
8751,1950,3,1.0,59.24
8752,1950,3,12.0,
8753,1992,6,1.0,75.92
8754,2002,3,1.0,68.85
8755,1960,3,1.0,100.07
8756,1950,3,1.0,67.52
8757,1960,3,1.0,77.54
8758,1970,3,5.0,86.18
8759,1970,9,1.0,86.18
8760,1960,3,3.0,194.53
8761,2004,3,5.0,300.67
8762,2004,12,1.0,300.67
8763,1940,3,1.0,91.4
8764,1940,3,12.0,52.32
8765,1981,9,1.0,75.86
8766,1940,3,11.0,75.86
8767,1940,6,12.0,19.54
8768,1970,9,1.0,91.99
8769,1970,3,12.0,69.85
8770,1999,12,1.0,448.82
8771,1999,12,12.0,448.82
8772,1970,15,1.0,714.33
8773,1995,3,5.0,525.01
8774,1995,12,1.0,437.14
8775,1994,15,1.0,713.49
8776,1992,3,5.0,2851.28
8777,1992,3,11.0,
8778,1992,6,12.0,
8779,1996,15,1.0,473.13
8780,2006,9,1.0,256.44
8781,2006,3,12.0,256.44
8782,1960,3,5.0,164.15
8783,1960,3,1.0,164.15
8784,1960,3,5.0,120.54
8785,1960,3,1.0,120.54
8786,1973,3,1.0,140.46
8787,1960,3,1.0,141.16
8788,1960,3,12.0,25.55
8789,1960,3,1.0,105.79
8790,1960,3,1.0,74.72
8791,1960,3,1.0,70.94
8792,1960,3,12.0,60.46
8793,1980,3,1.0,142.74
8794,1960,3,5.0,138.39
8795,1960,3,8.0,127.02
8796,1960,6,1.0,6.96
8797,1960,3,12.0,
8798,1960,6,1.0,72.13
8799,1960,6,12.0,72.13
8800,1960,3,5.0,68.62
8801,1960,3,1.0,68.62
8802,1996,3,1.0,104.07
8803,1960,3,1.0,144.53
8804,1960,3,1.0,98.03
8805,1960,3,1.0,66.79
8806,1960,3,12.0,66.79
8807,1960,3,1.0,72.35
8808,1960,3,12.0,
8809,1960,3,1.0,64.42
8810,1960,3,12.0,47.31
8811,1960,6,1.0,66.9
8812,1975,6,1.0,121.93
8813,1960,6,12.0,102.96
8814,1960,3,1.0,67.18
8815,1960,3,1.0,70.95
8816,1960,3,12.0,
8817,1960,3,1.0,100.53
8818,2003,3,1.0,106.9
8819,1960,3,1.0,97.47
8820,1970,3,1.0,82.78
8821,1970,3,12.0,82.78
8822,1970,3,1.0,92.52
8823,1960,3,1.0,113.6
8824,1973,3,1.0,84.46
8825,2007,9,1.0,130.16
8826,1960,3,1.0,89.4
8827,1960,6,1.0,89.02
8828,1960,3,1.0,43.49
8829,1960,3,1.0,59.05
8830,1960,3,1.0,75.63
8831,1992,3,1.0,135.86
8832,2009,9,1.0,121.97
8833,2009,3,12.0,100.64
8834,2001,6,1.0,994.91
8835,1994,3,1.0,85.74
8836,1996,3,1.0,95.16
8837,1993,3,1.0,110.68
8838,1969,3,1.0,86.68
8839,1960,3,1.0,87.69
8840,1976,3,1.0,85.61
8841,1976,3,12.0,83.65
8842,1967,3,1.0,85.56
8843,1963,3,1.0,74.3
8844,1967,3,1.0,89.49
8845,1965,6,1.0,100.59
8846,1966,3,1.0,85.9
8847,1976,3,1.0,96.32
8848,1961,3,1.0,100.58
8849,1972,3,1.0,93.64
8850,1972,3,12.0,93.64
8851,1979,3,1.0,94.22
8852,1969,6,1.0,101.36
8853,1972,12,1.0,83.1
8854,2008,6,1.0,99.7
8855,2008,3,12.0,94.78
8856,1973,9,1.0,147.44
8857,1974,3,1.0,156.1
8858,1973,3,12.0,126.79
8859,1973,6,1.0,106.1
8860,1973,3,12.0,49.18
8861,1963,6,1.0,98.33
8862,1963,3,9.0,98.33
8863,1978,3,1.0,87.99
8864,1968,3,1.0,100.26
8865,1967,3,12.0,87.37
8866,2023,9,1.0,79.95
8867,2023,3,12.0,71.92
8868,1970,3,1.0,285.03
8869,2000,3,10.0,76.17
8870,1977,6,12.0,
8871,1982,3,1.0,74.7
8872,1982,3,10.0,
8873,1982,3,12.0,
8874,2015,6,1.0,182.81
8875,2015,3,10.0,63.76
8876,2015,6,11.0,
8877,2007,3,1.0,192.61
8878,2007,3,10.0,53.87
8879,1994,3,1.0,187.14
8880,1979,3,10.0,128.08
8881,1992,3,1.0,183.64
8882,1998,3,12.0,99.0
8883,1960,3,1.0,76.87
8884,1982,6,1.0,403.13
8885,1988,6,11.0,134.63
8886,1970,3,12.0,
8887,2023,3,1.0,185.11
8888,2023,3,11.0,141.83
8889,1960,3,1.0,135.7
8890,1960,6,12.0,43.63
8891,1982,6,1.0,142.74
8892,1982,3,12.0,72.62
8893,1988,6,1.0,85.53
8894,1970,3,12.0,50.82
8895,2001,3,1.0,109.12
8896,1987,3,1.0,149.78
8897,2008,6,1.0,136.71
8898,2008,6,12.0,50.3
8899,2019,6,1.0,128.17
8900,2021,3,10.0,64.21
8901,2020,3,11.0,
8902,2019,3,12.0,
8903,2020,6,1.0,118.69
8904,2020,3,10.0,65.06
8905,2020,3,11.0,
8906,2020,3,12.0,
8907,2022,3,1.0,155.89
8908,2022,3,12.0,
8909,2010,9,1.0,202.75
8910,2013,3,10.0,107.22
8911,2010,3,11.0,84.47
8912,2010,3,12.0,
8913,1967,3,1.0,163.6
8914,1967,3,11.0,
8915,1967,3,12.0,
8916,1978,3,2.0,231.34
8917,1978,3,1.0,161.96
8918,1975,3,1.0,106.32
8919,1950,3,1.0,106.54
8920,1950,3,12.0,91.45
8921,1975,9,1.0,99.19
8922,1984,9,1.0,162.93
8923,1999,3,1.0,69.78
8924,1970,3,1.0,106.54
8925,1970,3,12.0,106.54
8926,1962,3,1.0,110.93
8927,1962,3,12.0,110.93
8928,1960,3,1.0,113.74
8929,1960,3,12.0,93.77
8930,1969,3,1.0,122.9
8931,1969,3,12.0,78.99
8932,2010,9,1.0,125.82
8933,1983,3,1.0,148.73
8934,1983,3,12.0,124.97
8935,1958,9,1.0,116.45
8936,1958,3,11.0,98.07
8937,1958,3,12.0,90.22
8938,1955,3,12.0,110.3
8939,1960,3,1.0,263.74
8940,1960,3,12.0,248.34
8941,1962,3,1.0,134.62
8942,1962,3,12.0,110.93
8943,1975,9,1.0,196.2
8944,1960,9,1.0,134.89
8945,1960,6,12.0,134.89
8946,1974,3,1.0,133.78
8947,1974,3,12.0,133.78
8948,1961,6,1.0,117.56
8949,1961,12,12.0,102.41
8950,1950,6,1.0,107.08
8951,1950,6,12.0,92.07
8952,1978,6,1.0,135.96
8953,1978,6,11.0,123.95
8954,1978,3,12.0,116.68
8955,1967,12,1.0,146.12
8956,1967,3,12.0,126.08
8957,1965,3,1.0,115.91
8958,1965,3,12.0,114.02
8959,1960,9,1.0,145.1
8960,1970,3,1.0,117.26
8961,1970,3,12.0,117.26
8962,1973,3,1.0,124.55
8963,1973,3,12.0,108.11
8964,1968,6,1.0,153.43
8965,1960,3,1.0,129.86
8966,1960,3,12.0,118.85
8967,1955,9,1.0,133.24
8968,1990,6,1.0,170.5
8969,1958,3,1.0,121.84
8970,1958,3,12.0,101.21
8971,1956,3,1.0,185.16
8972,1955,3,1.0,99.08
8973,1950,3,1.0,111.4
8974,1952,3,1.0,122.5
8975,1997,6,1.0,110.65
8976,1986,3,12.0,40.1
8977,2005,6,1.0,73.38
8978,2005,3,12.0,73.38
8979,1950,3,1.0,76.19
8980,1993,9,1.0,125.64
8981,1980,6,1.0,152.76
8982,1992,3,5.0,136.91
8983,1992,6,1.0,93.15
8984,1994,9,1.0,141.16
8985,1994,3,12.0,141.16
8986,1983,3,1.0,261.08
8987,1983,3,12.0,104.46
8988,1973,3,12.0,130.98
8989,1994,6,1.0,83.41
8990,1967,3,12.0,83.41
8991,1962,9,1.0,96.31
8992,1962,6,12.0,91.18
8993,1948,3,1.0,125.52
8994,1964,3,1.0,139.92
8995,1970,3,1.0,123.2
8996,1951,3,1.0,128.71
8997,1951,3,12.0,37.73
8998,2004,9,1.0,93.34
8999,1970,9,1.0,202.24
9000,1962,6,1.0,206.58
9001,2024,3,1.0,202.87
9002,1967,6,12.0,123.05
9003,1958,3,1.0,109.11
9004,1953,3,1.0,79.08
9005,1962,3,12.0,265.86
9006,1970,3,1.0,193.67
9007,1954,3,12.0,125.66
9008,1954,3,1.0,87.46
9009,1965,6,1.0,80.06
9010,1965,3,12.0,23.87
9011,1961,3,1.0,128.55
9012,1967,3,1.0,86.88
9013,1967,3,12.0,77.88
9014,1969,3,1.0,114.33
9015,1962,3,1.0,106.66
9016,1972,3,1.0,119.09
9017,1970,3,12.0,101.09
9018,1976,3,1.0,171.7
9019,1974,3,12.0,153.67
9020,1979,3,1.0,166.14
9021,1979,3,12.0,121.52
9022,1996,3,1.0,179.94
9023,1978,9,1.0,168.44
9024,1978,3,12.0,97.6
9025,1971,3,1.0,84.09
9026,1954,3,1.0,99.91
9027,1980,9,1.0,161.15
9028,1978,3,9.0,134.88
9029,1970,3,1.0,140.5
9030,1970,3,12.0,118.11
9031,1973,3,1.0,146.72
9032,1973,3,12.0,112.03
9033,1970,3,1.0,142.61
9034,1970,12,1.0,96.58
9035,1970,3,12.0,82.37
9036,1974,9,1.0,229.39
9037,1969,3,1.0,134.74
9038,1969,3,1.0,133.07
9039,1969,3,12.0,123.27
9040,1984,9,1.0,144.81
9041,1987,3,1.0,171.61
9042,1968,6,1.0,188.67
9043,1968,6,12.0,154.01
9044,1967,3,1.0,24.66
9045,1967,3,1.0,38.88
9046,2003,3,5.0,503.01
9047,2003,3,1.0,492.35
9048,2003,3,12.0,461.28
9049,2004,3,1.0,501.75
9050,2004,3,12.0,195.35
9051,2006,6,1.0,507.45
9052,2006,3,12.0,506.83
9053,1950,3,1.0,38.94
9054,1960,3,5.0,154.23
9055,1960,9,1.0,146.62
9056,1967,9,1.0,141.19
9057,1972,6,11.0,120.47
9058,1953,3,12.0,84.52
9059,1965,3,12.0,263.71
9060,1939,3,1.0,110.56
9061,1962,3,1.0,159.05
9062,1962,3,12.0,131.47
9063,1994,6,1.0,340.27
9064,1930,3,1.0,41.1
9065,1964,3,1.0,145.89
9066,1954,3,12.0,117.19
9067,1973,3,1.0,106.74
9068,1962,3,12.0,87.84
9069,1995,3,1.0,149.01
9070,1944,3,1.0,280.13
9071,1944,3,12.0,144.87
9072,1940,3,12.0,162.74
9073,2001,3,1.0,387.76
9074,1997,3,5.0,244.72
9075,1997,6,1.0,167.57
9076,2002,3,1.0,281.37
9077,2002,3,12.0,211.91
9078,1945,3,12.0,401.85
9079,1957,6,1.0,418.33
9080,2009,9,1.0,104.99
9081,1958,6,1.0,100.71
9082,1960,3,1.0,95.98
9083,1952,3,1.0,93.84
9084,1952,3,12.0,28.17
9085,1970,9,1.0,264.16
9086,1960,3,12.0,207.75
9087,1986,3,1.0,118.69
9088,1986,3,12.0,
9089,2010,9,1.0,687.18
9090,2010,3,12.0,598.2
9091,1920,3,5.0,143.38
9092,1920,3,1.0,143.38
9093,1920,3,12.0,24.68
9094,1925,3,5.0,128.51
9095,1952,12,1.0,103.61
9096,2011,9,1.0,111.85
9097,2011,6,12.0,67.18
9098,1978,9,1.0,197.28
9099,1925,3,12.0,123.3
9100,1920,12,1.0,122.31
9101,1920,3,12.0,110.4
9102,1920,3,5.0,132.13
9103,1972,9,1.0,110.22
9104,1996,9,1.0,176.26
9105,1923,3,1.0,98.52
9106,1972,9,1.0,75.86
9107,1915,3,9.0,75.86
9108,1934,6,1.0,116.2
9109,1934,3,11.0,95.22
9110,1934,3,12.0,
9111,1925,3,5.0,119.41
9112,1925,3,1.0,73.05
9113,2000,9,1.0,154.82
9114,1924,9,1.0,132.67
9115,1924,3,12.0,92.54
9116,1926,3,1.0,138.34
9117,1926,3,1.0,120.34
9118,1927,3,1.0,89.77
9119,1925,3,5.0,145.96
9120,1925,3,5.0,136.55
9121,1968,12,1.0,114.99
9122,1958,3,5.0,301.62
9123,1923,3,1.0,82.1
9124,1950,6,1.0,107.55
9125,1968,3,1.0,154.48
9126,1922,3,12.0,112.57
9127,1988,3,1.0,89.67
9128,2006,12,1.0,114.83
9129,1992,9,1.0,129.73
9130,1970,9,1.0,135.91
9131,1930,3,1.0,136.8
9132,1923,3,1.0,67.11
9133,1997,3,12.0,16.97
9134,1918,3,1.0,112.96
9135,1970,15,1.0,255.87
9136,1965,9,1.0,131.05
9137,1977,12,1.0,142.95
9138,1932,3,12.0,71.91
9139,1925,6,1.0,121.81
9140,1972,3,2.0,95.22
9141,1972,6,1.0,85.5
9142,1928,3,12.0,85.5
9143,1957,3,5.0,141.83
9144,1924,3,5.0,149.36
9145,1925,3,12.0,146.61
9146,1928,3,1.0,110.88
9147,1928,3,12.0,58.39
9148,1996,18,1.0,293.8
9149,1999,9,1.0,270.69
9150,1990,3,5.0,144.13
9151,2002,9,1.0,189.79
9152,2005,3,5.0,172.55
9153,2005,12,1.0,140.03
9154,2007,15,1.0,496.72
9155,1988,3,3.0,352.43
9156,1970,12,1.0,224.61
9157,1924,3,1.0,104.32
9158,1923,3,1.0,91.0
9159,2005,6,1.0,111.06
9160,1945,3,1.0,145.22
9161,1951,3,1.0,146.92
9162,1967,3,1.0,138.38
9163,1928,3,12.0,107.09
9164,1971,6,1.0,146.16
9165,2024,6,1.0,79.96
9166,2024,3,12.0,63.87
9167,1950,3,1.0,273.02
9168,1946,6,1.0,128.55
9169,1945,3,1.0,141.78
9170,1930,9,1.0,90.81
9171,1930,3,12.0,73.68
9172,1955,3,1.0,151.3
9173,1920,3,12.0,116.95
9174,1960,3,1.0,151.77
9175,1960,3,12.0,117.41
9176,1930,3,1.0,118.82
9177,1962,3,1.0,148.58
9178,1960,3,12.0,131.26
9179,1971,9,1.0,105.9
9180,1999,3,10.0,93.84
9181,1924,3,11.0,70.65
9182,1924,3,12.0,
9183,1996,3,5.0,279.35
9184,1996,12,1.0,136.08
9185,1940,3,1.0,110.83
9186,1968,6,1.0,129.18
9187,1960,3,1.0,92.91
9188,1957,6,1.0,51.24
9189,1924,3,12.0,51.24
9190,1900,3,1.0,104.53
9191,1900,6,12.0,1.99
9192,1969,3,1.0,52.95
9193,2006,3,2.0,126.53
9194,1918,6,1.0,69.65
9195,1918,3,1.0,95.39
9196,2021,3,10.0,
9197,2021,3,11.0,
9198,2021,3,12.0,
9199,1923,3,1.0,62.75
9200,1942,3,1.0,117.76
9201,1925,3,12.0,103.76
9202,1957,3,1.0,176.92
9203,1923,3,1.0,174.71
9204,1968,3,1.0,150.71
9205,1924,3,12.0,118.08
9206,1975,3,1.0,143.37
9207,1920,3,12.0,102.65
9208,1960,3,1.0,141.56
9209,1925,3,12.0,100.25
9210,1979,3,1.0,144.77
9211,1922,3,12.0,102.07
9212,1928,3,1.0,101.88
9213,1963,3,1.0,81.17
9214,1918,3,5.0,137.04
9215,1918,3,1.0,101.64
9216,1918,3,1.0,118.94
9217,1918,3,12.0,13.44
9218,1923,3,12.0,99.99
9219,1924,3,1.0,57.22
9220,1999,9,1.0,400.18
9221,1924,6,1.0,77.18
9222,1924,3,12.0,54.41
9223,1974,6,1.0,103.19
9224,1974,6,11.0,92.59
9225,1974,6,12.0,79.09
9226,1926,3,5.0,274.51
9227,1926,6,1.0,142.63
9228,1926,3,12.0,18.05
9229,1991,9,1.0,157.36
9230,1920,6,1.0,102.7
9231,1924,3,1.0,107.05
9232,1916,9,1.0,106.5
9233,1926,3,5.0,111.71
9234,1926,3,1.0,74.92
9235,1926,3,12.0,
9236,2023,3,1.0,96.3
9237,1923,3,1.0,112.58
9238,1954,6,1.0,145.23
9239,1950,3,2.0,414.79
9240,1918,3,5.0,146.78
9241,1964,3,1.0,95.46
9242,1920,3,1.0,135.38
9243,1960,3,1.0,91.51
9244,1924,3,1.0,190.96
9245,1965,3,12.0,147.55
9246,1918,3,12.0,143.64
9247,1919,3,1.0,94.18
9248,1920,3,1.0,130.19
9249,1970,3,1.0,145.74
9250,1970,3,12.0,112.85
9251,1960,6,1.0,128.22
9252,1935,3,1.0,104.5
9253,1935,3,12.0,87.07
9254,1926,3,1.0,117.73
9255,2006,9,1.0,81.63
9256,2006,3,12.0,81.63
9257,1989,9,1.0,189.2
9258,1989,3,1.0,81.97
9259,2005,9,1.0,151.91
9260,2006,9,1.0,352.28
9261,2006,9,1.0,268.83
9262,2005,12,1.0,150.65
9263,1974,3,1.0,136.4
9264,1947,6,12.0,104.0
9265,1924,3,5.0,142.67
9266,1970,3,1.0,87.86
9267,1970,3,12.0,74.06
9268,1993,12,1.0,148.26
9269,1993,9,12.0,125.26
9270,1989,9,1.0,279.31
9271,1964,3,1.0,141.13
9272,1920,3,12.0,115.51
9273,1966,3,1.0,157.91
9274,1981,3,1.0,125.47
9275,1920,3,12.0,79.76
9276,2008,9,1.0,85.43
9277,2008,3,12.0,62.64
9278,1978,3,1.0,90.58
9279,1975,9,1.0,277.48
9280,1923,3,12.0,164.57
9281,1915,6,1.0,204.27
9282,1938,6,11.0,133.53
9283,1962,3,12.0,
9284,1936,6,1.0,155.45
9285,1926,9,1.0,152.37
9286,1926,3,12.0,100.68
9287,1917,6,1.0,128.33
9288,1925,3,1.0,141.93
9289,1925,3,12.0,80.22
9290,1924,3,1.0,96.84
9291,1924,3,12.0,
9292,1945,3,1.0,108.49
9293,1924,3,1.0,81.81
9294,1973,3,5.0,179.95
9295,1973,3,3.0,179.95
9296,2001,9,1.0,179.95
9297,1919,6,12.0,98.26
9298,1917,3,1.0,100.44
9299,1917,3,12.0,
9300,1972,12,1.0,146.91
9301,1934,3,1.0,107.17
9302,1934,3,12.0,
9303,1932,3,1.0,119.83
9304,1957,3,1.0,121.55
9305,1920,3,12.0,
9306,1954,3,1.0,132.58
9307,1945,6,1.0,128.76
9308,1945,6,12.0,92.33
9309,1938,6,1.0,102.26
9310,1920,3,12.0,70.16
9311,1960,9,1.0,373.1
9312,1960,6,1.0,106.37
9313,1920,3,12.0,79.16
9314,1947,3,1.0,79.58
9315,1966,3,1.0,87.05
9316,1963,3,1.0,113.08
9317,2020,9,1.0,74.83
9318,2020,3,12.0,57.67
9319,1961,3,1.0,92.74
9320,2014,6,1.0,75.86
9321,2014,6,12.0,59.49
9322,1972,3,1.0,91.12
9323,1962,3,1.0,88.85
9324,1959,6,1.0,129.1
9325,1959,3,12.0,85.9
9326,1963,9,1.0,134.33
9327,1963,3,12.0,83.68
9328,1957,3,1.0,134.48
9329,1957,3,12.0,95.59
9330,1967,3,1.0,137.04
9331,1967,3,12.0,99.48
9332,1992,6,1.0,111.8
9333,1992,6,12.0,61.0
9334,2021,9,1.0,136.32
9335,2021,3,12.0,106.69
9336,1962,3,1.0,90.1
9337,1970,12,1.0,181.61
9338,1970,12,1.0,165.99
9339,1968,3,1.0,95.25
9340,1996,3,1.0,109.77
9341,1959,6,1.0,115.25
9342,1959,3,12.0,49.22
9343,1959,3,1.0,104.68
9344,1959,3,12.0,78.84
9345,2001,6,1.0,78.81
9346,1920,3,1.0,85.11
9347,1920,3,12.0,
9348,1999,3,1.0,54.65
9349,2005,9,1.0,83.45
9350,1932,3,1.0,99.93
9351,1924,9,1.0,130.69
9352,1924,3,12.0,92.73
9353,1958,3,1.0,130.95
9354,1988,9,1.0,120.71
9355,1990,3,12.0,72.15
9356,1961,3,5.0,150.21
9357,1971,9,1.0,107.92
9358,2005,3,1.0,55.48
9359,1957,3,1.0,81.01
9360,2005,9,1.0,362.61
9361,2005,6,12.0,362.61
9362,2007,9,1.0,404.91
9363,1963,3,5.0,138.53
9364,1963,3,1.0,113.98
9365,1961,3,1.0,138.63
9366,1961,3,12.0,118.29
9367,1970,15,1.0,266.1
9368,1970,3,9.0,189.13
9369,1975,6,1.0,121.22
9370,1959,9,1.0,64.02
9371,1972,9,1.0,76.75
9372,1963,3,12.0,71.07
9373,1957,3,1.0,120.42
9374,1994,9,1.0,79.33
9375,1975,3,1.0,123.4
9376,1975,3,12.0,123.4
9377,1970,18,1.0,276.49
9378,1959,6,1.0,137.66
9379,1924,3,12.0,137.66
9380,1966,6,1.0,116.27
9381,1966,3,12.0,100.83
9382,1970,9,1.0,103.19
9383,1970,3,12.0,72.19
9384,1998,3,1.0,148.38
9385,1973,12,1.0,85.33
9386,1920,3,1.0,88.0
9387,2006,6,1.0,104.18
9388,1988,6,1.0,96.82
9389,2017,3,11.0,26.41
9390,1959,3,12.0,
9391,1967,12,1.0,277.25
9392,1957,3,5.0,110.51
9393,1957,3,1.0,65.83
9394,2008,12,1.0,73.35
9395,1959,6,4.0,430.96
9396,1972,3,1.0,55.91
9397,1957,3,3.0,61.33
9398,1957,3,1.0,45.34
9399,2002,9,1.0,111.8
9400,2008,9,1.0,360.27
9401,2021,12,1.0,623.68
9402,1998,9,1.0,139.73
9403,1998,3,12.0,139.73
9404,1929,3,1.0,66.55
9405,2000,6,1.0,77.6
9406,1977,3,1.0,73.22
9407,1977,3,12.0,58.01
9408,1931,3,1.0,125.91
9409,2007,9,1.0,76.92
9410,2022,3,12.0,55.96
9411,1961,3,1.0,132.15
9412,1961,3,12.0,114.91
9413,1951,12,1.0,107.6
9414,1951,3,12.0,101.96
9415,1960,3,1.0,132.62
9416,1960,3,12.0,104.21
9417,1959,3,1.0,120.96
9418,1967,3,1.0,94.76
9419,1960,6,1.0,123.26
9420,2009,3,12.0,108.1
9421,1951,9,1.0,72.06
9422,1951,3,12.0,72.06
9423,1931,3,1.0,126.62
9424,1960,3,5.0,158.76
9425,1960,15,1.0,158.76
9426,1961,6,1.0,122.07
9427,1961,3,12.0,117.2
9428,1960,3,1.0,68.67
9429,1955,3,1.0,107.56
9430,1966,3,5.0,123.89
9431,1966,3,1.0,115.57
9432,1968,3,1.0,151.23
9433,1968,3,12.0,78.7
9434,1962,3,1.0,88.64
9435,1993,3,1.0,87.24
9436,1950,6,1.0,86.85
9437,1950,3,12.0,46.62
9438,1990,9,1.0,206.92
9439,1951,3,1.0,82.4
9440,1951,3,1.0,91.49
9441,1961,3,1.0,97.59
9442,2004,3,1.0,411.64
9443,2004,3,12.0,386.47
9444,2020,15,1.0,364.41
9445,2020,3,12.0,217.81
9446,2001,9,1.0,436.31
9447,1998,9,1.0,255.78
9448,1977,9,1.0,84.56
9449,1963,3,12.0,45.42
9450,2013,6,1.0,80.82
9451,2013,3,12.0,57.12
9452,1961,3,1.0,100.48
9453,1970,3,1.0,98.1
9454,1960,3,1.0,110.97
9455,1960,6,12.0,92.0
9456,1968,3,1.0,113.42
9457,1995,9,1.0,93.17
9458,1999,3,12.0,72.66
9459,1957,3,1.0,100.5
9460,1957,3,1.0,113.07
9461,1934,3,1.0,94.54
9462,1986,9,1.0,170.29
9463,1957,3,1.0,73.55
9464,1959,3,1.0,131.54
9465,1978,15,1.0,215.64
9466,1978,3,12.0,131.01
9467,1957,3,1.0,116.66
9468,1960,6,1.0,112.63
9469,1933,3,1.0,130.56
9470,1991,3,1.0,88.71
9471,1957,3,1.0,109.2
9472,1957,3,12.0,95.06
9473,1957,3,1.0,104.38
9474,1968,3,1.0,146.99
9475,1968,3,12.0,128.76
9476,1976,9,1.0,141.43
9477,1963,3,12.0,97.25
9478,2001,3,1.0,88.67
9479,1957,3,12.0,88.67
9480,1957,3,1.0,120.45
9481,1959,3,1.0,125.13
9482,1959,3,12.0,85.81
9483,1959,3,1.0,140.13
9484,1994,3,1.0,107.13
9485,1993,3,1.0,170.5
9486,2007,9,1.0,389.37
9487,1965,3,2.0,229.1
9488,1965,3,11.0,40.02
9489,1960,6,12.0,
9490,1962,3,3.0,312.84
9491,1964,6,12.0,98.56
9492,1963,3,1.0,210.96
9493,1963,3,12.0,136.61
9494,1949,3,1.0,161.91
9495,2011,12,1.0,257.48
9496,2011,3,12.0,198.63
9497,1950,6,1.0,207.9
9498,1940,3,2.0,1213.41
9499,1940,3,12.0,187.58
9500,1989,3,1.0,193.2
9501,1975,3,12.0,95.79
9502,2004,3,1.0,94.79
9503,2004,3,12.0,94.79
9504,1965,3,1.0,138.37
9505,1986,12,1.0,117.72
9506,1956,3,11.0,100.3
9507,1956,3,12.0,73.55
9508,1955,3,1.0,118.71
9509,1955,3,12.0,113.88
9510,1968,6,1.0,82.86
9511,1968,3,9.0,75.13
9512,2007,9,1.0,276.52
9513,1954,3,5.0,288.99
9514,1961,3,1.0,214.51
9515,1954,3,1.0,130.87
9516,1956,9,1.0,88.19
9517,1984,3,12.0,57.51
9518,1953,3,5.0,133.61
9519,1953,3,1.0,133.61
9520,1967,3,1.0,90.44
9521,1978,12,1.0,78.95
9522,1963,3,12.0,78.95
9523,1949,6,1.0,147.52
9524,2007,9,1.0,96.55
9525,1950,3,12.0,276.71
9526,1938,3,1.0,149.64
9527,1964,6,1.0,255.85
9528,1962,3,1.0,268.32
9529,1970,3,1.0,195.09
9530,2004,6,1.0,185.36
9531,1950,3,1.0,152.98
9532,1943,9,1.0,131.42
9533,1943,3,12.0,123.97
9534,1993,3,1.0,104.76
9535,2021,3,5.0,1945.98
9536,2021,15,1.0,1681.95
9537,2021,6,12.0,1571.58
9538,2022,12,1.0,143.47
9539,2022,12,11.0,143.47
9540,1960,3,1.0,99.5
9541,2017,15,1.0,178.71
9542,2007,9,1.0,165.71
9543,1986,9,1.0,232.63
9544,1970,3,5.0,367.51
9545,1991,9,1.0,547.55
9546,1985,9,1.0,247.15
9547,2005,3,5.0,1615.73
9548,2004,9,1.0,1414.94
9549,2017,9,1.0,85.06
9550,2017,3,11.0,72.61
9551,2017,3,12.0,72.61
9552,2017,9,1.0,78.73
9553,2017,3,11.0,64.93
9554,2017,3,12.0,64.93
9555,1940,3,12.0,231.79
9556,1986,3,5.0,780.73
9557,1986,9,1.0,363.82
9558,1984,9,1.0,214.73
9559,1960,9,1.0,328.49
9560,2001,9,1.0,261.6
9561,1988,3,5.0,681.19
9562,1988,6,1.0,480.44
9563,1988,3,1.0,75.06
9564,1988,3,12.0,75.06
9565,1992,3,1.0,84.74
9566,1996,15,1.0,76.85
9567,2010,3,10.0,76.85
9568,1988,3,11.0,76.85
9569,1988,3,12.0,76.85
9570,1988,3,1.0,83.58
9571,1988,3,12.0,71.19
9572,1985,9,1.0,149.18
9573,1985,9,1.0,257.98
9574,1996,12,1.0,414.51
9575,1996,12,1.0,447.36
9576,1952,6,1.0,242.49
9577,2006,3,5.0,153.32
9578,2006,9,1.0,139.96
9579,2000,3,1.0,130.47
9580,1952,3,1.0,116.3
9581,1952,3,12.0,116.3
9582,1962,3,1.0,145.3
9583,1965,3,1.0,335.93
9584,1944,3,12.0,259.95
9585,1961,3,3.0,143.95
9586,1961,3,1.0,103.0
9587,2000,3,10.0,
9588,2000,3,12.0,
9589,1961,3,1.0,172.31
9590,1961,3,12.0,
9591,1989,9,1.0,456.38
9592,1997,3,5.0,395.73
9593,1997,9,1.0,214.25
9594,1934,3,3.0,349.01
9595,1967,3,1.0,135.11
9596,1967,3,12.0,103.97
9597,1978,12,1.0,127.18
9598,1989,9,1.0,362.41
9599,1950,3,1.0,104.45
9600,1953,3,1.0,69.26
9601,1956,3,1.0,119.45
9602,1956,3,12.0,102.11
9603,1966,3,12.0,81.56
9604,1988,9,1.0,367.75
9605,1978,3,12.0,178.04
9606,1972,18,1.0,219.1
9607,1996,12,1.0,263.38
9608,1953,3,1.0,155.58
9609,1965,3,1.0,160.35
9610,1965,3,12.0,124.62
9611,1958,3,1.0,146.48
9612,1975,3,1.0,208.49
9613,1975,3,12.0,199.4
9614,1966,9,1.0,119.01
9615,2000,3,5.0,508.11
9616,2000,9,1.0,463.97
9617,2001,9,1.0,335.7
9618,1909,6,3.0,1503.28
9619,1909,3,3.0,240.46
9620,1909,3,3.0,515.7
9621,1909,3,3.0,127.2
9622,1909,3,3.0,519.1
9623,1909,3,3.0,138.89
9624,1909,3,3.0,392.5
9625,1987,6,5.0,3857.25
9626,1909,9,3.0,252.15
9627,1909,3,3.0,417.89
9628,1909,6,3.0,591.02
9629,1909,6,3.0,184.67
9630,1909,6,3.0,697.49
9631,1909,3,3.0,693.16
9632,1988,3,12.0,721.03
9633,1950,3,1.0,104.97
9634,1950,3,12.0,
9635,2006,9,1.0,475.34
9636,1940,3,12.0,42.8
9637,1940,3,12.0,85.45
9638,1940,3,12.0,249.41
9639,1940,6,12.0,568.61
9640,1940,6,3.0,302.33
9641,1947,15,3.0,582.74
9642,1937,6,3.0,1626.26
9643,1937,6,3.0,38.68
9644,1937,9,3.0,591.64
9645,1937,6,3.0,380.64
9646,1951,6,1.0,86.11
9647,1952,3,1.0,102.52
9648,1964,6,1.0,78.95
9649,1956,3,1.0,83.05
9650,1956,6,12.0,72.27
9651,1956,3,1.0,129.84
9652,1956,3,12.0,102.98
9653,1981,9,1.0,110.25
9654,1965,6,1.0,131.11
9655,1961,3,1.0,121.77
9656,1945,3,1.0,96.31
9657,1954,3,1.0,98.85
9658,1962,6,1.0,111.6
9659,1960,6,1.0,145.38
9660,2018,3,10.0,59.93
9661,1960,3,12.0,
9662,1981,6,1.0,106.58
9663,1960,3,1.0,94.99
9664,1954,3,1.0,93.07
9665,1992,3,1.0,95.46
9666,1992,3,12.0,58.65
9667,1950,3,1.0,140.46
9668,1971,3,1.0,147.42
9669,1950,6,1.0,104.99
9670,1950,3,11.0,95.36
9671,1983,6,12.0,7.15
9672,1950,3,1.0,95.86
9673,1950,3,12.0,79.86
9674,1992,3,1.0,158.1
9675,1935,3,1.0,98.26
9676,1957,3,1.0,93.07
9677,1935,6,1.0,85.57
9678,1935,6,12.0,68.14
9679,1950,3,1.0,82.58
9680,1952,3,1.0,96.9
9681,1984,3,1.0,100.26
9682,1992,3,1.0,93.89
9683,1992,3,12.0,63.85
9684,1992,3,1.0,147.39
9685,1992,3,12.0,86.35
9686,1996,12,1.0,249.91
9687,1996,9,12.0,237.51
9688,1970,15,1.0,337.54
9689,2006,6,1.0,313.65
9690,1999,12,1.0,496.86
9691,1998,3,5.0,2304.49
9692,1999,15,1.0,1957.9
9693,2002,3,12.0,1957.9
9694,1970,15,1.0,334.33
9695,1971,15,1.0,310.34
9696,1965,18,1.0,310.35
9697,1971,18,1.0,310.36
9698,1971,18,1.0,310.35
9699,1971,3,12.0,25.05
9700,1971,18,1.0,324.35
9701,1971,18,1.0,310.37
9702,1971,18,1.0,324.32
9703,1971,18,1.0,310.34
9704,1965,18,1.0,310.34
9705,1971,18,1.0,310.37
9706,1971,15,1.0,299.17
9707,1971,18,1.0,310.34
9708,1971,18,1.0,310.34
9709,1965,18,1.0,310.35
9710,1971,18,1.0,310.32
9711,1971,18,1.0,310.35
9712,1971,18,1.0,310.35
9713,1994,9,1.0,289.12
9714,1973,3,5.0,1759.91
9715,1973,21,1.0,1735.5
9716,1996,3,5.0,279.87
9717,1996,18,1.0,187.2
9718,1995,18,1.0,179.75
9719,1996,21,1.0,322.09
9720,1995,12,1.0,229.84
9721,1958,3,1.0,84.96
9722,1965,3,1.0,78.72
9723,1959,3,1.0,50.05
9724,1952,3,1.0,141.67
9725,1956,3,1.0,120.62
9726,1958,3,1.0,125.5
9727,1979,6,1.0,121.42
9728,1970,3,1.0,144.45
9729,1956,3,1.0,130.4
9730,1958,3,1.0,107.07
9731,1961,3,1.0,125.95
9732,1968,3,1.0,108.07
9733,1954,3,1.0,133.74
9734,1956,3,1.0,138.3
9735,1965,12,1.0,113.71
9736,1965,3,11.0,83.71
9737,1965,3,12.0,60.9
9738,1956,3,1.0,147.73
9739,1968,3,1.0,150.61
9740,1956,3,1.0,140.54
9741,1971,3,1.0,147.12
9742,1960,3,1.0,134.72
9743,1950,3,1.0,134.94
9744,1960,3,1.0,117.94
9745,1967,3,1.0,126.01
9746,1979,3,1.0,139.81
9747,1982,3,1.0,146.51
9748,1993,6,1.0,155.13
9749,1979,3,1.0,131.79
9750,1956,3,1.0,135.51
9751,1962,3,1.0,146.99
9752,1966,3,1.0,131.85
9753,1966,3,5.0,178.25
9754,1971,3,1.0,169.77
9755,1960,3,1.0,131.01
9756,1998,3,1.0,121.74
9757,2002,6,1.0,347.25
9758,2002,3,12.0,246.93
9759,1975,6,1.0,144.53
9760,1968,9,1.0,24.42
9761,1950,9,12.0,63.66
9762,1974,6,1.0,58.11
9763,1950,3,1.0,94.15
9764,1953,3,1.0,176.15
9765,1967,3,1.0,164.62
9766,1967,3,12.0,129.55
9767,1965,3,1.0,125.85
9768,1955,3,1.0,88.47
9769,1953,6,1.0,96.0
9770,1953,6,11.0,90.94
9771,1953,6,12.0,52.82
9772,1956,3,1.0,62.11
9773,1960,3,1.0,94.05
9774,1945,3,1.0,125.18
9775,1945,3,12.0,101.46
9776,1951,3,1.0,109.7
9777,1972,3,1.0,86.64
9778,1999,9,1.0,67.96
9779,1959,3,1.0,75.43
9780,2002,3,1.0,177.19
9781,2002,3,12.0,157.24
9782,1963,3,1.0,130.67
9783,1949,3,1.0,107.88
9784,1970,3,12.0,124.66
9785,1951,3,1.0,122.73
9786,1960,3,1.0,80.23
9787,1960,3,12.0,80.23
9788,1960,3,1.0,96.28
9789,2016,6,1.0,208.67
9790,2016,3,12.0,121.27
9791,1962,6,1.0,214.42
9792,1993,3,3.0,111.02
9793,1993,3,9.0,111.02
9794,1951,3,1.0,113.06
9795,1946,9,1.0,84.47
9796,1946,3,11.0,84.47
9797,1946,3,12.0,26.8
9798,2006,6,1.0,65.27
9799,1962,3,2.0,333.67
9800,1960,3,12.0,31.28
9801,1965,3,1.0,81.66
9802,1965,3,12.0,66.62
9803,1958,3,1.0,92.04
9804,1950,3,1.0,68.25
9805,1964,3,1.0,99.54
9806,1964,6,1.0,123.76
9807,1972,6,1.0,113.02
9808,1936,3,11.0,100.66
9809,2024,3,12.0,
9810,1964,6,1.0,45.03
9811,1964,3,12.0,20.96
9812,1964,6,1.0,37.37
9813,1959,6,1.0,128.47
9814,1959,6,12.0,117.55
9815,1950,3,1.0,40.19
9816,1973,3,5.0,80.83
9817,1964,3,1.0,127.49
9818,1958,3,1.0,132.87
9819,1949,3,1.0,163.04
9820,1973,3,1.0,200.71
9821,1973,3,1.0,77.27
9822,1963,3,1.0,216.89
9823,1964,3,1.0,100.25
9824,1964,3,1.0,120.88
9825,1964,3,1.0,24.83
9826,1964,6,1.0,53.85
9827,1964,3,12.0,53.85
9828,1970,9,1.0,109.37
9829,1970,3,12.0,109.37
9830,1963,3,1.0,52.44
9831,1964,9,1.0,118.51
9832,1964,3,12.0,75.11
9833,1960,3,1.0,127.87
9834,1952,3,1.0,126.17
9835,2004,6,1.0,152.11
9836,1968,3,1.0,62.79
9837,1953,3,1.0,49.3
9838,1950,3,1.0,126.09
9839,2006,3,12.0,
9840,1990,9,1.0,102.8
9841,1990,3,12.0,70.97
9842,2020,6,1.0,123.21
9843,1957,6,12.0,79.91
9844,1983,3,1.0,142.79
9845,1983,3,1.0,133.05
9846,1950,3,12.0,63.29
9847,1958,3,1.0,140.22
9848,2008,6,1.0,122.36
9849,1983,3,1.0,123.78
9850,1955,3,12.0,106.68
9851,1997,6,1.0,123.08
9852,1997,3,12.0,83.32
9853,2003,6,1.0,93.55
9854,1963,3,1.0,81.59
9855,1958,3,1.0,10.79
9856,1967,6,1.0,63.83
9857,1967,3,12.0,32.89
9858,1955,3,1.0,18.4
9859,1963,3,1.0,25.26
9860,1953,3,1.0,29.19
9861,1953,3,1.0,19.57
9862,2000,3,1.0,53.55
9863,1979,9,1.0,103.81
9864,2003,3,1.0,59.36
9865,1960,6,1.0,66.99
9866,1962,6,1.0,103.13
9867,1968,3,1.0,94.45
9868,1968,3,12.0,94.45
9869,1969,3,1.0,99.88
9870,1969,3,12.0,99.88
9871,1967,3,1.0,107.65
9872,1968,3,1.0,114.31
9873,1968,3,12.0,86.26
9874,1968,3,1.0,104.54
9875,1971,3,1.0,93.45
9876,1980,3,1.0,90.41
9877,1963,3,12.0,76.36
9878,1968,3,1.0,137.96
9879,1980,6,1.0,99.04
9880,1970,3,1.0,92.73
9881,1987,3,1.0,180.52
9882,1971,3,1.0,155.03
9883,1984,3,1.0,148.34
9884,1971,6,1.0,128.99
9885,1972,9,1.0,101.26
9886,1972,3,12.0,101.26
9887,1971,3,1.0,101.45
9888,1957,3,1.0,50.09
9889,2005,9,1.0,52.79
9890,2001,6,1.0,243.47
9891,2001,3,9.0,241.42
9892,1981,3,10.0,265.5
9893,1981,3,12.0,
9894,2000,6,1.0,689.93
9895,1957,3,1.0,102.43
9896,1990,6,1.0,350.72
9897,1990,3,11.0,161.27
9898,1973,3,1.0,295.12
9899,1946,3,12.0,130.19
9900,1960,3,3.0,720.82
9901,1974,9,1.0,76.87
9902,1921,9,1.0,53.62
9903,2007,6,1.0,190.74
9904,1968,12,1.0,335.58
9905,1960,3,12.0,520.46
9906,1957,3,1.0,350.33
9907,1985,3,1.0,140.0
9908,1979,6,1.0,136.88
9909,1980,3,1.0,135.49
9910,1980,3,12.0,111.16
9911,1980,6,1.0,111.74
9912,1950,3,1.0,71.63
9913,1968,3,1.0,111.72
9914,1956,3,1.0,137.34
9915,1975,3,1.0,140.68
9916,1954,3,1.0,133.13
9917,1974,3,1.0,126.22
9918,2002,9,1.0,269.27
9919,1960,3,1.0,102.21
9920,1955,6,1.0,96.41
9921,1960,3,1.0,75.56
9922,1960,3,12.0,75.56
9923,1965,3,12.0,19.54
9924,1969,3,1.0,24.27
9925,1970,9,1.0,85.12
9926,1970,3,12.0,67.41
9927,1964,3,1.0,101.54
9928,1964,3,12.0,83.86
9929,1978,3,1.0,99.43
9930,1969,3,1.0,97.81
9931,1980,3,1.0,100.06
9932,1968,3,1.0,93.31
9933,1970,3,1.0,99.6
9934,1970,6,12.0,99.6
9935,1970,3,1.0,98.1
9936,1970,3,12.0,90.43
9937,1972,3,1.0,102.4
9938,1969,3,1.0,101.51
9939,1975,3,1.0,100.16
9940,1975,3,12.0,96.24
9941,1969,6,1.0,103.91
9942,1969,3,9.0,103.91
9943,1975,3,12.0,147.94
9944,1994,9,1.0,147.76
9945,1987,9,1.0,204.61
9946,1987,3,12.0,177.57
9947,1992,3,3.0,294.56
9948,1992,3,2.0,
9949,1993,6,1.0,516.85
9950,1989,3,1.0,265.24
9951,2004,3,1.0,232.63
9952,2004,3,12.0,231.2
9953,1987,6,1.0,104.74
9954,2001,3,1.0,77.83
9955,2005,3,1.0,70.22
9956,2003,9,1.0,79.27
9957,2003,3,12.0,79.27
9958,2002,3,1.0,202.53
9959,1999,3,1.0,98.04
9960,2006,6,1.0,267.69
9961,1999,3,1.0,82.03
9962,1999,3,1.0,81.96
9963,1994,3,12.0,40.85
9964,1960,3,3.0,224.27
9965,1960,3,2.0,132.53
9966,1960,3,3.0,316.78
9967,1955,3,5.0,164.75
9968,1955,3,1.0,
9969,1955,3,12.0,
9970,2002,6,1.0,803.2
9971,2001,6,1.0,273.0
9972,1965,3,3.0,546.94
9973,1965,3,2.0,205.71
9974,2003,3,12.0,193.89
9975,2002,6,1.0,1202.05
9976,2002,6,1.0,317.17
9977,2002,3,1.0,72.54
9978,2002,3,1.0,70.29
9979,1975,3,1.0,28.79
9980,1972,3,5.0,263.23
9981,1972,6,1.0,263.23
9982,1972,6,12.0,81.6
9983,1970,3,1.0,312.67
9984,1970,3,11.0,143.11
9985,1970,3,12.0,
9986,1971,9,1.0,204.75
9987,1971,3,11.0,127.17
9988,1971,3,12.0,78.57
9989,1970,6,1.0,222.65
9990,1970,3,11.0,100.2
9991,2007,3,1.0,129.06
9992,2007,3,10.0,37.76
9993,2007,3,12.0,
9994,1970,9,1.0,278.11
9995,1970,3,11.0,157.33
9996,1970,3,12.0,30.36
9997,1980,6,1.0,207.07
9998,1980,3,10.0,94.83
9999,1980,3,11.0,
10000,1980,3,12.0,
10001,1975,6,1.0,213.93
10002,1975,3,11.0,72.76
10003,1975,3,12.0,
10004,1980,6,1.0,103.42
10005,1980,3,10.0,103.42
10006,1980,3,11.0,
10007,1980,3,12.0,
10008,1972,3,1.0,165.79
10009,1972,3,11.0,24.4
10010,1972,6,12.0,
10011,1994,3,1.0,128.4
10012,1984,6,1.0,136.81
10013,1956,3,12.0,102.36
10014,1991,3,1.0,193.05
10015,1959,3,1.0,92.95
10016,1957,6,1.0,146.97
10017,1950,3,1.0,211.21
10018,1950,3,12.0,
10019,1955,3,1.0,131.51
10020,1960,3,12.0,103.0
10021,1948,9,1.0,116.45
10022,1948,6,12.0,68.87
10023,1950,3,1.0,127.03
10024,1976,3,1.0,125.84
10025,1940,3,12.0,95.65
10026,1973,3,1.0,74.29
10027,1970,3,1.0,104.6
10028,1944,3,12.0,94.38
10029,1960,3,1.0,74.09
10030,1946,3,1.0,78.66
10031,1950,3,1.0,26.05
10032,1978,9,1.0,201.53
10033,1989,3,1.0,101.77
10034,2002,6,1.0,250.08
10035,1960,3,1.0,111.63
10036,1960,3,12.0,81.45
10037,1946,9,1.0,106.53
10038,1946,9,12.0,92.79
10039,1964,3,1.0,100.21
10040,1990,9,1.0,94.06
10041,1963,3,1.0,93.21
10042,1963,9,12.0,18.54
10043,1960,3,1.0,117.56
10044,1960,3,12.0,91.71
10045,1964,3,1.0,93.72
10046,1998,3,5.0,263.33
10047,1998,6,1.0,263.33
10048,1990,3,1.0,132.34
10049,1942,3,12.0,76.32
10050,1942,3,1.0,137.15
10051,2003,3,1.0,296.68
10052,2003,3,12.0,287.55
10053,2005,6,1.0,273.56
10054,1960,3,12.0,282.04
10055,1933,3,5.0,460.6
10056,1950,3,12.0,460.6
10057,1933,3,5.0,124.18
10058,1953,3,12.0,
10059,1950,3,1.0,113.76
10060,1956,3,1.0,150.52
10061,1956,3,12.0,117.91
10062,1963,3,1.0,108.11
10063,1950,3,12.0,142.45
10064,1956,6,1.0,126.81
10065,1954,3,12.0,89.2
10066,1971,3,1.0,147.51
10067,1954,3,1.0,127.13
10068,1989,3,1.0,60.22
10069,1958,3,1.0,113.59
10070,1958,3,12.0,
10071,1960,3,1.0,181.18
10072,1960,3,12.0,171.56
10073,1980,3,1.0,152.3
10074,1978,9,1.0,156.77
10075,1961,3,1.0,37.98
10076,1969,6,1.0,106.17
10077,1975,3,1.0,92.35
10078,2024,6,1.0,87.68
10079,2024,3,12.0,61.43
10080,1984,3,1.0,136.48
10081,1967,3,12.0,116.95
10082,1956,3,1.0,270.71
10083,1950,3,12.0,133.06
10084,1989,3,1.0,59.96
10085,1989,3,1.0,106.22
10086,1989,3,12.0,62.95
10087,1996,3,3.0,227.4
10088,1996,3,2.0,
10089,1982,3,8.0,163.02
10090,2000,6,1.0,282.73
10091,2008,6,1.0,426.63
10092,2008,6,11.0,403.62
10093,2000,3,1.0,136.61
10094,2000,3,12.0,54.09
10095,1950,3,1.0,140.18
10096,1950,3,12.0,79.48
10097,1984,9,1.0,92.66
10098,1984,3,12.0,91.76
10099,1999,15,1.0,192.96
10100,2010,12,1.0,285.51
10101,2010,3,12.0,280.62
10102,1974,9,1.0,194.04
10103,1974,18,1.0,480.74
10104,1974,18,1.0,476.43
10105,1974,18,1.0,473.17
10106,1974,21,1.0,486.09
10107,1937,3,1.0,106.1
10108,1960,3,1.0,137.25
10109,1960,3,12.0,126.96
10110,2007,9,1.0,107.02
10111,1950,3,1.0,69.9
10112,1940,3,1.0,53.5
10113,1940,3,1.0,56.83
10114,1941,3,1.0,77.2
10115,1965,3,1.0,51.57
10116,1991,9,1.0,48.9
10117,1940,3,1.0,61.78
10118,1940,3,1.0,54.33
10119,1950,3,1.0,49.82
10120,1945,3,1.0,43.08
10121,1944,3,1.0,59.26
10122,1945,3,1.0,64.72
10123,1955,3,1.0,78.42
10124,1960,3,1.0,64.85
10125,1955,3,1.0,107.57
10126,1955,3,12.0,89.2
10127,1999,6,1.0,108.85
10128,1929,3,1.0,150.7
10129,1929,3,12.0,133.72
10130,1950,6,1.0,135.65
10131,1950,6,12.0,82.07
10132,1949,9,1.0,111.54
10133,1960,3,5.0,115.74
10134,1960,3,1.0,115.74
10135,2000,9,1.0,120.17
10136,2022,6,1.0,98.84
10137,1968,3,1.0,99.85
10138,1940,3,1.0,75.07
10139,1962,3,1.0,113.54
10140,1943,6,1.0,134.34
10141,1991,3,1.0,105.98
10142,1940,3,12.0,23.39
10143,1979,3,5.0,5546.28
10144,1979,21,1.0,2101.16
10145,1974,6,1.0,297.64
10146,2001,15,1.0,403.46
10147,2008,12,1.0,318.73
10148,2005,9,1.0,242.97
10149,2007,9,1.0,419.44
10150,1944,3,1.0,349.07
10151,1943,3,12.0,274.29
10152,2009,9,1.0,212.86
10153,2009,3,12.0,196.46
10154,2009,3,5.0,420.31
10155,2009,15,1.0,367.61
10156,2009,6,12.0,367.61
10157,1943,3,5.0,264.15
10158,1943,3,12.0,42.01
10159,1898,3,1.0,135.92
10160,1898,3,12.0,89.64
10161,2000,9,1.0,121.81
10162,2001,12,1.0,213.22
10163,1993,3,5.0,292.09
10164,1993,12,1.0,284.12
10165,2001,12,1.0,587.21
10166,1941,3,8.0,256.99
10167,1941,6,1.0,209.52
10168,1941,3,12.0,
10169,1970,18,1.0,784.46
10170,1971,21,1.0,363.33
10171,1965,3,12.0,17.86
10172,2004,3,5.0,2331.48
10173,2004,3,1.0,1587.09
10174,2004,3,12.0,1541.44
10175,1972,3,1.0,104.17
10176,1972,3,12.0,104.17
10177,1983,6,1.0,51.06
10178,1920,3,12.0,51.06
10179,1923,3,12.0,137.68
10180,1965,9,1.0,117.37
10181,1965,6,12.0,87.62
10182,1968,9,1.0,116.9
10183,1968,3,12.0,85.56
10184,1987,3,5.0,303.74
10185,1987,3,1.0,136.09
10186,1987,3,12.0,65.29
10187,1950,3,3.0,224.84
10188,1972,3,3.0,274.76
10189,1993,3,3.0,269.66
10190,1990,3,1.0,304.97
10191,1990,6,12.0,231.62
10192,1935,3,1.0,99.53
10193,1915,6,1.0,130.93
10194,1994,6,1.0,179.74
10195,1944,6,1.0,113.51
10196,1931,3,1.0,124.01
10197,1918,3,1.0,125.98
10198,1972,6,1.0,153.64
10199,1988,9,1.0,268.58
10200,1958,3,12.0,176.35
10201,1950,3,1.0,409.53
10202,2004,6,1.0,86.36
10203,2008,9,1.0,293.58
10204,2020,12,1.0,187.93
10205,1956,3,12.0,264.0
10206,1970,6,1.0,129.75
10207,1960,3,11.0,57.97
10208,1960,3,12.0,
10209,1969,3,10.0,1107.23
10210,1990,12,1.0,251.27
10211,1990,3,11.0,238.58
10212,1990,6,12.0,185.7
10213,2003,9,1.0,362.31
10214,1924,3,1.0,88.29
10215,1963,3,1.0,117.57
10216,1935,3,1.0,116.57
10217,1923,3,12.0,78.05
10218,2023,6,1.0,144.52
10219,2023,3,12.0,105.15
10220,1918,3,1.0,133.23
10221,1928,3,1.0,208.55
10222,1928,3,1.0,136.94
10223,1928,3,9.0,81.2
10224,1954,6,1.0,183.93
10225,1954,3,11.0,135.55
10226,1954,6,12.0,
10227,2002,3,1.0,230.91
10228,1920,3,1.0,93.96
10229,1920,6,12.0,18.76
10230,1994,6,1.0,203.56
10231,1918,3,1.0,138.2
10232,1918,6,12.0,
10233,1928,6,1.0,70.4
10234,1928,3,12.0,19.05
10235,1964,3,1.0,68.94
10236,1964,3,12.0,68.94
10237,1922,6,5.0,80.29
10238,1922,3,1.0,91.11
10239,1922,6,1.0,183.87
10240,1922,3,11.0,19.51
10241,1922,6,12.0,
10242,1994,3,1.0,97.49
10243,1994,6,12.0,28.95
10244,2006,6,1.0,80.15
10245,2006,3,12.0,58.81
10246,1958,3,1.0,55.34
10247,1918,3,5.0,101.09
10248,1964,3,1.0,101.09
10249,1978,3,1.0,112.23
10250,1955,3,12.0,93.61
10251,1977,3,1.0,139.52
10252,1920,3,12.0,111.46
10253,2007,9,1.0,174.15
10254,2016,3,1.0,120.26
10255,2016,3,12.0,115.07
10256,2021,6,1.0,93.47
10257,2021,3,12.0,66.88
10258,1920,3,1.0,89.54
10259,1922,3,1.0,114.35
10260,1968,3,1.0,115.52
10261,1923,3,12.0,92.04
10262,1924,3,1.0,60.25
10263,2018,6,1.0,59.61
10264,1972,6,5.0,142.47
10265,1968,12,1.0,137.22
10266,1980,3,12.0,120.83
10267,1963,12,1.0,157.98
10268,1997,3,1.0,92.01
10269,1997,6,12.0,81.04
10270,1965,3,1.0,79.67
10271,2019,3,1.0,72.85
10272,2019,3,10.0,
10273,2019,3,12.0,
10274,1948,3,1.0,91.24
10275,1999,3,1.0,58.6
10276,1951,3,1.0,135.25
10277,1951,3,1.0,90.19
10278,1975,12,1.0,238.99
10279,2006,9,1.0,170.46
10280,1965,3,5.0,213.79
10281,1965,3,1.0,201.58
10282,1972,6,1.0,90.29
10283,1933,3,12.0,76.54
10284,1990,9,1.0,470.81
10285,1930,3,3.0,306.14
10286,1989,3,1.0,92.88
10287,1986,15,1.0,163.6
10288,1958,3,1.0,116.67
10289,1930,3,1.0,83.46
10290,1920,3,1.0,112.56
10291,1920,6,12.0,17.33
10292,1951,3,1.0,109.14
10293,2003,3,1.0,231.78
10294,2003,3,12.0,148.65
10295,2005,9,1.0,311.5
10296,1924,3,1.0,92.8
10297,1962,3,1.0,122.99
10298,1918,3,12.0,101.39
10299,1984,3,1.0,129.02
10300,1932,3,12.0,89.36
10301,1953,3,1.0,131.24
10302,1918,3,12.0,83.87
10303,1979,3,1.0,115.01
10304,1918,3,12.0,90.49
10305,2020,9,1.0,76.31
10306,2020,3,12.0,59.46
10307,1999,12,1.0,129.67
10308,1992,3,12.0,69.71
10309,1982,9,1.0,126.97
10310,1982,3,11.0,96.23
10311,1943,9,12.0,87.84
10312,1949,9,1.0,131.13
10313,1927,3,12.0,95.2
10314,2003,9,1.0,119.2
10315,1997,9,1.0,137.75
10316,1997,6,12.0,80.81
10317,1990,12,1.0,68.17
10318,1990,3,12.0,57.68
10319,1987,3,1.0,94.16
10320,2004,12,1.0,80.35
10321,1928,6,1.0,111.45
10322,1928,3,12.0,90.33
10323,1963,9,1.0,132.81
10324,1963,3,12.0,111.51
10325,1928,3,1.0,102.74
10326,1925,3,5.0,120.1
10327,1960,3,1.0,104.14
10328,1928,3,1.0,101.56
10329,1932,3,1.0,96.92
10330,1932,3,12.0,82.21
10331,1988,3,1.0,136.74
10332,1921,3,1.0,101.13
10333,1922,3,1.0,101.0
10334,1931,3,1.0,116.88
10335,2009,9,1.0,94.15
10336,2009,3,12.0,67.08
10337,1922,3,1.0,95.48
10338,1971,3,1.0,83.25
10339,1948,3,1.0,120.11
10340,2023,6,1.0,111.53
10341,2023,3,11.0,98.17
10342,1990,3,1.0,82.24
10343,1990,3,12.0,63.64
10344,1972,6,1.0,142.14
10345,1920,3,12.0,82.28
10346,1972,6,1.0,139.89
10347,1918,3,12.0,83.09
10348,1971,3,1.0,120.68
10349,1928,3,12.0,84.62
10350,1915,3,1.0,129.52
10351,1962,3,1.0,137.61
10352,1962,3,12.0,88.9
10353,2004,3,1.0,385.43
10354,2004,3,12.0,385.43
10355,2023,15,1.0,391.11
10356,2023,6,11.0,375.31
10357,2023,6,12.0,375.31
10358,1920,3,1.0,137.35
10359,1920,3,12.0,96.84
10360,1966,3,5.0,132.19
10361,1966,9,1.0,102.5
10362,1966,6,12.0,9.51
10363,1971,3,1.0,130.49
10364,1971,3,12.0,23.45
10365,1998,9,1.0,63.19
10366,1951,3,1.0,89.34
10367,1961,6,1.0,89.6
10368,1961,3,12.0,
10369,1959,3,5.0,128.94
10370,1959,3,1.0,83.66
10371,1977,3,1.0,154.28
10372,1987,9,1.0,236.68
10373,1897,3,12.0,109.24
10374,1967,15,1.0,215.42
10375,2017,6,1.0,122.94
10376,2017,3,11.0,63.29
10377,2017,3,12.0,
10378,1972,18,1.0,221.26
10379,2016,9,1.0,219.24
10380,1953,3,12.0,154.67
10381,1959,3,1.0,76.33
10382,1961,6,1.0,61.35
10383,1959,3,1.0,119.95
10384,1959,3,11.0,86.81
10385,1959,6,12.0,14.32
10386,1955,3,1.0,143.53
10387,1955,3,12.0,80.59
10388,1960,3,1.0,284.13
10389,1960,3,12.0,217.68
10390,1977,6,1.0,113.65
10391,1950,3,1.0,118.61
10392,1950,6,12.0,11.3
10393,1979,6,1.0,134.21
10394,1954,12,1.0,131.89
10395,1978,3,1.0,131.81
10396,1991,3,1.0,62.0
10397,1967,3,1.0,175.77
10398,1967,3,12.0,107.44
10399,2021,6,1.0,85.58
10400,2021,3,11.0,75.48
10401,2021,3,12.0,
10402,1956,3,1.0,546.57
10403,1956,3,12.0,218.5
10404,1969,12,1.0,137.39
10405,1953,3,1.0,169.85
10406,2003,12,1.0,165.6
10407,1983,6,1.0,104.64
10408,1961,3,1.0,68.0
10409,1999,12,1.0,275.54
10410,1890,3,4.0,956.3
10411,1990,3,1.0,119.39
10412,1979,3,12.0,372.44
10413,1963,3,1.0,123.49
10414,2000,3,1.0,186.85
10415,1968,3,1.0,179.63
10416,1961,3,5.0,109.77
10417,1967,12,1.0,164.46
10418,1963,6,1.0,53.75
10419,1963,3,12.0,44.46
10420,1979,3,5.0,182.75
10421,1979,18,1.0,141.25
10422,1979,3,12.0,141.25
10423,1964,6,2.0,168.83
10424,1951,3,1.0,107.0
10425,1951,3,12.0,96.46
10426,1928,3,1.0,91.13
10427,1920,6,1.0,89.67
10428,2013,3,10.0,27.05
10429,1966,6,12.0,
10430,1951,3,1.0,111.94
10431,1951,3,12.0,90.29
10432,1976,3,1.0,87.63
10433,1950,3,1.0,99.88
10434,1992,12,1.0,470.01
10435,1961,3,1.0,132.0
10436,1961,3,12.0,93.9
10437,1951,3,1.0,207.41
10438,1951,3,12.0,135.62
10439,1951,3,12.0,73.66
10440,2010,12,1.0,111.89
10441,2010,6,12.0,62.55
10442,1981,3,5.0,308.44
10443,1981,15,1.0,308.44
10444,1980,12,1.0,371.28
10445,1978,15,1.0,213.62
10446,2001,9,1.0,277.79
10447,1960,3,1.0,88.17
10448,1929,3,1.0,86.59
10449,1954,3,1.0,67.99
10450,2006,9,1.0,126.88
10451,1957,3,1.0,207.77
10452,2004,3,1.0,169.0
10453,2004,3,12.0,96.85
10454,1988,3,1.0,68.16
10455,1993,3,1.0,269.17
10456,1998,9,1.0,109.77
10457,1979,6,1.0,127.97
10458,1966,3,12.0,127.97
10459,1987,3,1.0,109.98
10460,1970,3,1.0,127.6
10461,2002,9,1.0,286.01
10462,2004,3,1.0,78.21
10463,1965,3,1.0,113.27
10464,2000,6,1.0,195.61
10465,2000,3,12.0,106.92
10466,2002,3,5.0,170.45
10467,2002,3,1.0,170.45
10468,2002,3,12.0,135.05
10469,1982,3,1.0,249.93
10470,1982,3,10.0,209.08
10471,1960,3,12.0,9.99
10472,1992,9,1.0,379.65
10473,1960,6,4.0,365.04
10474,1999,3,1.0,153.4
10475,2017,9,1.0,76.52
10476,2017,3,12.0,56.12
10477,1983,6,1.0,214.46
10478,1929,3,1.0,98.3
10479,1929,3,12.0,
10480,1960,3,1.0,79.21
10481,1960,3,1.0,103.96
10482,1960,3,12.0,
10483,1944,6,1.0,92.84
10484,1929,3,12.0,92.84
10485,1960,3,1.0,98.55
10486,1980,15,1.0,272.88
10487,1998,3,5.0,255.87
10488,1998,3,8.0,253.85
10489,1998,9,1.0,253.85
10490,1960,3,1.0,203.07
10491,1960,3,12.0,203.07
10492,1960,3,5.0,95.13
10493,1960,3,1.0,89.85
10494,1960,3,12.0,31.85
10495,1986,3,3.0,138.71
10496,1986,6,1.0,126.55
10497,1986,3,10.0,77.94
10498,1986,3,12.0,
10499,2020,15,1.0,122.49
10500,2020,3,10.0,69.62
10501,2020,3,12.0,58.99
10502,1993,3,5.0,162.28
10503,1993,9,1.0,149.4
10504,1982,9,1.0,153.64
10505,1981,9,1.0,118.2
10506,1981,3,11.0,88.69
10507,1981,3,12.0,37.66
10508,1994,6,1.0,139.58
10509,2003,3,1.0,836.74
10510,2003,3,12.0,292.37
10511,1960,3,12.0,82.6
10512,1957,3,4.0,637.96
10513,1957,6,1.0,231.64
10514,1957,3,12.0,
10515,1960,3,1.0,156.11
10516,1970,3,12.0,145.1
10517,1960,12,1.0,216.88
10518,1953,6,1.0,130.72
10519,1972,3,12.0,84.11
10520,1943,3,1.0,98.59
10521,1943,3,12.0,75.67
10522,1970,3,1.0,144.91
10523,1934,3,1.0,220.94
10524,1950,3,1.0,140.5
10525,1940,3,1.0,124.96
10526,1997,9,1.0,81.11
10527,1959,3,12.0,64.03
10528,1929,3,1.0,104.46
10529,1929,3,12.0,
10530,1960,3,1.0,144.0
10531,1965,6,1.0,145.25
10532,1965,3,12.0,123.11
10533,1999,9,1.0,83.28
10534,1995,3,12.0,64.76
10535,1972,9,1.0,95.52
10536,1960,3,9.0,80.05
10537,1923,3,1.0,93.92
10538,1925,3,1.0,101.48
10539,1953,3,1.0,122.63
10540,1953,3,12.0,
10541,1963,3,1.0,191.42
10542,1963,3,12.0,131.89
10543,1965,3,1.0,190.06
10544,2004,3,1.0,94.64
10545,1990,3,5.0,135.53
10546,1959,6,1.0,89.6
10547,1959,3,12.0,60.32
10548,1999,9,1.0,415.07
10549,1966,6,5.0,666.52
10550,1966,18,1.0,531.3
10551,1966,9,12.0,531.3
10552,1968,15,1.0,471.45
10553,1929,6,1.0,128.26
10554,1972,9,1.0,73.76
10555,1959,3,12.0,45.99
10556,1932,3,1.0,158.32
10557,1932,3,12.0,
10558,1969,3,1.0,136.37
10559,1969,3,12.0,
10560,1979,3,1.0,103.77
10561,1966,3,1.0,133.48
10562,1963,3,1.0,85.35
10563,1962,9,1.0,104.92
10564,1962,3,12.0,91.86
10565,1964,9,1.0,105.24
10566,1964,3,12.0,94.52
10567,1948,3,1.0,88.78
10568,1961,3,1.0,98.81
10569,2001,3,1.0,268.46
10570,2009,9,1.0,454.47
10571,2002,3,5.0,707.36
10572,2002,12,1.0,594.58
10573,1996,3,4.0,1359.96
10574,2003,3,4.0,122.76
10575,1999,3,1.0,158.56
10576,1922,3,1.0,140.35
10577,1922,3,1.0,163.8
10578,1998,9,1.0,149.36
10579,1970,3,1.0,97.44
10580,1989,3,5.0,531.26
10581,1989,12,1.0,441.53
10582,1989,6,12.0,441.53
10583,1971,15,1.0,342.4
10584,1971,15,1.0,287.83
10585,1971,15,1.0,231.8
10586,1920,3,5.0,99.65
10587,1920,3,1.0,99.65
10588,1997,3,1.0,93.39
10589,1920,6,1.0,67.8
10590,1920,3,1.0,67.41
10591,1920,3,12.0,67.41
10592,1920,3,5.0,63.23
10593,1920,3,12.0,63.23
10594,2001,3,3.0,4145.83
10595,1998,3,1.0,148.25
10596,1970,3,1.0,179.87
10597,1960,3,1.0,90.62
10598,1960,3,1.0,126.06
10599,1920,6,1.0,190.89
10600,1920,3,12.0,64.17
10601,1920,3,1.0,176.0
10602,1920,3,12.0,7.57
10603,1920,3,1.0,217.98
10604,1920,3,12.0,156.47
10605,1950,9,12.0,466.46
10606,1950,6,12.0,1052.05
10607,1950,9,12.0,434.33
10608,1950,9,12.0,666.54
10609,1950,6,12.0,289.1
10610,1950,9,12.0,443.36
10611,1950,6,12.0,419.59
10612,1940,3,3.0,549.7
10613,1940,3,3.0,1137.13
10614,1940,3,3.0,801.34
10615,1940,3,3.0,559.23
10616,1940,3,3.0,570.92
10617,1940,3,3.0,550.48
10618,1940,12,3.0,4477.78
10619,1975,6,3.0,524.11
10620,1900,3,12.0,
10621,1975,6,3.0,45.25
10622,1960,3,5.0,144.42
10623,1960,3,1.0,124.05
10624,1960,3,12.0,
10625,1940,3,1.0,80.72
10626,1940,3,12.0,70.99
10627,1960,3,1.0,122.37
10628,1940,3,1.0,152.59
10629,1940,3,12.0,112.61
10630,1960,3,5.0,103.67
10631,1984,3,1.0,103.67
10632,2008,3,11.0,73.1
10633,1999,9,1.0,144.74
10634,1960,3,1.0,91.67
10635,1957,6,1.0,91.0
10636,1993,3,1.0,89.16
10637,1960,3,1.0,114.24
10638,1960,3,1.0,109.02
10639,1960,3,1.0,100.78
10640,1960,3,1.0,109.71
10641,1960,6,1.0,94.63
10642,1960,3,1.0,113.79
10643,1960,3,1.0,112.39
10644,1960,3,12.0,99.56
10645,1960,3,1.0,117.9
10646,1960,3,12.0,89.17
10647,1997,9,1.0,95.79
10648,2010,3,12.0,59.19
10649,1960,3,1.0,103.58
10650,1960,3,1.0,105.03
10651,1960,3,12.0,87.31
10652,1960,3,5.0,66.21
10653,1960,3,12.0,
10654,1960,3,1.0,99.21
10655,1960,3,12.0,14.89
10656,1960,3,3.0,2473.71
10657,2010,3,5.0,126.89
10658,2010,3,2.0,67.69
10659,2010,9,1.0,67.69
10660,1950,6,1.0,212.51
10661,1950,3,12.0,25.72
10662,1950,3,1.0,138.57
10663,1940,3,1.0,151.57
10664,1940,3,12.0,112.92
10665,2006,3,1.0,251.94
10666,2012,3,12.0,52.4
10667,1955,3,1.0,160.59
10668,1955,3,12.0,124.68
10669,1960,3,1.0,147.05
10670,1960,3,12.0,107.74
10671,1982,12,1.0,169.46
10672,1965,6,1.0,116.69
10673,1940,3,5.0,177.48
10674,1940,3,1.0,139.86
10675,1940,3,12.0,24.01
10676,1996,3,1.0,101.41
10677,1978,6,1.0,81.74
10678,1940,6,1.0,73.37
10679,1940,3,12.0,17.2
10680,1950,3,1.0,106.82
10681,1988,9,1.0,94.93
10682,1999,3,11.0,80.35
10683,1956,3,12.0,67.08
10684,1950,3,1.0,108.21
10685,1950,9,1.0,101.09
10686,1950,3,12.0,79.37
10687,1981,3,1.0,136.89
10688,1958,3,12.0,31.71
10689,1940,3,1.0,82.68
10690,1940,3,11.0,
10691,1940,3,12.0,
10692,1940,3,1.0,95.94
10693,1940,9,12.0,31.02
10694,1950,9,1.0,81.22
10695,1950,3,12.0,81.22
10696,1940,6,1.0,99.8
10697,1940,6,1.0,99.77
10698,1940,3,12.0,71.9
10699,1963,3,1.0,90.61
10700,1998,3,5.0,555.98
10701,1998,12,1.0,538.38
10702,1999,3,5.0,1107.1
10703,1999,12,1.0,1028.53
10704,1993,15,1.0,837.13
10705,1999,15,1.0,1070.5
10706,1942,12,1.0,2350.05
10707,1990,18,1.0,624.97
10708,1990,18,1.0,489.73
10709,1996,12,1.0,948.17
10710,1996,3,5.0,1006.42
10711,1996,12,1.0,607.86
10712,1996,3,12.0,449.56
10713,1994,3,5.0,247.74
10714,1994,12,1.0,247.74
10715,1999,3,5.0,1367.43
10716,1999,12,1.0,1089.25
10717,1999,12,12.0,1078.72
10718,1995,3,5.0,390.54
10719,1995,18,1.0,384.65
10720,1994,3,5.0,506.63
10721,1994,18,1.0,464.9
10722,1997,15,1.0,392.89
10723,1997,15,1.0,400.54
10724,1970,18,1.0,318.17
10725,1979,12,1.0,559.97
10726,1975,3,2.0,365.69
10727,1975,21,1.0,333.82
10728,1976,21,1.0,290.3
10729,1976,21,1.0,317.87
10730,1976,21,1.0,420.82
10731,1975,3,5.0,306.39
10732,1975,15,1.0,286.08
10733,1970,18,1.0,304.98
10734,1970,18,1.0,231.1
10735,1970,18,1.0,297.52
10736,1970,18,1.0,303.84
10737,1994,15,1.0,507.43
10738,1979,15,1.0,361.11
10739,1979,3,5.0,361.27
10740,1979,15,1.0,343.31
10741,1979,18,1.0,199.69
10742,1979,21,1.0,369.9
10743,1979,21,1.0,365.94
10744,1979,24,1.0,1065.82
10745,1979,12,1.0,303.95
10746,1978,12,1.0,530.22
10747,1988,3,5.0,255.75
10748,1988,9,1.0,231.83
10749,1988,3,5.0,222.42
10750,1988,9,1.0,210.81
10751,1989,3,5.0,220.64
10752,1989,9,1.0,208.8
10753,1990,3,5.0,223.85
10754,1990,9,1.0,210.77
10755,1992,9,1.0,250.41
10756,1993,3,5.0,252.88
10757,1993,9,1.0,216.58
10758,1980,15,1.0,279.46
10759,1982,3,5.0,895.64
10760,1982,18,1.0,667.32
10761,1982,3,12.0,667.32
10762,2002,3,1.0,150.49
10763,1958,3,1.0,111.32
10764,1958,3,12.0,59.78
10765,2005,3,1.0,85.25
10766,1950,3,1.0,139.93
10767,2021,3,1.0,256.87
10768,1963,3,12.0,182.67
10769,1984,9,1.0,84.03
10770,1984,3,12.0,72.26
10771,1992,3,1.0,81.5
10772,1964,6,1.0,254.73
10773,1964,3,12.0,105.21
10774,1954,9,1.0,117.84
10775,1954,3,12.0,93.5
10776,1973,6,12.0,110.3
10777,1977,12,1.0,153.79
10778,1977,3,12.0,137.24
10779,2023,3,1.0,139.09
10780,2023,6,12.0,106.64
10781,1978,3,5.0,151.54
10782,1978,21,1.0,135.99
10783,1979,21,1.0,240.49
10784,1979,21,1.0,254.23
10785,1979,21,1.0,248.6
10786,1980,15,1.0,312.46
10787,2008,9,1.0,253.3
10788,1960,3,5.0,109.41
10789,1960,3,1.0,67.33
10790,1960,3,12.0,31.38
10791,1962,3,1.0,100.43
10792,1960,3,1.0,131.99
10793,1960,3,12.0,114.82
10794,1958,3,1.0,103.56
10795,1958,3,12.0,13.73
10796,1973,6,1.0,112.41
10797,1986,6,1.0,182.43
10798,1975,9,1.0,137.87
10799,1958,6,1.0,131.75
10800,1958,3,12.0,121.52
10801,1984,3,5.0,949.03
10802,1984,18,1.0,708.08
10803,1980,3,5.0,830.64
10804,1980,18,1.0,733.39
10805,2007,9,1.0,245.0
10806,1994,6,1.0,811.66
10807,1994,3,12.0,641.82
10808,1974,3,1.0,110.95
10809,1974,3,12.0,84.69
10810,1959,3,1.0,106.81
10811,1971,3,1.0,119.05
10812,1964,3,1.0,113.49
10813,1964,3,12.0,82.65
10814,1974,12,1.0,965.7
10815,1960,3,1.0,50.36
10816,1969,3,1.0,110.31
10817,1980,3,1.0,317.2
10818,1972,3,1.0,79.89
10819,1972,3,12.0,72.89
10820,1989,6,5.0,124.54
10821,1960,3,1.0,143.61
10822,1953,3,12.0,137.54
10823,1960,3,1.0,136.05
10824,1960,3,1.0,86.73
10825,1962,3,1.0,140.85
10826,1956,3,1.0,114.09
10827,1956,3,12.0,56.97
10828,1971,6,1.0,145.52
10829,1963,3,1.0,137.24
10830,1953,3,1.0,133.14
10831,1953,3,11.0,14.52
10832,1965,6,12.0,
10833,1960,3,1.0,125.83
10834,1960,3,1.0,96.04
10835,1960,3,12.0,41.41
10836,1986,3,1.0,301.2
10837,1958,3,1.0,131.4
10838,1962,3,1.0,147.7
10839,1968,3,1.0,93.5
10840,1962,3,12.0,75.96
10841,1967,6,1.0,183.74
10842,1954,3,12.0,168.07
10843,1963,3,1.0,123.36
10844,1963,3,12.0,11.44
10845,1969,3,1.0,89.51
10846,2002,9,1.0,142.71
10847,1961,3,1.0,85.63
10848,1961,3,12.0,80.15
10849,1968,3,1.0,105.91
10850,1958,3,1.0,130.05
10851,1993,6,1.0,117.55
10852,1993,3,12.0,117.55
10853,1972,3,1.0,70.65
10854,1979,3,1.0,112.69
10855,1956,3,1.0,121.12
10856,1956,3,12.0,109.89
10857,1951,3,1.0,61.51
10858,2004,6,1.0,73.32
10859,1960,3,1.0,63.65
10860,1960,3,1.0,35.0
10861,1963,3,1.0,78.46
10862,1956,3,8.0,94.36
10863,1954,3,1.0,47.43
10864,1954,3,12.0,22.74
10865,1953,3,1.0,98.03
10866,1999,3,1.0,150.86
10867,1966,3,1.0,86.66
10868,1967,3,1.0,182.8
10869,1954,3,12.0,141.0
10870,1963,3,1.0,192.95
10871,1954,3,1.0,174.69
10872,1954,6,1.0,179.62
10873,1954,3,12.0,35.81
10874,1976,3,1.0,124.1
10875,1954,3,1.0,110.94
10876,2022,6,1.0,116.42
10877,2022,3,12.0,90.01
10878,1954,3,1.0,126.73
10879,1959,3,1.0,168.35
10880,1955,6,12.0,98.47
10881,2007,9,1.0,126.67
10882,1970,9,1.0,118.98
10883,1970,6,12.0,97.66
10884,1954,3,1.0,93.4
10885,1999,9,1.0,144.8
10886,1999,3,11.0,127.08
10887,1999,6,12.0,46.85
10888,1993,3,1.0,108.93
10889,1954,3,1.0,133.61
10890,1954,3,1.0,120.78
10891,1953,3,1.0,88.34
10892,1950,3,1.0,111.65
10893,1950,3,12.0,
10894,1997,3,1.0,162.62
10895,1956,6,1.0,72.71
10896,1970,3,1.0,68.09
10897,1962,3,1.0,104.15
10898,1962,3,1.0,96.89
10899,1958,3,1.0,67.38
10900,1958,3,1.0,67.72
10901,1997,3,1.0,178.26
10902,1955,3,5.0,197.63
10903,1957,9,1.0,197.63
10904,1955,3,12.0,37.46
10905,2003,6,1.0,170.11
10906,1960,3,1.0,76.76
10907,1973,3,1.0,110.56
10908,1970,3,1.0,80.16
10909,1956,3,1.0,32.92
10910,2003,3,1.0,60.95
10911,1991,3,3.0,272.51
10912,1991,3,2.0,29.69
10913,2007,6,1.0,60.6
10914,2007,6,1.0,83.47
10915,2008,6,1.0,33.2
10916,2000,3,1.0,82.42
10917,2009,6,1.0,496.52
10918,1958,3,1.0,238.6
10919,1958,6,1.0,205.14
10920,1958,6,11.0,157.88
10921,1958,3,12.0,
10922,1957,3,12.0,463.4
10923,1960,3,12.0,460.35
10924,1950,3,5.0,91.77
10925,1950,6,1.0,74.07
10926,2008,15,12.0,181.41
10927,1992,3,1.0,151.74
10928,1970,3,5.0,111.53
10929,1970,3,1.0,97.4
10930,1968,3,5.0,108.81
10931,1968,6,1.0,93.52
10932,1965,6,1.0,104.83
10933,1934,3,1.0,81.9
10934,1968,3,12.0,60.68
10935,1996,6,1.0,315.91
10936,1998,3,1.0,172.96
10937,1998,6,12.0,172.96
10938,1950,3,1.0,54.57
10939,1950,3,1.0,89.58
10940,1946,3,1.0,73.1
10941,1953,3,1.0,87.33
10942,2009,6,1.0,62.98
10943,2009,3,11.0,56.28
10944,2009,3,12.0,51.83
10945,1973,3,1.0,73.94
10946,1956,3,1.0,106.58
10947,1960,3,1.0,90.48
10948,1968,3,1.0,91.44
10949,1954,6,1.0,104.0
10950,1954,3,12.0,11.12
10951,1958,3,1.0,111.13
10952,1956,3,1.0,148.39
10953,1960,3,1.0,84.91
10954,1960,3,12.0,73.82
10955,1965,3,1.0,122.0
10956,1966,3,1.0,84.75
10957,1966,3,12.0,75.24
10958,1965,12,1.0,178.45
10959,1965,12,1.0,204.32
10960,2004,9,1.0,81.86
10961,1956,3,1.0,46.12
10962,1965,3,1.0,93.42
10963,1992,6,1.0,210.2
10964,1997,3,5.0,86.98
10965,1997,6,1.0,86.98
10966,1948,3,5.0,25.78
10967,1948,3,12.0,25.78
10968,1950,3,1.0,80.72
10969,1977,3,1.0,139.06
10970,1977,3,12.0,139.06
10971,1963,3,1.0,132.89
10972,1977,9,1.0,267.77
10973,1991,3,1.0,91.4
10974,1950,3,1.0,109.55
10975,1953,3,1.0,135.65
10976,2007,3,1.0,269.57
10977,2004,3,1.0,92.72
10978,1959,3,1.0,143.46
10979,1959,3,12.0,114.38
10980,1946,3,1.0,67.56
10981,1946,3,12.0,47.16
10982,1940,3,1.0,66.37
10983,1993,3,1.0,72.69
10984,1950,3,1.0,89.37
10985,1945,3,1.0,86.34
10986,1966,3,1.0,109.47
10987,1982,6,1.0,134.25
10988,1946,3,1.0,90.18
10989,1963,3,1.0,116.24
10990,2000,3,1.0,98.2
10991,1999,3,1.0,113.14
10992,1952,3,1.0,111.28
10993,1964,3,1.0,55.24
10994,1968,3,1.0,101.32
10995,1952,3,1.0,96.09
10996,1967,3,1.0,84.08
10997,1966,3,1.0,94.46
10998,2004,6,1.0,92.35
10999,1990,12,1.0,99.5
11000,1969,6,11.0,87.14
11001,1955,3,12.0,79.01
11002,1955,3,1.0,84.14
11003,1955,3,1.0,110.38
11004,1960,3,1.0,120.53
11005,1960,3,12.0,76.83
11006,1968,3,1.0,149.09
11007,1966,3,1.0,116.44
11008,1965,6,1.0,157.16
11009,1980,3,1.0,115.51
11010,1955,3,12.0,62.7
11011,1958,6,1.0,128.84
11012,1958,3,12.0,87.44
11013,1959,9,1.0,132.16
11014,1962,6,12.0,98.16
11015,1960,3,1.0,102.05
11016,1964,3,1.0,180.5
11017,1955,3,1.0,133.54
11018,1955,3,1.0,170.97
11019,2000,3,1.0,196.33
11020,1950,3,1.0,148.05
11021,1950,3,12.0,84.25
11022,1975,3,1.0,88.08
11023,1945,3,1.0,55.38
11024,1943,3,5.0,97.55
11025,1943,3,1.0,
11026,1944,3,1.0,63.77
11027,2002,6,1.0,116.01
11028,1999,3,12.0,97.81
11029,1975,3,1.0,96.59
11030,1960,3,1.0,103.02
11031,1999,3,1.0,98.35
11032,1977,3,1.0,78.31
11033,2004,3,1.0,300.19
11034,2004,3,12.0,162.88
11035,1946,6,1.0,252.19
11036,1950,3,12.0,117.44
11037,1942,6,1.0,79.0
11038,1951,9,1.0,53.19
11039,2020,6,1.0,62.83
11040,1975,9,1.0,96.03
11041,1977,3,1.0,130.19
11042,1968,3,1.0,108.29
11043,1968,3,12.0,63.11
11044,1979,9,1.0,132.36
11045,1969,9,1.0,126.78
11046,1980,6,1.0,137.06
11047,1984,9,1.0,140.65
11048,1964,6,1.0,141.95
11049,1975,3,1.0,139.31
11050,1976,6,1.0,142.15
11051,1969,3,1.0,104.49
11052,1966,3,1.0,89.61
11053,1970,3,4.0,439.31
11054,1965,6,1.0,140.64
11055,1960,3,3.0,18.31
11056,1930,3,8.0,358.03
11057,1930,3,2.0,107.66
11058,2013,3,11.0,100.18
11059,1930,6,12.0,
11060,1967,3,1.0,147.74
11061,1967,3,12.0,143.04
11062,1957,9,1.0,59.28
11063,1998,3,1.0,126.26
11064,1974,3,1.0,129.08
11065,1960,3,1.0,128.97
11066,1954,3,1.0,118.49
11067,1964,3,1.0,129.86
11068,1948,3,1.0,157.12
11069,1948,3,12.0,157.12
11070,1955,3,1.0,111.45
11071,1958,3,1.0,76.64
11072,1982,9,1.0,140.28
11073,1972,3,1.0,116.2
11074,1972,3,12.0,97.82
11075,1968,3,1.0,119.82
11076,1968,3,12.0,93.14
11077,1966,3,1.0,128.71
11078,1966,3,12.0,113.89
11079,1966,3,1.0,138.01
11080,2008,6,1.0,366.81
11081,1982,3,1.0,269.63
11082,1982,3,12.0,150.28
11083,1954,3,1.0,129.4
11084,1950,3,1.0,118.45
11085,2001,3,1.0,98.4
11086,1953,3,1.0,111.72
11087,1942,3,12.0,22.95
11088,2007,6,1.0,159.15
11089,1990,9,1.0,203.34
11090,1950,3,12.0,112.68
11091,1968,3,1.0,115.76
11092,2001,6,1.0,878.27
11093,2001,6,12.0,878.27
11094,1954,6,1.0,111.1
11095,1945,3,3.0,300.14
11096,2002,6,1.0,213.42
11097,1970,3,12.0,11.64
11098,1950,3,1.0,185.49
11099,1950,3,11.0,
11100,1950,3,12.0,
11101,1935,3,2.0,155.56
11102,1935,3,12.0,
11103,1974,3,12.0,137.16
11104,1965,3,1.0,240.73
11105,1935,3,5.0,338.63
11106,1935,6,1.0,222.32
11107,1935,3,12.0,21.87
11108,1968,3,1.0,95.1
11109,1935,3,1.0,92.05
11110,1975,9,1.0,131.06
11111,1974,6,12.0,98.14
11112,1962,3,1.0,121.9
11113,1935,3,1.0,113.97
11114,1955,3,1.0,118.7
11115,1955,3,12.0,69.98
11116,1955,3,1.0,104.4
11117,1970,3,1.0,117.83
11118,1955,3,1.0,112.23
11119,1940,3,1.0,76.35
11120,1950,3,1.0,93.41
11121,1980,3,1.0,114.09
11122,1935,3,1.0,163.48
11123,1935,3,12.0,146.73
11124,1997,3,1.0,69.58
11125,2009,15,1.0,349.65
11126,2009,9,12.0,349.65
11127,1967,3,1.0,144.33
11128,1967,3,12.0,124.77
11129,1972,3,1.0,243.15
11130,1972,6,12.0,201.58
11131,1970,3,1.0,105.62
11132,1950,3,12.0,65.82
11133,1958,3,1.0,128.98
11134,1960,3,1.0,86.21
11135,1974,3,1.0,44.63
11136,1974,3,12.0,44.63
11137,1980,9,1.0,101.64
11138,1980,3,12.0,90.58
11139,1966,3,1.0,145.58
11140,1970,3,1.0,83.1
11141,1976,3,1.0,88.05
11142,1976,3,12.0,88.05
11143,1979,3,1.0,85.55
11144,1971,3,12.0,85.55
11145,1972,3,1.0,99.16
11146,1982,3,1.0,86.47
11147,1981,3,12.0,86.47
11148,1949,3,1.0,122.39
11149,1972,6,12.0,116.72
11150,1960,3,1.0,66.63
11151,1960,3,12.0,66.63
11152,1935,3,1.0,63.61
11153,1965,6,12.0,63.61
11154,1978,3,1.0,98.94
11155,1978,3,12.0,84.89
11156,1944,3,1.0,36.35
11157,1944,3,12.0,20.85
11158,1930,3,1.0,95.83
11159,1930,3,12.0,84.64
11160,1950,3,12.0,111.99
11161,1972,9,1.0,199.68
11162,2009,6,1.0,110.85
11163,1936,3,1.0,143.26
11164,1960,3,1.0,159.67
11165,1960,6,12.0,26.82
11166,1969,3,1.0,106.67
11167,1969,3,12.0,96.92
11168,1977,9,1.0,112.1
11169,1944,6,1.0,48.34
11170,1987,3,1.0,101.55
11171,1987,3,12.0,87.63
11172,1959,3,5.0,641.22
11173,1959,3,12.0,46.02
11174,1941,3,2.0,66.55
11175,1941,3,12.0,66.55
11176,1951,3,12.0,465.99
11177,1971,3,12.0,22.16
11178,1943,3,12.0,190.41
11179,1957,3,1.0,125.22
11180,2007,6,1.0,97.96
11181,1969,3,1.0,149.33
11182,1969,3,12.0,122.1
11183,2002,6,1.0,114.48
11184,1951,6,1.0,89.3
11185,1951,3,12.0,65.63
11186,1976,3,1.0,174.3
11187,1976,3,12.0,160.22
11188,1959,3,12.0,298.88
11189,1920,3,1.0,150.38
11190,1920,3,12.0,103.42
11191,2024,6,1.0,90.55
11192,2024,3,12.0,90.55
11193,1990,3,1.0,145.34
11194,1960,3,5.0,157.0
11195,1960,6,1.0,104.18
11196,1960,3,12.0,
11197,1961,3,1.0,149.39
11198,1961,3,12.0,109.64
11199,1949,3,1.0,212.59
11200,1949,3,12.0,149.05
11201,1998,6,1.0,212.77
11202,1994,3,1.0,99.05
11203,1965,9,1.0,128.57
11204,1951,6,1.0,207.42
11205,1951,6,1.0,255.56
11206,2023,12,1.0,304.77
11207,1941,3,12.0,250.75
11208,1974,3,12.0,260.81
11209,1931,3,1.0,239.28
11210,1931,3,12.0,146.26
11211,1949,9,1.0,118.77
11212,1961,9,1.0,120.76
11213,2021,6,1.0,84.32
11214,2021,3,10.0,77.23
11215,2021,3,12.0,
11216,2017,6,1.0,60.08
11217,1966,3,1.0,137.23
11218,1966,3,12.0,104.47
11219,1951,6,1.0,175.68
11220,1951,3,12.0,121.84
11221,1965,3,2.0,183.13
11222,1965,6,1.0,108.16
11223,1965,3,12.0,
11224,1950,3,1.0,146.57
11225,1929,3,12.0,140.58
11226,2019,6,1.0,93.52
11227,2019,3,10.0,93.52
11228,2019,3,12.0,
11229,1951,6,1.0,149.5
11230,1941,9,1.0,123.92
11231,1941,6,12.0,100.73
11232,2023,6,1.0,322.59
11233,2023,3,11.0,212.41
11234,2023,3,12.0,
11235,1948,3,5.0,407.1
11236,1953,3,1.0,204.02
11237,1936,3,12.0,
11238,1950,18,3.0,2035.3
11239,1951,3,1.0,135.63
11240,1963,6,1.0,93.8
11241,1941,3,12.0,77.46
11242,1956,3,1.0,50.48
11243,1964,6,1.0,121.16
11244,1989,3,1.0,114.9
11245,1968,3,5.0,181.14
11246,1950,6,1.0,112.66
11247,1960,3,1.0,93.57
11248,1960,3,12.0,83.1
11249,2021,6,1.0,62.4
11250,2021,6,12.0,51.95
11251,1997,9,1.0,600.64
11252,1969,9,1.0,202.82
11253,1918,3,1.0,85.42
11254,1973,3,5.0,111.12
11255,1973,3,1.0,75.88
11256,1915,3,1.0,373.41
11257,1951,3,1.0,84.56
11258,1948,3,1.0,90.45
11259,1942,3,1.0,54.24
11260,1953,3,1.0,34.15
11261,1894,3,1.0,260.36
11262,1894,3,12.0,175.37
11263,1972,3,12.0,246.45
11264,1920,3,1.0,129.96
11265,1989,3,1.0,144.46
11266,1950,3,2.0,71.27
11267,1950,3,1.0,55.44
11268,1946,3,1.0,71.72
11269,1993,9,1.0,53.72
11270,1941,3,12.0,53.72
11271,1995,9,1.0,46.52
11272,1890,3,1.0,63.03
11273,1948,3,1.0,128.56
11274,1948,3,12.0,74.9
11275,2001,6,1.0,103.06
11276,1900,3,12.0,68.53
11277,1961,3,1.0,99.06
11278,1961,3,12.0,81.23
11279,1950,3,1.0,96.04
11280,1937,3,1.0,124.51
11281,1961,12,1.0,231.26
11282,2014,9,1.0,173.61
11283,1966,9,1.0,80.29
11284,1972,6,12.0,76.52
11285,1997,3,5.0,296.01
11286,1997,9,1.0,274.2
11287,1997,3,9.0,274.2
11288,1976,9,1.0,168.64
11289,1935,6,12.0,144.64
11290,1951,3,1.0,109.03
11291,1928,3,1.0,78.92
11292,1928,3,12.0,70.46
11293,1918,3,1.0,85.21
11294,1933,3,1.0,92.71
11295,1922,3,1.0,87.27
11296,1903,3,1.0,108.77
11297,1950,3,1.0,185.58
11298,1951,3,1.0,82.47
11299,1981,9,1.0,83.89
11300,1962,3,12.0,65.23
11301,1912,3,1.0,92.53
11302,1960,6,1.0,100.59
11303,1999,3,1.0,101.43
11304,2019,9,1.0,65.11
11305,2019,3,12.0,49.85
11306,2019,9,1.0,92.27
11307,2000,9,1.0,116.45
11308,1978,12,1.0,359.06
11309,1949,3,1.0,106.38
11310,2005,9,1.0,64.69
11311,2005,3,12.0,49.67
11312,2009,12,1.0,59.44
11313,2009,6,12.0,58.32
11314,1950,3,1.0,197.99
11315,1921,3,1.0,61.0
11316,2005,9,1.0,339.77
11317,2012,15,1.0,186.49
11318,2012,3,12.0,140.23
11319,1958,3,1.0,111.53
11320,1958,3,12.0,100.34
11321,1961,9,12.0,116.2
11322,2000,6,1.0,125.56
11323,1961,3,1.0,101.63
11324,1941,3,1.0,116.19
11325,1941,3,12.0,
11326,2017,9,1.0,287.96
11327,1961,3,11.0,126.35
11328,1994,6,12.0,114.5
11329,1900,9,1.0,98.78
11330,1999,3,1.0,79.91
11331,2008,6,1.0,360.56
11332,1950,6,1.0,111.54
11333,1950,6,11.0,104.54
11334,1950,3,12.0,
11335,1992,3,1.0,123.27
11336,1987,6,1.0,87.0
11337,1987,3,12.0,87.0
11338,1951,3,1.0,89.36
11339,1971,3,5.0,119.16
11340,1971,3,1.0,79.32
11341,1963,3,1.0,114.44
11342,1966,3,5.0,86.07
11343,1966,6,1.0,75.45
11344,1966,9,12.0,75.45
11345,1905,3,1.0,86.64
11346,1905,3,12.0,67.95
11347,1988,3,1.0,52.57
11348,1961,9,1.0,208.52
11349,2006,6,1.0,93.7
11350,1963,6,1.0,76.32
11351,1961,3,1.0,103.9
11352,1950,3,1.0,90.67
11353,1996,3,1.0,56.66
11354,1981,12,1.0,220.07
11355,1981,3,12.0,204.0
11356,1959,3,1.0,103.85
11357,1970,18,1.0,189.88
11358,1963,9,4.0,191.08
11359,1963,3,1.0,169.06
11360,1963,6,9.0,169.06
11361,1960,3,1.0,407.65
11362,2006,3,5.0,177.87
11363,2006,9,1.0,126.88
11364,1961,3,1.0,107.13
11365,1951,3,12.0,97.71
11366,1963,3,12.0,40.43
11367,1999,3,8.0,276.62
11368,1999,9,1.0,276.62
11369,2022,12,1.0,519.44
11370,1998,3,1.0,122.95
11371,1927,3,1.0,89.85
11372,1927,3,12.0,18.02
11373,1944,3,1.0,86.98
11374,1934,3,1.0,105.93
11375,1970,3,1.0,135.73
11376,1970,3,12.0,107.18
11377,1900,3,1.0,95.42
11378,1900,3,12.0,
11379,1982,3,1.0,132.89
11380,1968,3,1.0,135.12
11381,1968,3,12.0,87.39
11382,1974,3,1.0,114.58
11383,1941,6,1.0,66.93
11384,1941,3,11.0,66.93
11385,1941,3,12.0,
11386,1940,3,1.0,80.41
11387,1973,3,1.0,88.6
11388,1973,3,12.0,
11389,1954,3,1.0,86.75
11390,1968,3,1.0,138.01
11391,2010,9,1.0,60.25
11392,2010,3,12.0,55.15
11393,1975,15,1.0,242.62
11394,1970,3,1.0,102.79
11395,1970,3,1.0,157.87
11396,1970,3,12.0,129.55
11397,1948,3,1.0,182.59
11398,1976,3,12.0,119.23
11399,1998,3,1.0,142.93
11400,2007,3,10.0,58.08
11401,1948,6,1.0,91.54
11402,2020,9,1.0,102.38
11403,2020,3,10.0,78.27
11404,2020,3,12.0,52.48
11405,2001,3,5.0,407.38
11406,2001,3,2.0,360.42
11407,2001,9,1.0,356.11
11408,1977,9,1.0,102.28
11409,1977,3,12.0,92.33
11410,1959,3,5.0,125.9
11411,1959,3,1.0,125.9
11412,1961,3,1.0,123.86
11413,1998,3,1.0,106.07
11414,1971,15,1.0,289.41
11415,1960,3,8.0,283.45
11416,1960,3,1.0,197.93
11417,1995,3,1.0,82.82
11418,1956,3,1.0,121.37
11419,1956,3,12.0,112.33
11420,1960,6,1.0,136.95
11421,1960,3,12.0,109.27
11422,1951,3,1.0,129.88
11423,1926,3,1.0,125.5
11424,2002,3,1.0,105.6
11425,1948,3,1.0,127.52
11426,1948,3,12.0,127.52
11427,1931,3,1.0,111.9
11428,1931,3,12.0,86.14
11429,1930,3,1.0,107.43
11430,1930,3,12.0,107.43
11431,1932,3,1.0,119.22
11432,1965,3,1.0,118.5
11433,1964,6,1.0,88.32
11434,1966,6,12.0,77.14
11435,1961,9,1.0,81.88
11436,1961,3,12.0,64.16
11437,1977,6,1.0,147.48
11438,1951,3,12.0,126.51
11439,1941,6,1.0,76.84
11440,1941,6,12.0,59.79
11441,1941,6,1.0,86.27
11442,1941,3,12.0,59.75
11443,2006,6,1.0,90.2
11444,1970,3,1.0,143.05
11445,1963,12,1.0,101.64
11446,1955,6,1.0,129.9
11447,1945,3,11.0,92.59
11448,1971,3,1.0,153.31
11449,1971,3,12.0,80.39
11450,1939,3,1.0,118.6
11451,1961,3,5.0,158.74
11452,1961,3,1.0,106.93
11453,2002,12,1.0,201.24
11454,2006,3,12.0,177.65
11455,1961,3,5.0,141.58
11456,1961,9,1.0,124.11
11457,1961,3,12.0,11.88
11458,1948,3,1.0,81.59
11459,1951,3,1.0,101.99
11460,1961,3,5.0,143.2
11461,1982,6,1.0,103.3
11462,1987,3,1.0,134.04
11463,1987,3,12.0,111.58
11464,1948,6,1.0,78.05
11465,2003,9,1.0,413.5
11466,2008,12,1.0,233.69
11467,2008,3,12.0,233.69
11468,1949,9,1.0,124.2
11469,1949,6,12.0,86.24
11470,1967,3,1.0,170.04
11471,1966,3,1.0,122.12
11472,1988,3,2.0,462.77
11473,1964,3,12.0,219.48
11474,2014,6,1.0,100.33
11475,2014,3,12.0,86.8
11476,1966,3,1.0,130.47
11477,1956,9,1.0,148.68
11478,1960,3,1.0,149.6
11479,1960,6,12.0,126.75
11480,1994,6,1.0,221.02
11481,1968,3,1.0,120.41
11482,1970,3,1.0,245.29
11483,1970,3,12.0,151.87
11484,1964,3,5.0,211.48
11485,1964,3,1.0,123.8
11486,1969,12,1.0,382.8
11487,1971,15,1.0,276.66
11488,1999,3,7.0,156.44
11489,1999,9,1.0,155.39
11490,1963,6,1.0,110.7
11491,1919,9,1.0,95.37
11492,1910,6,1.0,92.63
11493,1999,12,1.0,138.77
11494,1999,9,1.0,114.95
11495,2007,6,1.0,87.02
11496,1923,3,12.0,67.5
11497,1953,3,1.0,91.12
11498,1953,3,12.0,70.89
11499,1976,6,1.0,314.76
11500,1960,6,1.0,106.96
11501,1960,3,12.0,84.58
11502,1960,3,1.0,90.78
11503,1930,3,1.0,105.37
11504,1921,3,1.0,115.57
11505,1916,9,1.0,115.77
11506,1916,3,12.0,102.72
11507,1961,27,1.0,956.25
11508,1960,15,1.0,512.27
11509,2008,12,1.0,94.44
11510,2008,3,11.0,65.37
11511,2008,3,12.0,65.37
11512,1950,3,1.0,136.92
11513,1932,3,5.0,134.69
11514,1939,6,1.0,128.17
11515,2007,9,1.0,241.89
11516,1951,6,1.0,122.15
11517,1951,3,12.0,100.17
11518,1951,3,11.0,143.53
11519,1951,6,12.0,80.8
11520,1916,3,7.0,68.96
11521,1997,6,1.0,59.49
11522,1916,3,12.0,27.12
11523,1930,3,7.0,127.77
11524,1930,9,1.0,108.13
11525,1930,3,1.0,110.98
11526,1931,6,1.0,260.45
11527,1931,3,12.0,171.05
11528,1930,9,1.0,111.15
11529,1930,3,12.0,90.57
11530,1934,3,5.0,107.62
11531,1934,3,1.0,66.57
11532,1930,3,5.0,193.25
11533,1930,6,1.0,92.86
11534,1940,3,5.0,216.23
11535,1940,6,1.0,125.89
11536,1919,6,1.0,367.01
11537,1970,9,1.0,110.16
11538,1916,3,5.0,468.78
11539,1916,3,1.0,169.83
11540,1914,3,1.0,419.27
11541,1924,3,1.0,90.08
11542,1930,3,1.0,114.08
11543,1930,6,12.0,80.78
11544,1971,9,1.0,129.65
11545,1940,6,1.0,103.1
11546,1940,3,12.0,58.91
11547,1919,3,1.0,139.76
11548,1921,3,1.0,80.67
11549,1921,3,12.0,80.67
11550,2005,6,1.0,190.92
11551,1931,3,5.0,122.7
11552,1931,3,1.0,75.58
11553,1919,3,1.0,109.64
11554,1939,6,1.0,151.11
11555,1939,3,11.0,128.2
11556,1926,3,5.0,79.33
11557,1926,3,1.0,71.17
11558,1962,3,2.0,133.92
11559,1948,6,1.0,112.09
11560,1985,9,1.0,661.26
11561,1949,3,2.0,717.18
11562,1965,3,1.0,174.2
11563,1965,3,12.0,136.47
11564,1967,3,2.0,261.82
11565,1967,15,1.0,253.0
11566,1967,6,12.0,253.0
11567,1976,21,1.0,400.74
11568,1976,3,12.0,362.55
11569,1965,3,5.0,429.01
11570,1965,21,1.0,405.05
11571,1965,3,5.0,253.5
11572,1965,21,1.0,253.5
11573,1900,3,4.0,988.95
11574,1900,3,12.0,94.86
11575,1965,15,1.0,418.25
11576,1965,12,1.0,754.66
11577,1940,3,3.0,23.49
11578,1965,21,1.0,568.41
11579,1975,18,1.0,284.34
11580,1975,3,11.0,176.62
11581,1975,3,12.0,176.62
11582,1959,6,1.0,253.46
11583,1969,3,5.0,205.23
11584,1969,27,1.0,184.23
11585,1969,3,12.0,184.23
11586,2011,3,5.0,429.02
11587,2011,12,1.0,186.95
11588,2011,3,12.0,186.95
11589,1939,3,1.0,149.62
11590,1939,3,12.0,101.12
11591,1945,9,1.0,169.95
11592,1945,6,12.0,125.89
11593,1990,9,1.0,624.57
11594,1955,3,1.0,363.09
11595,1992,3,5.0,220.65
11596,1992,9,1.0,209.29
11597,1956,6,4.0,486.13
11598,1956,3,8.0,308.5
11599,1956,15,1.0,308.5
11600,1914,6,1.0,150.07
11601,1968,3,1.0,118.31
11602,1968,3,12.0,118.31
11603,1938,3,1.0,114.53
11604,1913,3,1.0,189.2
11605,1939,3,12.0,232.28
11606,1945,9,1.0,140.85
11607,2001,3,12.0,16.89
11608,1930,3,1.0,108.32
11609,1921,9,1.0,94.74
11610,1921,3,12.0,65.06
11611,2001,3,5.0,1422.52
11612,2001,9,1.0,1343.06
11613,2001,3,12.0,1343.06
11614,2000,3,8.0,436.25
11615,2000,9,1.0,277.69
11616,2001,9,1.0,232.22
11617,2007,12,9.0,592.78
11618,2007,3,12.0,441.47
11619,2023,15,1.0,360.08
11620,1912,3,1.0,90.75
11621,1912,3,12.0,8.04
11622,1959,3,1.0,113.95
11623,1965,3,1.0,115.57
11624,1958,3,1.0,105.63
11625,1971,3,1.0,103.04
11626,1958,3,1.0,133.09
11627,1958,3,12.0,127.66
11628,1942,3,12.0,118.16
11629,2019,9,1.0,128.71
11630,2019,6,11.0,90.18
11631,2019,3,12.0,90.18
11632,1940,3,1.0,101.29
11633,2018,3,1.0,107.33
11634,2018,3,12.0,104.81
11635,1974,3,12.0,127.8
11636,1996,6,1.0,117.41
11637,2013,9,1.0,230.07
11638,1936,9,1.0,182.72
11639,1936,3,11.0,102.93
11640,2016,3,12.0,71.86
11641,1951,9,1.0,86.51
11642,1993,3,10.0,86.51
11643,1930,3,12.0,53.87
11644,1950,3,1.0,84.75
11645,1939,3,1.0,81.95
11646,1939,3,1.0,85.37
11647,1997,3,1.0,53.03
11648,1997,3,12.0,48.4
11649,1940,3,1.0,94.48
11650,1931,3,1.0,85.04
11651,1939,3,1.0,91.8
11652,1939,3,12.0,
11653,1932,3,3.0,16.29
11654,1930,3,12.0,318.01
11655,1966,3,5.0,136.5
11656,1966,9,1.0,136.5
11657,1929,3,1.0,249.88
11658,1999,3,2.0,304.66
11659,1999,6,1.0,238.25
11660,1989,3,1.0,93.47
11661,1989,3,1.0,93.53
11662,1989,3,1.0,93.72
11663,1989,3,1.0,92.3
11664,1989,3,1.0,94.32
11665,1989,12,1.0,71.57
11666,1989,6,11.0,71.57
11667,1989,3,12.0,71.57
11668,1970,3,4.0,194.66
11669,1982,3,5.0,78.49
11670,1982,3,1.0,78.49
11671,1982,3,8.0,84.99
11672,1982,9,1.0,71.0
11673,1970,3,1.0,71.56
11674,1970,3,12.0,
11675,1934,3,1.0,84.45
11676,1998,3,1.0,92.64
11677,1990,3,1.0,86.38
11678,1990,6,1.0,85.65
11679,1991,3,12.0,58.69
11680,1990,3,1.0,58.0
11681,1990,3,1.0,59.86
11682,1990,3,1.0,55.75
11683,2021,6,1.0,74.45
11684,1992,3,2.0,407.94
11685,1993,6,1.0,79.9
11686,1934,3,1.0,93.45
11687,1934,3,12.0,85.43
11688,1909,3,1.0,89.83
11689,2020,6,1.0,89.49
11690,2020,3,11.0,80.58
11691,2020,3,12.0,
11692,1970,3,1.0,123.03
11693,1970,3,12.0,83.52
11694,1934,3,1.0,114.75
11695,1934,3,12.0,86.36
11696,1956,3,1.0,120.27
11697,1950,3,12.0,79.92
11698,1967,3,5.0,121.78
11699,1967,3,1.0,121.78
11700,1971,3,1.0,119.56
11701,1911,3,1.0,92.68
11702,1973,9,1.0,117.05
11703,1973,6,12.0,96.72
11704,1919,3,1.0,120.57
11705,1991,3,1.0,276.72
11706,1990,3,1.0,55.79
11707,2002,3,1.0,78.16
11708,2002,3,12.0,59.36
11709,2004,9,1.0,106.66
11710,2004,3,9.0,82.25
11711,1946,3,1.0,114.25
11712,1949,3,1.0,114.73
11713,1924,9,1.0,130.17
11714,1924,3,11.0,117.72
11715,1924,3,12.0,40.5
11716,1931,3,1.0,109.09
11717,1939,6,1.0,120.6
11718,1939,3,11.0,113.32
11719,1939,6,12.0,
11720,1947,3,1.0,145.62
11721,1967,3,1.0,142.64
11722,1919,3,1.0,97.21
11723,1946,6,1.0,219.42
11724,1970,3,1.0,107.01
11725,1970,3,12.0,75.61
11726,1942,3,1.0,81.86
11727,1943,3,1.0,104.45
11728,1928,3,1.0,107.65
11729,1988,6,1.0,72.07
11730,1988,3,12.0,48.52
11731,1996,9,1.0,278.95
11732,1936,3,1.0,241.55
11733,1950,6,1.0,98.67
11734,1950,3,12.0,93.4
11735,1930,3,12.0,139.84
11736,1930,3,1.0,112.49
11737,1996,3,1.0,87.16
11738,1930,3,1.0,106.07
11739,1930,3,1.0,107.97
11740,1930,6,1.0,116.03
11741,1930,3,1.0,155.4
11742,1930,3,12.0,155.4
11743,1930,3,5.0,147.16
11744,1930,3,1.0,140.92
11745,1930,6,1.0,140.47
11746,1975,12,1.0,184.95
11747,1950,3,1.0,143.78
11748,1930,3,5.0,107.1
11749,1930,3,12.0,107.1
11750,1992,3,1.0,114.98
11751,1950,9,1.0,149.52
11752,1950,3,12.0,147.7
11753,1943,3,1.0,117.9
11754,1969,3,1.0,155.82
11755,1910,3,1.0,118.0
11756,1910,3,12.0,65.97
11757,2016,9,1.0,104.21
11758,1966,3,12.0,94.28
11759,1966,3,1.0,109.35
11760,1970,3,1.0,145.78
11761,1970,3,12.0,83.03
11762,1958,3,1.0,159.8
11763,1966,3,1.0,167.02
11764,2006,6,1.0,311.62
11765,1996,3,1.0,93.59
11766,1959,3,3.0,144.46
11767,1959,3,1.0,93.93
11768,1956,3,1.0,172.65
11769,1959,3,1.0,138.29
11770,1949,6,1.0,119.24
11771,1949,3,12.0,87.15
11772,1988,9,1.0,115.51
11773,1960,3,12.0,92.98
11774,1930,3,12.0,115.68
11775,1998,9,1.0,88.51
11776,1998,3,12.0,64.0
11777,1987,3,1.0,93.2
11778,1987,3,12.0,60.95
11779,1946,3,1.0,99.39
11780,1955,9,1.0,100.35
11781,1922,12,1.0,110.62
11782,1922,3,11.0,110.62
11783,1922,6,12.0,107.46
11784,1960,6,1.0,144.93
11785,1960,6,12.0,133.69
11786,1930,6,1.0,128.64
11787,1930,3,12.0,75.22
11788,1941,6,1.0,128.71
11789,1941,3,12.0,77.38
11790,1952,3,2.0,117.34
11791,1952,3,1.0,102.42
11792,1952,3,12.0,73.84
11793,2002,6,1.0,326.85
11794,2003,3,5.0,1834.37
11795,2003,3,1.0,1737.45
11796,2003,3,12.0,1550.2
11797,2006,6,1.0,152.7
11798,1965,3,4.0,3313.58
11799,2006,3,4.0,558.53
11800,1965,3,4.0,1553.86
11801,1987,3,5.0,277.68
11802,1987,18,1.0,244.64
11803,1985,18,1.0,451.83
11804,1985,18,1.0,455.51
11805,1988,3,5.0,487.77
11806,1988,6,7.0,455.72
11807,1988,18,1.0,455.72
11808,1988,18,12.0,455.72
11809,1986,18,1.0,401.53
11810,1987,18,1.0,451.32
11811,1991,3,5.0,513.88
11812,1991,18,1.0,456.79
11813,1991,3,5.0,488.63
11814,1991,12,1.0,474.02
11815,1992,3,5.0,740.59
11816,1992,12,1.0,711.51
11817,1988,18,1.0,472.96
11818,1992,3,5.0,395.26
11819,1992,18,1.0,343.18
11820,1973,24,1.0,555.47
11821,1953,3,5.0,172.97
11822,1953,3,1.0,132.81
11823,1953,3,1.0,74.0
11824,1953,3,12.0,74.0
11825,1965,9,1.0,78.45
11826,1955,3,12.0,65.06
11827,1936,3,1.0,175.05
11828,1996,9,1.0,150.64
11829,1965,3,12.0,268.4
11830,1950,3,5.0,75.01
11831,1972,9,1.0,64.37
11832,1983,6,12.0,49.99
11833,1976,12,1.0,103.44
11834,1976,3,1.0,179.17
11835,2019,9,1.0,120.27
11836,2019,3,10.0,96.75
11837,2019,3,12.0,48.61
11838,1965,3,5.0,119.15
11839,1929,3,1.0,138.39
11840,2020,6,1.0,111.15
11841,2020,3,11.0,73.43
11842,2020,3,12.0,
11843,1973,6,1.0,104.25
11844,1949,6,1.0,114.38
11845,1935,3,11.0,92.0
11846,1935,3,12.0,
11847,1940,3,1.0,121.08
11848,2020,9,1.0,108.58
11849,2020,3,12.0,64.25
11850,1930,3,1.0,120.14
11851,1929,3,1.0,107.68
11852,1977,3,1.0,141.82
11853,1928,6,1.0,159.9
11854,1928,3,12.0,97.11
11855,1973,9,1.0,101.96
11856,1960,6,1.0,89.56
11857,1960,3,1.0,106.54
11858,1940,3,5.0,88.23
11859,1970,9,1.0,171.47
11860,1970,9,11.0,159.46
11861,2002,3,1.0,62.49
11862,2001,3,1.0,69.24
11863,1930,3,5.0,80.57
11864,2005,9,1.0,58.77
11865,1975,3,5.0,1067.25
11866,1975,18,1.0,839.22
11867,2002,9,1.0,291.73
11868,1940,3,1.0,224.41
11869,1978,3,5.0,345.94
11870,1978,15,1.0,213.17
11871,1978,3,12.0,213.17
11872,1977,3,1.0,119.22
11873,1950,3,1.0,112.15
11874,1932,3,1.0,69.65
11875,1932,3,11.0,
11876,1983,3,1.0,131.29
11877,1988,6,1.0,176.89
11878,1940,3,1.0,84.44
11879,1930,3,1.0,128.85
11880,1962,3,1.0,98.4
11881,2019,3,10.0,90.61
11882,2000,3,1.0,96.96
11883,1986,6,1.0,101.44
11884,1986,3,12.0,77.61
11885,2021,6,1.0,86.34
11886,2021,3,12.0,73.39
11887,1930,3,1.0,121.98
11888,1930,3,1.0,125.11
11889,1930,3,1.0,115.89
11890,1950,3,1.0,122.32
11891,1930,3,1.0,124.76
11892,1942,3,1.0,99.75
11893,1930,3,1.0,138.32
11894,1980,6,1.0,102.73
11895,1942,3,11.0,71.82
11896,1942,3,12.0,
11897,1940,3,5.0,116.47
11898,1940,3,1.0,98.01
11899,2021,12,1.0,206.85
11900,1975,12,1.0,95.52
11901,1960,3,1.0,119.45
11902,1950,3,1.0,161.8
11903,1988,6,1.0,330.39
11904,1988,3,1.0,147.99
11905,1997,6,1.0,112.69
11906,1935,3,1.0,119.2
11907,1947,6,1.0,129.69
11908,1947,3,12.0,93.06
11909,1962,18,1.0,718.0
11910,1998,3,5.0,360.54
11911,1998,9,1.0,163.11
11912,2008,9,1.0,292.49
11913,1975,3,1.0,125.7
11914,1999,9,1.0,97.24
11915,1994,3,1.0,106.71
11916,1916,3,1.0,166.65
11917,1916,6,12.0,3.11
11918,1970,15,1.0,182.16
11919,1916,3,12.0,146.4
11920,1996,3,1.0,87.97
11921,1955,3,1.0,76.51
11922,1950,3,1.0,96.01
11923,1950,3,12.0,34.08
11924,2023,6,1.0,89.08
11925,1955,3,12.0,66.32
11926,2023,6,1.0,86.47
11927,2023,3,12.0,66.26
11928,2000,9,1.0,249.63
11929,1990,3,1.0,185.37
11930,1958,9,1.0,119.98
11931,1958,6,12.0,119.98
11932,1957,3,1.0,111.87
11933,1954,3,1.0,256.84
11934,2001,9,1.0,694.54
11935,2003,3,1.0,316.61
11936,2003,3,9.0,205.99
11937,2003,3,12.0,205.99
11938,2006,9,1.0,216.12
11939,2017,9,1.0,146.95
11940,2017,3,11.0,123.24
11941,2017,3,12.0,76.1
11942,2017,6,1.0,79.36
11943,2017,3,10.0,61.21
11944,2017,3,12.0,
11945,2018,9,1.0,96.08
11946,2018,3,11.0,96.08
11947,2018,3,12.0,19.64
11948,2016,6,1.0,83.11
11949,2016,3,12.0,64.37
11950,2017,6,1.0,115.25
11951,2017,3,11.0,103.07
11952,2017,3,12.0,
11953,2017,6,1.0,116.43
11954,2017,3,10.0,91.9
11955,2017,3,12.0,
11956,1978,21,1.0,372.04
11957,1975,15,1.0,369.67
11958,1991,3,1.0,126.98
11959,1970,3,5.0,101.37
11960,1978,15,1.0,209.93
11961,1979,21,1.0,256.98
11962,1978,24,1.0,521.53
11963,2006,9,1.0,136.46
11964,1984,6,1.0,64.39
11965,1960,3,1.0,91.77
11966,1960,3,1.0,86.27
11967,1963,6,1.0,94.27
11968,1959,3,1.0,113.13
11969,1991,3,1.0,82.39
11970,1991,3,12.0,74.93
11971,1972,9,1.0,138.15
11972,1985,12,1.0,119.81
11973,1985,3,12.0,119.81
11974,1973,9,1.0,111.13
11975,1990,3,1.0,98.55
11976,1976,12,1.0,189.39
11977,1976,3,9.0,123.73
11978,1975,3,5.0,287.13
11979,1975,12,1.0,247.74
11980,1978,3,12.0,1234.69
11981,1970,3,12.0,14.51
11982,1985,9,1.0,187.43
11983,1983,9,1.0,229.78
11984,1983,9,1.0,227.55
11985,1983,9,1.0,274.63
11986,1983,9,1.0,239.04
11987,1980,9,1.0,311.42
11988,1979,3,5.0,362.57
11989,1979,9,1.0,313.47
11990,1985,9,1.0,231.51
11991,2010,3,11.0,202.17
11992,1991,6,1.0,173.4
11993,1991,3,12.0,142.79
11994,1989,3,1.0,104.89
11995,1989,3,1.0,108.23
11996,1990,6,1.0,105.19
11997,1989,3,1.0,104.47
11998,1989,3,1.0,104.06
11999,1989,9,1.0,182.99
12000,1989,3,12.0,151.09
12001,1989,3,1.0,101.39
12002,1989,3,5.0,133.49
12003,1989,18,1.0,133.49
12004,2003,3,5.0,162.0
12005,2003,15,1.0,153.3
12006,1971,12,1.0,327.66
12007,1977,21,1.0,355.83
12008,1975,3,5.0,366.86
12009,1975,21,1.0,366.86
12010,1974,21,1.0,537.35
12011,1970,21,1.0,364.32
12012,1988,3,5.0,1214.46
12013,1988,15,1.0,844.33
12014,1988,3,12.0,815.83
12015,1960,21,1.0,519.13
12016,2007,9,1.0,126.66
12017,1999,9,1.0,175.94
12018,1980,15,1.0,175.63
12019,1970,12,1.0,226.97
12020,1960,15,1.0,154.92
12021,1991,3,5.0,468.89
12022,1991,9,1.0,359.19
12023,1960,3,5.0,108.89
12024,1960,3,1.0,108.89
12025,1960,3,12.0,108.89
12026,1965,3,1.0,134.65
12027,1965,3,1.0,80.11
12028,1963,3,1.0,106.65
12029,1984,15,1.0,426.13
12030,1989,6,1.0,232.21
12031,1989,3,11.0,180.39
12032,1989,3,12.0,74.21
12033,1995,3,5.0,231.7
12034,1995,6,1.0,231.7
12035,1995,3,12.0,150.0
12036,2004,3,1.0,118.33
12037,2004,3,12.0,118.33
12038,1992,3,1.0,181.44
12039,1992,3,12.0,181.44
12040,1998,12,1.0,259.83
12041,1992,3,5.0,3268.09
12042,1992,3,2.0,282.64
12043,1992,3,12.0,
12044,2009,9,1.0,937.68
12045,2009,9,1.0,165.35
12046,1998,6,1.0,148.63
12047,2005,9,1.0,90.44
12048,1963,3,1.0,103.58
12049,1945,3,1.0,154.2
12050,1970,3,1.0,148.19
12051,1970,9,1.0,129.73
12052,1967,6,1.0,142.35
12053,1967,3,12.0,121.97
12054,1963,3,1.0,127.07
12055,1963,3,12.0,87.2
12056,1970,3,1.0,162.81
12057,1970,3,12.0,90.0
12058,1961,3,1.0,126.07
12059,1970,3,1.0,121.5
12060,1961,3,1.0,110.47
12061,1980,9,1.0,60.93
12062,1963,3,1.0,67.22
12063,1965,3,1.0,68.24
12064,1965,3,12.0,62.76
12065,1986,3,1.0,101.39
12066,1986,3,12.0,69.85
12067,1986,6,1.0,290.7
12068,1978,6,1.0,645.75
12069,1990,3,5.0,725.76
12070,1990,6,1.0,386.7
12071,1967,6,1.0,138.57
12072,1970,3,5.0,209.77
12073,1970,3,1.0,147.73
12074,1970,3,12.0,112.08
12075,1985,3,1.0,101.91
12076,1961,3,1.0,83.66
12077,1967,3,1.0,109.17
12078,1964,3,1.0,93.79
12079,1968,3,1.0,99.26
12080,1970,6,1.0,113.94
12081,1970,6,12.0,93.84
12082,1988,3,1.0,140.61
12083,1968,6,1.0,108.8
12084,1967,9,1.0,84.16
12085,1967,6,12.0,52.91
12086,1987,6,1.0,100.16
12087,2003,3,12.0,34.09
12088,1970,6,1.0,92.81
12089,1970,6,12.0,49.24
12090,1971,3,1.0,91.57
12091,1970,6,1.0,69.22
12092,2006,9,1.0,65.4
12093,2006,3,12.0,50.76
12094,1990,9,1.0,47.59
12095,1962,3,1.0,124.67
12096,1974,6,1.0,112.13
12097,1974,6,11.0,101.12
12098,1974,6,12.0,37.89
12099,1971,3,1.0,127.39
12100,1968,3,1.0,103.7
12101,2006,6,1.0,79.49
12102,2006,3,9.0,79.49
12103,2006,3,12.0,63.55
12104,2017,9,1.0,74.1
12105,2017,3,11.0,74.1
12106,2017,3,12.0,66.42
12107,2020,9,1.0,80.58
12108,2020,3,12.0,80.58
12109,1971,3,1.0,124.35
12110,1985,6,1.0,94.18
12111,1975,3,12.0,94.18
12112,1970,3,1.0,124.86
12113,1968,3,1.0,87.12
12114,1954,3,1.0,137.88
12115,1954,3,12.0,
12116,1950,3,1.0,125.02
12117,1969,3,1.0,136.97
12118,1969,3,12.0,16.19
12119,1985,3,1.0,194.58
12120,1998,6,1.0,166.39
12121,1970,3,1.0,137.99
12122,1963,3,5.0,138.01
12123,1963,6,1.0,122.52
12124,1978,3,1.0,129.75
12125,1976,3,1.0,129.05
12126,1992,6,1.0,98.62
12127,1992,3,12.0,93.29
12128,1992,3,1.0,79.77
12129,1992,3,12.0,75.24
12130,1992,3,1.0,80.28
12131,1992,3,12.0,75.82
12132,1992,3,1.0,86.28
12133,1992,3,12.0,81.46
12134,1992,9,1.0,86.51
12135,1992,3,12.0,75.53
12136,1992,3,1.0,81.56
12137,1992,3,12.0,76.72
12138,1992,9,1.0,89.02
12139,1992,3,12.0,83.88
12140,1992,9,1.0,84.53
12141,1992,3,11.0,79.23
12142,1992,3,12.0,67.78
12143,1959,3,1.0,111.37
12144,1966,3,1.0,89.55
12145,1967,3,1.0,99.43
12146,1963,3,1.0,108.3
12147,1970,3,5.0,148.12
12148,1970,3,1.0,148.12
12149,1961,6,1.0,168.65
12150,1961,9,12.0,78.93
12151,1994,3,1.0,99.17
12152,1989,6,1.0,180.96
12153,1965,3,1.0,78.52
12154,1970,6,1.0,89.41
12155,1970,3,12.0,46.34
12156,1981,6,1.0,92.86
12157,1957,3,1.0,87.42
12158,1967,3,1.0,82.06
12159,1955,3,1.0,103.53
12160,1961,3,1.0,113.41
12161,1961,3,11.0,
12162,1987,3,1.0,115.83
12163,1967,3,1.0,111.95
12164,1966,3,1.0,55.42
12165,1950,3,1.0,97.38
12166,1960,3,1.0,90.16
12167,1966,3,1.0,90.0
12168,1962,3,1.0,88.22
12169,1960,3,1.0,69.7
12170,1945,3,1.0,88.14
12171,1959,3,5.0,78.49
12172,1960,3,1.0,24.34
12173,1959,3,12.0,
12174,1960,3,1.0,102.52
12175,1960,3,12.0,27.39
12176,1940,3,1.0,83.47
12177,2007,12,1.0,70.03
12178,2007,3,12.0,64.94
12179,2006,12,1.0,65.5
12180,2006,3,12.0,65.5
12181,2001,3,1.0,197.39
12182,1944,3,1.0,97.66
12183,1964,3,1.0,72.2
12184,1956,9,12.0,72.2
12185,1967,9,1.0,105.41
12186,1967,3,12.0,97.78
12187,2008,9,1.0,79.12
12188,2008,3,12.0,75.21
12189,1960,3,1.0,109.61
12190,1956,3,1.0,58.09
12191,1960,3,1.0,68.83
12192,1960,3,1.0,97.39
12193,1950,3,1.0,90.22
12194,1950,3,1.0,81.05
12195,1950,3,12.0,12.02
12196,1950,3,1.0,92.09
12197,1970,3,1.0,97.84
12198,1960,3,12.0,62.78
12199,1960,3,1.0,86.01
12200,1964,6,1.0,87.72
12201,1966,6,1.0,96.45
12202,1953,3,1.0,110.6
12203,1940,3,1.0,92.86
12204,1940,3,1.0,75.71
12205,1925,3,12.0,11.77
12206,2023,6,1.0,55.39
12207,1930,12,1.0,38.47
12208,1967,3,1.0,49.62
12209,1940,3,1.0,63.37
12210,1980,3,12.0,42.68
12211,1950,3,1.0,75.61
12212,1948,3,1.0,64.63
12213,1951,3,1.0,98.65
12214,1955,3,1.0,98.99
12215,1955,3,1.0,95.73
12216,1972,3,1.0,89.81
12217,1945,3,1.0,69.95
12218,1946,3,1.0,88.81
12219,1946,3,12.0,
12220,1953,3,1.0,74.83
12221,1948,3,1.0,159.97
12222,2002,3,9.0,23.86
12223,1967,3,1.0,82.32
12224,1955,3,1.0,78.27
12225,1955,3,1.0,97.46
12226,1956,3,1.0,81.79
12227,1961,6,1.0,68.43
12228,1955,3,1.0,35.6
12229,1972,3,1.0,63.07
12230,1942,3,1.0,101.8
12231,1945,3,1.0,109.32
12232,1945,6,12.0,23.9
12233,1972,3,1.0,113.51
12234,1972,3,1.0,117.28
12235,1964,12,1.0,408.05
12236,1934,3,1.0,96.09
12237,1930,3,5.0,104.3
12238,1960,3,1.0,82.18
12239,1930,3,12.0,
12240,1978,9,1.0,189.28
12241,1971,3,12.0,161.76
12242,1958,3,1.0,67.58
12243,1944,3,1.0,48.36
12244,1970,3,1.0,120.05
12245,1950,3,1.0,134.16
12246,2019,6,1.0,99.75
12247,2019,3,12.0,56.01
12248,1935,3,5.0,99.92
12249,1968,3,1.0,92.87
12250,1979,12,1.0,253.21
12251,1962,3,1.0,136.61
12252,1920,3,1.0,111.29
12253,1920,3,12.0,
12254,1936,3,1.0,96.82
12255,2004,6,1.0,111.22
12256,1966,3,1.0,94.94
12257,1940,3,1.0,83.33
12258,2006,6,1.0,97.6
12259,1945,3,1.0,75.53
12260,1958,3,1.0,66.09
12261,1992,9,1.0,100.06
12262,1956,3,12.0,73.0
12263,1970,3,1.0,74.8
12264,1940,3,1.0,82.28
12265,1964,3,11.0,23.92
12266,1964,6,12.0,18.91
12267,1930,3,5.0,98.05
12268,1964,3,1.0,103.42
12269,1970,3,8.0,103.27
12270,1970,3,1.0,103.09
12271,1970,3,1.0,92.9
12272,1970,3,1.0,100.37
12273,1968,3,5.0,118.21
12274,1974,9,1.0,106.13
12275,1968,3,11.0,106.13
12276,1992,6,1.0,77.54
12277,1966,3,1.0,87.47
12278,1966,3,12.0,76.5
12279,1964,6,1.0,101.94
12280,1963,3,1.0,87.01
12281,1970,3,1.0,93.64
12282,1968,3,5.0,350.19
12283,2006,9,1.0,176.11
12284,1968,3,1.0,115.68
12285,1968,3,12.0,115.68
12286,1971,3,1.0,106.22
12287,1971,3,12.0,88.92
12288,1978,6,5.0,469.08
12289,1978,3,12.0,398.12
12290,2020,6,1.0,89.72
12291,2020,3,12.0,67.99
12292,2020,6,1.0,90.52
12293,2020,3,10.0,80.29
12294,2020,3,12.0,
12295,1920,3,1.0,213.56
12296,1920,3,12.0,
12297,2023,3,1.0,108.45
12298,2023,3,12.0,29.79
12299,1960,6,1.0,165.82
12300,1970,3,1.0,98.49
12301,1970,3,12.0,80.2
12302,1960,3,5.0,90.61
12303,1960,3,1.0,90.61
12304,1960,3,12.0,15.74
12305,1970,6,1.0,124.91
12306,1970,3,5.0,107.51
12307,1970,3,1.0,107.51
12308,1970,3,12.0,40.81
12309,1950,6,1.0,113.84
12310,1950,3,12.0,67.25
12311,1975,3,1.0,120.88
12312,1975,3,12.0,120.88
12313,2003,6,1.0,121.08
12314,2001,3,1.0,195.91
12315,2001,3,10.0,160.51
12316,2001,3,12.0,94.2
12317,1960,6,1.0,98.82
12318,1972,3,1.0,94.87
12319,1973,6,1.0,96.97
12320,1973,3,12.0,96.97
12321,1964,3,1.0,98.33
12322,1964,3,12.0,90.42
12323,1964,3,1.0,106.85
12324,1964,3,12.0,64.63
12325,1965,3,1.0,114.26
12326,1970,9,1.0,101.79
12327,1970,3,12.0,93.58
12328,1976,6,1.0,87.54
12329,1970,3,1.0,92.27
12330,1958,3,1.0,93.7
12331,1958,3,12.0,93.7
12332,1959,6,1.0,90.59
12333,1970,6,1.0,119.39
12334,1973,6,1.0,94.48
12335,1970,3,1.0,99.13
12336,1970,3,12.0,99.13
12337,1970,3,1.0,114.32
12338,1969,3,1.0,101.04
12339,1969,3,12.0,74.77
12340,1968,3,1.0,113.57
12341,1965,3,1.0,87.22
12342,1970,3,1.0,112.59
12343,1970,3,12.0,108.78
12344,1968,3,5.0,246.41
12345,1983,6,1.0,198.09
12346,1977,9,1.0,101.23
12347,1968,3,1.0,126.86
12348,1967,12,1.0,110.18
12349,1967,6,12.0,102.83
12350,1982,9,1.0,127.48
12351,1973,9,1.0,123.52
12352,1965,3,5.0,105.23
12353,1969,3,1.0,84.7
12354,1968,6,1.0,100.98
12355,1970,6,12.0,78.88
12356,1979,9,1.0,137.85
12357,1996,3,5.0,131.59
12358,1996,9,1.0,84.44
12359,1988,9,1.0,135.12
12360,1987,3,12.0,148.64
12361,1972,9,1.0,133.28
12362,1973,6,1.0,266.52
12363,1982,3,1.0,138.45
12364,1982,3,12.0,138.45
12365,1980,3,1.0,156.65
12366,1963,9,1.0,146.43
12367,1978,3,1.0,118.05
12368,1974,9,1.0,139.92
12369,1970,3,1.0,141.66
12370,1970,3,12.0,141.66
12371,1970,9,1.0,147.75
12372,1973,9,1.0,144.3
12373,1972,9,1.0,105.08
12374,1971,3,1.0,131.68
12375,1980,3,1.0,111.09
12376,1980,3,12.0,111.09
12377,1974,6,1.0,135.59
12378,1974,3,12.0,117.31
12379,1970,3,1.0,136.95
12380,1970,9,1.0,168.32
12381,1970,6,12.0,141.78
12382,1970,6,1.0,158.22
12383,1990,3,1.0,98.77
12384,1973,3,1.0,154.0
12385,1979,12,1.0,161.17
12386,1979,3,12.0,104.76
12387,1973,3,1.0,96.37
12388,1970,9,1.0,161.97
12389,1970,3,1.0,159.22
12390,1970,3,12.0,120.74
12391,1971,3,1.0,157.43
12392,1969,3,12.0,148.5
12393,2007,6,1.0,108.69
12394,1970,3,1.0,93.36
12395,1971,3,1.0,111.02
12396,1971,3,12.0,99.29
12397,1972,3,5.0,111.77
12398,1972,3,1.0,111.77
12399,1976,3,3.0,168.48
12400,1974,3,1.0,165.38
12401,1974,3,12.0,33.67
12402,1972,9,1.0,165.18
12403,1983,3,1.0,161.14
12404,1970,3,1.0,158.02
12405,1970,3,12.0,57.36
12406,1980,3,12.0,165.86
12407,1971,3,1.0,160.05
12408,1975,3,1.0,164.79
12409,1978,3,1.0,161.58
12410,1978,3,12.0,130.58
12411,1985,3,3.0,165.72
12412,1985,9,1.0,126.71
12413,1975,9,1.0,2095.84
12414,2000,3,5.0,422.18
12415,2000,6,1.0,312.97
12416,2000,3,9.0,312.97
12417,1956,3,1.0,122.97
12418,1956,3,1.0,121.41
12419,1987,3,5.0,400.32
12420,1987,3,2.0,185.75
12421,1996,3,1.0,
12422,1987,6,12.0,
12423,1978,3,12.0,207.23
12424,1974,3,6.0,18.1
12425,1979,3,12.0,200.87
12426,2007,6,1.0,643.9
12427,1930,9,1.0,134.3
12428,1960,3,1.0,86.16
12429,1960,3,12.0,75.33
12430,1970,3,1.0,86.93
12431,1970,3,12.0,86.93
12432,1986,3,5.0,186.51
12433,1986,6,1.0,117.31
12434,1986,3,12.0,70.94
12435,2005,9,1.0,390.45
12436,1960,3,1.0,127.94
12437,2004,9,1.0,211.35
12438,2004,3,12.0,87.65
12439,1971,3,1.0,161.6
12440,1999,15,1.0,380.02
12441,1960,3,1.0,69.85
12442,1960,12,1.0,70.89
12443,1960,3,12.0,60.45
12444,1940,3,1.0,110.43
12445,1940,3,1.0,138.84
12446,1940,3,12.0,96.82
12447,1956,3,1.0,124.81
12448,1954,3,1.0,213.51
12449,1940,6,1.0,126.35
12450,1950,3,1.0,130.74
12451,1950,3,12.0,97.27
12452,1940,3,1.0,112.35
12453,1940,3,1.0,78.98
12454,1989,15,1.0,259.71
12455,1991,3,1.0,270.21
12456,1991,3,12.0,113.05
12457,2007,6,1.0,141.08
12458,1950,3,1.0,220.37
12459,1930,3,12.0,182.75
12460,1981,9,1.0,137.37
12461,1950,3,12.0,2584.39
12462,1930,3,3.0,233.67
12463,1930,6,12.0,233.67
12464,1950,3,1.0,111.5
12465,1950,3,12.0,48.27
12466,1935,3,1.0,213.64
12467,1935,3,12.0,177.19
12468,1951,9,1.0,200.89
12469,1951,9,12.0,160.58
12470,2002,3,1.0,148.59
12471,1950,3,1.0,203.11
12472,1929,3,1.0,121.08
12473,1960,3,12.0,12.12
12474,2001,9,1.0,140.99
12475,1950,3,1.0,62.2
12476,2008,9,1.0,633.87
12477,1950,9,1.0,124.19
12478,1950,3,1.0,105.06
12479,1940,3,1.0,99.96
12480,1940,3,5.0,95.97
12481,1940,3,1.0,104.84
12482,1940,3,1.0,107.27
12483,1940,3,1.0,88.15
12484,1960,3,1.0,101.79
12485,1940,6,1.0,107.42
12486,1940,6,12.0,69.92
12487,1940,3,1.0,131.56
12488,1978,3,1.0,131.81
12489,1978,3,12.0,120.25
12490,1920,3,1.0,111.28
12491,1920,3,1.0,108.01
12492,1940,3,1.0,96.75
12493,1940,3,12.0,
12494,1940,3,1.0,115.17
12495,1970,3,12.0,193.94
12496,2004,3,1.0,223.68
12497,2004,3,12.0,223.68
12498,1976,3,1.0,128.2
12499,1950,3,12.0,120.7
12500,1925,3,1.0,112.27
12501,1925,3,12.0,
12502,1979,6,12.0,194.08
12503,1930,3,12.0,137.48
12504,2021,6,1.0,90.27
12505,2021,3,12.0,74.29
12506,1960,3,1.0,124.85
12507,1960,3,12.0,83.19
12508,1999,3,1.0,240.09
12509,1967,9,1.0,224.75
12510,1967,6,12.0,141.92
12511,1946,3,1.0,177.39
12512,1992,3,5.0,344.29
12513,1992,9,1.0,329.67
12514,1977,15,1.0,378.4
12515,1977,3,5.0,460.63
12516,1977,12,1.0,419.85
12517,1976,9,1.0,280.02
12518,1970,3,1.0,136.73
12519,1970,3,12.0,126.89
12520,1989,6,1.0,447.57
12521,1965,12,1.0,138.68
12522,1950,3,1.0,139.66
12523,1950,3,12.0,106.27
12524,1940,3,1.0,132.57
12525,1998,3,1.0,149.55
12526,2022,3,10.0,34.77
12527,1990,9,12.0,34.77
12528,1940,3,1.0,105.9
12529,1955,6,1.0,136.23
12530,1955,3,11.0,102.34
12531,1955,3,12.0,
12532,1950,3,1.0,136.46
12533,1940,3,1.0,131.1
12534,1940,3,12.0,104.42
12535,1994,9,1.0,274.31
12536,1966,3,1.0,133.11
12537,1940,3,1.0,101.44
12538,1940,3,12.0,96.35
12539,1940,6,1.0,106.25
12540,1940,3,12.0,78.76
12541,1970,3,1.0,113.38
12542,1940,3,1.0,112.49
12543,2017,3,1.0,77.63
12544,2017,3,10.0,
12545,2017,3,12.0,
12546,1940,3,1.0,112.73
12547,1940,3,12.0,99.17
12548,1940,3,1.0,115.9
12549,1940,3,1.0,124.18
12550,1967,3,1.0,147.48
12551,1950,3,1.0,89.55
12552,1940,3,1.0,115.5
12553,1940,3,1.0,100.95
12554,1960,3,1.0,343.21
12555,1960,3,12.0,225.43
12556,1965,3,1.0,301.52
12557,1940,3,1.0,93.05
12558,1949,3,1.0,88.33
12559,1984,3,1.0,133.97
12560,1984,3,12.0,107.4
12561,1960,3,1.0,215.17
12562,1960,3,12.0,162.27
12563,1967,3,1.0,40.24
12564,2000,9,1.0,140.01
12565,2000,6,1.0,219.02
12566,2007,9,1.0,266.97
12567,1960,3,1.0,301.03
12568,2007,12,1.0,181.37
12569,2007,3,12.0,137.88
12570,1956,3,5.0,377.02
12571,1965,12,1.0,176.54
12572,2002,9,1.0,160.7
12573,2008,3,1.0,96.09
12574,1950,3,3.0,633.76
12575,1950,3,2.0,55.01
12576,1950,3,12.0,
12577,1950,3,12.0,143.23
12578,1950,3,1.0,143.14
12579,1948,3,1.0,143.72
12580,1948,3,12.0,143.72
12581,1955,3,1.0,117.8
12582,1955,9,1.0,112.09
12583,1955,3,12.0,83.63
12584,1950,3,1.0,93.58
12585,1950,3,12.0,87.6
12586,1940,3,12.0,34.09
12587,2016,6,1.0,73.24
12588,2016,3,12.0,54.2
12589,1965,3,1.0,97.76
12590,1960,3,1.0,119.67
12591,1950,3,1.0,103.4
12592,1999,6,1.0,118.26
12593,1961,3,1.0,116.05
12594,2003,3,1.0,74.16
12595,1964,9,1.0,122.13
12596,1944,3,12.0,89.64
12597,1930,3,1.0,98.67
12598,1982,12,1.0,160.06
12599,1953,3,1.0,123.64
12600,1953,3,12.0,19.46
12601,1952,3,1.0,114.45
12602,2015,6,1.0,98.49
12603,2015,3,12.0,83.0
12604,1931,3,1.0,92.77
12605,1965,3,1.0,97.83
12606,1965,3,12.0,87.38
12607,1941,3,1.0,104.68
12608,1930,3,1.0,102.92
12609,1930,3,12.0,
12610,1960,3,1.0,113.25
12611,1940,3,12.0,88.1
12612,1950,3,1.0,104.85
12613,1960,3,1.0,115.23
12614,1950,3,5.0,90.73
12615,1955,3,1.0,91.72
12616,1940,3,1.0,129.24
12617,1955,3,1.0,83.52
12618,1955,3,12.0,75.38
12619,1960,9,1.0,115.95
12620,1960,9,12.0,84.42
12621,1988,6,1.0,110.24
12622,1988,6,12.0,96.37
12623,2007,12,1.0,84.27
12624,1960,3,1.0,109.47
12625,1950,6,1.0,66.52
12626,1950,3,12.0,20.15
12627,2017,12,1.0,53.16
12628,2017,3,11.0,53.16
12629,2017,3,12.0,53.16
12630,2017,12,1.0,53.44
12631,2017,3,11.0,53.44
12632,2017,3,12.0,53.44
12633,1953,3,1.0,98.02
12634,1955,3,1.0,112.49
12635,1955,3,12.0,112.49
12636,2006,9,1.0,164.78
12637,1960,3,1.0,104.9
12638,1965,6,1.0,141.73
12639,1950,3,1.0,86.86
12640,1965,12,1.0,218.65
12641,1986,9,4.0,1818.83
12642,2007,3,10.0,885.77
12643,1980,3,12.0,82.49
12644,1980,3,5.0,4149.84
12645,1980,18,1.0,3454.04
12646,1972,3,1.0,221.19
12647,1970,6,1.0,283.76
12648,1991,3,1.0,1430.56
12649,2003,3,9.0,480.41
12650,1963,3,1.0,132.0
12651,1967,9,1.0,83.67
12652,2021,3,10.0,70.91
12653,1940,3,12.0,54.01
12654,2004,9,1.0,77.87
12655,1962,9,1.0,268.71
12656,1962,3,12.0,147.56
12657,1979,3,5.0,325.75
12658,1979,12,1.0,214.96
12659,1979,3,12.0,214.96
12660,1953,3,5.0,872.49
12661,1953,3,3.0,208.43
12662,1953,3,2.0,21.74
12663,1933,3,1.0,74.88
12664,1963,3,1.0,103.69
12665,1948,3,1.0,114.02
12666,1947,3,1.0,108.81
12667,1953,3,1.0,136.9
12668,1939,9,1.0,143.79
12669,1968,3,5.0,199.58
12670,1968,12,1.0,185.67
12671,1999,9,1.0,238.26
12672,1973,3,12.0,109.75
12673,1920,6,1.0,285.17
12674,1957,3,5.0,129.8
12675,1957,3,1.0,70.06
12676,1953,3,1.0,109.03
12677,1960,6,1.0,133.76
12678,1965,3,1.0,131.81
12679,1965,3,12.0,82.48
12680,1922,6,1.0,89.44
12681,1922,3,12.0,72.19
12682,1998,3,1.0,172.71
12683,2009,9,1.0,395.54
12684,1979,3,5.0,194.57
12685,1985,9,1.0,184.9
12686,1907,3,1.0,105.82
12687,1962,6,1.0,74.82
12688,1956,3,1.0,74.89
12689,1966,3,1.0,113.98
12690,1979,3,1.0,92.96
12691,1930,6,1.0,87.08
12692,1930,3,12.0,71.44
12693,1960,3,1.0,94.02
12694,1960,3,1.0,93.14
12695,1961,3,1.0,148.31
12696,1961,3,12.0,70.58
12697,1974,3,1.0,76.49
12698,1936,6,1.0,68.01
12699,1936,3,12.0,63.68
12700,1960,3,1.0,105.96
12701,1961,3,1.0,103.71
12702,1961,3,5.0,120.47
12703,1961,3,1.0,89.37
12704,1961,3,5.0,133.79
12705,1961,3,1.0,105.05
12706,1961,3,12.0,10.12
12707,1960,9,1.0,266.5
12708,1960,6,12.0,144.65
12709,1960,3,1.0,73.46
12710,1960,3,12.0,51.41
12711,1960,3,2.0,377.36
12712,1960,6,1.0,313.91
12713,1960,6,12.0,
12714,1958,3,5.0,246.75
12715,1960,3,5.0,127.33
12716,1960,3,1.0,77.08
12717,1960,3,12.0,
12718,1960,9,1.0,87.29
12719,1960,3,12.0,73.86
12720,1963,3,1.0,108.46
12721,2014,6,1.0,197.54
12722,2014,3,12.0,129.9
12723,1970,3,1.0,112.18
12724,1970,3,12.0,87.0
12725,1990,3,1.0,79.53
12726,1960,3,1.0,115.47
12727,1963,3,1.0,119.56
12728,1961,3,1.0,125.42
12729,1961,9,1.0,113.47
12730,1961,6,12.0,71.21
12731,1960,12,1.0,277.12
12732,2008,3,12.0,193.05
12733,1960,3,5.0,229.97
12734,1960,3,1.0,174.43
12735,1962,3,2.0,481.64
12736,1962,3,1.0,230.71
12737,1962,3,12.0,
12738,2001,6,1.0,116.17
12739,2001,3,12.0,95.42
12740,1986,3,1.0,71.6
12741,2000,3,10.0,71.6
12742,1960,3,12.0,263.91
12743,2007,6,1.0,125.68
12744,2007,6,1.0,430.41
12745,2007,9,1.0,391.28
12746,1994,3,5.0,720.4
12747,1994,9,1.0,525.11
12748,2016,15,1.0,162.81
12749,2016,3,12.0,150.8
12750,1960,3,1.0,100.31
12751,1978,6,1.0,177.7
12752,1975,6,,217.29
12753,1966,3,1.0,131.14
12754,1988,3,5.0,89.04
12755,2002,12,1.0,66.83
12756,1961,3,2.0,176.56
12757,1961,3,12.0,137.38
12758,1961,3,1.0,92.22
12759,1961,3,12.0,81.7
12760,1970,9,1.0,126.12
12761,1970,3,12.0,109.32
12762,1961,9,1.0,107.21
12763,1961,3,12.0,95.11
12764,1910,3,1.0,110.79
12765,1910,3,12.0,66.58
12766,1969,3,1.0,103.95
12767,1969,3,12.0,89.56
12768,2005,9,1.0,67.99
12769,2005,3,1.0,91.03
12770,1885,3,1.0,81.75
12771,1927,6,1.0,83.75
12772,1963,3,5.0,102.72
12773,1963,3,1.0,102.72
12774,1990,3,1.0,361.41
12775,1970,12,1.0,253.58
12776,2006,9,1.0,169.98
12777,2005,3,5.0,254.31
12778,2005,9,1.0,134.59
12779,1981,15,1.0,273.45
12780,1950,6,1.0,110.21
12781,1950,9,12.0,110.21
12782,1949,3,1.0,293.83
12783,1949,3,12.0,44.72
12784,1920,3,1.0,83.06
12785,2004,6,1.0,68.31
12786,2004,3,12.0,68.31
12787,1951,3,1.0,80.92
12788,1987,3,12.0,75.2
12789,1991,3,1.0,62.98
12790,1961,3,5.0,53.75
12791,1961,3,1.0,48.46
12792,1991,12,1.0,190.95
12793,1951,3,1.0,86.66
12794,2005,9,1.0,143.33
12795,1950,3,1.0,155.96
12796,1981,3,8.0,134.16
12797,1950,9,1.0,105.29
12798,1950,3,1.0,118.44
12799,1950,3,12.0,98.89
12800,1963,3,1.0,291.48
12801,1952,3,1.0,108.51
12802,1952,3,12.0,93.55
12803,1960,3,1.0,108.1
12804,1960,3,12.0,92.92
12805,1934,3,1.0,108.93
12806,1979,9,1.0,1006.08
12807,1951,9,1.0,260.62
12808,1952,3,1.0,131.07
12809,1958,6,1.0,141.33
12810,1958,3,11.0,141.33
12811,1958,3,12.0,
12812,1949,3,1.0,114.69
12813,1949,3,12.0,114.69
12814,1950,3,1.0,128.8
12815,1913,9,1.0,208.04
12816,1913,3,12.0,156.55
12817,1999,9,2.0,989.1
12818,1968,3,12.0,22.84
12819,1977,9,1.0,207.56
12820,1977,9,1.0,242.27
12821,1977,9,1.0,246.69
12822,1988,3,1.0,184.04
12823,1982,12,1.0,313.35
12824,1987,3,12.0,313.35
12825,1988,3,1.0,199.85
12826,1974,15,1.0,449.66
12827,1950,3,1.0,134.57
12828,1950,3,12.0,73.44
12829,1951,3,1.0,172.09
12830,1912,3,1.0,181.72
12831,1912,3,12.0,115.45
12832,1949,3,1.0,125.95
12833,1950,3,1.0,88.95
12834,1950,3,12.0,73.95
12835,1949,3,1.0,106.85
12836,1952,3,1.0,76.02
12837,1952,3,12.0,69.05
12838,1922,3,1.0,62.18
12839,1963,6,1.0,63.15
12840,1960,3,5.0,86.21
12841,1960,3,12.0,86.21
12842,1968,3,2.0,83.6
12843,1919,3,1.0,91.86
12844,1959,9,1.0,90.52
12845,1959,3,12.0,76.65
12846,1992,3,1.0,50.68
12847,1968,9,1.0,76.7
12848,1978,3,1.0,194.62
12849,1978,3,12.0,163.94
12850,1961,6,1.0,56.6
12851,1961,3,11.0,56.6
12852,1973,6,1.0,52.9
12853,1951,3,12.0,52.9
12854,1961,3,1.0,67.17
12855,1961,3,12.0,61.59
12856,1961,3,1.0,69.42
12857,1961,3,12.0,69.42
12858,2021,12,1.0,100.7
12859,2021,3,12.0,100.7
12860,1963,3,1.0,90.66
12861,1963,3,12.0,69.67
12862,1972,3,5.0,68.87
12863,1972,3,1.0,68.87
12864,1991,3,1.0,61.47
12865,1983,9,1.0,70.49
12866,2006,9,1.0,54.25
12867,2006,3,12.0,48.35
12868,2023,12,1.0,283.2
12869,2023,3,12.0,282.03
12870,2004,9,1.0,249.82
12871,1900,9,1.0,96.18
12872,1900,3,12.0,93.78
12873,1967,3,5.0,171.91
12874,1967,3,1.0,171.91
12875,1955,3,1.0,168.01
12876,2008,3,8.0,62.5
12877,1988,3,1.0,241.4
12878,2005,3,10.0,81.93
12879,2005,3,12.0,
12880,1961,6,1.0,93.52
12881,1961,3,12.0,67.61
12882,1962,9,1.0,99.64
12883,2019,3,10.0,74.25
12884,1962,3,12.0,23.62
12885,2019,6,1.0,93.47
12886,2019,3,10.0,51.93
12887,2019,3,12.0,
12888,1971,3,1.0,77.28
12889,1971,3,12.0,72.15
12890,1974,3,5.0,83.72
12891,1963,3,5.0,79.6
12892,1970,3,1.0,95.2
12893,1970,3,12.0,90.68
12894,1970,3,5.0,187.66
12895,1985,3,5.0,99.03
12896,1977,9,1.0,79.03
12897,2010,3,11.0,71.66
12898,1973,15,1.0,498.26
12899,1971,15,1.0,254.92
12900,1992,6,5.0,258.72
12901,2004,12,2.0,236.3
12902,1968,3,1.0,203.12
12903,1983,9,1.0,1339.4
12904,1983,9,12.0,1339.4
12905,2004,3,5.0,138.23
12906,1979,9,1.0,133.23
12907,1990,3,5.0,460.93
12908,1990,3,7.0,443.69
12909,1990,3,2.0,398.53
12910,1990,6,1.0,395.02
12911,1950,6,5.0,378.4
12912,1983,9,1.0,430.49
12913,1983,9,1.0,247.85
12914,1950,3,5.0,127.65
12915,1950,3,1.0,127.65
12916,1933,6,2.0,124.11
12917,1991,3,5.0,371.81
12918,1991,9,1.0,349.73
12919,1983,9,1.0,201.8
12920,1991,9,1.0,439.54
12921,1950,3,1.0,126.3
12922,1981,3,5.0,828.87
12923,1981,9,1.0,645.82
12924,1990,9,1.0,89.89
12925,1960,3,3.0,259.24
12926,1956,6,1.0,126.03
12927,1932,3,12.0,75.64
12928,1920,9,1.0,105.33
12929,1894,6,12.0,91.0
12930,1990,9,2.0,112.69
12931,1963,3,8.0,112.75
12932,1963,9,1.0,104.19
12933,1991,6,1.0,69.26
12934,1951,3,1.0,106.43
12935,1934,3,1.0,89.19
12936,1970,3,1.0,129.21
12937,1970,3,12.0,103.96
12938,1890,6,1.0,120.42
12939,1954,3,5.0,100.22
12940,1954,3,1.0,88.13
12941,1961,3,7.0,116.31
12942,1961,9,1.0,94.69
12943,1961,3,12.0,79.87
12944,1953,9,1.0,252.22
12945,1960,3,7.0,122.66
12946,1960,6,1.0,113.56
12947,1960,3,5.0,95.21
12948,1960,3,1.0,76.36
12949,1945,3,1.0,98.63
12950,1960,3,5.0,103.42
12951,1960,3,1.0,77.17
12952,1953,3,1.0,146.77
12953,1999,3,5.0,534.95
12954,1999,9,1.0,401.26
12955,1998,12,1.0,144.83
12956,1990,3,1.0,84.05
12957,1951,3,5.0,149.89
12958,1948,3,1.0,77.04
12959,1948,3,12.0,77.04
12960,1941,3,1.0,121.6
12961,1989,3,5.0,383.04
12962,1989,15,1.0,252.96
12963,1989,3,12.0,252.96
12964,1951,3,1.0,127.15
12965,1948,3,1.0,207.91
12966,1948,3,12.0,149.59
12967,1950,6,5.0,261.94
12968,1950,6,1.0,154.72
12969,1950,3,12.0,
12970,1942,3,1.0,143.09
12971,1971,18,1.0,386.61
12972,1948,9,1.0,203.27
12973,1945,18,1.0,268.59
12974,1958,6,1.0,235.45
12975,1952,3,5.0,154.04
12976,1952,6,1.0,142.95
12977,1971,15,1.0,263.52
12978,1960,3,1.0,262.44
12979,1960,3,12.0,222.31
12980,1978,15,1.0,282.35
12981,1975,3,9.0,1093.53
12982,2024,9,1.0,105.61
12983,2024,3,12.0,72.9
12984,2024,15,1.0,566.85
12985,2024,3,12.0,281.21
12986,1999,6,1.0,219.02
12987,1992,3,1.0,64.05
12988,1914,3,5.0,122.12
12989,1914,3,1.0,115.52
12990,1933,3,1.0,100.17
12991,1957,9,1.0,102.07
12992,2017,3,5.0,132.26
12993,2017,3,3.0,89.44
12994,2017,9,1.0,76.45
12995,2017,3,12.0,
12996,1943,3,1.0,142.01
12997,1943,3,12.0,118.07
12998,1920,9,1.0,167.9
12999,1920,3,12.0,122.58
13000,1922,3,2.0,271.72
13001,1922,12,1.0,250.37
13002,1948,6,1.0,197.83
13003,1949,3,5.0,99.57
13004,1940,3,1.0,75.82
13005,1940,3,12.0,72.56
13006,1934,3,1.0,105.65
13007,1911,3,1.0,92.3
13008,1949,3,1.0,104.55
13009,1938,3,1.0,371.67
13010,1971,12,1.0,121.59
13011,2019,12,1.0,461.85
13012,1946,3,5.0,229.95
13013,1946,6,1.0,204.87
13014,1946,3,11.0,
13015,1946,3,12.0,
13016,1911,3,1.0,82.78
13017,1911,3,12.0,54.48
13018,1942,3,1.0,114.49
13019,1997,3,1.0,124.19
13020,1941,3,1.0,96.46
13021,1960,3,1.0,115.29
13022,1932,3,5.0,139.79
13023,1964,3,1.0,55.61
13024,1993,3,5.0,573.69
13025,1993,9,1.0,231.2
13026,1905,6,1.0,160.21
13027,1956,3,5.0,176.95
13028,1956,3,1.0,138.67
13029,1959,3,5.0,147.22
13030,1959,6,1.0,110.49
13031,1997,3,1.0,128.94
13032,1995,3,5.0,279.19
13033,1995,3,1.0,120.08
13034,1921,6,1.0,150.25
13035,1921,6,12.0,119.35
13036,1998,3,1.0,138.66
13037,2000,3,5.0,421.73
13038,2000,3,8.0,396.01
13039,2000,9,1.0,396.01
13040,2000,6,1.0,732.56
13041,2004,3,2.0,361.49
13042,2004,3,1.0,361.49
13043,2004,3,12.0,350.85
13044,2004,6,1.0,391.44
13045,2004,3,12.0,382.25
13046,1997,18,1.0,1714.17
13047,1994,3,5.0,2309.01
13048,1996,3,1.0,2226.84
13049,1940,3,3.0,1968.34
13050,1997,3,5.0,987.05
13051,1997,15,1.0,772.23
13052,1999,15,1.0,874.15
13053,2000,21,1.0,756.57
13054,2000,15,1.0,436.54
13055,2001,3,5.0,1122.14
13056,2001,3,8.0,723.04
13057,2001,18,1.0,723.04
13058,1984,6,1.0,267.96
13059,1949,3,1.0,380.01
13060,1979,3,1.0,156.32
13061,1979,3,12.0,156.32
13062,1965,3,3.0,288.43
13063,1965,9,1.0,246.36
13064,1995,3,5.0,88.88
13065,1995,3,1.0,62.75
13066,1996,3,1.0,150.81
13067,1992,6,1.0,699.19
13068,1984,9,1.0,377.42
13069,1984,6,1.0,174.48
13070,1984,9,1.0,353.71
13071,1984,3,10.0,228.01
13072,1998,12,1.0,451.46
13073,1965,21,1.0,394.57
13074,1975,3,5.0,206.49
13075,1975,3,1.0,190.47
13076,1977,18,1.0,303.39
13077,1974,6,1.0,313.52
13078,1984,15,1.0,436.98
13079,1944,3,5.0,170.84
13080,1944,3,1.0,131.05
13081,1944,3,12.0,100.46
13082,2017,3,5.0,436.19
13083,1975,18,1.0,436.19
13084,2017,6,12.0,417.74
13085,1979,9,1.0,262.02
13086,1929,3,1.0,117.46
13087,1970,3,1.0,83.03
13088,1926,9,1.0,135.45
13089,1926,3,11.0,102.12
13090,1926,3,12.0,54.78
13091,1918,3,1.0,133.28
13092,1918,3,12.0,133.28
13093,1922,3,1.0,97.02
13094,2017,9,1.0,123.61
13095,2017,3,11.0,60.24
13096,2017,3,12.0,60.24
13097,1946,6,1.0,145.8
13098,1946,3,12.0,98.14
13099,1918,3,1.0,88.73
13100,2019,9,1.0,153.42
13101,2019,3,12.0,100.59
13102,1916,3,1.0,97.96
13103,1978,3,1.0,168.78
13104,1978,3,12.0,121.12
13105,2006,9,1.0,174.92
13106,1983,12,1.0,199.04
13107,1983,3,12.0,164.9
13108,1976,3,5.0,97.9
13109,1976,6,1.0,94.43
13110,1992,9,1.0,112.38
13111,1992,3,11.0,76.03
13112,1992,3,12.0,67.06
13113,1918,3,1.0,93.12
13114,1975,3,5.0,358.21
13115,1975,3,1.0,268.14
13116,2009,3,5.0,532.71
13117,2009,18,1.0,391.43
13118,2009,6,12.0,391.43
13119,1996,3,5.0,937.73
13120,1996,18,1.0,751.73
13121,1960,6,1.0,154.88
13122,1960,9,1.0,228.04
13123,1960,9,12.0,167.87
13124,1977,18,1.0,480.6
13125,1977,3,12.0,448.75
13126,1975,3,9.0,1036.74
13127,1970,24,1.0,1203.75
13128,1995,3,5.0,1157.36
13129,1995,15,1.0,758.58
13130,1998,3,5.0,461.01
13131,1998,15,1.0,421.2
13132,1998,12,1.0,283.31
13133,2005,3,5.0,1647.54
13134,2004,9,1.0,1647.54
13135,2005,3,12.0,1647.54
13136,1953,6,5.0,7283.63
13137,2015,3,9.0,7023.35
13138,2015,3,11.0,2445.51
13139,1953,3,12.0,1584.66
13140,1991,3,1.0,92.33
13141,1958,3,1.0,64.04
13142,1958,3,1.0,58.54
13143,1958,3,12.0,58.54
13144,1925,3,1.0,56.38
13145,1997,3,1.0,95.77
13146,1969,9,1.0,52.81
13147,2018,3,12.0,52.81
13148,1950,6,1.0,120.0
13149,1915,3,1.0,114.56
13150,1915,3,12.0,40.36
13151,1915,3,1.0,106.05
13152,1915,3,12.0,100.91
13153,1915,3,1.0,124.8
13154,1915,3,12.0,102.14
13155,1915,3,1.0,138.52
13156,1915,3,12.0,128.31
13157,1915,3,1.0,125.46
13158,1915,3,1.0,112.18
13159,1915,3,12.0,59.45
13160,1950,3,1.0,117.09
13161,1924,3,1.0,127.72
13162,2021,15,1.0,146.89
13163,2021,6,12.0,115.86
13164,1972,3,12.0,83.31
13165,1945,3,1.0,56.65
13166,1965,3,1.0,37.22
13167,2007,12,1.0,52.11
13168,2007,12,1.0,76.06
13169,2007,3,12.0,76.06
13170,1964,9,1.0,58.06
13171,1934,3,5.0,71.74
13172,1934,3,1.0,65.27
13173,1971,9,1.0,114.83
13174,1974,3,1.0,117.2
13175,1974,3,12.0,94.22
13176,1968,6,1.0,108.18
13177,1965,6,1.0,113.78
13178,1950,3,1.0,148.31
13179,1960,3,1.0,126.97
13180,1960,3,12.0,110.0
13181,1976,3,1.0,188.32
13182,1960,3,12.0,165.97
13183,1961,3,4.0,1950.23
13184,1961,3,1.0,704.14
13185,1994,6,1.0,127.55
13186,1994,3,9.0,123.78
13187,1961,3,1.0,98.32
13188,1934,3,12.0,89.8
13189,1970,3,1.0,88.02
13190,1930,3,1.0,93.6
13191,1930,3,1.0,105.68
13192,1964,3,1.0,118.02
13193,1984,3,1.0,125.12
13194,1984,3,12.0,82.62
13195,1934,6,1.0,83.96
13196,1934,3,11.0,71.57
13197,1934,3,12.0,
13198,1950,3,1.0,126.85
13199,1950,3,12.0,74.72
13200,1983,3,1.0,143.3
13201,1983,3,12.0,133.13
13202,2001,6,1.0,121.53
13203,1982,3,1.0,128.8
13204,1934,3,1.0,108.6
13205,1930,3,1.0,121.43
13206,1930,3,1.0,102.19
13207,1950,3,1.0,102.07
13208,1934,3,1.0,120.78
13209,1930,3,1.0,89.0
13210,1930,3,1.0,111.77
13211,1930,3,12.0,77.32
13212,1940,3,1.0,125.01
13213,1940,6,12.0,94.9
13214,2023,3,1.0,225.49
13215,1920,3,1.0,88.84
13216,1920,6,1.0,83.9
13217,1960,3,1.0,165.46
13218,1993,3,1.0,123.95
13219,1960,3,1.0,136.26
13220,1960,3,12.0,98.87
13221,1955,3,1.0,136.48
13222,1930,3,1.0,120.55
13223,1982,6,1.0,106.13
13224,2019,3,12.0,22.3
13225,1945,3,1.0,120.75
13226,1945,3,1.0,116.9
13227,1945,3,12.0,103.57
13228,1930,3,1.0,99.93
13229,1998,9,1.0,128.85
13230,2006,3,10.0,82.08
13231,1998,3,12.0,82.08
13232,1989,3,1.0,142.91
13233,1940,6,1.0,151.09
13234,1963,3,1.0,115.17
13235,1967,3,1.0,117.15
13236,1960,3,1.0,114.09
13237,1960,3,1.0,117.5
13238,1989,6,1.0,123.19
13239,1989,3,12.0,106.45
13240,1982,3,1.0,215.84
13241,1959,3,1.0,159.03
13242,1946,3,1.0,110.21
13243,1946,3,12.0,
13244,1940,3,1.0,132.88
13245,2019,9,1.0,93.41
13246,2019,3,10.0,93.41
13247,2019,6,12.0,63.2
13248,2006,9,1.0,110.55
13249,2006,3,12.0,110.55
13250,1953,3,1.0,85.91
13251,1991,6,1.0,144.44
13252,1987,6,12.0,134.01
13253,1965,3,1.0,96.66
13254,1960,3,1.0,198.12
13255,1960,3,12.0,129.49
13256,1970,9,1.0,204.69
13257,1970,3,12.0,109.03
13258,1985,3,1.0,375.64
13259,1968,3,1.0,130.03
13260,1960,3,1.0,125.34
13261,1960,3,12.0,104.97
13262,1970,3,1.0,256.15
13263,1980,9,1.0,234.01
13264,1960,3,1.0,150.2
13265,1962,3,1.0,126.23
13266,1960,3,1.0,136.84
13267,1962,3,1.0,154.9
13268,1962,3,1.0,146.29
13269,1991,3,5.0,88.96
13270,1991,3,2.0,88.96
13271,1991,6,1.0,85.03
13272,2007,3,5.0,124.4
13273,2007,6,1.0,124.4
13274,1943,3,5.0,115.1
13275,1943,3,1.0,115.1
13276,1971,3,1.0,105.54
13277,2004,9,1.0,225.58
13278,1970,3,12.0,216.34
13279,1997,3,1.0,96.38
13280,1965,3,1.0,150.38
13281,1996,3,1.0,170.59
13282,1993,3,1.0,54.66
13283,2009,3,5.0,120.64
13284,2009,12,1.0,105.48
13285,1923,3,1.0,92.75
13286,1923,3,12.0,
13287,2007,9,1.0,120.38
13288,2007,3,12.0,102.62
13289,1951,9,1.0,74.57
13290,1920,3,12.0,74.57
13291,1995,3,1.0,417.39
13292,1938,3,1.0,156.6
13293,1980,3,1.0,105.21
13294,1940,3,12.0,88.18
13295,1956,3,1.0,115.4
13296,2003,3,1.0,97.82
13297,1940,3,5.0,108.64
13298,1948,3,12.0,12.64
13299,1960,9,1.0,43.22
13300,1960,3,1.0,40.61
13301,1960,3,12.0,37.27
13302,1951,3,1.0,43.01
13303,1940,3,1.0,41.1
13304,1940,3,12.0,41.1
13305,1932,3,1.0,41.9
13306,1932,3,12.0,15.96
13307,1969,6,1.0,88.85
13308,1977,6,1.0,213.71
13309,1977,3,12.0,175.37
13310,1960,3,12.0,100.97
13311,1943,3,1.0,80.45
13312,1948,3,1.0,105.53
13313,1956,3,1.0,81.0
13314,1950,3,1.0,140.35
13315,1940,3,1.0,90.01
13316,1968,3,1.0,46.67
13317,1998,3,1.0,135.62
13318,1954,3,1.0,111.14
13319,1930,9,1.0,80.69
13320,1930,3,12.0,80.69
13321,1957,6,1.0,79.33
13322,1957,6,12.0,72.82
13323,1965,9,1.0,66.15
13324,1960,6,1.0,40.84
13325,1960,6,12.0,40.84
13326,2001,6,1.0,85.37
13327,1950,3,1.0,108.75
13328,1950,3,1.0,109.48
13329,2002,3,1.0,98.65
13330,1993,9,1.0,64.99
13331,1995,3,12.0,54.46
13332,1945,3,1.0,106.72
13333,1959,3,1.0,100.71
13334,1974,6,1.0,102.24
13335,1972,3,1.0,97.38
13336,1942,3,1.0,91.94
13337,2000,6,1.0,272.7
13338,1994,9,1.0,74.18
13339,2006,3,12.0,52.51
13340,1961,3,1.0,110.27
13341,1940,6,1.0,89.05
13342,1950,3,1.0,104.01
13343,1950,3,12.0,104.01
13344,2001,3,1.0,114.23
13345,1970,3,1.0,103.51
13346,1970,3,12.0,103.51
13347,1936,3,1.0,91.8
13348,1936,3,12.0,45.71
13349,2000,3,1.0,94.32
13350,2000,3,12.0,60.78
13351,1940,3,1.0,90.4
13352,1965,6,1.0,177.68
13353,1942,3,1.0,49.32
13354,1942,3,1.0,81.88
13355,1966,9,1.0,118.17
13356,2001,6,1.0,317.87
13357,1970,6,1.0,176.45
13358,1970,3,1.0,137.04
13359,1970,3,12.0,16.07
13360,1960,3,3.0,101.02
13361,2004,6,1.0,177.03
13362,1970,3,1.0,95.54
13363,1930,3,1.0,92.7
13364,1930,3,12.0,
13365,1981,3,1.0,304.79
13366,1960,3,1.0,184.4
13367,1990,9,1.0,91.82
13368,1990,3,12.0,91.82
13369,1976,3,1.0,81.82
13370,1960,3,1.0,141.21
13371,1960,3,12.0,112.47
13372,1992,3,1.0,77.95
13373,1965,6,1.0,108.91
13374,1964,6,12.0,108.91
13375,1999,6,1.0,205.71
13376,1981,6,1.0,90.98
13377,1942,3,12.0,56.43
13378,1975,3,1.0,84.09
13379,1970,3,5.0,89.37
13380,1970,3,1.0,83.66
13381,1970,3,12.0,49.71
13382,1964,3,5.0,85.75
13383,1964,3,1.0,75.68
13384,1964,3,12.0,40.5
13385,1988,6,1.0,164.9
13386,1983,3,1.0,124.92
13387,1983,3,12.0,113.03
13388,1977,6,1.0,129.44
13389,1992,6,1.0,128.51
13390,1973,9,1.0,170.33
13391,1977,3,1.0,133.8
13392,1976,12,1.0,155.46
13393,1980,3,5.0,133.38
13394,1980,3,1.0,124.74
13395,1980,6,1.0,210.99
13396,1969,6,1.0,100.32
13397,1962,3,11.0,85.26
13398,1967,6,12.0,
13399,1980,9,1.0,105.09
13400,1976,6,1.0,132.76
13401,1977,3,1.0,138.69
13402,1977,3,12.0,119.24
13403,1977,6,1.0,133.49
13404,1973,3,1.0,132.58
13405,1971,3,12.0,100.2
13406,1969,12,1.0,137.47
13407,1978,3,12.0,113.53
13408,1978,9,1.0,121.78
13409,1970,3,1.0,134.93
13410,1969,9,1.0,704.22
13411,1979,3,1.0,131.09
13412,1969,6,1.0,125.56
13413,1972,6,1.0,133.95
13414,1976,3,1.0,131.36
13415,1976,3,12.0,131.36
13416,1970,3,5.0,130.71
13417,1970,3,1.0,127.0
13418,1973,3,1.0,129.81
13419,1973,3,12.0,127.06
13420,2005,9,1.0,156.89
13421,1973,9,1.0,166.7
13422,1984,9,1.0,139.35
13423,1976,3,12.0,139.35
13424,1976,3,3.0,172.85
13425,1972,3,1.0,152.33
13426,1972,6,12.0,13.95
13427,1977,9,1.0,132.83
13428,1980,3,12.0,128.86
13429,1968,3,12.0,115.08
13430,1980,3,12.0,132.87
13431,1987,3,12.0,129.34
13432,1976,9,1.0,114.36
13433,1970,6,1.0,131.54
13434,1973,6,1.0,125.24
13435,1970,9,1.0,126.04
13436,1970,6,12.0,96.97
13437,1973,6,1.0,127.02
13438,1970,9,1.0,198.22
13439,1979,3,5.0,136.7
13440,1979,6,1.0,126.18
13441,1997,9,1.0,81.74
13442,1997,6,12.0,81.74
13443,2007,9,1.0,264.18
13444,1980,6,12.0,264.18
13445,1996,3,1.0,273.72
13446,1970,3,1.0,86.87
13447,1970,3,12.0,86.87
13448,1984,3,1.0,121.33
13449,1984,3,12.0,112.6
13450,1970,12,1.0,120.71
13451,1981,6,1.0,160.88
13452,1985,6,1.0,126.16
13453,1984,6,12.0,115.99
13454,1971,3,1.0,142.0
13455,1971,3,12.0,104.31
13456,1992,3,1.0,136.11
13457,1970,3,1.0,142.64
13458,1994,3,1.0,147.97
13459,1970,6,1.0,150.66
13460,1976,12,1.0,147.99
13461,2000,9,1.0,152.1
13462,1972,3,1.0,154.31
13463,1972,3,12.0,112.53
13464,1969,3,1.0,137.26
13465,2004,3,1.0,150.93
13466,1984,3,12.0,130.45
13467,1989,9,1.0,150.59
13468,1978,3,1.0,124.76
13469,1974,3,1.0,139.97
13470,1968,3,12.0,127.95
13471,1973,6,1.0,154.68
13472,1973,3,12.0,129.02
13473,1972,3,1.0,149.72
13474,1972,3,12.0,112.02
13475,1969,3,1.0,156.51
13476,1969,3,12.0,107.76
13477,1964,9,1.0,158.65
13478,1970,3,1.0,120.96
13479,1975,3,1.0,128.25
13480,1975,3,12.0,107.4
13481,1970,3,1.0,124.25
13482,1970,3,12.0,110.56
13483,1970,3,1.0,133.11
13484,1971,3,1.0,151.65
13485,1971,3,12.0,118.86
13486,1975,3,1.0,142.59
13487,1988,6,1.0,117.04
13488,1968,3,1.0,130.91
13489,1970,3,1.0,136.13
13490,1977,3,1.0,156.32
13491,1977,3,12.0,136.76
13492,1988,6,1.0,150.86
13493,1984,6,1.0,154.5
13494,1975,3,1.0,101.0
13495,1971,3,1.0,126.33
13496,1971,3,12.0,97.4
13497,1972,9,1.0,126.33
13498,1972,6,12.0,121.45
13499,1974,3,1.0,152.04
13500,1970,3,1.0,139.92
13501,1972,3,1.0,152.76
13502,1979,9,1.0,151.35
13503,1971,3,12.0,104.82
13504,1980,6,1.0,129.26
13505,1980,3,11.0,22.16
13506,1980,3,12.0,
13507,1980,6,1.0,114.03
13508,1980,3,10.0,38.85
13509,1980,3,11.0,
13510,1980,3,12.0,
13511,1968,3,1.0,140.67
13512,1968,3,12.0,88.49
13513,1980,3,1.0,112.58
13514,1980,3,12.0,
13515,2002,6,1.0,194.0
13516,2002,3,10.0,43.06
13517,2002,3,12.0,
13518,1980,3,1.0,177.19
13519,2007,6,1.0,77.98
13520,2007,6,11.0,76.97
13521,2007,3,12.0,
13522,1962,6,1.0,170.31
13523,1962,3,11.0,5.67
13524,1962,6,12.0,
13525,1962,3,1.0,67.35
13526,1960,3,12.0,22.3
13527,1962,6,1.0,114.12
13528,1962,3,12.0,82.91
13529,1964,3,1.0,101.82
13530,1964,6,12.0,15.58
13531,1952,3,12.0,76.44
13532,1964,3,1.0,97.49
13533,1964,3,12.0,29.71
13534,1964,6,1.0,72.81
13535,1989,6,1.0,108.66
13536,1989,3,12.0,108.66
13537,1964,3,1.0,125.66
13538,1964,3,12.0,
13539,1964,3,1.0,143.74
13540,1964,3,12.0,70.0
13541,1961,6,1.0,108.08
13542,1961,3,12.0,46.86
13543,1964,6,1.0,156.64
13544,1964,3,12.0,156.64
13545,1964,9,1.0,140.43
13546,1963,3,1.0,133.31
13547,1963,3,10.0,
13548,1963,6,12.0,
13549,1960,6,1.0,90.25
13550,1991,3,1.0,81.43
13551,1962,3,1.0,81.74
13552,1990,6,1.0,106.24
13553,1975,3,12.0,
13554,1980,6,1.0,102.22
13555,1980,3,12.0,58.72
13556,1980,9,1.0,112.94
13557,1980,3,11.0,105.79
13558,1980,3,12.0,83.8
13559,1980,3,12.0,27.0
13560,1979,3,1.0,58.11
13561,1979,3,11.0,
13562,1979,3,12.0,
13563,2008,3,1.0,174.87
13564,2008,3,11.0,
13565,2008,3,12.0,
13566,1961,3,1.0,77.62
13567,2004,3,10.0,
13568,1962,3,1.0,166.62
13569,1962,3,12.0,
13570,1993,9,1.0,212.11
13571,1988,3,11.0,152.27
13572,1996,3,12.0,76.13
13573,1980,3,1.0,90.85
13574,1964,9,1.0,55.57
13575,1964,9,1.0,55.56
13576,1975,3,1.0,34.27
13577,1975,3,12.0,21.97
13578,1995,9,1.0,145.43
13579,1995,3,12.0,128.64
13580,1998,3,10.0,164.09
13581,2020,3,1.0,125.45
13582,1960,3,1.0,260.2
13583,1975,6,1.0,129.33
13584,1975,3,12.0,108.7
13585,1933,3,1.0,63.2
13586,1933,3,12.0,
13587,1940,3,1.0,467.01
13588,1940,3,12.0,193.5
13589,1934,3,1.0,173.94
13590,1928,9,1.0,195.27
13591,1928,3,12.0,130.9
13592,1960,3,5.0,124.36
13593,1960,3,1.0,110.43
13594,1961,3,1.0,87.63
13595,1936,3,1.0,63.95
13596,1940,3,1.0,59.3
13597,1940,3,12.0,59.3
13598,2001,9,1.0,98.94
13599,1954,9,1.0,116.13
13600,1936,6,12.0,102.65
13601,1955,6,1.0,118.08
13602,1930,3,12.0,104.42
13603,1951,3,1.0,122.63
13604,2008,9,1.0,238.35
13605,2005,6,1.0,183.25
13606,1960,6,12.0,130.57
13607,1998,9,1.0,207.38
13608,1966,3,3.0,240.25
13609,1966,3,2.0,226.25
13610,1966,3,3.0,117.46
13611,1966,3,2.0,103.05
13612,1937,6,1.0,106.33
13613,1960,3,12.0,114.25
13614,2007,9,1.0,179.68
13615,2007,3,12.0,164.73
13616,1960,3,1.0,114.59
13617,1924,3,1.0,115.49
13618,1924,3,12.0,95.74
13619,1950,3,1.0,109.23
13620,1960,3,1.0,111.15
13621,1935,3,1.0,110.06
13622,1935,3,1.0,106.18
13623,1935,3,12.0,84.03
13624,1935,6,1.0,153.76
13625,1935,3,11.0,141.28
13626,1935,3,12.0,
13627,1935,3,1.0,151.21
13628,1935,3,12.0,93.12
13629,1935,3,1.0,108.31
13630,2001,3,1.0,79.58
13631,1968,3,1.0,89.1
13632,1950,3,1.0,100.2
13633,1950,3,1.0,98.56
13634,1950,3,12.0,71.74
13635,1934,3,1.0,104.8
13636,1934,3,12.0,87.04
13637,1950,3,12.0,92.32
13638,1950,3,1.0,43.18
13639,1965,9,1.0,125.15
13640,1950,9,1.0,142.74
13641,1950,3,12.0,110.26
13642,1935,3,1.0,107.65
13643,1950,3,1.0,119.89
13644,1956,3,1.0,119.68
13645,1971,3,1.0,153.14
13646,2008,9,1.0,146.43
13647,2008,3,11.0,59.61
13648,2008,3,12.0,53.91
13649,2023,6,1.0,106.86
13650,2023,3,11.0,67.25
13651,2023,3,12.0,
13652,1950,3,1.0,124.75
13653,1950,3,12.0,113.21
13654,1950,3,1.0,144.13
13655,1936,3,1.0,135.9
13656,1950,3,1.0,133.33
13657,1950,3,1.0,99.47
13658,1950,3,1.0,109.27
13659,1962,3,1.0,107.87
13660,1997,3,1.0,110.23
13661,1998,9,1.0,272.25
13662,2001,3,1.0,256.34
13663,1940,9,1.0,221.55
13664,1940,3,11.0,143.28
13665,1940,6,12.0,40.5
13666,1954,12,,1551.46
13667,2020,6,5.0,962.16
13668,2020,3,11.0,922.87
13669,2020,9,12.0,103.91
13670,1992,3,5.0,2003.62
13671,1992,3,7.0,1695.95
13672,1992,3,8.0,355.34
13673,1992,3,2.0,
13674,1992,3,,
13675,1992,3,9.0,
13676,1992,3,11.0,
13677,1992,12,12.0,
13678,2016,3,8.0,435.7
13679,2016,3,12.0,
13680,2020,6,5.0,1033.36
13681,2020,3,3.0,917.95
13682,2020,3,2.0,
13683,2020,3,11.0,
13684,2020,6,12.0,
13685,2002,3,5.0,1301.52
13686,2002,3,2.0,1077.35
13687,2002,21,1.0,1077.35
13688,1958,3,1.0,141.45
13689,1949,3,1.0,127.69
13690,1948,3,1.0,93.38
13691,1940,3,1.0,84.79
13692,1940,3,12.0,67.43
13693,1972,3,1.0,77.17
13694,1953,3,5.0,97.97
13695,1953,3,1.0,91.85
13696,1940,3,5.0,168.02
13697,1960,6,1.0,105.08
13698,2002,12,1.0,614.91
13699,1983,3,5.0,299.65
13700,1983,3,2.0,299.65
13701,1983,3,12.0,299.65
13702,1951,6,1.0,209.3
13703,2024,3,5.0,613.27
13704,2021,3,7.0,466.25
13705,2021,3,2.0,466.25
13706,2021,15,1.0,399.36
13707,2021,9,12.0,332.76
13708,1951,3,12.0,176.16
13709,1939,3,3.0,168.32
13710,1941,3,1.0,91.18
13711,1941,3,12.0,79.46
13712,1960,3,1.0,91.15
13713,1960,3,12.0,71.31
13714,1949,3,1.0,208.27
13715,1949,3,12.0,131.04
13716,1950,3,5.0,183.31
13717,1950,3,1.0,166.13
13718,1949,3,1.0,69.51
13719,1963,3,2.0,151.07
13720,1962,3,1.0,140.03
13721,1962,3,12.0,47.29
13722,1951,3,1.0,89.25
13723,1951,3,1.0,71.06
13724,1960,3,5.0,115.36
13725,1960,3,1.0,59.82
13726,1958,3,5.0,89.99
13727,1958,3,1.0,70.48
13728,1958,3,5.0,142.63
13729,1958,3,1.0,95.78
13730,2006,6,2.0,150.77
13731,1955,3,5.0,127.91
13732,1955,6,1.0,70.64
13733,1955,3,12.0,
13734,1950,3,5.0,134.51
13735,1950,3,1.0,83.33
13736,1960,3,5.0,132.6
13737,1960,6,1.0,90.92
13738,1962,3,5.0,598.73
13739,1962,21,1.0,554.7
13740,1962,3,12.0,554.7
13741,1961,3,1.0,123.38
13742,1961,3,12.0,64.36
13743,1961,3,1.0,112.19
13744,1961,3,1.0,111.15
13745,1951,3,1.0,113.13
13746,1961,3,1.0,108.14
13747,1950,3,1.0,119.8
13748,1950,3,12.0,90.23
13749,1951,6,1.0,94.5
13750,1951,3,9.0,52.88
13751,1978,9,1.0,64.59
13752,2020,3,10.0,49.49
13753,1958,3,12.0,34.43
13754,1961,3,5.0,99.28
13755,1961,3,1.0,93.81
13756,1961,3,2.0,98.43
13757,1961,9,1.0,85.77
13758,1961,3,12.0,36.42
13759,1991,3,1.0,126.98
13760,1960,3,12.0,1051.7
13761,1973,21,1.0,323.3
13762,1978,3,5.0,641.9
13763,1978,21,1.0,610.03
13764,1978,6,9.0,610.03
13765,1981,18,1.0,362.55
13766,1980,3,5.0,532.33
13767,1980,15,1.0,512.37
13768,2000,3,5.0,737.91
13769,1999,12,1.0,387.3
13770,1953,3,1.0,144.51
13771,2021,6,1.0,85.49
13772,2021,3,12.0,68.59
13773,1961,3,1.0,126.13
13774,1998,3,1.0,140.38
13775,1931,6,1.0,183.37
13776,2020,3,10.0,138.3
13777,1931,3,12.0,
13778,2002,3,5.0,140.45
13779,2002,12,1.0,140.45
13780,1951,3,5.0,109.69
13781,1951,6,1.0,96.84
13782,1951,3,12.0,86.65
13783,1931,3,5.0,92.54
13784,1931,9,1.0,81.16
13785,1993,3,8.0,264.97
13786,1993,15,1.0,141.53
13787,1918,3,5.0,252.41
13788,1918,3,1.0,207.87
13789,1951,3,5.0,115.51
13790,1951,3,1.0,94.63
13791,1951,3,11.0,94.63
13792,1951,3,12.0,
13793,1921,3,1.0,187.02
13794,1991,15,1.0,277.14
13795,1991,6,12.0,136.1
13796,1971,3,5.0,128.59
13797,1971,6,1.0,113.74
13798,1971,6,12.0,100.24
13799,1957,6,1.0,197.37
13800,1963,6,1.0,97.9
13801,1951,3,1.0,147.87
13802,1951,3,12.0,88.21
13803,1965,9,1.0,198.95
13804,2019,3,5.0,185.04
13805,2019,9,1.0,141.66
13806,2019,3,11.0,141.66
13807,1926,6,1.0,207.38
13808,2017,9,1.0,73.99
13809,2017,3,10.0,68.3
13810,2017,3,12.0,44.9
13811,1976,3,1.0,126.74
13812,1976,3,12.0,96.95
13813,2022,6,1.0,95.87
13814,2022,3,12.0,95.87
13815,2019,6,1.0,82.84
13816,2019,3,12.0,70.32
13817,1973,9,1.0,256.93
13818,1923,3,5.0,108.23
13819,1923,3,1.0,79.59
13820,2008,3,12.0,
13821,1961,3,1.0,95.1
13822,1961,3,12.0,66.19
13823,1964,9,1.0,250.13
13824,1941,6,5.0,105.05
13825,1941,6,2.0,105.05
13826,1941,9,1.0,105.05
13827,1931,12,1.0,105.14
13828,1931,6,12.0,71.01
13829,1959,6,1.0,124.55
13830,1980,9,1.0,95.48
13831,1959,3,12.0,77.43
13832,1983,9,1.0,79.95
13833,1960,3,12.0,58.57
13834,1961,3,1.0,147.0
13835,2012,12,1.0,96.59
13836,2012,3,10.0,63.27
13837,2012,6,12.0,56.89
13838,1961,3,1.0,144.91
13839,1961,3,12.0,134.86
13840,1950,6,1.0,120.6
13841,1950,3,12.0,81.33
13842,1953,3,5.0,81.55
13843,1953,6,1.0,80.4
13844,1950,3,8.0,103.11
13845,1950,6,1.0,103.11
13846,1950,6,12.0,72.67
13847,1975,6,1.0,88.45
13848,1984,9,1.0,74.12
13849,2018,3,10.0,69.27
13850,1904,3,5.0,81.27
13851,1904,3,1.0,69.58
13852,1950,3,1.0,91.87
13853,1950,6,12.0,78.27
13854,1994,3,2.0,237.96
13855,1994,12,1.0,119.43
13856,1961,3,1.0,90.6
13857,1950,3,5.0,92.48
13858,1953,9,1.0,71.07
13859,1955,6,12.0,71.07
13860,1997,3,5.0,153.3
13861,1955,9,1.0,82.78
13862,1950,3,12.0,82.78
13863,1974,3,5.0,685.72
13864,1974,18,1.0,685.72
13865,1951,3,1.0,148.38
13866,1961,6,1.0,93.23
13867,1951,3,1.0,115.46
13868,1959,3,1.0,116.05
13869,1968,3,8.0,149.82
13870,1968,6,1.0,114.12
13871,1968,3,12.0,
13872,1950,3,5.0,117.04
13873,1950,3,1.0,97.33
13874,1943,3,8.0,97.69
13875,1943,9,1.0,74.26
13876,1951,3,8.0,82.76
13877,1951,3,1.0,72.77
13878,1951,3,12.0,36.48
13879,1960,3,5.0,94.24
13880,1960,9,1.0,81.43
13881,1953,3,5.0,80.73
13882,1953,6,1.0,61.0
13883,1953,3,12.0,
13884,1960,6,8.0,198.4
13885,1960,6,12.0,198.4
13886,1986,3,1.0,58.47
13887,2003,3,5.0,468.35
13888,2003,6,1.0,275.22
13889,1982,6,1.0,346.39
13890,1982,6,1.0,222.0
13891,1982,6,1.0,221.34
13892,1982,6,1.0,220.27
13893,1981,15,1.0,148.27
13894,1981,15,1.0,219.29
13895,1985,15,1.0,282.02
13896,1961,3,12.0,15.94
13897,1987,15,1.0,179.64
13898,1985,6,1.0,461.83
13899,1984,6,1.0,216.17
13900,1984,6,1.0,217.58
13901,1984,3,5.0,345.05
13902,1984,6,1.0,327.77
13903,1951,6,5.0,74.71
13904,1930,3,5.0,130.65
13905,1956,12,1.0,113.76
13906,1935,6,1.0,62.05
13907,1887,3,1.0,151.67
13908,1940,3,5.0,64.6
13909,1940,3,1.0,62.2
13910,1990,3,5.0,57.42
13911,1990,3,1.0,44.57
13912,1990,3,12.0,44.57
13913,1940,3,2.0,150.03
13914,1940,3,1.0,110.75
13915,1940,3,12.0,63.05
13916,1893,3,5.0,141.92
13917,1893,9,1.0,100.21
13918,1893,3,12.0,63.92
13919,1900,3,5.0,169.76
13920,1900,3,1.0,133.09
13921,2000,3,5.0,180.17
13922,2000,3,1.0,142.91
13923,2000,3,12.0,
13924,1973,3,5.0,1396.8
13925,1973,6,6.0,1392.53
13926,1973,3,8.0,1220.69
13927,1973,15,2.0,1218.25
13928,1973,6,12.0,1218.25
13929,1951,3,1.0,71.63
13930,1951,3,12.0,68.5
13931,1993,3,1.0,76.88
13932,1957,3,5.0,54.25
13933,1920,3,1.0,118.53
13934,2002,3,2.0,132.27
13935,2002,3,1.0,102.93
13936,1991,3,8.0,162.67
13937,1991,6,1.0,162.67
13938,1961,3,5.0,123.55
13939,1961,3,1.0,84.3
13940,1961,3,12.0,
13941,1932,3,1.0,90.06
13942,1961,3,1.0,86.51
13943,1992,6,1.0,234.51
13944,1941,12,1.0,89.03
13945,1941,12,11.0,89.03
13946,1965,12,1.0,82.09
13947,1965,3,11.0,65.19
13948,1965,3,12.0,65.19
13949,1931,3,5.0,213.41
13950,1931,3,1.0,159.95
13951,1992,9,1.0,151.61
13952,1931,3,5.0,97.97
13953,1931,9,1.0,95.06
13954,2014,3,8.0,109.15
13955,2014,9,1.0,109.15
13956,1974,3,5.0,77.98
13957,1976,3,5.0,142.78
13958,1997,12,1.0,73.04
13959,1969,3,5.0,139.84
13960,1969,6,12.0,126.79
13961,1942,6,5.0,407.31
13962,1943,3,5.0,74.46
13963,1943,6,1.0,72.54
13964,1943,3,12.0,72.54
13965,1960,9,3.0,5.14
13966,2022,3,5.0,132.39
13967,2022,6,1.0,124.26
13968,2022,3,10.0,
13969,1971,12,1.0,111.51
13970,1938,3,1.0,104.93
13971,1909,6,2.0,115.88
13972,1909,3,12.0,87.61
13973,1947,3,1.0,129.22
13974,1932,3,1.0,136.57
13975,2018,12,1.0,135.11
13976,2018,3,10.0,74.02
13977,2018,3,11.0,54.14
13978,2018,3,12.0,48.27
13979,2022,3,5.0,123.67
13980,2022,15,1.0,64.86
13981,2022,3,12.0,64.86
13982,1900,9,1.0,147.33
13983,1900,3,12.0,140.92
13984,1978,3,2.0,358.24
13985,1978,18,1.0,358.24
13986,1978,3,9.0,342.94
13987,1942,3,1.0,61.5
13988,2002,3,5.0,483.34
13989,2002,12,1.0,442.97
13990,2004,3,5.0,440.85
13991,2004,3,1.0,309.66
13992,2004,3,12.0,195.8
13993,2020,12,1.0,419.42
13994,1989,3,5.0,246.67
13995,1989,9,1.0,246.67
13996,1957,3,8.0,106.67
13997,1957,9,1.0,78.67
13998,1976,3,5.0,318.34
13999,1976,6,1.0,318.34
14000,1976,6,11.0,187.15
14001,1976,9,12.0,187.15
14002,1925,3,1.0,103.16
14003,1951,3,1.0,202.87
14004,1972,3,5.0,344.38
14005,1972,24,1.0,274.02
14006,1970,24,1.0,553.87
14007,1973,24,1.0,446.08
14008,1973,3,12.0,341.97
14009,1968,12,1.0,94.52
14010,1967,3,5.0,117.36
14011,1967,3,1.0,100.43
14012,1910,3,1.0,107.53
14013,1910,3,12.0,91.85
14014,1961,3,1.0,129.36
14015,1961,3,12.0,95.18
14016,1960,3,1.0,108.18
14017,1951,3,1.0,105.81
14018,1957,3,5.0,150.03
14019,1957,9,1.0,119.41
14020,1957,3,12.0,85.57
14021,1959,3,5.0,84.16
14022,1959,3,1.0,84.16
14023,1956,3,1.0,75.4
14024,1956,3,1.0,107.0
14025,1961,3,5.0,63.9
14026,1961,9,1.0,232.04
14027,1961,3,10.0,174.53
14028,1972,9,1.0,497.35
14029,1960,3,1.0,82.34
14030,1940,3,1.0,115.96
14031,1984,6,1.0,101.86
14032,1984,3,11.0,82.71
14033,1984,3,12.0,
14034,1926,3,1.0,142.34
14035,1959,3,12.0,105.94
14036,1940,9,1.0,99.7
14037,1900,3,12.0,57.83
14038,1950,3,1.0,126.76
14039,1940,3,1.0,77.58
14040,1940,3,12.0,70.68
14041,1970,6,1.0,111.6
14042,1962,3,5.0,84.18
14043,1962,3,1.0,84.18
14044,1962,3,12.0,84.18
14045,1960,3,1.0,210.13
14046,1960,3,12.0,177.3
14047,1890,3,5.0,100.26
14048,1890,6,1.0,72.89
14049,2020,12,1.0,151.32
14050,2020,3,10.0,65.51
14051,2020,3,12.0,50.05
14052,1942,9,1.0,95.68
14053,1960,6,12.0,95.68
14054,1960,6,1.0,88.85
14055,1968,15,1.0,499.94
14056,1968,15,1.0,389.99
14057,1948,3,1.0,124.16
14058,1958,3,1.0,129.63
14059,1965,3,2.0,125.82
14060,1890,3,5.0,59.84
14061,1890,3,1.0,59.84
14062,1968,12,1.0,264.97
14063,1995,3,1.0,73.03
14064,1962,3,1.0,64.52
14065,1986,9,1.0,76.76
14066,1972,3,12.0,69.85
14067,1958,9,1.0,114.39
14068,1958,6,12.0,92.64
14069,1974,3,1.0,81.56
14070,1970,9,1.0,81.01
14071,1987,3,12.0,58.85
14072,1935,6,1.0,83.01
14073,1935,3,12.0,56.84
14074,1900,3,1.0,107.58
14075,1978,6,1.0,62.8
14076,1970,6,1.0,117.89
14077,1962,3,5.0,155.09
14078,1989,3,2.0,155.09
14079,1970,18,1.0,220.56
14080,1976,18,1.0,353.76
14081,1946,3,5.0,214.5
14082,1946,3,7.0,190.45
14083,1946,9,1.0,190.45
14084,1946,3,12.0,188.01
14085,1940,3,5.0,288.78
14086,1940,3,1.0,243.4
14087,1983,3,5.0,152.89
14088,1983,6,1.0,57.6
14089,1960,3,5.0,155.69
14090,1962,3,2.0,137.62
14091,2024,3,1.0,64.25
14092,1991,15,2.0,301.64
14093,1977,3,1.0,131.83
14094,1984,3,5.0,113.85
14095,1999,6,1.0,113.85
14096,2002,3,1.0,263.43
14097,2007,3,1.0,153.62
14098,1976,9,1.0,73.86
14099,1976,3,12.0,73.86
14100,1970,9,1.0,71.18
14101,1970,3,12.0,63.45
14102,2010,12,1.0,54.44
14103,1909,3,1.0,63.45
14104,1970,12,1.0,88.98
14105,1968,3,5.0,59.99
14106,1968,3,1.0,59.99
14107,1962,3,1.0,57.41
14108,1962,3,12.0,57.41
14109,1965,3,1.0,63.17
14110,1995,6,1.0,556.21
14111,2011,12,1.0,140.93
14112,2011,3,10.0,112.11
14113,2011,3,11.0,112.11
14114,2011,3,12.0,65.65
14115,1929,3,12.0,107.39
14116,1954,3,1.0,117.24
14117,1945,3,1.0,256.04
14118,2000,3,1.0,121.27
14119,1979,3,1.0,123.59
14120,1936,3,1.0,115.64
14121,1999,3,1.0,195.05
14122,1997,9,1.0,76.49
14123,1940,3,1.0,84.25
14124,1940,3,12.0,72.73
14125,1940,3,5.0,124.31
14126,1940,9,1.0,74.71
14127,1940,3,12.0,42.51
14128,1930,3,1.0,96.05
14129,1956,3,1.0,126.25
14130,1936,6,1.0,102.32
14131,1936,3,9.0,67.65
14132,1993,12,1.0,75.62
14133,1993,3,12.0,52.93
14134,1961,9,1.0,86.89
14135,1959,3,1.0,110.57
14136,1905,3,1.0,115.19
14137,1933,3,1.0,219.77
14138,2006,9,1.0,76.49
14139,1965,6,1.0,101.88
14140,1986,3,1.0,145.91
14141,2002,3,5.0,596.93
14142,2002,6,1.0,456.39
14143,2008,9,1.0,158.23
14144,1953,6,8.0,257.2
14145,1970,3,2.0,229.82
14146,1920,3,1.0,22.19
14147,2013,3,12.0,
14148,2007,9,1.0,143.4
14149,1935,3,12.0,143.4
14150,1940,3,12.0,67.66
14151,1939,3,1.0,53.85
14152,1946,3,1.0,58.58
14153,1994,3,1.0,102.3
14154,1940,9,1.0,128.69
14155,1946,3,1.0,129.14
14156,1946,3,12.0,112.93
14157,1926,3,1.0,79.0
14158,1970,9,1.0,77.02
14159,1946,3,12.0,62.19
14160,1895,3,1.0,120.36
14161,1960,3,1.0,217.48
14162,1948,9,1.0,67.66
14163,1885,3,12.0,52.24
14164,1974,6,1.0,86.65
14165,1948,3,12.0,52.79
14166,1930,3,5.0,96.63
14167,1930,3,1.0,64.02
14168,1945,3,5.0,272.42
14169,1945,3,1.0,258.28
14170,1919,6,2.0,321.92
14171,1914,6,5.0,172.52
14172,1934,3,1.0,116.45
14173,2012,12,1.0,71.45
14174,2012,3,12.0,55.32
14175,2007,9,1.0,75.67
14176,1939,3,1.0,120.44
14177,1934,3,1.0,95.44
14178,1934,3,12.0,82.44
14179,1995,6,1.0,250.27
14180,1995,6,10.0,110.28
14181,1999,3,1.0,261.39
14182,1914,3,1.0,129.69
14183,1959,6,1.0,70.21
14184,1953,3,5.0,102.74
14185,1974,3,1.0,102.74
14186,1940,3,1.0,209.06
14187,1991,6,1.0,262.77
14188,2003,3,5.0,431.45
14189,2003,6,1.0,190.79
14190,2014,6,5.0,754.89
14191,2014,15,1.0,590.77
14192,2014,3,12.0,590.77
14193,1968,9,1.0,127.94
14194,1940,9,1.0,180.98
14195,1940,3,12.0,164.76
14196,1945,6,1.0,97.87
14197,1977,6,1.0,118.59
14198,1930,3,12.0,79.54
14199,2021,9,1.0,123.29
14200,2022,15,1.0,124.76
14201,1949,3,12.0,102.72
14202,1955,3,1.0,112.27
14203,1919,9,5.0,118.98
14204,1914,3,1.0,108.79
14205,1916,3,1.0,116.74
14206,1917,3,1.0,94.75
14207,1956,3,5.0,284.52
14208,1962,15,1.0,261.69
14209,2008,9,1.0,79.15
14210,2008,3,12.0,79.15
14211,1987,3,1.0,91.81
14212,1987,3,12.0,77.62
14213,1928,3,1.0,97.89
14214,1928,3,12.0,77.04
14215,1932,9,1.0,106.44
14216,1939,3,1.0,84.02
14217,1939,3,5.0,167.78
14218,1939,3,1.0,83.82
14219,1940,6,1.0,75.65
14220,1927,3,5.0,129.6
14221,1927,3,1.0,85.32
14222,1940,3,1.0,114.79
14223,1959,9,1.0,80.42
14224,1968,3,12.0,60.31
14225,1949,3,1.0,96.31
14226,1985,3,1.0,136.71
14227,1993,9,1.0,268.17
14228,1940,3,1.0,237.8
14229,1991,9,1.0,233.81
14230,1945,3,1.0,119.14
14231,2004,3,1.0,63.36
14232,2004,3,12.0,63.36
14233,1945,9,1.0,115.99
14234,1945,3,12.0,107.1
14235,2023,9,1.0,75.73
14236,2023,3,12.0,58.63
14237,1945,6,1.0,118.95
14238,1945,3,12.0,91.71
14239,1956,3,1.0,83.22
14240,2019,3,10.0,70.38
14241,2002,9,1.0,465.98
14242,1963,3,5.0,131.26
14243,1963,3,1.0,131.26
14244,1963,3,5.0,108.64
14245,1963,3,1.0,85.19
14246,1961,3,5.0,266.01
14247,1961,3,1.0,168.37
14248,1960,6,1.0,263.77
14249,1993,3,5.0,121.9
14250,1993,3,1.0,54.3
14251,1960,3,5.0,79.61
14252,1960,3,1.0,73.68
14253,1960,3,8.0,328.94
14254,1960,3,1.0,303.42
14255,1960,9,1.0,201.79
14256,1960,9,1.0,92.64
14257,1960,3,5.0,161.37
14258,1965,12,1.0,161.37
14259,1975,6,1.0,168.34
14260,1975,3,12.0,141.96
14261,1960,3,1.0,166.65
14262,1903,3,1.0,135.22
14263,1972,12,1.0,270.29
14264,1998,15,2.0,240.49
14265,1960,12,1.0,85.17
14266,1973,3,5.0,303.48
14267,1973,12,1.0,277.37
14268,1973,6,12.0,258.05
14269,1962,6,1.0,150.01
14270,1962,3,12.0,134.8
14271,1966,21,1.0,810.96
14272,1964,3,5.0,125.98
14273,1994,9,1.0,284.08
14274,1960,9,1.0,125.6
14275,1956,3,1.0,83.4
14276,2005,3,1.0,76.85
14277,1965,3,1.0,59.84
14278,1965,3,1.0,57.05
14279,1930,3,1.0,102.52
14280,2018,12,1.0,116.87
14281,2018,3,10.0,70.52
14282,2018,6,12.0,63.29
14283,1962,6,1.0,140.84
14284,1962,3,5.0,130.44
14285,1962,3,1.0,83.03
14286,1974,3,5.0,141.05
14287,1981,9,1.0,87.07
14288,1906,9,1.0,119.08
14289,1906,3,11.0,102.58
14290,1906,9,12.0,75.3
14291,1970,3,12.0,10.05
14292,1995,9,1.0,1047.48
14293,1995,3,12.0,643.01
14294,2016,18,1.0,84.2
14295,2016,3,10.0,67.0
14296,2016,3,11.0,67.0
14297,2016,3,12.0,67.0
14298,1956,3,1.0,395.51
14299,1924,3,1.0,196.45
14300,1920,3,1.0,94.98
14301,1924,3,1.0,104.22
14302,1975,12,1.0,109.6
14303,2019,3,12.0,66.2
14304,1906,3,1.0,123.49
14305,1969,9,1.0,242.15
14306,1993,9,1.0,639.75
14307,2008,3,5.0,392.34
14308,2008,9,1.0,370.84
14309,2008,3,12.0,370.84
14310,1960,3,3.0,1555.25
14311,1960,6,3.0,68.0
14312,1979,9,1.0,749.45
14313,1964,18,1.0,492.21
14314,1989,6,1.0,428.76
14315,1970,3,2.0,1593.88
14316,1970,3,12.0,706.18
14317,1967,15,1.0,212.78
14318,1949,3,5.0,138.02
14319,1949,3,1.0,91.9
14320,1954,3,5.0,149.01
14321,1954,6,1.0,123.57
14322,1954,9,12.0,107.95
14323,1987,9,1.0,251.98
14324,1956,3,2.0,179.16
14325,1956,6,1.0,170.27
14326,1931,3,5.0,150.48
14327,1931,3,2.0,120.31
14328,1931,3,1.0,90.88
14329,1949,9,1.0,128.62
14330,1956,3,5.0,117.13
14331,1956,6,1.0,107.62
14332,1961,3,5.0,147.56
14333,1961,3,1.0,121.19
14334,1947,3,1.0,155.17
14335,1942,3,5.0,137.5
14336,1942,3,1.0,115.0
14337,1969,3,1.0,186.8
14338,1969,3,12.0,131.36
14339,1920,3,5.0,162.4
14340,1920,6,1.0,99.32
14341,2001,3,12.0,73.23
14342,1942,3,12.0,26.35
14343,1950,3,1.0,84.79
14344,1961,3,1.0,95.81
14345,1990,3,2.0,98.64
14346,1992,12,1.0,75.59
14347,1960,3,12.0,61.46
14348,1968,12,1.0,56.96
14349,1968,3,12.0,56.96
14350,1966,3,5.0,95.23
14351,1966,9,1.0,72.55
14352,1966,3,12.0,
14353,1959,3,1.0,162.04
14354,1959,3,12.0,135.11
14355,1930,3,1.0,90.16
14356,1959,9,1.0,66.55
14357,1930,3,12.0,61.52
14358,1959,9,1.0,64.82
14359,1930,3,12.0,59.49
14360,1930,3,1.0,53.4
14361,1930,3,1.0,75.97
14362,1930,3,5.0,94.65
14363,1930,6,1.0,82.31
14364,2008,3,5.0,401.94
14365,1974,6,3.0,401.94
14366,1940,3,2.0,401.94
14367,1980,3,3.0,105.76
14368,1940,3,5.0,528.69
14369,1940,3,8.0,
14370,1940,3,12.0,
14371,1998,3,3.0,470.38
14372,1967,27,1.0,347.32
14373,1975,3,5.0,1299.8
14374,1975,3,2.0,1086.86
14375,1975,12,1.0,1066.52
14376,1973,18,1.0,363.45
14377,1974,6,5.0,746.14
14378,1974,18,1.0,427.34
14379,1977,3,5.0,197.31
14380,1974,21,1.0,186.94
14381,2008,9,1.0,787.57
14382,1983,9,1.0,699.08
14383,1987,3,12.0,168.9
14384,1973,21,1.0,857.06
14385,1990,12,2.0,422.14
14386,1990,9,1.0,422.14
14387,1974,6,2.0,123.26
14388,1965,3,1.0,110.71
14389,1990,3,1.0,68.07
14390,1974,12,1.0,138.42
14391,1984,6,1.0,246.9
14392,1984,3,12.0,155.15
14393,1895,3,1.0,116.6
14394,1916,9,1.0,90.51
14395,1916,6,12.0,71.15
14396,1990,3,1.0,79.59
14397,2012,6,5.0,86.5
14398,2012,12,1.0,52.12
14399,2012,9,5.0,61.05
14400,2012,18,1.0,61.05
14401,2019,3,5.0,273.94
14402,2019,18,1.0,257.91
14403,2019,6,12.0,257.91
14404,2001,3,8.0,1517.38
14405,2001,3,2.0,1398.58
14406,2001,3,12.0,1323.69
14407,2009,3,8.0,127.33
14408,1978,21,1.0,460.78
14409,1970,18,1.0,579.02
14410,1999,12,1.0,1240.4
14411,1982,12,1.0,391.73
14412,1978,21,1.0,354.07
14413,2000,9,1.0,1727.38
14414,1999,6,1.0,173.98
14415,1900,3,1.0,78.27
14416,1900,6,1.0,135.86
14417,1900,3,1.0,139.81
14418,1900,3,12.0,103.69
14419,1910,3,1.0,98.26
14420,1940,6,1.0,110.58
14421,2003,3,1.0,74.86
14422,1916,3,1.0,126.94
14423,1916,3,12.0,98.15
14424,1914,3,1.0,106.42
14425,1914,3,12.0,106.42
14426,1914,3,12.0,139.59
14427,2003,3,12.0,111.16
14428,1952,6,1.0,109.69
14429,1924,3,12.0,109.69
14430,1900,6,1.0,97.7
14431,1900,3,12.0,97.7
14432,2000,6,1.0,133.18
14433,1900,6,1.0,54.58
14434,1900,3,12.0,54.58
14435,1900,3,1.0,73.16
14436,1898,3,1.0,73.86
14437,2004,3,1.0,77.27
14438,2004,3,12.0,74.58
14439,2004,6,1.0,90.78
14440,1880,3,1.0,109.99
14441,1880,3,12.0,99.81
14442,2008,3,5.0,351.05
14443,2008,9,1.0,309.11
14444,2008,3,12.0,309.11
14445,2004,3,5.0,292.73
14446,2004,3,1.0,292.73
14447,2004,3,12.0,292.73
14448,1947,9,1.0,202.5
14449,1947,3,1.0,206.95
14450,1959,3,6.0,1640.72
14451,1959,3,8.0,
14452,1988,3,5.0,2540.06
14453,1988,3,2.0,2497.74
14454,1988,9,1.0,754.95
14455,1988,3,12.0,754.95
14456,1950,3,1.0,434.69
14457,1963,3,1.0,439.56
14458,2019,9,1.0,65.26
14459,2019,3,10.0,52.0
14460,2019,3,12.0,33.07
14461,2019,9,1.0,60.63
14462,2019,3,12.0,47.61
14463,1994,3,1.0,135.79
14464,1993,9,1.0,340.37
14465,1997,3,9.0,305.1
14466,2000,12,1.0,771.73
14467,2003,6,1.0,671.93
14468,2001,6,1.0,570.14
14469,1930,3,1.0,134.0
14470,1930,3,12.0,33.7
14471,2003,6,1.0,595.03
14472,2011,12,1.0,697.94
14473,2011,3,11.0,659.56
14474,2011,6,12.0,560.21
14475,2006,6,1.0,370.87
14476,2012,15,4.0,1710.96
14477,2012,3,10.0,778.04
14478,2012,3,11.0,704.56
14479,2011,9,1.0,372.28
14480,2020,12,1.0,374.91
14481,2020,3,12.0,373.98
14482,2002,3,5.0,3252.21
14483,2002,18,1.0,3252.21
14484,2022,21,1.0,1589.24
14485,2022,6,12.0,1589.24
14486,1940,3,5.0,201.96
14487,1947,6,1.0,144.73
14488,1950,3,1.0,268.01
14489,1960,6,1.0,162.47
14490,1930,3,1.0,109.17
14491,1930,3,12.0,
14492,1974,15,1.0,158.56
14493,1993,6,1.0,113.38
14494,1928,3,1.0,101.42
14495,1990,6,1.0,87.48
14496,1990,3,12.0,87.48
14497,1931,3,1.0,110.35
14498,1928,3,1.0,116.48
14499,2005,9,1.0,159.05
14500,1983,12,1.0,150.46
14501,1933,3,12.0,82.33
14502,1925,9,1.0,100.6
14503,1925,3,12.0,80.66
14504,1930,3,1.0,103.26
14505,1930,3,1.0,95.91
14506,2004,3,1.0,77.09
14507,1947,3,1.0,138.31
14508,2004,3,1.0,444.56
14509,2004,3,12.0,381.38
14510,2019,12,1.0,225.38
14511,2019,6,12.0,215.4
14512,1968,3,1.0,116.13
14513,1998,9,1.0,103.38
14514,2019,12,1.0,77.29
14515,2019,3,12.0,58.75
14516,1958,3,1.0,122.04
14517,1958,3,1.0,71.66
14518,2001,3,1.0,88.0
14519,1962,9,1.0,80.88
14520,1962,6,12.0,70.06
14521,1960,3,1.0,95.58
14522,1960,3,1.0,97.72
14523,1958,3,1.0,129.11
14524,2000,3,1.0,77.18
14525,1958,3,1.0,239.89
14526,1966,3,1.0,124.74
14527,1966,3,1.0,119.15
14528,1989,3,5.0,1009.94
14529,1989,18,1.0,1001.68
14530,1989,15,12.0,1001.68
14531,2006,9,1.0,138.81
14532,1987,3,1.0,458.55
14533,2007,9,1.0,403.42
14534,1958,6,1.0,154.8
14535,1958,3,12.0,73.74
14536,1927,3,1.0,117.21
14537,1927,3,12.0,
14538,1940,3,1.0,132.06
14539,1981,3,1.0,140.04
14540,2002,3,1.0,128.79
14541,2021,6,1.0,59.87
14542,1950,3,1.0,100.31
14543,1950,3,12.0,100.31
14544,1950,3,1.0,110.15
14545,2004,3,1.0,75.43
14546,1930,3,1.0,111.75
14547,1947,3,1.0,129.82
14548,1947,3,12.0,21.44
14549,1950,3,1.0,162.37
14550,1970,3,5.0,169.45
14551,1970,3,1.0,163.69
14552,2022,3,1.0,66.96
14553,2022,3,11.0,
14554,1970,3,1.0,119.36
14555,1975,3,1.0,101.64
14556,1970,3,12.0,71.03
14557,1965,3,12.0,258.67
14558,1960,3,1.0,103.19
14559,1961,3,1.0,119.8
14560,2001,9,1.0,134.19
14561,1968,3,1.0,92.91
14562,1960,3,1.0,78.54
14563,1970,3,1.0,100.96
14564,1970,3,12.0,85.63
14565,1965,3,1.0,100.85
14566,1976,6,1.0,73.21
14567,1991,12,5.0,1276.53
14568,1991,12,1.0,745.68
14569,1991,9,9.0,745.68
14570,1991,3,12.0,745.68
14571,2004,9,1.0,228.05
14572,2008,9,1.0,400.71
14573,2001,3,1.0,86.86
14574,1979,3,3.0,966.33
14575,2005,12,1.0,138.5
14576,1949,3,1.0,212.31
14577,1995,3,5.0,469.5
14578,1995,12,1.0,171.87
14579,1995,3,12.0,171.87
14580,1939,6,1.0,94.91
14581,1939,6,12.0,4.45
14582,1937,3,1.0,117.46
14583,1937,3,1.0,88.08
14584,1979,12,1.0,1137.26
14585,1979,3,12.0,1056.51
14586,1994,3,5.0,467.04
14587,1995,6,1.0,310.62
14588,1937,3,1.0,85.72
14589,1940,3,1.0,96.72
14590,1940,3,12.0,96.72
14591,1937,3,1.0,79.69
14592,1970,3,1.0,78.43
14593,1937,3,1.0,70.62
14594,1996,3,1.0,45.58
14595,1966,3,1.0,71.43
14596,1937,9,1.0,86.0
14597,1937,3,12.0,80.09
14598,1935,3,1.0,134.62
14599,1981,3,5.0,391.27
14600,1981,9,1.0,301.28
14601,1981,3,11.0,51.85
14602,1981,3,12.0,
14603,1937,3,1.0,92.28
14604,1954,3,1.0,119.97
14605,1940,3,1.0,56.0
14606,1975,3,1.0,78.81
14607,2010,3,12.0,57.31
14608,1940,9,1.0,119.42
14609,1940,6,12.0,74.01
14610,1940,3,1.0,93.91
14611,1940,3,12.0,64.39
14612,1988,3,1.0,93.13
14613,1988,3,12.0,66.19
14614,1967,3,1.0,42.96
14615,1940,6,1.0,45.98
14616,1940,3,12.0,42.15
14617,1938,9,1.0,44.6
14618,1940,6,1.0,47.5
14619,1940,3,12.0,39.97
14620,1940,3,1.0,50.89
14621,1940,3,1.0,62.43
14622,1999,6,1.0,363.15
14623,1999,6,11.0,227.13
14624,1999,6,12.0,39.89
14625,1988,3,1.0,119.5
14626,1988,3,1.0,107.59
14627,1988,3,1.0,83.73
14628,1998,3,12.0,44.67
14629,2004,9,1.0,198.28
14630,2005,9,1.0,251.99
14631,2000,6,1.0,51.55
14632,1937,3,1.0,51.58
14633,1952,6,1.0,134.5
14634,1952,3,11.0,97.22
14635,1974,6,12.0,47.38
14636,1980,21,1.0,272.34
14637,1988,3,5.0,819.76
14638,1988,15,1.0,427.22
14639,1980,18,1.0,393.69
14640,1980,3,1.0,722.59
14641,1980,3,12.0,207.31
14642,1990,3,1.0,201.16
14643,1975,12,1.0,289.6
14644,1976,9,1.0,151.35
14645,1960,3,12.0,151.35
14646,1950,9,1.0,177.22
14647,1978,15,1.0,255.88
14648,1990,3,5.0,1029.65
14649,1990,9,1.0,464.36
14650,1989,3,5.0,94.78
14651,1989,3,1.0,72.97
14652,1989,3,1.0,82.03
14653,1989,3,1.0,87.27
14654,1989,3,1.0,88.73
14655,1989,3,1.0,89.68
14656,1989,3,1.0,87.91
14657,1989,3,1.0,95.55
14658,1989,3,12.0,76.85
14659,1988,9,1.0,244.18
14660,2016,6,1.0,135.53
14661,2015,3,12.0,99.26
14662,1985,6,1.0,74.93
14663,1985,3,11.0,74.93
14664,1985,3,12.0,41.79
14665,1985,9,1.0,84.09
14666,1985,3,11.0,84.09
14667,1985,3,12.0,61.91
14668,1934,3,1.0,101.11
14669,1968,9,1.0,104.62
14670,1934,3,11.0,104.62
14671,1956,3,1.0,160.0
14672,2007,6,1.0,301.24
14673,1970,3,1.0,168.09
14674,1930,3,1.0,181.44
14675,1930,6,12.0,120.71
14676,1953,3,1.0,147.59
14677,1940,3,1.0,135.27
14678,2005,3,5.0,87.06
14679,2005,9,1.0,78.2
14680,2005,3,12.0,78.2
14681,1940,6,1.0,119.47
14682,2024,9,1.0,82.76
14683,2024,6,12.0,65.4
14684,1955,3,5.0,138.19
14685,1955,3,1.0,115.41
14686,1955,3,12.0,115.41
14687,1960,3,1.0,214.52
14688,1975,3,5.0,231.39
14689,1967,3,5.0,160.29
14690,1967,6,1.0,133.81
14691,1935,3,1.0,123.3
14692,1987,3,5.0,235.64
14693,1987,3,1.0,126.96
14694,1987,3,12.0,
14695,2004,9,1.0,815.4
14696,1990,6,12.0,309.22
14697,1963,6,1.0,100.28
14698,1963,3,12.0,24.0
14699,1973,3,1.0,114.62
14700,1989,3,1.0,119.91
14701,1987,9,1.0,84.04
14702,1987,3,12.0,69.5
14703,1985,9,1.0,74.9
14704,1985,3,12.0,74.9
14705,1985,9,1.0,80.53
14706,1985,3,12.0,64.98
14707,1987,3,5.0,137.32
14708,2000,15,1.0,99.19
14709,2010,6,11.0,99.19
14710,2003,3,1.0,438.31
14711,2003,3,12.0,433.1
14712,2023,3,5.0,427.6
14713,2023,18,1.0,316.64
14714,2023,6,12.0,316.64
14715,1965,3,5.0,156.0
14716,1970,6,1.0,155.5
14717,2023,15,1.0,306.38
14718,2015,12,1.0,71.09
14719,2015,6,11.0,69.93
14720,2015,3,12.0,69.93
14721,1950,3,1.0,64.11
14722,1950,3,1.0,60.95
14723,1960,3,1.0,70.17
14724,1960,3,12.0,57.43
14725,1950,3,1.0,63.69
14726,1950,3,12.0,63.69
14727,2013,12,1.0,54.08
14728,2013,3,11.0,48.33
14729,2013,3,12.0,48.33
14730,1965,3,5.0,144.65
14731,1965,9,1.0,144.65
14732,1950,9,1.0,104.24
14733,1950,3,12.0,99.76
14734,1996,3,5.0,1858.68
14735,1996,15,1.0,1447.95
14736,1929,3,1.0,119.16
14737,1925,3,1.0,110.18
14738,1996,3,9.0,483.16
14739,1995,6,1.0,320.05
14740,1995,3,12.0,199.95
14741,1967,3,1.0,137.15
14742,1960,3,1.0,136.75
14743,1960,3,12.0,99.4
14744,1965,6,1.0,129.32
14745,2006,9,1.0,88.0
14746,2006,3,12.0,79.75
14747,1968,3,1.0,102.89
14748,1960,3,1.0,117.85
14749,1983,3,1.0,224.19
14750,1940,6,1.0,125.24
14751,2000,9,1.0,256.71
14752,1960,3,12.0,177.28
14753,1940,3,1.0,112.15
14754,1982,9,1.0,114.72
14755,1920,3,1.0,100.92
14756,1977,3,5.0,122.31
14757,1977,3,1.0,97.87
14758,1977,3,12.0,31.86
14759,1960,3,1.0,112.96
14760,1960,3,12.0,96.42
14761,1979,3,1.0,99.36
14762,1991,3,1.0,75.27
14763,1960,3,5.0,329.97
14764,1960,3,2.0,316.05
14765,1960,3,1.0,55.12
14766,1960,6,1.0,281.42
14767,1960,3,1.0,92.55
14768,1993,3,1.0,110.64
14769,1999,6,1.0,125.29
14770,1930,3,1.0,133.82
14771,1998,3,5.0,1392.2
14772,1998,12,1.0,1054.35
14773,1998,3,12.0,1052.68
14774,1996,3,5.0,290.77
14775,1996,6,1.0,269.6
14776,1977,6,1.0,124.45
14777,1977,3,12.0,97.2
14778,2004,3,1.0,577.72
14779,2004,3,12.0,559.43
14780,2009,6,1.0,714.07
14781,2011,12,1.0,362.87
14782,2011,3,11.0,324.95
14783,2011,6,12.0,324.95
14784,2010,9,1.0,285.9
14785,2010,6,12.0,285.9
14786,2023,3,1.0,102.53
14787,2023,3,12.0,
14788,2023,12,1.0,90.36
14789,2023,3,11.0,42.34
14790,2023,3,12.0,42.34
14791,1978,9,1.0,110.67
14792,1975,15,1.0,145.46
14793,1978,6,1.0,138.5
14794,2006,9,1.0,126.19
14795,1974,9,1.0,113.18
14796,1974,12,1.0,126.32
14797,1977,3,1.0,101.19
14798,1962,3,5.0,94.52
14799,1962,6,1.0,94.52
14800,1962,3,11.0,63.73
14801,1962,9,12.0,8.73
14802,1933,6,1.0,163.98
14803,1933,3,12.0,19.41
14804,1934,3,1.0,121.21
14805,1929,3,1.0,161.59
14806,1960,6,1.0,320.62
14807,2004,3,1.0,745.69
14808,2004,3,12.0,521.22
14809,1950,9,1.0,224.97
14810,1950,3,1.0,139.03
14811,1950,3,1.0,117.96
14812,1930,3,1.0,106.76
14813,1960,3,1.0,99.49
14814,1940,3,1.0,116.21
14815,1940,3,1.0,86.26
14816,1940,6,12.0,86.26
14817,1940,9,1.0,87.5
14818,1940,3,12.0,81.93
14819,1920,3,12.0,236.97
14820,2005,6,1.0,188.15
14821,1920,6,1.0,100.73
14822,1920,6,1.0,112.78
14823,1930,3,1.0,111.72
14824,1930,3,1.0,49.66
14825,1930,3,12.0,6.79
14826,1962,9,1.0,70.24
14827,1962,3,12.0,70.24
14828,1975,9,1.0,299.12
14829,1950,3,1.0,137.01
14830,1957,3,1.0,119.33
14831,2003,6,1.0,183.9
14832,2003,3,12.0,169.23
14833,1975,3,1.0,99.57
14834,1910,6,1.0,80.07
14835,1988,3,1.0,226.24
14836,1930,3,1.0,87.72
14837,1930,3,12.0,
14838,1920,3,1.0,128.71
14839,1950,3,1.0,32.99
14840,1950,3,1.0,35.3
14841,1950,3,1.0,34.26
14842,1950,3,1.0,35.17
14843,1950,3,12.0,13.86
14844,1950,3,1.0,42.76
14845,1950,3,12.0,
14846,1950,3,12.0,40.0
14847,1950,3,1.0,35.64
14848,1950,3,1.0,35.07
14849,1950,3,1.0,77.12
14850,1953,3,1.0,76.18
14851,1934,3,1.0,105.18
14852,1994,3,1.0,262.88
14853,1994,3,9.0,157.19
14854,1994,3,12.0,21.06
14855,2003,3,1.0,838.39
14856,2003,3,12.0,838.39
14857,2005,6,1.0,344.53
14858,1964,6,1.0,76.55
14859,1964,6,12.0,62.61
14860,1929,3,1.0,111.18
14861,1929,3,11.0,54.61
14862,1929,3,12.0,
14863,1923,3,1.0,106.79
14864,1923,3,12.0,
14865,2022,9,1.0,86.63
14866,2014,3,12.0,53.39
14867,2010,18,1.0,2887.87
14868,2011,6,12.0,2691.5
14869,1953,3,1.0,69.53
14870,1953,3,12.0,69.53
14871,1958,6,1.0,51.54
14872,1958,3,12.0,51.54
14873,1948,3,1.0,40.31
14874,1948,3,12.0,40.31
14875,1948,3,1.0,49.02
14876,1948,3,12.0,49.02
14877,2022,9,1.0,47.56
14878,2022,6,11.0,47.56
14879,2022,6,12.0,47.56
14880,1957,3,1.0,105.62
14881,1980,3,1.0,111.56
14882,1955,3,12.0,99.03
14883,1957,3,1.0,135.79
14884,1990,3,1.0,122.6
14885,1990,3,11.0,122.6
14886,1990,3,12.0,119.79
14887,1964,6,1.0,119.87
14888,1962,6,12.0,86.87
14889,1998,3,1.0,93.43
14890,2009,3,10.0,77.16
14891,1930,3,1.0,74.67
14892,1968,3,12.0,86.42
14893,1976,3,1.0,82.47
14894,2001,3,5.0,636.21
14895,2001,6,1.0,596.0
14896,2004,3,1.0,104.09
14897,1955,6,1.0,65.85
14898,1974,3,1.0,64.1
14899,1967,3,1.0,63.28
14900,1975,3,1.0,65.39
14901,1954,9,1.0,63.97
14902,1954,3,11.0,60.62
14903,1961,3,1.0,64.24
14904,1975,3,1.0,66.28
14905,1958,9,1.0,63.35
14906,1958,3,12.0,58.94
14907,1959,3,1.0,66.74
14908,1976,3,1.0,66.08
14909,1961,3,1.0,73.86
14910,1963,3,1.0,65.32
14911,1970,3,1.0,48.39
14912,1959,3,1.0,64.74
14913,1968,9,1.0,62.33
14914,1966,3,1.0,82.84
14915,1956,3,1.0,106.3
14916,1953,9,12.0,68.9
14917,1956,3,1.0,78.44
14918,1966,6,1.0,72.36
14919,1966,3,1.0,82.01
14920,1966,3,1.0,59.94
14921,1972,3,1.0,73.03
14922,1964,3,1.0,74.41
14923,1954,9,1.0,71.72
14924,1961,3,1.0,53.54
14925,1990,3,1.0,74.72
14926,1959,3,5.0,79.15
14927,1959,9,1.0,75.64
14928,1954,3,5.0,76.11
14929,1954,3,1.0,70.35
14930,1962,3,1.0,78.45
14931,1954,3,1.0,85.57
14932,2006,12,1.0,44.59
14933,2006,3,12.0,44.59
14934,1959,6,1.0,41.21
14935,1968,3,1.0,131.06
14936,1975,3,1.0,129.08
14937,1960,6,1.0,327.45
14938,1975,6,1.0,113.4
14939,1975,3,1.0,101.13
14940,1974,6,1.0,98.02
14941,1983,6,1.0,133.04
14942,1978,3,1.0,109.44
14943,1978,3,12.0,109.44
14944,1979,9,1.0,176.54
14945,1976,9,1.0,99.26
14946,1976,9,1.0,112.23
14947,1980,9,1.0,130.2
14948,1976,3,1.0,116.9
14949,1976,3,12.0,103.77
14950,1971,3,1.0,112.45
14951,1971,3,5.0,93.35
14952,1971,9,1.0,79.27
14953,1971,3,12.0,20.0
14954,1978,3,1.0,113.46
14955,1977,3,1.0,111.98
14956,1976,6,1.0,87.7
14957,1976,3,12.0,71.35
14958,1976,3,1.0,113.78
14959,1976,9,1.0,112.38
14960,1936,6,1.0,331.06
14961,1936,3,11.0,172.36
14962,1936,3,12.0,
14963,1960,3,12.0,92.64
14964,1979,3,1.0,209.57
14965,1994,3,10.0,137.18
14966,1979,6,12.0,
14967,1980,9,1.0,124.56
14968,1980,3,11.0,120.18
14969,1980,3,12.0,85.42
14970,1960,6,1.0,143.83
14971,1960,3,10.0,62.66
14972,1960,3,12.0,
14973,1970,3,1.0,281.13
14974,1970,3,10.0,58.96
14975,1970,3,11.0,
14976,1970,6,12.0,
14977,1983,6,1.0,252.26
14978,1983,3,10.0,64.42
14979,1983,3,12.0,
14980,1979,6,1.0,257.9
14981,1979,3,10.0,52.25
14982,1979,3,11.0,
14983,1979,3,12.0,
14984,1985,6,1.0,189.1
14985,1985,3,10.0,54.86
14986,1985,3,11.0,
14987,1985,3,12.0,
14988,1994,3,12.0,31.19
14989,2000,6,1.0,215.7
14990,2000,3,11.0,82.38
14991,2000,3,12.0,
14992,1978,3,12.0,173.88
14993,1978,3,1.0,159.92
14994,1985,9,1.0,187.05
14995,2008,3,12.0,85.93
14996,1980,3,1.0,107.0
14997,1965,6,1.0,81.5
14998,1960,3,1.0,90.61
14999,2008,3,10.0,
15000,1960,3,12.0,
15001,1980,6,1.0,161.69
15002,1980,3,10.0,161.69
15003,1980,3,11.0,
15004,1980,3,12.0,
15005,1918,6,1.0,89.61
15006,1965,3,1.0,94.5
15007,1965,3,12.0,
15008,1965,6,1.0,96.13
15009,1985,3,1.0,106.62
15010,1985,3,11.0,92.96
15011,1985,3,12.0,
15012,1960,6,1.0,105.47
15013,1960,3,11.0,16.83
15014,1960,3,12.0,
15015,1960,6,1.0,158.75
15016,1960,3,12.0,70.39
15017,1985,6,1.0,103.47
15018,1960,3,1.0,99.6
15019,1960,3,12.0,94.43
15020,1965,6,1.0,82.59
15021,1965,3,11.0,67.99
15022,2006,3,1.0,143.45
15023,2008,21,9.0,2264.24
15024,2008,3,12.0,2264.24
15025,1942,9,1.0,107.68
15026,1942,3,12.0,101.31
15027,1992,3,6.0,3719.22
15028,1992,3,8.0,3548.88
15029,1992,3,2.0,1244.24
15030,1968,9,1.0,147.13
15031,2002,3,5.0,1730.92
15032,2002,9,1.0,1682.37
15033,1969,6,12.0,52.68
15034,1969,3,12.0,14.06
15035,1933,3,1.0,98.65
15036,1933,6,12.0,9.13
15037,1993,3,5.0,796.48
15038,1993,9,1.0,658.88
15039,1996,15,1.0,578.77
15040,1996,3,9.0,502.56
15041,1996,15,1.0,523.01
15042,1996,3,5.0,805.07
15043,1996,18,1.0,731.1
15044,1981,3,9.0,517.28
15045,1983,3,5.0,366.25
15046,1983,3,12.0,
15047,1987,3,12.0,278.62
15048,1972,6,1.0,76.38
15049,1928,9,1.0,70.67
15050,1915,6,1.0,141.69
15051,1915,3,12.0,105.44
15052,1996,6,2.0,146.86
15053,1996,9,1.0,146.86
15054,1996,3,12.0,146.86
15055,2002,3,5.0,144.66
15056,2002,15,1.0,144.66
15057,1948,9,1.0,192.35
15058,1980,3,12.0,9.68
15059,1950,3,1.0,116.02
15060,1950,3,12.0,75.98
15061,1950,3,1.0,117.46
15062,1976,21,1.0,1365.26
15063,1980,6,1.0,221.52
15064,1980,3,12.0,179.8
15065,1908,3,1.0,89.44
15066,1908,3,12.0,86.3
15067,1925,3,1.0,111.35
15068,1925,3,1.0,154.01
15069,1925,3,1.0,148.32
15070,1925,3,12.0,54.41
15071,1929,6,1.0,101.78
15072,1925,3,1.0,85.94
15073,1925,3,12.0,
15074,1929,6,1.0,132.25
15075,2007,15,1.0,676.53
15076,1936,3,5.0,68.8
15077,1954,9,1.0,68.8
15078,1945,3,5.0,66.22
15079,1945,12,1.0,66.22
15080,1942,3,1.0,64.65
15081,1942,3,12.0,54.96
15082,1927,3,1.0,65.46
15083,1997,15,1.0,135.15
15084,1924,3,1.0,136.32
15085,1940,3,1.0,137.38
15086,2003,3,5.0,145.31
15087,2003,15,1.0,145.31
15088,1999,15,1.0,146.95
15089,1929,6,1.0,141.28
15090,1923,3,12.0,118.62
15091,1930,6,1.0,78.89
15092,1940,6,1.0,111.47
15093,1999,6,1.0,120.56
15094,1940,3,12.0,97.38
15095,1915,6,1.0,71.04
15096,1935,3,1.0,71.96
15097,1884,3,1.0,108.08
15098,1884,3,12.0,108.08
15099,1992,9,1.0,72.69
15100,2020,18,1.0,190.15
15101,1940,12,1.0,194.9
15102,1940,3,5.0,184.68
15103,1940,3,12.0,184.68
15104,2021,9,1.0,76.79
15105,2021,3,12.0,61.47
15106,1945,3,1.0,192.12
15107,1945,3,12.0,148.07
15108,1945,9,1.0,415.18
15109,1940,3,1.0,112.65
15110,1940,6,1.0,129.29
15111,1940,3,12.0,81.83
15112,1940,3,1.0,73.82
15113,1940,3,12.0,154.36
15114,1945,6,5.0,392.89
15115,2019,9,1.0,71.38
15116,2019,3,12.0,71.38
15117,2020,15,1.0,107.42
15118,1959,3,1.0,75.62
15119,1940,6,1.0,91.27
15120,1940,9,1.0,88.04
15121,1940,3,12.0,75.87
15122,1940,6,1.0,109.16
15123,1940,6,1.0,95.5
15124,1940,3,12.0,64.74
15125,1940,6,1.0,86.58
15126,1880,6,1.0,89.38
15127,1880,3,12.0,70.82
15128,1884,6,1.0,109.6
15129,1940,3,1.0,100.47
15130,1911,3,1.0,85.67
15131,1945,6,1.0,95.11
15132,1995,3,3.0,185.55
15133,2007,3,5.0,544.47
15134,2007,15,1.0,282.17
15135,2008,9,1.0,450.99
15136,1997,6,5.0,326.7
15137,1997,3,3.0,58.19
15138,1944,3,5.0,126.5
15139,1944,9,1.0,113.76
15140,1998,3,5.0,271.92
15141,1998,15,1.0,268.28
15142,1955,9,1.0,158.12
15143,1955,3,12.0,113.7
15144,1989,9,1.0,99.98
15145,1950,9,1.0,92.41
15146,1880,3,12.0,54.03
15147,1900,9,1.0,105.86
15148,1900,6,1.0,95.41
15149,1900,3,12.0,79.71
15150,1900,6,1.0,77.38
15151,1900,3,5.0,134.48
15152,1900,6,1.0,134.48
15153,1900,9,1.0,86.2
15154,1900,3,11.0,56.32
15155,1900,3,12.0,37.77
15156,1900,3,5.0,134.58
15157,1900,6,1.0,98.83
15158,1939,9,1.0,138.65
15159,1900,12,8.0,306.04
15160,2013,3,12.0,306.04
15161,2001,3,5.0,949.09
15162,2001,12,1.0,783.41
15163,2002,3,8.0,172.81
15164,1997,3,5.0,2978.81
15165,1997,3,8.0,2578.27
15166,1997,24,1.0,1527.41
15167,1997,3,12.0,1344.11
15168,1990,3,5.0,257.97
15169,1990,9,1.0,257.83
15170,1947,9,1.0,128.8
15171,1947,6,12.0,97.38
15172,1940,3,5.0,82.76
15173,1940,9,1.0,76.15
15174,1940,3,12.0,54.41
15175,1940,3,8.0,93.57
15176,1940,12,1.0,90.94
15177,1938,3,3.0,83.78
15178,1938,6,1.0,70.9
15179,1938,3,12.0,61.74
15180,1954,3,5.0,140.28
15181,1954,3,1.0,140.28
15182,1950,3,1.0,67.44
15183,1950,3,12.0,67.44
15184,1950,3,1.0,83.39
15185,1925,6,1.0,198.0
15186,1904,6,1.0,83.49
15187,1960,3,5.0,101.06
15188,1960,3,1.0,87.36
15189,1979,15,2.0,180.26
15190,1949,9,1.0,101.54
15191,1949,12,1.0,113.45
15192,1943,3,5.0,181.58
15193,1963,9,1.0,157.61
15194,1911,3,5.0,77.47
15195,1911,9,1.0,77.47
15196,1940,3,5.0,84.34
15197,1940,9,1.0,64.11
15198,1940,3,12.0,57.76
15199,1924,3,5.0,76.77
15200,1924,3,1.0,76.77
15201,1959,9,1.0,103.55
15202,1924,3,5.0,99.85
15203,1924,6,1.0,63.14
15204,1934,6,1.0,115.97
15205,1965,15,1.0,156.12
15206,1910,6,1.0,81.75
15207,1945,3,1.0,86.35
15208,2005,9,1.0,182.73
15209,1938,9,1.0,99.99
15210,1938,3,12.0,84.83
15211,2010,3,5.0,546.05
15212,2010,15,1.0,313.47
15213,2016,3,5.0,264.02
15214,2016,9,1.0,183.14
15215,2016,9,10.0,79.21
15216,2016,3,11.0,
15217,2016,3,12.0,
15218,1900,3,5.0,183.17
15219,1900,12,1.0,181.45
15220,1900,9,5.0,127.33
15221,1969,15,1.0,260.72
15222,1900,3,5.0,138.57
15223,1900,9,1.0,138.57
15224,1900,3,5.0,304.68
15225,1900,3,5.0,77.79
15226,1900,6,2.0,77.79
15227,1900,3,5.0,116.73
15228,1900,9,1.0,116.73
15229,1900,6,12.0,110.04
15230,1980,12,1.0,465.15
15231,1949,6,1.0,147.18
15232,1949,6,12.0,95.36
15233,1962,3,1.0,185.79
15234,1962,3,9.0,107.02
15235,1954,3,4.0,246.25
15236,1927,3,5.0,153.48
15237,1927,9,1.0,132.62
15238,1927,6,1.0,129.51
15239,1961,3,5.0,182.51
15240,1961,3,1.0,103.18
15241,1930,3,2.0,145.02
15242,1930,3,12.0,125.79
15243,1976,21,1.0,426.19
15244,1976,21,9.0,218.69
15245,1946,9,1.0,142.66
15246,1943,9,1.0,121.89
15247,1954,6,1.0,135.06
15248,1955,3,8.0,165.69
15249,1955,12,1.0,133.36
15250,1955,6,12.0,109.55
15251,1962,9,1.0,299.26
15252,1969,3,5.0,155.0
15253,1969,3,1.0,148.23
15254,1969,3,5.0,244.26
15255,1969,3,1.0,135.65
15256,1965,3,5.0,257.44
15257,1965,6,1.0,119.88
15258,1960,3,5.0,244.26
15259,1960,12,2.0,244.26
15260,1947,3,1.0,92.24
15261,1962,3,5.0,183.07
15262,1962,3,1.0,134.71
15263,1962,3,12.0,
15264,1940,9,1.0,214.37
15265,1947,3,1.0,100.26
15266,2006,3,5.0,681.12
15267,2006,6,1.0,368.93
15268,2006,12,12.0,368.93
15269,1982,18,9.0,746.77
15270,1980,3,5.0,3835.01
15271,1980,3,9.0,2590.04
15272,1980,3,5.0,429.59
15273,1980,21,1.0,403.15
15274,1980,3,5.0,444.77
15275,1980,21,1.0,416.77
15276,1980,3,2.0,447.39
15277,1980,21,1.0,417.95
15278,1980,3,5.0,431.72
15279,1980,21,1.0,417.3
15280,1907,6,1.0,116.2
15281,1907,3,12.0,100.87
15282,1920,3,5.0,113.93
15283,1920,6,1.0,25.72
15284,1880,9,1.0,103.98
15285,1880,3,12.0,82.2
15286,1989,3,1.0,143.73
15287,1994,3,1.0,56.8
15288,1987,9,1.0,60.4
15289,1924,6,1.0,95.37
15290,1920,6,1.0,88.79
15291,2007,9,1.0,71.47
15292,1920,9,1.0,86.12
15293,1920,3,12.0,83.43
15294,1920,6,1.0,111.83
15295,1920,3,12.0,66.56
15296,1895,6,1.0,85.3
15297,2003,3,1.0,206.44
15298,2003,3,12.0,94.64
15299,1900,9,1.0,90.5
15300,1900,3,12.0,66.41
15301,1908,3,1.0,97.48
15302,1900,9,1.0,71.17
15303,1900,3,12.0,71.17
15304,1900,9,1.0,99.99
15305,1900,3,12.0,82.29
15306,2021,9,1.0,72.36
15307,2021,3,12.0,52.89
15308,1903,6,1.0,106.29
15309,1890,3,1.0,116.05
15310,1964,21,1.0,179.78
15311,1910,3,5.0,89.74
15312,1910,9,1.0,86.34
15313,1981,12,1.0,129.25
15314,1981,3,12.0,123.71
15315,1922,9,1.0,111.38
15316,1900,6,1.0,78.3
15317,1900,6,1.0,91.95
15318,1975,9,1.0,235.27
15319,1900,9,1.0,86.53
15320,1900,3,12.0,71.85
15321,1976,3,5.0,124.87
15322,1976,3,1.0,104.09
15323,1920,6,5.0,233.98
15324,1920,9,1.0,209.82
15325,1893,3,12.0,94.15
15326,1969,12,1.0,111.75
15327,1969,6,11.0,111.75
15328,1900,9,1.0,116.84
15329,1900,3,12.0,110.97
15330,1900,12,1.0,106.4
15331,1900,3,12.0,103.28
15332,1900,6,1.0,80.81
15333,1968,12,1.0,126.46
15334,1900,6,1.0,103.31
15335,1900,6,12.0,60.71
15336,1900,6,1.0,133.06
15337,1900,6,1.0,78.54
15338,1919,3,12.0,1204.57
15339,1984,3,4.0,16123.13
15340,1973,15,1.0,586.03
15341,1964,21,1.0,1002.35
15342,1998,6,1.0,316.46
15343,2002,12,1.0,707.01
15344,2002,15,1.0,518.95
15345,2002,15,1.0,512.06
15346,2002,12,1.0,235.62
15347,2001,27,1.0,592.96
15348,2001,18,1.0,556.1
15349,2001,6,1.0,571.7
15350,2001,6,1.0,309.77
15351,1913,3,3.0,5205.34
15352,1950,3,12.0,9.1
15353,1998,15,1.0,1710.02
15354,1999,12,1.0,676.6
15355,1991,3,1.0,50.11
15356,1930,9,1.0,97.19
15357,1930,3,11.0,92.26
15358,1930,6,12.0,46.6
15359,1930,3,1.0,105.46
15360,1930,3,1.0,96.65
15361,1930,3,12.0,63.27
15362,1930,3,1.0,100.1
15363,2001,3,1.0,69.91
15364,1960,9,1.0,103.61
15365,1930,3,11.0,69.7
15366,1930,3,12.0,51.64
15367,1952,6,1.0,93.94
15368,1930,3,1.0,95.27
15369,1930,3,1.0,106.27
15370,1930,3,12.0,81.91
15371,1982,3,1.0,109.73
15372,1930,3,1.0,89.13
15373,1930,3,1.0,117.87
15374,1930,9,1.0,75.38
15375,1930,3,12.0,75.38
15376,2004,3,1.0,329.66
15377,2004,3,12.0,329.66
15378,2023,21,1.0,535.97
15379,2023,6,12.0,453.78
15380,2012,18,1.0,310.03
15381,2012,6,12.0,305.06
15382,2005,9,1.0,142.89
15383,2013,6,12.0,136.7
15384,1930,3,12.0,78.07
15385,1973,9,1.0,180.51
15386,1930,3,1.0,150.86
15387,1920,3,1.0,92.94
15388,1989,3,1.0,116.76
15389,1989,3,12.0,116.76
15390,1920,6,1.0,102.86
15391,1930,9,1.0,137.16
15392,1930,3,12.0,92.61
15393,2006,12,1.0,122.9
15394,2006,3,12.0,122.9
15395,1930,9,1.0,67.71
15396,1930,3,12.0,67.71
15397,2019,3,5.0,77.21
15398,1930,3,1.0,56.91
15399,1930,3,12.0,
15400,1993,3,1.0,79.07
15401,1993,3,11.0,68.8
15402,1993,3,12.0,
15403,1930,3,5.0,72.96
15404,1930,3,1.0,
15405,1930,3,12.0,
15406,1930,3,1.0,92.9
15407,1930,3,12.0,92.9
15408,1930,3,12.0,74.31
15409,1930,6,1.0,152.88
15410,2001,3,1.0,107.57
15411,2002,9,1.0,360.23
15412,1981,18,1.0,347.53
15413,2006,6,12.0,308.9
15414,1960,12,1.0,240.33
15415,1950,3,1.0,179.65
15416,1988,3,5.0,289.84
15417,1988,9,1.0,262.68
15418,1975,3,5.0,160.28
15419,1975,12,1.0,144.57
15420,1986,3,1.0,79.72
15421,1996,9,1.0,180.27
15422,1994,3,12.0,180.27
15423,1985,3,1.0,254.43
15424,1970,3,12.0,118.39
15425,1965,3,1.0,113.31
15426,1974,9,1.0,137.18
15427,1940,3,12.0,88.86
15428,1951,3,1.0,108.08
15429,1958,3,1.0,103.69
15430,1978,3,1.0,154.69
15431,1965,9,1.0,92.41
15432,1989,6,1.0,173.27
15433,1945,3,3.0,533.03
15434,1998,9,1.0,386.05
15435,1986,3,1.0,70.39
15436,1986,3,1.0,76.76
15437,1987,3,1.0,73.96
15438,1986,3,1.0,73.33
15439,1988,3,1.0,73.89
15440,1988,3,1.0,73.97
15441,1988,3,1.0,72.59
15442,1987,3,1.0,72.91
15443,1965,6,1.0,199.98
15444,1965,6,12.0,192.08
15445,1968,3,5.0,307.24
15446,1993,6,1.0,182.91
15447,1960,3,12.0,94.83
15448,1989,12,1.0,450.6
15449,1989,9,12.0,430.72
15450,1987,12,1.0,360.63
15451,1987,3,9.0,356.7
15452,1987,3,12.0,356.7
15453,1975,3,3.0,37.5
15454,1986,3,5.0,491.69
15455,1986,3,2.0,465.13
15456,1986,9,1.0,465.13
15457,1987,9,1.0,232.82
15458,2007,6,1.0,110.13
15459,1969,3,1.0,64.61
15460,1975,9,1.0,91.61
15461,1975,6,12.0,81.03
15462,1960,3,1.0,184.68
15463,1960,3,1.0,110.82
15464,1955,9,1.0,435.57
15465,1955,3,12.0,131.65
15466,2001,9,1.0,224.88
15467,1920,3,3.0,226.5
15468,2020,9,1.0,155.51
15469,2020,3,11.0,75.97
15470,2020,3,12.0,66.44
15471,1972,3,1.0,126.54
15472,1950,3,3.0,153.63
15473,1950,9,1.0,113.02
15474,2010,9,1.0,118.19
15475,1987,6,1.0,151.65
15476,1996,3,1.0,91.25
15477,1993,9,1.0,236.86
15478,1970,15,1.0,726.86
15479,1979,6,1.0,147.18
15480,1979,6,12.0,129.36
15481,1979,6,1.0,133.59
15482,1979,6,1.0,226.81
15483,1979,3,12.0,104.63
15484,1971,6,1.0,86.47
15485,1984,3,1.0,110.56
15486,1979,3,11.0,96.1
15487,1981,6,12.0,15.3
15488,1979,3,1.0,141.86
15489,1979,3,12.0,64.82
15490,1954,6,1.0,190.68
15491,1954,3,12.0,80.97
15492,1988,9,1.0,415.23
15493,1960,3,1.0,95.48
15494,1924,3,1.0,85.61
15495,1924,3,12.0,17.51
15496,2004,6,1.0,651.92
15497,2004,3,9.0,399.29
15498,2004,3,12.0,336.07
15499,2022,12,1.0,438.45
15500,1924,3,1.0,553.36
15501,1924,3,12.0,83.88
15502,2020,6,1.0,77.79
15503,2020,3,12.0,69.2
15504,2021,9,1.0,159.14
15505,2021,3,10.0,159.14
15506,2021,3,11.0,
15507,2021,3,12.0,
15508,1976,3,5.0,269.16
15509,1976,21,1.0,260.13
15510,1965,3,1.0,45.38
15511,1963,3,5.0,59.43
15512,1963,3,1.0,59.43
15513,1986,15,1.0,421.72
15514,1980,15,1.0,208.72
15515,1980,3,1.0,101.94
15516,1980,9,1.0,313.62
15517,1980,6,5.0,2192.9
15518,1980,3,12.0,1007.03
15519,1980,9,1.0,274.21
15520,1980,9,1.0,407.12
15521,1980,9,1.0,507.26
15522,1984,3,12.0,15.2
15523,1973,3,5.0,7.14
15524,1973,3,2.0,7.14
15525,1973,3,12.0,7.14
15526,1955,3,1.0,115.12
15527,1962,12,1.0,115.35
15528,1954,3,12.0,94.87
15529,1953,3,1.0,135.04
15530,1929,3,1.0,141.98
15531,1929,3,1.0,97.7
15532,1929,3,1.0,98.14
15533,1929,3,1.0,95.5
15534,1929,6,1.0,91.95
15535,1929,3,12.0,86.54
15536,1929,3,1.0,128.34
15537,1944,3,1.0,157.28
15538,1958,3,1.0,147.4
15539,1979,6,1.0,140.57
15540,1992,3,12.0,70.44
15541,2004,6,1.0,103.99
15542,1975,6,1.0,133.17
15543,1955,3,1.0,146.95
15544,1929,3,1.0,139.24
15545,1965,3,1.0,201.49
15546,1925,6,1.0,168.44
15547,1925,6,12.0,91.16
15548,1963,3,9.0,77.8
15549,1925,3,3.0,81.99
15550,1987,6,1.0,180.01
15551,1929,3,1.0,199.49
15552,1990,3,1.0,71.51
15553,1914,3,1.0,212.61
15554,1914,3,5.0,95.09
15555,1981,6,1.0,122.57
15556,1981,3,12.0,60.0
15557,1932,3,1.0,110.53
15558,1991,3,1.0,56.78
15559,1965,3,1.0,60.52
15560,1965,3,1.0,53.32
15561,2000,6,1.0,1054.72
15562,2000,3,5.0,401.23
15563,2000,6,1.0,377.86
15564,1998,3,1.0,112.08
15565,2004,3,1.0,53.16
15566,2004,3,1.0,51.47
15567,2002,9,1.0,58.97
15568,2002,3,12.0,49.77
15569,2004,12,1.0,53.21
15570,2004,3,12.0,53.21
15571,1991,9,1.0,309.64
15572,2009,9,1.0,55.02
15573,2009,3,12.0,48.23
15574,2009,9,1.0,55.46
15575,2009,3,12.0,48.79
15576,1988,3,1.0,96.88
15577,1971,3,1.0,109.49
15578,1959,3,1.0,88.6
15579,1954,3,1.0,95.78
15580,1953,3,5.0,94.52
15581,1954,3,1.0,77.29
15582,1960,3,1.0,133.29
15583,2001,3,1.0,85.82
15584,2019,9,1.0,124.09
15585,2019,3,12.0,93.48
15586,1958,3,1.0,86.33
15587,1959,3,1.0,132.14
15588,1966,3,1.0,112.41
15589,1967,3,1.0,143.48
15590,2011,9,1.0,121.38
15591,2011,3,12.0,121.38
15592,1959,9,,125.23
15593,1914,9,1.0,111.37
15594,1914,3,12.0,70.26
15595,1914,9,1.0,133.82
15596,1914,3,11.0,83.32
15597,2020,3,12.0,14.29
15598,1920,3,1.0,147.96
15599,1929,6,1.0,169.34
15600,1950,6,1.0,162.62
15601,1940,3,11.0,80.0
15602,2012,3,12.0,
15603,2008,6,1.0,270.65
15604,1964,3,1.0,131.1
15605,1986,3,1.0,101.84
15606,1986,3,12.0,32.37
15607,1930,3,1.0,104.25
15608,1996,3,1.0,103.52
15609,1930,3,1.0,107.33
15610,1930,3,1.0,137.96
15611,1936,3,12.0,108.7
15612,1925,6,1.0,132.93
15613,1925,3,12.0,40.09
15614,1954,6,1.0,101.64
15615,1944,9,1.0,125.11
15616,1944,3,12.0,76.69
15617,1929,3,1.0,87.68
15618,1940,3,1.0,118.09
15619,1956,6,1.0,94.43
15620,1949,3,12.0,75.95
15621,1941,3,1.0,93.02
15622,1934,3,12.0,84.28
15623,1946,3,1.0,76.18
15624,2018,6,1.0,94.59
15625,2018,3,12.0,78.64
15626,1959,3,1.0,80.72
15627,1954,3,5.0,113.71
15628,1974,3,1.0,93.57
15629,1954,3,12.0,
15630,1978,3,1.0,109.72
15631,1949,3,12.0,71.79
15632,1969,3,1.0,110.48
15633,1990,3,1.0,100.68
15634,1986,3,12.0,40.0
15635,1931,3,1.0,75.81
15636,1998,3,1.0,77.09
15637,1998,3,1.0,80.73
15638,1958,3,1.0,105.45
15639,1958,3,12.0,
15640,1999,6,1.0,891.52
15641,1966,3,1.0,110.4
15642,2007,6,1.0,258.49
15643,2011,12,1.0,511.22
15644,2011,3,11.0,369.78
15645,2011,3,12.0,369.78
15646,2009,3,1.0,71.12
15647,1960,3,1.0,118.14
15648,1966,3,5.0,87.84
15649,1966,6,1.0,80.94
15650,1958,3,1.0,80.03
15651,1978,6,1.0,78.21
15652,1960,3,1.0,89.92
15653,1995,3,5.0,174.21
15654,1995,9,1.0,174.21
15655,1995,3,12.0,162.54
15656,1947,3,1.0,58.51
15657,1947,3,12.0,
15658,1966,3,1.0,79.73
15659,1960,6,1.0,75.44
15660,1960,6,12.0,66.75
15661,1945,3,1.0,74.3
15662,1945,3,12.0,58.3
15663,1955,3,1.0,78.14
15664,1950,6,1.0,59.25
15665,1950,3,12.0,31.46
15666,1970,3,1.0,75.98
15667,1970,3,12.0,71.7
15668,1958,3,1.0,75.65
15669,1954,3,1.0,77.03
15670,1960,3,1.0,23.65
15671,2008,6,1.0,161.46
15672,1975,3,1.0,75.56
15673,1957,3,5.0,77.25
15674,1965,3,1.0,62.69
15675,1965,3,12.0,11.35
15676,1953,3,1.0,76.32
15677,1953,3,12.0,71.73
15678,1953,9,1.0,74.32
15679,1953,3,11.0,44.91
15680,1956,3,1.0,70.71
15681,1956,3,12.0,23.85
15682,1960,3,1.0,78.6
15683,1960,3,12.0,10.65
15684,1961,3,1.0,76.18
15685,1961,3,12.0,70.99
15686,1962,3,1.0,77.62
15687,1960,3,1.0,67.74
15688,1920,3,1.0,67.45
15689,1964,3,1.0,92.52
15690,1966,6,1.0,119.14
15691,1965,3,1.0,159.12
15692,1964,3,1.0,168.94
15693,1964,3,1.0,200.76
15694,1972,9,1.0,179.72
15695,1966,3,12.0,155.93
15696,1961,3,1.0,68.05
15697,1970,9,1.0,81.33
15698,1970,3,9.0,81.33
15699,1971,3,1.0,131.6
15700,1972,3,12.0,89.54
15701,1964,3,1.0,125.94
15702,2000,9,1.0,79.32
15703,1999,3,12.0,79.32
15704,1968,9,1.0,68.78
15705,1966,3,1.0,98.07
15706,1968,6,1.0,165.37
15707,1968,6,12.0,165.37
15708,1964,6,1.0,124.9
15709,1964,3,12.0,107.68
15710,1966,3,5.0,100.9
15711,1974,3,1.0,100.9
15712,1988,3,1.0,89.25
15713,1988,3,12.0,76.12
15714,1980,9,1.0,149.55
15715,1966,3,11.0,149.55
15716,1966,6,12.0,32.33
15717,1967,3,1.0,81.68
15718,1955,3,1.0,151.64
15719,1954,3,1.0,132.51
15720,1949,6,1.0,133.88
15721,1946,3,1.0,147.35
15722,1967,6,1.0,127.69
15723,1959,6,12.0,78.89
15724,1954,3,1.0,139.31
15725,1954,3,12.0,107.76
15726,1974,6,1.0,95.56
15727,1969,3,1.0,109.49
15728,1966,3,1.0,99.32
15729,1966,3,12.0,93.98
15730,1980,3,1.0,142.65
15731,1959,3,1.0,82.28
15732,1966,3,1.0,200.62
15733,1976,3,5.0,735.7
15734,1976,3,12.0,
15735,1970,3,12.0,1037.3
15736,1976,3,12.0,1045.76
15737,1976,3,12.0,1012.61
15738,1976,3,12.0,266.68
15739,1988,3,2.0,862.42
15740,1988,3,12.0,802.8
15741,1970,3,12.0,806.6
15742,1976,3,12.0,266.68
15743,1970,3,12.0,798.91
15744,1970,3,12.0,264.22
15745,1970,3,12.0,264.22
15746,1979,3,3.0,2683.61
15747,2011,3,2.0,41.22
15748,1979,3,12.0,1183.43
15749,1978,3,5.0,2420.67
15750,1978,3,3.0,126.88
15751,1978,3,2.0,
15752,1978,3,12.0,
15753,1979,3,3.0,625.3
15754,1979,3,12.0,871.93
15755,1990,3,12.0,285.57
15756,1974,3,12.0,887.91
15757,1974,3,12.0,815.69
15758,1974,3,12.0,11.71
15759,1974,3,3.0,671.31
15760,1974,3,2.0,783.11
15761,1974,3,12.0,
15762,1988,3,3.0,571.51
15763,2008,3,2.0,172.85
15764,1987,3,3.0,319.93
15765,1987,3,3.0,263.15
15766,1987,3,3.0,286.69
15767,1986,3,3.0,2704.83
15768,1994,3,2.0,329.74
15769,1995,3,12.0,996.11
15770,1990,3,5.0,2242.74
15771,1990,3,8.0,1691.19
15772,1990,3,2.0,1684.59
15773,1990,9,1.0,1684.59
15774,1991,3,1.0,592.54
15775,2001,9,1.0,1501.21
15776,1964,6,2.0,583.61
15777,1964,3,12.0,578.06
15778,1997,6,1.0,431.8
15779,1935,3,1.0,107.37
15780,2006,9,1.0,131.31
15781,1934,3,1.0,124.51
15782,1935,3,1.0,125.13
15783,1992,3,1.0,103.13
15784,1992,9,1.0,1248.49
15785,2004,9,1.0,1066.22
15786,2004,6,12.0,1050.03
15787,1953,6,1.0,92.28
15788,1934,3,1.0,139.84
15789,1935,9,1.0,165.64
15790,1935,3,11.0,165.64
15791,1935,6,12.0,150.17
15792,1965,9,1.0,98.62
15793,1965,6,12.0,70.48
15794,1910,6,1.0,122.7
15795,1910,6,12.0,88.06
15796,1962,6,1.0,100.81
15797,1962,6,12.0,86.05
15798,2021,3,1.0,78.95
15799,1956,6,1.0,95.38
15800,1920,3,11.0,71.49
15801,1923,6,1.0,108.67
15802,1923,6,12.0,97.61
15803,1922,3,1.0,119.47
15804,1925,3,1.0,123.37
15805,1925,3,12.0,123.37
15806,1931,3,1.0,102.61
15807,1953,3,1.0,120.1
15808,1936,3,1.0,168.67
15809,1936,3,12.0,
15810,1885,3,1.0,106.36
15811,1915,3,1.0,81.9
15812,1915,6,12.0,
15813,1989,6,1.0,107.14
15814,1989,3,12.0,66.89
15815,1942,3,1.0,57.0
15816,1936,3,1.0,101.33
15817,1937,3,1.0,137.54
15818,1960,3,1.0,130.56
15819,1940,3,1.0,100.75
15820,1940,3,12.0,86.25
15821,1936,3,5.0,393.47
15822,1936,6,2.0,336.72
15823,1936,9,1.0,
15824,1936,3,11.0,
15825,1936,6,12.0,
15826,1994,3,5.0,276.37
15827,1994,9,1.0,117.4
15828,1900,3,1.0,151.6
15829,1900,3,1.0,93.34
15830,1976,6,5.0,122.76
15831,1976,6,12.0,122.76
15832,1920,3,5.0,100.2
15833,1920,6,1.0,65.8
15834,1920,3,12.0,
15835,1960,3,1.0,166.36
15836,1960,3,12.0,166.36
15837,1976,9,1.0,177.81
15838,1976,6,12.0,133.71
15839,1920,6,1.0,254.67
15840,1931,6,1.0,121.71
15841,1931,6,1.0,128.75
15842,1928,3,1.0,93.88
15843,1935,3,1.0,104.09
15844,1920,3,12.0,186.41
15845,1930,3,5.0,122.32
15846,1965,3,1.0,75.67
15847,1953,3,1.0,100.55
15848,2004,3,5.0,450.82
15849,2004,3,1.0,450.82
15850,2004,3,12.0,450.82
15851,1910,3,12.0,52.5
15852,1910,3,1.0,114.75
15853,1910,3,12.0,98.37
15854,2021,3,5.0,471.93
15855,2021,15,1.0,471.93
15856,2021,6,12.0,471.93
15857,1960,6,2.0,100.28
15858,1960,3,1.0,93.34
15859,2020,3,12.0,82.77
15860,1960,3,1.0,85.09
15861,1960,3,3.0,171.46
15862,1960,3,1.0,91.35
15863,1998,18,2.0,1292.54
15864,1998,6,12.0,1280.94
15865,2011,6,2.0,891.07
15866,2011,6,,658.46
15867,2011,6,1.0,451.5
15868,2011,15,12.0,242.44
15869,2012,3,1.0,2485.35
15870,1953,3,9.0,2243.42
15871,2016,3,11.0,1178.32
15872,2016,9,12.0,561.83
15873,1965,3,5.0,397.2
15874,1965,9,2.0,378.32
15875,1965,9,1.0,321.65
15876,1965,3,5.0,376.81
15877,1965,12,1.0,342.22
15878,1965,3,12.0,290.72
15879,1968,6,5.0,903.13
15880,1968,21,1.0,484.12
15881,1920,3,1.0,160.53
15882,1920,3,12.0,154.53
15883,1936,9,1.0,94.21
15884,2015,9,1.0,163.92
15885,2015,3,10.0,121.04
15886,2015,3,11.0,103.26
15887,2015,3,12.0,
15888,1980,3,3.0,821.42
15889,2004,9,1.0,218.04
15890,1890,3,5.0,206.35
15891,1890,12,1.0,201.19
15892,1890,3,12.0,127.3
15893,1973,3,5.0,397.08
15894,1973,3,1.0,382.28
15895,1973,3,12.0,23.29
15896,1936,3,2.0,153.53
15897,1936,3,1.0,150.62
15898,1935,6,1.0,178.09
15899,1935,3,11.0,131.54
15900,1895,3,5.0,95.99
15901,1895,6,1.0,90.48
15902,1900,3,1.0,97.59
15903,1935,3,8.0,120.27
15904,1935,3,1.0,79.62
15905,1900,3,1.0,106.32
15906,1977,15,9.0,298.54
15907,1977,3,12.0,252.46
15908,2003,15,5.0,158.56
15909,1900,3,12.0,159.52
15910,1977,3,2.0,211.12
15911,1978,3,2.0,120.62
15912,1978,6,1.0,120.62
15913,1987,3,5.0,1036.18
15914,1987,6,1.0,1004.91
15915,1959,3,1.0,186.79
15916,1968,3,5.0,470.77
15917,1968,9,1.0,437.7
15918,1968,3,12.0,437.7
15919,1959,3,2.0,162.64
15920,1959,6,1.0,127.59
15921,1959,3,5.0,132.47
15922,1959,3,1.0,115.37
15923,1959,3,1.0,207.66
15924,1959,6,1.0,178.61
15925,1959,3,2.0,296.46
15926,1959,3,1.0,122.71
15927,1970,21,1.0,269.56
15928,1959,6,5.0,142.36
15929,1959,15,1.0,129.17
15930,1959,9,1.0,151.85
15931,1959,3,5.0,90.38
15932,1959,3,1.0,90.38
15933,1959,3,12.0,90.38
15934,1959,18,1.0,1158.29
15935,1959,3,12.0,869.96
15936,1959,15,1.0,388.47
15937,1959,3,5.0,857.97
15938,1959,9,1.0,408.12
15939,1959,3,12.0,217.67
15940,1955,3,2.0,441.38
15941,1955,24,1.0,411.22
15942,1936,3,2.0,158.72
15943,1936,3,12.0,145.83
15944,1936,3,1.0,152.59
15945,2023,3,2.0,440.92
15946,2006,6,1.0,418.54
15947,2006,3,10.0,418.54
15948,1936,6,1.0,363.77
15949,1936,6,8.0,175.05
15950,1936,12,1.0,115.68
15951,1936,3,5.0,170.2
15952,1936,3,2.0,170.2
15953,1936,9,1.0,166.32
15954,1936,6,12.0,166.32
15955,1936,12,1.0,411.12
15956,1957,3,5.0,100.07
15957,1936,3,5.0,57.77
15958,1936,3,12.0,57.77
15959,1936,9,1.0,113.82
15960,1880,3,5.0,144.12
15961,2022,12,1.0,78.32
15962,1936,6,2.0,163.01
15963,1936,3,1.0,88.57
15964,1936,3,5.0,137.64
15965,1936,12,2.0,119.77
15966,1936,6,5.0,141.66
15967,1969,6,1.0,114.27
15968,1936,3,5.0,114.34
15969,1936,6,1.0,114.34
15970,1936,3,5.0,106.53
15971,1957,3,1.0,79.53
15972,1936,3,5.0,148.14
15973,1936,3,12.0,108.1
15974,1961,6,5.0,209.7
15975,1961,21,1.0,205.66
15976,1947,3,5.0,266.06
15977,2000,6,2.0,266.06
15978,2000,3,1.0,256.8
15979,1968,3,2.0,153.4
15980,1968,15,1.0,153.4
15981,1950,21,1.0,254.25
15982,1943,3,1.0,230.53
15983,1936,3,5.0,2381.08
15984,1995,12,1.0,1736.3
15985,1936,12,12.0,397.08
15986,1968,12,1.0,37.17
15987,1968,3,9.0,89.18
15988,1945,6,1.0,293.68
15989,1957,15,1.0,577.6
15990,1957,3,12.0,544.56
15991,2021,6,1.0,120.64
15992,2021,3,11.0,87.27
15993,2021,3,12.0,
15994,1993,3,5.0,111.61
15995,1993,9,1.0,81.97
15996,1993,3,12.0,81.97
15997,1990,9,5.0,85.52
15998,1942,3,5.0,146.44
15999,1942,3,1.0,78.07
16000,1942,3,5.0,141.54
16001,1942,3,3.0,124.97
16002,1942,3,5.0,102.55
16003,1942,9,5.0,126.49
16004,1942,3,11.0,117.37
16005,1942,3,5.0,175.5
16006,1942,9,1.0,147.55
16007,1954,6,5.0,888.22
16008,1963,3,2.0,777.59
16009,1963,24,1.0,733.54
16010,1986,3,5.0,651.28
16011,1986,9,1.0,525.92
16012,2000,3,5.0,209.39
16013,2000,3,7.0,209.39
16014,2000,9,1.0,209.39
16015,1960,3,5.0,180.42
16016,1960,3,1.0,177.91
16017,1942,9,2.0,124.84
16018,1942,3,12.0,86.49
16019,1960,6,1.0,330.04
16020,2011,9,1.0,209.82
16021,2011,3,12.0,191.5
16022,1960,9,1.0,94.46
16023,1960,12,5.0,195.59
16024,2024,3,8.0,195.59
16025,1960,3,1.0,156.09
16026,1962,9,1.0,225.77
16027,1960,3,5.0,155.96
16028,1960,3,2.0,126.99
16029,2022,12,1.0,126.99
16030,1942,3,2.0,310.09
16031,1942,9,1.0,238.43
16032,1942,6,11.0,234.55
16033,1942,3,5.0,104.63
16034,1942,3,2.0,104.63
16035,1942,3,5.0,102.22
16036,1942,3,1.0,87.43
16037,1985,3,8.0,384.31
16038,1985,12,1.0,384.31
16039,1985,3,5.0,301.95
16040,1985,3,8.0,255.15
16041,1985,9,1.0,255.15
16042,1985,3,5.0,345.18
16043,1985,9,1.0,249.88
16044,1985,9,12.0,249.88
16045,1986,3,5.0,767.93
16046,1986,3,8.0,767.93
16047,1986,9,1.0,742.92
16048,1991,3,5.0,556.59
16049,1991,6,1.0,373.47
16050,1991,3,12.0,373.47
16051,1999,3,9.0,17.44
16052,1900,3,5.0,3207.74
16053,1900,3,11.0,1870.48
16054,1900,3,12.0,
16055,1900,3,1.0,231.84
16056,1900,3,12.0,231.84
16057,1900,3,1.0,73.93
16058,1900,3,1.0,62.65
16059,1900,3,1.0,73.91
16060,2006,6,1.0,111.61
16061,2003,3,12.0,106.53
16062,1900,3,1.0,97.99
16063,1900,3,1.0,105.28
16064,1900,3,12.0,57.91
16065,1977,6,1.0,321.86
16066,1997,3,12.0,252.14
16067,1977,9,1.0,607.24
16068,1900,3,5.0,87.74
16069,1900,3,1.0,78.84
16070,1998,3,5.0,99.76
16071,1998,3,1.0,62.56
16072,1900,3,5.0,106.46
16073,1900,3,1.0,77.7
16074,1940,3,5.0,127.96
16075,1940,12,1.0,110.27
16076,1925,3,5.0,120.99
16077,1925,3,1.0,90.19
16078,1900,3,1.0,61.98
16079,1900,3,5.0,84.91
16080,1900,3,1.0,69.97
16081,1889,3,1.0,213.87
16082,1900,3,1.0,64.98
16083,1900,3,12.0,56.19
16084,1880,3,1.0,89.36
16085,1880,3,1.0,106.73
16086,1880,3,12.0,75.35
16087,1900,3,1.0,119.32
16088,1900,3,1.0,90.27
16089,1880,3,1.0,126.22
16090,1900,3,1.0,67.64
16091,1961,9,1.0,71.33
16092,2000,3,1.0,39.9
16093,2009,9,1.0,95.02
16094,2009,3,12.0,95.02
16095,1954,6,1.0,91.97
16096,1910,3,1.0,100.67
16097,2014,9,1.0,172.22
16098,2014,3,10.0,172.22
16099,2014,3,11.0,130.79
16100,2014,6,12.0,26.25
16101,1984,3,1.0,162.69
16102,1997,6,1.0,1451.38
16103,1999,6,1.0,607.94
16104,1971,3,2.0,290.95
16105,1971,12,1.0,275.74
16106,1990,3,1.0,207.86
16107,1985,3,1.0,107.49
16108,1945,3,12.0,43.27
16109,1900,3,5.0,55.48
16110,1900,3,1.0,32.22
16111,2004,6,1.0,79.69
16112,1900,3,1.0,107.99
16113,1998,3,1.0,88.68
16114,1900,6,1.0,126.94
16115,1900,3,12.0,89.66
16116,1900,3,1.0,119.05
16117,1900,3,1.0,107.36
16118,1900,3,1.0,111.22
16119,1900,3,12.0,80.43
16120,1900,3,1.0,109.73
16121,1900,3,12.0,96.74
16122,1959,9,1.0,71.39
16123,1900,3,1.0,125.47
16124,1900,3,1.0,73.25
16125,1900,3,1.0,101.23
16126,1900,3,1.0,82.9
16127,1960,3,1.0,112.04
16128,1900,3,1.0,81.38
16129,1900,3,1.0,97.26
16130,1964,12,1.0,70.99
16131,1900,3,5.0,173.99
16132,1900,3,1.0,121.29
16133,1900,3,1.0,85.1
16134,1900,3,12.0,65.03
16135,1900,3,1.0,95.35
16136,1940,3,1.0,92.71
16137,2017,9,1.0,153.89
16138,2017,3,10.0,113.69
16139,2017,3,11.0,113.69
16140,2017,3,12.0,
16141,1900,3,1.0,95.0
16142,1900,9,1.0,95.16
16143,1900,3,12.0,54.6
16144,1900,3,1.0,103.12
16145,1900,3,12.0,73.59
16146,1900,3,1.0,128.79
16147,1900,3,1.0,85.79
16148,1997,12,1.0,186.54
16149,1997,3,12.0,127.12
16150,1980,3,1.0,143.99
16151,2017,9,1.0,420.31
16152,2017,3,12.0,420.31
16153,2004,6,1.0,115.26
16154,2004,3,12.0,89.24
16155,1900,3,1.0,107.5
16156,1900,3,1.0,171.14
16157,1900,3,3.0,3949.1
16158,1900,3,3.0,1939.53
16159,1900,3,1.0,50.16
16160,1900,3,1.0,47.24
16161,1900,3,1.0,55.98
16162,1900,3,1.0,52.95
16163,1900,3,1.0,43.93
16164,1900,3,1.0,50.81
16165,1900,3,1.0,76.89
16166,1928,3,1.0,207.51
16167,1928,6,1.0,106.97
16168,1921,6,10.0,1061.92
16169,1921,3,12.0,1061.92
16170,1949,6,4.0,778.76
16171,1949,6,3.0,778.76
16172,1935,3,4.0,168.72
16173,1935,3,3.0,98.61
16174,1935,9,12.0,24.8
16175,1940,3,12.0,775.57
16176,1919,3,12.0,577.88
16177,1940,3,3.0,158.19
16178,1940,3,1.0,77.41
16179,1941,3,2.0,581.71
16180,1941,3,12.0,575.43
16181,1919,3,1.0,296.09
16182,1919,3,12.0,158.98
16183,1939,3,3.0,300.42
16184,1994,3,10.0,2699.17
16185,1993,3,12.0,2699.17
16186,2000,3,5.0,771.18
16187,2000,6,10.0,771.18
16188,1962,3,12.0,11.49
16189,1946,3,12.0,282.41
16190,1941,3,12.0,296.66
16191,2008,3,3.0,293.19
16192,1926,6,1.0,312.87
16193,1984,9,12.0,227.42
16194,2020,3,3.0,288.13
16195,2020,3,2.0,201.56
16196,2013,3,11.0,478.41
16197,2006,3,12.0,
16198,2007,12,1.0,634.31
16199,1950,3,1.0,172.28
16200,1957,3,1.0,131.27
16201,1983,3,1.0,172.44
16202,1983,3,12.0,111.97
16203,1934,3,1.0,142.19
16204,1945,9,1.0,130.99
16205,1945,3,11.0,111.96
16206,1945,3,12.0,43.85
16207,1955,3,1.0,179.15
16208,2017,6,1.0,126.34
16209,2017,3,10.0,91.44
16210,2017,3,12.0,
16211,1957,3,5.0,78.08
16212,1975,3,1.0,78.08
16213,1955,3,5.0,161.17
16214,1955,3,3.0,161.17
16215,1943,3,1.0,138.61
16216,1967,3,1.0,154.5
16217,1953,3,1.0,113.85
16218,1952,3,5.0,134.2
16219,1952,3,1.0,109.27
16220,1951,3,1.0,184.24
16221,1948,3,1.0,61.51
16222,1955,3,8.0,163.16
16223,1955,3,1.0,149.18
16224,1950,3,1.0,167.3
16225,1955,6,1.0,165.13
16226,1940,3,1.0,134.75
16227,1997,3,3.0,289.87
16228,2003,12,1.0,458.96
16229,2009,12,1.0,133.38
16230,2010,6,5.0,1073.0
16231,2010,15,1.0,760.97
16232,2010,6,12.0,760.97
16233,2023,6,1.0,112.59
16234,2023,3,12.0,112.59
16235,1950,3,8.0,223.04
16236,1950,6,1.0,216.47
16237,1974,3,1.0,121.68
16238,1974,3,12.0,121.68
16239,1964,3,1.0,113.16
16240,1945,3,1.0,106.25
16241,1940,3,1.0,122.05
16242,1965,3,1.0,107.92
16243,1932,3,1.0,120.49
16244,1930,3,1.0,109.15
16245,2001,3,1.0,109.56
16246,2001,3,12.0,78.35
16247,2018,12,1.0,175.52
16248,2018,3,10.0,121.9
16249,2018,6,12.0,109.81
16250,1952,3,5.0,205.49
16251,1994,15,1.0,205.49
16252,1955,3,1.0,126.44
16253,1949,3,1.0,140.38
16254,1940,3,1.0,142.84
16255,1930,3,5.0,201.12
16256,1965,12,12.0,137.81
16257,2013,15,1.0,99.34
16258,2013,3,12.0,79.91
16259,1930,6,1.0,142.29
16260,1930,3,12.0,91.61
16261,1920,3,1.0,118.73
16262,1916,3,12.0,89.39
16263,1945,3,1.0,122.01
16264,1940,3,1.0,151.86
16265,1940,3,1.0,170.29
16266,2004,6,1.0,132.02
16267,1934,3,1.0,106.88
16268,2014,9,1.0,127.35
16269,2018,3,10.0,74.13
16270,2014,3,12.0,31.09
16271,1925,3,1.0,96.44
16272,1920,6,1.0,169.93
16273,1920,6,12.0,92.42
16274,1930,3,1.0,109.85
16275,2013,9,1.0,62.81
16276,1920,3,1.0,104.5
16277,1956,3,1.0,109.56
16278,1990,3,1.0,125.71
16279,1945,6,1.0,123.18
16280,1955,3,1.0,116.05
16281,1950,6,1.0,98.42
16282,1940,3,1.0,93.84
16283,1995,3,1.0,119.36
16284,2001,9,1.0,430.36
16285,1956,3,1.0,244.24
16286,2012,15,1.0,350.5
16287,2012,6,12.0,276.92
16288,1999,3,2.0,263.29
16289,1996,9,1.0,155.07
16290,1999,3,10.0,155.07
16291,1965,3,12.0,
16292,2022,3,1.0,94.82
16293,1920,3,12.0,6.3
16294,2022,3,1.0,72.87
16295,1920,3,12.0,33.28
16296,2022,3,1.0,84.25
16297,1920,3,12.0,33.53
16298,1915,3,1.0,109.55
16299,2019,12,1.0,53.19
16300,2019,3,12.0,53.19
16301,1973,3,1.0,93.12
16302,1973,3,12.0,79.14
16303,1968,9,1.0,67.8
16304,2017,3,10.0,52.95
16305,1968,6,12.0,47.12
16306,1956,3,1.0,173.82
16307,1945,3,1.0,120.58
16308,1910,3,1.0,136.36
16309,2004,12,1.0,134.81
16310,2004,3,12.0,54.43
16311,1990,3,1.0,90.7
16312,1990,9,1.0,215.51
16313,1910,3,1.0,108.61
16314,1910,3,12.0,91.98
16315,1915,3,1.0,77.93
16316,1915,3,1.0,90.08
16317,1915,3,1.0,86.41
16318,1915,3,1.0,64.97
16319,1915,3,1.0,83.71
16320,1915,3,1.0,79.13
16321,1915,3,1.0,96.2
16322,2001,9,1.0,215.78
16323,2004,3,1.0,379.23
16324,2004,3,12.0,330.94
16325,2020,9,1.0,66.66
16326,2020,3,12.0,53.92
16327,2020,9,1.0,85.4
16328,2020,3,12.0,69.11
16329,2001,3,5.0,417.71
16330,2001,9,1.0,417.71
16331,2006,6,1.0,174.61
16332,2006,15,1.0,142.63
16333,1920,3,5.0,202.72
16334,1920,3,1.0,185.02
16335,1920,3,5.0,130.13
16336,1920,6,1.0,76.21
16337,1920,3,12.0,
16338,2001,9,1.0,187.19
16339,2004,3,5.0,263.04
16340,2004,3,1.0,255.47
16341,2004,3,12.0,255.47
16342,2006,9,1.0,496.1
16343,2024,3,5.0,365.01
16344,2017,12,1.0,334.84
16345,1988,9,11.0,219.03
16346,2018,3,12.0,123.28
16347,1945,3,5.0,140.49
16348,1945,3,2.0,140.49
16349,1962,3,5.0,115.41
16350,1962,12,1.0,115.41
16351,1931,3,1.0,132.82
16352,1931,3,12.0,132.82
16353,1930,3,12.0,41.96
16354,1930,3,1.0,111.52
16355,1930,3,1.0,101.15
16356,1930,3,1.0,92.53
16357,1950,3,1.0,117.66
16358,1934,3,1.0,82.2
16359,1996,3,1.0,94.4
16360,1990,3,5.0,257.02
16361,1990,3,1.0,168.19
16362,1934,3,12.0,81.45
16363,1968,18,1.0,534.42
16364,1958,3,4.0,1465.78
16365,1991,6,1.0,111.72
16366,1950,3,12.0,82.04
16367,1982,15,1.0,543.69
16368,1952,3,1.0,129.28
16369,1965,3,12.0,154.55
16370,1928,3,1.0,191.75
16371,1928,3,12.0,75.66
16372,1940,3,1.0,199.18
16373,2000,9,1.0,93.5
16374,2000,3,11.0,79.18
16375,2000,6,12.0,79.18
16376,1925,6,1.0,117.18
16377,1925,3,12.0,92.63
16378,1928,3,1.0,118.22
16379,1940,3,1.0,94.13
16380,1945,3,1.0,33.07
16381,1941,3,1.0,115.79
16382,1978,3,1.0,153.51
16383,1970,3,1.0,239.94
16384,1970,6,1.0,136.03
16385,1979,12,1.0,471.01
16386,1996,12,1.0,422.72
16387,1929,3,5.0,157.96
16388,1929,6,1.0,120.4
16389,1929,3,12.0,
16390,2007,9,1.0,897.52
16391,1969,24,1.0,184.46
16392,1991,15,1.0,108.27
16393,2008,15,1.0,90.21
16394,2008,3,12.0,78.85
16395,1978,18,1.0,220.84
16396,1981,18,1.0,489.12
16397,1964,6,1.0,185.92
16398,1940,6,1.0,347.45
16399,1974,24,1.0,1278.9
16400,1976,21,1.0,532.29
16401,1978,3,5.0,558.19
16402,1978,21,1.0,508.88
16403,1962,3,1.0,87.86
16404,1962,3,12.0,81.29
16405,1962,3,1.0,158.53
16406,1930,3,1.0,124.03
16407,1930,3,1.0,108.21
16408,2020,6,1.0,118.76
16409,2020,3,12.0,80.04
16410,1935,3,1.0,131.64
16411,1930,3,1.0,118.73
16412,1938,3,1.0,155.53
16413,1955,6,1.0,108.4
16414,1950,3,1.0,115.48
16415,1942,9,1.0,109.48
16416,1955,3,5.0,388.04
16417,1955,3,12.0,388.04
16418,1925,3,1.0,106.34
16419,1950,3,1.0,83.6
16420,1930,3,5.0,111.63
16421,1930,3,1.0,81.97
16422,1936,3,5.0,92.55
16423,1936,6,1.0,84.93
16424,1936,3,11.0,84.93
16425,1936,3,12.0,
16426,1988,9,1.0,512.18
16427,1950,3,1.0,227.64
16428,1945,6,1.0,113.94
16429,1945,6,11.0,40.16
16430,1945,3,12.0,
16431,1945,3,5.0,134.19
16432,1945,3,1.0,116.39
16433,1940,3,5.0,110.4
16434,1940,6,1.0,107.8
16435,2011,9,1.0,246.49
16436,2000,3,11.0,181.7
16437,2000,3,12.0,16.88
16438,1920,3,1.0,111.48
16439,2002,6,1.0,79.59
16440,2006,3,1.0,134.47
16441,1936,3,12.0,52.34
16442,1945,3,1.0,111.86
16443,1977,21,1.0,409.89
16444,1982,18,1.0,380.52
16445,1993,12,1.0,263.29
16446,1979,21,1.0,491.17
16447,1944,3,1.0,111.44
16448,1925,3,1.0,98.6
16449,1925,3,12.0,70.26
16450,2023,6,1.0,140.92
16451,1932,3,12.0,99.88
16452,1930,3,1.0,102.41
16453,1930,3,1.0,108.41
16454,1930,6,1.0,94.13
16455,1982,3,1.0,133.46
16456,1978,15,1.0,249.29
16457,2007,9,1.0,66.72
16458,1945,3,1.0,59.05
16459,1930,9,1.0,136.38
16460,1930,9,12.0,128.15
16461,1932,3,1.0,117.76
16462,1932,3,12.0,101.02
16463,2007,12,1.0,149.47
16464,2007,3,12.0,66.64
16465,1930,3,1.0,120.9
16466,1970,3,1.0,130.85
16467,1943,3,12.0,106.9
16468,1940,6,1.0,106.63
16469,1976,6,1.0,108.64
16470,1960,9,1.0,141.37
16471,1960,6,12.0,98.76
16472,1973,15,1.0,369.84
16473,2004,3,5.0,518.57
16474,2004,15,1.0,214.15
16475,2005,6,1.0,329.35
16476,2023,9,1.0,79.38
16477,2023,3,12.0,66.14
16478,1940,6,1.0,95.65
16479,1980,21,1.0,374.26
16480,1978,3,12.0,25.77
16481,1975,3,10.0,1968.71
16482,2020,3,8.0,10989.21
16483,1977,3,10.0,2070.78
16484,1975,3,11.0,
16485,1983,18,1.0,746.67
16486,1997,3,1.0,54.02
16487,2004,9,10.0,2867.52
16488,1995,3,1.0,50.67
16489,1995,3,1.0,51.09
16490,1999,3,1.0,51.76
16491,2004,9,1.0,87.25
16492,2001,3,1.0,101.44
16493,1997,3,1.0,86.82
16494,1999,12,1.0,93.92
16495,1999,3,12.0,56.72
16496,2002,3,1.0,99.83
16497,1994,3,1.0,108.67
16498,2010,9,1.0,94.99
16499,2010,3,12.0,51.02
16500,2008,3,1.0,97.3
16501,1997,3,1.0,87.83
16502,1998,3,1.0,87.98
16503,2001,9,1.0,87.25
16504,1992,3,12.0,26.42
16505,2001,3,1.0,144.63
16506,1997,6,1.0,157.67
16507,1997,3,12.0,95.81
16508,1997,6,1.0,84.25
16509,1959,6,1.0,84.27
16510,1959,9,1.0,127.28
16511,1955,6,1.0,133.38
16512,1970,3,1.0,87.42
16513,2012,6,1.0,107.07
16514,2012,3,11.0,48.53
16515,1954,6,12.0,
16516,1959,6,1.0,96.41
16517,1963,3,1.0,93.19
16518,1954,3,1.0,135.56
16519,1952,3,1.0,135.55
16520,1972,3,1.0,92.35
16521,1999,3,1.0,88.15
16522,1966,6,1.0,101.22
16523,1954,3,1.0,92.81
16524,1958,3,1.0,100.78
16525,1959,3,1.0,129.86
16526,1954,3,1.0,80.53
16527,1959,3,1.0,32.79
16528,1954,3,1.0,116.25
16529,1954,3,1.0,138.76
16530,1995,3,1.0,108.16
16531,2016,6,1.0,76.49
16532,2016,3,12.0,62.36
16533,1954,3,1.0,77.68
16534,1960,3,1.0,134.18
16535,1999,9,1.0,1133.46
16536,1999,9,12.0,1117.11
16537,2020,9,1.0,111.48
16538,2020,3,10.0,111.48
16539,2020,3,11.0,74.21
16540,2020,3,12.0,
16541,1998,3,1.0,116.52
16542,2001,9,1.0,111.13
16543,2001,3,10.0,89.39
16544,2001,3,11.0,
16545,2001,3,12.0,
16546,2005,3,1.0,110.22
16547,1999,3,1.0,108.3
16548,2002,3,1.0,128.65
16549,2000,3,1.0,115.62
16550,2005,6,1.0,71.7
16551,2006,6,1.0,116.77
16552,2007,6,1.0,111.73
16553,1999,3,1.0,104.18
16554,2004,3,1.0,106.24
16555,2018,9,1.0,105.6
16556,2018,3,10.0,105.6
16557,2018,3,12.0,59.43
16558,2021,9,1.0,102.91
16559,2021,3,12.0,102.91
16560,1998,6,1.0,546.21
16561,2004,3,1.0,104.65
16562,2003,6,1.0,316.48
16563,1980,6,1.0,149.05
16564,1980,6,12.0,124.13
16565,1975,6,1.0,196.09
16566,2009,15,4.0,2799.72
16567,2009,6,10.0,706.32
16568,2004,6,1.0,554.49
16569,2004,3,10.0,187.76
16570,2004,3,11.0,
16571,2004,3,12.0,
16572,1980,3,1.0,387.75
16573,1980,3,10.0,250.23
16574,1980,3,12.0,104.76
16575,1984,6,1.0,385.28
16576,1984,3,11.0,224.81
16577,1984,6,12.0,
16578,1979,3,1.0,82.89
16579,1979,3,11.0,
16580,1980,6,1.0,415.57
16581,1980,3,11.0,138.65
16582,1980,3,12.0,
16583,1990,3,1.0,79.0
16584,1990,3,12.0,54.11
16585,1994,6,12.0,123.78
16586,1998,3,3.0,398.65
16587,1998,3,3.0,409.03
16588,1998,3,3.0,575.59
16589,2014,3,11.0,909.46
16590,2014,3,12.0,
16591,1976,3,12.0,32.88
16592,1978,3,2.0,1433.58
16593,1978,3,12.0,121.53
16594,1978,3,12.0,1475.5
16595,1988,3,12.0,777.31
16596,1987,3,2.0,1487.98
16597,1987,3,12.0,
16598,1960,3,12.0,75.79
16599,1987,3,12.0,387.74
16600,1983,3,12.0,635.52
16601,1980,3,2.0,479.53
16602,1980,3,12.0,84.92
16603,2000,3,2.0,369.78
16604,1987,3,12.0,135.02
16605,1987,3,3.0,368.33
16606,1987,3,3.0,382.93
16607,1987,3,2.0,1234.3
16608,1987,3,12.0,106.32
16609,1988,3,3.0,1145.52
16610,1978,3,12.0,45.22
16611,1988,3,2.0,298.79
16612,1988,3,12.0,62.48
16613,1988,3,2.0,299.11
16614,1988,3,12.0,63.5
16615,1993,3,3.0,3516.71
16616,1999,3,2.0,364.79
16617,1978,3,2.0,928.73
16618,1978,3,12.0,588.82
16619,1959,3,1.0,104.43
16620,1968,3,1.0,104.02
16621,1936,3,12.0,86.8
16622,1968,3,1.0,131.47
16623,1936,3,12.0,156.97
16624,1962,9,1.0,150.94
16625,1935,3,12.0,105.95
16626,1952,3,1.0,129.95
16627,2007,9,1.0,391.92
16628,1953,3,3.0,784.17
16629,1945,3,12.0,1241.1
16630,1969,3,12.0,489.27
16631,1984,3,12.0,254.33
16632,1980,3,12.0,375.22
16633,1970,3,1.0,110.21
16634,1980,3,3.0,50.05
16635,1984,3,12.0,280.29
16636,1984,3,12.0,281.59
16637,1984,3,12.0,281.64
16638,1953,3,12.0,460.67
16639,2000,6,1.0,153.0
16640,2006,9,1.0,419.0
16641,1966,3,8.0,103.2
16642,1960,6,1.0,190.91
16643,1920,3,12.0,130.37
16644,1880,3,1.0,69.16
16645,1880,3,12.0,69.16
16646,1900,3,1.0,117.2
16647,1900,3,12.0,88.7
16648,1936,3,1.0,99.42
16649,1900,3,1.0,93.13
16650,1933,3,1.0,105.67
16651,1930,3,5.0,141.11
16652,1930,3,1.0,94.77
16653,1994,3,5.0,109.49
16654,1994,3,5.0,129.3
16655,1996,3,12.0,43.84
16656,1889,3,5.0,212.95
16657,1889,3,1.0,75.32
16658,1900,9,1.0,82.99
16659,1900,9,12.0,82.99
16660,1910,3,1.0,103.53
16661,1969,3,1.0,143.62
16662,1906,3,1.0,179.59
16663,1900,6,1.0,113.25
16664,1900,3,1.0,70.16
16665,1960,3,1.0,118.1
16666,2018,9,1.0,79.15
16667,2018,3,11.0,79.15
16668,2018,3,12.0,58.16
16669,1912,3,1.0,100.2
16670,1967,3,1.0,89.03
16671,2018,9,1.0,130.29
16672,2018,3,10.0,101.41
16673,2018,3,11.0,86.3
16674,2018,3,12.0,
16675,1971,9,1.0,143.44
16676,1971,3,12.0,139.45
16677,1970,3,1.0,130.0
16678,1904,3,12.0,100.05
16679,1989,3,5.0,90.37
16680,1989,3,12.0,
16681,1971,3,12.0,143.19
16682,2017,9,1.0,238.35
16683,2017,6,11.0,211.09
16684,2017,3,12.0,131.23
16685,1920,12,1.0,271.04
16686,2007,6,1.0,89.74
16687,1945,3,1.0,131.66
16688,1914,3,1.0,209.52
16689,1979,12,1.0,341.43
16690,2006,9,1.0,94.45
16691,1997,3,1.0,94.28
16692,1998,6,1.0,1008.54
16693,1998,3,12.0,443.89
16694,2012,3,5.0,128.42
16695,1955,12,1.0,70.74
16696,1992,9,1.0,1422.38
16697,1979,3,1.0,476.76
16698,2002,3,10.0,204.26
16699,2000,9,1.0,269.52
16700,2001,3,1.0,1341.86
16701,2004,3,1.0,349.88
16702,2004,3,12.0,349.88
16703,2001,9,1.0,247.94
16704,1956,6,1.0,129.17
16705,1930,6,12.0,105.38
16706,2008,9,1.0,651.16
16707,2011,3,,132.13
16708,2011,15,1.0,121.58
16709,2011,6,12.0,121.58
16710,2012,3,5.0,613.51
16711,2012,15,1.0,549.56
16712,2012,6,12.0,549.56
16713,1998,9,1.0,710.87
16714,1986,9,1.0,137.53
16715,1986,3,12.0,113.05
16716,1980,3,1.0,150.92
16717,1979,3,5.0,227.48
16718,1979,9,1.0,215.17
16719,1979,3,12.0,198.44
16720,1880,9,1.0,88.48
16721,1880,3,12.0,
16722,1900,6,1.0,98.17
16723,1960,3,1.0,104.69
16724,1919,3,1.0,99.28
16725,1946,3,1.0,93.43
16726,1900,3,1.0,107.64
16727,1970,3,5.0,128.84
16728,1970,6,1.0,104.53
16729,1970,6,11.0,52.95
16730,1970,3,12.0,
16731,1942,9,4.0,81.32
16732,2022,3,1.0,139.32
16733,1967,3,1.0,86.04
16734,1941,3,1.0,107.45
16735,1932,3,1.0,67.16
16736,1929,3,5.0,83.2
16737,1929,3,1.0,71.2
16738,1959,6,1.0,80.46
16739,1959,3,12.0,69.31
16740,1880,3,1.0,55.14
16741,1880,3,12.0,41.77
16742,1880,9,1.0,43.21
16743,1992,6,1.0,335.51
16744,1987,9,1.0,770.71
16745,1987,9,12.0,716.25
16746,1965,3,1.0,145.47
16747,1965,3,12.0,126.48
16748,1960,3,1.0,158.22
16749,1986,3,1.0,93.58
16750,1958,3,1.0,116.04
16751,1930,6,1.0,106.8
16752,1930,3,12.0,51.14
16753,1966,6,1.0,156.05
16754,1940,3,1.0,123.12
16755,1940,3,12.0,
16756,1956,3,1.0,128.92
16757,1956,3,12.0,68.77
16758,1951,3,3.0,346.6
16759,1951,3,2.0,257.25
16760,1989,9,1.0,242.53
16761,1995,3,1.0,101.21
16762,1996,3,1.0,123.14
16763,1996,3,1.0,94.21
16764,1988,9,1.0,516.25
16765,1988,9,12.0,468.0
16766,1989,9,1.0,486.17
16767,1989,9,1.0,488.82
16768,1989,9,1.0,481.22
16769,1989,9,12.0,458.7
16770,1988,3,1.0,135.79
16771,1988,3,12.0,112.9
16772,1987,3,1.0,140.46
16773,1987,3,12.0,115.76
16774,1959,6,1.0,209.34
16775,1949,6,1.0,191.73
16776,1949,6,12.0,116.73
16777,2008,3,5.0,908.9
16778,2008,9,1.0,852.15
16779,2002,3,10.0,4169.66
16780,1987,3,2.0,192.08
16781,1987,6,1.0,192.08
16782,1900,3,5.0,115.14
16783,1900,3,2.0,115.14
16784,1900,3,1.0,114.73
16785,1888,3,1.0,121.2
16786,1900,3,4.0,1163.67
16787,1896,9,7.0,288.23
16788,1896,9,12.0,177.32
16789,1999,3,1.0,201.66
16790,2001,3,1.0,168.71
16791,1922,9,8.0,171.92
16792,1922,6,12.0,114.43
16793,1953,3,2.0,1191.96
16794,1940,9,1.0,1118.22
16795,1926,6,12.0,165.24
16796,1962,3,5.0,334.11
16797,1962,9,1.0,248.86
16798,1962,3,12.0,248.86
16799,1960,9,1.0,382.57
16800,1969,3,2.0,491.31
16801,1969,15,1.0,262.52
16802,1969,3,12.0,247.42
16803,2008,6,1.0,469.71
16804,1954,3,1.0,280.99
16805,1962,9,2.0,308.75
16806,1971,12,1.0,1644.91
16807,1880,3,1.0,258.85
16808,1936,6,5.0,496.65
16809,1936,9,2.0,351.58
16810,2003,3,5.0,1244.73
16811,2002,3,2.0,532.73
16812,2002,3,1.0,230.02
16813,2002,3,12.0,
16814,2004,3,5.0,404.03
16815,2004,6,1.0,371.46
16816,2011,12,,162.81
16817,1940,12,1.0,491.1
16818,1963,3,2.0,635.23
16819,1963,21,1.0,635.23
16820,1967,3,5.0,898.4
16821,1967,21,1.0,659.08
16822,1943,3,5.0,201.77
16823,1943,9,1.0,197.77
16824,1943,3,11.0,169.9
16825,1943,3,12.0,125.68
16826,1941,6,1.0,283.81
16827,1979,6,5.0,266.3
16828,1989,12,1.0,238.25
16829,2000,3,1.0,83.85
16830,2006,6,8.0,226.19
16831,2006,9,1.0,226.19
16832,1900,3,5.0,65.77
16833,1900,3,1.0,65.77
16834,1900,3,5.0,215.62
16835,1900,9,1.0,215.62
16836,1900,9,5.0,99.35
16837,1900,9,5.0,143.44
16838,1900,3,12.0,231.18
16839,1900,3,5.0,144.84
16840,1900,3,2.0,109.28
16841,1939,6,1.0,95.36
16842,1900,3,12.0,
16843,1900,6,5.0,111.59
16844,1900,6,5.0,126.96
16845,1900,3,5.0,164.85
16846,1900,3,1.0,126.0
16847,1900,3,8.0,73.79
16848,1900,12,1.0,60.69
16849,1900,3,5.0,44.34
16850,1900,3,8.0,30.67
16851,1900,6,12.0,30.67
16852,1900,6,7.0,82.98
16853,1900,6,1.0,82.98
16854,2020,3,5.0,176.0
16855,2020,6,1.0,142.65
16856,1900,3,5.0,361.62
16857,1900,6,1.0,307.6
16858,1900,3,1.0,78.51
16859,2008,6,1.0,106.25
16860,1942,3,1.0,225.66
16861,1900,3,5.0,103.74
16862,1900,9,1.0,103.74
16863,2008,3,5.0,76.46
16864,2008,12,1.0,76.46
16865,1960,15,2.0,525.6
16866,1960,3,11.0,508.47
16867,1999,3,5.0,760.52
16868,1999,3,8.0,659.44
16869,1999,12,1.0,269.53
16870,1900,6,8.0,408.42
16871,1900,6,12.0,238.02
16872,2004,6,1.0,300.52
16873,1900,3,8.0,168.46
16874,1900,9,1.0,92.72
16875,1900,3,5.0,95.5
16876,1900,3,2.0,95.5
16877,1900,3,1.0,95.5
16878,1900,3,1.0,290.18
16879,1900,3,5.0,75.8
16880,1900,3,1.0,75.8
16881,1900,3,5.0,123.88
16882,1900,9,1.0,123.88
16883,1900,6,1.0,124.21
16884,2018,12,1.0,215.29
16885,2018,3,10.0,206.34
16886,1950,3,5.0,96.69
16887,1950,6,1.0,94.14
16888,1950,3,5.0,585.99
16889,1950,15,1.0,522.01
16890,1950,15,12.0,522.01
16891,1950,3,5.0,217.01
16892,1950,15,1.0,377.66
16893,1940,6,1.0,135.93
16894,1921,3,5.0,58.23
16895,1921,3,1.0,58.23
16896,1940,3,5.0,59.25
16897,1940,3,1.0,52.74
16898,2016,6,5.0,130.46
16899,1950,6,2.0,130.46
16900,1950,3,1.0,130.46
16901,1921,3,1.0,46.25
16902,1921,3,12.0,46.25
16903,1919,6,5.0,157.06
16904,1890,3,5.0,70.48
16905,1890,9,1.0,70.48
16906,1919,9,1.0,95.93
16907,2024,3,12.0,93.44
16908,1947,9,1.0,71.67
16909,1919,15,1.0,261.63
16910,1919,3,5.0,121.36
16911,1919,6,1.0,81.69
16912,1984,3,5.0,399.39
16913,1984,6,1.0,336.92
16914,1987,3,12.0,2897.07
16915,1898,3,12.0,18.83
16916,1898,6,4.0,1966.81
16917,1898,3,6.0,764.3
16918,1919,9,1.0,306.21
16919,1919,3,5.0,129.82
16920,1919,9,1.0,98.35
16921,1919,3,12.0,87.94
16922,1919,3,5.0,137.49
16923,1919,3,1.0,91.69
16924,1919,3,5.0,217.59
16925,1919,9,1.0,210.42
16926,2023,3,2.0,258.6
16927,2023,6,1.0,201.76
16928,1919,6,5.0,74.42
16929,1919,9,1.0,74.42
16930,1919,3,8.0,117.24
16931,1919,6,1.0,91.01
16932,1919,3,5.0,97.66
16933,1919,9,1.0,97.66
16934,1919,12,6.0,566.48
16935,1919,3,2.0,59.22
16936,1919,3,5.0,65.94
16937,1919,3,1.0,65.94
16938,1898,6,1.0,100.34
16939,1928,9,5.0,331.19
16940,1898,3,12.0,254.69
16941,1919,3,5.0,322.76
16942,1999,3,1.0,100.55
16943,1919,3,5.0,139.87
16944,1919,9,1.0,79.03
16945,1995,3,6.0,2255.7
16946,1942,15,2.0,1795.88
16947,1898,3,11.0,1628.95
16948,1966,21,1.0,506.79
16949,1919,3,5.0,118.95
16950,1919,9,1.0,92.57
16951,1919,3,12.0,69.98
16952,1919,9,1.0,108.06
16953,1919,6,1.0,202.65
16954,1895,3,1.0,148.9
16955,1998,3,5.0,1347.18
16956,1977,3,12.0,1177.65
16957,1919,3,5.0,103.88
16958,1919,3,1.0,73.22
16959,1919,3,1.0,104.37
16960,1919,3,5.0,160.88
16961,1919,6,1.0,136.93
16962,1919,3,5.0,142.12
16963,1919,3,1.0,75.4
16964,1919,3,5.0,156.21
16965,1890,3,1.0,229.84
16966,1919,3,5.0,104.28
16967,1919,6,12.0,104.28
16968,2000,3,5.0,85.98
16969,2000,3,2.0,85.98
16970,1919,3,8.0,159.1
16971,1919,9,1.0,98.15
16972,1919,3,5.0,104.06
16973,1919,3,1.0,91.74
16974,2002,9,1.0,289.68
16975,2002,3,10.0,176.24
16976,1919,6,1.0,348.68
16977,1990,3,5.0,259.06
16978,1990,3,2.0,170.48
16979,1990,6,1.0,131.11
16980,1990,3,12.0,33.97
16981,1919,3,5.0,164.89
16982,1919,6,1.0,164.89
16983,1919,3,1.0,621.48
16984,1919,3,12.0,579.42
16985,1919,3,5.0,235.77
16986,1919,3,1.0,174.49
16987,2023,3,5.0,687.95
16988,2023,12,1.0,338.08
16989,1928,3,1.0,345.51
16990,1916,3,5.0,1792.59
16991,1916,3,12.0,785.92
16992,1970,6,8.0,311.16
16993,1970,3,12.0,281.07
16994,2016,3,6.0,1694.62
16995,2016,3,2.0,13.17
16996,2016,6,12.0,
16997,1900,6,1.0,82.19
16998,2002,12,1.0,172.56
16999,2002,3,12.0,146.25
17000,1890,3,1.0,65.72
17001,1900,3,1.0,75.58
17002,1900,6,1.0,100.4
17003,1900,3,5.0,275.28
17004,1900,3,12.0,233.36
17005,1910,3,1.0,255.99
17006,1910,3,8.0,272.12
17007,1910,6,1.0,137.26
17008,1910,3,12.0,96.67
17009,1910,3,5.0,142.57
17010,1910,3,1.0,117.88
17011,1900,3,5.0,201.88
17012,1945,3,1.0,170.79
17013,1958,9,1.0,76.33
17014,1962,3,5.0,96.42
17015,1962,3,1.0,83.45
17016,1880,3,1.0,94.39
17017,1919,3,1.0,228.18
17018,1931,3,1.0,113.58
17019,1890,3,1.0,101.24
17020,1880,9,1.0,104.46
17021,1880,3,12.0,76.73
17022,1891,3,1.0,96.57
17023,1998,3,1.0,150.99
17024,2009,9,1.0,154.39
17025,1966,6,12.0,102.3
17026,1920,6,1.0,114.19
17027,1900,6,1.0,116.3
17028,1900,3,1.0,85.7
17029,1900,9,1.0,105.82
17030,1900,3,12.0,84.2
17031,1894,6,1.0,99.02
17032,1945,3,1.0,218.09
17033,1880,6,1.0,209.3
17034,1916,6,8.0,141.5
17035,1916,3,1.0,106.02
17036,1916,3,11.0,67.48
17037,1916,3,12.0,
17038,1900,3,1.0,73.53
17039,1880,3,1.0,117.81
17040,1900,3,5.0,70.4
17041,1900,3,1.0,70.4
17042,2022,3,2.0,82.77
17043,2022,9,1.0,72.42
17044,2022,3,12.0,
17045,1964,3,1.0,140.46
17046,1932,6,1.0,71.26
17047,1900,3,5.0,88.63
17048,1900,3,1.0,64.34
17049,1920,3,1.0,99.95
17050,1962,3,1.0,121.09
17051,1890,3,1.0,109.24
17052,1900,3,1.0,97.44
17053,1987,3,1.0,127.17
17054,1890,6,1.0,90.18
17055,1919,3,1.0,90.44
17056,2003,3,1.0,436.28
17057,2003,3,12.0,271.76
17058,2007,3,1.0,943.83
17059,2010,9,1.0,273.05
17060,2010,3,12.0,212.99
17061,2012,9,1.0,183.8
17062,2012,3,12.0,138.67
17063,1929,6,1.0,83.72
17064,1929,3,1.0,42.88
17065,1992,3,1.0,121.02
17066,1950,9,1.0,118.89
17067,1950,3,12.0,107.89
17068,1906,3,1.0,118.61
17069,1970,3,1.0,78.71
17070,1923,3,5.0,89.67
17071,1923,3,1.0,74.2
17072,1900,3,1.0,91.42
17073,1900,3,1.0,88.71
17074,1900,3,1.0,122.35
17075,1880,9,1.0,82.1
17076,1900,6,1.0,103.18
17077,1997,3,5.0,299.21
17078,1997,3,1.0,285.41
17079,1900,9,1.0,83.67
17080,1900,3,12.0,56.21
17081,1936,3,5.0,102.8
17082,1936,3,1.0,102.8
17083,1900,3,5.0,88.06
17084,1900,3,1.0,88.06
17085,1900,3,1.0,100.8
17086,1900,3,5.0,417.8
17087,1900,3,1.0,321.87
17088,1900,3,1.0,201.9
17089,1900,3,1.0,77.12
17090,1900,3,1.0,102.09
17091,1900,3,12.0,76.02
17092,1960,3,1.0,107.78
17093,1930,6,1.0,90.29
17094,1910,3,1.0,100.52
17095,2003,3,5.0,116.02
17096,2003,6,1.0,111.57
17097,1925,3,1.0,150.29
17098,1995,3,1.0,152.98
17099,1910,3,1.0,108.15
17100,1905,3,1.0,85.46
17101,2012,12,1.0,77.84
17102,2012,3,11.0,70.82
17103,1910,3,1.0,74.16
17104,1900,3,5.0,126.1
17105,1900,3,1.0,113.88
17106,1900,3,12.0,99.93
17107,1991,9,1.0,158.0
17108,1991,3,12.0,96.34
17109,1960,3,1.0,158.75
17110,1910,3,1.0,107.45
17111,1987,3,1.0,120.99
17112,1987,3,1.0,116.08
17113,1987,3,1.0,131.15
17114,2017,12,1.0,224.52
17115,2017,3,10.0,120.12
17116,2017,3,12.0,120.12
17117,1900,3,5.0,846.72
17118,1951,6,1.0,88.72
17119,1998,3,1.0,78.03
17120,1900,3,1.0,138.0
17121,1900,12,1.0,150.0
17122,1900,3,1.0,63.0
17123,1940,6,1.0,104.13
17124,1900,3,1.0,123.43
17125,1900,3,1.0,108.34
17126,1900,3,1.0,123.79
17127,1900,9,1.0,86.61
17128,1900,3,11.0,70.29
17129,1900,3,12.0,34.7
17130,1900,6,1.0,126.73
17131,1900,3,12.0,116.41
17132,1900,9,1.0,84.96
17133,1900,3,12.0,72.07
17134,1900,3,1.0,103.58
17135,1960,12,1.0,98.13
17136,1900,3,1.0,95.67
17137,1960,9,1.0,191.64
17138,1900,3,1.0,113.13
17139,1940,9,1.0,148.46
17140,1940,3,11.0,85.27
17141,1940,3,12.0,61.04
17142,1900,9,1.0,95.95
17143,1900,3,12.0,78.11
17144,1900,3,1.0,104.86
17145,2009,6,1.0,101.03
17146,2009,3,10.0,74.88
17147,2009,3,12.0,
17148,1963,3,5.0,440.87
17149,1963,15,1.0,433.91
17150,1963,3,5.0,459.64
17151,1965,27,1.0,454.68
17152,2024,3,11.0,454.68
17153,2024,3,12.0,454.68
17154,1963,3,5.0,479.37
17155,1963,18,1.0,478.01
17156,1963,3,12.0,478.01
17157,2016,9,1.0,84.98
17158,2016,6,12.0,72.35
17159,1900,3,1.0,115.39
17160,1950,3,5.0,112.02
17161,1950,6,1.0,105.48
17162,1950,3,11.0,104.74
17163,1950,3,12.0,32.1
17164,1900,3,1.0,102.96
17165,1993,3,1.0,79.99
17166,1900,9,1.0,93.13
17167,1900,3,12.0,66.97
17168,1970,9,1.0,90.9
17169,1880,3,11.0,62.73
17170,1880,3,12.0,39.07
17171,1900,6,1.0,84.12
17172,1965,3,3.0,19.26
17173,1940,3,1.0,25.07
17174,1900,3,5.0,3156.46
17175,1900,3,3.0,505.61
17176,1950,3,12.0,37.62
17177,2000,6,1.0,406.04
17178,2004,3,1.0,150.39
17179,2004,3,12.0,66.37
17180,1900,6,1.0,95.61
17181,1900,3,12.0,60.65
17182,1930,6,1.0,104.79
17183,1963,3,5.0,130.19
17184,1963,3,1.0,122.53
17185,1910,3,1.0,96.67
17186,1939,3,1.0,87.53
17187,1936,3,8.0,105.29
17188,1936,3,1.0,105.29
17189,1936,3,12.0,3.3
17190,1936,3,1.0,96.58
17191,1936,3,12.0,89.18
17192,1930,3,1.0,92.55
17193,1912,9,1.0,72.7
17194,2011,3,11.0,62.9
17195,1900,9,1.0,68.96
17196,1880,9,1.0,86.8
17197,1880,3,11.0,53.44
17198,1880,3,12.0,20.69
17199,1995,6,1.0,76.65
17200,1932,3,1.0,114.1
17201,1932,3,12.0,76.21
17202,1900,3,1.0,84.55
17203,1900,3,12.0,75.05
17204,1900,3,1.0,131.27
17205,1940,3,1.0,105.99
17206,1940,3,12.0,821.13
17207,1880,3,3.0,26.91
17208,1880,3,12.0,719.7
17209,1963,12,1.0,345.79
17210,1958,6,1.0,209.19
17211,1958,3,12.0,189.05
17212,1942,3,5.0,70.09
17213,1952,3,1.0,64.57
17214,1942,3,1.0,83.11
17215,1990,3,3.0,264.03
17216,1900,3,1.0,74.51
17217,1900,3,12.0,74.51
17218,2018,9,1.0,57.75
17219,2018,3,12.0,43.07
17220,1900,3,1.0,70.99
17221,1900,3,12.0,57.99
17222,1900,3,1.0,67.62
17223,1900,3,1.0,78.53
17224,1900,3,12.0,74.3
17225,1900,3,5.0,60.61
17226,1900,3,1.0,60.61
17227,1900,3,5.0,56.61
17228,1900,3,1.0,46.02
17229,1900,3,1.0,47.49
17230,1900,3,5.0,54.24
17231,1900,3,1.0,44.5
17232,1962,9,1.0,114.54
17233,1950,3,1.0,81.12
17234,1900,12,1.0,127.71
17235,1900,3,12.0,73.22
17236,1966,3,1.0,130.55
17237,1948,9,1.0,127.77
17238,1989,3,12.0,113.25
17239,1900,9,1.0,142.29
17240,1900,9,12.0,75.63
17241,1990,3,1.0,107.7
17242,1930,3,1.0,100.59
17243,1920,3,1.0,98.4
17244,1950,9,1.0,85.58
17245,1980,3,5.0,94.61
17246,1900,3,1.0,68.33
17247,1900,3,5.0,353.42
17248,1950,3,1.0,52.43
17249,1960,6,1.0,215.2
17250,1920,3,1.0,86.17
17251,1987,3,1.0,90.2
17252,2003,3,5.0,3548.1
17253,2003,3,2.0,3548.1
17254,2003,3,1.0,3548.1
17255,2004,3,12.0,3548.1
17256,2000,9,4.0,2574.78
17257,1960,3,5.0,302.35
17258,1960,15,1.0,282.99
17259,1960,3,12.0,282.99
17260,2022,6,1.0,85.33
17261,1955,3,10.0,85.33
17262,2022,3,12.0,
17263,1958,3,1.0,152.62
17264,1952,3,1.0,108.36
17265,2000,9,1.0,129.68
17266,1970,3,3.0,10.63
17267,1955,6,1.0,59.59
17268,1955,3,12.0,59.59
17269,1970,3,1.0,162.07
17270,1975,3,5.0,165.14
17271,1975,12,1.0,153.59
17272,1979,6,1.0,156.65
17273,1955,3,12.0,115.93
17274,1958,3,1.0,146.77
17275,1959,6,1.0,90.81
17276,1959,3,12.0,80.65
17277,1962,9,1.0,97.44
17278,1962,6,12.0,82.77
17279,2023,6,1.0,103.39
17280,2023,3,12.0,76.34
17281,1993,9,1.0,127.48
17282,1888,3,1.0,495.28
17283,2021,6,1.0,128.39
17284,2021,3,10.0,128.39
17285,2021,3,12.0,
17286,1982,3,1.0,100.74
17287,1917,3,1.0,70.33
17288,1960,3,1.0,174.79
17289,1960,3,12.0,115.84
17290,1950,3,1.0,109.89
17291,1950,3,12.0,109.89
17292,1931,3,1.0,91.4
17293,1997,9,1.0,76.35
17294,1957,3,12.0,54.51
17295,2002,3,5.0,291.69
17296,2002,9,1.0,129.04
17297,1990,3,1.0,126.37
17298,1990,3,12.0,77.49
17299,1990,3,1.0,114.42
17300,1990,3,12.0,79.54
17301,2008,3,5.0,1054.18
17302,2008,9,1.0,455.27
17303,1979,9,1.0,461.55
17304,1958,3,12.0,262.42
17305,2005,6,1.0,101.69
17306,2011,6,1.0,155.35
17307,2011,3,12.0,131.86
17308,2020,6,1.0,132.86
17309,2020,3,12.0,66.55
17310,1994,3,5.0,980.6
17311,1994,9,1.0,957.81
17312,1984,9,1.0,160.32
17313,1984,3,11.0,134.82
17314,1984,3,12.0,33.0
17315,1997,9,1.0,144.56
17316,1975,3,1.0,226.44
17317,1975,3,12.0,100.94
17318,1970,3,5.0,159.74
17319,1970,3,1.0,151.51
17320,1978,15,1.0,132.39
17321,1991,9,1.0,292.77
17322,1950,3,1.0,115.53
17323,1950,3,12.0,79.19
17324,1920,3,1.0,168.2
17325,2002,6,1.0,168.52
17326,1970,6,1.0,593.08
17327,1970,3,12.0,235.87
17328,1973,9,1.0,100.82
17329,1950,3,12.0,100.82
17330,1948,3,1.0,149.1
17331,1984,3,1.0,147.21
17332,1953,6,1.0,152.09
17333,2009,15,1.0,179.37
17334,2009,3,12.0,144.95
17335,1924,6,1.0,136.42
17336,1924,3,12.0,108.8
17337,2016,9,1.0,133.45
17338,2016,3,12.0,73.11
17339,1975,3,5.0,425.0
17340,1975,12,1.0,406.93
17341,1978,15,1.0,469.56
17342,1965,15,1.0,184.12
17343,1995,9,1.0,241.62
17344,1927,3,5.0,150.13
17345,1927,3,1.0,107.39
17346,1994,9,1.0,161.68
17347,1946,9,1.0,125.2
17348,1946,3,12.0,97.94
17349,1946,3,5.0,95.75
17350,1946,3,1.0,86.83
17351,1975,6,1.0,133.4
17352,1942,3,1.0,126.3
17353,1942,3,12.0,107.83
17354,1944,3,1.0,103.56
17355,1950,3,4.0,504.58
17356,1946,3,1.0,293.87
17357,1930,3,1.0,174.99
17358,1930,3,12.0,112.29
17359,1930,3,1.0,161.49
17360,1930,3,1.0,104.27
17361,1955,3,1.0,102.97
17362,1945,3,1.0,127.9
17363,1950,3,12.0,81.62
17364,1942,3,1.0,94.24
17365,1929,3,1.0,88.96
17366,1929,3,12.0,85.41
17367,1940,3,1.0,87.08
17368,1940,3,12.0,82.93
17369,1973,18,1.0,195.47
17370,1976,15,1.0,423.78
17371,2001,3,5.0,554.41
17372,2001,9,1.0,489.39
17373,2002,9,1.0,838.1
17374,2008,9,1.0,412.19
17375,2008,3,12.0,372.41
17376,1943,9,1.0,220.7
17377,1943,9,11.0,183.98
17378,1943,3,12.0,179.03
17379,2023,12,1.0,450.79
17380,2023,6,11.0,359.8
17381,1950,9,3.0,169.1
17382,1950,3,3.0,429.61
17383,1950,3,2.0,63.0
17384,1950,3,1.0,
17385,2023,15,1.0,1073.65
17386,2024,3,10.0,1038.45
17387,2024,9,11.0,1032.65
17388,2022,6,12.0,1013.65
17389,1960,3,1.0,198.86
17390,1960,3,12.0,122.49
17391,1962,6,1.0,141.38
17392,1962,3,12.0,121.26
17393,1962,6,1.0,157.91
17394,1962,3,12.0,157.91
17395,1962,12,1.0,166.39
17396,1962,3,12.0,147.24
17397,1963,3,5.0,156.76
17398,1993,6,1.0,135.86
17399,1990,3,1.0,216.93
17400,2003,9,1.0,95.64
17401,1961,3,1.0,230.83
17402,1996,15,1.0,557.85
17403,1996,15,12.0,521.62
17404,1999,6,1.0,945.54
17405,1999,15,1.0,507.72
17406,1999,15,12.0,507.72
17407,1962,3,1.0,130.61
17408,1960,3,1.0,86.09
17409,1965,3,1.0,94.2
17410,1961,3,1.0,113.08
17411,1961,3,1.0,123.89
17412,1963,6,1.0,130.96
17413,1999,6,1.0,1677.01
17414,1999,6,12.0,1661.0
17415,1990,3,1.0,145.35
17416,1950,3,1.0,129.64
17417,1950,3,1.0,128.85
17418,1950,3,12.0,148.37
17419,1950,3,1.0,154.26
17420,1950,3,5.0,129.82
17421,1950,6,1.0,127.45
17422,1950,3,1.0,152.17
17423,1950,12,1.0,144.94
17424,1950,3,12.0,125.77
17425,1950,3,1.0,128.53
17426,1950,3,1.0,129.17
17427,1960,3,1.0,79.95
17428,1960,3,1.0,111.21
17429,1963,3,1.0,150.0
17430,1960,3,1.0,150.21
17431,2006,6,1.0,220.66
17432,1960,6,1.0,134.58
17433,1960,6,12.0,134.58
17434,1960,3,1.0,112.48
17435,1960,3,1.0,90.17
17436,2000,3,5.0,1562.22
17437,2000,12,1.0,1302.19
17438,2003,3,1.0,70.59
17439,1998,3,1.0,71.76
17440,1998,3,1.0,94.29
17441,2004,6,1.0,71.81
17442,2004,3,12.0,71.81
17443,2003,3,5.0,520.96
17444,2003,9,1.0,520.96
17445,2003,3,12.0,520.96
17446,2000,9,1.0,353.09
17447,2000,9,12.0,308.18
17448,2000,3,11.0,73.17
17449,2000,3,1.0,73.44
17450,2016,12,1.0,72.4
17451,2016,3,12.0,72.4
17452,2002,3,1.0,72.26
17453,2002,3,12.0,72.26
17454,2008,6,1.0,71.98
17455,2000,3,1.0,73.02
17456,1999,6,1.0,446.72
17457,2001,3,11.0,100.3
17458,2003,9,1.0,96.12
17459,2003,3,12.0,96.12
17460,2000,3,5.0,505.64
17461,2000,9,1.0,505.64
17462,2000,9,1.0,326.96
17463,1999,12,1.0,446.05
17464,1999,3,12.0,446.05
17465,2001,3,1.0,150.22
17466,1999,3,12.0,149.43
17467,1983,9,1.0,149.43
17468,1983,3,12.0,131.05
17469,1983,12,1.0,156.89
17470,1983,3,12.0,111.33
17471,1981,12,1.0,149.05
17472,1981,3,12.0,113.25
17473,1996,3,1.0,150.5
17474,2006,6,1.0,255.39
17475,1969,12,1.0,323.27
17476,1969,12,1.0,275.31
17477,1969,12,1.0,276.4
17478,1969,12,1.0,317.5
17479,1969,12,1.0,327.34
17480,1969,12,1.0,315.74
17481,1969,9,1.0,278.69
17482,1969,6,1.0,298.84
17483,1969,12,1.0,310.11
17484,1969,12,1.0,320.91
17485,2005,3,5.0,807.39
17486,2005,12,1.0,799.98
17487,2005,12,1.0,1460.65
17488,1975,3,3.0,1350.38
17489,1975,6,1.0,165.57
17490,1975,6,12.0,
17491,1970,9,1.0,180.37
17492,1970,3,12.0,89.96
17493,2008,6,1.0,157.58
17494,2008,3,11.0,157.58
17495,2008,3,12.0,51.78
17496,1980,3,1.0,61.39
17497,1980,3,12.0,61.39
17498,2010,3,1.0,255.16
17499,2000,9,1.0,219.98
17500,1980,3,11.0,219.98
17501,1991,3,12.0,
17502,1970,6,1.0,274.9
17503,1965,3,10.0,75.49
17504,1975,3,11.0,
17505,1972,6,12.0,
17506,2008,3,1.0,151.98
17507,2008,3,11.0,
17508,2008,3,12.0,
17509,1970,3,1.0,310.95
17510,1970,3,12.0,30.73
17511,1970,6,1.0,170.59
17512,1970,3,12.0,50.42
17513,1974,3,1.0,547.5
17514,1974,6,12.0,500.48
17515,1970,3,1.0,262.97
17516,1970,3,11.0,131.47
17517,1970,6,12.0,
17518,1980,3,1.0,544.09
17519,1980,3,11.0,333.49
17520,1980,9,12.0,137.22
17521,2017,3,1.0,122.03
17522,2017,3,11.0,
17523,2017,3,12.0,
17524,2020,3,1.0,93.26
17525,2020,3,11.0,
17526,2006,9,1.0,1108.06
17527,1991,3,5.0,1509.41
17528,1991,12,1.0,1284.42
17529,1991,3,12.0,819.08
17530,1975,12,1.0,248.18
17531,1998,6,1.0,123.64
17532,1964,3,1.0,99.42
17533,1960,3,1.0,97.99
17534,1960,3,1.0,102.53
17535,1973,6,1.0,234.01
17536,1994,3,1.0,129.84
17537,2003,3,1.0,198.94
17538,2003,3,12.0,93.89
17539,1960,3,8.0,425.56
17540,1976,9,1.0,126.64
17541,1965,3,11.0,108.06
17542,1965,3,12.0,60.52
17543,1962,3,1.0,97.02
17544,1971,3,1.0,103.51
17545,1961,3,1.0,111.27
17546,2000,3,1.0,94.82
17547,2006,6,1.0,83.72
17548,1960,3,1.0,94.55
17549,2002,6,1.0,80.8
17550,1960,3,1.0,122.1
17551,1960,3,12.0,87.99
17552,2001,9,1.0,88.68
17553,1972,3,1.0,108.95
17554,1966,3,1.0,129.88
17555,1958,3,1.0,89.57
17556,1950,3,5.0,106.38
17557,1996,12,1.0,65.36
17558,1965,6,5.0,214.57
17559,1966,3,1.0,134.05
17560,1954,3,1.0,142.98
17561,1954,3,12.0,110.38
17562,2007,9,1.0,91.56
17563,2007,3,1.0,333.61
17564,1964,3,1.0,196.03
17565,1942,6,1.0,150.01
17566,1947,3,3.0,586.34
17567,1962,6,1.0,100.61
17568,1962,3,12.0,100.61
17569,1930,3,1.0,107.18
17570,1990,3,1.0,74.65
17571,2022,3,1.0,56.9
17572,2022,3,10.0,60.22
17573,2022,6,1.0,84.9
17574,1930,3,1.0,86.69
17575,1926,3,1.0,103.89
17576,1972,3,12.0,299.1
17577,1990,3,3.0,1250.7
17578,1972,3,12.0,1123.25
17579,2009,3,3.0,133.22
17580,1962,3,12.0,253.99
17581,2002,3,12.0,529.7
17582,1965,3,12.0,1391.26
17583,1972,3,12.0,377.23
17584,1992,3,2.0,454.8
17585,1992,3,12.0,
17586,1992,3,2.0,475.61
17587,1992,3,12.0,
17588,1992,3,2.0,487.09
17589,1992,3,12.0,
17590,1992,3,2.0,484.77
17591,1992,3,12.0,
17592,1992,3,2.0,508.14
17593,1992,3,12.0,
17594,1992,3,2.0,492.91
17595,1992,3,12.0,
17596,1990,3,2.0,1849.81
17597,1990,3,12.0,909.6
17598,1965,3,12.0,1272.49
17599,1972,3,12.0,35.08
17600,2008,9,1.0,1140.31
17601,1947,3,3.0,150.17
17602,2007,9,1.0,173.35
17603,1934,3,3.0,303.09
17604,1940,3,12.0,302.97
17605,1934,3,1.0,163.6
17606,1934,3,12.0,119.85
17607,1958,6,1.0,425.7
17608,1920,3,1.0,223.27
17609,1920,3,12.0,127.59
17610,1891,9,1.0,80.41
17611,1891,3,12.0,63.77
17612,1923,3,1.0,70.94
17613,1968,3,1.0,110.36
17614,1956,3,1.0,122.04
17615,1906,3,12.0,109.69
17616,1954,3,6.0,117.72
17617,1924,3,1.0,119.74
17618,1920,3,,92.34
17619,1920,3,1.0,122.09
17620,1920,3,1.0,98.73
17621,1965,3,1.0,127.5
17622,1971,12,1.0,357.36
17623,1934,3,1.0,202.43
17624,1934,3,12.0,136.44
17625,1936,3,1.0,123.09
17626,2008,15,1.0,125.74
17627,1950,3,1.0,136.08
17628,2016,3,10.0,97.7
17629,1950,3,12.0,19.83
17630,1970,3,1.0,193.44
17631,1960,12,1.0,74.44
17632,1960,3,12.0,74.44
17633,1995,3,1.0,141.93
17634,1950,3,1.0,137.93
17635,1956,3,1.0,96.57
17636,1955,3,1.0,139.85
17637,2000,9,1.0,370.91
17638,2007,9,1.0,407.57
17639,2008,12,1.0,255.01
17640,2008,3,12.0,255.01
17641,1947,3,3.0,38.66
17642,1940,3,1.0,46.56
17643,1991,9,1.0,53.54
17644,1996,3,1.0,56.15
17645,1943,6,1.0,79.8
17646,1948,3,1.0,85.99
17647,1972,12,1.0,260.15
17648,1973,12,1.0,157.56
17649,1938,3,1.0,334.84
17650,1961,18,1.0,381.34
17651,1949,3,1.0,112.71
17652,1949,3,12.0,96.96
17653,1990,3,1.0,62.45
17654,1949,9,1.0,77.53
17655,1949,3,12.0,59.59
17656,1999,9,1.0,94.24
17657,2005,6,1.0,324.38
17658,1900,3,1.0,85.16
17659,1947,6,1.0,101.79
17660,1947,3,12.0,78.64
17661,1963,6,1.0,117.49
17662,1929,3,1.0,108.16
17663,1930,9,1.0,76.82
17664,1930,3,12.0,57.74
17665,1927,3,1.0,79.66
17666,1947,12,1.0,122.19
17667,1915,9,1.0,77.49
17668,1880,6,12.0,55.28
17669,1898,6,1.0,79.56
17670,1898,3,12.0,59.73
17671,1898,3,1.0,73.38
17672,1898,3,12.0,56.38
17673,1939,3,1.0,105.13
17674,1931,3,1.0,100.5
17675,1973,9,1.0,95.38
17676,1947,3,12.0,82.45
17677,1931,3,1.0,60.71
17678,1938,3,1.0,83.93
17679,1880,3,1.0,85.27
17680,1913,3,1.0,73.45
17681,1951,3,1.0,88.09
17682,1948,3,1.0,70.59
17683,1979,9,1.0,123.04
17684,1946,3,1.0,116.49
17685,1946,3,12.0,89.03
17686,1942,3,1.0,89.88
17687,1942,3,12.0,76.35
17688,1943,9,1.0,73.09
17689,1943,3,12.0,56.37
17690,1951,9,1.0,184.83
17691,1941,3,11.0,170.39
17692,1951,9,12.0,161.24
17693,1941,3,5.0,97.81
17694,1941,3,1.0,72.01
17695,1941,3,12.0,72.01
17696,1951,3,5.0,103.28
17697,1951,12,1.0,83.21
17698,1951,3,11.0,69.74
17699,1951,3,12.0,4.76
17700,1941,3,5.0,89.22
17701,1941,3,1.0,76.91
17702,1959,6,1.0,84.05
17703,1967,6,1.0,242.43
17704,1943,3,5.0,106.35
17705,1943,3,1.0,75.87
17706,1920,3,1.0,90.72
17707,1920,3,12.0,76.82
17708,1923,3,5.0,118.4
17709,1950,3,1.0,81.09
17710,1923,3,11.0,
17711,1928,3,1.0,95.93
17712,1928,3,12.0,76.64
17713,1943,3,2.0,71.09
17714,1958,6,1.0,57.44
17715,1958,6,12.0,44.62
17716,1975,3,5.0,201.13
17717,1975,3,2.0,194.92
17718,1975,12,1.0,157.08
17719,1941,3,1.0,60.98
17720,2017,6,1.0,55.02
17721,2017,3,11.0,55.02
17722,1932,9,1.0,131.13
17723,1932,3,12.0,98.2
17724,1942,6,1.0,49.15
17725,1953,3,1.0,98.61
17726,2000,9,1.0,83.93
17727,1977,6,12.0,83.93
17728,1900,3,1.0,108.43
17729,1974,9,1.0,83.36
17730,1954,3,10.0,61.18
17731,1954,3,12.0,52.05
17732,1935,3,1.0,109.19
17733,1941,3,5.0,141.64
17734,1941,3,1.0,134.73
17735,1950,3,1.0,57.58
17736,1918,3,1.0,59.6
17737,1996,9,1.0,100.13
17738,2020,3,11.0,91.98
17739,1985,3,12.0,57.49
17740,1951,3,1.0,92.0
17741,1936,3,1.0,85.5
17742,1921,3,1.0,92.19
17743,2017,9,1.0,72.55
17744,2017,3,12.0,55.5
17745,1990,3,1.0,55.68
17746,1963,3,1.0,115.53
17747,1986,3,1.0,134.18
17748,1975,3,1.0,218.21
17749,1941,3,12.0,179.77
17750,1939,3,1.0,131.48
17751,1960,6,1.0,116.01
17752,2010,9,1.0,80.55
17753,1956,3,1.0,99.24
17754,1964,9,1.0,107.31
17755,2016,3,12.0,92.56
17756,1929,3,1.0,83.58
17757,1925,6,1.0,79.16
17758,1951,9,1.0,125.16
17759,1951,3,11.0,89.72
17760,1951,3,12.0,73.65
17761,1980,3,1.0,160.54
17762,1941,3,1.0,163.63
17763,1940,3,1.0,175.23
17764,1931,3,1.0,91.79
17765,1931,3,1.0,124.39
17766,1971,3,5.0,317.59
17767,1971,6,1.0,317.59
17768,1991,3,1.0,116.26
17769,1941,6,1.0,155.32
17770,1941,3,12.0,114.74
17771,1952,6,1.0,116.44
17772,1952,3,12.0,79.81
17773,2022,6,1.0,79.43
17774,2022,3,12.0,61.36
17775,1961,3,1.0,90.37
17776,1943,3,1.0,85.24
17777,1955,6,4.0,100.16
17778,1958,9,1.0,161.37
17779,2019,3,10.0,131.81
17780,1958,3,11.0,95.38
17781,1930,3,1.0,86.06
17782,1921,6,1.0,102.06
17783,2002,3,1.0,45.47
17784,2004,9,1.0,233.22
17785,1946,9,1.0,108.28
17786,2014,9,1.0,90.41
17787,2014,3,12.0,77.63
17788,2003,3,1.0,436.02
17789,1931,3,1.0,154.33
17790,1951,3,1.0,76.61
17791,1951,3,12.0,76.61
17792,1951,6,1.0,101.08
17793,2001,3,1.0,113.74
17794,1921,3,5.0,115.47
17795,1921,3,1.0,79.67
17796,1923,3,5.0,98.45
17797,1923,3,1.0,60.08
17798,1991,3,1.0,60.09
17799,1950,3,10.0,149.82
17800,1927,3,1.0,154.57
17801,1927,3,12.0,154.57
17802,2007,6,1.0,439.7
17803,1973,6,2.0,214.43
17804,2001,3,1.0,214.43
17805,2009,6,5.0,183.1
17806,2009,6,12.0,71.32
17807,1903,3,4.0,2000.14
17808,2004,9,10.0,1813.02
17809,1967,6,12.0,1538.76
17810,2019,15,1.0,108.01
17811,2019,3,10.0,76.18
17812,2019,3,12.0,76.18
17813,1959,9,1.0,105.06
17814,2020,3,10.0,76.97
17815,1919,6,12.0,66.76
17816,1927,3,5.0,112.24
17817,1927,3,1.0,68.66
17818,1927,3,12.0,68.66
17819,1880,3,5.0,210.14
17820,1880,12,1.0,206.56
17821,2011,3,10.0,190.11
17822,1880,3,12.0,41.81
17823,2002,3,5.0,71.29
17824,2002,3,1.0,71.29
17825,2018,3,10.0,71.29
17826,1935,6,1.0,127.84
17827,1981,12,2.0,129.18
17828,1923,3,5.0,178.98
17829,1992,3,1.0,170.73
17830,1927,9,1.0,96.07
17831,1927,3,12.0,87.83
17832,1917,6,5.0,177.51
17833,1917,3,2.0,169.58
17834,1917,6,1.0,169.58
17835,1890,3,1.0,86.85
17836,1893,3,5.0,75.17
17837,1893,12,1.0,75.17
17838,2015,3,10.0,75.17
17839,1929,3,5.0,163.87
17840,1929,3,1.0,110.85
17841,1921,3,1.0,105.13
17842,1927,3,1.0,113.24
17843,1941,3,5.0,131.31
17844,1941,3,3.0,131.31
17845,1941,3,1.0,91.15
17846,2007,3,5.0,125.03
17847,2007,12,1.0,83.14
17848,2019,12,1.0,311.91
17849,2019,3,10.0,171.29
17850,2019,3,11.0,133.36
17851,2019,6,12.0,4.11
17852,2006,6,2.0,114.23
17853,2006,3,1.0,91.78
17854,1931,3,5.0,127.83
17855,1910,6,1.0,82.45
17856,1931,3,12.0,82.45
17857,1927,3,7.0,271.64
17858,1927,3,1.0,203.79
17859,1927,3,12.0,174.16
17860,1990,3,5.0,92.26
17861,1990,3,1.0,92.26
17862,2001,12,1.0,109.35
17863,2001,3,10.0,73.47
17864,2001,3,12.0,73.47
17865,1923,12,1.0,205.97
17866,1923,3,12.0,173.2
17867,1939,3,5.0,141.34
17868,1939,3,1.0,141.34
17869,2021,6,1.0,207.35
17870,2021,3,12.0,143.14
17871,1913,3,1.0,112.69
17872,1913,3,12.0,95.83
17873,1943,3,1.0,119.64
17874,1943,3,1.0,90.25
17875,1931,3,1.0,111.4
17876,1931,3,12.0,82.32
17877,1991,9,1.0,95.53
17878,1991,3,12.0,59.18
17879,1922,3,1.0,110.28
17880,1941,9,1.0,85.74
17881,1941,6,12.0,80.67
17882,1947,3,1.0,106.66
17883,1947,3,12.0,106.66
17884,1996,3,1.0,96.55
17885,1947,9,1.0,161.72
17886,1977,3,1.0,90.63
17887,1916,6,1.0,98.59
17888,1916,3,12.0,58.45
17889,1978,9,1.0,98.34
17890,1917,3,1.0,75.36
17891,1988,3,1.0,104.39
17892,1956,3,2.0,685.17
17893,1956,9,1.0,663.04
17894,1956,3,12.0,641.42
17895,1900,3,1.0,135.52
17896,2006,6,1.0,90.34
17897,2006,3,9.0,83.56
17898,2000,3,1.0,31.22
17899,1900,3,5.0,146.97
17900,1900,3,1.0,146.97
17901,1900,3,1.0,58.25
17902,1900,3,5.0,59.49
17903,1900,3,1.0,59.49
17904,1900,3,5.0,53.7
17905,1900,3,1.0,53.7
17906,1900,3,1.0,93.44
17907,2009,3,5.0,103.61
17908,2009,3,2.0,93.82
17909,2009,9,1.0,93.82
17910,2003,3,5.0,191.85
17911,2003,3,1.0,191.85
17912,2021,3,5.0,236.54
17913,2021,12,2.0,204.29
17914,1900,9,1.0,126.39
17915,1995,9,1.0,228.4
17916,1900,3,5.0,101.67
17917,1900,3,2.0,101.67
17918,1966,6,1.0,101.67
17919,1900,9,1.0,98.08
17920,1900,3,5.0,52.99
17921,1900,3,1.0,52.99
17922,1900,3,2.0,103.04
17923,2003,9,1.0,103.04
17924,1900,9,2.0,353.59
17925,1996,3,9.0,5.24
17926,1959,3,2.0,817.54
17927,1959,9,1.0,771.06
17928,1959,3,12.0,771.06
17929,1959,6,1.0,317.44
17930,1880,3,2.0,336.45
17931,1880,12,1.0,254.11
17932,1910,3,5.0,224.14
17933,1910,9,1.0,196.21
17934,1977,6,12.0,187.83
17935,1910,3,5.0,347.34
17936,1910,12,1.0,244.98
17937,2007,6,1.0,219.81
17938,1910,3,5.0,199.38
17939,1910,3,1.0,187.84
17940,1940,3,1.0,59.24
17941,1940,12,2.0,80.59
17942,1996,6,5.0,531.67
17943,1997,9,1.0,476.34
17944,2010,6,5.0,377.03
17945,2010,12,1.0,351.67
17946,2010,3,12.0,351.67
17947,1912,3,1.0,83.49
17948,1912,6,1.0,75.27
17949,2005,9,1.0,266.86
17950,1912,3,1.0,46.48
17951,1912,3,12.0,46.48
17952,1999,3,5.0,295.65
17953,1999,9,1.0,278.9
17954,1898,3,5.0,243.04
17955,1898,3,8.0,239.87
17956,2022,6,1.0,149.51
17957,1898,3,5.0,74.72
17958,1898,3,1.0,74.72
17959,1898,3,5.0,93.84
17960,1898,3,1.0,85.07
17961,1941,9,5.0,65.18
17962,1898,3,5.0,75.93
17963,1898,6,5.0,118.0
17964,1898,3,5.0,58.84
17965,1898,3,1.0,58.84
17966,2000,9,5.0,142.7
17967,1898,3,5.0,125.81
17968,1898,12,1.0,112.18
17969,1898,3,5.0,79.71
17970,1898,3,1.0,71.08
17971,1898,3,1.0,84.98
17972,2003,3,5.0,132.07
17973,2003,3,1.0,132.07
17974,1898,3,5.0,85.53
17975,1898,6,2.0,85.53
17976,1898,3,1.0,85.53
17977,1898,3,1.0,94.6
17978,1898,3,5.0,155.4
17979,1898,3,1.0,155.4
17980,2021,6,5.0,139.92
17981,2021,12,1.0,128.76
17982,1898,12,1.0,140.18
17983,1992,6,1.0,311.02
17984,1992,9,2.0,466.16
17985,1992,9,1.0,418.58
17986,1997,6,5.0,220.38
17987,2002,6,2.0,161.43
17988,1997,3,1.0,161.43
17989,1997,3,12.0,149.88
17990,1898,3,5.0,257.15
17991,1898,3,8.0,235.26
17992,1898,3,2.0,235.26
17993,1898,9,1.0,227.26
17994,1969,3,5.0,203.13
17995,1969,15,1.0,195.04
17996,1900,6,12.0,195.04
17997,1912,12,1.0,158.03
17998,1912,6,12.0,99.49
17999,1900,6,5.0,95.29
18000,1900,6,12.0,74.47
18001,1880,3,5.0,150.79
18002,1900,3,1.0,105.33
18003,1900,3,5.0,99.99
18004,1900,12,1.0,90.45
18005,1900,3,12.0,90.45
18006,1900,3,1.0,125.55
18007,1900,3,8.0,104.97
18008,1900,9,1.0,84.59
18009,1900,3,12.0,13.13
18010,1900,6,1.0,108.03
18011,1935,3,1.0,83.97
18012,1900,3,1.0,208.22
18013,1900,3,12.0,200.31
18014,2002,9,1.0,68.24
18015,1900,3,5.0,82.09
18016,1900,3,1.0,76.08
18017,1923,3,5.0,91.78
18018,1923,3,1.0,83.23
18019,1923,3,5.0,104.03
18020,1923,6,1.0,104.03
18021,1923,3,12.0,81.33
18022,1900,3,1.0,88.89
18023,1955,6,1.0,57.39
18024,2001,6,1.0,264.23
18025,1997,9,1.0,212.05
18026,1920,3,5.0,100.38
18027,1920,9,1.0,84.57
18028,1920,3,11.0,77.94
18029,1920,3,12.0,15.79
18030,1900,3,5.0,42.92
18031,1900,3,1.0,36.72
18032,1900,6,2.0,312.98
18033,1900,3,5.0,119.53
18034,2024,9,1.0,110.31
18035,2024,3,11.0,69.93
18036,1900,3,5.0,94.02
18037,1900,3,1.0,94.02
18038,1900,3,5.0,448.45
18039,2016,3,5.0,168.02
18040,2016,9,1.0,139.19
18041,2016,3,12.0,139.19
18042,1960,3,5.0,53.79
18043,1960,3,1.0,53.79
18044,1900,6,5.0,191.42
18045,1961,6,1.0,182.33
18046,1900,3,5.0,156.04
18047,1900,3,1.0,156.04
18048,1900,3,5.0,180.58
18049,1900,3,1.0,116.81
18050,1900,3,5.0,96.47
18051,1900,3,12.0,96.47
18052,1900,3,5.0,92.5
18053,1900,3,12.0,92.5
18054,1900,3,5.0,119.72
18055,1900,3,1.0,89.44
18056,1900,3,5.0,270.97
18057,1900,3,2.0,213.26
18058,1900,9,1.0,148.76
18059,2006,3,10.0,127.47
18060,1934,3,1.0,102.67
18061,1934,3,12.0,91.62
18062,1880,3,5.0,93.65
18063,1880,3,1.0,93.65
18064,2008,3,5.0,141.58
18065,2008,9,1.0,141.58
18066,1947,3,5.0,118.48
18067,1947,3,1.0,118.48
18068,1947,3,5.0,72.67
18069,1947,3,1.0,72.67
18070,1947,3,5.0,154.81
18071,1947,3,1.0,107.91
18072,1947,3,12.0,107.91
18073,1961,3,5.0,118.89
18074,1954,12,2.0,118.89
18075,1975,9,1.0,118.89
18076,1947,3,5.0,347.04
18077,1947,3,1.0,334.43
18078,1991,3,5.0,71.31
18079,1991,6,1.0,71.31
18080,1991,3,12.0,71.31
18081,1988,3,5.0,255.95
18082,1988,3,8.0,174.71
18083,1988,3,1.0,174.71
18084,1947,3,5.0,131.28
18085,1947,3,1.0,106.29
18086,2019,3,5.0,247.73
18087,2019,9,1.0,231.38
18088,2019,3,10.0,223.06
18089,1906,3,5.0,116.06
18090,1944,9,1.0,104.93
18091,1986,15,5.0,1658.4
18092,1988,3,2.0,1460.27
18093,2008,12,12.0,1064.18
18094,1947,3,5.0,109.85
18095,1947,3,1.0,67.02
18096,1995,3,5.0,369.67
18097,1995,9,1.0,320.01
18098,1947,6,1.0,172.97
18099,1946,6,1.0,325.15
18100,1947,6,12.0,96.65
18101,1890,6,2.0,75.33
18102,1890,6,1.0,55.81
18103,1895,6,1.0,216.49
18104,1895,6,12.0,166.66
18105,1928,6,1.0,125.24
18106,1900,3,12.0,80.04
18107,1964,3,1.0,155.44
18108,1936,3,1.0,130.49
18109,1950,3,1.0,130.48
18110,2016,6,1.0,101.66
18111,2016,3,12.0,83.18
18112,1994,3,1.0,123.29
18113,1900,3,1.0,175.78
18114,1900,9,1.0,87.61
18115,1900,3,12.0,77.13
18116,1890,9,1.0,243.8
18117,1936,3,3.0,1636.39
18118,2008,3,3.0,1724.12
18119,1900,18,2.0,1514.74
18120,1900,3,12.0,1514.74
18121,1927,6,1.0,242.39
18122,1900,6,1.0,91.5
18123,1900,3,11.0,88.26
18124,1900,3,12.0,
18125,1900,3,1.0,113.85
18126,1900,3,12.0,94.74
18127,1890,3,1.0,95.04
18128,1880,3,1.0,121.0
18129,1880,3,12.0,55.82
18130,1972,3,5.0,471.89
18131,1972,12,1.0,290.1
18132,1972,3,11.0,227.59
18133,1972,9,12.0,223.83
18134,1900,6,1.0,116.11
18135,1900,9,1.0,98.36
18136,1900,3,12.0,63.56
18137,1880,3,1.0,97.37
18138,2002,12,1.0,1635.54
18139,2001,9,12.0,152.96
18140,2003,3,5.0,1367.14
18141,2003,3,1.0,1339.88
18142,2004,3,12.0,1187.59
18143,1976,9,1.0,918.83
18144,1900,3,12.0,338.14
18145,1904,3,1.0,119.75
18146,1904,6,1.0,138.3
18147,1904,3,1.0,62.42
18148,1880,3,1.0,68.51
18149,1900,6,1.0,120.23
18150,1900,3,12.0,70.23
18151,2019,6,1.0,174.14
18152,2019,3,12.0,71.67
18153,1954,3,1.0,197.04
18154,1955,6,1.0,192.47
18155,1920,3,1.0,54.16
18156,1880,6,1.0,53.53
18157,1880,3,12.0,53.53
18158,1880,3,1.0,55.06
18159,1880,6,1.0,51.2
18160,1880,6,12.0,38.95
18161,1940,3,5.0,57.67
18162,1940,3,1.0,53.02
18163,1934,3,1.0,58.73
18164,1928,3,1.0,56.85
18165,1900,3,1.0,44.02
18166,1996,6,5.0,62.19
18167,1900,3,5.0,120.94
18168,1900,3,1.0,60.86
18169,1900,3,12.0,9.37
18170,1931,3,1.0,54.94
18171,1918,3,1.0,55.71
18172,2005,6,1.0,232.84
18173,1920,3,1.0,55.88
18174,1920,3,1.0,59.44
18175,1900,3,5.0,1029.98
18176,1900,6,1.0,529.88
18177,1997,3,1.0,118.76
18178,1895,3,5.0,117.43
18179,1895,3,1.0,83.97
18180,2001,6,1.0,161.99
18181,1990,3,12.0,96.84
18182,1996,3,1.0,85.76
18183,2024,9,1.0,125.06
18184,2024,3,12.0,
18185,1997,3,1.0,167.8
18186,1994,6,1.0,100.31
18187,1987,9,1.0,91.28
18188,1987,6,12.0,72.72
18189,1987,6,1.0,89.08
18190,2008,3,10.0,58.62
18191,1987,3,12.0,6.2
18192,1988,3,1.0,88.39
18193,1988,3,1.0,104.95
18194,1991,3,1.0,229.77
18195,1992,3,1.0,146.76
18196,1994,3,10.0,28.21
18197,1994,3,12.0,
18198,2023,3,5.0,1328.34
18199,2023,15,1.0,139.43
18200,1967,12,11.0,139.43
18201,1967,6,12.0,139.43
18202,1987,3,1.0,150.82
18203,2002,3,1.0,181.1
18204,1880,3,1.0,71.78
18205,1998,3,1.0,72.44
18206,1973,3,1.0,85.14
18207,2020,3,10.0,85.14
18208,1930,9,1.0,143.04
18209,1963,3,12.0,85.35
18210,1920,3,1.0,159.82
18211,1900,3,1.0,92.51
18212,1880,6,1.0,98.67
18213,1880,9,1.0,64.42
18214,1880,3,12.0,53.69
18215,1930,3,1.0,59.8
18216,1890,3,1.0,95.46
18217,1940,3,1.0,138.83
18218,1960,9,1.0,133.59
18219,1960,3,12.0,133.59
18220,2006,6,1.0,62.63
18221,1994,3,1.0,174.62
18222,2009,6,2.0,1922.51
18223,2009,3,1.0,1922.51
18224,1930,3,1.0,60.47
18225,1960,3,1.0,84.22
18226,1880,3,12.0,144.99
18227,1900,3,1.0,68.58
18228,1900,3,1.0,59.79
18229,1904,6,1.0,55.99
18230,1904,3,12.0,55.99
18231,2005,3,1.0,50.32
18232,1930,3,1.0,91.4
18233,1930,3,12.0,
18234,1960,9,1.0,167.84
18235,1960,3,11.0,142.55
18236,1960,3,12.0,104.59
18237,1920,3,1.0,79.21
18238,1920,3,12.0,76.73
18239,1920,3,1.0,68.72
18240,1930,3,1.0,60.71
18241,1890,6,1.0,64.61
18242,1890,3,11.0,55.47
18243,1896,3,1.0,70.14
18244,1964,12,1.0,201.5
18245,1915,3,1.0,94.62
18246,1920,3,12.0,292.18
18247,1987,3,1.0,77.95
18248,1987,3,12.0,77.95
18249,1900,3,1.0,80.44
18250,1900,3,12.0,80.44
18251,1970,12,1.0,99.59
18252,1960,3,12.0,77.33
18253,1958,6,1.0,152.52
18254,1880,3,1.0,113.61
18255,1880,3,12.0,87.2
18256,1900,3,1.0,46.61
18257,1900,3,12.0,46.61
18258,1900,6,1.0,52.19
18259,1900,3,1.0,56.65
18260,1960,3,1.0,66.17
18261,1900,3,1.0,73.8
18262,1900,3,1.0,58.05
18263,1900,3,1.0,100.35
18264,1930,9,1.0,77.94
18265,1987,3,1.0,94.07
18266,1987,3,1.0,73.11
18267,1987,3,12.0,73.11
18268,1987,3,1.0,79.37
18269,1987,3,12.0,79.37
18270,1987,3,1.0,84.8
18271,1987,3,12.0,77.06
18272,1987,3,1.0,76.58
18273,1987,3,12.0,76.58
18274,1970,3,5.0,1007.99
18275,2003,3,1.0,760.2
18276,2003,3,12.0,385.41
18277,2001,6,1.0,1965.21
18278,1900,3,5.0,160.91
18279,1900,3,1.0,84.37
18280,1900,3,12.0,31.93
18281,1930,3,5.0,72.17
18282,1930,3,1.0,64.7
18283,1900,3,1.0,104.04
18284,1950,3,1.0,87.66
18285,1972,9,1.0,94.66
18286,1900,3,12.0,83.9
18287,1990,3,1.0,66.9
18288,1900,6,1.0,74.75
18289,1900,3,12.0,59.94
18290,1900,6,1.0,175.03
18291,1900,3,12.0,120.96
18292,1959,9,1.0,112.52
18293,1900,3,11.0,88.32
18294,1900,3,12.0,37.82
18295,1900,3,1.0,86.61
18296,1923,9,1.0,161.08
18297,2018,3,10.0,69.33
18298,1900,3,12.0,64.83
18299,1900,9,1.0,104.3
18300,1900,3,12.0,62.39
18301,1900,3,1.0,116.15
18302,1948,6,1.0,100.46
18303,2021,3,10.0,70.59
18304,1900,3,12.0,
18305,2003,6,1.0,200.17
18306,1900,3,5.0,67.89
18307,1900,3,1.0,54.46
18308,2008,6,1.0,53.32
18309,1930,3,1.0,71.12
18310,1960,6,1.0,65.54
18311,1960,3,1.0,216.5
18312,1960,3,12.0,195.1
18313,1900,6,1.0,494.68
18314,2003,12,1.0,1957.84
18315,2009,9,1.0,184.14
18316,2009,3,12.0,180.92
18317,2018,9,1.0,151.54
18318,2018,3,10.0,86.15
18319,2018,3,12.0,40.15
18320,2018,3,1.0,130.21
18321,2018,3,10.0,83.31
18322,2018,3,12.0,26.01
18323,2018,3,1.0,130.24
18324,2018,3,10.0,83.81
18325,2018,3,12.0,26.34
18326,1999,12,4.0,2757.16
18327,1999,3,10.0,1747.95
18328,1999,3,11.0,1747.95
18329,1999,3,5.0,1166.39
18330,1998,21,1.0,1166.39
18331,2000,3,5.0,647.08
18332,2000,21,1.0,647.08
18333,2001,3,5.0,810.84
18334,2001,3,2.0,810.84
18335,2001,15,1.0,810.84
18336,2003,3,5.0,747.79
18337,2003,3,2.0,747.79
18338,2003,3,1.0,747.79
18339,2003,3,12.0,747.79
18340,2001,3,5.0,1162.13
18341,2001,3,1.0,1162.13
18342,2002,3,12.0,1162.13
18343,1950,3,2.0,261.11
18344,1950,3,1.0,160.17
18345,1996,3,12.0,160.17
18346,1969,3,4.0,194.87
18347,1979,12,1.0,192.82
18348,1994,12,1.0,171.75
18349,1920,3,1.0,76.12
18350,1979,6,1.0,248.23
18351,2009,3,10.0,75.62
18352,1965,3,12.0,
18353,1995,9,1.0,218.77
18354,1997,3,5.0,1339.19
18355,1997,3,8.0,1265.53
18356,1997,12,1.0,1265.53
18357,1997,6,12.0,1265.53
18358,1900,3,1.0,108.37
18359,1900,3,1.0,117.42
18360,1900,3,1.0,120.29
18361,1900,3,12.0,104.62
18362,1962,6,1.0,121.69
18363,1900,3,1.0,102.29
18364,1900,3,12.0,50.86
18365,1900,3,1.0,102.21
18366,1900,3,12.0,72.7
18367,1900,3,1.0,68.13
18368,1900,3,1.0,106.04
18369,1900,3,1.0,83.16
18370,1900,3,1.0,83.2
18371,1900,3,12.0,59.17
18372,1900,3,1.0,79.0
18373,1900,3,1.0,120.86
18374,1900,6,1.0,96.05
18375,1900,3,12.0,68.48
18376,1991,3,1.0,75.98
18377,1971,9,1.0,74.04
18378,1900,3,12.0,69.24
18379,1920,6,1.0,77.78
18380,2019,3,10.0,55.69
18381,1953,6,12.0,16.48
18382,1938,9,1.0,80.87
18383,1920,3,12.0,55.73
18384,2006,9,1.0,82.52
18385,1920,3,1.0,55.63
18386,1920,3,12.0,55.63
18387,1920,3,1.0,120.79
18388,1920,3,12.0,95.54
18389,1920,3,1.0,110.18
18390,1940,9,1.0,894.68
18391,1970,3,1.0,92.54
18392,1932,3,12.0,92.54
18393,1935,12,1.0,93.42
18394,1935,3,12.0,89.97
18395,1998,9,1.0,257.55
18396,1996,9,1.0,325.59
18397,1990,3,3.0,353.52
18398,1990,3,2.0,299.86
18399,2000,9,1.0,360.21
18400,1998,9,1.0,356.44
18401,2001,9,1.0,466.16
18402,2001,6,12.0,466.16
18403,1957,6,1.0,250.49
18404,1986,3,1.0,75.87
18405,1986,3,1.0,79.03
18406,1988,3,1.0,162.85
18407,1988,3,12.0,157.15
18408,2001,12,1.0,432.07
18409,2021,3,10.0,271.61
18410,1994,9,1.0,346.73
18411,1986,9,1.0,422.31
18412,1963,3,5.0,250.56
18413,1963,6,1.0,177.87
18414,2004,3,12.0,177.87
18415,1991,3,3.0,1666.09
18416,1936,3,1.0,319.29
18417,1936,3,12.0,207.53
18418,1947,3,3.0,305.84
18419,1903,3,12.0,
18420,1890,6,12.0,372.6
18421,1892,9,1.0,194.28
18422,1892,3,10.0,148.78
18423,1892,3,12.0,148.78
18424,1892,3,12.0,511.67
18425,1970,15,1.0,303.83
18426,1962,3,1.0,175.89
18427,1962,3,12.0,143.76
18428,1941,3,1.0,122.07
18429,1957,6,1.0,102.15
18430,1922,3,1.0,100.12
18431,1922,3,12.0,82.07
18432,1940,3,1.0,117.37
18433,1940,3,12.0,97.19
18434,1940,9,1.0,110.7
18435,1940,3,12.0,87.06
18436,1938,6,1.0,108.21
18437,1938,3,12.0,90.48
18438,1931,6,1.0,123.53
18439,1940,3,1.0,233.08
18440,1940,3,12.0,169.61
18441,1989,9,1.0,302.15
18442,1997,9,1.0,894.47
18443,2004,3,5.0,284.39
18444,2004,3,1.0,220.17
18445,2004,3,12.0,220.17
18446,2003,9,1.0,407.98
18447,2003,3,12.0,367.06
18448,2005,3,5.0,341.2
18449,2005,9,1.0,273.58
18450,2024,12,1.0,287.81
18451,2024,3,12.0,214.42
18452,1994,3,5.0,550.76
18453,1994,15,1.0,537.47
18454,1986,9,1.0,79.48
18455,2014,3,11.0,72.67
18456,2014,3,12.0,72.67
18457,2002,15,1.0,373.76
18458,1989,6,1.0,101.47
18459,1989,6,12.0,87.37
18460,2000,3,5.0,143.2
18461,2000,9,1.0,113.51
18462,2000,3,12.0,94.76
18463,1979,21,1.0,732.1
18464,1979,6,12.0,472.3
18465,1925,9,5.0,134.34
18466,1962,6,1.0,106.79
18467,1976,3,5.0,422.91
18468,1976,21,1.0,404.93
18469,1974,21,1.0,401.1
18470,1977,3,5.0,410.68
18471,1977,21,1.0,386.65
18472,1977,3,12.0,386.65
18473,1977,21,1.0,656.56
18474,1977,3,12.0,600.66
18475,1976,15,1.0,383.99
18476,1980,15,1.0,308.04
18477,1980,3,1.0,125.65
18478,1928,3,1.0,85.01
18479,1928,3,12.0,
18480,1930,3,1.0,93.61
18481,1929,3,1.0,163.24
18482,1929,3,1.0,127.5
18483,1932,6,1.0,115.18
18484,1932,3,12.0,101.82
18485,1988,9,1.0,209.09
18486,1971,3,1.0,83.2
18487,1934,3,1.0,78.14
18488,1934,3,1.0,89.3
18489,1934,3,12.0,
18490,1932,6,1.0,91.11
18491,1958,6,1.0,91.63
18492,1956,3,1.0,90.58
18493,1957,3,5.0,128.0
18494,1957,3,12.0,
18495,1930,3,1.0,128.15
18496,2006,3,1.0,75.26
18497,1922,3,1.0,88.9
18498,1957,3,1.0,110.44
18499,1957,3,12.0,63.69
18500,1970,3,5.0,428.55
18501,1970,12,1.0,378.67
18502,1940,3,5.0,144.47
18503,1960,3,1.0,99.34
18504,1954,3,1.0,184.98
18505,1930,3,1.0,113.83
18506,1958,9,1.0,104.25
18507,1958,6,12.0,71.69
18508,2010,6,5.0,98.93
18509,2007,9,1.0,98.93
18510,2000,3,5.0,125.98
18511,2000,3,1.0,125.98
18512,2000,3,12.0,125.98
18513,2000,9,1.0,81.41
18514,1973,6,1.0,85.04
18515,1955,3,12.0,85.04
18516,1900,3,1.0,104.12
18517,1900,3,12.0,71.49
18518,1910,3,1.0,103.28
18519,1910,3,12.0,68.62
18520,1956,6,1.0,112.84
18521,1900,3,12.0,84.38
18522,1981,6,1.0,114.63
18523,1971,3,1.0,84.77
18524,1992,3,5.0,349.65
18525,1992,9,1.0,345.38
18526,1996,9,1.0,760.38
18527,1991,9,1.0,605.41
18528,1930,3,1.0,104.67
18529,1928,3,1.0,127.79
18530,1954,3,1.0,155.69
18531,1992,3,1.0,345.33
18532,1992,3,12.0,197.01
18533,2021,6,1.0,92.95
18534,2021,3,10.0,84.33
18535,2021,3,12.0,
18536,2000,9,1.0,116.61
18537,1998,12,1.0,109.55
18538,1996,3,10.0,95.92
18539,1996,6,12.0,38.53
18540,1928,6,1.0,266.46
18541,1928,6,12.0,124.71
18542,1930,3,1.0,107.1
18543,1990,12,1.0,76.75
18544,1990,3,12.0,76.75
18545,1989,6,1.0,91.75
18546,1989,6,12.0,83.42
18547,1989,6,1.0,91.51
18548,1989,6,12.0,83.16
18549,1991,9,1.0,289.22
18550,1988,3,1.0,83.8
18551,1970,9,1.0,942.81
18552,1981,9,1.0,1073.41
18553,2003,9,1.0,239.69
18554,2003,3,5.0,289.98
18555,2003,18,1.0,209.44
18556,2003,6,12.0,209.44
18557,1950,3,10.0,4216.22
18558,1950,3,11.0,3079.22
18559,1950,3,12.0,
18560,1930,3,1.0,111.84
18561,2018,12,1.0,59.15
18562,2018,3,10.0,59.15
18563,2018,6,12.0,55.49
18564,2004,3,1.0,69.27
18565,1996,3,1.0,177.47
18566,2003,3,1.0,94.85
18567,1998,3,5.0,124.52
18568,1998,9,1.0,119.55
18569,1998,3,10.0,106.2
18570,1998,3,12.0,
18571,2002,3,1.0,90.99
18572,2002,3,1.0,121.54
18573,2003,3,5.0,1695.38
18574,2003,9,1.0,1695.38
18575,2006,3,4.0,2149.49
18576,1992,3,12.0,28.11
18577,2007,3,4.0,432.24
18578,1999,3,5.0,1172.18
18579,1999,12,1.0,1172.18
18580,1999,6,12.0,1172.18
18581,1999,15,1.0,617.75
18582,1999,3,1.0,69.97
18583,2021,9,1.0,75.61
18584,2021,3,10.0,72.02
18585,2021,3,11.0,54.01
18586,1999,3,1.0,72.49
18587,2003,3,1.0,72.79
18588,2000,3,1.0,74.54
18589,2000,3,12.0,74.54
18590,2000,3,5.0,612.07
18591,2000,12,1.0,586.09
18592,2001,6,1.0,432.15
18593,1960,3,1.0,121.64
18594,1960,3,1.0,160.65
18595,1960,3,1.0,128.36
18596,1957,9,1.0,103.47
18597,1957,3,12.0,93.72
18598,1957,6,1.0,111.66
18599,1957,6,11.0,97.49
18600,1971,9,1.0,108.24
18601,1960,3,1.0,117.99
18602,1960,6,1.0,110.68
18603,1960,3,1.0,95.81
18604,1960,6,1.0,110.83
18605,1960,3,1.0,112.04
18606,1965,3,5.0,221.37
18607,2007,9,1.0,174.53
18608,1965,3,11.0,135.54
18609,1965,6,12.0,42.91
18610,1970,3,1.0,237.79
18611,1960,3,1.0,132.54
18612,1960,3,1.0,143.99
18613,1960,3,1.0,101.68
18614,1960,3,1.0,102.38
18615,1960,3,1.0,101.58
18616,1960,3,12.0,6.88
18617,1960,3,1.0,135.89
18618,1960,3,5.0,179.1
18619,1960,3,1.0,139.21
18620,1996,6,1.0,170.35
18621,2000,3,12.0,170.35
18622,2003,9,1.0,335.45
18623,2003,9,1.0,826.96
18624,2002,9,1.0,499.24
18625,2008,6,1.0,259.2
18626,1960,6,1.0,89.99
18627,1960,3,12.0,89.99
18628,1960,6,1.0,91.27
18629,1960,3,12.0,91.27
18630,2022,6,7.0,1275.8
18631,2022,12,4.0,2601.37
18632,2022,3,10.0,1287.06
18633,2007,12,1.0,1372.03
18634,2019,15,1.0,2044.07
18635,2019,3,12.0,1371.21
18636,2007,12,1.0,463.4
18637,2007,12,1.0,450.01
18638,2006,12,1.0,562.57
18639,2005,15,1.0,1162.55
18640,2006,3,5.0,1560.01
18641,2005,12,1.0,1554.82
18642,2005,6,12.0,1554.82
18643,1988,3,2.0,1217.76
18644,1988,3,12.0,104.86
18645,1998,3,5.0,800.0
18646,2003,3,9.0,
18647,1998,3,11.0,
18648,1974,3,12.0,37.39
18649,1974,3,12.0,335.21
18650,1974,3,12.0,324.84
18651,1974,3,3.0,395.56
18652,1997,6,2.0,395.56
18653,1974,3,12.0,
18654,1974,3,2.0,739.44
18655,1974,3,12.0,
18656,1971,3,2.0,1242.47
18657,1974,3,12.0,
18658,1974,3,2.0,1103.69
18659,1974,3,12.0,
18660,1974,6,2.0,943.7
18661,1974,3,12.0,637.7
18662,1988,3,2.0,820.8
18663,1988,3,12.0,58.88
18664,1991,3,5.0,7189.93
18665,1991,3,3.0,647.16
18666,1991,3,2.0,
18667,1991,3,11.0,
18668,1991,3,12.0,
18669,1991,3,3.0,517.41
18670,1991,3,2.0,
18671,1991,3,3.0,547.45
18672,1991,6,2.0,301.36
18673,1991,3,12.0,
18674,1991,3,3.0,522.32
18675,1991,3,2.0,
18676,1991,3,12.0,
18677,1991,3,2.0,540.77
18678,1991,3,12.0,
18679,1991,3,2.0,491.99
18680,1991,3,12.0,491.99
18681,1991,6,2.0,448.8
18682,1991,3,12.0,124.67
18683,1991,3,3.0,472.99
18684,1994,3,2.0,53.54
18685,1991,3,2.0,446.87
18686,1991,9,12.0,70.36
18687,1989,3,2.0,490.76
18688,1989,3,12.0,46.88
18689,1989,3,2.0,390.54
18690,1989,3,12.0,46.51
18691,1989,3,2.0,670.22
18692,1989,3,12.0,65.76
18693,1988,3,12.0,802.86
18694,1988,3,12.0,756.18
18695,1988,3,2.0,761.47
18696,1988,3,12.0,95.15
18697,1988,3,12.0,47.01
18698,1982,3,2.0,607.93
18699,1982,3,12.0,
18700,1974,3,2.0,640.15
18701,1974,3,12.0,
18702,1974,3,12.0,243.14
18703,1974,3,12.0,234.66
18704,1974,3,12.0,235.0
18705,1974,3,12.0,230.01
18706,1991,3,12.0,24.96
18707,1997,3,3.0,901.85
18708,1974,3,3.0,309.57
18709,2015,3,12.0,
18710,1974,3,12.0,284.09
18711,1974,3,3.0,371.59
18712,1974,3,3.0,343.09
18713,1974,3,2.0,
18714,1984,3,1.0,143.25
18715,1970,3,5.0,128.93
18716,1970,6,1.0,106.97
18717,1963,6,1.0,294.91
18718,1965,3,12.0,155.4
18719,2001,9,1.0,210.42
18720,1948,3,1.0,148.61
18721,1964,6,1.0,147.5
18722,1975,6,1.0,331.72
18723,1965,3,12.0,311.5
18724,1983,3,1.0,125.71
18725,1983,3,12.0,125.71
18726,1965,3,1.0,132.92
18727,1965,3,5.0,93.17
18728,1965,9,1.0,82.29
18729,1950,15,1.0,186.75
18730,1950,3,12.0,180.59
18731,1940,3,1.0,73.26
18732,1940,3,12.0,65.95
18733,1995,3,1.0,65.39
18734,1960,3,1.0,96.58
18735,1960,3,12.0,
18736,1957,3,1.0,86.78
18737,1957,3,12.0,62.82
18738,1955,6,1.0,95.08
18739,1945,3,1.0,80.43
18740,1945,3,12.0,73.61
18741,1963,3,12.0,65.87
18742,1936,3,12.0,185.21
18743,1930,3,1.0,108.71
18744,1933,3,1.0,100.76
18745,1955,3,1.0,111.67
18746,1953,3,1.0,103.28
18747,1953,3,12.0,81.11
18748,1958,3,1.0,118.26
18749,1930,3,1.0,100.85
18750,1930,3,1.0,103.1
18751,2001,3,5.0,1833.84
18752,2001,9,1.0,1768.98
18753,2006,9,1.0,158.17
18754,2001,6,1.0,83.27
18755,1997,3,1.0,111.46
18756,1990,3,1.0,171.68
18757,1990,6,12.0,131.96
18758,1978,3,12.0,1170.32
18759,1965,9,1.0,104.73
18760,1964,3,1.0,61.59
18761,1973,3,12.0,140.9
18762,1971,3,1.0,122.93
18763,1971,3,12.0,91.73
18764,1968,9,1.0,137.14
18765,1968,3,12.0,82.48
18766,1990,3,1.0,84.86
18767,1990,3,1.0,84.97
18768,1990,3,1.0,85.08
18769,1990,3,12.0,63.28
18770,1997,3,1.0,84.65
18771,1996,3,1.0,85.49
18772,1998,3,1.0,84.77
18773,2000,9,1.0,84.64
18774,1997,3,12.0,63.58
18775,1994,3,5.0,120.69
18776,1994,9,1.0,72.09
18777,1994,3,11.0,51.94
18778,1994,3,12.0,
18779,1999,3,5.0,247.67
18780,1999,9,1.0,247.67
18781,1998,9,1.0,726.77
18782,1998,9,12.0,715.56
18783,1963,3,1.0,95.38
18784,2002,9,1.0,562.0
18785,2002,9,12.0,301.54
18786,1998,9,1.0,533.32
18787,2000,9,1.0,782.41
18788,1998,12,1.0,591.1
18789,2002,9,1.0,162.15
18790,2007,9,1.0,154.2
18791,1999,9,1.0,616.93
18792,1955,3,1.0,131.32
18793,1955,9,1.0,114.54
18794,1955,3,11.0,92.19
18795,1955,3,12.0,80.21
18796,1961,3,1.0,155.46
18797,1950,3,5.0,51.29
18798,1950,3,1.0,26.6
18799,1950,3,1.0,58.08
18800,1950,3,1.0,77.56
18801,1960,6,1.0,115.15
18802,1956,3,1.0,74.9
18803,1954,3,1.0,84.0
18804,1954,3,12.0,56.75
18805,1997,3,1.0,161.9
18806,1941,3,1.0,100.18
18807,1967,3,1.0,132.08
18808,1967,3,12.0,115.42
18809,1999,6,1.0,114.02
18810,2004,3,1.0,109.19
18811,1970,3,9.0,156.12
18812,1999,3,9.0,352.95
18813,1978,3,4.0,937.03
18814,1929,3,1.0,194.36
18815,1941,3,1.0,105.16
18816,1941,3,12.0,
18817,1979,6,1.0,98.92
18818,1954,3,12.0,48.3
18819,2009,3,5.0,255.48
18820,2009,9,1.0,159.65
18821,2009,3,12.0,149.72
18822,1997,3,1.0,172.52
18823,1945,3,1.0,126.59
18824,1929,3,1.0,126.71
18825,1945,3,1.0,170.26
18826,1985,3,1.0,110.31
18827,1920,3,12.0,57.79
18828,1970,3,1.0,113.26
18829,1978,3,12.0,119.46
18830,1960,3,1.0,77.13
18831,1960,3,12.0,77.13
18832,1950,3,1.0,57.84
18833,1933,3,1.0,104.8
18834,1954,3,1.0,160.98
18835,1935,3,1.0,111.27
18836,1935,3,1.0,108.36
18837,2001,3,1.0,136.11
18838,2006,3,3.0,119.96
18839,2006,9,1.0,117.03
18840,1926,3,1.0,215.9
18841,1960,3,12.0,6.61
18842,2010,3,5.0,575.33
18843,2010,12,1.0,394.39
18844,2010,9,12.0,394.39
18845,2019,15,1.0,197.03
18846,2019,3,12.0,167.82
18847,1983,12,1.0,283.65
18848,1983,3,12.0,261.34
18849,1958,9,1.0,139.38
18850,1949,3,12.0,87.51
18851,1950,3,1.0,137.49
18852,1910,3,1.0,154.85
18853,1950,3,1.0,175.85
18854,1920,3,12.0,56.52
18855,1950,3,1.0,100.21
18856,1950,3,12.0,95.95
18857,1999,6,1.0,381.71
18858,1999,3,12.0,127.41
18859,1955,9,1.0,137.32
18860,2000,9,1.0,249.26
18861,1930,3,1.0,162.33
18862,1930,3,12.0,144.66
18863,1989,3,1.0,80.51
18864,1992,9,1.0,766.29
18865,1940,3,1.0,116.17
18866,1950,3,1.0,110.22
18867,1950,3,1.0,117.56
18868,1989,3,1.0,79.56
18869,1999,12,1.0,83.64
18870,1989,3,12.0,64.68
18871,2002,9,1.0,466.15
18872,2019,12,1.0,397.48
18873,2019,3,12.0,263.35
18874,1900,3,3.0,202.02
18875,1900,3,1.0,180.1
18876,1900,3,12.0,165.16
18877,1900,3,1.0,276.24
18878,1900,3,12.0,5.98
18879,1900,3,3.0,462.52
18880,1900,3,1.0,262.12
18881,1992,3,1.0,120.35
18882,1900,3,5.0,173.98
18883,1900,3,1.0,80.1
18884,1900,3,12.0,
18885,1900,3,11.0,172.58
18886,1900,3,12.0,24.3
18887,1900,3,1.0,144.67
18888,1900,3,12.0,123.38
18889,1979,6,1.0,145.19
18890,1979,3,12.0,116.2
18891,2016,6,1.0,141.14
18892,1923,9,12.0,119.53
18893,1999,3,1.0,57.78
18894,1900,3,3.0,150.66
18895,1960,3,1.0,252.93
18896,1960,3,1.0,189.13
18897,1900,6,1.0,129.67
18898,1957,3,1.0,145.1
18899,1900,3,3.0,889.89
18900,1900,3,1.0,219.6
18901,1900,3,12.0,175.92
18902,1970,3,5.0,164.91
18903,1970,15,1.0,164.91
18904,1963,6,1.0,169.47
18905,1963,6,12.0,101.78
18906,1943,3,1.0,115.68
18907,1936,3,1.0,127.28
18908,1900,3,1.0,144.37
18909,1935,6,1.0,419.54
18910,1970,3,11.0,159.87
18911,1923,6,12.0,
18912,1900,3,1.0,119.84
18913,1998,3,1.0,119.39
18914,1930,3,1.0,118.42
18915,1900,3,1.0,122.7
18916,1952,3,1.0,101.65
18917,1900,3,12.0,4.49
18918,2010,12,1.0,559.73
18919,2010,6,12.0,498.08
18920,1905,3,5.0,152.93
18921,1905,3,1.0,145.37
18922,1905,3,1.0,74.22
18923,1905,3,1.0,51.81
18924,1905,3,5.0,68.98
18925,1905,3,1.0,58.58
18926,1905,3,5.0,84.99
18927,1905,3,1.0,78.58
18928,1905,3,1.0,85.23
18929,1905,3,1.0,128.55
18930,1905,3,12.0,82.75
18931,1987,3,1.0,191.16
18932,1987,3,12.0,131.4
18933,2013,6,1.0,230.76
18934,2013,3,12.0,127.83
18935,2023,9,1.0,184.04
18936,2023,3,12.0,147.79
18937,1910,3,1.0,104.5
18938,1910,3,12.0,88.35
18939,1998,3,1.0,72.12
18940,1908,3,1.0,103.1
18941,1908,3,12.0,87.08
18942,1908,3,1.0,101.29
18943,1908,3,12.0,86.52
18944,2001,3,1.0,191.67
18945,1900,3,5.0,161.94
18946,1900,3,1.0,147.57
18947,1905,3,1.0,64.38
18948,1941,3,1.0,62.62
18949,1900,3,1.0,66.06
18950,1900,3,1.0,72.8
18951,1900,3,12.0,65.09
18952,1905,3,1.0,72.36
18953,1905,3,1.0,48.65
18954,1905,3,1.0,57.92
18955,1905,6,1.0,53.4
18956,1905,9,1.0,75.58
18957,1905,3,12.0,63.29
18958,1905,3,1.0,74.12
18959,1905,3,12.0,70.68
18960,1934,12,1.0,52.94
18961,1905,3,11.0,47.54
18962,1905,3,12.0,47.54
18963,1990,3,1.0,58.88
18964,1990,3,12.0,46.37
18965,1905,3,1.0,73.81
18966,1905,3,1.0,76.1
18967,1905,3,12.0,67.52
18968,1987,3,12.0,296.73
18969,2001,9,1.0,635.83
18970,1930,3,5.0,128.26
18971,1930,6,1.0,80.19
18972,1930,6,12.0,25.0
18973,1950,3,5.0,109.23
18974,1950,9,1.0,92.45
18975,1883,3,1.0,133.32
18976,1883,3,12.0,72.92
18977,1880,6,12.0,128.99
18978,1900,3,5.0,121.78
18979,1900,3,1.0,86.98
18980,1880,3,5.0,78.73
18981,1880,3,1.0,55.3
18982,1880,3,5.0,87.55
18983,1880,3,5.0,107.78
18984,1880,3,1.0,95.18
18985,1880,3,12.0,
18986,1990,3,1.0,46.08
18987,1880,3,5.0,72.97
18988,1880,3,1.0,68.07
18989,1900,3,1.0,71.4
18990,1900,3,1.0,73.03
18991,1900,3,1.0,63.79
18992,1900,3,12.0,51.93
18993,1985,3,1.0,73.13
18994,2004,9,1.0,44.82
18995,2004,3,12.0,44.82
18996,1900,6,1.0,69.23
18997,1900,9,1.0,71.67
18998,1900,3,12.0,67.44
18999,1932,3,1.0,60.24
19000,1900,3,12.0,60.24
19001,1936,3,1.0,53.63
19002,1900,3,12.0,53.63
19003,1953,6,1.0,69.35
19004,1900,3,12.0,63.12
19005,1900,3,1.0,49.23
19006,1900,3,1.0,65.59
19007,1900,3,12.0,60.53
19008,1900,12,1.0,64.12
19009,1900,3,12.0,60.82
19010,2018,12,1.0,56.11
19011,2018,3,12.0,56.11
19012,1900,3,1.0,66.11
19013,1900,3,1.0,61.06
19014,1900,3,12.0,47.57
19015,1900,3,1.0,61.79
19016,1900,3,1.0,68.72
19017,2018,9,1.0,334.0
19018,2018,3,11.0,156.21
19019,2018,3,12.0,54.02
19020,1880,3,5.0,146.61
19021,1880,3,1.0,138.56
19022,1880,3,4.0,250.43
19023,1880,3,12.0,222.17
19024,1880,3,1.0,188.64
19025,1880,3,12.0,110.98
19026,1880,3,5.0,123.67
19027,1880,3,1.0,95.32
19028,1880,3,5.0,89.55
19029,1880,3,1.0,75.16
19030,1919,3,1.0,99.22
19031,1880,3,12.0,64.9
19032,2022,6,1.0,84.55
19033,1880,3,10.0,69.78
19034,2022,3,12.0,
19035,1880,3,5.0,129.51
19036,1880,3,1.0,94.63
19037,1880,6,1.0,131.55
19038,1936,3,1.0,118.88
19039,1936,3,12.0,118.88
19040,2004,3,1.0,68.83
19041,2004,9,1.0,122.58
19042,2004,3,12.0,79.6
19043,2004,9,1.0,111.47
19044,2004,3,12.0,69.73
19045,2004,3,1.0,1103.66
19046,2004,3,12.0,983.01
19047,1998,9,1.0,86.0
19048,1999,3,1.0,163.52
19049,1933,3,1.0,129.26
19050,1933,3,1.0,142.91
19051,1933,3,1.0,92.32
19052,1933,3,12.0,82.07
19053,1943,9,1.0,184.12
19054,1943,12,12.0,113.37
19055,2007,6,1.0,107.58
19056,1900,6,1.0,148.36
19057,1933,3,8.0,72.96
19058,1933,6,1.0,72.96
19059,1933,3,12.0,62.23
19060,2019,6,1.0,117.55
19061,1957,3,1.0,114.17
19062,1951,3,5.0,114.76
19063,1967,12,1.0,106.16
19064,1983,3,11.0,106.16
19065,1912,9,1.0,103.13
19066,1912,3,12.0,70.1
19067,1953,3,1.0,112.26
19068,1953,3,12.0,112.26
19069,1910,3,1.0,145.26
19070,2019,9,1.0,155.52
19071,2019,3,10.0,100.64
19072,2019,3,12.0,92.63
19073,1956,9,1.0,251.26
19074,1994,3,1.0,120.8
19075,1895,6,1.0,80.86
19076,1919,3,1.0,122.09
19077,1931,3,1.0,109.96
19078,1926,3,1.0,64.33
19079,1926,3,12.0,64.33
19080,1994,3,1.0,75.37
19081,1929,3,12.0,59.94
19082,1923,6,1.0,92.41
19083,1960,6,1.0,103.25
19084,1960,12,12.0,85.75
19085,1951,6,1.0,81.97
19086,1951,6,12.0,81.97
19087,1886,3,1.0,104.79
19088,1886,3,12.0,104.79
19089,1920,3,5.0,84.48
19090,1920,3,1.0,66.73
19091,1931,3,5.0,100.51
19092,1931,3,1.0,91.48
19093,1917,3,1.0,102.06
19094,1952,6,1.0,77.26
19095,1952,6,12.0,68.25
19096,1916,6,1.0,79.09
19097,1880,3,12.0,58.99
19098,1946,3,1.0,103.99
19099,1946,3,12.0,86.4
19100,1928,3,5.0,103.56
19101,1928,6,1.0,96.54
19102,1900,9,1.0,101.55
19103,1935,3,5.0,97.49
19104,1935,3,1.0,97.49
19105,1953,3,5.0,114.11
19106,1953,9,1.0,97.08
19107,1953,6,12.0,65.08
19108,2023,9,1.0,68.73
19109,2023,3,11.0,55.27
19110,2007,6,1.0,86.58
19111,1931,9,1.0,84.65
19112,1931,3,12.0,70.81
19113,1951,3,1.0,98.85
19114,1920,3,5.0,108.49
19115,1920,3,1.0,94.35
19116,1920,6,12.0,73.14
19117,1935,3,1.0,129.56
19118,1935,3,12.0,110.46
19119,1930,3,1.0,84.0
19120,1930,3,12.0,71.58
19121,1927,6,1.0,81.34
19122,1927,3,12.0,81.34
19123,1931,6,1.0,111.75
19124,1976,6,1.0,88.74
19125,1995,3,1.0,143.16
19126,2015,9,1.0,66.27
19127,2015,3,12.0,60.31
19128,1931,3,1.0,74.78
19129,1931,3,12.0,58.93
19130,2000,9,1.0,45.45
19131,2000,3,12.0,80.0
19132,2002,3,5.0,476.54
19133,2002,3,1.0,476.54
19134,2002,3,12.0,413.87
19135,2003,6,1.0,714.58
19136,2008,6,1.0,942.31
19137,2010,6,1.0,124.9
19138,1945,3,1.0,92.42
19139,1910,3,1.0,91.2
19140,1950,3,1.0,93.35
19141,2022,9,1.0,405.04
19142,2022,3,12.0,405.04
19143,1945,3,1.0,104.22
19144,1992,9,1.0,397.39
19145,1950,3,1.0,208.2
19146,1945,6,1.0,104.0
19147,1945,3,12.0,78.97
19148,1940,3,6.0,537.5
19149,1940,3,4.0,291.03
19150,1995,6,1.0,267.76
19151,1901,3,1.0,146.32
19152,1901,3,12.0,120.25
19153,2009,9,1.0,174.56
19154,2009,3,12.0,174.56
19155,2018,6,1.0,205.88
19156,2018,3,10.0,136.82
19157,2018,6,12.0,110.92
19158,1909,6,1.0,127.62
19159,1923,3,1.0,236.37
19160,1923,3,12.0,129.64
19161,1931,3,1.0,366.78
19162,1957,6,1.0,129.07
19163,1943,6,2.0,208.77
19164,2012,3,1.0,122.31
19165,1974,3,12.0,95.37
19166,1941,3,1.0,136.26
19167,1952,3,1.0,129.33
19168,1943,3,1.0,116.71
19169,1943,3,12.0,96.12
19170,1941,3,5.0,141.86
19171,1941,3,1.0,122.5
19172,1941,3,1.0,151.84
19173,1941,3,12.0,123.99
19174,1930,3,2.0,204.19
19175,1930,3,1.0,133.65
19176,1931,3,1.0,106.69
19177,1931,3,12.0,90.11
19178,1900,3,5.0,110.32
19179,1900,9,1.0,69.92
19180,1880,3,1.0,126.05
19181,1929,3,1.0,68.71
19182,1943,3,5.0,81.94
19183,1943,3,1.0,59.55
19184,1904,3,5.0,312.56
19185,1904,3,1.0,208.22
19186,1904,3,12.0,
19187,1931,3,1.0,54.81
19188,1904,3,1.0,164.82
19189,1953,3,10.0,1150.2
19190,2003,3,1.0,312.94
19191,2003,3,12.0,271.41
19192,1929,3,5.0,374.79
19193,1987,9,1.0,227.7
19194,1972,6,12.0,171.44
19195,2004,9,1.0,3219.1
19196,1926,6,1.0,347.9
19197,1921,6,12.0,312.96
19198,1992,9,2.0,59.5
19199,1957,9,5.0,77.49
19200,1957,6,1.0,74.68
19201,1957,3,12.0,48.51
19202,1925,3,5.0,89.79
19203,1925,3,1.0,87.49
19204,1957,3,1.0,118.33
19205,1928,3,1.0,137.32
19206,1963,3,5.0,70.38
19207,1963,3,2.0,70.38
19208,1958,6,1.0,49.08
19209,1957,3,5.0,74.4
19210,1957,3,5.0,191.71
19211,1957,3,1.0,126.85
19212,1957,3,5.0,184.9
19213,1957,6,1.0,151.06
19214,1957,3,12.0,151.06
19215,1938,3,5.0,165.97
19216,1938,3,1.0,148.24
19217,1938,3,12.0,148.24
19218,1957,3,5.0,80.92
19219,1957,3,1.0,75.27
19220,1957,3,5.0,381.19
19221,1957,15,1.0,289.09
19222,1957,3,12.0,212.46
19223,1957,6,2.0,391.85
19224,1957,6,12.0,381.0
19225,1957,3,5.0,172.79
19226,1957,3,1.0,80.9
19227,1957,3,5.0,303.74
19228,1957,9,1.0,160.19
19229,1957,3,12.0,122.19
19230,1900,3,1.0,100.97
19231,1957,3,1.0,176.69
19232,1900,3,8.0,2004.33
19233,1957,3,5.0,107.19
19234,1976,9,1.0,107.19
19235,1957,3,1.0,80.25
19236,1957,3,5.0,217.39
19237,1957,3,1.0,177.85
19238,1957,3,12.0,144.89
19239,1945,3,5.0,242.21
19240,1957,3,5.0,347.31
19241,1963,12,1.0,340.2
19242,1991,3,10.0,220.51
19243,1900,3,1.0,133.03
19244,1900,3,12.0,52.3
19245,1996,3,1.0,91.42
19246,1957,3,12.0,78.91
19247,1947,3,1.0,128.7
19248,1947,3,12.0,98.23
19249,1900,3,1.0,112.0
19250,1962,3,2.0,466.28
19251,1947,3,1.0,466.18
19252,1900,3,5.0,2900.79
19253,1900,3,3.0,2731.26
19254,1956,3,5.0,121.07
19255,1956,9,1.0,99.21
19256,1900,3,1.0,83.74
19257,1956,6,5.0,1513.73
19258,1956,9,2.0,1477.63
19259,1957,3,11.0,1477.63
19260,1957,9,12.0,1062.44
19261,1900,3,9.0,820.16
19262,1947,3,3.0,725.86
19263,1957,3,1.0,357.8
19264,1957,3,5.0,79.02
19265,1957,3,1.0,70.46
19266,1986,9,,2492.58
19267,1986,9,1.0,2004.9
19268,1986,3,12.0,1115.89
19269,1957,3,5.0,77.7
19270,1957,9,1.0,77.7
19271,1900,9,,2409.94
19272,1900,3,11.0,653.9
19273,1900,3,12.0,431.02
19274,1880,3,5.0,66.5
19275,1918,12,2.0,66.5
19276,1991,9,5.0,111.95
19277,1991,6,12.0,111.95
19278,1957,9,5.0,399.3
19279,2001,3,5.0,194.13
19280,2001,9,1.0,183.71
19281,1900,12,,142.3
19282,1900,9,11.0,86.27
19283,1947,3,5.0,127.93
19284,1969,15,2.0,127.93
19285,1947,3,5.0,134.81
19286,1947,3,1.0,86.58
19287,1947,3,5.0,354.63
19288,1947,12,1.0,218.47
19289,1947,3,12.0,218.47
19290,1947,3,5.0,166.43
19291,1947,3,1.0,109.04
19292,1900,3,5.0,134.71
19293,1900,6,12.0,82.91
19294,1947,3,5.0,907.48
19295,1947,15,4.0,907.48
19296,1947,3,2.0,668.44
19297,1947,3,10.0,30.24
19298,1947,6,12.0,
19299,1947,3,4.0,798.66
19300,1947,3,1.0,1416.57
19301,2002,12,1.0,118.21
19302,2018,3,10.0,107.66
19303,2002,3,12.0,97.1
19304,1947,3,1.0,83.71
19305,1947,3,5.0,340.81
19306,1947,6,2.0,332.12
19307,1947,3,1.0,99.91
19308,1880,3,5.0,109.58
19309,1880,3,1.0,84.62
19310,1947,3,3.0,274.29
19311,1947,15,1.0,335.96
19312,1947,3,4.0,166.13
19313,1947,3,1.0,144.26
19314,1947,3,5.0,103.93
19315,2022,6,8.0,49.09
19316,1947,3,1.0,39.37
19317,2005,6,1.0,43.58
19318,2005,3,12.0,43.58
19319,1881,3,5.0,201.51
19320,1881,6,1.0,100.49
19321,1962,9,5.0,116.59
19322,1947,3,11.0,87.73
19323,1947,6,12.0,87.73
19324,1876,3,1.0,120.42
19325,1947,3,5.0,106.22
19326,1947,6,1.0,67.51
19327,2006,9,5.0,167.47
19328,1980,12,1.0,794.89
19329,1947,3,5.0,146.62
19330,1947,3,1.0,146.62
19331,1947,12,1.0,75.6
19332,1947,3,12.0,75.6
19333,1947,3,5.0,150.62
19334,1947,3,1.0,114.78
19335,1947,3,5.0,150.4
19336,1947,9,12.0,133.03
19337,1947,3,1.0,159.79
19338,1918,3,1.0,112.69
19339,1900,3,5.0,136.78
19340,1900,3,1.0,108.54
19341,1880,3,1.0,23.62
19342,1947,3,5.0,103.37
19343,1947,3,2.0,96.3
19344,1947,6,1.0,96.3
19345,1947,3,12.0,58.52
19346,1947,9,1.0,125.89
19347,1947,6,12.0,125.89
19348,1926,3,5.0,103.75
19349,1926,9,1.0,75.15
19350,1926,3,12.0,75.15
19351,1951,9,1.0,220.58
19352,1916,3,12.0,201.59
19353,1967,12,1.0,155.12
19354,1967,3,12.0,136.08
19355,1947,6,1.0,101.73
19356,1947,3,1.0,164.15
19357,1947,3,1.0,159.77
19358,1947,3,12.0,121.06
19359,1930,3,1.0,162.07
19360,1947,6,12.0,60.28
19361,1947,3,5.0,62.3
19362,1947,3,1.0,53.3
19363,1905,3,5.0,704.36
19364,1905,6,1.0,376.4
19365,2009,9,1.0,579.06
19366,1947,6,4.0,535.05
19367,1991,3,5.0,160.51
19368,1991,6,2.0,135.05
19369,1994,9,1.0,135.05
19370,1942,12,8.0,265.66
19371,1942,3,11.0,228.86
19372,1942,3,12.0,200.04
19373,1973,12,8.0,82.84
19374,2005,6,11.0,66.82
19375,1880,3,12.0,55.32
19376,1983,18,6.0,1126.71
19377,1979,12,1.0,411.53
19378,1979,3,12.0,341.97
19379,1961,9,1.0,136.86
19380,1947,3,12.0,107.78
19381,1928,3,1.0,118.31
19382,1927,3,1.0,240.84
19383,1927,3,12.0,116.2
19384,1988,6,1.0,131.41
19385,1947,3,1.0,127.75
19386,1942,3,5.0,105.36
19387,1942,9,1.0,71.36
19388,1943,12,1.0,83.97
19389,1943,6,11.0,68.16
19390,1943,6,12.0,59.97
19391,2012,12,1.0,76.66
19392,2012,6,12.0,76.66
19393,1983,9,1.0,701.92
19394,1976,3,2.0,205.93
19395,1976,9,1.0,205.93
19396,1976,3,12.0,205.93
19397,1931,9,2.0,81.45
19398,1930,3,5.0,133.11
19399,1930,3,1.0,118.33
19400,1959,3,8.0,303.28
19401,1959,3,12.0,88.08
19402,1940,6,2.0,142.93
19403,1957,6,1.0,113.16
19404,1965,9,1.0,118.93
19405,1947,3,12.0,105.52
19406,1946,3,1.0,166.61
19407,1947,3,5.0,134.06
19408,1978,6,1.0,123.94
19409,1977,12,1.0,370.84
19410,1977,3,12.0,370.84
19411,1979,12,1.0,367.04
19412,1979,12,1.0,349.41
19413,1979,12,1.0,347.54
19414,1979,12,1.0,356.65
19415,1979,3,5.0,368.2
19416,1979,3,8.0,353.62
19417,1979,12,1.0,353.62
19418,1979,6,12.0,327.89
19419,1931,9,5.0,396.32
19420,1931,3,7.0,396.32
19421,1927,6,4.0,569.53
19422,1927,3,2.0,418.32
19423,2007,9,1.0,95.87
19424,1976,3,12.0,95.87
19425,1930,3,5.0,76.06
19426,1971,3,12.0,76.06
19427,1953,3,5.0,263.84
19428,1953,3,2.0,263.84
19429,1900,3,5.0,202.59
19430,1900,6,1.0,175.82
19431,1965,3,5.0,166.36
19432,1969,15,1.0,166.36
19433,1905,3,8.0,512.57
19434,1905,3,12.0,
19435,2022,15,8.0,174.49
19436,1991,6,1.0,151.41
19437,1991,3,12.0,76.45
19438,1960,6,2.0,232.1
19439,1910,3,1.0,150.07
19440,1934,3,1.0,106.56
19441,1936,6,1.0,91.0
19442,1904,3,1.0,146.92
19443,1950,3,12.0,250.05
19444,1972,15,1.0,334.94
19445,1930,3,4.0,362.7
19446,2010,15,2.0,562.87
19447,1900,3,5.0,204.12
19448,1900,3,7.0,182.64
19449,1900,3,8.0,
19450,1900,3,4.0,1255.4
19451,2020,3,5.0,125.7
19452,2020,12,1.0,91.13
19453,2020,3,10.0,91.13
19454,2023,3,5.0,385.65
19455,2023,15,1.0,298.0
19456,2006,9,2.0,105.03
19457,1970,12,1.0,135.07
19458,1972,3,5.0,196.78
19459,1972,15,1.0,177.81
19460,1972,6,1.0,73.5
19461,1936,3,5.0,99.58
19462,1936,6,1.0,99.58
19463,1936,3,5.0,97.14
19464,1936,3,1.0,97.14
19465,1936,3,5.0,87.86
19466,1936,3,1.0,70.88
19467,1900,6,6.0,348.61
19468,1900,3,2.0,328.21
19469,1900,9,9.0,175.31
19470,1900,9,12.0,
19471,1914,3,5.0,211.55
19472,1922,9,1.0,136.94
19473,1900,3,12.0,136.94
19474,1900,3,5.0,136.47
19475,1956,9,1.0,136.47
19476,1895,3,1.0,89.54
19477,1880,3,5.0,101.91
19478,1950,3,5.0,136.32
19479,1950,3,1.0,125.44
19480,1997,6,1.0,98.34
19481,1987,3,5.0,139.84
19482,1987,3,1.0,112.48
19483,2006,6,1.0,89.84
19484,1900,3,1.0,126.91
19485,1930,6,1.0,87.58
19486,1930,3,11.0,71.65
19487,1930,3,12.0,14.3
19488,1945,12,1.0,144.9
19489,1880,3,12.0,144.9
19490,1900,6,1.0,120.71
19491,1900,6,1.0,135.74
19492,1900,3,12.0,125.55
19493,2000,12,1.0,557.68
19494,1900,3,1.0,92.04
19495,1900,6,1.0,85.72
19496,1900,3,1.0,100.68
19497,1952,3,1.0,96.37
19498,1900,3,12.0,91.66
19499,1935,6,1.0,112.9
19500,1935,3,12.0,100.7
19501,1900,3,1.0,222.67
19502,1900,3,10.0,222.67
19503,1936,3,1.0,104.28
19504,1997,3,1.0,175.15
19505,1905,3,5.0,353.61
19506,2005,9,2.0,74.7
19507,2006,3,5.0,185.86
19508,2006,9,1.0,185.86
19509,2021,9,1.0,131.47
19510,2021,3,10.0,99.85
19511,2021,9,1.0,126.45
19512,2021,3,11.0,97.06
19513,1930,9,1.0,78.0
19514,1930,3,11.0,68.0
19515,1930,3,12.0,54.0
19516,2009,9,1.0,1842.95
19517,2009,6,9.0,1730.41
19518,2001,3,5.0,450.18
19519,2001,6,1.0,203.12
19520,2001,12,12.0,203.12
19521,1954,12,1.0,464.1
19522,1954,9,12.0,330.37
19523,1953,3,2.0,144.46
19524,1902,6,1.0,144.46
19525,1984,3,1.0,176.67
19526,1890,3,1.0,51.72
19527,1927,3,1.0,74.32
19528,1910,3,1.0,67.0
19529,1890,6,1.0,77.65
19530,1900,3,1.0,63.12
19531,1900,3,12.0,46.82
19532,1900,3,1.0,78.43
19533,1900,6,1.0,86.15
19534,1900,3,12.0,70.71
19535,1991,6,1.0,257.04
19536,1991,3,12.0,257.04
19537,1957,15,1.0,493.54
19538,1900,3,1.0,90.81
19539,1991,6,1.0,252.66
19540,1991,3,12.0,252.66
19541,2018,6,1.0,109.74
19542,2018,3,10.0,88.08
19543,2018,3,12.0,
19544,2019,9,1.0,141.63
19545,2019,3,10.0,105.94
19546,2019,3,12.0,85.29
19547,2019,6,1.0,140.06
19548,2019,3,10.0,79.16
19549,2019,3,12.0,
19550,2018,6,1.0,142.67
19551,2018,3,10.0,76.0
19552,2018,3,12.0,
19553,2019,6,1.0,140.98
19554,2019,3,10.0,74.67
19555,2019,3,12.0,
19556,2018,6,1.0,126.76
19557,2018,3,12.0,90.17
19558,2018,6,1.0,144.01
19559,2018,3,10.0,89.7
19560,2018,3,12.0,
19561,2018,6,1.0,121.1
19562,2018,3,10.0,95.51
19563,2018,3,12.0,
19564,2008,9,1.0,294.13
19565,2008,3,11.0,294.13
19566,2008,3,12.0,158.49
19567,1880,3,1.0,57.1
19568,1880,6,1.0,52.75
19569,1880,3,12.0,39.67
19570,1900,3,1.0,56.32
19571,1903,3,1.0,61.6
19572,1982,3,5.0,844.36
19573,1982,6,1.0,408.67
19574,1934,6,1.0,108.1
19575,1930,3,8.0,270.35
19576,1953,6,1.0,270.35
19577,1897,6,1.0,156.53
19578,1930,3,1.0,101.89
19579,1926,3,1.0,98.77
19580,1927,3,1.0,109.84
19581,1928,3,1.0,100.0
19582,1996,3,1.0,1254.22
19583,2001,6,1.0,203.65
19584,1990,3,5.0,861.18
19585,1990,9,1.0,858.73
19586,1990,3,1.0,80.71
19587,1990,3,1.0,87.04
19588,1990,3,12.0,68.08
19589,1990,3,1.0,81.69
19590,1990,3,1.0,86.17
19591,1990,3,1.0,82.27
19592,1990,3,1.0,88.96
19593,1990,3,1.0,84.73
19594,1990,3,1.0,80.49
19595,1990,3,1.0,85.71
19596,1990,3,1.0,84.65
19597,1990,3,1.0,83.74
19598,1990,3,1.0,85.33
19599,1990,3,12.0,64.94
19600,2000,6,7.0,631.19
19601,1990,3,1.0,78.27
19602,1990,3,1.0,69.48
19603,1990,3,1.0,75.33
19604,1990,3,1.0,69.24
19605,1990,3,1.0,71.48
19606,1990,3,1.0,74.35
19607,1990,3,1.0,69.46
19608,1990,3,1.0,74.78
19609,1990,3,1.0,78.99
19610,1990,3,1.0,72.79
19611,1990,3,1.0,69.48
19612,1990,3,1.0,71.52
19613,1990,3,1.0,116.9
19614,1990,3,1.0,72.15
19615,1930,9,5.0,1301.86
19616,1960,3,12.0,10.49
19617,1968,9,1.0,120.39
19618,1968,3,12.0,120.39
19619,1930,3,8.0,116.3
19620,1930,3,1.0,73.69
19621,1930,3,5.0,119.02
19622,1930,3,1.0,94.94
19623,1960,6,1.0,121.01
19624,1960,3,12.0,98.3
19625,1970,12,1.0,306.05
19626,1970,12,1.0,302.28
19627,1975,12,1.0,556.55
19628,1960,3,1.0,143.26
19629,1965,6,1.0,118.02
19630,1950,3,1.0,254.29
19631,1930,3,1.0,270.46
19632,1930,3,5.0,321.45
19633,1930,6,12.0,90.32
19634,1965,3,5.0,413.73
19635,1965,18,1.0,349.88
19636,1965,3,12.0,12.27
19637,1971,15,1.0,527.03
19638,1930,3,1.0,193.48
19639,2003,3,1.0,56.47
19640,1943,3,1.0,341.8
19641,1985,9,1.0,287.54
19642,1970,3,5.0,362.98
19643,1970,21,1.0,348.95
19644,1970,3,12.0,348.95
19645,1999,6,12.0,406.63
19646,1950,3,5.0,203.61
19647,1950,3,12.0,104.5
19648,1960,15,1.0,172.65
19649,1972,3,1.0,205.78
19650,2010,3,5.0,592.93
19651,2010,9,1.0,539.89
19652,2010,6,12.0,539.89
19653,1930,3,5.0,607.62
19654,1950,3,12.0,516.92
19655,1970,15,1.0,243.02
19656,1980,12,1.0,374.95
19657,1998,12,1.0,355.36
19658,1982,3,5.0,446.65
19659,1982,9,1.0,309.69
19660,1984,9,1.0,425.07
19661,1950,9,1.0,178.88
19662,1938,3,1.0,147.88
19663,2007,6,1.0,158.33
19664,2007,3,12.0,76.16
19665,1979,15,1.0,199.02
19666,1980,9,1.0,417.68
19667,1980,12,1.0,402.94
19668,1960,3,5.0,661.76
19669,1960,6,3.0,611.46
19670,2016,3,12.0,25.18
19671,1959,3,1.0,152.85
19672,1959,3,12.0,130.24
19673,1938,3,5.0,144.37
19674,1938,3,1.0,97.23
19675,1991,9,1.0,182.15
19676,1938,3,1.0,149.87
19677,1978,6,1.0,101.48
19678,2018,3,10.0,40.57
19679,1938,6,12.0,
19680,1930,3,12.0,152.65
19681,1980,12,1.0,155.09
19682,1930,3,1.0,150.49
19683,1993,3,1.0,148.18
19684,1990,9,1.0,209.86
19685,1990,3,9.0,107.14
19686,1930,6,1.0,86.31
19687,1930,6,1.0,133.37
19688,1930,3,5.0,276.13
19689,2004,9,1.0,119.35
19690,2020,15,1.0,467.04
19691,2020,6,11.0,346.91
19692,2020,3,12.0,346.91
19693,1955,3,3.0,2398.36
19694,1965,3,12.0,22.28
19695,1991,3,5.0,2692.2
19696,1991,3,2.0,1074.53
19697,1965,3,5.0,2453.85
19698,1965,9,7.0,2049.81
19699,1965,6,11.0,1239.59
19700,1965,3,12.0,
19701,2008,6,5.0,5856.46
19702,2008,3,1.0,1923.2
19703,2008,3,12.0,66.0
19704,2020,15,1.0,123.41
19705,2020,6,10.0,103.18
19706,2020,6,12.0,103.18
19707,2018,15,1.0,104.69
19708,2018,9,11.0,104.69
19709,2018,6,12.0,95.02
19710,2009,12,12.0,104.98
19711,2002,6,1.0,101.04
19712,1930,6,1.0,150.68
19713,1940,6,1.0,146.42
19714,1940,3,1.0,115.58
19715,2012,6,12.0,16.49
19716,1997,3,1.0,97.36
19717,2014,12,1.0,94.75
19718,2014,3,11.0,94.75
19719,2014,3,12.0,72.85
19720,2000,6,1.0,83.05
19721,1998,3,5.0,196.83
19722,1998,9,1.0,163.67
19723,1998,3,11.0,132.58
19724,1998,6,12.0,
19725,1999,3,1.0,64.1
19726,1998,3,1.0,137.85
19727,1997,3,1.0,90.34
19728,1999,3,1.0,193.93
19729,1997,3,1.0,99.48
19730,2004,9,1.0,77.2
19731,1999,3,1.0,85.75
19732,2004,9,1.0,107.7
19733,2001,6,1.0,329.88
19734,2006,3,5.0,371.14
19735,2006,6,1.0,371.14
19736,2019,3,5.0,1609.61
19737,2019,18,1.0,1419.35
19738,2019,3,12.0,757.94
19739,2007,30,1.0,1380.13
19740,2008,18,1.0,1110.84
19741,2008,3,5.0,1381.79
19742,2008,18,1.0,804.65
19743,2008,3,5.0,1117.57
19744,2008,18,1.0,598.66
19745,2006,18,1.0,565.46
19746,2006,18,1.0,797.58
19747,1935,3,1.0,74.37
19748,2020,9,1.0,202.96
19749,2020,3,10.0,144.83
19750,2020,3,11.0,74.51
19751,2020,3,12.0,
19752,2020,6,1.0,79.32
19753,2020,3,12.0,79.32
19754,1925,6,1.0,88.91
19755,1925,3,11.0,88.91
19756,1925,3,12.0,25.23
19757,1925,3,1.0,110.81
19758,1989,3,1.0,65.16
19759,1925,6,1.0,75.08
19760,1925,6,12.0,60.57
19761,1930,3,1.0,159.73
19762,1930,3,12.0,132.88
19763,1925,3,1.0,119.54
19764,1925,3,12.0,96.86
19765,1951,9,1.0,123.27
19766,1930,3,11.0,99.76
19767,1957,3,1.0,122.89
19768,1957,3,12.0,100.42
19769,1930,6,1.0,127.67
19770,1978,9,1.0,489.11
19771,1978,3,12.0,184.36
19772,1963,3,12.0,441.85
19773,1950,3,1.0,97.74
19774,1996,3,1.0,107.02
19775,2016,9,1.0,74.78
19776,1989,3,12.0,352.11
19777,1998,3,1.0,83.9
19778,1931,3,1.0,73.16
19779,1996,3,1.0,75.15
19780,1970,12,1.0,122.99
19781,1954,3,1.0,103.37
19782,1954,6,12.0,5.0
19783,1930,3,1.0,127.5
19784,1930,3,12.0,75.57
19785,1930,3,1.0,107.62
19786,1925,6,1.0,79.75
19787,1998,9,1.0,854.37
19788,1955,3,12.0,241.16
19789,1970,3,12.0,52.06
19790,1960,3,1.0,63.96
19791,1963,12,1.0,71.76
19792,1958,12,1.0,53.32
19793,1958,3,12.0,49.57
19794,1955,3,1.0,104.96
19795,2021,9,1.0,87.03
19796,2021,3,12.0,85.18
19797,1965,3,1.0,79.08
19798,1930,3,1.0,102.11
19799,1930,6,12.0,9.65
19800,1947,3,1.0,96.0
19801,1991,3,8.0,71.43
19802,1991,3,1.0,63.29
19803,1945,3,3.0,1298.65
19804,1900,3,12.0,1004.02
19805,2006,9,1.0,196.87
19806,2006,3,5.0,433.09
19807,2006,9,1.0,339.53
19808,1900,3,12.0,532.71
19809,1922,3,12.0,1474.93
19810,1922,3,12.0,2095.34
19811,1993,3,5.0,2030.61
19812,1992,6,1.0,1632.44
19813,1991,6,12.0,
19814,1910,3,1.0,77.64
19815,1920,3,1.0,65.53
19816,1920,3,1.0,60.01
19817,1920,3,1.0,63.83
19818,1910,3,1.0,64.25
19819,1920,3,1.0,68.93
19820,1968,3,1.0,74.2
19821,1945,3,1.0,117.89
19822,1940,3,1.0,99.38
19823,1910,3,1.0,87.94
19824,1910,3,1.0,89.84
19825,1910,3,1.0,98.64
19826,1880,6,1.0,99.21
19827,1880,3,12.0,99.21
19828,1945,3,1.0,67.18
19829,2017,6,1.0,62.93
19830,1991,3,1.0,67.23
19831,1991,3,12.0,51.65
19832,1940,3,1.0,73.61
19833,1940,3,1.0,85.7
19834,1940,3,12.0,76.75
19835,2022,9,1.0,86.27
19836,2022,3,12.0,60.63
19837,1930,3,1.0,75.98
19838,1920,3,1.0,94.84
19839,1930,3,1.0,210.35
19840,1930,3,12.0,62.71
19841,1920,3,1.0,55.19
19842,1920,3,1.0,56.62
19843,2020,12,1.0,84.59
19844,2020,3,11.0,67.08
19845,2020,3,12.0,67.08
19846,2020,12,1.0,84.6
19847,2020,3,11.0,67.09
19848,2020,3,12.0,53.44
19849,2020,12,1.0,84.6
19850,2020,3,11.0,67.12
19851,2020,3,12.0,67.12
19852,1993,3,5.0,252.09
19853,1993,3,1.0,252.09
19854,2004,3,10.0,234.09
19855,1993,3,12.0,35.95
19856,2019,9,1.0,156.23
19857,2019,3,10.0,118.97
19858,2019,3,12.0,77.05
19859,1930,9,1.0,107.57
19860,1930,6,12.0,107.57
19861,1930,9,1.0,66.18
19862,1930,3,12.0,58.02
19863,1930,3,1.0,97.32
19864,1930,3,1.0,100.35
19865,1930,3,4.0,1026.45
19866,1930,3,1.0,122.99
19867,1930,3,1.0,108.23
19868,1940,9,1.0,192.41
19869,1940,3,5.0,131.16
19870,1940,9,1.0,88.17
19871,1940,12,1.0,182.51
19872,1903,3,1.0,132.58
19873,1973,9,1.0,174.36
19874,1958,3,1.0,151.42
19875,1940,3,12.0,130.25
19876,1920,3,1.0,113.42
19877,1946,6,1.0,108.72
19878,1940,3,12.0,83.16
19879,1940,3,1.0,120.27
19880,1921,3,1.0,112.77
19881,1943,3,1.0,111.29
19882,1977,9,1.0,110.72
19883,1970,3,12.0,84.9
19884,1900,3,1.0,94.54
19885,1990,9,1.0,136.69
19886,1990,3,11.0,64.95
19887,1990,6,12.0,64.95
19888,1910,6,1.0,81.99
19889,1910,3,1.0,58.93
19890,1910,3,5.0,165.75
19891,1910,3,1.0,156.75
19892,1910,3,5.0,194.82
19893,1910,3,1.0,140.21
19894,1910,6,12.0,
19895,1939,3,5.0,399.02
19896,1939,3,1.0,252.14
19897,1910,6,1.0,80.36
19898,1938,3,12.0,97.52
19899,1980,3,1.0,663.08
19900,1980,3,12.0,
19901,2008,3,5.0,339.67
19902,2008,9,1.0,258.85
19903,1970,3,2.0,153.97
19904,1970,12,1.0,153.97
19905,1921,3,1.0,129.42
19906,1921,3,12.0,110.9
19907,1932,3,1.0,61.44
19908,1965,3,1.0,164.97
19909,1969,3,2.0,1586.8
19910,1934,3,12.0,1550.57
19911,1935,3,1.0,113.82
19912,1950,3,1.0,111.77
19913,1920,3,1.0,83.96
19914,2012,9,1.0,105.26
19915,1900,6,1.0,151.81
19916,1946,3,9.0,68.54
19917,1974,3,9.0,323.17
19918,2020,6,1.0,211.4
19919,1979,6,1.0,69.13
19920,1900,3,12.0,63.06
19921,1951,9,1.0,91.03
19922,1930,3,5.0,169.9
19923,1940,6,1.0,122.56
19924,1940,3,12.0,83.43
19925,1945,3,1.0,145.16
19926,1968,9,1.0,113.52
19927,2009,3,10.0,109.67
19928,1889,3,1.0,88.33
19929,1960,3,1.0,102.77
19930,1960,3,5.0,284.49
19931,1960,9,1.0,169.28
19932,2021,3,10.0,99.99
19933,1960,3,12.0,
19934,1930,3,1.0,406.25
19935,1937,6,1.0,119.67
19936,1937,3,12.0,82.27
19937,1925,9,1.0,196.07
19938,1925,3,12.0,196.07
19939,1955,9,1.0,88.41
19940,2019,3,10.0,79.61
19941,1955,6,12.0,28.04
19942,1936,6,1.0,218.54
19943,2022,9,1.0,83.88
19944,2022,3,10.0,73.55
19945,2022,3,11.0,60.04
19946,2022,3,12.0,
19947,2022,9,1.0,84.19
19948,2022,3,12.0,68.67
19949,1900,3,5.0,228.4
19950,1990,6,1.0,190.88
19951,1900,3,5.0,163.6
19952,1932,12,1.0,163.6
19953,2023,9,1.0,103.9
19954,2023,3,12.0,73.77
19955,1900,6,1.0,114.03
19956,1956,3,12.0,89.18
19957,1940,6,1.0,177.57
19958,1900,3,1.0,105.43
19959,1900,6,1.0,125.27
19960,1900,6,12.0,98.74
19961,2008,3,5.0,435.92
19962,2008,9,1.0,354.56
19963,2009,3,5.0,1019.72
19964,2009,15,1.0,750.15
19965,2008,3,5.0,889.52
19966,2008,15,1.0,710.46
19967,2009,3,5.0,858.55
19968,2009,3,2.0,715.92
19969,2010,15,1.0,384.72
19970,2011,6,1.0,682.46
19971,2011,6,12.0,682.46
19972,2010,3,5.0,333.55
19973,2010,3,2.0,291.29
19974,2010,12,1.0,291.29
19975,2010,6,12.0,291.29
19976,2005,3,5.0,1840.54
19977,2005,12,1.0,1840.54
19978,2005,6,12.0,1840.54
19979,2007,6,5.0,523.59
19980,2007,6,1.0,523.59
19981,2007,3,12.0,523.59
19982,2006,3,5.0,604.26
19983,2006,15,1.0,604.26
19984,1900,3,5.0,1320.98
19985,1900,6,4.0,797.78
19986,1930,9,8.0,
19987,2020,6,10.0,
19988,2006,12,1.0,1274.57
19989,2007,3,5.0,903.32
19990,2007,3,2.0,903.32
19991,2007,24,1.0,903.32
19992,2004,15,1.0,1276.86
19993,2005,3,12.0,1074.34
19994,2005,3,5.0,1129.54
19995,2005,12,1.0,1083.75
19996,1900,6,2.0,1406.55
19997,1900,9,4.0,168.45
19998,1900,3,5.0,792.22
19999,1900,3,2.0,792.22
20000,2003,3,5.0,924.57
20001,2003,3,8.0,857.17
20002,2003,3,1.0,857.17
20003,2003,3,12.0,857.17
20004,2004,3,5.0,1633.5
20005,2004,30,1.0,1392.74
20006,2004,6,12.0,1392.74
20007,1900,3,5.0,260.47
20008,1900,3,1.0,260.47
20009,1900,6,1.0,101.5
20010,1965,6,1.0,205.91
20011,1936,3,5.0,133.11
20012,1958,12,1.0,88.46
20013,1960,12,1.0,266.55
20014,1936,3,1.0,95.8
20015,1936,3,12.0,81.51
20016,1927,6,1.0,110.96
20017,1900,3,1.0,157.55
20018,1900,3,12.0,135.89
20019,1996,3,1.0,68.19
20020,1980,3,1.0,90.87
20021,1980,3,12.0,70.34
20022,2004,3,12.0,171.9
20023,1957,3,5.0,367.25
20024,1992,6,1.0,478.95
20025,1905,3,1.0,176.08
20026,1931,3,1.0,94.32
20027,1931,3,12.0,53.92
20028,1930,3,1.0,129.17
20029,2003,6,1.0,201.4
20030,2000,3,1.0,158.83
20031,1930,3,8.0,154.13
20032,1930,3,1.0,130.14
20033,1930,3,1.0,209.92
20034,2011,12,1.0,101.91
20035,2011,3,10.0,70.34
20036,2011,3,12.0,70.34
20037,2001,3,12.0,159.03
20038,1900,3,8.0,114.7
20039,1900,9,1.0,94.91
20040,1992,3,5.0,450.93
20041,1992,6,1.0,296.69
20042,1992,6,12.0,248.09
20043,1993,12,5.0,307.22
20044,2007,12,1.0,277.92
20045,2007,3,12.0,277.92
20046,1958,3,1.0,222.35
20047,2004,9,1.0,250.07
20048,1955,3,5.0,401.11
20049,1987,6,1.0,358.69
20050,2019,3,12.0,320.75
20051,1890,3,5.0,151.22
20052,1890,3,1.0,151.22
20053,1900,3,5.0,459.68
20054,1900,3,1.0,168.8
20055,1900,3,12.0,53.85
20056,1900,3,5.0,146.79
20057,1900,6,1.0,136.97
20058,1900,3,1.0,177.39
20059,1980,3,5.0,574.53
20060,1980,9,1.0,287.12
20061,1896,9,1.0,89.45
20062,1896,3,11.0,89.45
20063,1896,3,12.0,89.45
20064,1979,9,1.0,779.94
20065,1998,6,1.0,292.48
20066,1936,3,5.0,245.06
20067,1936,12,1.0,245.06
20068,1936,3,12.0,200.58
20069,1950,3,12.0,81.82
20070,1997,9,1.0,115.55
20071,2000,3,5.0,633.06
20072,2000,9,1.0,627.77
20073,1900,9,1.0,292.01
20074,2022,3,10.0,215.56
20075,2007,6,1.0,339.97
20076,2007,6,12.0,276.21
20077,2014,12,1.0,75.1
20078,2014,3,11.0,55.1
20079,2014,3,12.0,55.1
20080,1994,9,1.0,95.23
20081,1990,3,11.0,95.23
20082,1990,3,12.0,25.19
20083,1942,9,1.0,238.08
20084,1942,6,12.0,170.07
20085,2006,12,1.0,84.11
20086,2006,6,12.0,71.69
20087,1942,3,1.0,105.53
20088,1918,6,1.0,194.36
20089,1991,3,5.0,504.11
20090,1991,6,1.0,398.19
20091,1942,6,1.0,167.81
20092,1942,3,1.0,165.03
20093,1910,3,2.0,109.17
20094,1910,6,1.0,103.0
20095,2005,6,1.0,141.37
20096,2005,6,9.0,131.98
20097,1979,6,5.0,493.94
20098,1979,3,1.0,479.66
20099,1997,6,1.0,337.4
20100,2004,3,1.0,78.35
20101,2004,3,12.0,78.35
20102,1992,12,1.0,72.76
20103,1992,3,12.0,72.76
20104,2000,6,1.0,131.89
20105,2000,3,9.0,88.43
20106,2000,3,1.0,65.05
20107,2020,3,3.0,609.83
20108,2020,15,1.0,602.19
20109,2020,3,12.0,593.24
20110,2020,3,5.0,290.81
20111,2020,15,1.0,290.16
20112,2020,12,11.0,271.72
20113,2020,3,12.0,246.56
20114,1989,3,1.0,98.84
20115,1959,9,1.0,58.41
20116,1940,3,1.0,89.41
20117,1975,9,1.0,90.97
20118,1939,3,12.0,83.86
20119,1939,3,1.0,65.35
20120,1939,3,12.0,65.35
20121,1939,3,1.0,81.51
20122,1939,3,1.0,92.91
20123,1940,3,1.0,125.86
20124,1940,3,12.0,91.33
20125,1911,3,1.0,174.32
20126,1911,3,12.0,172.77
20127,1940,3,1.0,65.66
20128,1940,3,12.0,62.55
20129,1940,3,1.0,107.72
20130,1940,3,1.0,93.32
20131,2014,12,1.0,68.44
20132,2014,3,12.0,54.04
20133,1939,3,1.0,81.02
20134,1939,3,12.0,73.43
20135,1935,3,5.0,68.76
20136,1935,3,1.0,48.41
20137,1939,6,1.0,75.53
20138,1932,3,12.0,73.57
20139,1970,9,1.0,125.55
20140,1935,3,5.0,98.41
20141,1935,3,1.0,88.91
20142,1939,3,1.0,68.58
20143,1939,3,12.0,63.57
20144,1939,3,1.0,64.86
20145,1939,3,12.0,64.86
20146,1958,9,1.0,157.77
20147,1939,3,1.0,114.9
20148,1939,3,12.0,82.55
20149,2009,3,2.0,297.3
20150,2009,9,1.0,275.75
20151,2009,6,12.0,150.78
20152,2016,9,1.0,329.74
20153,2016,3,10.0,260.45
20154,2016,6,12.0,162.06
20155,1929,9,4.0,1299.47
20156,1951,3,1.0,117.79
20157,1921,3,1.0,153.09
20158,1921,3,12.0,140.21
20159,1920,3,1.0,87.26
20160,1931,3,1.0,50.42
20161,1978,9,2.0,297.57
20162,1929,3,12.0,785.1
20163,1922,3,1.0,269.31
20164,1931,3,1.0,57.14
20165,1910,3,5.0,66.31
20166,1910,3,1.0,66.31
20167,1910,3,5.0,46.91
20168,1910,3,1.0,43.73
20169,1900,3,5.0,38.33
20170,1900,3,1.0,38.33
20171,1880,3,5.0,137.57
20172,1950,12,1.0,142.24
20173,1964,3,5.0,174.31
20174,1984,9,1.0,83.2
20175,1963,12,1.0,133.32
20176,1963,3,12.0,124.47
20177,1940,3,5.0,207.96
20178,1940,3,1.0,207.96
20179,1880,3,1.0,135.92
20180,1910,3,1.0,141.65
20181,1910,3,5.0,160.47
20182,1910,6,1.0,110.19
20183,1910,3,12.0,100.94
20184,1940,3,5.0,120.55
20185,1940,12,1.0,102.64
20186,1994,3,2.0,103.7
20187,1880,3,5.0,80.57
20188,1956,9,1.0,80.57
20189,1890,3,1.0,81.39
20190,1890,9,1.0,70.46
20191,1970,9,1.0,95.47
20192,1970,3,11.0,91.06
20193,1970,3,12.0,51.81
20194,1890,3,1.0,69.49
20195,1920,6,1.0,76.32
20196,1989,3,1.0,59.53
20197,1963,3,1.0,84.65
20198,1963,3,12.0,69.16
20199,1920,3,2.0,110.82
20200,1920,3,1.0,110.82
20201,1920,3,1.0,56.08
20202,1930,3,1.0,57.01
20203,1930,3,1.0,61.05
20204,1920,12,8.0,115.51
20205,1979,12,1.0,496.25
20206,1900,3,1.0,128.67
20207,1938,3,1.0,74.87
20208,1984,3,1.0,99.64
20209,1984,3,12.0,53.58
20210,1945,3,1.0,91.84
20211,1940,3,1.0,79.82
20212,1933,3,1.0,100.06
20213,1929,3,5.0,205.8
20214,1929,6,1.0,200.95
20215,1938,3,1.0,73.94
20216,1990,3,1.0,79.72
20217,2007,9,1.0,64.18
20218,2007,3,12.0,54.44
20219,2004,3,12.0,34.6
20220,1922,6,1.0,284.01
20221,1967,15,1.0,234.57
20222,1916,3,5.0,82.59
20223,1916,9,1.0,72.91
20224,1948,9,1.0,105.67
20225,1948,3,12.0,83.61
20226,1992,3,5.0,214.77
20227,1992,3,12.0,113.1
20228,2021,9,1.0,107.76
20229,2021,3,12.0,72.83
20230,1917,3,1.0,116.76
20231,1970,12,1.0,430.79
20232,1968,3,5.0,107.49
20233,1968,12,1.0,104.59
20234,1988,3,1.0,105.35
20235,2005,9,1.0,290.56
20236,1990,3,1.0,441.5
20237,1880,3,1.0,43.02
20238,1902,6,1.0,305.09
20239,1880,9,1.0,314.93
20240,1963,15,1.0,289.57
20241,1978,6,1.0,142.19
20242,1990,3,5.0,290.6
20243,1990,3,1.0,184.45
20244,1990,3,12.0,184.45
20245,1976,3,5.0,144.93
20246,1987,3,1.0,117.63
20247,1979,3,5.0,274.45
20248,1978,12,1.0,138.38
20249,1939,3,5.0,144.12
20250,1939,3,1.0,103.32
20251,1967,21,1.0,256.93
20252,1967,21,1.0,382.27
20253,1988,3,1.0,85.16
20254,1988,3,12.0,59.48
20255,1880,3,1.0,44.71
20256,1997,3,1.0,93.86
20257,1900,6,2.0,500.06
20258,1900,3,11.0,457.66
20259,1900,3,5.0,109.66
20260,1966,3,2.0,232.67
20261,1966,18,1.0,232.67
20262,1900,3,1.0,103.12
20263,1900,3,1.0,131.29
20264,1900,3,5.0,89.27
20265,1900,3,1.0,57.62
20266,1940,6,1.0,223.57
20267,1940,3,9.0,220.09
20268,1920,3,5.0,140.26
20269,1920,3,8.0,123.0
20270,1984,9,1.0,78.53
20271,1969,3,5.0,381.08
20272,1969,12,1.0,353.34
20273,1970,3,5.0,145.93
20274,1970,6,2.0,145.93
20275,1970,12,1.0,145.93
20276,1968,18,1.0,313.75
20277,1900,3,5.0,104.5
20278,1962,9,1.0,80.03
20279,1900,3,5.0,102.91
20280,1930,3,8.0,98.95
20281,1962,9,1.0,79.77
20282,1930,3,12.0,79.77
20283,2019,3,5.0,156.43
20284,2019,12,1.0,92.55
20285,2019,3,10.0,78.2
20286,1900,6,2.0,289.6
20287,2003,3,5.0,76.61
20288,2003,3,1.0,50.97
20289,1900,3,5.0,100.0
20290,1900,3,1.0,77.16
20291,1930,3,1.0,83.54
20292,1930,3,12.0,49.17
20293,2002,3,5.0,260.98
20294,2002,3,1.0,162.69
20295,2002,3,12.0,162.69
20296,1987,3,2.0,894.97
20297,1890,3,1.0,88.37
20298,1900,3,1.0,91.62
20299,1880,3,1.0,135.6
20300,1892,9,1.0,327.08
20301,1892,3,11.0,244.04
20302,1892,6,12.0,241.27
20303,2006,3,1.0,283.22
20304,1970,12,1.0,228.77
20305,1970,3,12.0,160.51
20306,2008,3,1.0,162.07
20307,1900,3,1.0,93.31
20308,1900,3,1.0,70.37
20309,1900,3,1.0,110.08
20310,1975,3,5.0,91.1
20311,1975,6,1.0,91.1
20312,1975,3,12.0,91.1
20313,1980,3,2.0,162.83
20314,1980,3,12.0,145.95
20315,1988,3,1.0,104.96
20316,1962,3,2.0,182.71
20317,1964,9,1.0,176.95
20318,1900,6,12.0,148.85
20319,1900,3,5.0,172.77
20320,1960,3,5.0,173.46
20321,1960,12,1.0,118.71
20322,1960,6,12.0,107.94
20323,1890,3,3.0,108.63
20324,1988,3,1.0,97.53
20325,2010,9,1.0,489.09
20326,2010,6,12.0,470.75
20327,2012,12,1.0,192.22
20328,2012,3,10.0,113.2
20329,2012,3,12.0,92.26
20330,1972,3,2.0,525.04
20331,1972,33,1.0,406.66
20332,1969,3,2.0,350.36
20333,1969,36,1.0,221.1
20334,1973,36,1.0,246.96
20335,1898,3,4.0,611.63
20336,1880,3,1.0,296.35
20337,1880,3,12.0,256.41
20338,1891,3,1.0,109.99
20339,1880,3,1.0,99.1
20340,1880,3,12.0,52.93
20341,1986,15,1.0,128.48
20342,1978,3,2.0,258.96
20343,1978,3,1.0,253.73
20344,1978,3,12.0,253.73
20345,1971,3,12.0,24.07
20346,1930,3,5.0,193.47
20347,1930,3,1.0,171.86
20348,1900,3,5.0,164.53
20349,1900,3,1.0,104.31
20350,1994,3,12.0,
20351,1996,6,1.0,994.4
20352,1976,12,1.0,306.61
20353,1970,18,1.0,362.46
20354,1887,3,1.0,95.76
20355,1890,3,1.0,61.6
20356,1900,3,1.0,83.41
20357,2016,6,1.0,82.68
20358,1900,3,5.0,101.8
20359,1930,9,1.0,94.0
20360,1900,3,5.0,104.29
20361,1900,3,1.0,104.29
20362,1988,3,1.0,108.83
20363,1988,3,12.0,83.21
20364,1940,3,2.0,251.03
20365,1905,12,1.0,178.29
20366,1930,3,5.0,148.66
20367,1930,3,1.0,131.57
20368,1930,3,12.0,
20369,1932,3,5.0,146.66
20370,1932,9,1.0,116.02
20371,1905,3,1.0,90.75
20372,1905,3,5.0,146.16
20373,1905,6,1.0,103.29
20374,1905,3,12.0,
20375,1988,3,1.0,112.28
20376,1988,3,12.0,84.23
20377,1988,3,1.0,115.56
20378,1988,3,12.0,82.01
20379,1988,6,1.0,92.86
20380,1988,3,12.0,66.57
20381,2000,3,1.0,101.5
20382,2001,3,2.0,298.65
20383,2001,9,1.0,252.8
20384,1905,3,1.0,159.18
20385,1905,3,12.0,159.18
20386,1965,18,1.0,560.16
20387,1965,3,12.0,496.47
20388,1990,3,1.0,80.12
20389,1900,3,1.0,117.07
20390,2018,12,1.0,83.85
20391,2018,6,12.0,58.63
20392,2017,12,1.0,56.11
20393,2017,3,12.0,44.03
20394,1983,3,1.0,113.96
20395,1983,3,12.0,94.17
20396,2005,3,5.0,218.28
20397,2005,9,1.0,214.9
20398,1997,3,9.0,548.42
20399,1936,3,3.0,509.28
20400,1973,3,1.0,466.7
20401,1990,3,1.0,78.57
20402,1990,3,1.0,80.54
20403,1990,3,1.0,82.81
20404,1990,3,1.0,108.48
20405,1988,6,1.0,170.08
20406,1988,3,12.0,92.49
20407,1936,3,12.0,107.4
20408,1915,3,1.0,90.7
20409,1915,3,12.0,52.91
20410,1991,12,1.0,161.68
20411,2007,3,10.0,98.63
20412,1991,3,11.0,80.77
20413,1991,6,12.0,28.89
20414,1991,3,1.0,97.47
20415,1914,3,1.0,85.65
20416,2013,12,1.0,92.28
20417,2020,3,10.0,76.0
20418,2013,3,11.0,73.02
20419,2013,3,12.0,54.76
20420,1885,3,1.0,92.95
20421,1936,3,1.0,110.3
20422,1954,3,1.0,104.5
20423,1936,3,1.0,91.22
20424,1936,6,12.0,71.06
20425,1936,3,1.0,81.72
20426,1898,3,1.0,96.89
20427,1898,3,12.0,75.33
20428,1886,3,1.0,114.91
20429,1987,6,1.0,89.22
20430,1974,6,1.0,85.08
20431,1931,3,12.0,69.49
20432,1919,3,1.0,118.71
20433,1919,3,12.0,104.67
20434,1999,15,1.0,1285.15
20435,1963,3,5.0,1712.34
20436,1963,9,1.0,852.08
20437,1963,3,12.0,363.71
20438,2002,3,5.0,381.53
20439,2002,9,1.0,344.35
20440,1917,3,1.0,88.15
20441,1900,3,1.0,80.63
20442,1900,3,12.0,67.52
20443,1900,6,1.0,84.67
20444,1900,3,11.0,76.95
20445,1908,3,1.0,98.07
20446,1908,3,12.0,81.58
20447,1936,3,1.0,108.54
20448,1910,6,1.0,68.27
20449,1900,6,1.0,75.26
20450,1900,6,12.0,55.79
20451,1919,3,12.0,1396.69
20452,1919,3,1.0,231.97
20453,1936,3,1.0,97.66
20454,1936,3,1.0,92.96
20455,1900,6,1.0,67.99
20456,1900,3,1.0,83.81
20457,1974,9,1.0,72.57
20458,1936,3,12.0,72.57
20459,1936,3,1.0,99.79
20460,1991,3,1.0,174.62
20461,2004,9,1.0,427.83
20462,2007,3,5.0,604.6
20463,2007,12,1.0,562.04
20464,1928,9,1.0,82.89
20465,1900,6,12.0,63.27
20466,1900,3,1.0,100.02
20467,1900,3,1.0,95.62
20468,1900,3,1.0,84.36
20469,1900,12,1.0,110.16
20470,1966,3,1.0,129.78
20471,1900,3,1.0,96.62
20472,1970,9,1.0,127.55
20473,1910,3,1.0,103.61
20474,1900,3,1.0,122.38
20475,1900,3,12.0,79.09
20476,1900,3,1.0,132.6
20477,1900,3,12.0,66.62
20478,2001,3,1.0,69.69
20479,1937,3,1.0,97.32
20480,1900,3,1.0,81.87
20481,1900,3,1.0,141.04
20482,1930,3,1.0,361.56
20483,1930,3,12.0,108.04
20484,1992,3,5.0,363.52
20485,1992,6,1.0,349.68
20486,1933,3,1.0,89.47
20487,1997,3,1.0,85.26
20488,1915,3,1.0,85.66
20489,1900,3,1.0,92.5
20490,1900,9,1.0,77.25
20491,1900,3,12.0,77.25
20492,1900,3,1.0,87.19
20493,1940,9,1.0,71.4
20494,1900,3,1.0,88.71
20495,1900,9,1.0,72.84
20496,2009,3,8.0,275.92
20497,2009,12,1.0,198.91
20498,2009,3,12.0,198.91
20499,1998,3,5.0,1858.09
20500,1998,3,8.0,1378.2
20501,1998,12,1.0,1378.2
20502,2002,12,1.0,167.82
20503,2002,3,12.0,167.82
20504,1950,3,1.0,132.18
20505,1950,3,12.0,97.18
20506,1955,3,1.0,91.42
20507,1940,3,1.0,74.66
20508,1945,3,1.0,94.52
20509,1921,3,1.0,104.58
20510,1940,3,1.0,109.41
20511,1945,3,1.0,105.71
20512,1945,3,1.0,171.17
20513,1945,3,12.0,120.47
20514,1960,15,1.0,159.47
20515,1999,12,1.0,98.21
20516,1935,3,12.0,50.44
20517,1990,3,1.0,69.79
20518,1985,6,1.0,86.43
20519,1950,3,12.0,49.82
20520,1920,3,1.0,95.26
20521,1985,3,1.0,85.64
20522,2001,3,5.0,177.0
20523,2001,9,1.0,172.58
20524,2004,3,5.0,727.51
20525,2004,3,1.0,577.76
20526,2004,3,12.0,577.76
20527,2009,3,4.0,783.52
20528,2018,9,1.0,213.41
20529,2018,3,10.0,213.41
20530,2018,6,12.0,213.41
20531,1985,18,1.0,358.03
20532,1930,3,3.0,464.28
20533,1970,12,1.0,209.6
20534,1930,3,1.0,98.95
20535,1930,3,1.0,197.51
20536,1943,6,1.0,202.84
20537,1935,3,1.0,96.4
20538,1960,3,1.0,125.98
20539,1930,6,1.0,104.02
20540,1930,6,12.0,34.12
20541,1985,6,1.0,222.16
20542,1943,6,1.0,119.16
20543,1930,3,1.0,82.76
20544,1930,12,12.0,173.01
20545,1987,15,1.0,630.49
20546,1986,12,1.0,751.56
20547,2003,3,5.0,893.06
20548,2003,3,1.0,625.38
20549,2003,3,12.0,625.38
20550,2021,6,1.0,78.98
20551,2021,3,12.0,60.87
20552,2022,6,1.0,84.25
20553,2022,3,12.0,55.58
20554,1970,3,1.0,76.5
20555,1998,9,1.0,147.3
20556,2001,3,1.0,105.66
20557,2001,3,1.0,92.59
20558,1930,3,1.0,96.6
20559,2000,9,1.0,729.22
20560,1960,6,1.0,102.57
20561,1960,3,12.0,51.98
20562,2003,3,1.0,70.38
20563,2006,9,1.0,269.28
20564,2003,9,1.0,76.19
20565,2003,9,1.0,81.74
20566,2022,9,1.0,75.6
20567,2022,3,12.0,60.79
20568,2022,6,1.0,77.17
20569,2022,3,5.0,165.79
20570,2022,9,1.0,122.34
20571,2022,3,10.0,102.78
20572,2022,3,12.0,
20573,1930,3,1.0,253.11
20574,1935,3,1.0,217.27
20575,1935,3,12.0,90.88
20576,1935,3,5.0,139.6
20577,1935,6,1.0,109.93
20578,1930,6,1.0,323.9
20579,1950,3,5.0,344.75
20580,1950,3,3.0,107.03
20581,1950,9,1.0,81.91
20582,1935,3,5.0,102.36
20583,1935,9,1.0,85.86
20584,1930,3,1.0,161.01
20585,1997,3,1.0,61.61
20586,1972,3,5.0,90.29
20587,1930,3,12.0,84.27
20588,1950,3,1.0,82.66
20589,1950,3,12.0,82.66
20590,1978,12,1.0,88.86
20591,2021,12,1.0,82.79
20592,1935,3,12.0,59.98
20593,2020,6,1.0,57.88
20594,1935,6,1.0,116.64
20595,1930,3,1.0,116.85
20596,2020,3,12.0,80.96
20597,1948,3,1.0,114.25
20598,1930,3,1.0,148.35
20599,1930,3,12.0,121.27
20600,2019,9,1.0,116.36
20601,2019,3,12.0,116.36
20602,1930,3,1.0,112.7
20603,1975,12,1.0,297.44
20604,1930,3,1.0,63.52
20605,1935,3,1.0,94.67
20606,1935,3,12.0,79.06
20607,1930,9,1.0,85.01
20608,1930,3,12.0,61.62
20609,2022,9,1.0,614.57
20610,2022,3,12.0,213.43
20611,1975,12,1.0,368.47
20612,1935,3,5.0,186.96
20613,1935,3,1.0,169.13
20614,2004,9,1.0,254.79
20615,2024,3,11.0,250.7
20616,1930,3,12.0,47.97
20617,2006,9,1.0,375.74
20618,1955,3,1.0,224.95
20619,1955,3,12.0,224.95
20620,2017,6,1.0,152.57
20621,2017,6,11.0,55.93
20622,2017,3,12.0,
20623,1975,3,1.0,44.01
20624,1970,3,12.0,37.81
20625,1933,6,1.0,103.85
20626,1933,3,12.0,92.41
20627,2016,9,1.0,100.7
20628,2016,3,11.0,56.58
20629,2016,3,12.0,56.58
20630,1930,3,1.0,114.51
20631,1953,3,1.0,105.7
20632,1965,12,1.0,136.83
20633,1965,6,12.0,99.93
20634,1933,3,1.0,93.03
20635,1939,3,1.0,128.62
20636,1933,3,1.0,127.43
20637,1975,12,1.0,239.42
20638,1943,9,1.0,73.64
20639,1929,3,5.0,187.1
20640,1970,3,1.0,127.86
20641,1952,6,5.0,365.32
20642,1952,9,1.0,347.41
20643,1950,3,5.0,111.17
20644,1950,3,1.0,98.22
20645,1964,3,1.0,99.34
20646,1933,3,12.0,91.33
20647,1960,6,1.0,170.39
20648,1933,6,1.0,166.1
20649,1932,3,1.0,137.98
20650,1932,3,12.0,
20651,2001,3,5.0,285.21
20652,2001,9,1.0,285.21
20653,2000,12,4.0,2949.85
20654,1970,3,3.0,13.74
20655,1945,3,3.0,1882.78
20656,1945,9,1.0,161.43
20657,1945,3,12.0,99.3
20658,1945,6,1.0,118.36
20659,1936,3,1.0,100.23
20660,1930,3,1.0,151.05
20661,1930,3,12.0,95.39
20662,1930,9,1.0,115.09
20663,1930,9,1.0,105.73
20664,1930,3,12.0,92.53
20665,1930,9,1.0,63.59
20666,1930,3,12.0,42.38
20667,1930,3,1.0,112.72
20668,1930,3,12.0,60.04
20669,1979,3,5.0,344.43
20670,1979,15,1.0,324.57
20671,1980,15,1.0,444.19
20672,1982,9,1.0,301.1
20673,1982,9,1.0,355.9
20674,1982,3,12.0,536.96
20675,2000,9,1.0,274.76
20676,2021,6,1.0,86.44
20677,2021,3,12.0,67.3
20678,2020,9,1.0,91.42
20679,2020,3,12.0,70.79
20680,2022,9,1.0,87.71
20681,2022,3,12.0,68.07
20682,1996,6,1.0,292.78
20683,1930,3,1.0,132.84
20684,2010,6,12.0,22.63
20685,1955,3,1.0,110.5
20686,1957,3,1.0,101.72
20687,1957,3,12.0,
20688,1991,6,1.0,189.26
20689,1991,3,12.0,171.83
20690,1930,3,1.0,191.79
20691,1930,6,1.0,136.4
20692,2013,6,1.0,242.5
20693,2013,3,10.0,153.05
20694,2013,3,11.0,
20695,2013,3,12.0,
20696,1930,6,1.0,190.42
20697,1956,6,12.0,134.7
20698,1990,3,1.0,96.92
20699,1993,3,5.0,517.12
20700,1995,12,1.0,480.35
20701,1994,3,5.0,307.85
20702,1994,12,1.0,264.75
20703,1994,3,9.0,264.75
20704,1992,12,1.0,640.28
20705,1993,9,1.0,693.63
20706,1994,3,5.0,529.68
20707,1994,12,1.0,503.82
20708,1995,12,1.0,682.01
20709,1998,12,1.0,246.76
20710,1995,3,1.0,222.44
20711,2018,3,10.0,164.45
20712,2002,3,1.0,251.76
20713,2002,3,12.0,140.11
20714,2022,9,1.0,105.31
20715,2022,3,10.0,85.15
20716,2022,3,12.0,51.44
20717,2019,9,1.0,105.16
20718,2019,3,10.0,85.23
20719,2019,3,12.0,58.51
20720,2020,9,1.0,93.32
20721,2020,3,12.0,56.29
20722,1950,9,1.0,261.84
20723,2000,21,1.0,322.15
20724,2001,3,5.0,1673.35
20725,2001,3,8.0,1052.61
20726,2001,9,1.0,639.43
20727,1940,6,5.0,165.69
20728,1940,6,1.0,104.06
20729,1940,3,1.0,88.87
20730,2014,9,1.0,91.74
20731,2014,3,10.0,91.74
20732,2014,3,12.0,78.21
20733,1940,3,1.0,123.31
20734,1943,6,1.0,107.08
20735,1943,6,12.0,94.22
20736,1945,3,1.0,147.56
20737,1945,6,12.0,95.0
20738,2001,3,1.0,106.12
20739,1950,3,1.0,147.45
20740,1950,3,12.0,
20741,1996,3,1.0,55.58
20742,1999,3,1.0,72.89
20743,1999,3,1.0,73.33
20744,2006,6,1.0,75.58
20745,2006,3,1.0,75.65
20746,2010,9,1.0,323.44
20747,2007,6,1.0,163.14
20748,2011,9,1.0,417.57
20749,2011,6,12.0,417.57
20750,1999,3,5.0,1180.33
20751,1999,9,1.0,931.63
20752,1995,3,5.0,440.73
20753,1995,15,1.0,440.73
20754,1995,15,12.0,440.73
20755,1994,21,1.0,930.75
20756,1994,21,9.0,797.82
20757,1994,3,12.0,797.82
20758,1996,18,1.0,1098.45
20759,1996,15,12.0,1093.76
20760,2004,9,1.0,82.85
20761,2001,3,1.0,96.97
20762,1999,3,1.0,81.36
20763,1970,3,1.0,829.77
20764,2003,3,1.0,65.22
20765,2003,3,12.0,65.22
20766,1996,9,1.0,71.18
20767,1996,3,12.0,71.18
20768,2012,9,1.0,79.89
20769,2000,3,1.0,82.83
20770,1998,3,1.0,82.65
20771,1998,3,1.0,82.12
20772,1996,3,1.0,79.9
20773,2000,3,10.0,79.9
20774,1996,3,12.0,58.38
20775,2020,12,1.0,74.33
20776,2020,6,12.0,73.25
20777,2000,3,1.0,169.06
20778,2009,3,10.0,76.25
20779,1996,3,12.0,76.25
20780,2002,12,1.0,88.0
20781,2002,6,11.0,88.0
20782,2002,3,12.0,88.0
20783,1996,3,5.0,1387.71
20784,1996,15,1.0,1387.71
20785,1996,18,12.0,1387.71
20786,2007,3,5.0,1994.11
20787,2007,30,1.0,780.57
20788,2006,3,5.0,1021.53
20789,2006,30,1.0,400.57
20790,2006,3,5.0,1778.95
20791,2006,30,1.0,784.51
20792,2000,3,11.0,296.81
20793,2003,3,12.0,
20794,2000,3,3.0,715.77
20795,1990,3,2.0,338.14
20796,1991,3,12.0,322.03
20797,1965,3,12.0,359.44
20798,1950,3,12.0,140.66
20799,1965,3,12.0,3492.31
20800,2008,3,4.0,1623.34
20801,2008,3,3.0,1587.54
20802,1940,3,12.0,2769.28
20803,1979,6,3.0,516.12
20804,1979,6,2.0,496.61
20805,1979,3,11.0,
20806,1979,3,12.0,
20807,1994,3,3.0,273.48
20808,1993,3,2.0,53.91
20809,1995,6,3.0,303.62
20810,1993,3,2.0,144.13
20811,1993,3,11.0,
20812,1993,3,2.0,273.45
20813,1993,3,12.0,53.9
20814,1993,6,10.0,273.45
20815,1993,3,2.0,405.06
20816,1993,3,12.0,86.58
20817,1993,3,12.0,22.09
20818,1980,3,12.0,18.07
20819,2007,12,4.0,4416.68
20820,1994,6,,1682.03
20821,1994,3,10.0,1535.9
20822,1994,3,11.0,
20823,1979,3,3.0,143.92
20824,1979,3,3.0,174.71
20825,1950,6,3.0,3108.84
20826,1981,6,10.0,420.82
20827,1950,3,12.0,28.38
20828,1991,3,3.0,1122.24
20829,1994,3,2.0,334.88
20830,1950,3,12.0,1102.53
20831,1950,3,1.0,125.21
20832,1950,3,12.0,
20833,1988,6,3.0,242.28
20834,1988,3,2.0,242.28
20835,1988,3,2.0,445.9
20836,1999,3,12.0,65.49
20837,1988,3,3.0,488.24
20838,2003,6,2.0,97.76
20839,1999,3,12.0,
20840,1994,3,3.0,406.67
20841,2007,9,1.0,861.25
20842,2007,9,1.0,244.52
20843,1950,3,1.0,2611.59
20844,1950,3,12.0,373.0
20845,2021,9,2.0,174.88
20846,2021,9,2.0,421.28
20847,2021,3,12.0,421.28
20848,1993,3,3.0,531.35
20849,1993,3,2.0,97.69
20850,1950,3,12.0,169.89
20851,1987,3,12.0,229.63
20852,1993,3,3.0,1079.93
20853,1993,3,2.0,975.69
20854,2000,3,3.0,2251.2
20855,1990,3,2.0,1272.8
20856,1960,3,12.0,438.18
20857,1960,3,12.0,19.06
20858,1950,3,1.0,124.56
20859,1950,3,12.0,79.17
20860,1950,3,1.0,137.81
20861,1953,3,1.0,127.4
20862,1953,3,12.0,111.45
20863,2020,6,1.0,146.19
20864,2020,3,12.0,81.76
20865,2008,6,1.0,260.43
20866,1999,3,1.0,67.19
20867,1940,3,1.0,272.85
20868,1988,3,3.0,988.05
20869,1960,3,12.0,899.56
20870,1960,3,12.0,671.16
20871,1985,3,12.0,439.73
20872,1960,3,12.0,699.97
20873,2003,3,1.0,478.89
20874,2003,3,12.0,452.0
20875,1915,3,1.0,113.44
20876,1913,6,1.0,74.23
20877,1913,3,12.0,69.52
20878,1937,9,1.0,77.04
20879,1913,3,12.0,74.8
20880,1890,6,1.0,126.04
20881,1913,9,1.0,104.65
20882,1913,3,12.0,104.65
20883,1912,9,1.0,72.81
20884,2007,3,10.0,63.44
20885,1912,3,12.0,9.03
20886,1937,9,1.0,68.09
20887,2007,3,10.0,59.39
20888,1935,9,1.0,123.23
20889,1943,6,12.0,86.95
20890,1910,6,1.0,147.32
20891,1910,3,12.0,96.77
20892,1907,3,1.0,105.56
20893,1907,3,12.0,105.56
20894,2017,9,1.0,95.48
20895,2017,3,12.0,62.99
20896,1913,3,1.0,139.1
20897,1900,9,1.0,89.76
20898,1900,3,12.0,70.88
20899,1900,9,1.0,89.31
20900,1900,9,1.0,86.0
20901,1900,3,1.0,64.25
20902,1900,3,1.0,22.55
20903,1900,3,12.0,157.59
20904,1910,6,1.0,146.65
20905,1910,6,12.0,82.09
20906,1920,3,12.0,446.36
20907,2006,21,1.0,1910.81
20908,1900,3,1.0,94.52
20909,1920,3,1.0,153.04
20910,1920,3,1.0,150.49
20911,1920,3,12.0,14.35
20912,1910,9,1.0,86.03
20913,1912,3,1.0,180.94
20914,1913,9,1.0,73.13
20915,1940,3,5.0,959.92
20916,1940,3,12.0,920.17
20917,2002,3,5.0,3230.3
20918,2002,9,1.0,2361.17
20919,1981,9,1.0,291.36
20920,1981,3,11.0,274.42
20921,1967,3,1.0,112.55
20922,2015,9,1.0,84.89
20923,1953,3,1.0,110.76
20924,1930,9,1.0,90.15
20925,1930,3,12.0,59.98
20926,1896,3,12.0,104.97
20927,1950,3,1.0,86.07
20928,1950,3,1.0,91.72
20929,2006,6,1.0,85.49
20930,1900,6,1.0,82.65
20931,1900,3,12.0,75.7
20932,1960,6,1.0,111.75
20933,1977,3,1.0,111.69
20934,1958,3,1.0,108.64
20935,2023,9,1.0,121.04
20936,1978,6,12.0,62.6
20937,1880,3,12.0,90.38
20938,1940,9,1.0,126.12
20939,1940,3,12.0,126.12
20940,1890,6,1.0,102.28
20941,1890,6,12.0,67.18
20942,1884,12,1.0,125.67
20943,1880,3,12.0,108.63
20944,2022,9,1.0,78.86
20945,2022,3,12.0,78.86
20946,1946,3,1.0,129.23
20947,1950,3,1.0,82.94
20948,1950,3,12.0,82.94
20949,1890,6,1.0,66.56
20950,2001,3,1.0,70.85
20951,1978,3,5.0,258.66
20952,1978,15,1.0,247.16
20953,1965,9,1.0,183.69
20954,2002,9,1.0,119.68
20955,1987,3,1.0,49.98
20956,1987,3,1.0,48.57
20957,1987,3,1.0,50.51
20958,1987,3,1.0,49.29
20959,1987,3,1.0,48.99
20960,1993,12,1.0,588.21
20961,1986,3,1.0,66.56
20962,1986,6,1.0,62.33
20963,1986,3,11.0,62.33
20964,1986,3,1.0,57.96
20965,1986,9,1.0,58.53
20966,1986,3,1.0,55.12
20967,1986,3,1.0,55.64
20968,1986,3,1.0,56.05
20969,1992,3,1.0,84.34
20970,1986,3,1.0,56.82
20971,1986,3,1.0,54.28
20972,1986,6,1.0,55.77
20973,1986,3,1.0,58.13
20974,1986,3,1.0,51.78
20975,1986,6,1.0,61.37
20976,1994,6,1.0,176.4
20977,1994,3,12.0,150.87
20978,2005,6,2.0,97.92
20979,1995,3,12.0,64.15
20980,2001,6,1.0,100.69
20981,2000,3,5.0,181.58
20982,2000,9,1.0,181.58
20983,1932,9,1.0,152.76
20984,1885,3,5.0,203.89
20985,1941,3,1.0,124.69
20986,1885,3,12.0,124.69
20987,1917,9,5.0,928.75
20988,1917,6,2.0,872.87
20989,1917,3,11.0,313.58
20990,1950,9,12.0,144.7
20991,1999,3,1.0,310.15
20992,1986,3,2.0,116.44
20993,1986,6,1.0,85.82
20994,1997,9,1.0,257.38
20995,2009,3,5.0,258.47
20996,2009,9,2.0,221.23
20997,1900,3,1.0,115.36
20998,1956,6,1.0,354.33
20999,1964,3,12.0,245.05
21000,1900,6,5.0,137.72
21001,1900,3,1.0,121.83
21002,1900,3,12.0,88.3
21003,1933,3,5.0,148.18
21004,1933,6,1.0,125.53
21005,1933,3,12.0,98.5
21006,1941,9,2.0,423.57
21007,1941,3,1.0,342.5
21008,1973,24,1.0,613.46
21009,1949,9,1.0,224.13
21010,1949,6,12.0,197.87
21011,1951,3,1.0,105.25
21012,1941,9,1.0,385.69
21013,1941,6,2.0,531.22
21014,1941,3,1.0,244.2
21015,1951,6,5.0,311.7
21016,1951,9,1.0,282.9
21017,1949,6,2.0,477.82
21018,1949,9,1.0,346.55
21019,1985,3,12.0,346.55
21020,1943,3,1.0,209.39
21021,1950,9,1.0,382.49
21022,1973,3,5.0,631.92
21023,1974,24,1.0,582.02
21024,1973,3,12.0,582.02
21025,1931,3,1.0,100.15
21026,1931,3,1.0,114.85
21027,1941,3,12.0,72.53
21028,1947,6,4.0,209.13
21029,1947,9,1.0,209.13
21030,1943,3,1.0,90.41
21031,1943,3,12.0,68.78
21032,1942,3,3.0,151.41
21033,1942,3,1.0,143.51
21034,1942,6,12.0,143.51
21035,1951,3,1.0,123.1
21036,1951,3,12.0,123.1
21037,1941,12,1.0,120.58
21038,1941,3,12.0,101.09
21039,1908,6,1.0,84.88
21040,1908,3,12.0,77.18
21041,1950,3,12.0,96.26
21042,2024,9,1.0,36.73
21043,2011,3,10.0,36.73
21044,2011,3,12.0,15.44
21045,1908,6,1.0,73.79
21046,1908,3,12.0,69.23
21047,2000,3,5.0,701.17
21048,2000,12,1.0,599.46
21049,2000,3,1.0,181.2
21050,1947,3,5.0,137.11
21051,1947,9,1.0,105.48
21052,1947,3,12.0,81.7
21053,2024,3,5.0,144.96
21054,2024,12,1.0,92.86
21055,1947,3,11.0,81.71
21056,1955,9,5.0,144.18
21057,1923,12,1.0,128.97
21058,1923,3,11.0,108.9
21059,1923,3,12.0,75.55
21060,1923,3,5.0,106.71
21061,1923,9,3.0,73.55
21062,1923,3,5.0,128.92
21063,1923,6,1.0,95.25
21064,1923,3,5.0,128.29
21065,1923,6,1.0,83.95
21066,1923,3,5.0,346.83
21067,1923,12,1.0,295.67
21068,1923,3,11.0,241.01
21069,1923,12,12.0,177.86
21070,1972,3,1.0,144.17
21071,1923,3,5.0,122.21
21072,1923,6,1.0,82.11
21073,1923,3,12.0,
21074,1948,12,1.0,165.87
21075,1990,3,12.0,165.87
21076,1928,12,5.0,166.26
21077,1928,6,12.0,135.5
21078,2007,3,5.0,116.87
21079,2007,9,1.0,106.63
21080,1928,3,5.0,281.57
21081,1928,6,3.0,276.0
21082,1928,6,1.0,166.01
21083,2000,6,1.0,163.99
21084,1928,3,5.0,78.82
21085,1928,6,1.0,64.1
21086,1928,3,5.0,146.12
21087,1928,6,12.0,134.06
21088,1923,3,5.0,124.92
21089,1923,6,12.0,76.63
21090,2001,3,1.0,143.2
21091,1923,9,1.0,78.99
21092,2005,3,1.0,45.47
21093,1900,6,1.0,59.85
21094,1900,3,1.0,128.01
21095,1992,3,12.0,
21096,1900,6,1.0,64.03
21097,1900,6,1.0,63.66
21098,1936,9,1.0,60.71
21099,1949,3,1.0,75.54
21100,1900,6,1.0,75.27
21101,1900,6,1.0,73.37
21102,1900,3,1.0,58.96
21103,1900,6,1.0,57.3
21104,1900,6,1.0,57.18
21105,1954,9,1.0,85.26
21106,1926,3,12.0,62.25
21107,1958,12,1.0,270.96
21108,1958,3,12.0,270.96
21109,1988,3,1.0,139.32
21110,1988,3,12.0,139.32
21111,1940,3,2.0,756.62
21112,2002,3,2.0,334.16
21113,2002,3,1.0,334.16
21114,1890,3,12.0,90.6
21115,1900,6,1.0,80.28
21116,1900,9,1.0,70.78
21117,1900,9,1.0,64.16
21118,1900,9,1.0,76.68
21119,1900,9,1.0,60.95
21120,1900,9,1.0,53.25
21121,1944,9,1.0,59.22
21122,2010,3,12.0,54.79
21123,2009,9,1.0,115.62
21124,1914,9,1.0,160.13
21125,1914,3,12.0,114.0
21126,1959,6,1.0,263.37
21127,2006,3,11.0,217.74
21128,2006,3,12.0,167.74
21129,1936,3,5.0,264.6
21130,1936,12,1.0,154.3
21131,1974,6,12.0,113.52
21132,1936,12,1.0,147.78
21133,1936,9,1.0,222.6
21134,1936,3,9.0,97.88
21135,1964,21,1.0,817.76
21136,1980,18,1.0,1725.05
21137,1975,12,1.0,385.96
21138,1963,3,12.0,370.88
21139,1936,9,2.0,196.96
21140,2012,3,12.0,83.88
21141,1988,3,5.0,206.91
21142,1988,6,2.0,206.91
21143,1988,3,1.0,195.33
21144,1988,3,12.0,82.85
21145,1900,3,1.0,65.2
21146,1900,6,1.0,62.75
21147,1900,9,1.0,70.17
21148,1900,6,1.0,70.86
21149,1900,6,1.0,66.74
21150,1900,6,1.0,75.99
21151,1906,6,1.0,68.02
21152,1993,3,1.0,69.55
21153,1900,3,1.0,65.27
21154,1900,6,1.0,62.85
21155,2000,6,1.0,67.32
21156,1900,6,1.0,62.0
21157,1900,6,1.0,60.72
21158,1900,6,1.0,59.03
21159,1900,6,1.0,78.07
21160,1900,6,1.0,74.89
21161,1900,6,1.0,79.7
21162,1988,3,1.0,117.57
21163,1988,6,1.0,116.71
21164,1988,3,12.0,105.87
21165,1988,3,1.0,153.1
21166,1988,3,12.0,54.11
21167,2002,3,5.0,492.11
21168,2002,3,1.0,492.11
21169,2002,3,12.0,428.35
21170,2010,9,1.0,90.13
21171,2010,3,12.0,79.45
21172,1889,3,1.0,158.34
21173,2017,6,12.0,146.33
21174,1915,9,1.0,217.6
21175,1915,6,11.0,192.26
21176,1915,6,12.0,168.81
21177,1960,6,1.0,123.9
21178,2004,12,1.0,98.06
21179,2004,3,12.0,92.13
21180,1937,3,1.0,96.39
21181,1880,3,1.0,89.02
21182,1970,3,1.0,95.31
21183,2019,9,1.0,168.32
21184,2019,3,11.0,112.4
21185,2019,3,12.0,95.46
21186,1890,6,1.0,101.55
21187,1890,3,12.0,91.95
21188,1928,9,1.0,87.25
21189,1928,3,12.0,87.25
21190,1995,3,1.0,266.48
21191,1918,3,1.0,180.28
21192,1960,3,1.0,130.35
21193,1945,3,1.0,71.67
21194,1945,3,2.0,71.15
21195,1880,3,1.0,109.36
21196,1900,12,1.0,74.63
21197,2020,3,10.0,74.63
21198,1916,9,1.0,113.01
21199,1916,3,12.0,70.13
21200,1880,3,5.0,173.22
21201,1880,6,1.0,130.12
21202,1940,3,1.0,94.35
21203,2007,3,1.0,205.73
21204,2007,3,12.0,205.73
21205,1952,9,1.0,80.24
21206,2021,3,10.0,59.36
21207,2021,3,12.0,44.24
21208,1950,6,1.0,104.85
21209,1950,9,12.0,93.73
21210,1928,9,1.0,112.13
21211,1928,3,12.0,82.22
21212,1892,3,12.0,90.66
21213,1914,6,1.0,113.8
21214,1914,3,12.0,88.83
21215,1918,9,1.0,77.37
21216,1918,3,11.0,68.46
21217,2023,9,1.0,72.8
21218,2023,3,10.0,56.3
21219,1921,3,1.0,90.82
21220,1996,9,1.0,102.12
21221,1996,3,12.0,61.29
21222,1996,3,1.0,270.03
21223,1925,9,1.0,110.02
21224,1893,3,1.0,82.15
21225,2009,6,1.0,145.7
21226,2009,6,11.0,145.7
21227,2009,3,12.0,
21228,2020,9,1.0,98.54
21229,2020,3,12.0,98.54
21230,1900,3,1.0,90.63
21231,1994,3,1.0,275.31
21232,1990,3,2.0,55.74
21233,1880,3,1.0,86.59
21234,1925,6,1.0,98.44
21235,1925,6,12.0,98.44
21236,1910,6,1.0,100.77
21237,1910,6,1.0,92.77
21238,1910,6,1.0,64.14
21239,1915,12,1.0,111.33
21240,1915,3,12.0,91.61
21241,1910,9,1.0,96.07
21242,1998,3,1.0,82.43
21243,1910,9,12.0,81.03
21244,1912,9,1.0,111.56
21245,1905,9,1.0,72.94
21246,1905,9,1.0,85.79
21247,1880,9,1.0,987.34
21248,1910,3,1.0,88.54
21249,1910,9,1.0,70.34
21250,1910,3,12.0,51.36
21251,1910,6,1.0,99.62
21252,1910,3,12.0,84.75
21253,1880,6,1.0,115.06
21254,1900,3,1.0,120.46
21255,1900,3,12.0,130.95
21256,1910,3,1.0,100.11
21257,1910,3,12.0,126.02
21258,1910,3,1.0,136.12
21259,1910,3,12.0,136.12
21260,1900,3,5.0,134.57
21261,1900,6,1.0,116.91
21262,1880,3,1.0,80.93
21263,1880,6,1.0,113.75
21264,2009,9,1.0,78.68
21265,2009,3,11.0,54.97
21266,2009,3,12.0,35.24
21267,1885,3,1.0,82.31
21268,1918,9,7.0,189.88
21269,1943,6,1.0,100.67
21270,1945,3,1.0,172.88
21271,1942,3,1.0,67.84
21272,1880,9,8.0,188.57
21273,1880,9,1.0,131.58
21274,1881,3,1.0,106.9
21275,1918,3,1.0,131.72
21276,1975,3,2.0,267.41
21277,1975,15,1.0,207.9
21278,1946,15,1.0,260.7
21279,1939,3,11.0,233.31
21280,1964,3,12.0,225.59
21281,1915,12,1.0,165.42
21282,1915,6,12.0,121.49
21283,1948,6,1.0,140.89
21284,1997,3,12.0,119.57
21285,1953,3,5.0,163.85
21286,1953,6,1.0,105.42
21287,1953,3,12.0,97.41
21288,1953,12,1.0,137.89
21289,2004,3,5.0,84.86
21290,2004,9,1.0,84.86
21291,1963,3,5.0,116.66
21292,1963,3,1.0,111.44
21293,1993,9,1.0,390.25
21294,1972,3,5.0,333.57
21295,1972,3,1.0,311.09
21296,1962,3,1.0,225.3
21297,1962,3,5.0,93.16
21298,1962,12,1.0,89.3
21299,1963,9,1.0,155.35
21300,1971,9,1.0,243.8
21301,1971,3,12.0,225.19
21302,1885,9,1.0,83.28
21303,1956,3,1.0,104.82
21304,1956,3,12.0,91.07
21305,1947,6,1.0,98.5
21306,2016,3,10.0,87.64
21307,2008,9,1.0,51.17
21308,1885,9,1.0,69.26
21309,1945,3,1.0,67.35
21310,1898,9,1.0,63.45
21311,1898,3,12.0,44.73
21312,1900,9,1.0,63.55
21313,1980,3,1.0,57.92
21314,1910,3,12.0,48.75
21315,1900,6,1.0,55.5
21316,1984,3,1.0,81.66
21317,1984,3,1.0,79.58
21318,1984,3,1.0,79.11
21319,1900,6,1.0,78.41
21320,1900,6,1.0,71.05
21321,1900,6,1.0,108.33
21322,2021,9,1.0,77.52
21323,2021,3,12.0,62.73
21324,1900,6,1.0,103.72
21325,1900,3,12.0,96.11
21326,1880,3,12.0,105.66
21327,1900,9,1.0,135.63
21328,1900,3,12.0,80.58
21329,1985,3,1.0,105.22
21330,1880,6,1.0,87.65
21331,1948,6,1.0,76.52
21332,1880,3,12.0,63.38
21333,1957,3,1.0,94.18
21334,1880,6,1.0,163.71
21335,1986,3,1.0,90.84
21336,1986,3,12.0,90.84
21337,1995,6,1.0,247.49
21338,1942,3,1.0,248.76
21339,1942,3,12.0,248.76
21340,1880,3,1.0,126.63
21341,1900,6,1.0,144.21
21342,1900,3,12.0,104.85
21343,1985,3,1.0,66.26
21344,1985,3,12.0,66.26
21345,1880,9,1.0,80.67
21346,1880,3,12.0,53.38
21347,1890,6,1.0,94.03
21348,1900,6,1.0,120.37
21349,1900,3,12.0,95.98
21350,1900,3,1.0,81.22
21351,1900,6,1.0,82.71
21352,1949,6,1.0,64.22
21353,1900,3,1.0,92.82
21354,1900,6,1.0,83.53
21355,1900,6,1.0,75.18
21356,1900,3,1.0,84.89
21357,1900,3,12.0,57.38
21358,1900,9,1.0,64.1
21359,2018,6,1.0,58.2
21360,2018,3,12.0,50.19
21361,1880,9,1.0,66.32
21362,1900,6,1.0,65.17
21363,1940,6,1.0,48.89
21364,1924,9,1.0,60.85
21365,1900,3,12.0,52.76
21366,1910,9,1.0,57.13
21367,1900,6,1.0,74.53
21368,2013,3,12.0,58.45
21369,1900,3,1.0,62.17
21370,1880,6,1.0,97.63
21371,2021,6,1.0,86.04
21372,1900,3,12.0,73.08
21373,1900,6,1.0,96.26
21374,1880,3,1.0,101.69
21375,1986,3,1.0,92.54
21376,1986,3,12.0,85.73
21377,1986,3,1.0,99.33
21378,1986,3,12.0,99.33
21379,1900,3,12.0,29.73
21380,1880,3,2.0,867.65
21381,1880,3,12.0,98.48
21382,2021,9,1.0,93.31
21383,1942,6,1.0,133.61
21384,1890,3,3.0,731.67
21385,1897,3,1.0,98.83
21386,1915,3,1.0,93.52
21387,1930,3,1.0,97.57
21388,1913,3,1.0,73.54
21389,1939,6,1.0,117.79
21390,1880,3,1.0,174.56
21391,2015,9,1.0,99.77
21392,2015,3,12.0,99.77
21393,2000,3,1.0,76.08
21394,1919,3,1.0,181.17
21395,1999,3,1.0,158.13
21396,1920,3,1.0,169.32
21397,1880,9,1.0,132.54
21398,1900,3,1.0,188.62
21399,1900,3,12.0,173.24
21400,1932,6,1.0,127.49
21401,1993,3,1.0,114.5
21402,1936,6,1.0,91.06
21403,1936,3,12.0,73.76
21404,1900,6,1.0,149.87
21405,1880,3,5.0,149.52
21406,1880,3,1.0,136.6
21407,1880,3,12.0,66.46
21408,1932,6,1.0,62.81
21409,1932,3,12.0,54.5
21410,1987,6,1.0,58.44
21411,1993,6,12.0,52.16
21412,1900,3,1.0,77.88
21413,1900,3,12.0,71.91
21414,1900,3,1.0,69.38
21415,1940,3,1.0,132.7
21416,2022,9,1.0,133.98
21417,2022,3,11.0,97.03
21418,1994,6,12.0,80.33
21419,2017,6,1.0,88.5
21420,2017,3,12.0,73.11
21421,2017,9,1.0,96.17
21422,2017,3,10.0,88.73
21423,2017,3,11.0,43.13
21424,2017,3,12.0,
21425,2005,6,1.0,102.73
21426,1936,6,1.0,119.09
21427,1940,3,1.0,138.8
21428,1936,6,1.0,81.05
21429,1900,3,1.0,95.16
21430,1880,9,1.0,117.55
21431,1880,3,11.0,83.39
21432,1880,3,12.0,69.91
21433,1964,3,1.0,125.44
21434,1998,3,1.0,132.66
21435,1900,3,1.0,135.26
21436,1900,6,12.0,69.86
21437,1900,3,1.0,132.04
21438,1900,3,12.0,110.24
21439,1880,6,1.0,125.83
21440,1927,6,1.0,136.7
21441,1927,3,11.0,109.05
21442,1927,3,12.0,93.32
21443,1898,3,1.0,148.86
21444,1965,18,1.0,336.06
21445,1965,3,5.0,105.05
21446,1965,3,12.0,100.96
21447,1895,9,5.0,110.84
21448,1895,6,1.0,96.69
21449,1967,3,1.0,107.57
21450,1967,3,12.0,85.68
21451,1900,3,1.0,105.33
21452,1939,3,5.0,121.12
21453,1939,6,1.0,89.43
21454,1939,6,11.0,78.58
21455,1939,6,12.0,7.16
21456,1900,3,1.0,94.12
21457,1900,3,1.0,74.14
21458,1953,6,1.0,61.75
21459,1900,3,1.0,68.79
21460,2009,3,5.0,332.12
21461,2009,9,1.0,301.37
21462,2009,3,1.0,235.67
21463,2009,3,12.0,235.67
21464,2011,9,1.0,299.09
21465,1996,15,1.0,907.16
21466,1982,9,1.0,359.65
21467,2001,6,1.0,219.97
21468,1900,3,5.0,202.75
21469,1900,3,1.0,142.18
21470,1900,3,12.0,84.82
21471,1900,3,1.0,169.52
21472,1950,9,1.0,585.77
21473,1950,3,10.0,451.13
21474,1900,3,5.0,78.15
21475,1900,3,1.0,78.15
21476,1936,3,1.0,59.15
21477,1985,3,1.0,121.54
21478,1988,3,10.0,72.94
21479,1986,3,12.0,
21480,1985,3,1.0,95.24
21481,1985,3,12.0,74.71
21482,1985,3,1.0,93.19
21483,1985,3,12.0,71.69
21484,1985,3,1.0,90.9
21485,1985,3,12.0,71.1
21486,1985,3,1.0,92.72
21487,1985,3,12.0,73.42
21488,1985,3,1.0,125.44
21489,1985,3,12.0,76.55
21490,1985,3,1.0,82.2
21491,1985,3,12.0,82.2
21492,1985,3,1.0,81.74
21493,1985,3,12.0,81.74
21494,1985,3,1.0,80.78
21495,1985,3,12.0,80.78
21496,1989,3,5.0,625.62
21497,1989,9,1.0,332.43
21498,1987,3,12.0,27.31
21499,1987,3,12.0,29.89
21500,1987,3,12.0,29.84
21501,2007,3,1.0,258.22
21502,1995,3,5.0,678.2
21503,1995,3,7.0,649.05
21504,1995,12,1.0,649.05
21505,1900,3,5.0,257.46
21506,1900,3,1.0,227.5
21507,1900,3,1.0,89.51
21508,1900,3,1.0,97.1
21509,1900,6,1.0,153.77
21510,1943,3,5.0,143.87
21511,2002,3,5.0,1324.76
21512,2002,9,1.0,1273.43
21513,2002,3,12.0,1273.43
21514,2005,3,5.0,206.04
21515,2005,12,1.0,198.25
21516,2008,12,1.0,266.37
21517,2008,3,11.0,216.07
21518,2001,3,5.0,1282.78
21519,2001,27,1.0,559.6
21520,2002,3,5.0,513.69
21521,2002,27,1.0,513.69
21522,1943,3,1.0,114.49
21523,1950,3,5.0,113.7
21524,1950,3,1.0,87.45
21525,1962,3,5.0,106.52
21526,1962,3,1.0,89.18
21527,1931,3,1.0,102.39
21528,1961,3,1.0,119.15
21529,1961,3,12.0,68.18
21530,1957,6,1.0,112.33
21531,1957,3,11.0,65.2
21532,1957,3,12.0,
21533,1958,6,1.0,116.38
21534,1949,3,11.0,94.35
21535,1958,6,12.0,21.03
21536,2015,9,1.0,99.32
21537,2015,3,12.0,66.34
21538,1971,3,1.0,160.56
21539,1971,3,12.0,106.36
21540,1922,3,1.0,94.36
21541,1937,3,1.0,44.84
21542,2017,6,1.0,205.6
21543,2017,3,12.0,65.71
21544,1912,3,1.0,90.7
21545,1912,3,12.0,79.91
21546,1967,3,1.0,136.47
21547,1900,3,1.0,97.06
21548,1910,3,1.0,86.86
21549,1943,3,1.0,104.13
21550,1917,6,1.0,116.21
21551,1917,3,11.0,105.3
21552,1917,3,12.0,6.25
21553,1910,3,1.0,213.41
21554,1910,3,12.0,15.16
21555,1958,3,1.0,137.06
21556,1934,3,1.0,108.53
21557,1955,3,1.0,118.53
21558,1998,3,1.0,144.07
21559,1954,3,1.0,89.94
21560,1912,6,1.0,116.48
21561,1912,3,11.0,97.47
21562,1912,3,12.0,
21563,1999,3,1.0,172.98
21564,1938,3,1.0,116.35
21565,1931,3,1.0,112.88
21566,1931,3,1.0,77.25
21567,1931,3,12.0,62.45
21568,1991,3,1.0,87.68
21569,2017,15,1.0,401.11
21570,2017,3,12.0,266.12
21571,2017,3,5.0,232.92
21572,2017,12,1.0,221.9
21573,2017,3,12.0,218.51
21574,1941,3,1.0,115.09
21575,2023,6,1.0,84.85
21576,1946,6,1.0,157.37
21577,1946,3,11.0,101.75
21578,1946,6,12.0,
21579,1941,3,1.0,131.18
21580,1963,3,1.0,80.98
21581,1944,3,1.0,121.31
21582,1951,6,1.0,150.43
21583,1951,3,11.0,134.0
21584,1951,3,12.0,
21585,1935,3,1.0,126.44
21586,1929,3,1.0,96.7
21587,2006,9,1.0,145.86
21588,2022,3,12.0,74.7
21589,1941,3,1.0,56.4
21590,1941,3,12.0,56.4
21591,1949,6,1.0,239.35
21592,1915,6,1.0,151.31
21593,1931,3,5.0,255.75
21594,1931,3,1.0,176.83
21595,1931,3,11.0,
21596,1931,6,12.0,
21597,1979,6,1.0,207.09
21598,1946,3,5.0,141.43
21599,1946,3,1.0,69.8
21600,1946,3,1.0,132.33
21601,1946,3,12.0,78.96
21602,1935,3,2.0,137.78
21603,1935,3,1.0,82.44
21604,2003,3,5.0,547.85
21605,2003,9,1.0,397.58
21606,2003,3,12.0,397.58
21607,1921,6,1.0,243.22
21608,2008,9,1.0,76.73
21609,1958,3,12.0,347.71
21610,1936,6,1.0,187.71
21611,1936,3,12.0,130.39
21612,1951,3,1.0,105.42
21613,2011,12,1.0,166.29
21614,2011,3,10.0,77.11
21615,2011,3,12.0,77.11
21616,1950,6,1.0,120.96
21617,1936,3,1.0,137.37
21618,1951,6,1.0,121.38
21619,1912,3,11.0,27.72
21620,1937,6,1.0,160.21
21621,1915,3,1.0,109.69
21622,1990,9,1.0,124.91
21623,1990,6,12.0,102.66
21624,1935,3,1.0,126.43
21625,1952,3,1.0,149.46
21626,1957,3,1.0,130.34
21627,1961,12,1.0,110.18
21628,1961,3,12.0,107.97
21629,1973,3,3.0,121.01
21630,1921,3,1.0,68.64
21631,1949,9,1.0,521.76
21632,1949,9,12.0,432.86
21633,1949,9,1.0,474.62
21634,1992,6,1.0,165.5
21635,1950,3,12.0,165.5
21636,1931,3,1.0,115.73
21637,1939,3,1.0,148.08
21638,1939,3,12.0,97.88
21639,1980,3,1.0,152.62
21640,1913,3,1.0,118.46
21641,1919,3,1.0,120.63
21642,1919,3,12.0,
21643,1970,6,1.0,123.47
21644,1919,6,12.0,71.23
21645,1973,15,1.0,261.2
21646,1946,3,1.0,78.8
21647,1946,3,12.0,63.08
21648,1947,6,1.0,153.52
21649,1912,3,12.0,122.97
21650,1931,9,1.0,143.62
21651,2023,3,1.0,116.43
21652,1968,9,1.0,278.67
21653,1956,3,1.0,132.81
21654,1913,3,1.0,141.37
21655,1912,3,1.0,122.59
21656,1992,9,1.0,138.17
21657,1950,3,4.0,756.02
21658,1950,3,12.0,756.02
21659,2009,3,5.0,347.48
21660,2009,15,1.0,220.65
21661,2009,3,12.0,
21662,1960,6,2.0,472.42
21663,1977,21,1.0,1742.87
21664,1980,18,1.0,404.46
21665,1979,18,1.0,398.54
21666,1979,18,1.0,401.83
21667,1978,15,1.0,647.65
21668,1978,15,1.0,671.28
21669,1940,3,1.0,132.4
21670,1940,3,12.0,254.04
21671,1954,3,1.0,99.12
21672,1930,6,1.0,253.28
21673,1930,3,12.0,154.98
21674,1973,3,1.0,114.95
21675,1930,6,1.0,115.43
21676,1930,6,12.0,99.6
21677,1930,6,1.0,105.34
21678,1930,3,1.0,108.38
21679,1930,3,12.0,102.87
21680,2022,6,1.0,115.32
21681,1930,9,1.0,158.86
21682,1980,3,1.0,134.22
21683,1980,3,12.0,81.65
21684,1980,3,1.0,107.85
21685,1980,3,1.0,113.97
21686,1980,3,1.0,106.05
21687,1980,3,1.0,118.31
21688,1984,3,10.0,109.96
21689,1980,3,12.0,37.16
21690,1980,3,1.0,106.22
21691,1984,3,10.0,97.95
21692,1980,3,12.0,33.48
21693,1980,3,1.0,129.89
21694,1980,3,1.0,110.78
21695,1980,3,1.0,112.57
21696,1980,3,1.0,113.96
21697,1980,3,1.0,115.41
21698,1980,3,1.0,124.07
21699,1980,3,1.0,106.26
21700,1980,3,1.0,201.16
21701,1980,3,1.0,113.37
21702,1983,3,1.0,105.82
21703,1980,3,1.0,115.48
21704,1980,3,1.0,95.71
21705,1980,9,1.0,82.12
21706,1980,3,12.0,82.12
21707,1980,9,1.0,77.9
21708,1980,3,12.0,77.9
21709,1980,3,1.0,95.54
21710,1960,3,12.0,31.27
21711,1982,3,1.0,126.9
21712,1982,3,1.0,126.35
21713,1982,3,1.0,126.99
21714,1982,3,1.0,128.31
21715,1980,3,1.0,85.42
21716,1980,3,1.0,84.89
21717,1980,3,1.0,81.32
21718,1980,3,1.0,91.09
21719,1980,3,1.0,89.28
21720,1980,3,1.0,87.7
21721,1980,3,1.0,84.73
21722,1980,3,1.0,93.03
21723,1982,3,1.0,125.88
21724,1982,3,1.0,129.57
21725,1991,3,5.0,1342.63
21726,2023,3,2.0,787.13
21727,1998,12,1.0,787.13
21728,2023,3,11.0,776.56
21729,1970,3,3.0,23.77
21730,1989,3,5.0,233.01
21731,1989,9,1.0,223.02
21732,1990,3,5.0,225.6
21733,1990,9,1.0,214.89
21734,1979,12,1.0,311.56
21735,1981,15,1.0,229.61
21736,1978,12,1.0,255.66
21737,1978,12,1.0,227.82
21738,2024,15,1.0,230.92
21739,2024,3,12.0,225.38
21740,1975,15,1.0,265.32
21741,1976,15,1.0,294.51
21742,1977,15,1.0,264.8
21743,1989,9,1.0,224.44
21744,1988,9,1.0,376.31
21745,1986,9,1.0,382.3
21746,1988,9,1.0,418.18
21747,1985,3,12.0,348.13
21748,1985,9,1.0,388.82
21749,1986,9,1.0,727.86
21750,2009,3,10.0,3555.26
21751,1995,3,5.0,1681.4
21752,1995,3,2.0,1516.27
21753,1995,21,1.0,1516.27
21754,1995,27,12.0,1516.27
21755,2004,3,1.0,128.12
21756,1996,3,1.0,72.99
21757,1997,3,1.0,146.54
21758,1997,3,1.0,96.76
21759,1995,3,1.0,126.26
21760,1998,3,1.0,470.64
21761,1998,6,1.0,160.55
21762,2000,3,5.0,1325.97
21763,1999,15,1.0,1325.97
21764,1996,6,1.0,354.64
21765,2003,3,1.0,107.57
21766,1999,3,1.0,108.36
21767,2002,6,1.0,105.5
21768,1996,3,12.0,105.5
21769,1996,3,1.0,147.05
21770,2000,3,10.0,139.29
21771,1996,3,12.0,
21772,2001,6,1.0,165.32
21773,1998,21,1.0,2345.43
21774,1998,3,12.0,1642.47
21775,1975,30,1.0,330.64
21776,1975,30,1.0,330.63
21777,1975,30,1.0,330.63
21778,1975,30,1.0,330.63
21779,1975,39,1.0,698.98
21780,1975,39,1.0,695.56
21781,1975,39,1.0,698.95
21782,1975,3,5.0,414.89
21783,1975,39,1.0,392.36
21784,1975,3,5.0,399.27
21785,1975,39,1.0,388.61
21786,1975,30,1.0,330.63
21787,1975,30,1.0,330.63
21788,1975,39,1.0,458.5
21789,1996,6,10.0,1082.76
21790,1992,3,10.0,830.25
21791,1997,3,12.0,539.65
21792,1994,27,1.0,454.7
21793,1994,27,12.0,454.7
21794,1992,9,6.0,979.58
21795,1992,6,11.0,685.55
21796,1992,3,10.0,1124.96
21797,1992,3,12.0,376.27
21798,1975,15,1.0,169.53
21799,1975,15,1.0,169.18
21800,1975,45,1.0,591.67
21801,1970,3,12.0,42.62
21802,1975,3,5.0,1553.31
21803,1975,3,4.0,633.77
21804,1975,15,1.0,633.77
21805,1975,3,5.0,479.95
21806,1975,15,1.0,160.94
21807,1975,3,5.0,457.86
21808,1975,15,1.0,330.55
21809,1975,15,1.0,169.06
21810,1975,15,1.0,169.13
21811,1975,45,1.0,493.68
21812,1900,3,5.0,695.36
21813,1900,3,12.0,16.08
21814,1900,3,12.0,20.02
21815,1990,3,3.0,1085.06
21816,1993,3,3.0,620.19
21817,1986,3,3.0,197.16
21818,1962,3,12.0,1612.25
21819,1962,3,12.0,15.94
21820,2000,3,3.0,1185.02
21821,1940,3,12.0,3289.5
21822,1987,3,2.0,511.44
21823,1987,3,12.0,
21824,1960,3,12.0,12.31
21825,1940,6,1.0,152.82
21826,1940,3,9.0,135.49
21827,2014,9,12.0,231.53
21828,1964,3,3.0,890.38
21829,1987,3,2.0,243.71
21830,1987,3,12.0,
21831,1987,3,12.0,507.72
21832,1998,3,3.0,252.21
21833,1998,3,2.0,252.21
21834,1930,3,1.0,82.58
21835,1920,3,1.0,77.52
21836,1984,3,1.0,99.05
21837,1900,3,1.0,86.08
21838,1960,3,12.0,86.08
21839,1900,3,1.0,77.77
21840,1970,15,1.0,178.15
21841,1915,3,1.0,68.09
21842,1908,3,5.0,192.48
21843,1908,3,1.0,179.4
21844,1908,3,12.0,
21845,1930,12,1.0,112.56
21846,1930,3,12.0,89.3
21847,1930,3,1.0,88.59
21848,1945,3,1.0,72.06
21849,2003,6,1.0,82.54
21850,1930,3,1.0,81.48
21851,1945,3,12.0,3042.86
21852,1972,3,12.0,318.11
21853,1955,3,12.0,649.98
21854,1955,3,12.0,13.97
21855,2007,12,1.0,224.52
21856,1920,3,1.0,140.44
21857,1912,3,1.0,113.99
21858,1995,3,1.0,146.1
21859,1928,3,1.0,163.13
21860,1931,3,1.0,105.59
21861,1994,3,1.0,85.35
21862,2009,3,10.0,71.45
21863,1994,3,12.0,71.45
21864,1930,3,1.0,77.56
21865,1930,3,12.0,
21866,1905,3,1.0,115.89
21867,1930,3,1.0,113.51
21868,1930,6,12.0,24.25
21869,1925,3,1.0,84.36
21870,1933,3,1.0,125.28
21871,1996,3,1.0,91.24
21872,1930,3,1.0,109.27
21873,2010,6,1.0,107.81
21874,2010,3,12.0,12.0
21875,1931,3,12.0,69.38
21876,1931,3,1.0,76.03
21877,1950,6,1.0,350.74
21878,1920,3,1.0,190.03
21879,1958,3,12.0,88.35
21880,1963,6,1.0,349.98
21881,1920,3,12.0,169.89
21882,2009,3,5.0,3154.96
21883,2009,18,1.0,2589.9
21884,2009,3,12.0,2589.9
21885,2021,12,1.0,459.23
21886,2021,3,11.0,313.75
21887,1930,3,1.0,94.27
21888,1930,3,1.0,85.29
21889,1930,3,1.0,68.85
21890,1930,3,1.0,69.76
21891,1930,3,1.0,87.24
21892,1930,3,1.0,93.83
21893,1930,3,1.0,115.82
21894,1930,3,1.0,122.96
21895,1930,3,1.0,90.27
21896,1930,3,1.0,89.66
21897,1930,3,1.0,95.84
21898,1930,3,1.0,100.59
21899,1930,3,1.0,85.69
21900,1986,3,5.0,210.18
21901,1958,3,1.0,166.91
21902,1930,3,12.0,
21903,1930,3,5.0,153.3
21904,1930,3,1.0,121.55
21905,1930,3,12.0,
21906,1930,3,1.0,147.74
21907,1944,6,1.0,157.59
21908,1930,3,1.0,103.66
21909,1930,3,1.0,63.05
21910,1930,3,1.0,93.23
21911,1930,3,1.0,81.69
21912,1930,3,1.0,103.32
21913,2021,9,1.0,83.21
21914,2021,3,12.0,67.95
21915,1930,3,1.0,95.88
21916,1950,3,5.0,114.47
21917,1950,3,1.0,94.35
21918,1940,3,1.0,111.91
21919,1972,3,1.0,132.29
21920,1945,3,12.0,127.29
21921,1986,3,1.0,107.44
21922,1950,9,1.0,124.09
21923,1950,9,12.0,97.36
21924,1930,3,5.0,130.49
21925,1929,3,1.0,118.39
21926,1940,3,1.0,140.4
21927,2002,9,1.0,443.98
21928,2005,9,1.0,195.72
21929,2007,9,1.0,174.93
21930,1930,6,3.0,2505.99
21931,1930,6,3.0,475.98
21932,1930,3,3.0,1077.94
21933,1930,6,3.0,893.86
21934,1930,3,3.0,1706.68
21935,1930,3,3.0,1056.62
21936,1930,3,3.0,578.96
21937,1930,3,3.0,201.54
21938,1930,3,3.0,1044.5
21939,1930,3,3.0,623.62
21940,1930,3,3.0,373.78
21941,1930,6,3.0,255.32
21942,1930,6,3.0,350.63
21943,1930,3,3.0,387.84
21944,1930,3,3.0,55.18
21945,1930,3,3.0,278.63
21946,1930,3,3.0,1352.47
21947,1930,3,3.0,201.28
21948,1999,12,1.0,701.39
21949,1999,15,12.0,701.39
21950,2003,3,5.0,4131.36
21951,2003,3,6.0,2297.27
21952,2003,3,2.0,2057.94
21953,2003,3,1.0,1911.88
21954,2003,3,12.0,1122.34
21955,1995,3,5.0,1117.71
21956,1995,12,1.0,1117.71
21957,1975,3,1.0,74.17
21958,1935,3,1.0,69.97
21959,2022,6,1.0,43.38
21960,2022,9,1.0,94.33
21961,2006,3,1.0,245.87
21962,2008,3,1.0,422.71
21963,1999,3,1.0,298.45
21964,2002,3,10.0,298.45
21965,1950,6,12.0,131.88
21966,1950,3,1.0,172.26
21967,1975,3,1.0,166.69
21968,2022,9,1.0,80.29
21969,2022,3,12.0,80.29
21970,1950,3,1.0,155.09
21971,1950,3,12.0,108.74
21972,2000,3,1.0,102.28
21973,2009,9,1.0,324.44
21974,2013,3,10.0,151.9
21975,2007,3,12.0,49.35
21976,1905,3,1.0,130.71
21977,1937,9,1.0,182.41
21978,1910,6,1.0,101.09
21979,2019,3,10.0,83.47
21980,1910,6,12.0,73.08
21981,1955,3,5.0,107.95
21982,1955,3,1.0,80.32
21983,1976,3,1.0,49.52
21984,2016,9,1.0,65.47
21985,2016,3,12.0,65.47
21986,1960,3,5.0,117.44
21987,1960,3,1.0,96.99
21988,2007,12,4.0,1720.4
21989,2010,3,10.0,865.71
21990,2012,3,5.0,686.58
21991,2012,21,1.0,446.48
21992,2012,6,12.0,446.48
21993,2010,3,5.0,1334.76
21994,2010,6,2.0,981.76
21995,2010,15,1.0,559.14
21996,2010,3,12.0,559.14
21997,2011,3,2.0,304.34
21998,2011,12,1.0,244.68
21999,2010,6,12.0,237.7
22000,2018,9,1.0,123.23
22001,2018,3,12.0,108.23
22002,1986,9,1.0,82.56
22003,1970,3,11.0,82.56
22004,1970,3,12.0,5.19
22005,1923,3,1.0,268.53
22006,1936,9,3.0,2971.06
22007,1950,3,12.0,1588.07
22008,1910,3,1.0,69.6
22009,1910,3,1.0,63.93
22010,1931,3,1.0,122.71
22011,1950,6,1.0,75.97
22012,2017,3,10.0,75.97
22013,2017,3,11.0,
22014,2018,6,1.0,108.06
22015,1910,3,12.0,82.96
22016,1910,3,1.0,170.96
22017,1910,3,12.0,128.98
22018,1890,3,1.0,187.86
22019,1890,3,12.0,103.21
22020,1900,3,1.0,115.69
22021,1900,3,12.0,94.55
22022,1926,3,1.0,171.06
22023,1926,3,12.0,75.02
22024,1900,6,1.0,118.55
22025,1900,3,1.0,124.5
22026,1991,6,1.0,98.32
22027,2022,3,12.0,71.96
22028,2016,9,1.0,116.34
22029,2016,3,10.0,81.64
22030,2016,3,12.0,51.94
22031,1958,9,1.0,117.06
22032,1958,3,12.0,94.44
22033,1900,3,1.0,126.74
22034,1900,3,12.0,113.35
22035,1964,3,1.0,192.3
22036,1964,3,12.0,127.99
22037,1940,3,1.0,101.7
22038,1950,3,1.0,111.09
22039,1910,3,1.0,111.14
22040,1905,9,1.0,137.76
22041,1905,3,12.0,102.34
22042,2003,6,1.0,113.53
22043,1955,6,1.0,129.12
22044,1966,6,1.0,82.21
22045,1890,6,1.0,83.39
22046,1890,3,12.0,61.5
22047,1935,3,5.0,99.89
22048,1935,3,1.0,99.89
22049,1924,3,5.0,49.76
22050,1924,3,1.0,49.76
22051,1930,3,1.0,142.96
22052,1930,3,12.0,68.47
22053,1880,3,1.0,124.95
22054,1926,6,12.0,104.09
22055,1920,9,1.0,124.44
22056,1920,3,12.0,90.75
22057,1900,9,1.0,130.16
22058,1900,3,12.0,87.37
22059,1900,3,1.0,112.99
22060,1973,9,1.0,104.72
22061,1950,3,11.0,84.78
22062,1950,3,12.0,55.22
22063,2007,3,5.0,152.15
22064,1935,9,1.0,75.5
22065,2007,3,10.0,38.9
22066,1920,9,1.0,108.48
22067,1920,3,11.0,83.22
22068,1964,3,1.0,85.13
22069,1898,3,5.0,74.27
22070,1898,3,1.0,74.27
22071,1967,6,1.0,96.42
22072,1965,9,1.0,92.14
22073,1942,3,1.0,139.09
22074,1989,3,1.0,197.35
22075,1890,3,1.0,98.68
22076,1880,3,1.0,100.24
22077,1954,9,1.0,98.54
22078,1900,3,12.0,62.73
22079,1990,3,1.0,70.93
22080,1880,3,1.0,66.11
22081,1905,3,1.0,102.72
22082,1910,3,1.0,83.62
22083,1980,3,1.0,46.5
22084,1980,3,11.0,
22085,2001,9,1.0,520.23
22086,1900,3,1.0,50.66
22087,1937,3,1.0,283.68
22088,2002,3,3.0,877.06
22089,2006,3,5.0,397.95
22090,2006,9,1.0,241.3
22091,2008,9,1.0,358.86
22092,1961,3,5.0,101.86
22093,1961,9,1.0,101.86
22094,1900,6,1.0,183.37
22095,1900,3,12.0,130.37
22096,1960,3,1.0,111.51
22097,1880,3,1.0,100.34
22098,1880,3,12.0,79.91
22099,1880,3,1.0,94.66
22100,1880,3,12.0,73.08
22101,1936,3,1.0,76.85
22102,1900,3,1.0,92.92
22103,1900,3,12.0,77.28
22104,1900,3,1.0,79.03
22105,1900,3,1.0,89.36
22106,1895,3,1.0,83.27
22107,1895,3,1.0,89.27
22108,1976,3,1.0,196.73
22109,1976,3,12.0,184.73
22110,1930,3,1.0,87.62
22111,1930,3,12.0,67.12
22112,1900,9,1.0,80.33
22113,1900,3,12.0,72.99
22114,1900,6,1.0,96.69
22115,1900,3,1.0,165.04
22116,1900,3,12.0,106.37
22117,1900,3,1.0,73.76
22118,1900,3,1.0,108.45
22119,2020,3,10.0,88.45
22120,1900,3,12.0,72.74
22121,1900,9,1.0,121.29
22122,1936,3,1.0,148.93
22123,1900,9,4.0,108.48
22124,1900,3,1.0,193.19
22125,1900,3,1.0,113.31
22126,1900,3,12.0,92.65
22127,2003,3,1.0,182.7
22128,2003,3,12.0,168.55
22129,2023,9,1.0,193.03
22130,2023,3,12.0,166.14
22131,1936,9,1.0,57.87
22132,1936,3,12.0,57.87
22133,1940,3,1.0,80.65
22134,1940,3,12.0,50.64
22135,1915,6,1.0,111.74
22136,1915,3,11.0,101.97
22137,1915,3,12.0,
22138,1968,3,1.0,214.46
22139,1968,3,12.0,180.46
22140,2012,9,4.0,96.9
22141,2012,3,10.0,25.9
22142,1956,3,4.0,708.15
22143,1957,9,1.0,207.23
22144,1880,6,1.0,87.7
22145,1900,3,1.0,271.89
22146,1930,9,1.0,59.59
22147,1930,3,12.0,54.5
22148,1965,9,1.0,40.84
22149,2001,6,1.0,130.23
22150,2001,3,1.0,133.85
22151,2005,6,1.0,61.77
22152,2005,6,1.0,59.72
22153,2006,3,1.0,316.29
22154,2022,9,1.0,100.24
22155,2022,3,12.0,75.92
22156,2023,6,1.0,66.08
22157,1885,6,1.0,86.18
22158,1990,9,1.0,235.56
22159,1990,12,11.0,230.96
22160,1990,3,12.0,207.41
22161,1940,3,5.0,293.06
22162,1940,6,1.0,270.21
22163,1999,3,12.0,238.19
22164,1880,6,1.0,81.69
22165,1880,3,1.0,264.94
22166,1992,3,5.0,199.57
22167,1992,3,5.0,144.72
22168,1880,3,1.0,240.71
22169,1936,9,1.0,397.55
22170,1985,3,1.0,184.27
22171,1900,3,1.0,66.77
22172,1900,3,1.0,52.62
22173,1900,6,1.0,180.1
22174,2000,6,1.0,90.56
22175,1940,6,1.0,59.67
22176,1880,3,12.0,59.67
22177,1880,3,1.0,55.52
22178,1880,3,5.0,339.28
22179,1880,3,1.0,213.83
22180,2002,9,1.0,90.64
22181,2002,3,12.0,60.93
22182,1900,9,1.0,98.13
22183,1900,3,12.0,98.13
22184,1895,3,5.0,89.29
22185,1931,12,1.0,79.64
22186,1895,6,12.0,60.98
22187,1900,9,1.0,92.49
22188,1900,3,12.0,82.45
22189,1900,9,1.0,83.28
22190,1900,3,12.0,83.28
22191,1880,3,1.0,65.9
22192,1936,6,1.0,69.78
22193,1936,3,12.0,57.3
22194,1880,3,1.0,77.48
22195,1900,3,1.0,76.02
22196,1922,9,1.0,65.76
22197,1900,9,1.0,70.65
22198,1900,3,12.0,64.55
22199,2008,9,1.0,61.45
22200,2008,3,12.0,59.93
22201,1900,3,1.0,75.16
22202,1900,3,1.0,76.99
22203,1900,9,1.0,50.14
22204,1900,3,12.0,50.14
22205,1900,3,1.0,66.0
22206,1900,3,12.0,51.69
22207,1991,3,1.0,1089.02
22208,1926,6,1.0,104.53
22209,2019,9,1.0,117.66
22210,1979,3,12.0,92.08
22211,1997,6,1.0,81.63
22212,1997,3,12.0,58.43
22213,1900,3,1.0,79.42
22214,1900,6,1.0,95.7
22215,1900,3,12.0,95.7
22216,1900,3,1.0,139.89
22217,1890,3,1.0,133.15
22218,1885,3,2.0,69.15
22219,1885,12,1.0,62.35
22220,1885,3,11.0,57.59
22221,1951,3,12.0,26.68
22222,1900,9,1.0,44.18
22223,2009,3,5.0,62.03
22224,1972,9,1.0,48.93
22225,1900,3,1.0,61.08
22226,1962,6,1.0,84.94
22227,1962,6,12.0,68.87
22228,1900,3,1.0,87.28
22229,2020,3,5.0,66.87
22230,2020,6,1.0,66.87
22231,2023,6,1.0,64.71
22232,1890,3,12.0,53.05
22233,1905,3,1.0,145.99
22234,1905,3,12.0,100.28
22235,1892,3,1.0,67.68
22236,1905,3,1.0,64.41
22237,2002,6,1.0,59.79
22238,1938,9,1.0,69.74
22239,1925,9,1.0,88.41
22240,1880,3,12.0,41.23
22241,1900,3,1.0,81.24
22242,1936,9,1.0,86.24
22243,1936,6,12.0,78.32
22244,1950,3,1.0,110.66
22245,1970,3,9.0,549.06
22246,1986,6,1.0,138.36
22247,1986,3,12.0,117.55
22248,1986,6,1.0,133.3
22249,1986,3,12.0,101.2
22250,2012,6,1.0,30.94
22251,1902,6,5.0,185.09
22252,1992,6,1.0,187.23
22253,1992,3,12.0,125.59
22254,2005,3,1.0,359.26
22255,2005,3,12.0,329.17
22256,2004,3,2.0,242.93
22257,2004,3,1.0,199.36
22258,2001,6,1.0,148.78
22259,2007,3,10.0,98.46
22260,2003,3,12.0,
22261,1900,6,1.0,267.09
22262,1900,3,12.0,267.09
22263,1900,3,1.0,89.88
22264,1900,9,1.0,225.05
22265,1900,9,1.0,118.91
22266,1900,9,1.0,108.09
22267,1900,3,1.0,170.8
22268,2023,6,4.0,457.29
22269,2023,3,11.0,230.72
22270,2023,6,4.0,112.73
22271,1954,6,1.0,299.96
22272,1900,3,1.0,179.59
22273,1900,6,1.0,162.14
22274,1934,12,1.0,300.37
22275,1909,3,12.0,252.23
22276,1920,3,4.0,2229.01
22277,1920,3,11.0,2169.97
22278,1946,3,1.0,726.03
22279,2006,6,1.0,110.36
22280,2006,3,11.0,110.36
22281,1912,3,12.0,6.36
22282,1990,3,12.0,466.93
22283,1920,3,1.0,100.69
22284,1920,3,12.0,90.03
22285,1900,3,1.0,89.4
22286,1900,12,1.0,217.14
22287,1900,3,12.0,179.32
22288,1963,3,1.0,218.74
22289,1900,6,1.0,95.76
22290,1945,3,1.0,75.22
22291,1974,9,1.0,60.03
22292,1900,3,1.0,421.55
22293,1900,3,4.0,1298.26
22294,1900,3,2.0,468.78
22295,1900,3,1.0,76.44
22296,1900,3,1.0,69.53
22297,1900,3,1.0,70.53
22298,1997,3,5.0,81.91
22299,2002,3,1.0,42.74
22300,1997,3,9.0,
22301,1997,3,5.0,85.45
22302,1997,3,1.0,54.67
22303,1997,3,9.0,
22304,2006,9,1.0,67.33
22305,2006,3,12.0,66.02
22306,1900,12,1.0,88.7
22307,1900,3,12.0,84.7
22308,1976,12,1.0,472.95
22309,1976,3,9.0,442.29
22310,1976,3,12.0,442.29
22311,1900,3,1.0,193.17
22312,1900,3,12.0,187.73
22313,1900,9,1.0,141.71
22314,1900,3,11.0,134.7
22315,1900,6,12.0,81.74
22316,1900,3,5.0,174.43
22317,1900,6,1.0,146.73
22318,1900,6,12.0,123.59
22319,1993,6,1.0,101.78
22320,1993,3,12.0,101.78
22321,1890,9,1.0,137.74
22322,1900,9,1.0,137.16
22323,1915,9,1.0,106.16
22324,1915,3,12.0,100.06
22325,1900,9,1.0,112.08
22326,1900,3,12.0,85.07
22327,1900,9,1.0,361.19
22328,1900,3,11.0,184.51
22329,1910,3,1.0,56.6
22330,1998,9,4.0,4773.38
22331,2012,3,10.0,2425.85
22332,2023,3,11.0,211.16
22333,1900,3,1.0,99.49
22334,1989,3,1.0,79.61
22335,1989,3,12.0,79.61
22336,1989,3,1.0,116.43
22337,1989,3,1.0,115.78
22338,1989,3,12.0,75.3
22339,1900,9,1.0,64.11
22340,1900,3,12.0,64.11
22341,1994,3,1.0,879.83
22342,2000,3,1.0,148.15
22343,2000,3,1.0,117.82
22344,2003,3,1.0,743.24
22345,2005,6,1.0,139.99
22346,1900,3,1.0,210.63
22347,2003,3,1.0,302.73
22348,2005,6,1.0,887.56
22349,2020,9,1.0,102.61
22350,2020,3,12.0,69.77
22351,1936,3,9.0,51.18
22352,1880,3,1.0,116.29
22353,1900,6,1.0,85.77
22354,1890,3,5.0,60.06
22355,1890,3,1.0,60.06
22356,1916,3,2.0,133.0
22357,1940,6,4.0,297.36
22358,1940,3,2.0,297.36
22359,1962,3,4.0,268.82
22360,1962,3,2.0,160.58
22361,2009,9,1.0,183.67
22362,2009,9,1.0,85.17
22363,1910,9,1.0,126.11
22364,1936,9,1.0,128.29
22365,1900,3,1.0,122.64
22366,1890,3,1.0,108.04
22367,1936,3,5.0,104.43
22368,1936,3,1.0,73.43
22369,1936,3,1.0,68.01
22370,1936,3,1.0,356.92
22371,1900,3,9.0,1140.44
22372,1936,3,1.0,261.74
22373,1936,3,12.0,149.18
22374,1927,3,1.0,69.8
22375,1927,3,12.0,69.8
22376,1900,3,1.0,107.67
22377,1967,3,2.0,1495.86
22378,1962,12,1.0,42.33
22379,1962,3,11.0,37.92
22380,1962,3,12.0,35.11
22381,1900,3,1.0,38.33
22382,1900,9,1.0,45.4
22383,1900,3,12.0,45.4
22384,1990,9,1.0,47.21
22385,1905,3,1.0,118.17
22386,1880,6,1.0,64.64
22387,1880,3,12.0,64.64
22388,1990,9,1.0,194.21
22389,1990,3,12.0,97.67
22390,1900,3,1.0,71.3
22391,1920,9,1.0,96.76
22392,1920,3,12.0,69.62
22393,1936,9,1.0,198.21
22394,1936,3,12.0,151.44
22395,1997,6,1.0,85.84
22396,1927,9,1.0,46.27
22397,1954,3,1.0,93.22
22398,1954,3,12.0,88.36
22399,1965,12,1.0,441.18
22400,1900,3,1.0,88.66
22401,1900,9,1.0,112.77
22402,1900,3,12.0,87.37
22403,1944,6,1.0,114.88
22404,2008,3,12.0,103.86
22405,1880,3,1.0,109.12
22406,1880,9,1.0,142.62
22407,1959,9,1.0,148.25
22408,1920,3,12.0,92.12
22409,1910,12,1.0,99.07
22410,1910,3,12.0,74.53
22411,1880,3,1.0,34.03
22412,2002,3,1.0,243.31
22413,2002,3,12.0,231.6
22414,1980,3,5.0,235.24
22415,1980,6,1.0,217.78
22416,1938,3,1.0,64.62
22417,1880,9,1.0,78.41
22418,1880,3,1.0,91.36
22419,1924,3,1.0,83.8
22420,1942,6,1.0,54.42
22421,1910,3,1.0,64.76
22422,1945,3,1.0,72.44
22423,1945,3,12.0,59.7
22424,1980,12,1.0,151.76
22425,1900,3,12.0,108.85
22426,1952,3,1.0,232.57
22427,1900,3,1.0,91.0
22428,1920,3,1.0,119.01
22429,1920,3,12.0,119.01
22430,1926,3,1.0,278.37
22431,1880,3,1.0,101.57
22432,1945,9,1.0,121.1
22433,1945,3,11.0,95.01
22434,1945,6,12.0,73.54
22435,1943,6,1.0,210.68
22436,1943,9,12.0,195.83
22437,2020,6,1.0,57.21
22438,2020,3,12.0,49.94
22439,2007,9,1.0,43.31
22440,1962,3,1.0,61.27
22441,1900,3,1.0,60.81
22442,1900,3,12.0,44.15
22443,1900,3,1.0,55.18
22444,2001,9,1.0,49.65
22445,2001,3,12.0,49.65
22446,1880,3,1.0,78.85
22447,1880,6,1.0,44.78
22448,1880,3,12.0,44.78
22449,1930,3,1.0,97.95
22450,1942,6,1.0,63.63
22451,1942,3,11.0,63.63
22452,1946,6,1.0,69.23
22453,1967,3,1.0,57.32
22454,1960,6,1.0,43.2
22455,1900,6,1.0,44.34
22456,1900,6,1.0,52.81
22457,1900,3,12.0,38.89
22458,1880,9,12.0,91.21
22459,1965,3,5.0,89.42
22460,1965,6,1.0,77.41
22461,1900,9,1.0,92.27
22462,1900,3,12.0,86.29
22463,1920,3,1.0,58.3
22464,1998,9,1.0,121.92
22465,1998,3,12.0,103.18
22466,1900,6,1.0,144.57
22467,1900,3,12.0,99.24
22468,1936,3,1.0,75.71
22469,1936,3,12.0,63.55
22470,1936,3,1.0,71.75
22471,1880,3,1.0,72.83
22472,1880,3,12.0,72.83
22473,2023,9,1.0,258.05
22474,2023,3,12.0,181.1
22475,1900,3,1.0,125.05
22476,1918,15,1.0,181.0
22477,1918,6,12.0,171.91
22478,1896,3,5.0,87.32
22479,1896,9,1.0,87.32
22480,1900,3,1.0,171.9
22481,1900,3,12.0,91.63
22482,1945,3,1.0,202.61
22483,1945,3,12.0,123.79
22484,1923,12,1.0,131.65
22485,1900,3,12.0,65.75
22486,1942,6,1.0,63.11
22487,2005,3,10.0,49.72
22488,1880,3,12.0,38.27
22489,1900,3,1.0,99.77
22490,1902,3,1.0,110.09
22491,1966,12,1.0,145.29
22492,1966,12,11.0,127.21
22493,1966,6,12.0,102.47
22494,1936,9,1.0,109.16
22495,1936,3,1.0,91.51
22496,1880,12,1.0,143.4
22497,1880,3,12.0,89.43
22498,1987,15,1.0,270.62
22499,1880,3,4.0,188.29
22500,1936,3,1.0,76.26
22501,1936,6,1.0,67.37
22502,1960,3,1.0,64.44
22503,1976,3,1.0,85.57
22504,1936,3,1.0,185.45
22505,1902,3,1.0,100.92
22506,1902,3,1.0,95.66
22507,1902,3,12.0,70.62
22508,1902,9,1.0,94.4
22509,1902,3,12.0,70.77
22510,1880,3,1.0,135.44
22511,1936,3,9.0,3.46
22512,1939,9,1.0,112.75
22513,1900,3,12.0,62.17
22514,1920,9,12.0,242.99
22515,1900,6,1.0,195.89
22516,1900,3,12.0,151.92
22517,1930,3,1.0,203.15
22518,1930,9,1.0,101.09
22519,1930,3,12.0,61.91
22520,1900,3,1.0,94.01
22521,1993,3,5.0,1277.4
22522,1993,12,1.0,1081.65
22523,1992,3,1.0,116.98
22524,1987,3,1.0,93.3
22525,1987,3,1.0,93.98
22526,1987,3,1.0,86.68
22527,1936,3,5.0,139.18
22528,1936,9,1.0,119.3
22529,1955,6,1.0,186.81
22530,1900,6,1.0,104.62
22531,1920,12,1.0,75.25
22532,1948,6,1.0,329.9
22533,1968,3,5.0,108.25
22534,1968,12,1.0,96.5
22535,1968,12,1.0,277.31
22536,1968,6,12.0,197.01
22537,1880,3,1.0,86.86
22538,1880,3,1.0,77.99
22539,1880,3,5.0,96.76
22540,1880,3,1.0,61.19
22541,1880,3,12.0,61.19
22542,1900,3,1.0,54.01
22543,1994,3,1.0,163.87
22544,1993,12,1.0,216.5
22545,2019,3,10.0,191.39
22546,1993,6,12.0,191.39
22547,1900,9,1.0,115.31
22548,1900,3,12.0,75.39
22549,2003,9,1.0,97.67
22550,2003,3,12.0,77.24
22551,1996,3,1.0,70.75
22552,1964,3,1.0,156.87
22553,1950,3,12.0,156.87
22554,2000,3,1.0,98.67
22555,2000,12,1.0,72.05
22556,1925,3,1.0,184.77
22557,1880,9,1.0,154.09
22558,1880,3,11.0,97.59
22559,1880,3,12.0,97.59
22560,1900,3,1.0,137.33
22561,1900,6,12.0,93.87
22562,1900,6,1.0,283.43
22563,1956,3,1.0,266.56
22564,1956,6,12.0,198.34
22565,1980,3,1.0,105.17
22566,1940,3,12.0,105.17
22567,2006,3,1.0,103.84
22568,1900,3,1.0,84.81
22569,1920,3,1.0,91.35
22570,1900,3,1.0,77.49
22571,1900,3,1.0,88.43
22572,1992,6,1.0,104.34
22573,1992,3,12.0,104.34
22574,1992,6,1.0,123.15
22575,1992,6,12.0,92.96
22576,1900,6,1.0,121.66
22577,1900,6,11.0,121.66
22578,1900,6,1.0,90.2
22579,1900,3,12.0,71.72
22580,1900,6,1.0,156.26
22581,2021,9,1.0,144.22
22582,1900,9,1.0,100.02
22583,2021,9,1.0,64.24
22584,2021,3,12.0,57.11
22585,1900,3,1.0,80.76
22586,1900,3,1.0,120.76
22587,1900,6,1.0,90.56
22588,1900,3,12.0,77.31
22589,1900,3,1.0,74.88
22590,1900,3,1.0,118.94
22591,1900,3,1.0,112.68
22592,2001,9,1.0,135.73
22593,2001,3,12.0,66.13
22594,2011,9,1.0,61.13
22595,2011,3,10.0,61.13
22596,2011,3,12.0,36.45
22597,1901,3,1.0,114.99
22598,1901,3,12.0,69.31
22599,1900,3,1.0,101.05
22600,1880,3,1.0,101.98
22601,1900,3,1.0,107.17
22602,1900,3,1.0,101.9
22603,1923,6,1.0,78.06
22604,1914,3,1.0,101.64
22605,1890,3,1.0,75.29
22606,1900,3,1.0,92.32
22607,1900,9,1.0,55.01
22608,1900,3,12.0,55.01
22609,1900,3,1.0,71.21
22610,1900,3,1.0,64.86
22611,1900,3,1.0,73.77
22612,1900,3,12.0,50.6
22613,1900,9,1.0,192.37
22614,1900,3,12.0,178.01
22615,1997,12,1.0,573.93
22616,2011,3,5.0,934.8
22617,2011,15,1.0,870.86
22618,2010,6,12.0,838.38
22619,2010,9,5.0,307.87
22620,2009,18,1.0,307.87
22621,2010,6,12.0,204.87
22622,2010,9,5.0,709.85
22623,2010,18,1.0,702.03
22624,2010,3,10.0,613.49
22625,2010,9,12.0,613.49
22626,2007,9,4.0,805.47
22627,2000,3,5.0,1891.4
22628,2000,9,1.0,1609.45
22629,1980,3,12.0,19.66
22630,2007,3,2.0,2065.79
22631,2007,15,1.0,1978.85
22632,2002,12,1.0,506.01
22633,1950,3,5.0,427.3
22634,1950,3,1.0,26.67
22635,1950,3,11.0,
22636,1950,3,12.0,
22637,1960,3,2.0,202.15
22638,1960,3,1.0,202.15
22639,1960,3,11.0,144.15
22640,1950,3,1.0,43.2
22641,2023,6,1.0,157.9
22642,1986,3,12.0,
22643,1950,3,1.0,52.55
22644,1950,6,1.0,206.63
22645,2016,3,12.0,109.09
22646,1955,6,1.0,75.06
22647,1955,3,12.0,73.12
22648,1973,9,1.0,85.62
22649,1950,3,12.0,71.24
22650,1955,3,1.0,146.18
22651,1920,3,1.0,145.49
22652,2004,6,1.0,88.4
22653,1950,3,12.0,78.19
22654,1955,3,1.0,85.25
22655,1955,3,1.0,80.89
22656,1965,15,1.0,542.53
22657,2007,9,1.0,231.63
22658,1960,3,1.0,102.74
22659,1955,3,1.0,120.99
22660,1950,3,1.0,87.32
22661,1932,3,1.0,127.67
22662,1932,3,12.0,64.37
22663,1996,6,1.0,119.47
22664,1915,3,1.0,155.89
22665,1960,3,4.0,163.06
22666,1960,18,1.0,105.61
22667,1965,6,1.0,250.27
22668,1965,6,1.0,231.33
22669,1990,12,1.0,95.69
22670,1990,3,12.0,83.32
22671,1990,3,1.0,97.81
22672,1947,3,1.0,112.61
22673,1955,3,1.0,181.73
22674,1955,3,12.0,124.22
22675,2006,9,1.0,204.2
22676,1973,3,1.0,142.58
22677,1955,3,1.0,99.19
22678,2007,9,1.0,186.38
22679,1976,9,1.0,140.21
22680,1945,3,5.0,418.22
22681,1950,3,1.0,226.83
22682,2020,6,1.0,97.7
22683,2020,3,11.0,93.12
22684,2020,6,12.0,
22685,1955,3,1.0,111.56
22686,1998,3,1.0,127.26
22687,1915,3,1.0,108.44
22688,1986,3,1.0,133.58
22689,1960,6,1.0,165.62
22690,1960,3,12.0,106.43
22691,1921,3,1.0,197.42
22692,1921,3,12.0,107.64
22693,1965,3,1.0,238.54
22694,1906,3,1.0,141.67
22695,1906,3,12.0,
22696,2005,3,1.0,100.53
22697,1917,3,1.0,143.91
22698,1917,3,12.0,80.28
22699,1920,3,1.0,134.03
22700,1920,3,12.0,80.52
22701,2006,3,2.0,662.03
22702,1972,9,1.0,280.75
22703,2006,3,12.0,
22704,2003,12,1.0,305.55
22705,2003,6,12.0,260.64
22706,1996,6,1.0,196.11
22707,1970,6,1.0,118.43
22708,1945,3,1.0,77.19
22709,1960,3,1.0,79.07
22710,1988,9,1.0,130.51
22711,1988,3,12.0,107.54
22712,1988,3,1.0,114.91
22713,2021,12,1.0,94.33
22714,2021,3,11.0,68.36
22715,2021,3,12.0,68.36
22716,1996,12,1.0,80.98
22717,1985,6,12.0,69.79
22718,2023,3,1.0,63.35
22719,1950,6,1.0,85.21
22720,1950,6,12.0,71.38
22721,1945,3,12.0,82.98
22722,1950,3,1.0,83.87
22723,1975,3,1.0,133.14
22724,1975,3,12.0,49.6
22725,1998,9,1.0,223.23
22726,2001,9,1.0,317.8
22727,1955,3,1.0,105.22
22728,1950,3,1.0,95.52
22729,1970,3,1.0,62.9
22730,2005,3,1.0,189.28
22731,2006,9,1.0,339.18
22732,2008,6,1.0,41.73
22733,2007,12,1.0,269.0
22734,1955,3,5.0,94.33
22735,1950,3,1.0,80.11
22736,1900,3,1.0,178.81
22737,2022,6,1.0,127.34
22738,2022,9,1.0,55.89
22739,2022,3,11.0,50.06
22740,2002,12,1.0,505.95
22741,1965,6,1.0,137.68
22742,1960,3,1.0,109.14
22743,1950,3,1.0,120.62
22744,1950,3,12.0,
22745,1945,6,1.0,107.97
22746,1945,3,4.0,93.02
22747,1945,3,1.0,84.27
22748,1933,3,1.0,87.85
22749,1945,3,1.0,93.92
22750,1945,3,12.0,
22751,2003,6,1.0,107.04
22752,1945,3,1.0,148.59
22753,1945,3,1.0,98.25
22754,1923,3,1.0,107.3
22755,1945,3,1.0,83.08
22756,1950,9,1.0,185.5
22757,1950,3,12.0,96.14
22758,1950,3,1.0,183.5
22759,1945,3,1.0,122.04
22760,1960,3,1.0,160.0
22761,1945,3,1.0,122.18
22762,1945,3,1.0,142.4
22763,1950,3,1.0,159.26
22764,1945,6,1.0,141.41
22765,1945,6,12.0,107.78
22766,1950,6,1.0,194.0
22767,1950,3,12.0,186.86
22768,1950,3,1.0,92.3
22769,1931,3,1.0,73.0
22770,1940,3,3.0,172.15
22771,1980,12,1.0,130.4
22772,2008,6,12.0,79.95
22773,1975,3,12.0,9.03
22774,1975,12,1.0,520.73
22775,1965,3,1.0,140.02
22776,1957,3,5.0,148.97
22777,1950,3,12.0,184.76
22778,1950,6,1.0,93.97
22779,1945,3,1.0,64.84
22780,1945,3,1.0,60.62
22781,1960,3,1.0,117.74
22782,1960,3,12.0,58.13
22783,1960,3,1.0,62.62
22784,1960,3,1.0,96.52
22785,1960,3,1.0,79.71
22786,1960,6,1.0,51.6
22787,2005,6,12.0,40.01
22788,1960,3,12.0,12.11
22789,1950,3,1.0,80.95
22790,1950,3,12.0,70.65
22791,1955,12,1.0,131.09
22792,1955,3,12.0,113.02
22793,1950,3,1.0,83.89
22794,1945,3,1.0,79.9
22795,1955,6,1.0,162.65
22796,1955,3,12.0,157.21
22797,1950,9,1.0,228.6
22798,1950,3,12.0,195.96
22799,1990,3,1.0,118.71
22800,1955,3,1.0,162.78
22801,1955,6,1.0,97.24
22802,1955,3,11.0,90.18
22803,1940,3,1.0,83.02
22804,1940,3,1.0,65.94
22805,1945,3,1.0,89.71
22806,1945,3,1.0,96.74
22807,1940,3,1.0,72.42
22808,1940,3,1.0,64.23
22809,1958,3,1.0,54.82
22810,1940,3,1.0,74.03
22811,1960,6,1.0,63.05
22812,1984,3,5.0,155.41
22813,1984,6,1.0,100.78
22814,1984,6,12.0,
22815,1979,12,1.0,223.07
22816,1945,3,5.0,85.52
22817,1976,6,1.0,79.84
22818,1950,3,5.0,181.13
22819,1950,9,1.0,157.29
22820,1950,3,12.0,14.92
22821,1950,6,1.0,112.22
22822,1945,3,1.0,116.22
22823,1945,3,12.0,101.14
22824,2000,3,5.0,127.64
22825,2000,9,1.0,124.02
22826,2000,3,12.0,124.02
22827,2002,3,1.0,51.27
22828,1965,6,1.0,129.37
22829,1950,3,11.0,121.21
22830,1950,3,12.0,
22831,1950,9,1.0,86.33
22832,1950,6,12.0,80.64
22833,1945,3,1.0,86.97
22834,1945,6,12.0,64.36
22835,1945,6,1.0,105.44
22836,1945,3,12.0,82.44
22837,1945,6,1.0,106.11
22838,1945,6,12.0,84.04
22839,1950,3,1.0,105.57
22840,1965,3,1.0,107.92
22841,1950,3,1.0,91.94
22842,1960,3,1.0,57.66
22843,1960,3,1.0,60.68
22844,1960,3,1.0,51.86
22845,1960,3,1.0,83.57
22846,1960,3,1.0,84.69
22847,1960,3,1.0,81.52
22848,1990,3,1.0,108.39
22849,1978,3,1.0,61.79
22850,1950,6,1.0,112.09
22851,1950,6,1.0,116.42
22852,1950,3,1.0,81.89
22853,1950,3,1.0,68.64
22854,1950,3,1.0,70.45
22855,1950,3,1.0,74.72
22856,1950,3,1.0,64.5
22857,1950,3,1.0,54.29
22858,1950,3,12.0,106.74
22859,1950,3,12.0,103.52
22860,1955,3,3.0,98.25
22861,1975,15,1.0,230.86
22862,1960,6,1.0,127.9
22863,1966,3,1.0,100.58
22864,1950,3,1.0,16.44
22865,1950,6,1.0,160.42
22866,1950,6,1.0,203.74
22867,1950,3,1.0,72.29
22868,1950,3,1.0,39.75
22869,1950,3,1.0,26.58
22870,2008,12,1.0,124.31
22871,2008,3,12.0,111.35
22872,1950,6,1.0,53.41
22873,1950,6,1.0,59.81
22874,1950,3,1.0,58.2
22875,1978,6,1.0,64.64
22876,1950,3,1.0,79.54
22877,1950,3,1.0,83.73
22878,1950,3,1.0,77.65
22879,1950,3,1.0,76.61
22880,1950,3,1.0,70.42
22881,1950,3,1.0,82.11
22882,1950,3,1.0,81.51
22883,1950,3,1.0,68.94
22884,1950,3,1.0,75.65
22885,1955,3,1.0,63.49
22886,1950,3,1.0,82.37
22887,1950,3,1.0,72.68
22888,1950,3,1.0,86.1
22889,1958,3,1.0,58.04
22890,1968,6,1.0,71.13
22891,1958,3,1.0,60.09
22892,1950,3,1.0,56.51
22893,1959,3,1.0,76.41
22894,1958,3,1.0,69.96
22895,1950,6,1.0,89.5
22896,1972,15,1.0,313.4
22897,1978,21,1.0,220.35
22898,1978,3,9.0,151.32
22899,1978,3,12.0,119.94
22900,2008,9,1.0,601.45
22901,1980,6,12.0,197.04
22902,1998,12,1.0,280.88
22903,1950,3,3.0,293.43
22904,1974,9,1.0,254.82
22905,1990,3,10.0,239.18
22906,1950,9,1.0,140.05
22907,1984,15,1.0,480.29
22908,2007,15,1.0,1563.17
22909,2021,6,1.0,84.25
22910,2021,3,12.0,61.29
22911,2022,6,1.0,87.91
22912,2022,3,11.0,64.92
22913,2022,3,12.0,
22914,1939,3,1.0,101.74
22915,1957,6,1.0,135.77
22916,1957,3,12.0,97.55
22917,1994,9,1.0,90.6
22918,1994,3,12.0,76.87
22919,1960,9,1.0,111.93
22920,1939,3,11.0,78.9
22921,1939,3,12.0,43.87
22922,2021,6,1.0,84.47
22923,2021,3,12.0,63.55
22924,1942,3,1.0,139.98
22925,1999,3,1.0,79.49
22926,2000,9,1.0,174.31
22927,1998,3,1.0,93.81
22928,1991,9,1.0,288.15
22929,1989,9,1.0,226.16
22930,1987,3,12.0,105.42
22931,1992,3,1.0,230.19
22932,2008,9,1.0,204.82
22933,1983,3,5.0,348.46
22934,1983,9,1.0,196.92
22935,1959,21,1.0,368.13
22936,1986,6,1.0,268.89
22937,1995,9,12.0,124.13
22938,2005,9,1.0,209.52
22939,1941,3,1.0,32.65
22940,1941,3,1.0,105.67
22941,1941,3,12.0,102.59
22942,2004,3,1.0,223.84
22943,1978,3,12.0,133.07
22944,1978,3,12.0,272.63
22945,1930,3,1.0,128.99
22946,1930,3,12.0,89.98
22947,1930,3,1.0,131.33
22948,1930,3,1.0,108.78
22949,2023,12,1.0,85.7
22950,2023,3,12.0,65.8
22951,1930,3,1.0,121.02
22952,1930,3,1.0,134.08
22953,1930,3,12.0,
22954,1984,3,1.0,162.49
22955,1984,3,12.0,125.04
22956,1930,3,1.0,144.12
22957,1930,6,12.0,22.27
22958,1930,3,1.0,149.35
22959,2008,9,1.0,149.62
22960,1930,3,1.0,120.12
22961,1997,9,1.0,121.64
22962,1943,3,1.0,134.34
22963,1961,6,1.0,126.9
22964,1961,3,11.0,125.03
22965,1961,3,12.0,64.18
22966,1930,6,1.0,128.0
22967,2005,3,1.0,84.92
22968,2004,3,1.0,87.48
22969,1991,3,1.0,131.74
22970,1995,3,5.0,164.52
22971,1995,9,1.0,164.52
22972,1995,3,12.0,152.37
22973,1996,15,1.0,1189.89
22974,1996,3,12.0,700.55
22975,1994,3,11.0,100.72
22976,2002,3,5.0,415.64
22977,2002,12,1.0,382.76
22978,1996,6,1.0,177.95
22979,2001,3,5.0,733.41
22980,2001,9,1.0,287.12
22981,2000,21,1.0,335.3
22982,1994,12,1.0,993.83
22983,2007,12,1.0,127.84
22984,1995,6,1.0,88.56
22985,1962,3,1.0,91.67
22986,1963,3,1.0,130.34
22987,2001,3,1.0,120.76
22988,1999,3,1.0,240.19
22989,1957,3,1.0,110.48
22990,1990,3,11.0,103.36
22991,1990,3,12.0,
22992,1963,3,1.0,88.03
22993,2005,3,1.0,85.09
22994,2004,3,1.0,82.85
22995,1963,3,1.0,112.51
22996,2002,6,1.0,56.63
22997,1962,3,12.0,156.13
22998,1998,9,1.0,409.74
22999,1998,3,12.0,403.73
23000,1999,6,1.0,240.18
23001,1999,3,11.0,63.61
23002,2000,3,5.0,1193.18
23003,2000,9,1.0,740.93
23004,2000,3,5.0,337.6
23005,2000,21,1.0,337.6
23006,2001,3,1.0,928.08
23007,1972,39,1.0,409.96
23008,1975,3,5.0,550.79
23009,1994,3,5.0,733.76
23010,1994,27,1.0,715.23
23011,1994,27,12.0,715.23
23012,1975,30,1.0,330.63
23013,1975,30,1.0,330.63
23014,2011,3,4.0,5217.95
23015,2009,3,10.0,1958.44
23016,1978,3,1.0,230.15
23017,2004,3,10.0,109.92
23018,2004,3,11.0,
23019,1980,3,1.0,178.55
23020,2002,3,10.0,178.55
23021,2012,6,1.0,200.39
23022,2016,3,10.0,32.04
23023,2012,3,12.0,
23024,1970,3,12.0,44.11
23025,1970,6,1.0,57.86
23026,1970,3,10.0,30.06
23027,1970,3,11.0,
23028,1970,6,1.0,80.69
23029,1970,3,11.0,34.0
23030,1970,3,1.0,350.75
23031,1970,3,11.0,232.11
23032,1970,3,12.0,
23033,2010,3,10.0,259.09
23034,1983,3,11.0,30.43
23035,1983,3,12.0,
23036,1982,6,1.0,97.2
23037,1982,6,11.0,74.88
23038,1983,3,12.0,56.03
23039,2007,3,1.0,221.51
23040,2007,3,10.0,157.16
23041,2009,6,1.0,171.72
23042,1979,6,1.0,124.28
23043,1979,3,10.0,
23044,1979,3,11.0,
23045,1998,3,1.0,215.51
23046,1998,3,10.0,193.98
23047,1998,3,12.0,169.09
23048,1970,3,4.0,1371.12
23049,1900,3,1.0,223.35
23050,2012,3,8.0,83.78
23051,1936,6,12.0,65.31
23052,1979,3,5.0,193.66
23053,1979,3,3.0,192.23
23054,1984,15,1.0,181.17
23055,2023,3,11.0,181.17
23056,1969,3,1.0,151.16
23057,1935,3,1.0,92.78
23058,1935,6,1.0,118.41
23059,1935,3,12.0,83.2
23060,1936,3,1.0,102.63
23061,1936,3,12.0,
23062,1967,3,12.0,232.21
23063,1958,3,1.0,112.61
23064,1936,3,1.0,396.6
23065,1936,3,11.0,189.48
23066,1936,9,12.0,189.48
23067,2006,9,1.0,162.87
23068,1930,3,11.0,243.87
23069,1930,3,12.0,
23070,1930,3,3.0,498.44
23071,1930,3,11.0,390.15
23072,1932,3,1.0,103.79
23073,1997,3,12.0,32.31
23074,1900,3,1.0,117.93
23075,1948,3,1.0,48.99
23076,1920,3,1.0,49.97
23077,1880,6,1.0,130.06
23078,1880,3,11.0,62.35
23079,1880,3,12.0,
23080,2006,9,1.0,67.69
23081,2015,3,10.0,54.18
23082,2006,3,12.0,
23083,1931,9,1.0,69.72
23084,1895,3,9.0,66.52
23085,2009,6,1.0,183.66
23086,1920,6,1.0,102.99
23087,1920,3,12.0,97.03
23088,2020,9,1.0,65.38
23089,2020,3,12.0,53.02
23090,1952,3,5.0,238.72
23091,1952,3,1.0,210.64
23092,1980,6,1.0,116.58
23093,1936,3,1.0,120.15
23094,1936,3,12.0,98.68
23095,1900,3,1.0,153.84
23096,1880,3,1.0,116.51
23097,1880,3,12.0,102.5
23098,2004,3,1.0,328.83
23099,2004,3,12.0,328.83
23100,2024,9,1.0,45.98
23101,2024,3,12.0,39.62
23102,1926,3,1.0,47.65
23103,1900,3,1.0,58.47
23104,1900,6,1.0,40.15
23105,1941,3,1.0,38.71
23106,1900,3,5.0,67.25
23107,1900,3,1.0,48.26
23108,1900,3,5.0,55.53
23109,1900,3,1.0,47.81
23110,1900,3,1.0,65.75
23111,1890,3,5.0,76.83
23112,1890,3,1.0,63.15
23113,1900,3,1.0,87.5
23114,1900,3,12.0,52.14
23115,1890,3,1.0,75.07
23116,1907,6,1.0,80.33
23117,1936,6,1.0,86.41
23118,1936,3,12.0,86.41
23119,1934,3,1.0,107.65
23120,2008,6,1.0,38.9
23121,2008,3,1.0,52.48
23122,1947,6,1.0,340.52
23123,2009,3,5.0,415.35
23124,2009,9,1.0,415.35
23125,1975,3,1.0,204.89
23126,1900,9,1.0,122.16
23127,1900,3,12.0,64.0
23128,1955,9,1.0,117.43
23129,1955,3,12.0,67.14
23130,1970,3,1.0,88.96
23131,1970,3,12.0,84.29
23132,1987,3,1.0,109.33
23133,1955,3,1.0,123.22
23134,1955,3,12.0,74.6
23135,1920,6,1.0,107.69
23136,1920,3,12.0,86.0
23137,1950,3,1.0,114.27
23138,1950,3,12.0,72.15
23139,1950,3,12.0,77.18
23140,1942,3,1.0,86.52
23141,1882,6,1.0,87.19
23142,1960,3,1.0,108.85
23143,1960,12,1.0,64.32
23144,1960,3,11.0,64.32
23145,1960,3,12.0,48.76
23146,1900,3,1.0,88.89
23147,1900,3,12.0,59.94
23148,1950,3,1.0,85.63
23149,1880,6,1.0,90.08
23150,1945,3,1.0,90.56
23151,1945,3,12.0,81.15
23152,2023,9,1.0,48.32
23153,1920,6,1.0,51.13
23154,1960,6,1.0,55.78
23155,1954,3,1.0,75.33
23156,1955,3,1.0,102.29
23157,1973,3,1.0,299.94
23158,1968,3,1.0,151.99
23159,1954,3,1.0,91.5
23160,1880,6,1.0,96.76
23161,1880,3,12.0,50.2
23162,2000,3,1.0,275.63
23163,1974,15,1.0,302.06
23164,1990,3,5.0,1872.73
23165,1990,3,3.0,697.48
23166,1990,3,2.0,
23167,1960,3,5.0,136.11
23168,2003,6,1.0,111.85
23169,1911,3,1.0,117.85
23170,2022,9,1.0,93.31
23171,2022,3,10.0,65.88
23172,2022,3,11.0,24.69
23173,2022,3,12.0,
23174,2008,6,1.0,75.94
23175,2002,6,,401.35
23176,2002,3,1.0,190.88
23177,1950,9,1.0,126.16
23178,1950,3,12.0,77.39
23179,1952,9,1.0,99.6
23180,2017,12,1.0,78.82
23181,1987,6,1.0,179.11
23182,1987,3,1.0,111.71
23183,1987,3,1.0,109.74
23184,1987,9,1.0,106.4
23185,1987,3,11.0,64.34
23186,1987,3,1.0,109.74
23187,1987,3,1.0,108.24
23188,1987,3,1.0,108.31
23189,1987,3,1.0,106.62
23190,1987,3,1.0,114.45
23191,1987,3,1.0,111.07
23192,1987,3,1.0,108.95
23193,1987,3,1.0,110.45
23194,1996,12,1.0,650.96
23195,1987,9,1.0,124.52
23196,1970,3,12.0,124.52
23197,2009,6,1.0,190.8
23198,1955,3,1.0,68.22
23199,1955,3,12.0,53.66
23200,1960,3,3.0,17.99
23201,1960,3,7.0,4119.89
23202,2010,3,5.0,163.46
23203,2010,6,1.0,163.46
23204,1930,3,1.0,42.71
23205,1920,3,1.0,99.97
23206,1948,6,1.0,105.67
23207,1900,3,1.0,113.85
23208,1900,9,1.0,236.94
23209,1900,6,12.0,211.17
23210,1900,3,1.0,393.82
23211,1918,9,1.0,123.17
23212,1904,6,3.0,150.73
23213,1994,3,1.0,77.94
23214,2002,6,1.0,112.36
23215,2002,3,12.0,112.36
23216,1994,3,1.0,73.96
23217,1936,3,1.0,227.59
23218,1936,3,12.0,198.44
23219,1902,3,1.0,206.4
23220,1965,3,12.0,2850.9
23221,2005,12,1.0,217.3
23222,1890,3,1.0,259.46
23223,1980,3,12.0,49.14
23224,1945,3,1.0,168.78
23225,1955,6,1.0,156.33
23226,1955,3,12.0,116.94
23227,1974,3,9.0,1393.1
23228,1900,3,5.0,240.51
23229,1900,3,2.0,111.21
23230,1945,3,1.0,166.65
23231,1950,3,5.0,151.65
23232,2001,3,2.0,110.0
23233,2001,3,1.0,110.0
23234,1957,9,1.0,372.61
23235,1910,3,1.0,214.54
23236,1890,3,3.0,240.17
23237,1900,6,1.0,251.88
23238,1900,3,1.0,139.29
23239,1900,3,1.0,210.32
23240,1920,3,1.0,142.22
23241,1900,3,1.0,121.39
23242,1900,3,1.0,262.17
23243,1900,3,1.0,97.11
23244,1900,3,5.0,112.68
23245,1880,3,2.0,68.75
23246,1880,3,9.0,136.6
23247,1961,3,2.0,225.2
23248,1880,3,1.0,79.7
23249,1880,6,1.0,110.12
23250,1880,3,11.0,104.82
23251,1880,6,12.0,14.82
23252,1910,6,1.0,392.5
23253,1998,3,1.0,77.01
23254,1936,6,1.0,114.11
23255,1936,3,11.0,58.25
23256,1936,3,12.0,
23257,1900,3,12.0,129.34
23258,1900,3,1.0,141.21
23259,2000,9,9.0,1286.37
23260,1999,3,9.0,677.74
23261,1999,15,9.0,1553.84
23262,2001,9,1.0,232.25
23263,1968,12,1.0,275.61
23264,1968,3,12.0,250.06
23265,2008,3,1.0,287.04
23266,2008,3,12.0,219.57
23267,2009,6,1.0,154.42
23268,2009,3,12.0,143.92
23269,2006,12,1.0,238.04
23270,2023,15,1.0,578.78
23271,2023,6,12.0,550.23
23272,1955,3,3.0,187.18
23273,2000,3,2.0,183.2
23274,2000,3,1.0,74.84
23275,2000,3,9.0,
23276,2004,3,5.0,253.0
23277,2004,3,1.0,253.0
23278,2004,3,12.0,253.0
23279,1901,3,1.0,101.63
23280,1919,3,1.0,117.75
23281,1919,3,12.0,93.86
23282,1926,3,5.0,119.59
23283,1967,6,1.0,78.43
23284,1919,3,1.0,83.03
23285,1969,3,1.0,110.24
23286,1969,3,12.0,98.01
23287,1975,9,1.0,117.98
23288,1942,3,1.0,114.62
23289,1942,3,12.0,114.62
23290,1955,3,1.0,110.58
23291,1931,3,1.0,110.15
23292,1931,3,12.0,86.03
23293,1936,6,1.0,112.12
23294,1923,3,1.0,87.21
23295,2007,3,1.0,96.74
23296,1950,6,12.0,77.71
23297,1908,3,1.0,151.83
23298,1907,6,1.0,137.49
23299,1949,12,1.0,183.45
23300,1926,3,1.0,173.62
23301,1926,3,12.0,92.48
23302,1919,3,1.0,126.67
23303,1919,3,12.0,18.17
23304,1959,3,4.0,193.86
23305,1959,3,12.0,186.31
23306,1971,3,5.0,315.11
23307,1971,3,4.0,289.62
23308,1971,18,1.0,289.62
23309,1956,15,1.0,282.76
23310,1928,3,5.0,114.71
23311,1928,3,1.0,114.71
23312,1994,9,1.0,62.49
23313,1994,3,12.0,62.49
23314,1931,3,5.0,97.29
23315,1931,3,1.0,84.31
23316,1949,6,1.0,183.66
23317,1993,6,1.0,104.96
23318,1993,3,12.0,84.92
23319,1919,6,1.0,83.7
23320,1919,3,11.0,3.95
23321,1919,3,12.0,
23322,1938,3,1.0,80.33
23323,1938,3,12.0,70.96
23324,1931,3,1.0,110.28
23325,1931,3,12.0,92.17
23326,1921,9,1.0,92.12
23327,2021,9,1.0,85.28
23328,2021,3,12.0,64.98
23329,1936,3,1.0,187.1
23330,1936,3,12.0,139.67
23331,1987,3,1.0,185.58
23332,1987,3,12.0,
23333,1987,3,12.0,89.53
23334,2020,3,5.0,102.17
23335,2020,9,1.0,64.87
23336,2020,3,12.0,64.87
23337,1917,3,3.0,118.45
23338,2002,12,1.0,331.42
23339,2002,3,9.0,318.44
23340,2004,9,1.0,88.21
23341,2018,12,1.0,299.99
23342,1940,3,1.0,108.97
23343,1940,3,1.0,112.24
23344,1971,3,1.0,74.54
23345,1940,3,5.0,325.55
23346,1940,3,1.0,263.9
23347,1999,3,5.0,189.97
23348,1999,9,1.0,189.97
23349,1940,6,1.0,71.88
23350,1940,3,12.0,68.0
23351,1940,3,5.0,87.27
23352,1940,3,1.0,64.72
23353,1940,3,1.0,72.94
23354,1957,3,1.0,95.14
23355,1950,9,1.0,151.31
23356,1950,3,12.0,136.96
23357,1940,3,1.0,90.29
23358,1936,3,5.0,173.89
23359,1936,3,1.0,143.33
23360,1936,3,1.0,67.03
23361,1940,3,1.0,104.24
23362,1943,3,1.0,158.03
23363,1946,3,1.0,181.78
23364,1950,3,1.0,165.28
23365,1950,6,1.0,122.04
23366,1950,9,12.0,90.86
23367,1930,6,1.0,117.42
23368,1940,3,1.0,167.94
23369,1950,3,1.0,119.44
23370,1992,6,1.0,85.55
23371,2013,3,11.0,32.07
23372,1948,3,1.0,84.82
23373,1950,3,5.0,132.12
23374,1950,3,1.0,124.97
23375,1973,9,1.0,125.19
23376,2017,3,10.0,74.19
23377,1916,3,12.0,54.7
23378,1964,9,1.0,118.67
23379,2001,3,1.0,140.47
23380,1940,3,1.0,122.49
23381,1991,3,1.0,265.61
23382,1950,3,1.0,131.8
23383,1950,3,1.0,126.23
23384,1950,3,12.0,118.31
23385,1920,3,1.0,113.12
23386,1940,3,1.0,68.21
23387,1936,6,11.0,57.77
23388,1936,6,12.0,14.1
23389,1997,3,5.0,129.7
23390,2000,6,1.0,116.27
23391,2006,3,12.0,105.02
23392,1936,3,1.0,60.66
23393,1930,3,1.0,47.01
23394,2008,9,1.0,227.02
23395,2009,9,1.0,421.43
23396,1965,9,1.0,186.8
23397,2007,9,1.0,160.4
23398,1992,3,1.0,163.08
23399,1960,3,1.0,118.13
23400,1960,3,12.0,108.81
23401,1930,6,1.0,122.26
23402,1930,6,12.0,122.26
23403,2003,3,5.0,549.92
23404,2003,9,1.0,224.0
23405,1974,15,1.0,421.04
23406,1940,3,5.0,177.57
23407,1940,3,1.0,138.86
23408,1940,3,12.0,17.23
23409,1960,3,1.0,104.48
23410,1960,6,12.0,104.48
23411,1940,3,1.0,120.24
23412,2015,6,1.0,130.32
23413,2015,6,12.0,72.93
23414,1945,3,1.0,119.59
23415,1920,3,5.0,117.31
23416,1920,3,1.0,20.42
23417,1920,3,12.0,
23418,1955,3,5.0,134.55
23419,1991,9,1.0,89.43
23420,1955,3,11.0,89.43
23421,1955,3,12.0,24.29
23422,1960,9,1.0,107.4
23423,1960,3,12.0,82.3
23424,1991,3,1.0,132.64
23425,1960,3,1.0,97.11
23426,1955,3,1.0,79.93
23427,1955,3,1.0,102.35
23428,1960,3,1.0,100.75
23429,1960,3,12.0,59.25
23430,1960,3,1.0,98.79
23431,1960,3,1.0,133.94
23432,1960,3,12.0,95.85
23433,1940,3,1.0,135.74
23434,1940,6,12.0,15.94
23435,1941,6,1.0,130.0
23436,1945,6,1.0,135.57
23437,2015,12,1.0,259.24
23438,1990,3,5.0,745.08
23439,1990,12,1.0,592.8
23440,1960,3,5.0,198.6
23441,1960,9,1.0,163.28
23442,1960,3,12.0,160.95
23443,1965,12,1.0,253.09
23444,1950,3,1.0,217.63
23445,1953,3,1.0,111.07
23446,1955,6,1.0,176.19
23447,1950,3,1.0,160.65
23448,1960,9,1.0,169.92
23449,1960,6,12.0,160.07
23450,2002,6,1.0,92.7
23451,1987,9,1.0,96.81
23452,1925,3,1.0,113.18
23453,1955,3,5.0,124.1
23454,1955,3,1.0,66.75
23455,1955,9,1.0,100.96
23456,1955,3,12.0,82.63
23457,1915,3,1.0,91.94
23458,1945,3,1.0,346.21
23459,2004,3,5.0,908.52
23460,2004,3,1.0,443.3
23461,2004,3,12.0,443.3
23462,2006,9,1.0,334.45
23463,1940,3,1.0,83.66
23464,1940,3,12.0,83.66
23465,1945,3,1.0,97.75
23466,1960,3,1.0,84.71
23467,1974,3,5.0,101.42
23468,1974,12,1.0,83.98
23469,1974,3,11.0,64.42
23470,1999,3,1.0,81.9
23471,2007,3,5.0,225.25
23472,2007,15,1.0,216.29
23473,1980,3,5.0,437.67
23474,1980,18,1.0,392.33
23475,1979,18,1.0,296.82
23476,1996,3,5.0,146.88
23477,1996,9,1.0,146.88
23478,1996,3,9.0,146.88
23479,1987,3,5.0,460.7
23480,1987,3,1.0,357.0
23481,1989,3,5.0,741.08
23482,1989,3,2.0,602.6
23483,1989,15,1.0,602.6
23484,1989,3,12.0,574.16
23485,1947,3,1.0,110.1
23486,1970,24,1.0,210.23
23487,1950,3,1.0,114.07
23488,1977,3,1.0,133.77
23489,1971,3,1.0,160.94
23490,1965,3,5.0,127.34
23491,2020,6,1.0,133.33
23492,2020,3,10.0,92.99
23493,2020,3,12.0,
23494,1955,3,1.0,161.72
23495,1940,3,12.0,149.14
23496,1940,3,1.0,123.86
23497,1945,3,5.0,182.25
23498,1975,3,5.0,270.19
23499,1975,6,1.0,254.35
23500,1975,3,12.0,248.23
23501,1965,3,1.0,139.45
23502,1945,3,1.0,136.11
23503,1940,3,1.0,117.17
23504,1960,6,1.0,164.72
23505,1960,6,12.0,100.35
23506,1900,3,1.0,108.94
23507,1945,3,1.0,88.61
23508,1965,15,1.0,156.69
23509,1997,9,1.0,74.64
23510,1968,12,1.0,84.86
23511,1965,15,1.0,241.28
23512,1965,3,12.0,189.02
23513,1968,3,1.0,97.28
23514,1950,3,1.0,107.41
23515,1950,3,12.0,99.34
23516,2011,12,1.0,183.85
23517,2011,6,12.0,174.0
23518,1945,3,5.0,234.67
23519,1945,6,1.0,182.31
23520,1989,3,1.0,93.77
23521,1992,15,1.0,1764.47
23522,1990,3,5.0,1860.16
23523,1990,12,1.0,1472.23
23524,1990,3,12.0,1196.31
23525,1999,12,1.0,307.88
23526,1998,3,1.0,279.92
23527,1998,3,1.0,276.23
23528,1912,3,1.0,138.2
23529,1912,3,12.0,86.39
23530,2002,15,1.0,607.83
23531,1966,3,9.0,419.58
23532,2012,3,5.0,215.04
23533,2012,18,1.0,203.55
23534,2012,6,12.0,203.55
23535,2008,9,1.0,598.42
23536,1979,3,1.0,176.32
23537,1979,3,12.0,176.32
23538,1984,6,1.0,268.22
23539,1990,3,1.0,186.71
23540,1984,6,1.0,192.1
23541,1984,9,1.0,200.99
23542,1966,3,1.0,183.33
23543,1966,3,12.0,126.9
23544,1989,3,3.0,200.8
23545,1989,3,12.0,150.71
23546,1988,12,1.0,181.84
23547,1988,3,12.0,160.28
23548,1985,6,1.0,253.24
23549,1986,6,1.0,149.25
23550,1986,6,12.0,121.29
23551,1990,3,1.0,74.64
23552,1985,9,1.0,150.7
23553,1995,3,1.0,133.0
23554,1987,9,1.0,262.86
23555,1990,3,1.0,95.3
23556,1997,3,5.0,674.29
23557,1997,3,9.0,459.3
23558,1992,3,12.0,154.97
23559,1988,3,3.0,190.68
23560,1988,6,1.0,127.86
23561,1988,3,11.0,
23562,1988,3,12.0,
23563,1989,3,1.0,98.3
23564,1989,3,1.0,114.93
23565,2004,3,5.0,1438.8
23566,2004,15,1.0,427.61
23567,2004,3,12.0,427.61
23568,2002,3,5.0,618.28
23569,2002,15,1.0,568.86
23570,1999,6,5.0,3563.67
23571,2000,12,1.0,2953.74
23572,1999,15,12.0,2953.74
23573,1984,15,1.0,441.5
23574,1992,3,1.0,186.72
23575,1994,6,1.0,157.94
23576,1994,3,12.0,116.95
23577,1988,3,1.0,157.74
23578,1990,9,1.0,219.17
23579,1991,3,5.0,1201.59
23580,1991,15,1.0,979.56
23581,1991,12,12.0,979.56
23582,1988,9,1.0,186.79
23583,1988,3,12.0,126.35
23584,2000,3,5.0,361.22
23585,2000,21,1.0,361.22
23586,2002,3,5.0,846.08
23587,2002,12,1.0,798.76
23588,2021,3,5.0,3514.51
23589,2024,3,8.0,2284.19
23590,2021,15,1.0,2270.93
23591,2021,6,12.0,2258.73
23592,1995,3,5.0,1538.3
23593,1995,15,1.0,866.42
23594,1996,21,1.0,2247.28
23595,1997,3,5.0,1121.91
23596,1997,21,1.0,883.48
23597,1999,3,5.0,1481.53
23598,1999,3,8.0,1321.01
23599,1999,21,1.0,885.17
23600,1975,39,1.0,1115.71
23601,1975,39,1.0,702.32
23602,1975,39,1.0,413.25
23603,1975,39,1.0,415.97
23604,1975,39,1.0,397.87
23605,1975,39,1.0,417.66
23606,1960,6,1.0,116.67
23607,1960,3,12.0,9.51
23608,2003,3,1.0,158.78
23609,2003,3,10.0,
23610,2003,3,11.0,
23611,1965,3,12.0,
23612,2006,3,1.0,149.49
23613,2006,3,9.0,
23614,2006,3,11.0,
23615,2021,6,1.0,173.43
23616,2021,3,10.0,131.73
23617,2021,3,11.0,
23618,2021,6,12.0,
23619,1978,3,1.0,272.75
23620,1978,3,12.0,40.61
23621,2000,3,1.0,170.41
23622,2000,3,10.0,
23623,2000,3,11.0,
23624,2000,3,12.0,
23625,1940,3,1.0,301.64
23626,2000,3,10.0,
23627,1990,3,11.0,
23628,1991,3,12.0,
23629,1960,3,1.0,191.38
23630,1994,3,10.0,139.7
23631,1982,3,12.0,
23632,1965,3,1.0,128.25
23633,1965,3,12.0,111.19
23634,1949,3,1.0,201.91
23635,1956,6,1.0,877.56
23636,1956,3,11.0,115.94
23637,1956,3,12.0,
23638,2012,6,1.0,139.49
23639,2012,6,11.0,68.41
23640,2012,3,12.0,
23641,2020,3,10.0,77.78
23642,1990,6,1.0,257.48
23643,2003,3,12.0,88.8
23644,1975,6,1.0,313.57
23645,1975,3,11.0,155.95
23646,1975,3,12.0,
23647,1958,6,1.0,314.72
23648,1958,3,10.0,173.56
23649,1958,3,11.0,
23650,1975,9,1.0,587.43
23651,1975,3,11.0,469.48
23652,1975,3,12.0,210.16
23653,1991,9,1.0,370.99
23654,1995,3,11.0,134.6
23655,2016,3,12.0,122.05
23656,1979,3,1.0,397.08
23657,1979,3,12.0,156.95
23658,1968,3,4.0,1929.21
23659,1968,3,1.0,1313.3
23660,1968,3,10.0,464.54
23661,2007,3,3.0,16883.78
23662,1952,3,8.0,9027.41
23663,1952,3,2.0,8960.91
23664,1952,3,,5746.42
23665,1952,3,12.0,5351.28
23666,2008,3,4.0,850.9
23667,2008,3,2.0,
23668,2012,3,3.0,1559.88
23669,2010,3,6.0,2849.59
23670,2010,15,2.0,2613.64
23671,1985,3,10.0,4614.43
23672,1950,3,,216.85
23673,1984,3,1.0,119.4
23674,1984,3,10.0,
23675,1980,3,1.0,402.78
23676,1980,3,11.0,199.59
23677,1980,3,1.0,131.55
23678,1980,3,10.0,63.44
23679,1980,3,11.0,45.32
23680,1980,3,12.0,
23681,1989,3,1.0,101.46
23682,1989,3,10.0,
23683,1989,3,11.0,
23684,1989,3,12.0,
23685,1984,3,1.0,131.41
23686,1984,3,10.0,
23687,1984,3,12.0,
23688,2008,3,1.0,150.34
23689,2008,3,10.0,60.36
23690,2008,3,12.0,
23691,2003,3,1.0,113.37
23692,2008,3,10.0,85.35
23693,2003,3,12.0,
23694,1970,3,1.0,263.36
23695,1999,3,1.0,245.16
23696,1999,3,10.0,104.88
23697,1999,3,12.0,
23698,1975,3,1.0,154.0
23699,1975,3,10.0,38.37
23700,1975,3,11.0,
23701,2002,3,12.0,
23702,1982,3,1.0,156.29
23703,1982,3,11.0,18.4
23704,1980,3,1.0,142.24
23705,1980,3,12.0,
23706,1968,3,1.0,111.68
23707,1968,3,11.0,103.72
23708,1994,6,1.0,241.19
23709,1994,3,10.0,168.32
23710,1994,6,11.0,
23711,1994,6,12.0,
23712,1984,3,1.0,277.58
23713,1984,3,11.0,104.1
23714,1984,15,12.0,104.1
23715,1992,3,1.0,180.3
23716,1992,3,10.0,180.3
23717,1992,3,11.0,
23718,1994,6,1.0,179.67
23719,1994,3,10.0,65.71
23720,1980,6,1.0,326.11
23721,1980,3,10.0,69.36
23722,1980,3,11.0,
23723,1980,3,12.0,
23724,1984,6,1.0,165.24
23725,1980,6,1.0,257.7
23726,1993,3,11.0,133.11
23727,1980,3,12.0,41.68
23728,1976,3,3.0,724.03
23729,1976,3,1.0,163.75
23730,1989,3,3.0,2776.77
23731,1975,42,1.0,407.73
23732,1975,42,1.0,405.73
23733,1975,45,1.0,400.77
23734,1975,45,1.0,403.97
23735,1975,45,1.0,402.35
23736,1975,45,1.0,403.22
23737,1975,45,1.0,400.62
23738,1975,42,1.0,402.56
23739,1975,42,1.0,405.47
23740,1975,42,1.0,408.89
23741,1977,3,4.0,1633.56
23742,1970,3,10.0,419.66
23743,1997,12,1.0,264.26
23744,1978,3,5.0,140.65
23745,1978,3,1.0,140.65
23746,1965,3,12.0,49.53
23747,1960,3,1.0,96.35
23748,1960,3,12.0,
23749,1960,3,1.0,89.79
23750,1960,3,12.0,
23751,1955,3,1.0,116.91
23752,1955,3,12.0,
23753,1962,3,1.0,116.01
23754,1962,3,12.0,77.14
23755,1965,3,1.0,89.06
23756,1955,3,1.0,151.66
23757,2001,9,1.0,216.83
23758,1958,3,12.0,36.26
23759,2007,9,1.0,111.83
23760,1961,3,1.0,130.18
23761,2000,3,1.0,89.31
23762,1965,6,1.0,162.35
23763,2004,3,1.0,142.83
23764,2004,3,12.0,129.25
23765,1958,3,1.0,133.58
23766,1980,6,1.0,101.63
23767,1960,3,1.0,123.44
23768,1960,6,1.0,131.06
23769,1960,3,12.0,86.55
23770,1960,3,1.0,117.49
23771,1960,3,1.0,72.58
23772,1960,3,1.0,100.12
23773,1957,3,1.0,101.48
23774,1985,3,1.0,143.79
23775,1958,3,1.0,113.58
23776,1975,3,1.0,127.61
23777,1969,3,1.0,97.55
23778,1960,3,1.0,114.43
23779,1963,3,1.0,99.78
23780,1970,6,1.0,122.41
23781,1959,3,9.0,98.0
23782,2005,18,1.0,370.12
23783,2006,12,1.0,235.84
23784,2008,21,1.0,263.92
23785,2008,3,12.0,204.28
23786,1980,9,1.0,75.82
23787,1980,3,12.0,73.57
23788,1975,3,1.0,72.28
23789,1948,3,1.0,140.88
23790,1934,3,1.0,99.52
23791,1927,3,1.0,112.62
23792,1900,3,1.0,74.01
23793,1900,3,1.0,70.27
23794,1900,3,1.0,73.38
23795,1900,3,1.0,72.18
23796,1900,3,1.0,73.22
23797,1900,3,1.0,73.85
23798,1900,3,1.0,71.96
23799,1900,3,1.0,77.1
23800,1900,3,1.0,71.37
23801,1900,3,1.0,77.63
23802,1900,3,1.0,68.6
23803,1956,3,1.0,68.85
23804,1956,3,1.0,48.91
23805,1956,3,1.0,55.4
23806,1956,3,1.0,78.54
23807,1956,3,1.0,54.86
23808,1956,3,1.0,73.3
23809,1956,3,1.0,58.99
23810,1956,3,1.0,53.83
23811,1956,3,1.0,70.0
23812,1956,3,1.0,72.57
23813,1960,6,1.0,141.87
23814,1952,3,1.0,115.04
23815,1955,3,12.0,132.72
23816,1955,3,1.0,96.72
23817,1965,9,1.0,156.76
23818,1955,3,8.0,187.45
23819,1955,6,1.0,187.45
23820,1955,3,11.0,187.45
23821,1955,3,12.0,
23822,1978,12,1.0,158.18
23823,1980,15,1.0,158.54
23824,2002,3,5.0,672.49
23825,2002,12,1.0,597.38
23826,2002,3,12.0,597.38
23827,2003,12,1.0,363.78
23828,1890,3,5.0,124.51
23829,1890,3,1.0,124.51
23830,1950,3,12.0,15.37
23831,1890,3,1.0,81.21
23832,1927,3,1.0,94.42
23833,1962,6,1.0,76.17
23834,1898,3,12.0,76.17
23835,1890,6,1.0,92.96
23836,1890,6,1.0,105.81
23837,1975,12,1.0,349.4
23838,1953,9,1.0,3315.27
23839,1890,3,1.0,61.5
23840,1890,3,1.0,90.68
23841,1890,3,1.0,70.8
23842,1890,3,1.0,58.16
23843,1890,3,1.0,62.8
23844,1890,3,1.0,87.79
23845,1975,18,1.0,766.83
23846,1908,3,1.0,271.87
23847,1890,9,1.0,91.33
23848,1890,3,12.0,55.62
23849,1890,3,8.0,103.2
23850,1890,3,1.0,103.2
23851,1890,6,12.0,
23852,1890,3,8.0,133.09
23853,1890,3,1.0,66.98
23854,1890,3,12.0,31.0
23855,1890,6,1.0,122.19
23856,1890,3,12.0,36.32
23857,1890,3,1.0,81.28
23858,2000,9,1.0,76.81
23859,2000,3,12.0,76.81
23860,2008,6,1.0,359.01
23861,2006,9,1.0,278.33
23862,1961,6,1.0,133.12
23863,1978,9,1.0,72.52
23864,1988,6,11.0,72.52
23865,1960,3,12.0,72.52
23866,1916,3,1.0,93.03
23867,1920,3,1.0,111.49
23868,1918,3,1.0,98.38
23869,1916,3,1.0,123.76
23870,1915,3,1.0,95.26
23871,1960,3,1.0,98.1
23872,1939,6,1.0,106.87
23873,1908,3,1.0,81.41
23874,1906,3,1.0,99.56
23875,1920,3,1.0,83.5
23876,1920,3,12.0,67.07
23877,1918,3,5.0,249.61
23878,1918,3,1.0,107.37
23879,1920,3,1.0,89.86
23880,1918,3,1.0,101.03
23881,2003,3,1.0,113.92
23882,1920,3,1.0,76.18
23883,1902,6,1.0,100.15
23884,1902,3,11.0,47.55
23885,1920,3,1.0,93.96
23886,1920,3,1.0,111.71
23887,1908,3,1.0,78.0
23888,1999,6,1.0,126.5
23889,1920,12,1.0,138.15
23890,1956,9,12.0,107.82
23891,2021,9,1.0,79.12
23892,2021,3,11.0,76.58
23893,2021,3,12.0,76.58
23894,2020,6,1.0,88.23
23895,2020,3,10.0,80.2
23896,2020,3,11.0,
23897,2020,3,12.0,
23898,2023,6,1.0,88.34
23899,1910,3,12.0,51.26
23900,1910,3,1.0,114.28
23901,1910,3,1.0,95.48
23902,1918,3,1.0,101.49
23903,1918,12,1.0,104.92
23904,1918,3,12.0,70.42
23905,1909,3,1.0,121.29
23906,1909,3,12.0,112.26
23907,1970,3,1.0,128.42
23908,1930,3,1.0,97.03
23909,1898,6,1.0,108.67
23910,2012,12,1.0,135.88
23911,2012,3,11.0,126.83
23912,2012,3,12.0,118.17
23913,1934,6,1.0,114.13
23914,1920,3,1.0,75.3
23915,1911,3,1.0,77.47
23916,1930,3,1.0,73.58
23917,1920,6,1.0,119.02
23918,1982,9,1.0,145.02
23919,1915,3,12.0,118.72
23920,2016,12,1.0,90.95
23921,2016,3,12.0,90.95
23922,2007,6,1.0,418.67
23923,2007,6,1.0,268.69
23924,2014,3,8.0,80.51
23925,1918,3,1.0,85.25
23926,1918,3,12.0,
23927,1918,3,1.0,63.63
23928,1900,3,1.0,66.98
23929,1930,6,1.0,137.81
23930,1930,6,12.0,79.51
23931,1901,6,1.0,92.64
23932,1901,3,12.0,57.64
23933,1900,3,1.0,89.13
23934,1900,3,12.0,59.2
23935,1900,3,1.0,108.51
23936,1900,3,1.0,111.23
23937,1900,6,1.0,81.45
23938,2016,3,10.0,69.53
23939,1900,3,12.0,
23940,1890,3,1.0,108.71
23941,1885,6,1.0,139.59
23942,1900,3,1.0,88.25
23943,1900,6,1.0,89.73
23944,1953,9,1.0,97.41
23945,1953,3,12.0,64.6
23946,1955,9,1.0,226.92
23947,1905,3,1.0,111.82
23948,1905,3,12.0,87.56
23949,1900,6,1.0,113.57
23950,1999,3,5.0,969.92
23951,2000,12,1.0,626.67
23952,2008,12,1.0,316.37
23953,1970,9,1.0,344.26
23954,1906,9,1.0,174.35
23955,1890,3,12.0,122.42
23956,1890,3,1.0,83.75
23957,1890,3,1.0,121.7
23958,1890,3,1.0,56.26
23959,1951,6,1.0,78.29
23960,1883,3,12.0,59.38
23961,1890,3,1.0,97.52
23962,1993,6,1.0,94.69
23963,1993,3,12.0,58.93
23964,1890,3,1.0,64.03
23965,1890,3,1.0,53.17
23966,1890,3,12.0,51.07
23967,2008,9,1.0,215.29
23968,2010,12,5.0,1996.67
23969,2010,21,1.0,1951.51
23970,2010,6,12.0,1832.74
23971,1993,3,5.0,692.4
23972,1993,9,1.0,570.25
23973,1900,3,1.0,87.13
23974,1900,3,1.0,86.75
23975,1900,3,1.0,77.65
23976,1900,3,1.0,91.7
23977,1900,3,1.0,82.11
23978,1955,6,1.0,106.5
23979,2001,18,1.0,559.82
23980,2001,3,12.0,559.82
23981,1994,9,1.0,430.93
23982,1995,3,5.0,455.36
23983,1995,9,1.0,428.33
23984,1994,3,5.0,440.65
23985,1994,9,1.0,282.37
23986,1994,3,5.0,555.23
23987,1994,9,1.0,339.27
23988,1993,3,5.0,581.09
23989,1993,12,1.0,568.01
23990,2002,3,1.0,75.03
23991,2003,3,1.0,87.61
23992,2001,6,1.0,186.61
23993,2010,9,1.0,73.97
23994,2010,3,12.0,67.99
23995,1956,3,5.0,286.87
23996,1956,6,1.0,276.17
23997,1987,3,1.0,71.45
23998,1987,6,1.0,78.63
23999,1987,3,12.0,59.21
24000,2016,9,1.0,144.87
24001,2016,3,10.0,92.47
24002,2016,3,12.0,53.07
24003,1930,3,1.0,114.78
24004,1930,3,1.0,162.82
24005,1930,3,12.0,109.8
24006,1920,3,1.0,134.52
24007,1920,9,1.0,141.36
24008,1920,3,12.0,128.62
24009,1960,3,1.0,151.71
24010,1960,3,12.0,107.29
24011,2000,6,1.0,134.85
24012,1967,3,1.0,229.91
24013,1967,3,12.0,102.62
24014,2016,9,1.0,104.79
24015,2016,3,10.0,84.88
24016,2019,6,1.0,112.62
24017,2019,3,10.0,87.28
24018,1964,3,12.0,
24019,1880,3,1.0,73.34
24020,1920,6,1.0,94.27
24021,1920,3,12.0,56.31
24022,1900,3,1.0,139.35
24023,1995,3,1.0,103.37
24024,1900,3,1.0,108.79
24025,1900,6,1.0,114.58
24026,1920,3,5.0,175.18
24027,1920,3,1.0,116.4
24028,1880,3,1.0,63.63
24029,1913,3,1.0,100.21
24030,1913,3,12.0,62.6
24031,1910,3,1.0,81.32
24032,2005,6,1.0,94.4
24033,2005,3,10.0,84.96
24034,1970,3,1.0,167.97
24035,1906,6,1.0,88.0
24036,1906,3,12.0,88.0
24037,1900,6,1.0,101.8
24038,1910,3,1.0,104.08
24039,1905,3,12.0,169.66
24040,1900,3,1.0,169.67
24041,2001,6,1.0,248.48
24042,1910,3,1.0,96.62
24043,1900,3,1.0,96.54
24044,1905,3,1.0,82.89
24045,1905,3,12.0,43.78
24046,1910,6,1.0,102.18
24047,1880,3,5.0,110.5
24048,1880,3,1.0,80.78
24049,1910,9,1.0,93.79
24050,1910,3,12.0,80.69
24051,2017,9,1.0,66.55
24052,1900,9,1.0,106.63
24053,1900,3,12.0,96.58
24054,2019,6,1.0,127.6
24055,1991,3,1.0,99.2
24056,1991,3,12.0,95.71
24057,1987,6,1.0,82.72
24058,1987,3,12.0,63.9
24059,1987,6,1.0,100.27
24060,1987,3,12.0,61.81
24061,1991,3,1.0,88.34
24062,1992,3,1.0,94.1
24063,1996,9,1.0,205.12
24064,2004,3,10.0,180.77
24065,1996,3,11.0,118.11
24066,1996,3,12.0,
24067,2004,15,1.0,2625.09
24068,2004,6,12.0,1323.83
24069,1935,9,1.0,110.11
24070,1900,3,11.0,91.84
24071,1900,3,12.0,47.3
24072,1998,3,1.0,105.03
24073,1900,3,1.0,421.72
24074,2001,6,1.0,245.75
24075,1970,6,1.0,309.55
24076,1885,9,1.0,93.74
24077,1885,3,12.0,93.74
24078,1946,9,1.0,89.86
24079,1946,3,12.0,63.38
24080,1947,3,1.0,103.21
24081,1996,3,1.0,95.24
24082,1946,3,1.0,96.87
24083,2001,15,1.0,378.56
24084,2001,15,12.0,378.56
24085,1968,6,1.0,133.55
24086,1968,6,12.0,133.55
24087,1951,3,1.0,83.19
24088,1984,6,1.0,167.45
24089,1968,3,12.0,83.47
24090,2022,6,1.0,113.0
24091,2022,3,10.0,62.18
24092,1970,3,12.0,
24093,1940,3,1.0,42.19
24094,1945,3,1.0,46.08
24095,1880,9,1.0,90.63
24096,1880,6,12.0,66.07
24097,1885,3,1.0,66.19
24098,1890,3,1.0,104.94
24099,1948,3,1.0,106.58
24100,1880,3,1.0,78.3
24101,1970,3,1.0,70.23
24102,1965,3,1.0,78.91
24103,1940,15,1.0,107.15
24104,1900,9,1.0,126.06
24105,1900,9,12.0,94.75
24106,1958,3,1.0,102.5
24107,2002,3,1.0,309.2
24108,1959,9,1.0,244.89
24109,1974,3,12.0,216.29
24110,1945,3,1.0,88.99
24111,1945,3,1.0,69.18
24112,2000,9,1.0,247.39
24113,2018,6,1.0,110.55
24114,2018,3,12.0,93.38
24115,2020,9,1.0,112.55
24116,2020,3,12.0,94.11
24117,2020,9,1.0,110.44
24118,2020,3,10.0,88.67
24119,2020,6,12.0,55.68
24120,2020,9,1.0,114.6
24121,2020,3,10.0,88.33
24122,2020,3,11.0,65.3
24123,2020,3,12.0,
24124,1945,3,12.0,976.52
24125,1945,3,12.0,1528.49
24126,2018,12,7.0,269.31
24127,2018,6,3.0,
24128,2018,3,12.0,
24129,2011,3,8.0,100.01
24130,1900,3,,1622.29
24131,1907,3,1.0,111.13
24132,2005,9,1.0,187.92
24133,1982,3,12.0,65.68
24134,1967,9,1.0,125.76
24135,1990,3,12.0,95.4
24136,1930,6,1.0,127.34
24137,1930,3,12.0,96.42
24138,2016,9,1.0,127.69
24139,2016,3,12.0,100.69
24140,1941,12,1.0,428.27
24141,1964,3,12.0,338.67
24142,1948,3,1.0,163.7
24143,1948,3,4.0,425.57
24144,2002,3,8.0,55.73
24145,1888,6,1.0,168.71
24146,1888,3,12.0,116.4
24147,1953,6,1.0,121.79
24148,1880,3,1.0,87.67
24149,2003,6,,124.65
24150,2004,3,1.0,211.25
24151,1880,3,1.0,111.57
24152,1880,3,1.0,97.55
24153,1914,6,1.0,86.8
24154,1880,3,1.0,87.42
24155,1949,6,1.0,81.39
24156,2008,3,2.0,118.95
24157,1993,6,1.0,322.5
24158,1890,6,1.0,137.06
24159,1890,3,11.0,123.1
24160,1890,3,12.0,
24161,1901,3,1.0,145.82
24162,1901,3,1.0,140.77
24163,1901,3,1.0,76.12
24164,1901,3,1.0,138.71
24165,1901,3,12.0,69.83
24166,1895,3,1.0,139.25
24167,1895,9,1.0,118.72
24168,1895,3,11.0,74.51
24169,1895,6,12.0,41.45
24170,1970,6,1.0,111.49
24171,1941,3,1.0,156.11
24172,1978,6,1.0,182.85
24173,1967,6,1.0,138.75
24174,1967,6,12.0,90.08
24175,1955,3,1.0,79.14
24176,2017,6,1.0,68.41
24177,2017,3,11.0,68.41
24178,2017,3,12.0,
24179,2017,6,1.0,69.46
24180,2017,3,12.0,69.46
24181,2002,3,1.0,82.45
24182,1901,6,1.0,94.74
24183,2018,3,11.0,75.38
24184,1901,3,12.0,25.04
24185,1933,3,1.0,77.42
24186,1901,6,1.0,72.61
24187,1901,3,1.0,79.79
24188,1880,3,1.0,161.76
24189,1971,9,1.0,134.37
24190,2013,9,1.0,118.98
24191,2013,3,11.0,87.31
24192,2013,6,12.0,63.1
24193,1880,6,1.0,210.73
24194,2020,9,1.0,101.11
24195,2020,3,12.0,81.3
24196,1880,6,1.0,105.63
24197,1880,6,11.0,94.91
24198,1880,3,12.0,
24199,1880,9,1.0,272.5
24200,1880,3,11.0,229.22
24201,1880,3,12.0,110.31
24202,1880,3,6.0,1549.65
24203,1880,3,8.0,434.88
24204,1880,3,2.0,317.22
24205,1880,3,10.0,
24206,1880,3,12.0,
24207,2019,9,1.0,157.69
24208,2019,3,10.0,111.6
24209,2019,3,12.0,111.6
24210,2017,12,1.0,316.13
24211,1948,3,12.0,98.06
24212,1880,9,1.0,150.5
24213,1880,3,12.0,132.07
24214,1880,9,1.0,147.68
24215,2006,12,1.0,426.55
24216,2018,3,10.0,369.61
24217,1995,3,12.0,285.12
24218,2006,9,1.0,347.49
24219,2012,12,1.0,182.06
24220,2012,3,12.0,154.54
24221,2002,9,1.0,189.84
24222,2002,3,12.0,139.53
24223,1880,9,1.0,151.42
24224,1880,3,12.0,123.1
24225,1880,9,1.0,138.5
24226,1880,3,12.0,114.91
24227,2007,9,1.0,185.27
24228,2007,3,12.0,149.34
24229,1880,3,4.0,779.02
24230,1995,3,1.0,68.19
24231,2010,12,1.0,118.86
24232,2010,6,12.0,89.59
24233,1880,3,1.0,86.43
24234,1900,6,1.0,144.57
24235,1900,6,12.0,114.98
24236,1901,6,1.0,109.38
24237,1901,3,12.0,72.13
24238,1880,12,1.0,141.57
24239,1880,6,12.0,125.54
24240,1880,3,1.0,249.59
24241,1901,3,1.0,139.21
24242,1901,3,1.0,142.49
24243,1890,3,9.0,21.38
24244,2019,9,1.0,98.52
24245,2019,3,10.0,74.35
24246,2019,3,11.0,72.21
24247,2019,3,12.0,
24248,2014,12,1.0,86.1
24249,2014,3,10.0,83.66
24250,2014,3,11.0,83.66
24251,2014,3,12.0,21.51
24252,1901,6,1.0,106.25
24253,1901,3,11.0,104.28
24254,2018,9,1.0,92.18
24255,2018,9,11.0,81.5
24256,2018,6,12.0,80.27
24257,2020,9,1.0,112.36
24258,2020,3,10.0,75.92
24259,2020,3,11.0,48.0
24260,2020,3,12.0,
24261,2023,12,1.0,96.69
24262,2023,3,12.0,74.4
24263,2023,12,1.0,103.23
24264,2023,6,12.0,78.13
24265,2020,9,1.0,124.83
24266,2020,3,12.0,118.61
24267,1975,12,1.0,194.34
24268,2007,9,1.0,55.84
24269,2007,3,12.0,48.52
24270,1960,3,1.0,55.55
24271,1960,3,1.0,53.37
24272,1955,3,1.0,56.3
24273,1950,3,1.0,53.45
24274,1950,3,12.0,39.74
24275,1955,3,1.0,55.44
24276,1960,3,1.0,99.19
24277,1960,3,12.0,84.61
24278,1898,3,1.0,195.78
24279,1972,3,1.0,134.1
24280,1972,3,12.0,102.62
24281,1920,3,1.0,85.58
24282,1890,3,12.0,66.38
24283,1960,3,5.0,64.69
24284,1960,3,1.0,64.69
24285,1998,3,1.0,85.72
24286,1975,3,1.0,59.28
24287,1989,3,5.0,418.05
24288,1989,3,8.0,418.05
24289,1989,12,1.0,418.05
24290,1989,3,12.0,418.05
24291,1959,3,5.0,159.17
24292,1950,3,1.0,151.16
24293,1950,3,12.0,104.01
24294,1950,3,3.0,98.83
24295,1950,3,12.0,101.24
24296,1880,3,1.0,113.38
24297,1900,3,12.0,71.11
24298,1931,9,1.0,106.79
24299,1893,6,12.0,84.16
24300,1968,9,1.0,91.57
24301,1950,3,12.0,63.73
24302,1955,3,1.0,88.27
24303,1955,3,1.0,97.6
24304,1882,3,1.0,137.1
24305,1949,3,1.0,112.02
24306,1986,3,1.0,79.98
24307,1986,3,12.0,72.01
24308,2023,6,1.0,94.67
24309,2023,3,11.0,86.06
24310,2023,3,12.0,15.84
24311,2009,12,1.0,329.8
24312,2009,6,12.0,216.96
24313,1955,3,1.0,64.82
24314,1955,3,1.0,102.25
24315,1990,3,1.0,121.16
24316,1888,3,1.0,80.85
24317,2006,9,1.0,129.82
24318,1888,3,1.0,173.16
24319,2006,6,1.0,253.04
24320,1970,3,5.0,101.5
24321,1970,9,1.0,101.5
24322,1970,3,1.0,88.73
24323,1960,3,1.0,103.51
24324,1946,6,1.0,47.58
24325,1960,3,1.0,46.88
24326,1960,9,1.0,60.38
24327,1960,3,12.0,53.9
24328,1948,3,5.0,198.57
24329,1948,3,1.0,148.5
24330,1948,3,12.0,
24331,1885,9,1.0,169.14
24332,1885,3,12.0,87.83
24333,1956,3,1.0,109.67
24334,1855,6,1.0,130.1
24335,1855,6,12.0,130.1
24336,2007,6,1.0,99.4
24337,1880,3,1.0,109.0
24338,2006,6,1.0,77.04
24339,1948,3,5.0,80.25
24340,1948,3,1.0,80.25
24341,1993,3,5.0,187.93
24342,1993,3,1.0,176.02
24343,2002,3,5.0,78.75
24344,2002,3,1.0,78.75
24345,2002,3,12.0,78.75
24346,1880,3,1.0,87.4
24347,1885,6,3.0,197.69
24348,1885,3,12.0,63.3
24349,1941,9,1.0,65.31
24350,1961,6,12.0,53.07
24351,1901,6,1.0,63.78
24352,1901,3,12.0,60.28
24353,1998,3,8.0,247.34
24354,1998,3,2.0,231.2
24355,1998,15,1.0,231.2
24356,1956,3,1.0,78.96
24357,1955,3,1.0,99.91
24358,1938,3,5.0,108.31
24359,1938,3,1.0,108.31
24360,1953,12,1.0,140.44
24361,1930,6,1.0,131.52
24362,1949,3,1.0,74.26
24363,1923,6,1.0,91.93
24364,1923,3,12.0,72.31
24365,1900,3,1.0,55.82
24366,1880,3,5.0,154.34
24367,1880,3,1.0,126.89
24368,1880,3,1.0,104.81
24369,1880,3,12.0,79.45
24370,1931,3,1.0,494.72
24371,1922,3,1.0,59.87
24372,1926,3,5.0,87.86
24373,1926,3,1.0,87.86
24374,1914,3,1.0,173.1
24375,1989,3,1.0,54.11
24376,2003,3,4.0,604.24
24377,1912,3,1.0,125.15
24378,1905,3,1.0,130.21
24379,1905,3,12.0,77.74
24380,1992,15,1.0,112.21
24381,1992,3,12.0,60.82
24382,1901,3,1.0,114.0
24383,1970,6,1.0,106.95
24384,1919,9,1.0,96.46
24385,1989,3,1.0,54.54
24386,1989,3,1.0,54.2
24387,1989,3,1.0,51.93
24388,2001,9,1.0,343.83
24389,2004,9,1.0,304.32
24390,1956,3,1.0,107.52
24391,1972,6,1.0,152.29
24392,2021,6,1.0,67.44
24393,2021,3,12.0,49.42
24394,1962,3,1.0,108.28
24395,1962,3,12.0,82.42
24396,1969,3,1.0,89.52
24397,1961,6,1.0,87.22
24398,1961,3,12.0,38.74
24399,1968,3,1.0,93.67
24400,1968,3,12.0,84.54
24401,2021,12,1.0,77.14
24402,2021,3,10.0,58.39
24403,2021,3,11.0,58.39
24404,2021,3,12.0,37.33
24405,1959,3,1.0,110.1
24406,1959,3,1.0,95.09
24407,1960,3,12.0,148.14
24408,1960,3,1.0,144.3
24409,1960,3,12.0,121.16
24410,1961,3,1.0,126.27
24411,1950,3,1.0,135.52
24412,1950,3,12.0,39.23
24413,1956,3,5.0,71.12
24414,1956,3,1.0,71.12
24415,1960,3,5.0,63.58
24416,1960,6,1.0,63.58
24417,1956,3,1.0,90.19
24418,1980,12,1.0,283.11
24419,2020,15,1.0,171.76
24420,2020,3,12.0,171.76
24421,1950,3,1.0,110.79
24422,1994,3,1.0,277.6
24423,1994,3,12.0,123.56
24424,1938,3,1.0,111.92
24425,1969,3,1.0,129.12
24426,1969,3,12.0,111.48
24427,1970,3,5.0,285.8
24428,1970,3,1.0,285.8
24429,1969,6,1.0,111.27
24430,1952,3,1.0,85.84
24431,1995,3,1.0,83.85
24432,2016,9,1.0,78.83
24433,2016,3,12.0,78.83
24434,2009,9,1.0,352.29
24435,2002,3,5.0,377.53
24436,2002,9,1.0,377.53
24437,2002,3,12.0,377.53
24438,1946,3,3.0,217.26
24439,1961,6,1.0,98.81
24440,1961,3,12.0,81.55
24441,1966,9,1.0,260.43
24442,1966,3,5.0,264.24
24443,1966,3,12.0,16.06
24444,1948,3,1.0,96.55
24445,1948,3,12.0,88.94
24446,1951,3,1.0,86.42
24447,1951,3,12.0,86.42
24448,1971,3,1.0,89.5
24449,1991,3,1.0,178.6
24450,1976,6,5.0,1613.83
24451,1982,15,12.0,569.47
24452,1948,3,1.0,107.63
24453,1948,3,12.0,77.02
24454,1934,3,1.0,115.26
24455,1993,3,5.0,134.75
24456,1993,6,1.0,134.75
24457,1993,3,12.0,134.75
24458,1943,3,1.0,61.29
24459,1965,3,1.0,124.87
24460,1918,3,1.0,91.05
24461,1918,3,1.0,158.38
24462,1960,3,1.0,212.38
24463,1960,3,12.0,83.39
24464,1959,3,1.0,152.08
24465,1997,3,1.0,97.95
24466,1958,3,1.0,28.87
24467,1999,3,5.0,385.56
24468,1999,9,1.0,385.56
24469,2002,3,5.0,293.75
24470,2002,9,1.0,293.75
24471,2002,3,9.0,293.75
24472,1975,9,1.0,211.71
24473,1978,3,12.0,21.19
24474,1930,3,1.0,80.89
24475,1930,3,12.0,68.83
24476,1930,3,1.0,113.65
24477,1930,3,1.0,112.58
24478,1930,3,12.0,85.71
24479,1930,3,8.0,129.19
24480,1930,3,1.0,84.92
24481,1930,3,1.0,78.65
24482,1936,3,1.0,97.93
24483,1936,3,12.0,73.02
24484,1930,3,1.0,158.75
24485,1930,3,1.0,93.39
24486,1930,3,1.0,90.3
24487,1930,3,12.0,66.42
24488,1930,6,2.0,485.71
24489,1930,3,1.0,239.21
24490,1930,3,12.0,231.12
24491,1978,3,5.0,327.89
24492,1978,18,1.0,281.31
24493,1978,18,1.0,372.45
24494,1978,18,1.0,421.64
24495,1930,3,1.0,180.04
24496,1930,6,12.0,13.78
24497,1930,3,1.0,116.64
24498,1962,3,1.0,96.58
24499,1975,15,1.0,191.13
24500,1930,3,1.0,420.93
24501,1930,6,1.0,111.91
24502,1930,3,12.0,504.43
24503,1930,3,1.0,312.74
24504,1967,3,5.0,477.02
24505,1967,3,1.0,249.8
24506,1967,3,12.0,
24507,1974,15,1.0,560.53
24508,1974,3,12.0,491.65
24509,1950,3,1.0,139.79
24510,1950,3,12.0,124.33
24511,1930,3,1.0,136.1
24512,1930,3,12.0,
24513,2005,9,1.0,185.52
24514,2008,3,5.0,247.62
24515,2008,9,1.0,195.52
24516,2008,3,12.0,195.52
24517,2024,3,5.0,160.76
24518,2024,15,1.0,160.76
24519,2024,12,11.0,160.76
24520,1974,3,5.0,137.4
24521,1974,3,1.0,137.4
24522,1972,21,1.0,1027.21
24523,1970,3,1.0,294.56
24524,1970,3,12.0,145.87
24525,2001,6,1.0,75.51
24526,2001,3,12.0,75.51
24527,1930,6,1.0,120.43
24528,1930,3,12.0,80.59
24529,1930,3,1.0,129.36
24530,1930,3,12.0,103.86
24531,1963,3,1.0,110.76
24532,1982,12,1.0,121.15
24533,1961,3,2.0,165.76
24534,2000,3,5.0,128.75
24535,2000,9,1.0,128.75
24536,1976,3,5.0,256.84
24537,1976,6,1.0,198.58
24538,1973,6,1.0,77.59
24539,1970,9,1.0,101.55
24540,1940,3,12.0,72.94
24541,2020,15,1.0,383.4
24542,2020,6,12.0,369.83
24543,1961,3,1.0,98.44
24544,1961,3,12.0,94.93
24545,1930,3,1.0,141.23
24546,1930,3,12.0,121.54
24547,2007,12,1.0,71.63
24548,2007,3,11.0,71.63
24549,1930,3,5.0,110.73
24550,1978,18,1.0,364.73
24551,1923,3,1.0,108.66
24552,1961,3,5.0,144.49
24553,1961,3,1.0,85.53
24554,1948,3,5.0,302.7
24555,1945,3,12.0,302.7
24556,2007,9,1.0,269.94
24557,1958,9,1.0,263.78
24558,1960,3,1.0,168.89
24559,1950,3,12.0,132.69
24560,2005,9,1.0,206.77
24561,2006,3,5.0,222.92
24562,2006,9,1.0,214.25
24563,2022,15,1.0,385.42
24564,2022,3,12.0,292.8
24565,1939,3,5.0,105.99
24566,1939,3,1.0,102.09
24567,1951,9,1.0,148.32
24568,1951,3,12.0,98.98
24569,1969,9,1.0,293.93
24570,1942,3,1.0,147.15
24571,1992,3,1.0,280.39
24572,1972,18,1.0,567.1
24573,1969,3,5.0,451.99
24574,1969,18,1.0,381.28
24575,1973,3,5.0,304.12
24576,1973,18,1.0,284.33
24577,1972,12,1.0,180.2
24578,1963,3,5.0,276.56
24579,1963,3,1.0,83.28
24580,1963,3,12.0,
24581,1910,6,1.0,127.86
24582,1910,3,12.0,30.47
24583,1999,3,1.0,158.6
24584,1917,3,1.0,110.04
24585,1936,3,1.0,165.61
24586,1936,3,12.0,110.05
24587,1908,6,1.0,121.57
24588,2017,9,1.0,219.17
24589,2017,3,10.0,114.53
24590,2017,3,11.0,69.4
24591,2017,3,12.0,
24592,1951,3,1.0,107.42
24593,1951,3,12.0,99.64
24594,2001,9,1.0,323.02
24595,2018,12,1.0,85.59
24596,2018,3,12.0,85.59
24597,2016,9,1.0,86.42
24598,2016,3,12.0,86.42
24599,2019,12,1.0,72.61
24600,2019,3,12.0,64.01
24601,2020,12,1.0,69.69
24602,2020,3,12.0,69.69
24603,2017,6,5.0,255.96
24604,2017,6,1.0,117.33
24605,1915,3,12.0,117.33
24606,1997,3,5.0,361.04
24607,1997,18,1.0,361.04
24608,1997,3,12.0,360.41
24609,2013,3,5.0,101.66
24610,1957,3,1.0,
24611,1956,3,1.0,96.22
24612,1956,3,12.0,
24613,1958,3,1.0,49.15
24614,1960,6,1.0,96.8
24615,1960,3,12.0,66.22
24616,1986,6,12.0,182.68
24617,2003,3,5.0,131.97
24618,2003,3,1.0,122.82
24619,1945,3,1.0,119.65
24620,1945,3,12.0,97.84
24621,1953,9,1.0,119.33
24622,1953,6,12.0,119.33
24623,1997,6,1.0,107.37
24624,1997,3,12.0,102.05
24625,1989,6,1.0,105.12
24626,1988,3,1.0,67.36
24627,1955,3,1.0,104.72
24628,1995,3,5.0,157.55
24629,1995,15,1.0,157.55
24630,1995,3,9.0,157.55
24631,1984,6,1.0,177.52
24632,1994,3,1.0,114.35
24633,1997,3,1.0,178.36
24634,2009,3,5.0,216.98
24635,2009,15,1.0,216.98
24636,1951,3,12.0,108.24
24637,1952,3,1.0,93.33
24638,1900,3,1.0,87.79
24639,1967,3,1.0,104.43
24640,1995,3,1.0,91.37
24641,1947,3,1.0,93.93
24642,1998,9,1.0,210.4
24643,1900,3,1.0,39.35
24644,1998,6,1.0,85.24
24645,2022,6,12.0,60.13
24646,1951,3,1.0,99.22
24647,1951,3,1.0,78.75
24648,1988,3,1.0,93.86
24649,1959,3,1.0,61.39
24650,1985,3,12.0,109.14
24651,1952,3,1.0,95.42
24652,2003,6,1.0,108.43
24653,1940,3,9.0,72.31
24654,1999,3,1.0,94.6
24655,1967,3,12.0,115.69
24656,1949,3,1.0,57.83
24657,1969,3,1.0,87.46
24658,1900,3,1.0,125.54
24659,1959,6,1.0,105.85
24660,1961,6,1.0,140.87
24661,1961,6,12.0,103.01
24662,1957,6,1.0,124.14
24663,1957,3,11.0,98.55
24664,1957,6,12.0,31.55
24665,1997,3,1.0,224.56
24666,2006,12,1.0,412.35
24667,1960,3,3.0,2249.62
24668,1960,6,1.0,181.64
24669,1960,3,11.0,174.74
24670,1962,3,4.0,125.21
24671,1967,3,12.0,84.58
24672,1967,6,1.0,117.85
24673,1967,3,12.0,101.15
24674,1991,3,3.0,470.66
24675,1960,3,5.0,360.55
24676,1978,6,1.0,326.55
24677,1961,6,1.0,148.55
24678,2005,9,1.0,114.49
24679,1998,3,5.0,460.36
24680,1979,3,3.0,450.57
24681,1998,3,2.0,
24682,2004,3,1.0,291.17
24683,2004,3,12.0,291.17
24684,1989,9,1.0,312.32
24685,1988,3,1.0,802.76
24686,1968,3,5.0,200.5
24687,1968,3,1.0,121.01
24688,2007,9,1.0,269.16
24689,1985,12,1.0,1655.36
24690,2015,3,5.0,2003.0
24691,2015,3,11.0,
24692,2015,3,12.0,
24693,2015,3,3.0,26.03
24694,1985,3,5.0,3627.84
24695,1985,15,1.0,3441.72
24696,1985,3,12.0,3441.72
24697,1985,3,5.0,3255.74
24698,1985,15,1.0,2981.05
24699,1985,3,12.0,2981.05
24700,1936,3,1.0,96.07
24701,1958,3,1.0,250.97
24702,1958,3,10.0,134.45
24703,1986,3,11.0,17.42
24704,2015,3,12.0,
24705,1956,3,1.0,143.97
24706,1956,3,12.0,109.37
24707,1933,3,1.0,77.28
24708,1933,3,1.0,109.11
24709,1936,3,1.0,131.6
24710,2020,3,1.0,636.25
24711,2020,3,11.0,
24712,2020,3,12.0,
24713,2000,3,12.0,87.31
24714,1978,3,1.0,96.09
24715,1997,3,3.0,487.74
24716,1997,3,12.0,
24717,1979,3,1.0,403.54
24718,2006,3,10.0,20.89
24719,2008,9,1.0,181.67
24720,2008,3,12.0,169.73
24721,2008,9,1.0,181.66
24722,2008,3,12.0,169.72
24723,2008,9,1.0,181.66
24724,2008,3,12.0,169.73
24725,2008,9,1.0,181.66
24726,2008,3,12.0,169.73
24727,2008,9,1.0,175.41
24728,2008,3,12.0,167.25
24729,2021,9,1.0,178.29
24730,2021,9,11.0,168.66
24731,2021,3,12.0,41.46
24732,2021,9,1.0,178.31
24733,2021,9,11.0,168.66
24734,2021,3,12.0,43.95
24735,2021,9,1.0,191.09
24736,2021,6,11.0,165.49
24737,2021,3,12.0,13.66
24738,2021,9,1.0,190.38
24739,2021,6,11.0,164.79
24740,2021,3,12.0,13.04
24741,1978,3,1.0,83.31
24742,1975,3,1.0,156.63
24743,1979,3,1.0,87.7
24744,1978,15,1.0,105.2
24745,1960,15,1.0,118.95
24746,1960,12,1.0,105.81
24747,1973,12,1.0,113.8
24748,1968,12,1.0,137.0
24749,1974,3,1.0,106.54
24750,1974,3,12.0,24.5
24751,1970,9,1.0,125.14
24752,1977,3,1.0,115.68
24753,1964,3,12.0,113.18
24754,1973,3,1.0,142.84
24755,1973,3,12.0,
24756,1962,12,1.0,173.28
24757,1969,15,1.0,155.44
24758,1960,3,12.0,116.67
24759,1968,3,1.0,218.02
24760,1968,6,12.0,110.7
24761,1970,9,1.0,377.39
24762,1970,3,12.0,189.6
24763,1989,3,1.0,90.6
24764,1962,3,3.0,596.41
24765,1962,3,2.0,29.06
24766,1999,6,1.0,94.47
24767,1999,3,11.0,90.47
24768,1999,6,12.0,90.47
24769,1963,3,1.0,154.13
24770,1963,3,12.0,
24771,1972,3,1.0,128.06
24772,1955,3,1.0,115.57
24773,1969,3,1.0,231.59
24774,1963,3,8.0,121.61
24775,1974,9,1.0,105.0
24776,1974,3,11.0,94.06
24777,1963,6,1.0,124.29
24778,1966,3,1.0,117.08
24779,1966,3,5.0,117.01
24780,1981,3,1.0,80.77
24781,1966,3,9.0,
24782,1963,6,1.0,184.26
24783,1970,12,1.0,166.44
24784,2005,15,1.0,142.29
24785,2005,3,12.0,142.29
24786,1963,6,1.0,140.17
24787,1958,3,1.0,118.47
24788,1966,3,1.0,102.29
24789,1971,3,1.0,183.65
24790,1956,3,1.0,141.29
24791,1966,3,1.0,139.26
24792,1956,6,1.0,179.91
24793,1961,3,1.0,156.52
24794,1961,3,12.0,109.98
24795,1956,3,1.0,151.31
24796,1969,6,1.0,152.76
24797,1969,3,12.0,23.06
24798,1957,3,1.0,147.43
24799,1969,3,1.0,137.39
24800,1969,3,12.0,102.51
24801,1965,3,1.0,121.33
24802,1966,6,1.0,132.5
24803,1966,3,12.0,101.61
24804,1975,3,1.0,188.49
24805,1963,3,1.0,127.66
24806,1962,9,1.0,112.79
24807,1962,3,11.0,76.13
24808,1956,3,1.0,130.56
24809,1997,3,1.0,123.65
24810,2003,6,1.0,152.14
24811,1968,3,1.0,109.42
24812,1957,3,1.0,140.75
24813,1958,6,1.0,154.57
24814,1964,3,1.0,73.75
24815,1975,9,1.0,103.1
24816,1974,9,1.0,124.18
24817,1973,9,1.0,93.59
24818,1963,9,1.0,142.37
24819,1979,9,1.0,110.32
24820,1967,12,1.0,108.45
24821,1989,3,1.0,84.95
24822,2001,15,1.0,233.3
24823,2002,9,1.0,411.97
24824,1962,3,1.0,189.45
24825,2006,9,1.0,261.93
24826,2008,9,1.0,430.86
24827,2012,12,1.0,767.01
24828,1957,9,1.0,150.16
24829,1959,3,12.0,87.19
24830,1984,12,1.0,142.63
24831,1964,3,1.0,133.4
24832,1953,3,1.0,100.28
24833,1959,3,1.0,93.9
24834,1962,9,1.0,282.9
24835,1962,3,12.0,205.7
24836,1970,3,12.0,144.99
24837,1962,3,1.0,66.64
24838,1965,6,1.0,129.4
24839,1972,6,1.0,134.79
24840,1972,3,12.0,100.26
24841,1952,3,1.0,123.35
24842,1955,3,1.0,105.49
24843,1975,3,1.0,86.33
24844,1960,3,1.0,111.63
24845,1959,12,1.0,178.04
24846,1970,9,1.0,130.54
24847,1950,3,11.0,124.23
24848,1950,3,12.0,68.05
24849,1960,6,1.0,149.18
24850,1959,3,1.0,161.35
24851,1960,6,1.0,62.19
24852,1960,3,12.0,17.26
24853,1980,3,1.0,77.05
24854,1980,3,12.0,71.71
24855,1952,3,1.0,79.8
24856,1961,3,1.0,63.71
24857,1985,3,1.0,174.68
24858,2001,9,1.0,172.02
24859,1975,3,1.0,79.65
24860,1997,12,1.0,926.34
24861,2010,3,5.0,614.38
24862,2010,12,1.0,419.76
24863,2010,3,12.0,419.76
24864,1971,3,1.0,189.85
24865,1971,3,12.0,150.63
24866,1961,6,1.0,123.42
24867,1961,9,12.0,89.42
24868,1963,6,1.0,111.64
24869,1960,3,1.0,107.06
24870,1968,3,1.0,102.74
24871,1961,3,1.0,104.68
24872,1965,3,1.0,115.67
24873,1969,6,1.0,131.55
24874,1958,3,1.0,116.5
24875,1950,9,1.0,108.65
24876,1952,3,1.0,118.6
24877,1960,3,1.0,139.1
24878,1969,3,1.0,153.88
24879,1959,3,1.0,161.38
24880,1959,3,12.0,161.38
24881,1962,3,1.0,77.25
24882,1962,9,1.0,83.02
24883,1962,3,11.0,79.12
24884,1962,3,12.0,44.99
24885,1978,3,1.0,106.8
24886,1962,3,1.0,86.7
24887,1961,12,1.0,310.43
24888,1960,3,1.0,113.89
24889,1971,9,1.0,177.86
24890,1963,3,1.0,97.5
24891,1963,3,12.0,19.46
24892,1961,3,1.0,49.45
24893,1975,9,1.0,110.38
24894,1960,3,1.0,140.66
24895,1961,3,1.0,131.78
24896,1952,3,1.0,116.21
24897,1958,3,1.0,95.37
24898,1958,9,1.0,100.66
24899,2003,12,1.0,301.2
24900,1957,3,5.0,110.94
24901,2012,6,4.0,392.96
24902,2000,3,8.0,50.46
24903,2000,3,11.0,
24904,1997,3,5.0,934.9
24905,1997,24,1.0,640.6
24906,1998,27,1.0,1130.37
24907,1998,6,5.0,1280.37
24908,1998,3,12.0,1280.37
24909,1999,3,5.0,714.31
24910,1999,24,1.0,396.19
24911,2001,3,5.0,799.39
24912,2001,39,1.0,510.83
24913,1940,3,3.0,26.41
24914,2003,3,4.0,1730.63
24915,2006,12,4.0,3503.49
24916,1999,3,9.0,2627.74
24917,1924,3,1.0,138.4
24918,1981,9,1.0,234.78
24919,1979,3,12.0,12.38
24920,1986,9,1.0,357.59
24921,2000,3,5.0,151.85
24922,2000,9,1.0,151.85
24923,1950,3,5.0,135.69
24924,1950,6,1.0,135.69
24925,1950,3,12.0,117.96
24926,1981,3,5.0,1298.29
24927,1981,12,1.0,614.31
24928,1924,3,3.0,330.82
24929,1924,3,1.0,174.46
24930,1969,3,5.0,389.5
24931,1967,6,1.0,124.64
24932,1967,3,12.0,111.92
24933,1978,21,1.0,205.57
24934,1990,9,1.0,283.26
24935,1923,3,5.0,138.65
24936,1923,3,1.0,138.65
24937,1992,3,5.0,904.74
24938,1992,3,8.0,489.36
24939,1992,12,1.0,474.13
24940,1992,12,1.0,554.08
24941,1992,9,1.0,479.72
24942,1900,9,4.0,816.2
24943,1968,3,2.0,1079.6
24944,1995,3,5.0,248.65
24945,1995,15,1.0,247.26
24946,1991,6,1.0,196.43
24947,1991,3,11.0,167.69
24948,2007,9,1.0,256.06
24949,1970,3,5.0,289.41
24950,1960,3,5.0,97.77
24951,1960,3,1.0,66.17
24952,1956,3,5.0,121.61
24953,1956,3,1.0,93.36
24954,1960,3,,76.57
24955,1960,3,5.0,85.77
24956,1960,3,1.0,85.77
24957,1956,3,1.0,94.97
24958,1959,9,1.0,95.74
24959,1959,3,12.0,75.27
24960,1960,3,1.0,83.9
24961,1907,3,1.0,84.24
24962,2002,9,1.0,77.74
24963,2003,3,5.0,98.87
24964,2003,3,1.0,98.87
24965,2003,3,12.0,69.46
24966,1960,21,1.0,331.43
24967,1969,3,3.0,134.09
24968,1981,3,1.0,148.65
24969,2006,12,1.0,356.17
24970,2006,3,12.0,326.8
24971,1919,3,1.0,142.15
24972,1890,6,1.0,135.59
24973,1907,3,1.0,136.88
24974,1907,3,12.0,91.09
24975,1931,6,1.0,111.38
24976,1931,6,12.0,105.86
24977,1931,3,1.0,104.2
24978,1931,3,12.0,104.2
24979,1978,3,1.0,236.7
24980,1951,6,1.0,505.77
24981,1907,3,1.0,152.23
24982,2003,9,1.0,109.91
24983,2004,3,10.0,80.04
24984,2003,3,12.0,80.04
24985,1998,3,1.0,79.75
24986,1998,3,1.0,131.54
24987,1919,3,2.0,235.05
24988,1919,6,1.0,129.47
24989,1919,3,12.0,129.47
24990,1925,3,2.0,248.41
24991,1925,3,1.0,117.19
24992,2006,3,10.0,
24993,1954,3,1.0,148.67
24994,1880,6,1.0,124.65
24995,1880,3,12.0,74.6
24996,1990,3,8.0,314.75
24997,1990,6,1.0,314.75
24998,1990,3,10.0,314.75
24999,1990,3,12.0,
25000,1995,3,3.0,6.69
25001,1931,3,1.0,86.24
25002,1931,3,12.0,65.56
25003,1961,3,5.0,126.6
25004,1961,9,1.0,124.94
25005,1961,6,11.0,124.94
25006,1961,3,12.0,
25007,1880,6,1.0,148.18
25008,1890,3,1.0,180.45
25009,1914,3,1.0,148.56
25010,1914,3,12.0,89.88
25011,1970,18,1.0,279.85
25012,1970,6,1.0,130.8
25013,1880,3,1.0,99.47
25014,1961,6,1.0,69.26
25015,1997,6,1.0,137.19
25016,1965,3,12.0,69.38
25017,1999,6,1.0,108.94
25018,1986,3,1.0,94.67
25019,1955,3,1.0,178.31
25020,1979,6,1.0,375.91
25021,2004,6,1.0,627.5
25022,2004,3,12.0,582.09
25023,1923,9,1.0,125.05
25024,2019,9,1.0,98.11
25025,2019,3,10.0,68.73
25026,2019,6,12.0,54.45
25027,2012,9,1.0,92.49
25028,2012,6,12.0,77.54
25029,1970,12,1.0,490.64
25030,1930,6,1.0,173.47
25031,1930,6,12.0,119.43
25032,1930,3,1.0,91.91
25033,1930,3,1.0,100.22
25034,1970,9,1.0,412.45
25035,1930,3,1.0,65.94
25036,1930,3,1.0,78.78
25037,1930,3,12.0,69.25
25038,1930,3,1.0,118.03
25039,2005,6,1.0,202.33
25040,1950,3,1.0,72.5
25041,1969,6,1.0,101.2
25042,1930,3,12.0,101.2
25043,1935,3,12.0,31.32
25044,1930,6,1.0,71.02
25045,2005,6,1.0,141.46
25046,1970,12,1.0,309.05
25047,1964,12,1.0,371.11
25048,2006,3,12.0,371.11
25049,1945,6,1.0,104.7
25050,2010,9,1.0,216.3
25051,2010,3,12.0,208.17
25052,2004,3,1.0,150.72
25053,2004,3,12.0,150.72
25054,1938,3,5.0,267.68
25055,1938,6,1.0,212.04
25056,1938,3,12.0,163.27
25057,1954,3,10.0,214.31
25058,1954,3,12.0,214.31
25059,1952,3,1.0,139.79
25060,2007,12,1.0,128.93
25061,2007,3,12.0,61.19
25062,1973,3,1.0,116.39
25063,1973,3,12.0,112.56
25064,1930,3,1.0,114.0
25065,1930,3,12.0,83.44
25066,2004,9,1.0,128.73
25067,1970,6,1.0,161.3
25068,1952,3,1.0,124.14
25069,1954,3,5.0,299.68
25070,1975,9,1.0,207.34
25071,1950,3,1.0,94.18
25072,1940,3,1.0,191.03
25073,1940,3,12.0,191.03
25074,1961,3,1.0,143.02
25075,1945,6,1.0,130.68
25076,1931,3,12.0,60.45
25077,1939,3,1.0,117.29
25078,1956,6,1.0,73.77
25079,1932,3,12.0,57.49
25080,1945,6,1.0,463.48
25081,1994,3,1.0,122.28
25082,1940,3,1.0,122.9
25083,1940,6,1.0,80.65
25084,1930,3,5.0,138.56
25085,1978,3,1.0,65.51
25086,1942,3,1.0,187.89
25087,1942,3,12.0,114.44
25088,1900,3,1.0,168.16
25089,1900,3,12.0,153.86
25090,1991,3,1.0,88.86
25091,2007,9,1.0,167.1
25092,2000,3,1.0,129.89
25093,2006,9,1.0,346.91
25094,2022,12,1.0,384.93
25095,2022,3,12.0,234.69
25096,1880,6,1.0,107.45
25097,1880,3,12.0,88.97
25098,2019,9,1.0,76.7
25099,2019,3,11.0,60.66
25100,2019,3,12.0,60.66
25101,1953,3,1.0,134.92
25102,2023,9,1.0,356.17
25103,2023,3,12.0,168.41
25104,1974,15,1.0,686.28
25105,1989,3,1.0,92.32
25106,1922,6,1.0,143.13
25107,1951,3,12.0,102.87
25108,1950,3,1.0,135.76
25109,1950,3,1.0,98.39
25110,1955,3,1.0,118.88
25111,1960,15,1.0,104.23
25112,1989,3,1.0,104.19
25113,1972,15,1.0,203.96
25114,1965,3,1.0,136.97
25115,1965,3,12.0,129.27
25116,1996,3,5.0,530.57
25117,1996,15,1.0,513.41
25118,1989,3,1.0,100.32
25119,1989,9,1.0,101.41
25120,1989,3,12.0,71.58
25121,1926,3,1.0,113.38
25122,1926,3,12.0,6.06
25123,1910,3,1.0,82.9
25124,1900,3,1.0,88.93
25125,2021,9,1.0,83.64
25126,2021,3,12.0,72.83
25127,1900,6,1.0,123.94
25128,1900,3,12.0,90.36
25129,1963,3,1.0,103.3
25130,1957,3,1.0,128.36
25131,1957,3,1.0,81.68
25132,1957,3,1.0,92.01
25133,1950,3,1.0,75.01
25134,2021,9,1.0,69.91
25135,2021,3,12.0,69.91
25136,2021,9,1.0,70.63
25137,2021,3,12.0,70.63
25138,1975,9,1.0,228.04
25139,1953,3,1.0,92.03
25140,1953,3,12.0,
25141,1960,3,1.0,153.76
25142,1951,3,12.0,149.12
25143,1960,12,1.0,162.19
25144,1999,15,1.0,226.74
25145,2004,3,1.0,461.42
25146,2004,3,12.0,461.42
25147,1961,6,1.0,282.24
25148,1961,3,11.0,182.36
25149,1961,3,12.0,
25150,1997,9,1.0,107.32
25151,1939,3,1.0,127.65
25152,1978,18,1.0,309.73
25153,1984,3,1.0,91.5
25154,1928,3,5.0,189.45
25155,1984,3,1.0,127.34
25156,1970,6,1.0,147.49
25157,1979,21,1.0,132.04
25158,1937,3,1.0,157.8
25159,1937,3,12.0,112.53
25160,1931,3,1.0,128.05
25161,1996,3,1.0,79.17
25162,1939,3,8.0,63.46
25163,1945,3,5.0,35.79
25164,1929,3,1.0,126.22
25165,1929,6,12.0,23.57
25166,1918,3,1.0,102.21
25167,1990,3,12.0,
25168,1960,6,1.0,105.08
25169,1915,3,1.0,129.16
25170,1913,6,1.0,253.53
25171,1913,3,11.0,54.33
25172,1913,3,12.0,
25173,1942,3,1.0,131.33
25174,1942,3,12.0,101.34
25175,1943,3,1.0,100.88
25176,1922,3,1.0,114.41
25177,1942,3,1.0,124.62
25178,1921,3,1.0,101.45
25179,1921,6,12.0,92.85
25180,1930,3,1.0,108.28
25181,1986,3,5.0,390.25
25182,1986,9,1.0,356.88
25183,1940,6,1.0,148.88
25184,1940,3,12.0,92.63
25185,1921,3,1.0,152.37
25186,1921,3,12.0,
25187,1948,3,1.0,98.4
25188,1950,3,1.0,92.99
25189,1950,3,12.0,92.99
25190,1951,6,1.0,76.99
25191,1951,6,12.0,65.72
25192,1995,6,1.0,250.73
25193,2009,12,1.0,152.58
25194,2009,6,12.0,115.34
25195,1965,3,1.0,210.0
25196,1965,3,12.0,143.59
25197,1997,18,1.0,285.78
25198,2003,9,1.0,366.83
25199,1963,3,1.0,104.13
25200,1955,3,5.0,169.28
25201,1955,3,1.0,111.57
25202,1963,3,1.0,141.29
25203,1963,6,1.0,134.23
25204,1960,3,11.0,102.72
25205,1960,3,12.0,
25206,1963,6,1.0,131.11
25207,1955,3,11.0,90.61
25208,1955,3,12.0,
25209,1955,6,1.0,213.62
25210,1976,3,12.0,103.95
25211,1950,3,1.0,91.65
25212,2023,9,1.0,93.87
25213,1945,3,1.0,112.8
25214,1945,3,12.0,
25215,1982,3,5.0,110.36
25216,1984,9,1.0,92.7
25217,1982,3,12.0,45.04
25218,1955,3,1.0,128.74
25219,1955,3,12.0,98.24
25220,2003,9,1.0,131.63
25221,1960,3,5.0,216.1
25222,1960,3,1.0,193.83
25223,1950,3,1.0,117.44
25224,1950,3,12.0,
25225,1950,3,1.0,149.75
25226,1955,3,1.0,360.22
25227,1955,3,12.0,222.66
25228,1965,9,1.0,187.79
25229,1981,6,1.0,215.09
25230,1955,3,5.0,212.73
25231,1955,3,2.0,212.73
25232,1950,3,1.0,131.97
25233,1955,6,1.0,289.9
25234,2000,15,1.0,119.42
25235,1981,15,1.0,477.44
25236,1955,3,5.0,207.98
25237,1955,3,3.0,190.36
25238,1940,9,1.0,22.32
25239,1931,3,1.0,83.02
25240,1931,3,1.0,68.39
25241,1931,3,12.0,49.49
25242,1931,3,1.0,62.48
25243,1931,3,12.0,42.28
25244,1931,3,1.0,55.89
25245,1931,3,1.0,63.49
25246,1931,3,1.0,57.04
25247,1950,3,1.0,64.44
25248,2001,3,1.0,78.1
25249,1985,3,1.0,90.42
25250,1985,3,12.0,70.0
25251,1931,6,1.0,55.98
25252,1947,3,1.0,56.6
25253,1931,6,1.0,69.66
25254,1931,3,5.0,126.88
25255,1931,6,1.0,59.41
25256,1931,3,12.0,
25257,1931,3,1.0,85.03
25258,1980,3,12.0,44.5
25259,1931,6,1.0,84.53
25260,1931,3,12.0,44.64
25261,1931,3,1.0,65.69
25262,1931,3,1.0,47.35
25263,1986,6,5.0,141.17
25264,1931,3,12.0,62.19
25265,1984,3,12.0,30.26
25266,1984,3,12.0,28.95
25267,1947,3,1.0,72.99
25268,1931,3,5.0,97.4
25269,1931,3,1.0,79.86
25270,2001,3,5.0,135.66
25271,2001,15,1.0,135.66
25272,1982,3,5.0,161.34
25273,1994,3,5.0,439.33
25274,1994,9,1.0,357.6
25275,2007,9,1.0,121.42
25276,2001,9,1.0,341.95
25277,1987,3,1.0,130.2
25278,1968,15,1.0,97.53
25279,2004,3,12.0,137.2
25280,1982,3,1.0,500.21
25281,1951,3,1.0,136.82
25282,1959,3,1.0,132.76
25283,1939,3,5.0,112.93
25284,1939,3,1.0,100.11
25285,1949,3,5.0,116.28
25286,1952,3,1.0,84.0
25287,1963,12,1.0,105.71
25288,1952,3,12.0,143.33
25289,1963,6,1.0,110.74
25290,1941,6,12.0,85.2
25291,1987,9,1.0,186.45
25292,1987,3,12.0,129.53
25293,1990,6,1.0,131.62
25294,1958,3,3.0,437.75
25295,1990,6,1.0,109.0
25296,1990,6,12.0,22.0
25297,1969,3,12.0,383.56
25298,1965,3,1.0,254.47
25299,1952,6,1.0,224.53
25300,1952,3,12.0,178.16
25301,1969,12,1.0,161.48
25302,1970,12,1.0,163.18
25303,1964,21,1.0,259.76
25304,1976,21,1.0,517.13
25305,1976,21,1.0,185.48
25306,1997,15,1.0,208.47
25307,1995,15,1.0,238.02
25308,1992,9,1.0,146.64
25309,1997,9,1.0,208.96
25310,2002,9,1.0,410.79
25311,1987,3,5.0,737.47
25312,1987,15,1.0,723.63
25313,1971,12,1.0,608.28
25314,1975,18,1.0,1019.65
25315,1978,3,5.0,928.99
25316,1978,18,1.0,663.0
25317,1986,3,5.0,664.79
25318,1986,15,1.0,664.79
25319,1989,3,5.0,1163.47
25320,1989,15,1.0,1128.97
25321,1989,3,12.0,1128.97
25322,2001,3,5.0,2207.6
25323,2001,3,8.0,1540.67
25324,2001,15,1.0,1540.67
25325,2001,3,9.0,1540.67
25326,1984,9,1.0,978.07
25327,1997,9,1.0,180.8
25328,1997,12,1.0,234.57
25329,1997,12,1.0,181.53
25330,1997,12,1.0,181.77
25331,1998,12,1.0,221.83
25332,1997,9,1.0,180.8
25333,1998,6,4.0,2032.5
25334,1998,3,10.0,1445.71
25335,1998,3,11.0,
25336,1997,6,4.0,576.24
25337,1984,3,5.0,4467.15
25338,1984,9,1.0,4094.16
25339,2006,6,9.0,1208.14
25340,2006,3,10.0,722.89
25341,2006,3,12.0,34.19
25342,1960,6,1.0,187.4
25343,1960,3,11.0,120.11
25344,1960,3,12.0,
25345,1970,9,10.0,3086.22
25346,1975,3,10.0,811.79
25347,1975,3,11.0,
25348,1975,3,12.0,
25349,1977,9,4.0,2731.75
25350,1977,3,10.0,1716.81
25351,1977,3,11.0,939.14
25352,1977,3,12.0,19.38
25353,1977,3,4.0,1946.91
25354,1994,3,9.0,1164.26
25355,1988,12,4.0,2927.63
25356,1988,3,11.0,2271.78
25357,2002,3,4.0,508.91
25358,2014,6,7.0,1079.03
25359,1973,6,1.0,138.0
25360,1952,6,1.0,141.32
25361,1954,3,1.0,133.0
25362,1981,9,1.0,170.27
25363,1957,3,1.0,103.47
25364,1964,3,1.0,165.99
25365,1958,9,1.0,93.01
25366,1958,3,12.0,67.86
25367,1986,3,1.0,116.65
25368,1974,6,1.0,231.33
25369,1979,3,1.0,114.26
25370,1960,3,1.0,83.36
25371,1965,3,1.0,79.1
25372,1974,3,12.0,79.1
25373,1950,9,1.0,136.1
25374,1950,3,12.0,116.57
25375,1950,3,1.0,87.77
25376,1950,3,12.0,
25377,1983,9,1.0,121.75
25378,1964,3,1.0,116.93
25379,1964,3,12.0,95.77
25380,1967,9,1.0,170.39
25381,1996,6,1.0,371.79
25382,1950,9,1.0,172.57
25383,1962,3,1.0,103.7
25384,1977,3,1.0,138.03
25385,1963,6,1.0,97.09
25386,1974,6,1.0,107.63
25387,1956,3,1.0,84.89
25388,1958,3,1.0,161.0
25389,1960,3,1.0,161.89
25390,1960,3,12.0,96.13
25391,1964,3,1.0,161.28
25392,1950,3,1.0,155.3
25393,1950,3,12.0,94.72
25394,2001,6,1.0,173.02
25395,1990,3,12.0,79.99
25396,1964,3,1.0,107.54
25397,1970,9,1.0,139.54
25398,1950,3,1.0,93.68
25399,1950,3,12.0,
25400,2002,15,1.0,224.98
25401,1954,3,1.0,116.04
25402,1959,3,1.0,127.41
25403,1974,3,1.0,167.04
25404,1955,3,12.0,94.31
25405,1972,3,1.0,167.11
25406,1953,3,12.0,104.18
25407,1963,6,1.0,132.11
25408,1982,6,1.0,118.8
25409,1957,3,1.0,166.49
25410,1972,3,5.0,137.55
25411,1972,3,1.0,137.55
25412,1998,9,1.0,144.26
25413,1957,3,1.0,122.24
25414,1957,3,12.0,
25415,1974,3,1.0,57.84
25416,1963,3,1.0,71.53
25417,1975,9,1.0,157.32
25418,1975,3,12.0,110.88
25419,1957,3,1.0,428.83
25420,1960,3,1.0,142.99
25421,1963,3,12.0,79.93
25422,1977,3,1.0,141.68
25423,1973,3,1.0,134.35
25424,1979,6,1.0,124.88
25425,1979,6,12.0,105.22
25426,1969,3,1.0,149.8
25427,1969,6,1.0,138.09
25428,1969,3,12.0,84.95
25429,1967,9,1.0,127.26
25430,1957,3,12.0,96.54
25431,1957,3,12.0,101.7
25432,1965,3,1.0,107.25
25433,1957,3,1.0,327.21
25434,2005,3,5.0,134.9
25435,2005,15,1.0,130.22
25436,2008,9,1.0,209.21
25437,1968,3,1.0,134.13
25438,1983,6,1.0,183.63
25439,1964,3,5.0,62.3
25440,1964,3,1.0,62.3
25441,1979,3,1.0,77.59
25442,2005,9,1.0,297.64
25443,2005,3,12.0,296.59
25444,2006,9,1.0,125.53
25445,1964,6,1.0,152.0
25446,1964,6,1.0,165.0
25447,1964,3,1.0,210.94
25448,1962,3,1.0,117.43
25449,1970,9,1.0,119.17
25450,1965,3,12.0,87.96
25451,1963,3,1.0,123.15
25452,1964,6,1.0,150.07
25453,1964,3,1.0,148.67
25454,2004,3,1.0,149.89
25455,1970,3,1.0,122.82
25456,1966,3,1.0,108.67
25457,1965,3,1.0,104.29
25458,1968,6,1.0,103.71
25459,1968,6,12.0,94.62
25460,1969,3,1.0,116.01
25461,1958,3,1.0,111.37
25462,1958,3,1.0,139.58
25463,1948,3,12.0,118.98
25464,1972,3,5.0,80.65
25465,1972,6,1.0,79.16
25466,1972,3,12.0,79.16
25467,1958,3,5.0,86.11
25468,1958,6,1.0,78.63
25469,1954,6,1.0,89.0
25470,1953,3,1.0,87.32
25471,1948,3,1.0,83.8
25472,1972,3,1.0,120.73
25473,1960,6,1.0,119.97
25474,1960,3,11.0,119.97
25475,1958,12,1.0,170.95
25476,1972,6,1.0,86.06
25477,2008,9,1.0,136.93
25478,2008,3,12.0,136.93
25479,1964,3,1.0,124.48
25480,1950,3,1.0,97.62
25481,1983,3,1.0,101.68
25482,1977,3,1.0,92.78
25483,1966,3,1.0,116.46
25484,1965,3,12.0,18.77
25485,1965,6,1.0,1635.34
25486,1992,3,1.0,113.87
25487,1994,3,1.0,186.82
25488,1993,3,1.0,160.31
25489,1995,9,1.0,624.33
25490,2002,9,1.0,310.03
25491,2002,3,11.0,110.81
25492,2002,3,12.0,110.81
25493,1996,3,5.0,429.94
25494,1996,9,1.0,174.78
25495,1996,3,12.0,174.78
25496,1992,12,1.0,292.42
25497,1997,6,12.0,292.42
25498,1992,3,1.0,112.42
25499,1989,6,1.0,226.44
25500,1989,6,12.0,128.62
25501,2005,9,1.0,465.28
25502,1974,9,1.0,170.32
25503,1974,12,1.0,87.52
25504,1974,12,1.0,126.28
25505,1975,9,1.0,234.25
25506,1975,3,11.0,162.88
25507,1975,3,12.0,162.88
25508,1978,3,1.0,136.12
25509,1974,3,5.0,472.58
25510,1974,12,1.0,384.13
25511,1953,3,1.0,115.74
25512,1976,3,1.0,94.84
25513,1973,3,1.0,94.81
25514,1954,3,1.0,115.89
25515,1954,3,5.0,121.94
25516,1954,3,1.0,121.94
25517,1980,3,1.0,203.03
25518,1980,3,12.0,131.36
25519,1966,6,1.0,110.74
25520,1982,6,1.0,97.25
25521,1955,3,1.0,121.9
25522,1977,6,1.0,115.38
25523,1977,3,12.0,113.17
25524,1966,9,1.0,125.5
25525,1955,3,12.0,98.05
25526,1950,3,1.0,113.6
25527,1961,3,1.0,113.33
25528,1957,6,1.0,235.81
25529,1970,6,1.0,131.73
25530,1965,6,12.0,103.85
25531,1962,15,4.0,1248.42
25532,1962,9,1.0,1135.34
25533,1962,3,10.0,1135.34
25534,1965,18,1.0,288.0
25535,1965,18,1.0,248.81
25536,1964,18,1.0,250.01
25537,1966,18,1.0,246.59
25538,1965,21,1.0,273.42
25539,1965,18,1.0,250.78
25540,1965,3,12.0,250.78
25541,2005,9,1.0,264.63
25542,1988,3,12.0,124.15
25543,1965,18,1.0,234.75
25544,1966,18,1.0,274.59
25545,1965,18,1.0,276.29
25546,1964,3,5.0,279.66
25547,1964,18,1.0,249.54
25548,1991,3,5.0,145.35
25549,1991,3,1.0,115.34
25550,1999,3,5.0,335.91
25551,2002,9,1.0,118.35
25552,1999,3,12.0,118.35
25553,2008,9,1.0,154.97
25554,2008,3,12.0,121.59
25555,1988,6,1.0,120.07
25556,1988,6,12.0,120.07
25557,1991,3,1.0,176.0
25558,1991,3,12.0,176.0
25559,1996,9,1.0,173.33
25560,2000,9,1.0,136.05
25561,1970,6,1.0,119.7
25562,1960,3,1.0,99.66
25563,1986,6,1.0,240.84
25564,1986,3,12.0,141.43
25565,2000,9,1.0,237.95
25566,1930,3,12.0,217.74
25567,1930,3,1.0,111.79
25568,1979,3,1.0,69.13
25569,1999,12,1.0,476.81
25570,1963,3,1.0,80.74
25571,1965,3,1.0,88.78
25572,2024,9,1.0,106.75
25573,1955,3,12.0,31.3
25574,1950,3,1.0,127.2
25575,1940,3,1.0,102.08
25576,2006,9,1.0,69.44
25577,1963,6,1.0,112.79
25578,1963,3,12.0,74.7
25579,1974,6,1.0,127.3
25580,1978,3,1.0,127.54
25581,1971,3,1.0,107.81
25582,1960,3,1.0,196.87
25583,1978,9,1.0,193.63
25584,1978,6,12.0,123.38
25585,2005,9,1.0,287.0
25586,1930,3,1.0,102.39
25587,1930,3,1.0,165.39
25588,1930,3,12.0,
25589,1971,3,1.0,132.25
25590,1999,3,1.0,127.36
25591,1993,3,5.0,181.82
25592,1993,9,1.0,181.82
25593,1930,3,1.0,117.46
25594,1944,6,1.0,144.88
25595,1920,3,1.0,145.61
25596,1920,3,12.0,
25597,1939,3,1.0,85.68
25598,1961,3,1.0,180.57
25599,1930,9,1.0,81.93
25600,1930,3,12.0,68.06
25601,2002,9,1.0,99.0
25602,1956,9,1.0,96.93
25603,2002,9,1.0,99.43
25604,1920,3,1.0,82.43
25605,2007,9,1.0,91.9
25606,1992,3,1.0,92.49
25607,1930,3,1.0,86.14
25608,1930,3,12.0,
25609,1930,3,5.0,53.08
25610,1930,3,1.0,154.69
25611,1930,3,12.0,108.92
25612,1934,3,1.0,84.16
25613,1993,9,1.0,79.7
25614,1993,6,12.0,64.7
25615,1933,3,1.0,81.31
25616,1933,3,12.0,68.84
25617,1993,3,1.0,83.46
25618,1948,3,1.0,64.54
25619,1951,3,1.0,127.27
25620,1930,3,12.0,91.82
25621,1938,3,1.0,93.93
25622,1964,6,1.0,150.14
25623,1964,3,11.0,150.14
25624,1964,6,12.0,102.65
25625,1930,3,1.0,238.62
25626,1988,6,12.0,87.72
25627,2022,15,1.0,371.06
25628,2020,9,1.0,65.86
25629,2020,3,10.0,65.86
25630,2020,3,11.0,55.05
25631,2020,3,12.0,
25632,2021,9,1.0,65.94
25633,2021,3,12.0,65.94
25634,2020,9,1.0,64.85
25635,2020,3,10.0,64.85
25636,2020,3,12.0,34.7
25637,1920,3,2.0,55.38
25638,2000,3,10.0,
25639,2003,3,1.0,181.53
25640,2003,3,12.0,181.53
25641,1972,9,1.0,292.2
25642,2003,15,1.0,141.91
25643,2003,3,12.0,141.91
25644,2002,3,8.0,117.86
25645,1920,3,10.0,513.46
25646,1920,3,11.0,
25647,2010,21,1.0,300.72
25648,2001,3,10.0,300.72
25649,2024,3,12.0,300.72
25650,2006,15,1.0,217.4
25651,2002,3,8.0,447.36
25652,2002,3,12.0,195.3
25653,1996,3,12.0,94.39
25654,1973,3,9.0,1062.91
25655,1989,3,5.0,377.16
25656,1989,15,1.0,368.23
25657,1981,12,1.0,378.7
25658,1981,3,9.0,378.7
25659,1925,6,1.0,95.26
25660,1925,3,1.0,82.12
25661,1971,3,1.0,117.91
25662,1983,6,1.0,134.58
25663,2002,15,1.0,1091.69
25664,1998,3,5.0,552.53
25665,1998,3,8.0,524.25
25666,1998,15,1.0,474.42
25667,1998,6,12.0,422.83
25668,1925,3,5.0,62.44
25669,2005,3,5.0,693.08
25670,2005,15,1.0,605.04
25671,2007,24,1.0,1184.6
25672,2000,3,5.0,1777.17
25673,2000,27,1.0,808.43
25674,1965,30,1.0,4431.57
25675,1980,12,1.0,265.53
25676,1980,15,1.0,193.03
25677,1935,3,1.0,118.04
25678,1947,3,1.0,101.31
25679,1960,3,1.0,178.59
25680,1960,3,12.0,120.99
25681,1963,12,1.0,200.21
25682,1963,6,1.0,127.2
25683,1996,12,1.0,239.06
25684,1936,6,1.0,98.03
25685,1936,3,12.0,75.97
25686,1936,3,1.0,98.4
25687,1930,3,1.0,150.71
25688,1952,3,1.0,130.69
25689,2007,9,1.0,131.42
25690,2007,3,12.0,115.86
25691,1978,9,1.0,157.24
25692,1927,3,1.0,128.32
25693,1972,3,1.0,110.07
25694,1972,3,12.0,73.44
25695,1936,3,1.0,146.73
25696,1936,3,12.0,95.74
25697,1936,3,1.0,108.41
25698,1936,3,1.0,97.95
25699,1993,6,1.0,118.69
25700,1993,3,12.0,61.98
25701,1936,3,1.0,303.08
25702,1936,3,1.0,303.06
25703,2006,3,1.0,192.24
25704,1957,9,1.0,377.48
25705,1957,9,1.0,190.7
25706,1957,9,1.0,190.93
25707,1957,3,12.0,29.69
25708,1957,9,1.0,396.17
25709,1957,9,1.0,387.92
25710,1957,9,1.0,394.73
25711,1957,9,1.0,198.33
25712,1957,9,1.0,183.18
25713,1957,9,1.0,185.78
25714,1957,9,1.0,378.08
25715,1957,9,1.0,371.0
25716,2022,12,1.0,231.58
25717,2022,3,12.0,222.59
25718,1962,9,1.0,144.7
25719,1962,6,11.0,133.39
25720,1962,6,12.0,110.54
25721,1965,3,1.0,188.3
25722,1975,15,1.0,150.77
25723,1975,21,1.0,325.57
25724,1967,12,1.0,377.26
25725,1963,3,3.0,270.64
25726,1963,6,1.0,195.04
25727,1963,6,12.0,183.99
25728,1964,3,5.0,401.25
25729,1940,3,1.0,88.04
25730,1932,6,1.0,101.04
25731,1923,3,5.0,125.75
25732,1923,3,1.0,
25733,1976,18,1.0,219.97
25734,1968,3,5.0,214.38
25735,1968,15,1.0,188.29
25736,2001,12,1.0,130.35
25737,2001,12,1.0,104.28
25738,1880,3,5.0,213.39
25739,1880,3,1.0,154.31
25740,1936,3,12.0,84.76
25741,2004,9,1.0,124.78
25742,2022,3,1.0,55.89
25743,2021,3,10.0,
25744,2022,3,12.0,
25745,1936,3,1.0,138.94
25746,1979,3,1.0,68.62
25747,1937,3,1.0,117.35
25748,1949,3,12.0,72.85
25749,1923,6,1.0,110.97
25750,1954,9,1.0,93.29
25751,1936,3,11.0,71.28
25752,1993,9,1.0,111.47
25753,1900,3,12.0,237.57
25754,2008,9,1.0,120.82
25755,2008,3,11.0,120.82
25756,1978,3,12.0,215.3
25757,1950,3,1.0,334.75
25758,1940,3,12.0,334.75
25759,1936,3,1.0,123.39
25760,1994,3,1.0,71.18
25761,1952,3,1.0,153.69
25762,2022,12,1.0,110.47
25763,1916,3,12.0,71.64
25764,2001,3,5.0,216.42
25765,2001,9,1.0,216.42
25766,1916,3,12.0,38.81
25767,1997,9,1.0,384.16
25768,1998,12,1.0,268.39
25769,1982,6,1.0,344.64
25770,2006,3,1.0,202.88
25771,2008,9,1.0,161.65
25772,2020,15,1.0,298.37
25773,2020,3,12.0,298.37
25774,2024,15,1.0,240.68
25775,2024,3,12.0,239.13
25776,1975,3,12.0,17.71
25777,1959,9,1.0,108.76
25778,1900,3,12.0,84.67
25779,1946,3,9.0,484.96
25780,1920,3,1.0,97.39
25781,1989,3,5.0,942.03
25782,1989,9,1.0,771.14
25783,1971,21,1.0,416.92
25784,1971,21,1.0,648.76
25785,2003,3,1.0,108.57
25786,2000,3,1.0,90.26
25787,1998,6,1.0,110.6
25788,1967,3,11.0,101.95
25789,1967,6,12.0,
25790,1994,3,1.0,83.34
25791,1932,3,1.0,93.77
25792,1930,3,1.0,126.04
25793,1963,9,1.0,171.82
25794,1966,18,1.0,525.14
25795,1932,3,1.0,159.88
25796,2006,9,1.0,1026.21
25797,2006,9,1.0,1078.5
25798,1981,15,1.0,924.92
25799,1965,9,1.0,138.92
25800,1977,6,12.0,98.5
25801,1984,9,1.0,409.33
25802,1984,9,1.0,343.02
25803,1985,9,1.0,471.86
25804,1986,9,1.0,241.24
25805,1988,3,5.0,801.28
25806,1988,9,1.0,671.44
25807,2003,12,1.0,341.6
25808,2000,9,1.0,299.47
25809,2021,9,1.0,107.22
25810,2021,3,12.0,86.58
25811,2021,6,1.0,106.0
25812,2021,3,12.0,82.24
25813,1998,9,1.0,561.37
25814,1993,6,1.0,146.33
25815,1993,3,12.0,132.95
25816,1950,3,1.0,110.41
25817,1970,6,1.0,107.88
25818,2016,3,12.0,77.99
25819,1990,3,1.0,80.8
25820,1930,3,1.0,277.9
25821,1962,3,1.0,91.45
25822,2007,9,1.0,148.3
25823,1924,3,1.0,115.79
25824,1962,3,1.0,94.86
25825,1962,3,12.0,
25826,1959,3,1.0,117.05
25827,2005,9,1.0,286.8
25828,2005,3,12.0,286.8
25829,1958,3,1.0,59.37
25830,1991,3,1.0,59.07
25831,1960,3,1.0,52.97
25832,1968,3,1.0,72.62
25833,1963,3,1.0,65.91
25834,1963,3,12.0,65.91
25835,1950,3,1.0,123.48
25836,1964,9,1.0,101.62
25837,1960,3,1.0,117.67
25838,1955,3,1.0,94.81
25839,1982,9,1.0,116.17
25840,1980,3,12.0,116.17
25841,1965,3,1.0,142.58
25842,1964,3,1.0,124.53
25843,1960,3,1.0,114.06
25844,1993,3,1.0,145.71
25845,1963,9,1.0,109.65
25846,1936,3,12.0,77.65
25847,1940,3,1.0,122.31
25848,1935,3,1.0,133.29
25849,1997,3,5.0,448.74
25850,1997,3,8.0,435.17
25851,1997,12,1.0,435.17
25852,1979,9,1.0,97.0
25853,1957,3,1.0,106.5
25854,1993,3,1.0,65.5
25855,1950,3,1.0,85.21
25856,1955,3,1.0,89.32
25857,1950,3,1.0,83.51
25858,2022,6,1.0,217.54
25859,2022,3,11.0,113.22
25860,2022,3,12.0,
25861,1953,3,1.0,111.98
25862,1930,3,3.0,98.0
25863,1963,3,1.0,81.48
25864,1950,9,1.0,69.96
25865,1950,3,12.0,62.55
25866,2001,3,1.0,56.89
25867,1955,3,1.0,82.39
25868,1958,3,1.0,125.21
25869,1957,6,1.0,97.67
25870,1955,3,1.0,106.59
25871,1957,6,1.0,111.14
25872,1957,3,12.0,85.28
25873,2023,9,1.0,80.83
25874,2023,3,11.0,67.8
25875,2023,3,12.0,42.98
25876,1950,6,12.0,73.25
25877,2022,9,1.0,72.68
25878,2022,3,12.0,59.25
25879,1992,9,1.0,87.84
25880,2014,3,11.0,22.23
25881,2001,9,1.0,90.97
25882,1945,3,12.0,59.45
25883,1967,9,1.0,113.77
25884,1086,15,1.0,131.91
25885,1985,6,1.0,287.94
25886,1965,12,1.0,453.01
25887,2024,9,1.0,198.44
25888,2024,3,12.0,
25889,1900,3,1.0,106.04
25890,1993,3,5.0,665.98
25891,1993,15,1.0,665.98
25892,1993,3,12.0,665.98
25893,1998,3,5.0,715.68
25894,1998,12,1.0,589.99
25895,1942,3,1.0,165.84
25896,1942,3,12.0,165.84
25897,2001,15,1.0,1239.91
25898,1945,3,3.0,186.22
25899,1945,3,1.0,125.87
25900,1996,3,4.0,2062.43
25901,1996,3,10.0,1366.3
25902,2005,9,1.0,224.96
25903,2003,3,5.0,915.05
25904,2003,3,8.0,915.05
25905,2003,3,1.0,915.05
25906,2003,3,12.0,915.05
25907,1954,3,1.0,150.11
25908,2009,6,5.0,1565.81
25909,2009,6,8.0,1249.13
25910,2009,6,2.0,1225.42
25911,2009,12,1.0,1225.42
25912,2009,9,12.0,1090.8
25913,2007,12,1.0,374.96
25914,2020,6,1.0,119.55
25915,2020,3,11.0,86.25
25916,2020,3,12.0,
25917,2021,6,1.0,151.67
25918,2021,3,10.0,98.93
25919,2021,3,11.0,
25920,2021,3,12.0,
25921,1975,27,1.0,327.51
25922,1970,3,1.0,149.51
25923,1970,3,12.0,122.0
25924,2021,9,1.0,92.41
25925,2021,6,12.0,57.85
25926,1950,3,1.0,226.28
25927,2005,12,1.0,120.04
25928,2005,3,12.0,55.16
25929,1969,3,1.0,127.29
25930,1958,3,1.0,119.94
25931,1963,3,1.0,102.65
25932,1965,6,1.0,66.22
25933,1965,3,12.0,66.22
25934,1979,3,5.0,282.69
25935,1983,18,1.0,264.78
25936,1957,3,1.0,167.72
25937,1977,9,1.0,73.58
25938,2016,3,11.0,52.84
25939,2016,3,12.0,52.84
25940,1966,3,1.0,119.66
25941,1964,3,5.0,69.1
25942,1964,3,1.0,69.1
25943,1958,3,1.0,90.07
25944,1992,3,1.0,58.44
25945,1999,18,1.0,773.56
25946,2009,12,1.0,317.92
25947,2009,3,12.0,299.78
25948,2004,3,1.0,148.18
25949,2004,3,12.0,148.18
25950,1964,12,1.0,406.29
25951,1961,3,1.0,76.41
25952,1961,3,12.0,
25953,1961,3,1.0,87.85
25954,1961,3,1.0,121.9
25955,1962,3,1.0,95.94
25956,1961,3,1.0,111.76
25957,2006,9,1.0,147.32
25958,1961,3,1.0,109.95
25959,1962,3,1.0,109.78
25960,1962,3,1.0,118.33
25961,1962,3,12.0,9.5
25962,1962,3,1.0,114.43
25963,1961,3,1.0,123.7
25964,1961,3,1.0,89.17
25965,1961,9,1.0,132.65
25966,1961,3,9.0,132.65
25967,1988,9,1.0,264.59
25968,1963,3,1.0,131.08
25969,1937,6,1.0,106.97
25970,1937,3,12.0,92.12
25971,1963,3,1.0,105.33
25972,1961,3,1.0,102.63
25973,1961,3,1.0,101.02
25974,1960,6,1.0,165.78
25975,1960,3,1.0,167.31
25976,1960,3,12.0,143.12
25977,2002,6,8.0,261.82
25978,1997,6,1.0,261.82
25979,2006,9,1.0,333.05
25980,1959,3,1.0,38.11
25981,2021,12,1.0,160.96
25982,1955,3,1.0,103.51
25983,1955,3,12.0,78.1
25984,2007,9,1.0,95.33
25985,1950,3,1.0,119.73
25986,1992,9,1.0,652.65
25987,1950,3,1.0,109.0
25988,1995,3,1.0,96.87
25989,1995,3,12.0,64.64
25990,1955,6,1.0,113.85
25991,1955,3,1.0,112.34
25992,1955,3,1.0,115.85
25993,1955,3,11.0,78.55
25994,1994,3,1.0,136.06
25995,1950,3,1.0,107.06
25996,1960,3,1.0,99.98
25997,1960,3,12.0,99.98
25998,2001,9,1.0,127.24
25999,1970,3,5.0,131.31
26000,1970,3,1.0,137.42
26001,1970,3,12.0,114.75
26002,2004,9,1.0,84.97
26003,1950,3,1.0,107.74
26004,1950,3,1.0,85.81
26005,2005,3,1.0,115.33
26006,2005,3,10.0,85.95
26007,2005,3,12.0,85.95
26008,1967,3,1.0,116.95
26009,1973,3,1.0,73.89
26010,1961,3,1.0,87.35
26011,1984,3,1.0,69.94
26012,1984,3,12.0,49.03
26013,1950,3,1.0,107.54
26014,1950,3,12.0,45.97
26015,1989,3,1.0,144.06
26016,1989,3,12.0,129.19
26017,1970,3,1.0,138.91
26018,1965,9,1.0,110.66
26019,1955,3,1.0,115.81
26020,2002,3,5.0,86.23
26021,2002,9,1.0,86.23
26022,1953,3,1.0,84.91
26023,1953,3,12.0,59.84
26024,1953,3,1.0,94.54
26025,1953,3,12.0,70.4
26026,1976,3,1.0,94.23
26027,1976,3,12.0,88.83
26028,1995,6,1.0,95.82
26029,1970,3,11.0,79.85
26030,1959,3,1.0,110.84
26031,1963,3,1.0,98.21
26032,1969,3,1.0,120.03
26033,1990,3,1.0,140.81
26034,1995,3,1.0,182.28
26035,1961,6,1.0,268.92
26036,1963,3,1.0,97.28
26037,1957,3,1.0,109.06
26038,1960,3,1.0,74.42
26039,1958,3,1.0,146.96
26040,1958,3,12.0,49.29
26041,1968,3,1.0,104.02
26042,1969,6,1.0,98.05
26043,1972,3,1.0,104.1
26044,1972,3,1.0,112.54
26045,1962,3,1.0,111.59
26046,2008,6,1.0,109.02
26047,1970,3,3.0,19.99
26048,1967,12,1.0,146.74
26049,1973,3,1.0,126.4
26050,1966,3,5.0,161.11
26051,1967,15,1.0,379.16
26052,1960,3,1.0,63.86
26053,1979,18,1.0,592.27
26054,1979,18,1.0,362.3
26055,1991,15,1.0,814.45
26056,1970,3,5.0,183.24
26057,1970,15,1.0,183.24
26058,1970,15,1.0,302.55
26059,1970,12,1.0,300.81
26060,1972,15,1.0,300.11
26061,2012,12,4.0,464.27
26062,2021,3,11.0,425.11
26063,1930,3,1.0,93.72
26064,1930,3,1.0,56.44
26065,1930,3,1.0,61.08
26066,1970,12,1.0,331.03
26067,1970,12,1.0,306.94
26068,1970,12,1.0,298.86
26069,1970,12,1.0,304.93
26070,2014,3,10.0,2151.37
26071,1980,3,12.0,2151.37
26072,2004,3,1.0,143.88
26073,2004,3,12.0,133.89
26074,2008,9,1.0,372.26
26075,1991,3,5.0,506.27
26076,1991,15,1.0,454.07
26077,1979,21,1.0,409.25
26078,1979,18,1.0,390.51
26079,1970,12,1.0,295.42
26080,1970,12,1.0,292.32
26081,1974,12,1.0,317.4
26082,1970,12,1.0,284.12
26083,1930,3,1.0,116.82
26084,1930,3,1.0,94.21
26085,1930,3,1.0,113.27
26086,1930,3,12.0,95.17
26087,1930,3,1.0,104.5
26088,1930,3,12.0,96.26
26089,1930,3,1.0,115.79
26090,1930,3,1.0,125.07
26091,1930,3,12.0,102.21
26092,1957,3,1.0,107.38
26093,1930,3,1.0,123.29
26094,1956,3,1.0,118.74
26095,1956,3,12.0,
26096,1930,3,1.0,96.62
26097,1930,3,1.0,67.49
26098,1930,3,1.0,71.14
26099,1930,3,12.0,71.14
26100,1970,15,1.0,357.75
26101,1970,12,1.0,314.38
26102,1970,15,1.0,324.0
26103,2007,9,1.0,331.31
26104,1996,18,1.0,217.57
26105,1996,18,1.0,189.37
26106,1997,18,1.0,160.85
26107,1997,18,1.0,189.13
26108,1997,18,1.0,216.04
26109,1997,15,1.0,192.6
26110,1997,12,1.0,265.23
26111,1998,15,1.0,222.31
26112,1998,15,1.0,222.72
26113,1998,12,1.0,265.08
26114,1998,3,5.0,192.4
26115,1998,12,1.0,192.4
26116,2000,12,1.0,717.68
26117,2005,3,5.0,630.53
26118,2005,12,1.0,630.53
26119,2001,3,5.0,1866.17
26120,2001,12,1.0,1866.17
26121,1999,3,,1000.81
26122,2009,3,7.0,1901.21
26123,2009,3,,624.53
26124,2009,3,10.0,
26125,1985,3,5.0,3334.46
26126,1985,12,1.0,3005.72
26127,1988,3,3.0,1031.44
26128,1980,3,3.0,25.44
26129,1981,3,3.0,341.66
26130,1988,3,3.0,1015.85
26131,1988,3,3.0,421.66
26132,1988,3,3.0,396.06
26133,1988,3,12.0,324.76
26134,1988,3,3.0,145.57
26135,1986,3,3.0,352.7
26136,1986,3,2.0,
26137,1986,3,3.0,314.95
26138,1986,3,3.0,255.43
26139,1986,3,3.0,271.3
26140,1988,3,3.0,203.96
26141,1994,3,12.0,42.74
26142,1959,3,1.0,425.39
26143,1959,3,10.0,77.11
26144,1959,3,11.0,
26145,1959,3,12.0,
26146,1956,3,1.0,48.09
26147,1956,9,1.0,72.75
26148,1956,3,10.0,72.75
26149,1956,3,12.0,61.12
26150,1960,6,1.0,146.04
26151,1960,3,12.0,102.08
26152,1979,3,1.0,141.3
26153,1979,3,10.0,77.65
26154,1979,3,12.0,
26155,1978,3,1.0,332.92
26156,1994,3,10.0,42.18
26157,1978,3,12.0,
26158,1976,3,12.0,44.32
26159,1964,3,1.0,432.7
26160,1964,3,10.0,235.97
26161,1964,3,12.0,
26162,1975,3,1.0,349.92
26163,2002,3,10.0,
26164,1979,3,1.0,215.58
26165,1979,3,12.0,
26166,1975,3,1.0,487.25
26167,2006,3,10.0,365.15
26168,2012,9,1.0,197.73
26169,2012,9,11.0,83.75
26170,2012,3,12.0,43.6
26171,1971,3,1.0,78.67
26172,1971,3,12.0,58.97
26173,1961,3,1.0,127.06
26174,1961,3,10.0,
26175,1957,3,1.0,156.97
26176,1969,6,1.0,137.68
26177,2004,3,10.0,137.68
26178,1972,3,1.0,201.26
26179,1979,3,1.0,204.18
26180,2002,3,10.0,105.2
26181,2012,3,12.0,
26182,1979,3,1.0,105.34
26183,1949,3,1.0,418.09
26184,1949,3,10.0,40.91
26185,1949,3,12.0,40.91
26186,1975,3,1.0,799.75
26187,1994,3,10.0,296.82
26188,1975,3,12.0,33.41
26189,1978,6,1.0,419.39
26190,2000,3,10.0,33.37
26191,1949,3,1.0,324.75
26192,2006,3,10.0,215.35
26193,1960,6,5.0,109.23
26194,1963,3,5.0,136.34
26195,1986,3,1.0,91.28
26196,1963,3,12.0,48.92
26197,1968,3,1.0,131.13
26198,1968,3,12.0,125.31
26199,1972,3,5.0,130.26
26200,1972,6,1.0,130.26
26201,1972,3,12.0,130.26
26202,1970,9,1.0,93.1
26203,1963,9,1.0,189.55
26204,1965,3,5.0,113.28
26205,1965,3,1.0,106.85
26206,1960,3,5.0,134.78
26207,1960,6,1.0,121.58
26208,1965,3,1.0,80.54
26209,1971,3,1.0,104.29
26210,1963,3,1.0,101.4
26211,1973,6,1.0,157.06
26212,1967,3,1.0,113.85
26213,1967,3,12.0,24.6
26214,1965,3,1.0,152.72
26215,1965,3,12.0,107.98
26216,1967,3,5.0,152.68
26217,1967,9,1.0,92.12
26218,1969,6,1.0,147.12
26219,2009,15,1.0,221.03
26220,2009,3,12.0,178.25
26221,1966,3,1.0,84.92
26222,1966,3,12.0,84.92
26223,1970,6,1.0,75.45
26224,1960,3,1.0,114.9
26225,1960,3,12.0,99.1
26226,1960,3,1.0,73.72
26227,1965,6,1.0,111.65
26228,1965,3,12.0,95.86
26229,1993,3,5.0,406.85
26230,1993,15,1.0,257.23
26231,1963,3,1.0,111.53
26232,1967,3,5.0,106.53
26233,1977,9,1.0,87.17
26234,1967,3,12.0,87.17
26235,1965,9,1.0,253.33
26236,1968,12,1.0,264.68
26237,1970,6,1.0,161.24
26238,1970,6,12.0,113.33
26239,1972,3,1.0,154.29
26240,1969,12,1.0,143.38
26241,1966,9,1.0,103.86
26242,1960,3,1.0,124.28
26243,1970,3,1.0,123.97
26244,1968,9,1.0,173.89
26245,1958,3,1.0,113.01
26246,1963,6,1.0,84.95
26247,1967,9,1.0,95.81
26248,2006,12,1.0,76.1
26249,1958,3,1.0,90.47
26250,1920,3,1.0,95.7
26251,2007,3,1.0,94.3
26252,2008,9,1.0,105.07
26253,1978,3,1.0,134.58
26254,1978,3,12.0,102.52
26255,1910,3,1.0,106.47
26256,1975,6,1.0,140.14
26257,2008,12,1.0,179.45
26258,2008,3,12.0,179.45
26259,1978,3,1.0,113.43
26260,1978,3,12.0,88.84
26261,1972,9,1.0,94.48
26262,1972,3,12.0,83.62
26263,1969,3,1.0,90.8
26264,1972,9,1.0,91.73
26265,1957,3,1.0,90.96
26266,1997,9,1.0,148.17
26267,1930,3,1.0,116.67
26268,1980,3,1.0,78.31
26269,1974,3,12.0,78.31
26270,1960,3,5.0,141.7
26271,1960,3,12.0,100.29
26272,1970,3,1.0,116.75
26273,1973,15,1.0,456.29
26274,1973,15,1.0,410.12
26275,1973,12,1.0,272.58
26276,1971,12,1.0,152.69
26277,1960,12,1.0,123.2
26278,2019,9,1.0,94.23
26279,2019,3,12.0,74.29
26280,1972,3,1.0,100.66
26281,2007,9,1.0,518.36
26282,1965,12,1.0,140.21
26283,1965,12,1.0,102.46
26284,1965,12,1.0,195.05
26285,1992,3,5.0,465.8
26286,1992,9,1.0,431.8
26287,1973,3,3.0,461.28
26288,1973,15,1.0,271.66
26289,1976,3,2.0,157.6
26290,1976,3,1.0,67.5
26291,1956,3,12.0,37.09
26292,1950,6,1.0,144.17
26293,1950,6,1.0,111.15
26294,1955,3,1.0,113.95
26295,1992,3,5.0,595.74
26296,1992,6,1.0,239.77
26297,1973,15,1.0,91.39
26298,1973,15,1.0,143.63
26299,1973,3,5.0,153.78
26300,1976,18,1.0,153.78
26301,1965,12,1.0,62.05
26302,1965,12,1.0,156.5
26303,1965,12,1.0,344.68
26304,1965,12,1.0,342.59
26305,1965,12,1.0,338.31
26306,1965,3,12.0,305.94
26307,1974,12,1.0,523.69
26308,1980,12,1.0,1693.26
26309,2003,3,5.0,170.42
26310,2003,9,1.0,170.42
26311,2003,3,12.0,170.42
26312,1970,6,1.0,95.11
26313,1970,6,12.0,92.32
26314,1978,3,5.0,2266.55
26315,1978,3,7.0,1715.3
26316,1978,15,1.0,1715.3
26317,1980,3,12.0,1715.3
26318,1960,3,1.0,139.28
26319,1960,3,12.0,70.22
26320,1935,3,1.0,97.22
26321,1950,3,1.0,102.17
26322,2020,12,1.0,82.61
26323,2020,3,10.0,62.58
26324,2020,3,11.0,62.58
26325,2020,3,12.0,62.58
26326,1989,3,5.0,222.5
26327,2001,9,1.0,626.64
26328,1989,3,1.0,72.32
26329,1989,3,1.0,68.72
26330,2005,9,1.0,762.51
26331,2005,3,12.0,762.51
26332,2011,12,1.0,524.01
26333,2011,3,12.0,429.1
26334,1960,3,3.0,133.5
26335,1960,9,1.0,133.5
26336,1990,3,1.0,81.14
26337,1985,3,1.0,137.39
26338,1997,6,1.0,267.14
26339,1989,3,1.0,68.57
26340,1989,3,1.0,70.73
26341,1989,3,1.0,73.01
26342,1990,9,1.0,254.44
26343,1999,9,1.0,258.31
26344,2000,9,1.0,394.75
26345,1900,3,1.0,92.2
26346,1900,3,1.0,85.46
26347,1900,3,5.0,209.46
26348,1900,9,1.0,118.3
26349,1900,3,12.0,13.32
26350,1932,3,1.0,151.7
26351,1917,3,5.0,221.18
26352,1900,3,1.0,201.68
26353,1999,9,1.0,140.83
26354,1999,6,12.0,83.16
26355,1900,3,5.0,106.88
26356,1900,3,11.0,
26357,1900,3,12.0,
26358,1900,3,5.0,127.34
26359,1900,3,1.0,74.02
26360,1975,3,5.0,126.46
26361,1975,3,12.0,126.46
26362,1930,9,1.0,304.04
26363,1926,3,1.0,161.5
26364,1900,6,1.0,92.26
26365,1900,3,12.0,61.34
26366,1900,3,1.0,262.96
26367,1900,3,1.0,240.79
26368,1900,3,5.0,188.46
26369,1900,3,1.0,52.57
26370,1900,6,12.0,25.29
26371,1900,6,1.0,111.45
26372,1982,3,1.0,138.07
26373,1982,3,12.0,102.61
26374,1932,6,1.0,192.95
26375,1932,3,12.0,107.86
26376,2000,3,1.0,180.57
26377,1930,6,1.0,141.7
26378,1930,3,12.0,94.38
26379,1925,3,4.0,142.77
26380,1925,3,1.0,90.42
26381,2006,3,12.0,
26382,1965,6,1.0,329.91
26383,1965,3,11.0,175.36
26384,1965,3,12.0,141.52
26385,1915,9,1.0,158.03
26386,1988,3,1.0,140.33
26387,1930,3,1.0,89.4
26388,2019,6,1.0,92.61
26389,2019,3,12.0,57.43
26390,1996,3,1.0,215.36
26391,1934,3,1.0,83.67
26392,1925,3,1.0,119.09
26393,1930,3,1.0,105.85
26394,1930,3,12.0,
26395,1960,3,12.0,501.22
26396,1993,3,5.0,1481.97
26397,1993,3,2.0,1481.97
26398,1993,9,1.0,1481.97
26399,1993,9,12.0,1481.97
26400,1966,3,1.0,124.64
26401,1965,6,1.0,202.91
26402,1965,3,12.0,27.29
26403,1950,6,1.0,150.84
26404,1950,3,12.0,110.37
26405,1970,6,1.0,113.64
26406,1950,3,1.0,144.52
26407,1962,6,1.0,112.5
26408,1962,6,12.0,85.73
26409,1964,3,1.0,102.59
26410,1960,3,1.0,119.0
26411,2000,9,1.0,217.4
26412,1954,3,9.0,55.06
26413,2005,9,1.0,325.46
26414,2005,6,12.0,325.46
26415,2003,3,5.0,770.53
26416,2003,12,1.0,739.28
26417,2003,12,12.0,739.28
26418,2003,3,1.0,288.28
26419,2003,3,12.0,277.87
26420,2006,3,5.0,390.19
26421,2006,15,1.0,281.24
26422,2006,12,1.0,644.84
26423,2023,3,5.0,851.63
26424,2023,21,1.0,851.63
26425,2023,9,12.0,805.07
26426,2013,12,1.0,538.69
26427,2013,6,12.0,508.84
26428,1900,6,1.0,445.29
26429,1900,3,12.0,263.39
26430,1948,9,1.0,98.0
26431,1948,6,12.0,98.0
26432,1960,3,1.0,85.73
26433,1960,3,1.0,101.02
26434,1960,3,1.0,116.26
26435,1960,3,12.0,116.26
26436,1985,3,3.0,135.48
26437,1969,3,2.0,135.48
26438,1969,3,1.0,134.57
26439,1969,3,12.0,106.06
26440,1976,15,1.0,129.21
26441,1930,3,12.0,178.89
26442,2003,3,1.0,270.01
26443,2003,3,12.0,169.09
26444,1935,3,1.0,208.76
26445,1992,9,1.0,844.63
26446,1968,12,1.0,411.82
26447,1968,12,1.0,399.6
26448,2007,9,1.0,348.28
26449,2005,9,1.0,403.06
26450,2005,6,12.0,403.06
26451,2005,9,1.0,244.21
26452,2005,3,5.0,198.8
26453,2003,6,1.0,193.6
26454,2005,3,10.0,89.18
26455,1999,3,12.0,
26456,1966,3,1.0,121.67
26457,1966,3,12.0,111.54
26458,1978,3,12.0,101.85
26459,2009,12,1.0,265.01
26460,1954,3,1.0,220.51
26461,1970,3,5.0,210.94
26462,1970,15,1.0,175.38
26463,1974,3,5.0,177.83
26464,1974,15,1.0,166.71
26465,1990,3,1.0,98.44
26466,1934,3,1.0,147.8
26467,1934,3,1.0,207.33
26468,1979,15,1.0,375.71
26469,1958,3,12.0,90.37
26470,1975,15,1.0,245.7
26471,2006,9,1.0,229.51
26472,2006,9,1.0,465.3
26473,1981,6,1.0,226.32
26474,2021,3,10.0,168.96
26475,1962,3,12.0,45.39
26476,1935,3,1.0,145.68
26477,1915,3,5.0,147.49
26478,1915,3,1.0,143.06
26479,1918,3,5.0,99.96
26480,1918,3,1.0,
26481,1935,6,1.0,212.99
26482,1935,6,12.0,154.3
26483,1925,3,5.0,199.05
26484,1975,3,1.0,140.55
26485,1962,3,1.0,90.51
26486,1930,6,12.0,244.11
26487,1992,12,1.0,144.74
26488,1943,3,1.0,83.62
26489,1918,3,5.0,126.28
26490,1943,9,1.0,126.28
26491,1918,3,1.0,90.86
26492,2002,3,1.0,79.73
26493,1937,6,1.0,166.5
26494,1905,6,12.0,153.43
26495,1915,3,5.0,127.51
26496,1974,3,2.0,89.19
26497,1915,3,11.0,
26498,1915,3,12.0,
26499,1928,3,5.0,108.93
26500,1928,3,1.0,79.06
26501,1936,3,1.0,120.73
26502,1920,3,1.0,89.12
26503,1920,3,12.0,
26504,1920,3,5.0,190.87
26505,1974,3,1.0,17.72
26506,1992,12,1.0,125.69
26507,1922,3,11.0,65.51
26508,1922,3,12.0,59.28
26509,1920,3,1.0,118.84
26510,1920,3,12.0,
26511,1915,3,1.0,116.6
26512,1910,3,1.0,97.38
26513,1910,9,1.0,108.31
26514,1910,3,12.0,87.42
26515,1930,3,5.0,92.06
26516,1989,3,1.0,74.38
26517,1910,3,1.0,83.51
26518,1910,3,5.0,203.99
26519,1970,21,1.0,267.81
26520,2003,3,5.0,634.83
26521,2003,3,1.0,525.93
26522,2003,3,12.0,525.93
26523,2006,3,5.0,363.8
26524,2006,9,1.0,340.13
26525,1947,3,1.0,208.82
26526,1970,3,12.0,142.62
26527,1968,6,1.0,162.49
26528,1988,3,12.0,252.09
26529,1998,6,1.0,302.66
26530,1998,6,12.0,163.52
26531,1975,12,1.0,721.88
26532,1968,15,3.0,1237.37
26533,1968,3,12.0,735.12
26534,1990,3,1.0,71.58
26535,1960,3,5.0,182.75
26536,1960,9,1.0,123.49
26537,1998,9,1.0,1196.51
26538,1998,6,12.0,1095.51
26539,1994,3,1.0,77.03
26540,1998,6,1.0,72.11
26541,1998,3,12.0,72.11
26542,1975,3,1.0,156.47
26543,1958,3,12.0,103.08
26544,1940,9,1.0,119.92
26545,2002,3,1.0,90.5
26546,1968,3,1.0,144.4
26547,1963,3,1.0,141.27
26548,2023,12,1.0,97.02
26549,2023,3,12.0,89.58
26550,1924,3,1.0,91.07
26551,1947,9,1.0,85.34
26552,1923,3,11.0,71.44
26553,1995,12,12.0,50.1
26554,1969,9,1.0,163.9
26555,1965,6,1.0,129.85
26556,1965,3,12.0,105.83
26557,1988,3,12.0,253.62
26558,2007,9,1.0,85.71
26559,1979,6,1.0,104.98
26560,1979,3,12.0,104.98
26561,2006,9,1.0,261.63
26562,2012,3,3.0,382.57
26563,2012,15,1.0,240.32
26564,2012,12,12.0,240.32
26565,1953,6,1.0,111.34
26566,1997,9,1.0,415.87
26567,2004,9,1.0,459.22
26568,1950,3,1.0,60.68
26569,1950,3,1.0,50.47
26570,1958,3,1.0,157.2
26571,1991,3,1.0,103.9
26572,2005,9,1.0,235.59
26573,2005,3,12.0,163.04
26574,1976,3,1.0,146.13
26575,2005,9,1.0,252.28
26576,2000,9,1.0,872.57
26577,2008,9,1.0,273.23
26578,1994,3,5.0,886.65
26579,1994,15,1.0,651.44
26580,1994,15,12.0,651.44
26581,1972,3,5.0,318.25
26582,1972,3,1.0,296.11
26583,1987,3,5.0,184.97
26584,1987,3,1.0,93.43
26585,1954,3,1.0,127.39
26586,1930,3,12.0,114.7
26587,1995,9,1.0,403.2
26588,1930,3,1.0,77.74
26589,1970,3,1.0,102.44
26590,1970,3,12.0,80.0
26591,1930,3,1.0,114.34
26592,1930,3,11.0,3.58
26593,1930,3,12.0,
26594,1930,3,1.0,89.48
26595,1930,3,12.0,
26596,1930,3,1.0,96.72
26597,1930,3,1.0,89.38
26598,1982,6,5.0,184.79
26599,1971,3,1.0,76.69
26600,1992,9,12.0,
26601,1994,15,1.0,651.13
26602,1994,15,12.0,508.36
26603,1981,18,1.0,292.14
26604,1981,12,1.0,203.47
26605,1981,3,12.0,203.47
26606,1993,3,5.0,3994.35
26607,1993,18,1.0,2794.94
26608,1993,3,11.0,1832.85
26609,1993,18,12.0,1832.85
26610,1993,3,5.0,564.96
26611,1993,9,1.0,410.78
26612,1935,3,1.0,103.89
26613,1935,3,1.0,218.14
26614,1935,3,5.0,193.55
26615,1935,3,1.0,166.32
26616,1918,3,1.0,88.69
26617,1950,6,4.0,803.02
26618,2003,3,5.0,2109.43
26619,2009,3,4.0,1679.3
26620,2003,3,12.0,1238.1
26621,1950,3,12.0,31.79
26622,1979,3,5.0,322.31
26623,1979,21,1.0,290.31
26624,1979,12,1.0,242.94
26625,1979,18,1.0,208.09
26626,1979,18,1.0,213.59
26627,1935,6,1.0,123.2
26628,1970,6,1.0,101.62
26629,1934,3,12.0,80.13
26630,1934,3,12.0,84.9
26631,1919,3,8.0,111.45
26632,1919,3,1.0,73.83
26633,1930,6,1.0,111.68
26634,1959,3,1.0,97.77
26635,1970,3,12.0,
26636,1935,3,5.0,93.64
26637,2006,6,1.0,170.27
26638,2018,9,1.0,71.13
26639,2018,6,12.0,46.28
26640,1922,6,1.0,70.84
26641,1922,3,12.0,70.84
26642,1932,6,1.0,118.68
26643,1932,6,12.0,87.7
26644,1934,3,5.0,148.17
26645,1934,6,1.0,83.25
26646,1934,3,12.0,
26647,1936,6,1.0,268.94
26648,1969,12,1.0,159.35
26649,1993,3,1.0,91.96
26650,1964,3,1.0,57.29
26651,1945,3,1.0,68.36
26652,1999,3,1.0,59.72
26653,1936,3,1.0,58.9
26654,1930,6,1.0,58.65
26655,1930,3,12.0,58.65
26656,1951,3,1.0,63.46
26657,1930,3,1.0,63.6
26658,1935,3,1.0,57.78
26659,1967,3,1.0,58.78
26660,1935,3,1.0,52.17
26661,2005,3,5.0,552.29
26662,2005,9,1.0,552.29
26663,2005,6,12.0,552.29
26664,2019,9,1.0,94.28
26665,2019,6,12.0,49.31
26666,2019,9,1.0,173.32
26667,2019,3,12.0,92.86
26668,1935,3,1.0,47.78
26669,2020,6,1.0,59.0
26670,2020,3,12.0,44.42
26671,1935,3,1.0,86.46
26672,1935,6,1.0,78.33
26673,1941,3,1.0,92.97
26674,1935,3,1.0,87.57
26675,1966,3,1.0,70.82
26676,2021,9,1.0,83.82
26677,2021,9,12.0,51.91
26678,1932,3,1.0,112.67
26679,1932,3,12.0,
26680,1932,6,1.0,87.81
26681,1932,6,12.0,
26682,1986,3,1.0,110.92
26683,2003,9,1.0,365.25
26684,1996,3,1.0,198.43
26685,1999,18,1.0,418.89
26686,2020,3,5.0,492.94
26687,2020,24,1.0,469.8
26688,2020,6,12.0,469.8
26689,2020,12,1.0,424.5
26690,2020,3,11.0,386.53
26691,2020,6,12.0,386.53
26692,1960,3,4.0,632.45
26693,2000,6,4.0,777.48
26694,1996,3,5.0,1363.77
26695,1996,3,4.0,1306.45
26696,1996,3,8.0,1306.45
26697,1996,12,1.0,1306.45
26698,2012,3,4.0,798.43
26699,2012,6,12.0,798.43
26700,2021,3,3.0,1690.16
26701,2021,3,8.0,1664.68
26702,2021,3,2.0,1664.68
26703,2021,18,1.0,1664.68
26704,2021,3,11.0,1274.5
26705,2021,9,12.0,76.9
26706,1993,9,1.0,513.69
26707,1971,3,1.0,123.96
26708,1930,9,1.0,346.75
26709,2018,9,1.0,84.27
26710,2018,3,12.0,71.54
26711,1960,3,5.0,106.03
26712,1960,3,1.0,95.38
26713,1993,6,5.0,106.5
26714,1997,3,1.0,136.69
26715,1996,3,5.0,125.24
26716,1996,9,1.0,125.24
26717,1993,3,1.0,125.66
26718,1977,18,1.0,425.58
26719,1964,6,1.0,387.31
26720,1957,6,1.0,185.86
26721,1989,3,5.0,309.47
26722,1989,12,1.0,137.46
26723,1989,3,12.0,137.46
26724,1920,3,1.0,142.38
26725,1920,3,12.0,78.78
26726,1922,3,1.0,75.66
26727,1970,3,5.0,150.02
26728,1993,3,5.0,163.03
26729,1993,3,1.0,131.31
26730,1910,3,1.0,150.77
26731,1978,21,1.0,734.23
26732,1921,3,1.0,120.53
26733,2020,12,1.0,86.15
26734,2020,3,12.0,77.99
26735,1998,3,1.0,83.53
26736,2024,6,1.0,90.03
26737,2024,3,12.0,
26738,1920,6,1.0,204.25
26739,1920,3,12.0,153.44
26740,2019,9,1.0,114.41
26741,2019,3,12.0,73.87
26742,1944,3,1.0,246.58
26743,2003,12,1.0,228.86
26744,1945,3,5.0,144.12
26745,1945,6,1.0,144.12
26746,1945,3,12.0,144.12
26747,1945,3,5.0,391.85
26748,2008,6,1.0,391.85
26749,1945,6,12.0,146.71
26750,1981,3,5.0,351.05
26751,1981,6,1.0,286.59
26752,1981,3,12.0,286.59
26753,1950,6,1.0,286.98
26754,1950,9,12.0,250.2
26755,1949,6,1.0,306.38
26756,1956,3,1.0,105.98
26757,1956,3,12.0,
26758,2000,6,1.0,204.23
26759,1962,3,5.0,125.29
26760,1962,3,1.0,89.6
26761,1923,3,1.0,249.92
26762,1923,3,12.0,120.66
26763,1920,3,5.0,100.71
26764,1920,6,12.0,17.6
26765,1959,6,1.0,389.59
26766,1992,15,1.0,723.65
26767,1994,15,1.0,674.73
26768,1975,3,5.0,737.69
26769,1975,18,1.0,718.0
26770,1975,3,9.0,385.27
26771,1975,3,12.0,355.8
26772,1968,6,1.0,108.78
26773,1960,3,8.0,104.68
26774,1993,12,1.0,155.13
26775,1965,3,1.0,195.45
26776,1967,3,1.0,173.72
26777,1961,3,5.0,601.38
26778,1961,6,1.0,226.81
26779,1961,9,12.0,21.93
26780,1970,12,1.0,360.15
26781,1972,3,5.0,761.78
26782,1972,21,1.0,629.31
26783,1996,3,5.0,725.67
26784,1996,15,1.0,618.92
26785,1996,6,12.0,618.92
26786,1958,3,5.0,409.82
26787,1960,6,1.0,163.64
26788,2008,6,11.0,153.88
26789,1958,3,12.0,28.82
26790,1958,6,3.0,316.59
26791,1970,3,12.0,397.4
26792,2003,3,5.0,378.35
26793,2003,3,1.0,355.01
26794,2003,3,12.0,355.01
26795,1981,18,1.0,214.98
26796,1928,3,12.0,119.1
26797,1974,9,1.0,158.95
26798,1925,3,1.0,73.15
26799,1936,3,1.0,86.73
26800,1964,6,1.0,92.22
26801,1945,3,1.0,129.72
26802,1946,3,1.0,130.48
26803,1978,3,2.0,345.43
26804,1978,3,1.0,144.71
26805,2000,3,10.0,144.71
26806,1977,15,1.0,143.17
26807,1968,9,1.0,121.46
26808,1968,3,12.0,121.46
26809,1934,3,1.0,125.41
26810,1934,3,12.0,88.24
26811,1930,6,1.0,154.22
26812,1930,3,12.0,103.69
26813,1940,3,1.0,111.34
26814,1927,3,1.0,108.18
26815,1920,3,1.0,110.73
26816,1920,3,12.0,64.93
26817,1925,3,1.0,63.85
26818,2003,3,1.0,78.22
26819,1921,3,1.0,203.88
26820,1932,3,1.0,144.0
26821,1941,3,5.0,214.39
26822,1941,3,1.0,183.84
26823,1960,3,1.0,204.64
26824,1960,3,12.0,187.54
26825,2002,3,5.0,414.09
26826,2002,9,1.0,414.09
26827,2007,9,1.0,182.87
26828,2010,3,5.0,737.82
26829,2010,12,1.0,393.13
26830,2010,3,12.0,393.13
26831,1998,3,5.0,1115.53
26832,1998,3,3.0,459.34
26833,1998,9,1.0,459.34
26834,1998,3,12.0,447.45
26835,1980,3,5.0,536.6
26836,1980,12,1.0,429.07
26837,1983,15,1.0,529.35
26838,1945,3,10.0,2522.33
26839,1977,3,5.0,538.71
26840,1977,12,1.0,427.45
26841,1945,6,3.0,568.2
26842,1990,9,1.0,562.51
26843,1945,3,3.0,375.32
26844,1999,6,3.0,706.1
26845,1945,3,12.0,1254.7
26846,1996,3,5.0,1291.81
26847,1996,3,8.0,1251.94
26848,1996,15,1.0,1220.35
26849,1967,6,1.0,127.29
26850,1930,3,1.0,78.52
26851,1931,3,1.0,71.7
26852,2003,3,5.0,227.15
26853,2003,12,1.0,125.08
26854,1930,3,5.0,83.45
26855,1930,3,1.0,11.64
26856,1930,6,12.0,
26857,1920,3,5.0,98.36
26858,1969,6,1.0,98.36
26859,2003,6,1.0,183.77
26860,1991,9,1.0,120.83
26861,1978,3,1.0,81.02
26862,1978,3,12.0,59.21
26863,1978,9,1.0,99.85
26864,1978,3,9.0,80.71
26865,1978,3,1.0,83.75
26866,1948,3,1.0,91.71
26867,1949,3,1.0,93.21
26868,1989,3,5.0,539.64
26869,1989,9,1.0,381.1
26870,1989,9,12.0,381.1
26871,1989,9,1.0,468.79
26872,1989,6,12.0,437.41
26873,2000,3,5.0,375.24
26874,2000,12,1.0,362.32
26875,2002,12,1.0,285.0
26876,2009,15,1.0,501.63
26877,2009,3,12.0,497.11
26878,1994,3,5.0,208.15
26879,1994,3,1.0,119.85
26880,1994,3,9.0,119.85
26881,2004,3,10.0,119.85
26882,1962,3,1.0,103.08
26883,1941,3,9.0,69.1
26884,1961,3,1.0,255.17
26885,1965,3,1.0,168.26
26886,1965,3,12.0,130.64
26887,1960,3,1.0,130.0
26888,1960,3,12.0,
26889,1993,3,5.0,787.58
26890,1967,18,1.0,527.75
26891,1967,3,12.0,410.97
26892,1968,3,1.0,183.46
26893,1970,6,1.0,160.27
26894,1932,3,1.0,253.73
26895,1932,3,12.0,39.48
26896,1940,3,1.0,109.66
26897,1995,3,1.0,84.86
26898,1930,3,1.0,122.75
26899,2004,3,5.0,284.34
26900,2004,3,1.0,257.07
26901,2004,3,12.0,257.07
26902,2018,3,1.0,67.0
26903,2018,3,11.0,
26904,2018,3,12.0,
26905,1945,3,1.0,83.68
26906,1963,3,1.0,90.86
26907,1961,3,1.0,87.68
26908,1954,6,1.0,108.44
26909,1935,3,12.0,82.09
26910,1955,3,3.0,144.96
26911,2002,3,5.0,204.65
26912,2002,9,1.0,204.65
26913,2004,9,1.0,372.17
26914,1960,6,1.0,192.13
26915,1955,3,1.0,31.14
26916,1955,3,12.0,31.14
26917,1975,12,1.0,147.87
26918,1992,6,1.0,124.8
26919,1956,3,11.0,58.17
26920,1956,3,12.0,
26921,1950,3,1.0,120.46
26922,1978,9,1.0,148.03
26923,2018,6,1.0,87.64
26924,2018,3,11.0,54.49
26925,1986,3,12.0,
26926,1960,3,1.0,137.72
26927,1955,6,1.0,153.94
26928,1990,9,1.0,120.05
26929,1955,3,12.0,90.33
26930,1955,3,1.0,156.96
26931,1955,3,12.0,156.96
26932,1992,3,1.0,115.28
26933,1973,9,1.0,162.36
26934,1965,3,3.0,302.04
26935,1965,3,2.0,297.67
26936,1965,3,1.0,93.66
26937,1950,3,1.0,96.52
26938,1955,6,1.0,89.85
26939,2012,3,12.0,87.74
26940,1977,3,1.0,47.26
26941,1955,3,1.0,46.94
26942,1960,3,1.0,48.52
26943,2005,9,1.0,58.04
26944,2005,3,12.0,49.04
26945,1955,3,1.0,148.92
26946,1955,3,1.0,99.47
26947,1950,3,1.0,91.54
26948,2021,6,1.0,116.28
26949,2021,3,10.0,50.09
26950,2021,6,12.0,28.53
26951,2005,3,5.0,674.37
26952,2005,15,1.0,674.37
26953,1988,3,5.0,516.78
26954,1988,12,1.0,344.88
26955,1950,15,1.0,125.55
26956,1949,3,2.0,255.16
26957,1949,3,12.0,241.2
26958,1978,15,1.0,186.95
26959,1949,3,1.0,84.97
26960,1949,3,12.0,81.53
26961,2004,3,1.0,295.59
26962,2002,9,1.0,392.04
26963,2005,9,1.0,447.3
26964,1962,21,1.0,311.2
26965,1962,12,1.0,110.05
26966,1948,3,1.0,86.5
26967,1991,3,1.0,83.67
26968,2004,6,1.0,83.49
26969,2009,12,1.0,76.49
26970,1948,3,1.0,95.49
26971,1999,3,1.0,99.01
26972,1983,3,1.0,92.14
26973,1929,3,1.0,90.48
26974,1948,3,1.0,78.44
26975,1948,3,1.0,97.45
26976,1948,9,1.0,224.51
26977,1948,3,12.0,148.26
26978,1973,6,1.0,139.92
26979,1962,18,1.0,245.03
26980,2000,9,1.0,234.41
26981,2001,15,1.0,263.23
26982,2005,15,1.0,768.28
26983,2006,3,5.0,304.89
26984,2006,15,1.0,153.63
26985,1999,18,1.0,82.32
26986,1979,21,1.0,138.72
26987,1995,3,1.0,115.55
26988,1930,3,1.0,101.55
26989,1930,3,12.0,15.2
26990,1930,9,1.0,112.91
26991,1930,3,12.0,90.11
26992,1930,3,1.0,114.06
26993,1930,3,8.0,111.53
26994,1999,3,1.0,114.24
26995,1910,3,1.0,79.07
26996,1910,3,12.0,
26997,1930,3,1.0,113.09
26998,1930,3,12.0,113.09
26999,1930,6,1.0,111.55
27000,1930,6,12.0,88.59
27001,1930,3,1.0,40.26
27002,1930,3,12.0,40.26
27003,1930,3,1.0,119.32
27004,1930,3,12.0,119.32
27005,1930,3,12.0,24.21
27006,1930,9,1.0,116.82
27007,1930,3,12.0,31.16
27008,1930,3,5.0,123.33
27009,1930,3,1.0,61.33
27010,1991,3,1.0,124.28
27011,1930,3,1.0,171.9
27012,1930,3,12.0,
27013,1930,3,5.0,193.93
27014,1930,3,1.0,193.93
27015,1991,12,1.0,138.96
27016,1988,3,12.0,138.96
27017,1979,15,1.0,249.22
27018,1930,3,1.0,51.01
27019,1961,3,1.0,81.83
27020,1964,3,5.0,136.68
27021,1964,6,1.0,69.86
27022,1964,3,11.0,
27023,1963,3,1.0,462.87
27024,1963,3,12.0,153.21
27025,1962,12,1.0,484.53
27026,2007,9,1.0,178.08
27027,1950,6,1.0,109.53
27028,2002,3,5.0,147.59
27029,2002,9,1.0,147.59
27030,1965,3,1.0,114.89
27031,1964,3,1.0,123.94
27032,1964,3,1.0,109.46
27033,1964,3,1.0,101.53
27034,1964,3,1.0,89.96
27035,1963,3,5.0,140.56
27036,1963,6,1.0,106.18
27037,1963,3,12.0,
27038,1963,3,1.0,148.02
27039,1963,3,1.0,220.27
27040,1958,3,1.0,63.3
27041,1960,3,1.0,86.52
27042,1960,9,1.0,59.23
27043,1960,3,12.0,59.23
27044,1999,9,1.0,317.06
27045,2005,9,1.0,192.93
27046,1961,3,1.0,137.6
27047,1999,3,5.0,131.55
27048,1999,9,1.0,131.55
27049,1962,12,1.0,407.21
27050,1962,3,12.0,217.13
27051,1960,3,1.0,103.23
27052,1960,3,1.0,104.85
27053,1958,3,1.0,100.34
27054,1942,6,1.0,103.18
27055,1942,3,12.0,82.19
27056,2005,9,1.0,136.99
27057,1999,3,1.0,78.64
27058,1971,6,1.0,97.56
27059,1955,3,12.0,52.89
27060,1937,3,1.0,119.87
27061,1950,3,1.0,158.92
27062,1977,3,1.0,53.64
27063,1950,3,1.0,221.71
27064,1944,9,1.0,93.79
27065,1944,3,12.0,76.54
27066,1930,3,1.0,90.13
27067,2006,12,1.0,74.02
27068,1950,3,1.0,134.19
27069,1950,3,1.0,96.43
27070,1950,3,1.0,80.78
27071,1960,12,1.0,262.52
27072,1950,3,1.0,106.95
27073,1950,3,12.0,
27074,2011,12,1.0,543.47
27075,2011,6,11.0,289.4
27076,2011,6,12.0,266.65
27077,1950,3,1.0,281.36
27078,1950,3,12.0,207.98
27079,2008,9,1.0,590.71
27080,1966,12,1.0,140.99
27081,1950,9,1.0,132.62
27082,1961,3,1.0,145.41
27083,1959,6,1.0,177.75
27084,1997,9,1.0,212.27
27085,1970,15,1.0,327.15
27086,1938,3,1.0,85.33
27087,1965,12,1.0,200.08
27088,1964,12,1.0,195.2
27089,1966,3,1.0,271.35
27090,1963,3,1.0,144.23
27091,1963,3,12.0,98.29
27092,1981,12,1.0,508.92
27093,1970,15,1.0,188.55
27094,1945,3,1.0,121.45
27095,1930,3,12.0,96.08
27096,2007,12,1.0,493.23
27097,2009,9,1.0,861.51
27098,2009,3,12.0,521.33
27099,1984,3,1.0,286.75
27100,1984,3,12.0,195.66
27101,1930,3,12.0,286.73
27102,1969,3,1.0,145.65
27103,1969,3,12.0,97.33
27104,1958,3,1.0,149.63
27105,1958,3,12.0,105.43
27106,1986,3,12.0,141.99
27107,1971,12,1.0,196.71
27108,1982,6,1.0,193.5
27109,1953,3,1.0,97.46
27110,1953,3,12.0,91.5
27111,1965,3,5.0,99.32
27112,1965,6,1.0,69.65
27113,1954,3,1.0,220.32
27114,1954,3,12.0,122.46
27115,1957,3,5.0,203.0
27116,1957,3,1.0,203.0
27117,1959,3,5.0,123.33
27118,1959,3,1.0,111.78
27119,1968,3,1.0,130.74
27120,1957,9,1.0,118.13
27121,2003,3,1.0,90.57
27122,1959,3,1.0,85.83
27123,1966,3,1.0,94.47
27124,1996,9,1.0,274.08
27125,1962,3,5.0,347.31
27126,1959,3,1.0,121.03
27127,1959,3,12.0,111.09
27128,1994,3,1.0,80.72
27129,1994,3,3.0,443.74
27130,1960,3,1.0,89.89
27131,1960,3,12.0,84.52
27132,1959,3,1.0,125.12
27133,1959,3,1.0,149.9
27134,2008,9,1.0,448.15
27135,1995,3,1.0,91.96
27136,1959,3,1.0,135.04
27137,1959,3,12.0,110.34
27138,1952,9,1.0,140.22
27139,1952,6,12.0,122.0
27140,1931,3,1.0,96.12
27141,1932,9,1.0,87.61
27142,1932,3,12.0,87.61
27143,1948,3,1.0,102.81
27144,1948,3,12.0,74.43
27145,1942,3,1.0,97.35
27146,1931,3,1.0,91.89
27147,1931,3,12.0,
27148,1942,3,1.0,122.26
27149,1942,3,12.0,100.76
27150,1954,3,1.0,100.81
27151,1956,6,1.0,121.35
27152,1952,6,1.0,178.99
27153,1952,3,12.0,178.99
27154,2005,3,5.0,323.54
27155,2005,9,1.0,323.54
27156,1936,3,1.0,206.56
27157,1951,3,1.0,84.65
27158,1951,3,12.0,81.3
27159,1960,3,1.0,141.99
27160,1960,3,12.0,129.42
27161,1948,3,5.0,150.81
27162,1948,3,1.0,129.5
27163,1970,12,1.0,1207.4
27164,1928,3,1.0,83.14
27165,1935,3,1.0,77.01
27166,1939,3,1.0,64.49
27167,1941,3,1.0,67.97
27168,1966,3,1.0,117.5
27169,1966,3,12.0,99.78
27170,1949,3,1.0,156.97
27171,1949,3,12.0,128.97
27172,2011,15,1.0,89.2
27173,2011,3,11.0,66.23
27174,1957,3,1.0,133.82
27175,1958,3,1.0,69.79
27176,1958,3,1.0,67.34
27177,1965,18,1.0,275.17
27178,1993,3,5.0,439.62
27179,1993,15,1.0,208.88
27180,1995,12,1.0,187.97
27181,1995,3,2.0,171.72
27182,1995,15,1.0,157.75
27183,1989,6,1.0,142.86
27184,1970,15,1.0,228.33
27185,1950,3,1.0,375.85
27186,1955,3,5.0,404.38
27187,1955,3,1.0,181.48
27188,1955,6,1.0,338.83
27189,1965,15,1.0,363.2
27190,1965,6,1.0,117.31
27191,1960,12,1.0,90.62
27192,1965,6,1.0,146.2
27193,1955,3,5.0,138.13
27194,1955,3,1.0,138.13
27195,1955,6,1.0,177.11
27196,1950,3,1.0,193.38
27197,1969,3,8.0,72.63
27198,1955,3,1.0,66.47
27199,1963,3,1.0,74.09
27200,1955,6,1.0,140.31
27201,1968,3,12.0,451.31
27202,1960,6,1.0,137.18
27203,1960,6,12.0,118.41
27204,1955,9,1.0,183.46
27205,1955,6,12.0,154.44
27206,2003,3,1.0,184.74
27207,1960,3,1.0,317.62
27208,1994,12,1.0,216.8
27209,1988,3,2.0,168.62
27210,1990,9,1.0,135.08
27211,1998,9,1.0,297.63
27212,2007,15,1.0,397.73
27213,2008,9,1.0,254.17
27214,2008,3,11.0,161.93
27215,1988,3,12.0,48.67
27216,1966,3,1.0,153.93
27217,2000,3,5.0,205.77
27218,2000,9,1.0,136.95
27219,1964,3,1.0,243.32
27220,1964,3,12.0,107.57
27221,1980,3,1.0,97.55
27222,1958,3,1.0,108.33
27223,1963,3,1.0,111.95
27224,1964,3,1.0,104.35
27225,1964,3,12.0,
27226,1965,6,1.0,153.95
27227,1965,3,12.0,22.08
27228,1975,3,5.0,118.38
27229,1975,3,1.0,74.56
27230,1960,3,1.0,156.33
27231,1999,15,1.0,2480.18
27232,1962,3,1.0,189.94
27233,1966,3,8.0,184.2
27234,1966,6,1.0,115.8
27235,1966,3,11.0,
27236,1966,3,12.0,
27237,1965,3,1.0,154.36
27238,1988,6,1.0,129.88
27239,1996,12,1.0,178.63
27240,1978,6,1.0,177.26
27241,1976,3,1.0,97.71
27242,1976,3,12.0,
27243,1974,3,1.0,177.76
27244,1974,3,12.0,116.32
27245,1976,3,1.0,177.26
27246,1976,3,12.0,66.99
27247,1972,6,1.0,125.51
27248,1969,3,1.0,100.47
27249,2020,3,10.0,63.14
27250,1973,3,1.0,145.43
27251,1973,3,12.0,121.55
27252,1976,6,1.0,143.46
27253,1976,3,12.0,143.46
27254,1976,3,5.0,141.19
27255,1976,9,1.0,100.22
27256,1976,6,11.0,51.27
27257,1976,3,12.0,
27258,1998,3,1.0,115.96
27259,2001,3,1.0,166.24
27260,1955,3,1.0,131.37
27261,1962,3,1.0,126.82
27262,1962,3,12.0,92.54
27263,2023,6,1.0,133.39
27264,1969,3,1.0,90.34
27265,1969,3,1.0,66.4
27266,1969,3,1.0,66.13
27267,1969,3,1.0,77.07
27268,1969,3,12.0,64.64
27269,1970,3,1.0,76.77
27270,1966,9,1.0,47.63
27271,1966,3,12.0,47.63
27272,1965,3,1.0,51.36
27273,1965,3,12.0,51.36
27274,2000,9,1.0,141.06
27275,1978,12,1.0,156.69
27276,1971,12,1.0,141.16
27277,1971,3,12.0,131.18
27278,1965,3,1.0,94.69
27279,1969,6,1.0,146.22
27280,1987,3,1.0,153.88
27281,1972,15,1.0,180.16
27282,1976,3,1.0,47.39
27283,1976,3,12.0,47.39
27284,1961,3,1.0,103.74
27285,1965,3,12.0,348.02
27286,1972,3,1.0,153.52
27287,1972,3,12.0,105.34
27288,1979,9,1.0,161.62
27289,1981,3,1.0,196.44
27290,1976,3,1.0,174.93
27291,1976,3,12.0,146.12
27292,1965,3,1.0,102.53
27293,1968,6,1.0,108.69
27294,1968,3,12.0,108.69
27295,1972,3,1.0,87.57
27296,1972,3,12.0,85.68
27297,1970,3,1.0,98.65
27298,1965,12,1.0,95.8
27299,1965,9,1.0,94.63
27300,1987,3,9.0,257.31
27301,1961,3,1.0,101.65
27302,1972,3,1.0,93.49
27303,1972,3,12.0,90.64
27304,1961,6,1.0,109.86
27305,1961,6,12.0,86.82
27306,1958,3,5.0,148.88
27307,1958,3,1.0,148.88
27308,2006,9,1.0,144.89
27309,1959,3,1.0,81.79
27310,1962,3,1.0,84.13
27311,1973,3,1.0,68.37
27312,1965,9,1.0,60.15
27313,1965,3,11.0,60.15
27314,1959,3,1.0,129.05
27315,2006,9,1.0,83.9
27316,1964,3,1.0,83.55
27317,2023,9,1.0,66.45
27318,2023,3,12.0,59.84
27319,1962,3,1.0,99.05
27320,1971,9,12.0,83.99
27321,1967,3,1.0,83.48
27322,1967,3,12.0,83.48
27323,1994,6,1.0,398.5
27324,1994,3,12.0,164.35
27325,1991,6,5.0,659.15
27326,1991,3,2.0,557.79
27327,1991,15,1.0,549.98
27328,1991,3,12.0,426.93
27329,2017,9,1.0,54.38
27330,2017,3,12.0,54.38
27331,1962,6,1.0,70.7
27332,1962,3,12.0,68.67
27333,1962,3,1.0,103.61
27334,1962,3,1.0,88.15
27335,1962,3,12.0,88.15
27336,1969,3,1.0,72.05
27337,1969,3,1.0,78.58
27338,1969,3,1.0,71.11
27339,1970,3,1.0,80.73
27340,1971,6,1.0,77.82
27341,1971,3,12.0,75.11
27342,1972,6,1.0,79.49
27343,2001,3,1.0,93.46
27344,1991,3,1.0,155.96
27345,1991,12,1.0,165.01
27346,1996,12,1.0,268.22
27347,1986,12,3.0,5841.38
27348,1979,12,2.0,5822.0
27349,1988,3,3.0,6177.8
27350,1988,3,3.0,3674.61
27351,1980,3,3.0,19.3
27352,1982,3,3.0,1842.95
27353,1980,3,3.0,1959.08
27354,1980,6,2.0,812.03
27355,1976,3,2.0,310.0
27356,2000,3,11.0,
27357,2000,3,12.0,
27358,1978,3,3.0,269.22
27359,1980,3,3.0,23.9
27360,1978,3,3.0,15.59
27361,1975,3,3.0,2290.17
27362,1975,3,2.0,378.89
27363,1975,6,3.0,2996.27
27364,1975,3,12.0,2656.6
27365,1975,6,12.0,1960.85
27366,1972,3,1.0,121.88
27367,1989,3,1.0,121.33
27368,1981,6,1.0,85.33
27369,1950,3,12.0,50.96
27370,1945,3,12.0,148.08
27371,1950,3,1.0,72.81
27372,1970,12,1.0,80.37
27373,1955,3,1.0,80.17
27374,1955,3,12.0,80.17
27375,1970,15,1.0,228.47
27376,1944,3,5.0,127.5
27377,1960,3,1.0,99.56
27378,1944,3,1.0,98.38
27379,1950,3,1.0,95.64
27380,1960,6,1.0,121.45
27381,2003,3,1.0,101.75
27382,1987,3,1.0,106.08
27383,1960,6,1.0,62.66
27384,1955,3,1.0,95.29
27385,1955,3,12.0,76.0
27386,1955,3,1.0,125.37
27387,1955,3,12.0,93.93
27388,1991,3,1.0,122.36
27389,1990,3,1.0,105.28
27390,1988,9,1.0,134.99
27391,1950,6,12.0,67.29
27392,1962,3,1.0,175.54
27393,2009,12,1.0,338.18
27394,1950,6,1.0,103.73
27395,1950,6,12.0,18.36
27396,1993,3,1.0,130.29
27397,1955,3,5.0,159.68
27398,1955,6,1.0,153.65
27399,1955,3,1.0,84.15
27400,1933,3,1.0,118.95
27401,1950,3,1.0,104.57
27402,1950,3,12.0,
27403,1967,3,1.0,97.83
27404,1979,3,1.0,142.81
27405,1965,3,2.0,145.87
27406,1965,9,1.0,140.06
27407,1965,3,12.0,140.06
27408,1994,3,1.0,130.18
27409,1960,3,5.0,139.9
27410,1960,9,1.0,133.1
27411,1960,6,12.0,122.25
27412,1955,3,5.0,150.62
27413,1955,3,1.0,137.55
27414,1955,3,1.0,70.56
27415,2021,12,1.0,101.24
27416,2021,3,10.0,79.04
27417,1955,3,1.0,36.14
27418,1955,3,1.0,45.65
27419,2003,3,1.0,100.91
27420,2003,3,12.0,100.91
27421,1955,3,12.0,24.88
27422,1981,9,1.0,297.75
27423,1990,9,1.0,253.81
27424,1988,3,11.0,189.13
27425,1985,3,12.0,184.77
27426,1988,6,1.0,247.47
27427,1978,9,1.0,301.77
27428,1975,9,1.0,187.81
27429,1978,9,1.0,206.55
27430,1978,3,5.0,277.07
27431,1988,3,1.0,247.61
27432,1981,9,12.0,239.57
27433,1983,12,1.0,303.27
27434,1983,3,12.0,265.47
27435,1977,6,1.0,195.49
27436,1977,6,12.0,148.14
27437,1975,9,1.0,154.69
27438,1999,3,1.0,72.88
27439,1999,3,1.0,72.88
27440,1999,3,1.0,75.67
27441,1999,3,1.0,75.53
27442,2000,15,1.0,725.1
27443,1972,12,1.0,185.76
27444,1968,12,1.0,174.34
27445,1968,12,1.0,183.51
27446,1968,12,1.0,175.33
27447,1961,12,1.0,173.15
27448,1961,12,1.0,192.52
27449,1984,9,1.0,285.11
27450,1978,12,1.0,283.51
27451,1978,3,1.0,205.02
27452,1980,9,1.0,224.53
27453,1988,3,1.0,73.25
27454,1988,3,1.0,66.24
27455,1988,3,1.0,67.94
27456,1988,9,1.0,69.35
27457,1988,3,11.0,69.35
27458,1988,6,12.0,59.35
27459,1988,3,1.0,67.45
27460,1988,3,1.0,67.72
27461,1988,3,1.0,72.97
27462,1988,3,1.0,65.42
27463,1988,3,1.0,70.03
27464,1988,3,1.0,69.66
27465,1988,3,1.0,69.14
27466,1988,3,1.0,71.34
27467,1964,6,1.0,88.5
27468,1964,6,1.0,236.22
27469,1964,6,1.0,229.93
27470,1964,6,1.0,172.76
27471,1964,12,1.0,155.04
27472,1964,6,1.0,157.73
27473,1961,6,1.0,88.12
27474,1964,6,1.0,227.41
27475,1964,6,1.0,225.04
27476,1964,6,1.0,223.12
27477,1964,6,1.0,80.79
27478,1964,6,1.0,184.5
27479,1965,3,1.0,135.26
27480,1983,3,1.0,125.31
27481,1950,3,1.0,124.77
27482,1936,3,1.0,101.96
27483,1993,3,1.0,197.63
27484,1978,3,1.0,200.18
27485,1978,3,12.0,142.99
27486,1993,9,1.0,207.24
27487,1925,3,1.0,148.34
27488,1925,3,12.0,
27489,1955,3,1.0,141.05
27490,1970,9,1.0,118.45
27491,1970,3,12.0,97.26
27492,2004,3,5.0,191.3
27493,2004,3,1.0,191.3
27494,2004,3,12.0,188.36
27495,1968,3,1.0,150.41
27496,1930,3,1.0,111.52
27497,1963,9,1.0,150.13
27498,1956,3,1.0,94.22
27499,1956,3,12.0,45.48
27500,1957,3,1.0,90.13
27501,1959,3,1.0,84.75
27502,1979,3,12.0,106.99
27503,1958,3,1.0,93.15
27504,1960,6,1.0,117.71
27505,1957,3,1.0,95.28
27506,1957,3,12.0,
27507,1958,3,1.0,97.69
27508,2000,6,1.0,106.55
27509,1955,3,1.0,78.25
27510,1977,9,1.0,102.19
27511,1993,3,1.0,100.02
27512,1993,3,12.0,57.07
27513,1960,3,1.0,86.58
27514,1969,3,1.0,60.95
27515,2009,9,1.0,234.05
27516,2001,3,1.0,203.82
27517,1945,3,1.0,140.29
27518,1960,6,1.0,88.46
27519,1968,6,1.0,90.13
27520,1930,3,1.0,59.9
27521,1955,3,5.0,80.02
27522,1955,3,1.0,80.02
27523,1955,3,12.0,29.89
27524,1982,3,1.0,267.46
27525,1960,3,1.0,176.56
27526,1950,3,1.0,115.65
27527,1950,3,12.0,
27528,1960,3,1.0,130.84
27529,1960,6,12.0,
27530,1960,3,1.0,112.48
27531,1965,3,1.0,116.29
27532,1965,3,12.0,106.17
27533,1970,3,1.0,86.67
27534,1968,3,1.0,121.05
27535,2006,9,1.0,134.52
27536,2010,15,1.0,134.77
27537,1977,3,1.0,153.72
27538,1968,3,1.0,81.4
27539,1958,3,1.0,111.02
27540,1958,3,12.0,
27541,1957,3,1.0,108.92
27542,2019,9,1.0,87.81
27543,2019,3,12.0,67.27
27544,1970,3,1.0,87.49
27545,1970,3,12.0,87.49
27546,1950,3,1.0,106.1
27547,1975,3,1.0,68.92
27548,1970,6,1.0,114.7
27549,1999,3,1.0,109.24
27550,1968,3,1.0,93.81
27551,1969,6,1.0,115.49
27552,1969,3,12.0,13.73
27553,1989,6,1.0,97.79
27554,2021,3,11.0,66.9
27555,1930,3,1.0,102.41
27556,1930,6,1.0,117.35
27557,1930,3,5.0,119.84
27558,1960,3,1.0,79.72
27559,1920,3,1.0,102.45
27560,2011,12,1.0,437.49
27561,2011,6,12.0,407.48
27562,2008,12,1.0,209.56
27563,2008,3,12.0,189.82
27564,2001,3,5.0,138.08
27565,2001,15,1.0,138.08
27566,2001,3,1.0,136.45
27567,1931,3,5.0,91.61
27568,1931,3,1.0,73.82
27569,1900,3,1.0,132.65
27570,1971,3,1.0,117.31
27571,1963,3,12.0,58.65
27572,1964,3,12.0,59.16
27573,1965,3,12.0,61.98
27574,1965,3,12.0,80.13
27575,1930,3,1.0,108.44
27576,1973,3,1.0,142.27
27577,1973,3,12.0,112.56
27578,1920,3,5.0,122.38
27579,1920,3,1.0,
27580,1984,3,1.0,197.55
27581,1930,3,1.0,103.05
27582,1920,3,1.0,131.46
27583,2006,3,1.0,92.67
27584,2006,3,11.0,82.31
27585,2006,3,12.0,
27586,1992,6,1.0,138.28
27587,1992,3,12.0,114.87
27588,2009,15,1.0,60.86
27589,1950,3,5.0,123.26
27590,1983,3,1.0,113.78
27591,1900,6,1.0,111.44
27592,1900,3,12.0,61.39
27593,1973,3,1.0,170.74
27594,1970,3,12.0,119.67
27595,1975,3,1.0,120.28
27596,1960,3,1.0,107.31
27597,1930,3,1.0,105.34
27598,1930,3,11.0,15.45
27599,1930,3,12.0,
27600,1930,3,1.0,108.19
27601,2000,3,5.0,1519.5
27602,2000,9,1.0,1046.31
27603,2006,9,1.0,480.74
27604,1975,9,1.0,251.42
27605,1977,6,12.0,114.05
27606,1948,3,1.0,92.37
27607,1976,3,12.0,711.79
27608,1956,3,1.0,191.09
27609,1963,3,1.0,116.96
27610,1988,6,1.0,319.43
27611,2023,6,1.0,120.31
27612,2023,3,12.0,74.48
27613,1954,3,1.0,110.06
27614,1950,3,1.0,120.51
27615,2008,9,1.0,84.04
27616,2009,9,1.0,175.96
27617,2009,3,12.0,159.01
27618,1980,3,1.0,109.31
27619,1980,3,12.0,109.31
27620,1960,3,1.0,89.86
27621,1959,6,1.0,114.75
27622,1958,3,12.0,87.53
27623,1947,3,1.0,90.02
27624,1963,3,1.0,116.53
27625,1962,3,1.0,75.38
27626,1984,3,1.0,98.66
27627,1950,3,1.0,142.0
27628,1950,3,12.0,97.99
27629,1956,3,1.0,89.47
27630,1972,3,1.0,142.14
27631,1961,3,1.0,146.21
27632,1935,3,1.0,125.73
27633,1935,3,11.0,123.29
27634,1935,6,12.0,26.22
27635,1973,3,1.0,126.59
27636,2011,12,1.0,421.41
27637,2011,3,12.0,307.98
27638,1970,12,1.0,658.68
27639,1970,6,1.0,211.21
27640,1950,3,1.0,114.56
27641,1950,3,12.0,103.26
27642,2006,12,1.0,80.93
27643,1960,3,1.0,74.78
27644,1960,3,12.0,69.04
27645,1974,12,1.0,293.94
27646,1990,3,5.0,684.79
27647,1990,9,1.0,684.79
27648,1930,3,1.0,136.51
27649,1958,6,1.0,91.63
27650,1958,3,12.0,72.8
27651,1975,6,1.0,309.7
27652,1970,12,1.0,503.71
27653,1975,3,1.0,172.24
27654,1975,3,12.0,172.24
27655,2002,3,5.0,297.57
27656,2002,9,1.0,297.57
27657,1999,9,1.0,286.13
27658,1995,3,5.0,502.81
27659,1995,9,1.0,458.75
27660,1990,9,1.0,90.14
27661,1990,3,12.0,75.3
27662,1992,3,1.0,95.13
27663,2003,3,1.0,79.98
27664,1992,3,1.0,157.96
27665,1997,12,1.0,281.31
27666,1924,3,1.0,80.19
27667,1935,3,1.0,104.67
27668,1950,3,5.0,130.79
27669,1950,3,12.0,70.62
27670,1950,3,5.0,126.31
27671,1950,3,1.0,
27672,1950,3,12.0,
27673,1930,3,1.0,105.25
27674,1953,3,5.0,146.44
27675,1964,3,1.0,137.24
27676,1953,3,12.0,
27677,1983,9,1.0,134.89
27678,1983,6,12.0,79.52
27679,1950,3,1.0,146.87
27680,1050,3,12.0,34.28
27681,1935,6,1.0,100.1
27682,1935,3,12.0,56.95
27683,1920,3,1.0,105.37
27684,1973,3,1.0,148.31
27685,1973,3,12.0,87.05
27686,2016,3,5.0,147.05
27687,2016,3,3.0,87.08
27688,2016,3,12.0,
27689,1930,3,5.0,436.04
27690,1958,3,3.0,150.12
27691,1958,3,1.0,21.97
27692,1958,3,12.0,
27693,1961,9,1.0,115.25
27694,1942,3,1.0,219.13
27695,1946,3,12.0,
27696,1980,3,4.0,472.6
27697,1980,3,1.0,258.06
27698,1969,6,1.0,154.99
27699,1960,6,1.0,297.95
27700,1992,6,1.0,72.73
27701,1968,3,12.0,455.92
27702,1900,6,3.0,1142.48
27703,1900,3,11.0,1057.62
27704,1963,3,12.0,52.48
27705,2020,12,1.0,84.12
27706,1999,3,1.0,199.96
27707,1999,3,12.0,140.25
27708,2005,9,1.0,725.3
27709,2005,3,12.0,319.62
27710,2010,12,1.0,564.87
27711,2010,6,12.0,564.87
27712,2010,12,1.0,328.79
27713,2010,6,12.0,186.03
27714,2009,9,1.0,676.54
27715,1984,3,1.0,99.51
27716,1984,3,12.0,99.51
27717,1943,3,1.0,47.56
27718,1975,12,1.0,438.32
27719,1970,12,1.0,221.57
27720,1923,3,5.0,85.89
27721,1970,3,1.0,79.56
27722,1968,3,1.0,124.83
27723,1910,3,1.0,126.38
27724,1939,3,1.0,64.41
27725,1939,3,12.0,64.41
27726,1929,3,12.0,157.37
27727,1948,3,1.0,104.48
27728,1910,3,1.0,128.1
27729,1934,3,8.0,150.79
27730,2006,3,1.0,90.11
27731,1998,3,1.0,131.32
27732,1968,3,1.0,80.94
27733,1930,3,1.0,114.53
27734,1958,3,1.0,65.44
27735,1940,3,1.0,75.42
27736,1930,3,1.0,52.04
27737,1925,3,5.0,103.01
27738,1970,15,1.0,338.42
27739,1975,9,1.0,159.03
27740,1929,3,1.0,117.21
27741,1929,6,12.0,31.21
27742,1905,3,1.0,124.49
27743,1905,6,12.0,20.11
27744,1909,3,1.0,114.92
27745,1960,6,1.0,100.77
27746,1974,3,1.0,150.05
27747,1974,3,12.0,118.19
27748,1908,3,1.0,125.64
27749,1930,3,1.0,107.19
27750,1920,3,5.0,123.68
27751,1920,3,1.0,
27752,1941,3,1.0,97.61
27753,1912,3,1.0,80.31
27754,1912,3,1.0,58.29
27755,1940,3,1.0,115.6
27756,1940,3,5.0,97.87
27757,1975,3,1.0,97.87
27758,1938,3,1.0,115.25
27759,1952,3,1.0,137.42
27760,1914,3,1.0,105.64
27761,1914,6,12.0,15.59
27762,1917,3,1.0,108.28
27763,1920,3,1.0,113.88
27764,1920,3,1.0,83.5
27765,2016,6,1.0,87.76
27766,2016,3,12.0,66.87
27767,1912,3,1.0,69.03
27768,1987,3,1.0,90.47
27769,1987,3,1.0,68.2
27770,1987,3,1.0,65.35
27771,1987,3,1.0,65.54
27772,1987,3,12.0,59.9
27773,1987,3,1.0,80.13
27774,1943,3,1.0,48.38
27775,1943,3,1.0,64.55
27776,1942,3,1.0,143.4
27777,2006,9,1.0,468.61
27778,2010,3,5.0,216.15
27779,2010,12,1.0,165.41
27780,2010,3,12.0,165.41
27781,1997,3,5.0,6047.81
27782,1997,3,4.0,6043.99
27783,1997,3,2.0,1762.93
27784,1997,3,12.0,128.02
27785,1978,12,1.0,144.36
27786,1913,3,1.0,211.65
27787,1996,3,5.0,358.76
27788,1996,6,2.0,295.93
27789,1962,18,1.0,165.65
27790,1962,15,1.0,164.73
27791,1962,15,1.0,208.2
27792,1962,15,1.0,257.34
27793,1890,3,1.0,78.08
27794,1890,3,1.0,61.9
27795,1890,3,1.0,58.99
27796,1883,3,1.0,84.48
27797,1890,3,12.0,47.82
27798,2020,9,1.0,70.39
27799,2020,3,11.0,70.39
27800,1895,3,1.0,90.81
27801,1895,3,12.0,59.13
27802,1890,3,1.0,93.14
27803,1890,3,12.0,79.59
27804,1890,3,1.0,99.6
27805,1890,3,1.0,84.9
27806,1881,3,1.0,96.12
27807,1883,3,1.0,118.85
27808,1883,3,12.0,
27809,1975,6,1.0,126.33
27810,1975,3,12.0,63.99
27811,1890,3,12.0,141.04
27812,2017,6,1.0,87.38
27813,2017,9,12.0,67.21
27814,1890,3,1.0,88.19
27815,1995,3,1.0,157.24
27816,1995,3,12.0,113.78
27817,1880,6,1.0,167.02
27818,1880,3,12.0,83.29
27819,1890,3,1.0,58.62
27820,1890,3,12.0,47.88
27821,1883,6,1.0,116.21
27822,1883,6,12.0,104.07
27823,1883,3,1.0,106.91
27824,1883,3,12.0,72.96
27825,1890,3,1.0,118.1
27826,1890,3,12.0,92.2
27827,1905,3,1.0,95.5
27828,1890,3,1.0,100.14
27829,1890,3,1.0,74.32
27830,1883,3,1.0,87.88
27831,1903,3,1.0,83.0
27832,1983,3,1.0,93.93
27833,1983,3,12.0,71.26
27834,1986,9,1.0,118.89
27835,1883,3,1.0,92.69
27836,1883,6,1.0,67.2
27837,1883,3,12.0,53.97
27838,1905,3,1.0,43.17
27839,1883,3,1.0,48.77
27840,1880,3,1.0,41.91
27841,2007,12,1.0,67.95
27842,2015,6,1.0,83.14
27843,1890,3,1.0,109.24
27844,1890,3,1.0,86.62
27845,1890,3,1.0,88.93
27846,1890,3,1.0,79.17
27847,1880,3,1.0,96.14
27848,1883,6,1.0,113.26
27849,1883,6,12.0,71.09
27850,1883,3,1.0,121.22
27851,1893,3,1.0,54.92
27852,1905,6,1.0,109.12
27853,1931,6,1.0,68.94
27854,2014,3,12.0,58.19
27855,1890,3,1.0,72.04
27856,1880,3,1.0,60.76
27857,1923,9,1.0,56.52
27858,1880,3,12.0,56.52
27859,1890,3,1.0,93.51
27860,1882,3,1.0,85.96
27861,1882,3,5.0,95.85
27862,1882,3,1.0,69.37
27863,1890,3,1.0,110.17
27864,1997,3,1.0,275.2
27865,2005,9,1.0,248.3
27866,2009,12,1.0,117.47
27867,2019,3,5.0,1244.22
27868,2019,21,1.0,1116.32
27869,2019,3,12.0,1110.0
27870,1970,21,1.0,330.19
27871,2010,3,5.0,313.93
27872,2010,9,1.0,139.56
27873,1970,21,1.0,446.28
27874,1970,21,1.0,440.84
27875,1970,3,5.0,435.29
27876,1970,21,1.0,354.44
27877,1994,9,1.0,873.4
27878,1972,18,1.0,317.19
27879,1980,21,1.0,258.81
27880,2024,3,11.0,238.32
27881,1972,18,1.0,346.9
27882,1972,18,1.0,324.31
27883,1996,12,1.0,133.95
27884,2024,6,11.0,77.97
27885,1940,3,12.0,
27886,1955,3,1.0,138.29
27887,1970,3,1.0,104.25
27888,1971,18,1.0,355.67
27889,1960,3,4.0,347.72
27890,1960,15,1.0,177.52
27891,1960,3,12.0,143.44
27892,1950,3,1.0,107.66
27893,1960,3,1.0,109.37
27894,1977,3,1.0,140.54
27895,1960,3,1.0,281.27
27896,1960,3,1.0,155.22
27897,2003,3,1.0,397.86
27898,2003,3,12.0,139.87
27899,2010,12,1.0,204.66
27900,2003,3,5.0,319.41
27901,2003,3,1.0,208.85
27902,2003,3,12.0,207.41
27903,2005,12,1.0,279.08
27904,2007,12,1.0,572.1
27905,2007,12,1.0,390.04
27906,2008,3,5.0,861.51
27907,2008,36,1.0,450.12
27908,2008,6,12.0,450.12
27909,2008,3,5.0,2694.51
27910,2008,42,1.0,1522.81
27911,2008,9,12.0,1508.56
27912,1960,3,12.0,46.07
27913,1960,3,4.0,7899.57
27914,1996,3,4.0,1342.39
27915,1920,3,4.0,5321.39
27916,1960,3,5.0,294.14
27917,1960,3,7.0,289.86
27918,1960,12,1.0,289.86
27919,1972,3,2.0,582.18
27920,1972,18,1.0,582.18
27921,1962,3,7.0,280.17
27922,1962,9,1.0,265.36
27923,2007,3,7.0,366.13
27924,2007,12,1.0,227.76
27925,1966,3,1.0,234.0
27926,1931,3,1.0,77.43
27927,1986,12,1.0,187.48
27928,1986,3,12.0,139.56
27929,1986,3,5.0,225.17
27930,1986,12,1.0,158.99
27931,1987,12,1.0,254.74
27932,1920,3,1.0,116.62
27933,1920,3,12.0,102.38
27934,1975,9,1.0,166.73
27935,1975,6,11.0,158.32
27936,1975,6,12.0,51.41
27937,1925,3,1.0,116.92
27938,1925,3,12.0,88.16
27939,1905,3,1.0,164.96
27940,1924,6,1.0,149.61
27941,1924,3,12.0,73.44
27942,1930,3,1.0,81.51
27943,1922,3,1.0,163.69
27944,1927,3,5.0,231.82
27945,1989,3,2.0,104.68
27946,1989,9,1.0,100.81
27947,2005,3,1.0,107.76
27948,1920,3,1.0,155.76
27949,1920,3,5.0,125.98
27950,1920,3,1.0,118.3
27951,1939,9,1.0,211.9
27952,1956,3,1.0,92.19
27953,1964,9,1.0,279.79
27954,1950,6,1.0,127.2
27955,1950,3,12.0,89.85
27956,2024,3,2.0,191.52
27957,2024,6,1.0,106.15
27958,1920,3,12.0,
27959,1948,3,1.0,115.07
27960,1930,3,1.0,106.9
27961,1930,3,1.0,121.08
27962,1936,3,5.0,152.73
27963,1936,6,1.0,70.83
27964,1936,3,12.0,
27965,1962,3,1.0,177.22
27966,1971,6,1.0,171.28
27967,1925,3,5.0,73.97
27968,1925,3,1.0,73.97
27969,1940,3,1.0,147.36
27970,1984,3,1.0,157.84
27971,1939,3,1.0,112.01
27972,1939,3,12.0,77.39
27973,1922,3,1.0,125.15
27974,1915,3,1.0,115.24
27975,1995,9,1.0,99.78
27976,1994,3,11.0,80.73
27977,2002,3,12.0,80.73
27978,1955,3,1.0,138.75
27979,1920,3,1.0,128.62
27980,1968,3,1.0,87.71
27981,1969,3,1.0,120.13
27982,1969,3,12.0,120.13
27983,1970,3,1.0,55.07
27984,1970,3,12.0,55.07
27985,1923,3,1.0,55.9
27986,1930,3,12.0,128.71
27987,1947,6,1.0,90.94
27988,1971,3,1.0,175.08
27989,1971,3,12.0,52.48
27990,1969,3,1.0,86.64
27991,1964,3,5.0,183.49
27992,2000,6,12.0,183.49
27993,2017,3,2.0,83.65
27994,2017,6,1.0,66.64
27995,1972,15,1.0,443.19
27996,1986,3,1.0,166.1
27997,1976,3,5.0,165.12
27998,1976,3,1.0,165.12
27999,1976,3,9.0,159.16
28000,2022,6,1.0,101.06
28001,2022,3,12.0,92.5
28002,2000,12,1.0,420.39
28003,2002,15,1.0,454.75
28004,2002,3,12.0,282.07
28005,2002,3,5.0,973.12
28006,2002,12,1.0,616.83
28007,2003,3,5.0,441.14
28008,2003,12,1.0,317.72
28009,2005,12,1.0,281.45
28010,1999,3,5.0,89.45
28011,1970,9,1.0,96.08
28012,2008,12,1.0,52.54
28013,2008,3,11.0,49.48
28014,2007,12,1.0,172.48
28015,2007,12,1.0,626.12
28016,1975,6,1.0,77.63
28017,2022,9,1.0,53.8
28018,1976,15,1.0,2212.99
28019,1978,3,3.0,13.38
28020,1991,3,5.0,685.87
28021,1991,9,1.0,445.74
28022,1988,21,1.0,275.81
28023,1987,3,5.0,236.95
28024,1987,18,1.0,236.95
28025,1973,18,1.0,305.41
28026,1975,18,1.0,318.36
28027,1990,3,8.0,685.38
28028,1990,9,1.0,447.21
28029,1989,3,5.0,1360.41
28030,1989,9,1.0,455.39
28031,1991,9,1.0,972.81
28032,1987,9,1.0,456.55
28033,1992,9,4.0,2213.4
28034,1994,3,5.0,526.48
28035,1994,12,1.0,469.24
28036,1980,21,1.0,665.7
28037,1989,15,1.0,465.43
28038,1991,12,1.0,242.02
28039,1991,12,1.0,244.9
28040,1990,9,1.0,462.01
28041,1990,9,1.0,252.44
28042,1993,3,5.0,335.0
28043,1993,12,1.0,327.93
28044,1995,3,5.0,350.03
28045,1995,12,1.0,330.98
28046,1993,3,2.0,858.26
28047,1993,9,1.0,462.56
28048,1993,3,12.0,462.56
28049,1992,3,5.0,1092.34
28050,1992,15,1.0,810.0
28051,1965,3,5.0,2947.74
28052,2000,3,12.0,
28053,1999,3,5.0,1020.92
28054,1999,3,3.0,388.21
28055,1999,3,2.0,
28056,1965,3,12.0,26.04
28057,1973,3,3.0,2294.16
28058,1946,3,1.0,180.54
28059,1990,6,5.0,253.15
28060,1990,18,2.0,240.99
28061,2014,3,5.0,165.49
28062,2022,3,5.0,4039.33
28063,2022,3,3.0,3962.69
28064,2022,6,11.0,3085.42
28065,2022,9,12.0,
28066,1979,3,12.0,23.56
28067,1964,6,1.0,95.91
28068,1954,3,8.0,241.41
28069,1900,3,3.0,3974.97
28070,1987,3,5.0,326.4
28071,1963,3,12.0,16.0
28072,1976,3,3.0,1292.35
28073,1976,3,3.0,752.52
28074,1970,3,5.0,539.42
28075,1970,15,1.0,505.77
28076,1955,3,1.0,136.84
28077,1960,3,5.0,167.93
28078,2015,9,1.0,94.49
28079,2015,3,12.0,59.31
28080,1950,3,1.0,119.05
28081,1950,3,1.0,121.22
28082,1950,3,1.0,123.47
28083,1960,6,1.0,127.57
28084,1955,3,1.0,102.36
28085,1972,3,12.0,102.36
28086,1950,3,1.0,147.32
28087,1950,3,12.0,
28088,2000,3,5.0,110.67
28089,2000,6,1.0,110.67
28090,1955,3,1.0,81.57
28091,2006,9,1.0,92.26
28092,1997,3,1.0,96.11
28093,1955,3,1.0,168.41
28094,1955,3,1.0,79.85
28095,1955,3,12.0,75.19
28096,1955,3,1.0,93.49
28097,1955,3,12.0,77.36
28098,1950,3,12.0,45.83
28099,1975,3,1.0,85.04
28100,1975,3,12.0,85.04
28101,1955,3,1.0,123.0
28102,1955,6,1.0,123.93
28103,1950,3,1.0,109.43
28104,1950,3,11.0,
28105,1950,3,12.0,
28106,1975,3,1.0,118.19
28107,1975,3,12.0,99.68
28108,1965,12,1.0,167.09
28109,1960,3,1.0,110.37
28110,1960,3,12.0,99.8
28111,1980,3,1.0,152.55
28112,1926,3,1.0,112.19
28113,1970,15,1.0,478.09
28114,1965,3,5.0,274.72
28115,1965,9,1.0,185.49
28116,1965,6,12.0,113.47
28117,2008,9,1.0,230.96
28118,1988,3,1.0,115.08
28119,1945,3,12.0,100.62
28120,1958,3,1.0,90.9
28121,1958,3,1.0,135.64
28122,1958,3,1.0,104.97
28123,1958,3,1.0,121.51
28124,1960,3,1.0,136.63
28125,1994,9,1.0,444.05
28126,1958,3,5.0,115.92
28127,1958,3,1.0,69.46
28128,1958,3,12.0,135.22
28129,2000,6,1.0,136.45
28130,1958,3,12.0,54.05
28131,1958,3,1.0,125.57
28132,1960,3,1.0,85.08
28133,1960,3,12.0,63.37
28134,1960,6,1.0,124.86
28135,1960,3,12.0,115.44
28136,1958,3,1.0,130.32
28137,1958,3,12.0,105.86
28138,1993,3,5.0,276.67
28139,1993,9,1.0,260.46
28140,1958,3,1.0,174.91
28141,1958,3,1.0,105.44
28142,1950,3,1.0,61.15
28143,1958,3,1.0,61.18
28144,1958,3,1.0,97.56
28145,1958,3,1.0,85.68
28146,1958,6,12.0,9.43
28147,1960,3,1.0,104.26
28148,2002,9,1.0,90.73
28149,2001,3,5.0,278.56
28150,2001,9,1.0,278.56
28151,2007,9,1.0,346.51
28152,1960,3,1.0,55.35
28153,1993,3,1.0,108.67
28154,1966,3,1.0,86.85
28155,1958,3,1.0,93.25
28156,2019,6,1.0,78.84
28157,2019,3,12.0,71.85
28158,1958,6,1.0,83.81
28159,1958,3,11.0,63.98
28160,1958,3,12.0,
28161,1950,3,5.0,93.29
28162,1950,3,1.0,30.09
28163,1950,3,1.0,124.84
28164,2009,3,1.0,70.57
28165,1955,3,5.0,144.32
28166,1955,3,1.0,113.47
28167,1959,6,1.0,76.95
28168,1956,3,1.0,99.5
28169,2020,3,1.0,120.1
28170,2020,3,12.0,
28171,1962,6,1.0,133.76
28172,1962,3,11.0,99.7
28173,1962,6,12.0,99.7
28174,1960,6,1.0,90.46
28175,1960,3,12.0,90.46
28176,1959,3,1.0,95.27
28177,1955,3,5.0,163.34
28178,1955,3,1.0,58.12
28179,1959,3,1.0,88.76
28180,1961,3,1.0,105.29
28181,1958,3,1.0,135.71
28182,1958,3,12.0,106.83
28183,1961,6,1.0,121.78
28184,1957,3,1.0,85.95
28185,1957,3,12.0,138.96
28186,1958,6,1.0,126.06
28187,1958,3,12.0,89.45
28188,1961,3,1.0,62.81
28189,1994,3,1.0,278.54
28190,1994,3,9.0,67.83
28191,1955,3,1.0,154.44
28192,1979,6,1.0,93.86
28193,1979,6,12.0,82.63
28194,1960,3,1.0,101.62
28195,1960,3,1.0,111.74
28196,1958,3,1.0,112.69
28197,1958,3,5.0,110.64
28198,1958,3,1.0,80.38
28199,1963,6,1.0,135.83
28200,1960,3,1.0,145.34
28201,1995,3,1.0,130.46
28202,1962,3,1.0,84.39
28203,1962,3,12.0,84.39
28204,1972,6,1.0,30.2
28205,1950,3,1.0,32.14
28206,1959,3,1.0,31.76
28207,1950,3,1.0,74.48
28208,2005,9,1.0,209.86
28209,1961,6,1.0,97.41
28210,1961,3,1.0,20.9
28211,1955,6,1.0,426.1
28212,1955,3,11.0,235.81
28213,1956,3,12.0,88.27
28214,1960,15,1.0,178.47
28215,1970,15,1.0,284.8
28216,1932,3,1.0,164.84
28217,1932,3,12.0,117.83
28218,1922,3,1.0,102.52
28219,1999,3,1.0,282.3
28220,1948,6,1.0,123.82
28221,1948,6,12.0,86.98
28222,1952,3,1.0,109.33
28223,1952,3,12.0,94.71
28224,1946,3,1.0,60.6
28225,1953,3,1.0,47.24
28226,1979,3,1.0,112.47
28227,1979,3,12.0,98.57
28228,1949,3,5.0,112.91
28229,1949,3,1.0,112.91
28230,1957,3,5.0,85.91
28231,1957,3,1.0,78.15
28232,2019,9,1.0,87.39
28233,2019,3,12.0,67.71
28234,1923,3,1.0,150.88
28235,1923,3,12.0,103.47
28236,2000,3,1.0,69.11
28237,2003,12,1.0,78.04
28238,1993,9,1.0,161.82
28239,1953,6,1.0,118.06
28240,1953,3,12.0,108.11
28241,1958,3,1.0,152.34
28242,1958,3,12.0,117.97
28243,2017,9,1.0,106.73
28244,2017,3,12.0,65.81
28245,1941,3,1.0,128.21
28246,1947,3,1.0,156.35
28247,1930,3,4.0,345.48
28248,1967,12,1.0,188.62
28249,1958,12,1.0,203.23
28250,1971,15,1.0,268.08
28251,1969,9,1.0,88.55
28252,1967,3,5.0,205.69
28253,1967,12,1.0,178.37
28254,1985,3,5.0,333.61
28255,1985,21,1.0,333.61
28256,1990,3,5.0,879.7
28257,1990,15,1.0,585.06
28258,1956,3,1.0,126.49
28259,1960,3,1.0,132.4
28260,1953,3,1.0,81.01
28261,1950,3,1.0,80.51
28262,1950,9,1.0,82.13
28263,1950,3,12.0,70.0
28264,1950,3,1.0,88.4
28265,1950,3,1.0,66.63
28266,1950,3,1.0,104.24
28267,2006,6,1.0,81.17
28268,1950,3,1.0,90.64
28269,1950,3,1.0,93.99
28270,1950,3,1.0,83.44
28271,1950,3,1.0,105.22
28272,1947,6,1.0,127.29
28273,1964,3,1.0,114.45
28274,1950,3,1.0,57.18
28275,1953,3,1.0,104.19
28276,1950,3,1.0,110.78
28277,1954,3,1.0,157.16
28278,1950,3,1.0,112.39
28279,1950,3,1.0,101.49
28280,1950,3,1.0,100.97
28281,1953,6,1.0,350.35
28282,1950,3,5.0,362.82
28283,1950,3,1.0,134.41
28284,1950,3,1.0,76.17
28285,1950,3,12.0,76.17
28286,1950,3,1.0,58.89
28287,2000,3,5.0,456.51
28288,2000,9,1.0,236.19
28289,1992,9,1.0,152.89
28290,1964,3,5.0,223.96
28291,1975,18,1.0,201.68
28292,1950,3,5.0,261.86
28293,1953,3,1.0,117.57
28294,1953,3,1.0,121.06
28295,1953,3,1.0,112.75
28296,2016,3,5.0,128.31
28297,2016,9,1.0,97.48
28298,2016,3,12.0,81.89
28299,1950,3,1.0,130.88
28300,1950,3,12.0,120.6
28301,1953,6,1.0,137.26
28302,1950,3,1.0,24.77
28303,1953,3,5.0,69.22
28304,1953,3,1.0,66.01
28305,1955,3,5.0,120.01
28306,1955,9,1.0,104.92
28307,1955,3,11.0,31.78
28308,1955,6,12.0,
28309,1953,6,1.0,99.43
28310,1981,9,1.0,284.06
28311,1950,3,1.0,67.64
28312,1954,3,1.0,98.36
28313,2009,9,1.0,207.59
28314,2009,3,12.0,195.89
28315,1952,9,1.0,119.01
28316,1952,9,12.0,109.41
28317,1995,9,1.0,422.21
28318,1970,15,1.0,235.79
28319,1979,15,1.0,207.39
28320,1979,15,1.0,220.11
28321,1979,15,1.0,228.56
28322,1979,15,1.0,228.0
28323,1930,3,1.0,1664.29
28324,1930,3,12.0,197.74
28325,1930,3,1.0,67.2
28326,1930,3,12.0,49.69
28327,1930,3,1.0,73.6
28328,1930,3,12.0,73.6
28329,1930,3,1.0,61.6
28330,1930,3,12.0,61.6
28331,1992,3,2.0,70.87
28332,1930,3,1.0,54.55
28333,1930,3,1.0,55.19
28334,1930,3,1.0,60.59
28335,1930,3,1.0,91.49
28336,1930,3,1.0,69.33
28337,1962,6,1.0,79.89
28338,1970,15,1.0,362.87
28339,1979,15,1.0,304.83
28340,1979,3,3.0,17.44
28341,2007,9,1.0,171.95
28342,2007,3,12.0,159.86
28343,2022,6,1.0,79.17
28344,2022,6,1.0,68.79
28345,1994,3,5.0,699.63
28346,1994,12,1.0,315.62
28347,1994,3,12.0,315.62
28348,1986,9,1.0,139.27
28349,1960,3,1.0,99.92
28350,1960,3,12.0,93.05
28351,1965,9,1.0,103.05
28352,1965,3,12.0,82.48
28353,1960,3,1.0,99.33
28354,1959,3,1.0,98.79
28355,1959,3,12.0,
28356,2003,9,1.0,235.37
28357,1991,15,1.0,589.27
28358,1991,15,1.0,542.49
28359,1993,15,1.0,924.75
28360,1991,15,1.0,852.55
28361,1994,9,1.0,659.97
28362,1992,3,1.0,71.04
28363,1992,12,1.0,78.8
28364,1992,3,11.0,78.8
28365,1992,6,12.0,78.8
28366,2000,3,5.0,275.08
28367,2000,9,1.0,263.88
28368,1959,3,1.0,67.04
28369,1963,9,1.0,67.88
28370,1963,3,12.0,67.88
28371,1964,6,1.0,132.6
28372,1965,3,1.0,164.24
28373,1962,9,1.0,180.18
28374,1969,3,1.0,184.9
28375,1969,3,12.0,138.76
28376,1965,3,1.0,129.67
28377,1973,9,1.0,162.5
28378,2006,9,1.0,83.0
28379,1962,3,5.0,80.8
28380,1962,3,1.0,80.8
28381,1965,9,1.0,112.88
28382,1965,3,12.0,95.04
28383,2020,6,1.0,108.11
28384,2020,3,11.0,59.95
28385,2020,3,12.0,
28386,1969,6,1.0,122.97
28387,1966,6,1.0,142.5
28388,1961,3,1.0,120.74
28389,1960,3,1.0,137.58
28390,1960,3,1.0,142.66
28391,1959,3,5.0,147.28
28392,1959,3,1.0,90.26
28393,1965,9,1.0,119.73
28394,2017,3,10.0,80.23
28395,1965,3,12.0,54.2
28396,1970,3,1.0,113.99
28397,1969,3,1.0,108.22
28398,1969,3,1.0,116.59
28399,2002,9,1.0,171.21
28400,1969,3,1.0,125.08
28401,1969,3,12.0,
28402,1973,3,1.0,146.83
28403,1964,6,1.0,153.15
28404,1964,3,12.0,74.91
28405,1964,6,1.0,172.73
28406,1964,3,12.0,166.98
28407,1964,3,1.0,109.98
28408,1964,3,12.0,79.0
28409,2002,3,1.0,100.47
28410,1965,3,1.0,108.58
28411,1959,3,1.0,104.78
28412,1964,3,1.0,91.09
28413,1964,3,1.0,156.51
28414,1964,3,12.0,156.51
28415,1963,6,1.0,95.99
28416,1963,3,12.0,89.08
28417,1960,3,1.0,144.05
28418,1960,3,12.0,8.8
28419,1963,6,1.0,162.57
28420,1959,3,1.0,126.42
28421,1974,3,1.0,124.21
28422,1964,3,5.0,195.27
28423,1964,9,1.0,104.23
28424,1964,3,12.0,104.23
28425,1964,3,1.0,150.38
28426,1970,15,1.0,349.27
28427,1957,9,1.0,175.42
28428,1974,6,12.0,99.97
28429,1960,3,1.0,156.63
28430,1962,3,1.0,175.13
28431,1965,3,1.0,121.96
28432,1966,3,1.0,149.56
28433,1966,3,12.0,20.6
28434,1965,6,1.0,132.61
28435,1964,3,1.0,145.16
28436,1967,6,1.0,141.55
28437,1967,6,12.0,116.17
28438,1970,12,1.0,160.06
28439,1960,3,1.0,80.24
28440,1974,6,1.0,77.79
28441,1962,3,1.0,81.44
28442,1970,6,3.0,628.85
28443,1967,3,1.0,184.97
28444,1967,3,12.0,152.71
28445,1999,3,1.0,183.1
28446,1983,3,1.0,69.26
28447,1995,3,1.0,69.69
28448,1962,3,1.0,71.53
28449,1997,3,1.0,74.62
28450,1958,3,1.0,130.14
28451,1960,3,1.0,144.26
28452,1958,3,1.0,131.27
28453,1963,3,1.0,129.71
28454,1963,3,12.0,101.45
28455,1964,3,1.0,120.09
28456,1960,3,1.0,147.59
28457,1959,3,1.0,142.34
28458,1962,3,1.0,235.18
28459,1995,9,1.0,148.6
28460,1995,3,12.0,120.89
28461,1975,3,1.0,146.62
28462,1960,3,1.0,88.36
28463,1964,3,1.0,61.4
28464,1983,3,1.0,61.27
28465,1970,9,1.0,119.15
28466,1960,15,1.0,495.62
28467,1965,3,5.0,249.48
28468,1965,6,1.0,201.55
28469,1965,3,12.0,
28470,1962,3,1.0,135.83
28471,1963,12,1.0,99.92
28472,1976,3,1.0,110.83
28473,1967,3,1.0,92.72
28474,2012,15,1.0,212.12
28475,2012,3,12.0,156.62
28476,1962,3,1.0,98.21
28477,1958,3,1.0,70.31
28478,1960,3,1.0,75.86
28479,1959,6,1.0,95.83
28480,1959,3,11.0,84.83
28481,1959,3,12.0,6.63
28482,1965,3,1.0,100.6
28483,1960,6,1.0,77.46
28484,1960,6,12.0,77.46
28485,1958,3,1.0,65.07
28486,1958,6,12.0,10.07
28487,1989,3,1.0,80.02
28488,2004,3,10.0,58.15
28489,2004,3,11.0,58.15
28490,1965,3,1.0,66.64
28491,1963,3,1.0,72.51
28492,1963,6,1.0,60.07
28493,1959,3,1.0,67.33
28494,1971,3,1.0,72.97
28495,1961,3,1.0,61.43
28496,1962,3,1.0,54.65
28497,1972,6,1.0,115.69
28498,1962,3,12.0,108.76
28499,1966,3,1.0,63.61
28500,1965,3,1.0,68.07
28501,1966,6,1.0,60.06
28502,1958,3,1.0,63.36
28503,1957,3,1.0,71.73
28504,1964,3,1.0,74.11
28505,1964,3,12.0,74.11
28506,1958,3,1.0,74.06
28507,1965,9,1.0,79.11
28508,1965,3,12.0,68.91
28509,1962,3,1.0,69.81
28510,1971,3,1.0,78.97
28511,1965,3,1.0,101.28
28512,1957,3,1.0,120.73
28513,1988,3,1.0,154.81
28514,1955,3,1.0,114.52
28515,1967,9,1.0,85.0
28516,1965,3,12.0,76.0
28517,1989,3,1.0,53.27
28518,1989,3,1.0,55.35
28519,2000,3,10.0,55.35
28520,1989,3,12.0,55.35
28521,1989,9,1.0,55.73
28522,2000,3,10.0,55.73
28523,1989,3,12.0,55.73
28524,1989,3,1.0,54.63
28525,1989,3,1.0,61.41
28526,1989,3,1.0,69.86
28527,1989,3,12.0,16.93
28528,1989,3,1.0,71.02
28529,1997,9,1.0,86.74
28530,2005,3,11.0,54.72
28531,1989,3,12.0,50.64
28532,1989,3,1.0,54.66
28533,1989,3,1.0,64.94
28534,1989,3,1.0,62.4
28535,1989,3,1.0,57.84
28536,1989,3,1.0,58.54
28537,1989,3,1.0,60.07
28538,1989,3,1.0,59.53
28539,1989,3,1.0,54.39
28540,1989,9,1.0,108.7
28541,1989,3,12.0,85.76
28542,1979,3,1.0,161.03
28543,2008,9,1.0,233.53
28544,2016,3,3.0,3965.67
28545,2016,9,2.0,743.14
28546,2016,3,11.0,614.26
28547,2016,3,12.0,
28548,1980,3,3.0,2124.57
28549,1980,3,2.0,367.84
28550,1981,3,3.0,538.06
28551,1981,3,2.0,22.95
28552,1994,3,3.0,3364.27
28553,1994,3,3.0,598.37
28554,1994,3,3.0,595.12
28555,1994,3,3.0,19.61
28556,1969,3,1.0,110.74
28557,1978,6,1.0,329.49
28558,1978,3,12.0,
28559,1978,3,1.0,193.3
28560,1978,3,12.0,
28561,1969,3,1.0,184.86
28562,1969,3,1.0,121.05
28563,1995,3,10.0,13.09
28564,1995,3,12.0,
28565,1960,3,3.0,515.02
28566,1960,3,3.0,65.67
28567,1960,3,2.0,199.82
28568,1960,3,3.0,1290.96
28569,1800,9,1.0,446.23
28570,1800,3,12.0,162.37
28571,2022,9,2.0,9622.87
28572,2022,3,11.0,1153.36
28573,2022,3,12.0,1153.36
28574,2001,6,5.0,1499.47
28575,2007,3,3.0,307.62
28576,2009,9,3.0,1854.81
28577,2009,6,2.0,1854.81
28578,2009,3,12.0,1435.39
28579,2009,3,3.0,1331.79
28580,2009,3,2.0,1175.24
28581,2000,3,3.0,1171.12
28582,2000,3,2.0,667.84
28583,1996,3,9.0,220.39
28584,2001,3,5.0,1638.49
28585,2001,3,8.0,1559.45
28586,2001,6,12.0,1518.38
28587,2005,3,5.0,5572.09
28588,2005,12,3.0,3109.28
28589,2005,9,2.0,
28590,2005,6,10.0,
28591,2005,3,12.0,
28592,2000,3,5.0,2813.06
28593,2000,3,3.0,1064.22
28594,2000,3,2.0,
28595,2009,3,3.0,4784.61
28596,2012,3,2.0,415.2
28597,2002,6,5.0,3737.61
28598,2002,12,3.0,3404.21
28599,2002,6,2.0,2948.14
28600,2002,6,11.0,402.66
28601,2009,3,3.0,6164.52
28602,2012,3,2.0,853.57
28603,2007,3,12.0,
28604,2002,6,3.0,1689.91
28605,1999,3,2.0,687.19
28606,2004,3,2.0,3483.67
28607,1970,3,12.0,108.35
28608,1962,3,12.0,6128.26
28609,1970,3,12.0,10.5
28610,1970,3,12.0,111.98
28611,1936,3,12.0,689.64
28612,1974,6,1.0,127.68
28613,1953,3,1.0,88.58
28614,1994,3,1.0,129.21
28615,1976,3,5.0,389.99
28616,1980,18,1.0,356.42
28617,1975,3,1.0,231.79
28618,1990,12,1.0,305.6
28619,1991,12,1.0,352.08
28620,1982,3,12.0,204.24
28621,1977,6,1.0,184.91
28622,1975,15,1.0,667.69
28623,1974,15,1.0,211.14
28624,1973,9,1.0,347.35
28625,1981,3,1.0,215.71
28626,1975,9,1.0,209.56
28627,1975,6,11.0,175.56
28628,1983,9,1.0,1145.57
28629,1981,12,1.0,405.64
28630,1997,12,1.0,349.48
28631,1992,3,1.0,259.39
28632,1975,3,12.0,259.39
28633,1960,6,1.0,149.91
28634,1957,3,1.0,145.9
28635,1965,3,1.0,132.1
28636,1968,3,1.0,175.27
28637,1968,3,12.0,130.4
28638,1963,3,5.0,109.02
28639,1963,3,1.0,84.1
28640,1963,3,12.0,
28641,1957,3,1.0,119.93
28642,1965,12,1.0,210.69
28643,2001,3,2.0,228.74
28644,2006,6,1.0,110.77
28645,2001,3,12.0,
28646,1994,3,1.0,202.74
28647,1964,9,1.0,120.51
28648,1989,9,1.0,119.14
28649,1980,3,12.0,119.14
28650,1974,3,12.0,172.32
28651,1968,6,1.0,159.43
28652,1961,3,1.0,130.53
28653,1961,3,12.0,
28654,1980,9,1.0,3197.2
28655,1964,6,1.0,120.65
28656,1969,3,1.0,93.21
28657,1953,3,12.0,75.3
28658,1966,3,1.0,80.66
28659,1964,3,1.0,96.07
28660,1962,3,1.0,94.89
28661,1961,3,1.0,78.04
28662,1957,3,1.0,82.39
28663,1953,3,5.0,102.16
28664,1974,3,1.0,84.5
28665,1958,3,1.0,75.1
28666,1956,3,1.0,68.39
28667,1954,3,1.0,65.07
28668,1965,3,1.0,167.91
28669,1965,3,12.0,140.57
28670,2004,6,9.0,143.53
28671,1996,3,9.0,242.29
28672,2000,6,1.0,343.81
28673,2000,3,12.0,134.0
28674,2008,9,1.0,292.28
28675,2006,9,1.0,348.03
28676,1980,3,3.0,359.57
28677,1980,9,1.0,281.21
28678,1994,6,1.0,154.16
28679,1997,3,12.0,100.25
28680,1996,6,1.0,147.27
28681,1996,6,12.0,129.41
28682,2008,9,1.0,341.23
28683,1985,3,1.0,157.98
28684,1983,3,1.0,119.35
28685,1983,3,12.0,91.59
28686,1983,9,1.0,151.68
28687,1989,6,1.0,149.7
28688,1985,9,1.0,155.22
28689,1985,3,12.0,122.51
28690,2001,9,1.0,117.99
28691,2001,6,12.0,117.99
28692,1999,3,1.0,199.93
28693,1982,3,1.0,154.29
28694,1982,3,12.0,137.66
28695,1985,3,5.0,152.0
28696,1985,9,1.0,92.84
28697,1985,3,12.0,5.44
28698,1990,3,1.0,130.11
28699,1979,9,1.0,154.44
28700,1985,6,1.0,209.54
28701,1988,6,1.0,109.67
28702,1988,3,9.0,109.67
28703,1978,3,1.0,155.35
28704,1978,3,9.0,137.1
28705,1980,9,1.0,215.32
28706,1983,3,1.0,157.75
28707,1983,3,12.0,128.96
28708,1983,3,1.0,153.57
28709,1983,3,12.0,129.51
28710,1990,6,1.0,151.79
28711,1978,9,12.0,127.6
28712,1980,12,1.0,290.31
28713,1994,9,1.0,1539.15
28714,1973,9,1.0,339.44
28715,1974,9,1.0,340.1
28716,1975,9,1.0,324.0
28717,1989,3,5.0,238.24
28718,1989,9,1.0,223.06
28719,1991,9,1.0,113.92
28720,1987,3,1.0,155.05
28721,1982,3,12.0,165.39
28722,2004,12,1.0,282.19
28723,1996,9,1.0,305.92
28724,1976,12,1.0,290.12
28725,1976,3,5.0,310.72
28726,1976,9,1.0,306.64
28727,1975,9,1.0,330.76
28728,2000,9,1.0,414.77
28729,1984,3,1.0,121.33
28730,1984,3,12.0,121.33
28731,1961,9,1.0,117.25
28732,2024,3,10.0,81.7
28733,2024,3,12.0,
28734,1935,3,1.0,112.14
28735,1935,3,1.0,83.8
28736,2023,6,1.0,79.42
28737,2023,3,11.0,36.37
28738,2023,3,12.0,
28739,1940,3,1.0,106.1
28740,1946,3,1.0,103.06
28741,1950,3,1.0,108.39
28742,2023,3,1.0,80.35
28743,1979,3,1.0,92.0
28744,1930,3,12.0,80.36
28745,1971,3,1.0,127.51
28746,1920,3,1.0,102.5
28747,1960,3,1.0,100.86
28748,1960,3,12.0,71.34
28749,1998,9,1.0,273.87
28750,2023,12,1.0,137.17
28751,2023,3,12.0,137.17
28752,1983,3,1.0,307.3
28753,1983,3,12.0,239.83
28754,1953,3,1.0,150.78
28755,1953,3,12.0,
28756,1970,3,1.0,140.25
28757,1994,3,9.0,801.42
28758,1970,3,1.0,166.74
28759,1970,3,12.0,166.74
28760,1970,15,1.0,298.05
28761,1920,3,5.0,293.23
28762,1951,3,1.0,104.33
28763,1920,3,1.0,102.95
28764,1929,3,1.0,90.82
28765,1970,3,1.0,154.09
28766,1970,3,12.0,105.82
28767,1991,3,1.0,68.59
28768,1910,3,1.0,150.87
28769,1910,3,1.0,152.44
28770,1970,15,1.0,295.86
28771,2020,6,1.0,88.45
28772,2020,3,12.0,56.92
28773,1910,3,1.0,93.47
28774,1900,3,1.0,75.08
28775,1978,6,1.0,137.87
28776,1950,3,12.0,100.7
28777,2010,9,1.0,67.01
28778,2010,3,12.0,67.01
28779,1940,3,1.0,67.87
28780,1994,3,1.0,88.9
28781,1993,3,1.0,101.06
28782,1978,3,12.0,223.0
28783,1943,3,1.0,115.8
28784,1993,6,1.0,161.42
28785,2006,12,1.0,79.12
28786,1984,3,1.0,262.65
28787,1989,3,12.0,271.48
28788,1980,12,1.0,519.87
28789,1971,6,12.0,251.04
28790,1977,6,1.0,126.54
28791,1975,3,12.0,105.66
28792,1965,3,1.0,40.81
28793,1984,3,1.0,51.66
28794,1984,3,12.0,51.66
28795,1996,3,5.0,527.06
28796,1996,9,1.0,245.62
28797,1970,15,1.0,290.08
28798,1970,15,1.0,298.88
28799,1958,3,12.0,195.66
28800,2007,12,1.0,118.43
28801,1973,3,5.0,132.71
28802,1973,3,3.0,
28803,1924,3,3.0,47.08
28804,1924,3,1.0,201.76
28805,1930,3,1.0,96.44
28806,1930,3,12.0,4.62
28807,2004,3,5.0,191.41
28808,1989,12,1.0,91.6
28809,1974,3,1.0,151.5
28810,1972,3,4.0,398.18
28811,1927,3,1.0,281.96
28812,1975,21,1.0,1279.52
28813,1967,15,1.0,205.27
28814,1985,12,1.0,104.48
28815,1985,3,12.0,61.61
28816,1930,3,1.0,191.26
28817,1930,3,12.0,114.77
28818,1952,6,1.0,132.09
28819,1977,3,12.0,105.24
28820,1925,3,1.0,96.68
28821,1972,15,1.0,1047.32
28822,1996,3,1.0,253.52
28823,2004,9,1.0,817.82
28824,2004,6,12.0,817.82
28825,2005,3,5.0,726.24
28826,2005,9,1.0,685.71
28827,1970,12,1.0,236.18
28828,1971,12,1.0,531.16
28829,1972,15,1.0,520.87
28830,1994,6,12.0,472.99
28831,1972,15,1.0,380.79
28832,1968,3,1.0,235.09
28833,1967,3,1.0,192.58
28834,2018,9,1.0,190.66
28835,2018,3,12.0,109.94
28836,1968,3,1.0,148.41
28837,1968,12,1.0,116.17
28838,1969,3,5.0,393.87
28839,1986,6,1.0,342.74
28840,1970,3,3.0,350.57
28841,1970,3,5.0,1268.32
28842,1970,6,12.0,1197.76
28843,1940,3,5.0,210.38
28844,1940,6,1.0,82.87
28845,1940,3,12.0,52.9
28846,1955,3,3.0,1065.95
28847,1950,3,5.0,749.85
28848,1950,3,3.0,
28849,1965,3,1.0,393.64
28850,2000,3,1.0,348.2
28851,2000,3,9.0,173.98
28852,1981,12,12.0,2154.49
28853,1977,12,1.0,445.86
28854,1977,12,1.0,451.19
28855,1970,18,1.0,334.55
28856,1972,18,1.0,436.73
28857,1962,3,1.0,92.27
28858,1965,3,1.0,105.5
28859,1967,3,1.0,141.15
28860,1966,3,1.0,147.3
28861,1971,3,1.0,173.6
28862,1988,3,1.0,258.51
28863,1966,3,1.0,174.32
28864,1962,12,1.0,177.02
28865,1990,15,1.0,800.01
28866,1979,3,5.0,840.76
28867,1979,15,1.0,428.76
28868,1979,3,12.0,428.76
28869,1984,15,1.0,708.67
28870,1983,15,1.0,680.83
28871,1971,15,1.0,333.86
28872,1971,3,12.0,296.42
28873,1971,18,1.0,331.47
28874,1965,3,5.0,383.6
28875,1965,3,1.0,355.36
28876,1978,15,1.0,369.55
28877,1972,12,1.0,385.72
28878,1978,12,1.0,347.69
28879,1978,12,1.0,399.27
28880,1920,3,5.0,1500.99
28881,1920,9,12.0,1322.81
28882,1969,21,1.0,435.5
28883,1961,12,1.0,97.75
28884,1954,6,12.0,88.98
28885,1954,3,1.0,99.95
28886,2000,12,1.0,89.98
28887,2000,3,11.0,74.0
28888,2000,3,12.0,74.0
28889,1960,3,1.0,232.7
28890,1967,3,1.0,94.25
28891,1967,3,12.0,90.28
28892,1962,12,1.0,102.7
28893,1970,9,1.0,107.14
28894,2006,3,5.0,121.5
28895,2006,9,1.0,121.5
28896,1970,3,1.0,95.78
28897,1970,3,12.0,95.78
28898,1966,3,1.0,94.03
28899,1970,9,1.0,106.17
28900,1968,6,1.0,175.1
28901,1985,12,1.0,75.39
28902,1985,3,11.0,75.39
28903,1985,3,12.0,73.99
28904,1925,3,1.0,245.69
28905,1971,15,1.0,366.96
28906,1988,3,12.0,744.4
28907,1985,3,1.0,74.43
28908,1985,3,12.0,74.43
28909,1936,6,1.0,201.67
28910,1936,6,12.0,153.32
28911,1985,3,1.0,72.61
28912,1985,3,12.0,72.61
28913,2000,9,1.0,488.97
28914,2004,3,5.0,400.35
28915,2004,3,1.0,323.8
28916,2004,3,12.0,323.8
28917,2006,12,1.0,302.75
28918,2007,15,1.0,200.61
28919,2007,3,12.0,165.32
28920,1977,15,1.0,352.89
28921,2004,3,5.0,283.64
28922,2004,3,1.0,157.7
28923,2004,3,12.0,157.7
28924,2016,6,1.0,100.68
28925,2016,3,12.0,79.98
28926,1935,3,1.0,114.78
28927,1942,3,1.0,117.11
28928,1965,3,1.0,128.52
28929,1958,3,1.0,118.99
28930,1993,3,1.0,116.02
28931,1966,3,1.0,92.33
28932,1966,3,12.0,65.6
28933,1967,3,1.0,147.31
28934,1967,3,12.0,108.74
28935,1953,3,1.0,119.23
28936,1953,3,12.0,
28937,1967,3,1.0,317.75
28938,1995,9,1.0,1396.35
28939,2002,12,1.0,207.17
28940,1997,3,1.0,110.7
28941,1977,3,1.0,206.59
28942,1959,3,1.0,135.57
28943,1959,3,1.0,103.63
28944,1969,3,1.0,144.42
28945,2023,6,1.0,110.58
28946,1932,3,1.0,97.42
28947,1932,3,12.0,
28948,2004,6,1.0,135.72
28949,2004,3,12.0,124.06
28950,2001,3,1.0,87.77
28951,2023,6,1.0,93.57
28952,2004,3,5.0,178.72
28953,2004,3,1.0,141.27
28954,2004,3,12.0,141.27
28955,1992,6,1.0,132.25
28956,1998,12,1.0,379.88
28957,1973,15,1.0,260.4
28958,1970,3,5.0,146.93
28959,1970,3,1.0,146.93
28960,1973,12,1.0,257.59
28961,1989,6,1.0,185.77
28962,2007,9,1.0,149.84
28963,1967,21,1.0,258.17
28964,1964,3,1.0,179.97
28965,1964,3,12.0,114.3
28966,1991,9,1.0,140.09
28967,1951,3,1.0,149.6
28968,1973,18,1.0,281.81
28969,2002,9,1.0,186.89
28970,2023,3,2.0,169.21
28971,1994,12,1.0,99.42
28972,2008,3,12.0,99.42
28973,1990,12,1.0,85.57
28974,1990,3,12.0,78.26
28975,1933,3,1.0,103.16
28976,1955,3,1.0,86.89
28977,1930,3,12.0,
28978,1961,3,1.0,117.61
28979,1995,12,1.0,786.27
28980,1992,3,2.0,399.77
28981,1992,12,1.0,381.5
28982,2001,9,1.0,225.58
28983,2003,3,5.0,448.35
28984,2003,3,7.0,417.66
28985,2003,3,1.0,417.66
28986,2003,3,12.0,417.66
28987,2007,3,5.0,287.98
28988,2007,12,1.0,186.08
28989,1947,9,1.0,152.63
28990,1951,6,1.0,238.77
28991,1951,3,12.0,194.08
28992,1988,3,1.0,62.93
28993,1968,3,1.0,82.58
28994,1959,3,1.0,87.5
28995,1982,9,1.0,104.04
28996,1965,3,11.0,98.2
28997,1965,3,12.0,
28998,1973,18,1.0,415.75
28999,1950,3,1.0,83.6
29000,1948,3,1.0,110.45
29001,1949,6,1.0,162.73
29002,1947,3,1.0,128.73
29003,1935,3,1.0,276.55
29004,1935,3,12.0,223.62
29005,1933,6,1.0,108.8
29006,1933,6,12.0,105.35
29007,1970,3,5.0,155.68
29008,1970,3,1.0,155.68
29009,1992,12,1.0,167.13
29010,1952,9,1.0,426.49
29011,1988,12,1.0,135.23
29012,1947,3,5.0,135.5
29013,1947,3,1.0,135.5
29014,1953,3,1.0,120.37
29015,1923,6,1.0,138.71
29016,1923,3,12.0,87.6
29017,2002,12,1.0,157.77
29018,2002,3,10.0,117.01
29019,2002,3,11.0,117.01
29020,2002,3,12.0,70.31
29021,1967,21,1.0,306.14
29022,1988,3,1.0,55.32
29023,1988,3,1.0,57.46
29024,1988,3,12.0,57.46
29025,1988,9,1.0,58.41
29026,1988,3,12.0,58.41
29027,2019,15,1.0,349.05
29028,2019,3,11.0,266.96
29029,2019,6,12.0,265.87
29030,1936,9,1.0,231.05
29031,2003,3,1.0,84.56
29032,1948,3,1.0,89.74
29033,2004,9,1.0,314.38
29034,1974,3,5.0,649.7
29035,1975,18,1.0,639.66
29036,1993,3,1.0,89.27
29037,1993,3,12.0,79.42
29038,1949,3,1.0,102.41
29039,1924,3,1.0,124.78
29040,1923,6,1.0,132.95
29041,1954,3,1.0,108.19
29042,1966,3,1.0,152.82
29043,1966,9,12.0,127.27
29044,1967,3,1.0,173.95
29045,1932,3,1.0,146.6
29046,1967,3,12.0,
29047,1969,3,12.0,72.08
29048,1965,3,1.0,218.9
29049,1965,3,12.0,111.31
29050,2001,3,12.0,43.63
29051,1968,9,1.0,129.11
29052,1991,3,5.0,467.05
29053,1991,9,1.0,437.99
29054,1967,3,1.0,184.46
29055,2001,3,1.0,102.49
29056,2007,9,1.0,322.86
29057,1966,3,1.0,145.76
29058,1966,3,12.0,96.92
29059,1963,3,1.0,111.66
29060,1969,6,1.0,117.53
29061,1990,3,1.0,129.51
29062,1967,3,12.0,
29063,2002,3,5.0,435.98
29064,2002,9,1.0,326.86
29065,2004,3,1.0,313.5
29066,2004,3,12.0,225.38
29067,2004,3,5.0,628.72
29068,2004,3,1.0,628.69
29069,2004,3,12.0,628.69
29070,2008,9,1.0,305.84
29071,2008,9,1.0,234.04
29072,1931,3,5.0,129.0
29073,1969,3,1.0,
29074,1972,6,1.0,192.28
29075,1961,3,1.0,95.52
29076,1922,3,1.0,223.34
29077,1922,3,12.0,
29078,1956,3,1.0,265.55
29079,1969,3,11.0,186.32
29080,1972,3,5.0,694.86
29081,1972,21,1.0,438.54
29082,1989,3,5.0,825.07
29083,1989,15,1.0,672.86
29084,1977,3,1.0,138.46
29085,1980,3,1.0,85.34
29086,1989,3,5.0,253.74
29087,1989,15,1.0,151.27
29088,1971,12,1.0,152.18
29089,1969,3,1.0,113.66
29090,1969,3,12.0,
29091,1929,3,1.0,127.6
29092,1929,3,12.0,
29093,1963,3,1.0,116.16
29094,1965,3,1.0,150.23
29095,1966,3,1.0,84.67
29096,1933,3,12.0,84.67
29097,2002,9,1.0,87.98
29098,1931,3,1.0,66.99
29099,1931,3,12.0,65.95
29100,1933,3,1.0,124.05
29101,1960,3,12.0,2900.12
29102,2003,3,5.0,3532.78
29103,2007,3,4.0,3480.12
29104,2003,3,3.0,
29105,2003,3,11.0,
29106,2004,6,12.0,
29107,2012,3,5.0,2191.1
29108,1963,9,4.0,2084.22
29109,1963,3,3.0,631.69
29110,1963,3,11.0,
29111,1963,3,12.0,
29112,1980,6,2.0,625.62
29113,1980,3,12.0,31.07
29114,1955,3,1.0,91.99
29115,2002,3,1.0,81.03
29116,1989,12,1.0,63.68
29117,1989,3,11.0,56.56
29118,1989,3,12.0,56.56
29119,2004,3,1.0,100.19
29120,1988,3,5.0,154.9
29121,1988,12,1.0,78.26
29122,1963,9,1.0,153.7
29123,2004,3,1.0,84.09
29124,1970,6,3.0,189.71
29125,2007,9,1.0,594.52
29126,1988,3,1.0,59.77
29127,1988,3,12.0,59.77
29128,1988,3,1.0,57.48
29129,1988,3,12.0,57.48
29130,1988,3,1.0,69.5
29131,1988,3,1.0,79.07
29132,1988,3,12.0,59.41
29133,1990,6,1.0,108.78
29134,1988,3,1.0,66.33
29135,1988,3,1.0,64.42
29136,1988,3,1.0,55.25
29137,1988,3,1.0,56.97
29138,1993,3,1.0,97.04
29139,1991,12,1.0,904.82
29140,1989,12,1.0,66.03
29141,1989,3,11.0,60.3
29142,1989,3,12.0,60.3
29143,1989,12,1.0,69.67
29144,1989,3,11.0,64.15
29145,1989,3,12.0,64.15
29146,2000,12,1.0,214.04
29147,2005,12,1.0,281.26
29148,1999,3,5.0,1153.6
29149,2022,3,3.0,255.79
29150,2022,3,2.0,
29151,1999,3,12.0,
29152,1971,3,12.0,28.76
29153,1987,3,3.0,864.77
29154,1987,3,2.0,864.77
29155,1987,3,11.0,
29156,1990,3,12.0,
29157,2003,6,5.0,1032.66
29158,2003,6,12.0,1032.66
29159,1999,9,12.0,171.05
29160,1998,3,5.0,1916.24
29161,1998,3,12.0,
29162,1961,3,3.0,564.8
29163,1961,3,12.0,564.8
29164,1971,6,5.0,1836.64
29165,1971,3,3.0,906.17
29166,1970,3,12.0,302.05
29167,1976,3,3.0,760.71
29168,1956,3,2.0,413.57
29169,1956,3,12.0,73.91
29170,1963,3,12.0,7.78
29171,1975,3,6.0,330.56
29172,1987,3,5.0,2496.13
29173,1987,3,3.0,
29174,1987,3,2.0,
29175,1996,3,3.0,532.14
29176,1975,3,3.0,249.67
29177,1959,3,1.0,107.68
29178,1959,3,1.0,136.8
29179,1998,3,5.0,258.04
29180,2002,3,3.0,443.2
29181,1999,3,5.0,429.62
29182,1987,3,12.0,394.31
29183,1987,3,5.0,369.57
29184,1987,3,5.0,259.87
29185,2000,3,12.0,86.72
29186,1965,9,1.0,315.07
29187,1955,3,5.0,137.23
29188,1955,9,1.0,151.12
29189,1955,6,12.0,140.06
29190,1984,6,1.0,151.8
29191,1955,3,12.0,124.32
29192,1950,3,1.0,193.35
29193,1950,3,12.0,77.42
29194,1965,12,1.0,154.32
29195,1983,3,1.0,149.99
29196,1965,3,1.0,150.36
29197,1955,3,1.0,77.78
29198,1955,3,5.0,90.93
29199,1955,3,1.0,90.93
29200,1969,6,1.0,188.23
29201,2005,12,1.0,247.52
29202,1969,3,12.0,8.35
29203,1956,9,1.0,146.17
29204,1956,3,12.0,104.98
29205,1959,3,5.0,173.9
29206,1981,9,1.0,173.9
29207,1989,3,9.0,113.54
29208,1956,3,1.0,101.81
29209,1956,9,1.0,132.04
29210,1956,3,12.0,106.47
29211,1956,3,1.0,141.35
29212,1956,3,1.0,143.43
29213,1956,3,12.0,
29214,1976,6,1.0,105.86
29215,2017,3,12.0,73.92
29216,1956,3,1.0,124.2
29217,1956,3,1.0,133.76
29218,1979,3,12.0,124.32
29219,1991,3,1.0,67.01
29220,1956,3,12.0,33.53
29221,1957,3,1.0,59.91
29222,1957,3,12.0,14.51
29223,1973,9,1.0,116.33
29224,2003,9,1.0,143.43
29225,1939,6,1.0,123.99
29226,1945,3,1.0,108.15
29227,2006,3,1.0,104.78
29228,2009,3,1.0,108.44
29229,1943,3,1.0,89.13
29230,1966,12,1.0,90.87
29231,1975,6,1.0,133.2
29232,1974,3,1.0,102.21
29233,1974,3,1.0,86.71
29234,1965,12,1.0,314.59
29235,1965,12,1.0,69.0
29236,1936,3,1.0,79.08
29237,1935,3,12.0,21.29
29238,2000,3,1.0,85.01
29239,1950,3,1.0,78.85
29240,1950,3,1.0,61.72
29241,1955,3,5.0,73.01
29242,1971,9,1.0,66.98
29243,1955,3,12.0,48.9
29244,1955,3,1.0,113.18
29245,1950,3,1.0,100.66
29246,1945,3,1.0,96.03
29247,1945,6,12.0,10.59
29248,1945,3,1.0,177.81
29249,1945,3,12.0,66.28
29250,1955,3,1.0,186.9
29251,2003,3,5.0,387.62
29252,2002,9,1.0,264.92
29253,1950,3,1.0,63.54
29254,1945,3,1.0,101.33
29255,1945,3,12.0,83.54
29256,1955,3,1.0,87.19
29257,1955,3,12.0,87.19
29258,1960,3,1.0,60.76
29259,1960,3,12.0,56.51
29260,1960,3,1.0,76.96
29261,1960,3,12.0,66.69
29262,1948,6,1.0,63.86
29263,1930,3,1.0,76.26
29264,1930,3,12.0,63.1
29265,1950,3,1.0,55.13
29266,1950,3,1.0,186.45
29267,1942,3,1.0,116.19
29268,1955,3,12.0,68.02
29269,2007,6,1.0,111.15
29270,2007,6,12.0,97.7
29271,1951,9,1.0,202.15
29272,1952,3,12.0,139.35
29273,1953,3,1.0,92.42
29274,1950,3,1.0,77.91
29275,1950,3,12.0,77.91
29276,1949,9,1.0,210.52
29277,1949,6,12.0,143.97
29278,2005,3,1.0,112.09
29279,1961,3,11.0,65.39
29280,1961,3,12.0,61.03
29281,1951,3,1.0,95.9
29282,1970,6,1.0,129.83
29283,1947,3,1.0,86.13
29284,1947,3,12.0,86.13
29285,1952,3,1.0,96.72
29286,1951,3,1.0,129.53
29287,1954,3,5.0,113.73
29288,1954,3,1.0,90.9
29289,1956,3,1.0,118.95
29290,1951,3,1.0,117.48
29291,1951,3,12.0,74.59
29292,1956,3,1.0,113.64
29293,1950,3,1.0,172.84
29294,1955,3,1.0,113.29
29295,1963,3,1.0,56.05
29296,1950,3,1.0,54.72
29297,1950,3,12.0,54.72
29298,1973,9,1.0,107.58
29299,1953,3,1.0,113.01
29300,1952,3,1.0,93.99
29301,2017,12,1.0,82.16
29302,2017,3,11.0,69.36
29303,2017,3,12.0,69.36
29304,1993,3,1.0,110.46
29305,1955,3,1.0,111.04
29306,2022,12,1.0,76.16
29307,2022,3,12.0,63.17
29308,1955,3,1.0,96.08
29309,1951,3,1.0,113.63
29310,1950,3,1.0,94.23
29311,2002,3,1.0,78.03
29312,1994,3,1.0,69.09
29313,1953,3,1.0,118.56
29314,1994,3,5.0,287.91
29315,1994,9,1.0,274.78
29316,1972,12,1.0,101.27
29317,1954,3,12.0,69.21
29318,2000,3,4.0,106.65
29319,1954,3,1.0,101.33
29320,1953,3,1.0,95.41
29321,1951,3,1.0,99.34
29322,1949,3,1.0,115.49
29323,2001,3,1.0,71.01
29324,1950,3,1.0,123.9
29325,1989,3,1.0,137.96
29326,2001,9,1.0,229.4
29327,1930,3,1.0,94.69
29328,1930,3,1.0,95.89
29329,1930,3,12.0,95.89
29330,1930,6,1.0,171.38
29331,1930,3,1.0,148.67
29332,1930,3,11.0,122.39
29333,1930,3,12.0,102.64
29334,1930,9,1.0,119.79
29335,1930,9,12.0,96.01
29336,1930,3,1.0,119.78
29337,1930,3,5.0,149.98
29338,1977,6,1.0,132.0
29339,1930,3,12.0,
29340,1996,3,5.0,135.96
29341,1996,9,1.0,135.18
29342,1998,3,1.0,55.08
29343,1930,3,1.0,83.59
29344,1930,3,12.0,53.77
29345,1977,9,1.0,122.93
29346,1977,3,11.0,105.61
29347,1977,3,12.0,100.9
29348,1993,3,5.0,486.37
29349,1993,9,1.0,430.41
29350,1962,3,1.0,240.25
29351,2005,3,11.0,184.35
29352,1987,6,12.0,
29353,1981,6,1.0,142.2
29354,1959,3,12.0,107.83
29355,1949,9,1.0,144.13
29356,1949,6,12.0,103.41
29357,1964,3,1.0,152.12
29358,1951,3,12.0,166.82
29359,1984,3,8.0,123.44
29360,1984,9,1.0,118.0
29361,1984,3,11.0,49.07
29362,1984,3,12.0,
29363,1969,3,1.0,228.58
29364,2006,6,1.0,177.7
29365,2006,3,12.0,139.19
29366,1955,3,1.0,117.51
29367,1955,3,1.0,129.06
29368,1989,3,1.0,136.76
29369,1955,3,1.0,104.27
29370,1955,3,1.0,260.09
29371,1951,3,1.0,122.01
29372,1993,3,1.0,80.22
29373,1947,6,1.0,104.86
29374,1947,6,12.0,39.46
29375,1948,3,1.0,115.79
29376,1948,3,12.0,85.64
29377,1992,9,1.0,272.85
29378,1993,9,1.0,288.16
29379,1976,6,1.0,142.99
29380,2006,9,1.0,233.41
29381,1946,3,5.0,95.4
29382,1946,3,1.0,95.4
29383,1966,3,1.0,128.95
29384,1954,3,1.0,111.92
29385,1954,3,1.0,125.16
29386,1954,3,1.0,124.29
29387,1954,3,1.0,158.35
29388,1954,3,1.0,58.16
29389,1954,3,1.0,70.34
29390,1954,3,1.0,67.2
29391,1954,3,1.0,72.07
29392,1954,6,1.0,63.9
29393,1954,3,11.0,57.68
29394,1954,3,12.0,
29395,1954,6,1.0,65.2
29396,1954,6,1.0,72.8
29397,1954,3,1.0,65.43
29398,1954,3,1.0,59.11
29399,1954,3,1.0,64.27
29400,1954,3,12.0,42.5
29401,1954,3,1.0,72.51
29402,1954,6,1.0,64.64
29403,1954,3,12.0,43.46
29404,1954,3,1.0,50.9
29405,1954,3,1.0,66.93
29406,1975,6,1.0,61.31
29407,2017,3,12.0,41.57
29408,1954,3,1.0,61.57
29409,1954,3,12.0,43.39
29410,1954,3,1.0,59.49
29411,1954,3,12.0,43.33
29412,1954,3,1.0,60.24
29413,1954,3,1.0,68.33
29414,1954,3,12.0,42.9
29415,1954,3,1.0,90.16
29416,1954,3,1.0,58.93
29417,1954,3,1.0,75.42
29418,1954,3,12.0,41.4
29419,1954,3,1.0,76.14
29420,1954,3,12.0,41.36
29421,1954,3,1.0,79.51
29422,1954,3,1.0,79.05
29423,1954,3,1.0,69.33
29424,1954,3,1.0,70.74
29425,1954,3,1.0,71.24
29426,1954,3,1.0,66.91
29427,1954,3,1.0,55.26
29428,1954,3,1.0,51.76
29429,1954,3,1.0,59.35
29430,1951,3,1.0,63.99
29431,1954,3,1.0,85.82
29432,1971,6,1.0,210.09
29433,1986,9,1.0,219.3
29434,1979,6,1.0,336.52
29435,1970,9,1.0,167.07
29436,1974,15,1.0,347.2
29437,1970,12,1.0,303.39
29438,1970,15,1.0,148.75
29439,1975,3,8.0,142.13
29440,1976,6,1.0,127.63
29441,1980,6,11.0,121.7
29442,1998,6,1.0,95.22
29443,1972,6,1.0,251.97
29444,1970,12,1.0,274.5
29445,1979,12,1.0,833.9
29446,1979,9,1.0,433.46
29447,1930,3,12.0,129.56
29448,1964,3,1.0,98.62
29449,1970,15,1.0,147.98
29450,1955,3,1.0,101.97
29451,1955,3,1.0,120.67
29452,2000,3,5.0,153.38
29453,1997,3,1.0,87.56
29454,1960,3,5.0,123.92
29455,1960,3,1.0,84.53
29456,1960,3,11.0,12.96
29457,1960,3,12.0,
29458,1965,3,1.0,101.65
29459,1955,3,1.0,104.98
29460,1984,3,1.0,121.25
29461,1955,3,1.0,73.89
29462,1960,3,1.0,148.44
29463,1965,3,1.0,148.87
29464,1968,3,1.0,152.64
29465,1960,3,1.0,145.13
29466,1955,3,5.0,124.2
29467,1955,9,1.0,98.95
29468,1955,3,1.0,153.18
29469,1955,3,1.0,153.93
29470,1955,3,3.0,147.89
29471,1955,6,1.0,106.61
29472,1955,3,1.0,167.38
29473,1965,15,1.0,340.58
29474,1965,15,1.0,348.3
29475,1965,3,1.0,133.51
29476,1993,6,1.0,164.04
29477,2000,3,5.0,372.34
29478,2000,9,1.0,272.91
29479,1973,3,5.0,140.45
29480,1973,3,1.0,121.11
29481,1973,3,12.0,121.11
29482,1970,3,5.0,161.74
29483,1970,3,1.0,161.74
29484,1965,15,1.0,328.41
29485,1965,15,1.0,322.02
29486,1955,3,12.0,356.45
29487,1950,3,12.0,74.87
29488,1955,3,1.0,131.13
29489,1960,12,1.0,357.19
29490,2015,3,5.0,86.6
29491,2015,12,1.0,72.47
29492,2015,3,11.0,72.47
29493,1960,9,1.0,109.55
29494,2007,15,1.0,210.46
29495,1960,3,1.0,99.16
29496,1957,3,1.0,106.07
29497,1971,9,1.0,109.68
29498,1963,3,1.0,125.58
29499,1963,3,12.0,125.58
29500,1956,3,1.0,98.2
29501,1998,3,1.0,76.44
29502,1959,6,1.0,130.45
29503,1959,6,12.0,110.76
29504,1969,6,1.0,122.75
29505,1969,6,12.0,122.75
29506,1962,3,1.0,125.57
29507,1980,3,1.0,124.0
29508,1965,3,1.0,112.85
29509,1968,3,1.0,130.88
29510,1974,6,1.0,153.85
29511,1965,3,1.0,135.12
29512,2007,3,5.0,96.91
29513,2007,6,1.0,63.37
29514,1960,3,1.0,112.01
29515,1986,3,5.0,205.8
29516,1986,6,1.0,123.96
29517,1986,6,12.0,100.02
29518,1980,3,8.0,87.6
29519,1980,9,1.0,87.6
29520,1996,3,1.0,119.95
29521,1963,3,1.0,130.32
29522,1958,6,1.0,147.61
29523,1960,3,1.0,134.23
29524,1959,6,1.0,181.55
29525,1959,3,11.0,107.2
29526,1959,6,12.0,
29527,1967,3,3.0,292.64
29528,1967,6,1.0,280.13
29529,1998,18,1.0,404.74
29530,2003,3,5.0,249.24
29531,2003,12,1.0,174.24
29532,1956,3,1.0,69.89
29533,2004,9,1.0,69.33
29534,1980,9,1.0,129.53
29535,1957,6,12.0,80.69
29536,1961,3,1.0,148.5
29537,1964,3,1.0,131.18
29538,1967,3,1.0,110.04
29539,1962,3,1.0,113.42
29540,1955,9,1.0,102.74
29541,1955,3,12.0,91.53
29542,1960,3,5.0,157.46
29543,1973,3,5.0,166.8
29544,1973,6,1.0,115.29
29545,1973,6,12.0,106.26
29546,1991,9,1.0,112.72
29547,1958,3,12.0,98.38
29548,1955,3,1.0,95.73
29549,1970,3,1.0,119.55
29550,1962,3,12.0,102.41
29551,1965,3,1.0,105.72
29552,1954,3,1.0,153.15
29553,1954,3,12.0,
29554,1954,3,1.0,129.55
29555,1961,3,1.0,107.62
29556,1961,3,12.0,107.62
29557,1962,3,1.0,154.71
29558,1962,3,12.0,121.63
29559,1960,9,1.0,105.15
29560,1960,3,12.0,88.14
29561,1992,6,1.0,121.96
29562,1955,3,1.0,116.13
29563,1955,3,11.0,18.12
29564,1955,6,12.0,
29565,1957,3,1.0,108.93
29566,1955,3,1.0,119.28
29567,1984,9,1.0,123.05
29568,1984,6,12.0,107.98
29569,1960,3,1.0,104.8
29570,1960,3,12.0,89.5
29571,1955,3,1.0,140.41
29572,1955,3,12.0,124.49
29573,1956,3,1.0,157.44
29574,1954,3,1.0,136.89
29575,1971,6,1.0,107.55
29576,1962,3,1.0,115.79
29577,1962,3,12.0,87.74
29578,1959,3,1.0,109.02
29579,1966,3,1.0,194.17
29580,2007,12,1.0,487.97
29581,1965,3,1.0,96.87
29582,1959,3,1.0,84.06
29583,1959,3,12.0,37.78
29584,1958,3,1.0,86.34
29585,1959,3,1.0,84.86
29586,1967,9,1.0,114.34
29587,1967,3,12.0,90.17
29588,1958,3,1.0,113.84
29589,1958,3,12.0,113.84
29590,1959,3,1.0,107.03
29591,1965,3,1.0,115.56
29592,1965,3,1.0,97.86
29593,1962,3,1.0,118.95
29594,1962,3,12.0,57.92
29595,1957,6,1.0,100.57
29596,1970,3,1.0,59.99
29597,2005,9,1.0,54.4
29598,1977,3,1.0,91.62
29599,1969,3,1.0,90.43
29600,1962,9,1.0,89.94
29601,1962,3,12.0,70.39
29602,1962,3,1.0,62.37
29603,1986,3,1.0,94.37
29604,1972,9,1.0,99.92
29605,1972,3,12.0,95.14
29606,1970,3,1.0,96.62
29607,1970,3,12.0,83.07
29608,1977,3,12.0,115.32
29609,1965,3,12.0,115.3
29610,1966,6,1.0,93.59
29611,1966,3,12.0,71.18
29612,1973,6,1.0,115.27
29613,1973,3,12.0,115.27
29614,1999,12,1.0,163.5
29615,1963,3,1.0,94.71
29616,1967,6,1.0,95.39
29617,1962,3,1.0,95.79
29618,1966,3,1.0,92.22
29619,1966,3,12.0,66.73
29620,1974,15,1.0,362.32
29621,1959,3,1.0,111.48
29622,1964,12,1.0,113.2
29623,1979,3,1.0,104.96
29624,1979,3,12.0,104.96
29625,1960,3,1.0,57.59
29626,1958,3,1.0,57.78
29627,1962,9,1.0,84.05
29628,1959,6,1.0,96.27
29629,1960,3,1.0,84.27
29630,1965,3,1.0,80.16
29631,1965,3,12.0,80.16
29632,1972,3,1.0,111.48
29633,1972,3,12.0,111.48
29634,1973,6,1.0,116.61
29635,1973,3,12.0,100.09
29636,1970,3,5.0,105.53
29637,1970,3,1.0,99.92
29638,1965,3,1.0,90.03
29639,1961,3,1.0,98.99
29640,1958,3,1.0,101.12
29641,1989,3,1.0,71.45
29642,1960,3,1.0,90.46
29643,1960,3,1.0,71.16
29644,1960,3,1.0,79.94
29645,1993,3,1.0,68.1
29646,1960,6,1.0,71.52
29647,1960,3,11.0,71.52
29648,1960,3,1.0,84.76
29649,1980,6,1.0,70.45
29650,1981,9,1.0,88.6
29651,1960,3,1.0,76.04
29652,2001,9,1.0,94.1
29653,1988,3,1.0,75.29
29654,1988,3,1.0,65.63
29655,1988,3,1.0,67.51
29656,1988,3,1.0,70.77
29657,1988,3,1.0,68.49
29658,1988,3,1.0,65.37
29659,1988,3,1.0,67.55
29660,1988,3,1.0,68.67
29661,1989,3,1.0,82.16
29662,1989,3,1.0,56.9
29663,1989,3,1.0,55.03
29664,1989,3,1.0,58.25
29665,1989,3,1.0,57.85
29666,1989,3,1.0,56.9
29667,1989,3,1.0,58.67
29668,1989,3,1.0,56.11
29669,1989,3,1.0,59.04
29670,1989,3,1.0,53.72
29671,1989,3,1.0,50.13
29672,1989,3,1.0,72.3
29673,1989,3,1.0,63.92
29674,1989,3,1.0,63.59
29675,1989,3,1.0,60.83
29676,1989,3,1.0,62.05
29677,1989,3,1.0,60.96
29678,1989,3,1.0,62.11
29679,1989,3,1.0,60.66
29680,1989,3,1.0,61.07
29681,2008,3,2.0,6898.86
29682,1996,3,5.0,2957.16
29683,1996,3,12.0,
29684,1997,3,5.0,2023.18
29685,1997,3,12.0,
29686,1997,3,8.0,583.76
29687,1997,3,5.0,2712.87
29688,1997,6,12.0,32.82
29689,2005,6,3.0,2703.73
29690,2008,9,2.0,2641.59
29691,1997,3,3.0,3220.16
29692,1997,3,2.0,399.94
29693,1999,6,5.0,2408.72
29694,1999,3,12.0,1416.62
29695,2002,3,5.0,21447.44
29696,2000,3,6.0,13907.26
29697,2009,3,8.0,451.65
29698,2000,3,12.0,
29699,2005,3,3.0,2424.84
29700,1997,3,3.0,8892.1
29701,1997,3,2.0,846.48
29702,1970,15,1.0,141.75
29703,1968,15,1.0,296.05
29704,1969,15,1.0,290.43
29705,1971,15,1.0,155.77
29706,1968,18,1.0,317.02
29707,1969,18,1.0,305.0
29708,1967,18,1.0,305.96
29709,1967,18,1.0,304.64
29710,1968,3,3.0,21.77
29711,1968,21,1.0,326.3
29712,1967,21,1.0,294.95
29713,1970,21,1.0,147.44
29714,1967,15,1.0,287.63
29715,1967,15,1.0,291.15
29716,1967,15,1.0,291.47
29717,1967,15,1.0,285.28
29718,1966,3,5.0,680.27
29719,1975,3,1.0,344.19
29720,1960,3,12.0,743.68
29721,1960,3,12.0,636.46
29722,1960,3,12.0,21.17
29723,1970,3,3.0,806.72
29724,1970,3,1.0,806.72
29725,1970,3,3.0,650.16
29726,1970,3,1.0,650.16
29727,1978,3,2.0,356.18
29728,1978,3,12.0,332.65
29729,1980,3,12.0,286.09
29730,1980,3,8.0,288.84
29731,1995,3,6.0,659.12
29732,1995,3,1.0,659.12
29733,1976,3,3.0,545.75
29734,1968,3,1.0,160.17
29735,1968,3,12.0,120.08
29736,1965,3,1.0,313.19
29737,1963,3,3.0,488.94
29738,1965,6,1.0,266.91
29739,1965,3,12.0,266.91
29740,1975,3,9.0,409.54
29741,2009,18,1.0,224.67
29742,2017,3,5.0,2144.15
29743,2017,9,12.0,
29744,2017,6,12.0,257.14
29745,1984,9,1.0,125.01
29746,1970,6,12.0,107.03
29747,1958,6,1.0,173.4
29748,1958,6,12.0,117.66
29749,1930,3,1.0,85.16
29750,1978,3,1.0,106.62
29751,1978,3,12.0,96.81
29752,1969,3,1.0,86.35
29753,2007,9,1.0,116.67
29754,1954,3,1.0,98.3
29755,2003,3,1.0,103.38
29756,1978,6,1.0,302.54
29757,1974,3,5.0,1225.93
29758,1974,3,2.0,711.16
29759,1974,12,1.0,663.56
29760,1964,3,1.0,130.0
29761,1970,3,1.0,118.09
29762,1970,3,12.0,113.95
29763,1970,9,1.0,118.81
29764,1970,3,1.0,173.59
29765,1970,3,12.0,145.8
29766,1970,3,1.0,108.55
29767,1978,3,12.0,89.65
29768,1993,9,1.0,127.47
29769,1974,3,1.0,128.76
29770,1974,3,12.0,106.11
29771,1978,3,1.0,174.64
29772,1978,3,12.0,152.07
29773,1982,3,1.0,177.71
29774,1982,3,12.0,129.23
29775,1974,9,1.0,167.18
29776,2003,9,1.0,193.67
29777,1981,6,1.0,171.6
29778,1967,3,1.0,117.39
29779,1967,3,12.0,102.67
29780,1963,3,1.0,115.69
29781,1963,3,12.0,101.99
29782,1977,3,1.0,125.07
29783,1977,3,12.0,115.04
29784,1972,6,1.0,162.82
29785,1970,12,1.0,157.78
29786,1982,6,1.0,105.09
29787,1994,9,1.0,103.82
29788,2014,6,1.0,95.24
29789,2014,6,11.0,76.2
29790,2014,3,12.0,
29791,1982,3,1.0,139.65
29792,1971,3,12.0,111.08
29793,1994,3,5.0,102.81
29794,1998,12,1.0,102.81
29795,1998,3,12.0,102.81
29796,1910,3,5.0,152.52
29797,1965,3,1.0,103.88
29798,1982,3,1.0,167.4
29799,1982,3,12.0,159.3
29800,2001,9,1.0,108.69
29801,2007,9,1.0,126.65
29802,1963,3,12.0,139.18
29803,1930,6,1.0,128.2
29804,1930,6,12.0,125.11
29805,1934,3,1.0,189.9
29806,1934,3,1.0,121.69
29807,1988,3,1.0,83.13
29808,1988,3,12.0,83.13
29809,1988,3,1.0,83.14
29810,1988,3,1.0,100.53
29811,2004,3,10.0,80.15
29812,1988,3,1.0,94.91
29813,1988,3,12.0,77.42
29814,2007,9,1.0,227.33
29815,2007,9,1.0,231.02
29816,1930,3,1.0,113.74
29817,1992,6,1.0,131.1
29818,1992,3,12.0,108.21
29819,2010,9,1.0,90.9
29820,2010,3,12.0,75.14
29821,1983,3,1.0,127.18
29822,1983,6,12.0,68.29
29823,1983,3,1.0,265.28
29824,1983,3,12.0,86.43
29825,2008,9,1.0,144.2
29826,1955,3,12.0,174.99
29827,1954,3,1.0,143.92
29828,2007,9,1.0,219.87
29829,1987,9,1.0,337.42
29830,1960,3,1.0,90.16
29831,1960,3,12.0,81.21
29832,1960,3,1.0,101.29
29833,1960,9,12.0,90.92
29834,1957,3,12.0,598.27
29835,1996,9,1.0,380.54
29836,1980,6,1.0,240.85
29837,2003,3,1.0,112.2
29838,1940,3,1.0,171.67
29839,1987,3,1.0,144.21
29840,1957,3,1.0,188.16
29841,1983,3,1.0,151.23
29842,1982,3,12.0,128.51
29843,1961,3,1.0,73.64
29844,1961,3,12.0,73.64
29845,1975,3,1.0,103.06
29846,1975,3,12.0,96.52
29847,1960,3,1.0,67.25
29848,1960,3,12.0,
29849,1960,3,1.0,104.67
29850,1925,3,1.0,87.32
29851,1967,3,12.0,209.38
29852,1930,3,1.0,143.88
29853,1930,3,12.0,
29854,2018,6,1.0,82.07
29855,1973,6,1.0,165.02
29856,2015,15,1.0,155.64
29857,2015,3,12.0,121.79
29858,2007,9,1.0,100.55
29859,2022,6,1.0,77.25
29860,2022,3,12.0,58.37
29861,1960,3,1.0,109.25
29862,1975,3,1.0,95.25
29863,1980,3,1.0,59.38
29864,1980,3,12.0,59.38
29865,1997,3,1.0,52.67
29866,1997,3,12.0,52.67
29867,2011,3,1.0,68.03
29868,1985,3,1.0,57.83
29869,1985,3,12.0,57.83
29870,2003,3,5.0,727.24
29871,2003,9,1.0,559.5
29872,2003,3,12.0,445.01
29873,1960,6,1.0,8.9
29874,1960,3,12.0,8.9
29875,1993,3,5.0,217.33
29876,1993,9,1.0,207.03
29877,1964,6,1.0,114.49
29878,1947,3,1.0,121.04
29879,1970,3,5.0,135.88
29880,1970,3,1.0,90.81
29881,1978,12,1.0,715.41
29882,1961,3,1.0,135.16
29883,1949,3,12.0,109.54
29884,1958,3,1.0,115.99
29885,1958,3,12.0,99.31
29886,1968,3,1.0,107.47
29887,1968,3,12.0,88.05
29888,1978,3,1.0,105.41
29889,1978,3,12.0,86.91
29890,1964,3,1.0,90.95
29891,1961,3,1.0,89.51
29892,1961,3,12.0,89.51
29893,1958,3,1.0,174.66
29894,1958,3,12.0,
29895,1990,3,1.0,156.96
29896,1951,3,1.0,144.42
29897,1969,3,1.0,90.49
29898,1954,3,1.0,284.36
29899,1954,3,12.0,225.33
29900,1969,3,1.0,44.37
29901,1969,3,12.0,44.37
29902,1992,9,1.0,357.85
29903,1930,3,1.0,108.06
29904,1945,3,1.0,124.89
29905,1945,3,12.0,
29906,1991,3,1.0,196.33
29907,1949,3,1.0,72.25
29908,1952,3,1.0,80.04
29909,1962,3,1.0,97.13
29910,1962,3,12.0,76.85
29911,1972,3,1.0,370.65
29912,1972,3,12.0,259.73
29913,1964,3,1.0,71.12
29914,1964,3,12.0,71.12
29915,1964,3,1.0,222.0
29916,1958,3,12.0,137.03
29917,1964,3,1.0,140.84
29918,1964,3,12.0,140.84
29919,1957,3,1.0,110.94
29920,1956,3,1.0,130.78
29921,2005,3,1.0,209.91
29922,2011,9,1.0,111.34
29923,2011,3,12.0,51.56
29924,1984,3,1.0,164.53
29925,1984,3,12.0,137.02
29926,1970,3,5.0,133.96
29927,1970,6,1.0,106.71
29928,1930,3,4.0,327.54
29929,1956,3,12.0,172.48
29930,1976,3,12.0,59.51
29931,1964,3,1.0,94.94
29932,1920,3,12.0,142.94
29933,1920,3,1.0,148.0
29934,2021,6,1.0,99.64
29935,2021,3,12.0,76.13
29936,1930,3,1.0,134.25
29937,1930,3,12.0,90.58
29938,1930,3,1.0,121.42
29939,1937,3,1.0,123.82
29940,1930,3,1.0,112.61
29941,1925,3,1.0,102.03
29942,1945,3,1.0,107.17
29943,1930,3,1.0,191.54
29944,1972,12,1.0,306.5
29945,1970,3,1.0,352.8
29946,1920,3,12.0,136.47
29947,1973,3,1.0,120.18
29948,1973,3,12.0,109.66
29949,1948,3,1.0,88.92
29950,1930,3,1.0,126.34
29951,1930,3,12.0,114.73
29952,1950,3,1.0,67.05
29953,1976,12,1.0,156.44
29954,1960,3,1.0,264.69
29955,1960,3,12.0,169.82
29956,1940,6,1.0,151.56
29957,1970,3,1.0,160.2
29958,1945,3,12.0,92.6
29959,1933,3,1.0,135.42
29960,1933,3,12.0,
29961,1920,3,1.0,85.99
29962,1920,3,12.0,178.17
29963,1920,3,5.0,185.31
29964,1920,3,1.0,102.04
29965,1920,3,1.0,126.38
29966,1920,3,1.0,96.63
29967,1972,15,1.0,311.09
29968,1972,15,1.0,267.33
29969,1920,3,1.0,244.87
29970,1920,3,12.0,216.71
29971,1940,3,1.0,116.75
29972,1930,3,,297.69
29973,1996,9,1.0,201.33
29974,1999,12,1.0,360.3
29975,2002,9,1.0,643.73
29976,1996,3,5.0,461.87
29977,1996,3,8.0,402.31
29978,1996,3,2.0,402.31
29979,1998,12,1.0,402.31
29980,2024,3,11.0,261.04
29981,2007,9,1.0,189.5
29982,1979,6,4.0,2019.3
29983,1970,3,10.0,962.66
29984,1970,3,11.0,
29985,1960,3,1.0,91.68
29986,1955,6,1.0,174.42
29987,1954,3,1.0,239.92
29988,1983,9,1.0,121.79
29989,1975,12,1.0,68.01
29990,1973,15,1.0,479.16
29991,1973,15,1.0,421.92
29992,1978,15,1.0,400.51
29993,1964,18,1.0,345.39
29994,1975,3,12.0,142.21
29995,1973,3,1.0,137.51
29996,2009,12,1.0,88.87
29997,1960,9,1.0,157.79
29998,1960,3,1.0,161.46
29999,1997,3,4.0,174.33
30000,1997,3,11.0,
30001,1950,3,12.0,2185.42
30002,1992,3,4.0,1087.86
30003,2018,12,1.0,362.94
30004,2018,3,12.0,169.03
30005,1963,3,1.0,104.29
30006,1962,3,1.0,103.75
30007,1994,9,1.0,697.1
30008,1960,3,1.0,259.26
30009,1971,15,1.0,120.34
30010,1974,15,1.0,467.8
30011,1970,15,1.0,483.3
30012,1969,12,1.0,105.58
30013,1968,12,1.0,171.21
30014,1970,15,1.0,405.03
30015,1940,6,1.0,130.37
30016,1974,6,1.0,180.22
30017,1930,3,12.0,138.13
30018,1979,6,1.0,114.86
30019,1932,3,1.0,195.91
30020,1968,3,1.0,230.17
30021,1970,3,1.0,184.83
30022,1970,3,5.0,190.05
30023,1978,9,1.0,128.48
30024,1978,3,1.0,188.47
30025,1991,3,1.0,296.54
30026,1993,3,5.0,391.53
30027,1993,3,3.0,378.09
30028,1993,9,1.0,378.09
30029,1963,9,1.0,440.84
30030,1963,3,12.0,328.93
30031,1940,3,3.0,142.66
30032,2006,12,1.0,750.88
30033,2006,6,12.0,750.88
30034,1969,6,1.0,81.74
30035,1969,6,12.0,81.74
30036,1960,3,1.0,100.84
30037,1968,9,1.0,98.75
30038,1968,3,12.0,85.47
30039,1969,3,5.0,271.01
30040,1969,3,1.0,198.06
30041,2005,3,1.0,127.29
30042,1994,18,1.0,277.24
30043,1994,6,12.0,230.04
30044,1967,3,1.0,124.2
30045,1967,3,12.0,115.79
30046,1975,3,1.0,105.42
30047,1975,3,12.0,84.62
30048,1983,6,1.0,110.32
30049,1932,3,1.0,135.33
30050,1959,3,12.0,143.95
30051,1966,3,1.0,153.17
30052,1969,3,1.0,130.59
30053,1975,3,1.0,111.53
30054,2007,9,1.0,245.48
30055,1978,12,1.0,484.32
30056,1975,3,5.0,1774.18
30057,1975,3,1.0,1240.13
30058,1977,12,1.0,172.78
30059,1974,3,5.0,496.99
30060,1974,18,1.0,439.55
30061,1978,15,1.0,195.35
30062,1972,3,5.0,702.55
30063,1972,15,1.0,541.24
30064,1970,3,1.0,68.56
30065,1970,3,12.0,68.56
30066,1970,3,1.0,141.75
30067,2005,9,1.0,280.86
30068,2005,3,12.0,132.71
30069,2004,9,1.0,259.78
30070,1982,15,1.0,695.11
30071,1961,3,1.0,75.56
30072,1967,3,1.0,95.18
30073,1967,6,1.0,121.81
30074,1973,18,1.0,232.87
30075,1935,3,1.0,76.97
30076,1935,3,1.0,79.21
30077,1960,6,1.0,220.59
30078,1982,6,1.0,232.6
30079,1982,3,12.0,114.03
30080,1953,6,1.0,80.01
30081,2004,6,1.0,95.4
30082,1966,3,5.0,124.54
30083,1966,3,1.0,91.53
30084,1964,3,1.0,249.1
30085,1964,3,12.0,172.83
30086,1963,3,1.0,49.13
30087,1958,3,1.0,128.78
30088,1963,3,1.0,69.92
30089,1954,3,1.0,80.32
30090,1992,3,1.0,147.6
30091,2022,9,1.0,78.87
30092,2022,3,12.0,71.76
30093,1954,3,1.0,120.59
30094,1942,3,1.0,117.94
30095,1942,3,12.0,
30096,1963,3,1.0,137.21
30097,1998,3,1.0,99.22
30098,1953,3,1.0,111.77
30099,1966,6,1.0,257.59
30100,1966,6,12.0,174.98
30101,1991,3,1.0,76.49
30102,1975,12,1.0,324.35
30103,1959,3,1.0,97.46
30104,1959,3,12.0,97.46
30105,1987,3,1.0,125.87
30106,2020,3,10.0,122.74
30107,1969,3,1.0,148.21
30108,1955,3,1.0,111.98
30109,1955,3,12.0,
30110,2002,9,1.0,111.46
30111,2002,3,12.0,78.28
30112,1961,3,1.0,136.01
30113,1991,6,1.0,402.07
30114,1991,3,11.0,232.3
30115,1991,3,12.0,
30116,2002,9,1.0,410.94
30117,1994,3,1.0,74.06
30118,1996,3,1.0,160.44
30119,1951,3,1.0,177.37
30120,1951,3,12.0,147.13
30121,1965,3,1.0,121.85
30122,1951,6,1.0,91.71
30123,1886,3,1.0,111.11
30124,1886,3,12.0,70.62
30125,1972,6,1.0,171.02
30126,1972,6,12.0,107.02
30127,1945,3,1.0,127.56
30128,1945,3,1.0,141.68
30129,1956,3,1.0,174.17
30130,1932,3,1.0,150.49
30131,1997,6,1.0,249.21
30132,1982,9,1.0,300.01
30133,1982,9,1.0,415.76
30134,2001,6,1.0,80.07
30135,2001,3,12.0,80.07
30136,1974,3,5.0,94.29
30137,1974,15,1.0,94.29
30138,1992,3,5.0,767.35
30139,1992,3,7.0,515.6
30140,1992,12,1.0,515.6
30141,1980,3,1.0,173.35
30142,1930,3,1.0,108.71
30143,1946,3,1.0,231.72
30144,1954,6,1.0,150.4
30145,1900,3,12.0,150.4
30146,1968,6,1.0,113.2
30147,1968,3,12.0,88.57
30148,1972,15,1.0,181.64
30149,1967,15,1.0,125.57
30150,2004,3,5.0,406.24
30151,2004,3,1.0,287.64
30152,2004,3,12.0,287.64
30153,2005,9,1.0,256.54
30154,2008,12,1.0,354.64
30155,2008,3,12.0,351.09
30156,1968,3,5.0,475.24
30157,1975,3,9.0,355.69
30158,1974,12,1.0,1176.44
30159,1976,21,1.0,532.68
30160,1975,18,1.0,547.99
30161,1973,21,1.0,522.76
30162,1970,24,1.0,368.53
30163,1968,24,1.0,324.81
30164,1971,3,5.0,172.23
30165,1981,15,1.0,282.62
30166,1986,3,1.0,348.73
30167,1958,9,1.0,206.23
30168,1958,3,12.0,174.47
30169,1973,3,1.0,160.85
30170,1958,6,1.0,87.2
30171,1979,12,1.0,382.63
30172,1998,12,1.0,605.85
30173,2000,9,1.0,294.46
30174,2004,9,1.0,370.6
30175,1961,6,1.0,69.54
30176,2006,3,1.0,61.38
30177,2008,3,5.0,1027.21
30178,2008,18,1.0,620.79
30179,2008,3,12.0,620.79
30180,2003,3,11.0,836.82
30181,1939,12,4.0,2733.31
30182,1939,3,3.0,1146.7
30183,1939,3,10.0,163.91
30184,1939,3,4.0,342.2
30185,1939,3,10.0,
30186,1939,3,12.0,382.66
30187,1939,6,4.0,444.23
30188,1962,9,,291.45
30189,1962,9,,384.24
30190,1939,9,12.0,449.88
30191,1979,6,1.0,126.69
30192,1979,6,1.0,138.12
30193,1958,3,1.0,112.83
30194,1958,3,5.0,154.5
30195,1958,6,1.0,154.5
30196,1979,15,1.0,627.28
30197,1962,15,1.0,574.57
30198,1993,3,5.0,579.2
30199,2005,12,1.0,669.76
30200,1958,3,1.0,113.74
30201,1958,3,1.0,119.25
30202,1958,3,1.0,149.93
30203,1958,3,1.0,146.68
30204,1958,3,1.0,129.9
30205,1967,3,1.0,140.29
30206,1958,3,12.0,118.41
30207,1985,3,3.0,325.44
30208,1985,3,12.0,179.17
30209,2001,3,5.0,288.28
30210,2001,9,1.0,280.34
30211,2002,3,1.0,130.38
30212,1948,3,1.0,143.56
30213,1948,3,12.0,143.56
30214,1960,3,1.0,156.5
30215,1960,3,12.0,125.15
30216,1948,3,1.0,150.26
30217,1948,3,12.0,133.56
30218,1970,3,1.0,113.06
30219,1970,3,12.0,47.36
30220,1948,6,1.0,128.04
30221,1948,3,12.0,186.52
30222,1960,3,5.0,192.06
30223,1960,12,1.0,192.06
30224,1962,6,1.0,129.17
30225,1956,9,1.0,129.6
30226,1956,6,12.0,129.6
30227,1952,3,1.0,152.75
30228,1979,12,1.0,89.54
30229,1962,9,1.0,99.12
30230,1962,6,12.0,91.1
30231,1948,3,5.0,119.78
30232,1948,3,1.0,119.78
30233,1968,3,1.0,138.74
30234,1991,6,1.0,312.39
30235,1991,6,12.0,292.46
30236,1987,6,1.0,246.91
30237,1952,15,1.0,279.97
30238,1952,3,1.0,137.33
30239,1948,3,1.0,127.15
30240,1952,3,1.0,100.1
30241,1948,3,1.0,107.97
30242,1952,6,1.0,201.13
30243,1952,3,12.0,169.42
30244,1948,3,1.0,130.74
30245,1996,3,5.0,133.72
30246,1996,12,1.0,130.8
30247,1977,15,1.0,249.4
30248,1960,3,1.0,99.02
30249,1948,3,9.0,99.02
30250,1960,3,5.0,106.99
30251,1948,3,1.0,130.86
30252,1948,3,1.0,102.54
30253,1948,3,12.0,
30254,1978,3,1.0,92.5
30255,1948,3,1.0,104.68
30256,1970,9,1.0,76.01
30257,1960,15,1.0,144.78
30258,1957,3,5.0,104.3
30259,1957,3,1.0,104.3
30260,1948,3,5.0,124.32
30261,1948,3,1.0,105.12
30262,1965,3,1.0,72.4
30263,1956,3,1.0,114.44
30264,1948,3,1.0,113.77
30265,1948,3,1.0,100.88
30266,1948,3,1.0,92.65
30267,1948,3,1.0,100.85
30268,2007,9,1.0,250.5
30269,1959,3,1.0,125.74
30270,1958,6,1.0,115.14
30271,2000,6,1.0,118.1
30272,1958,6,1.0,85.2
30273,1958,3,11.0,76.66
30274,1958,3,12.0,
30275,1958,3,1.0,91.69
30276,1959,3,1.0,94.6
30277,1958,3,1.0,120.11
30278,1958,3,1.0,129.54
30279,1956,3,1.0,96.09
30280,1956,3,1.0,133.08
30281,1961,3,1.0,133.49
30282,1969,3,1.0,108.78
30283,1959,3,1.0,106.78
30284,1959,3,1.0,107.17
30285,1959,3,1.0,102.86
30286,1960,3,1.0,105.7
30287,2000,3,1.0,105.33
30288,1959,3,1.0,123.98
30289,1956,3,1.0,103.65
30290,1960,3,1.0,48.82
30291,1960,3,12.0,48.82
30292,1961,3,5.0,127.31
30293,1961,3,1.0,73.2
30294,1965,3,1.0,70.38
30295,1965,6,1.0,60.01
30296,2000,9,1.0,250.3
30297,1965,3,1.0,139.72
30298,1999,9,1.0,260.4
30299,1963,3,1.0,112.45
30300,1967,3,1.0,81.83
30301,1967,3,12.0,81.83
30302,1968,3,1.0,65.25
30303,1968,3,12.0,65.25
30304,1961,3,1.0,199.92
30305,1962,6,1.0,169.06
30306,1980,6,12.0,124.98
30307,1965,12,1.0,227.25
30308,1990,3,1.0,109.54
30309,1989,3,1.0,98.98
30310,1958,3,1.0,151.6
30311,1960,3,1.0,141.31
30312,1965,15,1.0,327.85
30313,1961,6,1.0,212.22
30314,1961,3,12.0,173.72
30315,1950,3,1.0,90.97
30316,1950,3,12.0,
30317,1969,12,1.0,161.89
30318,1990,3,1.0,135.71
30319,1950,3,1.0,120.31
30320,1955,9,1.0,139.69
30321,1955,3,1.0,125.73
30322,1955,6,1.0,128.59
30323,1965,9,1.0,162.99
30324,1960,3,5.0,146.74
30325,1960,9,1.0,92.24
30326,1960,3,12.0,63.01
30327,1965,3,1.0,146.26
30328,1965,6,12.0,100.31
30329,1990,3,1.0,147.56
30330,2003,3,5.0,133.49
30331,2003,6,1.0,117.55
30332,2003,3,11.0,90.66
30333,2003,3,12.0,
30334,1950,3,1.0,134.71
30335,1976,9,1.0,129.06
30336,1955,3,12.0,97.96
30337,1963,3,1.0,134.37
30338,2002,9,1.0,122.59
30339,1950,3,1.0,134.13
30340,1930,6,1.0,125.66
30341,2007,9,1.0,95.83
30342,1952,6,1.0,91.74
30343,1930,3,12.0,70.68
30344,1979,18,1.0,253.66
30345,1930,9,1.0,128.27
30346,1950,3,4.0,119.08
30347,1950,15,1.0,120.45
30348,2002,9,1.0,71.53
30349,1989,3,5.0,118.52
30350,1989,12,1.0,118.52
30351,1930,12,1.0,41.97
30352,1930,3,12.0,41.97
30353,1930,3,1.0,94.3
30354,1997,3,1.0,130.83
30355,1930,6,1.0,110.87
30356,1994,3,12.0,31.0
30357,1998,3,4.0,81.24
30358,1930,3,1.0,95.17
30359,1930,3,1.0,64.52
30360,1990,6,1.0,104.02
30361,1990,3,12.0,104.02
30362,1960,3,1.0,123.29
30363,1950,3,1.0,168.87
30364,1950,3,1.0,245.77
30365,1950,3,9.0,94.04
30366,1950,6,1.0,127.5
30367,1950,3,5.0,124.3
30368,1950,3,1.0,100.78
30369,1950,3,1.0,110.88
30370,1950,3,12.0,102.71
30371,1950,3,1.0,101.71
30372,1950,3,5.0,155.49
30373,1950,3,1.0,135.35
30374,1950,3,11.0,
30375,1950,3,1.0,128.53
30376,1950,3,11.0,119.0
30377,1950,9,12.0,6.86
30378,1950,3,1.0,125.85
30379,1950,3,1.0,109.08
30380,1965,3,1.0,114.12
30381,1950,3,1.0,119.3
30382,1960,6,1.0,234.96
30383,1956,3,1.0,95.65
30384,2008,6,1.0,168.16
30385,1958,3,12.0,89.52
30386,1954,3,1.0,141.19
30387,1958,3,5.0,126.56
30388,1958,3,1.0,87.45
30389,1958,3,1.0,104.29
30390,1958,3,12.0,
30391,2010,6,1.0,102.5
30392,2010,3,12.0,102.5
30393,1999,9,1.0,115.38
30394,1999,3,12.0,88.37
30395,2003,3,1.0,127.6
30396,1962,9,1.0,108.28
30397,1950,9,1.0,101.18
30398,1950,3,12.0,78.71
30399,1950,3,1.0,115.64
30400,1950,3,1.0,98.19
30401,1950,3,12.0,
30402,1950,3,1.0,129.68
30403,1950,3,1.0,86.1
30404,1950,3,5.0,124.02
30405,1950,9,1.0,124.4
30406,1950,6,12.0,94.0
30407,2008,9,1.0,307.57
30408,1930,3,5.0,103.3
30409,1930,3,1.0,93.91
30410,1930,9,1.0,110.2
30411,1930,6,12.0,99.11
30412,1930,3,1.0,113.41
30413,1930,3,12.0,106.79
30414,1930,3,5.0,127.36
30415,1930,3,1.0,127.36
30416,1930,6,1.0,97.05
30417,1930,6,1.0,106.4
30418,1930,9,1.0,133.31
30419,1930,3,1.0,96.9
30420,1930,3,12.0,96.9
30421,1999,3,1.0,101.07
30422,1964,3,1.0,103.37
30423,1930,3,1.0,93.7
30424,1930,3,12.0,7.88
30425,2003,9,1.0,97.37
30426,1970,3,1.0,138.78
30427,1970,3,12.0,122.44
30428,1930,6,1.0,104.05
30429,1930,3,12.0,75.37
30430,1930,3,5.0,75.86
30431,1930,3,1.0,75.86
30432,1930,3,1.0,67.41
30433,1965,9,1.0,103.82
30434,1979,15,1.0,143.57
30435,1930,6,1.0,163.42
30436,1964,3,1.0,128.67
30437,1974,6,2.0,141.21
30438,1982,12,12.0,56.37
30439,1930,3,5.0,84.97
30440,1930,3,1.0,77.21
30441,1964,18,1.0,464.72
30442,1962,12,1.0,190.97
30443,1962,9,1.0,182.09
30444,1963,3,1.0,131.97
30445,1963,3,1.0,131.23
30446,1963,3,1.0,133.14
30447,1963,3,1.0,100.59
30448,1963,3,12.0,100.59
30449,1981,12,1.0,102.12
30450,1981,9,12.0,67.09
30451,1962,3,1.0,109.15
30452,1962,12,1.0,113.43
30453,1962,6,12.0,74.31
30454,1962,3,1.0,103.17
30455,1962,6,1.0,99.09
30456,1975,3,1.0,285.58
30457,1963,3,1.0,102.32
30458,1958,3,1.0,109.64
30459,1963,3,1.0,131.2
30460,1963,3,12.0,103.55
30461,1963,3,1.0,119.38
30462,1963,12,1.0,74.45
30463,1963,3,1.0,81.02
30464,1963,3,1.0,46.78
30465,1953,3,1.0,123.69
30466,2003,6,1.0,95.95
30467,2009,3,5.0,158.37
30468,2009,6,1.0,60.17
30469,1954,3,1.0,120.75
30470,1944,3,1.0,132.83
30471,1964,3,1.0,78.07
30472,1964,3,1.0,74.23
30473,1964,3,12.0,68.53
30474,1992,12,1.0,86.07
30475,1963,3,1.0,101.4
30476,1963,6,1.0,108.48
30477,1964,3,1.0,121.31
30478,1964,3,1.0,98.12
30479,1964,3,1.0,91.86
30480,1999,15,1.0,256.45
30481,1962,3,1.0,113.43
30482,1960,6,1.0,102.05
30483,1955,3,1.0,126.31
30484,1955,3,1.0,116.81
30485,1955,3,5.0,126.55
30486,1955,3,1.0,108.48
30487,1955,3,12.0,
30488,1960,3,5.0,141.22
30489,1960,3,1.0,141.22
30490,1950,3,5.0,115.08
30491,1950,6,1.0,104.78
30492,1955,3,1.0,103.3
30493,2008,3,2.0,110.98
30494,2008,15,1.0,110.98
30495,1955,3,1.0,93.85
30496,1955,3,1.0,129.38
30497,1950,3,1.0,96.09
30498,1955,6,1.0,136.6
30499,1955,3,12.0,116.78
30500,1955,3,1.0,120.8
30501,1955,3,1.0,106.06
30502,1979,3,1.0,127.79
30503,1950,3,12.0,120.85
30504,1983,6,1.0,113.13
30505,1983,3,9.0,92.92
30506,1955,9,1.0,107.03
30507,1955,3,12.0,107.03
30508,1969,6,1.0,109.84
30509,1945,3,1.0,119.48
30510,1950,3,1.0,117.14
30511,1955,3,1.0,131.24
30512,1955,3,12.0,87.01
30513,1955,3,1.0,97.08
30514,1955,3,12.0,97.08
30515,1955,3,1.0,79.73
30516,1955,3,1.0,56.69
30517,1955,3,5.0,74.28
30518,1955,3,1.0,74.28
30519,1955,3,5.0,129.87
30520,1955,3,1.0,110.28
30521,1950,3,1.0,123.42
30522,1955,3,1.0,131.54
30523,1950,3,5.0,139.09
30524,1950,3,1.0,111.52
30525,2005,15,1.0,132.86
30526,1957,3,12.0,242.62
30527,1996,9,6.0,2396.95
30528,1996,3,11.0,965.44
30529,2005,3,5.0,6416.09
30530,1976,6,3.0,4743.77
30531,1962,3,3.0,55.36
30532,1995,6,3.0,8772.61
30533,1980,3,2.0,1542.4
30534,1964,3,5.0,1845.42
30535,1989,6,6.0,228.33
30536,1978,3,3.0,
30537,1993,3,2.0,
30538,1981,6,3.0,2184.22
30539,2002,6,3.0,1962.63
30540,2007,3,2.0,397.26
30541,2007,6,12.0,397.26
30542,1981,3,3.0,298.22
30543,1992,6,3.0,463.16
30544,1980,3,3.0,25.0
30545,1981,6,3.0,383.32
30546,1981,3,3.0,189.37
30547,1980,3,3.0,189.27
30548,1981,3,3.0,189.12
30549,1964,3,3.0,24.99
30550,1981,3,3.0,819.3
30551,1990,3,3.0,1625.33
30552,1981,3,3.0,1615.15
30553,1989,3,7.0,1137.23
30554,1989,3,11.0,
30555,2006,6,12.0,
30556,1989,3,3.0,1159.13
30557,1989,3,3.0,1151.52
30558,1990,3,3.0,17.7
30559,1974,3,3.0,16.04
30560,2009,12,3.0,5560.91
30561,2009,3,12.0,2933.29
30562,1974,3,3.0,2374.58
30563,2005,3,5.0,10901.42
30564,2006,3,3.0,628.45
30565,2005,3,11.0,
30566,2003,3,5.0,5014.97
30567,2009,3,2.0,175.2
30568,1994,3,12.0,
30569,2000,12,3.0,3803.11
30570,1995,6,2.0,908.43
30571,2013,3,12.0,615.29
30572,2000,3,3.0,3178.27
30573,2009,6,2.0,1383.48
30574,2000,3,11.0,
30575,2009,6,12.0,
30576,1999,3,3.0,4375.24
30577,2007,3,2.0,837.09
30578,1998,3,3.0,1610.43
30579,1999,3,3.0,1270.27
30580,1999,3,2.0,140.86
30581,2005,6,2.0,188.94
30582,2005,3,11.0,34.19
30583,2005,3,12.0,
30584,1985,3,3.0,24.13
30585,2009,3,5.0,1002.38
30586,2009,3,2.0,1002.38
30587,2009,9,12.0,
30588,1998,3,3.0,1832.95
30589,1998,3,2.0,938.24
30590,2007,3,3.0,1698.06
30591,2007,3,2.0,1256.2
30592,2007,3,12.0,492.95
30593,2002,3,2.0,397.83
30594,2002,3,9.0,397.83
30595,1974,15,1.0,372.8
30596,1975,3,12.0,16.33
30597,1974,18,1.0,380.29
30598,1978,21,1.0,271.0
30599,1978,21,1.0,270.62
30600,1978,21,1.0,270.42
30601,1976,9,1.0,189.1
30602,1976,9,1.0,210.38
30603,1977,9,1.0,197.78
30604,1976,9,1.0,198.72
30605,1976,9,1.0,198.24
30606,1976,12,1.0,184.68
30607,1974,15,1.0,327.43
30608,1974,18,1.0,342.0
30609,1974,21,1.0,340.8
30610,1974,24,1.0,351.02
30611,1974,24,1.0,352.39
30612,1974,21,1.0,373.5
30613,1974,18,1.0,369.51
30614,1976,21,1.0,380.79
30615,1974,24,1.0,378.96
30616,1976,21,1.0,397.44
30617,1976,24,1.0,385.37
30618,1977,18,1.0,393.42
30619,1976,12,1.0,210.71
30620,1978,3,1.0,155.32
30621,1971,12,1.0,381.34
30622,1961,3,1.0,138.46
30623,1962,3,1.0,115.3
30624,1959,3,2.0,149.34
30625,1959,3,12.0,79.32
30626,1980,3,3.0,197.07
30627,1980,3,2.0,78.67
30628,1983,6,1.0,171.68
30629,1993,15,1.0,1257.18
30630,1993,3,5.0,2004.55
30631,1993,15,1.0,1977.87
30632,1968,3,5.0,360.58
30633,1968,12,1.0,228.58
30634,1968,3,12.0,228.58
30635,1993,9,1.0,317.46
30636,2021,15,1.0,127.22
30637,2002,9,1.0,84.03
30638,1992,12,1.0,146.14
30639,1992,3,12.0,111.93
30640,1975,3,1.0,105.13
30641,1959,3,1.0,97.53
30642,1951,6,1.0,113.02
30643,1950,3,1.0,98.24
30644,1968,3,1.0,155.39
30645,1978,3,1.0,149.26
30646,1978,3,12.0,135.87
30647,1920,3,1.0,98.89
30648,1914,3,1.0,98.9
30649,1914,3,1.0,96.73
30650,1970,6,1.0,112.13
30651,1998,9,1.0,312.41
30652,1990,3,1.0,307.54
30653,2001,3,1.0,180.3
30654,2001,3,12.0,
30655,1999,3,1.0,88.25
30656,1968,3,1.0,102.2
30657,2000,3,5.0,2361.7
30658,2000,15,1.0,1895.79
30659,2000,15,12.0,1855.06
30660,1961,3,1.0,78.01
30661,1970,3,1.0,96.14
30662,1966,3,1.0,101.44
30663,1961,3,1.0,81.23
30664,1960,3,1.0,84.09
30665,1960,3,12.0,79.97
30666,2007,15,1.0,105.14
30667,1960,3,1.0,72.27
30668,2003,3,5.0,117.03
30669,2003,15,1.0,105.83
30670,2001,15,1.0,155.61
30671,1995,6,11.0,114.19
30672,2003,3,12.0,114.19
30673,1975,15,1.0,569.32
30674,1960,3,1.0,125.93
30675,1960,3,12.0,124.21
30676,1930,3,1.0,131.24
30677,1963,12,1.0,208.01
30678,1930,3,1.0,74.97
30679,1970,15,1.0,510.28
30680,1970,9,1.0,418.21
30681,1967,3,12.0,12.16
30682,2017,12,1.0,255.96
30683,2017,3,12.0,220.04
30684,1976,3,9.0,395.28
30685,1997,3,1.0,160.54
30686,2000,3,10.0,119.18
30687,1956,3,1.0,117.81
30688,1963,6,1.0,177.18
30689,1970,3,1.0,135.31
30690,1973,12,1.0,364.05
30691,2007,9,1.0,279.04
30692,1970,12,1.0,320.88
30693,1920,3,1.0,126.17
30694,1949,3,1.0,64.84
30695,1961,3,3.0,633.56
30696,2002,3,3.0,1044.95
30697,1960,3,5.0,7212.2
30698,1960,3,3.0,1586.14
30699,1971,6,2.0,209.95
30700,1955,3,12.0,79.71
30701,1960,9,1.0,203.01
30702,1960,3,12.0,171.78
30703,1951,3,1.0,176.17
30704,1923,3,1.0,121.83
30705,1940,3,12.0,11.54
30706,1961,3,12.0,170.55
30707,1920,3,1.0,138.61
30708,1920,3,1.0,96.41
30709,1995,9,1.0,64.06
30710,1965,9,1.0,104.04
30711,1968,3,1.0,85.56
30712,1970,3,1.0,74.68
30713,1953,6,1.0,107.22
30714,1964,6,1.0,143.24
30715,1964,3,12.0,108.1
30716,1960,3,8.0,113.94
30717,1960,6,1.0,102.37
30718,1960,3,12.0,89.51
30719,1950,3,1.0,132.52
30720,1950,6,1.0,154.66
30721,1950,3,12.0,144.87
30722,1963,3,1.0,111.21
30723,1944,6,1.0,307.55
30724,1962,3,1.0,79.91
30725,1960,3,1.0,69.64
30726,1958,3,1.0,77.75
30727,1958,9,1.0,94.19
30728,1962,6,1.0,70.2
30729,1948,9,1.0,84.04
30730,1961,3,5.0,196.21
30731,1961,6,1.0,174.69
30732,1959,3,1.0,135.65
30733,1960,3,5.0,67.26
30734,2007,12,1.0,67.26
30735,2004,3,5.0,2534.24
30736,2004,3,1.0,2085.32
30737,2005,3,12.0,2085.32
30738,1989,3,1.0,300.61
30739,1972,18,1.0,291.24
30740,1977,12,1.0,305.07
30741,1970,15,1.0,501.09
30742,1978,15,1.0,219.16
30743,1979,3,5.0,110.8
30744,1979,9,1.0,110.8
30745,1980,12,1.0,98.71
30746,1958,6,1.0,196.6
30747,1955,3,1.0,109.53
30748,1964,6,1.0,73.97
30749,1993,3,5.0,4754.38
30750,1993,9,2.0,3862.1
30751,1993,12,1.0,2876.06
30752,1993,3,12.0,1503.13
30753,2007,9,1.0,377.27
30754,1991,12,1.0,126.02
30755,1989,3,1.0,300.82
30756,2007,15,1.0,594.43
30757,1970,15,1.0,172.57
30758,1978,18,1.0,158.6
30759,1970,3,5.0,157.96
30760,1970,12,1.0,157.96
30761,1970,9,1.0,161.74
30762,1971,18,1.0,200.4
30763,1971,18,1.0,207.97
30764,1971,18,1.0,211.91
30765,1989,3,5.0,1236.81
30766,1989,15,1.0,733.46
30767,1989,15,12.0,551.3
30768,1996,15,1.0,355.54
30769,1996,3,12.0,347.9
30770,1967,18,1.0,250.5
30771,1972,15,1.0,198.5
30772,1972,15,1.0,193.24
30773,1972,15,1.0,198.11
30774,2004,3,1.0,554.0
30775,2004,3,12.0,553.2
30776,1989,6,4.0,1857.13
30777,1973,3,10.0,977.36
30778,1973,3,11.0,950.26
30779,1965,3,1.0,251.46
30780,1965,3,12.0,117.65
30781,1972,3,1.0,262.33
30782,1965,6,1.0,108.96
30783,1960,3,1.0,144.16
30784,1960,3,12.0,97.29
30785,1968,6,1.0,143.66
30786,1968,6,12.0,126.01
30787,1979,21,1.0,354.16
30788,1974,21,1.0,316.94
30789,1974,21,1.0,313.03
30790,1971,18,1.0,921.35
30791,1972,21,1.0,299.13
30792,1976,21,1.0,600.32
30793,1970,12,1.0,325.57
30794,1972,3,5.0,430.99
30795,1972,3,1.0,269.68
30796,1972,3,12.0,269.68
30797,1972,3,5.0,397.1
30798,1972,3,1.0,258.67
30799,1970,3,1.0,137.22
30800,1973,9,1.0,278.34
30801,1977,15,1.0,331.59
30802,1989,6,1.0,79.19
30803,1960,3,12.0,74.57
30804,1976,3,12.0,491.61
30805,2003,9,1.0,311.25
30806,1973,12,1.0,143.12
30807,1973,3,12.0,116.59
30808,1999,3,2.0,93.53
30809,1974,6,1.0,133.05
30810,1974,3,12.0,110.7
30811,1956,3,1.0,126.69
30812,1935,3,1.0,101.67
30813,1974,3,5.0,432.26
30814,1974,21,1.0,346.59
30815,1978,21,1.0,431.45
30816,1979,21,1.0,438.15
30817,1979,21,1.0,392.4
30818,1979,15,1.0,577.82
30819,1978,3,1.0,145.11
30820,1978,3,12.0,117.57
30821,1986,3,1.0,158.94
30822,1984,3,12.0,120.4
30823,1979,3,5.0,406.02
30824,1979,3,2.0,203.74
30825,1979,3,1.0,81.05
30826,1979,6,12.0,
30827,1960,3,1.0,179.34
30828,1962,3,5.0,170.68
30829,1962,3,1.0,110.4
30830,2003,3,5.0,292.67
30831,2003,3,1.0,150.31
30832,2003,3,12.0,150.31
30833,2001,6,1.0,299.89
30834,1980,15,1.0,465.33
30835,1979,3,12.0,251.99
30836,1999,9,1.0,292.21
30837,2001,12,1.0,288.19
30838,2007,12,1.0,344.75
30839,2023,18,1.0,640.02
30840,2013,18,1.0,324.33
30841,2013,6,12.0,240.59
30842,1991,12,1.0,253.08
30843,2018,3,11.0,246.33
30844,2001,6,12.0,177.89
30845,1980,9,1.0,387.57
30846,1974,18,1.0,239.76
30847,1937,3,1.0,115.3
30848,1997,3,5.0,363.23
30849,1997,15,1.0,141.04
30850,1980,21,1.0,581.36
30851,1977,21,1.0,840.39
30852,1990,3,5.0,323.09
30853,1990,15,1.0,157.89
30854,1988,3,5.0,208.32
30855,2001,9,1.0,92.85
30856,1973,21,1.0,198.58
30857,2005,12,1.0,182.81
30858,1978,9,1.0,108.88
30859,1977,3,5.0,341.56
30860,1977,15,1.0,322.19
30861,1977,3,12.0,322.19
30862,1960,3,12.0,305.2
30863,1932,3,12.0,110.85
30864,1940,6,12.0,382.07
30865,1967,3,12.0,399.59
30866,1981,3,5.0,56.08
30867,1981,3,1.0,56.08
30868,2003,9,1.0,543.09
30869,2014,15,1.0,648.51
30870,1941,3,5.0,1215.21
30871,1980,3,12.0,135.52
30872,1979,3,3.0,336.39
30873,1979,3,2.0,137.74
30874,1979,6,1.0,131.11
30875,2002,3,1.0,192.93
30876,1980,3,12.0,134.82
30877,1984,3,1.0,118.15
30878,1984,3,12.0,118.15
30879,1984,3,1.0,117.81
30880,1984,6,1.0,129.39
30881,1984,3,12.0,108.28
30882,2010,3,2.0,307.47
30883,2010,15,1.0,293.65
30884,2010,9,12.0,293.65
30885,2006,9,1.0,283.18
30886,2006,3,12.0,28.75
30887,1947,6,1.0,158.42
30888,1964,6,1.0,165.01
30889,1984,3,2.0,280.39
30890,1984,6,1.0,207.37
30891,1984,6,12.0,25.17
30892,1984,6,1.0,270.66
30893,1988,3,3.0,2084.9
30894,2001,3,1.0,
30895,2001,3,12.0,
30896,1988,3,1.0,132.18
30897,1994,6,1.0,539.38
30898,1995,6,1.0,481.72
30899,1987,6,1.0,292.04
30900,1987,3,12.0,120.29
30901,1994,9,4.0,3497.67
30902,1953,3,1.0,98.56
30903,1953,3,1.0,108.32
30904,1953,6,1.0,246.56
30905,1953,6,1.0,245.84
30906,1953,3,1.0,101.77
30907,1953,3,1.0,109.76
30908,1953,3,1.0,106.63
30909,1953,6,1.0,276.97
30910,1953,6,1.0,278.85
30911,1953,3,1.0,140.68
30912,1953,6,1.0,278.66
30913,1953,6,1.0,247.38
30914,1953,3,1.0,125.38
30915,1953,3,1.0,125.75
30916,1953,3,1.0,129.87
30917,1953,6,1.0,253.26
30918,1953,6,1.0,242.13
30919,1953,3,1.0,134.27
30920,1985,6,1.0,119.72
30921,1989,3,1.0,120.06
30922,1958,3,1.0,87.72
30923,1958,3,1.0,83.71
30924,1959,3,1.0,91.48
30925,1960,3,1.0,107.26
30926,2022,3,1.0,93.5
30927,1989,3,1.0,115.17
30928,1990,6,1.0,127.57
30929,1990,3,12.0,118.07
30930,1986,3,2.0,635.36
30931,1986,9,1.0,306.53
30932,1986,3,12.0,237.89
30933,2004,3,1.0,271.2
30934,1965,3,1.0,130.16
30935,1961,3,12.0,138.98
30936,2023,3,12.0,668.96
30937,1965,3,3.0,124.07
30938,1996,3,5.0,503.56
30939,1996,9,1.0,433.53
30940,1962,3,1.0,125.26
30941,1958,3,5.0,116.01
30942,1958,3,1.0,103.55
30943,1979,18,1.0,487.85
30944,1969,21,1.0,380.77
30945,1970,18,1.0,279.09
30946,1971,18,1.0,419.17
30947,1975,18,1.0,407.32
30948,1975,18,1.0,179.05
30949,1975,18,1.0,280.92
30950,1975,12,1.0,181.65
30951,1975,12,1.0,220.83
30952,1975,12,1.0,227.87
30953,1988,9,1.0,95.08
30954,1958,3,12.0,50.74
30955,1975,3,1.0,136.78
30956,1968,9,1.0,128.05
30957,2006,12,1.0,80.56
30958,1955,3,5.0,121.0
30959,1955,3,1.0,93.86
30960,1960,3,1.0,119.14
30961,1960,3,12.0,95.32
30962,2005,9,1.0,235.67
30963,1960,3,1.0,118.29
30964,1960,3,12.0,93.39
30965,1960,6,1.0,57.23
30966,1960,3,5.0,123.45
30967,1960,3,1.0,111.36
30968,1960,9,1.0,163.63
30969,1964,3,1.0,129.53
30970,1964,3,12.0,120.83
30971,1955,3,1.0,142.99
30972,1955,3,12.0,139.78
30973,1960,9,1.0,114.0
30974,1960,9,1.0,156.46
30975,1960,18,1.0,173.15
30976,1960,12,1.0,161.59
30977,1950,3,1.0,58.1
30978,1950,3,12.0,39.48
30979,1961,3,5.0,141.2
30980,1961,6,1.0,114.32
30981,1961,3,11.0,6.7
30982,1961,6,12.0,
30983,1961,3,1.0,101.65
30984,1965,3,1.0,144.01
30985,1964,3,1.0,142.65
30986,1978,3,1.0,165.38
30987,1978,6,1.0,96.08
30988,1978,3,12.0,85.88
30989,1983,3,1.0,108.31
30990,1983,3,12.0,108.31
30991,1988,3,1.0,121.54
30992,1984,3,1.0,118.75
30993,1965,12,1.0,190.62
30994,1963,3,1.0,93.26
30995,1960,3,1.0,82.91
30996,1962,3,1.0,138.49
30997,2002,3,1.0,103.48
30998,1965,3,1.0,120.24
30999,1997,9,1.0,152.16
31000,1960,3,1.0,115.6
31001,2015,12,1.0,246.03
31002,1950,3,1.0,81.56
31003,1950,3,1.0,97.31
31004,1961,3,1.0,89.92
31005,1971,3,1.0,104.27
31006,1953,3,1.0,93.87
31007,1958,3,1.0,86.5
31008,1950,3,5.0,77.26
31009,1950,3,1.0,60.7
31010,1950,3,1.0,62.21
31011,2002,6,1.0,68.84
31012,1960,3,1.0,81.77
31013,1960,3,1.0,90.7
31014,1950,6,1.0,98.49
31015,1950,3,11.0,98.49
31016,1950,3,1.0,88.78
31017,1950,3,1.0,88.93
31018,1950,3,1.0,32.28
31019,1960,6,1.0,107.52
31020,1952,3,1.0,134.97
31021,1950,3,5.0,139.57
31022,1950,3,1.0,117.19
31023,1961,6,1.0,85.03
31024,1969,3,12.0,79.59
31025,1950,6,1.0,81.03
31026,1950,3,12.0,18.88
31027,2005,9,1.0,194.72
31028,1939,3,1.0,99.04
31029,1939,3,12.0,96.84
31030,1990,3,1.0,108.4
31031,1930,3,1.0,100.53
31032,1930,3,1.0,100.68
31033,1930,3,12.0,87.9
31034,1930,3,1.0,106.61
31035,1930,3,11.0,106.61
31036,1930,3,12.0,32.29
31037,1930,6,1.0,109.68
31038,1930,3,12.0,96.98
31039,1930,6,1.0,88.6
31040,1930,3,1.0,83.07
31041,1964,9,1.0,101.05
31042,1930,9,1.0,78.18
31043,1930,9,1.0,78.34
31044,1930,6,1.0,101.16
31045,1930,6,1.0,107.64
31046,1950,3,1.0,88.05
31047,1950,3,12.0,
31048,1992,3,1.0,87.96
31049,1959,3,1.0,88.95
31050,1962,3,1.0,96.35
31051,1930,6,1.0,105.07
31052,1930,6,1.0,85.35
31053,1930,9,1.0,82.69
31054,1930,3,12.0,82.69
31055,1930,3,1.0,88.25
31056,1930,9,1.0,95.89
31057,1966,3,1.0,105.81
31058,1968,3,1.0,90.81
31059,1968,3,1.0,177.54
31060,1968,3,5.0,173.93
31061,1968,9,1.0,98.73
31062,1968,3,12.0,91.76
31063,1975,6,1.0,109.08
31064,2021,9,1.0,114.07
31065,2021,6,11.0,112.63
31066,2021,3,12.0,106.93
31067,1968,9,1.0,88.7
31068,1968,3,1.0,103.04
31069,1968,3,12.0,80.45
31070,1989,12,1.0,113.75
31071,1960,9,1.0,105.26
31072,1983,12,1.0,105.28
31073,1960,9,1.0,101.7
31074,1960,3,12.0,92.42
31075,1966,6,1.0,203.24
31076,1965,9,1.0,95.33
31077,1960,3,1.0,82.0
31078,1960,3,12.0,82.0
31079,1988,6,1.0,98.72
31080,1974,3,12.0,92.14
31081,2004,3,5.0,209.06
31082,2004,15,1.0,192.85
31083,2004,3,12.0,192.85
31084,2009,12,1.0,134.6
31085,2009,3,12.0,134.6
31086,1965,12,1.0,166.74
31087,1965,12,1.0,166.04
31088,1965,12,1.0,192.43
31089,1965,15,1.0,249.66
31090,1955,3,1.0,92.58
31091,1970,3,12.0,118.42
31092,1985,3,1.0,106.7
31093,1985,3,12.0,106.7
31094,1975,9,1.0,105.43
31095,1993,3,1.0,151.25
31096,1985,3,1.0,117.38
31097,2003,3,5.0,386.48
31098,2003,3,1.0,386.48
31099,2003,3,12.0,367.23
31100,2004,3,1.0,210.1
31101,2004,3,12.0,195.44
31102,1963,3,1.0,106.27
31103,1964,9,1.0,90.49
31104,1950,6,1.0,102.62
31105,1950,6,1.0,99.0
31106,1950,3,12.0,71.08
31107,1950,3,5.0,103.97
31108,1950,3,1.0,103.97
31109,1973,15,1.0,105.49
31110,1971,6,12.0,94.77
31111,1960,6,1.0,106.59
31112,1965,3,1.0,94.7
31113,1950,3,5.0,175.43
31114,1950,12,1.0,100.1
31115,1950,3,1.0,74.2
31116,1962,9,1.0,102.14
31117,1950,3,1.0,103.1
31118,1959,12,1.0,82.16
31119,1969,3,5.0,88.23
31120,1969,3,1.0,88.23
31121,1948,3,1.0,77.56
31122,1976,9,1.0,186.77
31123,2002,9,1.0,306.87
31124,1998,3,1.0,141.79
31125,1967,3,1.0,72.75
31126,1972,3,5.0,82.34
31127,1970,9,1.0,81.99
31128,1970,3,12.0,65.08
31129,1973,3,5.0,84.14
31130,1973,3,12.0,53.29
31131,1992,3,1.0,78.92
31132,1962,3,1.0,74.99
31133,2022,9,1.0,88.95
31134,2022,3,12.0,77.87
31135,1968,3,5.0,85.93
31136,1968,3,1.0,85.93
31137,1965,6,1.0,85.41
31138,2007,9,1.0,86.63
31139,1970,3,12.0,62.0
31140,2004,9,1.0,55.28
31141,1961,3,1.0,81.23
31142,1961,6,1.0,85.23
31143,1961,3,12.0,85.23
31144,1972,3,1.0,84.69
31145,1971,3,1.0,94.79
31146,1971,3,12.0,79.86
31147,1969,6,1.0,107.8
31148,1969,3,12.0,107.8
31149,1971,3,1.0,109.67
31150,1967,3,1.0,91.85
31151,1978,3,1.0,87.44
31152,1979,3,1.0,82.78
31153,1982,3,1.0,90.67
31154,1970,3,1.0,88.27
31155,1970,3,12.0,77.98
31156,1970,3,5.0,84.37
31157,1970,3,1.0,84.37
31158,1970,3,12.0,62.15
31159,1965,3,12.0,88.79
31160,1930,6,1.0,108.46
31161,1930,3,12.0,92.8
31162,1963,6,1.0,91.65
31163,1930,9,1.0,93.92
31164,1930,3,12.0,93.92
31165,1930,6,1.0,112.1
31166,1930,6,1.0,106.84
31167,1930,6,1.0,96.68
31168,1930,3,1.0,74.25
31169,1930,3,11.0,
31170,1930,6,1.0,81.97
31171,2001,3,1.0,98.48
31172,1930,9,1.0,54.05
31173,1930,6,1.0,55.07
31174,1930,3,1.0,86.65
31175,1930,3,12.0,86.65
31176,1966,3,1.0,72.23
31177,1930,3,1.0,78.9
31178,1930,3,12.0,78.9
31179,1930,9,1.0,88.57
31180,1930,6,1.0,102.44
31181,1930,3,12.0,102.44
31182,1930,3,1.0,75.77
31183,1930,3,12.0,
31184,1930,9,1.0,102.26
31185,1930,3,1.0,97.51
31186,2001,3,1.0,151.68
31187,1951,3,1.0,52.91
31188,1963,12,1.0,107.33
31189,1969,6,12.0,100.72
31190,1930,3,1.0,112.86
31191,1972,3,1.0,113.15
31192,1930,6,1.0,84.17
31193,2001,3,1.0,50.88
31194,1965,3,1.0,51.41
31195,1971,9,1.0,98.96
31196,1951,3,1.0,100.66
31197,1983,3,1.0,110.54
31198,1930,9,1.0,111.5
31199,1930,9,1.0,98.09
31200,1930,6,1.0,83.65
31201,1930,3,12.0,67.91
31202,1965,6,1.0,110.08
31203,1965,3,12.0,110.08
31204,1930,6,1.0,106.03
31205,1930,3,12.0,96.52
31206,1930,6,1.0,86.76
31207,2024,3,5.0,318.47
31208,2024,18,1.0,293.25
31209,2024,6,12.0,286.55
31210,1968,3,10.0,375.57
31211,1977,3,4.0,1234.4
31212,1981,9,4.0,2918.3
31213,1976,3,10.0,1043.41
31214,1970,3,3.0,16.45
31215,2006,6,9.0,742.34
31216,2007,9,1.0,177.42
31217,2007,3,12.0,113.45
31218,2003,3,1.0,124.41
31219,2006,3,10.0,108.38
31220,1999,3,1.0,129.97
31221,2004,3,10.0,91.87
31222,1999,3,1.0,135.77
31223,2002,3,1.0,82.69
31224,1998,3,1.0,161.96
31225,1996,6,1.0,241.47
31226,2002,3,10.0,188.67
31227,1996,3,12.0,
31228,1982,3,1.0,248.5
31229,1982,3,10.0,129.93
31230,1982,3,12.0,
31231,1965,3,1.0,91.74
31232,2019,12,1.0,100.03
31233,2019,3,12.0,89.44
31234,1965,12,1.0,110.22
31235,1960,6,1.0,111.7
31236,1960,3,12.0,90.79
31237,2009,9,1.0,175.35
31238,2009,3,12.0,175.35
31239,1960,3,1.0,93.28
31240,1975,9,1.0,110.48
31241,1958,3,12.0,104.46
31242,1967,9,1.0,97.37
31243,1968,9,1.0,110.07
31244,1962,6,1.0,84.57
31245,1963,9,1.0,55.55
31246,1961,3,1.0,58.0
31247,1965,3,1.0,94.11
31248,1963,3,1.0,115.06
31249,1963,3,3.0,113.26
31250,1961,3,1.0,117.18
31251,1962,3,12.0,139.31
31252,1968,3,1.0,85.34
31253,1967,6,1.0,110.18
31254,1967,3,12.0,87.89
31255,1960,3,1.0,107.88
31256,2006,9,1.0,115.69
31257,1965,3,12.0,104.71
31258,2001,3,5.0,15374.29
31259,1980,3,3.0,701.37
31260,2009,3,2.0,
31261,1962,3,3.0,6881.94
31262,1962,3,2.0,
31263,2021,9,2.0,6441.73
31264,2021,3,12.0,718.85
31265,2001,3,3.0,1251.66
31266,2001,3,3.0,5938.23
31267,1961,3,3.0,3900.07
31268,1961,3,2.0,202.56
31269,2017,3,9.0,
31270,2017,3,11.0,
31271,1961,6,12.0,
31272,1962,3,3.0,23.61
31273,2008,12,3.0,6366.57
31274,1990,3,2.0,396.78
31275,2021,3,12.0,231.77
31276,2002,6,3.0,20921.29
31277,2007,9,2.0,3037.41
31278,2009,6,12.0,480.09
31279,2022,3,3.0,4983.69
31280,2022,3,2.0,856.83
31281,2022,3,11.0,143.68
31282,2022,9,12.0,
31283,2001,3,3.0,1474.75
31284,2007,3,5.0,17436.44
31285,2007,6,3.0,11592.35
31286,2010,6,2.0,8230.75
31287,2007,6,12.0,6664.46
31288,1997,3,3.0,5877.47
31289,1997,3,2.0,1331.98
31290,1976,12,1.0,158.83
31291,1976,12,1.0,159.08
31292,1976,12,1.0,158.81
31293,1976,12,1.0,158.28
31294,1976,12,1.0,158.06
31295,1976,12,1.0,158.28
31296,1976,12,1.0,156.92
31297,1976,12,1.0,156.54
31298,1974,12,1.0,156.31
31299,1976,12,1.0,158.06
31300,1976,12,1.0,158.68
31301,1976,12,1.0,159.13
31302,1880,3,1.0,775.71
31303,1970,3,12.0,2505.33
31304,1974,3,12.0,3905.81
31305,1969,3,12.0,28.31
31306,1955,3,1.0,92.87
31307,1950,3,5.0,2845.5
31308,1950,3,3.0,1476.13
31309,2014,3,12.0,
31310,1950,3,12.0,25.96
31311,1980,12,1.0,495.17
31312,1980,6,1.0,423.18
31313,1977,6,1.0,103.05
31314,1969,3,5.0,153.04
31315,1969,3,1.0,153.04
31316,1969,3,1.0,99.4
31317,1969,3,12.0,94.43
31318,1972,3,1.0,109.92
31319,1972,3,12.0,78.76
31320,1975,3,1.0,109.43
31321,1960,3,1.0,112.75
31322,1969,3,1.0,114.08
31323,1976,6,1.0,106.43
31324,1976,3,12.0,76.99
31325,1974,12,1.0,95.08
31326,1974,6,12.0,88.99
31327,1985,3,1.0,149.15
31328,1985,3,12.0,90.32
31329,1984,3,1.0,164.23
31330,1960,6,1.0,156.44
31331,2009,9,1.0,160.44
31332,1967,6,1.0,186.17
31333,2007,9,1.0,382.52
31334,1981,3,5.0,648.16
31335,1981,6,1.0,618.23
31336,2023,6,5.0,1588.39
31337,2023,12,1.0,1097.34
31338,2023,9,12.0,955.85
31339,1964,3,1.0,350.87
31340,1980,3,1.0,96.95
31341,1994,3,1.0,68.06
31342,1994,3,12.0,68.06
31343,1968,3,1.0,90.25
31344,1970,3,1.0,82.69
31345,1964,3,1.0,80.8
31346,1965,3,1.0,87.16
31347,1972,6,1.0,97.79
31348,1972,3,12.0,88.51
31349,1974,3,1.0,90.57
31350,1969,3,5.0,98.36
31351,1969,3,1.0,84.95
31352,1969,3,12.0,84.95
31353,1967,3,1.0,75.43
31354,1950,3,5.0,175.26
31355,1950,9,1.0,118.16
31356,1950,6,12.0,32.3
31357,1978,3,5.0,129.42
31358,1978,12,1.0,113.52
31359,1978,3,12.0,110.43
31360,1974,6,1.0,278.35
31361,1976,3,5.0,75.61
31362,1976,3,1.0,75.61
31363,1972,3,5.0,111.39
31364,1972,3,1.0,111.39
31365,1994,3,1.0,113.56
31366,1956,3,1.0,181.02
31367,1968,3,1.0,76.76
31368,1968,3,1.0,77.33
31369,1971,9,1.0,97.09
31370,1968,3,12.0,80.23
31371,1970,3,1.0,98.48
31372,1970,3,12.0,76.55
31373,1969,3,1.0,85.05
31374,1969,3,12.0,85.05
31375,1969,3,1.0,100.13
31376,1969,3,12.0,83.32
31377,1974,6,1.0,94.54
31378,1972,3,1.0,196.99
31379,1972,3,12.0,186.39
31380,1968,3,1.0,96.73
31381,1968,3,12.0,96.73
31382,1954,3,3.0,21.34
31383,1963,3,1.0,105.64
31384,1969,6,1.0,100.1
31385,1969,6,12.0,96.49
31386,1968,3,1.0,55.35
31387,1963,3,1.0,51.78
31388,1994,3,1.0,93.96
31389,1977,6,1.0,102.81
31390,1968,3,1.0,97.52
31391,1957,3,1.0,105.46
31392,1957,3,1.0,97.81
31393,1973,3,5.0,113.87
31394,1973,3,1.0,96.54
31395,1971,3,1.0,122.07
31396,1971,3,12.0,109.64
31397,1963,3,1.0,128.07
31398,1959,3,1.0,115.16
31399,1957,6,1.0,96.0
31400,1957,3,12.0,93.0
31401,1980,3,1.0,47.29
31402,1980,3,12.0,47.29
31403,1991,3,1.0,90.34
31404,1991,3,12.0,90.34
31405,1959,12,1.0,283.27
31406,1990,3,5.0,307.81
31407,1990,6,1.0,174.53
31408,1990,3,10.0,174.53
31409,1966,12,1.0,96.94
31410,1968,9,1.0,211.42
31411,1968,3,12.0,173.0
31412,1968,9,1.0,762.36
31413,1968,12,1.0,182.49
31414,1963,3,5.0,217.14
31415,1977,6,3.0,182.54
31416,1963,6,1.0,
31417,1977,6,1.0,198.12
31418,1980,3,5.0,177.72
31419,1980,3,1.0,177.72
31420,1980,3,12.0,152.2
31421,1968,15,1.0,164.01
31422,1978,3,1.0,148.5
31423,1977,6,1.0,153.18
31424,1991,3,1.0,161.48
31425,1968,9,1.0,161.68
31426,1968,3,9.0,141.72
31427,1982,3,2.0,295.84
31428,1960,3,5.0,287.39
31429,1960,6,1.0,287.39
31430,1960,6,1.0,609.95
31431,1960,3,12.0,183.48
31432,2006,3,5.0,452.83
31433,2006,9,1.0,452.83
31434,2001,6,1.0,106.78
31435,1974,6,1.0,202.99
31436,1974,9,1.0,236.17
31437,1973,9,1.0,169.38
31438,1973,12,1.0,117.42
31439,1965,6,1.0,138.37
31440,1960,3,1.0,84.25
31441,1960,3,12.0,75.55
31442,1970,3,5.0,100.32
31443,1970,6,1.0,100.32
31444,1964,3,2.0,94.25
31445,1964,3,1.0,94.25
31446,1970,12,1.0,682.89
31447,1970,3,4.0,244.5
31448,1970,3,4.0,333.19
31449,1995,3,9.0,420.78
31450,1995,3,9.0,470.17
31451,2008,3,5.0,591.35
31452,2008,9,1.0,591.35
31453,1957,3,1.0,124.23
31454,1972,6,1.0,620.46
31455,1944,3,5.0,180.14
31456,1944,6,1.0,159.06
31457,2007,9,1.0,147.67
31458,1958,3,1.0,147.64
31459,1972,3,1.0,122.26
31460,1976,6,1.0,192.59
31461,1977,6,1.0,167.24
31462,1977,3,11.0,121.11
31463,1977,3,12.0,95.99
31464,1970,12,1.0,412.03
31465,1979,6,1.0,794.16
31466,1960,3,1.0,154.39
31467,1975,3,5.0,225.66
31468,1990,3,5.0,720.06
31469,1990,3,2.0,316.65
31470,1990,6,1.0,306.34
31471,1990,3,10.0,278.56
31472,1990,6,12.0,
31473,1982,9,1.0,248.78
31474,1965,3,5.0,268.43
31475,1965,6,1.0,155.85
31476,1989,3,5.0,549.06
31477,1989,6,1.0,238.24
31478,1936,3,1.0,106.56
31479,1936,6,12.0,20.64
31480,1955,3,1.0,195.47
31481,1955,3,12.0,
31482,1957,3,1.0,226.52
31483,1995,3,12.0,98.85
31484,2005,3,5.0,906.49
31485,2005,12,1.0,822.59
31486,1978,3,5.0,224.66
31487,1978,6,1.0,187.49
31488,1976,9,1.0,179.3
31489,1977,6,1.0,171.28
31490,1975,6,1.0,197.35
31491,1993,3,5.0,219.02
31492,1971,12,1.0,172.65
31493,1971,9,1.0,189.46
31494,1974,6,1.0,311.84
31495,1970,9,1.0,223.52
31496,1975,3,5.0,97.14
31497,1975,3,1.0,88.39
31498,1969,9,1.0,102.61
31499,1969,3,12.0,94.83
31500,1977,6,1.0,170.27
31501,1970,9,1.0,215.47
31502,1977,3,12.0,178.4
31503,1977,6,1.0,178.33
31504,1970,6,1.0,176.89
31505,1977,6,1.0,177.59
31506,1977,6,1.0,171.03
31507,1967,3,5.0,948.04
31508,1981,3,4.0,1626.47
31509,1981,3,10.0,1071.96
31510,1980,3,12.0,24.78
31511,1981,3,1.0,158.53
31512,1981,3,12.0,
31513,1974,3,5.0,301.52
31514,1974,9,1.0,301.52
31515,1974,3,12.0,301.52
31516,2002,6,1.0,933.44
31517,1978,6,1.0,624.43
31518,1973,9,1.0,522.85
31519,1967,12,1.0,468.92
31520,1975,6,1.0,143.11
31521,1984,6,1.0,300.61
31522,1973,9,1.0,328.86
31523,1973,3,2.0,298.24
31524,1973,9,1.0,271.23
31525,1973,3,12.0,271.23
31526,1983,6,1.0,165.73
31527,1969,9,1.0,156.7
31528,1984,3,1.0,115.43
31529,1984,3,12.0,115.43
31530,1983,3,1.0,202.67
31531,1983,3,12.0,139.88
31532,1975,6,1.0,198.57
31533,1967,6,1.0,122.04
31534,1972,9,1.0,461.98
31535,1987,3,8.0,697.54
31536,1987,6,1.0,342.27
31537,1987,6,12.0,342.27
31538,1990,3,1.0,596.15
31539,1990,3,9.0,245.18
31540,1985,3,12.0,245.18
31541,1986,6,1.0,718.09
31542,1972,12,1.0,1127.4
31543,1977,12,1.0,308.7
31544,1977,12,1.0,257.24
31545,1977,12,1.0,255.53
31546,1977,12,1.0,254.7
31547,1974,12,1.0,150.42
31548,1974,6,3.0,176.09
31549,2005,3,5.0,622.95
31550,2005,12,1.0,271.26
31551,1971,9,1.0,746.73
31552,2008,9,1.0,650.38
31553,1971,9,1.0,288.05
31554,1971,9,1.0,281.43
31555,1971,9,1.0,239.5
31556,1971,9,1.0,301.11
31557,1971,9,1.0,271.17
31558,1971,9,1.0,284.38
31559,1969,9,1.0,211.93
31560,1971,9,1.0,202.34
31561,1970,12,1.0,274.87
31562,1970,3,12.0,274.87
31563,1975,12,1.0,277.28
31564,1971,9,1.0,277.02
31565,1971,9,1.0,857.6
31566,1976,3,12.0,1481.76
31567,1990,3,5.0,1643.22
31568,1976,3,12.0,110.78
31569,1990,3,3.0,1060.9
31570,1990,3,2.0,1043.81
31571,1990,3,12.0,
31572,1990,3,12.0,893.75
31573,1990,3,6.0,743.82
31574,1990,3,2.0,302.05
31575,1990,3,12.0,
31576,1990,3,12.0,35.41
31577,2005,3,3.0,564.47
31578,2005,3,3.0,582.49
31579,2005,3,3.0,737.02
31580,1993,6,5.0,3059.85
31581,1947,3,12.0,18.92
31582,1947,3,12.0,796.84
31583,1973,6,3.0,3458.02
31584,1947,3,12.0,724.84
31585,1953,6,1.0,118.12
31586,1953,3,12.0,29.14
31587,1953,3,1.0,116.02
31588,1953,6,1.0,248.49
31589,1953,6,1.0,231.42
31590,1953,3,1.0,121.65
31591,1953,3,1.0,101.6
31592,1953,3,1.0,119.63
31593,1953,6,1.0,337.89
31594,1953,6,1.0,216.66
31595,1953,3,1.0,153.4
31596,1953,3,1.0,135.55
31597,1953,6,1.0,265.14
31598,1953,6,1.0,291.79
31599,1953,3,1.0,102.37
31600,1953,3,1.0,137.05
31601,1953,6,1.0,240.73
31602,1953,6,1.0,199.29
31603,1953,3,1.0,98.38
31604,1953,3,1.0,110.1
31605,1953,3,,622.11
31606,1953,3,1.0,92.1
31607,1953,6,1.0,286.46
31608,1953,6,1.0,233.36
31609,1960,3,12.0,16.87
31610,1953,6,1.0,206.45
31611,1953,6,1.0,247.39
31612,1953,3,1.0,111.72
31613,1953,3,1.0,81.02
31614,1953,6,1.0,205.73
31615,1953,6,1.0,221.33
31616,1953,3,1.0,99.05
31617,1953,3,1.0,138.32
31618,1962,3,5.0,109.12
31619,1977,6,1.0,80.17
31620,1977,3,9.0,74.66
31621,1970,3,1.0,79.65
31622,1970,3,12.0,79.65
31623,1963,3,1.0,59.62
31624,1970,3,1.0,52.93
31625,1983,9,1.0,238.33
31626,1978,3,1.0,124.3
31627,1971,6,1.0,120.88
31628,2006,6,1.0,97.55
31629,1965,12,1.0,599.27
31630,1965,3,5.0,523.49
31631,1965,18,1.0,523.49
31632,1965,12,1.0,106.93
31633,1971,12,1.0,98.74
31634,1973,3,5.0,100.17
31635,2009,3,5.0,361.02
31636,2009,12,1.0,263.47
31637,1965,12,1.0,453.97
31638,1963,3,1.0,120.91
31639,1964,9,1.0,407.27
31640,1965,3,5.0,84.73
31641,1965,3,1.0,84.73
31642,1965,3,5.0,88.06
31643,1965,3,1.0,88.06
31644,1977,3,1.0,134.82
31645,2009,3,12.0,56.88
31646,1969,9,1.0,87.33
31647,1965,9,1.0,880.23
31648,1964,3,1.0,113.72
31649,1980,3,1.0,168.74
31650,1980,3,12.0,137.19
31651,1964,9,1.0,175.2
31652,1964,3,12.0,175.2
31653,1955,6,1.0,131.45
31654,1930,6,1.0,134.51
31655,1930,3,12.0,47.21
31656,2004,3,1.0,131.49
31657,2004,3,12.0,87.52
31658,1950,3,1.0,86.26
31659,1950,3,12.0,86.26
31660,1930,3,1.0,120.94
31661,1979,15,1.0,347.66
31662,1991,12,1.0,94.49
31663,1930,9,1.0,100.94
31664,1965,3,1.0,119.03
31665,2007,12,1.0,261.36
31666,1979,15,1.0,186.61
31667,1998,3,12.0,240.05
31668,1957,6,1.0,129.25
31669,1957,3,5.0,107.47
31670,1957,3,1.0,70.69
31671,1985,12,1.0,483.26
31672,1968,12,1.0,340.38
31673,1970,18,1.0,237.29
31674,1930,9,4.0,212.52
31675,1930,3,1.0,116.76
31676,1971,21,1.0,362.85
31677,1957,3,1.0,191.65
31678,1957,3,12.0,88.19
31679,1930,3,12.0,219.67
31680,1972,9,1.0,199.5
31681,1978,15,1.0,192.54
31682,1964,9,1.0,239.03
31683,1930,15,1.0,168.35
31684,2005,9,1.0,105.03
31685,1994,9,1.0,245.75
31686,2006,9,1.0,344.42
31687,1960,6,1.0,142.78
31688,2009,12,1.0,73.36
31689,2009,3,12.0,58.44
31690,1979,3,1.0,69.41
31691,1953,6,1.0,139.42
31692,1953,3,9.0,132.71
31693,1992,3,5.0,839.08
31694,1992,12,1.0,799.99
31695,1950,12,1.0,72.74
31696,1967,9,1.0,76.35
31697,1993,6,1.0,131.42
31698,1975,3,12.0,97.54
31699,1997,3,1.0,70.39
31700,2014,9,1.0,70.38
31701,2014,3,11.0,53.75
31702,2014,3,12.0,39.65
31703,1994,3,1.0,139.51
31704,1970,6,1.0,111.36
31705,1967,3,1.0,85.17
31706,2007,9,1.0,210.14
31707,2007,3,12.0,196.46
31708,1966,9,1.0,114.91
31709,2001,9,1.0,120.41
31710,2020,3,11.0,96.86
31711,1965,3,12.0,68.22
31712,1975,3,1.0,150.11
31713,2003,9,1.0,159.2
31714,1986,6,1.0,137.13
31715,1950,3,1.0,102.93
31716,1960,12,1.0,136.04
31717,1990,6,1.0,103.7
31718,1999,3,3.0,87.96
31719,2010,12,1.0,636.62
31720,2010,6,12.0,636.62
31721,1969,12,1.0,301.07
31722,1970,12,1.0,320.27
31723,1970,12,1.0,335.06
31724,1969,12,1.0,254.5
31725,2007,3,5.0,701.5
31726,2007,15,1.0,492.51
31727,1992,3,5.0,500.06
31728,1992,9,1.0,364.68
31729,1990,3,1.0,59.0
31730,1990,3,1.0,58.01
31731,1990,3,1.0,59.05
31732,1969,3,5.0,156.79
31733,1978,9,1.0,126.47
31734,1969,3,12.0,126.47
31735,1969,3,1.0,75.21
31736,1969,3,12.0,75.21
31737,1952,3,5.0,78.17
31738,1952,9,1.0,78.17
31739,1959,3,1.0,77.66
31740,1953,3,12.0,130.24
31741,1955,6,1.0,77.43
31742,1955,3,11.0,74.15
31743,1956,3,1.0,74.13
31744,1959,6,1.0,78.08
31745,1959,3,11.0,78.08
31746,1959,6,12.0,30.25
31747,1956,3,1.0,73.91
31748,1960,3,1.0,67.58
31749,1953,3,1.0,87.58
31750,1969,3,1.0,88.88
31751,1972,3,1.0,80.32
31752,1959,3,1.0,67.87
31753,1959,3,12.0,67.87
31754,1958,3,1.0,67.45
31755,1959,3,1.0,76.08
31756,1959,3,12.0,76.08
31757,1961,6,1.0,71.3
31758,1969,9,1.0,71.93
31759,1969,3,12.0,71.93
31760,1959,6,1.0,83.1
31761,1959,6,12.0,83.1
31762,1969,3,1.0,88.86
31763,1969,3,12.0,88.86
31764,1968,3,1.0,79.54
31765,1968,3,1.0,87.61
31766,1968,3,1.0,85.21
31767,1969,3,1.0,85.03
31768,1969,3,1.0,87.23
31769,1969,3,12.0,82.0
31770,2019,9,1.0,88.04
31771,2019,3,12.0,62.08
31772,2000,3,1.0,97.55
31773,1965,3,10.0,
31774,1965,3,12.0,
31775,1998,3,1.0,137.35
31776,1998,3,10.0,64.53
31777,1998,6,12.0,
31778,1994,3,1.0,110.18
31779,1965,3,1.0,73.2
31780,1965,3,1.0,63.27
31781,1965,3,1.0,41.1
31782,1965,3,1.0,42.78
31783,1965,3,1.0,45.86
31784,1965,3,1.0,66.01
31785,1965,3,12.0,42.33
31786,1965,3,1.0,52.42
31787,1965,3,1.0,47.61
31788,1965,3,1.0,52.33
31789,1965,3,1.0,51.81
31790,1965,3,1.0,40.59
31791,1965,3,1.0,55.41
31792,1965,3,1.0,48.42
31793,1965,3,1.0,51.02
31794,1965,3,1.0,55.57
31795,1965,3,1.0,67.0
31796,1965,3,1.0,62.55
31797,1965,3,1.0,60.82
31798,1965,3,1.0,51.44
31799,1965,3,1.0,53.47
31800,1965,3,1.0,43.36
31801,1965,3,1.0,56.26
31802,1965,3,1.0,42.59
31803,1965,3,1.0,42.71
31804,1965,3,1.0,50.16
31805,1965,3,1.0,54.62
31806,1965,3,1.0,53.91
31807,1965,3,1.0,52.74
31808,1965,3,1.0,54.19
31809,1965,3,1.0,43.65
31810,1965,3,1.0,49.9
31811,1965,3,1.0,63.75
31812,2004,3,1.0,196.43
31813,2004,3,9.0,196.43
31814,2020,6,1.0,206.57
31815,2020,3,10.0,175.76
31816,2020,3,11.0,
31817,2020,3,12.0,
31818,1999,6,1.0,193.74
31819,2002,3,12.0,51.06
31820,1998,3,1.0,123.41
31821,1998,3,12.0,93.22
31822,1983,3,12.0,47.11
31823,2003,3,1.0,130.56
31824,2018,6,1.0,111.35
31825,2020,3,10.0,85.7
31826,2018,3,11.0,15.61
31827,2018,3,12.0,
31828,2006,6,1.0,161.29
31829,2012,3,10.0,115.88
31830,1975,3,3.0,31.81
31831,1988,3,1.0,170.21
31832,2006,3,10.0,103.63
31833,2006,3,11.0,11.42
31834,1999,3,12.0,
31835,1965,3,12.0,22.16
31836,1995,3,1.0,105.83
31837,1995,3,11.0,21.65
31838,1995,3,12.0,
31839,1995,3,1.0,87.36
31840,1991,3,1.0,192.53
31841,2006,3,1.0,172.44
31842,2001,6,1.0,173.47
31843,2002,6,1.0,154.89
31844,1983,3,1.0,240.73
31845,1900,6,3.0,2408.07
31846,1900,3,12.0,554.85
31847,1997,3,3.0,17.8
31848,1974,12,1.0,158.66
31849,1974,12,1.0,159.92
31850,1975,3,7.0,658.48
31851,1975,3,10.0,
31852,1975,3,11.0,
31853,1975,3,12.0,
31854,1971,3,12.0,33.38
31855,1973,3,12.0,26.73
31856,1974,12,1.0,158.33
31857,1974,12,1.0,157.27
31858,1974,12,1.0,157.94
31859,1974,12,1.0,158.86
31860,1974,12,1.0,157.5
31861,1974,12,1.0,157.87
31862,1974,12,1.0,158.28
31863,1974,12,1.0,157.29
31864,1974,12,1.0,158.39
31865,1974,12,1.0,159.2
31866,1974,12,1.0,158.41
31867,1974,12,1.0,158.12
31868,1974,12,1.0,158.77
31869,1974,12,1.0,154.52
31870,1974,12,1.0,157.16
31871,1974,12,1.0,158.48
31872,1975,24,1.0,376.87
31873,1975,24,1.0,377.49
31874,1975,24,1.0,378.28
31875,2004,6,9.0,1658.58
31876,1992,3,12.0,2362.45
31877,1973,3,3.0,22622.22
31878,2019,6,5.0,2585.43
31879,2019,3,11.0,2585.43
31880,2019,9,12.0,287.98
31881,1972,3,3.0,48.22
31882,1950,3,1.0,103.8
31883,1972,3,1.0,102.93
31884,1983,3,1.0,83.55
31885,1982,3,1.0,208.08
31886,1982,3,12.0,208.08
31887,1954,3,1.0,115.53
31888,1950,3,1.0,96.01
31889,1994,6,1.0,149.17
31890,1955,3,1.0,80.3
31891,1955,3,12.0,55.88
31892,1960,3,1.0,112.32
31893,1960,3,12.0,93.62
31894,1950,3,1.0,128.14
31895,1960,3,1.0,126.93
31896,1962,3,12.0,90.48
31897,1960,3,1.0,145.78
31898,1971,6,1.0,102.7
31899,1960,3,1.0,85.38
31900,1960,3,5.0,84.25
31901,1960,3,1.0,84.25
31902,2001,3,5.0,946.0
31903,2001,6,1.0,946.0
31904,1975,6,1.0,394.47
31905,1966,6,1.0,93.74
31906,1958,3,1.0,86.33
31907,1950,3,1.0,88.76
31908,1954,3,1.0,131.99
31909,1950,3,1.0,119.97
31910,2006,3,1.0,101.74
31911,1958,6,1.0,99.83
31912,1996,6,1.0,1214.11
31913,1960,3,12.0,150.39
31914,1960,3,1.0,91.97
31915,1961,3,1.0,92.67
31916,1971,12,1.0,611.54
31917,1970,3,1.0,89.89
31918,1970,3,5.0,93.72
31919,1970,6,1.0,90.86
31920,2008,12,1.0,408.04
31921,2008,3,11.0,408.04
31922,2008,6,12.0,389.18
31923,1964,3,1.0,98.09
31924,1966,3,1.0,101.82
31925,1966,6,12.0,20.25
31926,1963,3,1.0,77.73
31927,1966,6,1.0,84.71
31928,1968,3,1.0,94.61
31929,1967,6,1.0,165.28
31930,1967,3,11.0,115.09
31931,1967,3,12.0,
31932,1968,9,1.0,85.17
31933,1968,3,12.0,85.17
31934,1967,3,5.0,140.33
31935,1967,6,1.0,130.45
31936,1971,3,1.0,177.86
31937,1977,6,1.0,131.6
31938,1973,9,1.0,132.37
31939,1975,6,1.0,112.51
31940,1970,3,1.0,112.03
31941,1970,6,12.0,87.67
31942,1950,6,1.0,136.93
31943,1969,3,1.0,170.15
31944,1969,3,12.0,138.49
31945,1973,3,1.0,100.7
31946,1960,6,1.0,112.04
31947,1960,6,12.0,94.42
31948,1959,3,1.0,107.69
31949,1969,9,1.0,373.17
31950,1969,3,12.0,352.07
31951,1960,9,1.0,95.9
31952,1960,3,1.0,99.97
31953,1967,3,1.0,159.88
31954,1978,3,1.0,85.4
31955,1979,3,1.0,80.94
31956,1979,3,12.0,80.94
31957,1966,3,1.0,48.33
31958,1972,3,1.0,113.03
31959,1964,3,1.0,115.67
31960,1981,3,1.0,139.23
31961,1980,9,1.0,127.28
31962,1955,6,1.0,99.14
31963,1965,3,1.0,114.92
31964,1950,3,1.0,104.07
31965,1961,3,1.0,77.57
31966,1953,3,1.0,99.78
31967,1964,3,1.0,89.25
31968,1960,6,1.0,100.05
31969,1960,9,1.0,151.29
31970,1966,3,1.0,48.77
31971,1966,3,12.0,48.77
31972,1950,3,1.0,40.14
31973,1965,6,1.0,113.52
31974,1965,6,12.0,113.52
31975,1981,3,5.0,106.18
31976,1961,9,1.0,96.48
31977,1961,3,12.0,80.71
31978,1960,9,1.0,112.2
31979,1960,3,12.0,99.0
31980,1958,3,1.0,201.21
31981,1996,3,1.0,75.96
31982,1950,3,1.0,104.21
31983,1955,3,1.0,102.51
31984,2010,15,1.0,79.21
31985,1960,3,1.0,72.28
31986,1957,3,1.0,107.35
31987,2003,3,1.0,127.01
31988,1971,6,1.0,107.19
31989,1971,6,12.0,85.21
31990,1985,3,1.0,105.14
31991,1958,3,1.0,111.88
31992,1997,3,1.0,79.35
31993,1953,3,1.0,101.5
31994,1963,3,1.0,105.44
31995,1965,3,1.0,106.12
31996,1953,9,1.0,129.47
31997,1961,3,1.0,108.28
31998,1960,3,1.0,95.37
31999,1978,9,1.0,98.58
32000,1949,3,1.0,104.76
32001,1958,3,1.0,105.93
32002,1960,3,1.0,65.52
32003,2000,3,1.0,83.67
32004,2021,3,1.0,17.33
32005,1958,3,1.0,71.97
32006,1949,3,1.0,95.57
32007,1958,3,1.0,110.41
32008,1960,3,1.0,111.17
32009,1958,3,1.0,89.65
32010,1993,3,1.0,58.96
32011,1948,3,1.0,229.07
32012,1950,3,1.0,84.79
32013,1963,6,1.0,179.48
32014,1950,3,1.0,94.74
32015,1967,3,1.0,103.09
32016,1967,3,12.0,80.98
32017,1960,6,1.0,96.16
32018,1960,3,12.0,96.16
32019,2002,6,1.0,278.12
32020,1980,9,1.0,117.87
32021,1970,12,1.0,180.54
32022,1986,3,1.0,122.26
32023,1986,3,12.0,87.28
32024,1955,3,12.0,280.58
32025,1975,3,1.0,78.59
32026,1975,3,12.0,78.59
32027,1970,3,1.0,44.94
32028,1970,3,12.0,44.94
32029,1960,3,12.0,36.83
32030,1994,9,1.0,156.14
32031,1994,3,12.0,117.37
32032,1963,3,12.0,69.45
32033,1965,3,1.0,72.63
32034,1999,6,1.0,171.53
32035,1970,6,1.0,149.1
32036,1960,6,1.0,131.16
32037,1976,3,1.0,156.6
32038,1952,3,1.0,92.81
32039,1955,3,1.0,63.33
32040,1969,3,5.0,65.9
32041,1969,3,1.0,65.9
32042,1960,3,1.0,133.07
32043,2005,9,1.0,117.77
32044,1953,3,1.0,62.38
32045,1975,3,1.0,115.25
32046,1950,3,1.0,95.6
32047,1998,3,5.0,85.28
32048,1998,3,1.0,85.28
32049,2002,3,12.0,64.32
32050,1965,6,1.0,192.44
32051,1959,3,1.0,87.44
32052,1960,3,1.0,117.04
32053,1970,9,1.0,116.49
32054,1971,6,1.0,213.22
32055,1972,9,1.0,138.36
32056,1972,6,12.0,108.41
32057,1973,9,1.0,110.26
32058,1959,3,1.0,106.91
32059,1956,3,1.0,66.65
32060,1971,9,1.0,103.07
32061,1960,3,5.0,119.38
32062,2001,3,1.0,105.24
32063,2007,12,1.0,75.51
32064,1960,3,1.0,61.83
32065,1992,9,1.0,117.23
32066,1955,3,11.0,86.34
32067,1955,3,12.0,6.99
32068,1971,9,1.0,94.71
32069,1960,3,1.0,120.92
32070,2011,9,1.0,119.88
32071,1960,3,12.0,97.25
32072,2000,3,1.0,86.13
32073,2003,3,1.0,95.27
32074,1970,6,1.0,119.17
32075,1953,3,1.0,105.42
32076,1958,3,1.0,51.03
32077,2009,9,1.0,348.52
32078,2009,3,12.0,324.66
32079,1978,3,5.0,240.79
32080,1978,3,1.0,240.79
32081,1973,6,1.0,196.53
32082,1973,6,1.0,176.54
32083,1973,9,1.0,180.52
32084,1970,12,1.0,209.85
32085,1973,9,1.0,137.0
32086,1973,3,12.0,137.0
32087,1968,9,1.0,148.94
32088,1970,9,1.0,225.99
32089,1975,3,1.0,172.66
32090,1978,3,1.0,633.16
32091,1952,3,1.0,100.17
32092,1955,3,1.0,158.22
32093,1995,6,2.0,204.66
32094,1995,3,1.0,194.78
32095,1978,3,5.0,35.7
32096,1978,3,1.0,35.7
32097,1978,3,1.0,55.03
32098,1979,3,1.0,76.0
32099,1982,9,1.0,99.54
32100,1960,3,12.0,88.1
32101,1977,3,1.0,100.89
32102,1950,3,1.0,86.74
32103,1975,6,1.0,147.8
32104,1958,3,5.0,125.64
32105,1958,3,1.0,84.61
32106,1992,3,5.0,148.98
32107,1992,12,1.0,126.12
32108,1992,6,12.0,85.98
32109,1958,3,1.0,109.31
32110,1976,9,1.0,181.83
32111,1970,9,1.0,184.47
32112,1977,6,1.0,331.43
32113,1970,9,1.0,378.68
32114,1974,3,5.0,282.91
32115,1974,3,1.0,134.64
32116,1974,3,12.0,
32117,1970,9,1.0,241.93
32118,1968,6,1.0,163.13
32119,1978,3,5.0,136.54
32120,1978,3,1.0,121.68
32121,1957,6,1.0,485.92
32122,1977,6,1.0,233.67
32123,1978,9,1.0,182.44
32124,1973,6,1.0,194.06
32125,1983,3,1.0,203.26
32126,1983,3,12.0,180.62
32127,1976,3,5.0,225.36
32128,1976,3,1.0,161.78
32129,1973,6,1.0,146.12
32130,1973,6,1.0,149.85
32131,1973,6,1.0,151.95
32132,1973,6,1.0,164.25
32133,1973,9,1.0,240.26
32134,1973,9,1.0,158.45
32135,1973,3,5.0,159.22
32136,1973,9,1.0,159.22
32137,1973,3,12.0,159.22
32138,1973,9,1.0,161.78
32139,1972,9,1.0,205.07
32140,1973,6,1.0,143.97
32141,1973,6,1.0,154.51
32142,1979,3,1.0,95.77
32143,1979,3,5.0,93.98
32144,1979,3,1.0,82.92
32145,1983,3,5.0,184.9
32146,2002,3,1.0,174.55
32147,2022,3,11.0,57.78
32148,2022,3,12.0,
32149,1983,3,5.0,996.22
32150,1983,3,12.0,
32151,1983,3,3.0,14.66
32152,1974,3,5.0,3104.72
32153,1974,21,1.0,3104.72
32154,1968,21,1.0,278.79
32155,1968,18,1.0,274.86
32156,1968,3,5.0,265.62
32157,1968,15,1.0,265.62
32158,1968,15,1.0,275.06
32159,1968,18,1.0,565.06
32160,1968,12,1.0,571.5
32161,1968,12,1.0,473.76
32162,1968,15,1.0,283.15
32163,1945,3,12.0,20.88
32164,1945,3,3.0,878.23
32165,1945,6,3.0,333.07
32166,1945,3,3.0,1068.21
32167,1945,9,3.0,2355.0
32168,1958,3,5.0,4878.77
32169,1958,3,2.0,
32170,1958,3,12.0,
32171,1964,6,3.0,10151.64
32172,2004,3,2.0,5473.73
32173,1964,3,12.0,38.65
32174,1965,6,1.0,120.83
32175,1976,3,12.0,337.96
32176,1967,18,2.0,821.97
32177,1967,6,12.0,817.67
32178,1961,3,1.0,162.19
32179,1949,3,12.0,290.83
32180,1955,3,5.0,326.51
32181,1961,3,5.0,436.1
32182,1960,3,1.0,144.07
32183,1954,3,1.0,146.2
32184,1963,3,1.0,138.28
32185,1953,3,1.0,107.1
32186,1953,3,1.0,105.15
32187,1953,6,1.0,179.25
32188,1953,6,1.0,292.59
32189,1953,3,1.0,97.24
32190,1953,3,1.0,90.33
32191,1953,6,1.0,265.89
32192,1953,6,1.0,214.68
32193,1953,3,1.0,144.17
32194,1953,6,1.0,241.11
32195,1953,3,1.0,100.85
32196,1953,6,1.0,212.42
32197,1960,3,4.0,333.0
32198,2010,3,10.0,333.0
32199,1964,3,5.0,122.77
32200,1964,3,1.0,112.58
32201,1963,9,1.0,118.22
32202,2002,3,1.0,121.07
32203,1963,3,1.0,100.75
32204,1959,3,1.0,118.39
32205,1959,3,12.0,118.39
32206,1958,3,1.0,104.65
32207,1970,3,1.0,111.06
32208,1961,6,1.0,105.27
32209,1961,6,12.0,79.71
32210,1965,3,5.0,97.07
32211,1965,3,1.0,97.07
32212,1960,3,1.0,101.34
32213,1960,3,1.0,107.44
32214,1950,3,1.0,98.51
32215,1971,6,1.0,119.49
32216,1971,3,12.0,106.36
32217,1960,9,1.0,121.95
32218,1960,3,1.0,121.09
32219,2006,3,1.0,112.84
32220,1971,9,1.0,86.6
32221,1968,9,1.0,122.47
32222,1960,3,1.0,90.69
32223,1983,3,1.0,116.96
32224,1983,3,12.0,98.35
32225,1983,3,1.0,121.09
32226,1983,3,12.0,101.96
32227,1983,3,1.0,120.2
32228,1983,3,12.0,91.52
32229,1963,3,5.0,121.89
32230,1964,3,1.0,93.2
32231,1964,3,12.0,93.2
32232,1970,9,1.0,341.16
32233,1969,9,1.0,271.75
32234,1972,3,5.0,135.64
32235,1975,3,5.0,255.98
32236,1986,3,3.0,129.54
32237,1999,9,2.0,128.38
32238,1999,6,1.0,79.2
32239,1989,3,5.0,210.05
32240,1989,15,1.0,126.07
32241,1971,6,1.0,149.99
32242,1969,3,5.0,179.07
32243,1969,12,1.0,179.07
32244,1979,6,1.0,540.15
32245,1971,3,1.0,112.66
32246,1971,3,12.0,75.12
32247,1970,6,1.0,106.29
32248,1975,12,12.0,86.31
32249,1975,3,12.0,125.87
32250,1975,3,12.0,128.14
32251,2006,6,1.0,119.06
32252,1975,3,1.0,111.66
32253,1969,6,1.0,121.1
32254,1965,9,1.0,139.3
32255,1965,9,1.0,125.53
32256,1965,9,1.0,135.21
32257,1982,3,1.0,116.64
32258,1972,3,9.0,104.16
32259,1974,9,1.0,119.86
32260,1968,6,12.0,110.69
32261,1968,3,1.0,97.21
32262,1955,3,1.0,74.48
32263,1968,3,1.0,87.25
32264,1960,3,1.0,83.62
32265,1965,3,1.0,72.35
32266,1969,3,1.0,79.35
32267,1963,3,1.0,70.78
32268,1968,9,1.0,90.4
32269,1967,12,1.0,204.34
32270,1970,9,1.0,286.05
32271,2008,6,1.0,63.89
32272,1968,3,1.0,80.8
32273,1962,3,1.0,75.4
32274,1963,3,1.0,81.47
32275,1975,9,1.0,56.95
32276,1979,3,12.0,56.95
32277,1967,3,1.0,86.6
32278,1967,3,12.0,76.02
32279,1960,3,5.0,85.8
32280,1960,3,1.0,74.65
32281,1965,3,5.0,120.75
32282,1965,3,1.0,99.27
32283,1975,3,1.0,86.49
32284,1973,3,1.0,116.93
32285,1973,3,12.0,95.07
32286,1970,3,1.0,121.61
32287,1970,3,12.0,107.33
32288,1971,6,1.0,154.7
32289,1971,6,1.0,148.82
32290,1968,3,1.0,136.26
32291,1968,3,12.0,136.26
32292,1968,9,1.0,151.86
32293,1968,3,12.0,147.64
32294,1970,6,1.0,96.09
32295,1971,9,1.0,100.62
32296,1971,3,12.0,106.41
32297,2002,9,1.0,123.61
32298,1971,3,12.0,83.68
32299,1991,3,1.0,188.28
32300,1980,3,1.0,114.8
32301,1980,3,12.0,114.8
32302,1992,3,12.0,125.97
32303,1971,3,1.0,235.32
32304,1971,3,12.0,215.34
32305,1956,9,1.0,124.93
32306,1965,12,1.0,444.91
32307,1990,3,1.0,122.43
32308,1971,6,1.0,124.94
32309,1968,6,1.0,107.51
32310,1971,9,1.0,124.82
32311,1971,3,5.0,122.75
32312,1971,3,1.0,122.75
32313,1971,3,12.0,85.0
32314,1969,3,1.0,113.5
32315,1969,3,12.0,113.5
32316,1990,3,1.0,122.66
32317,1990,3,1.0,124.54
32318,1999,9,1.0,163.18
32319,1994,6,12.0,117.2
32320,1990,9,1.0,164.1
32321,1990,3,12.0,136.5
32322,1989,3,1.0,163.16
32323,1990,3,1.0,182.2
32324,1980,9,1.0,306.03
32325,1970,9,1.0,147.46
32326,1970,9,1.0,157.66
32327,1969,9,1.0,104.41
32328,1985,3,1.0,129.71
32329,1986,3,1.0,124.5
32330,1985,3,12.0,127.96
32331,1968,6,1.0,106.89
32332,1971,9,1.0,98.19
32333,1975,3,1.0,122.8
32334,1975,3,12.0,96.46
32335,1994,3,1.0,119.87
32336,1910,3,1.0,222.68
32337,1965,12,1.0,458.06
32338,1970,3,5.0,109.18
32339,1970,3,1.0,109.18
32340,1970,3,1.0,82.9
32341,1959,3,1.0,124.98
32342,1981,9,1.0,123.17
32343,1985,3,12.0,80.03
32344,1972,3,1.0,86.06
32345,1966,6,1.0,122.66
32346,1971,9,1.0,112.24
32347,1968,3,1.0,128.91
32348,1968,3,12.0,31.24
32349,1970,3,1.0,112.78
32350,1970,3,1.0,123.78
32351,1970,3,12.0,95.82
32352,1986,3,12.0,125.06
32353,1995,3,1.0,127.57
32354,1987,3,1.0,122.72
32355,1987,3,12.0,110.03
32356,1966,12,1.0,312.57
32357,1966,12,1.0,306.18
32358,1993,3,1.0,122.62
32359,1968,3,1.0,113.83
32360,1965,3,1.0,123.42
32361,1970,3,1.0,125.15
32362,1975,6,1.0,120.78
32363,1965,3,1.0,112.47
32364,1965,6,1.0,62.5
32365,1964,3,1.0,57.0
32366,1960,3,1.0,108.6
32367,1960,3,1.0,104.37
32368,1966,3,1.0,106.8
32369,1966,3,12.0,106.8
32370,1960,9,1.0,94.22
32371,1965,6,1.0,64.5
32372,1961,3,1.0,71.7
32373,1960,15,1.0,314.2
32374,1990,3,5.0,124.41
32375,1990,6,1.0,80.18
32376,1990,6,12.0,60.81
32377,1962,3,1.0,118.4
32378,1968,3,1.0,122.64
32379,1967,3,1.0,121.12
32380,1967,3,1.0,105.33
32381,1968,3,1.0,123.9
32382,1979,12,1.0,217.21
32383,1976,3,1.0,119.39
32384,1987,9,1.0,116.03
32385,2007,12,1.0,111.18
32386,1965,3,1.0,212.5
32387,1990,3,10.0,1176.51
32388,1991,3,9.0,1499.96
32389,1952,3,12.0,30.48
32390,1982,36,1.0,796.38
32391,1970,18,1.0,525.95
32392,1998,3,9.0,1029.63
32393,1995,15,1.0,1511.17
32394,1994,15,1.0,1545.62
32395,1975,3,3.0,483.15
32396,1975,6,1.0,286.67
32397,1971,3,1.0,210.81
32398,1971,3,12.0,86.58
32399,1973,6,1.0,136.23
32400,1973,3,12.0,116.08
32401,1977,3,1.0,128.04
32402,2006,3,10.0,25.45
32403,1977,3,12.0,
32404,1973,3,1.0,140.36
32405,1971,3,1.0,161.05
32406,1971,3,12.0,154.63
32407,1970,3,1.0,80.78
32408,1970,3,11.0,
32409,1957,3,1.0,199.47
32410,1957,3,10.0,53.89
32411,1957,3,12.0,
32412,2001,6,1.0,172.52
32413,2001,3,10.0,44.13
32414,2001,3,12.0,
32415,2001,6,1.0,180.91
32416,2001,3,11.0,70.96
32417,1970,3,1.0,109.19
32418,1972,3,1.0,157.2
32419,1972,3,12.0,
32420,1971,3,1.0,122.15
32421,1971,3,12.0,
32422,1965,3,1.0,48.61
32423,1965,3,1.0,60.05
32424,1965,3,1.0,58.71
32425,1965,3,1.0,56.06
32426,1965,3,1.0,58.83
32427,1965,3,1.0,54.24
32428,1965,3,1.0,56.49
32429,1965,3,1.0,56.16
32430,1965,3,1.0,56.79
32431,1965,3,1.0,62.38
32432,1965,3,1.0,39.28
32433,1965,3,1.0,55.6
32434,1965,3,1.0,43.87
32435,1965,3,1.0,42.47
32436,1965,3,1.0,51.99
32437,1960,3,1.0,43.98
32438,1974,3,5.0,6260.39
32439,1974,3,2.0,529.29
32440,1974,6,12.0,
32441,1978,3,3.0,4583.28
32442,1985,9,2.0,3575.19
32443,1978,3,11.0,153.47
32444,1992,6,12.0,
32445,2001,3,2.0,10394.88
32446,1991,6,12.0,
32447,2011,6,5.0,10857.02
32448,2010,6,3.0,7175.46
32449,2010,9,2.0,1995.32
32450,2011,6,10.0,
32451,2011,6,11.0,
32452,2011,15,12.0,
32453,1998,3,2.0,8363.98
32454,2009,3,12.0,375.21
32455,1993,3,3.0,7474.08
32456,1994,3,2.0,896.37
32457,1970,3,3.0,5244.21
32458,1970,3,2.0,334.19
32459,2008,3,3.0,4826.47
32460,2008,3,12.0,2431.8
32461,1970,3,12.0,27.53
32462,1971,3,5.0,528.11
32463,1988,3,3.0,178.73
32464,1991,6,5.0,1542.84
32465,1991,3,3.0,1542.84
32466,1975,3,12.0,22.51
32467,1986,3,6.0,647.24
32468,1974,3,12.0,99.8
32469,1973,3,12.0,159.68
32470,1999,3,12.0,219.12
32471,1978,3,12.0,131.72
32472,1969,3,12.0,317.86
32473,1973,3,12.0,265.61
32474,1970,3,3.0,165.54
32475,1988,3,6.0,230.96
32476,1974,3,2.0,497.89
32477,1974,3,12.0,
32478,1970,3,12.0,518.41
32479,1970,3,12.0,163.6
32480,1975,3,12.0,163.46
32481,1973,3,12.0,217.84
32482,1984,3,3.0,176.89
32483,1972,3,8.0,411.28
32484,1974,3,12.0,383.46
32485,1973,3,12.0,825.64
32486,1970,3,12.0,840.44
32487,1973,3,5.0,280.19
32488,2000,3,8.0,300.26
32489,2000,3,8.0,271.61
32490,1988,3,3.0,1075.25
32491,1974,3,12.0,515.59
32492,1980,3,3.0,911.15
32493,1980,3,2.0,259.06
32494,1989,3,2.0,1269.95
32495,1989,3,12.0,389.88
32496,1970,3,12.0,545.1
32497,1970,3,6.0,353.65
32498,2017,3,2.0,20.41
32499,1970,3,12.0,
32500,1988,3,6.0,282.47
32501,1971,6,5.0,2487.58
32502,1978,3,2.0,1849.68
32503,1974,9,12.0,1366.23
32504,1987,3,3.0,2877.76
32505,1987,3,2.0,569.7
32506,1958,6,1.0,80.96
32507,1950,3,1.0,69.61
32508,1957,6,1.0,73.6
32509,1965,3,1.0,72.82
32510,1965,3,12.0,66.86
32511,1958,3,1.0,91.73
32512,1961,3,1.0,109.72
32513,1956,3,1.0,68.78
32514,1975,9,1.0,78.29
32515,1953,3,12.0,78.29
32516,1959,3,1.0,73.32
32517,1959,3,12.0,73.32
32518,1961,3,1.0,60.09
32519,1940,3,5.0,28.32
32520,1940,3,1.0,28.32
32521,1958,3,5.0,111.02
32522,1978,3,2.0,1309.71
32523,1978,3,12.0,1097.09
32524,1978,3,5.0,68.35
32525,1978,3,3.0,
32526,1960,6,1.0,165.22
32527,1960,6,12.0,117.28
32528,1960,6,12.0,35.24
32529,1973,6,1.0,155.16
32530,1972,3,1.0,92.87
32531,1972,3,12.0,92.87
32532,1950,3,1.0,59.13
32533,1950,3,1.0,54.99
32534,1950,3,1.0,97.76
32535,1966,3,1.0,282.31
32536,1966,3,12.0,228.77
32537,1950,3,1.0,104.38
32538,1948,3,1.0,98.66
32539,1950,3,1.0,124.32
32540,2006,9,1.0,62.83
32541,1970,6,1.0,93.97
32542,1952,3,1.0,90.45
32543,1950,3,1.0,111.05
32544,1951,3,1.0,84.53
32545,1963,6,1.0,95.03
32546,1950,3,1.0,101.21
32547,1948,6,1.0,93.36
32548,1950,3,1.0,63.14
32549,1948,6,1.0,70.26
32550,1948,3,12.0,58.26
32551,1960,3,5.0,67.33
32552,1960,6,1.0,67.33
32553,1960,3,1.0,67.98
32554,1960,6,1.0,72.63
32555,1967,3,1.0,100.35
32556,1967,3,12.0,100.35
32557,1968,6,1.0,89.43
32558,1966,6,1.0,91.95
32559,1966,3,12.0,91.95
32560,1964,3,1.0,91.18
32561,1975,3,1.0,172.64
32562,1975,3,12.0,172.64
32563,1974,6,1.0,119.27
32564,1974,3,12.0,98.74
32565,1978,6,1.0,124.15
32566,1978,3,12.0,100.89
32567,1999,3,1.0,172.13
32568,1964,3,1.0,104.0
32569,1964,3,12.0,104.0
32570,1950,3,1.0,65.55
32571,1970,3,1.0,72.84
32572,1970,3,12.0,72.84
32573,1972,9,1.0,101.51
32574,1972,9,1.0,109.31
32575,1972,3,12.0,100.88
32576,1977,3,1.0,54.21
32577,1977,3,12.0,54.21
32578,1970,9,1.0,108.26
32579,1970,9,1.0,73.69
32580,2022,9,1.0,89.52
32581,2022,3,12.0,89.52
32582,1972,3,1.0,106.52
32583,1950,3,1.0,86.73
32584,1973,3,1.0,88.57
32585,1973,3,12.0,88.57
32586,2006,9,1.0,94.23
32587,1973,9,1.0,97.91
32588,1973,3,12.0,77.28
32589,1950,3,1.0,100.42
32590,1952,3,1.0,102.21
32591,1952,3,1.0,94.68
32592,1950,3,5.0,86.52
32593,1950,3,1.0,86.52
32594,1950,3,1.0,47.05
32595,1967,6,1.0,128.56
32596,1968,9,1.0,86.8
32597,1973,3,12.0,86.8
32598,1948,3,1.0,81.19
32599,2007,9,1.0,172.65
32600,1950,6,1.0,93.71
32601,1952,6,1.0,80.6
32602,2007,9,1.0,92.83
32603,2007,3,12.0,92.83
32604,1997,3,1.0,101.44
32605,1953,3,1.0,81.53
32606,1960,3,1.0,82.17
32607,1960,3,1.0,76.88
32608,1959,6,1.0,91.9
32609,1960,3,1.0,103.48
32610,1948,6,1.0,63.83
32611,1967,6,1.0,81.95
32612,1995,3,1.0,130.21
32613,1950,3,1.0,68.9
32614,1957,3,1.0,69.95
32615,1987,3,1.0,100.66
32616,1950,3,1.0,73.45
32617,1960,6,1.0,132.29
32618,1951,3,1.0,129.32
32619,1950,3,1.0,101.23
32620,1948,6,1.0,79.52
32621,1948,3,12.0,53.8
32622,1948,3,1.0,107.2
32623,1949,3,1.0,47.92
32624,2008,12,1.0,211.84
32625,2010,6,12.0,211.84
32626,1948,6,1.0,107.97
32627,1948,6,12.0,107.97
32628,1947,3,1.0,84.66
32629,1952,9,1.0,104.39
32630,1952,3,12.0,97.85
32631,1950,3,1.0,90.41
32632,1950,3,12.0,71.17
32633,1951,3,5.0,95.44
32634,1951,6,1.0,95.44
32635,1950,3,1.0,49.55
32636,1949,3,1.0,61.61
32637,1954,6,1.0,94.5
32638,1954,3,12.0,94.5
32639,1951,6,1.0,93.86
32640,1950,3,1.0,82.55
32641,1951,3,1.0,87.17
32642,1948,3,5.0,96.3
32643,1948,3,1.0,96.3
32644,1955,3,1.0,90.19
32645,1950,3,1.0,103.96
32646,1953,3,1.0,115.93
32647,1961,3,1.0,76.64
32648,1961,3,12.0,76.64
32649,1962,3,1.0,76.21
32650,1983,3,1.0,94.2
32651,1983,3,12.0,65.89
32652,1950,3,1.0,80.4
32653,1950,9,1.0,50.15
32654,1950,3,12.0,43.78
32655,1950,3,1.0,107.99
32656,1956,3,1.0,105.28
32657,1955,3,1.0,72.16
32658,1954,3,1.0,74.29
32659,1955,3,1.0,86.17
32660,1953,3,1.0,83.7
32661,1956,3,5.0,124.82
32662,1956,3,1.0,96.88
32663,2008,9,1.0,68.11
32664,2008,3,12.0,63.36
32665,1998,9,1.0,65.24
32666,2024,3,11.0,
32667,2024,3,12.0,
32668,1943,3,5.0,62.53
32669,1943,3,1.0,62.53
32670,1944,3,1.0,76.72
32671,2007,9,1.0,124.17
32672,1960,9,1.0,83.41
32673,1960,3,12.0,83.41
32674,1988,3,1.0,82.92
32675,1988,3,12.0,70.72
32676,1961,3,1.0,122.84
32677,1960,3,1.0,60.17
32678,1960,3,12.0,56.58
32679,1951,3,1.0,73.96
32680,1950,3,1.0,71.4
32681,1966,3,1.0,69.87
32682,1960,6,1.0,74.2
32683,1952,3,1.0,88.99
32684,1960,3,5.0,108.3
32685,1960,9,1.0,104.67
32686,1960,3,12.0,46.63
32687,1960,3,1.0,85.92
32688,1958,3,1.0,106.99
32689,1976,3,1.0,72.89
32690,1960,6,1.0,77.08
32691,1943,3,1.0,69.64
32692,1978,9,1.0,106.41
32693,1966,6,1.0,121.39
32694,1950,3,5.0,84.75
32695,1970,6,1.0,136.61
32696,1970,3,12.0,127.15
32697,2008,9,1.0,105.46
32698,2008,3,12.0,97.71
32699,1970,3,1.0,144.28
32700,1970,3,12.0,133.74
32701,1958,6,1.0,98.2
32702,1958,3,12.0,86.34
32703,1953,3,1.0,81.5
32704,1979,3,1.0,86.28
32705,1979,3,12.0,86.28
32706,1960,9,1.0,93.69
32707,2017,12,1.0,115.85
32708,2017,3,12.0,115.85
32709,1970,3,1.0,122.07
32710,1950,3,1.0,86.11
32711,1950,3,12.0,86.11
32712,1970,6,1.0,81.68
32713,1970,3,1.0,129.1
32714,1970,3,12.0,113.33
32715,1952,3,1.0,79.59
32716,1952,3,12.0,
32717,1962,6,1.0,86.54
32718,1960,3,12.0,79.67
32719,1950,3,1.0,106.61
32720,1950,3,12.0,
32721,1971,6,1.0,84.11
32722,1990,3,5.0,243.46
32723,1990,6,1.0,159.69
32724,1967,3,1.0,131.06
32725,1967,3,12.0,131.06
32726,1958,3,1.0,91.15
32727,1969,6,1.0,102.42
32728,2001,3,12.0,45.21
32729,1990,3,1.0,56.23
32730,1975,3,12.0,49.18
32731,1974,6,1.0,72.35
32732,1994,3,1.0,100.04
32733,1965,3,1.0,97.86
32734,1958,12,1.0,77.31
32735,1958,3,12.0,77.31
32736,1970,3,1.0,77.09
32737,1970,3,1.0,94.78
32738,1953,3,1.0,56.43
32739,1967,3,1.0,69.21
32740,1954,6,1.0,70.96
32741,1960,3,1.0,73.47
32742,1956,6,1.0,117.24
32743,1971,3,1.0,82.81
32744,1971,3,12.0,82.81
32745,1979,3,3.0,84.76
32746,1979,3,1.0,84.76
32747,1971,3,1.0,171.26
32748,1969,3,1.0,46.61
32749,1950,3,1.0,34.33
32750,1979,3,1.0,66.77
32751,1979,3,12.0,66.77
32752,1971,12,1.0,114.1
32753,1975,6,1.0,117.36
32754,1959,3,1.0,63.38
32755,1968,3,5.0,65.83
32756,1968,3,1.0,65.83
32757,1954,3,1.0,67.66
32758,1961,3,1.0,59.26
32759,1961,3,12.0,59.26
32760,1961,3,1.0,59.51
32761,1961,3,12.0,59.51
32762,1971,3,12.0,74.78
32763,2004,9,1.0,54.78
32764,1958,3,1.0,95.36
32765,1982,6,1.0,73.65
32766,1960,3,5.0,74.49
32767,1960,9,1.0,68.22
32768,1995,3,1.0,58.61
32769,1992,9,1.0,133.51
32770,1992,3,12.0,107.51
32771,1965,6,1.0,266.75
32772,1968,6,1.0,598.47
32773,1970,6,1.0,239.41
32774,1956,6,1.0,90.38
32775,1994,3,5.0,112.08
32776,1994,3,1.0,112.08
32777,1910,3,1.0,741.63
32778,1910,3,,62.56
32779,1975,3,1.0,93.34
32780,1975,3,12.0,93.34
32781,1963,3,1.0,64.37
32782,1953,3,12.0,76.86
32783,1959,3,1.0,78.44
32784,1954,3,1.0,66.39
32785,1956,6,1.0,72.72
32786,1956,6,12.0,30.84
32787,1992,3,1.0,65.35
32788,1950,3,1.0,89.93
32789,1953,3,1.0,108.8
32790,1953,3,12.0,71.84
32791,1953,3,1.0,104.73
32792,1963,3,1.0,102.68
32793,1954,3,1.0,96.15
32794,1954,3,12.0,69.35
32795,1954,3,1.0,74.19
32796,1955,3,1.0,78.24
32797,1959,3,1.0,59.38
32798,1957,3,1.0,94.04
32799,1958,6,1.0,96.7
32800,1958,6,1.0,75.7
32801,1987,12,1.0,69.6
32802,1987,3,12.0,55.74
32803,1951,3,1.0,110.46
32804,1959,6,1.0,66.68
32805,1957,3,1.0,81.01
32806,1961,3,1.0,111.49
32807,1957,3,1.0,89.58
32808,1987,3,5.0,703.74
32809,2006,9,1.0,259.73
32810,1977,6,1.0,196.23
32811,1959,3,1.0,121.63
32812,1970,6,1.0,96.57
32813,1968,3,1.0,130.1
32814,1970,6,1.0,74.25
32815,1968,3,1.0,74.51
32816,1968,3,12.0,66.29
32817,1991,6,1.0,310.59
32818,1968,3,1.0,67.03
32819,1967,3,1.0,72.14
32820,1970,3,1.0,67.35
32821,1970,3,12.0,67.35
32822,1970,3,1.0,69.85
32823,1970,3,12.0,69.85
32824,1976,3,1.0,71.49
32825,1969,3,1.0,71.91
32826,1972,3,1.0,70.33
32827,1966,3,1.0,73.8
32828,1965,3,1.0,106.96
32829,1988,12,1.0,100.93
32830,1988,3,12.0,56.64
32831,1954,3,1.0,51.59
32832,1953,3,1.0,47.64
32833,1956,3,1.0,65.84
32834,1956,6,1.0,67.62
32835,1963,3,1.0,76.89
32836,1953,3,1.0,77.37
32837,1958,3,1.0,67.14
32838,1973,3,1.0,79.37
32839,1958,3,1.0,60.1
32840,2008,9,1.0,296.91
32841,1954,3,1.0,86.46
32842,1987,6,1.0,93.99
32843,2021,3,12.0,31.26
32844,1956,3,1.0,96.49
32845,2006,9,1.0,155.39
32846,1972,3,1.0,91.66
32847,1969,3,1.0,82.39
32848,1969,3,12.0,78.54
32849,1964,6,1.0,148.05
32850,1964,6,12.0,148.05
32851,1968,6,1.0,111.44
32852,1968,3,12.0,111.44
32853,1965,3,1.0,105.38
32854,1969,3,1.0,88.57
32855,1969,3,12.0,84.23
32856,1966,3,1.0,78.48
32857,2006,6,1.0,96.18
32858,1968,3,1.0,82.75
32859,1967,3,1.0,84.19
32860,1964,3,5.0,81.65
32861,1964,6,12.0,73.87
32862,1967,3,1.0,126.29
32863,1967,3,1.0,74.89
32864,1967,3,12.0,72.56
32865,1964,3,1.0,84.69
32866,1966,3,1.0,82.88
32867,1966,3,12.0,
32868,1969,3,1.0,82.13
32869,1972,3,1.0,92.85
32870,1964,3,1.0,85.31
32871,1965,3,1.0,85.66
32872,1970,3,1.0,96.09
32873,1970,3,12.0,96.09
32874,2019,9,1.0,59.33
32875,2019,3,12.0,58.67
32876,1967,3,1.0,67.59
32877,1968,3,1.0,89.1
32878,1967,3,1.0,58.03
32879,1969,3,1.0,70.17
32880,1969,3,12.0,70.17
32881,1995,3,1.0,67.12
32882,1970,3,1.0,59.69
32883,1969,3,1.0,69.51
32884,1969,3,1.0,61.47
32885,1968,3,1.0,73.46
32886,1999,3,1.0,54.98
32887,1999,3,12.0,54.98
32888,1969,3,1.0,69.1
32889,1969,3,12.0,65.76
32890,2010,12,1.0,58.09
32891,1963,3,2.0,118.34
32892,1963,9,1.0,118.34
32893,1962,3,5.0,139.37
32894,1962,3,1.0,119.91
32895,1958,3,1.0,132.33
32896,1958,6,1.0,181.44
32897,1958,3,12.0,158.69
32898,1959,3,1.0,106.04
32899,1956,3,1.0,108.51
32900,1960,3,1.0,109.1
32901,1970,6,1.0,101.6
32902,1955,3,1.0,79.41
32903,1962,3,1.0,187.62
32904,1962,3,12.0,128.85
32905,1954,3,5.0,128.08
32906,1954,3,1.0,94.29
32907,2007,9,1.0,156.52
32908,1960,3,1.0,89.99
32909,1960,3,1.0,108.56
32910,1970,3,5.0,108.63
32911,1970,3,1.0,108.63
32912,2005,9,1.0,780.71
32913,2020,3,12.0,756.55
32914,2010,3,5.0,502.52
32915,2010,9,1.0,202.53
32916,2010,3,12.0,202.53
32917,1970,3,5.0,101.72
32918,1970,3,1.0,101.72
32919,1968,3,5.0,64.01
32920,1968,3,1.0,64.01
32921,1969,3,1.0,153.65
32922,1969,3,12.0,130.58
32923,1968,3,5.0,83.69
32924,1968,3,1.0,83.69
32925,1978,3,1.0,69.23
32926,1978,3,12.0,65.35
32927,1970,3,1.0,62.81
32928,2001,3,1.0,76.24
32929,1966,3,1.0,74.13
32930,1972,3,1.0,76.82
32931,1972,3,12.0,76.82
32932,2008,6,1.0,76.51
32933,1976,6,12.0,76.51
32934,1998,6,1.0,55.01
32935,1998,3,12.0,55.01
32936,1984,3,1.0,96.38
32937,1970,3,12.0,96.38
32938,1970,6,1.0,69.28
32939,1970,6,11.0,55.61
32940,1969,6,1.0,94.63
32941,1968,3,1.0,66.18
32942,1976,6,1.0,114.46
32943,1976,3,12.0,93.53
32944,1969,3,1.0,56.84
32945,1969,9,1.0,74.64
32946,1969,3,12.0,65.66
32947,1970,9,1.0,71.25
32948,1970,3,12.0,71.25
32949,1962,3,1.0,70.32
32950,1965,3,1.0,64.17
32951,1966,6,1.0,72.67
32952,1980,9,1.0,99.7
32953,1962,3,1.0,97.18
32954,1986,9,1.0,85.65
32955,1986,3,12.0,54.99
32956,1969,3,1.0,91.24
32957,1994,3,1.0,115.97
32958,1969,3,1.0,61.12
32959,1970,6,1.0,98.21
32960,1969,3,1.0,71.38
32961,1970,3,1.0,61.51
32962,1970,3,12.0,61.51
32963,1986,3,1.0,56.05
32964,1968,3,12.0,56.05
32965,1965,3,1.0,76.56
32966,1968,3,5.0,73.24
32967,1968,3,1.0,73.24
32968,1963,3,1.0,73.72
32969,1987,3,1.0,110.87
32970,1968,3,1.0,71.82
32971,1962,3,1.0,84.09
32972,1998,6,1.0,76.96
32973,1967,3,5.0,65.28
32974,1967,3,1.0,65.28
32975,1994,3,1.0,55.82
32976,1975,3,5.0,89.85
32977,1975,3,1.0,79.1
32978,1952,3,1.0,76.41
32979,1977,9,1.0,76.22
32980,1975,3,1.0,71.91
32981,1975,3,12.0,54.33
32982,1940,3,6.0,1672.87
32983,1940,6,,275.06
32984,1940,3,11.0,
32985,1986,12,4.0,1134.97
32986,1940,3,10.0,1134.97
32987,2022,6,11.0,1134.97
32988,1969,12,1.0,264.25
32989,1962,12,1.0,259.46
32990,1969,12,1.0,253.75
32991,1962,12,1.0,258.5
32992,1969,12,1.0,263.45
32993,1969,12,1.0,264.65
32994,1969,12,1.0,258.2
32995,1969,12,1.0,267.8
32996,1969,12,1.0,276.49
32997,1969,12,1.0,277.99
32998,1969,12,1.0,297.97
32999,1964,12,1.0,292.08
33000,1969,12,1.0,299.47
33001,1969,3,5.0,260.37
33002,1969,12,1.0,260.37
33003,1969,12,1.0,269.97
33004,1971,12,1.0,270.95
33005,1971,3,12.0,270.95
33006,1973,12,1.0,270.25
33007,1973,3,12.0,270.25
33008,1973,12,1.0,273.97
33009,1969,12,1.0,304.19
33010,1969,12,1.0,291.51
33011,1969,12,1.0,296.15
33012,1969,12,1.0,276.77
33013,1969,12,1.0,285.51
33014,1962,12,1.0,286.33
33015,1969,12,1.0,276.97
33016,1969,12,1.0,261.01
33017,1969,12,1.0,301.57
33018,1969,12,1.0,303.16
33019,1969,12,1.0,309.73
33020,1969,12,1.0,304.16
33021,1968,12,1.0,264.78
33022,1968,12,1.0,260.83
33023,1968,12,1.0,264.6
33024,1968,12,1.0,256.35
33025,1968,12,1.0,258.23
33026,1968,12,1.0,254.83
33027,1968,12,1.0,287.23
33028,1968,12,1.0,286.25
33029,1968,12,1.0,291.85
33030,1968,15,1.0,284.99
33031,1968,12,1.0,285.25
33032,1988,3,12.0,873.08
33033,1988,3,3.0,734.41
33034,1988,3,12.0,587.15
33035,1988,3,12.0,441.96
33036,1988,3,2.0,299.67
33037,1988,3,12.0,
33038,1988,3,3.0,18.1
33039,1988,3,3.0,30.0
33040,1973,3,3.0,1661.66
33041,1950,6,10.0,344.75
33042,1950,3,12.0,186.77
33043,1974,3,3.0,917.2
33044,1950,3,12.0,763.94
33045,1973,3,12.0,5047.77
33046,1968,3,12.0,326.15
33047,1970,3,12.0,309.33
33048,1976,3,12.0,508.34
33049,1976,3,12.0,487.85
33050,1976,3,12.0,467.35
33051,1971,3,3.0,508.91
33052,1997,3,2.0,105.71
33053,1970,3,3.0,626.96
33054,1959,6,1.0,102.25
33055,1966,3,12.0,153.9
33056,1970,3,3.0,1346.31
33057,1970,3,12.0,164.37
33058,1965,3,4.0,2039.29
33059,1961,3,12.0,33.48
33060,1960,3,12.0,1094.14
33061,1966,3,1.0,74.44
33062,1968,3,12.0,32.7
33063,1955,3,,143.06
33064,1965,3,12.0,868.07
33065,1970,3,3.0,533.39
33066,1992,9,2.0,533.39
33067,1970,3,12.0,533.39
33068,1965,6,3.0,1232.08
33069,1992,9,2.0,1232.08
33070,1981,6,3.0,201.86
33071,1972,6,1.0,201.86
33072,1972,3,11.0,177.24
33073,1986,3,12.0,107.44
33074,1962,9,3.0,1085.8
33075,1967,6,12.0,209.75
33076,1970,15,1.0,188.89
33077,1970,15,1.0,112.77
33078,1970,18,1.0,210.19
33079,1970,15,1.0,248.06
33080,1972,3,12.0,257.41
33081,1970,3,5.0,516.95
33082,1970,21,1.0,459.92
33083,1999,18,1.0,597.68
33084,1999,9,12.0,512.21
33085,1972,3,5.0,173.97
33086,2003,15,1.0,231.87
33087,1983,9,1.0,204.8
33088,1983,3,12.0,204.8
33089,1981,3,5.0,269.81
33090,1976,3,5.0,205.99
33091,1976,6,1.0,168.38
33092,1976,9,12.0,164.23
33093,2005,3,1.0,89.44
33094,2005,3,12.0,89.44
33095,1955,3,1.0,115.77
33096,1955,3,12.0,90.73
33097,1983,3,1.0,114.9
33098,1970,12,1.0,121.49
33099,1964,6,1.0,110.55
33100,2004,9,1.0,120.99
33101,1988,3,1.0,121.25
33102,1976,9,1.0,122.69
33103,1966,3,1.0,125.38
33104,1965,3,1.0,119.16
33105,1964,3,1.0,110.71
33106,1968,12,1.0,243.47
33107,1969,9,1.0,132.35
33108,1969,9,1.0,133.91
33109,1950,9,1.0,249.37
33110,1969,9,1.0,213.64
33111,1969,12,1.0,124.71
33112,2007,6,1.0,89.61
33113,2004,3,3.0,123.12
33114,2008,9,1.0,89.98
33115,2021,3,11.0,66.42
33116,2005,3,5.0,224.13
33117,2005,12,1.0,205.14
33118,1973,3,4.0,299.19
33119,1973,12,4.0,296.23
33120,1966,3,4.0,319.49
33121,1966,3,12.0,302.45
33122,1965,6,1.0,182.59
33123,1988,12,4.0,989.02
33124,2008,6,3.0,5420.18
33125,2008,3,2.0,1463.4
33126,2008,6,9.0,
33127,2008,3,11.0,
33128,2008,3,3.0,7167.66
33129,2008,3,9.0,1857.31
33130,2009,6,3.0,4514.16
33131,2009,15,2.0,1365.2
33132,2009,3,12.0,820.25
33133,2018,3,3.0,488.34
33134,2018,3,8.0,
33135,2018,3,2.0,
33136,2018,3,,
33137,2018,3,9.0,
33138,2018,3,11.0,
33139,2018,3,12.0,
33140,2021,6,2.0,3795.87
33141,2021,3,12.0,597.87
33142,2022,3,3.0,4337.22
33143,2022,6,2.0,593.6
33144,2019,3,3.0,2720.67
33145,2019,6,2.0,316.49
33146,2019,3,12.0,316.49
33147,1979,3,1.0,254.57
33148,1979,3,12.0,113.91
33149,2004,3,1.0,403.88
33150,2004,3,10.0,250.82
33151,2004,3,12.0,
33152,1983,3,1.0,231.71
33153,1983,3,11.0,133.92
33154,1983,3,12.0,
33155,1990,9,1.0,133.49
33156,2020,3,10.0,99.1
33157,1990,3,12.0,69.45
33158,1983,6,1.0,183.4
33159,1983,3,10.0,173.72
33160,1983,3,12.0,
33161,1980,3,1.0,164.91
33162,2000,6,1.0,487.05
33163,2009,3,11.0,326.35
33164,1991,3,12.0,184.86
33165,2005,3,1.0,106.92
33166,1989,3,1.0,43.19
33167,1996,3,1.0,72.66
33168,2017,6,1.0,136.74
33169,2017,3,11.0,125.29
33170,1991,6,1.0,394.4
33171,1991,3,11.0,107.0
33172,1991,3,12.0,
33173,1979,3,1.0,192.75
33174,1979,3,12.0,132.64
33175,2015,9,1.0,111.59
33176,2004,3,10.0,46.89
33177,2015,3,12.0,
33178,1973,6,1.0,212.1
33179,1973,3,10.0,178.64
33180,1973,3,11.0,128.59
33181,1973,6,12.0,
33182,1948,6,1.0,274.09
33183,2002,3,10.0,89.08
33184,1948,3,11.0,
33185,1948,3,12.0,
33186,1995,3,1.0,210.46
33187,2001,3,1.0,150.28
33188,2007,3,10.0,150.28
33189,1996,3,1.0,114.86
33190,1998,9,1.0,155.23
33191,2000,3,10.0,129.44
33192,2000,3,11.0,129.44
33193,2002,6,1.0,157.11
33194,2006,3,10.0,145.66
33195,2008,6,1.0,193.68
33196,2008,3,12.0,136.76
33197,2010,6,1.0,252.76
33198,2009,3,11.0,196.69
33199,2012,3,12.0,
33200,1994,3,1.0,146.27
33201,1994,3,1.0,118.38
33202,1994,3,12.0,118.38
33203,1995,3,1.0,135.78
33204,1995,3,12.0,135.78
33205,1981,3,1.0,157.03
33206,1981,3,12.0,150.62
33207,1974,6,1.0,156.43
33208,2004,3,10.0,136.14
33209,1989,6,12.0,
33210,1971,6,1.0,168.64
33211,1996,3,10.0,36.18
33212,1971,3,12.0,
33213,1990,6,1.0,69.33
33214,1990,3,11.0,57.33
33215,1990,6,12.0,24.0
33216,1994,3,1.0,119.41
33217,1989,9,1.0,89.6
33218,2000,3,10.0,89.6
33219,1989,3,12.0,29.84
33220,1989,9,1.0,67.49
33221,2015,3,10.0,64.37
33222,1989,6,11.0,31.92
33223,1989,3,12.0,
33224,1989,3,1.0,71.3
33225,1989,3,12.0,65.85
33226,1993,3,1.0,144.78
33227,1993,3,12.0,107.72
33228,1992,6,1.0,148.77
33229,1996,3,10.0,138.99
33230,1996,3,12.0,138.99
33231,1992,3,1.0,86.88
33232,1992,3,1.0,83.07
33233,1991,6,1.0,76.95
33234,1994,3,10.0,72.68
33235,1991,3,12.0,72.68
33236,1990,3,1.0,68.02
33237,1991,3,1.0,55.0
33238,2021,3,1.0,117.42
33239,2021,3,10.0,
33240,2021,3,11.0,
33241,2003,6,1.0,130.99
33242,2003,3,10.0,58.01
33243,1996,3,1.0,122.16
33244,1996,3,12.0,115.31
33245,1990,3,1.0,78.76
33246,1989,12,1.0,69.52
33247,2015,3,10.0,69.52
33248,1989,6,11.0,62.28
33249,1989,3,12.0,
33250,1989,12,1.0,97.44
33251,1989,6,11.0,79.29
33252,1989,3,12.0,71.42
33253,1989,3,1.0,50.09
33254,2000,3,10.0,45.32
33255,1989,6,12.0,45.32
33256,1992,3,1.0,57.41
33257,2007,3,10.0,47.51
33258,1992,3,1.0,63.85
33259,1991,3,1.0,59.18
33260,1990,3,1.0,70.48
33261,1991,3,1.0,77.07
33262,1999,3,1.0,127.42
33263,2005,6,1.0,124.25
33264,2005,6,1.0,124.34
33265,2005,3,1.0,214.56
33266,2005,3,9.0,130.08
33267,2008,3,10.0,
33268,2005,3,11.0,
33269,1971,3,1.0,147.19
33270,1971,3,11.0,132.19
33271,1971,6,12.0,
33272,2007,6,1.0,234.37
33273,2007,3,10.0,174.53
33274,2007,3,11.0,
33275,2007,3,12.0,
33276,1978,6,1.0,282.23
33277,1971,3,10.0,221.17
33278,1971,3,12.0,
33279,1953,3,1.0,249.67
33280,1953,3,12.0,176.39
33281,1983,6,1.0,183.78
33282,2004,3,10.0,84.77
33283,2006,3,12.0,
33284,1996,3,1.0,104.4
33285,2000,3,10.0,92.02
33286,2000,3,11.0,
33287,1996,3,12.0,
33288,2008,6,1.0,212.11
33289,2008,3,10.0,212.11
33290,2008,3,12.0,
33291,1983,15,1.0,547.29
33292,1987,3,1.0,173.33
33293,1963,9,1.0,83.98
33294,1963,3,10.0,83.98
33295,1963,3,11.0,14.01
33296,1964,6,1.0,195.94
33297,1964,6,12.0,119.17
33298,1989,3,1.0,82.48
33299,1989,3,10.0,
33300,1989,3,11.0,
33301,1960,6,1.0,94.07
33302,1960,3,10.0,5.01
33303,1960,3,11.0,
33304,1999,6,1.0,251.84
33305,2012,3,10.0,108.26
33306,2012,3,12.0,
33307,2008,6,1.0,93.61
33308,2008,3,10.0,93.61
33309,2008,3,12.0,
33310,2005,6,1.0,372.25
33311,1968,6,1.0,162.62
33312,1968,3,10.0,73.32
33313,2008,6,1.0,123.28
33314,2020,3,10.0,41.96
33315,2008,3,12.0,
33316,1963,3,1.0,241.03
33317,1963,3,11.0,
33318,1963,6,12.0,
33319,2002,6,1.0,140.67
33320,2002,3,11.0,28.01
33321,2002,3,12.0,
33322,2017,6,1.0,192.93
33323,2017,3,11.0,68.29
33324,2017,3,12.0,
33325,1970,3,1.0,72.0
33326,1970,3,10.0,
33327,2004,9,1.0,99.67
33328,2004,3,11.0,94.7
33329,2004,3,12.0,75.17
33330,2015,9,1.0,57.99
33331,2001,9,1.0,287.44
33332,2006,3,10.0,211.22
33333,2006,3,11.0,113.28
33334,2001,9,1.0,286.35
33335,2006,3,10.0,205.68
33336,2006,6,11.0,168.75
33337,2000,3,1.0,146.59
33338,2001,6,1.0,231.4
33339,2003,3,10.0,231.4
33340,2003,3,12.0,56.42
33341,2000,6,1.0,143.5
33342,2000,3,10.0,112.46
33343,2000,6,11.0,
33344,2000,3,12.0,
33345,1993,3,3.0,1460.91
33346,1991,3,12.0,363.53
33347,1990,3,12.0,757.57
33348,2002,9,3.0,1230.78
33349,1991,6,3.0,10850.64
33350,1995,3,3.0,3492.87
33351,2019,3,12.0,46.11
33352,1988,3,12.0,58.44
33353,1989,3,12.0,2982.38
33354,1991,3,12.0,536.04
33355,1992,3,3.0,350.25
33356,1968,3,3.0,883.25
33357,1968,3,2.0,652.15
33358,1970,3,3.0,14594.6
33359,1970,3,3.0,50.02
33360,1990,3,3.0,3841.3
33361,1990,6,2.0,190.17
33362,1990,3,11.0,
33363,1990,3,12.0,
33364,1990,3,3.0,3003.82
33365,1990,6,2.0,446.45
33366,1990,3,11.0,
33367,1990,3,12.0,
33368,1971,3,3.0,28.88
33369,1968,3,3.0,4125.57
33370,1968,3,3.0,492.94
33371,2004,3,3.0,1261.43
33372,1970,3,2.0,7219.96
33373,1970,3,12.0,
33374,1973,3,2.0,782.23
33375,1973,3,12.0,92.92
33376,1966,3,12.0,1199.3
33377,1965,3,12.0,1819.5
33378,1970,3,12.0,18.02
33379,1970,3,12.0,27.39
33380,1983,3,2.0,1783.56
33381,1983,3,12.0,177.75
33382,2004,3,2.0,300.0
33383,1973,3,12.0,300.0
33384,1966,3,12.0,415.1
33385,1970,3,12.0,415.32
33386,1971,3,3.0,417.91
33387,1971,3,2.0,34.01
33388,1970,3,12.0,160.87
33389,1969,3,12.0,158.98
33390,2010,6,5.0,203.09
33391,2010,3,12.0,203.09
33392,1973,3,12.0,364.72
33393,1971,3,12.0,190.34
33394,1988,3,12.0,242.21
33395,1989,3,12.0,269.53
33396,1982,3,12.0,345.87
33397,1984,6,3.0,1219.63
33398,1972,3,6.0,689.52
33399,1999,6,12.0,357.14
33400,1993,3,5.0,291.11
33401,1993,3,3.0,267.6
33402,2004,6,2.0,
33403,1993,3,11.0,
33404,1992,3,3.0,2057.82
33405,1967,3,12.0,132.06
33406,1960,3,12.0,3298.23
33407,1970,3,3.0,1036.92
33408,1989,3,12.0,661.13
33409,1989,6,3.0,413.74
33410,1960,3,12.0,489.61
33411,1960,9,1.0,85.79
33412,1965,3,1.0,90.92
33413,1968,3,1.0,67.71
33414,1968,3,12.0,65.01
33415,1950,6,1.0,72.11
33416,1950,3,12.0,38.65
33417,1958,3,1.0,82.4
33418,1960,3,1.0,84.15
33419,1957,3,1.0,80.95
33420,1955,3,1.0,98.75
33421,1970,9,1.0,249.0
33422,1970,3,9.0,232.66
33423,2004,3,1.0,571.93
33424,2004,3,12.0,571.93
33425,1998,3,5.0,959.17
33426,1998,6,1.0,959.17
33427,1998,6,12.0,922.23
33428,2006,9,1.0,1913.18
33429,2006,9,12.0,433.54
33430,2000,3,5.0,1131.38
33431,2000,6,1.0,925.43
33432,2008,12,1.0,642.92
33433,1960,3,5.0,201.39
33434,1971,9,1.0,201.39
33435,1960,6,1.0,151.49
33436,1971,3,1.0,129.52
33437,1960,3,1.0,75.74
33438,1952,3,1.0,70.26
33439,1967,6,1.0,104.64
33440,1950,6,1.0,104.61
33441,1953,3,1.0,115.16
33442,1950,3,1.0,64.38
33443,1972,3,1.0,120.13
33444,1950,3,1.0,70.3
33445,1950,3,12.0,70.3
33446,1950,3,1.0,72.88
33447,1948,3,1.0,96.52
33448,1950,3,8.0,72.66
33449,1950,3,1.0,72.66
33450,1950,3,12.0,31.0
33451,1947,3,1.0,67.53
33452,1946,9,1.0,68.13
33453,1946,3,12.0,68.13
33454,1970,3,1.0,57.19
33455,1950,9,1.0,94.13
33456,1968,3,1.0,96.89
33457,1968,3,12.0,96.89
33458,1960,6,1.0,116.12
33459,1960,3,1.0,75.48
33460,1963,3,1.0,70.95
33461,1963,3,12.0,70.95
33462,1964,6,1.0,97.07
33463,1960,3,1.0,156.99
33464,1960,3,12.0,120.38
33465,1960,3,1.0,76.28
33466,1960,9,1.0,114.63
33467,1963,3,1.0,130.23
33468,1970,9,1.0,70.59
33469,1950,3,1.0,80.74
33470,1964,6,1.0,93.88
33471,1964,3,12.0,91.45
33472,1970,3,1.0,95.06
33473,1971,3,1.0,77.7
33474,2005,3,1.0,78.96
33475,1963,3,1.0,77.46
33476,1968,9,1.0,75.86
33477,1965,6,12.0,75.86
33478,1950,3,1.0,82.94
33479,1953,3,1.0,117.66
33480,1952,3,5.0,200.17
33481,1952,9,1.0,180.9
33482,1952,9,11.0,128.42
33483,1952,6,12.0,120.82
33484,1947,9,1.0,85.62
33485,1947,3,12.0,83.98
33486,1954,3,1.0,89.34
33487,1954,3,12.0,89.34
33488,1946,3,1.0,96.76
33489,1967,3,5.0,118.43
33490,1967,3,1.0,99.83
33491,1947,3,1.0,118.13
33492,1947,3,12.0,118.13
33493,1945,3,1.0,80.47
33494,1954,3,1.0,72.25
33495,1956,3,1.0,108.27
33496,1950,3,12.0,72.63
33497,1944,3,1.0,75.47
33498,1944,3,12.0,75.47
33499,1964,3,1.0,73.03
33500,1946,3,1.0,77.33
33501,1946,3,1.0,68.55
33502,1946,3,12.0,68.55
33503,1951,3,1.0,67.88
33504,1999,9,1.0,98.2
33505,1947,3,1.0,93.3
33506,1948,3,1.0,98.49
33507,2006,9,1.0,86.03
33508,1991,3,1.0,164.36
33509,1953,9,1.0,107.45
33510,1948,3,1.0,67.39
33511,1952,9,1.0,102.98
33512,1955,3,1.0,78.2
33513,1955,3,12.0,78.2
33514,1949,3,1.0,75.9
33515,1959,9,1.0,98.21
33516,1965,3,1.0,52.59
33517,1953,3,1.0,80.63
33518,1954,3,1.0,87.89
33519,1950,3,5.0,77.03
33520,1950,3,1.0,77.03
33521,1950,6,1.0,95.21
33522,1950,6,1.0,74.71
33523,1950,3,12.0,74.71
33524,1965,6,1.0,72.84
33525,1969,3,1.0,83.67
33526,1969,3,12.0,83.67
33527,1945,3,1.0,60.44
33528,1945,3,1.0,99.76
33529,1944,9,1.0,85.4
33530,1943,3,1.0,75.91
33531,1949,3,1.0,102.23
33532,1958,3,1.0,76.13
33533,1950,6,1.0,73.9
33534,1950,6,12.0,63.73
33535,1952,3,1.0,71.05
33536,1954,3,1.0,67.46
33537,2006,9,1.0,152.17
33538,1947,3,1.0,119.56
33539,1944,6,1.0,89.54
33540,1944,3,12.0,73.23
33541,1943,3,1.0,88.07
33542,1943,3,12.0,88.07
33543,1947,3,1.0,93.43
33544,1941,6,1.0,68.78
33545,1941,3,12.0,22.69
33546,1940,3,1.0,74.89
33547,1943,3,1.0,67.71
33548,1943,3,12.0,67.71
33549,1943,3,1.0,58.2
33550,1945,3,1.0,73.31
33551,2006,9,1.0,178.59
33552,2003,12,1.0,133.95
33553,2003,3,12.0,133.95
33554,1949,3,1.0,91.32
33555,1950,3,1.0,75.11
33556,1973,9,1.0,98.98
33557,1950,3,12.0,61.85
33558,1992,6,1.0,88.74
33559,2012,9,1.0,41.06
33560,2012,3,12.0,41.06
33561,1999,3,12.0,118.78
33562,1948,6,1.0,60.82
33563,1949,3,1.0,72.85
33564,1948,6,1.0,92.74
33565,2008,9,1.0,94.77
33566,1950,3,1.0,102.18
33567,1950,3,12.0,102.18
33568,1999,3,1.0,88.96
33569,1952,3,1.0,87.08
33570,1952,3,12.0,80.53
33571,1958,6,1.0,138.61
33572,1977,9,1.0,49.17
33573,1966,3,1.0,60.88
33574,1995,6,1.0,107.93
33575,2007,9,1.0,104.22
33576,1948,3,1.0,168.75
33577,1950,3,1.0,78.71
33578,1950,3,12.0,72.51
33579,1952,3,1.0,70.34
33580,1950,3,1.0,93.61
33581,1951,9,1.0,43.12
33582,1951,3,12.0,31.99
33583,1967,9,1.0,41.71
33584,1948,3,1.0,57.92
33585,2015,9,1.0,57.29
33586,1953,3,1.0,49.15
33587,1948,3,1.0,56.88
33588,1948,3,1.0,61.58
33589,1949,3,1.0,89.35
33590,2008,9,1.0,122.23
33591,1949,3,1.0,83.7
33592,1953,3,1.0,47.31
33593,1954,3,1.0,73.23
33594,1954,6,1.0,79.85
33595,1972,3,1.0,46.88
33596,1946,3,5.0,328.13
33597,1946,9,1.0,263.08
33598,1980,9,1.0,100.97
33599,1960,3,1.0,88.23
33600,1964,3,1.0,99.54
33601,1962,3,1.0,100.56
33602,1975,3,1.0,53.03
33603,1942,3,1.0,62.83
33604,1944,3,5.0,68.66
33605,1944,3,1.0,68.66
33606,1970,3,1.0,66.61
33607,1941,3,1.0,67.13
33608,1962,3,1.0,66.48
33609,1950,9,1.0,75.54
33610,1963,9,1.0,75.91
33611,1963,3,11.0,75.91
33612,1963,3,12.0,33.83
33613,1942,3,1.0,74.48
33614,1992,3,8.0,97.92
33615,1992,9,1.0,85.32
33616,1992,3,12.0,13.29
33617,1950,6,1.0,60.43
33618,1960,3,1.0,75.39
33619,1960,3,12.0,63.47
33620,1948,3,1.0,137.67
33621,1948,3,12.0,137.67
33622,1950,3,5.0,96.99
33623,1950,3,1.0,96.99
33624,1960,3,1.0,92.33
33625,1960,3,1.0,99.52
33626,1970,3,5.0,123.32
33627,1970,3,1.0,123.32
33628,1960,6,1.0,70.56
33629,1960,3,12.0,70.56
33630,1950,3,1.0,63.99
33631,1948,3,1.0,64.62
33632,1949,3,5.0,60.69
33633,1949,3,1.0,60.69
33634,1950,3,1.0,73.89
33635,1966,3,1.0,72.77
33636,1961,3,1.0,73.37
33637,1961,3,12.0,62.75
33638,1962,3,1.0,67.54
33639,1960,6,1.0,100.63
33640,1960,3,5.0,77.65
33641,1960,3,1.0,73.08
33642,1955,3,1.0,66.41
33643,1958,3,1.0,97.28
33644,1978,3,12.0,85.0
33645,1980,6,1.0,90.39
33646,1950,9,1.0,101.63
33647,1950,3,12.0,101.63
33648,1950,3,1.0,90.89
33649,1950,3,1.0,91.88
33650,1960,6,1.0,63.75
33651,1956,3,1.0,183.91
33652,1956,6,1.0,174.32
33653,1996,3,1.0,89.35
33654,1940,3,5.0,64.89
33655,1940,3,1.0,64.89
33656,1950,3,1.0,97.12
33657,1930,3,5.0,133.88
33658,1930,3,1.0,72.69
33659,1957,3,1.0,143.91
33660,1957,3,12.0,131.68
33661,1955,3,1.0,92.95
33662,1973,3,1.0,74.02
33663,1960,3,1.0,100.15
33664,1955,6,1.0,73.87
33665,1973,3,1.0,76.28
33666,1959,3,12.0,69.5
33667,1960,3,1.0,111.66
33668,1960,3,1.0,75.16
33669,1960,3,12.0,75.16
33670,2000,3,1.0,69.59
33671,1958,3,1.0,67.81
33672,1960,3,1.0,73.14
33673,1940,3,1.0,59.47
33674,1973,3,1.0,71.14
33675,1973,3,12.0,71.14
33676,1949,3,1.0,71.3
33677,1949,3,12.0,71.3
33678,2012,15,1.0,392.12
33679,2012,9,12.0,383.64
33680,1952,9,1.0,264.33
33681,1950,3,5.0,89.54
33682,1950,3,1.0,82.45
33683,1952,9,1.0,75.8
33684,2009,9,1.0,97.17
33685,2009,3,12.0,97.17
33686,1951,9,1.0,61.24
33687,1951,3,12.0,61.24
33688,1949,6,1.0,77.7
33689,1946,3,1.0,78.32
33690,1947,3,5.0,79.87
33691,1947,3,1.0,79.87
33692,1951,9,1.0,73.1
33693,1951,3,12.0,44.41
33694,1949,3,5.0,75.13
33695,1949,3,1.0,75.13
33696,1946,9,1.0,74.11
33697,1951,3,1.0,94.87
33698,1948,3,1.0,64.28
33699,1953,3,1.0,83.98
33700,1953,3,12.0,72.79
33701,1948,6,1.0,82.47
33702,1948,3,12.0,82.47
33703,1954,3,1.0,84.9
33704,1956,6,1.0,82.72
33705,1981,3,1.0,98.79
33706,1981,3,12.0,98.79
33707,1950,3,1.0,68.77
33708,1949,3,1.0,72.11
33709,1949,6,12.0,14.5
33710,1949,6,1.0,73.59
33711,1961,3,1.0,71.61
33712,1958,3,1.0,63.1
33713,1947,3,1.0,59.02
33714,1947,3,12.0,
33715,1968,3,1.0,107.34
33716,1956,3,1.0,95.24
33717,1947,3,1.0,81.65
33718,2005,6,1.0,97.1
33719,1955,9,1.0,101.79
33720,1955,3,12.0,101.79
33721,1957,6,1.0,134.36
33722,2010,12,1.0,207.62
33723,2010,3,12.0,187.5
33724,1960,3,1.0,137.93
33725,1960,3,12.0,137.93
33726,1955,3,1.0,102.79
33727,1964,3,1.0,147.31
33728,1958,3,1.0,57.73
33729,1958,3,1.0,40.01
33730,1960,3,5.0,73.89
33731,1960,6,1.0,73.89
33732,1955,3,1.0,64.43
33733,1952,3,1.0,51.9
33734,1956,6,1.0,47.73
33735,1955,3,1.0,66.01
33736,1979,3,1.0,68.63
33737,2002,3,1.0,62.82
33738,1957,3,1.0,67.01
33739,1978,6,1.0,67.45
33740,1957,3,1.0,65.31
33741,1960,6,1.0,61.38
33742,1934,3,12.0,45.85
33743,1957,3,1.0,69.53
33744,2006,9,1.0,122.7
33745,2006,3,12.0,122.7
33746,1997,3,1.0,72.93
33747,1957,3,1.0,93.72
33748,1959,3,1.0,86.82
33749,1958,3,1.0,65.7
33750,1961,3,1.0,79.67
33751,1958,3,1.0,120.09
33752,1958,3,1.0,78.27
33753,1954,3,1.0,76.39
33754,2001,6,1.0,55.05
33755,1955,6,1.0,69.64
33756,1952,3,1.0,68.32
33757,1959,3,1.0,70.65
33758,1950,3,1.0,70.13
33759,1957,3,1.0,73.01
33760,1975,3,1.0,104.1
33761,1975,3,12.0,104.1
33762,1988,6,1.0,98.24
33763,1988,6,1.0,154.28
33764,1988,6,12.0,146.33
33765,2007,12,1.0,123.91
33766,2007,3,12.0,121.5
33767,1961,3,1.0,39.03
33768,1959,3,1.0,39.05
33769,1960,3,1.0,64.76
33770,1975,3,1.0,154.67
33771,1953,3,1.0,91.66
33772,1980,3,1.0,73.25
33773,1952,3,1.0,76.26
33774,1959,3,1.0,69.18
33775,1957,3,1.0,76.93
33776,1962,3,1.0,60.77
33777,1970,9,1.0,75.04
33778,1970,3,12.0,70.9
33779,2022,3,1.0,62.77
33780,2022,6,12.0,62.77
33781,1989,9,1.0,58.67
33782,1989,3,12.0,51.19
33783,1958,3,1.0,69.73
33784,1951,3,1.0,64.68
33785,1952,3,1.0,73.39
33786,1972,3,1.0,85.01
33787,1972,3,12.0,85.01
33788,1958,3,1.0,77.26
33789,1970,9,1.0,101.02
33790,1970,3,12.0,95.82
33791,1968,3,1.0,103.65
33792,1968,3,12.0,84.65
33793,1967,3,1.0,95.08
33794,1960,3,1.0,93.34
33795,1986,3,1.0,174.57
33796,1951,3,1.0,84.61
33797,2003,6,1.0,73.77
33798,2003,3,12.0,73.77
33799,1958,3,1.0,68.07
33800,1952,3,1.0,66.37
33801,1957,3,1.0,73.08
33802,1955,3,1.0,70.64
33803,1975,3,1.0,55.38
33804,1956,3,1.0,66.91
33805,2003,9,1.0,54.2
33806,1989,3,1.0,116.17
33807,1957,3,1.0,68.67
33808,1950,3,1.0,83.13
33809,1974,3,1.0,94.32
33810,1974,3,1.0,74.99
33811,2001,3,1.0,77.37
33812,2002,3,1.0,58.33
33813,1965,3,1.0,33.8
33814,1970,3,1.0,61.88
33815,1971,3,1.0,69.6
33816,1971,3,12.0,69.6
33817,2008,9,1.0,75.52
33818,1988,6,12.0,50.27
33819,1978,9,1.0,75.66
33820,1981,3,1.0,104.18
33821,1970,3,1.0,73.18
33822,1969,9,1.0,66.22
33823,2018,3,12.0,66.22
33824,1969,3,1.0,75.51
33825,1969,3,1.0,57.83
33826,1970,3,1.0,61.44
33827,1972,3,1.0,74.67
33828,2000,3,1.0,56.98
33829,1976,6,1.0,70.47
33830,1974,3,1.0,75.79
33831,1972,9,1.0,75.24
33832,1968,9,1.0,68.64
33833,1968,3,1.0,79.56
33834,1972,3,1.0,82.29
33835,2008,9,1.0,52.94
33836,1963,3,1.0,60.19
33837,1970,6,1.0,67.8
33838,1969,3,1.0,74.21
33839,1969,3,12.0,69.25
33840,1975,3,1.0,121.22
33841,1969,3,1.0,64.85
33842,1955,3,1.0,75.03
33843,1972,3,1.0,69.19
33844,1970,3,5.0,90.21
33845,1970,3,1.0,90.21
33846,1976,9,1.0,116.73
33847,1976,3,12.0,108.52
33848,1968,3,1.0,62.38
33849,2009,9,1.0,62.55
33850,2009,3,12.0,62.55
33851,2009,9,1.0,74.84
33852,2015,12,1.0,128.07
33853,1964,3,1.0,54.98
33854,2005,9,1.0,74.5
33855,2006,9,1.0,74.88
33856,1964,3,8.0,117.52
33857,1964,6,1.0,103.05
33858,1964,6,12.0,47.91
33859,1965,3,1.0,56.54
33860,1964,3,1.0,88.81
33861,1964,3,12.0,67.45
33862,1962,3,1.0,105.75
33863,1969,3,1.0,103.84
33864,1949,3,1.0,93.06
33865,1976,3,1.0,77.77
33866,1976,3,12.0,77.77
33867,1968,3,1.0,74.33
33868,1965,3,12.0,73.02
33869,1969,3,1.0,65.43
33870,1930,6,1.0,79.32
33871,1930,3,12.0,55.71
33872,1968,3,1.0,59.55
33873,1972,3,1.0,64.1
33874,2004,3,1.0,81.33
33875,2004,3,12.0,17.71
33876,1968,6,1.0,59.89
33877,1963,3,1.0,161.95
33878,1969,3,5.0,119.76
33879,1969,3,1.0,119.76
33880,1968,3,1.0,67.52
33881,1969,3,1.0,62.49
33882,1967,3,1.0,65.73
33883,1969,3,1.0,64.97
33884,1967,3,1.0,70.33
33885,1949,3,1.0,118.89
33886,1965,6,1.0,67.94
33887,1966,6,1.0,65.88
33888,1978,3,5.0,135.12
33889,1978,6,1.0,135.12
33890,1972,3,1.0,60.78
33891,1955,3,5.0,73.47
33892,1962,6,1.0,61.39
33893,1967,3,1.0,70.64
33894,1966,3,1.0,72.94
33895,1964,6,1.0,140.48
33896,1964,6,12.0,90.99
33897,2000,3,5.0,76.53
33898,2000,3,1.0,58.65
33899,1964,3,1.0,162.58
33900,1972,3,1.0,98.31
33901,1972,3,12.0,98.31
33902,1963,3,1.0,87.21
33903,1956,3,1.0,99.23
33904,1966,9,1.0,122.05
33905,1966,6,12.0,75.02
33906,1974,3,1.0,60.48
33907,1970,3,1.0,54.07
33908,1963,3,1.0,52.06
33909,1969,3,1.0,62.6
33910,1978,3,12.0,112.39
33911,1953,3,1.0,89.07
33912,1991,3,1.0,96.36
33913,1953,6,1.0,82.54
33914,1970,6,1.0,94.47
33915,1970,3,12.0,65.68
33916,1995,9,1.0,134.35
33917,1996,3,11.0,98.4
33918,2001,3,12.0,74.94
33919,1968,3,1.0,55.46
33920,1965,3,12.0,55.46
33921,1967,3,1.0,108.74
33922,1970,6,1.0,58.62
33923,1970,3,11.0,58.62
33924,1970,3,12.0,47.31
33925,1964,3,1.0,73.15
33926,2005,3,1.0,115.27
33927,1966,3,12.0,64.38
33928,2002,9,1.0,88.19
33929,1964,3,1.0,74.05
33930,2006,3,1.0,56.15
33931,1988,9,1.0,76.63
33932,1988,3,12.0,58.49
33933,1964,3,1.0,61.63
33934,1965,6,1.0,57.78
33935,1967,3,1.0,39.78
33936,1966,3,1.0,62.83
33937,1970,6,1.0,60.56
33938,1962,6,1.0,58.21
33939,1962,3,12.0,49.9
33940,1969,3,1.0,55.45
33941,1969,3,12.0,55.45
33942,1967,3,1.0,61.75
33943,1967,3,12.0,32.36
33944,1968,3,1.0,69.78
33945,1975,3,1.0,72.86
33946,1975,3,12.0,72.86
33947,1977,9,1.0,121.17
33948,1977,3,12.0,100.21
33949,1997,3,1.0,89.23
33950,1967,3,1.0,103.15
33951,1969,3,1.0,118.69
33952,1960,3,1.0,84.22
33953,1960,3,1.0,97.08
33954,1967,9,1.0,147.47
33955,1967,3,11.0,90.87
33956,1967,3,12.0,46.44
33957,1960,3,12.0,118.43
33958,1978,3,1.0,66.63
33959,1978,3,12.0,58.62
33960,1967,3,1.0,73.64
33961,1967,3,12.0,62.12
33962,1963,3,1.0,97.27
33963,1961,3,1.0,61.16
33964,1972,3,1.0,95.14
33965,1969,3,1.0,94.35
33966,1966,3,1.0,76.75
33967,1966,3,12.0,76.75
33968,2007,12,1.0,83.79
33969,2007,3,12.0,83.79
33970,1969,6,1.0,73.89
33971,1968,3,1.0,77.5
33972,1958,3,1.0,90.39
33973,1978,3,1.0,100.78
33974,2006,6,1.0,88.49
33975,1965,6,1.0,85.93
33976,1963,3,1.0,74.79
33977,1959,6,1.0,99.22
33978,1963,3,1.0,64.94
33979,1963,3,1.0,70.86
33980,1966,3,1.0,94.42
33981,1997,3,1.0,53.39
33982,1972,3,1.0,67.66
33983,1972,3,12.0,55.44
33984,1970,6,1.0,78.79
33985,1970,3,1.0,119.54
33986,1970,3,12.0,119.54
33987,1968,3,1.0,82.72
33988,1968,3,12.0,82.72
33989,1969,3,1.0,88.06
33990,1968,3,1.0,71.43
33991,1968,6,12.0,41.71
33992,1969,3,1.0,52.6
33993,1973,3,1.0,54.36
33994,1976,3,1.0,71.2
33995,1970,3,1.0,72.36
33996,1970,3,12.0,67.87
33997,1970,3,1.0,85.91
33998,1970,3,1.0,98.21
33999,1970,3,12.0,94.34
34000,1971,3,1.0,68.96
34001,1982,3,1.0,66.31
34002,2000,3,1.0,75.8
34003,1970,3,1.0,68.73
34004,1968,3,1.0,68.9
34005,2000,3,1.0,79.43
34006,1969,3,1.0,63.24
34007,1975,3,1.0,68.26
34008,2010,9,1.0,52.81
34009,2022,3,12.0,17.72
34010,1976,3,1.0,68.69
34011,1972,3,1.0,39.87
34012,1961,3,1.0,149.54
34013,2006,9,1.0,138.11
34014,2006,3,12.0,100.18
34015,1963,3,1.0,132.73
34016,1970,3,1.0,127.24
34017,1969,3,1.0,71.59
34018,1970,3,1.0,115.83
34019,1969,3,1.0,71.82
34020,1970,3,1.0,68.28
34021,1962,3,1.0,69.09
34022,1962,3,1.0,47.23
34023,1970,3,1.0,71.09
34024,1970,3,12.0,65.73
34025,1970,3,1.0,78.62
34026,1966,3,1.0,125.87
34027,1969,3,5.0,127.24
34028,1969,3,1.0,105.74
34029,1973,3,5.0,60.21
34030,1973,6,1.0,51.22
34031,1973,3,12.0,
34032,1970,6,1.0,74.38
34033,1967,3,1.0,77.5
34034,1968,6,1.0,73.58
34035,1968,3,12.0,54.0
34036,1964,3,1.0,72.24
34037,1969,3,8.0,112.35
34038,1969,6,1.0,105.14
34039,1970,3,5.0,53.4
34040,1970,6,1.0,53.4
34041,1954,6,1.0,159.25
34042,1954,3,11.0,153.91
34043,1954,6,12.0,97.66
34044,1960,3,5.0,100.18
34045,1970,3,1.0,93.79
34046,1971,6,1.0,88.95
34047,1986,6,1.0,129.26
34048,1970,3,1.0,94.96
34049,1970,3,12.0,88.04
34050,1974,3,1.0,55.01
34051,1966,6,1.0,74.91
34052,2023,6,1.0,74.27
34053,1992,12,1.0,72.33
34054,1992,3,11.0,56.24
34055,1965,3,12.0,56.24
34056,1950,6,1.0,65.64
34057,1950,3,12.0,65.64
34058,1970,9,1.0,71.98
34059,1967,9,1.0,76.99
34060,1967,3,11.0,76.99
34061,1967,3,12.0,54.46
34062,1980,6,1.0,73.44
34063,1969,3,1.0,71.76
34064,1969,3,12.0,66.77
34065,1962,3,1.0,64.98
34066,1967,3,1.0,68.6
34067,1967,3,12.0,68.6
34068,1969,3,1.0,76.29
34069,1969,3,12.0,71.02
34070,1967,3,1.0,75.96
34071,1967,3,12.0,68.78
34072,1966,3,1.0,75.68
34073,1961,3,5.0,76.84
34074,1961,3,1.0,76.84
34075,1970,3,1.0,70.6
34076,1962,3,1.0,82.46
34077,1960,3,1.0,76.19
34078,1953,3,1.0,67.46
34079,1982,9,1.0,75.16
34080,1963,3,12.0,54.29
34081,1958,3,1.0,102.87
34082,1958,3,12.0,102.87
34083,1964,3,1.0,90.95
34084,1965,9,1.0,101.1
34085,1965,3,12.0,80.9
34086,1960,3,12.0,21.27
34087,1959,3,1.0,70.7
34088,1965,3,1.0,58.45
34089,1957,3,1.0,74.61
34090,1957,3,12.0,67.21
34091,1953,3,1.0,63.91
34092,1955,3,1.0,70.29
34093,1998,6,1.0,186.84
34094,1958,3,1.0,76.55
34095,1959,6,1.0,108.87
34096,2008,9,1.0,76.62
34097,1960,3,1.0,75.91
34098,1956,9,1.0,77.94
34099,1956,3,12.0,68.7
34100,1971,3,1.0,121.54
34101,1971,3,12.0,109.18
34102,1962,3,1.0,98.24
34103,1960,3,1.0,67.95
34104,1999,3,1.0,54.78
34105,1968,3,1.0,67.52
34106,1968,3,12.0,61.37
34107,1965,3,1.0,71.59
34108,1969,3,1.0,117.42
34109,1968,3,1.0,49.6
34110,1979,3,5.0,68.59
34111,1979,9,1.0,60.22
34112,1979,3,12.0,55.51
34113,2010,15,1.0,104.97
34114,2010,3,12.0,104.97
34115,1969,3,1.0,71.23
34116,1966,3,1.0,55.1
34117,1966,3,12.0,55.1
34118,1966,3,1.0,54.39
34119,1964,3,1.0,104.16
34120,1975,3,1.0,103.49
34121,1975,3,12.0,90.13
34122,1968,6,1.0,77.65
34123,1968,6,12.0,67.64
34124,1969,3,5.0,77.92
34125,1969,3,1.0,76.18
34126,1970,3,1.0,116.97
34127,1968,3,1.0,111.75
34128,1970,3,1.0,61.32
34129,2000,6,1.0,77.12
34130,1965,3,1.0,117.3
34131,1965,3,1.0,65.86
34132,1963,3,1.0,75.7
34133,1966,3,1.0,65.47
34134,1970,3,1.0,77.12
34135,1970,3,12.0,
34136,1958,3,1.0,63.82
34137,1958,3,12.0,63.82
34138,1965,6,1.0,74.38
34139,1965,3,11.0,68.55
34140,1965,3,12.0,6.55
34141,1969,3,1.0,45.7
34142,1965,3,5.0,93.09
34143,1965,9,1.0,93.09
34144,1966,3,1.0,81.49
34145,1963,3,1.0,80.12
34146,1968,3,1.0,100.74
34147,1968,3,12.0,79.57
34148,1969,6,1.0,74.89
34149,1965,9,1.0,75.38
34150,1965,3,12.0,75.38
34151,1962,3,1.0,57.32
34152,1966,3,1.0,58.09
34153,1978,6,1.0,108.87
34154,1993,3,12.0,79.21
34155,1974,3,1.0,68.36
34156,1974,3,12.0,68.36
34157,1978,3,1.0,92.46
34158,1968,3,1.0,94.15
34159,1970,6,1.0,73.21
34160,1986,3,1.0,100.44
34161,1965,3,1.0,50.26
34162,1965,3,1.0,51.41
34163,1964,9,1.0,76.64
34164,1964,3,12.0,67.68
34165,1966,3,1.0,66.65
34166,1966,3,12.0,66.65
34167,1972,3,1.0,59.61
34168,1965,3,1.0,66.94
34169,1960,3,1.0,60.2
34170,1953,3,1.0,69.61
34171,1951,3,5.0,88.23
34172,1968,3,1.0,58.13
34173,2005,6,1.0,76.55
34174,1976,3,1.0,65.19
34175,1964,3,1.0,69.17
34176,1969,12,1.0,289.52
34177,1963,12,1.0,284.48
34178,1969,12,1.0,269.8
34179,1969,12,1.0,285.81
34180,1962,3,1.0,91.31
34181,1962,3,12.0,91.31
34182,1960,3,8.0,174.53
34183,1960,3,1.0,145.52
34184,1960,3,12.0,37.29
34185,1972,12,1.0,211.18
34186,1960,3,1.0,77.0
34187,1960,3,12.0,77.0
34188,1991,3,1.0,80.49
34189,2004,3,1.0,148.76
34190,1965,3,1.0,126.3
34191,1963,3,1.0,96.07
34192,1960,3,8.0,127.1
34193,1981,6,1.0,127.1
34194,1969,12,1.0,369.92
34195,1969,12,1.0,366.26
34196,1973,3,3.0,1246.82
34197,1973,3,8.0,
34198,1975,9,3.0,1275.7
34199,1975,3,8.0,1225.65
34200,1975,3,12.0,5.93
34201,1961,3,5.0,112.92
34202,1961,3,1.0,112.92
34203,1961,6,1.0,80.19
34204,2018,3,11.0,80.19
34205,1961,3,12.0,
34206,1964,3,1.0,122.11
34207,1964,3,12.0,122.11
34208,1964,3,1.0,125.74
34209,1964,3,12.0,125.74
34210,1970,3,1.0,393.65
34211,1970,3,12.0,334.86
34212,1962,3,8.0,137.27
34213,1962,3,1.0,137.27
34214,1998,9,1.0,98.36
34215,1962,3,12.0,94.39
34216,1963,3,12.0,11.97
34217,1965,9,1.0,139.39
34218,1963,3,1.0,133.65
34219,1963,6,12.0,124.25
34220,1991,3,1.0,67.07
34221,1991,3,1.0,67.42
34222,1991,3,1.0,66.89
34223,1993,3,5.0,206.82
34224,1993,3,2.0,206.82
34225,2000,9,1.0,525.35
34226,1962,3,1.0,528.94
34227,1963,3,3.0,406.23
34228,1963,3,3.0,409.63
34229,1962,3,1.0,63.06
34230,1962,9,1.0,67.94
34231,1962,3,12.0,67.94
34232,1957,3,1.0,73.59
34233,1957,3,12.0,51.73
34234,1957,3,1.0,64.6
34235,1957,3,1.0,54.96
34236,1974,3,1.0,55.58
34237,1957,3,1.0,57.37
34238,1964,3,1.0,56.44
34239,1964,3,1.0,54.28
34240,1957,3,1.0,74.64
34241,1957,3,12.0,60.38
34242,1957,3,1.0,64.91
34243,1957,3,1.0,78.99
34244,1957,3,12.0,52.55
34245,1959,6,1.0,250.26
34246,1957,3,1.0,67.32
34247,1955,3,1.0,50.14
34248,1954,3,1.0,60.31
34249,1955,3,1.0,53.47
34250,1959,3,1.0,68.16
34251,1955,3,1.0,70.39
34252,1959,6,1.0,252.89
34253,1957,3,1.0,56.44
34254,1957,3,1.0,53.62
34255,1962,3,1.0,159.7
34256,1962,3,12.0,112.88
34257,1962,3,1.0,163.71
34258,1994,3,1.0,167.1
34259,1967,3,12.0,163.13
34260,1964,3,12.0,437.79
34261,1964,3,1.0,124.26
34262,1964,3,1.0,136.95
34263,1961,3,1.0,132.72
34264,1966,3,1.0,99.57
34265,1963,3,12.0,21.62
34266,1966,3,1.0,171.24
34267,1966,3,12.0,156.47
34268,1964,3,1.0,94.68
34269,1964,3,12.0,69.61
34270,1964,3,1.0,98.23
34271,1964,3,12.0,98.23
34272,1974,3,1.0,71.63
34273,1968,3,1.0,62.08
34274,1962,3,1.0,71.95
34275,1962,3,12.0,71.95
34276,1962,3,1.0,73.42
34277,1970,3,1.0,35.17
34278,2004,3,1.0,230.61
34279,2004,3,12.0,230.61
34280,1965,6,1.0,128.22
34281,1975,3,1.0,120.59
34282,1963,3,1.0,170.76
34283,1963,3,11.0,135.0
34284,1963,6,12.0,30.0
34285,2007,9,1.0,248.7
34286,1958,3,1.0,149.33
34287,2002,12,1.0,23.94
34288,1990,3,1.0,242.7
34289,1990,3,12.0,132.22
34290,2016,15,1.0,577.88
34291,2016,12,11.0,416.67
34292,2016,3,12.0,415.38
34293,1977,3,5.0,419.4
34294,1978,3,1.0,274.33
34295,1976,3,12.0,57.08
34296,2008,3,5.0,2613.48
34297,1985,6,3.0,2613.48
34298,2008,3,2.0,
34299,1963,3,12.0,18.0
34300,1963,3,3.0,645.58
34301,1988,3,2.0,185.8
34302,1963,3,12.0,327.71
34303,1963,3,12.0,921.32
34304,1963,3,12.0,668.91
34305,1952,3,3.0,983.77
34306,1970,3,1.0,153.24
34307,1970,3,12.0,104.23
34308,1985,6,1.0,526.79
34309,1966,3,1.0,105.88
34310,1966,3,12.0,102.78
34311,1971,3,4.0,241.15
34312,2008,9,1.0,119.11
34313,1958,3,5.0,162.37
34314,1990,9,1.0,145.63
34315,1960,3,1.0,187.48
34316,1960,3,12.0,181.02
34317,1964,3,1.0,197.91
34318,1964,3,9.0,183.16
34319,1964,3,12.0,134.38
34320,1966,3,1.0,136.38
34321,1964,3,1.0,158.31
34322,1964,3,12.0,141.17
34323,1970,6,1.0,120.13
34324,1970,3,12.0,109.27
34325,1958,3,1.0,154.62
34326,1970,6,1.0,139.67
34327,1973,6,1.0,155.58
34328,1975,3,1.0,163.91
34329,1968,3,5.0,163.66
34330,1968,3,1.0,135.01
34331,1968,9,1.0,159.94
34332,1968,6,12.0,138.51
34333,1970,3,1.0,165.69
34334,1970,3,12.0,104.14
34335,1970,3,1.0,146.62
34336,1970,3,12.0,112.37
34337,1969,3,5.0,152.71
34338,1969,3,1.0,104.65
34339,1965,3,1.0,154.52
34340,1965,3,12.0,153.03
34341,1965,3,1.0,172.52
34342,1965,3,12.0,123.63
34343,1967,3,5.0,157.05
34344,1967,3,1.0,134.95
34345,2005,15,1.0,292.5
34346,2005,3,12.0,160.82
34347,2005,15,1.0,407.0
34348,2005,15,1.0,696.8
34349,2003,12,1.0,662.53
34350,2003,12,1.0,198.06
34351,1970,3,1.0,156.47
34352,1967,3,1.0,124.79
34353,1965,6,1.0,76.1
34354,1964,3,1.0,91.67
34355,1969,3,5.0,159.19
34356,1969,3,1.0,159.19
34357,1965,3,1.0,102.84
34358,1983,6,1.0,181.83
34359,2009,3,5.0,124.23
34360,2009,12,1.0,74.87
34361,2022,3,10.0,74.87
34362,2003,9,1.0,99.91
34363,1986,3,12.0,75.16
34364,1971,3,1.0,168.63
34365,1971,3,11.0,104.07
34366,1971,6,12.0,87.91
34367,1970,3,1.0,170.58
34368,1970,3,12.0,116.65
34369,1965,6,1.0,146.63
34370,1962,3,1.0,145.77
34371,1962,3,12.0,119.62
34372,1965,3,1.0,119.72
34373,1965,3,12.0,
34374,2007,3,5.0,173.26
34375,2007,6,1.0,73.5
34376,1968,3,12.0,250.57
34377,1992,3,3.0,156.57
34378,1972,3,11.0,
34379,2007,9,1.0,571.55
34380,2011,3,12.0,516.06
34381,1964,3,12.0,1031.78
34382,1977,3,5.0,156.05
34383,1977,3,3.0,103.45
34384,1977,6,1.0,26.86
34385,1977,6,12.0,
34386,1964,3,1.0,155.16
34387,1964,3,12.0,115.25
34388,1964,3,1.0,139.99
34389,1969,3,1.0,138.4
34390,1963,9,1.0,122.48
34391,1962,3,1.0,173.04
34392,1962,3,12.0,
34393,1974,3,1.0,126.0
34394,1961,3,12.0,93.61
34395,1963,3,1.0,140.64
34396,1963,3,12.0,117.07
34397,1970,3,1.0,169.06
34398,1970,3,12.0,124.8
34399,1969,3,1.0,174.51
34400,1969,3,12.0,117.33
34401,1988,6,1.0,80.5
34402,1962,3,1.0,90.69
34403,1993,3,2.0,485.4
34404,2000,3,12.0,
34405,1978,9,1.0,103.15
34406,1970,6,1.0,111.99
34407,1973,3,12.0,108.37
34408,2000,12,1.0,121.31
34409,1967,3,1.0,107.36
34410,1996,12,1.0,647.63
34411,1966,3,1.0,123.06
34412,1964,3,1.0,109.56
34413,1964,3,12.0,84.48
34414,1958,6,1.0,128.41
34415,2003,3,5.0,151.63
34416,1958,6,1.0,130.12
34417,2007,15,1.0,440.36
34418,1967,6,1.0,118.14
34419,1967,6,11.0,96.92
34420,1967,3,12.0,
34421,1963,3,1.0,132.63
34422,1963,3,12.0,86.8
34423,1998,3,1.0,146.48
34424,1979,3,1.0,132.6
34425,1963,9,1.0,117.15
34426,1970,3,1.0,116.68
34427,1970,3,12.0,99.8
34428,1986,6,1.0,126.17
34429,1956,3,12.0,57.13
34430,1968,3,1.0,221.91
34431,1968,3,12.0,159.87
34432,1963,3,1.0,121.44
34433,1966,3,12.0,137.02
34434,1963,3,1.0,136.2
34435,1963,3,5.0,253.49
34436,1963,3,1.0,249.56
34437,1963,3,12.0,
34438,1980,3,1.0,243.22
34439,1980,3,12.0,230.71
34440,1964,3,1.0,188.54
34441,1964,3,12.0,151.96
34442,1979,3,5.0,363.23
34443,1979,3,12.0,
34444,1968,3,12.0,168.85
34445,1968,3,5.0,149.57
34446,1968,3,1.0,118.72
34447,2000,15,1.0,288.36
34448,2000,3,12.0,288.36
34449,2003,3,5.0,481.87
34450,2003,3,1.0,429.85
34451,2003,3,12.0,429.85
34452,1962,6,10.0,1506.91
34453,1960,15,1.0,170.75
34454,1960,15,1.0,170.74
34455,1960,15,1.0,170.75
34456,1990,9,4.0,3040.84
34457,2005,3,10.0,1282.63
34458,2005,3,11.0,748.38
34459,1960,15,1.0,170.73
34460,1960,15,1.0,170.74
34461,1960,15,1.0,170.75
34462,1960,15,1.0,170.73
34463,1960,15,1.0,170.76
34464,1960,15,1.0,170.76
34465,1960,15,1.0,170.75
34466,1960,15,1.0,170.74
34467,1960,15,1.0,170.75
34468,1960,3,5.0,372.13
34469,1960,36,1.0,347.54
34470,1960,3,5.0,381.46
34471,1960,36,1.0,357.19
34472,1960,3,5.0,371.78
34473,1960,36,1.0,347.15
34474,1960,3,5.0,372.1
34475,1960,36,1.0,347.5
34476,1960,3,5.0,381.73
34477,1960,36,1.0,357.75
34478,1960,3,5.0,381.47
34479,1960,36,1.0,357.34
34480,1960,15,1.0,170.75
34481,1960,15,1.0,170.74
34482,1960,15,1.0,170.74
34483,1960,3,3.0,48.16
34484,1960,3,5.0,372.12
34485,1960,36,1.0,347.5
34486,1960,15,1.0,170.75
34487,1960,15,1.0,170.75
34488,1960,15,1.0,170.75
34489,1960,15,1.0,170.75
34490,1960,15,1.0,170.74
34491,1960,15,1.0,170.74
34492,1960,15,1.0,170.75
34493,1987,3,3.0,10612.07
34494,1969,3,2.0,1160.1
34495,2001,3,3.0,14710.67
34496,2001,3,2.0,919.11
34497,2001,3,12.0,
34498,2007,9,5.0,13847.51
34499,2007,3,3.0,5126.59
34500,2004,12,2.0,2488.29
34501,2003,6,3.0,9924.18
34502,2003,6,2.0,868.07
34503,2018,3,5.0,14584.03
34504,2008,6,3.0,9406.33
34505,2006,6,2.0,3155.04
34506,2008,3,10.0,476.46
34507,2018,3,11.0,21.17
34508,2009,18,12.0,
34509,2023,6,1.0,233.85
34510,2023,3,11.0,210.21
34511,2023,3,12.0,
34512,1981,3,1.0,223.42
34513,2006,3,10.0,183.08
34514,2006,3,12.0,
34515,2011,6,1.0,277.36
34516,2011,6,10.0,82.3
34517,2011,3,11.0,
34518,2011,6,12.0,
34519,1983,3,1.0,199.23
34520,1983,3,11.0,
34521,1981,6,1.0,120.24
34522,1981,3,12.0,90.04
34523,1980,3,1.0,197.37
34524,2000,3,10.0,109.65
34525,1980,3,12.0,
34526,1997,3,1.0,416.17
34527,2013,3,11.0,
34528,1988,9,1.0,228.09
34529,2015,3,10.0,105.7
34530,2015,3,12.0,36.54
34531,2007,6,1.0,557.69
34532,2018,3,10.0,163.77
34533,2014,3,11.0,
34534,2003,6,12.0,
34535,1986,6,1.0,286.21
34536,1986,3,10.0,121.16
34537,1986,3,11.0,25.23
34538,1986,3,12.0,
34539,1980,6,1.0,210.61
34540,1980,3,10.0,118.5
34541,1980,3,11.0,
34542,2022,9,1.0,306.29
34543,2022,6,12.0,306.29
34544,2008,6,1.0,200.77
34545,2008,3,11.0,131.63
34546,2008,3,12.0,
34547,2018,9,1.0,581.68
34548,2018,3,10.0,
34549,2018,3,11.0,
34550,2018,3,12.0,
34551,2003,6,1.0,374.0
34552,2009,3,10.0,340.6
34553,2004,3,12.0,
34554,1965,9,1.0,306.06
34555,1965,3,10.0,233.29
34556,1965,3,11.0,59.97
34557,1965,6,12.0,
34558,2016,9,1.0,240.02
34559,2016,3,10.0,206.71
34560,2016,3,12.0,63.47
34561,1999,3,1.0,135.81
34562,1999,3,12.0,134.03
34563,1999,3,1.0,127.99
34564,1999,3,12.0,127.99
34565,2000,3,1.0,122.14
34566,2000,3,12.0,122.14
34567,2002,3,1.0,142.72
34568,2002,3,12.0,123.99
34569,1942,3,1.0,253.21
34570,1942,3,10.0,
34571,1942,3,12.0,
34572,1976,3,1.0,93.03
34573,1976,3,11.0,
34574,1976,3,12.0,
34575,1997,6,1.0,146.97
34576,2004,3,10.0,123.61
34577,1997,3,12.0,30.07
34578,1997,6,1.0,156.48
34579,1997,3,12.0,156.48
34580,1996,3,1.0,110.3
34581,1996,3,12.0,102.0
34582,1989,3,1.0,149.06
34583,1972,3,10.0,31.99
34584,1972,3,12.0,
34585,1972,3,1.0,119.08
34586,1972,3,12.0,119.08
34587,1991,6,1.0,266.42
34588,2005,3,10.0,28.72
34589,1978,3,11.0,
34590,1991,6,12.0,
34591,2011,6,1.0,146.3
34592,2011,3,11.0,
34593,2011,3,12.0,
34594,2010,6,1.0,150.5
34595,2010,3,10.0,150.5
34596,2010,3,12.0,
34597,1975,6,1.0,173.27
34598,1975,3,11.0,53.36
34599,1975,3,12.0,
34600,1977,3,1.0,208.62
34601,1977,3,11.0,
34602,1977,3,12.0,
34603,2020,3,1.0,182.5
34604,2020,3,10.0,
34605,2020,3,12.0,
34606,1996,3,1.0,420.45
34607,1955,3,1.0,178.03
34608,1955,3,10.0,141.31
34609,1955,3,12.0,12.71
34610,1988,6,1.0,108.82
34611,1988,3,10.0,108.82
34612,1988,3,12.0,23.57
34613,1992,3,12.0,139.9
34614,1997,3,1.0,156.67
34615,2000,3,10.0,147.9
34616,1997,3,12.0,66.38
34617,1998,3,1.0,126.68
34618,2004,3,10.0,85.29
34619,1998,3,12.0,
34620,1998,3,1.0,121.25
34621,2000,3,10.0,64.72
34622,1998,3,12.0,60.46
34623,1970,3,1.0,100.59
34624,1924,3,1.0,150.33
34625,1930,3,1.0,132.59
34626,1930,3,11.0,
34627,1930,3,12.0,
34628,1927,6,1.0,123.9
34629,2020,3,10.0,58.44
34630,2020,3,11.0,
34631,1927,3,12.0,
34632,1975,6,1.0,228.65
34633,1975,3,12.0,149.89
34634,1988,3,2.0,1782.03
34635,1988,3,12.0,1573.32
34636,1990,3,3.0,3023.58
34637,2005,3,2.0,1763.56
34638,1992,3,12.0,1521.1
34639,1888,3,5.0,580.51
34640,1990,3,2.0,1140.86
34641,1990,3,12.0,1065.02
34642,1970,3,2.0,1872.28
34643,1979,3,12.0,
34644,2000,3,11.0,1337.88
34645,1995,3,12.0,
34646,1971,3,12.0,68.31
34647,2022,3,3.0,10800.64
34648,1989,3,2.0,4091.18
34649,2001,9,12.0,274.44
34650,1995,6,3.0,1437.0
34651,1973,3,2.0,455.93
34652,1973,3,12.0,28.71
34653,1992,3,3.0,837.38
34654,1991,6,3.0,3511.97
34655,1991,3,3.0,11484.21
34656,1995,3,3.0,5084.85
34657,2001,3,2.0,976.32
34658,1991,3,3.0,50.64
34659,1991,3,12.0,43.1
34660,1995,9,3.0,25601.59
34661,1998,12,2.0,14748.32
34662,1999,15,12.0,3141.75
34663,1989,3,2.0,1702.95
34664,1989,3,12.0,
34665,1989,3,12.0,2065.99
34666,1991,3,3.0,1483.2
34667,1991,3,2.0,1483.2
34668,1989,3,3.0,1502.26
34669,1980,3,12.0,384.4
34670,1979,3,3.0,1015.01
34671,1979,6,2.0,40.0
34672,1973,6,3.0,1374.76
34673,1973,3,11.0,808.94
34674,1989,3,3.0,534.73
34675,1989,3,2.0,
34676,1989,3,12.0,
34677,1989,3,3.0,622.42
34678,1989,3,12.0,
34679,1989,3,3.0,565.79
34680,1989,3,2.0,545.31
34681,1989,3,12.0,
34682,1975,3,3.0,32.69
34683,1989,3,5.0,1815.04
34684,1989,3,2.0,
34685,1989,3,12.0,
34686,1989,3,12.0,563.96
34687,1989,3,3.0,920.03
34688,1989,3,2.0,2723.06
34689,1989,3,12.0,
34690,1975,3,12.0,15.14
34691,1975,6,2.0,10348.61
34692,2011,3,12.0,2608.89
34693,1999,3,3.0,1211.01
34694,1975,3,12.0,2268.8
34695,1976,3,12.0,22.51
34696,1995,3,3.0,4170.18
34697,1975,3,2.0,1153.19
34698,1975,3,12.0,123.74
34699,1975,3,12.0,825.33
34700,1996,3,3.0,280.61
34701,1995,6,3.0,440.29
34702,2003,3,3.0,1684.2
34703,2003,3,2.0,205.8
34704,1996,3,5.0,294.3
34705,2000,3,11.0,
34706,2002,6,1.0,147.83
34707,1961,6,1.0,127.6
34708,1959,3,1.0,125.32
34709,1949,3,1.0,122.45
34710,1949,3,12.0,122.45
34711,1996,3,1.0,181.12
34712,1992,3,1.0,68.28
34713,1991,3,1.0,74.58
34714,1991,3,1.0,74.68
34715,1993,3,1.0,89.38
34716,1973,6,1.0,121.72
34717,1961,3,1.0,102.58
34718,2001,3,1.0,64.26
34719,1947,3,1.0,57.09
34720,1957,3,1.0,57.83
34721,1973,6,1.0,102.96
34722,1949,3,12.0,92.14
34723,1980,6,1.0,69.93
34724,2001,3,1.0,70.42
34725,1948,3,1.0,67.25
34726,1946,3,1.0,54.98
34727,2008,9,1.0,102.85
34728,2008,3,12.0,81.66
34729,1949,3,1.0,52.48
34730,2008,12,1.0,247.96
34731,2008,3,12.0,247.96
34732,1949,9,1.0,63.29
34733,1967,3,1.0,50.82
34734,1962,3,1.0,47.16
34735,1973,12,1.0,96.51
34736,1950,3,1.0,93.07
34737,1949,3,1.0,92.27
34738,1947,3,1.0,92.98
34739,1950,3,1.0,131.26
34740,1948,3,1.0,75.46
34741,1959,9,1.0,70.09
34742,1959,3,12.0,70.09
34743,1959,6,1.0,73.19
34744,1964,3,5.0,82.41
34745,1964,3,1.0,82.41
34746,1960,9,1.0,88.54
34747,1960,3,9.0,88.54
34748,1962,3,1.0,63.07
34749,1962,3,12.0,63.07
34750,1948,3,1.0,59.56
34751,1957,3,1.0,53.55
34752,1961,3,1.0,103.34
34753,1961,3,12.0,103.34
34754,1977,6,1.0,96.51
34755,1950,3,12.0,88.91
34756,2007,9,1.0,104.28
34757,1959,9,1.0,50.02
34758,1948,3,1.0,45.92
34759,2008,9,1.0,185.13
34760,2004,9,1.0,66.2
34761,1948,3,1.0,57.28
34762,1948,3,12.0,57.28
34763,1980,3,5.0,133.19
34764,1980,3,1.0,133.19
34765,1957,3,1.0,45.02
34766,2004,3,1.0,81.56
34767,1957,3,12.0,81.56
34768,1966,3,1.0,29.18
34769,1983,3,6.0,81.13
34770,1983,6,1.0,42.98
34771,2000,6,1.0,303.48
34772,2003,3,1.0,173.34
34773,1941,3,12.0,98.17
34774,1963,3,1.0,95.61
34775,1942,6,1.0,133.79
34776,1992,3,1.0,66.87
34777,1958,3,5.0,192.79
34778,1958,6,1.0,178.25
34779,1958,3,9.0,178.25
34780,1956,3,1.0,71.36
34781,1956,3,12.0,71.36
34782,1960,6,1.0,82.81
34783,1982,3,12.0,228.66
34784,1950,3,1.0,95.11
34785,1950,3,5.0,98.29
34786,1950,9,1.0,96.32
34787,1950,3,12.0,96.32
34788,1953,3,1.0,115.73
34789,1958,6,1.0,102.49
34790,1950,3,1.0,65.4
34791,1962,6,1.0,75.4
34792,1962,3,12.0,71.89
34793,1954,9,1.0,180.59
34794,1950,3,12.0,160.48
34795,1942,3,5.0,168.37
34796,1942,3,1.0,168.37
34797,1942,3,12.0,168.37
34798,1987,12,1.0,101.75
34799,1965,3,12.0,95.12
34800,1985,3,5.0,99.07
34801,1990,3,1.0,99.07
34802,1985,3,12.0,99.07
34803,1994,3,12.0,36.25
34804,1997,3,1.0,104.8
34805,1972,3,1.0,83.57
34806,1970,3,1.0,55.47
34807,1970,3,8.0,60.99
34808,1970,9,1.0,60.99
34809,1950,3,1.0,80.66
34810,1950,3,1.0,76.79
34811,1958,3,1.0,76.73
34812,1960,3,1.0,65.57
34813,1948,3,12.0,76.51
34814,1990,6,12.0,93.81
34815,1966,3,1.0,62.79
34816,1966,3,12.0,62.79
34817,1959,3,1.0,94.44
34818,1960,3,1.0,87.03
34819,1958,3,1.0,143.53
34820,1989,3,1.0,87.03
34821,1999,9,1.0,55.02
34822,1999,3,12.0,55.02
34823,1972,6,1.0,111.75
34824,1965,3,12.0,71.83
34825,1965,9,1.0,97.47
34826,1965,3,12.0,89.01
34827,1973,3,1.0,61.99
34828,1973,3,12.0,61.99
34829,1967,3,1.0,78.16
34830,1962,3,1.0,77.28
34831,2000,3,1.0,64.62
34832,1959,3,1.0,64.38
34833,1958,3,1.0,80.38
34834,1958,3,12.0,66.22
34835,1983,6,1.0,135.21
34836,1983,6,12.0,102.87
34837,1960,3,1.0,77.66
34838,1971,9,1.0,55.83
34839,1962,3,12.0,55.83
34840,1964,6,1.0,60.31
34841,1969,6,1.0,90.46
34842,1957,3,1.0,100.43
34843,1951,9,1.0,86.73
34844,1951,3,12.0,74.03
34845,1960,3,1.0,67.29
34846,1958,3,1.0,70.46
34847,1955,3,1.0,65.43
34848,1960,3,1.0,66.41
34849,1956,3,1.0,52.37
34850,1950,3,1.0,69.86
34851,1958,3,1.0,79.77
34852,1958,3,1.0,93.78
34853,2011,3,5.0,81.67
34854,2011,9,1.0,67.66
34855,1962,3,1.0,82.38
34856,1963,9,1.0,78.33
34857,1961,3,5.0,77.65
34858,1961,3,1.0,77.65
34859,1960,3,1.0,71.2
34860,1999,3,1.0,47.4
34861,1975,3,1.0,74.12
34862,1975,3,12.0,74.12
34863,2006,9,1.0,259.53
34864,1970,3,5.0,146.76
34865,1970,3,1.0,137.35
34866,1958,3,12.0,128.14
34867,1960,3,1.0,126.63
34868,1960,3,12.0,
34869,1975,9,1.0,138.27
34870,1951,3,1.0,64.27
34871,1962,6,1.0,70.88
34872,2008,3,1.0,71.59
34873,1973,6,1.0,131.43
34874,1965,3,12.0,65.06
34875,1956,3,1.0,75.96
34876,1999,3,1.0,77.54
34877,2002,3,1.0,75.3
34878,1958,3,1.0,76.01
34879,1973,6,1.0,150.51
34880,1956,6,12.0,150.51
34881,1981,3,1.0,88.15
34882,1981,3,12.0,69.4
34883,2008,3,5.0,150.21
34884,2008,12,1.0,103.79
34885,1978,3,5.0,39.63
34886,1984,12,1.0,39.63
34887,1971,9,1.0,93.67
34888,1954,3,1.0,60.68
34889,1984,3,1.0,74.3
34890,1953,3,12.0,62.1
34891,1958,3,1.0,74.22
34892,1958,3,12.0,74.22
34893,1958,3,1.0,63.79
34894,1958,3,1.0,74.71
34895,1970,9,1.0,135.03
34896,1960,3,1.0,107.2
34897,1958,3,12.0,173.85
34898,1997,3,1.0,58.06
34899,1960,3,1.0,57.9
34900,1962,6,1.0,63.83
34901,1948,3,1.0,101.44
34902,1965,3,1.0,108.98
34903,1966,3,1.0,90.05
34904,1974,3,1.0,103.06
34905,1974,3,12.0,96.42
34906,1970,3,1.0,103.57
34907,1970,3,12.0,101.24
34908,1976,9,1.0,109.69
34909,1976,3,11.0,109.69
34910,1976,3,12.0,82.48
34911,1965,6,1.0,87.72
34912,1978,3,5.0,92.75
34913,1978,6,12.0,92.75
34914,1970,3,1.0,105.23
34915,1970,3,12.0,105.23
34916,1968,6,1.0,87.61
34917,1968,6,1.0,74.89
34918,1967,3,1.0,75.22
34919,1967,3,12.0,75.22
34920,1967,3,1.0,70.18
34921,1967,6,1.0,76.33
34922,1972,3,1.0,72.54
34923,1972,3,12.0,72.54
34924,1976,3,1.0,75.23
34925,1976,3,12.0,75.23
34926,1979,9,1.0,78.36
34927,1992,3,1.0,56.33
34928,1978,3,12.0,69.27
34929,1970,3,12.0,26.62
34930,2007,9,1.0,226.38
34931,1972,3,1.0,80.53
34932,1970,3,1.0,66.56
34933,1968,6,1.0,83.0
34934,1968,3,12.0,83.0
34935,1968,12,1.0,77.78
34936,1968,3,12.0,77.78
34937,1969,3,1.0,76.34
34938,1969,3,12.0,76.34
34939,1958,3,1.0,77.26
34940,2005,9,1.0,73.55
34941,2005,3,12.0,57.56
34942,1969,3,1.0,69.56
34943,1970,9,1.0,75.2
34944,1970,3,12.0,75.2
34945,1968,6,1.0,73.7
34946,1967,6,1.0,76.48
34947,1968,9,1.0,75.81
34948,1968,3,12.0,66.79
34949,1998,3,1.0,54.61
34950,1970,3,1.0,110.65
34951,1972,6,1.0,244.23
34952,1972,3,12.0,244.23
34953,1964,3,5.0,104.45
34954,1964,3,1.0,95.33
34955,1967,6,1.0,102.52
34956,1967,3,1.0,95.73
34957,1970,6,1.0,107.22
34958,1987,3,1.0,111.08
34959,1973,9,1.0,202.56
34960,1969,9,1.0,109.76
34961,1972,6,1.0,170.68
34962,1968,3,8.0,232.21
34963,1968,15,1.0,193.3
34964,1968,3,12.0,193.3
34965,1975,3,1.0,177.34
34966,1975,3,12.0,177.34
34967,1972,3,1.0,90.99
34968,1972,3,12.0,29.56
34969,1972,6,1.0,114.31
34970,1972,6,12.0,99.85
34971,2007,9,1.0,227.75
34972,2007,3,12.0,123.91
34973,1968,3,1.0,99.32
34974,1968,3,12.0,
34975,1973,9,1.0,113.21
34976,1973,9,12.0,100.41
34977,1960,12,1.0,114.32
34978,1960,3,12.0,94.08
34979,2009,3,5.0,226.36
34980,1976,3,1.0,189.44
34981,1976,3,12.0,189.44
34982,1976,6,1.0,116.18
34983,1965,3,12.0,228.74
34984,1972,9,1.0,43.42
34985,1972,3,1.0,73.74
34986,1972,3,12.0,51.7
34987,1965,3,1.0,82.84
34988,1973,6,1.0,89.9
34989,1973,6,12.0,80.29
34990,1962,9,1.0,80.6
34991,1962,3,11.0,80.6
34992,1962,3,12.0,32.74
34993,1969,9,1.0,83.41
34994,1969,3,12.0,83.41
34995,1976,3,1.0,102.07
34996,1976,3,12.0,102.07
34997,1970,3,1.0,73.19
34998,1966,3,1.0,76.7
34999,1966,3,12.0,76.7
35000,1963,3,1.0,77.59
35001,1960,3,1.0,75.02
35002,1960,3,12.0,67.99
35003,1965,3,1.0,76.03
35004,1963,3,1.0,74.28
35005,1960,3,1.0,68.09
35006,1968,3,1.0,79.18
35007,1962,3,1.0,64.48
35008,2022,6,1.0,60.15
35009,2022,3,12.0,60.15
35010,1962,3,1.0,59.62
35011,1961,3,1.0,73.99
35012,1960,3,1.0,64.6
35013,1965,3,1.0,79.3
35014,1960,3,1.0,75.79
35015,1960,3,12.0,70.25
35016,1971,3,1.0,91.92
35017,1994,3,1.0,75.24
35018,1960,3,1.0,73.24
35019,1961,3,1.0,69.64
35020,1974,3,1.0,188.94
35021,1992,3,12.0,188.94
35022,1993,3,1.0,273.48
35023,2003,3,12.0,111.57
35024,1985,3,3.0,154.61
35025,1960,3,1.0,171.55
35026,1960,6,12.0,155.88
35027,1978,3,1.0,100.47
35028,1980,6,1.0,114.45
35029,1980,6,12.0,104.98
35030,1940,3,1.0,110.38
35031,1980,6,1.0,101.46
35032,1984,3,10.0,455.01
35033,1994,3,1.0,62.3
35034,1994,3,12.0,49.8
35035,1960,3,1.0,103.36
35036,1964,3,1.0,101.3
35037,1993,3,1.0,100.56
35038,1962,3,1.0,102.16
35039,1960,3,1.0,98.08
35040,1950,6,1.0,84.94
35041,2011,12,1.0,328.6
35042,2011,6,12.0,304.93
35043,1974,21,1.0,1478.62
35044,1978,3,4.0,697.72
35045,1970,3,12.0,52.88
35046,1988,3,12.0,628.64
35047,1988,3,2.0,710.33
35048,1988,3,12.0,
35049,1988,3,2.0,401.0
35050,1988,3,12.0,
35051,1988,3,12.0,1225.95
35052,1985,3,12.0,32.61
35053,1988,3,2.0,575.9
35054,1988,3,12.0,
35055,1988,3,12.0,689.01
35056,1988,3,2.0,681.38
35057,1988,3,12.0,
35058,1988,3,2.0,553.93
35059,1988,3,12.0,
35060,1994,12,1.0,138.53
35061,1994,3,12.0,135.98
35062,1970,3,1.0,112.42
35063,1970,3,12.0,83.9
35064,1967,3,1.0,127.56
35065,1967,3,12.0,82.64
35066,1960,9,1.0,96.77
35067,1969,9,1.0,112.31
35068,1976,3,12.0,117.31
35069,1964,3,1.0,129.69
35070,1974,3,1.0,114.76
35071,2005,9,1.0,132.39
35072,2009,15,1.0,77.39
35073,1980,3,5.0,494.28
35074,1980,15,1.0,464.28
35075,1967,6,1.0,101.87
35076,1967,3,12.0,53.5
35077,1962,3,12.0,135.9
35078,1970,3,1.0,98.11
35079,1959,3,1.0,183.04
35080,1959,3,12.0,103.8
35081,1959,3,1.0,194.29
35082,2003,3,1.0,140.99
35083,2003,3,12.0,139.33
35084,1975,9,1.0,112.06
35085,1968,3,1.0,148.71
35086,1963,3,1.0,65.16
35087,1966,3,1.0,77.55
35088,1973,3,1.0,115.69
35089,1966,3,1.0,99.55
35090,1963,3,1.0,85.15
35091,1966,6,1.0,92.6
35092,1966,3,12.0,84.6
35093,1956,3,5.0,115.18
35094,1956,3,1.0,90.04
35095,1956,3,12.0,36.2
35096,1963,3,1.0,100.97
35097,1963,3,12.0,17.35
35098,1986,3,1.0,62.85
35099,1986,3,12.0,62.85
35100,1986,3,1.0,60.93
35101,1986,3,12.0,60.93
35102,1986,3,1.0,61.72
35103,1986,3,12.0,61.72
35104,1986,3,1.0,59.51
35105,1986,3,12.0,59.51
35106,1986,3,1.0,60.16
35107,1986,3,12.0,60.16
35108,1986,3,1.0,61.7
35109,1986,3,12.0,61.7
35110,1986,3,1.0,60.96
35111,1986,3,12.0,60.96
35112,1986,3,1.0,59.8
35113,1986,3,12.0,59.8
35114,1986,3,1.0,59.26
35115,1986,3,12.0,59.26
35116,1986,3,1.0,58.91
35117,1986,3,12.0,58.91
35118,1986,3,1.0,56.17
35119,1986,3,1.0,61.8
35120,1986,3,12.0,61.8
35121,1986,3,1.0,59.82
35122,1986,3,12.0,59.82
35123,1986,3,1.0,60.32
35124,1986,3,12.0,60.32
35125,1986,3,1.0,60.04
35126,1986,3,12.0,60.04
35127,1986,3,1.0,60.51
35128,1986,3,12.0,60.51
35129,1986,3,1.0,60.49
35130,1986,3,12.0,60.49
35131,1967,9,1.0,169.4
35132,1962,3,1.0,49.76
35133,1962,3,1.0,65.82
35134,1994,3,5.0,99.37
35135,1994,9,1.0,99.37
35136,1994,3,12.0,88.93
35137,1965,3,1.0,126.99
35138,1965,6,12.0,19.27
35139,1965,3,2.0,88.38
35140,1960,3,1.0,81.57
35141,1966,6,1.0,97.53
35142,1967,3,1.0,105.05
35143,1967,3,12.0,90.74
35144,1960,3,1.0,131.75
35145,1960,3,12.0,83.7
35146,1964,3,1.0,107.68
35147,1970,3,5.0,122.85
35148,1970,9,1.0,116.58
35149,1962,3,1.0,156.52
35150,1962,3,12.0,149.94
35151,1962,3,5.0,62.75
35152,1962,3,1.0,62.75
35153,1969,3,1.0,62.84
35154,1969,3,12.0,62.84
35155,1980,3,1.0,69.38
35156,2003,3,1.0,134.01
35157,1961,6,1.0,93.88
35158,1961,3,12.0,70.86
35159,1960,3,1.0,99.27
35160,1960,6,12.0,91.3
35161,1967,9,1.0,109.4
35162,1967,3,12.0,99.89
35163,1965,3,5.0,107.38
35164,1965,3,1.0,86.99
35165,1955,3,12.0,108.99
35166,1964,3,1.0,201.86
35167,1964,3,12.0,105.18
35168,1964,3,1.0,105.15
35169,1965,6,1.0,85.49
35170,2007,9,1.0,85.57
35171,1976,3,1.0,119.71
35172,1976,3,12.0,119.71
35173,1987,3,1.0,96.38
35174,1987,3,12.0,96.38
35175,2004,3,1.0,117.32
35176,2004,3,12.0,117.32
35177,2007,6,1.0,117.12
35178,1967,3,12.0,117.12
35179,1992,3,1.0,93.89
35180,1972,3,1.0,118.56
35181,1972,3,12.0,99.92
35182,1975,3,3.0,119.89
35183,1985,9,1.0,100.0
35184,1979,3,1.0,108.47
35185,1979,3,12.0,89.79
35186,1960,3,1.0,122.84
35187,1960,3,1.0,126.37
35188,1964,3,1.0,106.09
35189,1999,6,1.0,101.93
35190,1965,9,1.0,120.05
35191,1965,3,11.0,104.54
35192,1965,3,12.0,69.81
35193,1963,9,1.0,120.37
35194,1980,3,1.0,115.77
35195,2006,9,1.0,93.63
35196,1969,12,1.0,141.87
35197,1969,3,12.0,117.95
35198,1967,6,1.0,107.81
35199,1962,3,1.0,118.61
35200,1962,3,12.0,98.77
35201,2003,3,1.0,77.61
35202,2003,3,1.0,78.87
35203,1986,3,1.0,60.28
35204,1986,3,12.0,60.28
35205,1986,3,1.0,59.88
35206,1986,3,12.0,59.88
35207,1986,3,1.0,60.33
35208,1986,3,12.0,60.33
35209,1986,3,1.0,59.56
35210,1986,3,12.0,59.56
35211,1986,3,1.0,60.74
35212,1986,3,12.0,60.74
35213,1986,3,1.0,62.64
35214,1986,3,12.0,62.64
35215,1986,3,1.0,60.64
35216,1986,3,12.0,60.64
35217,1986,3,1.0,58.75
35218,1986,3,12.0,58.75
35219,1986,3,1.0,61.38
35220,1986,3,12.0,61.38
35221,1986,3,1.0,60.43
35222,1986,3,12.0,60.43
35223,1986,3,1.0,60.51
35224,1986,3,12.0,60.51
35225,1986,3,1.0,61.82
35226,1986,3,12.0,61.82
35227,1986,3,1.0,60.45
35228,1986,3,12.0,60.45
35229,1986,3,1.0,60.33
35230,1986,3,12.0,60.33
35231,1986,3,1.0,60.86
35232,1986,3,12.0,60.86
35233,1986,3,1.0,60.55
35234,1986,3,12.0,60.55
35235,1986,3,1.0,58.82
35236,1986,3,12.0,58.82
35237,1986,3,1.0,63.96
35238,1986,3,12.0,63.96
35239,1960,3,1.0,309.55
35240,1975,3,1.0,96.41
35241,1958,3,1.0,65.31
35242,1958,3,1.0,44.79
35243,1960,9,1.0,49.36
35244,1960,3,12.0,49.36
35245,1967,6,12.0,54.41
35246,1984,3,1.0,120.5
35247,1984,3,12.0,120.5
35248,1960,3,12.0,12.77
35249,2002,3,12.0,35.12
35250,2013,18,1.0,727.85
35251,2013,6,12.0,727.85
35252,1983,18,1.0,461.23
35253,1983,3,12.0,17.0
35254,1970,3,5.0,128.43
35255,1970,3,1.0,128.43
35256,1970,3,12.0,92.86
35257,1959,3,5.0,105.5
35258,1959,3,1.0,93.38
35259,1959,3,12.0,5.23
35260,1947,3,1.0,294.16
35261,1965,3,1.0,86.23
35262,1965,3,12.0,86.23
35263,1961,3,5.0,117.53
35264,1961,3,1.0,94.52
35265,1961,3,12.0,7.3
35266,2007,12,1.0,59.98
35267,2013,15,1.0,75.69
35268,2013,3,12.0,62.37
35269,1962,3,1.0,151.4
35270,1962,3,12.0,
35271,1961,3,4.0,2167.26
35272,1976,9,1.0,114.58
35273,1969,3,1.0,132.27
35274,1978,3,5.0,136.62
35275,1978,3,1.0,129.56
35276,1978,3,12.0,70.15
35277,1969,3,4.0,629.84
35278,1981,6,1.0,236.41
35279,1998,3,8.0,448.79
35280,1988,3,1.0,186.23
35281,2008,9,1.0,144.2
35282,2008,3,12.0,144.2
35283,2009,9,1.0,343.01
35284,1962,6,12.0,32.57
35285,1960,15,1.0,170.76
35286,1960,15,1.0,170.75
35287,1960,15,1.0,170.65
35288,1960,15,1.0,170.84
35289,1960,15,1.0,170.75
35290,1960,15,1.0,170.75
35291,1960,15,1.0,170.74
35292,1960,15,1.0,170.75
35293,1960,15,1.0,170.76
35294,1960,15,1.0,170.75
35295,1960,15,1.0,170.75
35296,1960,15,1.0,170.75
35297,1960,15,1.0,262.38
35298,1960,15,1.0,119.55
35299,1960,15,1.0,262.38
35300,1960,15,1.0,129.52
35301,1960,15,1.0,129.52
35302,1960,15,1.0,262.38
35303,1960,15,1.0,129.51
35304,1960,15,1.0,129.51
35305,1962,9,4.0,1162.76
35306,1962,3,12.0,13.9
35307,1962,6,4.0,535.0
35308,1960,15,1.0,129.51
35309,1960,15,1.0,129.51
35310,1960,15,1.0,262.38
35311,1960,15,1.0,129.52
35312,1960,15,1.0,129.51
35313,1960,15,1.0,262.38
35314,1960,15,1.0,129.52
35315,1960,15,1.0,127.19
35316,1960,15,1.0,141.56
35317,1960,15,1.0,262.37
35318,1960,15,1.0,262.38
35319,1960,15,1.0,262.38
35320,1960,15,1.0,119.55
35321,1960,15,1.0,262.37
35322,1960,15,1.0,129.51
35323,1960,15,1.0,129.51
35324,1960,15,1.0,129.51
35325,1960,15,1.0,129.51
35326,1960,3,5.0,119.54
35327,1960,12,1.0,119.54
35328,1960,3,5.0,119.54
35329,1960,12,1.0,119.54
35330,1960,3,5.0,119.54
35331,1960,12,1.0,119.54
35332,1960,3,5.0,119.54
35333,1960,12,1.0,119.54
35334,1960,3,5.0,119.54
35335,1960,12,1.0,119.54
35336,1960,3,5.0,119.54
35337,1960,12,1.0,119.54
35338,1960,15,1.0,129.51
35339,1960,15,1.0,129.52
35340,1960,15,1.0,127.19
35341,1960,15,1.0,129.51
35342,1960,15,1.0,262.38
35343,1960,15,1.0,129.52
35344,1960,15,1.0,129.51
35345,1960,15,1.0,141.56
35346,1960,15,1.0,262.38
35347,1960,15,1.0,262.38
35348,1960,15,1.0,170.75
35349,1960,15,1.0,170.75
35350,1960,15,1.0,170.74
35351,1960,15,1.0,170.74
35352,1960,15,1.0,170.75
35353,1960,15,1.0,170.74
35354,1960,15,1.0,170.74
35355,1960,15,1.0,170.75
35356,1960,15,1.0,170.74
35357,1960,15,1.0,170.75
35358,1960,15,1.0,170.75
35359,1960,15,1.0,170.75
35360,1960,15,1.0,170.74
35361,1981,6,1.0,106.31
35362,2016,3,10.0,71.06
35363,1981,3,11.0,
35364,1981,3,12.0,
35365,2023,6,1.0,183.03
35366,2023,3,11.0,128.08
35367,2023,3,12.0,
35368,2001,6,1.0,161.72
35369,2001,3,10.0,133.16
35370,2001,3,11.0,
35371,1968,3,1.0,141.85
35372,1968,3,12.0,19.0
35373,2004,3,1.0,137.42
35374,1978,3,1.0,220.63
35375,1978,3,12.0,
35376,2012,6,1.0,344.54
35377,2012,3,10.0,204.17
35378,2012,3,11.0,
35379,1955,3,1.0,366.14
35380,1982,3,12.0,95.89
35381,1975,6,1.0,189.76
35382,1975,3,11.0,36.64
35383,1975,3,12.0,
35384,1983,6,1.0,315.62
35385,1983,3,10.0,88.62
35386,1983,3,11.0,
35387,1983,3,12.0,
35388,1973,3,10.0,257.64
35389,2004,3,1.0,352.0
35390,2005,3,10.0,208.47
35391,2004,3,1.0,149.56
35392,1920,6,1.0,256.19
35393,1920,3,10.0,31.57
35394,1920,3,11.0,
35395,1920,3,12.0,
35396,1982,3,10.0,71.11
35397,1982,3,12.0,
35398,1982,3,1.0,161.86
35399,1991,3,3.0,11481.15
35400,1991,3,8.0,
35401,1977,3,3.0,115.67
35402,1996,3,3.0,9861.01
35403,2022,9,2.0,988.87
35404,2022,3,11.0,659.44
35405,2022,9,12.0,
35406,1991,3,12.0,48.5
35407,1991,3,12.0,30.76
35408,1991,3,12.0,56.65
35409,1983,3,3.0,4900.4
35410,1970,3,2.0,3116.44
35411,1971,3,3.0,39.83
35412,1971,3,3.0,8421.34
35413,1971,3,3.0,1249.66
35414,1987,3,3.0,934.08
35415,1987,3,2.0,49.0
35416,1990,3,3.0,33.58
35417,1985,3,3.0,3436.61
35418,1985,3,2.0,313.02
35419,1984,3,3.0,1009.25
35420,1984,3,3.0,377.27
35421,1984,3,3.0,696.76
35422,1984,3,2.0,
35423,1986,3,3.0,931.29
35424,1986,3,2.0,49.06
35425,1986,3,3.0,934.91
35426,1986,3,12.0,49.03
35427,2002,3,3.0,1039.88
35428,2002,3,2.0,165.94
35429,1987,3,3.0,1235.97
35430,1987,3,2.0,40.5
35431,1987,3,3.0,32.95
35432,1987,3,5.0,1867.67
35433,1987,3,3.0,
35434,1992,3,3.0,3102.02
35435,1986,3,2.0,297.46
35436,1988,3,3.0,1650.76
35437,1988,6,2.0,780.27
35438,1988,3,11.0,
35439,1988,3,3.0,792.18
35440,1988,3,3.0,1002.82
35441,1988,3,2.0,85.75
35442,1987,3,3.0,1052.5
35443,1987,3,2.0,49.03
35444,1987,3,3.0,1047.14
35445,1987,3,2.0,49.03
35446,1997,9,3.0,6442.43
35447,1992,3,2.0,2152.53
35448,2006,3,10.0,469.66
35449,1965,6,3.0,3673.43
35450,2006,3,2.0,369.23
35451,1965,3,3.0,89.92
35452,1992,3,3.0,33.97
35453,1981,21,1.0,383.08
35454,2003,3,2.0,397.61
35455,2003,3,1.0,365.0
35456,2003,3,12.0,365.0
35457,1973,21,1.0,354.72
35458,1978,27,1.0,336.73
35459,1977,27,1.0,373.69
35460,2003,21,1.0,331.42
35461,2003,18,12.0,304.41
35462,1973,18,1.0,318.56
35463,1973,18,1.0,631.32
35464,1974,18,1.0,633.08
35465,1975,27,1.0,343.22
35466,2001,18,1.0,311.85
35467,1999,3,10.0,289.39
35468,1988,3,4.0,838.75
35469,1970,3,12.0,20.5
35470,2002,3,10.0,91.22
35471,1982,9,1.0,329.54
35472,1982,3,5.0,354.85
35473,1984,12,1.0,354.85
35474,1982,9,1.0,328.01
35475,1984,9,1.0,317.02
35476,1985,9,1.0,293.99
35477,1984,3,3.0,21.69
35478,1985,9,1.0,336.35
35479,1985,9,1.0,318.29
35480,1984,9,1.0,322.33
35481,1984,9,1.0,344.9
35482,2000,6,1.0,1390.45
35483,1996,3,9.0,848.21
35484,1994,12,1.0,2226.14
35485,1994,3,12.0,1940.48
35486,1999,9,1.0,1478.73
35487,1999,9,12.0,1468.51
35488,1983,9,1.0,348.1
35489,1983,9,1.0,346.99
35490,1983,9,1.0,346.8
35491,1970,3,3.0,148.2
35492,1970,6,1.0,180.05
35493,1960,3,1.0,174.23
35494,1958,3,12.0,177.17
35495,1970,3,3.0,172.79
35496,1970,3,8.0,182.86
35497,1986,6,3.0,2199.92
35498,1975,3,3.0,357.02
35499,1970,3,3.0,179.11
35500,1987,3,12.0,132.1
35501,1965,3,3.0,18.14
35502,1970,12,1.0,150.63
35503,1970,3,1.0,280.4
35504,1976,3,1.0,161.57
35505,1958,3,1.0,182.39
35506,1970,3,3.0,175.89
35507,1957,3,3.0,399.93
35508,1970,9,1.0,75.82
35509,1970,3,5.0,183.96
35510,1970,6,3.0,183.96
35511,1970,3,12.0,183.96
35512,1996,6,1.0,88.03
35513,1978,3,12.0,77.3
35514,1970,3,1.0,155.22
35515,1970,3,12.0,155.22
35516,2009,12,1.0,93.64
35517,2009,3,12.0,90.3
35518,1994,3,1.0,113.49
35519,1958,3,12.0,103.1
35520,1958,3,1.0,218.51
35521,1970,3,1.0,162.5
35522,1970,6,12.0,13.55
35523,1958,3,5.0,179.27
35524,1958,3,1.0,72.99
35525,1958,3,5.0,166.51
35526,1958,6,1.0,74.09
35527,1960,3,1.0,149.77
35528,1960,3,12.0,140.08
35529,1958,3,5.0,139.28
35530,1958,3,1.0,107.66
35531,1958,12,1.0,126.78
35532,1958,3,12.0,114.23
35533,2001,3,1.0,119.15
35534,1958,3,1.0,48.29
35535,1958,3,1.0,32.05
35536,1958,3,5.0,80.73
35537,1958,3,1.0,73.68
35538,1958,3,1.0,106.79
35539,1958,3,12.0,
35540,1958,3,12.0,160.3
35541,1993,9,1.0,345.07
35542,1958,3,1.0,116.84
35543,1958,3,12.0,92.88
35544,1958,3,1.0,87.77
35545,2024,3,1.0,141.14
35546,1948,3,1.0,36.47
35547,1958,3,1.0,35.87
35548,1958,3,1.0,98.17
35549,1958,3,12.0,98.17
35550,1991,3,1.0,152.47
35551,2000,3,1.0,148.39
35552,2024,6,1.0,120.51
35553,2024,6,1.0,129.11
35554,2024,3,12.0,91.11
35555,1964,3,1.0,131.27
35556,1958,6,1.0,211.09
35557,1958,3,12.0,200.02
35558,1958,3,5.0,140.98
35559,1958,3,1.0,140.98
35560,1958,3,1.0,224.73
35561,1958,3,12.0,224.73
35562,1958,3,1.0,183.34
35563,1958,3,12.0,
35564,1958,3,5.0,82.32
35565,1983,9,1.0,74.41
35566,1958,3,12.0,74.41
35567,1974,18,1.0,220.67
35568,1958,3,5.0,87.65
35569,1958,3,1.0,
35570,1989,6,1.0,127.75
35571,1958,3,1.0,174.05
35572,1958,3,12.0,108.94
35573,1970,18,1.0,452.05
35574,1958,6,1.0,225.37
35575,1968,6,1.0,210.05
35576,1970,3,5.0,211.24
35577,1970,6,1.0,144.09
35578,1970,3,12.0,97.56
35579,1958,3,8.0,108.58
35580,1958,6,1.0,100.57
35581,1958,6,12.0,41.41
35582,1958,12,1.0,162.45
35583,1958,3,5.0,150.07
35584,1958,9,1.0,118.3
35585,1958,3,12.0,114.16
35586,1958,3,5.0,118.48
35587,1958,3,1.0,98.1
35588,1958,6,1.0,216.92
35589,1958,3,5.0,124.99
35590,1958,3,12.0,111.31
35591,1970,3,2.0,116.72
35592,1968,15,1.0,238.91
35593,1970,3,12.0,650.43
35594,1970,3,4.0,285.87
35595,1970,3,1.0,118.93
35596,1970,3,12.0,92.37
35597,1970,3,5.0,297.35
35598,1970,9,1.0,250.25
35599,1970,3,12.0,191.8
35600,2006,3,1.0,100.05
35601,1980,6,1.0,59.95
35602,1970,3,5.0,48.79
35603,1970,3,1.0,48.79
35604,1957,3,1.0,87.95
35605,1957,3,12.0,16.91
35606,1963,9,1.0,47.05
35607,1970,3,1.0,48.33
35608,1970,3,12.0,48.33
35609,1956,3,1.0,119.8
35610,1958,3,5.0,135.4
35611,1958,3,1.0,82.01
35612,1957,3,1.0,126.41
35613,1957,3,5.0,115.42
35614,1957,3,1.0,20.72
35615,1957,3,12.0,
35616,2022,12,1.0,151.54
35617,2022,3,12.0,83.19
35618,1958,3,1.0,119.6
35619,1958,3,12.0,104.87
35620,1970,3,5.0,130.36
35621,1970,3,1.0,105.12
35622,2008,12,1.0,268.3
35623,2008,3,12.0,148.35
35624,2002,9,1.0,81.78
35625,1975,3,5.0,85.49
35626,1975,9,1.0,83.2
35627,1970,3,5.0,100.1
35628,1970,9,1.0,95.77
35629,1970,3,2.0,77.18
35630,1970,9,1.0,77.18
35631,1970,3,12.0,77.18
35632,2007,3,5.0,199.91
35633,2007,15,1.0,168.73
35634,1978,3,5.0,320.26
35635,1978,3,1.0,226.42
35636,1978,3,12.0,
35637,1968,6,1.0,133.47
35638,1973,12,1.0,389.74
35639,2013,3,5.0,324.47
35640,2013,21,1.0,249.82
35641,2013,6,12.0,249.82
35642,1966,3,5.0,174.97
35643,2000,3,1.0,150.0
35644,1961,3,5.0,322.45
35645,2001,9,1.0,692.25
35646,1988,3,5.0,163.06
35647,1988,3,3.0,112.44
35648,1998,3,5.0,5280.35
35649,1997,3,3.0,
35650,2006,3,11.0,
35651,2000,3,12.0,
35652,1998,6,3.0,9660.44
35653,2002,6,2.0,2227.26
35654,1920,3,12.0,249.56
35655,1971,3,12.0,18.98
35656,1989,3,3.0,6743.3
35657,2001,6,2.0,446.75
35658,2019,3,11.0,
35659,2019,6,12.0,
35660,1970,3,12.0,341.34
35661,1970,3,12.0,55.2
35662,2003,6,3.0,3609.88
35663,2007,3,2.0,2110.84
35664,1987,3,12.0,35.48
35665,2008,3,2.0,3943.74
35666,2008,3,9.0,2000.78
35667,1925,3,1.0,143.2
35668,1925,3,12.0,134.73
35669,1974,3,5.0,521.29
35670,1976,6,1.0,209.08
35671,1920,3,5.0,506.89
35672,1920,6,1.0,384.18
35673,2003,6,3.0,6293.47
35674,2016,9,2.0,985.76
35675,2009,3,11.0,331.66
35676,2022,3,12.0,
35677,1991,3,3.0,5010.66
35678,1991,3,2.0,
35679,1971,3,3.0,2461.34
35680,1976,3,5.0,2616.23
35681,1976,3,3.0,1635.15
35682,1987,6,3.0,2446.45
35683,1974,6,2.0,60.75
35684,1990,3,3.0,2878.16
35685,1990,3,2.0,
35686,1992,3,3.0,1970.94
35687,1992,3,2.0,
35688,1991,3,3.0,38.77
35689,1979,3,3.0,24.99
35690,1992,3,3.0,2022.14
35691,1992,3,2.0,
35692,2015,6,3.0,2988.19
35693,2015,3,11.0,508.89
35694,2020,3,5.0,2964.82
35695,2020,3,2.0,2716.52
35696,2020,6,11.0,
35697,2020,9,12.0,
35698,2001,3,5.0,2411.73
35699,2001,12,1.0,2309.52
35700,2001,3,9.0,2299.42
35701,2001,3,12.0,1752.94
35702,1956,3,5.0,118.6
35703,1956,12,1.0,118.6
35704,1956,3,5.0,113.74
35705,1956,12,1.0,113.74
35706,1956,3,5.0,112.26
35707,1956,12,1.0,112.26
35708,1956,15,1.0,118.11
35709,1956,15,1.0,121.96
35710,1956,3,5.0,260.8
35711,1956,15,1.0,243.1
35712,1956,15,1.0,257.48
35713,1956,15,1.0,125.17
35714,1956,15,1.0,255.58
35715,1956,15,1.0,111.33
35716,1956,15,1.0,112.46
35717,1956,15,1.0,253.46
35718,1956,15,1.0,122.08
35719,1956,15,1.0,254.67
35720,1956,15,1.0,122.95
35721,1956,15,1.0,254.81
35722,1956,15,1.0,111.61
35723,1956,15,1.0,122.48
35724,1956,15,1.0,135.13
35725,1956,3,9.0,135.13
35726,1956,15,1.0,261.91
35727,1956,15,1.0,136.66
35728,1956,15,1.0,108.92
35729,1956,15,1.0,114.11
35730,1956,15,1.0,255.77
35731,1956,15,1.0,111.89
35732,1956,15,1.0,139.64
35733,1956,3,5.0,136.13
35734,1956,15,1.0,136.13
35735,1956,15,1.0,111.35
35736,1956,15,1.0,123.16
35737,1956,15,1.0,126.58
35738,1956,15,1.0,254.1
35739,1956,15,1.0,258.57
35740,1956,15,1.0,125.14
35741,1956,15,1.0,111.81
35742,1956,15,1.0,110.25
35743,1956,15,1.0,255.99
35744,1956,15,1.0,126.0
35745,1956,15,1.0,260.26
35746,1956,15,1.0,260.4
35747,1956,3,5.0,137.5
35748,1956,15,1.0,137.5
35749,1956,15,1.0,138.1
35750,1956,3,9.0,138.1
35751,1956,3,5.0,121.86
35752,1956,15,1.0,121.86
35753,1996,3,5.0,18522.81
35754,1996,3,2.0,
35755,1996,3,12.0,
35756,2012,3,9.0,127.74
35757,2012,3,11.0,
35758,2004,3,5.0,4920.44
35759,2004,21,1.0,2474.55
35760,2002,3,5.0,2864.62
35761,2002,12,1.0,2864.62
35762,2002,12,12.0,2864.62
35763,2002,3,5.0,1055.31
35764,2002,12,1.0,829.14
35765,2002,12,12.0,829.14
35766,2001,24,1.0,458.89
35767,2001,3,9.0,458.89
35768,2001,24,1.0,486.91
35769,2001,3,9.0,486.91
35770,2001,24,1.0,460.39
35771,2003,24,1.0,467.57
35772,2003,24,1.0,455.75
35773,2003,3,12.0,455.75
35774,2002,3,8.0,423.0
35775,2001,3,5.0,727.8
35776,2001,3,11.0,
35777,2003,3,1.0,1217.02
35778,2003,3,12.0,613.16
35779,2014,6,5.0,29523.29
35780,2017,3,6.0,3179.27
35781,2011,6,3.0,
35782,2017,9,8.0,
35783,2017,3,2.0,
35784,2017,6,10.0,
35785,2017,6,11.0,
35786,2017,6,12.0,
35787,2009,9,1.0,92.69
35788,1977,6,1.0,72.85
35789,1960,3,11.0,68.34
35790,1960,6,12.0,45.67
35791,1950,3,1.0,83.29
35792,1960,3,1.0,57.55
35793,1955,3,1.0,53.17
35794,1978,6,1.0,116.51
35795,1970,3,1.0,86.27
35796,2019,3,10.0,71.7
35797,1969,3,1.0,76.22
35798,1972,3,1.0,102.32
35799,1958,3,1.0,103.94
35800,1958,3,12.0,103.94
35801,2005,6,1.0,318.75
35802,2005,6,12.0,315.94
35803,1960,3,1.0,69.23
35804,1958,3,1.0,74.7
35805,1955,3,1.0,72.89
35806,1955,3,1.0,91.98
35807,1957,3,1.0,79.04
35808,1953,3,1.0,60.16
35809,1960,3,1.0,97.38
35810,1951,3,1.0,76.46
35811,1951,3,12.0,76.46
35812,1958,9,1.0,90.25
35813,1958,3,12.0,76.36
35814,1957,3,1.0,66.0
35815,1959,3,1.0,142.71
35816,1959,3,12.0,81.2
35817,1964,3,5.0,156.76
35818,1964,6,1.0,136.25
35819,1950,6,1.0,94.03
35820,2017,3,12.0,84.06
35821,1955,6,1.0,109.95
35822,1955,3,12.0,84.84
35823,1960,3,3.0,117.79
35824,1987,3,1.0,81.75
35825,1958,12,1.0,120.32
35826,1958,6,12.0,108.96
35827,1967,9,1.0,97.4
35828,1967,3,12.0,92.3
35829,1948,6,1.0,141.91
35830,1949,3,1.0,91.69
35831,1955,3,1.0,144.91
35832,1958,3,1.0,122.41
35833,1951,3,1.0,132.98
35834,1957,3,1.0,77.33
35835,1957,3,12.0,63.4
35836,1952,6,1.0,116.0
35837,1952,6,11.0,101.0
35838,1952,6,12.0,
35839,1958,6,1.0,122.07
35840,1958,6,12.0,122.07
35841,1999,3,1.0,245.82
35842,1958,3,1.0,54.9
35843,1958,3,12.0,34.83
35844,2003,3,1.0,132.82
35845,1953,3,1.0,147.23
35846,1968,6,1.0,119.59
35847,1968,3,12.0,59.02
35848,1953,3,1.0,113.82
35849,1953,6,12.0,15.03
35850,1960,3,1.0,139.34
35851,1960,3,12.0,62.2
35852,1978,9,1.0,197.82
35853,1950,6,1.0,140.38
35854,1950,3,12.0,6.01
35855,1988,3,1.0,112.04
35856,1995,3,1.0,87.91
35857,1955,3,1.0,83.43
35858,1955,3,12.0,63.75
35859,1968,3,1.0,88.19
35860,1989,3,1.0,141.51
35861,1978,3,1.0,105.43
35862,1974,3,1.0,40.22
35863,1963,3,1.0,109.87
35864,1963,3,1.0,34.66
35865,1956,6,1.0,104.08
35866,1956,3,11.0,84.35
35867,1956,6,12.0,
35868,1999,3,1.0,72.27
35869,2002,3,1.0,58.11
35870,1994,6,1.0,101.73
35871,1994,3,12.0,54.79
35872,1965,3,9.0,57.79
35873,1965,3,1.0,112.08
35874,2007,6,1.0,200.51
35875,2007,6,1.0,341.98
35876,1950,3,1.0,142.11
35877,2004,3,1.0,465.71
35878,2004,3,12.0,465.71
35879,1954,6,1.0,139.18
35880,1954,3,12.0,64.55
35881,1953,6,1.0,146.29
35882,1953,3,12.0,55.7
35883,1963,6,1.0,161.15
35884,1963,3,12.0,137.73
35885,1998,3,1.0,217.74
35886,1951,3,1.0,131.35
35887,1960,3,1.0,148.33
35888,1960,3,12.0,80.97
35889,1967,3,1.0,210.71
35890,1967,3,12.0,210.71
35891,1950,3,1.0,128.47
35892,1955,9,1.0,109.79
35893,1955,6,12.0,109.79
35894,1950,9,1.0,105.08
35895,1987,9,1.0,89.68
35896,1952,3,1.0,66.32
35897,1952,3,1.0,84.51
35898,1952,3,12.0,69.0
35899,1958,6,1.0,72.87
35900,1958,3,12.0,59.52
35901,1950,3,1.0,125.38
35902,1960,3,1.0,126.81
35903,1955,9,1.0,140.13
35904,1955,6,12.0,109.34
35905,1950,6,1.0,114.0
35906,1950,6,12.0,71.27
35907,1955,9,1.0,97.94
35908,1955,6,12.0,85.92
35909,2002,3,1.0,230.1
35910,2007,6,1.0,127.76
35911,1953,3,1.0,254.96
35912,1953,6,12.0,159.56
35913,1952,3,1.0,110.7
35914,1950,3,1.0,172.99
35915,1952,6,1.0,141.53
35916,1952,6,12.0,125.06
35917,2000,9,1.0,122.71
35918,1960,6,1.0,142.81
35919,1960,3,12.0,100.16
35920,2007,6,1.0,153.47
35921,1959,3,4.0,92.35
35922,1959,3,1.0,92.35
35923,1959,3,12.0,62.81
35924,1962,6,1.0,41.74
35925,1964,3,1.0,54.18
35926,1964,3,12.0,54.18
35927,1980,3,1.0,45.65
35928,1960,3,1.0,41.22
35929,1979,3,1.0,127.87
35930,1979,3,12.0,127.87
35931,2005,12,1.0,123.14
35932,2005,3,12.0,123.14
35933,1960,3,1.0,57.61
35934,1960,3,12.0,43.13
35935,1950,3,1.0,116.17
35936,1950,3,12.0,
35937,1955,3,1.0,42.92
35938,1965,9,1.0,65.05
35939,1965,3,12.0,65.05
35940,1980,3,1.0,21.1
35941,1960,3,1.0,12.1
35942,1993,3,1.0,68.1
35943,1957,3,3.0,20.43
35944,1992,3,1.0,1027.85
35945,2016,3,10.0,955.64
35946,1993,3,1.0,62.15
35947,1993,3,1.0,65.46
35948,1993,3,1.0,66.51
35949,1993,3,1.0,65.71
35950,1993,9,1.0,63.74
35951,1993,3,11.0,63.74
35952,1993,3,12.0,63.74
35953,1993,3,1.0,72.66
35954,1993,9,1.0,65.85
35955,2005,3,10.0,65.85
35956,1993,3,12.0,46.39
35957,1970,3,4.0,1627.22
35958,1970,3,10.0,883.69
35959,1970,6,1.0,63.28
35960,1992,3,5.0,1196.34
35961,1992,9,1.0,1175.62
35962,1992,3,9.0,1175.62
35963,1981,9,1.0,410.01
35964,1981,9,1.0,410.44
35965,1981,9,1.0,412.36
35966,1981,9,1.0,340.65
35967,1981,9,1.0,391.82
35968,1981,9,1.0,331.56
35969,1981,3,12.0,30.41
35970,1981,9,1.0,1074.21
35971,1990,3,1.0,1450.34
35972,1977,9,1.0,310.77
35973,1977,12,1.0,350.45
35974,1977,9,1.0,305.89
35975,1965,3,3.0,27.25
35976,1977,9,1.0,340.36
35977,1977,9,1.0,326.51
35978,1977,9,1.0,353.48
35979,1977,9,1.0,316.66
35980,1995,3,1.0,61.13
35981,1995,3,1.0,61.29
35982,1995,3,1.0,61.38
35983,1995,3,1.0,61.65
35984,1995,3,1.0,61.59
35985,1995,3,1.0,61.87
35986,1995,3,1.0,62.06
35987,1995,3,1.0,59.76
35988,1995,9,1.0,48.15
35989,1995,3,12.0,48.15
35990,1995,3,1.0,60.79
35991,1995,3,1.0,60.83
35992,1995,3,1.0,60.67
35993,1995,6,1.0,60.77
35994,1992,3,1.0,311.34
35995,1993,9,1.0,191.11
35996,1993,3,12.0,124.74
35997,1989,3,1.0,210.71
35998,1990,3,12.0,138.55
35999,1990,3,12.0,139.7
36000,1990,3,1.0,107.83
36001,1988,3,5.0,297.33
36002,1988,3,2.0,244.13
36003,1988,6,1.0,224.3
36004,1988,3,11.0,23.71
36005,1988,3,12.0,
36006,1988,6,1.0,301.67
36007,1984,3,1.0,202.36
36008,1984,3,12.0,202.36
36009,1990,3,1.0,75.81
36010,1990,3,1.0,75.25
36011,1990,3,1.0,75.31
36012,1990,3,1.0,75.28
36013,2010,3,12.0,67.71
36014,1990,3,1.0,75.32
36015,1990,3,1.0,75.39
36016,1990,3,1.0,75.44
36017,1990,3,1.0,75.45
36018,1990,9,1.0,76.91
36019,1990,3,12.0,76.91
36020,2004,9,1.0,187.69
36021,1991,3,12.0,158.69
36022,2005,3,1.0,170.06
36023,1992,3,12.0,109.82
36024,1989,3,5.0,221.71
36025,1993,6,1.0,178.04
36026,1991,6,12.0,41.31
36027,1975,3,3.0,33.36
36028,1975,3,2.0,7764.63
36029,1975,3,1.0,2705.39
36030,1994,3,2.0,1655.75
36031,1997,3,3.0,1143.52
36032,1997,3,2.0,290.14
36033,1997,3,12.0,
36034,1994,3,3.0,4258.63
36035,1970,3,1.0,91.52
36036,1970,3,3.0,1122.36
36037,1990,3,3.0,452.48
36038,1970,3,3.0,26.2
36039,1970,3,1.0,128.28
36040,1970,3,3.0,285.53
36041,1970,3,3.0,434.65
36042,1996,6,3.0,781.46
36043,1970,3,1.0,120.86
36044,1960,3,1.0,69.6
36045,1960,3,1.0,126.77
36046,1968,3,1.0,76.71
36047,1970,3,5.0,86.77
36048,1965,3,3.0,1127.51
36049,1965,3,12.0,
36050,1965,3,3.0,1094.74
36051,1965,3,12.0,
36052,1965,3,3.0,1115.35
36053,1965,3,2.0,226.15
36054,1965,3,12.0,
36055,1998,3,3.0,231.62
36056,1986,3,12.0,613.64
36057,1970,3,3.0,659.19
36058,1970,3,5.0,663.8
36059,1970,3,12.0,
36060,1970,3,5.0,748.17
36061,1970,3,12.0,
36062,1970,3,5.0,754.78
36063,1989,3,3.0,620.44
36064,1988,3,5.0,1047.77
36065,1988,6,12.0,80.84
36066,1987,3,3.0,286.4
36067,1992,3,3.0,458.64
36068,1997,6,3.0,218.26
36069,1970,3,5.0,390.26
36070,1970,3,5.0,332.18
36071,1995,3,5.0,1043.22
36072,1995,15,1.0,784.07
36073,1995,15,12.0,784.07
36074,1969,3,2.0,492.28
36075,1969,3,1.0,492.28
36076,1969,3,10.0,492.28
36077,1965,3,5.0,344.65
36078,1965,6,1.0,225.95
36079,1965,3,12.0,209.71
36080,1994,3,5.0,2078.8
36081,1996,15,1.0,724.52
36082,1990,3,1.0,104.75
36083,1992,15,1.0,411.16
36084,1995,3,5.0,2174.8
36085,1997,12,1.0,1087.09
36086,1994,3,12.0,531.3
36087,1991,6,1.0,206.52
36088,1989,3,12.0,464.45
36089,1989,3,12.0,465.74
36090,2005,9,1.0,537.67
36091,2006,6,2.0,1291.66
36092,2006,3,11.0,87.12
36093,2006,6,1.0,914.17
36094,2003,6,1.0,911.14
36095,2003,3,5.0,1214.25
36096,2003,9,1.0,888.7
36097,2003,3,1.0,783.16
36098,2003,3,12.0,783.16
36099,2008,6,1.0,400.81
36100,2008,3,12.0,400.81
36101,2007,6,1.0,374.73
36102,2004,6,1.0,434.53
36103,2009,3,5.0,382.08
36104,2009,9,1.0,382.08
36105,2009,3,12.0,382.08
36106,2007,6,1.0,880.63
36107,2007,3,5.0,1117.7
36108,2007,9,1.0,839.9
36109,2003,3,5.0,2605.36
36110,2003,3,1.0,2229.06
36111,2003,3,12.0,2229.06
36112,2010,9,5.0,1356.47
36113,2010,12,2.0,1356.47
36114,2010,6,12.0,1300.62
36115,2021,6,5.0,1756.42
36116,2021,3,2.0,1656.12
36117,2021,3,11.0,
36118,2021,6,12.0,
36119,2006,3,5.0,441.96
36120,2006,15,1.0,432.09
36121,2007,12,1.0,439.97
36122,2007,6,1.0,750.36
36123,2018,3,5.0,2392.54
36124,2018,3,11.0,2392.54
36125,2018,9,12.0,175.43
36126,1969,3,1.0,200.36
36127,1963,3,1.0,55.37
36128,1968,9,1.0,62.95
36129,1968,3,11.0,54.07
36130,1968,3,12.0,38.86
36131,1968,3,1.0,75.41
36132,1965,3,1.0,73.56
36133,1960,3,1.0,116.02
36134,1965,3,1.0,198.35
36135,1965,3,1.0,106.1
36136,1963,3,1.0,107.59
36137,1963,3,1.0,142.62
36138,1963,3,1.0,169.75
36139,1969,3,5.0,490.61
36140,1969,3,12.0,185.32
36141,1969,6,1.0,130.28
36142,1969,3,12.0,85.03
36143,1993,3,5.0,435.12
36144,2010,3,2.0,86.93
36145,2010,3,12.0,
36146,1964,3,5.0,472.43
36147,1964,3,2.0,472.43
36148,1964,9,1.0,216.0
36149,1966,6,1.0,197.78
36150,1960,9,1.0,218.12
36151,1933,3,1.0,113.36
36152,1933,3,12.0,113.36
36153,1930,3,1.0,128.54
36154,1930,3,12.0,15.32
36155,1930,3,1.0,110.91
36156,2004,3,1.0,371.88
36157,2004,3,12.0,355.57
36158,1968,3,5.0,302.88
36159,1968,6,1.0,280.98
36160,2011,12,1.0,785.17
36161,2011,9,12.0,687.28
36162,2024,6,1.0,305.36
36163,2024,3,12.0,305.36
36164,1992,3,1.0,96.3
36165,1992,3,1.0,60.38
36166,1963,9,1.0,56.22
36167,1965,3,1.0,139.13
36168,1965,3,10.0,113.18
36169,1965,3,12.0,
36170,2008,3,1.0,196.65
36171,1960,3,1.0,111.21
36172,1960,3,12.0,
36173,1981,6,1.0,130.58
36174,1963,3,12.0,130.58
36175,1963,3,1.0,150.7
36176,1963,3,12.0,130.11
36177,1979,9,1.0,55.65
36178,2005,3,1.0,434.75
36179,2006,3,1.0,148.01
36180,1959,3,1.0,82.73
36181,1962,3,1.0,82.07
36182,1964,3,1.0,104.01
36183,1965,3,5.0,285.88
36184,1965,3,1.0,100.61
36185,1994,6,3.0,1198.22
36186,2004,9,5.0,858.26
36187,1997,3,5.0,872.47
36188,1990,3,3.0,19015.11
36189,1990,3,2.0,4883.49
36190,2017,3,12.0,48.07
36191,1994,3,3.0,6664.18
36192,1994,3,2.0,988.69
36193,1989,6,5.0,3907.09
36194,1989,3,6.0,446.0
36195,1989,3,3.0,
36196,1989,3,8.0,
36197,1989,3,12.0,35.99
36198,1991,3,3.0,3531.38
36199,1991,3,2.0,1125.43
36200,1991,3,9.0,
36201,1970,3,3.0,19.03
36202,1989,3,3.0,2325.99
36203,1968,3,12.0,35.18
36204,2002,3,12.0,2475.5
36205,1880,3,1.0,1169.17
36206,1880,3,12.0,656.73
36207,2019,3,5.0,1085.85
36208,2019,3,3.0,191.61
36209,2019,3,11.0,
36210,2019,6,12.0,
36211,1985,3,12.0,814.48
36212,1979,6,3.0,1256.8
36213,1979,6,2.0,1182.6
36214,1991,3,12.0,377.27
36215,1981,3,12.0,24.05
36216,1989,3,3.0,8506.46
36217,1994,3,2.0,1113.98
36218,1989,3,9.0,
36219,1994,3,12.0,
36220,1979,3,2.0,4893.58
36221,1979,3,12.0,344.67
36222,1979,3,12.0,12.82
36223,1989,3,12.0,33.44
36224,1981,3,12.0,522.77
36225,1989,3,2.0,868.34
36226,1989,3,12.0,
36227,1989,3,3.0,3005.32
36228,1989,9,2.0,302.19
36229,1989,3,2.0,2659.42
36230,1989,3,12.0,1417.69
36231,1990,3,12.0,507.13
36232,1990,3,12.0,523.86
36233,1990,3,12.0,521.22
36234,1990,3,12.0,520.98
36235,1990,3,3.0,522.07
36236,1990,3,2.0,130.17
36237,1990,3,12.0,515.31
36238,1989,3,3.0,522.16
36239,1991,3,2.0,322.79
36240,1991,3,12.0,
36241,1992,3,3.0,1125.1
36242,1992,3,2.0,421.67
36243,1991,3,2.0,348.67
36244,1991,3,12.0,
36245,1990,3,3.0,350.7
36246,1990,3,3.0,265.88
36247,1990,3,3.0,257.36
36248,1990,3,3.0,261.79
36249,1990,3,3.0,261.72
36250,1990,3,3.0,261.62
36251,2004,3,12.0,407.83
36252,2008,3,3.0,2536.48
36253,2006,3,2.0,1320.0
36254,1999,3,5.0,313.59
36255,1999,3,8.0,120.35
36256,1999,3,9.0,
36257,1970,3,2.0,836.44
36258,2000,3,12.0,509.9
36259,1979,3,12.0,21.74
36260,1986,6,3.0,2109.88
36261,1997,3,12.0,356.61
36262,1991,3,3.0,118.96
36263,1994,15,3.0,4676.86
36264,1991,3,3.0,1290.06
36265,1991,3,3.0,1786.79
36266,1970,3,12.0,895.77
36267,2013,3,11.0,933.78
36268,2013,3,12.0,
36269,1996,6,3.0,390.77
36270,2013,3,11.0,116.79
36271,2004,3,12.0,
36272,2013,3,2.0,1264.33
36273,2013,3,11.0,210.64
36274,2013,6,12.0,210.64
36275,1978,3,3.0,1376.59
36276,1978,3,2.0,
36277,1992,3,12.0,
36278,1986,3,2.0,12967.23
36279,1970,3,11.0,396.49
36280,1978,6,12.0,
36281,1975,3,3.0,46.57
36282,2002,6,3.0,6770.9
36283,2009,6,2.0,5642.1
36284,1999,3,11.0,
36285,2009,6,12.0,
36286,1975,3,3.0,20.77
36287,1978,3,3.0,2424.88
36288,1978,3,2.0,
36289,1973,3,3.0,15.72
36290,1970,3,3.0,2827.27
36291,1970,3,8.0,239.2
36292,1970,3,2.0,
36293,1970,6,1.0,
36294,1970,3,12.0,
36295,1973,3,3.0,4085.99
36296,1973,3,2.0,159.63
36297,1973,3,11.0,
36298,2015,3,2.0,25.22
36299,2015,3,11.0,
36300,2015,3,12.0,
36301,1967,3,3.0,2968.65
36302,1967,3,2.0,499.98
36303,2018,3,12.0,
36304,1970,3,12.0,3690.63
36305,1973,3,5.0,8487.86
36306,1973,9,2.0,1004.55
36307,1973,3,11.0,86.97
36308,1973,3,12.0,
36309,1970,3,12.0,1070.33
36310,1973,3,5.0,4871.39
36311,1973,3,3.0,467.12
36312,1973,3,2.0,30.15
36313,1969,3,12.0,204.93
36314,1973,3,3.0,1490.98
36315,1970,3,12.0,802.84
36316,1970,3,12.0,1432.02
36317,2006,6,1.0,56.13
36318,1971,3,1.0,111.18
36319,1958,3,1.0,114.56
36320,1958,3,12.0,93.98
36321,1959,3,1.0,104.1
36322,1958,3,1.0,62.99
36323,1955,3,1.0,77.83
36324,1958,3,1.0,75.35
36325,1953,3,1.0,148.5
36326,1956,3,1.0,143.36
36327,2006,6,1.0,60.44
36328,1950,6,1.0,131.57
36329,1950,3,12.0,30.67
36330,1955,3,1.0,104.58
36331,1960,3,1.0,57.9
36332,1960,3,12.0,57.9
36333,1955,3,1.0,48.31
36334,1968,3,1.0,88.67
36335,2008,9,1.0,63.56
36336,2009,12,1.0,67.11
36337,2009,6,12.0,54.38
36338,1999,6,1.0,566.56
36339,2022,9,1.0,86.51
36340,2022,3,12.0,75.7
36341,2013,9,1.0,86.24
36342,2013,6,11.0,75.86
36343,2013,6,12.0,57.69
36344,2003,3,1.0,97.34
36345,2002,6,1.0,263.43
36346,2002,6,1.0,216.42
36347,2004,3,1.0,194.36
36348,2004,3,12.0,151.2
36349,1955,9,1.0,104.38
36350,1955,3,11.0,73.57
36351,1955,3,12.0,66.88
36352,1955,6,1.0,54.6
36353,1955,6,1.0,55.36
36354,1962,9,1.0,71.27
36355,1962,6,12.0,71.27
36356,1999,3,5.0,2428.61
36357,1999,6,1.0,2193.75
36358,1999,6,12.0,2193.75
36359,1960,3,1.0,91.6
36360,1960,6,1.0,90.93
36361,1960,3,11.0,90.93
36362,1953,3,1.0,77.47
36363,1951,6,1.0,81.01
36364,1960,3,1.0,109.61
36365,1952,3,1.0,86.54
36366,1980,3,1.0,117.51
36367,1979,9,1.0,125.01
36368,1960,3,12.0,91.22
36369,1958,3,1.0,92.09
36370,1958,3,12.0,83.92
36371,1971,9,1.0,164.21
36372,1955,3,12.0,164.21
36373,2007,6,1.0,167.87
36374,2001,3,1.0,178.91
36375,1958,3,1.0,89.47
36376,1958,3,12.0,70.59
36377,1955,9,1.0,86.2
36378,1955,3,12.0,62.04
36379,1952,3,1.0,94.65
36380,1955,3,1.0,105.01
36381,1950,3,1.0,97.32
36382,1950,3,1.0,69.29
36383,1950,3,1.0,90.74
36384,1950,6,12.0,16.96
36385,2022,9,1.0,70.75
36386,2022,6,11.0,70.75
36387,2022,3,12.0,49.14
36388,1950,3,1.0,116.25
36389,1950,3,12.0,116.25
36390,2006,6,1.0,200.93
36391,1971,3,1.0,199.54
36392,1952,3,1.0,87.31
36393,1952,3,12.0,
36394,1953,9,1.0,92.23
36395,1953,3,11.0,77.41
36396,1953,3,12.0,39.75
36397,2010,9,,355.95
36398,2010,6,11.0,180.68
36399,2023,9,1.0,189.79
36400,2023,9,11.0,167.41
36401,2023,3,12.0,167.41
36402,1960,3,1.0,48.34
36403,1958,3,1.0,49.69
36404,1960,3,1.0,78.97
36405,1965,3,1.0,106.33
36406,1955,3,1.0,105.34
36407,1951,3,1.0,95.83
36408,1951,3,12.0,91.28
36409,1955,3,1.0,97.08
36410,1955,3,12.0,63.26
36411,1960,6,1.0,95.12
36412,1960,6,12.0,58.76
36413,1955,3,1.0,93.34
36414,1955,3,12.0,
36415,1960,3,1.0,92.73
36416,1960,3,1.0,108.58
36417,2004,3,1.0,74.81
36418,2004,3,12.0,61.3
36419,1950,3,1.0,96.26
36420,1950,3,12.0,96.26
36421,2000,6,1.0,67.72
36422,2020,3,11.0,60.91
36423,1995,3,8.0,89.1
36424,1995,9,1.0,78.44
36425,1995,3,12.0,76.1
36426,1960,3,1.0,115.01
36427,1952,6,1.0,78.34
36428,1952,3,12.0,57.24
36429,1955,6,1.0,85.48
36430,1955,3,12.0,50.59
36431,1954,3,1.0,79.37
36432,1958,9,1.0,95.35
36433,1958,3,12.0,68.0
36434,1955,3,1.0,89.91
36435,1955,3,1.0,100.88
36436,1970,3,5.0,102.63
36437,1955,3,1.0,73.4
36438,1953,3,1.0,92.96
36439,1955,3,1.0,125.17
36440,1955,3,1.0,72.77
36441,1954,3,1.0,63.73
36442,1954,3,12.0,
36443,1971,6,1.0,143.41
36444,1971,3,12.0,143.41
36445,1970,3,1.0,219.0
36446,1970,3,12.0,178.41
36447,1975,3,1.0,97.49
36448,1975,3,12.0,74.2
36449,1975,3,1.0,95.92
36450,1958,3,1.0,100.5
36451,1958,3,12.0,100.5
36452,2002,6,1.0,167.29
36453,1997,3,5.0,210.46
36454,1997,3,1.0,210.46
36455,1997,3,12.0,204.97
36456,1960,3,1.0,138.69
36457,1960,9,1.0,59.95
36458,1960,3,12.0,42.85
36459,1955,3,1.0,143.66
36460,1955,3,12.0,
36461,1950,3,1.0,89.1
36462,1965,3,1.0,100.53
36463,1965,6,12.0,74.39
36464,1975,9,1.0,98.99
36465,1975,3,12.0,89.56
36466,1974,6,1.0,119.11
36467,1974,6,12.0,41.0
36468,1965,3,1.0,32.19
36469,1963,3,1.0,23.16
36470,1995,3,1.0,59.4
36471,1961,3,5.0,62.78
36472,1961,3,1.0,57.79
36473,1960,3,1.0,33.26
36474,1960,9,1.0,66.61
36475,1960,3,12.0,66.61
36476,1960,9,1.0,60.19
36477,1960,3,12.0,60.19
36478,1962,3,1.0,110.99
36479,1962,3,12.0,93.52
36480,1975,3,12.0,1163.65
36481,1955,3,1.0,61.15
36482,1973,6,1.0,76.6
36483,1960,3,11.0,61.71
36484,2013,3,12.0,4.0
36485,1967,9,1.0,45.85
36486,1967,3,12.0,45.85
36487,1958,3,1.0,42.01
36488,1951,9,1.0,89.13
36489,1951,3,12.0,76.28
36490,1960,3,1.0,101.19
36491,1960,3,12.0,101.19
36492,1965,6,1.0,66.48
36493,1965,3,1.0,92.7
36494,1965,3,12.0,
36495,2007,6,1.0,108.84
36496,2006,6,1.0,53.1
36497,1965,3,1.0,122.97
36498,1965,3,1.0,59.95
36499,1965,3,12.0,59.95
36500,1965,3,1.0,39.85
36501,1970,3,1.0,65.11
36502,1970,3,1.0,37.78
36503,1977,6,1.0,130.28
36504,1979,6,1.0,159.74
36505,1980,3,1.0,151.57
36506,1980,3,12.0,110.17
36507,1980,3,5.0,152.88
36508,1980,9,1.0,110.88
36509,1998,3,12.0,153.35
36510,1981,3,5.0,132.03
36511,1981,9,1.0,96.71
36512,1991,6,1.0,133.38
36513,1991,3,5.0,278.75
36514,1991,3,1.0,264.55
36515,1984,12,1.0,186.46
36516,1984,3,12.0,112.19
36517,1986,3,5.0,154.34
36518,1989,9,1.0,113.11
36519,1986,6,12.0,57.58
36520,1985,6,1.0,153.88
36521,1985,3,12.0,90.21
36522,1987,3,1.0,153.67
36523,1987,3,12.0,115.3
36524,1983,3,5.0,154.25
36525,1983,6,1.0,115.84
36526,1983,9,12.0,92.56
36527,1979,6,1.0,142.22
36528,1971,3,5.0,238.1
36529,1971,3,7.0,207.41
36530,1971,3,1.0,200.64
36531,1972,3,1.0,124.59
36532,1978,3,1.0,122.89
36533,1978,3,12.0,99.17
36534,1999,6,1.0,132.23
36535,1990,6,1.0,100.96
36536,1990,3,12.0,84.27
36537,1987,3,1.0,151.43
36538,2008,9,1.0,123.68
36539,2008,3,11.0,90.62
36540,2008,3,12.0,67.83
36541,1997,9,1.0,128.93
36542,1993,3,12.0,123.13
36543,1991,6,1.0,131.55
36544,1985,3,5.0,154.27
36545,1985,6,1.0,112.68
36546,1985,6,12.0,90.14
36547,1973,3,1.0,114.34
36548,1983,3,8.0,608.24
36549,2006,3,11.0,341.12
36550,1965,3,1.0,40.74
36551,1928,3,1.0,108.42
36552,1973,12,1.0,141.27
36553,1974,12,12.0,141.27
36554,1968,6,5.0,68.64
36555,1965,3,1.0,113.59
36556,1960,3,1.0,110.02
36557,2006,9,1.0,84.54
36558,1949,3,1.0,92.72
36559,1949,3,1.0,56.07
36560,1955,3,1.0,53.33
36561,1968,3,1.0,71.03
36562,1950,3,1.0,73.21
36563,1971,3,1.0,67.54
36564,1951,6,1.0,75.94
36565,1951,6,12.0,66.18
36566,1981,3,1.0,125.54
36567,1960,3,5.0,102.54
36568,1972,9,1.0,102.54
36569,1998,3,1.0,60.69
36570,2008,12,1.0,99.11
36571,2008,3,12.0,99.11
36572,1991,3,1.0,110.67
36573,1991,3,1.0,87.39
36574,1991,3,1.0,87.69
36575,1991,3,1.0,88.57
36576,1991,3,1.0,88.67
36577,1991,3,1.0,88.52
36578,1992,3,1.0,86.94
36579,1992,3,1.0,87.93
36580,1992,3,1.0,86.96
36581,1992,3,1.0,86.36
36582,1992,3,1.0,89.55
36583,1992,3,1.0,85.95
36584,1992,3,1.0,87.08
36585,1992,3,1.0,88.92
36586,1990,3,1.0,89.35
36587,1990,3,1.0,88.44
36588,1990,3,1.0,90.51
36589,1990,3,1.0,91.76
36590,1990,3,1.0,86.74
36591,1990,3,1.0,88.43
36592,1990,3,1.0,90.0
36593,1990,3,1.0,91.08
36594,1992,3,5.0,384.57
36595,1992,9,1.0,362.49
36596,1990,3,1.0,88.61
36597,1990,3,1.0,90.06
36598,1990,3,1.0,88.41
36599,1990,3,1.0,90.94
36600,1990,3,1.0,87.89
36601,1990,3,1.0,88.58
36602,1990,3,1.0,92.85
36603,1993,3,1.0,88.9
36604,1993,3,1.0,86.52
36605,1993,3,1.0,86.56
36606,1993,3,1.0,86.77
36607,1993,3,1.0,86.85
36608,1993,3,1.0,87.07
36609,1993,3,1.0,87.19
36610,1993,3,1.0,87.34
36611,1993,3,1.0,87.49
36612,1993,3,1.0,87.64
36613,1994,3,5.0,438.05
36614,1994,9,1.0,418.4
36615,1994,6,1.0,152.12
36616,1994,3,1.0,83.55
36617,1994,3,1.0,83.62
36618,1994,3,1.0,83.68
36619,1994,3,1.0,83.86
36620,1994,3,1.0,83.82
36621,1994,3,1.0,83.91
36622,1994,3,1.0,84.09
36623,1994,3,1.0,84.03
36624,1990,3,1.0,92.32
36625,1994,3,1.0,150.06
36626,1994,9,12.0,150.06
36627,1999,3,1.0,122.69
36628,2007,6,1.0,105.66
36629,1991,3,1.0,120.49
36630,1994,3,1.0,146.81
36631,1991,3,1.0,200.71
36632,1991,3,12.0,129.38
36633,1990,3,1.0,63.67
36634,1990,3,1.0,83.2
36635,1990,3,1.0,80.74
36636,1990,3,1.0,80.74
36637,1990,3,1.0,81.09
36638,1990,3,1.0,80.41
36639,1993,6,1.0,120.25
36640,1990,3,1.0,64.06
36641,1990,3,1.0,60.48
36642,1992,12,1.0,62.05
36643,1990,3,12.0,62.05
36644,1990,3,1.0,63.58
36645,1990,3,1.0,61.63
36646,1990,3,1.0,63.8
36647,1999,6,1.0,108.34
36648,1990,3,12.0,108.34
36649,1990,3,1.0,71.11
36650,1990,3,1.0,62.52
36651,1990,3,1.0,70.54
36652,1990,3,1.0,60.14
36653,1990,3,1.0,61.71
36654,1990,3,1.0,66.48
36655,1997,3,5.0,620.06
36656,1997,9,1.0,606.39
36657,1997,3,9.0,606.39
36658,1969,9,1.0,575.14
36659,1969,9,1.0,579.11
36660,2002,12,1.0,158.57
36661,1982,3,1.0,304.88
36662,1981,3,1.0,151.44
36663,1981,3,12.0,149.54
36664,2002,6,1.0,364.54
36665,1982,9,1.0,177.02
36666,1969,6,1.0,173.61
36667,1982,3,1.0,139.28
36668,1982,3,12.0,121.55
36669,1976,3,5.0,138.47
36670,1976,3,1.0,103.76
36671,1972,3,5.0,140.62
36672,1985,6,1.0,97.61
36673,1978,3,1.0,141.11
36674,1978,3,12.0,113.7
36675,1978,3,5.0,128.7
36676,1978,3,1.0,116.47
36677,1990,3,1.0,138.24
36678,1990,3,12.0,103.38
36679,1973,6,1.0,140.74
36680,1973,3,11.0,124.0
36681,1973,3,12.0,124.0
36682,1976,6,1.0,146.7
36683,1976,3,12.0,129.09
36684,1974,6,1.0,124.46
36685,1975,6,1.0,149.07
36686,1996,6,1.0,147.5
36687,1996,3,12.0,114.77
36688,2022,6,1.0,129.78
36689,1978,3,1.0,143.8
36690,1978,3,12.0,114.84
36691,1980,3,5.0,147.58
36692,1983,3,1.0,147.58
36693,1983,3,12.0,9.18
36694,1974,3,1.0,127.41
36695,1969,9,1.0,582.46
36696,1969,9,1.0,580.13
36697,1969,3,5.0,596.57
36698,1969,9,1.0,596.57
36699,2000,3,3.0,3569.15
36700,2006,3,2.0,477.47
36701,1970,3,3.0,4021.09
36702,1986,3,2.0,539.5
36703,1970,3,3.0,2037.73
36704,1970,3,2.0,362.27
36705,1970,3,3.0,1993.03
36706,1970,6,3.0,589.6
36707,1970,3,3.0,342.52
36708,1970,6,2.0,59.29
36709,1970,3,3.0,355.86
36710,1978,3,3.0,22.66
36711,1975,3,3.0,341.13
36712,1970,6,3.0,381.25
36713,1970,3,3.0,230.28
36714,1975,3,3.0,306.18
36715,1975,3,2.0,130.77
36716,1970,3,3.0,1448.37
36717,1975,3,3.0,318.52
36718,1970,3,3.0,400.85
36719,1975,3,3.0,1019.08
36720,1978,3,3.0,1004.26
36721,1975,3,12.0,535.6
36722,1977,3,3.0,315.84
36723,1975,3,3.0,220.94
36724,1975,3,3.0,225.13
36725,2001,3,5.0,13955.28
36726,2001,6,3.0,3664.67
36727,2001,12,2.0,944.76
36728,2002,3,10.0,944.76
36729,1993,3,10.0,233.18
36730,1915,3,5.0,622.07
36731,1976,3,1.0,428.27
36732,1958,3,12.0,378.92
36733,1908,3,1.0,238.66
36734,2015,3,10.0,112.63
36735,2015,3,11.0,16.0
36736,1914,3,12.0,
36737,2002,6,1.0,243.91
36738,2002,3,10.0,80.61
36739,2002,3,12.0,
36740,2005,6,1.0,128.43
36741,2006,3,10.0,67.38
36742,2005,6,1.0,128.34
36743,2005,3,1.0,125.28
36744,2005,3,1.0,125.28
36745,2005,3,1.0,118.94
36746,1968,3,1.0,238.57
36747,1968,3,12.0,157.55
36748,1968,3,12.0,29.45
36749,1962,3,1.0,178.91
36750,1962,3,12.0,83.95
36751,1978,3,1.0,187.76
36752,1968,3,11.0,71.16
36753,2010,6,1.0,106.37
36754,2010,3,10.0,79.16
36755,2001,3,1.0,134.7
36756,1981,3,1.0,1355.61
36757,1992,3,5.0,335.25
36758,1992,6,1.0,335.25
36759,1973,3,4.0,417.89
36760,1972,3,1.0,205.96
36761,2006,3,10.0,76.2
36762,2006,3,11.0,
36763,1994,3,12.0,
36764,1927,3,1.0,146.91
36765,1965,3,1.0,162.16
36766,1994,3,10.0,
36767,2000,3,11.0,
36768,2000,3,12.0,
36769,1985,3,1.0,144.0
36770,2006,3,10.0,
36771,1994,9,1.0,263.8
36772,2020,3,11.0,144.44
36773,2020,3,12.0,7.98
36774,1996,3,1.0,191.56
36775,1996,3,11.0,129.8
36776,1996,3,12.0,
36777,1969,6,1.0,186.85
36778,1994,3,1.0,135.26
36779,1928,3,1.0,84.64
36780,1963,3,1.0,158.67
36781,1963,3,12.0,
36782,1960,3,1.0,136.08
36783,2006,3,10.0,
36784,1960,3,12.0,
36785,1960,3,1.0,97.72
36786,1965,3,10.0,77.22
36787,1965,3,12.0,
36788,1964,3,1.0,111.56
36789,1964,3,11.0,
36790,1964,3,12.0,
36791,1970,3,1.0,209.82
36792,2002,3,10.0,131.52
36793,1980,6,1.0,188.33
36794,1980,3,10.0,77.16
36795,1980,3,12.0,
36796,1980,9,1.0,261.4
36797,1980,3,12.0,67.83
36798,1991,3,1.0,406.94
36799,1991,3,12.0,18.61
36800,1998,3,9.0,201.27
36801,1997,6,1.0,206.06
36802,2006,3,12.0,148.65
36803,1965,3,1.0,202.15
36804,1965,3,12.0,
36805,1963,3,1.0,261.04
36806,1965,3,1.0,95.7
36807,2020,3,10.0,95.7
36808,1965,3,1.0,94.91
36809,1961,6,1.0,155.81
36810,1961,3,11.0,87.51
36811,1961,3,12.0,
36812,1968,3,1.0,111.28
36813,1968,3,10.0,
36814,1968,3,12.0,
36815,1970,3,3.0,204.07
36816,1970,3,1.0,204.07
36817,2009,3,10.0,162.48
36818,2009,3,11.0,
36819,1970,3,12.0,
36820,1962,3,1.0,137.91
36821,1960,3,1.0,141.9
36822,1964,3,1.0,265.84
36823,1964,3,10.0,11.99
36824,1964,3,11.0,
36825,1964,6,12.0,
36826,1963,3,1.0,118.54
36827,2007,3,10.0,
36828,1963,3,1.0,177.62
36829,1963,3,12.0,139.68
36830,1963,6,1.0,188.96
36831,1963,3,12.0,109.47
36832,1963,3,1.0,131.11
36833,1969,3,11.0,25.0
36834,1969,3,12.0,
36835,1978,3,3.0,651.18
36836,1978,3,2.0,
36837,1960,6,1.0,375.35
36838,1976,3,1.0,189.78
36839,1992,3,2.0,382.79
36840,2004,3,12.0,31.76
36841,2004,3,1.0,119.83
36842,2004,3,12.0,75.37
36843,2004,3,1.0,126.48
36844,2004,3,12.0,119.82
36845,2004,3,1.0,119.95
36846,2005,3,10.0,119.95
36847,2004,3,12.0,34.32
36848,1992,3,1.0,158.26
36849,1992,6,12.0,155.01
36850,1979,3,1.0,157.3
36851,1979,3,10.0,43.62
36852,1979,6,11.0,
36853,1979,6,12.0,
36854,1963,3,1.0,153.53
36855,1964,3,5.0,194.82
36856,1964,3,1.0,
36857,1964,3,12.0,
36858,1962,3,1.0,146.38
36859,1962,3,12.0,
36860,1964,3,1.0,142.36
36861,1980,3,12.0,61.13
36862,1960,3,1.0,47.77
36863,1960,3,1.0,54.96
36864,1965,3,1.0,57.45
36865,1963,6,1.0,32.78
36866,1963,3,1.0,98.19
36867,1963,3,12.0,61.07
36868,1961,6,1.0,131.36
36869,1961,6,11.0,123.16
36870,1963,3,1.0,170.38
36871,1963,3,12.0,103.49
36872,1961,3,1.0,62.05
36873,1961,3,1.0,145.2
36874,1965,3,1.0,100.44
36875,1965,3,12.0,34.78
36876,1964,3,1.0,105.83
36877,1964,3,12.0,46.45
36878,1969,3,1.0,44.76
36879,1969,3,1.0,35.51
36880,1961,3,1.0,57.37
36881,2006,3,5.0,558.6
36882,1960,3,1.0,290.5
36883,1983,3,12.0,56.66
36884,1958,3,1.0,119.52
36885,1960,6,1.0,47.63
36886,1960,3,12.0,
36887,1950,3,1.0,210.39
36888,1950,6,12.0,
36889,1959,3,1.0,116.56
36890,1959,3,12.0,114.69
36891,1982,6,1.0,83.14
36892,2007,3,12.0,83.14
36893,2005,3,1.0,115.52
36894,2005,3,12.0,109.56
36895,1960,3,1.0,37.57
36896,1958,3,1.0,123.55
36897,1958,3,1.0,109.95
36898,1998,3,1.0,187.48
36899,1960,3,1.0,92.53
36900,1961,3,1.0,89.73
36901,1961,3,12.0,89.73
36902,1962,3,1.0,95.38
36903,1961,3,1.0,85.57
36904,2008,9,1.0,348.59
36905,1950,6,1.0,127.96
36906,1960,3,1.0,55.23
36907,1992,3,10.0,119.32
36908,1975,3,2.0,945.78
36909,1975,3,12.0,
36910,2017,3,2.0,4622.28
36911,1990,6,12.0,234.52
36912,1990,3,3.0,1714.09
36913,1990,6,2.0,516.44
36914,1979,3,12.0,30.46
36915,1991,3,3.0,1127.16
36916,1991,3,2.0,1127.16
36917,1989,3,12.0,1500.48
36918,1989,3,2.0,1554.41
36919,1989,3,12.0,1404.84
36920,1965,3,12.0,571.25
36921,2002,3,3.0,1513.42
36922,1991,3,2.0,494.07
36923,1995,12,12.0,494.07
36924,1990,3,12.0,49.18
36925,2019,6,5.0,6750.48
36926,2019,3,3.0,5769.24
36927,2019,6,2.0,4256.23
36928,2019,12,12.0,
36929,1998,6,5.0,3327.12
36930,1991,3,3.0,1076.49
36931,1991,3,2.0,
36932,1991,3,11.0,
36933,2001,3,5.0,2764.58
36934,2001,3,3.0,2434.46
36935,2001,3,2.0,2400.53
36936,2001,6,12.0,1387.73
36937,1991,3,5.0,1570.79
36938,1970,3,5.0,1923.43
36939,1993,6,5.0,1997.69
36940,1970,3,3.0,1997.69
36941,1970,3,2.0,748.05
36942,1991,3,5.0,2690.01
36943,1991,3,3.0,
36944,1971,3,3.0,18.84
36945,2006,9,3.0,2620.13
36946,2006,6,5.0,2753.64
36947,2006,9,3.0,2753.64
36948,2006,6,10.0,906.86
36949,2019,3,11.0,
36950,2006,6,12.0,
36951,1963,3,12.0,4958.46
36952,1990,3,8.0,334.39
36953,1969,3,11.0,
36954,1969,3,12.0,
36955,1970,3,12.0,34.67
36956,1973,3,12.0,18.12
36957,1972,3,12.0,22.55
36958,1981,3,3.0,34.11
36959,1963,3,3.0,614.39
36960,1973,3,3.0,4460.12
36961,2012,3,9.0,1107.06
36962,1992,3,11.0,28.57
36963,2009,12,2.0,18274.35
36964,1987,3,1.0,438.48
36965,1964,3,1.0,190.11
36966,1996,6,1.0,298.1
36967,1971,3,5.0,426.2
36968,1976,9,1.0,340.73
36969,1971,3,12.0,116.86
36970,1992,6,1.0,121.76
36971,1967,3,5.0,119.1
36972,1988,6,1.0,119.1
36973,1971,3,,205.84
36974,1971,9,1.0,120.26
36975,1971,3,12.0,120.26
36976,1992,6,1.0,236.59
36977,1978,3,3.0,206.41
36978,2003,3,5.0,402.21
36979,2003,6,1.0,397.22
36980,2003,6,12.0,397.22
36981,2008,6,1.0,257.07
36982,2008,3,12.0,257.07
36983,1977,6,1.0,160.39
36984,1977,3,12.0,123.12
36985,2003,3,5.0,124.35
36986,2003,6,1.0,124.35
36987,1977,9,1.0,232.64
36988,1971,3,12.0,154.37
36989,2000,6,1.0,153.17
36990,1981,3,1.0,299.32
36991,1985,6,1.0,235.87
36992,1986,3,1.0,125.67
36993,1984,3,1.0,125.93
36994,1971,3,1.0,151.97
36995,1976,3,1.0,143.99
36996,1976,3,12.0,127.15
36997,1975,3,1.0,161.03
36998,1975,3,12.0,120.54
36999,1975,3,1.0,164.77
37000,1976,3,1.0,156.56
37001,1976,3,1.0,181.98
37002,1976,3,12.0,181.98
37003,1971,3,1.0,194.13
37004,1971,3,12.0,130.93
37005,1971,3,5.0,204.62
37006,1971,3,1.0,142.05
37007,1976,3,1.0,190.56
37008,2000,9,1.0,298.42
37009,1971,3,12.0,186.05
37010,1971,6,1.0,161.25
37011,2004,6,1.0,597.97
37012,1971,3,12.0,131.54
37013,1987,3,12.0,402.12
37014,1971,6,8.0,247.94
37015,1971,3,12.0,186.77
37016,1994,6,1.0,115.19
37017,1999,12,1.0,191.23
37018,1999,3,12.0,154.08
37019,1998,3,1.0,164.83
37020,2004,6,1.0,1539.47
37021,2006,6,1.0,3198.76
37022,1998,9,1.0,1079.74
37023,1998,9,12.0,1079.74
37024,2002,9,1.0,908.49
37025,1999,6,1.0,1187.86
37026,1999,6,12.0,1105.65
37027,1998,3,1.0,60.52
37028,1998,3,1.0,58.47
37029,1998,3,1.0,58.63
37030,1998,3,1.0,58.97
37031,1998,3,1.0,59.16
37032,1998,3,1.0,59.41
37033,1998,3,1.0,59.72
37034,1998,3,1.0,59.87
37035,1998,3,1.0,58.9
37036,1998,9,1.0,61.27
37037,1998,3,12.0,61.27
37038,1998,3,1.0,120.64
37039,1999,3,1.0,104.42
37040,1999,3,1.0,60.14
37041,1999,3,1.0,60.33
37042,1999,3,1.0,60.35
37043,1999,3,1.0,60.44
37044,1999,3,1.0,60.56
37045,1999,3,1.0,60.65
37046,1999,3,1.0,60.74
37047,1999,3,1.0,60.35
37048,1975,3,3.0,340.4
37049,1975,6,10.0,49.26
37050,1999,3,5.0,3257.02
37051,1999,6,1.0,3100.82
37052,1999,6,12.0,3100.82
37053,1971,6,1.0,187.87
37054,1968,3,5.0,92.08
37055,1968,3,1.0,51.48
37056,1953,3,5.0,84.89
37057,1953,3,1.0,66.09
37058,1972,6,1.0,153.56
37059,1971,6,1.0,178.1
37060,1971,6,1.0,151.81
37061,1975,3,1.0,250.79
37062,1999,3,1.0,292.14
37063,1987,3,12.0,96.2
37064,1990,3,1.0,732.08
37065,2000,3,1.0,113.34
37066,2005,9,1.0,171.75
37067,1995,3,1.0,92.09
37068,1989,3,1.0,258.46
37069,1989,3,12.0,187.65
37070,1992,3,1.0,107.41
37071,2003,9,1.0,137.2
37072,2003,3,12.0,97.02
37073,1953,3,1.0,53.97
37074,1953,3,1.0,59.14
37075,1991,6,1.0,111.32
37076,1990,3,12.0,104.59
37077,2001,3,1.0,217.95
37078,1992,3,1.0,154.9
37079,1992,3,12.0,81.96
37080,1989,3,1.0,143.92
37081,1998,9,1.0,84.44
37082,1994,6,1.0,120.48
37083,1994,6,11.0,120.48
37084,1988,3,1.0,112.74
37085,1988,3,12.0,112.74
37086,1985,9,1.0,33.84
37087,1960,3,5.0,80.77
37088,1960,9,1.0,80.77
37089,1960,3,12.0,30.14
37090,2004,6,1.0,82.09
37091,1961,9,1.0,103.45
37092,1961,3,12.0,100.94
37093,1964,3,1.0,102.26
37094,1965,6,1.0,83.73
37095,1960,9,1.0,61.46
37096,1960,6,12.0,61.46
37097,1957,3,1.0,85.96
37098,1957,3,12.0,85.96
37099,1955,3,5.0,92.33
37100,1955,3,1.0,92.33
37101,1955,3,12.0,31.6
37102,1995,9,1.0,160.06
37103,1995,3,12.0,98.25
37104,1996,3,1.0,229.64
37105,1995,9,1.0,111.4
37106,1991,3,1.0,69.8
37107,1991,3,1.0,70.46
37108,1991,3,1.0,69.34
37109,1994,6,1.0,260.83
37110,1994,3,12.0,162.17
37111,1995,3,1.0,312.8
37112,2001,6,1.0,237.61
37113,1989,3,1.0,882.1
37114,2017,3,10.0,837.38
37115,1973,6,1.0,54.23
37116,1973,3,12.0,47.24
37117,1965,3,1.0,84.19
37118,1965,3,12.0,84.19
37119,1965,3,5.0,90.41
37120,1965,9,1.0,77.97
37121,1965,6,12.0,11.39
37122,1962,6,1.0,76.61
37123,1959,3,1.0,86.64
37124,1955,3,1.0,70.96
37125,1962,3,1.0,88.76
37126,1955,9,1.0,80.3
37127,1955,3,12.0,70.34
37128,1960,9,1.0,80.22
37129,1960,3,11.0,80.22
37130,1960,6,1.0,82.38
37131,1963,6,1.0,57.04
37132,1963,3,11.0,57.04
37133,1996,6,1.0,159.86
37134,1960,3,1.0,64.93
37135,1956,3,1.0,138.19
37136,1956,3,12.0,138.19
37137,1990,3,1.0,147.79
37138,1989,3,1.0,141.95
37139,1990,3,1.0,71.63
37140,1990,3,1.0,54.27
37141,1990,3,1.0,55.71
37142,1994,6,1.0,197.21
37143,1988,3,3.0,27.33
37144,1996,3,5.0,219.74
37145,1996,9,1.0,197.8
37146,1996,3,9.0,197.8
37147,1990,3,1.0,82.93
37148,1990,3,12.0,55.28
37149,1990,3,1.0,84.69
37150,1990,3,1.0,81.3
37151,1990,3,12.0,53.86
37152,1990,3,1.0,82.9
37153,1990,3,12.0,54.78
37154,1990,3,1.0,80.22
37155,1990,3,12.0,52.93
37156,1990,3,1.0,84.43
37157,1990,3,12.0,56.74
37158,1990,3,1.0,82.96
37159,1990,3,12.0,54.52
37160,1990,3,1.0,85.41
37161,1990,3,12.0,56.85
37162,1994,9,1.0,225.46
37163,1990,3,1.0,653.6
37164,1990,3,12.0,438.06
37165,1993,3,1.0,477.77
37166,1993,3,12.0,320.98
37167,1992,3,1.0,468.69
37168,1992,3,12.0,312.16
37169,1996,3,5.0,213.44
37170,1996,9,1.0,185.67
37171,1994,9,1.0,219.25
37172,1999,3,5.0,1365.29
37173,1999,12,1.0,1305.83
37174,1999,12,12.0,1305.83
37175,2000,9,1.0,1852.32
37176,2000,9,12.0,1266.24
37177,1982,12,1.0,471.01
37178,1975,3,1.0,150.39
37179,1975,3,12.0,127.31
37180,1970,3,1.0,151.09
37181,1970,3,12.0,122.2
37182,1980,9,1.0,154.03
37183,1975,3,12.0,436.35
37184,1980,3,12.0,400.32
37185,1992,3,5.0,251.09
37186,1992,3,1.0,135.98
37187,1987,9,1.0,142.07
37188,1980,3,12.0,127.08
37189,1975,3,12.0,286.65
37190,1980,3,5.0,278.58
37191,1980,6,1.0,194.48
37192,1980,3,12.0,134.43
37193,1975,3,1.0,111.06
37194,1975,3,12.0,101.41
37195,1990,3,1.0,179.03
37196,1988,3,1.0,174.67
37197,1991,3,5.0,221.84
37198,1998,6,1.0,138.44
37199,1990,3,2.0,108.93
37200,1990,12,1.0,108.93
37201,1990,6,12.0,108.93
37202,1988,3,1.0,92.92
37203,1988,3,1.0,92.25
37204,1988,3,1.0,92.02
37205,1988,3,1.0,88.74
37206,1988,3,1.0,90.29
37207,1988,3,1.0,93.35
37208,1988,3,1.0,90.78
37209,1991,12,1.0,252.85
37210,2001,9,1.0,249.15
37211,1987,9,1.0,68.16
37212,1987,3,12.0,54.49
37213,1987,3,1.0,68.16
37214,1987,3,12.0,55.03
37215,1987,12,1.0,67.98
37216,1987,3,12.0,54.32
37217,1987,12,1.0,68.75
37218,1987,3,12.0,55.21
37219,1987,12,1.0,68.66
37220,1987,3,12.0,55.06
37221,1987,12,1.0,67.9
37222,1987,3,12.0,54.52
37223,1987,3,1.0,70.99
37224,1987,3,12.0,57.1
37225,1987,12,1.0,67.86
37226,1987,3,12.0,54.63
37227,1987,9,1.0,109.43
37228,1987,9,1.0,113.34
37229,1993,3,1.0,187.47
37230,1988,9,12.0,183.7
37231,1991,3,5.0,474.46
37232,1991,3,1.0,449.0
37233,1991,3,12.0,
37234,1990,3,1.0,70.89
37235,1998,3,1.0,188.09
37236,1991,3,5.0,363.68
37237,1991,9,1.0,197.79
37238,1991,3,11.0,147.76
37239,1991,3,12.0,
37240,1988,3,1.0,187.7
37241,1989,3,1.0,186.05
37242,1989,3,12.0,95.84
37243,1990,3,1.0,68.65
37244,1990,3,1.0,68.66
37245,1990,3,1.0,68.48
37246,1990,3,1.0,68.52
37247,1982,9,1.0,149.92
37248,1986,3,1.0,145.11
37249,1986,3,12.0,129.39
37250,1994,3,1.0,259.7
37251,1979,3,1.0,173.04
37252,1979,3,12.0,152.6
37253,1976,3,1.0,148.71
37254,1976,3,12.0,135.06
37255,1977,3,1.0,151.42
37256,1980,9,1.0,125.03
37257,1980,3,12.0,109.05
37258,1982,3,1.0,148.91
37259,1974,3,1.0,151.88
37260,1980,3,1.0,115.98
37261,1980,3,12.0,86.3
37262,1983,3,1.0,219.99
37263,1983,3,12.0,181.18
37264,1995,3,1.0,240.52
37265,1995,3,12.0,138.58
37266,1992,6,1.0,236.94
37267,1992,3,12.0,142.76
37268,1992,6,1.0,231.46
37269,1989,3,5.0,227.49
37270,1989,3,3.0,136.67
37271,2009,6,1.0,61.82
37272,2004,3,1.0,233.84
37273,2000,6,1.0,371.35
37274,1974,12,1.0,276.28
37275,1974,12,1.0,276.28
37276,1974,12,1.0,276.31
37277,1974,12,1.0,276.28
37278,1974,12,1.0,276.28
37279,1974,18,1.0,150.89
37280,1991,9,1.0,90.95
37281,2000,6,12.0,63.66
37282,1991,3,1.0,96.45
37283,1991,9,1.0,96.85
37284,2004,6,12.0,59.77
37285,1991,3,1.0,96.56
37286,1991,3,1.0,94.15
37287,1991,3,1.0,99.93
37288,1991,3,1.0,107.57
37289,1995,3,1.0,99.33
37290,1995,3,1.0,95.4
37291,1995,3,1.0,95.41
37292,1995,3,1.0,96.5
37293,1995,3,1.0,96.64
37294,1995,3,1.0,95.41
37295,1995,3,1.0,99.31
37296,1997,3,1.0,92.85
37297,1997,3,1.0,97.31
37298,1997,3,1.0,97.09
37299,1998,3,1.0,96.54
37300,1998,3,1.0,96.23
37301,1998,3,1.0,98.81
37302,1994,9,1.0,112.41
37303,1998,3,12.0,71.51
37304,1996,6,1.0,250.83
37305,1990,3,1.0,84.55
37306,1990,3,1.0,83.55
37307,1990,3,1.0,85.21
37308,1990,3,1.0,82.87
37309,1990,3,1.0,84.63
37310,1990,3,1.0,86.87
37311,1990,3,1.0,85.14
37312,1990,3,1.0,83.02
37313,2007,9,1.0,504.1
37314,1990,3,1.0,87.41
37315,1990,3,1.0,79.36
37316,1990,3,1.0,86.97
37317,1990,3,1.0,82.11
37318,1994,12,1.0,47.83
37319,1990,3,1.0,41.36
37320,1990,3,1.0,74.67
37321,1990,3,1.0,74.44
37322,1992,6,1.0,245.92
37323,1992,3,12.0,234.99
37324,1992,3,1.0,167.52
37325,1992,3,12.0,125.12
37326,1992,3,1.0,165.65
37327,1992,3,12.0,123.87
37328,1999,9,1.0,157.51
37329,2000,3,1.0,221.98
37330,1993,3,1.0,232.31
37331,1991,6,1.0,164.83
37332,1990,3,12.0,116.13
37333,1989,3,1.0,122.47
37334,1989,3,12.0,116.35
37335,1980,6,1.0,153.31
37336,1978,3,1.0,146.84
37337,1978,3,12.0,128.07
37338,1960,3,1.0,149.73
37339,1983,6,1.0,296.31
37340,1983,3,12.0,263.37
37341,1980,6,1.0,151.65
37342,1980,6,12.0,151.65
37343,1983,3,1.0,147.96
37344,1983,3,1.0,173.99
37345,1983,3,12.0,139.2
37346,1984,3,1.0,147.95
37347,1983,3,1.0,149.45
37348,1983,3,12.0,128.84
37349,1984,3,1.0,195.36
37350,1984,3,12.0,195.36
37351,1995,3,1.0,242.84
37352,1992,3,12.0,151.77
37353,1994,3,1.0,166.84
37354,1992,6,1.0,268.58
37355,1991,3,1.0,246.19
37356,1990,3,1.0,169.9
37357,1999,3,1.0,243.72
37358,1993,3,1.0,179.92
37359,2000,3,3.0,2589.24
37360,2000,3,2.0,1002.46
37361,2011,3,9.0,
37362,2011,3,11.0,
37363,2000,3,3.0,430.23
37364,2000,3,2.0,135.81
37365,1998,6,5.0,8625.13
37366,1998,3,3.0,2016.92
37367,1999,3,8.0,
37368,1998,6,10.0,
37369,1999,3,12.0,
37370,2000,3,3.0,3980.32
37371,2000,3,3.0,947.66
37372,2000,3,3.0,1922.53
37373,2000,6,2.0,426.94
37374,1979,6,10.0,416.86
37375,1975,3,1.0,97.68
37376,1919,6,3.0,319.64
37377,1919,6,2.0,56.0
37378,2018,3,1.0,144.57
37379,1920,3,12.0,
37380,1901,3,5.0,664.69
37381,1980,3,5.0,238.82
37382,1980,3,1.0,215.89
37383,1980,3,12.0,10.18
37384,1924,3,3.0,76.12
37385,1901,3,,277.78
37386,1985,3,1.0,329.75
37387,1959,3,1.0,194.82
37388,2004,3,10.0,46.43
37389,1972,3,1.0,162.2
37390,1960,3,11.0,
37391,1963,3,1.0,178.55
37392,1970,6,1.0,200.77
37393,1970,3,12.0,116.93
37394,2000,3,1.0,171.33
37395,1922,3,1.0,306.77
37396,2004,3,10.0,130.4
37397,2004,3,12.0,130.4
37398,1958,3,1.0,165.57
37399,1959,3,1.0,92.87
37400,1952,3,1.0,192.61
37401,1952,3,12.0,109.4
37402,1932,3,1.0,157.82
37403,1960,6,1.0,137.5
37404,1960,3,11.0,29.12
37405,1960,3,12.0,
37406,1968,3,1.0,135.28
37407,1999,6,1.0,353.19
37408,1999,3,10.0,72.78
37409,1999,3,11.0,
37410,1999,3,12.0,
37411,1960,3,1.0,146.06
37412,1960,3,1.0,213.09
37413,1945,3,12.0,
37414,1942,3,1.0,153.96
37415,1942,3,12.0,
37416,1996,3,1.0,191.11
37417,2011,3,11.0,
37418,2011,3,12.0,
37419,2018,3,10.0,146.08
37420,1988,3,12.0,
37421,1922,3,1.0,117.93
37422,1960,3,1.0,126.36
37423,1960,3,12.0,
37424,1963,3,1.0,117.32
37425,1965,3,1.0,112.1
37426,1964,3,1.0,129.77
37427,1964,3,11.0,
37428,1964,3,12.0,
37429,2007,6,1.0,147.0
37430,2021,3,1.0,108.15
37431,2021,3,11.0,
37432,1963,3,1.0,131.08
37433,1963,3,11.0,12.66
37434,1963,6,12.0,
37435,1968,3,5.0,239.31
37436,1968,3,1.0,169.01
37437,2006,3,10.0,
37438,1965,3,1.0,170.45
37439,1965,3,12.0,170.45
37440,1969,3,12.0,138.57
37441,1972,3,1.0,205.34
37442,1972,3,12.0,159.96
37443,1970,3,1.0,137.37
37444,2005,6,1.0,100.69
37445,1965,3,1.0,130.21
37446,1960,6,1.0,224.07
37447,1960,3,11.0,83.39
37448,1960,6,12.0,
37449,1969,3,1.0,241.26
37450,2007,3,1.0,144.67
37451,2007,3,12.0,129.78
37452,1964,3,1.0,59.82
37453,1964,3,12.0,59.82
37454,1960,3,1.0,155.89
37455,1975,3,12.0,15.9
37456,1960,3,1.0,160.12
37457,1959,3,1.0,157.16
37458,2005,3,1.0,227.95
37459,1959,3,1.0,61.09
37460,1960,6,1.0,144.84
37461,1960,3,1.0,151.07
37462,1962,6,1.0,133.76
37463,1962,3,12.0,
37464,1961,3,1.0,204.27
37465,1961,3,12.0,102.19
37466,1960,3,1.0,83.31
37467,1961,3,1.0,104.32
37468,1961,3,12.0,
37469,1961,3,1.0,87.25
37470,1962,9,1.0,119.62
37471,1962,6,12.0,96.63
37472,1962,3,1.0,113.07
37473,1962,3,12.0,
37474,1961,3,1.0,122.38
37475,1963,3,1.0,172.3
37476,1963,3,12.0,
37477,1960,3,1.0,115.24
37478,2002,3,1.0,87.32
37479,1970,3,1.0,232.23
37480,1939,3,1.0,56.01
37481,1963,3,1.0,81.52
37482,1963,3,12.0,
37483,1963,3,1.0,150.13
37484,1963,3,12.0,116.49
37485,1960,3,1.0,96.25
37486,1960,3,12.0,62.53
37487,1960,3,1.0,108.78
37488,1960,6,12.0,10.23
37489,1968,3,1.0,107.22
37490,1968,3,1.0,72.35
37491,1968,3,1.0,203.57
37492,1968,3,12.0,142.71
37493,1975,3,1.0,96.06
37494,1975,3,12.0,96.06
37495,1930,3,1.0,145.3
37496,1930,3,12.0,82.28
37497,1935,6,1.0,163.55
37498,1935,3,12.0,111.06
37499,1969,3,1.0,114.17
37500,1969,3,12.0,106.45
37501,1970,3,1.0,84.35
37502,1970,6,1.0,60.0
37503,1970,3,12.0,60.0
37504,1968,12,1.0,120.09
37505,1968,3,12.0,120.09
37506,1969,3,1.0,108.49
37507,1969,12,1.0,150.36
37508,1969,3,12.0,63.54
37509,1960,3,1.0,88.92
37510,1960,3,11.0,15.77
37511,1960,3,12.0,
37512,1968,3,1.0,74.9
37513,1961,3,12.0,41.41
37514,1968,3,1.0,78.76
37515,1920,3,1.0,164.48
37516,1920,3,12.0,
37517,1998,3,1.0,366.09
37518,1975,3,11.0,
37519,1986,3,12.0,
37520,2023,3,1.0,140.02
37521,1975,3,1.0,125.13
37522,1975,3,12.0,
37523,1960,6,1.0,108.71
37524,1979,3,3.0,30.59
37525,1994,3,3.0,2968.93
37526,1977,3,12.0,35.6
37527,1970,3,2.0,4346.06
37528,1970,3,12.0,397.9
37529,1972,3,3.0,1952.0
37530,1972,3,2.0,273.64
37531,2008,6,3.0,1686.18
37532,1970,3,12.0,32.13
37533,2019,3,12.0,1937.23
37534,1973,3,12.0,23.24
37535,1997,6,3.0,5942.59
37536,1970,3,2.0,631.23
37537,1970,3,12.0,36.05
37538,1970,3,3.0,398.42
37539,1970,3,12.0,395.06
37540,1976,3,5.0,340.16
37541,1976,24,1.0,340.16
37542,1976,3,12.0,340.16
37543,1976,3,5.0,490.73
37544,1976,30,1.0,341.62
37545,1976,6,12.0,341.62
37546,1976,3,5.0,704.98
37547,1976,33,1.0,340.69
37548,1976,3,12.0,340.69
37549,1976,3,5.0,340.48
37550,1976,30,1.0,340.48
37551,1976,3,12.0,340.48
37552,1976,3,5.0,346.51
37553,1976,30,1.0,346.51
37554,1976,3,12.0,346.51
37555,1976,3,5.0,340.96
37556,1976,30,1.0,340.96
37557,1976,3,12.0,340.96
37558,1976,33,1.0,340.2
37559,1976,3,12.0,340.2
37560,1990,9,,532.46
37561,1957,3,1.0,232.89
37562,2010,3,9.0,569.99
37563,2003,3,1.0,313.72
37564,1996,3,1.0,243.14
37565,1994,3,11.0,138.29
37566,1989,3,12.0,138.29
37567,1991,3,1.0,210.45
37568,1987,3,3.0,382.47
37569,1998,6,1.0,212.8
37570,1998,3,1.0,276.52
37571,2002,3,1.0,193.48
37572,1976,3,1.0,348.79
37573,1976,3,12.0,288.75
37574,1985,3,1.0,486.1
37575,1975,3,12.0,230.99
37576,1971,3,5.0,345.28
37577,1971,3,1.0,192.9
37578,2002,3,12.0,
37579,1971,3,1.0,214.87
37580,1971,3,12.0,158.57
37581,1976,6,1.0,204.66
37582,1976,3,12.0,150.7
37583,1994,3,3.0,508.1
37584,1992,3,3.0,359.0
37585,1983,3,1.0,164.02
37586,1991,3,1.0,241.45
37587,1988,6,1.0,201.8
37588,1988,3,12.0,201.8
37589,1980,6,1.0,142.55
37590,1980,3,11.0,121.86
37591,1991,3,12.0,216.77
37592,2007,6,1.0,396.96
37593,2011,12,1.0,406.5
37594,2011,9,11.0,383.26
37595,2011,12,12.0,383.26
37596,2006,3,1.0,603.9
37597,1967,3,1.0,54.22
37598,1971,3,1.0,71.38
37599,1971,9,12.0,172.29
37600,2010,6,1.0,350.11
37601,1971,3,1.0,147.82
37602,1971,3,12.0,83.81
37603,1961,3,1.0,36.66
37604,1968,3,1.0,118.84
37605,2001,6,1.0,704.5
37606,2021,9,1.0,141.78
37607,1967,3,1.0,226.67
37608,1967,3,12.0,164.06
37609,2004,6,1.0,433.92
37610,2008,6,1.0,701.42
37611,2002,3,1.0,815.82
37612,2002,3,12.0,815.82
37613,1971,3,1.0,73.55
37614,2003,3,1.0,462.03
37615,2003,3,1.0,896.77
37616,2003,3,12.0,336.26
37617,2005,6,1.0,425.68
37618,2007,6,1.0,438.62
37619,2011,9,4.0,1961.02
37620,2011,3,3.0,1495.01
37621,2011,3,10.0,1327.75
37622,2011,3,11.0,
37623,2013,6,5.0,5568.69
37624,2016,3,2.0,4482.67
37625,2013,18,1.0,4482.67
37626,2009,3,12.0,4482.67
37627,2004,9,7.0,796.84
37628,2008,6,3.0,604.87
37629,1995,3,5.0,2051.6
37630,1995,9,1.0,1991.19
37631,1995,9,12.0,1920.37
37632,1998,9,1.0,743.06
37633,1998,9,12.0,743.06
37634,2001,9,1.0,1188.62
37635,2002,9,1.0,540.63
37636,2003,9,1.0,589.4
37637,1975,3,10.0,50.02
37638,1994,12,1.0,564.84
37639,1994,3,12.0,564.84
37640,2001,9,1.0,348.57
37641,1959,3,12.0,18.63
37642,1970,3,1.0,87.46
37643,1955,3,1.0,118.53
37644,1959,3,1.0,44.53
37645,1952,6,1.0,97.66
37646,1952,3,12.0,97.66
37647,1960,3,1.0,63.44
37648,1968,3,1.0,41.6
37649,1960,3,1.0,79.57
37650,1960,3,1.0,63.3
37651,1955,6,1.0,55.25
37652,1965,3,1.0,67.3
37653,2000,3,1.0,59.28
37654,1965,3,1.0,81.47
37655,1965,3,1.0,71.32
37656,1965,3,12.0,51.45
37657,1976,3,1.0,75.29
37658,1976,3,12.0,57.51
37659,1968,3,1.0,84.53
37660,1970,3,1.0,41.01
37661,2001,6,1.0,110.35
37662,2001,3,12.0,110.35
37663,1975,3,8.0,102.18
37664,1975,3,1.0,102.18
37665,1958,3,1.0,52.33
37666,1956,6,1.0,37.0
37667,1955,3,1.0,96.49
37668,2005,6,1.0,29.07
37669,1956,3,1.0,72.35
37670,1990,3,1.0,88.36
37671,1960,3,1.0,76.85
37672,1958,3,5.0,78.15
37673,1958,3,1.0,78.15
37674,1960,3,1.0,83.94
37675,1960,3,12.0,83.94
37676,1958,3,1.0,53.99
37677,1987,3,5.0,59.62
37678,1987,3,1.0,59.62
37679,1987,3,12.0,25.12
37680,1959,3,1.0,93.73
37681,1959,3,12.0,93.73
37682,1965,3,1.0,94.4
37683,1965,9,12.0,94.4
37684,1955,3,1.0,73.33
37685,1956,6,1.0,80.24
37686,1959,3,1.0,91.84
37687,1968,3,1.0,81.81
37688,1943,3,1.0,64.09
37689,1955,3,5.0,89.23
37690,1955,3,1.0,64.69
37691,1950,3,1.0,76.82
37692,1961,9,1.0,95.1
37693,1961,3,11.0,95.1
37694,1961,6,12.0,17.37
37695,2004,3,1.0,71.39
37696,1963,3,1.0,61.33
37697,1958,6,1.0,71.71
37698,1958,3,12.0,71.71
37699,1957,3,5.0,66.52
37700,1957,3,1.0,66.52
37701,1972,3,1.0,56.77
37702,1953,6,1.0,56.73
37703,1953,3,11.0,52.23
37704,1953,9,1.0,91.04
37705,1955,3,1.0,95.16
37706,1955,3,12.0,87.94
37707,1969,3,1.0,93.36
37708,1958,3,12.0,88.55
37709,1963,3,1.0,86.89
37710,1972,3,1.0,93.59
37711,1972,3,12.0,93.59
37712,1955,3,1.0,79.59
37713,1950,3,1.0,83.52
37714,1955,3,1.0,74.66
37715,1958,3,1.0,82.73
37716,1953,3,1.0,82.89
37717,1952,3,1.0,93.59
37718,1955,6,1.0,114.36
37719,1955,3,12.0,114.36
37720,1958,3,1.0,88.06
37721,1965,9,1.0,83.33
37722,1960,3,1.0,86.37
37723,1974,3,1.0,84.11
37724,1968,9,1.0,74.37
37725,1958,6,1.0,94.65
37726,1970,3,1.0,72.3
37727,1996,3,1.0,87.58
37728,2000,3,1.0,91.22
37729,1980,3,1.0,143.49
37730,1980,3,12.0,99.41
37731,1975,3,5.0,140.37
37732,1975,3,1.0,115.33
37733,1980,6,1.0,149.49
37734,1979,6,1.0,132.91
37735,1975,3,1.0,125.34
37736,1975,3,12.0,125.34
37737,2007,6,1.0,242.0
37738,1978,3,5.0,219.99
37739,2008,9,1.0,81.32
37740,1975,3,1.0,193.91
37741,1975,3,12.0,139.48
37742,1980,6,1.0,166.86
37743,1979,9,1.0,172.12
37744,1989,3,1.0,59.27
37745,1989,3,12.0,59.27
37746,1989,3,1.0,109.93
37747,1989,3,12.0,62.26
37748,1989,3,1.0,107.55
37749,1989,3,12.0,58.87
37750,1989,3,1.0,109.18
37751,1989,3,12.0,60.34
37752,1989,3,1.0,110.69
37753,1989,3,12.0,60.46
37754,1989,3,1.0,106.9
37755,1989,3,12.0,60.14
37756,1989,3,1.0,107.61
37757,1989,3,12.0,60.55
37758,1989,3,1.0,111.93
37759,1989,3,12.0,63.08
37760,1989,3,1.0,61.43
37761,1989,3,12.0,61.43
37762,1989,3,1.0,60.88
37763,1989,3,12.0,60.88
37764,1989,3,1.0,59.75
37765,1989,3,12.0,59.75
37766,1989,3,1.0,61.43
37767,1989,3,12.0,61.43
37768,1989,3,1.0,72.81
37769,1989,3,12.0,60.0
37770,1989,3,1.0,62.65
37771,1989,3,12.0,62.65
37772,1989,3,5.0,51.46
37773,2003,12,1.0,51.46
37774,1989,3,1.0,75.55
37775,1989,3,12.0,61.03
37776,1989,3,1.0,58.08
37777,1989,3,12.0,58.08
37778,1989,3,1.0,57.93
37779,1989,3,12.0,57.93
37780,1989,3,1.0,63.18
37781,1989,3,12.0,63.18
37782,1989,3,1.0,55.74
37783,1989,3,12.0,55.74
37784,2008,6,1.0,137.87
37785,2007,6,1.0,88.09
37786,1987,3,1.0,619.07
37787,1987,3,12.0,603.01
37788,1987,3,1.0,593.84
37789,1987,3,12.0,593.84
37790,1987,3,1.0,616.1
37791,1987,3,12.0,594.6
37792,1999,3,1.0,242.8
37793,1992,3,1.0,245.6
37794,2010,6,1.0,244.53
37795,1994,3,12.0,140.38
37796,1990,3,1.0,361.97
37797,1990,3,12.0,279.35
37798,1999,6,1.0,241.36
37799,1989,3,1.0,81.81
37800,1989,3,1.0,84.25
37801,1991,3,1.0,243.37
37802,1991,3,12.0,147.66
37803,1999,3,1.0,82.2
37804,1989,3,1.0,240.08
37805,1990,3,12.0,243.94
37806,1988,3,1.0,68.07
37807,1988,3,1.0,66.11
37808,1991,6,1.0,234.22
37809,1997,3,1.0,81.2
37810,1993,3,5.0,688.25
37811,1993,6,1.0,588.45
37812,1994,3,1.0,58.69
37813,1993,3,1.0,56.17
37814,1993,3,12.0,56.17
37815,1993,3,1.0,268.12
37816,1985,15,1.0,121.94
37817,1985,3,12.0,121.94
37818,1985,9,1.0,149.25
37819,1992,3,1.0,74.44
37820,1992,3,1.0,73.6
37821,1992,3,1.0,75.52
37822,1993,3,1.0,57.26
37823,1993,3,12.0,57.26
37824,1993,3,1.0,56.33
37825,1993,3,12.0,56.33
37826,1994,3,1.0,56.98
37827,1994,3,1.0,59.89
37828,1994,3,1.0,59.22
37829,1994,3,1.0,69.7
37830,1994,3,1.0,66.1
37831,1994,3,1.0,75.88
37832,1994,3,1.0,72.9
37833,1994,3,1.0,72.11
37834,1989,6,1.0,315.63
37835,1994,6,1.0,616.33
37836,1988,9,1.0,1376.08
37837,1988,6,11.0,1300.33
37838,1988,3,12.0,1092.44
37839,1994,3,1.0,103.07
37840,1984,9,1.0,272.89
37841,1974,9,1.0,300.44
37842,1974,9,1.0,291.56
37843,1974,9,1.0,288.43
37844,1974,9,1.0,296.34
37845,1991,3,5.0,125.58
37846,1991,6,1.0,115.51
37847,1973,12,1.0,219.64
37848,1973,12,1.0,217.89
37849,1973,12,1.0,219.17
37850,1973,9,1.0,217.21
37851,1993,3,1.0,163.92
37852,1988,3,1.0,149.8
37853,1988,3,12.0,140.87
37854,1990,3,1.0,138.57
37855,1993,3,1.0,306.77
37856,1994,6,1.0,315.3
37857,1994,3,11.0,143.18
37858,1993,3,12.0,97.1
37859,1987,3,1.0,204.01
37860,1987,3,12.0,98.94
37861,1990,3,12.0,607.14
37862,1993,9,1.0,204.93
37863,1992,6,12.0,93.38
37864,1998,3,5.0,200.09
37865,2008,6,1.0,248.3
37866,1992,3,5.0,119.11
37867,1992,9,1.0,119.11
37868,1974,12,1.0,288.66
37869,1974,12,1.0,289.32
37870,1974,12,1.0,288.88
37871,1974,12,1.0,292.45
37872,1974,12,1.0,302.16
37873,1974,12,1.0,310.45
37874,1974,12,1.0,306.46
37875,1974,12,1.0,325.54
37876,1978,3,12.0,31.19
37877,1900,3,1.0,910.53
37878,1925,6,1.0,147.46
37879,1925,6,12.0,53.75
37880,1968,3,1.0,161.51
37881,1970,3,10.0,
37882,1968,3,12.0,
37883,1925,3,1.0,177.44
37884,1910,3,10.0,7.68
37885,1925,3,11.0,
37886,1920,6,12.0,
37887,1979,3,1.0,207.35
37888,1979,3,12.0,173.3
37889,1962,3,1.0,110.13
37890,1962,3,10.0,
37891,1962,3,12.0,
37892,1920,3,1.0,136.92
37893,1960,3,12.0,
37894,1964,3,1.0,140.23
37895,2002,3,10.0,37.21
37896,2002,3,12.0,
37897,1963,3,1.0,96.83
37898,1963,3,10.0,
37899,1963,3,11.0,
37900,1963,3,12.0,
37901,1968,3,1.0,167.9
37902,1995,3,1.0,81.73
37903,1991,3,1.0,148.81
37904,1991,3,12.0,
37905,1991,3,1.0,608.94
37906,2005,3,10.0,522.9
37907,1991,3,12.0,
37908,2000,3,1.0,207.02
37909,2000,3,10.0,100.34
37910,1966,3,1.0,626.27
37911,2005,3,1.0,79.25
37912,1965,3,1.0,84.05
37913,1976,3,1.0,148.48
37914,1959,3,1.0,171.14
37915,1959,3,1.0,144.93
37916,1910,6,1.0,98.07
37917,1910,3,12.0,49.05
37918,2006,9,1.0,248.18
37919,2006,3,10.0,209.86
37920,1996,3,1.0,211.03
37921,2014,9,1.0,338.53
37922,2014,3,12.0,319.23
37923,2000,3,1.0,152.02
37924,1998,3,5.0,1904.18
37925,1998,3,12.0,1877.73
37926,1998,3,5.0,1420.34
37927,1998,3,2.0,1370.36
37928,1970,3,2.0,2082.79
37929,1970,3,12.0,1969.52
37930,1990,6,3.0,3404.43
37931,1979,6,2.0,749.78
37932,1990,3,11.0,327.83
37933,1990,3,12.0,
37934,1980,3,12.0,24.72
37935,1990,6,5.0,1754.37
37936,1990,3,2.0,942.41
37937,1990,6,12.0,
37938,1990,3,5.0,1334.08
37939,2000,6,5.0,2668.47
37940,1989,3,11.0,2059.28
37941,2012,3,5.0,3134.44
37942,2012,3,2.0,2947.42
37943,2012,6,12.0,469.33
37944,1970,3,5.0,1738.34
37945,1970,3,3.0,
37946,2009,6,5.0,5774.41
37947,2012,6,3.0,5774.41
37948,2009,6,2.0,523.41
37949,2009,3,12.0,
37950,1979,3,12.0,15.07
37951,2009,3,2.0,6105.26
37952,1967,6,5.0,4062.07
37953,1967,3,1.0,2085.25
