OBJECTID,HEIGHT_norm
1,3
2,3
3,6
4,3
5,6
6,6
7,6
8,3
9,3
10,3
11,9
12,6
13,6
14,9
15,6
16,6
17,15
18,3
19,3
20,9
21,6
22,6
23,3
24,9
25,6
26,6
27,9
28,6
29,3
30,9
31,9
32,9
33,3
34,39
35,0
36,9
37,6
38,18
39,3
40,3
41,3
42,3
43,3
44,9
45,3
46,3
47,6
48,6
49,6
50,3
51,6
52,3
53,6
54,3
55,9
56,6
57,12
58,9
59,9
60,6
61,3
62,3
63,9
64,3
65,9
66,6
67,9
68,6
69,3
70,9
71,9
72,6
73,9
74,12
75,9
76,9
77,12
78,12
79,6
80,9
81,9
82,6
83,9
84,3
85,3
86,12
87,9
88,12
89,18
90,3
91,6
92,6
93,6
94,6
95,3
96,6
97,12
98,6
99,9
100,12
101,9
102,12
103,9
104,9
105,15
106,9
107,6
108,9
109,6
110,6
111,3
112,6
113,9
114,12
115,9
116,3
117,12
118,12
119,3
120,3
121,6
122,9
123,6
124,6
125,3
126,3
127,6
128,6
129,9
130,9
131,9
132,12
133,12
134,9
135,6
136,9
137,12
138,9
139,15
140,12
141,9
142,9
143,12
144,6
145,3
146,6
147,6
148,6
149,6
150,3
151,3
152,3
153,3
154,12
155,12
156,3
157,6
158,9
159,9
160,12
161,3
162,9
163,9
164,6
165,3
166,9
167,9
168,3
169,6
170,9
171,6
172,6
173,12
174,9
175,6
176,6
177,9
178,6
179,3
180,9
181,3
182,6
183,9
184,9
185,9
186,9
187,9
188,6
189,9
190,12
191,6
192,12
193,3
194,6
195,9
196,9
197,3
198,9
199,12
200,9
201,6
202,9
203,12
204,9
205,12
206,12
207,3
208,12
209,3
210,9
211,9
212,12
213,6
214,6
215,6
216,9
217,6
218,6
219,12
220,9
221,6
222,6
223,6
224,9
225,3
226,9
227,6
228,9
229,9
230,3
231,12
232,9
233,9
234,9
235,6
236,9
237,9
238,3
239,3
240,12
241,9
242,9
243,6
244,9
245,3
246,3
247,3
248,6
249,12
250,6
251,12
252,3
253,6
254,9
255,9
256,6
257,6
258,3
259,6
260,0
261,3
262,12
263,12
264,6
265,9
266,9
267,9
268,9
269,9
270,9
271,6
272,6
273,12
274,6
275,6
276,6
277,3
278,6
279,6
280,9
281,6
282,12
283,9
284,9
285,9
286,9
287,6
288,9
289,9
290,6
291,9
292,3
293,6
294,6
295,6
296,3
297,6
298,9
299,3
300,9
301,9
302,9
303,9
304,9
305,9
306,3
307,6
308,3
309,6
310,3
311,3
312,6
313,6
314,6
315,3
316,6
317,3
318,9
319,9
320,12
321,9
322,9
323,24
324,3
325,3
326,3
327,6
328,12
329,9
330,9
331,6
332,6
333,6
334,3
335,9
336,9
337,9
338,9
339,9
340,9
341,3
342,6
343,12
344,9
345,9
346,12
347,9
348,9
349,12
350,9
351,9
352,9
353,9
354,6
355,9
356,6
357,6
358,3
359,9
360,15
361,9
362,6
363,6
364,6
365,6
366,9
367,9
368,6
369,9
370,9
371,9
372,9
373,12
374,12
375,12
376,12
377,12
378,6
379,6
380,9
381,9
382,9
383,9
384,9
385,9
386,9
387,6
388,9
389,12
390,12
391,18
392,3
393,9
394,9
395,12
396,9
397,9
398,6
399,9
400,12
401,9
402,3
403,9
404,12
405,12
406,3
407,9
408,9
409,12
410,12
411,9
412,9
413,9
414,9
415,9
416,9
417,9
418,9
419,9
420,9
421,12
422,12
423,12
424,12
425,9
426,12
427,9
428,9
429,9
430,9
431,3
432,9
433,9
434,9
435,9
436,9
437,9
438,9
439,9
440,6
441,12
442,9
443,9
444,12
445,12
446,12
447,6
448,9
449,9
450,12
451,9
452,12
453,9
454,9
455,9
456,9
457,15
458,3
459,9
460,9
461,9
462,9
463,9
464,9
465,9
466,9
467,9
468,12
469,9
470,9
471,9
472,12
473,12
474,12
475,12
476,12
477,12
478,15
479,3
480,12
481,6
482,3
483,6
484,6
485,6
486,6
487,9
488,6
489,3
490,6
491,9
492,6
493,3
494,3
495,3
496,9
497,3
498,6
499,3
500,9
501,6
502,6
503,9
504,9
505,6
506,6
507,6
508,3
509,6
510,6
511,6
512,3
513,6
514,9
515,6
516,9
517,6
518,6
519,6
520,6
521,9
522,3
523,9
524,9
525,9
526,6
527,3
528,6
529,9
530,12
531,12
532,12
533,9
534,9
535,9
536,9
537,18
538,18
539,18
540,18
541,6
542,3
543,18
544,18
545,18
546,18
547,18
548,3
549,18
550,3
551,6
552,6
553,6
554,6
555,9
556,9
557,6
558,6
559,3
560,3
561,3
562,6
563,6
564,6
565,3
566,6
567,3
568,3
569,6
570,9
571,9
572,9
573,6
574,9
575,9
576,6
577,6
578,12
579,9
580,3
581,6
582,6
583,6
584,6
585,6
586,6
587,9
588,6
589,6
590,6
591,6
592,6
593,9
594,3
595,6
596,3
597,6
598,3
599,9
600,6
601,3
602,9
603,12
604,9
605,12
606,3
607,6
608,3
609,6
610,9
611,12
612,9
613,6
614,12
615,6
616,9
617,21
618,3
619,12
620,9
621,9
622,12
623,12
624,6
625,6
626,12
627,9
628,6
629,12
630,3
631,9
632,6
633,12
634,9
635,12
636,12
637,9
638,9
639,6
640,9
641,9
642,3
643,3
644,3
645,12
646,12
647,9
648,9
649,6
650,3
651,3
652,12
653,6
654,6
655,9
656,6
657,9
658,15
659,15
660,6
661,12
662,6
663,12
664,9
665,9
666,9
667,9
668,12
669,12
670,9
671,9
672,3
673,12
674,12
675,3
676,3
677,9
678,12
679,12
680,9
681,9
682,6
683,3
684,6
685,9
686,9
687,6
688,9
689,9
690,6
691,3
692,3
693,6
694,9
695,9
696,9
697,6
698,3
699,9
700,9
701,9
702,12
703,9
704,15
705,15
706,15
707,12
708,9
709,9
710,12
711,9
712,15
713,12
714,3
715,12
716,9
717,9
718,9
719,15
720,12
721,9
722,6
723,9
724,6
725,9
726,12
727,3
728,12
729,9
730,12
731,12
732,12
733,6
734,9
735,12
736,9
737,9
738,9
739,12
740,15
741,9
742,6
743,6
744,9
745,9
746,9
747,12
748,9
749,12
750,12
751,9
752,3
753,3
754,3
755,9
756,12
757,9
758,15
759,12
760,3
761,12
762,12
763,12
764,12
765,9
766,9
767,9
768,12
769,12
770,12
771,12
772,12
773,12
774,12
775,12
776,6
777,9
778,6
779,12
780,12
781,12
782,24
783,15
784,27
785,15
786,18
787,18
788,21
789,27
790,6
791,3
792,6
793,3
794,3
795,9
796,9
797,6
798,6
799,3
800,9
801,3
802,6
803,6
804,6
805,9
806,6
807,6
808,9
809,3
810,6
811,6
812,6
813,6
814,6
815,6
816,6
817,6
818,6
819,6
820,6
821,6
822,6
823,6
824,6
825,9
826,6
827,9
828,9
829,3
830,6
831,9
832,6
833,3
834,3
835,6
836,6
837,3
838,9
839,9
840,6
841,6
842,6
843,6
844,3
845,15
846,18
847,18
848,3
849,18
850,6
851,9
852,6
853,9
854,3
855,9
856,6
857,3
858,3
859,3
860,9
861,9
862,12
863,6
864,9
865,9
866,9
867,9
868,9
869,6
870,3
871,3
872,3
873,9
874,3
875,6
876,12
877,12
878,3
879,9
880,9
881,12
882,9
883,6
884,3
885,3
886,9
887,6
888,9
889,9
890,9
891,12
892,6
893,18
894,24
895,21
896,21
897,15
898,15
899,15
900,30
901,15
902,18
903,18
904,18
905,18
906,18
907,15
908,15
909,15
910,15
911,15
912,15
913,15
914,15
915,15
916,15
917,15
918,15
919,15
920,15
921,15
922,15
923,15
924,15
925,15
926,15
927,15
928,15
929,15
930,15
931,15
932,15
933,51
934,6
935,9
936,6
937,6
938,6
939,3
940,6
941,9
942,9
943,6
944,9
945,9
946,9
947,9
948,9
949,6
950,6
951,9
952,9
953,3
954,6
955,6
956,3
957,3
958,6
959,3
960,6
961,9
962,9
963,9
964,9
965,9
966,3
967,3
968,6
969,6
970,6
971,9
972,9
973,9
974,6
975,6
976,6
977,6
978,6
979,6
980,9
981,6
982,6
983,6
984,6
985,6
986,6
987,9
988,6
989,6
990,3
991,6
992,3
993,6
994,6
995,6
996,9
997,6
998,6
999,6
1000,6
1001,9
1002,9
1003,6
1004,3
1005,9
1006,6
1007,3
1008,6
1009,9
1010,6
1011,9
1012,6
1013,6
1014,6
1015,6
1016,9
1017,6
1018,6
1019,6
1020,6
1021,3
1022,6
1023,9
1024,3
1025,6
1026,9
1027,9
1028,9
1029,9
1030,15
1031,6
1032,6
1033,6
1034,9
1035,3
1036,3
1037,3
1038,3
1039,3
1040,6
1041,24
1042,27
1043,27
1044,6
1045,6
1046,3
1047,6
1048,6
1049,3
1050,6
1051,9
1052,6
1053,6
1054,3
1055,6
1056,6
1057,6
1058,6
1059,6
1060,6
1061,6
1062,3
1063,6
1064,6
1065,6
1066,6
1067,9
1068,9
1069,6
1070,6
1071,3
1072,6
1073,6
1074,6
1075,6
1076,9
1077,6
1078,6
1079,3
1080,6
1081,3
1082,6
1083,9
1084,3
1085,6
1086,6
1087,6
1088,3
1089,6
1090,9
1091,6
1092,0
1093,6
1094,6
1095,6
1096,6
1097,6
1098,3
1099,3
1100,6
1101,3
1102,6
1103,6
1104,6
1105,6
1106,3
1107,3
1108,6
1109,3
1110,3
1111,3
1112,9
1113,6
1114,3
1115,6
1116,6
1117,6
1118,6
1119,9
1120,9
1121,6
1122,6
1123,6
1124,9
1125,9
1126,6
1127,6
1128,6
1129,3
1130,6
1131,9
1132,6
1133,3
1134,3
1135,6
1136,18
1137,18
1138,18
1139,3
1140,18
1141,6
1142,3
1143,6
1144,6
1145,6
1146,6
1147,9
1148,6
1149,6
1150,6
1151,3
1152,9
1153,6
1154,6
1155,6
1156,6
1157,9
1158,9
1159,6
1160,9
1161,6
1162,6
1163,9
1164,9
1165,9
1166,3
1167,6
1168,9
1169,6
1170,9
1171,9
1172,6
1173,9
1174,3
1175,6
1176,9
1177,6
1178,9
1179,3
1180,12
1181,6
1182,9
1183,6
1184,9
1185,6
1186,9
1187,6
1188,6
1189,6
1190,3
1191,9
1192,6
1193,6
1194,6
1195,6
1196,6
1197,6
1198,6
1199,6
1200,6
1201,3
1202,6
1203,6
1204,9
1205,6
1206,6
1207,9
1208,9
1209,6
1210,6
1211,6
1212,6
1213,6
1214,6
1215,3
1216,9
1217,6
1218,9
1219,6
1220,6
1221,6
1222,6
1223,9
1224,6
1225,6
1226,6
1227,3
1228,3
1229,6
1230,3
1231,9
1232,6
1233,9
1234,6
1235,6
1236,9
1237,9
1238,6
1239,6
1240,3
1241,6
1242,6
1243,9
1244,3
1245,6
1246,3
1247,6
1248,6
1249,3
1250,9
1251,6
1252,9
1253,6
1254,6
1255,3
1256,3
1257,6
1258,6
1259,9
1260,9
1261,9
1262,6
1263,6
1264,6
1265,6
1266,3
1267,6
1268,3
1269,6
1270,3
1271,6
1272,6
1273,6
1274,6
1275,6
1276,6
1277,6
1278,6
1279,6
1280,6
1281,9
1282,6
1283,6
1284,6
1285,6
1286,6
1287,6
1288,6
1289,6
1290,6
1291,3
1292,6
1293,6
1294,6
1295,6
1296,6
1297,6
1298,6
1299,6
1300,6
1301,9
1302,6
1303,3
1304,3
1305,3
1306,6
1307,3
1308,6
1309,3
1310,6
1311,6
1312,6
1313,6
1314,6
1315,6
1316,6
1317,6
1318,6
1319,6
1320,6
1321,6
1322,9
1323,6
1324,6
1325,6
1326,9
1327,6
1328,6
1329,9
1330,6
1331,6
1332,6
1333,6
1334,6
1335,6
1336,9
1337,6
1338,6
1339,6
1340,6
1341,6
1342,9
1343,6
1344,6
1345,9
1346,9
1347,6
1348,6
1349,6
1350,6
1351,6
1352,6
1353,6
1354,9
1355,6
1356,6
1357,3
1358,6
1359,3
1360,6
1361,6
1362,6
1363,3
1364,3
1365,6
1366,3
1367,6
1368,6
1369,6
1370,6
1371,6
1372,9
1373,3
1374,6
1375,6
1376,6
1377,6
1378,9
1379,6
1380,6
1381,6
1382,9
1383,6
1384,6
1385,3
1386,3
1387,6
1388,9
1389,9
1390,6
1391,3
1392,6
1393,3
1394,9
1395,6
1396,0
1397,3
1398,3
1399,3
1400,6
1401,3
1402,3
1403,6
1404,6
1405,3
1406,3
1407,6
1408,9
1409,6
1410,6
1411,6
1412,6
1413,9
1414,6
1415,6
1416,3
1417,9
1418,6
1419,9
1420,6
1421,6
1422,6
1423,6
1424,3
1425,3
1426,3
1427,3
1428,9
1429,3
1430,6
1431,9
1432,9
1433,3
1434,6
1435,9
1436,9
1437,3
1438,3
1439,9
1440,6
1441,3
1442,6
1443,6
1444,9
1445,6
1446,3
1447,6
1448,6
1449,6
1450,6
1451,6
1452,9
1453,9
1454,6
1455,9
1456,6
1457,9
1458,3
1459,6
1460,6
1461,6
1462,9
1463,9
1464,9
1465,6
1466,3
1467,6
1468,3
1469,6
1470,3
1471,6
1472,6
1473,6
1474,9
1475,6
1476,9
1477,6
1478,6
1479,3
1480,3
1481,6
1482,6
1483,6
1484,6
1485,6
1486,6
1487,3
1488,9
1489,9
1490,3
1491,6
1492,6
1493,9
1494,9
1495,9
1496,6
1497,6
1498,6
1499,6
1500,6
1501,6
1502,6
1503,3
1504,6
1505,3
1506,6
1507,6
1508,9
1509,6
1510,3
1511,6
1512,6
1513,6
1514,9
1515,3
1516,6
1517,6
1518,6
1519,6
1520,6
1521,6
1522,6
1523,9
1524,6
1525,6
1526,3
1527,6
1528,6
1529,6
1530,6
1531,6
1532,9
1533,9
1534,9
1535,3
1536,9
1537,6
1538,3
1539,6
1540,3
1541,3
1542,6
1543,6
1544,6
1545,9
1546,3
1547,9
1548,6
1549,6
1550,6
1551,6
1552,6
1553,6
1554,3
1555,9
1556,3
1557,6
1558,6
1559,6
1560,3
1561,9
1562,6
1563,6
1564,3
1565,6
1566,9
1567,6
1568,6
1569,6
1570,6
1571,9
1572,6
1573,3
1574,6
1575,6
1576,3
1577,9
1578,6
1579,6
1580,6
1581,6
1582,3
1583,9
1584,6
1585,3
1586,3
1587,6
1588,3
1589,6
1590,6
1591,9
1592,3
1593,6
1594,6
1595,3
1596,3
1597,6
1598,6
1599,3
1600,6
1601,6
1602,6
1603,3
1604,6
1605,3
1606,6
1607,9
1608,6
1609,9
1610,9
1611,3
1612,6
1613,9
1614,9
1615,6
1616,9
1617,9
1618,6
1619,3
1620,3
1621,3
1622,9
1623,3
1624,9
1625,6
1626,6
1627,6
1628,6
1629,6
1630,3
1631,3
1632,9
1633,9
1634,3
1635,6
1636,6
1637,3
1638,3
1639,6
1640,6
1641,3
1642,9
1643,3
1644,3
1645,3
1646,6
1647,6
1648,6
1649,9
1650,3
1651,3
1652,3
1653,9
1654,3
1655,6
1656,3
1657,6
1658,3
1659,15
1660,3
1661,6
1662,3
1663,3
1664,3
1665,3
1666,6
1667,3
1668,6
1669,3
1670,3
1671,3
1672,3
1673,3
1674,6
1675,6
1676,6
1677,6
1678,6
1679,6
1680,3
1681,6
1682,6
1683,3
1684,6
1685,3
1686,3
1687,6
1688,9
1689,6
1690,3
1691,6
1692,3
1693,9
1694,6
1695,6
1696,3
1697,3
1698,3
1699,6
1700,3
1701,3
1702,12
1703,9
1704,3
1705,6
1706,9
1707,3
1708,6
1709,9
1710,3
1711,3
1712,6
1713,3
1714,6
1715,3
1716,3
1717,3
1718,6
1719,6
1720,3
1721,3
1722,3
1723,3
1724,3
1725,3
1726,6
1727,3
1728,3
1729,3
1730,6
1731,3
1732,6
1733,3
1734,6
1735,6
1736,3
1737,3
1738,3
1739,6
1740,3
1741,3
1742,3
1743,9
1744,3
1745,6
1746,6
1747,3
1748,3
1749,3
1750,3
1751,6
1752,6
1753,3
1754,3
1755,3
1756,3
1757,3
1758,3
1759,6
1760,9
1761,3
1762,6
1763,3
1764,6
1765,3
1766,3
1767,6
1768,0
1769,3
1770,6
1771,6
1772,3
1773,9
1774,6
1775,3
1776,6
1777,3
1778,6
1779,3
1780,3
1781,9
1782,6
1783,3
1784,3
1785,3
1786,6
1787,6
1788,3
1789,6
1790,6
1791,6
1792,3
1793,3
1794,6
1795,6
1796,6
1797,6
1798,9
1799,9
1800,3
1801,9
1802,3
1803,9
1804,3
1805,6
1806,3
1807,3
1808,3
1809,6
1810,3
1811,3
1812,3
1813,3
1814,3
1815,3
1816,3
1817,6
1818,9
1819,3
1820,3
1821,3
1822,3
1823,3
1824,3
1825,3
1826,3
1827,12
1828,3
1829,3
1830,6
1831,6
1832,6
1833,6
1834,3
1835,3
1836,3
1837,6
1838,6
1839,6
1840,6
1841,3
1842,3
1843,3
1844,6
1845,6
1846,6
1847,6
1848,9
1849,6
1850,9
1851,3
1852,6
1853,6
1854,6
1855,6
1856,6
1857,6
1858,6
1859,6
1860,6
1861,6
1862,6
1863,3
1864,3
1865,6
1866,6
1867,9
1868,6
1869,3
1870,9
1871,6
1872,9
1873,6
1874,9
1875,6
1876,6
1877,3
1878,9
1879,9
1880,6
1881,6
1882,9
1883,6
1884,3
1885,6
1886,6
1887,9
1888,9
1889,6
1890,3
1891,3
1892,9
1893,6
1894,6
1895,3
1896,6
1897,6
1898,6
1899,6
1900,6
1901,6
1902,6
1903,3
1904,9
1905,6
1906,3
1907,6
1908,6
1909,6
1910,6
1911,6
1912,6
1913,3
1914,6
1915,3
1916,6
1917,6
1918,6
1919,9
1920,9
1921,3
1922,6
1923,9
1924,9
1925,3
1926,3
1927,3
1928,3
1929,6
1930,6
1931,3
1932,3
1933,6
1934,6
1935,6
1936,6
1937,9
1938,9
1939,6
1940,6
1941,3
1942,3
1943,9
1944,6
1945,9
1946,3
1947,3
1948,3
1949,3
1950,6
1951,6
1952,6
1953,6
1954,6
1955,6
1956,3
1957,6
1958,3
1959,6
1960,3
1961,6
1962,6
1963,6
1964,6
1965,3
1966,6
1967,3
1968,6
1969,9
1970,6
1971,3
1972,6
1973,3
1974,6
1975,9
1976,3
1977,9
1978,3
1979,9
1980,6
1981,9
1982,6
1983,0
1984,12
1985,6
1986,3
1987,3
1988,6
1989,3
1990,6
1991,6
1992,3
1993,3
1994,3
1995,3
1996,6
1997,3
1998,6
1999,3
2000,6
2001,3
2002,6
2003,3
2004,6
2005,6
2006,6
2007,6
2008,3
2009,3
2010,3
2011,3
2012,3
2013,3
2014,3
2015,3
2016,3
2017,3
2018,3
2019,9
2020,6
2021,3
2022,3
2023,6
2024,3
2025,3
2026,3
2027,3
2028,3
2029,3
2030,6
2031,6
2032,3
2033,9
2034,6
2035,3
2036,3
2037,6
2038,9
2039,3
2040,6
2041,6
2042,3
2043,3
2044,3
2045,9
2046,9
2047,6
2048,3
2049,6
2050,6
2051,6
2052,9
2053,6
2054,6
2055,9
2056,6
2057,3
2058,9
2059,3
2060,9
2061,3
2062,6
2063,3
2064,6
2065,3
2066,6
2067,9
2068,9
2069,3
2070,6
2071,9
2072,6
2073,6
2074,6
2075,6
2076,6
2077,6
2078,6
2079,6
2080,3
2081,6
2082,9
2083,3
2084,3
2085,6
2086,6
2087,3
2088,3
2089,6
2090,6
2091,3
2092,3
2093,6
2094,6
2095,9
2096,6
2097,6
2098,6
2099,9
2100,6
2101,9
2102,6
2103,6
2104,6
2105,9
2106,3
2107,6
2108,6
2109,3
2110,6
2111,9
2112,9
2113,9
2114,3
2115,9
2116,6
2117,6
2118,6
2119,6
2120,6
2121,6
2122,3
2123,3
2124,3
2125,6
2126,6
2127,6
2128,9
2129,12
2130,6
2131,9
2132,6
2133,6
2134,6
2135,6
2136,9
2137,6
2138,3
2139,3
2140,6
2141,6
2142,3
2143,3
2144,6
2145,3
2146,6
2147,6
2148,6
2149,6
2150,6
2151,3
2152,6
2153,6
2154,15
2155,9
2156,9
2157,6
2158,9
2159,3
2160,3
2161,3
2162,3
2163,6
2164,9
2165,6
2166,6
2167,9
2168,6
2169,9
2170,6
2171,9
2172,6
2173,6
2174,3
2175,6
2176,6
2177,3
2178,9
2179,3
2180,6
2181,6
2182,6
2183,9
2184,6
2185,6
2186,3
2187,6
2188,3
2189,6
2190,12
2191,12
2192,9
2193,9
2194,3
2195,3
2196,3
2197,0
2198,6
2199,6
2200,6
2201,6
2202,9
2203,3
2204,6
2205,9
2206,6
2207,6
2208,6
2209,6
2210,3
2211,6
2212,6
2213,3
2214,6
2215,3
2216,6
2217,6
2218,6
2219,9
2220,9
2221,6
2222,6
2223,9
2224,6
2225,6
2226,6
2227,9
2228,3
2229,3
2230,9
2231,9
2232,6
2233,6
2234,9
2235,9
2236,6
2237,3
2238,3
2239,9
2240,6
2241,6
2242,6
2243,6
2244,6
2245,6
2246,6
2247,9
2248,9
2249,6
2250,6
2251,6
2252,3
2253,9
2254,6
2255,9
2256,9
2257,9
2258,9
2259,6
2260,6
2261,9
2262,9
2263,9
2264,9
2265,9
2266,3
2267,9
2268,6
2269,6
2270,6
2271,9
2272,9
2273,6
2274,9
2275,6
2276,6
2277,6
2278,6
2279,0
2280,6
2281,3
2282,9
2283,3
2284,6
2285,6
2286,6
2287,6
2288,6
2289,9
2290,3
2291,6
2292,3
2293,3
2294,3
2295,3
2296,6
2297,6
2298,6
2299,6
2300,3
2301,6
2302,6
2303,6
2304,9
2305,0
2306,3
2307,3
2308,6
2309,6
2310,6
2311,6
2312,9
2313,6
2314,3
2315,6
2316,3
2317,6
2318,6
2319,3
2320,6
2321,6
2322,3
2323,3
2324,6
2325,9
2326,6
2327,6
2328,6
2329,6
2330,6
2331,6
2332,3
2333,6
2334,6
2335,3
2336,3
2337,6
2338,9
2339,6
2340,3
2341,6
2342,3
2343,6
2344,6
2345,6
2346,3
2347,0
2348,3
2349,3
2350,3
2351,3
2352,6
2353,3
2354,6
2355,6
2356,6
2357,9
2358,9
2359,3
2360,6
2361,3
2362,9
2363,3
2364,6
2365,6
2366,3
2367,3
2368,6
2369,6
2370,6
2371,3
2372,6
2373,6
2374,6
2375,6
2376,9
2377,6
2378,3
2379,6
2380,6
2381,9
2382,3
2383,6
2384,6
2385,3
2386,3
2387,9
2388,6
2389,3
2390,3
2391,3
2392,9
2393,6
2394,6
2395,6
2396,6
2397,9
2398,3
2399,3
2400,3
2401,3
2402,6
2403,3
2404,6
2405,3
2406,6
2407,6
2408,6
2409,3
2410,3
2411,3
2412,3
2413,6
2414,6
2415,9
2416,9
2417,3
2418,9
2419,6
2420,9
2421,6
2422,3
2423,6
2424,9
2425,6
2426,3
2427,3
2428,3
2429,6
2430,6
2431,6
2432,6
2433,6
2434,3
2435,6
2436,6
2437,3
2438,3
2439,3
2440,3
2441,6
2442,3
2443,6
2444,6
2445,3
2446,6
2447,6
2448,6
2449,6
2450,6
2451,6
2452,3
2453,6
2454,3
2455,6
2456,3
2457,3
2458,3
2459,3
2460,6
2461,9
2462,6
2463,3
2464,6
2465,6
2466,6
2467,3
2468,6
2469,3
2470,6
2471,3
2472,6
2473,3
2474,3
2475,6
2476,3
2477,6
2478,6
2479,3
2480,9
2481,9
2482,9
2483,6
2484,6
2485,6
2486,9
2487,9
2488,6
2489,3
2490,6
2491,6
2492,3
2493,3
2494,3
2495,6
2496,6
2497,9
2498,6
2499,3
2500,6
2501,6
2502,6
2503,9
2504,3
2505,9
2506,6
2507,6
2508,3
2509,6
2510,3
2511,3
2512,6
2513,3
2514,3
2515,9
2516,6
2517,3
2518,12
2519,6
2520,6
2521,6
2522,6
2523,6
2524,3
2525,6
2526,3
2527,6
2528,6
2529,6
2530,3
2531,6
2532,6
2533,6
2534,3
2535,9
2536,6
2537,9
2538,9
2539,9
2540,6
2541,3
2542,6
2543,6
2544,6
2545,6
2546,3
2547,6
2548,3
2549,3
2550,3
2551,9
2552,3
2553,6
2554,9
2555,6
2556,6
2557,3
2558,3
2559,9
2560,9
2561,9
2562,6
2563,9
2564,6
2565,3
2566,3
2567,6
2568,3
2569,3
2570,3
2571,6
2572,3
2573,6
2574,3
2575,6
2576,3
2577,3
2578,6
2579,6
2580,3
2581,3
2582,6
2583,3
2584,3
2585,3
2586,6
2587,6
2588,6
2589,6
2590,6
2591,6
2592,3
2593,6
2594,6
2595,3
2596,6
2597,6
2598,6
2599,9
2600,3
2601,9
2602,6
2603,3
2604,6
2605,3
2606,6
2607,6
2608,3
2609,9
2610,3
2611,6
2612,6
2613,3
2614,9
2615,3
2616,12
2617,6
2618,9
2619,3
2620,6
2621,3
2622,9
2623,12
2624,12
2625,12
2626,6
2627,9
2628,9
2629,3
2630,15
2631,12
2632,9
2633,9
2634,3
2635,6
2636,3
2637,9
2638,12
2639,9
2640,9
2641,6
2642,9
2643,6
2644,9
2645,12
2646,6
2647,6
2648,9
2649,9
2650,9
2651,9
2652,6
2653,9
2654,6
2655,3
2656,3
2657,12
2658,12
2659,12
2660,12
2661,12
2662,12
2663,9
2664,12
2665,12
2666,12
2667,6
2668,9
2669,6
2670,6
2671,9
2672,9
2673,9
2674,3
2675,9
2676,6
2677,9
2678,3
2679,3
2680,6
2681,12
2682,18
2683,9
2684,3
2685,3
2686,3
2687,6
2688,6
2689,9
2690,6
2691,9
2692,3
2693,6
2694,9
2695,3
2696,6
2697,3
2698,3
2699,6
2700,6
2701,3
2702,3
2703,3
2704,6
2705,6
2706,6
2707,9
2708,3
2709,6
2710,6
2711,6
2712,6
2713,6
2714,6
2715,0
2716,3
2717,6
2718,6
2719,6
2720,9
2721,6
2722,9
2723,9
2724,6
2725,6
2726,6
2727,3
2728,3
2729,3
2730,6
2731,6
2732,6
2733,6
2734,6
2735,3
2736,3
2737,3
2738,6
2739,6
2740,3
2741,3
2742,9
2743,6
2744,6
2745,9
2746,9
2747,3
2748,3
2749,9
2750,6
2751,6
2752,6
2753,9
2754,3
2755,3
2756,3
2757,9
2758,3
2759,6
2760,6
2761,6
2762,6
2763,6
2764,6
2765,6
2766,3
2767,6
2768,9
2769,6
2770,12
2771,9
2772,3
2773,6
2774,9
2775,9
2776,12
2777,9
2778,6
2779,9
2780,3
2781,9
2782,3
2783,9
2784,12
2785,12
2786,12
2787,9
2788,12
2789,9
2790,3
2791,6
2792,9
2793,6
2794,6
2795,6
2796,6
2797,3
2798,12
2799,12
2800,15
2801,9
2802,3
2803,6
2804,3
2805,3
2806,12
2807,18
2808,12
2809,3
2810,3
2811,3
2812,9
2813,9
2814,3
2815,9
2816,12
2817,9
2818,6
2819,6
2820,9
2821,3
2822,6
2823,3
2824,3
2825,6
2826,6
2827,9
2828,6
2829,9
2830,3
2831,6
2832,3
2833,6
2834,3
2835,6
2836,6
2837,6
2838,3
2839,3
2840,6
2841,6
2842,3
2843,3
2844,9
2845,3
2846,3
2847,3
2848,6
2849,3
2850,3
2851,6
2852,3
2853,6
2854,6
2855,6
2856,6
2857,6
2858,3
2859,6
2860,6
2861,6
2862,3
2863,6
2864,9
2865,6
2866,9
2867,6
2868,3
2869,9
2870,9
2871,9
2872,6
2873,6
2874,6
2875,0
2876,3
2877,3
2878,3
2879,9
2880,3
2881,6
2882,6
2883,9
2884,3
2885,9
2886,3
2887,3
2888,6
2889,6
2890,9
2891,6
2892,6
2893,3
2894,9
2895,3
2896,9
2897,3
2898,15
2899,9
2900,3
2901,3
2902,6
2903,9
2904,6
2905,6
2906,6
2907,3
2908,3
2909,6
2910,3
2911,6
2912,6
2913,6
2914,6
2915,6
2916,6
2917,3
2918,3
2919,3
2920,6
2921,6
2922,6
2923,3
2924,3
2925,6
2926,6
2927,6
2928,3
2929,6
2930,3
2931,3
2932,3
2933,6
2934,6
2935,6
2936,9
2937,9
2938,6
2939,3
2940,6
2941,3
2942,6
2943,9
2944,6
2945,3
2946,12
2947,9
2948,6
2949,12
2950,6
2951,12
2952,6
2953,9
2954,9
2955,6
2956,6
2957,9
2958,6
2959,12
2960,9
2961,3
2962,6
2963,6
2964,3
2965,3
2966,6
2967,6
2968,6
2969,12
2970,6
2971,9
2972,12
2973,3
2974,6
2975,3
2976,3
2977,9
2978,6
2979,9
2980,3
2981,3
2982,9
2983,9
2984,3
2985,15
2986,15
2987,15
2988,21
2989,12
2990,9
2991,3
2992,3
2993,6
2994,3
2995,6
2996,9
2997,3
2998,9
2999,15
3000,15
3001,9
3002,9
3003,9
3004,9
3005,9
3006,9
3007,9
3008,9
3009,9
3010,9
3011,9
3012,9
3013,9
3014,12
3015,12
3016,12
3017,15
3018,3
3019,15
3020,12
3021,12
3022,12
3023,12
3024,9
3025,9
3026,6
3027,6
3028,9
3029,9
3030,9
3031,12
3032,12
3033,9
3034,9
3035,9
3036,9
3037,3
3038,6
3039,3
3040,12
3041,12
3042,6
3043,9
3044,9
3045,12
3046,15
3047,9
3048,9
3049,12
3050,6
3051,9
3052,9
3053,6
3054,3
3055,3
3056,3
3057,3
3058,9
3059,9
3060,9
3061,9
3062,3
3063,9
3064,3
3065,9
3066,9
3067,9
3068,15
3069,6
3070,6
3071,9
3072,9
3073,9
3074,9
3075,9
3076,6
3077,6
3078,9
3079,9
3080,9
3081,6
3082,6
3083,9
3084,12
3085,9
3086,12
3087,9
3088,3
3089,6
3090,6
3091,12
3092,12
3093,9
3094,6
3095,12
3096,3
3097,9
3098,6
3099,6
3100,6
3101,12
3102,3
3103,6
3104,9
3105,12
3106,9
3107,12
3108,12
3109,9
3110,9
3111,9
3112,12
3113,6
3114,12
3115,3
3116,6
3117,3
3118,9
3119,3
3120,6
3121,6
3122,9
3123,9
3124,12
3125,6
3126,9
3127,9
3128,9
3129,6
3130,9
3131,9
3132,9
3133,9
3134,9
3135,9
3136,9
3137,9
3138,6
3139,6
3140,6
3141,6
3142,6
3143,6
3144,6
3145,9
3146,3
3147,6
3148,3
3149,9
3150,9
3151,9
3152,6
3153,6
3154,9
3155,12
3156,6
3157,9
3158,9
3159,6
3160,9
3161,9
3162,12
3163,6
3164,12
3165,12
3166,6
3167,9
3168,9
3169,6
3170,3
3171,9
3172,6
3173,12
3174,9
3175,12
3176,6
3177,9
3178,15
3179,9
3180,12
3181,9
3182,6
3183,9
3184,6
3185,6
3186,6
3187,6
3188,6
3189,6
3190,3
3191,9
3192,6
3193,6
3194,12
3195,6
3196,3
3197,6
3198,12
3199,9
3200,15
3201,3
3202,12
3203,12
3204,12
3205,12
3206,12
3207,3
3208,18
3209,9
3210,9
3211,12
3212,9
3213,15
3214,6
3215,3
3216,9
3217,9
3218,3
3219,12
3220,3
3221,9
3222,9
3223,6
3224,9
3225,3
3226,12
3227,3
3228,3
3229,12
3230,6
3231,3
3232,9
3233,6
3234,6
3235,9
3236,9
3237,9
3238,12
3239,3
3240,3
3241,12
3242,9
3243,12
3244,9
3245,9
3246,12
3247,6
3248,3
3249,3
3250,9
3251,3
3252,9
3253,9
3254,9
3255,12
3256,9
3257,6
3258,6
3259,6
3260,12
3261,9
3262,6
3263,12
3264,9
3265,18
3266,12
3267,15
3268,18
3269,6
3270,15
3271,6
3272,15
3273,9
3274,9
3275,6
3276,6
3277,15
3278,9
3279,6
3280,9
3281,6
3282,9
3283,6
3284,6
3285,3
3286,12
3287,15
3288,6
3289,6
3290,3
3291,3
3292,6
3293,9
3294,9
3295,9
3296,9
3297,9
3298,6
3299,15
3300,12
3301,9
3302,9
3303,6
3304,12
3305,9
3306,6
3307,3
3308,6
3309,3
3310,6
3311,9
3312,6
3313,15
3314,6
3315,6
3316,6
3317,9
3318,9
3319,9
3320,6
3321,12
3322,15
3323,9
3324,9
3325,6
3326,3
3327,3
3328,9
3329,6
3330,9
3331,3
3332,3
3333,3
3334,9
3335,9
3336,9
3337,6
3338,12
3339,12
3340,12
3341,12
3342,9
3343,9
3344,9
3345,3
3346,9
3347,6
3348,9
3349,9
3350,9
3351,9
3352,9
3353,6
3354,9
3355,9
3356,6
3357,12
3358,12
3359,9
3360,9
3361,9
3362,9
3363,9
3364,3
3365,9
3366,6
3367,9
3368,15
3369,9
3370,9
3371,15
3372,9
3373,6
3374,6
3375,9
3376,9
3377,9
3378,6
3379,9
3380,6
3381,6
3382,9
3383,9
3384,9
3385,9
3386,9
3387,9
3388,6
3389,9
3390,12
3391,6
3392,6
3393,6
3394,6
3395,12
3396,6
3397,9
3398,6
3399,9
3400,6
3401,12
3402,9
3403,9
3404,6
3405,12
3406,9
3407,6
3408,9
3409,9
3410,9
3411,9
3412,9
3413,3
3414,6
3415,3
3416,6
3417,9
3418,9
3419,6
3420,6
3421,9
3422,3
3423,6
3424,6
3425,6
3426,6
3427,9
3428,12
3429,12
3430,6
3431,12
3432,12
3433,6
3434,9
3435,3
3436,6
3437,6
3438,3
3439,9
3440,6
3441,6
3442,6
3443,9
3444,9
3445,9
3446,9
3447,6
3448,9
3449,9
3450,9
3451,6
3452,6
3453,9
3454,3
3455,3
3456,3
3457,6
3458,6
3459,6
3460,18
3461,9
3462,12
3463,12
3464,12
3465,9
3466,6
3467,9
3468,3
3469,3
3470,6
3471,3
3472,3
3473,6
3474,6
3475,6
3476,6
3477,9
3478,6
3479,3
3480,6
3481,6
3482,3
3483,0
3484,6
3485,3
3486,6
3487,3
3488,6
3489,6
3490,3
3491,6
3492,6
3493,9
3494,3
3495,3
3496,3
3497,3
3498,3
3499,6
3500,6
3501,6
3502,6
3503,3
3504,3
3505,3
3506,6
3507,6
3508,9
3509,18
3510,3
3511,12
3512,9
3513,9
3514,3
3515,6
3516,9
3517,9
3518,9
3519,9
3520,15
3521,12
3522,12
3523,18
3524,6
3525,9
3526,6
3527,12
3528,21
3529,12
3530,12
3531,12
3532,9
3533,9
3534,9
3535,9
3536,12
3537,6
3538,6
3539,6
3540,12
3541,9
3542,9
3543,9
3544,3
3545,9
3546,6
3547,9
3548,9
3549,6
3550,9
3551,12
3552,6
3553,9
3554,6
3555,12
3556,3
3557,12
3558,9
3559,12
3560,12
3561,6
3562,9
3563,9
3564,12
3565,18
3566,9
3567,6
3568,9
3569,12
3570,12
3571,9
3572,3
3573,9
3574,12
3575,9
3576,12
3577,6
3578,21
3579,9
3580,6
3581,9
3582,15
3583,21
3584,9
3585,12
3586,12
3587,9
3588,6
3589,12
3590,12
3591,9
3592,6
3593,12
3594,9
3595,3
3596,9
3597,15
3598,12
3599,6
3600,9
3601,3
3602,9
3603,9
3604,9
3605,12
3606,3
3607,6
3608,6
3609,9
3610,6
3611,12
3612,9
3613,12
3614,15
3615,6
3616,9
3617,6
3618,9
3619,6
3620,9
3621,3
3622,3
3623,12
3624,9
3625,9
3626,3
3627,6
3628,6
3629,6
3630,6
3631,9
3632,3
3633,6
3634,6
3635,6
3636,9
3637,9
3638,9
3639,12
3640,12
3641,12
3642,12
3643,6
3644,6
3645,6
3646,9
3647,12
3648,6
3649,6
3650,6
3651,3
3652,3
3653,3
3654,6
3655,6
3656,3
3657,6
3658,3
3659,9
3660,15
3661,15
3662,15
3663,9
3664,6
3665,6
3666,3
3667,9
3668,3
3669,18
3670,12
3671,6
3672,9
3673,18
3674,6
3675,6
3676,15
3677,6
3678,3
3679,6
3680,9
3681,12
3682,9
3683,12
3684,9
3685,9
3686,3
3687,6
3688,9
3689,6
3690,9
3691,6
3692,12
3693,12
3694,9
3695,9
3696,6
3697,6
3698,6
3699,6
3700,12
3701,9
3702,15
3703,12
3704,15
3705,15
3706,12
3707,6
3708,12
3709,6
3710,9
3711,9
3712,12
3713,9
3714,9
3715,9
3716,6
3717,6
3718,12
3719,9
3720,6
3721,3
3722,9
3723,6
3724,6
3725,6
3726,6
3727,3
3728,6
3729,9
3730,6
3731,9
3732,18
3733,6
3734,9
3735,9
3736,15
3737,12
3738,6
3739,9
3740,9
3741,9
3742,12
3743,12
3744,9
3745,9
3746,6
3747,9
3748,6
3749,9
3750,9
3751,9
3752,9
3753,9
3754,9
3755,0
3756,9
3757,6
3758,6
3759,3
3760,3
3761,18
3762,21
3763,9
3764,9
3765,15
3766,3
3767,9
3768,9
3769,6
3770,12
3771,12
3772,9
3773,15
3774,12
3775,6
3776,9
3777,6
3778,9
3779,9
3780,6
3781,9
3782,15
3783,12
3784,9
3785,15
3786,15
3787,9
3788,6
3789,18
3790,18
3791,18
3792,18
3793,18
3794,18
3795,18
3796,18
3797,18
3798,18
3799,18
3800,18
3801,18
3802,18
3803,18
3804,9
3805,12
3806,9
3807,12
3808,6
3809,9
3810,15
3811,15
3812,18
3813,12
3814,12
3815,6
3816,9
3817,9
3818,6
3819,3
3820,3
3821,6
3822,3
3823,3
3824,6
3825,6
3826,6
3827,3
3828,6
3829,9
3830,3
3831,3
3832,3
3833,6
3834,9
3835,9
3836,9
3837,3
3838,6
3839,6
3840,6
3841,6
3842,9
3843,6
3844,6
3845,9
3846,6
3847,9
3848,6
3849,6
3850,6
3851,6
3852,6
3853,6
3854,9
3855,6
3856,9
3857,3
3858,3
3859,3
3860,6
3861,6
3862,3
3863,3
3864,6
3865,3
3866,6
3867,6
3868,6
3869,3
3870,6
3871,6
3872,12
3873,6
3874,6
3875,3
3876,12
3877,3
3878,3
3879,3
3880,3
3881,6
3882,12
3883,9
3884,9
3885,15
3886,3
3887,12
3888,6
3889,9
3890,9
3891,21
3892,6
3893,6
3894,12
3895,12
3896,3
3897,3
3898,9
3899,9
3900,9
3901,6
3902,3
3903,9
3904,9
3905,6
3906,9
3907,21
3908,18
3909,12
3910,9
3911,3
3912,3
3913,6
3914,12
3915,6
3916,6
3917,9
3918,6
3919,9
3920,9
3921,3
3922,3
3923,3
3924,6
3925,12
3926,9
3927,12
3928,12
3929,3
3930,9
3931,9
3932,9
3933,9
3934,3
3935,9
3936,9
3937,3
3938,9
3939,9
3940,9
3941,9
3942,12
3943,18
3944,12
3945,6
3946,12
3947,3
3948,12
3949,12
3950,6
3951,9
3952,9
3953,6
3954,3
3955,3
3956,3
3957,3
3958,6
3959,12
3960,9
3961,9
3962,9
3963,6
3964,9
3965,9
3966,6
3967,6
3968,3
3969,9
3970,6
3971,12
3972,3
3973,6
3974,6
3975,3
3976,3
3977,9
3978,9
3979,9
3980,9
3981,9
3982,6
3983,9
3984,6
3985,9
3986,3
3987,9
3988,15
3989,9
3990,6
3991,15
3992,15
3993,6
3994,9
3995,9
3996,12
3997,18
3998,9
3999,15
4000,12
4001,15
4002,15
4003,12
4004,3
4005,12
4006,12
4007,12
4008,12
4009,12
4010,3
4011,6
4012,6
4013,12
4014,6
4015,9
4016,6
4017,9
4018,15
4019,18
4020,15
4021,15
4022,9
4023,12
4024,6
4025,9
4026,6
4027,3
4028,9
4029,9
4030,9
4031,6
4032,9
4033,9
4034,9
4035,12
4036,9
4037,3
4038,3
4039,15
4040,3
4041,6
4042,12
4043,3
4044,12
4045,12
4046,9
4047,12
4048,6
4049,9
4050,12
4051,9
4052,6
4053,6
4054,6
4055,9
4056,12
4057,9
4058,12
4059,12
4060,6
4061,12
4062,12
4063,6
4064,9
4065,6
4066,9
4067,6
4068,9
4069,12
4070,9
4071,6
4072,9
4073,12
4074,3
4075,6
4076,6
4077,9
4078,12
4079,15
4080,15
4081,15
4082,9
4083,6
4084,9
4085,6
4086,9
4087,12
4088,12
4089,9
4090,12
4091,12
4092,9
4093,6
4094,12
4095,9
4096,6
4097,6
4098,9
4099,9
4100,9
4101,6
4102,9
4103,6
4104,6
4105,9
4106,9
4107,9
4108,9
4109,6
4110,15
4111,6
4112,3
4113,6
4114,6
4115,3
4116,3
4117,3
4118,12
4119,3
4120,3
4121,9
4122,27
4123,6
4124,3
4125,6
4126,3
4127,6
4128,3
4129,3
4130,6
4131,9
4132,6
4133,6
4134,6
4135,6
4136,6
4137,6
4138,9
4139,3
4140,15
4141,3
4142,9
4143,9
4144,12
4145,9
4146,12
4147,15
4148,12
4149,9
4150,12
4151,24
4152,3
4153,21
4154,15
4155,9
4156,12
4157,6
4158,6
4159,3
4160,9
4161,3
4162,9
4163,6
4164,24
4165,24
4166,24
4167,15
4168,3
4169,9
4170,9
4171,15
4172,9
4173,6
4174,15
4175,6
4176,9
4177,6
4178,9
4179,9
4180,9
4181,6
4182,12
4183,9
4184,3
4185,9
4186,6
4187,9
4188,6
4189,9
4190,12
4191,12
4192,12
4193,12
4194,3
4195,15
4196,3
4197,3
4198,3
4199,3
4200,6
4201,12
4202,6
4203,9
4204,6
4205,12
4206,9
4207,12
4208,6
4209,3
4210,3
4211,9
4212,12
4213,9
4214,6
4215,6
4216,6
4217,6
4218,6
4219,6
4220,6
4221,12
4222,6
4223,6
4224,9
4225,3
4226,6
4227,12
4228,12
4229,9
4230,6
4231,9
4232,18
4233,12
4234,12
4235,6
4236,15
4237,3
4238,15
4239,15
4240,15
4241,6
4242,9
4243,12
4244,12
4245,15
4246,6
4247,12
4248,6
4249,3
4250,6
4251,6
4252,6
4253,6
4254,6
4255,12
4256,12
4257,15
4258,15
4259,12
4260,12
4261,15
4262,15
4263,12
4264,9
4265,9
4266,6
4267,15
4268,9
4269,9
4270,12
4271,3
4272,30
4273,9
4274,6
4275,6
4276,9
4277,3
4278,9
4279,3
4280,6
4281,9
4282,6
4283,3
4284,6
4285,6
4286,6
4287,3
4288,3
4289,3
4290,3
4291,3
4292,3
4293,6
4294,3
4295,3
4296,6
4297,9
4298,6
4299,6
4300,9
4301,3
4302,3
4303,9
4304,6
4305,6
4306,6
4307,3
4308,12
4309,3
4310,9
4311,6
4312,6
4313,6
4314,3
4315,6
4316,21
4317,12
4318,9
4319,15
4320,6
4321,12
4322,12
4323,12
4324,6
4325,12
4326,12
4327,9
4328,15
4329,3
4330,9
4331,15
4332,9
4333,6
4334,12
4335,18
4336,6
4337,12
4338,6
4339,9
4340,6
4341,3
4342,3
4343,3
4344,12
4345,6
4346,9
4347,12
4348,9
4349,6
4350,6
4351,15
4352,6
4353,12
4354,9
4355,3
4356,9
4357,9
4358,12
4359,12
4360,6
4361,6
4362,6
4363,6
4364,6
4365,12
4366,12
4367,9
4368,15
4369,3
4370,9
4371,9
4372,6
4373,3
4374,6
4375,9
4376,9
4377,3
4378,9
4379,12
4380,12
4381,15
4382,12
4383,12
4384,12
4385,9
4386,9
4387,3
4388,12
4389,15
4390,9
4391,12
4392,15
4393,9
4394,12
4395,9
4396,15
4397,15
4398,6
4399,6
4400,9
4401,6
4402,6
4403,6
4404,6
4405,6
4406,6
4407,6
4408,6
4409,6
4410,12
4411,3
4412,15
4413,9
4414,15
4415,15
4416,12
4417,15
4418,3
4419,6
4420,9
4421,12
4422,6
4423,6
4424,6
4425,6
4426,6
4427,6
4428,6
4429,6
4430,6
4431,6
4432,6
4433,6
4434,6
4435,6
4436,6
4437,6
4438,6
4439,6
4440,6
4441,6
4442,6
4443,6
4444,6
4445,6
4446,6
4447,6
4448,6
4449,6
4450,6
4451,9
4452,9
4453,9
4454,12
4455,6
4456,6
4457,6
4458,6
4459,6
4460,6
4461,6
4462,6
4463,12
4464,12
4465,24
4466,15
4467,6
4468,6
4469,6
4470,6
4471,6
4472,6
4473,6
4474,6
4475,6
4476,6
4477,6
4478,6
4479,9
4480,3
4481,3
4482,6
4483,3
4484,3
4485,3
4486,6
4487,6
4488,6
4489,9
4490,6
4491,15
4492,6
4493,9
4494,9
4495,9
4496,3
4497,9
4498,6
4499,9
4500,6
4501,15
4502,6
4503,6
4504,9
4505,6
4506,6
4507,6
4508,9
4509,9
4510,9
4511,6
4512,12
4513,15
4514,15
4515,18
4516,9
4517,15
4518,9
4519,9
4520,18
4521,9
4522,12
4523,9
4524,3
4525,6
4526,6
4527,18
4528,9
4529,6
4530,12
4531,9
4532,9
4533,12
4534,12
4535,3
4536,12
4537,21
4538,9
4539,6
4540,3
4541,9
4542,6
4543,6
4544,12
4545,6
4546,6
4547,6
4548,6
4549,9
4550,6
4551,9
4552,12
4553,12
4554,12
4555,9
4556,9
4557,9
4558,9
4559,6
4560,9
4561,9
4562,12
4563,6
4564,6
4565,9
4566,9
4567,18
4568,12
4569,6
4570,9
4571,18
4572,9
4573,9
4574,6
4575,12
4576,3
4577,6
4578,3
4579,9
4580,6
4581,6
4582,6
4583,9
4584,12
4585,9
4586,6
4587,3
4588,9
4589,12
4590,3
4591,6
4592,9
4593,6
4594,6
4595,3
4596,6
4597,3
4598,6
4599,6
4600,3
4601,9
4602,9
4603,9
4604,3
4605,6
4606,3
4607,6
4608,9
4609,9
4610,12
4611,6
4612,6
4613,9
4614,3
4615,9
4616,9
4617,6
4618,12
4619,9
4620,9
4621,9
4622,6
4623,6
4624,6
4625,9
4626,18
4627,3
4628,3
4629,3
4630,3
4631,3
4632,3
4633,9
4634,6
4635,6
4636,3
4637,12
4638,6
4639,6
4640,18
4641,15
4642,6
4643,6
4644,9
4645,9
4646,6
4647,6
4648,9
4649,12
4650,9
4651,6
4652,6
4653,6
4654,3
4655,6
4656,3
4657,3
4658,6
4659,9
4660,3
4661,6
4662,6
4663,9
4664,9
4665,9
4666,3
4667,9
4668,3
4669,9
4670,3
4671,12
4672,3
4673,6
4674,9
4675,3
4676,3
4677,9
4678,15
4679,3
4680,12
4681,9
4682,9
4683,12
4684,6
4685,12
4686,9
4687,15
4688,9
4689,15
4690,15
4691,15
4692,3
4693,3
4694,18
4695,9
4696,3
4697,12
4698,9
4699,9
4700,15
4701,6
4702,9
4703,6
4704,6
4705,9
4706,9
4707,12
4708,9
4709,9
4710,12
4711,3
4712,9
4713,12
4714,12
4715,9
4716,12
4717,12
4718,12
4719,6
4720,6
4721,3
4722,3
4723,6
4724,6
4725,6
4726,3
4727,3
4728,3
4729,3
4730,3
4731,3
4732,6
4733,3
4734,3
4735,3
4736,6
4737,3
4738,6
4739,3
4740,6
4741,3
4742,6
4743,3
4744,6
4745,3
4746,3
4747,3
4748,3
4749,6
4750,6
4751,6
4752,6
4753,3
4754,6
4755,6
4756,9
4757,6
4758,12
4759,6
4760,6
4761,6
4762,12
4763,9
4764,12
4765,6
4766,12
4767,12
4768,9
4769,6
4770,3
4771,3
4772,9
4773,9
4774,6
4775,9
4776,21
4777,15
4778,3
4779,9
4780,12
4781,6
4782,9
4783,9
4784,9
4785,9
4786,3
4787,9
4788,9
4789,9
4790,12
4791,6
4792,9
4793,9
4794,12
4795,12
4796,12
4797,9
4798,12
4799,6
4800,6
4801,9
4802,12
4803,6
4804,6
4805,12
4806,6
4807,9
4808,9
4809,12
4810,3
4811,3
4812,15
4813,6
4814,9
4815,12
4816,9
4817,9
4818,9
4819,15
4820,9
4821,6
4822,12
4823,9
4824,12
4825,18
4826,18
4827,18
4828,18
4829,21
4830,24
4831,12
4832,12
4833,18
4834,18
4835,18
4836,3
4837,3
4838,6
4839,12
4840,9
4841,9
4842,9
4843,6
4844,6
4845,9
4846,9
4847,6
4848,6
4849,6
4850,18
4851,27
4852,24
4853,15
4854,6
4855,21
4856,12
4857,12
4858,12
4859,3
4860,12
4861,15
4862,15
4863,15
4864,12
4865,6
4866,12
4867,9
4868,6
4869,12
4870,18
4871,3
4872,6
4873,12
4874,12
4875,12
4876,12
4877,12
4878,12
4879,12
4880,24
4881,9
4882,12
4883,3
4884,3
4885,6
4886,3
4887,9
4888,6
4889,15
4890,12
4891,12
4892,18
4893,15
4894,9
4895,9
4896,12
4897,6
4898,12
4899,12
4900,6
4901,9
4902,3
4903,9
4904,6
4905,6
4906,12
4907,12
4908,12
4909,12
4910,6
4911,6
4912,6
4913,3
4914,21
4915,9
4916,15
4917,9
4918,15
4919,6
4920,6
4921,6
4922,9
4923,12
4924,6
4925,12
4926,15
4927,18
4928,18
4929,18
4930,21
4931,15
4932,15
4933,9
4934,6
4935,6
4936,3
4937,6
4938,3
4939,15
4940,6
4941,6
4942,6
4943,6
4944,3
4945,3
4946,3
4947,3
4948,3
4949,6
4950,3
4951,6
4952,9
4953,6
4954,3
4955,3
4956,6
4957,3
4958,3
4959,6
4960,6
4961,6
4962,6
4963,9
4964,15
4965,21
4966,15
4967,15
4968,9
4969,9
4970,6
4971,12
4972,9
4973,9
4974,12
4975,3
4976,9
4977,9
4978,3
4979,18
4980,6
4981,15
4982,12
4983,12
4984,12
4985,15
4986,15
4987,15
4988,6
4989,12
4990,12
4991,6
4992,3
4993,12
4994,15
4995,3
4996,6
4997,3
4998,6
4999,6
5000,6
5001,12
5002,15
5003,18
5004,18
5005,18
5006,6
5007,6
5008,6
5009,6
5010,3
5011,15
5012,15
5013,12
5014,9
5015,6
5016,15
5017,12
5018,6
5019,15
5020,6
5021,3
5022,9
5023,6
5024,15
5025,9
5026,3
5027,6
5028,9
5029,3
5030,6
5031,9
5032,6
5033,6
5034,9
5035,9
5036,15
5037,15
5038,15
5039,15
5040,15
5041,9
5042,6
5043,9
5044,12
5045,18
5046,21
5047,21
5048,21
5049,12
5050,6
5051,9
5052,15
5053,15
5054,15
5055,12
5056,15
5057,18
5058,3
5059,12
5060,15
5061,9
5062,3
5063,15
5064,15
5065,3
5066,12
5067,9
5068,6
5069,9
5070,12
5071,9
5072,15
5073,9
5074,9
5075,9
5076,6
5077,3
5078,6
5079,12
5080,3
5081,3
5082,9
5083,15
5084,18
5085,6
5086,9
5087,6
5088,6
5089,6
5090,6
5091,12
5092,15
5093,3
5094,3
5095,9
5096,6
5097,6
5098,6
5099,9
5100,12
5101,6
5102,9
5103,3
5104,6
5105,9
5106,15
5107,6
5108,6
5109,6
5110,9
5111,9
5112,6
5113,15
5114,6
5115,6
5116,3
5117,6
5118,3
5119,3
5120,9
5121,9
5122,6
5123,6
5124,9
5125,3
5126,6
5127,6
5128,6
5129,3
5130,3
5131,6
5132,12
5133,9
5134,12
5135,9
5136,9
5137,3
5138,6
5139,12
5140,6
5141,6
5142,6
5143,18
5144,12
5145,6
5146,9
5147,9
5148,3
5149,3
5150,3
5151,3
5152,6
5153,3
5154,9
5155,9
5156,6
5157,3
5158,12
5159,3
5160,6
5161,9
5162,3
5163,12
5164,9
5165,9
5166,9
5167,12
5168,3
5169,3
5170,6
5171,3
5172,6
5173,18
5174,6
5175,6
5176,6
5177,9
5178,6
5179,6
5180,9
5181,6
5182,6
5183,6
5184,6
5185,6
5186,6
5187,6
5188,6
5189,6
5190,6
5191,6
5192,6
5193,6
5194,6
5195,6
5196,6
5197,6
5198,9
5199,24
5200,3
5201,3
5202,6
5203,3
5204,6
5205,6
5206,6
5207,6
5208,6
5209,6
5210,3
5211,6
5212,9
5213,6
5214,12
5215,3
5216,3
5217,3
5218,6
5219,6
5220,6
5221,9
5222,3
5223,3
5224,9
5225,6
5226,3
5227,3
5228,3
5229,3
5230,3
5231,9
5232,3
5233,6
5234,6
5235,3
5236,6
5237,3
5238,3
5239,6
5240,6
5241,6
5242,12
5243,6
5244,12
5245,9
5246,6
5247,12
5248,9
5249,3
5250,15
5251,12
5252,12
5253,18
5254,9
5255,3
5256,9
5257,6
5258,12
5259,3
5260,9
5261,6
5262,15
5263,12
5264,9
5265,6
5266,3
5267,3
5268,6
5269,3
5270,9
5271,6
5272,6
5273,6
5274,6
5275,15
5276,3
5277,9
5278,6
5279,6
5280,15
5281,9
5282,6
5283,3
5284,6
5285,6
5286,6
5287,3
5288,6
5289,3
5290,6
5291,6
5292,12
5293,9
5294,3
5295,3
5296,30
5297,6
5298,6
5299,9
5300,3
5301,6
5302,21
5303,9
5304,6
5305,9
5306,3
5307,9
5308,3
5309,3
5310,18
5311,6
5312,9
5313,9
5314,12
5315,12
5316,6
5317,6
5318,6
5319,6
5320,6
5321,9
5322,21
5323,3
5324,9
5325,9
5326,6
5327,3
5328,9
5329,21
5330,30
5331,21
5332,9
5333,18
5334,6
5335,9
5336,6
5337,9
5338,12
5339,9
5340,9
5341,12
5342,6
5343,15
5344,6
5345,6
5346,9
5347,6
5348,9
5349,9
5350,15
5351,9
5352,3
5353,6
5354,9
5355,15
5356,6
5357,9
5358,21
5359,21
5360,9
5361,3
5362,9
5363,24
5364,6
5365,3
5366,6
5367,6
5368,6
5369,6
5370,12
5371,3
5372,6
5373,12
5374,9
5375,18
5376,27
5377,12
5378,15
5379,3
5380,9
5381,6
5382,3
5383,12
5384,9
5385,6
5386,9
5387,9
5388,12
5389,6
5390,6
5391,9
5392,9
5393,15
5394,18
5395,12
5396,12
5397,9
5398,6
5399,6
5400,6
5401,6
5402,9
5403,9
5404,15
5405,6
5406,6
5407,12
5408,15
5409,15
5410,9
5411,18
5412,15
5413,15
5414,9
5415,9
5416,3
5417,9
5418,9
5419,9
5420,15
5421,6
5422,6
5423,6
5424,15
5425,9
5426,12
5427,6
5428,12
5429,6
5430,6
5431,12
5432,9
5433,9
5434,12
5435,9
5436,6
5437,15
5438,9
5439,15
5440,12
5441,3
5442,12
5443,9
5444,15
5445,6
5446,18
5447,9
5448,6
5449,15
5450,6
5451,12
5452,12
5453,18
5454,12
5455,12
5456,15
5457,21
5458,18
5459,18
5460,18
5461,9
5462,12
5463,12
5464,6
5465,18
5466,6
5467,3
5468,6
5469,6
5470,12
5471,9
5472,6
5473,3
5474,15
5475,15
5476,15
5477,9
5478,9
5479,6
5480,9
5481,12
5482,12
5483,9
5484,3
5485,9
5486,18
5487,21
5488,18
5489,18
5490,24
5491,9
5492,9
5493,12
5494,6
5495,15
5496,3
5497,6
5498,9
5499,12
5500,9
5501,9
5502,9
5503,15
5504,9
5505,12
5506,15
5507,15
5508,3
5509,9
5510,9
5511,6
5512,6
5513,24
5514,6
5515,6
5516,15
5517,18
5518,6
5519,9
5520,9
5521,15
5522,12
5523,21
5524,9
5525,9
5526,3
5527,15
5528,6
5529,3
5530,6
5531,6
5532,6
5533,15
5534,6
5535,9
5536,9
5537,15
5538,15
5539,15
5540,15
5541,15
5542,12
5543,3
5544,9
5545,6
5546,9
5547,15
5548,9
5549,12
5550,9
5551,6
5552,12
5553,12
5554,9
5555,9
5556,3
5557,12
5558,15
5559,6
5560,6
5561,6
5562,15
5563,9
5564,3
5565,6
5566,9
5567,12
5568,18
5569,6
5570,6
5571,6
5572,12
5573,6
5574,3
5575,9
5576,9
5577,15
5578,6
5579,9
5580,6
5581,21
5582,15
5583,21
5584,6
5585,6
5586,9
5587,6
5588,6
5589,3
5590,3
5591,15
5592,9
5593,9
5594,3
5595,3
5596,6
5597,6
5598,9
5599,6
5600,3
5601,9
5602,6
5603,6
5604,3
5605,15
5606,6
5607,9
5608,12
5609,9
5610,9
5611,12
5612,18
5613,12
5614,12
5615,6
5616,6
5617,6
5618,12
5619,3
5620,9
5621,9
5622,6
5623,9
5624,9
5625,6
5626,3
5627,9
5628,9
5629,9
5630,9
5631,9
5632,9
5633,15
5634,6
5635,6
5636,6
5637,6
5638,18
5639,15
5640,15
5641,15
5642,15
5643,18
5644,9
5645,15
5646,9
5647,9
5648,6
5649,9
5650,6
5651,18
5652,9
5653,6
5654,6
5655,12
5656,12
5657,6
5658,6
5659,6
5660,6
5661,6
5662,6
5663,6
5664,9
5665,9
5666,3
5667,6
5668,3
5669,9
5670,9
5671,12
5672,9
5673,9
5674,9
5675,12
5676,12
5677,6
5678,6
5679,12
5680,15
5681,9
5682,12
5683,15
5684,9
5685,15
5686,12
5687,18
5688,12
5689,3
5690,9
5691,9
5692,21
5693,6
5694,12
5695,12
5696,15
5697,18
5698,12
5699,15
5700,15
5701,9
5702,15
5703,18
5704,12
5705,18
5706,21
5707,6
5708,6
5709,6
5710,6
5711,6
5712,6
5713,6
5714,6
5715,6
5716,6
5717,6
5718,6
5719,6
5720,6
5721,6
5722,6
5723,6
5724,6
5725,6
5726,6
5727,6
5728,9
5729,9
5730,6
5731,6
5732,27
5733,12
5734,12
5735,9
5736,6
5737,3
5738,9
5739,6
5740,3
5741,6
5742,3
5743,3
5744,6
5745,6
5746,9
5747,9
5748,21
5749,21
5750,12
5751,21
5752,15
5753,21
5754,12
5755,21
5756,6
5757,9
5758,9
5759,3
5760,9
5761,15
5762,15
5763,15
5764,15
5765,12
5766,12
5767,15
5768,15
5769,9
5770,3
5771,12
5772,3
5773,9
5774,6
5775,3
5776,9
5777,6
5778,15
5779,6
5780,9
5781,12
5782,18
5783,21
5784,18
5785,24
5786,3
5787,18
5788,15
5789,9
5790,9
5791,6
5792,6
5793,3
5794,9
5795,9
5796,9
5797,9
5798,9
5799,9
5800,6
5801,3
5802,9
5803,6
5804,3
5805,6
5806,9
5807,9
5808,3
5809,3
5810,6
5811,12
5812,6
5813,9
5814,12
5815,6
5816,3
5817,12
5818,3
5819,12
5820,9
5821,9
5822,9
5823,9
5824,15
5825,15
5826,9
5827,12
5828,12
5829,6
5830,9
5831,9
5832,9
5833,9
5834,6
5835,12
5836,6
5837,12
5838,12
5839,12
5840,12
5841,12
5842,12
5843,12
5844,15
5845,12
5846,6
5847,15
5848,9
5849,9
5850,9
5851,6
5852,3
5853,6
5854,6
5855,6
5856,6
5857,6
5858,6
5859,6
5860,6
5861,9
5862,6
5863,3
5864,3
5865,3
5866,6
5867,6
5868,6
5869,3
5870,3
5871,9
5872,3
5873,6
5874,9
5875,6
5876,12
5877,15
5878,12
5879,9
5880,9
5881,9
5882,9
5883,12
5884,9
5885,9
5886,6
5887,6
5888,9
5889,15
5890,9
5891,9
5892,12
5893,9
5894,12
5895,12
5896,15
5897,12
5898,15
5899,9
5900,12
5901,9
5902,15
5903,9
5904,9
5905,6
5906,6
5907,3
5908,9
5909,6
5910,9
5911,6
5912,9
5913,12
5914,12
5915,12
5916,6
5917,6
5918,6
5919,9
5920,9
5921,9
5922,6
5923,9
5924,6
5925,12
5926,15
5927,9
5928,9
5929,6
5930,3
5931,3
5932,9
5933,3
5934,6
5935,9
5936,9
5937,6
5938,6
5939,9
5940,9
5941,9
5942,9
5943,12
5944,9
5945,12
5946,12
5947,9
5948,9
5949,12
5950,12
5951,12
5952,9
5953,9
5954,12
5955,9
5956,12
5957,6
5958,9
5959,12
5960,12
5961,12
5962,9
5963,9
5964,9
5965,3
5966,6
5967,9
5968,9
5969,3
5970,6
5971,9
5972,9
5973,6
5974,3
5975,6
5976,12
5977,12
5978,3
5979,12
5980,12
5981,6
5982,6
5983,6
5984,15
5985,6
5986,3
5987,12
5988,9
5989,12
5990,12
5991,15
5992,18
5993,12
5994,15
5995,3
5996,9
5997,6
5998,9
5999,15
6000,9
6001,6
6002,3
6003,6
6004,3
6005,12
6006,15
6007,3
6008,9
6009,9
6010,9
6011,15
6012,12
6013,15
6014,9
6015,3
6016,3
6017,3
6018,18
6019,15
6020,12
6021,9
6022,9
6023,3
6024,3
6025,3
6026,6
6027,24
6028,15
6029,6
6030,15
6031,15
6032,21
6033,12
6034,18
6035,3
6036,3
6037,9
6038,12
6039,9
6040,9
6041,12
6042,6
6043,6
6044,6
6045,9
6046,9
6047,6
6048,9
6049,9
6050,12
6051,9
6052,18
6053,9
6054,9
6055,6
6056,9
6057,6
6058,6
6059,6
6060,3
6061,9
6062,9
6063,9
6064,3
6065,6
6066,12
6067,9
6068,9
6069,6
6070,6
6071,9
6072,6
6073,3
6074,6
6075,15
6076,6
6077,6
6078,12
6079,9
6080,12
6081,6
6082,6
6083,9
6084,6
6085,6
6086,6
6087,12
6088,9
6089,6
6090,9
6091,6
6092,6
6093,3
6094,3
6095,6
6096,12
6097,9
6098,9
6099,3
6100,12
6101,15
6102,12
6103,15
6104,15
6105,15
6106,15
6107,9
6108,9
6109,12
6110,15
6111,9
6112,9
6113,6
6114,9
6115,9
6116,9
6117,6
6118,9
6119,9
6120,9
6121,6
6122,3
6123,9
6124,3
6125,15
6126,6
6127,3
6128,15
6129,3
6130,6
6131,3
6132,6
6133,6
6134,6
6135,6
6136,9
6137,6
6138,6
6139,6
6140,6
6141,9
6142,3
6143,9
6144,9
6145,9
6146,6
6147,9
6148,9
6149,9
6150,9
6151,9
6152,6
6153,15
6154,15
6155,9
6156,9
6157,6
6158,9
6159,9
6160,3
6161,12
6162,12
6163,3
6164,9
6165,6
6166,12
6167,9
6168,6
6169,3
6170,15
6171,15
6172,6
6173,6
6174,18
6175,9
6176,12
6177,9
6178,6
6179,15
6180,12
6181,21
6182,9
6183,9
6184,9
6185,6
6186,12
6187,15
6188,9
6189,9
6190,6
6191,18
6192,6
6193,15
6194,6
6195,6
6196,3
6197,6
6198,15
6199,15
6200,15
6201,15
6202,6
6203,9
6204,12
6205,3
6206,9
6207,9
6208,12
6209,9
6210,6
6211,6
6212,9
6213,9
6214,6
6215,18
6216,9
6217,9
6218,6
6219,9
6220,12
6221,12
6222,12
6223,6
6224,12
6225,3
6226,3
6227,9
6228,15
6229,15
6230,15
6231,15
6232,9
6233,6
6234,6
6235,6
6236,9
6237,9
6238,12
6239,6
6240,9
6241,3
6242,15
6243,9
6244,9
6245,18
6246,3
6247,9
6248,3
6249,15
6250,6
6251,3
6252,12
6253,12
6254,9
6255,6
6256,6
6257,6
6258,12
6259,15
6260,15
6261,6
6262,6
6263,9
6264,6
6265,15
6266,9
6267,12
6268,6
6269,12
6270,12
6271,12
6272,6
6273,9
6274,15
6275,9
6276,6
6277,9
6278,9
6279,9
6280,12
6281,12
6282,12
6283,3
6284,3
6285,9
6286,9
6287,6
6288,12
6289,6
6290,9
6291,15
6292,18
6293,15
6294,9
6295,15
6296,15
6297,12
6298,3
6299,15
6300,12
6301,15
6302,9
6303,9
6304,15
6305,15
6306,12
6307,15
6308,15
6309,12
6310,9
6311,9
6312,15
6313,9
6314,15
6315,15
6316,15
6317,15
6318,9
6319,15
6320,9
6321,6
6322,6
6323,6
6324,6
6325,3
6326,15
6327,15
6328,3
6329,9
6330,18
6331,12
6332,6
6333,6
6334,6
6335,3
6336,12
6337,24
6338,15
6339,3
6340,6
6341,3
6342,9
6343,15
6344,15
6345,15
6346,15
6347,3
6348,3
6349,3
6350,3
6351,3
6352,3
6353,3
6354,0
6355,6
6356,3
6357,3
6358,3
6359,3
6360,3
6361,3
6362,3
6363,15
6364,3
6365,3
6366,3
6367,3
6368,3
6369,12
6370,6
6371,3
6372,6
6373,3
6374,6
6375,9
6376,9
6377,9
6378,9
6379,12
6380,9
6381,9
6382,9
6383,3
6384,9
6385,6
6386,9
6387,6
6388,6
6389,12
6390,9
6391,6
6392,9
6393,9
6394,12
6395,3
6396,6
6397,6
6398,9
6399,3
6400,12
6401,12
6402,12
6403,18
6404,21
6405,6
6406,18
6407,18
6408,21
6409,18
6410,21
6411,21
6412,21
6413,3
6414,21
6415,21
6416,21
6417,21
6418,21
6419,21
6420,18
6421,21
6422,21
6423,21
6424,21
6425,21
6426,21
6427,15
6428,27
6429,24
6430,24
6431,21
6432,15
6433,3
6434,9
6435,6
6436,3
6437,9
6438,9
6439,9
6440,6
6441,9
6442,6
6443,9
6444,6
6445,6
6446,9
6447,6
6448,9
6449,9
6450,6
6451,12
6452,9
6453,9
6454,6
6455,9
6456,6
6457,6
6458,6
6459,6
6460,9
6461,6
6462,12
6463,9
6464,9
6465,9
6466,9
6467,6
6468,9
6469,6
6470,9
6471,12
6472,15
6473,9
6474,9
6475,15
6476,9
6477,6
6478,9
6479,9
6480,9
6481,9
6482,12
6483,6
6484,9
6485,6
6486,12
6487,12
6488,6
6489,12
6490,6
6491,3
6492,3
6493,9
6494,9
6495,9
6496,9
6497,12
6498,6
6499,3
6500,9
6501,9
6502,9
6503,6
6504,9
6505,3
6506,6
6507,6
6508,9
6509,6
6510,6
6511,6
6512,9
6513,9
6514,9
6515,9
6516,9
6517,9
6518,12
6519,12
6520,9
6521,9
6522,9
6523,3
6524,9
6525,15
6526,9
6527,9
6528,9
6529,9
6530,9
6531,9
6532,9
6533,3
6534,9
6535,9
6536,9
6537,12
6538,3
6539,6
6540,9
6541,9
6542,9
6543,12
6544,9
6545,3
6546,6
6547,3
6548,6
6549,6
6550,6
6551,12
6552,12
6553,12
6554,6
6555,9
6556,9
6557,12
6558,12
6559,12
6560,6
6561,9
6562,9
6563,9
6564,9
6565,15
6566,12
6567,9
6568,9
6569,9
6570,9
6571,9
6572,9
6573,6
6574,9
6575,12
6576,3
6577,12
6578,6
6579,9
6580,6
6581,6
6582,12
6583,9
6584,12
6585,18
6586,3
6587,6
6588,9
6589,9
6590,9
6591,12
6592,9
6593,6
6594,9
6595,9
6596,9
6597,9
6598,12
6599,9
6600,9
6601,6
6602,9
6603,3
6604,9
6605,9
6606,9
6607,9
6608,9
6609,6
6610,6
6611,9
6612,9
6613,9
6614,9
6615,9
6616,12
6617,3
6618,12
6619,9
6620,3
6621,9
6622,6
6623,12
6624,6
6625,12
6626,12
6627,12
6628,6
6629,9
6630,12
6631,12
6632,12
6633,3
6634,6
6635,6
6636,3
6637,12
6638,12
6639,6
6640,3
6641,12
6642,12
6643,12
6644,12
6645,3
6646,9
6647,6
6648,12
6649,6
6650,6
6651,9
6652,6
6653,6
6654,6
6655,6
6656,12
6657,9
6658,3
6659,6
6660,9
6661,3
6662,6
6663,9
6664,6
6665,9
6666,9
6667,9
6668,9
6669,6
6670,9
6671,12
6672,9
6673,12
6674,6
6675,12
6676,9
6677,9
6678,6
6679,9
6680,3
6681,12
6682,9
6683,6
6684,3
6685,12
6686,12
6687,6
6688,6
6689,3
6690,3
6691,6
6692,3
6693,3
6694,6
6695,9
6696,3
6697,9
6698,3
6699,9
6700,12
6701,12
6702,9
6703,12
6704,9
6705,6
6706,9
6707,6
6708,9
6709,9
6710,3
6711,3
6712,12
6713,12
6714,12
6715,9
6716,15
6717,18
6718,15
6719,12
6720,21
6721,21
6722,21
6723,21
6724,3
6725,6
6726,15
6727,6
6728,3
6729,3
6730,6
6731,6
6732,9
6733,3
6734,3
6735,3
6736,6
6737,3
6738,6
6739,6
6740,6
6741,9
6742,9
6743,6
6744,6
6745,9
6746,6
6747,9
6748,9
6749,6
6750,6
6751,12
6752,9
6753,12
6754,3
6755,21
6756,9
6757,21
6758,18
6759,15
6760,15
6761,9
6762,15
6763,18
6764,6
6765,9
6766,12
6767,18
6768,18
6769,18
6770,6
6771,27
6772,27
6773,3
6774,21
6775,9
6776,6
6777,6
6778,9
6779,9
6780,9
6781,3
6782,3
6783,3
6784,6
6785,3
6786,6
6787,3
6788,6
6789,9
6790,9
6791,12
6792,12
6793,3
6794,9
6795,9
6796,15
6797,15
6798,6
6799,6
6800,15
6801,12
6802,15
6803,6
6804,9
6805,9
6806,6
6807,12
6808,6
6809,6
6810,6
6811,12
6812,6
6813,12
6814,3
6815,6
6816,9
6817,3
6818,9
6819,6
6820,6
6821,9
6822,6
6823,9
6824,6
6825,9
6826,15
6827,6
6828,6
6829,9
6830,9
6831,9
6832,6
6833,6
6834,12
6835,15
6836,12
6837,6
6838,3
6839,3
6840,12
6841,3
6842,3
6843,18
6844,15
6845,12
6846,6
6847,15
6848,3
6849,6
6850,18
6851,6
6852,3
6853,6
6854,9
6855,15
6856,15
6857,6
6858,6
6859,9
6860,9
6861,6
6862,9
6863,12
6864,18
6865,9
6866,12
6867,12
6868,9
6869,12
6870,15
6871,6
6872,12
6873,6
6874,9
6875,6
6876,9
6877,12
6878,6
6879,6
6880,9
6881,9
6882,6
6883,6
6884,12
6885,9
6886,12
6887,6
6888,9
6889,6
6890,6
6891,6
6892,15
6893,15
6894,6
6895,9
6896,6
6897,9
6898,6
6899,3
6900,6
6901,6
6902,9
6903,21
6904,6
6905,24
6906,9
6907,6
6908,6
6909,9
6910,6
6911,9
6912,6
6913,6
6914,9
6915,12
6916,9
6917,12
6918,6
6919,6
6920,6
6921,18
6922,6
6923,15
6924,9
6925,6
6926,18
6927,9
6928,12
6929,9
6930,9
6931,3
6932,3
6933,15
6934,6
6935,24
6936,9
6937,6
6938,3
6939,6
6940,6
6941,3
6942,9
6943,15
6944,6
6945,6
6946,6
6947,15
6948,21
6949,21
6950,18
6951,9
6952,15
6953,3
6954,9
6955,9
6956,15
6957,12
6958,15
6959,12
6960,15
6961,15
6962,12
6963,9
6964,6
6965,18
6966,15
6967,6
6968,6
6969,12
6970,15
6971,3
6972,15
6973,3
6974,6
6975,9
6976,9
6977,3
6978,3
6979,3
6980,6
6981,6
6982,18
6983,15
6984,6
6985,9
6986,9
6987,15
6988,18
6989,12
6990,9
6991,12
6992,15
6993,3
6994,6
6995,12
6996,15
6997,6
6998,6
6999,9
7000,6
7001,9
7002,9
7003,9
7004,3
7005,6
7006,9
7007,9
7008,9
7009,6
7010,6
7011,3
7012,12
7013,9
7014,6
7015,9
7016,6
7017,15
7018,21
7019,18
7020,6
7021,6
7022,3
7023,3
7024,6
7025,3
7026,3
7027,15
7028,15
7029,6
7030,6
7031,12
7032,15
7033,18
7034,12
7035,12
7036,9
7037,9
7038,6
7039,12
7040,9
7041,9
7042,12
7043,18
7044,18
7045,21
7046,9
7047,12
7048,6
7049,9
7050,6
7051,3
7052,9
7053,9
7054,3
7055,6
7056,6
7057,6
7058,6
7059,9
7060,6
7061,9
7062,9
7063,6
7064,9
7065,6
7066,3
7067,3
7068,3
7069,3
7070,3
7071,3
7072,12
7073,3
7074,3
7075,6
7076,6
7077,9
7078,6
7079,9
7080,6
7081,9
7082,9
7083,12
7084,9
7085,9
7086,6
7087,6
7088,12
7089,6
7090,9
7091,6
7092,9
7093,9
7094,9
7095,3
7096,6
7097,9
7098,15
7099,6
7100,6
7101,6
7102,6
7103,9
7104,12
7105,15
7106,12
7107,9
7108,12
7109,6
7110,6
7111,6
7112,9
7113,9
7114,9
7115,6
7116,3
7117,6
7118,9
7119,9
7120,6
7121,3
7122,15
7123,18
7124,18
7125,18
7126,12
7127,24
7128,24
7129,18
7130,18
7131,18
7132,18
7133,24
7134,24
7135,15
7136,15
7137,21
7138,21
7139,24
7140,24
7141,27
7142,27
7143,21
7144,21
7145,24
7146,21
7147,21
7148,3
7149,21
7150,21
7151,24
7152,27
7153,30
7154,30
7155,30
7156,21
7157,21
7158,15
7159,15
7160,15
7161,15
7162,15
7163,15
7164,12
7165,24
7166,24
7167,9
7168,6
7169,12
7170,9
7171,6
7172,9
7173,12
7174,9
7175,9
7176,6
7177,15
7178,6
7179,27
7180,27
7181,27
7182,27
7183,24
7184,15
7185,9
7186,6
7187,6
7188,6
7189,12
7190,12
7191,12
7192,9
7193,27
7194,30
7195,15
7196,12
7197,12
7198,6
7199,6
7200,6
7201,15
7202,3
7203,6
7204,9
7205,9
7206,6
7207,6
7208,3
7209,3
7210,9
7211,6
7212,12
7213,9
7214,6
7215,6
7216,6
7217,12
7218,6
7219,6
7220,6
7221,6
7222,6
7223,9
7224,12
7225,6
7226,6
7227,6
7228,9
7229,12
7230,9
7231,6
7232,6
7233,9
7234,3
7235,6
7236,6
7237,9
7238,6
7239,3
7240,12
7241,6
7242,9
7243,6
7244,6
7245,6
7246,6
7247,6
7248,3
7249,6
7250,3
7251,9
7252,12
7253,12
7254,3
7255,9
7256,9
7257,3
7258,3
7259,3
7260,3
7261,9
7262,6
7263,9
7264,15
7265,9
7266,9
7267,6
7268,12
7269,9
7270,12
7271,6
7272,9
7273,9
7274,12
7275,12
7276,6
7277,9
7278,9
7279,9
7280,9
7281,12
7282,12
7283,6
7284,3
7285,3
7286,6
7287,9
7288,12
7289,9
7290,9
7291,6
7292,9
7293,6
7294,9
7295,9
7296,3
7297,6
7298,6
7299,6
7300,9
7301,9
7302,6
7303,6
7304,6
7305,6
7306,6
7307,9
7308,6
7309,6
7310,9
7311,15
7312,15
7313,12
7314,3
7315,12
7316,12
7317,9
7318,9
7319,6
7320,9
7321,6
7322,6
7323,15
7324,9
7325,6
7326,9
7327,6
7328,6
7329,6
7330,6
7331,6
7332,6
7333,12
7334,3
7335,6
7336,9
7337,6
7338,6
7339,3
7340,9
7341,3
7342,9
7343,6
7344,3
7345,9
7346,9
7347,9
7348,12
7349,3
7350,6
7351,6
7352,6
7353,9
7354,12
7355,9
7356,6
7357,9
7358,9
7359,6
7360,3
7361,9
7362,6
7363,9
7364,9
7365,6
7366,3
7367,9
7368,9
7369,9
7370,9
7371,6
7372,9
7373,12
7374,6
7375,6
7376,9
7377,6
7378,15
7379,12
7380,6
7381,15
7382,15
7383,12
7384,15
7385,12
7386,12
7387,12
7388,9
7389,9
7390,12
7391,12
7392,3
7393,9
7394,6
7395,18
7396,18
7397,3
7398,9
7399,12
7400,15
7401,9
7402,6
7403,6
7404,6
7405,9
7406,6
7407,6
7408,6
7409,12
7410,9
7411,6
7412,9
7413,12
7414,12
7415,6
7416,6
7417,6
7418,12
7419,6
7420,12
7421,12
7422,6
7423,9
7424,12
7425,12
7426,12
7427,3
7428,3
7429,3
7430,9
7431,9
7432,9
7433,9
7434,12
7435,9
7436,6
7437,6
7438,6
7439,6
7440,3
7441,6
7442,3
7443,9
7444,9
7445,9
7446,9
7447,15
7448,9
7449,9
7450,6
7451,6
7452,6
7453,9
7454,9
7455,6
7456,9
7457,9
7458,9
7459,9
7460,12
7461,9
7462,9
7463,9
7464,9
7465,6
7466,6
7467,3
7468,12
7469,12
7470,3
7471,6
7472,9
7473,12
7474,6
7475,6
7476,6
7477,3
7478,9
7479,6
7480,3
7481,6
7482,9
7483,9
7484,12
7485,9
7486,6
7487,9
7488,9
7489,6
7490,6
7491,9
7492,6
7493,6
7494,6
7495,9
7496,12
7497,12
7498,9
7499,9
7500,15
7501,6
7502,6
7503,9
7504,9
7505,6
7506,6
7507,6
7508,6
7509,6
7510,6
7511,6
7512,9
7513,9
7514,6
7515,6
7516,18
7517,9
7518,6
7519,6
7520,9
7521,6
7522,3
7523,9
7524,6
7525,6
7526,15
7527,15
7528,6
7529,15
7530,6
7531,6
7532,6
7533,6
7534,3
7535,9
7536,3
7537,6
7538,9
7539,9
7540,6
7541,9
7542,12
7543,6
7544,6
7545,6
7546,6
7547,6
7548,9
7549,15
7550,12
7551,12
7552,12
7553,9
7554,6
7555,6
7556,6
7557,9
7558,6
7559,6
7560,18
7561,3
7562,9
7563,6
7564,9
7565,6
7566,9
7567,9
7568,15
7569,18
7570,3
7571,12
7572,12
7573,18
7574,6
7575,15
7576,15
7577,6
7578,9
7579,12
7580,6
7581,3
7582,12
7583,9
7584,9
7585,12
7586,6
7587,9
7588,9
7589,6
7590,12
7591,9
7592,12
7593,9
7594,12
7595,12
7596,6
7597,9
7598,9
7599,6
7600,9
7601,18
7602,6
7603,21
7604,24
7605,9
7606,15
7607,3
7608,3
7609,3
7610,15
7611,15
7612,9
7613,3
7614,6
7615,6
7616,3
7617,6
7618,9
7619,3
7620,9
7621,12
7622,9
7623,6
7624,6
7625,3
7626,9
7627,9
7628,12
7629,21
7630,6
7631,6
7632,12
7633,15
7634,9
7635,9
7636,15
7637,9
7638,9
7639,9
7640,12
7641,18
7642,6
7643,9
7644,6
7645,6
7646,6
7647,3
7648,9
7649,6
7650,6
7651,6
7652,3
7653,9
7654,12
7655,9
7656,9
7657,9
7658,9
7659,9
7660,12
7661,12
7662,6
7663,6
7664,9
7665,9
7666,12
7667,9
7668,6
7669,6
7670,6
7671,9
7672,9
7673,6
7674,15
7675,15
7676,12
7677,3
7678,6
7679,6
7680,6
7681,6
7682,12
7683,9
7684,6
7685,6
7686,6
7687,18
7688,18
7689,21
7690,15
7691,9
7692,12
7693,9
7694,15
7695,15
7696,12
7697,9
7698,6
7699,9
7700,6
7701,9
7702,6
7703,9
7704,9
7705,18
7706,18
7707,12
7708,9
7709,9
7710,15
7711,6
7712,6
7713,9
7714,9
7715,3
7716,6
7717,9
7718,6
7719,9
7720,9
7721,9
7722,15
7723,12
7724,6
7725,9
7726,9
7727,12
7728,6
7729,6
7730,9
7731,12
7732,6
7733,6
7734,9
7735,9
7736,6
7737,12
7738,21
7739,21
7740,24
7741,30
7742,30
7743,21
7744,12
7745,21
7746,18
7747,3
7748,24
7749,21
7750,12
7751,27
7752,15
7753,9
7754,9
7755,18
7756,9
7757,12
7758,18
7759,6
7760,6
7761,3
7762,6
7763,6
7764,15
7765,3
7766,9
7767,9
7768,15
7769,15
7770,15
7771,9
7772,9
7773,3
7774,15
7775,6
7776,6
7777,9
7778,3
7779,6
7780,12
7781,3
7782,9
7783,3
7784,6
7785,3
7786,12
7787,9
7788,9
7789,9
7790,9
7791,6
7792,6
7793,12
7794,3
7795,3
7796,3
7797,3
7798,3
7799,15
7800,9
7801,12
7802,12
7803,12
7804,12
7805,12
7806,12
7807,12
7808,6
7809,12
7810,9
7811,3
7812,6
7813,12
7814,9
7815,9
7816,9
7817,9
7818,9
7819,9
7820,6
7821,9
7822,6
7823,6
7824,9
7825,6
7826,12
7827,9
7828,9
7829,9
7830,6
7831,9
7832,9
7833,6
7834,12
7835,12
7836,12
7837,12
7838,3
7839,12
7840,9
7841,9
7842,6
7843,9
7844,9
7845,3
7846,12
7847,9
7848,6
7849,6
7850,9
7851,6
7852,12
7853,9
7854,9
7855,3
7856,3
7857,12
7858,6
7859,3
7860,6
7861,6
7862,6
7863,9
7864,6
7865,6
7866,21
7867,12
7868,9
7869,15
7870,12
7871,9
7872,15
7873,6
7874,3
7875,9
7876,6
7877,12
7878,6
7879,12
7880,12
7881,12
7882,12
7883,6
7884,6
7885,9
7886,6
7887,9
7888,6
7889,9
7890,9
7891,9
7892,6
7893,12
7894,12
7895,6
7896,6
7897,9
7898,12
7899,15
7900,15
7901,15
7902,3
7903,12
7904,24
7905,24
7906,24
7907,21
7908,24
7909,24
7910,24
7911,18
7912,18
7913,24
7914,24
7915,30
7916,6
7917,12
7918,12
7919,6
7920,15
7921,6
7922,9
7923,18
7924,12
7925,9
7926,6
7927,6
7928,6
7929,6
7930,6
7931,6
7932,9
7933,6
7934,3
7935,6
7936,9
7937,18
7938,6
7939,6
7940,3
7941,15
7942,12
7943,12
7944,3
7945,12
7946,24
7947,15
7948,6
7949,18
7950,9
7951,3
7952,6
7953,3
7954,6
7955,9
7956,3
7957,6
7958,9
7959,6
7960,6
7961,6
7962,3
7963,3
7964,3
7965,6
7966,6
7967,3
7968,6
7969,6
7970,6
7971,15
7972,15
7973,3
7974,6
7975,9
7976,9
7977,6
7978,9
7979,6
7980,24
7981,15
7982,15
7983,9
7984,15
7985,12
7986,6
7987,18
7988,3
7989,12
7990,6
7991,6
7992,6
7993,6
7994,15
7995,9
7996,9
7997,9
7998,6
7999,15
8000,12
8001,15
8002,9
8003,6
8004,9
8005,6
8006,6
8007,6
8008,27
8009,21
8010,12
8011,15
8012,3
8013,21
8014,27
8015,27
8016,15
8017,9
8018,9
8019,9
8020,12
8021,6
8022,9
8023,15
8024,12
8025,15
8026,12
8027,15
8028,18
8029,3
8030,3
8031,15
8032,15
8033,15
8034,15
8035,15
8036,18
8037,15
8038,15
8039,6
8040,9
8041,9
8042,12
8043,9
8044,9
8045,12
8046,9
8047,24
8048,21
8049,18
8050,27
8051,27
8052,27
8053,27
8054,24
8055,27
8056,15
8057,12
8058,18
8059,21
8060,18
8061,15
8062,12
8063,6
8064,9
8065,6
8066,21
8067,9
8068,9
8069,15
8070,12
8071,15
8072,6
8073,15
8074,15
8075,12
8076,12
8077,9
8078,9
8079,12
8080,12
8081,9
8082,9
8083,6
8084,3
8085,6
8086,9
8087,9
8088,9
8089,9
8090,9
8091,12
8092,15
8093,9
8094,12
8095,12
8096,12
8097,9
8098,9
8099,3
8100,9
8101,12
8102,12
8103,12
8104,9
8105,6
8106,9
8107,12
8108,6
8109,9
8110,12
8111,9
8112,9
8113,6
8114,3
8115,9
8116,9
8117,9
8118,6
8119,9
8120,6
8121,6
8122,3
8123,3
8124,6
8125,9
8126,15
8127,6
8128,9
8129,9
8130,9
8131,9
8132,9
8133,9
8134,9
8135,9
8136,9
8137,9
8138,9
8139,6
8140,6
8141,6
8142,6
8143,9
8144,6
8145,9
8146,9
8147,6
8148,6
8149,9
8150,9
8151,3
8152,9
8153,3
8154,3
8155,6
8156,6
8157,6
8158,6
8159,3
8160,6
8161,9
8162,9
8163,9
8164,3
8165,6
8166,6
8167,3
8168,9
8169,12
8170,12
8171,6
8172,6
8173,15
8174,12
8175,9
8176,9
8177,9
8178,6
8179,9
8180,6
8181,3
8182,9
8183,6
8184,9
8185,9
8186,6
8187,9
8188,6
8189,3
8190,6
8191,12
8192,9
8193,6
8194,3
8195,9
8196,6
8197,6
8198,9
8199,9
8200,3
8201,3
8202,3
8203,6
8204,9
8205,6
8206,3
8207,6
8208,12
8209,9
8210,9
8211,6
8212,6
8213,9
8214,3
8215,18
8216,3
8217,6
8218,12
8219,9
8220,6
8221,6
8222,6
8223,6
8224,6
8225,18
8226,12
8227,3
8228,3
8229,12
8230,9
8231,6
8232,12
8233,9
8234,6
8235,9
8236,9
8237,9
8238,6
8239,3
8240,6
8241,9
8242,6
8243,9
8244,12
8245,9
8246,9
8247,6
8248,9
8249,3
8250,6
8251,9
8252,9
8253,6
8254,6
8255,6
8256,6
8257,6
8258,3
8259,6
8260,9
8261,9
8262,6
8263,9
8264,3
8265,12
8266,9
8267,6
8268,9
8269,12
8270,9
8271,12
8272,6
8273,12
8274,9
8275,9
8276,3
8277,12
8278,12
8279,9
8280,12
8281,12
8282,12
8283,12
8284,9
8285,6
8286,9
8287,9
8288,3
8289,12
8290,9
8291,12
8292,9
8293,12
8294,18
8295,15
8296,9
8297,9
8298,9
8299,12
8300,12
8301,3
8302,15
8303,15
8304,12
8305,12
8306,9
8307,3
8308,15
8309,6
8310,15
8311,15
8312,15
8313,6
8314,9
8315,12
8316,6
8317,12
8318,15
8319,6
8320,12
8321,12
8322,12
8323,12
8324,9
8325,9
8326,12
8327,6
8328,9
8329,12
8330,6
8331,9
8332,18
8333,9
8334,9
8335,3
8336,9
8337,9
8338,9
8339,9
8340,12
8341,15
8342,9
8343,6
8344,9
8345,3
8346,3
8347,3
8348,12
8349,15
8350,6
8351,9
8352,9
8353,15
8354,9
8355,15
8356,9
8357,24
8358,9
8359,15
8360,3
8361,6
8362,9
8363,6
8364,12
8365,6
8366,3
8367,6
8368,15
8369,6
8370,9
8371,9
8372,12
8373,18
8374,9
8375,6
8376,6
8377,12
8378,12
8379,6
8380,9
8381,3
8382,15
8383,9
8384,15
8385,15
8386,6
8387,6
8388,3
8389,6
8390,6
8391,6
8392,3
8393,6
8394,6
8395,9
8396,3
8397,3
8398,3
8399,6
8400,3
8401,12
8402,12
8403,3
8404,6
8405,3
8406,6
8407,6
8408,12
8409,9
8410,3
8411,12
8412,21
8413,21
8414,15
8415,9
8416,12
8417,15
8418,9
8419,9
8420,9
8421,6
8422,6
8423,6
8424,6
8425,15
8426,6
8427,9
8428,6
8429,6
8430,6
8431,3
8432,6
8433,6
8434,6
8435,6
8436,3
8437,6
8438,6
8439,6
8440,6
8441,3
8442,3
8443,9
8444,9
8445,12
8446,15
8447,9
8448,15
8449,6
8450,15
8451,18
8452,15
8453,6
8454,6
8455,3
8456,6
8457,6
8458,9
8459,9
8460,6
8461,3
8462,6
8463,9
8464,9
8465,3
8466,9
8467,9
8468,12
8469,12
8470,3
8471,15
8472,6
8473,3
8474,6
8475,6
8476,6
8477,3
8478,3
8479,9
8480,3
8481,6
8482,6
8483,3
8484,6
8485,9
8486,9
8487,9
8488,15
8489,6
8490,6
8491,12
8492,12
8493,6
8494,9
8495,15
8496,9
8497,9
8498,6
8499,12
8500,9
8501,3
8502,24
8503,6
8504,12
8505,18
8506,3
8507,9
8508,9
8509,12
8510,15
8511,18
8512,9
8513,3
8514,12
8515,6
8516,6
8517,6
8518,6
8519,12
8520,18
8521,12
8522,9
8523,6
8524,12
8525,12
8526,9
8527,6
8528,12
8529,15
8530,12
8531,6
8532,6
8533,6
8534,9
8535,12
8536,6
8537,6
8538,6
8539,6
8540,9
8541,6
8542,9
8543,6
8544,6
8545,9
8546,9
8547,6
8548,6
8549,3
8550,6
8551,9
8552,9
8553,9
8554,12
8555,9
8556,9
8557,9
8558,9
8559,15
8560,15
8561,6
8562,6
8563,12
8564,9
8565,3
8566,12
8567,12
8568,15
8569,15
8570,18
8571,9
8572,12
8573,9
8574,6
8575,12
8576,6
8577,12
8578,9
8579,12
8580,9
8581,6
8582,12
8583,12
8584,6
8585,6
8586,9
8587,9
8588,9
8589,18
8590,15
8591,15
8592,21
8593,6
8594,9
8595,9
8596,6
8597,6
8598,9
8599,12
8600,9
8601,24
8602,6
8603,15
8604,3
8605,9
8606,6
8607,6
8608,6
8609,9
8610,6
8611,15
8612,12
8613,6
8614,6
8615,9
8616,6
8617,9
8618,12
8619,3
8620,18
8621,18
8622,18
8623,9
8624,12
8625,9
8626,18
8627,6
8628,6
8629,6
8630,6
8631,9
8632,6
8633,9
8634,6
8635,9
8636,6
8637,6
8638,12
8639,15
8640,15
8641,15
8642,12
8643,6
8644,9
8645,6
8646,12
8647,12
8648,6
8649,9
8650,9
8651,9
8652,12
8653,12
8654,12
8655,9
8656,18
8657,9
8658,3
8659,6
8660,6
8661,9
8662,6
8663,12
8664,9
8665,3
8666,6
8667,6
8668,12
8669,21
8670,21
8671,12
8672,21
8673,18
8674,12
8675,9
8676,12
8677,12
8678,6
8679,9
8680,15
8681,3
8682,15
8683,15
8684,9
8685,15
8686,15
8687,9
8688,6
8689,9
8690,12
8691,12
8692,6
8693,9
8694,6
8695,9
8696,9
8697,9
8698,12
8699,12
8700,12
8701,6
8702,9
8703,6
8704,9
8705,15
8706,15
8707,6
8708,3
8709,9
8710,3
8711,18
8712,9
8713,9
8714,6
8715,6
8716,24
8717,12
8718,21
8719,9
8720,12
8721,18
8722,6
8723,21
8724,6
8725,9
8726,15
8727,12
8728,12
8729,9
8730,3
8731,9
8732,9
8733,12
8734,9
8735,18
8736,6
8737,6
8738,9
8739,6
8740,6
8741,6
8742,18
8743,15
8744,15
8745,6
8746,6
8747,9
8748,15
8749,6
8750,9
8751,12
8752,15
8753,9
8754,12
8755,9
8756,6
8757,12
8758,6
8759,12
8760,15
8761,12
8762,15
8763,12
8764,21
8765,9
8766,6
8767,21
8768,18
8769,24
8770,21
8771,24
8772,12
8773,6
8774,9
8775,9
8776,9
8777,12
8778,9
8779,15
8780,15
8781,15
8782,15
8783,27
8784,27
8785,27
8786,15
8787,21
8788,12
8789,33
8790,18
8791,6
8792,9
8793,9
8794,15
8795,6
8796,9
8797,12
8798,6
8799,9
8800,6
8801,6
8802,9
8803,12
8804,6
8805,12
8806,6
8807,21
8808,21
8809,21
8810,9
8811,15
8812,21
8813,27
8814,33
8815,21
8816,21
8817,15
8818,15
8819,15
8820,15
8821,12
8822,12
8823,12
8824,6
8825,12
8826,12
8827,6
8828,6
8829,9
8830,9
8831,6
8832,3
8833,6
8834,6
8835,6
8836,15
8837,3
8838,12
8839,3
8840,12
8841,15
8842,9
8843,6
8844,12
8845,9
8846,9
8847,12
8848,6
8849,6
8850,9
8851,9
8852,12
8853,12
8854,3
8855,12
8856,9
8857,3
8858,9
8859,6
8860,6
8861,6
8862,18
8863,12
8864,9
8865,6
8866,6
8867,3
8868,9
8869,3
8870,6
8871,12
8872,9
8873,6
8874,6
8875,6
8876,9
8877,12
8878,6
8879,6
8880,9
8881,6
8882,6
8883,6
8884,6
8885,12
8886,6
8887,9
8888,9
8889,9
8890,6
8891,6
8892,12
8893,6
8894,9
8895,3
8896,6
8897,9
8898,12
8899,6
8900,12
8901,6
8902,6
8903,12
8904,12
8905,9
8906,6
8907,6
8908,15
8909,6
8910,6
8911,6
8912,6
8913,3
8914,12
8915,12
8916,9
8917,9
8918,12
8919,12
8920,6
8921,9
8922,12
8923,12
8924,3
8925,12
8926,9
8927,12
8928,6
8929,6
8930,6
8931,6
8932,3
8933,3
8934,9
8935,9
8936,6
8937,6
8938,6
8939,6
8940,12
8941,3
8942,6
8943,6
8944,3
8945,6
8946,3
8947,6
8948,6
8949,6
8950,9
8951,9
8952,9
8953,9
8954,9
8955,9
8956,6
8957,9
8958,12
8959,6
8960,9
8961,12
8962,9
8963,12
8964,12
8965,9
8966,9
8967,6
8968,6
8969,9
8970,6
8971,6
8972,6
8973,3
8974,12
8975,9
8976,3
8977,12
8978,12
8979,12
8980,6
8981,3
8982,9
8983,6
8984,3
8985,9
8986,9
8987,9
8988,9
8989,9
8990,9
8991,15
8992,9
8993,6
8994,9
8995,9
8996,9
8997,6
8998,9
8999,15
9000,12
9001,15
9002,12
9003,15
9004,15
9005,12
9006,6
9007,12
9008,12
9009,12
9010,12
9011,9
9012,15
9013,15
9014,9
9015,15
9016,12
9017,9
9018,9
9019,9
9020,9
9021,9
9022,12
9023,9
9024,9
9025,6
9026,6
9027,12
9028,3
9029,3
9030,6
9031,3
9032,15
9033,12
9034,12
9035,12
9036,9
9037,12
9038,15
9039,12
9040,12
9041,9
9042,12
9043,9
9044,18
9045,9
9046,12
9047,12
9048,6
9049,9
9050,9
9051,12
9052,15
9053,12
9054,9
9055,9
9056,12
9057,12
9058,9
9059,9
9060,12
9061,9
9062,6
9063,15
9064,9
9065,9
9066,12
9067,12
9068,9
9069,12
9070,9
9071,9
9072,9
9073,6
9074,12
9075,12
9076,9
9077,9
9078,9
9079,9
9080,6
9081,9
9082,15
9083,6
9084,6
9085,6
9086,3
9087,6
9088,3
9089,6
9090,6
9091,6
9092,3
9093,6
9094,6
9095,3
9096,6
9097,6
9098,9
9099,3
9100,6
9101,6
9102,6
9103,6
9104,3
9105,6
9106,3
9107,6
9108,3
9109,6
9110,9
9111,3
9112,3
9113,3
9114,3
9115,3
9116,9
9117,3
9118,6
9119,9
9120,9
9121,6
9122,9
9123,3
9124,3
9125,3
9126,18
9127,12
9128,3
9129,6
9130,6
9131,9
9132,9
9133,6
9134,3
9135,9
9136,15
9137,9
9138,9
9139,9
9140,15
9141,12
9142,15
9143,12
9144,12
9145,6
9146,9
9147,3
9148,15
9149,9
9150,6
9151,6
9152,6
9153,6
9154,6
9155,6
9156,9
9157,3
9158,12
9159,6
9160,6
9161,6
9162,6
9163,3
9164,3
9165,15
9166,9
9167,3
9168,6
9169,9
9170,12
9171,12
9172,6
9173,12
9174,3
9175,6
9176,9
9177,6
9178,9
9179,9
9180,9
9181,15
9182,9
9183,9
9184,9
9185,9
9186,9
9187,3
9188,6
9189,27
9190,9
9191,6
9192,6
9193,6
9194,6
9195,12
9196,6
9197,18
9198,9
9199,9
9200,18
9201,6
9202,9
9203,9
9204,12
9205,9
9206,9
9207,6
9208,9
9209,9
9210,6
9211,6
9212,6
9213,12
9214,9
9215,6
9216,6
9217,6
9218,24
9219,6
9220,6
9221,6
9222,6
9223,6
9224,9
9225,9
9226,9
9227,6
9228,9
9229,9
9230,6
9231,24
9232,27
9233,24
9234,18
9235,3
9236,15
9237,9
9238,6
9239,9
9240,12
9241,6
9242,21
9243,9
9244,9
9245,21
9246,9
9247,9
9248,9
9249,21
9250,12
9251,9
9252,9
9253,9
9254,3
9255,9
9256,12
9257,12
9258,9
9259,15
9260,6
9261,6
9262,12
9263,6
9264,6
9265,12
9266,9
9267,12
9268,12
9269,9
9270,9
9271,12
9272,12
9273,15
9274,6
9275,9
9276,9
9277,9
9278,9
9279,6
9280,9
9281,24
9282,6
9283,12
9284,9
9285,27
9286,9
9287,12
9288,3
9289,6
9290,6
9291,9
9292,9
9293,9
9294,9
9295,9
9296,15
9297,6
9298,12
9299,9
9300,9
9301,9
9302,9
9303,18
9304,21
9305,18
9306,3
9307,18
9308,9
9309,9
9310,6
9311,9
9312,6
9313,12
9314,9
9315,9
9316,9
9317,15
9318,12
9319,9
9320,12
9321,6
9322,24
9323,9
9324,9
9325,6
9326,9
9327,12
9328,12
9329,6
9330,6
9331,6
9332,12
9333,12
9334,12
9335,6
9336,12
9337,9
9338,9
9339,6
9340,12
9341,9
9342,12
9343,15
9344,6
9345,6
9346,15
9347,6
9348,9
9349,6
9350,9
9351,12
9352,15
9353,12
9354,24
9355,9
9356,15
9357,15
9358,15
9359,15
9360,9
9361,12
9362,9
9363,9
9364,33
9365,33
9366,33
9367,15
9368,12
9369,9
9370,6
9371,6
9372,6
9373,9
9374,12
9375,12
9376,9
9377,6
9378,12
9379,15
9380,6
9381,6
9382,6
9383,6
9384,9
9385,9
9386,6
9387,12
9388,12
9389,12
9390,6
9391,12
9392,9
9393,12
9394,21
9395,18
9396,6
9397,6
9398,6
9399,6
9400,18
9401,9
9402,3
9403,9
9404,9
9405,9
9406,9
9407,6
9408,6
9409,12
9410,15
9411,12
9412,27
9413,27
9414,15
9415,12
9416,9
9417,6
9418,9
9419,18
9420,12
9421,6
9422,12
9423,12
9424,12
9425,9
9426,9
9427,6
9428,15
9429,6
9430,12
9431,6
9432,12
9433,12
9434,3
9435,6
9436,6
9437,3
9438,12
9439,12
9440,12
9441,12
9442,9
9443,9
9444,6
9445,6
9446,6
9447,12
9448,6
9449,6
9450,9
9451,6
9452,12
9453,9
9454,9
9455,12
9456,9
9457,9
9458,9
9459,3
9460,6
9461,6
9462,6
9463,9
9464,9
9465,6
9466,9
9467,6
9468,9
9469,9
9470,9
9471,9
9472,15
9473,9
9474,9
9475,3
9476,12
9477,12
9478,6
9479,9
9480,12
9481,6
9482,9
9483,9
9484,12
9485,9
9486,9
9487,12
9488,21
9489,12
9490,9
9491,9
9492,6
9493,9
9494,18
9495,9
9496,12
9497,9
9498,6
9499,6
9500,18
9501,12
9502,9
9503,6
9504,9
9505,9
9506,9
9507,9
9508,9
9509,9
9510,12
9511,9
9512,9
9513,15
9514,12
9515,9
9516,15
9517,6
9518,12
9519,12
9520,9
9521,9
9522,6
9523,9
9524,15
9525,12
9526,6
9527,6
9528,9
9529,12
9530,12
9531,12
9532,12
9533,12
9534,12
9535,9
9536,9
9537,6
9538,15
9539,24
9540,15
9541,21
9542,9
9543,24
9544,9
9545,15
9546,12
9547,6
9548,12
9549,6
9550,6
9551,6
9552,12
9553,12
9554,9
9555,9
9556,9
9557,3
9558,15
9559,15
9560,9
9561,6
9562,6
9563,6
9564,12
9565,6
9566,15
9567,12
9568,12
9569,6
9570,6
9571,15
9572,24
9573,9
9574,9
9575,18
9576,6
9577,9
9578,12
9579,15
9580,9
9581,12
9582,9
9583,15
9584,6
9585,9
9586,9
9587,9
9588,3
9589,9
9590,12
9591,12
9592,12
9593,12
9594,12
9595,6
9596,12
9597,9
9598,9
9599,9
9600,6
9601,6
9602,6
9603,9
9604,3
9605,3
9606,6
9607,30
9608,21
9609,27
9610,27
9611,18
9612,15
9613,12
9614,3
9615,27
9616,24
9617,9
9618,9
9619,9
9620,15
9621,12
9622,9
9623,9
9624,9
9625,15
9626,21
9627,21
9628,21
9629,3
9630,30
9631,24
9632,15
9633,18
9634,33
9635,15
9636,12
9637,6
9638,9
9639,9
9640,6
9641,6
9642,9
9643,6
9644,6
9645,3
9646,12
9647,9
9648,9
9649,12
9650,6
9651,6
9652,9
9653,6
9654,9
9655,6
9656,15
9657,15
9658,12
9659,12
9660,3
9661,15
9662,6
9663,6
9664,9
9665,9
9666,9
9667,12
9668,18
9669,12
9670,12
9671,9
9672,3
9673,12
9674,12
9675,12
9676,12
9677,12
9678,12
9679,21
9680,21
9681,6
9682,9
9683,9
9684,3
9685,21
9686,9
9687,3
9688,6
9689,3
9690,3
9691,12
9692,12
9693,9
9694,3
9695,3
9696,6
9697,6
9698,15
9699,15
9700,12
9701,15
9702,12
9703,6
9704,6
9705,9
9706,9
9707,6
9708,3
9709,6
9710,9
9711,6
9712,6
9713,9
9714,21
9715,15
9716,9
9717,15
9718,9
9719,3
9720,6
9721,12
9722,6
9723,9
9724,9
9725,3
9726,6
9727,3
9728,6
9729,9
9730,9
9731,3
9732,3
9733,9
9734,6
9735,6
9736,6
9737,3
9738,15
9739,9
9740,9
9741,6
9742,6
9743,9
9744,15
9745,15
9746,15
9747,3
9748,6
9749,3
9750,18
9751,12
9752,15
9753,6
9754,3
9755,3
9756,21
9757,12
9758,6
9759,9
9760,6
9761,6
9762,3
9763,12
9764,9
9765,9
9766,9
9767,9
9768,6
9769,6
9770,3
9771,6
9772,9
9773,6
9774,6
9775,9
9776,9
9777,9
9778,9
9779,9
9780,9
9781,9
9782,6
9783,6
9784,6
9785,3
9786,15
9787,15
9788,9
9789,6
9790,9
9791,27
9792,27
9793,27
9794,15
9795,9
9796,24
9797,15
9798,12
9799,21
9800,15
9801,12
9802,12
9803,12
9804,12
9805,12
9806,12
9807,12
9808,15
9809,6
9810,9
9811,9
9812,3
9813,9
9814,9
9815,12
9816,12
9817,6
9818,6
9819,3
9820,12
9821,12
9822,9
9823,12
9824,9
9825,6
9826,12
9827,3
9828,6
9829,12
9830,6
9831,9
9832,12
9833,9
9834,9
9835,9
9836,18
9837,12
9838,21
9839,3
9840,9
9841,18
9842,12
9843,9
9844,6
9845,6
9846,9
9847,12
9848,15
9849,12
9850,15
9851,6
9852,3
9853,12
9854,9
9855,9
9856,6
9857,12
9858,9
9859,9
9860,9
9861,12
9862,6
9863,9
9864,3
9865,6
9866,12
9867,3
9868,9
9869,6
9870,6
9871,9
9872,9
9873,12
9874,6
9875,9
9876,9
9877,6
9878,18
9879,12
9880,12
9881,12
9882,12
9883,12
9884,12
9885,3
9886,12
9887,15
9888,21
9889,15
9890,15
9891,18
9892,18
9893,9
9894,12
9895,6
9896,6
9897,6
9898,12
9899,12
9900,15
9901,6
9902,6
9903,3
9904,6
9905,3
9906,9
9907,9
9908,6
9909,12
9910,6
9911,6
9912,3
9913,6
9914,15
9915,15
9916,9
9917,9
9918,12
9919,6
9920,9
9921,3
9922,3
9923,3
9924,6
9925,3
9926,3
9927,6
9928,3
9929,3
9930,9
9931,9
9932,6
9933,9
9934,6
9935,9
9936,12
9937,12
9938,6
9939,6
9940,3
9941,9
9942,12
9943,9
9944,9
9945,9
9946,9
9947,12
9948,6
9949,9
9950,12
9951,12
9952,9
9953,12
9954,3
9955,6
9956,9
9957,12
9958,9
9959,9
9960,9
9961,9
9962,9
9963,9
9964,9
9965,9
9966,9
9967,6
9968,9
9969,6
9970,9
9971,9
9972,9
9973,9
9974,9
9975,9
9976,9
9977,6
9978,9
9979,9
9980,9
9981,12
9982,9
9983,9
9984,6
9985,6
9986,9
9987,9
9988,6
9989,6
9990,12
9991,6
9992,6
9993,12
9994,12
9995,12
9996,9
9997,12
9998,12
9999,9
10000,15
10001,15
10002,15
10003,15
10004,6
10005,9
10006,9
10007,9
10008,9
10009,9
10010,12
10011,15
10012,6
10013,3
10014,6
10015,9
10016,6
10017,6
10018,3
10019,6
10020,6
10021,6
10022,3
10023,6
10024,3
10025,6
10026,9
10027,9
10028,6
10029,3
10030,3
10031,6
10032,6
10033,3
10034,6
10035,6
10036,6
10037,6
10038,6
10039,9
10040,6
10041,6
10042,3
10043,18
10044,9
10045,24
10046,12
10047,15
10048,3
10049,3
10050,6
10051,15
10052,15
10053,21
10054,18
10055,0
10056,6
10057,3
10058,6
10059,9
10060,12
10061,6
10062,24
10063,21
10064,9
10065,3
10066,9
10067,9
10068,27
10069,9
10070,3
10071,3
10072,3
10073,9
10074,6
10075,6
10076,3
10077,9
10078,21
10079,9
10080,12
10081,6
10082,6
10083,21
10084,6
10085,3
10086,21
10087,24
10088,9
10089,6
10090,6
10091,9
10092,6
10093,6
10094,6
10095,15
10096,21
10097,12
10098,6
10099,9
10100,9
10101,15
10102,6
10103,6
10104,6
10105,3
10106,6
10107,9
10108,15
10109,9
10110,6
10111,9
10112,9
10113,6
10114,6
10115,6
10116,6
10117,6
10118,6
10119,6
10120,15
10121,18
10122,15
10123,6
10124,9
10125,21
10126,9
10127,12
10128,9
10129,9
10130,9
10131,6
10132,9
10133,9
10134,6
10135,12
10136,12
10137,15
10138,3
10139,36
10140,12
10141,9
10142,9
10143,9
10144,9
10145,9
10146,9
10147,9
10148,6
10149,6
10150,9
10151,24
10152,15
10153,15
10154,12
10155,9
10156,9
10157,9
10158,12
10159,9
10160,9
10161,18
10162,6
10163,9
10164,12
10165,9
10166,21
10167,9
10168,12
10169,6
10170,21
10171,12
10172,9
10173,9
10174,9
10175,3
10176,18
10177,9
10178,6
10179,12
10180,9
10181,9
10182,12
10183,9
10184,24
10185,12
10186,9
10187,12
10188,12
10189,12
10190,18
10191,18
10192,9
10193,12
10194,6
10195,6
10196,12
10197,6
10198,12
10199,18
10200,18
10201,27
10202,24
10203,27
10204,27
10205,6
10206,6
10207,9
10208,9
10209,9
10210,9
10211,6
10212,6
10213,9
10214,9
10215,9
10216,6
10217,9
10218,9
10219,6
10220,9
10221,9
10222,9
10223,6
10224,12
10225,21
10226,9
10227,12
10228,9
10229,6
10230,6
10231,18
10232,9
10233,12
10234,12
10235,9
10236,12
10237,9
10238,12
10239,6
10240,18
10241,6
10242,6
10243,6
10244,6
10245,21
10246,24
10247,24
10248,9
10249,18
10250,21
10251,21
10252,21
10253,36
10254,24
10255,12
10256,12
10257,9
10258,3
10259,24
10260,21
10261,3
10262,9
10263,9
10264,3
10265,9
10266,6
10267,9
10268,9
10269,9
10270,6
10271,6
10272,9
10273,3
10274,6
10275,9
10276,15
10277,21
10278,18
10279,12
10280,3
10281,15
10282,6
10283,3
10284,9
10285,6
10286,9
10287,15
10288,12
10289,6
10290,6
10291,3
10292,9
10293,6
10294,15
10295,12
10296,15
10297,21
10298,18
10299,9
10300,15
10301,15
10302,12
10303,9
10304,9
10305,6
10306,12
10307,6
10308,9
10309,6
10310,9
10311,9
10312,9
10313,15
10314,9
10315,9
10316,9
10317,9
10318,9
10319,9
10320,9
10321,9
10322,12
10323,9
10324,15
10325,15
10326,9
10327,15
10328,15
10329,9
10330,6
10331,9
10332,6
10333,6
10334,15
10335,15
10336,6
10337,9
10338,3
10339,12
10340,9
10341,9
10342,9
10343,15
10344,18
10345,9
10346,15
10347,6
10348,12
10349,9
10350,9
10351,6
10352,15
10353,6
10354,6
10355,15
10356,15
10357,6
10358,6
10359,6
10360,27
10361,3
10362,9
10363,21
10364,21
10365,12
10366,18
10367,6
10368,18
10369,18
10370,18
10371,3
10372,9
10373,9
10374,12
10375,6
10376,6
10377,6
10378,6
10379,6
10380,9
10381,9
10382,6
10383,9
10384,6
10385,12
10386,12
10387,12
10388,3
10389,3
10390,6
10391,12
10392,3
10393,12
10394,9
10395,9
10396,9
10397,3
10398,6
10399,6
10400,9
10401,6
10402,6
10403,12
10404,12
10405,12
10406,9
10407,9
10408,12
10409,12
10410,12
10411,12
10412,12
10413,12
10414,9
10415,6
10416,6
10417,6
10418,6
10419,12
10420,9
10421,6
10422,9
10423,6
10424,9
10425,12
10426,9
10427,9
10428,9
10429,6
10430,9
10431,6
10432,12
10433,12
10434,9
10435,6
10436,12
10437,3
10438,3
10439,3
10440,6
10441,6
10442,9
10443,6
10444,6
10445,6
10446,9
10447,3
10448,6
10449,6
10450,9
10451,6
10452,6
10453,9
10454,9
10455,9
10456,3
10457,12
10458,12
10459,3
10460,12
10461,9
10462,12
10463,12
10464,3
10465,9
10466,9
10467,3
10468,9
10469,6
10470,12
10471,3
10472,6
10473,9
10474,6
10475,6
10476,6
10477,9
10478,6
10479,9
10480,9
10481,12
10482,9
10483,9
10484,9
10485,9
10486,6
10487,6
10488,9
10489,9
10490,9
10491,6
10492,9
10493,9
10494,6
10495,9
10496,9
10497,15
10498,9
10499,12
10500,9
10501,6
10502,9
10503,12
10504,15
10505,9
10506,9
10507,12
10508,12
10509,9
10510,9
10511,9
10512,6
10513,9
10514,9
10515,6
10516,9
10517,6
10518,12
10519,9
10520,6
10521,9
10522,6
10523,12
10524,3
10525,3
10526,3
10527,3
10528,3
10529,6
10530,3
10531,3
10532,3
10533,3
10534,3
10535,6
10536,3
10537,6
10538,3
10539,3
10540,3
10541,9
10542,6
10543,3
10544,3
10545,3
10546,6
10547,3
10548,3
10549,3
10550,6
10551,3
10552,18
10553,12
10554,15
10555,12
10556,12
10557,6
10558,12
10559,6
10560,6
10561,9
10562,15
10563,15
10564,9
10565,9
10566,12
10567,9
10568,6
10569,9
10570,3
10571,9
10572,6
10573,3
10574,6
10575,6
10576,9
10577,3
10578,9
10579,3
10580,6
10581,9
10582,6
10583,6
10584,6
10585,12
10586,9
10587,15
10588,6
10589,6
10590,6
10591,12
10592,6
10593,6
10594,12
10595,9
10596,9
10597,9
10598,6
10599,9
10600,6
10601,12
10602,6
10603,15
10604,3
10605,6
10606,15
10607,12
10608,6
10609,9
10610,21
10611,12
10612,18
10613,18
10614,21
10615,27
10616,12
10617,9
10618,9
10619,18
10620,12
10621,12
10622,12
10623,9
10624,6
10625,9
10626,9
10627,9
10628,6
10629,18
10630,12
10631,3
10632,18
10633,15
10634,12
10635,6
10636,18
10637,12
10638,9
10639,9
10640,12
10641,9
10642,9
10643,30
10644,27
10645,15
10646,15
10647,24
10648,18
10649,15
10650,9
10651,30
10652,12
10653,6
10654,12
10655,9
10656,6
10657,21
10658,21
10659,18
10660,9
10661,9
10662,12
10663,12
10664,12
10665,15
10666,12
10667,9
10668,12
10669,9
10670,24
10671,18
10672,24
10673,27
10674,9
10675,15
10676,24
10677,6
10678,18
10679,21
10680,6
10681,9
10682,15
10683,9
10684,9
10685,9
10686,9
10687,9
10688,30
10689,18
10690,18
10691,12
10692,9
10693,12
10694,15
10695,15
10696,18
10697,18
10698,21
10699,12
10700,9
10701,12
10702,3
10703,12
10704,18
10705,18
10706,15
10707,12
10708,3
10709,6
10710,9
10711,6
10712,9
10713,6
10714,9
10715,9
10716,12
10717,15
10718,18
10719,6
10720,9
10721,9
10722,12
10723,9
10724,9
10725,9
10726,6
10727,9
10728,6
10729,6
10730,6
10731,6
10732,9
10733,3
10734,6
10735,9
10736,12
10737,6
10738,9
10739,6
10740,12
10741,6
10742,12
10743,12
10744,15
10745,12
10746,6
10747,3
10748,6
10749,6
10750,6
10751,6
10752,6
10753,6
10754,9
10755,9
10756,9
10757,9
10758,9
10759,6
10760,6
10761,6
10762,9
10763,12
10764,6
10765,6
10766,18
10767,12
10768,6
10769,6
10770,9
10771,9
10772,6
10773,9
10774,9
10775,9
10776,6
10777,12
10778,6
10779,12
10780,9
10781,9
10782,9
10783,9
10784,3
10785,3
10786,3
10787,9
10788,6
10789,6
10790,6
10791,12
10792,6
10793,12
10794,9
10795,6
10796,9
10797,9
10798,6
10799,6
10800,15
10801,9
10802,3
10803,6
10804,12
10805,3
10806,12
10807,3
10808,3
10809,9
10810,9
10811,6
10812,3
10813,18
10814,6
10815,6
10816,12
10817,9
10818,9
10819,6
10820,6
10821,6
10822,9
10823,3
10824,6
10825,3
10826,6
10827,9
10828,9
10829,9
10830,9
10831,9
10832,9
10833,0
10834,6
10835,18
10836,15
10837,18
10838,6
10839,12
10840,12
10841,3
10842,6
10843,6
10844,6
10845,3
10846,6
10847,9
10848,9
10849,15
10850,6
10851,3
10852,6
10853,12
10854,15
10855,6
10856,12
10857,3
10858,6
10859,6
10860,6
10861,9
10862,3
10863,9
10864,6
10865,6
10866,6
10867,9
10868,6
10869,9
10870,9
10871,6
10872,9
10873,6
10874,3
10875,12
10876,15
10877,6
10878,15
10879,9
10880,6
10881,6
10882,6
10883,6
10884,12
10885,9
10886,12
10887,9
10888,9
10889,6
10890,12
10891,3
10892,18
10893,9
10894,3
10895,9
10896,12
10897,6
10898,3
10899,3
10900,6
10901,15
10902,15
10903,9
10904,9
10905,15
10906,3
10907,15
10908,6
10909,6
10910,15
10911,15
10912,15
10913,15
10914,9
10915,18
10916,9
10917,3
10918,3
10919,3
10920,3
10921,9
10922,3
10923,9
10924,9
10925,3
10926,21
10927,18
10928,6
10929,21
10930,3
10931,3
10932,6
10933,9
10934,12
10935,6
10936,6
10937,9
10938,3
10939,6
10940,9
10941,9
10942,12
10943,21
10944,15
10945,3
10946,6
10947,15
10948,30
10949,21
10950,21
10951,24
10952,24
10953,12
10954,12
10955,27
10956,27
10957,27
10958,9
10959,9
10960,3
10961,3
10962,6
10963,3
10964,3
10965,6
10966,12
10967,3
10968,6
10969,9
10970,6
10971,3
10972,6
10973,6
10974,9
10975,15
10976,6
10977,6
10978,9
10979,6
10980,9
10981,6
10982,9
10983,6
10984,6
10985,27
10986,24
10987,24
10988,27
10989,6
10990,6
10991,9
10992,9
10993,3
10994,6
10995,9
10996,21
10997,15
10998,6
10999,9
11000,9
11001,9
11002,6
11003,12
11004,6
11005,15
11006,12
11007,21
11008,21
11009,9
11010,9
11011,6
11012,30
11013,3
11014,3
11015,6
11016,24
11017,9
11018,12
11019,12
11020,12
11021,12
11022,12
11023,9
11024,9
11025,12
11026,9
11027,9
11028,9
11029,6
11030,9
11031,12
11032,12
11033,3
11034,9
11035,9
11036,9
11037,6
11038,9
11039,6
11040,3
11041,6
11042,6
11043,9
11044,9
11045,6
11046,6
11047,9
11048,6
11049,6
11050,6
11051,9
11052,15
11053,9
11054,6
11055,9
11056,3
11057,6
11058,3
11059,9
11060,15
11061,9
11062,9
11063,6
11064,6
11065,9
11066,6
11067,9
11068,9
11069,9
11070,12
11071,9
11072,6
11073,9
11074,9
11075,12
11076,12
11077,12
11078,12
11079,12
11080,9
11081,6
11082,9
11083,6
11084,3
11085,6
11086,6
11087,6
11088,6
11089,6
11090,3
11091,3
11092,3
11093,6
11094,9
11095,3
11096,3
11097,3
11098,3
11099,3
11100,6
11101,6
11102,3
11103,3
11104,6
11105,6
11106,6
11107,6
11108,6
11109,6
11110,6
11111,6
11112,9
11113,9
11114,6
11115,9
11116,9
11117,15
11118,6
11119,9
11120,15
11121,3
11122,3
11123,6
11124,3
11125,3
11126,3
11127,3
11128,6
11129,12
11130,15
11131,18
11132,9
11133,9
11134,6
11135,9
11136,9
11137,9
11138,6
11139,6
11140,12
11141,15
11142,3
11143,6
11144,9
11145,12
11146,9
11147,9
11148,9
11149,3
11150,6
11151,9
11152,6
11153,6
11154,9
11155,12
11156,6
11157,3
11158,3
11159,9
11160,12
11161,9
11162,6
11163,6
11164,15
11165,12
11166,9
11167,12
11168,12
11169,15
11170,12
11171,15
11172,18
11173,9
11174,15
11175,9
11176,15
11177,12
11178,15
11179,15
11180,9
11181,12
11182,18
11183,3
11184,6
11185,6
11186,6
11187,9
11188,9
11189,9
11190,9
11191,6
11192,6
11193,6
11194,6
11195,6
11196,6
11197,9
11198,9
11199,12
11200,18
11201,9
11202,6
11203,6
11204,3
11205,6
11206,12
11207,3
11208,6
11209,6
11210,15
11211,6
11212,6
11213,6
11214,15
11215,15
11216,15
11217,15
11218,9
11219,9
11220,12
11221,9
11222,15
11223,15
11224,15
11225,9
11226,12
11227,6
11228,12
11229,12
11230,12
11231,12
11232,9
11233,9
11234,15
11235,18
11236,21
11237,3
11238,3
11239,9
11240,9
11241,12
11242,12
11243,0
11244,9
11245,9
11246,15
11247,9
11248,12
11249,9
11250,12
11251,21
11252,27
11253,24
11254,12
11255,12
11256,18
11257,12
11258,15
11259,9
11260,9
11261,9
11262,9
11263,3
11264,9
11265,9
11266,9
11267,9
11268,12
11269,9
11270,12
11271,12
11272,9
11273,9
11274,9
11275,9
11276,9
11277,15
11278,15
11279,15
11280,9
11281,15
11282,6
11283,18
11284,18
11285,30
11286,12
11287,12
11288,15
11289,12
11290,15
11291,9
11292,24
11293,24
11294,18
11295,12
11296,9
11297,12
11298,18
11299,9
11300,6
11301,9
11302,9
11303,12
11304,21
11305,6
11306,9
11307,6
11308,3
11309,9
11310,12
11311,9
11312,9
11313,9
11314,12
11315,15
11316,9
11317,12
11318,6
11319,9
11320,9
11321,9
11322,12
11323,9
11324,12
11325,9
11326,15
11327,30
11328,9
11329,15
11330,12
11331,6
11332,9
11333,6
11334,12
11335,9
11336,12
11337,6
11338,9
11339,9
11340,6
11341,9
11342,9
11343,15
11344,9
11345,12
11346,12
11347,12
11348,9
11349,15
11350,12
11351,9
11352,12
11353,6
11354,9
11355,12
11356,6
11357,6
11358,6
11359,9
11360,9
11361,9
11362,6
11363,12
11364,9
11365,6
11366,6
11367,9
11368,9
11369,6
11370,9
11371,9
11372,9
11373,9
11374,12
11375,9
11376,12
11377,9
11378,9
11379,6
11380,15
11381,9
11382,9
11383,6
11384,9
11385,6
11386,9
11387,12
11388,6
11389,6
11390,6
11391,12
11392,6
11393,9
11394,6
11395,6
11396,6
11397,12
11398,6
11399,9
11400,9
11401,12
11402,9
11403,9
11404,6
11405,9
11406,9
11407,9
11408,9
11409,6
11410,6
11411,9
11412,9
11413,9
11414,12
11415,9
11416,9
11417,12
11418,12
11419,9
11420,6
11421,9
11422,6
11423,6
11424,9
11425,9
11426,9
11427,9
11428,6
11429,12
11430,12
11431,9
11432,12
11433,6
11434,12
11435,9
11436,9
11437,9
11438,9
11439,9
11440,9
11441,12
11442,12
11443,9
11444,6
11445,9
11446,12
11447,6
11448,12
11449,12
11450,9
11451,9
11452,9
11453,12
11454,9
11455,12
11456,15
11457,6
11458,12
11459,9
11460,9
11461,9
11462,9
11463,6
11464,21
11465,30
11466,21
11467,9
11468,9
11469,12
11470,6
11471,9
11472,9
11473,9
11474,6
11475,3
11476,9
11477,9
11478,3
11479,15
11480,12
11481,6
11482,9
11483,12
11484,9
11485,9
11486,9
11487,9
11488,6
11489,9
11490,9
11491,9
11492,9
11493,12
11494,6
11495,9
11496,6
11497,6
11498,3
11499,6
11500,15
11501,6
11502,9
11503,12
11504,6
11505,15
11506,12
11507,12
11508,9
11509,12
11510,12
11511,9
11512,9
11513,9
11514,15
11515,12
11516,12
11517,9
11518,9
11519,9
11520,9
11521,6
11522,9
11523,15
11524,6
11525,6
11526,9
11527,12
11528,9
11529,9
11530,30
11531,6
11532,18
11533,6
11534,12
11535,9
11536,6
11537,3
11538,15
11539,3
11540,9
11541,12
11542,21
11543,9
11544,9
11545,6
11546,9
11547,6
11548,15
11549,6
11550,6
11551,9
11552,6
11553,9
11554,12
11555,3
11556,9
11557,15
11558,12
11559,12
11560,15
11561,21
11562,15
11563,9
11564,6
11565,9
11566,6
11567,6
11568,15
11569,9
11570,15
11571,9
11572,9
11573,18
11574,15
11575,6
11576,9
11577,9
11578,9
11579,9
11580,15
11581,6
11582,9
11583,15
11584,6
11585,9
11586,21
11587,21
11588,15
11589,9
11590,15
11591,9
11592,6
11593,9
11594,6
11595,6
11596,6
11597,6
11598,6
11599,6
11600,6
11601,9
11602,6
11603,3
11604,9
11605,6
11606,24
11607,21
11608,3
11609,15
11610,15
11611,15
11612,9
11613,15
11614,6
11615,6
11616,15
11617,6
11618,9
11619,9
11620,12
11621,12
11622,9
11623,12
11624,6
11625,21
11626,12
11627,21
11628,9
11629,0
11630,6
11631,9
11632,6
11633,6
11634,6
11635,12
11636,9
11637,6
11638,9
11639,3
11640,6
11641,12
11642,9
11643,12
11644,3
11645,9
11646,9
11647,9
11648,6
11649,12
11650,12
11651,9
11652,6
11653,9
11654,15
11655,6
11656,9
11657,9
11658,6
11659,12
11660,15
11661,9
11662,9
11663,12
11664,9
11665,9
11666,9
11667,12
11668,9
11669,9
11670,15
11671,15
11672,15
11673,12
11674,3
11675,9
11676,12
11677,15
11678,12
11679,9
11680,15
11681,15
11682,15
11683,15
11684,15
11685,15
11686,15
11687,9
11688,15
11689,15
11690,18
11691,15
11692,9
11693,9
11694,6
11695,6
11696,6
11697,6
11698,3
11699,6
11700,6
11701,6
11702,6
11703,9
11704,3
11705,3
11706,15
11707,15
11708,21
11709,9
11710,9
11711,6
11712,3
11713,9
11714,9
11715,6
11716,6
11717,6
11718,3
11719,9
11720,6
11721,6
11722,6
11723,9
11724,9
11725,3
11726,9
11727,9
11728,15
11729,9
11730,9
11731,6
11732,12
11733,6
11734,6
11735,6
11736,15
11737,9
11738,9
11739,9
11740,6
11741,12
11742,3
11743,12
11744,6
11745,3
11746,6
11747,6
11748,9
11749,3
11750,9
11751,3
11752,6
11753,3
11754,3
11755,9
11756,3
11757,3
11758,3
11759,3
11760,3
11761,3
11762,3
11763,12
11764,9
11765,3
11766,15
11767,3
11768,3
11769,15
11770,6
11771,6
11772,6
11773,9
11774,12
11775,9
11776,6
11777,9
11778,6
11779,3
11780,3
11781,6
11782,9
11783,6
11784,9
11785,27
11786,6
11787,6
11788,15
11789,9
11790,12
11791,12
11792,9
11793,6
11794,6
11795,9
11796,15
11797,15
11798,15
11799,6
11800,3
11801,9
11802,12
11803,12
11804,12
11805,9
11806,24
11807,21
11808,9
11809,27
11810,12
11811,9
11812,9
11813,12
11814,12
11815,6
11816,6
11817,9
11818,12
11819,9
11820,9
11821,9
11822,18
11823,9
11824,9
11825,6
11826,6
11827,6
11828,6
11829,6
11830,6
11831,6
11832,6
11833,6
11834,9
11835,6
11836,15
11837,6
11838,6
11839,9
11840,9
11841,9
11842,12
11843,9
11844,9
11845,12
11846,6
11847,6
11848,6
11849,6
11850,6
11851,9
11852,15
11853,9
11854,6
11855,6
11856,6
11857,9
11858,9
11859,6
11860,9
11861,6
11862,9
11863,9
11864,3
11865,9
11866,6
11867,3
11868,3
11869,9
11870,12
11871,6
11872,9
11873,6
11874,6
11875,9
11876,9
11877,9
11878,12
11879,6
11880,9
11881,9
11882,9
11883,12
11884,6
11885,9
11886,9
11887,15
11888,9
11889,9
11890,9
11891,9
11892,6
11893,9
11894,6
11895,9
11896,9
11897,9
11898,9
11899,9
11900,9
11901,12
11902,12
11903,9
11904,9
11905,9
11906,9
11907,6
11908,6
11909,6
11910,6
11911,6
11912,9
11913,9
11914,12
11915,15
11916,12
11917,15
11918,15
11919,9
11920,12
11921,12
11922,12
11923,9
11924,15
11925,12
11926,15
11927,12
11928,15
11929,12
11930,9
11931,9
11932,6
11933,12
11934,6
11935,12
11936,9
11937,9
11938,9
11939,9
11940,12
11941,12
11942,12
11943,6
11944,12
11945,9
11946,6
11947,6
11948,9
11949,12
11950,12
11951,9
11952,9
11953,15
11954,9
11955,6
11956,12
11957,6
11958,9
11959,6
11960,15
11961,15
11962,12
11963,9
11964,9
11965,6
11966,12
11967,9
11968,9
11969,12
11970,9
11971,12
11972,12
11973,15
11974,15
11975,12
11976,12
11977,15
11978,12
11979,3
11980,21
11981,12
11982,15
11983,12
11984,18
11985,12
11986,12
11987,12
11988,6
11989,18
11990,15
11991,18
11992,12
11993,12
11994,15
11995,15
11996,12
11997,9
11998,9
11999,12
12000,9
12001,12
12002,12
12003,9
12004,9
12005,15
12006,12
12007,12
12008,12
12009,9
12010,15
12011,12
12012,18
12013,3
12014,9
12015,15
12016,12
12017,15
12018,15
12019,12
12020,21
12021,18
12022,12
12023,9
12024,9
12025,15
12026,9
12027,9
12028,9
12029,9
12030,9
12031,12
12032,9
12033,12
12034,9
12035,12
12036,12
12037,9
12038,12
12039,12
12040,12
12041,9
12042,9
12043,12
12044,12
12045,12
12046,15
12047,9
12048,15
12049,15
12050,9
12051,12
12052,12
12053,12
12054,15
12055,15
12056,15
12057,9
12058,12
12059,12
12060,15
12061,12
12062,9
12063,15
12064,12
12065,12
12066,12
12067,9
12068,9
12069,12
12070,12
12071,12
12072,3
12073,12
12074,9
12075,6
12076,3
12077,6
12078,6
12079,6
12080,9
12081,6
12082,9
12083,12
12084,12
12085,15
12086,9
12087,6
12088,9
12089,6
12090,6
12091,18
12092,15
12093,9
12094,12
12095,12
12096,9
12097,21
12098,9
12099,9
12100,9
12101,9
12102,9
12103,6
12104,6
12105,9
12106,12
12107,6
12108,9
12109,6
12110,9
12111,12
12112,12
12113,6
12114,6
12115,9
12116,9
12117,6
12118,6
12119,9
12120,9
12121,6
12122,6
12123,9
12124,6
12125,9
12126,6
12127,9
12128,3
12129,9
12130,9
12131,9
12132,9
12133,9
12134,9
12135,9
12136,3
12137,18
12138,6
12139,6
12140,9
12141,9
12142,9
12143,9
12144,6
12145,6
12146,6
12147,9
12148,6
12149,6
12150,6
12151,9
12152,9
12153,9
12154,15
12155,6
12156,12
12157,9
12158,6
12159,6
12160,6
12161,9
12162,3
12163,9
12164,9
12165,9
12166,9
12167,6
12168,6
12169,18
12170,9
12171,3
12172,6
12173,9
12174,12
12175,9
12176,9
12177,6
12178,6
12179,6
12180,6
12181,6
12182,6
12183,9
12184,9
12185,6
12186,6
12187,6
12188,6
12189,6
12190,6
12191,15
12192,12
12193,9
12194,9
12195,6
12196,6
12197,9
12198,9
12199,6
12200,6
12201,9
12202,6
12203,9
12204,9
12205,6
12206,6
12207,9
12208,9
12209,9
12210,9
12211,12
12212,18
12213,9
12214,12
12215,9
12216,9
12217,9
12218,9
12219,12
12220,24
12221,24
12222,21
12223,18
12224,21
12225,9
12226,3
12227,21
12228,15
12229,3
12230,6
12231,15
12232,18
12233,12
12234,6
12235,9
12236,12
12237,6
12238,6
12239,6
12240,6
12241,6
12242,6
12243,6
12244,9
12245,6
12246,9
12247,9
12248,9
12249,9
12250,12
12251,6
12252,9
12253,6
12254,9
12255,9
12256,9
12257,18
12258,15
12259,6
12260,15
12261,18
12262,15
12263,9
12264,9
12265,9
12266,6
12267,15
12268,15
12269,15
12270,15
12271,12
12272,12
12273,3
12274,6
12275,9
12276,3
12277,21
12278,6
12279,6
12280,9
12281,6
12282,6
12283,9
12284,6
12285,9
12286,18
12287,18
12288,15
12289,15
12290,15
12291,15
12292,15
12293,21
12294,12
12295,24
12296,9
12297,9
12298,27
12299,9
12300,27
12301,27
12302,27
12303,30
12304,21
12305,21
12306,9
12307,3
12308,3
12309,3
12310,6
12311,6
12312,12
12313,12
12314,6
12315,3
12316,6
12317,9
12318,6
12319,3
12320,3
12321,6
12322,6
12323,6
12324,21
12325,6
12326,12
12327,6
12328,9
12329,15
12330,15
12331,9
12332,9
12333,6
12334,6
12335,9
12336,9
12337,6
12338,15
12339,12
12340,15
12341,3
12342,3
12343,6
12344,9
12345,6
12346,15
12347,9
12348,6
12349,9
12350,9
12351,6
12352,6
12353,15
12354,6
12355,15
12356,15
12357,15
12358,21
12359,6
12360,3
12361,12
12362,9
12363,9
12364,12
12365,9
12366,9
12367,6
12368,9
12369,6
12370,3
12371,3
12372,6
12373,12
12374,18
12375,9
12376,9
12377,12
12378,3
12379,9
12380,9
12381,15
12382,9
12383,6
12384,12
12385,3
12386,9
12387,12
12388,9
12389,6
12390,9
12391,9
12392,9
12393,9
12394,12
12395,9
12396,9
12397,6
12398,12
12399,6
12400,6
12401,3
12402,6
12403,9
12404,12
12405,15
12406,15
12407,12
12408,9
12409,9
12410,6
12411,12
12412,15
12413,15
12414,15
12415,15
12416,15
12417,15
12418,15
12419,18
12420,6
12421,3
12422,3
12423,3
12424,3
12425,6
12426,3
12427,3
12428,3
12429,6
12430,3
12431,6
12432,6
12433,6
12434,6
12435,6
12436,3
12437,6
12438,3
12439,6
12440,6
12441,6
12442,6
12443,6
12444,6
12445,3
12446,3
12447,6
12448,3
12449,3
12450,3
12451,3
12452,3
12453,3
12454,3
12455,0
12456,3
12457,6
12458,3
12459,3
12460,3
12461,3
12462,3
12463,9
12464,9
12465,12
12466,6
12467,15
12468,9
12469,12
12470,9
12471,3
12472,12
12473,9
12474,9
12475,15
12476,6
12477,9
12478,3
12479,9
12480,9
12481,6
12482,3
12483,3
12484,9
12485,3
12486,6
12487,9
12488,9
12489,3
12490,3
12491,15
12492,15
12493,9
12494,12
12495,9
12496,3
12497,12
12498,6
12499,9
12500,6
12501,9
12502,9
12503,9
12504,9
12505,9
12506,9
12507,9
12508,12
12509,9
12510,15
12511,15
12512,9
12513,15
12514,15
12515,18
12516,15
12517,15
12518,15
12519,15
12520,9
12521,12
12522,9
12523,6
12524,6
12525,6
12526,12
12527,3
12528,6
12529,9
12530,3
12531,12
12532,9
12533,15
12534,3
12535,6
12536,6
12537,3
12538,3
12539,6
12540,15
12541,9
12542,6
12543,6
12544,6
12545,9
12546,9
12547,3
12548,9
12549,9
12550,9
12551,3
12552,3
12553,6
12554,9
12555,6
12556,12
12557,6
12558,15
12559,15
12560,15
12561,9
12562,6
12563,6
12564,3
12565,3
12566,9
12567,9
12568,12
12569,15
12570,6
12571,9
12572,15
12573,6
12574,6
12575,6
12576,9
12577,15
12578,15
12579,15
12580,6
12581,12
12582,6
12583,6
12584,9
12585,6
12586,6
12587,9
12588,12
12589,9
12590,12
12591,3
12592,15
12593,18
12594,12
12595,12
12596,12
12597,6
12598,18
12599,6
12600,3
12601,6
12602,6
12603,6
12604,6
12605,12
12606,6
12607,6
12608,6
12609,15
12610,6
12611,6
12612,6
12613,6
12614,9
12615,6
12616,6
12617,6
12618,6
12619,9
12620,6
12621,3
12622,9
12623,12
12624,12
12625,6
12626,6
12627,6
12628,3
12629,9
12630,12
12631,6
12632,6
12633,6
12634,12
12635,6
12636,12
12637,9
12638,6
12639,9
12640,3
12641,15
12642,9
12643,9
12644,6
12645,9
12646,6
12647,6
12648,3
12649,6
12650,6
12651,12
12652,6
12653,6
12654,9
12655,9
12656,12
12657,12
12658,6
12659,12
12660,9
12661,12
12662,9
12663,6
12664,9
12665,12
12666,12
12667,3
12668,9
12669,6
12670,3
12671,9
12672,6
12673,6
12674,6
12675,6
12676,9
12677,9
12678,6
12679,6
12680,9
12681,9
12682,9
12683,9
12684,9
12685,9
12686,9
12687,9
12688,9
12689,6
12690,9
12691,12
12692,6
12693,9
12694,12
12695,9
12696,9
12697,15
12698,9
12699,9
12700,3
12701,9
12702,12
12703,6
12704,9
12705,6
12706,9
12707,6
12708,6
12709,6
12710,12
12711,6
12712,12
12713,9
12714,6
12715,9
12716,9
12717,9
12718,9
12719,9
12720,9
12721,12
12722,9
12723,9
12724,15
12725,9
12726,9
12727,9
12728,9
12729,6
12730,6
12731,9
12732,9
12733,12
12734,9
12735,6
12736,9
12737,3
12738,12
12739,15
12740,12
12741,9
12742,6
12743,6
12744,6
12745,9
12746,6
12747,12
12748,6
12749,9
12750,6
12751,12
12752,12
12753,9
12754,9
12755,9
12756,9
12757,12
12758,9
12759,12
12760,9
12761,9
12762,9
12763,6
12764,9
12765,9
12766,9
12767,12
12768,9
12769,9
12770,6
12771,6
12772,6
12773,6
12774,9
12775,9
12776,12
12777,9
12778,6
12779,6
12780,9
12781,12
12782,15
12783,12
12784,12
12785,12
12786,9
12787,12
12788,12
12789,12
12790,12
12791,15
12792,9
12793,12
12794,12
12795,12
12796,12
12797,12
12798,12
12799,15
12800,15
12801,6
12802,12
12803,9
12804,9
12805,12
12806,12
12807,6
12808,12
12809,12
12810,9
12811,12
12812,9
12813,12
12814,9
12815,3
12816,18
12817,12
12818,12
12819,15
12820,12
12821,12
12822,12
12823,15
12824,15
12825,12
12826,15
12827,12
12828,15
12829,12
12830,9
12831,12
12832,9
12833,12
12834,12
12835,6
12836,12
12837,6
12838,6
12839,21
12840,12
12841,6
12842,6
12843,6
12844,12
12845,9
12846,12
12847,15
12848,12
12849,12
12850,21
12851,15
12852,12
12853,15
12854,12
12855,9
12856,12
12857,9
12858,9
12859,12
12860,12
12861,9
12862,12
12863,12
12864,12
12865,12
12866,9
12867,9
12868,9
12869,9
12870,12
12871,15
12872,9
12873,15
12874,12
12875,12
12876,15
12877,18
12878,9
12879,9
12880,9
12881,12
12882,6
12883,9
12884,12
12885,12
12886,18
12887,12
12888,12
12889,9
12890,6
12891,6
12892,9
12893,9
12894,6
12895,12
12896,18
12897,18
12898,18
12899,18
12900,12
12901,15
12902,15
12903,9
12904,12
12905,6
12906,9
12907,15
12908,21
12909,3
12910,15
12911,6
12912,6
12913,3
12914,6
12915,6
12916,12
12917,3
12918,21
12919,9
12920,15
12921,6
12922,6
12923,12
12924,12
12925,15
12926,12
12927,15
12928,21
12929,18
12930,6
12931,9
12932,12
12933,9
12934,6
12935,9
12936,12
12937,6
12938,6
12939,12
12940,9
12941,6
12942,9
12943,9
12944,9
12945,12
12946,6
12947,6
12948,15
12949,9
12950,6
12951,6
12952,9
12953,12
12954,6
12955,3
12956,9
12957,9
12958,6
12959,9
12960,0
12961,15
12962,9
12963,9
12964,9
12965,9
12966,9
12967,12
12968,9
12969,6
12970,6
12971,6
12972,6
12973,6
12974,6
12975,6
12976,6
12977,6
12978,15
12979,6
12980,6
12981,6
12982,9
12983,6
12984,6
12985,6
12986,6
12987,6
12988,6
12989,9
12990,3
12991,6
12992,6
12993,9
12994,12
12995,9
12996,9
12997,6
12998,9
12999,9
13000,6
13001,9
13002,9
13003,9
13004,12
13005,18
13006,6
13007,6
13008,6
13009,6
13010,6
13011,6
13012,9
13013,6
13014,6
13015,6
13016,6
13017,6
13018,6
13019,9
13020,9
13021,9
13022,9
13023,9
13024,9
13025,9
13026,9
13027,9
13028,9
13029,9
13030,9
13031,9
13032,9
13033,9
13034,3
13035,9
13036,9
13037,12
13038,9
13039,18
13040,21
13041,21
13042,12
13043,12
13044,9
13045,3
13046,6
13047,24
13048,3
13049,21
13050,9
13051,6
13052,15
13053,15
13054,27
13055,9
13056,12
13057,18
13058,12
13059,15
13060,6
13061,21
13062,15
13063,15
13064,15
13065,21
13066,12
13067,12
13068,15
13069,21
13070,18
13071,18
13072,9
13073,6
13074,6
13075,15
13076,6
13077,6
13078,3
13079,18
13080,9
13081,12
13082,15
13083,9
13084,6
13085,15
13086,15
13087,12
13088,3
13089,21
13090,9
13091,9
13092,12
13093,12
13094,12
13095,9
13096,6
13097,6
13098,6
13099,9
13100,12
13101,9
13102,9
13103,9
13104,12
13105,9
13106,12
13107,9
13108,12
13109,9
13110,12
13111,12
13112,12
13113,21
13114,33
13115,24
13116,21
13117,21
13118,21
13119,21
13120,6
13121,9
13122,6
13123,9
13124,6
13125,9
13126,6
13127,6
13128,6
13129,12
13130,6
13131,12
13132,18
13133,3
13134,6
13135,9
13136,9
13137,6
13138,9
13139,3
13140,12
13141,15
13142,6
13143,6
13144,3
13145,6
13146,15
13147,3
13148,3
13149,9
13150,12
13151,12
13152,9
13153,15
13154,9
13155,6
13156,6
13157,9
13158,6
13159,6
13160,6
13161,15
13162,15
13163,3
13164,6
13165,6
13166,0
13167,9
13168,6
13169,6
13170,6
13171,6
13172,6
13173,6
13174,12
13175,9
13176,6
13177,6
13178,6
13179,6
13180,9
13181,6
13182,6
13183,6
13184,6
13185,6
13186,9
13187,6
13188,6
13189,6
13190,6
13191,6
13192,12
13193,12
13194,12
13195,12
13196,9
13197,9
13198,9
13199,6
13200,6
13201,12
13202,6
13203,6
13204,12
13205,15
13206,12
13207,9
13208,18
13209,9
13210,6
13211,9
13212,9
13213,9
13214,9
13215,9
13216,6
13217,12
13218,9
13219,6
13220,6
13221,9
13222,6
13223,6
13224,6
13225,3
13226,3
13227,15
13228,15
13229,9
13230,6
13231,9
13232,15
13233,9
13234,9
13235,6
13236,9
13237,6
13238,9
13239,9
13240,9
13241,6
13242,9
13243,15
13244,6
13245,9
13246,9
13247,6
13248,6
13249,9
13250,9
13251,6
13252,9
13253,9
13254,12
13255,9
13256,9
13257,9
13258,12
13259,9
13260,6
13261,6
13262,6
13263,9
13264,12
13265,6
13266,21
13267,21
13268,21
13269,12
13270,12
13271,15
13272,24
13273,21
13274,6
13275,15
13276,27
13277,18
13278,18
13279,9
13280,9
13281,9
13282,24
13283,30
13284,15
13285,9
13286,12
13287,12
13288,18
13289,9
13290,12
13291,6
13292,9
13293,9
13294,3
13295,3
13296,12
13297,9
13298,6
13299,9
13300,9
13301,12
13302,12
13303,9
13304,12
13305,12
13306,9
13307,12
13308,12
13309,15
13310,12
13311,12
13312,9
13313,9
13314,6
13315,6
13316,18
13317,9
13318,18
13319,9
13320,15
13321,3
13322,15
13323,15
13324,9
13325,9
13326,12
13327,9
13328,3
13329,12
13330,12
13331,6
13332,9
13333,9
13334,12
13335,6
13336,9
13337,9
13338,15
13339,12
13340,9
13341,12
13342,6
13343,9
13344,9
13345,12
13346,18
13347,6
13348,12
13349,12
13350,12
13351,9
13352,9
13353,9
13354,6
13355,6
13356,12
13357,9
13358,6
13359,12
13360,12
13361,6
13362,6
13363,9
13364,18
13365,6
13366,12
13367,12
13368,9
13369,6
13370,12
13371,9
13372,6
13373,6
13374,12
13375,6
13376,9
13377,6
13378,9
13379,6
13380,12
13381,6
13382,9
13383,9
13384,15
13385,12
13386,15
13387,9
13388,12
13389,12
13390,9
13391,12
13392,12
13393,12
13394,9
13395,9
13396,9
13397,6
13398,9
13399,9
13400,9
13401,9
13402,6
13403,9
13404,6
13405,9
13406,18
13407,9
13408,9
13409,9
13410,9
13411,6
13412,9
13413,9
13414,9
13415,9
13416,9
13417,3
13418,9
13419,9
13420,21
13421,9
13422,9
13423,9
13424,6
13425,3
13426,18
13427,18
13428,12
13429,12
13430,6
13431,12
13432,9
13433,12
13434,21
13435,9
13436,21
13437,9
13438,3
13439,15
13440,6
13441,27
13442,27
13443,6
13444,9
13445,9
13446,6
13447,9
13448,21
13449,12
13450,12
13451,9
13452,12
13453,12
13454,21
13455,21
13456,24
13457,12
13458,9
13459,12
13460,12
13461,9
13462,9
13463,9
13464,9
13465,12
13466,24
13467,6
13468,9
13469,9
13470,12
13471,9
13472,15
13473,12
13474,6
13475,6
13476,6
13477,6
13478,6
13479,15
13480,6
13481,9
13482,15
13483,6
13484,9
13485,18
13486,9
13487,9
13488,9
13489,12
13490,42
13491,39
13492,42
13493,12
13494,9
13495,9
13496,9
13497,18
13498,15
13499,3
13500,6
13501,12
13502,6
13503,12
13504,18
13505,24
13506,9
13507,9
13508,9
13509,12
13510,12
13511,9
13512,9
13513,9
13514,9
13515,9
13516,6
13517,9
13518,6
13519,6
13520,9
13521,9
13522,9
13523,6
13524,12
13525,9
13526,21
13527,6
13528,9
13529,12
13530,9
13531,9
13532,15
13533,12
13534,3
13535,9
13536,6
13537,6
13538,6
13539,6
13540,9
13541,12
13542,9
13543,12
13544,9
13545,6
13546,12
13547,6
13548,6
13549,6
13550,9
13551,6
13552,6
13553,6
13554,6
13555,6
13556,9
13557,18
13558,15
13559,15
13560,6
13561,6
13562,6
13563,6
13564,6
13565,9
13566,6
13567,3
13568,12
13569,6
13570,9
13571,6
13572,9
13573,12
13574,9
13575,9
13576,15
13577,15
13578,9
13579,9
13580,6
13581,6
13582,15
13583,12
13584,6
13585,12
13586,9
13587,6
13588,6
13589,9
13590,6
13591,9
13592,9
13593,6
13594,12
13595,9
13596,9
13597,6
13598,9
13599,9
13600,9
13601,9
13602,6
13603,9
13604,18
13605,18
13606,15
13607,9
13608,9
13609,3
13610,6
13611,3
13612,3
13613,3
13614,9
13615,24
13616,15
13617,9
13618,9
13619,3
13620,9
13621,15
13622,15
13623,3
13624,15
13625,21
13626,6
13627,18
13628,3
13629,6
13630,12
13631,9
13632,9
13633,6
13634,9
13635,9
13636,3
13637,12
13638,18
13639,18
13640,24
13641,6
13642,6
13643,9
13644,15
13645,9
13646,9
13647,3
13648,15
13649,6
13650,12
13651,15
13652,15
13653,15
13654,9
13655,9
13656,9
13657,15
13658,6
13659,9
13660,9
13661,12
13662,9
13663,9
13664,6
13665,15
13666,12
13667,3
13668,9
13669,15
13670,12
13671,6
13672,6
13673,9
13674,6
13675,6
13676,12
13677,6
13678,21
13679,6
13680,6
13681,9
13682,9
13683,21
13684,21
13685,6
13686,15
13687,9
13688,15
13689,12
13690,6
13691,12
13692,6
13693,9
13694,3
13695,6
13696,15
13697,3
13698,9
13699,6
13700,21
13701,9
13702,9
13703,12
13704,9
13705,12
13706,12
13707,6
13708,3
13709,15
13710,12
13711,3
13712,6
13713,9
13714,9
13715,3
13716,6
13717,9
13718,12
13719,9
13720,6
13721,21
13722,21
13723,15
13724,15
13725,3
13726,15
13727,6
13728,9
13729,9
13730,12
13731,6
13732,3
13733,3
13734,9
13735,9
13736,6
13737,6
13738,6
13739,9
13740,15
13741,18
13742,15
13743,15
13744,18
13745,18
13746,18
13747,6
13748,15
13749,9
13750,9
13751,9
13752,12
13753,27
13754,15
13755,6
13756,6
13757,9
13758,9
13759,9
13760,9
13761,12
13762,3
13763,12
13764,12
13765,12
13766,12
13767,6
13768,12
13769,12
13770,12
13771,15
13772,21
13773,27
13774,21
13775,12
13776,12
13777,12
13778,12
13779,12
13780,12
13781,12
13782,12
13783,12
13784,12
13785,9
13786,12
13787,12
13788,12
13789,12
13790,24
13791,33
13792,33
13793,33
13794,33
13795,3
13796,6
13797,3
13798,6
13799,3
13800,3
13801,6
13802,6
13803,9
13804,6
13805,6
13806,6
13807,6
13808,6
13809,6
13810,3
13811,3
13812,9
13813,3
13814,6
13815,12
13816,6
13817,6
13818,3
13819,3
13820,6
13821,6
13822,6
13823,6
13824,15
13825,15
13826,6
13827,9
13828,9
13829,6
13830,3
13831,3
13832,6
13833,12
13834,3
13835,3
13836,9
13837,6
13838,6
13839,6
13840,12
13841,6
13842,6
13843,3
13844,3
13845,6
13846,3
13847,3
13848,12
13849,6
13850,6
13851,9
13852,6
13853,9
13854,9
13855,9
13856,9
13857,6
13858,6
13859,9
13860,9
13861,9
13862,6
13863,6
13864,6
13865,3
13866,3
13867,9
13868,3
13869,21
13870,6
13871,6
13872,6
13873,9
13874,9
13875,9
13876,12
13877,15
13878,15
13879,9
13880,9
13881,6
13882,9
13883,6
13884,6
13885,6
13886,9
13887,6
13888,9
13889,9
13890,9
13891,9
13892,6
13893,9
13894,9
13895,12
13896,9
13897,6
13898,9
13899,6
13900,6
13901,18
13902,12
13903,15
13904,12
13905,12
13906,12
13907,12
13908,12
13909,18
13910,6
13911,6
13912,6
13913,9
13914,6
13915,6
13916,6
13917,9
13918,6
13919,6
13920,6
13921,6
13922,6
13923,6
13924,6
13925,6
13926,12
13927,15
13928,15
13929,15
13930,18
13931,12
13932,15
13933,15
13934,12
13935,15
13936,9
13937,12
13938,12
13939,30
13940,9
13941,9
13942,15
13943,9
13944,12
13945,12
13946,12
13947,12
13948,30
13949,9
13950,9
13951,9
13952,9
13953,9
13954,12
13955,9
13956,12
13957,6
13958,6
13959,9
13960,9
13961,15
13962,9
13963,12
13964,12
13965,12
13966,9
13967,9
13968,12
13969,9
13970,12
13971,15
13972,6
13973,12
13974,12
13975,12
13976,9
13977,12
13978,6
13979,6
13980,6
13981,12
13982,12
13983,6
13984,6
13985,3
13986,6
13987,6
13988,9
13989,6
13990,6
13991,6
13992,6
13993,6
13994,6
13995,9
13996,15
13997,6
13998,6
13999,9
14000,9
14001,9
14002,9
14003,9
14004,9
14005,9
14006,9
14007,9
14008,9
14009,9
14010,9
14011,12
14012,15
14013,15
14014,33
14015,24
14016,18
14017,9
14018,12
14019,6
14020,6
14021,9
14022,6
14023,6
14024,6
14025,6
14026,6
14027,6
14028,6
14029,9
14030,6
14031,6
14032,6
14033,6
14034,6
14035,6
14036,6
14037,6
14038,6
14039,15
14040,9
14041,12
14042,15
14043,9
14044,12
14045,9
14046,9
14047,9
14048,9
14049,6
14050,9
14051,9
14052,6
14053,12
14054,6
14055,9
14056,9
14057,6
14058,12
14059,9
14060,9
14061,6
14062,9
14063,9
14064,9
14065,12
14066,9
14067,9
14068,6
14069,9
14070,9
14071,9
14072,9
14073,12
14074,12
14075,9
14076,6
14077,9
14078,6
14079,9
14080,6
14081,6
14082,12
14083,6
14084,9
14085,6
14086,12
14087,9
14088,9
14089,9
14090,9
14091,9
14092,9
14093,9
14094,9
14095,9
14096,9
14097,6
14098,6
14099,9
14100,6
14101,9
14102,9
14103,6
14104,9
14105,6
14106,6
14107,9
14108,6
14109,9
14110,15
14111,6
14112,9
14113,9
14114,9
14115,9
14116,18
14117,15
14118,15
14119,9
14120,9
14121,18
14122,12
14123,18
14124,15
14125,24
14126,9
14127,15
14128,15
14129,12
14130,9
14131,15
14132,6
14133,9
14134,9
14135,9
14136,9
14137,9
14138,9
14139,6
14140,6
14141,9
14142,9
14143,9
14144,6
14145,6
14146,9
14147,9
14148,6
14149,9
14150,6
14151,9
14152,9
14153,6
14154,6
14155,3
14156,6
14157,6
14158,9
14159,12
14160,6
14161,6
14162,9
14163,9
14164,6
14165,6
14166,6
14167,6
14168,6
14169,6
14170,6
14171,9
14172,6
14173,9
14174,6
14175,9
14176,6
14177,9
14178,9
14179,9
14180,9
14181,6
14182,6
14183,6
14184,6
14185,6
14186,6
14187,6
14188,6
14189,6
14190,9
14191,9
14192,6
14193,6
14194,6
14195,9
14196,6
14197,9
14198,6
14199,9
14200,9
14201,6
14202,6
14203,6
14204,9
14205,6
14206,9
14207,9
14208,6
14209,6
14210,9
14211,6
14212,6
14213,6
14214,9
14215,9
14216,12
14217,6
14218,9
14219,9
14220,9
14221,12
14222,12
14223,6
14224,12
14225,6
14226,6
14227,9
14228,6
14229,6
14230,12
14231,15
14232,24
14233,18
14234,15
14235,15
14236,12
14237,12
14238,6
14239,9
14240,9
14241,9
14242,6
14243,15
14244,9
14245,9
14246,18
14247,15
14248,12
14249,9
14250,9
14251,15
14252,9
14253,12
14254,6
14255,6
14256,6
14257,6
14258,6
14259,6
14260,6
14261,6
14262,6
14263,12
14264,3
14265,3
14266,3
14267,9
14268,18
14269,9
14270,6
14271,6
14272,6
14273,12
14274,15
14275,15
14276,18
14277,33
14278,33
14279,6
14280,6
14281,6
14282,3
14283,6
14284,6
14285,9
14286,9
14287,9
14288,6
14289,9
14290,6
14291,6
14292,6
14293,9
14294,3
14295,3
14296,9
14297,9
14298,6
14299,12
14300,6
14301,6
14302,9
14303,6
14304,6
14305,9
14306,6
14307,3
14308,9
14309,12
14310,15
14311,15
14312,3
14313,9
14314,6
14315,3
14316,6
14317,6
14318,6
14319,3
14320,6
14321,9
14322,6
14323,9
14324,12
14325,6
14326,12
14327,6
14328,6
14329,9
14330,15
14331,9
14332,24
14333,9
14334,6
14335,9
14336,12
14337,12
14338,6
14339,6
14340,9
14341,3
14342,12
14343,6
14344,9
14345,9
14346,12
14347,9
14348,6
14349,15
14350,15
14351,6
14352,9
14353,6
14354,6
14355,3
14356,3
14357,6
14358,21
14359,6
14360,6
14361,12
14362,6
14363,15
14364,9
14365,3
14366,3
14367,9
14368,15
14369,6
14370,6
14371,6
14372,27
14373,30
14374,21
14375,21
14376,21
14377,21
14378,3
14379,3
14380,9
14381,6
14382,9
14383,9
14384,9
14385,9
14386,9
14387,9
14388,9
14389,9
14390,9
14391,9
14392,9
14393,9
14394,9
14395,9
14396,9
14397,9
14398,9
14399,9
14400,9
14401,12
14402,9
14403,9
14404,6
14405,9
14406,9
14407,9
14408,6
14409,3
14410,12
14411,12
14412,12
14413,12
14414,9
14415,9
14416,9
14417,9
14418,9
14419,9
14420,9
14421,9
14422,12
14423,12
14424,15
14425,3
14426,15
14427,18
14428,21
14429,21
14430,21
14431,21
14432,15
14433,18
14434,21
14435,21
14436,15
14437,15
14438,15
14439,15
14440,3
14441,15
14442,15
14443,18
14444,27
14445,9
14446,12
14447,9
14448,9
14449,12
14450,3
14451,9
14452,12
14453,21
14454,15
14455,12
14456,9
14457,9
14458,6
14459,12
14460,27
14461,33
14462,33
14463,33
14464,33
14465,45
14466,45
14467,45
14468,45
14469,45
14470,33
14471,33
14472,48
14473,6
14474,3
14475,3
14476,30
14477,6
14478,6
14479,18
14480,18
14481,51
14482,3
14483,3
14484,3
14485,18
14486,18
14487,18
14488,18
14489,18
14490,3
14491,3
14492,51
14493,3
14494,3
14495,3
14496,3
14497,3
14498,3
14499,3
14500,6
14501,3
14502,6
14503,6
14504,9
14505,3
14506,6
14507,12
14508,9
14509,6
14510,3
14511,3
14512,6
14513,6
14514,6
14515,12
14516,6
14517,6
14518,21
14519,6
14520,6
14521,12
14522,6
14523,6
14524,9
14525,6
14526,12
14527,3
14528,3
14529,3
14530,21
14531,6
14532,6
14533,6
14534,9
14535,6
14536,12
14537,3
14538,3
14539,6
14540,3
14541,6
14542,6
14543,3
14544,6
14545,3
14546,3
14547,9
14548,6
14549,9
14550,18
14551,15
14552,9
14553,9
14554,6
14555,6
14556,6
14557,9
14558,6
14559,6
14560,6
14561,6
14562,6
14563,6
14564,6
14565,6
14566,6
14567,6
14568,9
14569,6
14570,3
14571,3
14572,6
14573,3
14574,9
14575,3
14576,6
14577,9
14578,9
14579,9
14580,9
14581,3
14582,6
14583,12
14584,15
14585,15
14586,15
14587,6
14588,6
14589,6
14590,6
14591,6
14592,6
14593,9
14594,9
14595,6
14596,3
14597,3
14598,3
14599,6
14600,6
14601,6
14602,6
14603,6
14604,6
14605,6
14606,18
14607,48
14608,15
14609,12
14610,9
14611,6
14612,9
14613,9
14614,9
14615,9
14616,9
14617,9
14618,3
14619,9
14620,6
14621,6
14622,9
14623,9
14624,12
14625,9
14626,6
14627,9
14628,6
14629,9
14630,6
14631,12
14632,21
14633,21
14634,21
14635,9
14636,9
14637,18
14638,9
14639,6
14640,6
14641,9
14642,6
14643,6
14644,6
14645,6
14646,6
14647,6
14648,9
14649,6
14650,6
14651,9
14652,12
14653,12
14654,9
14655,6
14656,6
14657,6
14658,9
14659,9
14660,9
14661,9
14662,6
14663,6
14664,9
14665,6
14666,6
14667,9
14668,9
14669,6
14670,9
14671,9
14672,9
14673,6
14674,6
14675,12
14676,15
14677,6
14678,12
14679,6
14680,6
14681,6
14682,9
14683,6
14684,6
14685,6
14686,3
14687,15
14688,6
14689,6
14690,3
14691,15
14692,15
14693,15
14694,18
14695,12
14696,6
14697,6
14698,6
14699,9
14700,9
14701,9
14702,6
14703,6
14704,9
14705,15
14706,6
14707,9
14708,6
14709,12
14710,9
14711,9
14712,9
14713,9
14714,9
14715,6
14716,6
14717,9
14718,9
14719,9
14720,6
14721,6
14722,15
14723,9
14724,9
14725,15
14726,12
14727,9
14728,9
14729,9
14730,9
14731,6
14732,9
14733,9
14734,9
14735,9
14736,9
14737,9
14738,6
14739,9
14740,12
14741,12
14742,12
14743,9
14744,9
14745,12
14746,15
14747,3
14748,9
14749,9
14750,9
14751,6
14752,6
14753,6
14754,6
14755,9
14756,9
14757,12
14758,12
14759,9
14760,6
14761,6
14762,6
14763,6
14764,9
14765,9
14766,9
14767,6
14768,6
14769,6
14770,6
14771,9
14772,15
14773,9
14774,6
14775,6
14776,9
14777,6
14778,6
14779,12
14780,12
14781,9
14782,6
14783,12
14784,9
14785,6
14786,6
14787,6
14788,9
14789,6
14790,9
14791,9
14792,9
14793,6
14794,9
14795,12
14796,15
14797,6
14798,6
14799,6
14800,9
14801,6
14802,9
14803,9
14804,6
14805,9
14806,6
14807,12
14808,9
14809,9
14810,6
14811,9
14812,9
14813,9
14814,12
14815,9
14816,12
14817,6
14818,15
14819,9
14820,3
14821,3
14822,9
14823,9
14824,15
14825,9
14826,6
14827,9
14828,9
14829,15
14830,6
14831,6
14832,6
14833,6
14834,6
14835,6
14836,9
14837,12
14838,9
14839,9
14840,12
14841,9
14842,9
14843,12
14844,12
14845,9
14846,9
14847,9
14848,9
14849,9
14850,9
14851,9
14852,9
14853,6
14854,3
14855,9
14856,9
14857,9
14858,9
14859,9
14860,9
14861,9
14862,6
14863,9
14864,9
14865,9
14866,12
14867,9
14868,9
14869,9
14870,9
14871,6
14872,9
14873,9
14874,15
14875,12
14876,12
14877,9
14878,6
14879,6
14880,9
14881,18
14882,9
14883,9
14884,12
14885,9
14886,12
14887,12
14888,9
14889,12
14890,6
14891,6
14892,9
14893,12
14894,9
14895,15
14896,9
14897,9
14898,18
14899,21
14900,9
14901,9
14902,12
14903,12
14904,9
14905,9
14906,12
14907,12
14908,9
14909,15
14910,6
14911,9
14912,6
14913,9
14914,9
14915,6
14916,9
14917,15
14918,3
14919,6
14920,6
14921,12
14922,12
14923,12
14924,9
14925,9
14926,9
14927,9
14928,6
14929,6
14930,6
14931,9
14932,6
14933,6
14934,6
14935,9
14936,6
14937,12
14938,6
14939,6
14940,6
14941,9
14942,9
14943,12
14944,6
14945,9
14946,12
14947,6
14948,6
14949,9
14950,9
14951,9
14952,15
14953,9
14954,9
14955,12
14956,12
14957,9
14958,9
14959,9
14960,12
14961,12
14962,12
14963,12
14964,21
14965,9
14966,9
14967,6
14968,6
14969,9
14970,12
14971,9
14972,9
14973,9
14974,9
14975,3
14976,9
14977,9
14978,6
14979,6
14980,9
14981,9
14982,18
14983,6
14984,6
14985,6
14986,6
14987,12
14988,9
14989,12
14990,12
14991,15
14992,18
14993,12
14994,6
14995,9
14996,9
14997,9
14998,9
14999,12
15000,12
15001,9
15002,12
15003,12
15004,12
15005,15
15006,6
15007,9
15008,12
15009,9
15010,18
15011,12
15012,6
15013,6
15014,9
15015,12
15016,9
15017,12
15018,6
15019,6
15020,6
15021,6
15022,9
15023,9
15024,9
15025,9
15026,6
15027,9
15028,9
15029,9
15030,9
15031,6
15032,6
15033,9
15034,6
15035,9
15036,6
15037,9
15038,9
15039,9
15040,15
15041,9
15042,12
15043,12
15044,9
15045,9
15046,9
15047,12
15048,15
15049,15
15050,18
15051,18
15052,6
15053,18
15054,3
15055,27
15056,15
15057,15
15058,9
15059,15
15060,6
15061,6
15062,6
15063,9
15064,6
15065,9
15066,3
15067,6
15068,6
15069,6
15070,6
15071,9
15072,9
15073,9
15074,15
15075,6
15076,6
15077,21
15078,15
15079,6
15080,3
15081,3
15082,9
15083,9
15084,6
15085,18
15086,12
15087,12
15088,12
15089,12
15090,3
15091,6
15092,15
15093,9
15094,9
15095,15
15096,12
15097,3
15098,9
15099,6
15100,6
15101,6
15102,3
15103,9
15104,9
15105,6
15106,9
15107,3
15108,6
15109,6
15110,6
15111,6
15112,15
15113,15
15114,12
15115,3
15116,6
15117,9
15118,12
15119,12
15120,9
15121,6
15122,9
15123,3
15124,6
15125,9
15126,15
15127,15
15128,9
15129,3
15130,3
15131,15
15132,15
15133,12
15134,9
15135,3
15136,9
15137,6
15138,6
15139,6
15140,3
15141,12
15142,6
15143,3
15144,3
15145,3
15146,9
15147,6
15148,6
15149,6
15150,6
15151,6
15152,6
15153,6
15154,9
15155,6
15156,3
15157,15
15158,3
15159,21
15160,12
15161,3
15162,3
15163,9
15164,3
15165,9
15166,6
15167,6
15168,6
15169,6
15170,9
15171,3
15172,6
15173,12
15174,9
15175,6
15176,9
15177,12
15178,12
15179,6
15180,6
15181,9
15182,3
15183,6
15184,6
15185,6
15186,3
15187,3
15188,6
15189,9
15190,6
15191,21
15192,6
15193,9
15194,6
15195,6
15196,15
15197,9
15198,6
15199,9
15200,6
15201,6
15202,6
15203,6
15204,6
15205,6
15206,6
15207,6
15208,6
15209,12
15210,12
15211,9
15212,9
15213,9
15214,6
15215,6
15216,6
15217,6
15218,6
15219,6
15220,3
15221,3
15222,3
15223,21
15224,18
15225,9
15226,3
15227,9
15228,9
15229,6
15230,6
15231,3
15232,15
15233,6
15234,6
15235,6
15236,9
15237,6
15238,3
15239,3
15240,6
15241,3
15242,6
15243,6
15244,6
15245,6
15246,6
15247,6
15248,6
15249,6
15250,6
15251,6
15252,6
15253,6
15254,6
15255,6
15256,6
15257,24
15258,21
15259,12
15260,15
15261,9
15262,12
15263,15
15264,21
15265,21
15266,15
15267,6
15268,6
15269,9
15270,9
15271,9
15272,9
15273,6
15274,9
15275,9
15276,15
15277,9
15278,15
15279,12
15280,12
15281,15
15282,15
15283,27
15284,12
15285,15
15286,15
15287,6
15288,9
15289,15
15290,3
15291,6
15292,6
15293,6
15294,12
15295,3
15296,3
15297,12
15298,6
15299,9
15300,12
15301,6
15302,15
15303,15
15304,9
15305,12
15306,6
15307,12
15308,12
15309,12
15310,18
15311,12
15312,18
15313,9
15314,18
15315,27
15316,18
15317,15
15318,15
15319,3
15320,6
15321,12
15322,12
15323,6
15324,3
15325,6
15326,6
15327,6
15328,6
15329,9
15330,3
15331,12
15332,12
15333,12
15334,15
15335,27
15336,12
15337,45
15338,3
15339,36
15340,33
15341,33
15342,9
15343,6
15344,9
15345,6
15346,3
15347,6
15348,6
15349,6
15350,6
15351,6
15352,3
15353,6
15354,6
15355,3
15356,9
15357,9
15358,3
15359,3
15360,0
15361,0
15362,3
15363,0
15364,6
15365,21
15366,9
15367,9
15368,6
15369,3
15370,12
15371,6
15372,9
15373,15
15374,3
15375,9
15376,3
15377,3
15378,9
15379,9
15380,9
15381,6
15382,6
15383,9
15384,9
15385,9
15386,9
15387,18
15388,9
15389,9
15390,9
15391,12
15392,9
15393,9
15394,9
15395,9
15396,6
15397,9
15398,9
15399,9
15400,6
15401,6
15402,6
15403,6
15404,6
15405,12
15406,6
15407,9
15408,9
15409,12
15410,15
15411,6
15412,9
15413,9
15414,6
15415,9
15416,9
15417,6
15418,9
15419,6
15420,6
15421,9
15422,12
15423,12
15424,6
15425,6
15426,9
15427,6
15428,9
15429,6
15430,6
15431,6
15432,6
15433,6
15434,9
15435,6
15436,6
15437,6
15438,15
15439,6
15440,6
15441,9
15442,9
15443,6
15444,9
15445,9
15446,9
15447,6
15448,9
15449,12
15450,12
15451,9
15452,9
15453,9
15454,9
15455,9
15456,9
15457,9
15458,9
15459,9
15460,9
15461,9
15462,9
15463,15
15464,9
15465,9
15466,6
15467,3
15468,15
15469,12
15470,6
15471,9
15472,9
15473,9
15474,12
15475,12
15476,9
15477,9
15478,6
15479,6
15480,6
15481,6
15482,9
15483,3
15484,18
15485,12
15486,3
15487,6
15488,9
15489,57
15490,9
15491,9
15492,12
15493,15
15494,9
15495,12
15496,12
15497,9
15498,9
15499,9
15500,9
15501,12
15502,6
15503,9
15504,6
15505,9
15506,3
15507,6
15508,9
15509,9
15510,6
15511,6
15512,6
15513,6
15514,12
15515,57
15516,15
15517,12
15518,12
15519,6
15520,12
15521,18
15522,18
15523,9
15524,15
15525,9
15526,6
15527,9
15528,3
15529,9
15530,12
15531,9
15532,12
15533,6
15534,12
15535,3
15536,6
15537,9
15538,12
15539,15
15540,6
15541,6
15542,18
15543,24
15544,21
15545,9
15546,12
15547,12
15548,9
15549,9
15550,9
15551,6
15552,6
15553,9
15554,12
15555,9
15556,6
15557,3
15558,3
15559,9
15560,9
15561,15
15562,15
15563,15
15564,9
15565,9
15566,6
15567,6
15568,15
15569,6
15570,6
15571,6
15572,3
15573,9
15574,3
15575,6
15576,9
15577,12
15578,3
15579,9
15580,12
15581,9
15582,9
15583,6
15584,9
15585,12
15586,6
15587,6
15588,9
15589,12
15590,9
15591,9
15592,6
15593,12
15594,9
15595,9
15596,6
15597,6
15598,9
15599,12
15600,9
15601,6
15602,15
15603,15
15604,15
15605,15
15606,9
15607,9
15608,6
15609,15
15610,21
15611,9
15612,9
15613,6
15614,6
15615,9
15616,6
15617,12
15618,9
15619,6
15620,6
15621,9
15622,3
15623,12
15624,9
15625,9
15626,6
15627,6
15628,12
15629,15
15630,15
15631,9
15632,15
15633,6
15634,9
15635,9
15636,12
15637,12
15638,12
15639,12
15640,6
15641,6
15642,12
15643,3
15644,6
15645,15
15646,15
15647,9
15648,6
15649,6
15650,18
15651,6
15652,21
15653,27
15654,27
15655,18
15656,12
15657,21
15658,6
15659,27
15660,9
15661,12
15662,6
15663,3
15664,6
15665,6
15666,3
15667,3
15668,6
15669,12
15670,6
15671,3
15672,3
15673,9
15674,3
15675,6
15676,21
15677,15
15678,15
15679,15
15680,3
15681,6
15682,15
15683,21
15684,6
15685,12
15686,21
15687,18
15688,15
15689,6
15690,6
15691,6
15692,18
15693,6
15694,21
15695,15
15696,9
15697,12
15698,12
15699,9
15700,15
15701,9
15702,9
15703,12
15704,12
15705,12
15706,9
15707,15
15708,9
15709,12
15710,12
15711,15
15712,6
15713,6
15714,12
15715,12
15716,21
15717,21
15718,18
15719,21
15720,9
15721,9
15722,9
15723,15
15724,18
15725,9
15726,27
15727,15
15728,18
15729,21
15730,21
15731,27
15732,30
15733,45
15734,45
15735,48
15736,48
15737,48
15738,48
15739,3
15740,3
15741,3
15742,6
15743,9
15744,3
15745,6
15746,6
15747,6
15748,6
15749,3
15750,6
15751,6
15752,6
15753,3
15754,9
15755,9
15756,6
15757,6
15758,3
15759,6
15760,3
15761,9
15762,9
15763,3
15764,3
15765,6
15766,6
15767,6
15768,6
15769,6
15770,6
15771,3
15772,6
15773,6
15774,9
15775,6
15776,6
15777,6
15778,6
15779,9
15780,3
15781,12
15782,3
15783,3
15784,48
15785,48
15786,3
15787,51
15788,51
15789,51
15790,3
15791,51
15792,51
15793,48
15794,48
15795,48
15796,12
15797,6
15798,18
15799,9
15800,3
15801,3
15802,3
15803,6
15804,6
15805,6
15806,15
15807,3
15808,15
15809,9
15810,12
15811,9
15812,21
15813,12
15814,12
15815,6
15816,6
15817,3
15818,9
15819,6
15820,3
15821,12
15822,6
15823,6
15824,12
15825,9
15826,6
15827,9
15828,21
15829,15
15830,21
15831,0
15832,0
15833,0
15834,3
15835,0
15836,9
15837,3
15838,3
15839,6
15840,6
15841,6
15842,6
15843,6
15844,6
15845,6
15846,6
15847,6
15848,6
15849,6
15850,6
15851,6
15852,6
15853,6
15854,6
15855,6
15856,3
15857,6
15858,6
15859,6
15860,6
15861,6
15862,6
15863,6
15864,6
15865,3
15866,3
15867,15
15868,9
15869,21
15870,21
15871,21
15872,18
15873,9
15874,3
15875,6
15876,6
15877,6
15878,6
15879,6
15880,18
15881,12
15882,6
15883,6
15884,6
15885,6
15886,6
15887,6
15888,24
15889,6
15890,9
15891,6
15892,9
15893,6
15894,6
15895,9
15896,12
15897,15
15898,9
15899,9
15900,3
15901,6
15902,6
15903,6
15904,6
15905,6
15906,9
15907,3
15908,6
15909,6
15910,6
15911,6
15912,6
15913,6
15914,6
15915,6
15916,3
15917,3
15918,3
15919,3
15920,9
15921,12
15922,9
15923,6
15924,9
15925,12
15926,12
15927,12
15928,3
15929,3
15930,3
15931,3
15932,6
15933,3
15934,3
15935,12
15936,9
15937,9
15938,9
15939,6
15940,6
15941,12
15942,9
15943,6
15944,6
15945,6
15946,6
15947,9
15948,6
15949,6
15950,6
15951,6
15952,9
15953,9
15954,6
15955,6
15956,9
15957,9
15958,9
15959,9
15960,9
15961,6
15962,9
15963,18
15964,18
15965,15
15966,9
15967,9
15968,6
15969,6
15970,6
15971,6
15972,9
15973,6
15974,6
15975,15
15976,27
15977,18
15978,6
15979,6
15980,6
15981,6
15982,6
15983,12
15984,21
15985,18
15986,15
15987,12
15988,12
15989,18
15990,12
15991,9
15992,9
15993,9
15994,9
15995,6
15996,6
15997,9
15998,6
15999,9
16000,9
16001,9
16002,9
16003,9
16004,12
16005,9
16006,6
16007,6
16008,6
16009,6
16010,6
16011,6
16012,12
16013,9
16014,3
16015,9
16016,6
16017,9
16018,9
16019,6
16020,6
16021,6
16022,3
16023,6
16024,6
16025,6
16026,9
16027,9
16028,6
16029,6
16030,9
16031,6
16032,9
16033,9
16034,9
16035,6
16036,6
16037,6
16038,9
16039,9
16040,9
16041,21
16042,9
16043,9
16044,9
16045,9
16046,12
16047,9
16048,9
16049,6
16050,18
16051,6
16052,21
16053,6
16054,9
16055,9
16056,6
16057,9
16058,9
16059,9
16060,6
16061,9
16062,6
16063,6
16064,6
16065,6
16066,15
16067,9
16068,6
16069,12
16070,12
16071,6
16072,9
16073,18
16074,6
16075,9
16076,9
16077,9
16078,0
16079,9
16080,6
16081,3
16082,3
16083,0
16084,12
16085,9
16086,9
16087,9
16088,9
16089,9
16090,9
16091,9
16092,9
16093,3
16094,3
16095,6
16096,9
16097,6
16098,6
16099,6
16100,6
16101,6
16102,6
16103,3
16104,6
16105,3
16106,6
16107,9
16108,6
16109,9
16110,9
16111,6
16112,6
16113,6
16114,9
16115,9
16116,9
16117,12
16118,9
16119,9
16120,6
16121,6
16122,6
16123,9
16124,9
16125,6
16126,6
16127,6
16128,15
16129,12
16130,9
16131,9
16132,6
16133,12
16134,9
16135,9
16136,12
16137,9
16138,9
16139,15
16140,12
16141,12
16142,9
16143,9
16144,9
16145,12
16146,12
16147,9
16148,12
16149,6
16150,6
16151,6
16152,12
16153,9
16154,3
16155,9
16156,6
16157,3
16158,9
16159,12
16160,6
16161,12
16162,9
16163,12
16164,12
16165,9
16166,21
16167,12
16168,9
16169,9
16170,9
16171,12
16172,9
16173,9
16174,9
16175,9
16176,6
16177,12
16178,6
16179,12
16180,18
16181,9
16182,6
16183,6
16184,6
16185,6
16186,9
16187,9
16188,6
16189,6
16190,6
16191,6
16192,18
16193,9
16194,15
16195,6
16196,9
16197,9
16198,6
16199,12
16200,9
16201,9
16202,12
16203,12
16204,6
16205,6
16206,6
16207,9
16208,9
16209,6
16210,9
16211,6
16212,9
16213,9
16214,6
16215,9
16216,6
16217,9
16218,6
16219,12
16220,6
16221,6
16222,12
16223,6
16224,15
16225,9
16226,9
16227,12
16228,12
16229,12
16230,6
16231,6
16232,3
16233,6
16234,9
16235,12
16236,6
16237,6
16238,9
16239,6
16240,12
16241,15
16242,3
16243,6
16244,15
16245,3
16246,6
16247,9
16248,12
16249,12
16250,12
16251,15
16252,15
16253,9
16254,9
16255,6
16256,9
16257,6
16258,6
16259,6
16260,12
16261,6
16262,3
16263,18
16264,12
16265,6
16266,6
16267,9
16268,12
16269,9
16270,21
16271,15
16272,12
16273,12
16274,6
16275,6
16276,18
16277,12
16278,6
16279,6
16280,9
16281,15
16282,15
16283,6
16284,6
16285,12
16286,6
16287,6
16288,9
16289,6
16290,9
16291,9
16292,6
16293,3
16294,12
16295,6
16296,6
16297,6
16298,6
16299,6
16300,9
16301,6
16302,6
16303,6
16304,18
16305,15
16306,15
16307,3
16308,6
16309,3
16310,6
16311,6
16312,6
16313,6
16314,3
16315,3
16316,6
16317,9
16318,27
16319,27
16320,27
16321,6
16322,6
16323,6
16324,21
16325,6
16326,12
16327,12
16328,6
16329,6
16330,21
16331,15
16332,3
16333,12
16334,15
16335,15
16336,18
16337,27
16338,15
16339,9
16340,6
16341,12
16342,9
16343,15
16344,9
16345,15
16346,9
16347,6
16348,9
16349,15
16350,6
16351,6
16352,15
16353,6
16354,21
16355,6
16356,6
16357,6
16358,12
16359,15
16360,9
16361,12
16362,15
16363,15
16364,15
16365,9
16366,12
16367,6
16368,9
16369,27
16370,27
16371,27
16372,21
16373,6
16374,6
16375,15
16376,6
16377,12
16378,9
16379,9
16380,9
16381,15
16382,12
16383,9
16384,12
16385,12
16386,12
16387,24
16388,3
16389,3
16390,3
16391,6
16392,9
16393,21
16394,6
16395,9
16396,9
16397,12
16398,6
16399,21
16400,12
16401,12
16402,12
16403,21
16404,21
16405,3
16406,6
16407,6
16408,6
16409,9
16410,6
16411,9
16412,6
16413,9
16414,3
16415,6
16416,6
16417,6
16418,9
16419,3
16420,9
16421,9
16422,3
16423,3
16424,3
16425,6
16426,6
16427,6
16428,9
16429,9
16430,18
16431,9
16432,6
16433,3
16434,3
16435,12
16436,3
16437,3
16438,12
16439,9
16440,15
16441,6
16442,18
16443,12
16444,12
16445,12
16446,15
16447,18
16448,6
16449,3
16450,3
16451,15
16452,18
16453,6
16454,9
16455,6
16456,6
16457,3
16458,3
16459,3
16460,3
16461,3
16462,6
16463,9
16464,9
16465,9
16466,9
16467,9
16468,9
16469,9
16470,9
16471,9
16472,3
16473,3
16474,3
16475,3
16476,3
16477,3
16478,3
16479,21
16480,21
16481,18
16482,18
16483,15
16484,6
16485,12
16486,12
16487,3
16488,18
16489,15
16490,9
16491,12
16492,9
16493,6
16494,12
16495,6
16496,9
16497,3
16498,12
16499,12
16500,12
16501,3
16502,6
16503,9
16504,12
16505,21
16506,12
16507,9
16508,3
16509,6
16510,3
16511,9
16512,6
16513,6
16514,3
16515,6
16516,3
16517,6
16518,3
16519,6
16520,6
16521,3
16522,9
16523,6
16524,6
16525,9
16526,12
16527,3
16528,9
16529,6
16530,18
16531,15
16532,15
16533,15
16534,15
16535,18
16536,9
16537,21
16538,15
16539,6
16540,15
16541,15
16542,15
16543,9
16544,18
16545,9
16546,3
16547,6
16548,12
16549,3
16550,6
16551,12
16552,9
16553,3
16554,3
16555,6
16556,3
16557,18
16558,9
16559,12
16560,9
16561,6
16562,9
16563,9
16564,9
16565,9
16566,15
16567,3
16568,15
16569,15
16570,6
16571,9
16572,12
16573,6
16574,6
16575,3
16576,9
16577,9
16578,9
16579,9
16580,3
16581,6
16582,6
16583,12
16584,9
16585,9
16586,9
16587,6
16588,18
16589,6
16590,15
16591,6
16592,6
16593,15
16594,9
16595,9
16596,6
16597,6
16598,9
16599,18
16600,3
16601,3
16602,0
16603,3
16604,30
16605,6
16606,30
16607,6
16608,30
16609,48
16610,3
16611,12
16612,15
16613,9
16614,15
16615,3
16616,15
16617,15
16618,9
16619,18
16620,6
16621,9
16622,9
16623,27
16624,15
16625,18
16626,21
16627,21
16628,15
16629,9
16630,18
16631,9
16632,15
16633,6
16634,15
16635,9
16636,6
16637,6
16638,6
16639,9
16640,6
16641,12
16642,12
16643,6
16644,12
16645,12
16646,27
16647,6
16648,9
16649,12
16650,9
16651,9
16652,9
16653,12
16654,9
16655,9
16656,9
16657,9
16658,12
16659,9
16660,12
16661,9
16662,6
16663,9
16664,9
16665,9
16666,3
16667,9
16668,9
16669,12
16670,9
16671,9
16672,21
16673,9
16674,9
16675,12
16676,9
16677,12
16678,12
16679,9
16680,12
16681,12
16682,12
16683,9
16684,12
16685,18
16686,6
16687,6
16688,6
16689,18
16690,6
16691,6
16692,6
16693,12
16694,12
16695,9
16696,3
16697,9
16698,9
16699,18
16700,12
16701,6
16702,12
16703,12
16704,12
16705,6
16706,9
16707,12
16708,18
16709,9
16710,12
16711,9
16712,12
16713,9
16714,9
16715,9
16716,6
16717,9
16718,3
16719,9
16720,6
16721,9
16722,9
16723,6
16724,6
16725,9
16726,6
16727,6
16728,9
16729,12
16730,12
16731,12
16732,15
16733,6
16734,9
16735,6
16736,9
16737,21
16738,6
16739,6
16740,6
16741,9
16742,9
16743,18
16744,12
16745,21
16746,9
16747,21
16748,12
16749,12
16750,6
16751,3
16752,6
16753,9
16754,6
16755,6
16756,6
16757,6
16758,3
16759,6
16760,9
16761,9
16762,15
16763,3
16764,9
16765,6
16766,15
16767,21
16768,15
16769,6
16770,15
16771,6
16772,27
16773,6
16774,6
16775,9
16776,27
16777,9
16778,6
16779,9
16780,3
16781,3
16782,6
16783,3
16784,6
16785,3
16786,6
16787,9
16788,6
16789,3
16790,9
16791,12
16792,6
16793,15
16794,9
16795,3
16796,3
16797,6
16798,9
16799,12
16800,15
16801,6
16802,21
16803,15
16804,3
16805,6
16806,9
16807,6
16808,6
16809,6
16810,6
16811,9
16812,3
16813,9
16814,12
16815,15
16816,15
16817,3
16818,3
16819,9
16820,15
16821,9
16822,6
16823,3
16824,9
16825,21
16826,21
16827,9
16828,6
16829,9
16830,6
16831,6
16832,6
16833,6
16834,6
16835,6
16836,6
16837,6
16838,6
16839,6
16840,6
16841,6
16842,6
16843,6
16844,6
16845,6
16846,3
16847,3
16848,3
16849,3
16850,6
16851,12
16852,3
16853,15
16854,15
16855,15
16856,12
16857,21
16858,3
16859,9
16860,6
16861,6
16862,9
16863,9
16864,9
16865,18
16866,3
16867,6
16868,9
16869,12
16870,9
16871,6
16872,12
16873,6
16874,18
16875,18
16876,30
16877,30
16878,27
16879,21
16880,21
16881,15
16882,15
16883,15
16884,21
16885,21
16886,27
16887,30
16888,21
16889,21
16890,21
16891,12
16892,15
16893,18
16894,18
16895,18
16896,18
16897,15
16898,6
16899,3
16900,12
16901,9
16902,6
16903,6
16904,3
16905,9
16906,3
16907,9
16908,6
16909,12
16910,6
16911,3
16912,6
16913,12
16914,9
16915,6
16916,12
16917,9
16918,12
16919,9
16920,6
16921,9
16922,6
16923,3
16924,6
16925,9
16926,3
16927,12
16928,12
16929,12
16930,12
16931,12
16932,6
16933,9
16934,9
16935,9
16936,6
16937,6
16938,6
16939,6
16940,6
16941,9
16942,9
16943,12
16944,3
16945,21
16946,6
16947,15
16948,6
16949,6
16950,12
16951,9
16952,12
16953,9
16954,15
16955,15
16956,3
16957,12
16958,3
16959,15
16960,6
16961,6
16962,3
16963,6
16964,9
16965,12
16966,6
16967,6
16968,12
16969,3
16970,6
16971,6
16972,21
16973,15
16974,6
16975,9
16976,6
16977,12
16978,15
16979,15
16980,6
16981,6
16982,3
16983,9
16984,9
16985,3
16986,9
16987,6
16988,9
16989,6
16990,6
16991,12
16992,9
16993,9
16994,6
16995,6
16996,12
16997,12
16998,12
16999,6
17000,6
17001,6
17002,6
17003,18
17004,9
17005,15
17006,9
17007,3
17008,9
17009,9
17010,12
17011,3
17012,9
17013,9
17014,6
17015,9
17016,12
17017,12
17018,15
17019,12
17020,9
17021,6
17022,15
17023,18
17024,18
17025,18
17026,12
17027,9
17028,18
17029,6
17030,9
17031,9
17032,9
17033,12
17034,6
17035,12
17036,12
17037,6
17038,12
17039,12
17040,9
17041,9
17042,9
17043,9
17044,12
17045,24
17046,24
17047,24
17048,24
17049,24
17050,24
17051,15
17052,24
17053,24
17054,24
17055,24
17056,12
17057,12
17058,15
17059,9
17060,6
17061,12
17062,15
17063,9
17064,6
17065,9
17066,15
17067,3
17068,3
17069,9
17070,15
17071,3
17072,9
17073,9
17074,6
17075,6
17076,15
17077,9
17078,12
17079,9
17080,9
17081,6
17082,9
17083,15
17084,6
17085,3
17086,6
17087,9
17088,15
17089,9
17090,9
17091,3
17092,6
17093,9
17094,9
17095,12
17096,9
17097,12
17098,3
17099,15
17100,9
17101,3
17102,3
17103,6
17104,3
17105,12
17106,9
17107,9
17108,12
17109,9
17110,9
17111,12
17112,3
17113,3
17114,15
17115,12
17116,9
17117,9
17118,9
17119,3
17120,18
17121,15
17122,21
17123,3
17124,3
17125,21
17126,21
17127,6
17128,3
17129,6
17130,21
17131,21
17132,3
17133,3
17134,12
17135,12
17136,21
17137,21
17138,6
17139,21
17140,30
17141,27
17142,36
17143,21
17144,24
17145,6
17146,6
17147,12
17148,12
17149,15
17150,6
17151,18
17152,6
17153,6
17154,9
17155,6
17156,15
17157,21
17158,3
17159,9
17160,9
17161,6
17162,6
17163,9
17164,6
17165,6
17166,6
17167,18
17168,18
17169,18
17170,3
17171,18
17172,18
17173,18
17174,18
17175,18
17176,18
17177,18
17178,18
17179,12
17180,12
17181,12
17182,21
17183,24
17184,18
17185,12
17186,3
17187,6
17188,6
17189,3
17190,27
17191,21
17192,18
17193,18
17194,6
17195,6
17196,9
17197,3
17198,9
17199,6
17200,3
17201,3
17202,9
17203,9
17204,12
17205,3
17206,12
17207,9
17208,9
17209,6
17210,12
17211,9
17212,12
17213,15
17214,3
17215,18
17216,15
17217,12
17218,6
17219,15
17220,15
17221,15
17222,3
17223,9
17224,3
17225,3
17226,15
17227,30
17228,30
17229,12
17230,12
17231,6
17232,15
17233,3
17234,6
17235,12
17236,24
17237,6
17238,15
17239,15
17240,21
17241,9
17242,15
17243,15
17244,15
17245,15
17246,3
17247,15
17248,18
17249,15
17250,9
17251,6
17252,21
17253,3
17254,9
17255,6
17256,12
17257,21
17258,6
17259,21
17260,18
17261,6
17262,6
17263,15
17264,12
17265,6
17266,6
17267,12
17268,6
17269,9
17270,15
17271,9
17272,3
17273,9
17274,15
17275,9
17276,9
17277,6
17278,9
17279,9
17280,9
17281,9
17282,3
17283,3
17284,15
17285,9
17286,9
17287,6
17288,9
17289,9
17290,6
17291,6
17292,18
17293,12
17294,6
17295,6
17296,6
17297,6
17298,6
17299,6
17300,6
17301,6
17302,6
17303,9
17304,6
17305,6
17306,6
17307,6
17308,9
17309,6
17310,9
17311,6
17312,9
17313,6
17314,9
17315,12
17316,15
17317,9
17318,15
17319,9
17320,6
17321,18
17322,18
17323,6
17324,27
17325,9
17326,12
17327,9
17328,12
17329,6
17330,6
17331,6
17332,9
17333,24
17334,6
17335,9
17336,6
17337,9
17338,3
17339,6
17340,21
17341,15
17342,15
17343,15
17344,3
17345,3
17346,3
17347,6
17348,6
17349,15
17350,3
17351,6
17352,6
17353,3
17354,3
17355,6
17356,12
17357,18
17358,9
17359,9
17360,9
17361,12
17362,3
17363,9
17364,6
17365,12
17366,15
17367,6
17368,15
17369,9
17370,12
17371,6
17372,15
17373,6
17374,9
17375,9
17376,6
17377,6
17378,9
17379,3
17380,9
17381,15
17382,6
17383,6
17384,15
17385,3
17386,6
17387,12
17388,12
17389,12
17390,12
17391,12
17392,6
17393,9
17394,6
17395,12
17396,9
17397,15
17398,9
17399,6
17400,12
17401,6
17402,9
17403,9
17404,6
17405,9
17406,12
17407,9
17408,3
17409,6
17410,6
17411,6
17412,6
17413,9
17414,6
17415,9
17416,6
17417,6
17418,3
17419,18
17420,12
17421,6
17422,0
17423,21
17424,6
17425,27
17426,27
17427,21
17428,21
17429,21
17430,21
17431,21
17432,12
17433,6
17434,9
17435,9
17436,21
17437,21
17438,21
17439,21
17440,6
17441,15
17442,15
17443,24
17444,27
17445,30
17446,21
17447,21
17448,21
17449,21
17450,9
17451,3
17452,6
17453,12
17454,6
17455,6
17456,6
17457,6
17458,3
17459,3
17460,9
17461,9
17462,21
17463,21
17464,21
17465,15
17466,21
17467,21
17468,21
17469,21
17470,21
17471,21
17472,18
17473,18
17474,18
17475,15
17476,18
17477,18
17478,18
17479,18
17480,6
17481,6
17482,12
17483,3
17484,3
17485,3
17486,3
17487,3
17488,3
17489,3
17490,3
17491,3
17492,3
17493,3
17494,3
17495,3
17496,6
17497,6
17498,3
17499,9
17500,6
17501,6
17502,3
17503,6
17504,3
17505,3
17506,6
17507,9
17508,6
17509,3
17510,3
17511,6
17512,6
17513,6
17514,6
17515,9
17516,9
17517,6
17518,6
17519,6
17520,9
17521,6
17522,12
17523,12
17524,15
17525,15
17526,15
17527,6
17528,9
17529,6
17530,15
17531,6
17532,6
17533,12
17534,9
17535,12
17536,9
17537,12
17538,9
17539,6
17540,9
17541,21
17542,6
17543,15
17544,15
17545,15
17546,12
17547,12
17548,18
17549,12
17550,3
17551,9
17552,15
17553,6
17554,12
17555,12
17556,15
17557,3
17558,3
17559,6
17560,15
17561,6
17562,3
17563,12
17564,15
17565,9
17566,12
17567,9
17568,9
17569,6
17570,12
17571,6
17572,12
17573,6
17574,6
17575,21
17576,18
17577,15
17578,15
17579,15
17580,9
17581,12
17582,15
17583,15
17584,15
17585,15
17586,15
17587,21
17588,12
17589,6
17590,12
17591,6
17592,9
17593,21
17594,18
17595,18
17596,15
17597,15
17598,15
17599,15
17600,15
17601,3
17602,9
17603,21
17604,21
17605,15
17606,6
17607,21
17608,6
17609,3
17610,6
17611,12
17612,3
17613,15
17614,9
17615,9
17616,15
17617,15
17618,15
17619,9
17620,6
17621,9
17622,9
17623,9
17624,9
17625,15
17626,15
17627,15
17628,9
17629,6
17630,9
17631,6
17632,9
17633,6
17634,9
17635,3
17636,6
17637,6
17638,15
17639,15
17640,6
17641,6
17642,6
17643,9
17644,6
17645,9
17646,6
17647,9
17648,6
17649,6
17650,9
17651,12
17652,9
17653,6
17654,6
17655,6
17656,3
17657,3
17658,3
17659,3
17660,15
17661,6
17662,6
17663,9
17664,9
17665,3
17666,9
17667,6
17668,6
17669,15
17670,6
17671,21
17672,18
17673,15
17674,21
17675,18
17676,27
17677,15
17678,6
17679,9
17680,6
17681,3
17682,9
17683,12
17684,9
17685,18
17686,3
17687,6
17688,6
17689,15
17690,18
17691,18
17692,15
17693,15
17694,15
17695,9
17696,9
17697,9
17698,15
17699,6
17700,21
17701,21
17702,12
17703,6
17704,3
17705,21
17706,3
17707,21
17708,15
17709,15
17710,9
17711,6
17712,6
17713,3
17714,12
17715,12
17716,6
17717,6
17718,15
17719,6
17720,9
17721,3
17722,12
17723,6
17724,6
17725,6
17726,3
17727,3
17728,6
17729,12
17730,3
17731,3
17732,9
17733,9
17734,6
17735,3
17736,3
17737,24
17738,21
17739,15
17740,12
17741,12
17742,6
17743,15
17744,21
17745,15
17746,9
17747,9
17748,15
17749,12
17750,9
17751,9
17752,9
17753,9
17754,6
17755,6
17756,12
17757,3
17758,9
17759,12
17760,12
17761,6
17762,12
17763,12
17764,15
17765,15
17766,9
17767,18
17768,15
17769,3
17770,6
17771,6
17772,9
17773,9
17774,12
17775,15
17776,15
17777,15
17778,21
17779,24
17780,9
17781,6
17782,15
17783,3
17784,12
17785,6
17786,3
17787,3
17788,3
17789,6
17790,21
17791,27
17792,21
17793,24
17794,18
17795,12
17796,6
17797,6
17798,6
17799,6
17800,15
17801,3
17802,27
17803,21
17804,27
17805,27
17806,9
17807,6
17808,3
17809,6
17810,6
17811,3
17812,3
17813,9
17814,9
17815,6
17816,9
17817,6
17818,9
17819,18
17820,9
17821,12
17822,9
17823,12
17824,3
17825,9
17826,9
17827,6
17828,6
17829,9
17830,6
17831,15
17832,9
17833,9
17834,3
17835,6
17836,6
17837,3
17838,12
17839,6
17840,9
17841,9
17842,3
17843,3
17844,9
17845,15
17846,15
17847,21
17848,21
17849,15
17850,12
17851,9
17852,21
17853,18
17854,18
17855,15
17856,6
17857,9
17858,9
17859,6
17860,9
17861,9
17862,15
17863,12
17864,24
17865,9
17866,6
17867,15
17868,6
17869,3
17870,6
17871,9
17872,6
17873,30
17874,3
17875,12
17876,9
17877,6
17878,6
17879,9
17880,6
17881,18
17882,12
17883,12
17884,15
17885,12
17886,9
17887,3
17888,12
17889,12
17890,9
17891,6
17892,6
17893,21
17894,21
17895,27
17896,12
17897,3
17898,18
17899,9
17900,9
17901,9
17902,18
17903,27
17904,15
17905,12
17906,6
17907,3
17908,12
17909,24
17910,3
17911,12
17912,3
17913,3
17914,9
17915,9
17916,6
17917,15
17918,24
17919,15
17920,6
17921,12
17922,6
17923,6
17924,9
17925,6
17926,6
17927,6
17928,6
17929,6
17930,6
17931,18
17932,15
17933,18
17934,15
17935,21
17936,21
17937,6
17938,21
17939,9
17940,18
17941,12
17942,9
17943,3
17944,21
17945,9
17946,6
17947,3
17948,18
17949,6
17950,6
17951,9
17952,15
17953,6
17954,15
17955,6
17956,6
17957,9
17958,15
17959,15
17960,18
17961,18
17962,15
17963,12
17964,9
17965,9
17966,9
17967,6
17968,3
17969,15
17970,24
17971,6
17972,9
17973,6
17974,6
17975,9
17976,3
17977,18
17978,3
17979,3
17980,3
17981,3
17982,6
17983,9
17984,12
17985,15
17986,6
17987,12
17988,15
17989,6
17990,6
17991,12
17992,6
17993,9
17994,6
17995,6
17996,9
17997,12
17998,15
17999,12
18000,12
18001,3
18002,9
18003,6
18004,6
18005,9
18006,12
18007,9
18008,3
18009,6
18010,9
18011,21
18012,21
18013,21
18014,6
18015,6
18016,21
18017,9
18018,9
18019,15
18020,18
18021,30
18022,18
18023,3
18024,12
18025,9
18026,12
18027,6
18028,3
18029,6
18030,3
18031,6
18032,3
18033,9
18034,12
18035,27
18036,15
18037,21
18038,24
18039,21
18040,21
18041,27
18042,12
18043,6
18044,9
18045,12
18046,6
18047,12
18048,3
18049,15
18050,9
18051,9
18052,9
18053,3
18054,9
18055,6
18056,9
18057,3
18058,6
18059,12
18060,21
18061,6
18062,9
18063,6
18064,12
18065,18
18066,15
18067,12
18068,15
18069,3
18070,3
18071,3
18072,3
18073,3
18074,3
18075,3
18076,9
18077,6
18078,3
18079,3
18080,9
18081,15
18082,15
18083,3
18084,12
18085,18
18086,15
18087,9
18088,3
18089,3
18090,6
18091,15
18092,9
18093,6
18094,3
18095,9
18096,9
18097,9
18098,9
18099,3
18100,15
18101,6
18102,3
18103,3
18104,18
18105,3
18106,15
18107,9
18108,15
18109,18
18110,12
18111,6
18112,12
18113,15
18114,18
18115,6
18116,18
18117,18
18118,6
18119,6
18120,18
18121,18
18122,9
18123,15
18124,15
18125,12
18126,3
18127,9
18128,6
18129,3
18130,15
18131,12
18132,9
18133,12
18134,9
18135,6
18136,6
18137,6
18138,15
18139,3
18140,9
18141,9
18142,15
18143,3
18144,6
18145,12
18146,6
18147,6
18148,6
18149,6
18150,15
18151,9
18152,9
18153,9
18154,3
18155,9
18156,6
18157,6
18158,3
18159,6
18160,3
18161,12
18162,9
18163,15
18164,6
18165,9
18166,9
18167,6
18168,18
18169,6
18170,6
18171,9
18172,6
18173,9
18174,6
18175,15
18176,6
18177,9
18178,6
18179,24
18180,21
18181,15
18182,21
18183,9
18184,21
18185,6
18186,9
18187,9
18188,21
18189,9
18190,18
18191,9
18192,15
18193,9
18194,6
18195,9
18196,9
18197,9
18198,12
18199,6
18200,9
18201,9
18202,6
18203,9
18204,18
18205,15
18206,15
18207,21
18208,15
18209,3
18210,9
18211,15
18212,6
18213,6
18214,3
18215,6
18216,3
18217,6
18218,6
18219,6
18220,21
18221,12
18222,6
18223,9
18224,12
18225,15
18226,12
18227,3
18228,9
18229,6
18230,12
18231,6
18232,9
18233,9
18234,9
18235,9
18236,12
18237,9
18238,6
18239,9
18240,6
18241,9
18242,9
18243,9
18244,9
18245,12
18246,9
18247,6
18248,15
18249,18
18250,15
18251,6
18252,9
18253,9
18254,18
18255,9
18256,3
18257,3
18258,9
18259,18
18260,12
18261,12
18262,6
18263,9
18264,9
18265,9
18266,12
18267,12
18268,3
18269,9
18270,9
18271,6
18272,12
18273,15
18274,6
18275,12
18276,12
18277,9
18278,9
18279,15
18280,9
18281,9
18282,9
18283,9
18284,9
18285,6
18286,21
18287,9
18288,12
18289,9
18290,9
18291,9
18292,9
18293,9
18294,9
18295,9
18296,12
18297,15
18298,9
18299,18
18300,18
18301,15
18302,3
18303,9
18304,3
18305,6
18306,6
18307,3
18308,3
18309,3
18310,3
18311,6
18312,6
18313,6
18314,6
18315,3
18316,9
18317,6
18318,3
18319,3
18320,18
18321,9
18322,18
18323,9
18324,6
18325,6
18326,3
18327,9
18328,6
18329,12
18330,12
18331,9
18332,9
18333,9
18334,9
18335,9
18336,6
18337,18
18338,6
18339,9
18340,9
18341,6
18342,3
18343,3
18344,3
18345,6
18346,18
18347,6
18348,15
18349,9
18350,9
18351,9
18352,6
18353,6
18354,15
18355,3
18356,15
18357,12
18358,9
18359,15
18360,12
18361,12
18362,9
18363,6
18364,18
18365,12
18366,12
18367,12
18368,12
18369,12
18370,12
18371,21
18372,15
18373,15
18374,15
18375,15
18376,15
18377,15
18378,15
18379,18
18380,9
18381,18
18382,9
18383,9
18384,9
18385,12
18386,9
18387,9
18388,9
18389,9
18390,9
18391,9
18392,9
18393,9
18394,9
18395,9
18396,9
18397,9
18398,15
18399,9
18400,9
18401,9
18402,9
18403,9
18404,9
18405,9
18406,6
18407,9
18408,6
18409,3
18410,9
18411,9
18412,12
18413,3
18414,9
18415,9
18416,15
18417,3
18418,3
18419,12
18420,9
18421,6
18422,3
18423,3
18424,3
18425,9
18426,3
18427,9
18428,12
18429,3
18430,12
18431,9
18432,3
18433,9
18434,15
18435,6
18436,3
18437,9
18438,12
18439,3
18440,9
18441,9
18442,3
18443,3
18444,3
18445,3
18446,6
18447,6
18448,6
18449,12
18450,15
18451,6
18452,3
18453,3
18454,6
18455,9
18456,12
18457,3
18458,9
18459,12
18460,6
18461,6
18462,6
18463,6
18464,6
18465,9
18466,6
18467,6
18468,12
18469,15
18470,15
18471,3
18472,6
18473,6
18474,6
18475,3
18476,3
18477,3
18478,3
18479,3
18480,9
18481,3
18482,9
18483,3
18484,6
18485,6
18486,12
18487,12
18488,9
18489,6
18490,9
18491,6
18492,3
18493,6
18494,3
18495,12
18496,15
18497,9
18498,9
18499,3
18500,6
18501,9
18502,12
18503,6
18504,6
18505,3
18506,12
18507,15
18508,9
18509,3
18510,9
18511,3
18512,3
18513,3
18514,3
18515,6
18516,3
18517,3
18518,6
18519,3
18520,6
18521,6
18522,9
18523,9
18524,15
18525,15
18526,9
18527,6
18528,15
18529,6
18530,21
18531,12
18532,6
18533,6
18534,12
18535,21
18536,6
18537,15
18538,15
18539,15
18540,9
18541,12
18542,12
18543,12
18544,15
18545,3
18546,3
18547,6
18548,3
18549,3
18550,6
18551,12
18552,6
18553,6
18554,3
18555,9
18556,6
18557,9
18558,12
18559,3
18560,12
18561,9
18562,9
18563,12
18564,6
18565,6
18566,3
18567,12
18568,12
18569,15
18570,15
18571,15
18572,15
18573,9
18574,6
18575,21
18576,21
18577,12
18578,6
18579,9
18580,6
18581,3
18582,6
18583,6
18584,6
18585,6
18586,9
18587,9
18588,3
18589,12
18590,3
18591,3
18592,3
18593,18
18594,18
18595,6
18596,6
18597,6
18598,6
18599,9
18600,6
18601,3
18602,3
18603,3
18604,3
18605,3
18606,6
18607,9
18608,9
18609,6
18610,6
18611,3
18612,3
18613,3
18614,6
18615,3
18616,9
18617,9
18618,9
18619,9
18620,9
18621,3
18622,6
18623,6
18624,18
18625,15
18626,12
18627,18
18628,3
18629,9
18630,24
18631,18
18632,18
18633,18
18634,6
18635,6
18636,6
18637,12
18638,6
18639,6
18640,9
18641,6
18642,6
18643,6
18644,9
18645,9
18646,6
18647,6
18648,3
18649,6
18650,6
18651,9
18652,3
18653,9
18654,6
18655,6
18656,9
18657,6
18658,9
18659,6
18660,9
18661,6
18662,6
18663,6
18664,6
18665,12
18666,9
18667,6
18668,6
18669,6
18670,6
18671,15
18672,6
18673,9
18674,6
18675,6
18676,9
18677,6
18678,6
18679,6
18680,6
18681,6
18682,9
18683,9
18684,6
18685,9
18686,6
18687,6
18688,6
18689,6
18690,15
18691,15
18692,15
18693,21
18694,27
18695,15
18696,27
18697,30
18698,30
18699,15
18700,24
18701,24
18702,24
18703,24
18704,12
18705,9
18706,9
18707,24
18708,21
18709,3
18710,9
18711,12
18712,12
18713,6
18714,12
18715,15
18716,18
18717,18
18718,18
18719,18
18720,42
18721,42
18722,18
18723,6
18724,15
18725,21
18726,12
18727,15
18728,27
18729,18
18730,18
18731,12
18732,9
18733,18
18734,18
18735,6
18736,9
18737,18
18738,6
18739,3
18740,15
18741,15
18742,15
18743,6
18744,12
18745,6
18746,3
18747,6
18748,6
18749,6
18750,15
18751,6
18752,6
18753,9
18754,15
18755,9
18756,15
18757,6
18758,9
18759,9
18760,6
18761,6
18762,6
18763,9
18764,12
18765,6
18766,6
18767,6
18768,6
18769,3
18770,6
18771,9
18772,6
18773,9
18774,9
18775,9
18776,6
18777,9
18778,3
18779,3
18780,6
18781,6
18782,9
18783,9
18784,21
18785,18
18786,12
18787,6
18788,12
18789,18
18790,15
18791,15
18792,18
18793,6
18794,21
18795,3
18796,15
18797,24
18798,24
18799,24
18800,24
18801,15
18802,15
18803,15
18804,15
18805,12
18806,18
18807,27
18808,24
18809,18
18810,18
18811,15
18812,15
18813,18
18814,18
18815,15
18816,21
18817,3
18818,6
18819,3
18820,9
18821,12
18822,21
18823,3
18824,9
18825,3
18826,12
18827,6
18828,9
18829,3
18830,3
18831,6
18832,9
18833,21
18834,6
18835,6
18836,9
18837,3
18838,3
18839,3
18840,12
18841,9
18842,3
18843,15
18844,6
18845,12
18846,12
18847,9
18848,6
18849,6
18850,3
18851,9
18852,6
18853,9
18854,3
18855,9
18856,18
18857,9
18858,9
18859,6
18860,21
18861,12
18862,15
18863,9
18864,9
18865,9
18866,6
18867,6
18868,9
18869,15
18870,9
18871,6
18872,9
18873,6
18874,6
18875,9
18876,9
18877,15
18878,6
18879,6
18880,3
18881,3
18882,6
18883,6
18884,6
18885,12
18886,15
18887,15
18888,6
18889,12
18890,12
18891,6
18892,6
18893,6
18894,6
18895,3
18896,15
18897,6
18898,6
18899,9
18900,3
18901,12
18902,9
18903,9
18904,6
18905,6
18906,6
18907,9
18908,12
18909,3
18910,3
18911,6
18912,6
18913,9
18914,6
18915,9
18916,9
18917,9
18918,3
18919,6
18920,12
18921,6
18922,3
18923,9
18924,6
18925,9
18926,6
18927,6
18928,15
18929,12
18930,3
18931,6
18932,12
18933,21
18934,21
18935,9
18936,6
18937,6
18938,9
18939,9
18940,6
18941,9
18942,12
18943,9
18944,9
18945,12
18946,6
18947,12
18948,15
18949,15
18950,6
18951,9
18952,9
18953,9
18954,6
18955,15
18956,15
18957,15
18958,18
18959,15
18960,18
18961,24
18962,21
18963,9
18964,9
18965,9
18966,9
18967,9
18968,9
18969,3
18970,9
18971,6
18972,9
18973,6
18974,9
18975,9
18976,12
18977,9
18978,6
18979,6
18980,6
18981,3
18982,3
18983,6
18984,6
18985,9
18986,6
18987,9
18988,9
18989,15
18990,15
18991,12
18992,27
18993,3
18994,9
18995,9
18996,9
18997,9
18998,9
18999,12
19000,9
19001,6
19002,9
19003,12
19004,15
19005,6
19006,6
19007,15
19008,3
19009,9
19010,15
19011,18
19012,18
19013,18
19014,18
19015,18
19016,6
19017,9
19018,12
19019,18
19020,15
19021,9
19022,3
19023,9
19024,9
19025,9
19026,12
19027,21
19028,21
19029,15
19030,15
19031,9
19032,9
19033,12
19034,9
19035,15
19036,15
19037,6
19038,9
19039,6
19040,3
19041,15
19042,24
19043,24
19044,21
19045,24
19046,15
19047,12
19048,12
19049,15
19050,9
19051,9
19052,12
19053,9
19054,9
19055,6
19056,6
19057,12
19058,12
19059,6
19060,9
19061,6
19062,9
19063,12
19064,6
19065,6
19066,6
19067,6
19068,9
19069,6
19070,3
19071,3
19072,15
19073,3
19074,6
19075,6
19076,6
19077,6
19078,12
19079,3
19080,3
19081,6
19082,9
19083,6
19084,6
19085,12
19086,3
19087,6
19088,9
19089,12
19090,21
19091,9
19092,6
19093,6
19094,6
19095,6
19096,12
19097,3
19098,9
19099,21
19100,12
19101,12
19102,6
19103,6
19104,6
19105,6
19106,12
19107,9
19108,6
19109,12
19110,9
19111,9
19112,6
19113,6
19114,6
19115,6
19116,6
19117,6
19118,15
19119,9
19120,9
19121,9
19122,9
19123,12
19124,18
19125,6
19126,9
19127,15
19128,9
19129,12
19130,15
19131,6
19132,6
19133,9
19134,9
19135,6
19136,9
19137,6
19138,9
19139,6
19140,9
19141,9
19142,6
19143,6
19144,6
19145,6
19146,12
19147,9
19148,9
19149,9
19150,3
19151,3
19152,9
19153,6
19154,12
19155,9
19156,6
19157,9
19158,9
19159,12
19160,6
19161,9
19162,9
19163,9
19164,9
19165,9
19166,9
19167,9
19168,3
19169,6
19170,9
19171,6
19172,9
19173,9
19174,9
19175,9
19176,9
19177,9
19178,9
19179,9
19180,3
19181,12
19182,15
19183,9
19184,9
19185,6
19186,9
19187,3
19188,3
19189,3
19190,3
19191,3
19192,3
19193,3
19194,3
19195,3
19196,6
19197,3
19198,3
19199,3
19200,9
19201,9
19202,6
19203,15
19204,6
19205,6
19206,3
19207,12
19208,6
19209,6
19210,6
19211,12
19212,6
19213,6
19214,6
19215,3
19216,6
19217,3
19218,3
19219,6
19220,12
19221,3
19222,12
19223,21
19224,6
19225,15
19226,18
19227,12
19228,18
19229,24
19230,15
19231,6
19232,12
19233,15
19234,18
19235,15
19236,6
19237,9
19238,6
19239,9
19240,9
19241,6
19242,6
19243,18
19244,6
19245,9
19246,12
19247,12
19248,6
19249,9
19250,3
19251,15
19252,12
19253,6
19254,6
19255,6
19256,3
19257,3
19258,3
19259,6
19260,9
19261,3
19262,6
19263,6
19264,9
19265,3
19266,12
19267,15
19268,15
19269,15
19270,12
19271,12
19272,15
19273,9
19274,9
19275,12
19276,12
19277,9
19278,15
19279,9
19280,9
19281,9
19282,12
19283,12
19284,9
19285,9
19286,12
19287,15
19288,9
19289,12
19290,12
19291,21
19292,15
19293,18
19294,18
19295,18
19296,12
19297,15
19298,9
19299,3
19300,15
19301,15
19302,15
19303,18
19304,18
19305,15
19306,12
19307,6
19308,6
19309,6
19310,6
19311,6
19312,6
19313,6
19314,3
19315,9
19316,6
19317,6
19318,6
19319,9
19320,15
19321,6
19322,3
19323,6
19324,15
19325,6
19326,21
19327,6
19328,6
19329,6
19330,3
19331,9
19332,12
19333,6
19334,6
19335,21
19336,6
19337,9
19338,6
19339,9
19340,12
19341,6
19342,18
19343,9
19344,3
19345,3
19346,12
19347,15
19348,9
19349,6
19350,21
19351,6
19352,6
19353,6
19354,6
19355,15
19356,21
19357,21
19358,6
19359,15
19360,3
19361,3
19362,6
19363,6
19364,12
19365,6
19366,9
19367,15
19368,6
19369,27
19370,21
19371,12
19372,6
19373,9
19374,3
19375,21
19376,18
19377,15
19378,15
19379,18
19380,21
19381,21
19382,21
19383,6
19384,6
19385,9
19386,6
19387,15
19388,9
19389,9
19390,6
19391,9
19392,9
19393,3
19394,6
19395,9
19396,12
19397,21
19398,21
19399,24
19400,24
19401,6
19402,3
19403,9
19404,9
19405,12
19406,9
19407,6
19408,18
19409,21
19410,21
19411,21
19412,21
19413,21
19414,27
19415,12
19416,24
19417,21
19418,21
19419,21
19420,9
19421,27
19422,12
19423,3
19424,12
19425,6
19426,6
19427,15
19428,15
19429,15
19430,9
19431,9
19432,12
19433,12
19434,12
19435,6
19436,24
19437,3
19438,9
19439,6
19440,9
19441,15
19442,15
19443,18
19444,15
19445,24
19446,18
19447,6
19448,3
19449,3
19450,6
19451,9
19452,6
19453,6
19454,6
19455,3
19456,6
19457,21
19458,18
19459,12
19460,9
19461,6
19462,6
19463,12
19464,9
19465,3
19466,6
19467,12
19468,9
19469,15
19470,12
19471,15
19472,21
19473,9
19474,24
19475,9
19476,12
19477,21
19478,9
19479,15
19480,9
19481,24
19482,15
19483,15
19484,12
19485,6
19486,3
19487,9
19488,18
19489,18
19490,15
19491,18
19492,18
19493,9
19494,6
19495,9
19496,15
19497,6
19498,3
19499,9
19500,24
19501,3
19502,9
19503,9
19504,9
19505,12
19506,9
19507,15
19508,15
19509,15
19510,15
19511,12
19512,9
19513,6
19514,15
19515,27
19516,9
19517,9
19518,9
19519,15
19520,9
19521,12
19522,6
19523,15
19524,21
19525,12
19526,6
19527,3
19528,6
19529,3
19530,9
19531,6
19532,3
19533,3
19534,9
19535,3
19536,9
19537,15
19538,6
19539,6
19540,15
19541,6
19542,3
19543,6
19544,3
19545,15
19546,15
19547,15
19548,15
19549,15
19550,3
19551,6
19552,3
19553,12
19554,6
19555,3
19556,6
19557,27
19558,21
19559,9
19560,9
19561,21
19562,18
19563,3
19564,3
19565,3
19566,3
19567,15
19568,12
19569,3
19570,3
19571,6
19572,9
19573,6
19574,9
19575,6
19576,6
19577,12
19578,12
19579,12
19580,12
19581,12
19582,12
19583,6
19584,15
19585,9
19586,9
19587,9
19588,9
19589,9
19590,9
19591,9
19592,9
19593,9
19594,9
19595,21
19596,12
19597,12
19598,15
19599,18
19600,6
19601,3
19602,6
19603,6
19604,9
19605,3
19606,6
19607,6
19608,3
19609,3
19610,6
19611,3
19612,3
19613,3
19614,9
19615,3
19616,3
19617,3
19618,3
19619,9
19620,3
19621,3
19622,3
19623,3
19624,3
19625,12
19626,6
19627,9
19628,9
19629,6
19630,18
19631,12
19632,3
19633,12
19634,6
19635,9
19636,18
19637,3
19638,9
19639,15
19640,6
19641,9
19642,12
19643,3
19644,6
19645,6
19646,6
19647,9
19648,12
19649,3
19650,6
19651,12
19652,15
19653,12
19654,9
19655,9
19656,9
19657,6
19658,15
19659,12
19660,9
19661,9
19662,21
19663,18
19664,6
19665,9
19666,6
19667,6
19668,9
19669,6
19670,6
19671,6
19672,6
19673,6
19674,15
19675,3
19676,6
19677,9
19678,12
19679,6
19680,6
19681,12
19682,6
19683,6
19684,6
19685,12
19686,9
19687,6
19688,12
19689,9
19690,12
19691,6
19692,9
19693,9
19694,6
19695,6
19696,6
19697,6
19698,6
19699,6
19700,3
19701,9
19702,12
19703,12
19704,18
19705,9
19706,6
19707,12
19708,12
19709,6
19710,12
19711,6
19712,9
19713,6
19714,12
19715,12
19716,6
19717,15
19718,12
19719,12
19720,6
19721,3
19722,6
19723,3
19724,6
19725,3
19726,12
19727,15
19728,6
19729,12
19730,9
19731,12
19732,12
19733,9
19734,6
19735,15
19736,12
19737,9
19738,12
19739,15
19740,6
19741,12
19742,9
19743,9
19744,6
19745,9
19746,12
19747,9
19748,9
19749,6
19750,6
19751,3
19752,6
19753,6
19754,12
19755,6
19756,6
19757,12
19758,15
19759,15
19760,9
19761,15
19762,9
19763,9
19764,9
19765,6
19766,6
19767,9
19768,6
19769,6
19770,6
19771,6
19772,6
19773,6
19774,6
19775,6
19776,6
19777,6
19778,6
19779,6
19780,6
19781,6
19782,6
19783,6
19784,6
19785,6
19786,6
19787,9
19788,6
19789,6
19790,6
19791,6
19792,6
19793,6
19794,6
19795,6
19796,6
19797,6
19798,6
19799,6
19800,6
19801,6
19802,12
19803,15
19804,9
19805,15
19806,24
19807,18
19808,18
19809,12
19810,9
19811,9
19812,18
19813,21
19814,18
19815,3
19816,12
19817,21
19818,12
19819,9
19820,12
19821,9
19822,15
19823,6
19824,12
19825,6
19826,6
19827,15
19828,12
19829,6
19830,9
19831,9
19832,12
19833,9
19834,6
19835,21
19836,21
19837,12
19838,12
19839,15
19840,12
19841,9
19842,21
19843,21
19844,6
19845,3
19846,9
19847,18
19848,15
19849,12
19850,21
19851,9
19852,9
19853,9
19854,9
19855,3
19856,9
19857,9
19858,12
19859,9
19860,9
19861,9
19862,9
19863,12
19864,9
19865,18
19866,12
19867,12
19868,9
19869,15
19870,6
19871,6
19872,9
19873,6
19874,6
19875,21
19876,18
19877,6
19878,12
19879,9
19880,6
19881,6
19882,9
19883,12
19884,9
19885,6
19886,12
19887,12
19888,9
19889,9
19890,12
19891,3
19892,6
19893,9
19894,9
19895,9
19896,12
19897,6
19898,6
19899,3
19900,12
19901,9
19902,6
19903,6
19904,3
19905,12
19906,6
19907,6
19908,9
19909,18
19910,9
19911,6
19912,6
19913,9
19914,12
19915,12
19916,9
19917,9
19918,9
19919,6
19920,9
19921,9
19922,12
19923,9
19924,9
19925,9
19926,9
19927,12
19928,9
19929,9
19930,3
19931,3
19932,6
19933,9
19934,15
19935,9
19936,12
19937,9
19938,12
19939,21
19940,6
19941,12
19942,9
19943,9
19944,9
19945,9
19946,9
19947,12
19948,9
19949,9
19950,9
19951,9
19952,9
19953,9
19954,3
19955,9
19956,6
19957,6
19958,9
19959,9
19960,6
19961,9
19962,12
19963,9
19964,3
19965,15
19966,12
19967,9
19968,9
19969,9
19970,9
19971,9
19972,9
19973,12
19974,6
19975,6
19976,6
19977,6
19978,6
19979,6
19980,6
19981,6
19982,6
19983,6
19984,6
19985,6
19986,9
19987,9
19988,9
19989,9
19990,9
19991,9
19992,9
19993,9
19994,9
19995,3
19996,3
19997,0
19998,3
19999,6
20000,15
20001,6
20002,6
20003,9
20004,6
20005,6
20006,21
20007,18
20008,18
20009,21
20010,24
20011,21
20012,21
20013,21
20014,3
20015,27
20016,24
20017,24
20018,18
20019,18
20020,18
20021,18
20022,3
20023,9
20024,6
20025,6
20026,3
20027,9
20028,9
20029,6
20030,3
20031,3
20032,9
20033,6
20034,6
20035,15
20036,9
20037,6
20038,6
20039,9
20040,6
20041,21
20042,3
20043,3
20044,12
20045,6
20046,3
20047,6
20048,6
20049,15
20050,6
20051,6
20052,15
20053,21
20054,6
20055,6
20056,12
20057,9
20058,6
20059,12
20060,6
20061,6
20062,6
20063,12
20064,15
20065,15
20066,6
20067,6
20068,6
20069,9
20070,12
20071,18
20072,9
20073,15
20074,6
20075,6
20076,15
20077,6
20078,9
20079,15
20080,15
20081,6
20082,9
20083,12
20084,9
20085,12
20086,12
20087,12
20088,12
20089,15
20090,15
20091,9
20092,6
20093,9
20094,9
20095,9
20096,9
20097,15
20098,3
20099,3
20100,15
20101,12
20102,3
20103,3
20104,6
20105,6
20106,6
20107,12
20108,12
20109,15
20110,9
20111,6
20112,9
20113,12
20114,6
20115,9
20116,3
20117,9
20118,3
20119,6
20120,3
20121,6
20122,9
20123,15
20124,9
20125,6
20126,6
20127,9
20128,9
20129,6
20130,3
20131,9
20132,18
20133,6
20134,15
20135,9
20136,9
20137,6
20138,21
20139,6
20140,9
20141,9
20142,6
20143,3
20144,12
20145,3
20146,12
20147,3
20148,9
20149,9
20150,12
20151,15
20152,6
20153,3
20154,9
20155,3
20156,3
20157,6
20158,15
20159,9
20160,6
20161,6
20162,9
20163,6
20164,6
20165,6
20166,12
20167,9
20168,9
20169,9
20170,3
20171,3
20172,6
20173,3
20174,6
20175,6
20176,9
20177,6
20178,6
20179,6
20180,6
20181,6
20182,9
20183,18
20184,9
20185,6
20186,9
20187,9
20188,9
20189,21
20190,9
20191,9
20192,9
20193,3
20194,6
20195,9
20196,9
20197,3
20198,6
20199,18
20200,18
20201,9
20202,6
20203,6
20204,15
20205,15
20206,15
20207,15
20208,15
20209,6
20210,9
20211,9
20212,6
20213,9
20214,12
20215,24
20216,24
20217,18
20218,24
20219,3
20220,12
20221,15
20222,15
20223,15
20224,3
20225,9
20226,6
20227,6
20228,15
20229,6
20230,3
20231,15
20232,9
20233,18
20234,18
20235,18
20236,18
20237,18
20238,15
20239,12
20240,6
20241,12
20242,3
20243,12
20244,9
20245,12
20246,9
20247,9
20248,15
20249,12
20250,3
20251,18
20252,9
20253,9
20254,9
20255,12
20256,6
20257,18
20258,6
20259,9
20260,15
20261,9
20262,3
20263,6
20264,3
20265,3
20266,9
20267,15
20268,18
20269,21
20270,18
20271,21
20272,21
20273,21
20274,9
20275,9
20276,15
20277,15
20278,24
20279,6
20280,9
20281,12
20282,24
20283,3
20284,3
20285,12
20286,12
20287,9
20288,18
20289,6
20290,6
20291,9
20292,6
20293,9
20294,9
20295,9
20296,9
20297,3
20298,3
20299,9
20300,6
20301,6
20302,6
20303,9
20304,21
20305,6
20306,9
20307,12
20308,3
20309,9
20310,6
20311,6
20312,12
20313,12
20314,12
20315,6
20316,6
20317,6
20318,6
20319,12
20320,3
20321,6
20322,6
20323,6
20324,12
20325,15
20326,15
20327,9
20328,21
20329,21
20330,6
20331,3
20332,9
20333,9
20334,6
20335,21
20336,21
20337,18
20338,15
20339,15
20340,18
20341,15
20342,21
20343,30
20344,30
20345,30
20346,30
20347,30
20348,18
20349,24
20350,9
20351,9
20352,12
20353,9
20354,21
20355,15
20356,15
20357,15
20358,9
20359,6
20360,21
20361,9
20362,12
20363,3
20364,3
20365,6
20366,6
20367,6
20368,3
20369,12
20370,12
20371,3
20372,9
20373,24
20374,21
20375,3
20376,18
20377,6
20378,3
20379,9
20380,9
20381,3
20382,9
20383,6
20384,3
20385,15
20386,9
20387,6
20388,12
20389,9
20390,6
20391,12
20392,3
20393,18
20394,12
20395,12
20396,9
20397,15
20398,12
20399,9
20400,9
20401,9
20402,9
20403,21
20404,6
20405,9
20406,3
20407,9
20408,9
20409,9
20410,18
20411,24
20412,9
20413,6
20414,6
20415,3
20416,12
20417,6
20418,21
20419,21
20420,9
20421,9
20422,9
20423,9
20424,9
20425,6
20426,6
20427,6
20428,15
20429,9
20430,9
20431,9
20432,6
20433,3
20434,6
20435,6
20436,3
20437,3
20438,6
20439,6
20440,6
20441,3
20442,3
20443,6
20444,3
20445,3
20446,3
20447,6
20448,9
20449,6
20450,12
20451,6
20452,15
20453,9
20454,15
20455,6
20456,6
20457,9
20458,9
20459,6
20460,18
20461,9
20462,9
20463,6
20464,6
20465,18
20466,9
20467,3
20468,21
20469,6
20470,3
20471,12
20472,9
20473,12
20474,15
20475,9
20476,9
20477,12
20478,9
20479,3
20480,9
20481,6
20482,15
20483,12
20484,9
20485,15
20486,6
20487,21
20488,15
20489,18
20490,18
20491,18
20492,21
20493,12
20494,6
20495,9
20496,6
20497,9
20498,3
20499,3
20500,9
20501,9
20502,6
20503,6
20504,12
20505,6
20506,6
20507,6
20508,6
20509,9
20510,9
20511,9
20512,6
20513,9
20514,12
20515,3
20516,9
20517,9
20518,6
20519,3
20520,12
20521,12
20522,9
20523,12
20524,9
20525,3
20526,3
20527,9
20528,6
20529,6
20530,9
20531,15
20532,9
20533,9
20534,6
20535,12
20536,12
20537,12
20538,12
20539,6
20540,6
20541,12
20542,6
20543,12
20544,9
20545,6
20546,9
20547,9
20548,18
20549,21
20550,9
20551,9
20552,12
20553,12
20554,24
20555,18
20556,15
20557,6
20558,6
20559,6
20560,9
20561,12
20562,6
20563,12
20564,6
20565,6
20566,9
20567,9
20568,6
20569,6
20570,9
20571,12
20572,9
20573,9
20574,3
20575,9
20576,15
20577,6
20578,3
20579,9
20580,12
20581,18
20582,6
20583,12
20584,6
20585,6
20586,9
20587,18
20588,6
20589,12
20590,6
20591,9
20592,6
20593,12
20594,6
20595,6
20596,21
20597,9
20598,6
20599,9
20600,9
20601,9
20602,9
20603,9
20604,12
20605,12
20606,12
20607,9
20608,9
20609,15
20610,9
20611,9
20612,9
20613,9
20614,9
20615,6
20616,6
20617,9
20618,18
20619,12
20620,9
20621,15
20622,3
20623,6
20624,6
20625,6
20626,12
20627,3
20628,6
20629,3
20630,6
20631,3
20632,3
20633,3
20634,3
20635,3
20636,3
20637,3
20638,6
20639,3
20640,3
20641,3
20642,3
20643,12
20644,3
20645,0
20646,6
20647,6
20648,12
20649,6
20650,6
20651,3
20652,9
20653,0
20654,6
20655,3
20656,6
20657,6
20658,12
20659,6
20660,3
20661,24
20662,3
20663,21
20664,27
20665,27
20666,27
20667,18
20668,18
20669,18
20670,18
20671,18
20672,15
20673,21
20674,24
20675,27
20676,30
20677,33
20678,30
20679,27
20680,27
20681,3
20682,30
20683,27
20684,30
20685,24
20686,15
20687,6
20688,21
20689,6
20690,9
20691,6
20692,6
20693,12
20694,21
20695,21
20696,21
20697,12
20698,15
20699,21
20700,15
20701,15
20702,12
20703,6
20704,3
20705,9
20706,6
20707,3
20708,9
20709,3
20710,9
20711,3
20712,12
20713,15
20714,9
20715,3
20716,9
20717,6
20718,21
20719,9
20720,9
20721,9
20722,3
20723,9
20724,21
20725,3
20726,21
20727,15
20728,21
20729,6
20730,3
20731,21
20732,3
20733,24
20734,15
20735,3
20736,15
20737,9
20738,9
20739,3
20740,9
20741,6
20742,21
20743,15
20744,18
20745,9
20746,6
20747,6
20748,6
20749,9
20750,3
20751,12
20752,9
20753,6
20754,6
20755,6
20756,3
20757,15
20758,12
20759,9
20760,9
20761,6
20762,6
20763,12
20764,9
20765,6
20766,6
20767,9
20768,6
20769,9
20770,6
20771,12
20772,9
20773,15
20774,9
20775,9
20776,15
20777,18
20778,9
20779,24
20780,21
20781,21
20782,21
20783,18
20784,21
20785,9
20786,6
20787,12
20788,18
20789,18
20790,21
20791,3
20792,21
20793,18
20794,18
20795,15
20796,15
20797,24
20798,24
20799,24
20800,24
20801,24
20802,24
20803,18
20804,18
20805,18
20806,15
20807,9
20808,6
20809,9
20810,12
20811,6
20812,6
20813,27
20814,27
20815,27
20816,24
20817,24
20818,27
20819,18
20820,21
20821,21
20822,12
20823,12
20824,21
20825,6
20826,3
20827,15
20828,12
20829,12
20830,9
20831,9
20832,9
20833,27
20834,30
20835,27
20836,30
20837,21
20838,6
20839,9
20840,9
20841,9
20842,6
20843,15
20844,9
20845,24
20846,3
20847,15
20848,18
20849,18
20850,21
20851,18
20852,15
20853,21
20854,24
20855,6
20856,21
20857,27
20858,27
20859,21
20860,15
20861,27
20862,18
20863,15
20864,24
20865,6
20866,6
20867,6
20868,3
20869,6
20870,15
20871,15
20872,3
20873,3
20874,12
20875,12
20876,9
20877,9
20878,9
20879,12
20880,15
20881,12
20882,3
20883,9
20884,9
20885,9
20886,9
20887,3
20888,9
20889,15
20890,15
20891,9
20892,3
20893,3
20894,9
20895,12
20896,3
20897,3
20898,9
20899,9
20900,3
20901,3
20902,3
20903,9
20904,9
20905,3
20906,3
20907,9
20908,9
20909,3
20910,3
20911,9
20912,9
20913,3
20914,9
20915,9
20916,3
20917,6
20918,6
20919,9
20920,6
20921,9
20922,9
20923,15
20924,9
20925,9
20926,3
20927,3
20928,3
20929,15
20930,6
20931,9
20932,27
20933,27
20934,21
20935,21
20936,21
20937,21
20938,24
20939,18
20940,18
20941,18
20942,9
20943,9
20944,15
20945,15
20946,6
20947,6
20948,15
20949,9
20950,12
20951,9
20952,15
20953,6
20954,6
20955,12
20956,15
20957,15
20958,15
20959,6
20960,9
20961,3
20962,9
20963,6
20964,12
20965,12
20966,6
20967,9
20968,12
20969,18
20970,6
20971,9
20972,12
20973,12
20974,9
20975,15
20976,9
20977,15
20978,9
20979,6
20980,6
20981,9
20982,3
20983,6
20984,9
20985,6
20986,6
20987,6
20988,3
20989,6
20990,6
20991,9
20992,6
20993,9
20994,18
20995,6
20996,6
20997,9
20998,6
20999,15
21000,9
21001,9
21002,9
21003,6
21004,9
21005,9
21006,9
21007,9
21008,9
21009,12
21010,9
21011,9
21012,9
21013,3
21014,12
21015,9
21016,9
21017,6
21018,12
21019,9
21020,9
21021,6
21022,9
21023,3
21024,6
21025,9
21026,12
21027,12
21028,12
21029,12
21030,9
21031,15
21032,15
21033,21
21034,15
21035,9
21036,15
21037,9
21038,9
21039,21
21040,15
21041,15
21042,15
21043,18
21044,21
21045,6
21046,3
21047,9
21048,15
21049,9
21050,9
21051,15
21052,15
21053,9
21054,12
21055,12
21056,6
21057,9
21058,15
21059,12
21060,9
21061,3
21062,18
21063,9
21064,15
21065,9
21066,15
21067,6
21068,3
21069,15
21070,15
21071,9
21072,9
21073,3
21074,9
21075,6
21076,12
21077,9
21078,9
21079,9
21080,12
21081,9
21082,12
21083,9
21084,12
21085,9
21086,9
21087,12
21088,15
21089,15
21090,9
21091,12
21092,12
21093,12
21094,9
21095,9
21096,9
21097,6
21098,9
21099,9
21100,12
21101,9
21102,3
21103,6
21104,6
21105,9
21106,6
21107,6
21108,6
21109,6
21110,6
21111,9
21112,3
21113,9
21114,6
21115,3
21116,12
21117,12
21118,12
21119,12
21120,9
21121,9
21122,12
21123,9
21124,15
21125,3
21126,9
21127,9
21128,9
21129,9
21130,9
21131,6
21132,9
21133,21
21134,3
21135,6
21136,9
21137,3
21138,9
21139,9
21140,6
21141,6
21142,6
21143,6
21144,6
21145,6
21146,6
21147,15
21148,15
21149,15
21150,12
21151,15
21152,6
21153,9
21154,15
21155,15
21156,12
21157,15
21158,9
21159,12
21160,9
21161,6
21162,6
21163,3
21164,6
21165,9
21166,3
21167,15
21168,3
21169,6
21170,3
21171,9
21172,3
21173,3
21174,6
21175,3
21176,12
21177,12
21178,9
21179,6
21180,15
21181,6
21182,15
21183,15
21184,15
21185,15
21186,15
21187,15
21188,15
21189,15
21190,15
21191,15
21192,15
21193,15
21194,6
21195,6
21196,6
21197,3
21198,9
21199,6
21200,3
21201,15
21202,15
21203,12
21204,12
21205,6
21206,6
21207,6
21208,6
21209,6
21210,12
21211,12
21212,6
21213,6
21214,15
21215,15
21216,12
21217,15
21218,15
21219,18
21220,18
21221,9
21222,9
21223,6
21224,6
21225,6
21226,9
21227,12
21228,9
21229,9
21230,6
21231,9
21232,15
21233,12
21234,9
21235,9
21236,9
21237,9
21238,6
21239,6
21240,9
21241,9
21242,9
21243,9
21244,12
21245,12
21246,9
21247,6
21248,6
21249,9
21250,9
21251,6
21252,6
21253,12
21254,6
21255,3
21256,3
21257,9
21258,9
21259,9
21260,6
21261,6
21262,9
21263,9
21264,18
21265,9
21266,15
21267,18
21268,18
21269,18
21270,6
21271,9
21272,12
21273,18
21274,12
21275,12
21276,9
21277,15
21278,9
21279,6
21280,6
21281,6
21282,15
21283,12
21284,15
21285,15
21286,15
21287,15
21288,12
21289,6
21290,12
21291,15
21292,18
21293,9
21294,6
21295,12
21296,9
21297,15
21298,6
21299,15
21300,9
21301,15
21302,6
21303,9
21304,12
21305,9
21306,15
21307,12
21308,15
21309,9
21310,12
21311,12
21312,12
21313,12
21314,9
21315,6
21316,3
21317,6
21318,18
21319,15
21320,15
21321,12
21322,12
21323,3
21324,15
21325,15
21326,15
21327,15
21328,9
21329,9
21330,12
21331,15
21332,3
21333,12
21334,12
21335,12
21336,12
21337,3
21338,9
21339,3
21340,3
21341,15
21342,12
21343,15
21344,15
21345,18
21346,12
21347,12
21348,18
21349,12
21350,9
21351,15
21352,12
21353,6
21354,9
21355,9
21356,15
21357,12
21358,12
21359,12
21360,21
21361,15
21362,15
21363,15
21364,15
21365,18
21366,6
21367,18
21368,12
21369,15
21370,12
21371,12
21372,12
21373,12
21374,12
21375,15
21376,12
21377,12
21378,12
21379,12
21380,12
21381,12
21382,3
21383,3
21384,6
21385,3
21386,3
21387,3
21388,3
21389,3
21390,3
21391,6
21392,6
21393,6
21394,6
21395,3
21396,3
21397,6
21398,3
21399,6
21400,3
21401,9
21402,9
21403,3
21404,3
21405,3
21406,9
21407,9
21408,3
21409,3
21410,9
21411,9
21412,3
21413,3
21414,9
21415,9
21416,3
21417,3
21418,3
21419,3
21420,9
21421,9
21422,3
21423,9
21424,9
21425,3
21426,3
21427,9
21428,9
21429,3
21430,6
21431,6
21432,15
21433,12
21434,6
21435,9
21436,15
21437,9
21438,12
21439,12
21440,18
21441,24
21442,18
21443,15
21444,6
21445,18
21446,18
21447,6
21448,12
21449,12
21450,15
21451,9
21452,3
21453,15
21454,15
21455,6
21456,12
21457,9
21458,9
21459,9
21460,15
21461,9
21462,3
21463,24
21464,15
21465,9
21466,9
21467,18
21468,18
21469,3
21470,12
21471,6
21472,21
21473,21
21474,24
21475,12
21476,6
21477,27
21478,6
21479,3
21480,15
21481,18
21482,12
21483,18
21484,15
21485,12
21486,15
21487,12
21488,12
21489,12
21490,12
21491,18
21492,15
21493,12
21494,6
21495,9
21496,9
21497,9
21498,12
21499,9
21500,15
21501,15
21502,9
21503,6
21504,15
21505,12
21506,6
21507,15
21508,12
21509,3
21510,15
21511,6
21512,15
21513,18
21514,15
21515,15
21516,21
21517,15
21518,12
21519,12
21520,12
21521,9
21522,9
21523,9
21524,9
21525,3
21526,9
21527,3
21528,9
21529,6
21530,3
21531,9
21532,9
21533,12
21534,9
21535,9
21536,9
21537,9
21538,9
21539,9
21540,9
21541,9
21542,9
21543,9
21544,9
21545,12
21546,9
21547,3
21548,6
21549,3
21550,6
21551,6
21552,6
21553,6
21554,6
21555,6
21556,6
21557,6
21558,6
21559,6
21560,6
21561,6
21562,6
21563,6
21564,6
21565,6
21566,6
21567,6
21568,6
21569,6
21570,6
21571,6
21572,6
21573,6
21574,6
21575,6
21576,6
21577,6
21578,6
21579,6
21580,6
21581,6
21582,6
21583,9
21584,6
21585,6
21586,6
21587,3
21588,9
21589,9
21590,6
21591,3
21592,9
21593,3
21594,6
21595,9
21596,6
21597,6
21598,9
21599,9
21600,3
21601,6
21602,3
21603,15
21604,15
21605,3
21606,3
21607,3
21608,15
21609,15
21610,15
21611,15
21612,15
21613,15
21614,15
21615,15
21616,15
21617,15
21618,15
21619,15
21620,15
21621,15
21622,15
21623,15
21624,30
21625,30
21626,30
21627,12
21628,3
21629,6
21630,9
21631,3
21632,9
21633,6
21634,12
21635,12
21636,6
21637,9
21638,12
21639,9
21640,15
21641,9
21642,9
21643,9
21644,12
21645,12
21646,9
21647,9
21648,15
21649,12
21650,9
21651,6
21652,6
21653,3
21654,6
21655,12
21656,12
21657,3
21658,3
21659,6
21660,18
21661,12
21662,12
21663,15
21664,6
21665,6
21666,12
21667,9
21668,9
21669,6
21670,9
21671,9
21672,9
21673,12
21674,15
21675,12
21676,6
21677,9
21678,6
21679,12
21680,15
21681,3
21682,15
21683,15
21684,9
21685,9
21686,12
21687,6
21688,12
21689,9
21690,9
21691,6
21692,15
21693,6
21694,9
21695,9
21696,9
21697,9
21698,6
21699,9
21700,15
21701,12
21702,9
21703,12
21704,9
21705,9
21706,6
21707,12
21708,3
21709,6
21710,12
21711,9
21712,3
21713,6
21714,12
21715,6
21716,6
21717,6
21718,12
21719,3
21720,12
21721,12
21722,15
21723,9
21724,9
21725,15
21726,6
21727,9
21728,9
21729,3
21730,6
21731,6
21732,3
21733,9
21734,6
21735,9
21736,6
21737,6
21738,3
21739,9
21740,3
21741,6
21742,9
21743,12
21744,15
21745,18
21746,9
21747,6
21748,6
21749,15
21750,9
21751,3
21752,9
21753,6
21754,9
21755,12
21756,12
21757,9
21758,9
21759,9
21760,3
21761,3
21762,9
21763,9
21764,15
21765,3
21766,12
21767,3
21768,9
21769,12
21770,9
21771,9
21772,15
21773,15
21774,12
21775,15
21776,6
21777,3
21778,9
21779,12
21780,15
21781,9
21782,9
21783,9
21784,9
21785,9
21786,9
21787,9
21788,9
21789,6
21790,6
21791,15
21792,15
21793,12
21794,12
21795,9
21796,15
21797,15
21798,12
21799,15
21800,6
21801,3
21802,3
21803,6
21804,12
21805,6
21806,9
21807,9
21808,9
21809,6
21810,6
21811,12
21812,6
21813,12
21814,3
21815,12
21816,12
21817,9
21818,15
21819,6
21820,12
21821,12
21822,12
21823,9
21824,3
21825,12
21826,15
21827,12
21828,9
21829,6
21830,12
21831,12
21832,12
21833,12
21834,15
21835,12
21836,12
21837,12
21838,15
21839,12
21840,12
21841,9
21842,9
21843,9
21844,3
21845,3
21846,18
21847,24
21848,24
21849,18
21850,18
21851,18
21852,15
21853,18
21854,18
21855,3
21856,6
21857,9
21858,9
21859,9
21860,3
21861,6
21862,3
21863,9
21864,3
21865,18
21866,9
21867,3
21868,9
21869,12
21870,6
21871,9
21872,9
21873,3
21874,3
21875,9
21876,9
21877,3
21878,3
21879,9
21880,9
21881,3
21882,9
21883,3
21884,9
21885,6
21886,12
21887,12
21888,12
21889,9
21890,9
21891,9
21892,9
21893,9
21894,9
21895,9
21896,9
21897,6
21898,12
21899,15
21900,6
21901,6
21902,15
21903,15
21904,3
21905,12
21906,15
21907,12
21908,9
21909,9
21910,9
21911,15
21912,15
21913,12
21914,3
21915,6
21916,21
21917,21
21918,15
21919,18
21920,15
21921,12
21922,12
21923,12
21924,3
21925,3
21926,12
21927,12
21928,12
21929,15
21930,15
21931,15
21932,9
21933,12
21934,9
21935,3
21936,9
21937,6
21938,6
21939,6
21940,9
21941,15
21942,18
21943,15
21944,9
21945,9
21946,9
21947,9
21948,9
21949,12
21950,9
21951,6
21952,6
21953,9
21954,3
21955,6
21956,12
21957,12
21958,12
21959,9
21960,15
21961,12
21962,3
21963,9
21964,9
21965,15
21966,3
21967,9
21968,15
21969,18
21970,9
21971,12
21972,12
21973,12
21974,9
21975,9
21976,9
21977,9
21978,9
21979,9
21980,9
21981,6
21982,18
21983,15
21984,15
21985,15
21986,9
21987,9
21988,3
21989,9
21990,12
21991,9
21992,6
21993,3
21994,18
21995,12
21996,3
21997,6
21998,9
21999,6
22000,12
22001,18
22002,6
22003,9
22004,6
22005,3
22006,6
22007,9
22008,21
22009,18
22010,9
22011,9
22012,6
22013,9
22014,15
22015,6
22016,6
22017,3
22018,6
22019,3
22020,9
22021,15
22022,12
22023,6
22024,21
22025,9
22026,6
22027,6
22028,6
22029,9
22030,6
22031,21
22032,9
22033,15
22034,18
22035,6
22036,3
22037,3
22038,3
22039,3
22040,42
22041,21
22042,3
22043,18
22044,15
22045,6
22046,3
22047,9
22048,9
22049,6
22050,6
22051,6
22052,6
22053,3
22054,6
22055,6
22056,6
22057,3
22058,3
22059,3
22060,6
22061,6
22062,6
22063,6
22064,6
22065,6
22066,6
22067,6
22068,6
22069,6
22070,6
22071,6
22072,6
22073,6
22074,6
22075,6
22076,6
22077,9
22078,3
22079,9
22080,6
22081,6
22082,6
22083,6
22084,6
22085,3
22086,9
22087,6
22088,6
22089,3
22090,3
22091,3
22092,6
22093,3
22094,6
22095,3
22096,3
22097,3
22098,6
22099,3
22100,3
22101,3
22102,3
22103,3
22104,3
22105,3
22106,3
22107,3
22108,3
22109,3
22110,6
22111,6
22112,3
22113,3
22114,6
22115,6
22116,3
22117,6
22118,6
22119,12
22120,6
22121,6
22122,3
22123,6
22124,9
22125,6
22126,9
22127,9
22128,9
22129,12
22130,9
22131,6
22132,6
22133,3
22134,6
22135,3
22136,6
22137,3
22138,15
22139,12
22140,6
22141,6
22142,6
22143,15
22144,6
22145,3
22146,12
22147,9
22148,9
22149,3
22150,9
22151,6
22152,9
22153,3
22154,12
22155,6
22156,12
22157,9
22158,9
22159,12
22160,12
22161,12
22162,12
22163,12
22164,6
22165,12
22166,12
22167,12
22168,9
22169,6
22170,9
22171,12
22172,12
22173,12
22174,15
22175,9
22176,9
22177,3
22178,9
22179,9
22180,15
22181,12
22182,3
22183,9
22184,9
22185,9
22186,3
22187,9
22188,12
22189,3
22190,9
22191,9
22192,9
22193,15
22194,6
22195,9
22196,3
22197,9
22198,6
22199,9
22200,6
22201,9
22202,6
22203,6
22204,6
22205,9
22206,6
22207,12
22208,6
22209,3
22210,6
22211,6
22212,6
22213,15
22214,9
22215,3
22216,9
22217,9
22218,9
22219,9
22220,12
22221,9
22222,12
22223,9
22224,9
22225,9
22226,6
22227,6
22228,9
22229,12
22230,12
22231,12
22232,3
22233,9
22234,6
22235,9
22236,9
22237,9
22238,9
22239,9
22240,9
22241,9
22242,9
22243,9
22244,3
22245,15
22246,9
22247,9
22248,6
22249,12
22250,9
22251,9
22252,12
22253,9
22254,9
22255,9
22256,9
22257,6
22258,6
22259,12
22260,6
22261,15
22262,9
22263,3
22264,12
22265,15
22266,9
22267,9
22268,9
22269,12
22270,15
22271,12
22272,15
22273,6
22274,15
22275,6
22276,3
22277,12
22278,6
22279,3
22280,12
22281,12
22282,9
22283,9
22284,6
22285,6
22286,6
22287,9
22288,9
22289,12
22290,9
22291,6
22292,6
22293,6
22294,6
22295,9
22296,12
22297,9
22298,15
22299,12
22300,9
22301,9
22302,15
22303,18
22304,12
22305,9
22306,9
22307,3
22308,9
22309,9
22310,3
22311,12
22312,9
22313,9
22314,9
22315,12
22316,9
22317,15
22318,15
22319,15
22320,12
22321,9
22322,12
22323,3
22324,15
22325,9
22326,3
22327,6
22328,9
22329,6
22330,9
22331,6
22332,6
22333,9
22334,9
22335,6
22336,6
22337,6
22338,9
22339,9
22340,9
22341,9
22342,12
22343,6
22344,9
22345,6
22346,12
22347,6
22348,15
22349,15
22350,15
22351,12
22352,12
22353,12
22354,12
22355,9
22356,9
22357,3
22358,9
22359,9
22360,6
22361,9
22362,3
22363,6
22364,6
22365,3
22366,12
22367,6
22368,6
22369,6
22370,9
22371,6
22372,6
22373,9
22374,6
22375,6
22376,15
22377,3
22378,6
22379,3
22380,15
22381,9
22382,9
22383,9
22384,12
22385,12
22386,9
22387,3
22388,15
22389,9
22390,9
22391,9
22392,6
22393,9
22394,9
22395,3
22396,6
22397,9
22398,9
22399,12
22400,9
22401,9
22402,3
22403,6
22404,9
22405,9
22406,9
22407,6
22408,9
22409,6
22410,9
22411,9
22412,12
22413,12
22414,15
22415,12
22416,6
22417,6
22418,9
22419,9
22420,9
22421,12
22422,3
22423,6
22424,9
22425,15
22426,6
22427,0
22428,9
22429,12
22430,15
22431,12
22432,12
22433,9
22434,6
22435,9
22436,12
22437,6
22438,9
22439,6
22440,12
22441,9
22442,9
22443,9
22444,9
22445,12
22446,3
22447,6
22448,9
22449,12
22450,9
22451,6
22452,9
22453,12
22454,15
22455,6
22456,9
22457,9
22458,12
22459,6
22460,9
22461,6
22462,12
22463,12
22464,12
22465,12
22466,6
22467,12
22468,6
22469,9
22470,9
22471,9
22472,12
22473,9
22474,6
22475,9
22476,9
22477,6
22478,12
22479,15
22480,3
22481,15
22482,15
22483,15
22484,15
22485,15
22486,15
22487,15
22488,15
22489,15
22490,15
22491,15
22492,15
22493,15
22494,15
22495,15
22496,15
22497,15
22498,15
22499,15
22500,15
22501,15
22502,15
22503,15
22504,15
22505,15
22506,15
22507,15
22508,15
22509,15
22510,15
22511,15
22512,15
22513,15
22514,15
22515,15
22516,15
22517,15
22518,15
22519,15
22520,15
22521,3
22522,3
22523,3
22524,3
22525,3
22526,3
22527,3
22528,3
22529,3
22530,3
22531,9
22532,6
22533,3
22534,3
22535,6
22536,3
22537,3
22538,3
22539,3
22540,3
22541,6
22542,3
22543,12
22544,3
22545,3
22546,3
22547,9
22548,3
22549,9
22550,9
22551,3
22552,3
22553,6
22554,12
22555,12
22556,12
22557,6
22558,15
22559,6
22560,24
22561,24
22562,21
22563,24
22564,3
22565,27
22566,21
22567,3
22568,21
22569,15
22570,15
22571,12
22572,9
22573,6
22574,9
22575,15
22576,12
22577,12
22578,9
22579,15
22580,6
22581,12
22582,9
22583,15
22584,15
22585,15
22586,15
22587,15
22588,15
22589,12
22590,9
22591,18
22592,3
22593,12
22594,12
22595,12
22596,15
22597,6
22598,6
22599,15
22600,3
22601,9
22602,9
22603,9
22604,6
22605,6
22606,9
22607,6
22608,6
22609,9
22610,6
22611,3
22612,3
22613,6
22614,6
22615,6
22616,6
22617,9
22618,6
22619,3
22620,9
22621,6
22622,9
22623,9
22624,6
22625,6
22626,6
22627,9
22628,6
22629,6
22630,6
22631,6
22632,6
22633,9
22634,9
22635,9
22636,9
22637,9
22638,9
22639,9
22640,9
22641,9
22642,9
22643,9
22644,9
22645,3
22646,6
22647,9
22648,9
22649,9
22650,9
22651,9
22652,9
22653,9
22654,9
22655,9
22656,9
22657,6
22658,9
22659,9
22660,6
22661,6
22662,6
22663,6
22664,9
22665,6
22666,6
22667,6
22668,12
22669,6
22670,9
22671,9
22672,3
22673,6
22674,6
22675,6
22676,9
22677,9
22678,6
22679,6
22680,3
22681,6
22682,6
22683,3
22684,9
22685,9
22686,9
22687,9
22688,6
22689,9
22690,6
22691,6
22692,3
22693,3
22694,6
22695,9
22696,3
22697,6
22698,6
22699,3
22700,3
22701,6
22702,3
22703,6
22704,3
22705,3
22706,9
22707,9
22708,6
22709,3
22710,3
22711,3
22712,3
22713,3
22714,6
22715,6
22716,3
22717,6
22718,6
22719,3
22720,3
22721,3
22722,12
22723,3
22724,6
22725,6
22726,3
22727,3
22728,3
22729,6
22730,6
22731,6
22732,3
22733,6
22734,3
22735,3
22736,6
22737,3
22738,3
22739,3
22740,3
22741,6
22742,6
22743,6
22744,6
22745,12
22746,3
22747,6
22748,6
22749,3
22750,6
22751,3
22752,9
22753,9
22754,12
22755,6
22756,9
22757,0
22758,9
22759,9
22760,6
22761,15
22762,15
22763,12
22764,15
22765,15
22766,18
22767,9
22768,9
22769,9
22770,12
22771,9
22772,12
22773,9
22774,3
22775,9
22776,12
22777,6
22778,9
22779,9
22780,9
22781,9
22782,9
22783,9
22784,12
22785,9
22786,12
22787,9
22788,12
22789,12
22790,9
22791,12
22792,12
22793,6
22794,15
22795,9
22796,12
22797,9
22798,9
22799,6
22800,9
22801,9
22802,9
22803,9
22804,12
22805,9
22806,12
22807,3
22808,12
22809,9
22810,6
22811,12
22812,6
22813,3
22814,9
22815,9
22816,12
22817,9
22818,9
22819,12
22820,9
22821,6
22822,15
22823,12
22824,12
22825,9
22826,15
22827,9
22828,9
22829,12
22830,12
22831,6
22832,6
22833,9
22834,12
22835,12
22836,12
22837,9
22838,6
22839,9
22840,9
22841,3
22842,9
22843,9
22844,9
22845,9
22846,9
22847,15
22848,12
22849,6
22850,9
22851,6
22852,6
22853,6
22854,9
22855,3
22856,3
22857,15
22858,12
22859,6
22860,3
22861,9
22862,12
22863,9
22864,3
22865,6
22866,6
22867,6
22868,9
22869,9
22870,6
22871,9
22872,12
22873,9
22874,9
22875,12
22876,15
22877,9
22878,6
22879,6
22880,6
22881,9
22882,9
22883,6
22884,9
22885,3
22886,9
22887,6
22888,6
22889,12
22890,6
22891,9
22892,12
22893,9
22894,6
22895,9
22896,15
22897,6
22898,9
22899,9
22900,9
22901,6
22902,9
22903,12
22904,9
22905,9
22906,9
22907,9
22908,9
22909,9
22910,9
22911,9
22912,12
22913,9
22914,9
22915,9
22916,12
22917,9
22918,15
22919,6
22920,9
22921,9
22922,9
22923,15
22924,9
22925,12
22926,12
22927,9
22928,9
22929,3
22930,15
22931,9
22932,6
22933,3
22934,12
22935,9
22936,12
22937,9
22938,9
22939,6
22940,6
22941,12
22942,6
22943,9
22944,9
22945,6
22946,6
22947,12
22948,9
22949,9
22950,6
22951,6
22952,9
22953,6
22954,12
22955,9
22956,15
22957,15
22958,9
22959,15
22960,15
22961,9
22962,12
22963,6
22964,9
22965,9
22966,9
22967,9
22968,9
22969,6
22970,9
22971,9
22972,9
22973,9
22974,9
22975,3
22976,6
22977,6
22978,9
22979,9
22980,3
22981,6
22982,6
22983,3
22984,9
22985,9
22986,9
22987,15
22988,9
22989,9
22990,9
22991,6
22992,6
22993,9
22994,6
22995,6
22996,12
22997,6
22998,12
22999,6
23000,9
23001,12
23002,6
23003,9
23004,6
23005,6
23006,15
23007,6
23008,9
23009,9
23010,9
23011,9
23012,6
23013,6
23014,9
23015,9
23016,9
23017,6
23018,9
23019,6
23020,12
23021,9
23022,9
23023,12
23024,15
23025,9
23026,9
23027,9
23028,9
23029,9
23030,6
23031,6
23032,9
23033,9
23034,6
23035,9
23036,6
23037,9
23038,9
23039,6
23040,6
23041,12
23042,9
23043,12
23044,12
23045,9
23046,9
23047,9
23048,3
23049,9
23050,9
23051,6
23052,9
23053,9
23054,6
23055,9
23056,12
23057,12
23058,6
23059,6
23060,9
23061,9
23062,12
23063,12
23064,9
23065,9
23066,9
23067,15
23068,12
23069,9
23070,9
23071,9
23072,9
23073,9
23074,6
23075,9
23076,12
23077,9
23078,12
23079,15
23080,12
23081,9
23082,9
23083,9
23084,9
23085,9
23086,6
23087,9
23088,6
23089,3
23090,6
23091,12
23092,15
23093,9
23094,6
23095,9
23096,15
23097,6
23098,12
23099,12
23100,9
23101,9
23102,6
23103,6
23104,12
23105,3
23106,6
23107,9
23108,6
23109,9
23110,6
23111,12
23112,9
23113,6
23114,9
23115,9
23116,9
23117,9
23118,3
23119,3
23120,9
23121,6
23122,9
23123,12
23124,12
23125,12
23126,9
23127,6
23128,9
23129,6
23130,6
23131,9
23132,6
23133,9
23134,12
23135,9
23136,9
23137,9
23138,9
23139,3
23140,9
23141,3
23142,9
23143,6
23144,9
23145,6
23146,9
23147,12
23148,9
23149,6
23150,6
23151,6
23152,12
23153,12
23154,12
23155,12
23156,9
23157,12
23158,6
23159,6
23160,6
23161,6
23162,9
23163,6
23164,3
23165,9
23166,9
23167,12
23168,9
23169,9
23170,6
23171,9
23172,9
23173,3
23174,12
23175,6
23176,9
23177,3
23178,9
23179,6
23180,9
23181,12
23182,12
23183,3
23184,6
23185,9
23186,9
23187,9
23188,9
23189,9
23190,9
23191,9
23192,9
23193,15
23194,6
23195,9
23196,9
23197,9
23198,9
23199,6
23200,6
23201,6
23202,9
23203,6
23204,9
23205,12
23206,3
23207,3
23208,6
23209,6
23210,9
23211,6
23212,9
23213,6
23214,9
23215,9
23216,6
23217,6
23218,6
23219,15
23220,9
23221,9
23222,6
23223,9
23224,12
23225,9
23226,6
23227,3
23228,9
23229,3
23230,3
23231,6
23232,6
23233,9
23234,6
23235,6
23236,6
23237,9
23238,6
23239,9
23240,9
23241,6
23242,12
23243,12
23244,9
23245,12
23246,6
23247,9
23248,12
23249,6
23250,12
23251,9
23252,9
23253,9
23254,9
23255,9
23256,9
23257,9
23258,6
23259,9
23260,9
23261,9
23262,9
23263,6
23264,9
23265,9
23266,9
23267,9
23268,9
23269,9
23270,9
23271,9
23272,9
23273,9
23274,9
23275,9
23276,9
23277,12
23278,9
23279,9
23280,9
23281,9
23282,6
23283,9
23284,9
23285,9
23286,9
23287,12
23288,12
23289,15
23290,9
23291,9
23292,9
23293,3
23294,12
23295,12
23296,6
23297,9
23298,9
23299,9
23300,9
23301,9
23302,9
23303,9
23304,9
23305,3
23306,9
23307,9
23308,6
23309,9
23310,6
23311,3
23312,12
23313,12
23314,9
23315,9
23316,6
23317,9
23318,9
23319,9
23320,9
23321,6
23322,6
23323,9
23324,9
23325,9
23326,6
23327,6
23328,6
23329,6
23330,6
23331,9
23332,9
23333,9
23334,9
23335,15
23336,15
23337,15
23338,15
23339,12
23340,9
23341,18
23342,12
23343,6
23344,6
23345,6
23346,6
23347,9
23348,15
23349,15
23350,3
23351,9
23352,6
23353,6
23354,9
23355,9
23356,9
23357,9
23358,9
23359,3
23360,15
23361,9
23362,12
23363,12
23364,12
23365,6
23366,12
23367,6
23368,3
23369,3
23370,6
23371,6
23372,9
23373,6
23374,6
23375,6
23376,12
23377,6
23378,12
23379,6
23380,6
23381,6
23382,6
23383,9
23384,6
23385,6
23386,6
23387,6
23388,6
23389,6
23390,9
23391,6
23392,6
23393,6
23394,6
23395,12
23396,9
23397,6
23398,3
23399,6
23400,6
23401,3
23402,6
23403,6
23404,9
23405,9
23406,9
23407,9
23408,9
23409,9
23410,6
23411,15
23412,12
23413,9
23414,9
23415,15
23416,6
23417,12
23418,6
23419,15
23420,9
23421,6
23422,3
23423,6
23424,3
23425,3
23426,3
23427,6
23428,6
23429,15
23430,6
23431,12
23432,15
23433,9
23434,9
23435,6
23436,3
23437,6
23438,9
23439,12
23440,9
23441,12
23442,15
23443,6
23444,6
23445,15
23446,6
23447,6
23448,6
23449,6
23450,6
23451,6
23452,21
23453,21
23454,21
23455,18
23456,18
23457,9
23458,6
23459,12
23460,6
23461,9
23462,12
23463,12
23464,15
23465,12
23466,9
23467,12
23468,12
23469,6
23470,3
23471,15
23472,6
23473,3
23474,15
23475,3
23476,9
23477,9
23478,6
23479,6
23480,12
23481,3
23482,6
23483,9
23484,9
23485,6
23486,12
23487,9
23488,3
23489,15
23490,9
23491,3
23492,18
23493,9
23494,18
23495,3
23496,6
23497,9
23498,6
23499,9
23500,21
23501,6
23502,6
23503,12
23504,12
23505,15
23506,6
23507,9
23508,9
23509,6
23510,3
23511,6
23512,6
23513,6
23514,9
23515,3
23516,3
23517,6
23518,21
23519,15
23520,6
23521,18
23522,18
23523,18
23524,9
23525,18
23526,18
23527,18
23528,18
23529,18
23530,18
23531,18
23532,18
23533,18
23534,42
23535,42
23536,42
23537,42
23538,42
23539,42
23540,18
23541,18
23542,18
23543,3
23544,42
23545,18
23546,18
23547,18
23548,18
23549,18
23550,18
23551,18
23552,6
23553,15
23554,6
23555,15
23556,6
23557,6
23558,6
23559,6
23560,3
23561,6
23562,6
23563,3
23564,9
23565,6
23566,9
23567,6
23568,6
23569,6
23570,3
23571,6
23572,9
23573,9
23574,6
23575,9
23576,9
23577,9
23578,9
23579,9
23580,3
23581,3
23582,9
23583,9
23584,6
23585,3
23586,3
23587,6
23588,6
23589,3
23590,6
23591,6
23592,3
23593,3
23594,6
23595,9
23596,9
23597,6
23598,9
23599,6
23600,9
23601,6
23602,6
23603,3
23604,6
23605,6
23606,6
23607,9
23608,3
23609,3
23610,9
23611,3
23612,3
23613,3
23614,9
23615,6
23616,3
23617,3
23618,6
23619,3
23620,9
23621,3
23622,3
23623,15
23624,3
23625,3
23626,6
23627,6
23628,6
23629,6
23630,6
23631,3
23632,3
23633,3
23634,3
23635,3
23636,3
23637,3
23638,3
23639,3
23640,3
23641,9
23642,6
23643,6
23644,3
23645,6
23646,6
23647,3
23648,3
23649,6
23650,3
23651,6
23652,3
23653,12
23654,12
23655,9
23656,9
23657,0
23658,12
23659,9
23660,9
23661,9
23662,9
23663,12
23664,9
23665,9
23666,6
23667,3
23668,9
23669,9
23670,12
23671,3
23672,9
23673,9
23674,9
23675,15
23676,9
23677,6
23678,6
23679,12
23680,6
23681,6
23682,6
23683,9
23684,6
23685,9
23686,12
23687,6
23688,15
23689,6
23690,6
23691,6
23692,9
23693,9
23694,15
23695,9
23696,9
23697,15
23698,12
23699,12
23700,9
23701,12
23702,9
23703,6
23704,6
23705,12
23706,9
23707,3
23708,9
23709,9
23710,9
23711,12
23712,15
23713,12
23714,3
23715,6
23716,12
23717,12
23718,15
23719,9
23720,12
23721,12
23722,12
23723,12
23724,9
23725,3
23726,9
23727,0
23728,9
23729,9
23730,9
23731,9
23732,9
23733,6
23734,6
23735,6
23736,6
23737,12
23738,3
23739,9
23740,9
23741,12
23742,12
23743,12
23744,12
23745,12
23746,15
23747,9
23748,9
23749,12
23750,9
23751,9
23752,12
23753,9
23754,9
23755,12
23756,6
23757,12
23758,6
23759,9
23760,9
23761,9
23762,6
23763,9
23764,3
23765,6
23766,9
23767,9
23768,12
23769,9
23770,15
23771,15
23772,9
23773,9
23774,12
23775,12
23776,15
23777,12
23778,3
23779,3
23780,15
23781,6
23782,9
23783,9
23784,12
23785,3
23786,9
23787,3
23788,6
23789,6
23790,9
23791,12
23792,15
23793,12
23794,15
23795,9
23796,6
23797,9
23798,9
23799,6
23800,15
23801,6
23802,6
23803,6
23804,3
23805,9
23806,6
23807,6
23808,9
23809,9
23810,12
23811,9
23812,6
23813,6
23814,9
23815,12
23816,12
23817,9
23818,9
23819,12
23820,12
23821,12
23822,15
23823,9
23824,6
23825,3
23826,12
23827,9
23828,9
23829,9
23830,12
23831,9
23832,9
23833,12
23834,9
23835,9
23836,12
23837,12
23838,9
23839,9
23840,6
23841,9
23842,9
23843,6
23844,9
23845,12
23846,9
23847,18
23848,15
23849,12
23850,15
23851,9
23852,6
23853,12
23854,15
23855,3
23856,15
23857,15
23858,15
23859,15
23860,3
23861,12
23862,9
23863,9
23864,12
23865,9
23866,12
23867,15
23868,9
23869,6
23870,9
23871,9
23872,9
23873,6
23874,12
23875,6
23876,6
23877,9
23878,6
23879,6
23880,6
23881,3
23882,9
23883,6
23884,9
23885,9
23886,9
23887,12
23888,0
23889,9
23890,3
23891,3
23892,9
23893,9
23894,12
23895,6
23896,6
23897,3
23898,9
23899,9
23900,9
23901,12
23902,6
23903,9
23904,9
23905,15
23906,24
23907,6
23908,3
23909,3
23910,3
23911,3
23912,3
23913,3
23914,3
23915,3
23916,3
23917,3
23918,15
23919,6
23920,12
23921,15
23922,15
23923,3
23924,9
23925,9
23926,15
23927,15
23928,24
23929,6
23930,3
23931,9
23932,9
23933,6
23934,18
23935,12
23936,6
23937,6
23938,9
23939,9
23940,6
23941,9
23942,6
23943,9
23944,6
23945,9
23946,9
23947,9
23948,9
23949,9
23950,9
23951,9
23952,9
23953,9
23954,9
23955,9
23956,9
23957,9
23958,9
23959,9
23960,9
23961,9
23962,9
23963,15
23964,6
23965,9
23966,9
23967,6
23968,3
23969,6
23970,12
23971,9
23972,6
23973,6
23974,15
23975,9
23976,9
23977,9
23978,9
23979,9
23980,6
23981,12
23982,15
23983,9
23984,3
23985,6
23986,6
23987,9
23988,15
23989,9
23990,6
23991,15
23992,9
23993,9
23994,12
23995,15
23996,9
23997,9
23998,9
23999,6
24000,9
24001,9
24002,9
24003,6
24004,15
24005,12
24006,12
24007,6
24008,6
24009,9
24010,9
24011,9
24012,9
24013,9
24014,9
24015,9
24016,9
24017,9
24018,9
24019,9
24020,9
24021,9
24022,9
24023,9
24024,9
24025,9
24026,9
24027,9
24028,9
24029,6
24030,6
24031,6
24032,9
24033,6
24034,9
24035,3
24036,3
24037,21
24038,24
24039,3
24040,9
24041,9
24042,9
24043,9
24044,9
24045,15
24046,15
24047,3
24048,12
24049,12
24050,6
24051,9
24052,9
24053,9
24054,15
24055,6
24056,15
24057,15
24058,6
24059,18
24060,18
24061,18
24062,18
24063,18
24064,18
24065,18
24066,18
24067,18
24068,18
24069,18
24070,18
24071,15
24072,15
24073,15
24074,15
24075,15
24076,15
24077,15
24078,15
24079,12
24080,3
24081,6
24082,15
24083,15
24084,15
24085,15
24086,15
24087,15
24088,15
24089,15
24090,15
24091,15
24092,15
24093,15
24094,15
24095,15
24096,15
24097,15
24098,15
24099,15
24100,15
24101,15
24102,15
24103,15
24104,15
24105,15
24106,15
24107,15
24108,15
24109,15
24110,15
24111,15
24112,15
24113,15
24114,15
24115,15
24116,18
24117,18
24118,18
24119,18
24120,18
24121,18
24122,18
24123,18
24124,18
24125,18
24126,18
24127,18
24128,18
24129,6
24130,6
24131,6
24132,6
24133,6
24134,3
24135,6
24136,6
24137,6
24138,6
24139,3
24140,6
24141,3
24142,6
24143,6
24144,6
24145,3
24146,6
24147,3
24148,3
24149,9
24150,3
24151,3
24152,3
24153,6
24154,3
24155,6
24156,3
24157,6
24158,3
24159,6
24160,3
24161,3
24162,3
24163,6
24164,6
24165,6
24166,6
24167,3
24168,3
24169,6
24170,6
24171,3
24172,6
24173,6
24174,6
24175,9
24176,6
24177,3
24178,3
24179,27
24180,27
24181,27
24182,36
24183,33
24184,27
24185,24
24186,24
24187,24
24188,33
24189,24
24190,3
24191,6
24192,3
24193,3
24194,12
24195,12
24196,12
24197,12
24198,12
24199,12
24200,12
24201,12
24202,12
24203,12
24204,12
24205,6
24206,15
24207,12
24208,12
24209,12
24210,12
24211,6
24212,9
24213,9
24214,9
24215,6
24216,3
24217,9
24218,3
24219,3
24220,3
24221,3
24222,18
24223,6
24224,12
24225,6
24226,6
24227,6
24228,15
24229,9
24230,9
24231,3
24232,12
24233,12
24234,9
24235,3
24236,6
24237,6
24238,6
24239,6
24240,6
24241,6
24242,12
24243,12
24244,9
24245,9
24246,6
24247,3
24248,6
24249,15
24250,9
24251,6
24252,3
24253,9
24254,9
24255,6
24256,12
24257,12
24258,6
24259,6
24260,6
24261,9
24262,6
24263,12
24264,3
24265,12
24266,24
24267,3
24268,9
24269,6
24270,27
24271,9
24272,12
24273,9
24274,9
24275,15
24276,9
24277,6
24278,9
24279,6
24280,3
24281,21
24282,3
24283,12
24284,9
24285,12
24286,3
24287,9
24288,9
24289,6
24290,9
24291,9
24292,6
24293,6
24294,6
24295,6
24296,12
24297,6
24298,18
24299,15
24300,12
24301,18
24302,15
24303,12
24304,21
24305,6
24306,12
24307,18
24308,21
24309,9
24310,9
24311,6
24312,15
24313,3
24314,3
24315,3
24316,6
24317,6
24318,6
24319,3
24320,6
24321,6
24322,3
24323,9
24324,3
24325,9
24326,9
24327,6
24328,9
24329,6
24330,9
24331,6
24332,3
24333,6
24334,6
24335,6
24336,3
24337,3
24338,3
24339,3
24340,3
24341,6
24342,6
24343,15
24344,15
24345,15
24346,15
24347,15
24348,15
24349,15
24350,15
24351,15
24352,15
24353,15
24354,15
24355,15
24356,15
24357,15
24358,15
24359,15
24360,15
24361,15
24362,15
24363,15
24364,15
24365,15
24366,15
24367,15
24368,15
24369,15
24370,15
24371,15
24372,15
24373,15
24374,15
24375,15
24376,15
24377,15
24378,15
24379,15
24380,15
24381,15
24382,15
24383,15
24384,15
24385,15
24386,3
24387,3
24388,27
24389,18
24390,18
24391,3
24392,30
24393,30
24394,30
24395,30
24396,30
24397,3
24398,3
24399,24
24400,6
24401,12
24402,9
24403,9
24404,6
24405,6
24406,9
24407,9
24408,6
24409,9
24410,6
24411,12
24412,3
24413,3
24414,6
24415,6
24416,6
24417,6
24418,6
24419,12
24420,9
24421,9
24422,6
24423,9
24424,12
24425,6
24426,12
24427,12
24428,9
24429,12
24430,3
24431,6
24432,3
24433,3
24434,6
24435,6
24436,15
24437,6
24438,9
24439,9
24440,6
24441,6
24442,6
24443,12
24444,15
24445,6
24446,9
24447,3
24448,9
24449,6
24450,9
24451,9
24452,3
24453,9
24454,12
24455,6
24456,6
24457,6
24458,12
24459,6
24460,12
24461,3
24462,9
24463,12
24464,12
24465,9
24466,12
24467,6
24468,6
24469,9
24470,9
24471,3
24472,9
24473,12
24474,9
24475,9
24476,9
24477,9
24478,9
24479,12
24480,6
24481,9
24482,9
24483,9
24484,6
24485,9
24486,6
24487,9
24488,6
24489,3
24490,9
24491,6
24492,9
24493,9
24494,12
24495,9
24496,6
24497,6
24498,6
24499,6
24500,12
24501,12
24502,6
24503,3
24504,9
24505,9
24506,12
24507,9
24508,9
24509,3
24510,9
24511,9
24512,9
24513,9
24514,9
24515,9
24516,9
24517,9
24518,12
24519,6
24520,15
24521,12
24522,12
24523,12
24524,12
24525,12
24526,12
24527,3
24528,12
24529,12
24530,12
24531,12
24532,12
24533,3
24534,12
24535,12
24536,12
24537,12
24538,12
24539,12
24540,12
24541,12
24542,12
24543,12
24544,12
24545,12
24546,12
24547,12
24548,12
24549,12
24550,12
24551,9
24552,9
24553,9
24554,3
24555,3
24556,9
24557,12
24558,9
24559,9
24560,9
24561,9
24562,9
24563,9
24564,9
24565,9
24566,9
24567,9
24568,9
24569,12
24570,9
24571,9
24572,3
24573,12
24574,6
24575,6
24576,3
24577,3
24578,3
24579,3
24580,3
24581,9
24582,6
24583,12
24584,6
24585,6
24586,6
24587,6
24588,9
24589,9
24590,3
24591,3
24592,6
24593,3
24594,6
24595,3
24596,6
24597,3
24598,6
24599,3
24600,3
24601,6
24602,6
24603,6
24604,6
24605,6
24606,3
24607,3
24608,21
24609,12
24610,9
24611,21
24612,9
24613,24
24614,15
24615,9
24616,3
24617,3
24618,12
24619,6
24620,6
24621,6
24622,6
24623,9
24624,9
24625,12
24626,18
24627,12
24628,12
24629,9
24630,12
24631,12
24632,12
24633,15
24634,15
24635,15
24636,6
24637,18
24638,18
24639,9
24640,9
24641,6
24642,9
24643,9
24644,9
24645,9
24646,6
24647,6
24648,3
24649,3
24650,3
24651,6
24652,3
24653,9
24654,6
24655,6
24656,9
24657,9
24658,12
24659,9
24660,6
24661,3
24662,12
24663,9
24664,12
24665,9
24666,6
24667,9
24668,9
24669,6
24670,9
24671,3
24672,9
24673,9
24674,9
24675,9
24676,9
24677,3
24678,6
24679,6
24680,9
24681,6
24682,12
24683,6
24684,9
24685,9
24686,6
24687,6
24688,3
24689,6
24690,3
24691,6
24692,3
24693,9
24694,15
24695,6
24696,3
24697,9
24698,6
24699,3
24700,6
24701,12
24702,3
24703,3
24704,6
24705,6
24706,3
24707,9
24708,6
24709,3
24710,3
24711,3
24712,3
24713,6
24714,3
24715,3
24716,3
24717,6
24718,3
24719,6
24720,3
24721,3
24722,3
24723,3
24724,3
24725,6
24726,6
24727,9
24728,6
24729,9
24730,3
24731,6
24732,3
24733,3
24734,12
24735,3
24736,9
24737,3
24738,3
24739,6
24740,9
24741,3
24742,6
24743,3
24744,3
24745,6
24746,3
24747,3
24748,3
24749,6
24750,6
24751,6
24752,3
24753,6
24754,6
24755,3
24756,3
24757,9
24758,3
24759,9
24760,6
24761,3
24762,3
24763,3
24764,12
24765,12
24766,6
24767,9
24768,6
24769,3
24770,6
24771,9
24772,12
24773,9
24774,6
24775,3
24776,9
24777,6
24778,9
24779,12
24780,12
24781,9
24782,9
24783,9
24784,6
24785,12
24786,12
24787,9
24788,9
24789,9
24790,9
24791,9
24792,9
24793,6
24794,6
24795,3
24796,6
24797,9
24798,9
24799,12
24800,9
24801,9
24802,9
24803,12
24804,6
24805,9
24806,9
24807,9
24808,3
24809,6
24810,9
24811,6
24812,6
24813,9
24814,9
24815,12
24816,9
24817,3
24818,9
24819,6
24820,9
24821,9
24822,12
24823,3
24824,9
24825,6
24826,9
24827,6
24828,6
24829,3
24830,6
24831,9
24832,9
24833,6
24834,6
24835,12
24836,6
24837,6
24838,6
24839,3
24840,9
24841,3
24842,3
24843,6
24844,6
24845,6
24846,6
24847,3
24848,9
24849,6
24850,9
24851,6
24852,6
24853,12
24854,9
24855,6
24856,9
24857,3
24858,9
24859,9
24860,9
24861,9
24862,9
24863,9
24864,6
24865,12
24866,9
24867,9
24868,9
24869,9
24870,6
24871,12
24872,9
24873,9
24874,6
24875,9
24876,9
24877,9
24878,3
24879,6
24880,9
24881,6
24882,9
24883,12
24884,9
24885,6
24886,12
24887,12
24888,12
24889,9
24890,3
24891,9
24892,9
24893,9
24894,12
24895,9
24896,12
24897,6
24898,15
24899,12
24900,12
24901,9
24902,9
24903,12
24904,9
24905,12
24906,9
24907,9
24908,12
24909,12
24910,9
24911,6
24912,3
24913,12
24914,15
24915,9
24916,9
24917,9
24918,12
24919,3
24920,3
24921,6
24922,6
24923,9
24924,9
24925,6
24926,9
24927,12
24928,12
24929,12
24930,9
24931,9
24932,9
24933,9
24934,9
24935,9
24936,9
24937,9
24938,9
24939,9
24940,9
24941,9
24942,9
24943,9
24944,9
24945,9
24946,9
24947,9
24948,9
24949,9
24950,9
24951,9
24952,15
24953,9
24954,9
24955,9
24956,9
24957,9
24958,9
24959,9
24960,9
24961,9
24962,9
24963,9
24964,9
24965,9
24966,9
24967,12
24968,12
24969,12
24970,15
24971,9
24972,12
24973,12
24974,12
24975,12
24976,12
24977,12
24978,12
24979,12
24980,9
24981,12
24982,12
24983,9
24984,9
24985,9
24986,9
24987,9
24988,6
24989,6
24990,6
24991,6
24992,6
24993,9
24994,9
24995,9
24996,12
24997,9
24998,9
24999,9
25000,12
25001,9
25002,9
25003,9
25004,9
25005,9
25006,9
25007,18
25008,15
25009,15
25010,12
25011,15
25012,6
25013,12
25014,15
25015,9
25016,12
25017,6
25018,9
25019,9
25020,12
25021,9
25022,9
25023,12
25024,12
25025,12
25026,12
25027,9
25028,12
25029,9
25030,9
25031,15
25032,15
25033,15
25034,6
25035,9
25036,6
25037,3
25038,6
25039,6
25040,3
25041,3
25042,3
25043,6
25044,3
25045,6
25046,3
25047,3
25048,3
25049,3
25050,3
25051,3
25052,6
25053,3
25054,3
25055,15
25056,6
25057,6
25058,6
25059,9
25060,6
25061,9
25062,9
25063,6
25064,6
25065,6
25066,6
25067,3
25068,6
25069,6
25070,6
25071,6
25072,18
25073,9
25074,3
25075,6
25076,6
25077,6
25078,6
25079,3
25080,3
25081,9
25082,6
25083,6
25084,6
25085,3
25086,3
25087,3
25088,6
25089,3
25090,6
25091,6
25092,6
25093,6
25094,9
25095,9
25096,3
25097,3
25098,9
25099,3
25100,6
25101,3
25102,9
25103,6
25104,3
25105,6
25106,3
25107,9
25108,6
25109,6
25110,3
25111,9
25112,6
25113,6
25114,3
25115,6
25116,9
25117,9
25118,9
25119,9
25120,6
25121,6
25122,3
25123,9
25124,3
25125,6
25126,6
25127,3
25128,6
25129,6
25130,6
25131,9
25132,6
25133,6
25134,6
25135,6
25136,9
25137,9
25138,9
25139,6
25140,9
25141,3
25142,3
25143,6
25144,3
25145,9
25146,6
25147,9
25148,6
25149,3
25150,6
25151,6
25152,6
25153,6
25154,9
25155,9
25156,12
25157,6
25158,6
25159,6
25160,3
25161,3
25162,6
25163,6
25164,3
25165,6
25166,3
25167,9
25168,6
25169,12
25170,3
25171,9
25172,6
25173,12
25174,9
25175,6
25176,9
25177,3
25178,3
25179,9
25180,9
25181,6
25182,3
25183,3
25184,3
25185,3
25186,3
25187,3
25188,9
25189,6
25190,9
25191,12
25192,3
25193,9
25194,12
25195,9
25196,9
25197,12
25198,12
25199,9
25200,6
25201,15
25202,12
25203,12
25204,12
25205,9
25206,9
25207,3
25208,9
25209,9
25210,9
25211,12
25212,9
25213,9
25214,9
25215,12
25216,12
25217,9
25218,9
25219,12
25220,12
25221,12
25222,3
25223,12
25224,12
25225,3
25226,3
25227,6
25228,12
25229,12
25230,9
25231,9
25232,12
25233,15
25234,15
25235,9
25236,9
25237,9
25238,9
25239,9
25240,9
25241,9
25242,9
25243,9
25244,12
25245,12
25246,12
25247,12
25248,12
25249,12
25250,12
25251,12
25252,12
25253,12
25254,12
25255,12
25256,6
25257,9
25258,12
25259,9
25260,9
25261,12
25262,12
25263,12
25264,6
25265,6
25266,9
25267,12
25268,12
25269,9
25270,9
25271,9
25272,9
25273,9
25274,6
25275,12
25276,0
25277,9
25278,12
25279,9
25280,12
25281,9
25282,9
25283,9
25284,9
25285,9
25286,9
25287,6
25288,9
25289,9
25290,9
25291,9
25292,9
25293,12
25294,12
25295,12
25296,12
25297,12
25298,9
25299,9
25300,9
25301,9
25302,6
25303,6
25304,9
25305,6
25306,9
25307,9
25308,9
25309,9
25310,9
25311,6
25312,9
25313,12
25314,3
25315,9
25316,9
25317,6
25318,9
25319,9
25320,9
25321,12
25322,3
25323,12
25324,6
25325,6
25326,6
25327,6
25328,6
25329,6
25330,6
25331,6
25332,12
25333,6
25334,6
25335,6
25336,12
25337,12
25338,12
25339,15
25340,18
25341,15
25342,9
25343,15
25344,3
25345,3
25346,12
25347,9
25348,3
25349,9
25350,9
25351,9
25352,9
25353,12
25354,12
25355,6
25356,6
25357,6
25358,6
25359,6
25360,6
25361,6
25362,15
25363,15
25364,12
25365,12
25366,12
25367,12
25368,12
25369,12
25370,12
25371,12
25372,12
25373,12
25374,12
25375,9
25376,6
25377,12
25378,12
25379,9
25380,9
25381,9
25382,12
25383,12
25384,12
25385,12
25386,12
25387,12
25388,12
25389,9
25390,9
25391,9
25392,9
25393,12
25394,12
25395,9
25396,9
25397,6
25398,6
25399,9
25400,9
25401,9
25402,12
25403,15
25404,15
25405,15
25406,15
25407,15
25408,12
25409,9
25410,9
25411,9
25412,9
25413,9
25414,9
25415,9
25416,9
25417,9
25418,9
25419,9
25420,9
25421,9
25422,9
25423,9
25424,9
25425,9
25426,9
25427,9
25428,9
25429,9
25430,12
25431,9
25432,9
25433,9
25434,9
25435,9
25436,9
25437,9
25438,9
25439,12
25440,9
25441,9
25442,9
25443,9
25444,12
25445,12
25446,9
25447,9
25448,12
25449,9
25450,9
25451,9
25452,9
25453,9
25454,6
25455,9
25456,12
25457,12
25458,12
25459,9
25460,9
25461,12
25462,9
25463,9
25464,9
25465,9
25466,9
25467,9
25468,9
25469,9
25470,12
25471,9
25472,9
25473,6
25474,9
25475,6
25476,6
25477,6
25478,6
25479,6
25480,9
25481,6
25482,6
25483,6
25484,3
25485,12
25486,9
25487,3
25488,3
25489,6
25490,9
25491,6
25492,3
25493,3
25494,3
25495,6
25496,3
25497,12
25498,6
25499,6
25500,6
25501,6
25502,6
25503,3
25504,6
25505,3
25506,3
25507,3
25508,3
25509,3
25510,3
25511,3
25512,3
25513,6
25514,3
25515,3
25516,9
25517,3
25518,6
25519,6
25520,9
25521,9
25522,9
25523,9
25524,6
25525,9
25526,6
25527,6
25528,6
25529,6
25530,9
25531,3
25532,6
25533,6
25534,9
25535,3
25536,6
25537,6
25538,3
25539,9
25540,3
25541,3
25542,9
25543,9
25544,3
25545,3
25546,3
25547,6
25548,6
25549,9
25550,3
25551,3
25552,6
25553,6
25554,6
25555,6
25556,3
25557,9
25558,6
25559,9
25560,6
25561,6
25562,9
25563,6
25564,12
25565,9
25566,12
25567,6
25568,9
25569,3
25570,3
25571,3
25572,3
25573,6
25574,3
25575,6
25576,3
25577,6
25578,3
25579,6
25580,9
25581,6
25582,9
25583,6
25584,3
25585,3
25586,3
25587,6
25588,6
25589,3
25590,3
25591,3
25592,27
25593,30
25594,36
25595,33
25596,33
25597,33
25598,36
25599,9
25600,3
25601,9
25602,12
25603,9
25604,12
25605,9
25606,12
25607,9
25608,9
25609,6
25610,9
25611,12
25612,6
25613,3
25614,9
25615,6
25616,12
25617,9
25618,3
25619,12
25620,12
25621,9
25622,6
25623,3
25624,6
25625,12
25626,9
25627,3
25628,9
25629,15
25630,12
25631,6
25632,9
25633,12
25634,9
25635,6
25636,9
25637,9
25638,12
25639,12
25640,9
25641,9
25642,3
25643,27
25644,9
25645,3
25646,15
25647,18
25648,15
25649,12
25650,15
25651,15
25652,3
25653,15
25654,12
25655,3
25656,9
25657,9
25658,9
25659,9
25660,6
25661,12
25662,9
25663,12
25664,9
25665,9
25666,9
25667,9
25668,6
25669,9
25670,3
25671,6
25672,12
25673,9
25674,12
25675,6
25676,6
25677,9
25678,9
25679,9
25680,6
25681,12
25682,9
25683,9
25684,9
25685,9
25686,9
25687,6
25688,6
25689,6
25690,9
25691,3
25692,6
25693,9
25694,9
25695,12
25696,6
25697,9
25698,9
25699,9
25700,9
25701,9
25702,9
25703,9
25704,9
25705,6
25706,3
25707,6
25708,9
25709,3
25710,6
25711,9
25712,9
25713,9
25714,9
25715,9
25716,12
25717,9
25718,9
25719,6
25720,9
25721,9
25722,9
25723,6
25724,15
25725,12
25726,9
25727,9
25728,12
25729,6
25730,15
25731,15
25732,9
25733,6
25734,6
25735,6
25736,6
25737,6
25738,6
25739,6
25740,6
25741,9
25742,9
25743,9
25744,9
25745,9
25746,9
25747,12
25748,9
25749,9
25750,9
25751,9
25752,9
25753,12
25754,9
25755,9
25756,9
25757,9
25758,9
25759,9
25760,9
25761,9
25762,12
25763,9
25764,9
25765,12
25766,12
25767,12
25768,3
25769,9
25770,9
25771,12
25772,12
25773,9
25774,12
25775,12
25776,12
25777,15
25778,15
25779,9
25780,9
25781,9
25782,12
25783,12
25784,12
25785,12
25786,12
25787,9
25788,9
25789,9
25790,9
25791,9
25792,12
25793,9
25794,9
25795,9
25796,15
25797,15
25798,15
25799,15
25800,15
25801,12
25802,12
25803,12
25804,12
25805,12
25806,12
25807,9
25808,12
25809,3
25810,9
25811,9
25812,3
25813,9
25814,9
25815,12
25816,12
25817,18
25818,18
25819,18
25820,18
25821,18
25822,18
25823,18
25824,15
25825,3
25826,6
25827,6
25828,3
25829,6
25830,6
25831,3
25832,3
25833,6
25834,3
25835,6
25836,3
25837,3
25838,6
25839,6
25840,9
25841,6
25842,9
25843,9
25844,9
25845,6
25846,6
25847,9
25848,6
25849,9
25850,6
25851,6
25852,6
25853,9
25854,9
25855,3
25856,6
25857,6
25858,6
25859,9
25860,3
25861,9
25862,3
25863,6
25864,9
