OBJECTID,YearBuilt1,HEIGHT,UseDescription,GrossFloorArea
1,1983,3,3,358
2,1975,3,2,119
3,1970,6,2,400
4,1940,3,1,347
5,1960,6,1,366
6,1980,6,1,294
7,1980,6,1,120
8,1980,3,1,54
9,1980,3,1,60
10,1980,3,1,231
11,1960,9,2,443
12,1965,6,2,478
13,1977,6,2,245
14,1970,9,1,3135
15,1920,6,1,604
16,1974,6,4,13611
17,1960,15,4,21710
18,1980,3,3,800
19,2000,3,N,0
20,1930,9,1,827
21,1995,6,3,20310
22,1956,6,2,1502
23,1930,3,2,23
24,1960,9,1,1571
25,1975,6,1,108
26,1995,6,2,2024
27,1993,9,2,958
28,1980,6,4,3182
29,1993,3,2,64
30,1968,9,2,6572
31,1970,9,2,8653
32,2008,9,4,17599
33,1972,3,4,1958
34,1978,39,4,100249
35,1978,0,3,89
36,1992,9,4,2456
37,1994,6,4,4693
38,1968,18,1,4200
39,1969,3,4,6621
40,1971,3,3,15
41,1960,3,1,66
42,1958,3,1,97
43,1972,3,4,42
44,1960,9,1,164
45,1960,3,1,98
46,1960,3,1,60
47,1960,6,1,171
48,1960,6,1,185
49,1960,6,1,318
50,1982,3,1,186
51,1961,6,1,157
52,1941,3,1,150
53,1969,6,1,400
54,1968,3,1,152
55,1968,9,4,4389
56,2001,6,2,225
57,1976,12,4,4061
58,1993,9,3,518
59,1973,9,1,300
60,1960,6,1,280
61,1971,3,1,106
62,1984,3,3,117
63,1973,9,1,442
64,1974,3,1,114
65,1975,9,1,334
66,1970,6,1,191
67,1975,9,1,327
68,1970,6,1,179
69,2000,3,1,73
70,1971,9,1,96
71,1976,9,3,345
72,1970,6,3,210
73,1974,9,1,201
74,1976,12,1,330
75,1974,9,1,291
76,1968,9,1,286
77,1974,12,1,350
78,2016,12,1,2360
79,1971,6,1,210
80,1971,9,1,238
81,1971,9,1,270
82,1971,6,1,213
83,2006,9,1,1381
84,1957,3,1,149
85,1994,3,4,336
86,1978,12,1,407
87,1971,9,1,407
88,2009,12,1,457
89,1976,18,1,883
90,1993,3,3,274
91,1993,6,3,170
92,1974,6,1,136
93,1973,6,1,122
94,1971,6,1,236
95,1975,3,3,18
96,0190,6,3,12027
97,1978,12,1,378
98,1976,6,1,387
99,1971,9,1,210
100,2008,12,1,1144
101,1971,9,1,463
102,1971,12,1,484
103,1974,9,1,530
104,1961,9,1,315
105,1969,15,1,217
106,1974,9,1,163
107,1975,6,1,46
108,1961,9,1,95
109,1971,6,1,147
110,1996,6,3,697
111,1961,3,1,28
112,1987,6,1,314
113,1987,9,1,447
114,1992,12,3,915
115,1971,9,1,213
116,1975,3,3,108
117,2003,12,1,1540
118,2007,12,1,1893
119,1950,3,3,5259
120,1975,3,2,138
121,2000,6,1,333
122,1965,9,1,320
123,1965,6,1,128
124,1970,6,1,199
125,1970,3,3,157
126,1969,3,4,138
127,1994,6,3,673
128,1987,6,3,475
129,1993,9,1,548
130,1969,9,1,360
131,1968,9,1,449
132,1970,12,1,326
133,1971,12,1,385
134,1970,9,1,322
135,1960,6,1,184
136,1975,9,1,296
137,1970,12,1,524
138,1970,9,1,310
139,1982,15,1,617
140,1960,12,1,541
141,1985,9,1,390
142,2003,9,1,1204
143,2022,12,3,13536
144,1993,6,3,13397
145,1993,3,3,19
146,1968,6,4,17733
147,1969,6,4,4732
148,1880,6,2,3660
149,1963,6,4,34250
150,1993,3,3,10463
151,2002,3,3,11161
152,1971,3,3,22
153,1980,3,1,270
154,1988,12,1,448
155,2003,12,1,1244
156,1971,3,1,217
157,1973,6,1,124
158,1973,9,1,213
159,1963,9,1,182
160,1960,12,1,409
161,1960,3,1,170
162,1900,9,1,1730
163,1990,9,1,279
164,1980,6,1,216
165,1970,3,3,123
166,2007,9,1,355
167,1967,9,1,201
168,1971,3,1,106
169,2006,6,1,303
170,1965,9,1,138
171,1968,6,1,132
172,1969,6,1,302
173,1960,12,1,393
174,1969,9,1,305
175,1996,6,1,169
176,1969,6,1,138
177,1992,9,1,282
178,1969,6,1,109
179,1969,3,1,90
180,2007,9,1,293
181,2001,3,1,168
182,1970,6,1,250
183,1973,9,1,179
184,1970,9,1,210
185,1969,9,1,194
186,1960,9,1,369
187,1970,9,1,403
188,1967,6,3,221
189,1971,9,1,191
190,1988,12,1,426
191,1969,6,1,260
192,1981,12,1,430
193,1985,3,3,192
194,1966,6,1,286
195,1968,9,1,313
196,1969,9,1,370
197,1979,3,1,117
198,2005,9,1,283
199,2008,12,1,815
200,1969,9,1,314
201,1970,6,1,324
202,1992,9,1,285
203,1998,12,1,1602
204,1970,9,1,284
205,2006,12,1,345
206,2007,12,1,1659
207,1998,3,3,206
208,2010,12,1,1269
209,1979,3,3,160
210,1971,9,1,363
211,1968,9,1,323
212,1968,12,1,331
213,1970,6,1,328
214,1989,6,3,703
215,2012,6,1,511
216,1965,9,1,276
217,1999,6,1,297
218,1963,6,1,294
219,1961,12,1,414
220,1976,9,1,480
221,1965,6,1,167
222,1978,6,1,146
223,1971,6,1,122
224,1965,9,1,266
225,1969,3,3,50
226,1969,9,1,318
227,1967,6,1,202
228,1968,9,1,192
229,1960,9,1,247
230,1973,3,3,160
231,1977,12,1,360
232,2006,9,1,322
233,1977,9,4,566
234,1909,9,1,252
235,1986,6,1,201
236,2007,9,1,198
237,2005,9,1,801
238,1987,3,1,178
239,1987,3,1,199
240,2011,12,1,1600
241,2024,9,1,261
242,1979,9,1,631
243,1970,6,1,627
244,1993,9,1,373
245,1959,3,1,76
246,1968,3,1,138
247,1975,3,3,211
248,1975,6,1,136
249,2005,12,1,3138
250,1959,6,1,271
251,2004,12,1,2242
252,1974,3,3,15
253,2001,6,1,170
254,2002,9,1,870
255,2016,9,1,809
256,1990,6,3,343
257,1999,6,1,186
258,1996,3,3,198
259,1974,6,1,131
260,1995,0,1,12
261,1971,3,1,154
262,1998,12,1,1019
263,1978,12,1,364
264,1971,6,1,294
265,2006,9,1,1683
266,1971,9,1,272
267,1972,9,1,206
268,2009,9,1,281
269,1974,9,1,254
270,1971,9,1,254
271,1971,6,1,223
272,2000,6,1,260
273,2022,12,1,3972
274,1996,6,1,227
275,1989,6,1,160
276,2023,6,1,253
277,1979,3,2,98
278,1965,6,1,1182
279,1971,6,2,1615
280,1966,9,1,746
281,2001,6,1,164
282,2002,12,1,2614
283,2003,9,1,400
284,2003,9,1,355
285,1970,9,1,187
286,1977,9,1,330
287,1990,6,1,286
288,1978,9,1,283
289,1995,9,1,171
290,1978,6,1,159
291,2000,9,1,2572
292,1979,3,2,176
293,1981,6,1,354
294,1981,6,2,420
295,1982,6,2,258
296,1975,3,3,20
297,1981,6,2,421
298,2001,9,1,609
299,1960,3,3,42
300,2003,9,1,190
301,2003,9,1,190
302,2005,9,1,203
303,2005,9,1,199
304,2020,9,1,184
305,2021,9,1,179
306,1980,3,2,500
307,1960,6,2,147
308,1960,3,2,58
309,1982,6,2,197
310,1982,3,2,95
311,1993,3,2,45
312,1991,6,2,177
313,1963,6,2,245
314,1963,6,2,294
315,1960,3,2,159
316,1968,6,1,246
317,1971,3,1,398
318,2010,9,1,1733
319,2007,9,1,1742
320,2004,12,1,12172
321,2005,9,1,520
322,1989,9,1,732
323,1952,24,3,55270
324,2008,3,4,1200
325,2012,3,3,1556
326,1993,3,3,3159
327,1968,6,4,32840
328,2005,12,1,380
329,1956,9,1,88
330,1953,9,1,140
331,1951,6,1,94
332,1953,6,1,82
333,1955,6,1,75
334,1956,3,1,63
335,1960,9,1,180
336,1975,9,1,135
337,1975,9,1,75
338,1959,9,1,50
339,1955,9,1,39
340,1960,9,1,88
341,1978,3,3,35
342,1958,6,1,66
343,1975,12,1,270
344,1956,9,1,153
345,1955,9,1,170
346,1963,12,1,290
347,2004,9,1,275
348,1960,9,1,192
349,2010,12,1,462
350,1960,9,1,114
351,1957,9,1,127
352,1958,9,1,75
353,1970,9,1,152
354,1957,6,1,150
355,1953,9,1,128
356,1960,6,1,202
357,1960,6,1,141
358,1960,3,1,61
359,1970,9,1,290
360,1977,15,1,524
361,1960,9,1,208
362,1956,6,1,116
363,1965,6,1,170
364,1956,6,1,130
365,1950,6,1,63
366,1963,9,1,196
367,1955,9,1,150
368,1955,6,1,140
369,1960,9,1,180
370,1950,9,1,140
371,1958,9,1,87
372,1960,9,1,160
373,2006,12,1,1070
374,2000,12,1,558
375,1975,12,1,704
376,1975,12,1,704
377,1975,12,1,704
378,1982,6,1,336
379,1982,6,1,356
380,1989,9,1,183
381,1989,9,1,160
382,1989,9,1,184
383,1989,9,1,185
384,1989,9,1,160
385,1989,9,1,170
386,1990,9,4,417
387,1992,6,4,461
388,1994,9,1,294
389,1998,12,1,268
390,2000,12,1,266
391,1977,18,1,747
392,1999,3,3,522
393,1979,9,1,273
394,1984,9,1,562
395,1989,12,1,424
396,1986,9,1,194
397,1990,9,1,446
398,1995,6,1,193
399,2002,9,1,255
400,2008,12,1,368
401,1999,9,1,284
402,2000,3,1,90
403,1990,9,1,503
404,2009,12,1,1915
405,2006,12,1,2734
406,1987,3,4,3093
407,1960,9,1,210
408,1980,9,1,152
409,2000,12,1,678
410,1997,12,1,3019
411,2003,9,1,254
412,1990,9,1,166
413,1990,9,1,166
414,1990,9,1,166
415,1990,9,1,166
416,1990,9,1,166
417,2001,9,1,194
418,2000,9,1,194
419,2003,9,1,194
420,2002,9,1,194
421,1995,12,1,216
422,1996,12,1,216
423,1997,12,1,217
424,2002,12,1,1418
425,2006,9,1,635
426,2007,12,1,624
427,1998,9,1,233
428,1991,9,1,566
429,1989,9,1,181
430,2006,9,1,249
431,1987,3,3,98
432,1989,9,1,188
433,1989,9,1,180
434,1989,9,1,180
435,1989,9,1,180
436,1989,9,1,180
437,1989,9,1,180
438,1989,9,1,205
439,1993,9,1,210
440,1991,6,1,150
441,2006,12,1,770
442,2005,9,1,463
443,1996,9,1,217
444,1997,12,1,784
445,1987,12,1,612
446,1995,12,1,993
447,1978,6,1,506
448,2001,9,1,733
449,2001,9,1,319
450,1997,12,1,928
451,1989,9,1,357
452,2009,12,1,974
453,1994,9,1,4594
454,1996,9,1,340
455,1996,9,1,370
456,1995,9,1,1355
457,1968,15,1,702
458,1999,3,4,700
459,1997,9,1,164
460,1997,9,1,167
461,1997,9,1,167
462,1997,9,1,167
463,1997,9,1,164
464,1997,9,1,151
465,1997,9,1,144
466,1997,9,1,144
467,1997,9,1,151
468,1996,12,1,187
469,1996,9,1,184
470,1996,9,1,184
471,1996,9,1,187
472,1996,12,1,190
473,1996,12,1,184
474,1996,12,1,184
475,1996,12,1,184
476,1996,12,1,193
477,1996,12,1,442
478,1997,15,1,446
479,2010,3,4,2443
480,1974,12,1,6592
481,1958,6,1,469
482,1976,3,1,256
483,1976,6,1,263
484,1978,6,1,208
485,1970,6,1,116
486,1970,6,1,150
487,1962,9,1,125
488,1960,6,1,183
489,1960,3,1,96
490,1950,6,1,303
491,1970,9,1,283
492,1965,6,1,329
493,2000,3,1,236
494,1950,3,1,124
495,1950,3,1,29
496,1947,9,1,666
497,1970,3,3,42
498,1992,6,1,1533
499,1960,3,1,148
500,2005,9,1,6527
501,1963,6,1,161
502,1900,6,1,887
503,1995,9,1,4200
504,1970,9,1,428
505,1985,6,1,319
506,1990,6,1,102
507,1965,6,1,237
508,2006,3,4,33
509,1995,6,1,125
510,2009,6,1,473
511,2008,6,1,408
512,1965,3,1,72
513,2021,6,1,137
514,2018,9,1,295
515,2024,6,1,229
516,2018,9,1,293
517,2006,6,1,313
518,2004,6,1,320
519,2007,6,1,306
520,2004,6,1,130
521,2004,9,1,245
522,2003,3,1,166
523,2004,9,1,274
524,2004,9,1,327
525,2004,9,1,287
526,2005,6,1,297
527,2017,3,1,197
528,2006,6,1,396
529,2016,9,1,273
530,2007,12,1,472
531,2007,12,1,484
532,2007,12,1,449
533,2004,9,1,260
534,2004,9,1,260
535,2004,9,1,288
536,2004,9,1,260
537,1975,18,1,7092
538,1975,18,1,7092
539,1973,18,1,7092
540,1972,18,1,7092
541,1973,6,4,6398
542,1979,3,1,1129
543,1979,18,1,6409
544,1976,18,1,6412
545,1977,18,1,6412
546,1979,18,1,5653
547,1978,18,1,7000
548,1979,3,1,580
549,1977,18,1,5653
550,1977,3,3,29
551,2004,6,3,9599
552,1993,6,3,4265
553,1993,6,3,6280
554,2018,6,3,4010
555,1991,9,3,2482
556,2007,9,3,1520
557,1991,6,3,6536
558,1990,6,3,3511
559,1990,3,3,45
560,1990,3,3,45
561,1990,3,3,45
562,1990,6,3,3219
563,1993,6,3,8024
564,1999,6,3,4805
565,1992,3,3,12453
566,1991,6,3,451
567,1990,3,3,198
568,1990,3,3,75
569,1990,6,3,2728
570,1993,9,3,2029
571,1993,9,3,1950
572,1993,9,3,1795
573,1991,6,3,432
574,1990,9,3,2369
575,1993,9,3,2250
576,1994,6,3,2187
577,1989,6,4,2662
578,1989,12,3,1419
579,1990,9,3,4564
580,1992,3,4,5060
581,2003,6,3,2657
582,1994,6,3,339
583,1996,6,4,204
584,1994,6,3,463
585,1994,6,3,333
586,1999,6,1,162
587,1978,9,1,192
588,1969,6,1,57
589,1987,6,4,239
590,1951,6,1,158
591,1949,6,1,184
592,1948,6,1,222
593,1961,9,1,86
594,1960,3,1,82
595,1969,6,1,270
596,1967,3,3,140
597,1963,6,4,178
598,1960,3,1,93
599,1968,9,1,189
600,1970,6,1,190
601,1983,3,3,96
602,1977,9,1,218
603,1970,12,1,335
604,1968,9,1,272
605,2007,12,1,1529
606,1969,3,1,20
607,1969,6,1,203
608,1968,3,1,96
609,1962,6,1,130
610,1970,9,1,226
611,1966,12,1,174
612,1962,9,1,233
613,1963,6,1,297
614,2007,12,1,756
615,1990,6,3,626
616,1997,9,1,237
617,1977,21,1,2327
618,1978,3,3,166
619,2006,12,1,1443
620,1987,9,1,375
621,1979,9,1,420
622,2008,12,4,3731
623,1987,12,1,1274
624,1973,6,1,699
625,1978,6,1,237
626,2003,12,1,4395
627,1990,9,1,329
628,1980,6,1,261
629,1978,12,1,417
630,1979,3,1,60
631,1989,9,1,474
632,2017,6,1,209
633,1996,12,1,538
634,2001,9,1,632
635,1993,12,1,822
636,2007,12,1,752
637,1979,9,1,180
638,2005,9,1,1606
639,1960,6,1,206
640,1960,9,1,296
641,1993,9,1,369
642,1998,3,1,61
643,1950,3,1,155
644,1971,3,1,86
645,2007,12,1,1219
646,1980,12,1,640
647,2007,9,1,1140
648,2006,9,1,994
649,1968,6,1,146
650,1980,3,1,78
651,1967,3,1,56
652,1991,12,1,477
653,1970,6,1,224
654,1970,6,1,169
655,1970,9,1,366
656,1970,6,1,340
657,1982,9,1,530
658,1982,15,1,557
659,1971,15,1,575
660,1978,6,1,48
661,2002,12,1,649
662,2004,6,1,173
663,1972,12,1,368
664,1980,9,1,322
665,1970,9,1,259
666,2000,9,1,244
667,1970,9,1,267
668,1967,12,1,445
669,1967,12,1,384
670,1970,9,1,393
671,1993,9,1,303
672,1993,3,1,117
673,2000,12,1,1468
674,2001,12,1,1025
675,1959,3,1,171
676,1959,3,1,155
677,2006,9,1,1110
678,1978,12,1,479
679,2006,12,1,1594
680,1969,9,1,325
681,1991,9,1,212
682,1979,6,1,333
683,1995,3,1,187
684,1991,6,1,202
685,2005,9,1,1451
686,2005,9,1,1231
687,1971,6,1,242
688,1993,9,1,243
689,2007,9,1,386
690,1964,6,1,108
691,1971,3,1,101
692,1974,3,1,100
693,1971,6,1,240
694,2008,9,1,638
695,1974,9,1,395
696,1971,9,1,460
697,1971,6,1,306
698,1971,3,1,98
699,1971,9,1,324
700,1971,9,1,847
701,2009,9,1,941
702,2004,12,1,723
703,1994,9,1,1644
704,1997,15,1,5054
705,1997,15,1,6591
706,2004,15,1,8009
707,1980,12,1,380
708,1970,9,1,195
709,1975,9,1,216
710,1981,12,1,251
711,1975,9,1,489
712,1975,15,1,790
713,2003,12,1,3749
714,1975,3,3,105
715,1978,12,1,710
716,2005,9,1,240
717,2006,9,1,227
718,1978,9,1,593
719,1992,15,1,304
720,2012,12,1,909
721,1979,9,1,263
722,1980,6,1,400
723,1992,9,1,1139
724,1980,6,1,248
725,1980,9,1,438
726,1975,12,1,731
727,1979,3,3,103
728,1979,12,1,312
729,1973,9,1,232
730,1975,12,1,325
731,1975,12,1,235
732,1975,12,1,270
733,1955,6,1,136
734,1982,9,1,455
735,1975,12,1,1040
736,1975,9,1,350
737,1975,9,1,300
738,1975,9,1,380
739,1970,12,1,371
740,1996,15,1,13930
741,1983,9,1,339
742,1970,6,1,204
743,1973,6,1,180
744,1982,9,1,460
745,1988,9,1,220
746,1980,9,1,251
747,1982,12,1,278
748,1983,9,1,243
749,1970,12,1,504
750,2003,12,1,880
751,1984,9,1,244
752,1983,3,3,103
753,1991,3,4,77
754,1995,3,3,77
755,1993,9,1,213
756,1973,12,1,462
757,1974,9,1,189
758,1978,15,1,669
759,1980,12,1,292
760,2002,3,1,222
761,1994,12,1,274
762,1996,12,1,204
763,1995,12,1,237
764,1997,12,1,728
765,1993,9,1,220
766,1998,9,1,366
767,1991,9,1,161
768,1991,12,1,188
769,1992,12,1,188
770,1991,12,1,188
771,1991,12,1,188
772,1990,12,1,188
773,1990,12,1,188
774,1990,12,1,188
775,1990,12,1,188
776,1990,6,1,103
777,1991,9,1,161
778,1995,6,1,328
779,1997,12,1,436
780,1996,12,1,204
781,1994,12,1,6396
782,2003,24,1,26400
783,2004,15,1,17187
784,2004,27,1,7596
785,2006,15,1,25199
786,2004,18,1,18900
787,2002,18,1,23093
788,2022,21,1,25306
789,2003,27,1,26828
790,1974,6,1,169
791,1949,3,1,117
792,1959,6,3,2084
793,1961,3,3,20
794,1959,3,1,65
795,1962,9,1,225
796,1960,9,1,275
797,1980,6,1,117
798,1956,6,1,158
799,1970,3,1,111
800,1960,9,1,415
801,1960,3,1,123
802,1935,6,1,243
803,2000,6,1,229
804,1970,6,1,176
805,2007,9,1,351
806,1994,6,1,222
807,1995,6,1,321
808,1995,9,1,524
809,1996,3,3,284
810,2023,6,1,494
811,2023,6,1,618
812,2022,6,1,398
813,2022,6,1,400
814,2022,6,1,362
815,2022,6,1,404
816,2022,6,1,350
817,2023,6,1,438
818,2023,6,1,408
819,2023,6,1,405
820,2023,6,1,422
821,2023,6,1,472
822,2024,6,1,343
823,1970,6,1,164
824,1960,6,1,309
825,2004,9,1,476
826,2010,6,1,670
827,2001,9,1,327
828,1997,9,1,340
829,2002,3,1,135
830,1975,6,1,387
831,1980,9,1,407
832,1951,6,1,506
833,2001,3,1,56
834,1970,3,1,312
835,2004,6,1,214
836,1980,6,1,249
837,1991,3,4,215
838,1998,9,1,666
839,1997,9,1,292
840,1982,6,1,416
841,1989,6,1,461
842,2019,6,1,217
843,2023,6,1,294
844,1990,3,1,266
845,1981,15,1,7276
846,1981,18,1,8706
847,1981,18,1,5382
848,1981,3,3,33
849,1982,18,1,8737
850,1981,6,4,5673
851,1880,9,1,1781
852,1982,6,1,224
853,2003,9,1,184
854,1980,3,1,173
855,1988,9,1,312
856,1950,6,1,182
857,1963,3,4,144
858,1951,3,1,216
859,1970,3,1,604
860,1992,9,1,802
861,1992,9,1,678
862,1992,12,1,687
863,1992,6,1,466
864,1992,9,1,459
865,1992,9,1,462
866,1992,9,1,460
867,1992,9,1,564
868,1992,9,1,933
869,1971,6,1,298
870,1974,3,1,286
871,1993,3,1,68
872,1971,3,1,105
873,1971,9,1,132
874,1971,3,1,84
875,1971,6,1,161
876,2007,12,1,733
877,2006,12,1,308
878,1970,3,1,121
879,1975,9,1,459
880,1997,9,1,657
881,2006,12,1,1429
882,1973,9,1,250
883,1971,6,1,114
884,1960,3,1,145
885,1989,3,3,234
886,1969,9,1,331
887,1968,6,1,146
888,1970,9,1,293
889,1975,9,1,384
890,1995,9,1,348
891,2004,12,1,496
892,1980,6,1,271
893,2009,18,1,14008
894,2009,24,1,15412
895,2009,21,1,12427
896,2011,21,1,3113
897,2000,15,1,5091
898,1996,15,1,9093
899,1999,15,1,3756
900,1960,30,1,3184
901,1960,15,1,1088
902,1960,18,1,858
903,1960,18,1,858
904,1960,18,1,822
905,1960,18,1,801
906,1960,18,1,828
907,1960,15,1,559
908,1960,15,1,559
909,1960,15,1,559
910,1960,15,1,559
911,1960,15,1,559
912,1960,15,1,1132
913,1960,15,1,1088
914,1960,15,1,1088
915,1960,15,1,1088
916,1960,15,1,1132
917,1960,15,1,1132
918,1960,15,1,1132
919,1960,15,1,603
920,1960,15,1,559
921,1960,15,1,559
922,1960,15,1,559
923,1960,15,1,603
924,1960,15,1,603
925,1960,15,1,603
926,1960,15,1,559
927,1960,15,1,559
928,1960,15,1,559
929,1960,15,1,559
930,1960,15,1,603
931,1960,15,1,559
932,1960,15,1,559
933,1960,51,1,4709
934,1970,6,1,426
935,1993,9,1,367
936,2007,6,1,446
937,2007,6,1,519
938,2007,6,1,446
939,2019,3,1,288
940,2021,6,1,309
941,2002,9,1,346
942,1989,9,1,173
943,1977,6,1,270
944,2007,9,1,386
945,2007,9,1,386
946,2007,9,1,386
947,2007,9,1,386
948,2007,9,1,386
949,2012,6,1,437
950,2012,6,1,496
951,1983,9,1,505
952,1999,9,4,6350
953,1960,3,1,168
954,1980,6,1,180
955,1981,6,1,495
956,1982,3,1,173
957,1982,3,1,213
958,2019,6,1,448
959,1966,3,3,27
960,1982,6,1,265
961,1994,9,1,270
962,1984,9,1,602
963,1977,9,1,486
964,1998,9,1,242
965,1977,9,1,572
966,1983,3,1,219
967,1985,3,3,232
968,2008,6,1,372
969,2010,6,1,426
970,1996,6,1,282
971,1980,9,1,336
972,1983,9,1,319
973,1978,9,1,168
974,1984,6,1,168
975,1990,6,1,195
976,1983,6,1,256
977,1982,6,1,230
978,1980,6,1,214
979,1999,6,1,284
980,1988,9,1,464
981,1991,6,1,178
982,1982,6,1,199
983,1982,6,1,269
984,1992,6,1,166
985,1982,6,1,174
986,1991,6,1,180
987,1995,9,1,294
988,1991,6,1,231
989,1982,6,1,246
990,2007,3,1,127
991,1980,6,1,210
992,1983,3,1,119
993,1984,6,1,291
994,1987,6,1,204
995,1981,6,1,351
996,2000,9,1,443
997,1991,6,1,362
998,1985,6,1,431
999,1980,6,1,460
1000,1983,6,1,272
1001,1982,9,1,358
1002,1982,9,1,389
1003,1983,6,1,304
1004,1982,3,1,190
1005,1980,9,1,314
1006,1980,6,1,266
1007,1980,3,1,183
1008,1988,6,1,198
1009,1991,9,1,317
1010,1980,6,1,232
1011,1982,9,1,435
1012,1980,6,1,229
1013,2000,6,1,303
1014,1982,6,1,227
1015,1985,6,1,443
1016,1980,9,1,491
1017,1986,6,1,252
1018,1993,6,4,561
1019,1983,6,1,269
1020,1983,6,1,382
1021,1983,3,1,471
1022,1988,6,1,418
1023,1970,9,1,688
1024,2002,3,1,521
1025,2004,6,1,476
1026,1987,9,1,396
1027,1998,9,1,593
1028,1993,9,1,610
1029,1991,9,1,566
1030,2012,15,4,1417
1031,1990,6,4,1635
1032,2010,6,4,1241
1033,1980,6,4,5926
1034,1977,9,4,5781
1035,2000,3,N,0
1036,2000,3,N,0
1037,1974,3,3,19
1038,1953,3,N,698
1039,2000,3,N,0
1040,1974,6,2,247
1041,2010,24,1,12264
1042,2012,27,1,6983
1043,2012,27,1,6964
1044,1982,6,1,152
1045,1982,6,1,378
1046,1983,3,1,130
1047,1998,6,1,185
1048,1982,6,1,216
1049,1992,3,1,280
1050,2013,6,1,366
1051,1999,9,1,404
1052,2004,6,1,481
1053,1990,6,1,158
1054,1996,3,1,219
1055,1989,6,1,560
1056,1983,6,1,235
1057,2008,6,1,177
1058,2005,6,1,163
1059,1980,6,1,231
1060,1983,6,1,272
1061,2019,6,1,149
1062,1983,3,1,120
1063,2014,6,1,200
1064,1995,6,1,169
1065,1987,6,1,317
1066,1991,6,1,315
1067,1975,9,1,253
1068,2000,9,1,415
1069,1986,6,1,157
1070,1983,6,1,214
1071,1983,3,1,165
1072,1983,6,1,330
1073,1983,6,1,162
1074,1998,6,1,187
1075,1987,6,1,251
1076,1979,9,1,339
1077,1982,6,1,221
1078,1979,6,1,140
1079,2001,3,1,244
1080,1982,6,1,192
1081,1979,3,3,52
1082,1987,6,1,240
1083,1989,9,1,328
1084,1986,3,1,141
1085,1980,6,1,302
1086,2007,6,1,254
1087,1973,6,1,154
1088,1983,3,1,103
1089,1980,6,1,222
1090,1991,9,1,429
1091,1983,6,1,220
1092,1983,0,3,80
1093,1983,6,1,541
1094,1973,6,1,231
1095,1981,6,1,279
1096,2002,6,1,336
1097,1999,6,1,281
1098,1982,3,1,244
1099,1982,3,1,130
1100,1993,6,1,388
1101,1982,3,1,268
1102,1981,6,1,177
1103,1985,6,1,212
1104,1982,6,1,304
1105,1981,6,1,252
1106,1978,3,1,136
1107,2005,3,1,114
1108,1993,6,1,260
1109,2022,3,1,148
1110,1996,3,1,209
1111,1983,3,1,173
1112,2004,9,1,501
1113,1980,6,1,311
1114,1981,3,1,141
1115,2021,6,1,227
1116,1986,6,1,236
1117,1991,6,1,184
1118,1983,6,1,139
1119,1993,9,1,249
1120,1997,9,1,286
1121,1982,6,1,267
1122,1982,6,1,380
1123,1983,6,1,411
1124,1981,9,1,464
1125,1980,9,1,406
1126,1998,6,1,301
1127,2020,6,1,276
1128,1983,6,1,363
1129,1983,3,1,287
1130,1984,6,1,342
1131,1994,9,1,237
1132,1981,6,1,427
1133,2000,3,N,0
1134,2002,3,1,81
1135,1980,6,4,612
1136,1972,18,1,6879
1137,1968,18,1,6882
1138,1972,18,1,6880
1139,1972,3,3,19
1140,1972,18,1,6880
1141,1978,6,N,69833
1142,2000,3,4,24713
1143,1980,6,1,246
1144,1983,6,1,237
1145,1991,6,1,294
1146,1992,6,1,237
1147,2006,9,1,390
1148,1992,6,1,272
1149,1983,6,1,217
1150,1983,6,1,305
1151,2006,3,1,157
1152,1993,9,1,338
1153,1987,6,1,230
1154,1973,6,1,202
1155,1980,6,1,150
1156,1985,6,1,289
1157,1981,9,1,310
1158,1960,9,1,288
1159,1989,6,1,245
1160,1999,9,1,247
1161,1996,6,1,258
1162,1981,6,1,317
1163,1990,9,1,339
1164,1983,9,1,344
1165,1983,9,1,227
1166,1999,3,1,229
1167,2005,6,1,228
1168,1982,9,1,337
1169,2000,6,1,336
1170,1982,9,1,238
1171,1980,9,1,456
1172,1978,6,1,281
1173,1982,9,1,276
1174,2002,3,1,112
1175,1981,6,1,219
1176,1982,9,1,281
1177,1983,6,1,346
1178,1983,9,1,266
1179,1983,3,1,142
1180,1982,12,1,350
1181,1981,6,1,325
1182,1970,9,1,349
1183,1981,6,1,228
1184,1982,9,1,324
1185,1990,6,1,189
1186,1996,9,1,325
1187,1982,6,1,275
1188,1982,6,1,409
1189,2006,6,1,457
1190,1983,3,1,160
1191,1999,9,1,434
1192,1984,6,1,244
1193,1988,6,1,293
1194,1988,6,1,298
1195,1970,6,1,279
1196,1984,6,1,178
1197,1997,6,1,241
1198,1983,6,1,289
1199,1994,6,1,192
1200,1982,6,1,274
1201,1999,3,1,191
1202,1982,6,1,143
1203,1982,6,1,200
1204,1982,9,1,203
1205,1984,6,1,74
1206,1981,6,1,203
1207,1982,9,1,299
1208,1980,9,1,374
1209,1981,6,1,316
1210,1999,6,1,426
1211,1982,6,1,166
1212,1983,6,1,259
1213,2005,6,1,285
1214,2003,6,1,272
1215,1977,3,1,171
1216,2000,9,1,313
1217,1995,6,1,240
1218,1994,9,1,285
1219,1983,6,1,271
1220,1978,6,1,236
1221,1978,6,1,188
1222,2003,6,1,318
1223,2000,9,1,302
1224,2003,6,1,300
1225,2005,6,1,221
1226,1982,6,1,390
1227,1998,3,1,33
1228,1997,3,4,46
1229,1993,6,1,267
1230,1960,3,3,59
1231,1998,9,1,303
1232,1994,6,1,241
1233,1980,9,1,332
1234,2000,6,1,210
1235,2007,6,1,235
1236,1995,9,1,248
1237,1982,9,1,256
1238,1990,6,1,198
1239,1994,6,1,231
1240,1950,3,3,32
1241,1995,6,1,227
1242,1984,6,1,263
1243,1983,9,1,278
1244,1980,3,1,122
1245,1981,6,1,358
1246,1980,3,1,137
1247,2004,6,1,334
1248,1996,6,1,271
1249,1980,3,1,225
1250,1982,9,1,283
1251,1975,6,1,128
1252,1994,9,1,243
1253,1977,6,1,256
1254,1991,6,1,423
1255,1970,3,3,88
1256,1987,3,1,80
1257,1980,6,1,354
1258,1987,6,1,270
1259,1986,9,1,535
1260,1986,9,1,329
1261,1989,9,1,282
1262,1990,6,1,390
1263,2004,6,1,174
1264,1980,6,1,308
1265,1983,6,1,313
1266,1980,3,3,12
1267,1977,6,1,204
1268,1977,3,3,131
1269,1992,6,1,412
1270,1983,3,1,55
1271,1987,6,1,272
1272,1980,6,1,246
1273,1983,6,1,228
1274,1982,6,1,259
1275,2001,6,1,292
1276,1983,6,1,267
1277,1980,6,1,266
1278,1969,6,1,231
1279,1996,6,1,251
1280,1983,6,1,224
1281,1983,9,1,430
1282,1995,6,1,192
1283,2007,6,1,181
1284,1983,6,1,291
1285,1996,6,1,341
1286,1992,6,1,384
1287,2008,6,1,232
1288,1992,6,1,352
1289,1986,6,3,783
1290,1984,6,1,242
1291,1987,3,1,40
1292,1983,6,1,240
1293,1982,6,1,258
1294,1983,6,1,288
1295,1982,6,1,195
1296,2003,6,1,191
1297,1980,6,1,379
1298,2010,6,1,183
1299,1993,6,1,231
1300,1992,6,1,226
1301,1457,9,4,1385
1302,2007,6,4,403
1303,2017,3,3,2802
1304,1983,3,1,221
1305,1990,3,1,167
1306,1996,6,1,218
1307,1992,3,1,232
1308,1992,6,1,197
1309,1986,3,1,253
1310,1995,6,1,289
1311,2003,6,1,242
1312,2003,6,1,163
1313,1983,6,1,406
1314,1980,6,1,225
1315,1980,6,1,278
1316,1985,6,1,483
1317,2006,6,1,374
1318,2006,6,1,384
1319,1982,6,1,229
1320,1995,6,1,324
1321,1998,6,1,224
1322,1999,9,1,315
1323,1982,6,1,301
1324,1982,6,1,240
1325,2009,6,1,233
1326,1988,9,1,264
1327,2007,6,1,188
1328,1998,6,1,281
1329,1998,9,1,317
1330,2004,6,1,292
1331,1983,6,1,502
1332,1999,6,1,294
1333,1984,6,1,279
1334,1990,6,1,248
1335,1980,6,1,201
1336,1988,9,1,259
1337,2005,6,1,366
1338,1974,6,1,246
1339,1983,6,1,269
1340,1986,6,1,183
1341,1994,6,1,316
1342,1989,9,1,312
1343,1990,6,1,248
1344,1978,6,1,189
1345,1984,9,1,299
1346,1987,9,1,281
1347,1992,6,1,273
1348,2020,6,1,240
1349,1987,6,1,233
1350,1992,6,1,263
1351,1982,6,1,315
1352,2000,6,1,230
1353,1989,6,1,275
1354,1977,9,1,375
1355,2001,6,1,176
1356,1983,6,1,216
1357,1975,3,1,71
1358,1960,6,1,370
1359,2024,3,1,122
1360,1982,6,1,668
1361,1998,6,1,260
1362,1982,6,1,150
1363,1982,3,1,138
1364,1984,3,1,185
1365,1989,6,1,446
1366,1978,3,1,189
1367,1994,6,1,179
1368,1986,6,1,347
1369,1993,6,1,260
1370,1960,6,1,151
1371,1983,6,1,246
1372,1983,9,1,218
1373,1977,3,1,171
1374,1975,6,1,345
1375,1979,6,1,164
1376,1980,6,1,156
1377,1960,6,1,269
1378,1983,9,1,354
1379,1977,6,1,213
1380,1978,6,1,445
1381,1980,6,1,140
1382,1983,9,1,173
1383,1979,6,1,261
1384,1978,6,1,238
1385,1998,3,1,172
1386,1980,3,1,165
1387,2010,6,1,257
1388,1982,9,1,226
1389,2001,9,1,395
1390,1983,6,1,156
1391,1978,3,1,162
1392,1991,6,1,216
1393,1980,3,1,151
1394,1975,9,1,228
1395,1983,6,1,330
1396,2000,0,N,0
1397,1973,3,1,263
1398,1960,3,3,45
1399,1978,3,3,45
1400,1999,6,1,233
1401,1988,3,1,236
1402,2003,3,1,13
1403,1992,6,1,229
1404,1991,6,1,187
1405,1997,3,1,45
1406,1979,3,4,26
1407,1985,6,1,372
1408,1975,9,1,339
1409,1996,6,1,291
1410,1982,6,1,284
1411,1987,6,1,248
1412,1980,6,1,277
1413,1990,9,1,194
1414,1980,6,1,174
1415,1993,6,1,212
1416,1970,3,1,56
1417,2002,9,1,281
1418,2008,6,1,360
1419,1983,9,1,245
1420,1978,6,1,310
1421,1974,6,1,324
1422,1993,6,1,247
1423,1999,6,1,293
1424,1972,3,1,146
1425,1972,3,1,272
1426,2024,3,1,97
1427,2023,3,1,77
1428,2005,9,1,328
1429,1983,3,1,52
1430,1983,6,1,276
1431,1998,9,1,276
1432,1981,9,1,358
1433,1985,3,3,50
1434,1983,6,1,312
1435,2001,9,1,209
1436,1997,9,1,353
1437,1982,3,1,68
1438,1979,3,3,33
1439,1991,9,1,376
1440,1997,6,1,314
1441,1995,3,3,6
1442,1982,6,1,320
1443,1984,6,1,364
1444,1997,9,1,374
1445,1995,6,1,289
1446,1980,3,1,147
1447,2004,6,1,295
1448,2004,6,1,215
1449,1984,6,1,220
1450,2001,6,1,269
1451,1996,6,1,223
1452,1983,9,1,246
1453,1983,9,1,264
1454,1983,6,1,177
1455,1980,9,1,267
1456,1982,6,1,188
1457,1983,9,1,317
1458,1983,3,3,57
1459,1983,6,1,250
1460,1977,6,1,267
1461,1993,6,1,248
1462,2001,9,1,301
1463,1994,9,1,238
1464,1987,9,1,292
1465,1980,6,1,156
1466,1980,3,1,123
1467,1975,6,1,376
1468,1993,3,1,184
1469,1991,6,1,182
1470,1982,3,1,161
1471,2007,6,1,357
1472,1995,6,1,258
1473,1983,6,1,187
1474,2008,9,1,430
1475,2006,6,1,176
1476,2002,9,1,323
1477,1984,6,1,246
1478,1993,6,1,245
1479,1978,3,1,167
1480,1983,3,3,57
1481,1982,6,1,356
1482,1982,6,1,293
1483,1983,6,1,299
1484,1983,6,1,198
1485,1980,6,1,348
1486,1980,6,1,189
1487,1999,3,1,137
1488,1989,9,1,377
1489,1990,9,1,366
1490,1985,3,1,164
1491,1996,6,1,192
1492,1985,6,1,383
1493,1994,9,1,363
1494,1996,9,1,511
1495,1999,9,1,386
1496,2009,6,1,350
1497,2009,6,1,345
1498,1980,6,1,420
1499,1980,6,1,550
1500,2003,6,1,272
1501,1984,6,1,296
1502,1980,6,1,348
1503,1980,3,1,65
1504,1980,6,1,214
1505,1980,3,1,60
1506,1982,6,1,255
1507,2002,6,1,251
1508,1980,9,1,358
1509,1983,6,1,274
1510,1980,3,1,107
1511,1994,6,1,185
1512,1993,6,1,234
1513,1985,6,1,268
1514,1983,9,1,302
1515,1982,3,1,137
1516,1978,6,1,314
1517,1992,6,1,280
1518,1979,6,1,248
1519,1984,6,1,120
1520,2006,6,1,235
1521,2006,6,1,223
1522,1981,6,1,327
1523,1992,9,1,297
1524,1985,6,4,2400
1525,1998,6,1,196
1526,2023,3,1,218
1527,1980,6,1,295
1528,1982,6,1,149
1529,1983,6,1,342
1530,1974,6,1,230
1531,2004,6,1,217
1532,1986,9,1,313
1533,2006,9,1,302
1534,1987,9,1,337
1535,1975,3,1,152
1536,1980,9,1,270
1537,1980,6,1,246
1538,1975,3,1,330
1539,1982,6,1,296
1540,2000,3,1,60
1541,1962,3,3,29
1542,1991,6,1,262
1543,1982,6,1,429
1544,1982,6,1,221
1545,1994,9,1,409
1546,1982,3,1,150
1547,1986,9,1,407
1548,2004,6,1,200
1549,1978,6,1,329
1550,1982,6,1,328
1551,1971,6,1,191
1552,1972,6,1,109
1553,1983,6,1,278
1554,1960,3,1,25
1555,1982,9,1,264
1556,1960,3,3,83
1557,1996,6,1,288
1558,1992,6,1,344
1559,1981,6,1,183
1560,1980,3,1,231
1561,1994,9,1,334
1562,1983,6,1,305
1563,1984,6,1,314
1564,1983,3,1,118
1565,2013,6,1,188
1566,1982,9,1,451
1567,1982,6,1,261
1568,1983,6,1,242
1569,1985,6,1,204
1570,1983,6,1,265
1571,1982,9,1,312
1572,1980,6,1,268
1573,1982,3,3,89
1574,1986,6,1,221
1575,1986,6,1,272
1576,1982,3,1,92
1577,1991,9,1,245
1578,1982,6,1,272
1579,1997,6,1,255
1580,1995,6,1,289
1581,1980,6,1,243
1582,1980,3,1,45
1583,1982,9,1,260
1584,1980,6,1,337
1585,1980,3,1,66
1586,1980,3,1,174
1587,1997,6,1,217
1588,2006,3,1,63
1589,2007,6,1,508
1590,1990,6,1,196
1591,1993,9,1,371
1592,2004,3,1,38
1593,2000,6,1,239
1594,1993,6,1,205
1595,1985,3,1,169
1596,1982,3,1,51
1597,1982,6,1,154
1598,1993,6,1,258
1599,1982,3,3,51
1600,1982,6,1,334
1601,2008,6,1,208
1602,1982,6,1,282
1603,1982,3,1,253
1604,1981,6,1,169
1605,1982,3,1,120
1606,1990,6,1,180
1607,1983,9,1,388
1608,1981,6,1,271
1609,1982,9,1,267
1610,1982,9,1,250
1611,1996,3,1,67
1612,2007,6,1,207
1613,1980,9,1,255
1614,1982,9,1,237
1615,1996,6,1,160
1616,1979,9,1,280
1617,1987,9,1,324
1618,2001,6,1,192
1619,1980,3,1,127
1620,1980,3,1,160
1621,1981,3,1,120
1622,1996,9,1,250
1623,1981,3,1,87
1624,1981,9,1,387
1625,1981,6,1,281
1626,1988,6,1,193
1627,1981,6,1,356
1628,1990,6,1,252
1629,1997,6,1,200
1630,1981,3,1,65
1631,1985,3,1,257
1632,1986,9,1,363
1633,1980,9,1,350
1634,2000,3,3,28
1635,1985,6,1,193
1636,1930,6,2,3644
1637,1970,3,2,66
1638,1975,3,2,368
1639,1900,6,2,909
1640,1975,6,2,195
1641,1975,3,2,212
1642,1940,9,2,2089
1643,1994,3,2,186
1644,2014,3,2,381
1645,1968,3,2,398
1646,1970,6,2,244
1647,1979,6,2,222
1648,1975,6,2,178
1649,1979,9,2,412
1650,1999,3,2,57
1651,1995,3,2,209
1652,1994,3,2,641
1653,1940,9,2,4274
1654,1995,3,2,4667
1655,1986,6,3,4140
1656,1985,3,2,1704
1657,1920,6,2,1662
1658,1984,3,2,357
1659,2010,15,4,8535
1660,2000,3,N,0
1661,1975,6,2,673
1662,2000,3,N,0
1663,1994,3,2,447
1664,2000,3,2,61
1665,1990,3,3,522
1666,1960,6,1,125
1667,1994,3,2,43
1668,1960,6,1,247
1669,1984,3,2,62
1670,1970,3,2,269
1671,1975,3,2,341
1672,1970,3,2,3641
1673,1940,3,2,126
1674,1987,6,2,1318
1675,1979,6,1,362
1676,1966,6,2,2651
1677,1979,6,2,2572
1678,1500,6,2,2531
1679,2006,6,2,3884
1680,1960,3,2,170
1681,1994,6,2,618
1682,1995,6,2,3183
1683,1995,3,2,171
1684,1995,6,2,1323
1685,1960,3,3,5877
1686,1946,3,2,87
1687,1985,6,2,3335
1688,1959,9,2,3125
1689,1943,6,2,641
1690,2000,3,2,126
1691,1993,6,2,322
1692,1980,3,2,105
1693,1880,9,2,955
1694,1880,6,2,1417
1695,2004,6,4,692993
1696,2005,3,4,182566
1697,2006,3,2,232
1698,1990,3,2,15
1699,1880,6,2,1051
1700,1990,3,2,4195
1701,2000,3,2,51
1702,1880,12,2,2041
1703,1950,9,2,1178
1704,1984,3,3,461
1705,2000,6,N,0
1706,1906,9,2,2434
1707,2000,3,3,143
1708,1975,6,2,213
1709,1979,9,1,253
1710,2000,3,N,0
1711,1960,3,2,37
1712,1964,6,2,257
1713,1968,3,2,915
1714,1958,6,2,247
1715,1974,3,2,316
1716,2012,3,2,95
1717,2000,3,2,60
1718,1975,6,2,540
1719,1994,6,2,26
1720,2000,3,N,0
1721,1990,3,2,53
1722,1990,3,2,250
1723,2000,3,2,249
1724,1990,3,2,32
1725,1975,3,2,350
1726,1978,6,2,698
1727,2004,3,2,68
1728,1984,3,2,85
1729,1995,3,2,95
1730,1975,6,2,1606
1731,1994,3,2,273
1732,1990,6,2,541
1733,1968,3,2,324
1734,1985,6,2,188
1735,1989,6,2,347
1736,1975,3,2,550
1737,2012,3,2,126
1738,2006,3,2,51
1739,1960,6,2,141
1740,1980,3,2,132
1741,1972,3,2,521
1742,1955,3,2,87
1743,1930,9,1,2421
1744,1965,3,2,496
1745,1994,6,1,206
1746,1985,6,2,266
1747,2012,3,2,131
1748,1995,3,2,55
1749,1970,3,2,40
1750,1995,3,2,68
1751,2000,6,2,126
1752,1984,6,2,296
1753,1984,3,2,69
1754,2003,3,3,1016
1755,2000,3,N,0
1756,1995,3,2,38
1757,2000,3,N,0
1758,2006,3,2,74
1759,1970,6,2,98
1760,1960,9,2,431
1761,1967,3,2,110
1762,1991,6,2,303
1763,1995,3,2,110
1764,1940,6,2,168
1765,1978,3,2,449
1766,1995,3,2,673
1767,1974,6,2,255
1768,2000,0,N,0
1769,1990,3,2,164
1770,1975,6,2,2474
1771,1959,6,2,1430
1772,2006,3,2,187
1773,1960,9,2,4031
1774,1960,6,2,474
1775,1980,3,2,2552
1776,1986,6,1,284
1777,2010,3,2,30
1778,1975,6,2,175
1779,2000,3,2,66
1780,2000,3,N,0
1781,1955,9,2,439
1782,1960,6,2,149
1783,1985,3,2,85
1784,1960,3,2,78
1785,1978,3,2,218
1786,1993,6,2,818
1787,1960,6,2,317
1788,2000,3,2,780
1789,1990,6,2,100
1790,1975,6,2,432
1791,1995,6,2,89
1792,2013,3,3,731
1793,1940,3,2,486
1794,1990,6,2,107
1795,1975,6,2,193
1796,1980,6,2,161
1797,1980,6,2,241
1798,1918,9,2,1384
1799,1940,9,2,9065
1800,2000,3,N,0
1801,1948,9,2,1819
1802,1984,3,2,649
1803,1980,9,2,516
1804,1980,3,2,181
1805,1978,6,2,353
1806,1970,3,2,18
1807,1960,3,2,46
1808,2001,3,2,72
1809,2001,6,2,268
1810,2001,3,2,90
1811,1960,3,2,42
1812,1997,3,2,581
1813,1965,3,2,224
1814,1994,3,2,140
1815,1965,3,2,243
1816,1985,3,2,263
1817,1950,6,3,10970
1818,1880,9,2,3104
1819,1992,3,2,544
1820,1965,3,2,68
1821,1965,3,2,179
1822,1960,3,2,227
1823,1965,3,2,180
1824,1965,3,2,26
1825,1985,3,2,56
1826,1987,3,2,192
1827,1920,12,4,14358
1828,2000,3,N,0
1829,2000,3,N,0
1830,1895,6,2,568
1831,1905,6,2,964
1832,1996,6,1,294
1833,1995,6,1,370
1834,1993,3,1,130
1835,1980,3,1,102
1836,1982,3,1,175
1837,1980,6,1,264
1838,2000,6,1,387
1839,2024,6,1,272
1840,1982,6,4,55
1841,1982,3,1,48
1842,1982,3,1,111
1843,1960,3,3,46
1844,1981,6,1,173
1845,1994,6,1,117
1846,2018,6,1,336
1847,1980,6,1,148
1848,1982,9,1,155
1849,1980,6,1,180
1850,1994,9,1,273
1851,1982,3,1,129
1852,1995,6,1,247
1853,1981,6,1,239
1854,1993,6,1,257
1855,1982,6,1,199
1856,1980,6,1,196
1857,1982,6,1,263
1858,1993,6,1,193
1859,1987,6,1,215
1860,1980,6,1,224
1861,1990,6,1,236
1862,1977,6,1,173
1863,1982,3,3,45
1864,2006,3,1,219
1865,1983,6,1,298
1866,1995,6,1,246
1867,1991,9,1,253
1868,1981,6,1,275
1869,2003,3,1,155
1870,1993,9,1,238
1871,1980,6,1,319
1872,1997,9,1,401
1873,1983,6,1,359
1874,1985,9,1,350
1875,1983,6,1,144
1876,1993,6,1,215
1877,1983,3,1,269
1878,1998,9,1,488
1879,1985,9,1,330
1880,2003,6,1,332
1881,1985,6,1,247
1882,2006,9,1,352
1883,2005,6,1,191
1884,1980,3,1,78
1885,1995,6,1,273
1886,1996,6,1,333
1887,1992,9,1,248
1888,1960,9,1,275
1889,1985,6,1,325
1890,1983,3,1,106
1891,1980,3,1,126
1892,1980,9,1,230
1893,2009,6,1,414
1894,1982,6,1,413
1895,1981,3,1,177
1896,1981,6,1,283
1897,1984,6,1,174
1898,1981,6,1,250
1899,1980,6,1,225
1900,1984,6,1,255
1901,1993,6,1,287
1902,1982,6,1,516
1903,1981,3,3,108
1904,1996,9,1,320
1905,1982,6,1,247
1906,2020,3,1,97
1907,1975,6,1,185
1908,1982,6,1,253
1909,1981,6,1,349
1910,2020,6,1,215
1911,1977,6,1,258
1912,1999,6,1,378
1913,2004,3,4,37
1914,1982,6,1,220
1915,1982,3,1,231
1916,2008,6,1,262
1917,1985,6,1,276
1918,1982,6,1,205
1919,2000,9,1,340
1920,2000,9,1,375
1921,1983,3,1,230
1922,1983,6,1,30
1923,1993,9,1,323
1924,1998,9,1,385
1925,1985,3,3,28
1926,1960,3,3,35
1927,1960,3,1,33
1928,2003,3,1,151
1929,1980,6,1,276
1930,1981,6,1,188
1931,1980,3,1,123
1932,2019,3,1,116
1933,1996,6,1,169
1934,1990,6,1,262
1935,1982,6,1,227
1936,1992,6,1,195
1937,1982,9,1,376
1938,1980,9,1,245
1939,1996,6,1,227
1940,1982,6,1,310
1941,1960,3,1,94
1942,1982,3,4,59
1943,2003,9,1,450
1944,1982,6,1,279
1945,1979,9,1,368
1946,1980,3,1,92
1947,1982,3,1,173
1948,1996,3,1,56
1949,1982,3,1,94
1950,1991,6,1,203
1951,1998,6,1,198
1952,1998,6,1,245
1953,1986,6,1,322
1954,1999,6,1,284
1955,1981,6,1,246
1956,1998,3,1,105
1957,1992,6,1,252
1958,1970,3,1,171
1959,1991,6,1,181
1960,1981,3,1,45
1961,1996,6,1,241
1962,2006,6,1,341
1963,2020,6,1,201
1964,1982,6,1,370
1965,1985,3,1,25
1966,1980,6,1,46
1967,1982,3,1,349
1968,2024,6,1,164
1969,1980,9,1,312
1970,1990,6,1,162
1971,1980,3,1,88
1972,1980,6,1,244
1973,1976,3,3,51
1974,1988,6,1,238
1975,1994,9,1,216
1976,2006,3,1,86
1977,1994,9,1,221
1978,1975,3,1,79
1979,1990,9,1,382
1980,1980,6,1,234
1981,1979,9,1,268
1982,1981,6,1,374
1983,1980,0,1,78
1984,1984,12,1,336
1985,2020,6,1,239
1986,1980,3,1,98
1987,1991,3,1,40
1988,1991,6,1,226
1989,1978,3,1,161
1990,1980,6,4,277
1991,2007,6,1,240
1992,1980,3,1,178
1993,1980,3,1,128
1994,2009,3,1,115
1995,1997,3,1,205
1996,2005,6,1,191
1997,1980,3,1,176
1998,1980,6,1,357
1999,2015,3,1,88
2000,1980,6,1,263
2001,1980,3,1,298
2002,1980,6,1,222
2003,2004,3,1,115
2004,1980,6,1,205
2005,1980,6,1,239
2006,1980,6,3,23
2007,1980,6,1,510
2008,1980,3,1,56
2009,1980,3,1,120
2010,1980,3,1,97
2011,1980,3,1,139
2012,1980,3,3,265
2013,1980,3,1,146
2014,1980,3,1,66
2015,1988,3,1,168
2016,1980,3,1,48
2017,1980,3,3,105
2018,2010,3,1,230
2019,2001,9,1,445
2020,1975,6,1,313
2021,2001,3,1,153
2022,1960,3,1,44
2023,2001,6,1,252
2024,2001,3,1,135
2025,2001,3,1,131
2026,1984,3,1,144
2027,2001,3,1,129
2028,2001,3,1,123
2029,2001,3,1,204
2030,2001,6,1,235
2031,1980,6,1,293
2032,2001,3,1,113
2033,2001,9,1,216
2034,1982,6,1,242
2035,2001,3,1,162
2036,1975,3,1,184
2037,2005,6,1,234
2038,1978,9,1,255
2039,2008,3,4,103
2040,1978,6,1,483
2041,1991,6,1,308
2042,2004,3,4,377
2043,2003,3,1,345
2044,2004,3,1,291
2045,1978,9,1,276
2046,1978,9,1,433
2047,1974,6,1,266
2048,1972,3,1,149
2049,1972,6,1,477
2050,1980,6,1,290
2051,1980,6,1,171
2052,1970,9,1,333
2053,1999,6,1,264
2054,1978,6,1,246
2055,1973,9,1,305
2056,1998,6,1,313
2057,1978,3,1,212
2058,1979,9,1,293
2059,1987,3,1,50
2060,1978,9,1,424
2061,1978,3,1,219
2062,1978,6,1,104
2063,1970,3,1,134
2064,1969,6,1,213
2065,2017,3,1,137
2066,2010,6,1,484
2067,1960,9,1,182
2068,1960,9,1,244
2069,1960,3,3,20
2070,1964,6,1,172
2071,1958,9,1,216
2072,1998,6,1,344
2073,1958,6,1,163
2074,1958,6,1,367
2075,2006,6,1,590
2076,2002,6,1,232
2077,1987,6,1,310
2078,1970,6,1,273
2079,1992,6,1,253
2080,1970,3,3,79
2081,1975,6,1,273
2082,1976,9,1,229
2083,1960,3,1,44
2084,1960,3,1,52
2085,1997,6,1,128
2086,1975,6,1,293
2087,1986,3,1,313
2088,1987,3,1,66
2089,1975,6,1,310
2090,1975,6,1,118
2091,1975,3,1,63
2092,1975,3,1,196
2093,1975,6,1,403
2094,1985,6,1,254
2095,1954,9,1,362
2096,1966,6,1,150
2097,1977,6,1,270
2098,1975,6,1,202
2099,1970,9,1,283
2100,1987,6,1,186
2101,2008,9,1,373
2102,1985,6,1,293
2103,1985,6,1,241
2104,1975,6,1,208
2105,1975,9,1,362
2106,1970,3,1,28
2107,1974,6,1,413
2108,1986,6,1,244
2109,1975,3,1,126
2110,1975,6,1,294
2111,1975,9,1,286
2112,1987,9,1,392
2113,1985,9,1,310
2114,2001,3,1,940
2115,1987,9,1,329
2116,1991,6,1,339
2117,1986,6,1,318
2118,2009,6,1,274
2119,1965,6,1,393
2120,1975,6,1,253
2121,1975,6,1,317
2122,1975,3,1,95
2123,1975,3,1,64
2124,1995,3,3,35
2125,1968,6,1,153
2126,1975,6,1,91
2127,1990,6,1,217
2128,1970,9,1,209
2129,1975,12,1,255
2130,1975,6,1,236
2131,1975,9,1,265
2132,1975,6,1,298
2133,1985,6,1,240
2134,1970,6,1,114
2135,1985,6,1,288
2136,1965,9,1,413
2137,1985,6,1,292
2138,1975,3,1,49
2139,2000,3,3,88
2140,1975,6,1,196
2141,2002,6,1,277
2142,1980,3,1,199
2143,2017,3,1,231
2144,2002,6,1,318
2145,2006,3,1,232
2146,1984,6,1,215
2147,2022,6,1,271
2148,1962,6,1,227
2149,2006,6,1,258
2150,1984,6,1,334
2151,2000,3,N,0
2152,1965,6,1,143
2153,1976,6,1,445
2154,1989,15,1,709
2155,1985,9,1,605
2156,1978,9,1,361
2157,2011,6,1,299
2158,1980,9,1,192
2159,1999,3,1,210
2160,1980,3,1,58
2161,1993,3,1,110
2162,2009,3,1,42
2163,2002,6,1,379
2164,2005,9,1,261
2165,2001,6,1,233
2166,2005,6,1,216
2167,1979,9,1,239
2168,1998,6,1,429
2169,1980,9,1,149
2170,1999,6,1,337
2171,2008,9,1,278
2172,1999,6,1,198
2173,2018,6,1,221
2174,1994,3,1,112
2175,1979,6,1,109
2176,1995,6,1,248
2177,2022,3,1,99
2178,2001,9,1,262
2179,1999,3,1,104
2180,2008,6,1,242
2181,2008,6,1,242
2182,2008,6,1,242
2183,2005,9,1,279
2184,2000,6,1,230
2185,1999,6,1,562
2186,2003,3,1,598
2187,2004,6,1,186
2188,2002,3,1,162
2189,2001,6,1,261
2190,2005,12,1,252
2191,2005,12,1,520
2192,2005,9,1,428
2193,2005,9,1,206
2194,1979,3,1,135
2195,2002,3,1,224
2196,1999,3,1,287
2197,2000,0,N,0
2198,1979,6,1,156
2199,2008,6,1,339
2200,2007,6,1,256
2201,2007,6,1,272
2202,1980,9,1,150
2203,2002,3,1,201
2204,1995,6,1,340
2205,2004,9,1,263
2206,1980,6,1,65
2207,2003,6,1,174
2208,2009,6,1,203
2209,2008,6,1,231
2210,1998,3,1,132
2211,2021,6,1,306
2212,1996,6,1,274
2213,1997,3,1,16
2214,1999,6,1,174
2215,2008,3,1,276
2216,2004,6,1,285
2217,1984,6,1,278
2218,1980,6,1,400
2219,1999,9,1,223
2220,1997,9,1,274
2221,2008,6,1,320
2222,2021,6,1,284
2223,2000,9,1,216
2224,2008,6,1,597
2225,1980,6,1,150
2226,1980,6,1,136
2227,1980,9,1,226
2228,2002,3,1,236
2229,2002,3,1,171
2230,2004,9,1,251
2231,1998,9,1,247
2232,2001,6,1,332
2233,2004,6,1,197
2234,2003,9,1,329
2235,2003,9,1,369
2236,2005,6,1,308
2237,2007,3,1,268
2238,2001,3,1,226
2239,1999,9,1,178
2240,1999,6,1,287
2241,2004,6,1,268
2242,2003,6,1,336
2243,2001,6,1,220
2244,1999,6,1,426
2245,2021,6,1,159
2246,2011,6,1,216
2247,2000,9,1,260
2248,2002,9,1,235
2249,2024,6,1,296
2250,2009,6,1,214
2251,2004,6,1,226
2252,2002,3,1,243
2253,2003,9,1,253
2254,2003,6,1,256
2255,2004,9,1,218
2256,2004,9,1,207
2257,2004,9,1,210
2258,2004,9,1,255
2259,2004,6,1,222
2260,2004,6,1,222
2261,2004,9,1,222
2262,2004,9,1,191
2263,2004,9,1,174
2264,2004,9,1,195
2265,2004,9,1,175
2266,2002,3,1,277
2267,1980,9,1,194
2268,2002,6,1,234
2269,2001,6,1,266
2270,2000,6,1,245
2271,2003,9,1,227
2272,2011,9,1,419
2273,2005,6,1,285
2274,2009,9,1,422
2275,2008,6,1,266
2276,2005,6,1,306
2277,1973,6,1,40
2278,1985,6,1,182
2279,2000,0,1,158
2280,1999,6,1,228
2281,1997,3,1,164
2282,1985,9,1,256
2283,1998,3,1,249
2284,2009,6,1,284
2285,2002,6,1,225
2286,2009,6,1,197
2287,2006,6,1,215
2288,1998,6,1,215
2289,1982,9,1,259
2290,1995,3,1,268
2291,2022,6,1,306
2292,2005,3,1,281
2293,2007,3,1,102
2294,1980,3,1,131
2295,1980,3,1,98
2296,2004,6,1,217
2297,2020,6,1,206
2298,2021,6,1,223
2299,2019,6,1,352
2300,2001,3,1,154
2301,2000,6,1,193
2302,2006,6,1,269
2303,1998,6,1,395
2304,2000,9,1,271
2305,2000,0,N,0
2306,2023,3,1,139
2307,2003,3,1,43
2308,2005,6,1,200
2309,2004,6,1,171
2310,2004,6,1,194
2311,2009,6,1,274
2312,2007,9,1,318
2313,1980,6,1,164
2314,1980,3,1,114
2315,1980,6,1,148
2316,1996,3,1,151
2317,1980,6,1,183
2318,2006,6,1,256
2319,1997,3,1,193
2320,2001,6,1,235
2321,2001,6,1,352
2322,1999,3,1,177
2323,2000,3,1,210
2324,2001,6,1,304
2325,1999,9,1,404
2326,2001,6,1,490
2327,1980,6,1,154
2328,2002,6,1,243
2329,2006,6,1,266
2330,2008,6,1,204
2331,2000,6,1,214
2332,2000,3,1,243
2333,1998,6,1,139
2334,2005,6,1,168
2335,1980,3,1,94
2336,2000,3,1,246
2337,2013,6,1,279
2338,1979,9,1,237
2339,1980,6,1,119
2340,1980,3,1,44
2341,2003,6,1,209
2342,1985,3,1,69
2343,1980,6,1,272
2344,2009,6,1,297
2345,1980,6,1,105
2346,1980,3,1,89
2347,2000,0,N,0
2348,1980,3,1,85
2349,1980,3,1,60
2350,1980,3,1,247
2351,1980,3,1,117
2352,1987,6,1,176
2353,1987,3,1,174
2354,1985,6,1,196
2355,1985,6,1,194
2356,1970,6,3,169
2357,1987,9,1,347
2358,1987,9,1,455
2359,1980,3,1,73
2360,1992,6,1,206
2361,1981,3,1,257
2362,2005,9,1,390
2363,1980,3,1,30
2364,1997,6,1,313
2365,1980,6,1,310
2366,1980,3,3,40
2367,1980,3,1,40
2368,1980,6,3,40
2369,1963,6,1,203
2370,1982,6,1,224
2371,1980,3,1,118
2372,1985,6,1,141
2373,1980,6,1,183
2374,1980,6,1,257
2375,1980,6,1,348
2376,1987,9,1,402
2377,2004,6,1,476
2378,1982,3,1,200
2379,2006,6,1,337
2380,1980,6,1,292
2381,1985,9,1,280
2382,1985,3,1,283
2383,1980,6,1,180
2384,1960,6,1,233
2385,1960,3,1,173
2386,1980,3,1,115
2387,1990,9,1,258
2388,1986,6,1,467
2389,1985,3,1,46
2390,1985,3,3,9
2391,1980,3,1,50
2392,1960,9,1,252
2393,2004,6,1,643
2394,2003,6,1,202
2395,1999,6,1,240
2396,1998,6,1,244
2397,2002,9,1,425
2398,2003,3,1,261
2399,2001,3,1,160
2400,1999,3,1,105
2401,2023,3,1,149
2402,2000,6,1,362
2403,1980,3,1,102
2404,1980,6,1,234
2405,1980,3,1,140
2406,1980,6,1,174
2407,2006,6,1,261
2408,2002,6,1,198
2409,2008,3,1,267
2410,2003,3,1,171
2411,2005,3,1,176
2412,1980,3,1,46
2413,2006,6,1,262
2414,2006,6,1,254
2415,2004,9,1,395
2416,2006,9,1,268
2417,2007,3,1,112
2418,2005,9,1,167
2419,2003,6,1,185
2420,2006,9,1,519
2421,2006,6,1,304
2422,2001,3,1,145
2423,2006,6,1,314
2424,2008,9,1,339
2425,1997,6,1,182
2426,1980,3,1,47
2427,1980,3,1,141
2428,1980,3,4,57
2429,1999,6,1,322
2430,1980,6,1,260
2431,2001,6,1,249
2432,1993,6,1,165
2433,1980,6,1,186
2434,1980,3,1,148
2435,1989,6,1,178
2436,2001,6,1,254
2437,2006,3,1,96
2438,1975,3,1,24
2439,1997,3,1,197
2440,1980,3,1,179
2441,2008,6,1,198
2442,1975,3,3,48
2443,2007,6,1,243
2444,1997,6,1,339
2445,2022,3,1,111
2446,1980,6,1,216
2447,2001,6,1,253
2448,2002,6,1,256
2449,2002,6,1,348
2450,2007,6,1,279
2451,2002,6,1,292
2452,2007,3,1,203
2453,2003,6,1,295
2454,1980,3,1,119
2455,1980,6,1,170
2456,1980,3,1,198
2457,2002,3,1,146
2458,2003,3,1,26
2459,1980,3,1,45
2460,2005,6,1,249
2461,1998,9,1,483
2462,1998,6,1,208
2463,2006,3,4,119
2464,1996,6,1,373
2465,1997,6,1,128
2466,1996,6,1,186
2467,1988,3,1,233
2468,1999,6,1,1265
2469,1996,3,1,11
2470,1994,6,1,127
2471,2001,3,1,187
2472,1996,6,1,234
2473,1996,3,1,79
2474,2000,3,N,0
2475,1997,6,1,179
2476,2001,3,1,230
2477,2007,6,1,182
2478,2017,6,1,352
2479,1997,3,1,110
2480,2003,9,1,295
2481,1980,9,1,184
2482,1980,9,1,213
2483,1979,6,1,121
2484,1997,6,1,147
2485,2004,6,1,220
2486,1998,9,1,290
2487,2006,9,1,278
2488,1996,6,1,381
2489,1970,3,1,27
2490,2015,6,4,7357
2491,1980,6,1,177
2492,2004,3,1,51
2493,1980,3,1,218
2494,2000,3,N,0
2495,2006,6,1,314
2496,2007,6,1,301
2497,1997,9,1,345
2498,1980,6,1,173
2499,1975,3,1,57
2500,1980,6,1,258
2501,1980,6,1,162
2502,1999,6,1,397
2503,2005,9,1,294
2504,2001,3,1,210
2505,2009,9,1,281
2506,1999,6,1,157
2507,2003,6,1,253
2508,2001,3,1,296
2509,2000,6,1,199
2510,2000,3,1,94
2511,2002,3,1,156
2512,2000,6,1,123
2513,2000,3,1,392
2514,2000,3,1,371
2515,2000,9,1,395
2516,2009,6,1,204
2517,1980,3,1,111
2518,2005,12,1,522
2519,2007,6,1,234
2520,2001,6,1,312
2521,2001,6,1,260
2522,2001,6,1,368
2523,2001,6,1,344
2524,1980,3,1,80
2525,1981,6,1,257
2526,1993,3,1,200
2527,2001,6,1,252
2528,2009,6,1,286
2529,2003,6,1,249
2530,2003,3,1,168
2531,2008,6,1,278
2532,2008,6,1,292
2533,2003,6,1,208
2534,1997,3,1,325
2535,2004,9,1,228
2536,1997,6,1,277
2537,2021,9,1,314
2538,1998,9,1,242
2539,1999,9,1,365
2540,2001,6,1,275
2541,2002,3,1,172
2542,2003,6,1,130
2543,2001,6,1,349
2544,2001,6,1,346
2545,2001,6,1,330
2546,1979,3,4,161
2547,1990,6,1,297
2548,1979,3,1,66
2549,2005,3,1,96
2550,1979,3,1,163
2551,1979,9,1,272
2552,2000,3,N,0
2553,1996,6,1,246
2554,2001,9,1,208
2555,2008,6,1,114
2556,2002,6,1,165
2557,1975,3,1,59
2558,2000,3,N,0
2559,2001,9,1,277
2560,2003,9,1,255
2561,2000,9,1,311
2562,1996,6,1,233
2563,1979,9,1,191
2564,2006,6,1,248
2565,1980,3,1,56
2566,1979,3,1,235
2567,1979,6,1,253
2568,1999,3,1,191
2569,1980,3,1,117
2570,1980,3,1,137
2571,1980,6,1,181
2572,1980,3,1,299
2573,1980,6,1,237
2574,1979,3,1,107
2575,1980,6,1,171
2576,1979,3,1,112
2577,1997,3,1,53
2578,1980,6,1,320
2579,1980,6,1,331
2580,1980,3,1,118
2581,1979,3,1,159
2582,1997,6,1,245
2583,1979,3,1,195
2584,1997,3,1,182
2585,2001,3,1,228
2586,1999,6,1,269
2587,2004,6,1,269
2588,2002,6,1,299
2589,2007,6,1,302
2590,1980,6,1,176
2591,1980,6,1,169
2592,2008,3,1,231
2593,2005,6,1,273
2594,2008,6,1,292
2595,2003,3,1,412
2596,2006,6,1,277
2597,2007,6,1,462
2598,1997,6,1,300
2599,1986,9,1,228
2600,1978,3,1,81
2601,1989,9,1,155
2602,2001,6,1,273
2603,2001,3,1,279
2604,1994,6,1,327
2605,1995,3,1,207
2606,1994,6,1,219
2607,1998,6,1,262
2608,2004,3,1,182
2609,1989,9,1,177
2610,1989,3,1,32
2611,2008,6,1,244
2612,1979,6,1,233
2613,2003,3,1,119
2614,1960,9,1,218
2615,1979,3,1,91
2616,1979,12,1,361
2617,1997,6,1,203
2618,1997,9,1,182
2619,1980,3,1,152
2620,1999,6,1,414
2621,1995,3,1,322
2622,1968,9,1,245
2623,1961,12,1,539
2624,2009,12,1,257
2625,1995,12,1,206
2626,1955,6,1,160
2627,1955,9,1,186
2628,1961,9,1,278
2629,1955,3,1,104
2630,1970,15,1,937
2631,1970,12,1,258
2632,1967,9,1,264
2633,1970,9,1,154
2634,1965,3,1,119
2635,1961,6,1,162
2636,1965,3,1,104
2637,1965,9,1,215
2638,1966,12,1,279
2639,1965,9,1,308
2640,1955,9,1,414
2641,1960,6,1,355
2642,1990,9,1,331
2643,1960,6,1,218
2644,1968,9,1,142
2645,1983,12,1,486
2646,1955,6,1,194
2647,1965,6,1,149
2648,1965,9,1,235
2649,1965,9,1,247
2650,1970,9,1,173
2651,1965,9,1,214
2652,1965,6,1,191
2653,1965,9,1,350
2654,1960,6,1,169
2655,1962,3,1,202
2656,1997,3,3,229
2657,2005,12,1,412
2658,2000,12,1,405
2659,1998,12,1,412
2660,1990,12,1,740
2661,2007,12,1,659
2662,1993,12,1,396
2663,1994,9,1,340
2664,2004,12,1,762
2665,1998,12,1,930
2666,2000,12,1,2177
2667,1965,6,1,479
2668,1966,9,1,245
2669,1957,6,1,176
2670,1962,6,1,173
2671,1952,9,1,269
2672,1956,9,1,274
2673,1955,9,1,263
2674,1955,3,1,107
2675,1999,9,1,252
2676,1953,6,1,118
2677,1963,9,1,260
2678,1962,3,1,209
2679,1973,3,1,240
2680,1962,6,1,203
2681,2005,12,1,1364
2682,2001,18,1,3747
2683,2002,9,1,335
2684,1997,3,3,12
2685,1980,3,4,104
2686,1995,3,4,194
2687,2019,6,1,156
2688,2007,6,1,191
2689,2005,9,1,284
2690,2007,6,1,256
2691,2000,9,1,240
2692,2001,3,1,245
2693,1998,6,1,249
2694,1999,9,1,412
2695,2002,3,4,426
2696,1980,6,1,128
2697,1980,3,1,91
2698,1996,3,1,198
2699,1999,6,1,239
2700,2009,6,1,322
2701,2002,3,1,90
2702,1995,3,1,193
2703,1980,3,1,172
2704,2007,6,1,192
2705,2004,6,1,121
2706,1998,6,1,282
2707,1996,9,1,264
2708,1996,3,4,39
2709,1980,6,1,345
2710,1999,6,1,207
2711,2003,6,1,264
2712,1980,6,1,391
2713,1999,6,1,159
2714,2003,6,1,184
2715,2000,0,N,0
2716,1980,3,1,203
2717,2005,6,1,172
2718,1980,6,1,154
2719,2008,6,1,250
2720,1980,9,1,122
2721,2002,6,1,120
2722,1992,9,1,213
2723,2010,9,1,274
2724,1997,6,1,488
2725,1999,6,1,209
2726,2004,6,1,114
2727,1980,3,1,82
2728,1980,3,1,52
2729,1980,3,1,153
2730,2000,6,1,228
2731,2006,6,1,197
2732,2009,6,1,193
2733,2007,6,1,252
2734,2007,6,1,252
2735,2004,3,1,210
2736,1980,3,1,70
2737,1997,3,1,31
2738,2005,6,1,359
2739,2009,6,1,265
2740,2013,3,1,152
2741,1990,3,1,258
2742,2002,9,1,367
2743,2009,6,1,257
2744,2003,6,1,292
2745,1980,9,1,277
2746,1998,9,1,251
2747,1979,3,1,99
2748,1981,3,3,20
2749,1979,9,1,553
2750,1999,6,1,282
2751,1979,6,1,253
2752,1996,6,1,293
2753,1996,9,1,340
2754,1996,3,1,171
2755,1999,3,1,265
2756,1978,3,1,182
2757,1997,9,1,353
2758,1978,3,1,99
2759,2011,6,1,218
2760,1999,6,1,131
2761,1978,6,1,164
2762,2003,6,1,198
2763,1973,6,1,110
2764,2000,6,1,206
2765,1998,6,1,326
2766,1980,3,1,53
2767,1998,6,1,169
2768,2001,9,1,231
2769,1992,6,1,232
2770,1979,12,1,400
2771,2005,9,4,4761
2772,2006,3,3,26
2773,1950,6,1,105
2774,1960,9,1,168
2775,1960,9,1,610
2776,1975,12,1,801
2777,1950,9,1,344
2778,1950,6,1,222
2779,1956,9,1,313
2780,1954,3,1,94
2781,1965,9,1,239
2782,1950,3,1,128
2783,1973,9,1,257
2784,1951,12,1,375
2785,2009,12,1,486
2786,1983,12,1,363
2787,1960,9,1,296
2788,2006,12,1,1636
2789,1999,9,1,3920
2790,1961,3,1,119
2791,1966,6,1,288
2792,1965,9,1,268
2793,1961,6,1,277
2794,1964,6,1,321
2795,1962,6,1,202
2796,1953,6,1,221
2797,1965,3,1,154
2798,1972,12,1,393
2799,1964,12,1,514
2800,2005,15,1,646
2801,1970,9,1,231
2802,1966,3,1,269
2803,1996,6,1,312
2804,1966,3,1,192
2805,1963,3,1,182
2806,2011,12,4,728
2807,1999,18,1,8819
2808,1961,12,1,337
2809,1962,3,1,71
2810,1953,3,1,85
2811,1953,3,1,88
2812,1966,9,1,202
2813,1962,9,1,202
2814,1950,3,1,89
2815,1959,9,1,208
2816,1999,12,1,411
2817,2003,9,1,736
2818,1992,6,1,721
2819,1980,6,1,211
2820,2004,9,1,254
2821,2024,3,1,208
2822,2024,6,1,256
2823,1997,3,1,388
2824,1980,3,1,78
2825,1998,6,1,274
2826,2002,6,1,237
2827,1998,9,1,187
2828,1980,6,1,54
2829,2000,9,1,222
2830,1999,3,1,217
2831,1980,6,1,162
2832,1999,3,1,216
2833,2000,6,1,276
2834,1981,3,1,84
2835,2005,6,1,231
2836,2004,6,1,288
2837,1990,6,1,258
2838,1988,3,1,45
2839,1997,3,3,402
2840,2003,6,1,199
2841,1990,6,1,552
2842,1988,3,1,138
2843,1988,3,1,122
2844,1992,9,1,516
2845,1975,3,1,87
2846,1982,3,1,115
2847,2000,3,N,0
2848,2011,6,1,194
2849,1980,3,4,20
2850,1980,3,1,150
2851,1990,6,1,267
2852,1990,3,1,123
2853,1999,6,1,126
2854,1997,6,1,94
2855,1982,6,1,332
2856,1980,6,1,108
2857,1997,6,1,153
2858,1992,3,1,70
2859,1997,6,1,190
2860,1999,6,1,202
2861,1998,6,1,200
2862,1990,3,1,136
2863,2004,6,1,243
2864,2000,9,1,225
2865,2008,6,1,322
2866,1998,9,1,283
2867,2006,6,1,272
2868,1987,3,1,179
2869,2006,9,1,231
2870,1985,9,1,291
2871,1982,9,1,402
2872,2023,6,1,145
2873,2000,6,1,290
2874,2008,6,1,276
2875,2000,0,N,0
2876,1980,3,1,161
2877,1980,3,1,149
2878,2017,3,1,108
2879,1984,9,1,312
2880,1982,3,1,112
2881,1999,6,1,277
2882,2005,6,1,222
2883,1980,9,1,135
2884,2000,3,1,205
2885,2006,9,1,276
2886,1992,3,3,6554
2887,1979,3,1,121
2888,1975,6,1,160
2889,1975,6,1,220
2890,1993,9,1,259
2891,1975,6,1,194
2892,1976,6,1,162
2893,1978,3,1,36
2894,1975,9,1,427
2895,2005,3,1,108
2896,2004,9,1,317
2897,2000,3,N,0
2898,1993,15,1,26759
2899,1998,9,1,313
2900,1980,3,3,31
2901,1980,3,1,84
2902,1979,6,1,138
2903,1979,9,1,351
2904,2005,6,1,106
2905,2007,6,1,286
2906,1997,6,1,280
2907,1988,3,1,160
2908,1980,3,1,128
2909,1997,6,1,213
2910,2000,3,N,0
2911,1999,6,1,177
2912,1999,6,1,229
2913,1993,6,1,174
2914,1993,6,1,229
2915,1979,6,1,94
2916,1960,6,1,237
2917,1997,3,1,158
2918,1996,3,1,157
2919,1995,3,1,183
2920,2007,6,1,201
2921,1980,6,1,180
2922,2003,6,1,291
2923,1990,3,1,41
2924,1980,3,1,113
2925,1980,6,1,314
2926,1999,6,1,217
2927,2003,6,1,203
2928,2000,3,N,0
2929,2004,6,1,189
2930,1998,3,1,181
2931,1979,3,1,158
2932,1980,3,1,166
2933,2006,6,1,250
2934,1979,6,1,129
2935,1979,6,1,173
2936,1989,9,1,202
2937,1980,9,1,241
2938,1996,6,1,350
2939,1999,3,4,1352
2940,2002,6,1,266
2941,1992,3,3,407
2942,1952,6,1,178
2943,1960,9,1,199
2944,1993,6,3,236
2945,1957,3,1,85
2946,1953,12,1,297
2947,1960,9,1,289
2948,1970,6,1,102
2949,2002,12,1,1275
2950,1960,6,1,45
2951,2001,12,1,2474
2952,2005,6,4,345
2953,2005,9,4,417
2954,1995,9,1,336
2955,1950,6,1,155
2956,1950,6,1,172
2957,1950,9,1,296
2958,1952,6,1,207
2959,2003,12,1,523
2960,1950,9,1,299
2961,1953,3,1,127
2962,1959,6,1,93
2963,1962,6,1,107
2964,1959,3,1,50
2965,1962,3,1,56
2966,1960,6,1,214
2967,1960,6,1,232
2968,1966,6,1,241
2969,1994,12,4,375
2970,1950,6,1,153
2971,1956,9,1,370
2972,2007,12,1,1226
2973,1970,3,3,478
2974,1972,6,1,302
2975,1960,3,1,101
2976,1961,3,1,105
2977,1978,9,1,269
2978,1957,6,1,116
2979,1999,9,1,4249
2980,1950,3,1,59
2981,1959,3,1,78
2982,1953,9,1,215
2983,1951,9,1,282
2984,1951,3,1,56
2985,1994,15,1,15190
2986,1997,15,1,5738
2987,1998,15,1,4562
2988,1996,21,1,25130
2989,1993,12,1,3709
2990,1998,9,1,3636
2991,1960,3,2,53
2992,1960,3,2,32
2993,1960,6,2,452
2994,1975,3,2,125
2995,1975,6,2,330
2996,1975,9,2,368
2997,1960,3,2,531
2998,2018,9,4,6403
2999,1996,15,1,13347
3000,1996,15,1,13271
3001,1994,9,1,7202
3002,1997,9,1,7335
3003,1998,9,1,162
3004,1998,9,1,162
3005,1998,9,1,162
3006,1998,9,1,162
3007,1999,9,1,162
3008,1999,9,1,162
3009,1999,9,1,162
3010,1999,9,1,162
3011,1999,9,1,162
3012,1999,9,1,162
3013,1999,9,1,162
3014,1996,12,1,1995
3015,1998,12,1,998
3016,1998,12,1,998
3017,1996,15,1,29169
3018,2004,3,4,736
3019,2008,15,4,3778
3020,1999,12,1,1815
3021,1996,12,1,3374
3022,2001,12,1,2174
3023,1980,12,1,335
3024,1980,9,1,351
3025,1983,9,1,349
3026,1983,6,1,269
3027,1970,6,1,262
3028,1970,9,1,378
3029,1986,9,1,288
3030,1970,9,1,337
3031,1983,12,1,515
3032,1970,12,1,831
3033,1960,9,1,224
3034,1978,9,1,239
3035,1960,9,1,224
3036,1960,9,1,259
3037,1950,3,1,93
3038,1940,6,1,130
3039,1950,3,1,70
3040,2005,12,1,807
3041,2005,12,1,2123
3042,1987,6,3,720
3043,1980,9,3,970
3044,1987,9,1,360
3045,1994,12,1,566
3046,1970,15,1,176
3047,1940,9,1,228
3048,1970,9,1,171
3049,1978,12,1,144
3050,1960,6,1,180
3051,1970,9,1,119
3052,1950,9,1,117
3053,1950,6,1,64
3054,1987,3,3,77
3055,1950,3,1,137
3056,1950,3,1,139
3057,1950,3,1,140
3058,1960,9,1,184
3059,1960,9,1,178
3060,1960,9,1,214
3061,1960,9,1,182
3062,1960,3,1,92
3063,1960,9,1,145
3064,1960,3,1,146
3065,1998,9,1,184
3066,1950,9,1,221
3067,1998,9,1,197
3068,1977,15,1,434
3069,1974,6,1,150
3070,1970,6,1,166
3071,1996,9,1,136
3072,1962,9,1,169
3073,1948,9,1,172
3074,1955,9,1,170
3075,1960,9,1,177
3076,1959,6,1,118
3077,1950,6,1,127
3078,1950,9,1,198
3079,1955,9,1,139
3080,1950,9,1,112
3081,1960,6,1,144
3082,1957,6,1,133
3083,1953,9,1,168
3084,2005,12,1,650
3085,1956,9,1,138
3086,1962,12,1,235
3087,1962,9,1,192
3088,1950,3,1,108
3089,1955,6,1,124
3090,1958,6,1,140
3091,1970,12,1,753
3092,1979,12,1,475
3093,1982,9,3,1036
3094,1979,6,1,571
3095,1950,12,1,443
3096,1950,3,1,158
3097,1950,9,1,158
3098,1950,6,1,158
3099,1956,6,1,153
3100,1958,6,1,142
3101,1965,12,1,213
3102,1964,3,1,97
3103,1964,6,1,120
3104,1964,9,1,256
3105,1974,12,1,592
3106,1980,9,1,181
3107,2001,12,1,1374
3108,1970,12,1,510
3109,1986,9,1,438
3110,1978,9,1,361
3111,1982,9,1,412
3112,1992,12,1,3342
3113,1958,6,1,298
3114,1964,12,1,385
3115,1958,3,1,307
3116,1957,6,1,177
3117,1955,3,1,153
3118,1962,9,1,381
3119,1959,3,1,183
3120,1958,6,1,147
3121,1970,6,1,138
3122,1957,9,1,196
3123,1959,9,1,188
3124,1960,12,1,216
3125,1957,6,1,63
3126,1960,9,1,114
3127,1954,9,1,149
3128,1961,9,1,117
3129,1960,6,1,60
3130,1958,9,1,93
3131,1960,9,1,84
3132,1969,9,1,90
3133,1959,9,1,81
3134,2006,9,1,167
3135,1960,9,1,186
3136,1954,9,1,94
3137,1970,9,1,112
3138,1959,6,1,199
3139,1950,6,1,143
3140,1951,6,1,189
3141,1950,6,1,123
3142,1955,6,1,127
3143,1960,6,1,172
3144,1962,6,1,94
3145,1959,9,1,131
3146,1962,3,1,70
3147,1955,6,1,148
3148,1953,3,1,46
3149,1956,9,1,132
3150,1962,9,1,188
3151,1969,9,1,230
3152,1958,6,1,234
3153,1961,6,4,298
3154,1960,9,1,198
3155,1957,12,1,44
3156,1961,6,1,109
3157,1973,9,1,122
3158,1960,9,1,300
3159,1951,6,1,173
3160,1966,9,1,225
3161,1963,9,1,188
3162,2010,12,1,108
3163,1964,6,1,36
3164,1999,12,1,610
3165,1958,12,1,344
3166,1960,6,1,92
3167,1930,9,1,87
3168,1960,9,1,157
3169,1960,6,1,107
3170,1960,3,1,114
3171,1975,9,1,295
3172,1984,6,4,3539
3173,1999,12,1,332
3174,1950,9,3,56
3175,1970,12,1,217
3176,1951,6,1,88
3177,1956,9,1,80
3178,1960,15,1,175
3179,1960,9,1,208
3180,1958,12,1,385
3181,1958,9,1,170
3182,1957,6,1,115
3183,1956,9,1,99
3184,1955,6,1,77
3185,1959,6,1,87
3186,1960,6,1,164
3187,1952,6,1,148
3188,1959,6,1,109
3189,1950,6,1,133
3190,1951,3,1,57
3191,1959,9,1,104
3192,1961,6,1,112
3193,1962,6,1,79
3194,1995,12,1,164
3195,1952,6,1,59
3196,1984,3,4,611
3197,1960,6,1,100
3198,1958,12,1,137
3199,1960,9,1,319
3200,1930,15,4,17573
3201,1980,3,3,19
3202,1970,12,1,754
3203,1970,12,1,754
3204,1970,12,1,754
3205,1970,12,1,754
3206,1970,12,1,752
3207,1970,3,3,175
3208,1998,18,1,25344
3209,1968,9,1,118
3210,1958,9,1,263
3211,1963,12,1,355
3212,1958,9,1,281
3213,1970,15,1,488
3214,1958,6,3,319
3215,1970,3,3,362
3216,1958,9,1,290
3217,1963,9,1,349
3218,1963,3,1,89
3219,1968,12,1,435
3220,1963,3,1,235
3221,1963,9,1,244
3222,1958,9,1,205
3223,1958,6,1,304
3224,1958,9,1,321
3225,1958,3,1,81
3226,2002,12,1,1083
3227,1972,3,3,152
3228,1970,3,3,130
3229,1963,12,1,533
3230,1958,6,1,165
3231,1958,3,1,105
3232,1960,9,1,208
3233,1958,6,1,144
3234,1958,6,1,156
3235,1997,9,1,243
3236,1995,9,1,342
3237,1998,9,1,294
3238,1996,12,1,1377
3239,1960,3,1,190
3240,1972,3,1,168
3241,1998,12,1,1979
3242,1998,9,1,1343
3243,1999,12,1,1329
3244,1957,9,1,317
3245,1956,9,1,166
3246,1958,12,1,374
3247,1958,6,1,268
3248,1950,3,1,91
3249,1950,3,1,185
3250,1958,9,1,173
3251,1958,3,1,78
3252,1962,9,1,215
3253,1970,9,1,389
3254,1968,9,1,201
3255,1970,12,1,360
3256,1968,9,1,423
3257,1968,6,1,283
3258,1963,6,1,458
3259,1950,6,1,302
3260,1960,12,1,509
3261,1960,9,1,172
3262,1975,6,1,282
3263,1968,12,1,480
3264,1968,9,1,282
3265,1968,18,1,681
3266,1963,12,1,397
3267,1960,15,1,472
3268,1970,18,1,1060
3269,1968,6,1,230
3270,1982,15,1,554
3271,1968,6,1,123
3272,1950,15,1,544
3273,1970,9,1,280
3274,1950,9,1,173
3275,1958,6,1,170
3276,1960,6,1,213
3277,1979,15,1,782
3278,1980,9,1,301
3279,1965,6,1,176
3280,1979,9,1,299
3281,1940,6,1,100
3282,1962,9,1,200
3283,1965,6,1,281
3284,1950,6,1,148
3285,1968,3,1,89
3286,1957,12,1,301
3287,1947,15,1,305
3288,1940,6,1,167
3289,1940,6,1,140
3290,1963,3,3,22
3291,1963,3,1,59
3292,1950,6,1,130
3293,1960,9,1,324
3294,1962,9,1,121
3295,1959,9,1,102
3296,1960,9,1,202
3297,1963,9,1,167
3298,1957,6,1,202
3299,1960,15,1,1495
3300,1968,12,1,713
3301,1968,9,1,324
3302,1960,9,1,260
3303,1959,6,4,217
3304,1962,12,1,266
3305,1957,9,1,120
3306,1959,6,1,101
3307,1958,3,1,90
3308,1955,6,1,145
3309,1959,3,1,192
3310,1958,6,1,200
3311,1995,9,1,255
3312,1959,6,1,188
3313,1962,15,1,670
3314,1959,6,1,295
3315,1960,6,1,297
3316,1958,6,1,199
3317,1962,9,1,180
3318,1959,9,1,183
3319,1962,9,1,318
3320,1965,6,4,700
3321,1962,12,1,328
3322,1960,15,1,758
3323,1961,9,1,367
3324,1959,9,1,259
3325,1959,6,1,250
3326,1960,3,1,154
3327,1951,3,1,124
3328,1952,9,1,269
3329,1953,6,1,142
3330,1955,9,1,150
3331,1958,3,1,102
3332,1959,3,1,163
3333,1958,3,1,218
3334,1952,9,1,56
3335,1959,9,1,59
3336,1960,9,1,107
3337,1959,6,1,148
3338,1966,12,1,176
3339,1950,12,1,239
3340,1987,12,1,265
3341,1969,12,1,379
3342,1960,9,1,233
3343,1957,9,1,210
3344,1950,9,1,318
3345,1952,3,3,88
3346,1950,9,1,165
3347,1950,6,1,73
3348,1950,9,1,153
3349,1964,9,1,161
3350,1953,9,1,165
3351,1950,9,1,125
3352,1960,9,1,191
3353,1959,6,1,78
3354,1950,9,1,68
3355,1964,9,1,145
3356,1957,6,1,122
3357,1965,12,1,222
3358,1965,12,1,230
3359,1965,9,1,252
3360,1959,9,1,186
3361,1940,9,1,377
3362,1959,9,1,150
3363,1960,9,1,118
3364,1960,3,1,161
3365,1964,9,1,140
3366,1955,6,1,101
3367,1959,9,1,181
3368,1980,15,1,832
3369,1975,9,1,130
3370,1960,9,1,180
3371,1970,15,1,340
3372,1959,9,1,162
3373,1956,6,1,130
3374,1957,6,1,170
3375,1956,9,1,167
3376,1979,9,1,282
3377,1978,9,1,224
3378,1957,6,1,103
3379,1972,9,1,553
3380,1956,6,1,101
3381,1960,6,1,82
3382,1964,9,1,177
3383,1963,9,1,100
3384,1968,9,1,136
3385,1964,9,1,260
3386,1964,9,1,191
3387,1964,9,1,202
3388,1950,6,1,151
3389,1963,9,1,121
3390,1958,12,1,181
3391,1959,6,1,304
3392,1958,6,1,135
3393,1962,6,1,446
3394,1961,6,1,105
3395,1958,12,1,288
3396,1955,6,1,214
3397,2005,9,1,136
3398,1950,6,1,81
3399,1960,9,1,177
3400,1964,6,1,95
3401,1965,12,1,130
3402,1960,9,1,158
3403,1960,9,1,246
3404,1957,6,1,215
3405,1968,12,1,161
3406,1948,9,1,138
3407,1955,6,1,75
3408,1950,9,1,100
3409,1953,9,1,162
3410,1955,9,1,124
3411,1972,9,1,163
3412,1982,9,1,243
3413,1952,3,1,75
3414,1960,6,1,74
3415,1953,3,1,100
3416,1953,6,1,98
3417,1965,9,1,256
3418,1964,9,1,224
3419,1960,6,1,64
3420,1962,6,1,96
3421,1959,9,1,137
3422,1961,3,1,39
3423,1962,6,1,41
3424,1960,6,1,65
3425,1945,6,1,77
3426,1958,6,1,58
3427,1995,9,1,402
3428,1949,12,1,652
3429,1971,12,1,361
3430,1967,6,1,252
3431,1975,12,1,477
3432,1979,12,1,1730
3433,1962,6,1,258
3434,1952,9,1,204
3435,1959,3,1,92
3436,1960,6,1,134
3437,1961,6,1,160
3438,1963,3,1,215
3439,1959,9,1,313
3440,1962,6,1,269
3441,1961,6,1,222
3442,1960,6,1,200
3443,1958,9,1,344
3444,1945,9,1,278
3445,1959,9,1,220
3446,1949,9,1,290
3447,1978,6,1,242
3448,1969,9,1,161
3449,1983,9,1,223
3450,1962,9,1,212
3451,1962,6,3,264
3452,1959,6,1,170
3453,1959,9,1,239
3454,1957,3,1,55
3455,1961,3,1,105
3456,1963,3,1,82
3457,1959,6,1,122
3458,1958,6,1,135
3459,1955,6,1,76
3460,1999,18,1,9184
3461,2004,9,1,872
3462,2001,12,1,609
3463,2006,12,1,637
3464,2003,12,1,412
3465,1998,9,1,6694
3466,1959,6,1,340
3467,1974,9,4,4914
3468,1974,3,3,25
3469,1974,3,2,116
3470,1986,6,1,145
3471,1982,3,1,62
3472,1973,3,1,193
3473,1970,6,1,97
3474,1976,6,1,237
3475,1979,6,1,423
3476,1972,6,1,249
3477,2003,9,1,390
3478,2008,6,1,187
3479,2000,3,1,105
3480,1970,6,1,153
3481,2005,6,1,189
3482,1961,3,1,35
3483,1992,0,1,15
3484,1963,6,1,135
3485,1975,3,1,84
3486,1958,6,1,135
3487,1980,3,1,72
3488,1969,6,1,294
3489,1989,6,1,422
3490,1980,3,1,53
3491,1976,6,1,162
3492,1970,6,1,164
3493,2004,9,1,304
3494,1960,3,1,228
3495,1960,3,1,54
3496,1958,3,1,22
3497,1985,3,1,73
3498,1985,3,1,86
3499,1965,6,1,279
3500,1962,6,1,219
3501,1965,6,1,743
3502,1965,6,1,218
3503,1970,3,1,187
3504,1965,3,1,202
3505,1996,3,1,175
3506,1995,6,1,159
3507,1958,6,1,234
3508,1972,9,1,219
3509,1962,18,1,1237
3510,1954,3,1,121
3511,1955,12,1,418
3512,2000,9,1,204
3513,1964,9,1,185
3514,1956,3,1,83
3515,1969,6,1,152
3516,1957,9,1,536
3517,1961,9,1,424
3518,1989,9,1,160
3519,1991,9,1,538
3520,1968,15,1,484
3521,1968,12,1,400
3522,1967,12,1,352
3523,1969,18,1,636
3524,1968,6,1,214
3525,1964,9,1,315
3526,1966,6,1,247
3527,2000,12,1,2785
3528,1972,21,1,7691
3529,2007,12,1,3430
3530,1968,12,1,179
3531,1992,12,1,545
3532,1989,9,1,226
3533,1989,9,1,233
3534,1989,9,1,160
3535,1989,9,1,196
3536,2010,12,1,1470
3537,1960,6,1,279
3538,1964,6,1,150
3539,1984,6,1,528
3540,1970,12,1,549
3541,1960,9,1,390
3542,2007,9,1,452
3543,2005,9,1,511
3544,2001,3,1,120
3545,1973,9,1,180
3546,1957,6,1,246
3547,1966,9,1,242
3548,1957,9,1,271
3549,1960,6,1,220
3550,1975,9,1,408
3551,1964,12,1,452
3552,1956,6,1,276
3553,1971,9,1,341
3554,1958,6,1,141
3555,1980,12,1,285
3556,1960,3,1,114
3557,1953,12,1,446
3558,2007,9,1,460
3559,2006,12,1,392
3560,1967,12,1,437
3561,1962,6,1,249
3562,1957,9,1,379
3563,1989,9,1,376
3564,2003,12,1,3486
3565,2012,18,1,4131
3566,2010,9,4,5085
3567,1977,6,1,100
3568,1968,9,1,197
3569,1965,12,1,396
3570,1963,12,1,400
3571,1968,9,1,260
3572,1966,3,1,93
3573,1963,9,1,215
3574,1978,12,1,437
3575,1977,9,1,255
3576,1976,12,1,484
3577,1965,6,1,212
3578,1966,21,1,854
3579,1965,9,1,354
3580,1970,6,1,114
3581,1966,9,1,368
3582,1969,15,1,598
3583,1965,21,1,1633
3584,1965,9,1,271
3585,1969,12,1,361
3586,1965,12,1,302
3587,1965,9,1,309
3588,1967,6,1,237
3589,2001,12,1,922
3590,1965,12,1,305
3591,1970,9,1,359
3592,1960,6,1,268
3593,1965,12,1,472
3594,1966,9,1,221
3595,1966,3,1,111
3596,1976,9,1,296
3597,1976,15,1,380
3598,1964,12,1,352
3599,1966,6,1,209
3600,1966,9,1,211
3601,1970,3,1,111
3602,1968,9,1,295
3603,1958,9,1,149
3604,1953,9,1,176
3605,1960,12,1,351
3606,1952,3,1,60
3607,1953,6,1,91
3608,1945,6,1,163
3609,1956,9,1,284
3610,1970,6,1,212
3611,1991,12,1,2013
3612,1999,9,1,324
3613,2004,12,1,1139
3614,1970,15,1,2739
3615,1961,6,1,199
3616,1959,9,1,232
3617,1955,6,1,97
3618,1960,9,4,185
3619,1958,6,1,170
3620,1960,9,1,125
3621,1950,3,1,66
3622,1954,3,1,119
3623,1960,12,1,174
3624,1954,9,1,130
3625,1955,9,1,133
3626,1955,3,1,88
3627,1955,6,1,153
3628,1958,6,1,236
3629,1975,6,1,250
3630,1950,6,1,221
3631,1950,9,1,218
3632,1955,3,1,118
3633,1965,6,1,222
3634,1955,6,1,135
3635,1968,6,1,183
3636,1955,9,1,200
3637,1958,9,1,178
3638,1957,9,1,223
3639,1965,12,1,378
3640,1955,12,1,267
3641,1968,12,1,291
3642,1965,12,1,330
3643,1955,6,3,86
3644,1955,6,3,215
3645,1955,6,1,202
3646,1955,9,1,220
3647,1963,12,1,391
3648,1963,6,1,140
3649,1969,6,1,128
3650,1955,6,1,178
3651,1955,3,4,93
3652,1955,3,1,107
3653,1955,3,1,71
3654,1955,6,1,118
3655,1955,6,1,150
3656,1955,3,1,90
3657,1955,6,1,122
3658,1955,3,1,93
3659,1968,9,1,455
3660,1972,15,1,965
3661,1972,15,1,1217
3662,1972,15,1,1942
3663,1970,9,4,391
3664,1965,6,1,112
3665,1962,6,1,112
3666,1960,3,1,166
3667,1963,9,1,263
3668,1960,3,3,28
3669,1969,18,1,1266
3670,1960,12,1,393
3671,1950,6,1,205
3672,1969,9,1,303
3673,1960,18,1,2511
3674,1960,6,1,267
3675,1960,6,1,243
3676,1960,15,1,662
3677,1955,6,1,530
3678,1954,3,1,101
3679,1958,6,1,78
3680,1972,9,1,391
3681,1968,12,1,458
3682,1973,9,1,367
3683,1976,12,1,429
3684,1953,9,1,312
3685,1968,9,1,265
3686,1953,3,1,140
3687,1969,6,1,238
3688,1951,9,1,240
3689,1968,6,1,199
3690,1969,9,1,403
3691,1956,6,1,101
3692,1950,12,1,332
3693,1953,12,1,366
3694,1950,9,1,354
3695,1950,9,1,86
3696,1960,6,N,90
3697,1950,6,1,133
3698,1960,6,N,62
3699,1940,6,1,149
3700,1965,12,1,305
3701,1954,9,1,186
3702,1963,15,1,353
3703,1967,12,1,214
3704,1966,15,1,405
3705,1964,15,1,345
3706,1966,12,1,379
3707,1962,6,1,173
3708,1960,12,1,369
3709,1954,6,1,99
3710,1954,9,1,253
3711,1952,9,1,168
3712,1962,12,1,393
3713,1959,9,1,217
3714,1961,9,1,242
3715,1961,9,1,249
3716,1960,6,1,216
3717,1962,6,1,248
3718,2009,12,1,250
3719,1951,9,1,265
3720,1958,6,1,136
3721,1956,3,1,98
3722,1956,9,1,124
3723,1957,6,1,136
3724,1960,6,1,221
3725,1954,6,1,339
3726,1956,6,1,260
3727,1959,3,1,130
3728,1959,6,1,185
3729,1958,9,1,220
3730,1956,6,1,277
3731,1954,9,1,296
3732,1955,18,1,307
3733,1953,6,1,142
3734,1953,9,1,353
3735,1957,9,1,452
3736,1961,15,1,124
3737,1959,12,1,161
3738,1952,6,1,126
3739,1960,9,1,125
3740,1956,9,1,251
3741,1959,9,1,200
3742,1955,12,1,268
3743,1960,12,1,201
3744,1959,9,1,180
3745,1958,9,1,164
3746,1954,6,1,96
3747,1966,9,1,172
3748,1956,6,1,86
3749,1958,9,1,158
3750,1959,9,1,186
3751,1960,9,1,169
3752,1957,9,1,73
3753,1956,9,1,140
3754,1980,9,1,234
3755,1960,0,1,45
3756,1957,9,1,128
3757,1957,6,1,106
3758,1999,6,4,1248
3759,1965,3,3,18
3760,1965,3,3,66
3761,1960,18,1,370
3762,1965,21,1,889
3763,1970,9,1,223
3764,1972,9,1,304
3765,1960,15,1,421
3766,1963,3,1,46
3767,1962,9,1,320
3768,1961,9,1,174
3769,1960,6,1,384
3770,1970,12,1,395
3771,1960,12,1,379
3772,1961,9,1,321
3773,1970,15,1,377
3774,1963,12,1,280
3775,1965,6,1,314
3776,1960,9,1,201
3777,1975,6,1,106
3778,1963,9,1,325
3779,1960,9,1,257
3780,1953,6,1,82
3781,1960,9,1,110
3782,1967,15,1,763
3783,1967,12,1,343
3784,1996,9,1,834
3785,1968,15,1,402
3786,1955,15,1,381
3787,1970,9,1,181
3788,1963,6,3,224
3789,1965,18,1,1678
3790,1965,18,1,1678
3791,1965,18,1,1678
3792,1965,18,1,1678
3793,1965,18,1,1678
3794,1962,18,1,1438
3795,1965,18,1,1438
3796,1965,18,1,1414
3797,1965,18,1,1414
3798,1965,18,1,1414
3799,1965,18,1,1414
3800,1965,18,1,1392
3801,1965,18,1,1392
3802,1965,18,1,1392
3803,1965,18,1,1414
3804,1956,9,1,382
3805,1975,12,1,909
3806,1980,9,1,410
3807,1971,12,1,379
3808,1972,6,1,154
3809,1973,9,1,253
3810,1977,15,1,765
3811,1969,15,1,732
3812,1969,18,1,818
3813,1967,12,1,396
3814,1992,12,1,293
3815,1973,6,1,264
3816,1969,9,1,372
3817,1954,9,1,328
3818,1992,6,1,694
3819,1955,3,1,63
3820,1960,3,1,134
3821,1970,6,1,136
3822,1978,3,1,197
3823,1980,3,1,42
3824,1992,6,1,179
3825,1970,6,1,110
3826,1970,6,1,92
3827,2000,3,N,0
3828,1969,6,1,80
3829,1971,9,1,222
3830,1970,3,1,42
3831,1970,3,1,112
3832,1970,3,3,48
3833,1982,6,1,131
3834,1997,9,1,187
3835,1960,9,1,164
3836,1992,9,1,364
3837,1961,3,1,95
3838,1997,6,1,373
3839,1992,6,1,320
3840,1993,6,1,449
3841,1970,6,1,136
3842,1978,9,1,231
3843,1980,6,1,68
3844,1980,6,1,234
3845,2007,9,1,254
3846,2021,6,1,173
3847,2016,9,1,253
3848,2007,6,1,344
3849,2007,6,1,326
3850,2007,6,1,369
3851,2007,6,1,314
3852,2007,6,1,314
3853,2007,6,1,314
3854,1960,9,1,109
3855,1966,6,1,227
3856,1960,9,1,199
3857,1960,3,1,42
3858,2016,3,1,289
3859,2013,3,1,91
3860,1960,6,1,244
3861,1970,6,1,239
3862,1965,3,1,133
3863,1965,3,1,141
3864,1962,6,1,365
3865,2009,3,1,18
3866,1970,6,1,167
3867,2022,6,1,384
3868,2022,6,1,244
3869,1970,3,1,56
3870,2022,6,1,321
3871,1998,6,4,230
3872,2010,12,1,4508
3873,1950,6,1,409
3874,1930,6,1,125
3875,1993,3,3,736
3876,1900,12,3,12090
3877,1999,3,3,2418
3878,1958,3,1,98
3879,1958,3,1,136
3880,1968,3,4,1042
3881,1930,6,1,70
3882,2008,12,1,907
3883,1935,9,1,848
3884,1953,9,1,249
3885,1956,15,1,379
3886,2000,3,N,0
3887,1900,12,4,416
3888,1954,6,1,135
3889,1962,9,1,166
3890,2001,9,1,309
3891,2008,21,1,5574
3892,1969,6,1,296
3893,1954,6,3,174
3894,1995,12,1,1572
3895,1999,12,1,1461
3896,1956,3,1,157
3897,1955,3,1,99
3898,1957,9,1,282
3899,1955,9,1,238
3900,1956,9,1,317
3901,1950,6,1,139
3902,1955,3,1,113
3903,1955,9,1,310
3904,1956,9,1,283
3905,1958,6,1,140
3906,1950,9,1,310
3907,2008,21,1,6565
3908,2008,18,1,2078
3909,2006,12,1,1089
3910,1960,9,4,2553
3911,1970,3,4,4297
3912,1970,3,4,1568
3913,1948,6,1,173
3914,1957,12,1,326
3915,1959,6,1,221
3916,1949,6,1,249
3917,1960,9,1,258
3918,1960,6,1,170
3919,1961,9,1,234
3920,1970,9,1,288
3921,1959,3,1,109
3922,1958,3,1,79
3923,1959,3,1,112
3924,1961,6,1,182
3925,1962,12,1,241
3926,1991,9,1,285
3927,1968,12,1,411
3928,1993,12,1,493
3929,1991,3,3,1165
3930,1991,9,1,194
3931,1952,9,1,177
3932,1999,9,1,195
3933,1997,9,1,295
3934,1958,3,1,70
3935,1960,9,1,231
3936,1991,9,1,1303
3937,1991,3,3,212
3938,1991,9,1,197
3939,1991,9,1,197
3940,1991,9,1,197
3941,1991,9,1,201
3942,2003,12,1,594
3943,2010,18,1,4803
3944,1993,12,1,398
3945,1969,6,1,371
3946,1958,12,1,521
3947,1955,3,1,273
3948,2005,12,1,393
3949,1954,12,1,505
3950,1957,6,1,318
3951,1959,9,1,333
3952,1960,9,1,413
3953,1968,6,1,228
3954,1958,3,1,215
3955,1956,3,1,220
3956,1977,3,1,223
3957,1930,3,1,88
3958,1940,6,1,156
3959,2003,12,1,558
3960,1958,9,1,209
3961,1950,9,1,241
3962,1950,9,1,228
3963,1940,6,1,208
3964,1940,9,1,196
3965,1940,9,1,230
3966,1950,6,1,232
3967,1950,6,1,226
3968,1940,3,1,101
3969,1945,9,1,238
3970,1948,6,1,219
3971,1977,12,1,246
3972,1950,3,1,95
3973,1958,6,1,111
3974,1950,6,1,119
3975,1950,3,1,99
3976,2014,3,1,93
3977,1940,9,1,502
3978,1950,9,1,228
3979,1954,9,1,271
3980,1956,9,1,278
3981,1968,9,1,365
3982,1950,6,1,210
3983,1960,9,1,180
3984,1965,6,1,167
3985,1970,9,1,56
3986,1986,3,1,15
3987,1957,9,1,390
3988,1992,15,1,537
3989,1949,9,1,453
3990,1948,6,1,191
3991,1968,15,1,380
3992,1960,15,1,567
3993,1966,6,1,204
3994,1982,9,1,264
3995,2000,9,1,467
3996,1975,12,1,717
3997,1973,18,1,508
3998,1988,9,1,1122
3999,1972,15,1,476
4000,1971,12,1,373
4001,1971,15,1,500
4002,1970,15,1,559
4003,1969,12,1,475
4004,1965,3,4,115
4005,1965,12,1,456
4006,1964,12,1,484
4007,1974,12,1,283
4008,1980,12,1,1133
4009,1965,12,1,360
4010,1968,3,4,118
4011,1964,6,1,94
4012,1945,6,1,149
4013,2009,12,1,1275
4014,1981,6,1,315
4015,1983,9,1,384
4016,1986,6,1,528
4017,1980,9,1,633
4018,1977,15,4,1403
4019,1966,18,1,559
4020,1971,15,1,1033
4021,1967,15,1,888
4022,1970,9,1,326
4023,1960,12,1,264
4024,1965,6,1,238
4025,1960,9,1,303
4026,1962,6,1,272
4027,1959,3,1,96
4028,1966,9,1,242
4029,1967,9,1,314
4030,1960,9,1,150
4031,1953,6,1,122
4032,1968,9,1,246
4033,1956,9,1,306
4034,1970,9,1,165
4035,1976,12,1,473
4036,1962,9,1,160
4037,1964,3,1,79
4038,1962,3,1,128
4039,1972,15,1,590
4040,1966,3,1,140
4041,1966,6,1,224
4042,1964,12,1,337
4043,1979,3,1,16
4044,2006,12,1,441
4045,1958,12,1,306
4046,1958,9,1,210
4047,1958,12,1,379
4048,1950,6,1,256
4049,1958,9,1,226
4050,1960,12,1,323
4051,1962,9,1,225
4052,1963,6,1,226
4053,1960,6,1,217
4054,1962,6,1,155
4055,1950,9,1,206
4056,1980,12,1,657
4057,1982,9,1,477
4058,1982,12,1,519
4059,1978,12,1,610
4060,1960,6,1,240
4061,1980,12,1,233
4062,1963,12,1,738
4063,1968,6,4,267
4064,1965,9,1,609
4065,1965,6,1,196
4066,1968,9,1,248
4067,1965,6,1,171
4068,1968,9,1,310
4069,1968,12,1,424
4070,1965,9,1,258
4071,1953,6,1,216
4072,1996,9,1,261
4073,1989,12,1,285
4074,1958,3,3,45
4075,1968,6,1,220
4076,1968,6,1,147
4077,1963,9,1,194
4078,2008,12,1,181
4079,1975,15,1,1976
4080,1981,15,1,505
4081,1981,15,1,511
4082,1996,9,1,407
4083,1968,6,1,110
4084,1958,9,1,301
4085,1990,6,1,229
4086,1960,9,1,253
4087,1960,12,1,403
4088,1978,12,1,429
4089,1968,9,1,297
4090,1968,12,1,401
4091,1968,12,1,412
4092,1958,9,1,389
4093,1980,6,1,217
4094,1958,12,1,362
4095,1968,9,1,311
4096,1958,6,1,211
4097,1963,6,1,133
4098,1958,9,1,186
4099,1958,9,1,244
4100,1958,9,1,233
4101,1958,6,1,112
4102,1958,9,1,280
4103,1958,6,1,211
4104,1958,6,4,205
4105,1958,9,1,288
4106,1958,9,4,271
4107,1958,9,1,280
4108,1956,9,1,322
4109,1958,6,1,313
4110,1952,15,1,417
4111,1958,6,1,275
4112,1958,3,1,176
4113,1958,6,1,351
4114,1958,6,1,261
4115,1963,3,1,151
4116,1963,3,1,144
4117,1963,3,1,128
4118,2007,12,1,533
4119,1963,3,1,221
4120,1963,3,1,206
4121,1985,9,1,354
4122,1976,27,1,1450
4123,1952,6,1,130
4124,1961,3,1,148
4125,1960,6,1,183
4126,1955,3,1,268
4127,1955,6,1,397
4128,1962,3,1,177
4129,1960,3,1,119
4130,1959,6,1,184
4131,1962,9,1,326
4132,1956,6,1,124
4133,1956,6,1,110
4134,1956,6,1,105
4135,1956,6,1,172
4136,1956,6,1,191
4137,1956,6,1,145
4138,1975,9,1,233
4139,1960,3,3,69
4140,2005,15,1,790
4141,1960,3,4,738
4142,1948,9,3,4391
4143,1986,9,3,5394
4144,1984,12,1,340
4145,1983,9,1,267
4146,1990,12,1,822
4147,1980,15,1,1113
4148,1992,12,1,1645
4149,1960,9,4,2693
4150,1960,12,4,3647
4151,1975,24,1,1507
4152,1971,3,3,131
4153,1970,21,1,1112
4154,1968,15,1,618
4155,1971,9,1,435
4156,1962,12,1,906
4157,1943,6,1,263
4158,1959,6,1,370
4159,1960,3,1,214
4160,1965,9,1,404
4161,1970,3,3,210
4162,1987,9,1,740
4163,1956,6,1,221
4164,1978,24,1,3005
4165,1975,24,1,2468
4166,1981,24,1,1974
4167,2014,15,1,881
4168,1964,3,3,19
4169,1964,9,3,6116
4170,1964,9,3,5275
4171,1975,15,1,1442
4172,1965,9,1,171
4173,1963,6,1,179
4174,1970,15,1,288
4175,1958,6,1,214
4176,1965,9,1,326
4177,1950,6,1,175
4178,1962,9,1,340
4179,1970,9,1,231
4180,1970,9,1,211
4181,1962,6,3,478
4182,1958,12,1,282
4183,1958,9,1,200
4184,1957,3,1,95
4185,1961,9,1,260
4186,1958,6,1,93
4187,1962,9,1,200
4188,1959,6,1,154
4189,1962,9,1,185
4190,1957,12,1,281
4191,1950,12,1,299
4192,1954,12,1,187
4193,1959,12,1,336
4194,1958,3,1,189
4195,1959,15,1,361
4196,1973,3,3,2909
4197,1973,3,3,45
4198,1973,3,3,415
4199,1973,3,3,1235
4200,1960,6,1,187
4201,1994,12,1,212
4202,1960,6,1,152
4203,1960,9,1,273
4204,1960,6,1,169
4205,1960,12,1,261
4206,1960,9,1,201
4207,1960,12,1,280
4208,1960,6,1,95
4209,1960,3,1,92
4210,1960,3,1,81
4211,1960,9,1,120
4212,1955,12,1,292
4213,1955,9,1,243
4214,1955,6,1,230
4215,1960,6,1,101
4216,1960,6,1,194
4217,1960,6,1,157
4218,1960,6,1,140
4219,1960,6,1,95
4220,1960,6,1,49
4221,1960,12,1,324
4222,1960,6,1,67
4223,1960,6,1,100
4224,1960,9,1,189
4225,1960,3,1,33
4226,1940,6,1,167
4227,2007,12,1,176
4228,1989,12,1,205
4229,1960,9,1,195
4230,1960,6,1,111
4231,1960,9,1,272
4232,2001,18,1,2481
4233,1960,12,1,533
4234,1960,12,1,104
4235,1960,6,1,58
4236,2008,15,1,2405
4237,1960,3,3,17
4238,1994,15,1,2016
4239,2007,15,1,472
4240,1975,15,1,541
4241,1975,6,3,240
4242,1975,9,1,436
4243,1975,12,1,561
4244,1960,12,1,451
4245,1997,15,1,964
4246,1960,6,1,156
4247,1995,12,1,193
4248,1960,6,1,193
4249,1960,3,1,123
4250,1960,6,1,166
4251,1960,6,1,159
4252,1960,6,1,214
4253,1960,6,1,229
4254,1960,6,1,188
4255,1960,12,1,541
4256,1984,12,1,512
4257,1960,15,1,492
4258,2003,15,1,1587
4259,1996,12,1,228
4260,2006,12,1,831
4261,2006,15,1,2459
4262,2008,15,1,2017
4263,1983,12,4,5599
4264,1960,9,1,224
4265,1956,9,1,293
4266,1956,6,1,216
4267,1956,15,1,413
4268,1950,9,1,264
4269,1958,9,1,243
4270,1960,12,1,319
4271,1960,3,1,104
4272,1976,30,1,23647
4273,1980,9,1,807
4274,1980,6,1,285
4275,1959,6,1,345
4276,1952,9,1,535
4277,1952,3,1,24
4278,1960,9,1,264
4279,1960,3,1,91
4280,1988,6,1,194
4281,2009,9,1,150
4282,2005,6,1,249
4283,1960,3,1,112
4284,1959,6,1,120
4285,1959,6,1,285
4286,1960,6,1,156
4287,1965,3,1,120
4288,2000,3,1,197
4289,1940,3,1,36
4290,1940,3,1,96
4291,1965,3,1,60
4292,1950,3,1,111
4293,1936,6,1,156
4294,1940,3,1,135
4295,1960,3,1,257
4296,2022,6,1,268
4297,2021,9,1,255
4298,2023,6,1,173
4299,2022,6,1,170
4300,2012,9,1,304
4301,2009,3,1,127
4302,1940,3,3,17
4303,1945,9,3,1589
4304,1925,6,1,270
4305,1925,6,1,235
4306,1953,6,1,212
4307,1960,3,3,135
4308,1967,12,1,132
4309,1960,3,1,217
4310,1975,9,1,886
4311,1950,6,1,277
4312,1992,6,4,2823
4313,1925,6,1,244
4314,1900,3,3,82
4315,1992,6,3,1018
4316,2007,21,1,10810
4317,2009,12,1,762
4318,1998,9,1,256
4319,1965,15,1,463
4320,1963,6,1,184
4321,2003,12,1,525
4322,1970,12,1,191
4323,1960,12,1,362
4324,1976,6,1,91
4325,1963,12,1,294
4326,1968,12,1,316
4327,1963,9,1,245
4328,1960,15,1,777
4329,1960,3,1,79
4330,1960,9,1,222
4331,1960,15,1,424
4332,1960,9,1,517
4333,2000,6,1,322
4334,2008,12,1,841
4335,2008,18,1,1786
4336,2005,6,4,1286
4337,1960,12,1,433
4338,1962,6,1,248
4339,1956,9,1,230
4340,1945,6,1,216
4341,1955,3,1,92
4342,1955,3,1,130
4343,1954,3,1,96
4344,2002,12,1,844
4345,1954,6,1,130
4346,1955,9,1,248
4347,1957,12,1,288
4348,1959,9,1,204
4349,1959,6,1,195
4350,1960,6,1,198
4351,1960,15,1,378
4352,1967,6,1,336
4353,1961,12,1,380
4354,1972,9,1,462
4355,1963,3,1,186
4356,1990,9,1,255
4357,1986,9,1,387
4358,1975,12,1,264
4359,1989,12,1,524
4360,1962,6,1,231
4361,1944,6,1,192
4362,1960,6,1,103
4363,1963,6,1,83
4364,1960,6,4,181
4365,1969,12,1,656
4366,1974,12,1,435
4367,1988,9,1,396
4368,1991,15,1,849
4369,1955,3,1,70
4370,1959,9,1,253
4371,1962,9,1,163
4372,1960,6,1,137
4373,1960,3,1,105
4374,1960,6,1,140
4375,1958,9,1,321
4376,1961,9,1,132
4377,1958,3,1,132
4378,1958,9,1,136
4379,1975,12,1,499
4380,1970,12,1,343
4381,1970,15,1,1216
4382,1971,12,1,720
4383,1969,12,1,1328
4384,1961,12,1,1344
4385,1990,9,1,315
4386,1993,9,1,3687
4387,1962,3,3,922
4388,2006,12,1,2939
4389,1991,15,1,438
4390,1988,9,1,330
4391,2003,12,1,1179
4392,1992,15,1,8187
4393,2004,9,4,1781
4394,1979,12,1,457
4395,1960,9,1,195
4396,1958,15,1,515
4397,1993,15,1,3024
4398,1956,6,1,166
4399,1956,6,1,115
4400,1955,9,1,120
4401,1956,6,1,98
4402,1956,6,1,104
4403,1956,6,1,134
4404,1956,6,1,130
4405,1956,6,1,123
4406,1956,6,1,92
4407,1956,6,1,88
4408,1955,6,3,82
4409,1965,6,1,300
4410,1965,12,1,353
4411,1964,3,1,102
4412,2005,15,1,2224
4413,1950,9,1,246
4414,1972,15,1,1666
4415,2002,15,1,762
4416,1967,12,1,361
4417,1970,15,1,397
4418,1970,3,3,112
4419,1988,6,1,189
4420,1966,9,1,221
4421,1955,12,1,515
4422,1956,6,1,136
4423,1956,6,1,113
4424,1956,6,1,142
4425,1956,6,1,138
4426,1956,6,1,150
4427,1956,6,1,151
4428,1956,6,1,161
4429,1956,6,1,141
4430,1956,6,1,144
4431,1956,6,1,88
4432,1956,6,1,148
4433,1956,6,1,142
4434,1956,6,1,114
4435,1956,6,1,137
4436,1956,6,1,126
4437,1956,6,1,134
4438,1956,6,1,104
4439,1956,6,1,110
4440,1956,6,1,139
4441,1956,6,1,109
4442,1956,6,1,109
4443,1956,6,1,94
4444,1956,6,1,127
4445,1956,6,1,120
4446,1956,6,1,138
4447,1956,6,1,108
4448,1956,6,1,92
4449,1956,6,1,111
4450,1956,6,1,122
4451,1988,9,1,153
4452,1988,9,1,167
4453,1988,9,1,164
4454,1993,12,1,246
4455,2004,6,1,173
4456,1956,6,1,193
4457,1956,6,1,127
4458,1956,6,1,92
4459,1956,6,1,110
4460,1956,6,1,130
4461,1956,6,1,140
4462,1950,6,1,132
4463,1959,12,1,390
4464,1982,12,1,958
4465,1978,24,1,1636
4466,1973,15,1,442
4467,1956,6,1,158
4468,1956,6,1,102
4469,1956,6,1,122
4470,1956,6,1,119
4471,1956,6,1,105
4472,1956,6,1,117
4473,1956,6,1,115
4474,1956,6,1,115
4475,1956,6,1,95
4476,1956,6,1,119
4477,1956,6,1,101
4478,1956,6,1,105
4479,1961,9,1,335
4480,1960,3,1,184
4481,1956,3,3,81
4482,2017,6,1,251
4483,1961,3,1,174
4484,1955,3,1,146
4485,1955,3,1,124
4486,1956,6,1,268
4487,1954,6,1,200
4488,1955,6,1,140
4489,1957,9,1,301
4490,1957,6,1,194
4491,1992,15,1,432
4492,1946,6,1,77
4493,1945,9,1,109
4494,1954,9,1,217
4495,1954,9,1,245
4496,1950,3,1,98
4497,1999,9,1,195
4498,1955,6,1,182
4499,1955,9,1,228
4500,1957,6,1,162
4501,2007,15,1,1772
4502,1951,6,1,145
4503,1962,6,1,285
4504,1955,9,1,268
4505,1966,6,1,260
4506,1945,6,1,324
4507,1951,6,1,500
4508,1954,9,1,254
4509,1958,9,1,308
4510,1956,9,1,235
4511,1967,6,1,159
4512,1967,12,1,338
4513,2003,15,1,751
4514,2004,15,1,1777
4515,2008,18,1,3708
4516,1963,9,1,253
4517,1966,15,1,334
4518,1952,9,1,140
4519,1960,9,1,282
4520,2006,18,1,917
4521,1962,9,1,198
4522,1957,12,1,179
4523,1962,9,1,211
4524,1970,3,3,81
4525,1970,6,1,114
4526,1950,6,1,109
4527,1950,18,1,276
4528,1960,9,1,212
4529,1965,6,1,221
4530,1963,12,1,310
4531,1976,9,1,261
4532,1983,9,1,278
4533,1977,12,1,538
4534,1972,12,1,538
4535,1962,3,1,90
4536,1958,12,1,243
4537,1978,21,1,2548
4538,1959,9,1,594
4539,1958,6,1,211
4540,1957,3,1,100
4541,2022,9,1,203
4542,1959,6,1,135
4543,1960,6,1,153
4544,1965,12,1,330
4545,1957,6,1,174
4546,1957,6,1,180
4547,1964,6,1,143
4548,1962,6,1,186
4549,1963,9,1,278
4550,1958,6,1,150
4551,1963,9,1,307
4552,1983,12,1,1098
4553,1983,12,1,292
4554,1994,12,1,288
4555,1959,9,1,106
4556,1958,9,4,126
4557,1958,9,1,196
4558,1959,9,1,169
4559,1962,6,1,192
4560,1940,9,4,128
4561,1965,9,1,230
4562,1964,12,1,320
4563,1979,6,1,65
4564,1957,6,1,98
4565,1957,9,1,110
4566,1963,9,1,273
4567,2001,18,1,1373
4568,1965,12,1,290
4569,1965,6,1,10
4570,1963,9,1,595
4571,2009,18,1,2454
4572,1956,9,1,128
4573,1958,9,1,105
4574,1960,6,1,178
4575,1960,12,1,276
4576,1958,3,1,130
4577,1960,6,1,172
4578,1962,3,1,134
4579,1960,9,1,206
4580,1959,6,1,231
4581,1958,6,1,107
4582,1968,6,1,135
4583,1952,9,1,181
4584,1962,12,1,799
4585,1959,9,1,557
4586,1955,6,1,170
4587,1960,3,1,80
4588,1956,9,1,291
4589,1948,12,1,371
4590,1950,3,1,102
4591,2006,6,1,167
4592,1950,9,1,371
4593,1947,6,1,585
4594,1930,6,1,279
4595,1940,3,1,140
4596,1956,6,1,224
4597,1955,3,1,187
4598,1950,6,1,147
4599,1954,6,1,96
4600,1958,3,1,79
4601,1956,9,1,252
4602,1993,9,1,128
4603,1959,9,1,168
4604,1930,3,1,75
4605,1960,6,4,55
4606,1960,3,1,219
4607,1960,6,1,132
4608,1960,9,1,189
4609,1960,9,1,225
4610,1957,12,1,190
4611,1960,6,1,170
4612,1960,6,4,122
4613,1970,9,1,116
4614,1960,3,1,154
4615,1960,9,1,243
4616,1930,9,1,401
4617,1960,6,1,204
4618,1960,12,1,435
4619,1960,9,1,464
4620,1960,9,1,399
4621,1960,9,1,184
4622,1960,6,1,164
4623,1960,6,1,164
4624,1960,6,1,142
4625,1960,9,1,158
4626,1994,18,1,1514
4627,1960,3,1,140
4628,1960,3,1,159
4629,1960,3,1,138
4630,1955,3,1,186
4631,1960,3,1,114
4632,1960,3,1,188
4633,1960,9,1,156
4634,1957,6,1,165
4635,1960,6,1,237
4636,1960,3,1,147
4637,1960,12,1,382
4638,1960,6,1,211
4639,1960,6,1,111
4640,2006,18,1,1610
4641,1960,15,1,205
4642,1950,6,1,150
4643,1960,6,1,150
4644,1960,9,1,313
4645,1960,9,1,237
4646,1960,6,1,84
4647,1950,6,1,120
4648,1960,9,1,150
4649,1960,12,1,263
4650,1960,9,1,170
4651,1960,6,1,277
4652,1960,6,1,247
4653,1960,6,1,121
4654,1940,3,1,124
4655,1960,6,1,172
4656,1960,3,1,125
4657,1960,3,1,91
4658,1960,6,1,68
4659,1960,9,1,137
4660,1960,3,1,62
4661,1959,6,1,83
4662,1960,6,1,98
4663,1960,9,1,71
4664,1960,9,1,157
4665,1960,9,1,235
4666,1960,3,1,117
4667,1988,9,1,151
4668,1951,3,1,86
4669,1960,9,1,194
4670,1955,3,1,92
4671,1960,12,1,200
4672,1949,3,1,113
4673,1960,6,1,82
4674,1970,9,1,274
4675,1960,3,1,80
4676,1960,3,1,92
4677,1987,9,1,183
4678,2007,15,1,347
4679,1960,3,1,100
4680,1960,12,1,361
4681,1960,9,1,181
4682,1950,9,1,487
4683,1992,12,1,449
4684,2004,6,1,340
4685,1975,12,1,355
4686,1987,9,1,318
4687,2002,15,1,505
4688,1990,9,1,291
4689,2005,15,1,1000
4690,2009,15,1,614
4691,2006,15,1,598
4692,1990,3,1,81
4693,1990,3,1,81
4694,2000,18,1,2615
4695,1966,9,1,363
4696,1966,3,1,84
4697,1973,12,1,193
4698,1967,9,1,280
4699,1973,9,1,422
4700,1966,15,1,542
4701,1966,6,1,308
4702,1967,9,1,200
4703,1967,6,1,230
4704,1971,6,1,141
4705,1978,9,1,207
4706,1969,9,1,385
4707,1969,12,1,534
4708,1970,9,1,299
4709,1980,9,1,386
4710,1970,12,1,370
4711,2008,3,1,114
4712,1990,9,1,287
4713,1969,12,1,532
4714,1973,12,1,504
4715,1973,9,1,265
4716,1973,12,1,462
4717,1973,12,1,349
4718,1973,12,1,193
4719,1960,6,1,224
4720,1960,6,1,439
4721,1959,3,1,440
4722,1980,3,1,111
4723,1960,6,1,150
4724,1968,6,1,306
4725,1980,6,1,187
4726,1960,3,1,88
4727,1960,3,1,84
4728,1970,3,1,130
4729,1960,3,1,46
4730,1960,3,1,102
4731,1960,3,1,60
4732,1960,6,1,105
4733,1960,3,1,70
4734,1959,3,1,50
4735,1958,3,1,136
4736,1978,6,1,88
4737,1960,3,1,106
4738,1960,6,1,302
4739,1960,3,1,45
4740,1990,6,1,129
4741,1960,3,1,43
4742,1960,6,1,98
4743,1960,3,1,127
4744,1959,6,1,140
4745,1989,3,1,291
4746,1980,3,1,90
4747,1960,3,1,56
4748,2015,3,1,104
4749,2024,6,1,371
4750,2011,6,1,331
4751,2023,6,1,320
4752,2007,6,1,258
4753,1950,3,1,191
4754,1950,6,1,273
4755,1950,6,1,199
4756,1957,9,1,508
4757,1932,6,3,250
4758,1930,12,1,353
4759,1930,6,1,200
4760,1930,6,1,172
4761,1932,6,1,148
4762,1951,12,1,180
4763,1935,9,1,245
4764,1971,12,1,389
4765,1940,6,4,297
4766,1999,12,1,304
4767,2007,12,1,2000
4768,1958,9,1,668
4769,1960,6,4,346
4770,1963,3,1,107
4771,1910,3,1,92
4772,1999,9,1,1790
4773,1998,9,1,350
4774,1993,6,4,5918
4775,1993,9,4,1061
4776,2000,21,1,17638
4777,1979,15,1,2577
4778,1979,3,3,18
4779,1934,9,1,301
4780,1974,12,1,518
4781,1959,6,1,109
4782,1979,9,1,307
4783,1931,9,1,184
4784,1941,9,1,228
4785,1978,9,1,265
4786,1934,3,1,88
4787,1931,9,1,332
4788,1931,9,4,243
4789,1940,9,1,247
4790,2001,12,1,699
4791,1943,6,1,212
4792,1928,9,1,301
4793,1991,9,1,296
4794,2009,12,1,1653
4795,1975,12,1,1176
4796,1980,12,1,508
4797,2016,9,1,269
4798,1969,12,1,415
4799,1930,6,1,248
4800,1970,6,1,228
4801,1928,9,1,214
4802,1996,12,1,247
4803,1938,6,1,181
4804,1931,6,1,215
4805,1960,12,1,424
4806,1936,6,1,212
4807,1945,9,1,110
4808,1960,9,1,182
4809,1960,12,1,259
4810,1940,3,3,71
4811,1940,3,3,132
4812,1945,15,1,473
4813,1945,6,1,195
4814,1945,9,1,228
4815,1945,12,1,342
4816,1991,9,4,270
4817,1935,9,1,330
4818,1963,9,1,538
4819,1975,15,1,862
4820,1950,9,1,299
4821,1950,6,1,260
4822,1993,12,1,267
4823,1965,9,1,216
4824,1982,12,1,444
4825,1970,18,1,1250
4826,1965,18,1,586
4827,1975,18,1,642
4828,1965,18,1,910
4829,1965,21,1,1212
4830,1965,24,1,2667
4831,1994,12,1,2042
4832,1980,12,1,508
4833,2006,18,1,960
4834,2007,18,1,2765
4835,1981,18,1,2006
4836,1959,3,1,146
4837,1957,3,1,124
4838,1960,6,1,170
4839,1961,12,1,602
4840,1957,9,1,354
4841,1957,9,1,286
4842,1937,9,1,317
4843,1957,6,1,167
4844,1960,6,3,206
4845,1960,9,1,331
4846,1961,9,1,316
4847,1957,6,1,319
4848,1959,6,1,230
4849,1957,6,1,249
4850,1967,18,1,1830
4851,1981,27,1,5048
4852,1982,24,1,2107
4853,1999,15,1,848
4854,1929,6,1,343
4855,2024,21,1,4264
4856,1960,12,1,755
4857,2001,12,1,2092
4858,1993,12,1,1529
4859,1989,3,3,786
4860,1970,12,1,1213
4861,1977,15,1,1220
4862,1970,15,1,1416
4863,1980,15,1,723
4864,1972,12,1,752
4865,1970,6,1,382
4866,1950,12,1,364
4867,1951,9,1,136
4868,1943,6,1,102
4869,1977,12,1,475
4870,1973,18,1,983
4871,1955,3,4,912
4872,1960,6,3,206
4873,1966,12,1,413
4874,1990,12,4,777
4875,1965,12,1,698
4876,1965,12,1,487
4877,1960,12,1,1174
4878,1960,12,1,1174
4879,1960,12,1,1147
4880,1978,24,1,1372
4881,1959,9,1,239
4882,1963,12,1,506
4883,1957,3,1,164
4884,1957,3,1,226
4885,1954,6,1,232
4886,1959,3,1,158
4887,1963,9,1,299
4888,1961,6,1,254
4889,2003,15,1,792
4890,1963,12,1,537
4891,1961,12,1,490
4892,1976,18,1,1593
4893,1989,15,1,1432
4894,1969,9,1,738
4895,1959,9,1,317
4896,1920,12,1,282
4897,1953,6,1,224
4898,1960,12,1,399
4899,1960,12,1,393
4900,1958,6,1,247
4901,1958,9,1,186
4902,1960,3,1,111
4903,1961,9,1,428
4904,1960,6,1,87
4905,1957,6,1,70
4906,1989,12,1,254
4907,1989,12,1,254
4908,1989,12,1,254
4909,1989,12,1,254
4910,1957,6,1,94
4911,1957,6,1,60
4912,1957,6,1,70
4913,1957,3,1,88
4914,2003,21,1,3176
4915,1957,9,1,491
4916,1997,15,1,2438
4917,1950,9,1,240
4918,2006,15,1,396
4919,1960,6,1,229
4920,1965,6,1,173
4921,1975,6,1,411
4922,1979,9,1,216
4923,1959,12,1,318
4924,1958,6,1,205
4925,1955,12,1,343
4926,2023,15,1,609
4927,1987,18,1,2494
4928,1987,18,1,2467
4929,1991,18,1,1384
4930,1998,21,1,2446
4931,1996,15,1,2244
4932,2006,15,1,2919
4933,1965,9,3,968
4934,1987,6,3,1602
4935,1993,6,3,1716
4936,1987,3,3,323
4937,1965,6,1,189
4938,1950,3,3,57
4939,1962,15,4,771
4940,1987,6,4,410
4941,1965,6,4,3489
4942,1965,6,3,2291
4943,1974,6,3,942
4944,1996,3,4,1445
4945,1973,3,3,968
4946,1971,3,3,1396
4947,1972,3,3,308
4948,1979,3,3,475
4949,1993,6,3,216
4950,1962,3,1,114
4951,1962,6,4,244
4952,1968,9,3,364
4953,1973,6,3,267
4954,1972,3,3,195
4955,1972,3,3,480
4956,1988,6,3,1546
4957,1978,3,4,775
4958,1975,3,3,726
4959,1976,6,3,790
4960,1972,6,3,406
4961,1991,6,3,552
4962,1992,6,3,442
4963,1953,9,1,290
4964,2001,15,1,678
4965,1979,21,1,781
4966,2004,15,1,890
4967,1990,15,1,662
4968,1969,9,1,354
4969,1959,9,1,471
4970,1971,6,1,353
4971,1956,12,3,663
4972,1964,9,1,410
4973,1960,9,4,418
4974,1960,12,4,1710
4975,1970,3,3,27
4976,1971,9,1,411
4977,1959,9,1,286
4978,1973,3,3,110
4979,1980,18,1,1229
4980,1954,6,1,215
4981,1971,15,1,408
4982,1975,12,1,312
4983,1974,12,4,859
4984,1974,12,4,1133
4985,2001,15,1,1295
4986,2002,15,1,1360
4987,2007,15,1,1783
4988,1968,6,1,247
4989,1952,12,1,818
4990,1991,12,1,1387
4991,1954,6,1,81
4992,1954,3,1,73
4993,1964,12,1,330
4994,2007,15,1,284
4995,1934,3,1,114
4996,1934,6,1,193
4997,1934,3,1,97
4998,2022,6,1,124
4999,2024,6,1,123
5000,2024,6,1,123
5001,2002,12,1,798
5002,2008,15,1,828
5003,1972,18,1,480
5004,1969,18,1,888
5005,1977,18,1,1099
5006,2003,6,1,200
5007,1931,6,1,293
5008,1931,6,1,208
5009,1933,6,1,156
5010,1935,3,1,84
5011,1963,15,1,1174
5012,1964,15,1,547
5013,1964,12,1,516
5014,1965,9,1,396
5015,1954,6,1,121
5016,2005,15,1,1034
5017,1977,12,1,728
5018,1954,6,1,182
5019,2003,15,1,518
5020,1956,6,1,184
5021,1961,3,1,79
5022,1962,9,1,217
5023,2015,6,1,125
5024,2001,15,1,1163
5025,1964,9,1,229
5026,1990,3,3,190
5027,1948,6,1,173
5028,1934,9,1,149
5029,1952,3,4,72
5030,1958,6,1,206
5031,1950,9,1,180
5032,1967,6,1,169
5033,1960,6,1,168
5034,1960,9,1,202
5035,1956,9,1,197
5036,2000,15,1,957
5037,2007,15,1,1181
5038,2005,15,1,332
5039,2005,15,1,280
5040,1995,15,1,1292
5041,1950,9,1,381
5042,1960,6,1,261
5043,1960,9,1,220
5044,1970,12,1,450
5045,1979,18,1,4328
5046,1974,21,1,2357
5047,1974,21,1,2257
5048,1974,21,1,2380
5049,1964,12,4,1154
5050,1963,6,1,221
5051,1968,9,1,219
5052,1964,15,1,455
5053,1972,15,1,1247
5054,1964,15,1,373
5055,1964,12,1,1178
5056,1997,15,1,461
5057,1978,18,1,972
5058,1945,3,1,117
5059,1977,12,1,1276
5060,1993,15,1,2556
5061,1960,9,1,210
5062,1955,3,1,81
5063,1990,15,1,586
5064,1994,15,1,1450
5065,1961,3,1,80
5066,1960,12,1,465
5067,1973,9,1,318
5068,1960,6,1,248
5069,1961,9,1,501
5070,1986,12,1,559
5071,1954,9,1,239
5072,1979,15,1,591
5073,1930,9,1,244
5074,1940,9,1,193
5075,2016,9,1,166
5076,1936,6,1,92
5077,1935,3,1,95
5078,1968,6,1,236
5079,1993,12,1,1375
5080,1984,3,3,239
5081,1997,3,3,108
5082,2016,9,1,168
5083,2022,15,1,1698
5084,1972,18,1,1857
5085,1962,6,1,227
5086,1965,9,1,188
5087,1965,6,1,207
5088,1957,6,1,165
5089,1957,6,1,229
5090,1957,6,1,103
5091,1996,12,1,356
5092,2003,15,1,405
5093,1950,3,1,95
5094,1950,3,1,118
5095,1960,9,1,293
5096,1960,6,1,102
5097,1957,6,1,83
5098,1950,6,1,146
5099,1950,9,1,571
5100,1996,12,1,209
5101,1960,6,1,252
5102,1960,9,1,238
5103,1960,3,1,97
5104,1963,6,1,176
5105,1963,9,1,253
5106,2004,15,1,2104
5107,1960,6,1,108
5108,1960,6,1,150
5109,1960,6,1,113
5110,1960,9,1,297
5111,1960,9,1,306
5112,2000,6,1,399
5113,2006,15,1,753
5114,1960,6,1,243
5115,1960,6,1,221
5116,1960,3,1,199
5117,1960,6,1,269
5118,1939,3,1,178
5119,1960,3,1,199
5120,1960,9,1,285
5121,1960,9,1,210
5122,1960,6,1,666
5123,1960,6,1,249
5124,1960,9,1,246
5125,1955,3,1,161
5126,1960,6,1,160
5127,1960,6,1,236
5128,1960,6,1,200
5129,1960,3,1,92
5130,1962,3,1,96
5131,1950,6,1,261
5132,1981,12,1,378
5133,1970,9,1,241
5134,1965,12,1,386
5135,1960,9,1,289
5136,1960,9,1,178
5137,1960,3,3,167
5138,1960,6,1,179
5139,1992,12,1,236
5140,1960,6,1,150
5141,1960,6,1,222
5142,1960,6,1,257
5143,2005,18,1,818
5144,1995,12,1,244
5145,1960,6,1,136
5146,1961,9,1,141
5147,1960,9,1,229
5148,1960,3,1,122
5149,1993,3,1,258
5150,1960,3,1,66
5151,1960,3,1,45
5152,1950,6,1,157
5153,1960,3,1,144
5154,1960,9,1,114
5155,2005,9,1,184
5156,1960,6,1,132
5157,1960,3,1,169
5158,1993,12,1,261
5159,1960,3,1,138
5160,1960,6,1,182
5161,2003,9,1,237
5162,1960,3,1,116
5163,1960,12,1,520
5164,1960,9,1,268
5165,1960,9,1,152
5166,1960,9,1,270
5167,1996,12,1,343
5168,1960,3,1,45
5169,1960,3,1,39
5170,1960,6,1,71
5171,1960,3,1,116
5172,1960,6,1,112
5173,2003,18,1,1592
5174,1955,6,1,110
5175,1955,6,1,114
5176,1955,6,1,92
5177,1955,9,1,135
5178,1960,6,1,133
5179,1955,6,1,152
5180,1960,9,1,127
5181,1955,6,1,129
5182,1955,6,1,119
5183,1955,6,1,98
5184,1955,6,1,98
5185,1955,6,1,100
5186,1955,6,1,100
5187,1955,6,1,94
5188,1955,6,1,85
5189,1955,6,1,107
5190,1955,6,1,90
5191,1960,6,1,131
5192,1955,6,1,147
5193,1955,6,1,138
5194,1970,6,1,88
5195,1955,6,1,86
5196,1955,6,1,107
5197,1955,6,1,107
5198,1975,9,4,1537
5199,1974,24,1,22505
5200,1974,3,3,19
5201,1944,3,3,16365
5202,1944,6,3,43
5203,1960,3,1,162
5204,1969,6,1,394
5205,2005,6,1,459
5206,1972,6,1,225
5207,1983,6,1,305
5208,1989,6,1,258
5209,1980,6,1,324
5210,2009,3,1,102
5211,1970,6,1,170
5212,1977,9,1,247
5213,1977,6,1,223
5214,1968,12,1,1393
5215,1980,3,1,108
5216,2004,3,1,100
5217,2003,3,1,115
5218,1980,6,1,182
5219,1999,6,1,131
5220,1985,6,1,187
5221,2006,9,1,404
5222,1981,3,1,195
5223,1979,3,1,178
5224,1983,9,1,512
5225,2006,6,1,264
5226,1960,3,1,194
5227,1980,3,1,101
5228,2006,3,1,298
5229,2000,3,N,0
5230,1968,3,1,291
5231,1968,9,1,670
5232,1994,3,1,85
5233,2012,6,1,210
5234,1978,6,1,215
5235,1979,3,1,12
5236,1979,6,1,570
5237,1979,3,1,24
5238,1980,3,1,83
5239,1950,6,1,250
5240,1960,6,1,120
5241,1960,6,1,270
5242,2006,12,1,3317
5243,1970,6,1,446
5244,1982,12,1,544
5245,1983,9,1,654
5246,1980,6,1,441
5247,1980,12,1,511
5248,1981,9,1,455
5249,1999,3,3,245
5250,2000,15,1,1300
5251,2005,12,1,724
5252,2005,12,1,1622
5253,2009,18,1,3944
5254,1996,9,3,7159
5255,1961,3,3,30
5256,1920,9,1,208
5257,1973,6,1,176
5258,2001,12,1,401
5259,1930,3,4,200
5260,1975,9,1,446
5261,1930,6,1,313
5262,1978,15,1,1647
5263,1920,12,1,148
5264,1976,9,1,484
5265,1970,6,1,420
5266,1963,3,4,147
5267,1975,3,4,137
5268,1968,6,1,262
5269,1930,3,1,136
5270,1930,9,1,193
5271,1951,6,1,200
5272,1920,6,1,145
5273,1929,6,1,180
5274,1952,6,1,103
5275,1930,15,1,425
5276,1950,3,1,100
5277,1960,9,1,249
5278,1953,6,1,159
5279,1950,6,1,160
5280,1980,15,1,619
5281,1979,9,1,256
5282,1950,6,1,85
5283,1950,3,1,130
5284,1949,6,1,290
5285,1945,6,1,225
5286,1990,6,4,403
5287,1947,3,1,96
5288,1920,6,3,304
5289,1930,3,1,67
5290,1945,6,1,243
5291,1940,6,1,223
5292,1932,12,1,412
5293,1932,9,1,325
5294,1950,3,3,104
5295,1950,3,3,72
5296,1978,30,1,2612
5297,1920,6,4,169
5298,1925,6,1,145
5299,1925,9,1,269
5300,1987,3,1,60
5301,1930,6,1,95
5302,1965,21,1,872
5303,1928,9,1,238
5304,1930,6,1,196
5305,1993,9,1,599
5306,1952,3,1,153
5307,1964,9,1,236
5308,1930,3,1,89
5309,1921,3,1,67
5310,1980,18,1,1360
5311,1925,6,1,256
5312,1983,9,1,549
5313,1960,9,1,213
5314,2008,12,1,257
5315,1920,12,1,332
5316,1930,6,1,201
5317,1922,6,1,110
5318,2017,6,1,131
5319,1955,6,1,244
5320,1920,6,1,146
5321,1920,9,1,240
5322,2002,21,1,931
5323,1920,3,1,116
5324,1973,9,1,281
5325,1958,9,4,183
5326,1940,6,1,249
5327,1999,3,1,293
5328,1940,9,1,245
5329,2008,21,1,916
5330,1975,30,1,4595
5331,1960,21,1,791
5332,1965,9,1,412
5333,1973,18,1,1485
5334,1928,6,1,102
5335,1918,9,1,441
5336,1929,6,1,188
5337,1970,9,1,377
5338,1930,12,1,263
5339,1973,9,1,446
5340,1930,9,1,445
5341,1966,12,1,478
5342,1920,6,1,162
5343,2005,15,1,370
5344,1924,6,1,235
5345,1930,6,1,244
5346,1960,9,1,166
5347,1970,6,1,207
5348,1970,9,1,228
5349,1924,9,1,486
5350,2005,15,1,534
5351,2001,9,1,200
5352,1914,3,1,64
5353,1914,6,1,82
5354,1935,9,1,261
5355,2000,15,1,506
5356,1930,6,1,264
5357,1944,9,1,357
5358,1994,21,1,1958
5359,1999,21,1,2431
5360,1990,9,1,177
5361,1990,3,1,40
5362,1990,9,1,324
5363,1973,24,1,2109
5364,1963,6,1,272
5365,1961,3,1,203
5366,1952,6,1,217
5367,1963,6,1,169
5368,1965,6,1,473
5369,1940,6,1,349
5370,1949,12,1,447
5371,1967,3,1,49
5372,1962,6,1,341
5373,1988,12,1,493
5374,1958,9,1,283
5375,1971,18,1,1654
5376,1972,27,1,3894
5377,2002,12,1,215
5378,2001,15,1,2238
5379,1957,3,1,131
5380,1960,9,1,244
5381,1958,6,1,244
5382,1922,3,1,123
5383,1960,12,1,347
5384,1961,9,1,238
5385,1960,6,1,258
5386,1961,9,1,434
5387,1930,9,3,392
5388,1922,12,1,418
5389,1926,6,3,309
5390,1957,6,1,300
5391,1961,9,1,249
5392,1959,9,1,264
5393,1993,15,1,501
5394,1978,18,1,783
5395,1978,12,1,478
5396,1980,12,1,425
5397,1972,9,1,171
5398,1959,6,1,226
5399,1961,6,1,215
5400,1963,6,1,190
5401,1961,6,1,284
5402,1961,9,1,416
5403,1957,9,1,266
5404,1975,15,1,751
5405,1963,6,1,196
5406,1961,6,1,239
5407,1956,12,1,258
5408,1969,15,1,507
5409,2010,15,1,308
5410,1989,9,1,286
5411,2008,18,1,1267
5412,1999,15,1,1275
5413,1993,15,1,541
5414,1968,9,1,356
5415,1963,9,1,174
5416,1963,3,1,172
5417,1961,9,1,215
5418,1968,9,1,212
5419,1970,9,1,284
5420,2007,15,1,425
5421,1953,6,1,191
5422,1961,6,1,215
5423,1965,6,4,589
5424,2024,15,1,14096
5425,1975,9,1,175
5426,1964,12,1,504
5427,1950,6,1,369
5428,1989,12,1,187
5429,1962,6,1,195
5430,1950,6,1,195
5431,1962,12,1,579
5432,2019,9,1,169
5433,1964,9,1,554
5434,1989,12,1,187
5435,1945,9,1,266
5436,1945,6,1,232
5437,2006,15,1,2592
5438,1936,9,1,385
5439,1975,15,1,1225
5440,1966,12,1,385
5441,1952,3,1,105
5442,1979,12,1,319
5443,1953,9,1,283
5444,1971,15,1,528
5445,1964,6,1,352
5446,1975,18,1,506
5447,1960,9,4,370
5448,1945,6,1,230
5449,1955,15,1,602
5450,1934,6,1,204
5451,1950,12,1,363
5452,1971,12,1,420
5453,1970,18,1,1318
5454,1974,12,1,951
5455,1960,12,1,476
5456,1970,15,1,726
5457,1982,21,1,675
5458,1975,18,1,810
5459,1972,18,1,1317
5460,1978,18,1,1490
5461,1976,9,1,319
5462,1976,12,1,428
5463,1977,12,1,439
5464,1957,6,1,163
5465,1973,18,1,481
5466,1955,6,1,174
5467,1939,3,1,117
5468,1949,6,1,146
5469,1950,6,1,188
5470,1953,12,1,227
5471,1935,9,1,240
5472,1962,6,1,187
5473,1940,3,1,71
5474,2006,15,1,934
5475,1995,15,1,1992
5476,2000,15,1,1266
5477,1963,9,1,254
5478,1957,9,1,274
5479,1966,6,1,254
5480,1957,9,1,365
5481,1958,12,1,514
5482,1971,12,1,729
5483,1960,9,1,455
5484,1961,3,1,136
5485,1962,9,1,385
5486,1963,18,1,1464
5487,1968,21,1,1986
5488,1968,18,1,1953
5489,1968,18,1,1947
5490,1968,24,1,2226
5491,1950,9,1,384
5492,1950,9,1,390
5493,1988,12,1,257
5494,1936,6,4,658
5495,2014,15,1,552
5496,1936,3,1,105
5497,1969,6,1,213
5498,1962,9,1,256
5499,1969,12,1,426
5500,1970,9,1,575
5501,1986,9,1,273
5502,1960,9,1,302
5503,1990,15,1,627
5504,1981,9,1,326
5505,1983,12,1,447
5506,2007,15,1,2595
5507,2007,15,1,3043
5508,1950,3,3,1078
5509,1951,9,1,471
5510,1961,9,1,161
5511,1930,6,1,76
5512,1930,6,1,162
5513,1971,24,1,666
5514,1930,6,1,416
5515,1956,6,4,320
5516,1965,15,4,1750
5517,1979,18,1,1224
5518,1950,6,1,284
5519,1950,9,1,454
5520,1950,9,1,474
5521,1982,15,1,1252
5522,1989,12,1,1523
5523,1978,21,1,1273
5524,1960,9,1,298
5525,1971,9,1,233
5526,1931,3,1,35
5527,2000,15,1,1494
5528,1962,6,1,234
5529,1960,3,1,42
5530,1960,6,3,133
5531,1950,6,1,223
5532,1960,6,1,212
5533,1995,15,1,580
5534,1956,6,1,553
5535,1976,9,1,376
5536,1961,9,4,452
5537,1998,15,1,2315
5538,1997,15,1,3102
5539,1997,15,1,1732
5540,1998,15,1,4173
5541,2007,15,1,1490
5542,1990,12,1,942
5543,1933,3,1,138
5544,1956,9,1,290
5545,1935,6,1,134
5546,2018,9,1,224
5547,2005,15,1,736
5548,1970,9,1,344
5549,1880,12,1,306
5550,1932,9,1,262
5551,1977,6,1,343
5552,1994,12,1,303
5553,1991,12,1,277
5554,1962,9,1,247
5555,1962,9,1,231
5556,1962,3,3,310
5557,1963,12,1,622
5558,2008,15,1,531
5559,1930,6,1,236
5560,1952,6,1,360
5561,1952,6,1,155
5562,2003,15,1,1433
5563,1934,9,1,197
5564,1994,3,4,105
5565,1950,6,1,175
5566,1956,9,1,178
5567,1977,12,1,553
5568,1970,18,1,1819
5569,1954,6,1,231
5570,1946,6,1,317
5571,1956,6,1,195
5572,1930,12,1,599
5573,1970,6,1,230
5574,1941,3,1,152
5575,1991,9,1,231
5576,1928,9,1,416
5577,2002,15,1,1572
5578,1925,6,1,275
5579,1927,9,1,455
5580,1927,6,1,488
5581,1975,21,1,2347
5582,1998,15,1,3817
5583,1966,21,1,1613
5584,1974,6,1,232
5585,1966,6,1,179
5586,1962,9,1,237
5587,1960,6,1,229
5588,1950,6,3,92
5589,1962,3,1,85
5590,1956,3,3,60
5591,1960,15,1,562
5592,1965,9,1,639
5593,2000,9,1,422
5594,1956,3,1,183
5595,2017,3,1,149
5596,1935,6,1,251
5597,1953,6,1,230
5598,1952,9,1,339
5599,1951,6,1,102
5600,1935,3,1,71
5601,1957,9,1,195
5602,1955,6,1,177
5603,1934,6,1,235
5604,1960,3,1,210
5605,1994,15,1,1458
5606,1950,6,1,93
5607,1939,9,1,214
5608,2002,12,1,393
5609,1952,9,1,301
5610,1934,9,1,254
5611,1954,12,1,425
5612,1966,18,1,1501
5613,1935,12,1,336
5614,1934,12,1,209
5615,1950,6,1,236
5616,1934,6,1,216
5617,1950,6,1,203
5618,1934,12,1,888
5619,1935,3,1,152
5620,1935,9,1,286
5621,1957,9,1,618
5622,1986,6,1,311
5623,1961,9,1,207
5624,1935,9,1,281
5625,1996,6,1,151
5626,1934,3,1,100
5627,1935,9,1,206
5628,1969,9,1,379
5629,1962,9,1,255
5630,1958,9,1,308
5631,1974,9,1,354
5632,1961,9,1,419
5633,1997,15,1,1239
5634,1969,6,3,1014
5635,1954,6,1,138
5636,1952,6,1,129
5637,1953,6,1,117
5638,2000,18,1,1143
5639,2002,15,1,3117
5640,2005,15,1,1770
5641,2007,15,1,2069
5642,1997,15,1,3526
5643,2011,18,1,632
5644,1949,9,1,393
5645,1985,15,1,508
5646,1978,9,1,208
5647,1970,9,1,317
5648,1971,6,1,164
5649,1954,9,1,268
5650,1963,6,1,248
5651,1970,18,1,1183
5652,1983,9,1,300
5653,2005,6,1,66
5654,1955,6,1,170
5655,1960,12,1,448
5656,1960,12,1,343
5657,1969,6,1,509
5658,1960,6,1,491
5659,1950,6,1,143
5660,1958,6,1,122
5661,2018,6,1,161
5662,1960,6,1,204
5663,1959,6,1,140
5664,1935,9,1,366
5665,1957,9,1,172
5666,1995,3,4,146
5667,1928,6,1,161
5668,1952,3,1,111
5669,2003,9,1,206
5670,1998,9,1,259
5671,2006,12,1,258
5672,1970,9,1,515
5673,1969,9,3,252
5674,1969,9,3,252
5675,2005,12,1,682
5676,1948,12,1,351
5677,1960,6,1,209
5678,1940,6,1,66
5679,1960,12,1,395
5680,1960,15,1,360
5681,1950,9,1,239
5682,1960,12,1,360
5683,1965,15,1,1304
5684,2001,9,1,216
5685,1960,15,1,560
5686,1960,12,1,412
5687,1960,18,1,593
5688,1960,12,1,368
5689,1970,3,4,133
5690,1960,9,1,237
5691,1970,9,1,164
5692,1960,21,1,2203
5693,1960,6,1,171
5694,1970,12,1,478
5695,1965,12,1,448
5696,1960,15,1,438
5697,1960,18,1,1170
5698,1965,12,1,372
5699,1960,15,1,1221
5700,1947,15,1,538
5701,1960,9,1,276
5702,1960,15,1,505
5703,1960,18,1,619
5704,1960,12,1,405
5705,1996,18,1,678
5706,1955,21,1,1224
5707,1960,6,1,246
5708,1955,6,1,111
5709,1955,6,1,96
5710,1955,6,1,94
5711,1955,6,1,114
5712,1955,6,1,104
5713,1955,6,1,106
5714,1955,6,1,106
5715,1955,6,1,90
5716,1955,6,1,123
5717,1955,6,1,136
5718,1955,6,1,145
5719,1955,6,1,133
5720,1955,6,1,84
5721,1955,6,1,92
5722,1955,6,1,96
5723,1955,6,1,102
5724,1955,6,1,118
5725,1955,6,1,119
5726,1955,6,1,113
5727,1955,6,1,94
5728,1955,9,1,136
5729,1955,9,1,144
5730,1955,6,1,90
5731,1955,6,1,96
5732,1960,27,1,1618
5733,1950,12,1,249
5734,1960,12,1,180
5735,1957,9,1,212
5736,1960,6,1,553
5737,1960,3,1,172
5738,1960,9,1,196
5739,1960,6,1,142
5740,1960,3,1,176
5741,1952,6,1,196
5742,1960,3,1,140
5743,1960,3,1,128
5744,1950,6,1,511
5745,1950,6,1,87
5746,1960,9,1,201
5747,1988,9,1,688
5748,1970,21,1,2722
5749,1960,21,1,2563
5750,1960,12,1,373
5751,1975,21,1,720
5752,1965,15,1,643
5753,1960,21,1,2370
5754,1960,12,1,445
5755,1960,21,1,1605
5756,1950,6,4,251
5757,1960,9,1,202
5758,1960,9,1,312
5759,1970,3,3,171
5760,1987,9,1,306
5761,1980,15,1,427
5762,1980,15,1,439
5763,1980,15,1,409
5764,1980,15,1,469
5765,1975,12,1,398
5766,1988,12,3,398
5767,1980,15,1,429
5768,1980,15,1,318
5769,1950,9,1,116
5770,1950,3,1,59
5771,1992,12,1,231
5772,2002,3,1,103
5773,1960,9,1,152
5774,1950,6,1,138
5775,1960,3,1,99
5776,1970,9,1,204
5777,1960,6,3,504
5778,2004,15,1,1352
5779,1940,6,1,141
5780,1940,9,1,175
5781,1970,12,1,255
5782,1999,18,1,4189
5783,1970,21,1,4272
5784,1995,18,1,2760
5785,1994,24,1,5041
5786,1992,3,3,13803
5787,1996,18,1,2690
5788,2006,15,1,1473
5789,1960,9,1,475
5790,1960,9,1,232
5791,1960,6,1,297
5792,1960,6,1,329
5793,1960,3,1,134
5794,1960,9,1,152
5795,1960,9,1,175
5796,1960,9,1,332
5797,1960,9,1,273
5798,1960,9,1,200
5799,1960,9,1,180
5800,1960,6,1,262
5801,1960,3,1,291
5802,1960,9,1,300
5803,1960,6,1,195
5804,1960,3,1,144
5805,1960,6,1,158
5806,1960,9,1,194
5807,1960,9,1,367
5808,1960,3,1,67
5809,1960,3,1,142
5810,1960,6,1,205
5811,2003,12,1,389
5812,1960,6,1,164
5813,1970,9,1,200
5814,1970,12,1,409
5815,1960,6,1,216
5816,1960,3,1,201
5817,1970,12,1,573
5818,1960,3,1,81
5819,1960,12,1,312
5820,1960,9,1,122
5821,1960,9,1,114
5822,1960,9,1,169
5823,1960,9,1,328
5824,2009,15,1,463
5825,2001,15,1,3513
5826,1994,9,1,197
5827,1996,12,1,218
5828,1993,12,1,228
5829,1969,6,1,135
5830,1960,9,1,191
5831,1976,9,1,199
5832,1967,9,1,212
5833,1963,9,1,185
5834,1967,6,1,122
5835,1965,12,1,315
5836,1966,6,1,168
5837,1976,12,1,297
5838,1961,12,1,279
5839,1972,12,1,241
5840,1979,12,1,281
5841,1969,12,1,339
5842,1972,12,1,276
5843,2008,12,1,352
5844,1973,15,1,548
5845,1973,12,1,462
5846,1973,6,1,143
5847,1963,15,1,417
5848,1969,9,1,159
5849,1967,9,1,211
5850,1967,9,1,227
5851,1970,6,1,364
5852,1982,3,1,91
5853,2015,6,1,238
5854,2007,6,1,345
5855,1979,6,1,508
5856,1992,6,1,283
5857,1960,6,1,80
5858,1970,6,1,549
5859,2023,6,1,360
5860,1960,6,1,171
5861,1982,9,1,267
5862,1988,6,1,121
5863,1970,3,4,115
5864,2001,3,1,109
5865,1987,3,1,166
5866,2008,6,1,269
5867,2019,6,1,259
5868,2020,6,1,285
5869,2022,3,1,156
5870,2022,3,1,225
5871,2010,9,1,436
5872,1967,3,1,163
5873,1978,6,1,351
5874,1950,9,1,133
5875,1950,6,1,143
5876,1975,12,1,328
5877,1984,15,1,474
5878,1999,12,1,217
5879,1970,9,1,258
5880,1962,9,1,276
5881,1960,9,1,240
5882,1969,9,1,198
5883,2010,12,1,533
5884,1983,9,1,290
5885,1958,9,1,307
5886,1955,6,3,125
5887,1960,6,1,448
5888,1962,9,1,286
5889,1975,15,1,613
5890,1960,9,1,326
5891,1974,9,1,301
5892,1950,12,1,353
5893,1950,9,1,268
5894,1978,12,1,446
5895,1967,12,1,478
5896,1965,15,1,451
5897,1960,12,1,630
5898,1970,15,1,437
5899,1973,9,1,287
5900,1968,12,1,444
5901,1960,9,1,312
5902,1955,15,1,466
5903,1973,9,1,337
5904,1958,9,1,302
5905,1951,6,1,308
5906,1955,6,1,186
5907,1950,3,1,117
5908,1952,9,1,220
5909,1952,6,1,207
5910,2005,9,1,219
5911,1950,6,1,117
5912,1972,9,1,304
5913,1965,12,1,638
5914,1992,12,4,527
5915,1994,12,1,645
5916,1983,6,1,366
5917,1973,6,3,254
5918,1955,6,1,488
5919,1967,9,1,202
5920,1962,9,1,232
5921,1948,9,1,240
5922,1952,6,1,226
5923,1958,9,1,246
5924,1951,6,1,140
5925,2004,12,1,301
5926,1970,15,1,596
5927,1962,9,1,447
5928,1956,9,1,461
5929,1956,6,1,207
5930,1953,3,1,82
5931,1962,3,3,263
5932,1954,9,1,361
5933,1954,3,1,116
5934,1965,6,1,126
5935,1961,9,1,286
5936,1967,9,1,196
5937,1969,6,1,310
5938,1962,6,1,271
5939,1970,9,1,353
5940,1974,9,1,550
5941,1979,9,1,359
5942,1996,9,1,303
5943,1978,12,1,408
5944,1954,9,1,214
5945,1950,12,1,220
5946,1978,12,1,414
5947,1970,9,1,340
5948,1973,9,1,322
5949,1970,12,1,440
5950,1970,12,1,260
5951,1974,12,1,856
5952,1969,9,1,262
5953,1969,9,1,242
5954,1970,12,1,374
5955,1979,9,1,400
5956,1967,12,1,530
5957,1967,6,1,50
5958,1967,9,1,110
5959,2003,12,1,2828
5960,2004,12,1,1080
5961,2006,12,1,2633
5962,1950,9,1,106
5963,1960,9,1,384
5964,1953,9,1,347
5965,1965,3,3,260
5966,1939,6,1,150
5967,1962,9,1,302
5968,1994,9,1,1262
5969,1930,3,1,45
5970,1954,6,1,235
5971,1962,9,1,223
5972,1995,9,1,270
5973,1944,6,1,354
5974,1940,3,3,60
5975,2001,6,1,529
5976,1997,12,1,591
5977,2002,12,1,1273
5978,1945,3,3,820
5979,1957,12,1,1552
5980,2009,12,1,477
5981,1958,6,1,208
5982,1950,6,4,230
5983,1952,6,1,233
5984,1970,15,1,729
5985,1960,6,3,295
5986,1986,3,1,296
5987,2010,12,1,3231
5988,1920,9,1,277
5989,1925,12,1,387
5990,2011,12,1,258
5991,1925,15,1,624
5992,1920,18,1,549
5993,1920,12,1,380
5994,1996,15,1,649
5995,1923,3,1,77
5996,1915,9,1,185
5997,1934,6,1,210
5998,1925,9,1,194
5999,2000,15,1,718
6000,1924,9,1,323
6001,1926,6,1,263
6002,1926,3,1,118
6003,1927,6,1,84
6004,1925,3,4,137
6005,1925,12,1,434
6006,1925,15,4,965
6007,1923,3,1,82
6008,1925,9,1,239
6009,1922,9,1,296
6010,1988,9,1,179
6011,2006,15,1,539
6012,1992,12,1,536
6013,1920,15,1,417
6014,1930,9,1,320
6015,1923,3,1,73
6016,1997,3,1,17
6017,1918,3,1,105
6018,1920,18,1,1305
6019,1920,15,1,516
6020,1932,12,1,344
6021,1925,9,1,243
6022,1928,9,1,238
6023,1920,3,4,142
6024,1924,3,4,149
6025,1925,3,1,144
6026,1928,6,1,152
6027,1996,24,1,1160
6028,1999,15,1,931
6029,1990,6,4,429
6030,2002,15,1,1016
6031,2005,15,1,759
6032,2007,21,1,4086
6033,1988,12,3,1589
6034,1970,18,1,1030
6035,1924,3,1,102
6036,1923,3,1,95
6037,1923,9,1,228
6038,1923,12,1,296
6039,1930,9,1,250
6040,1928,9,1,339
6041,1971,12,1,400
6042,2024,6,1,156
6043,1950,6,1,452
6044,1920,6,1,233
6045,1927,9,1,275
6046,1930,9,1,224
6047,1920,6,1,281
6048,1960,9,1,224
6049,1930,9,1,228
6050,1960,12,1,423
6051,1924,9,1,282
6052,1996,18,1,918
6053,1918,9,1,241
6054,1968,9,1,313
6055,1960,6,1,157
6056,1924,9,1,153
6057,1900,6,1,106
6058,1969,6,1,124
6059,1918,6,1,175
6060,1918,3,1,107
6061,1923,9,1,133
6062,1925,9,1,261
6063,1920,9,1,330
6064,1923,3,1,177
6065,1924,6,1,243
6066,1920,12,1,416
6067,1925,9,1,340
6068,1922,9,1,321
6069,1928,6,1,163
6070,1925,6,1,190
6071,1918,9,1,212
6072,1918,6,1,115
6073,1923,3,3,103
6074,1924,6,1,76
6075,1999,15,1,1153
6076,1924,6,1,134
6077,1917,6,1,536
6078,1974,12,1,317
6079,1926,9,4,422
6080,1983,12,1,553
6081,1920,6,1,152
6082,1924,6,1,180
6083,1916,9,1,270
6084,1926,6,1,155
6085,2023,6,1,162
6086,1923,6,1,194
6087,1954,12,1,381
6088,1950,9,4,874
6089,1918,6,1,246
6090,1920,9,4,155
6091,1960,6,1,180
6092,1924,6,1,306
6093,1918,3,3,140
6094,1919,3,1,72
6095,1920,6,1,149
6096,1970,12,1,414
6097,1920,9,1,342
6098,1935,9,1,280
6099,1926,3,1,118
6100,2006,12,1,259
6101,1989,15,1,648
6102,1989,12,1,285
6103,2005,15,1,661
6104,2006,15,1,1894
6105,2006,15,1,1498
6106,2005,15,1,676
6107,1920,9,1,274
6108,1924,9,1,238
6109,1993,12,1,359
6110,1989,15,1,620
6111,1920,9,1,301
6112,1920,9,1,329
6113,1920,6,1,222
6114,2008,9,1,201
6115,1924,9,1,170
6116,1923,9,1,561
6117,1915,6,1,341
6118,1918,9,1,407
6119,1926,9,1,285
6120,1917,9,1,304
6121,1925,6,1,241
6122,1924,3,1,97
6123,1918,9,1,235
6124,1924,3,1,96
6125,1973,15,1,606
6126,1919,6,3,118
6127,1917,3,1,100
6128,1920,15,1,468
6129,1934,3,1,102
6130,1932,6,1,123
6131,1920,3,1,122
6132,1920,6,1,187
6133,1920,6,1,220
6134,1920,6,1,173
6135,1960,6,3,101
6136,1920,9,1,644
6137,1920,6,1,185
6138,1947,6,1,66
6139,1966,6,1,140
6140,1963,6,1,192
6141,2020,9,1,169
6142,1961,3,1,86
6143,2014,9,1,153
6144,1967,9,1,150
6145,1962,9,1,191
6146,1959,6,1,204
6147,1963,9,1,227
6148,1957,9,1,202
6149,1967,9,1,286
6150,1992,9,1,216
6151,1947,9,1,305
6152,1962,6,1,180
6153,1970,15,1,481
6154,1970,15,1,462
6155,1968,9,1,166
6156,1996,9,1,215
6157,1959,6,1,165
6158,1959,9,1,217
6159,1956,9,1,195
6160,1920,3,1,85
6161,1999,12,1,199
6162,2005,12,1,218
6163,1932,3,1,103
6164,1924,9,1,283
6165,1958,6,1,126
6166,1988,12,1,280
6167,1961,9,1,321
6168,1957,6,1,117
6169,1957,3,1,82
6170,2005,15,1,2453
6171,2007,15,1,2853
6172,1963,6,1,256
6173,1961,6,1,206
6174,1970,18,1,1191
6175,1961,9,1,316
6176,1959,12,1,255
6177,1963,9,1,208
6178,1957,6,1,221
6179,1994,15,1,381
6180,1975,12,1,259
6181,1970,21,1,1233
6182,1924,9,1,370
6183,1966,9,1,307
6184,1970,9,1,175
6185,1925,6,1,175
6186,1998,12,1,352
6187,1973,15,1,544
6188,1920,9,1,203
6189,1971,9,1,256
6190,1959,6,1,120
6191,1967,18,1,1238
6192,1957,6,1,152
6193,2008,15,1,255
6194,1959,6,4,444
6195,1957,6,1,95
6196,1957,3,3,64
6197,1957,6,1,61
6198,2002,15,1,470
6199,2008,15,1,2315
6200,2021,15,1,3406
6201,1998,15,1,639
6202,1929,6,1,138
6203,2000,9,1,163
6204,1960,12,1,214
6205,1931,3,1,117
6206,1951,9,1,154
6207,1961,9,1,249
6208,1951,12,1,306
6209,1960,9,1,415
6210,1959,6,1,220
6211,1967,6,1,172
6212,1960,9,1,329
6213,1951,9,1,181
6214,1931,6,1,160
6215,1960,18,1,786
6216,1961,9,1,299
6217,1960,9,1,199
6218,1955,6,1,264
6219,1966,9,1,206
6220,1968,12,1,339
6221,1962,12,1,246
6222,1990,12,1,262
6223,1950,6,1,134
6224,1990,12,1,455
6225,1951,3,1,86
6226,1951,3,1,89
6227,1961,9,1,206
6228,2004,15,1,2229
6229,2020,15,1,1627
6230,2001,15,1,2524
6231,1998,15,1,1122
6232,1963,9,1,164
6233,2013,6,1,138
6234,1961,6,1,148
6235,1959,6,1,183
6236,1960,9,1,239
6237,1954,9,1,257
6238,1988,12,1,189
6239,1957,6,1,143
6240,1957,9,1,192
6241,1934,3,1,89
6242,1986,15,1,599
6243,1957,9,1,173
6244,1959,9,1,254
6245,1978,18,1,780
6246,1957,3,1,107
6247,1960,9,1,250
6248,1933,3,1,109
6249,1991,15,1,248
6250,1957,6,1,199
6251,1957,3,1,100
6252,1968,12,1,422
6253,1963,12,1,371
6254,1957,9,1,217
6255,1957,6,1,212
6256,1959,6,1,213
6257,1959,6,1,226
6258,1994,12,1,318
6259,1993,15,1,330
6260,2007,15,1,2526
6261,1950,6,3,269
6262,1962,6,3,493
6263,1963,9,1,352
6264,1949,6,1,284
6265,2011,15,1,1180
6266,1950,9,1,828
6267,1940,12,3,1595
6268,1975,6,3,278
6269,2004,12,1,488
6270,1965,12,1,413
6271,1956,12,1,299
6272,1955,6,1,222
6273,1968,9,1,234
6274,2007,15,1,1233
6275,1954,9,1,542
6276,1954,6,1,263
6277,1956,9,1,191
6278,1953,9,1,290
6279,1967,9,1,200
6280,1963,12,1,245
6281,1949,12,1,474
6282,1955,12,1,245
6283,1950,3,3,266
6284,1938,3,1,131
6285,1964,9,1,726
6286,1962,9,3,849
6287,1970,6,1,392
6288,2004,12,1,687
6289,1950,6,1,284
6290,1943,9,1,264
6291,1993,15,1,468
6292,2021,18,1,10205
6293,2022,15,1,573
6294,1960,9,1,268
6295,2017,15,1,810
6296,2007,15,1,801
6297,1986,12,1,1080
6298,1970,3,4,706
6299,1991,15,1,4737
6300,1985,12,1,1291
6301,2004,15,1,11913
6302,2017,9,1,231
6303,2017,9,1,209
6304,1940,15,3,632
6305,1986,15,1,1937
6306,1984,12,1,1110
6307,1960,15,1,1206
6308,2001,15,1,1412
6309,1988,12,1,2302
6310,1988,9,1,213
6311,1988,9,1,288
6312,1988,15,1,374
6313,1988,9,1,219
6314,1985,15,1,939
6315,1985,15,1,1080
6316,1996,15,1,1883
6317,1996,15,1,2171
6318,1952,9,1,494
6319,2006,15,1,880
6320,1964,9,1,308
6321,1952,6,1,232
6322,1962,6,1,176
6323,1934,6,1,686
6324,1961,6,1,411
6325,1961,3,1,336
6326,1989,15,1,3816
6327,1934,15,1,1277
6328,1934,3,3,612
6329,1967,9,1,291
6330,1978,18,1,681
6331,1989,12,1,1554
6332,1950,6,1,202
6333,1941,6,1,180
6334,1956,6,1,240
6335,1966,3,3,80
6336,1978,12,1,1062
6337,1972,24,1,1313
6338,1993,15,1,1193
6339,1953,3,1,119
6340,1965,6,1,266
6341,1958,3,1,140
6342,1975,9,1,380
6343,1966,15,1,439
6344,2000,15,1,2583
6345,2001,15,1,1669
6346,1961,15,1,1029
6347,1909,3,3,2024
6348,1909,3,3,240
6349,1909,3,3,516
6350,1909,3,3,127
6351,1909,3,3,521
6352,1909,3,3,139
6353,1909,3,3,392
6354,1909,0,3,132
6355,1909,6,3,5559
6356,1909,3,3,418
6357,1909,3,3,979
6358,1909,3,3,368
6359,1909,3,3,787
6360,1909,3,3,693
6361,1988,3,3,1399
6362,1950,3,1,220
6363,2006,15,1,3184
6364,1940,3,3,43
6365,1940,3,3,85
6366,1940,3,3,249
6367,1940,3,3,771
6368,1940,3,3,600
6369,1937,12,3,1428
6370,1937,6,3,3224
6371,1937,3,3,80
6372,1937,6,3,878
6373,1937,3,3,761
6374,1951,6,1,155
6375,1952,9,1,198
6376,1949,9,1,187
6377,1956,9,1,234
6378,1956,9,1,234
6379,1963,12,1,450
6380,1956,9,1,336
6381,1953,9,1,211
6382,1945,9,1,173
6383,1954,3,1,105
6384,1951,9,1,208
6385,1960,6,1,215
6386,1957,9,1,291
6387,1955,6,1,146
6388,1954,6,1,155
6389,1992,12,1,254
6390,1950,9,1,303
6391,1971,6,1,376
6392,1950,9,1,207
6393,1950,9,1,192
6394,1992,12,1,358
6395,1935,3,1,85
6396,1957,6,1,100
6397,1935,6,1,152
6398,1950,9,1,166
6399,1952,3,1,83
6400,1954,12,1,232
6401,1992,12,1,254
6402,1992,12,1,369
6403,1996,18,1,1994
6404,1970,21,1,2150
6405,2006,6,4,588
6406,1999,18,1,3214
6407,1998,18,1,16085
6408,1970,21,1,2150
6409,1971,18,1,1838
6410,1965,21,1,2192
6411,1971,21,1,2192
6412,1971,21,1,2192
6413,1971,3,3,23
6414,1971,21,1,2018
6415,1971,21,1,2018
6416,1971,21,1,2018
6417,1971,21,1,2072
6418,1965,21,1,2072
6419,1971,21,1,2072
6420,1971,18,1,1800
6421,1971,21,1,2016
6422,1971,21,1,2016
6423,1965,21,1,2016
6424,1971,21,1,2016
6425,1971,21,1,2016
6426,1971,21,1,2016
6427,1994,15,1,1196
6428,1973,27,1,13146
6429,1996,24,1,2023
6430,1995,24,1,1649
6431,1996,21,1,2348
6432,1995,15,1,1038
6433,1900,3,2,8754
6434,2000,9,4,6042
6435,1900,6,2,479
6436,1900,3,2,65
6437,1958,9,1,174
6438,1958,9,1,162
6439,1956,9,1,112
6440,1952,6,1,140
6441,1956,9,1,185
6442,1958,6,1,142
6443,1956,9,1,260
6444,1970,6,1,235
6445,1956,6,1,143
6446,1958,9,1,212
6447,1961,6,1,132
6448,1956,9,1,259
6449,1954,9,1,249
6450,1956,6,1,226
6451,1965,12,1,283
6452,1956,9,1,262
6453,1957,9,1,231
6454,1955,6,1,137
6455,1962,9,1,233
6456,1960,6,1,220
6457,1950,6,1,250
6458,1960,6,1,183
6459,1960,6,1,234
6460,1979,9,1,276
6461,1982,6,1,217
6462,1978,12,1,468
6463,1979,9,1,283
6464,1956,9,1,276
6465,1958,9,1,277
6466,1966,9,1,257
6467,1966,6,4,291
6468,1971,9,1,284
6469,1960,6,1,149
6470,1960,9,1,250
6471,2002,12,1,1455
6472,1975,15,1,638
6473,1955,9,1,64
6474,1950,9,3,117
6475,1974,15,1,266
6476,1950,9,1,253
6477,1953,6,1,243
6478,1967,9,1,381
6479,1950,9,1,266
6480,1955,9,1,195
6481,1953,9,1,238
6482,1952,12,1,134
6483,1950,6,1,181
6484,1945,9,1,250
6485,1951,6,1,183
6486,1952,12,1,239
6487,1951,12,1,189
6488,1951,6,1,118
6489,2002,12,1,591
6490,1963,6,1,218
6491,1949,3,1,109
6492,1970,3,1,123
6493,1951,9,1,142
6494,1960,9,1,170
6495,1960,9,1,198
6496,2016,9,1,411
6497,1953,12,1,433
6498,1993,6,3,222
6499,1951,3,1,93
6500,1946,9,1,196
6501,2006,9,1,181
6502,1953,9,1,520
6503,1960,6,1,52
6504,1965,9,1,169
6505,1958,3,N,99
6506,1950,6,1,160
6507,1964,6,1,165
6508,1964,9,1,228
6509,1936,6,1,256
6510,1964,6,1,66
6511,1964,6,1,54
6512,1959,9,1,249
6513,1950,9,1,112
6514,1973,9,4,142
6515,1964,9,1,217
6516,1958,9,1,226
6517,1936,9,1,321
6518,1973,12,1,527
6519,1960,12,1,276
6520,1952,9,1,557
6521,1964,9,1,207
6522,1964,9,1,241
6523,1964,3,1,25
6524,1964,9,1,120
6525,1970,15,1,343
6526,1963,9,1,142
6527,1964,9,1,238
6528,1960,9,1,226
6529,1952,9,1,193
6530,2004,9,1,400
6531,1968,9,1,150
6532,1953,9,1,104
6533,1950,3,1,133
6534,1990,9,1,207
6535,1953,9,1,255
6536,1982,9,1,318
6537,1983,12,1,265
6538,1950,3,1,70
6539,1954,6,1,201
6540,2008,9,1,337
6541,1955,9,1,253
6542,1982,9,1,257
6543,2003,12,1,349
6544,1956,9,1,163
6545,1958,3,1,18
6546,1967,6,1,97
6547,1955,3,1,18
6548,1963,6,1,64
6549,1953,6,1,58
6550,1953,6,1,42
6551,2000,12,1,189
6552,1979,12,1,448
6553,2003,12,1,195
6554,1960,6,1,130
6555,2000,9,1,218
6556,1962,9,1,270
6557,1968,12,1,322
6558,1969,12,1,335
6559,1967,12,1,363
6560,1968,6,1,215
6561,1968,9,1,238
6562,1971,9,1,181
6563,1963,9,1,218
6564,1968,9,1,255
6565,1980,15,1,309
6566,1970,12,1,283
6567,1975,9,1,325
6568,1971,9,1,260
6569,1971,9,1,295
6570,1971,9,1,285
6571,1972,9,1,282
6572,1971,9,1,243
6573,1957,6,1,61
6574,2005,9,1,229
6575,2001,12,1,899
6576,1981,3,4,5462
6577,2000,12,1,3185
6578,1957,6,1,161
6579,1990,9,1,619
6580,1920,6,1,385
6581,1960,6,3,1091
6582,1974,12,1,249
6583,1921,9,1,133
6584,2007,12,1,802
6585,1968,18,1,1229
6586,1960,3,3,564
6587,1956,6,1,399
6588,1983,9,1,304
6589,1979,9,1,347
6590,1980,9,1,318
6591,1980,12,1,337
6592,1950,9,1,160
6593,1960,6,1,104
6594,1956,9,1,276
6595,1962,9,1,301
6596,1954,9,1,240
6597,1964,9,1,315
6598,2002,12,1,710
6599,1964,9,1,242
6600,1960,9,1,198
6601,1955,6,1,154
6602,1960,9,1,203
6603,1965,3,3,19
6604,1960,9,1,61
6605,1970,9,1,206
6606,1964,9,1,213
6607,1973,9,1,308
6608,1969,9,1,302
6609,1969,6,1,234
6610,1968,6,1,121
6611,1970,9,1,264
6612,1970,9,1,257
6613,1972,9,1,249
6614,1969,9,1,239
6615,1975,9,1,297
6616,1969,12,1,332
6617,1975,3,3,152
6618,1968,12,1,413
6619,1987,9,1,511
6620,1992,3,3,360
6621,1993,9,1,881
6622,1986,6,1,384
6623,2004,12,1,786
6624,1987,6,1,210
6625,2001,12,1,247
6626,2005,12,1,266
6627,2003,12,1,257
6628,2002,6,1,352
6629,1999,9,1,235
6630,2006,12,1,602
6631,1999,12,1,244
6632,1999,12,1,222
6633,1994,3,3,41
6634,1960,6,3,357
6635,1960,6,3,315
6636,1955,3,1,165
6637,2002,12,1,3613
6638,2001,12,1,907
6639,1965,6,3,747
6640,2003,3,3,193
6641,2002,12,1,5954
6642,2002,12,1,1410
6643,2002,12,1,211
6644,2002,12,1,215
6645,1975,3,1,29
6646,1972,9,1,601
6647,1970,6,1,416
6648,1971,12,1,375
6649,1970,6,1,326
6650,2007,6,1,166
6651,1970,9,1,408
6652,1980,6,1,267
6653,1975,6,1,283
6654,1980,6,1,259
6655,1972,6,1,175
6656,1993,12,1,354
6657,1956,9,1,244
6658,1983,3,1,343
6659,1948,6,1,194
6660,1957,9,1,288
6661,1950,3,1,227
6662,1950,6,1,187
6663,1948,9,1,213
6664,1950,6,1,257
6665,1940,9,1,271
6666,1944,9,1,228
6667,1944,9,1,252
6668,1948,9,1,204
6669,1946,6,1,166
6670,1950,9,1,52
6671,1978,12,1,608
6672,1989,9,1,278
6673,2002,12,1,1138
6674,1960,6,1,295
6675,1946,12,1,433
6676,1964,9,1,245
6677,1963,9,1,320
6678,1963,6,1,213
6679,1960,9,1,222
6680,1964,3,1,217
6681,1998,12,1,1177
6682,1990,9,1,318
6683,1942,6,1,105
6684,1942,3,1,274
6685,2003,12,1,1605
6686,2005,12,1,1338
6687,1960,6,3,504
6688,1933,6,3,938
6689,1933,3,4,216
6690,1950,3,1,110
6691,1956,6,1,234
6692,1963,3,1,94
6693,1950,3,3,147
6694,1954,6,1,220
6695,1960,9,1,277
6696,1954,3,1,109
6697,1989,9,1,183
6698,1958,3,1,114
6699,1960,9,1,384
6700,1980,12,1,413
6701,1956,12,1,475
6702,1961,9,1,91
6703,1964,12,1,375
6704,1955,9,1,167
6705,1960,6,1,143
6706,1950,9,1,274
6707,1950,6,1,382
6708,1989,9,1,183
6709,1989,9,1,232
6710,1996,3,3,224
6711,1982,3,4,164
6712,2000,12,1,1195
6713,2008,12,1,2344
6714,2000,12,1,221
6715,1950,9,1,198
6716,1984,15,1,398
6717,1999,18,1,942
6718,2010,15,1,1600
6719,1974,12,1,464
6720,1974,21,1,2513
6721,1974,21,1,2512
6722,1974,21,1,2513
6723,1974,21,1,2515
6724,1937,3,1,91
6725,1960,6,1,264
6726,2007,15,1,473
6727,1950,6,1,143
6728,1940,3,1,59
6729,1940,3,1,59
6730,1941,6,1,103
6731,1965,6,1,102
6732,1943,9,1,111
6733,1940,3,1,64
6734,1940,3,1,57
6735,1950,3,1,60
6736,1945,6,1,78
6737,1944,3,1,61
6738,1945,6,1,70
6739,1955,6,1,136
6740,1960,6,1,97
6741,1955,9,1,221
6742,1999,9,1,215
6743,1929,6,1,283
6744,1950,6,1,219
6745,1949,9,1,245
6746,1960,6,1,203
6747,2000,9,1,316
6748,2022,9,1,240
6749,1968,6,1,195
6750,1940,6,1,122
6751,1941,12,1,290
6752,1943,9,1,344
6753,1991,12,1,308
6754,1940,3,3,38
6755,1979,21,1,16428
6756,1942,9,1,626
6757,2001,21,1,3325
6758,2008,18,1,2463
6759,2005,15,1,1157
6760,2007,15,1,2262
6761,1940,9,1,660
6762,2009,15,1,1236
6763,2009,18,1,3122
6764,1943,6,3,296
6765,1898,9,1,270
6766,1900,12,1,370
6767,2001,18,1,873
6768,1993,18,1,1756
6769,2001,18,1,3467
6770,1941,6,1,467
6771,1970,27,1,5327
6772,1971,27,1,3050
6773,1965,3,3,21
6774,2004,21,1,10792
6775,1972,9,1,237
6776,1920,6,1,102
6777,1923,6,3,168
6778,1965,9,1,283
6779,1968,9,1,220
6780,1987,9,1,739
6781,1950,3,1,418
6782,1972,3,3,275
6783,1993,3,3,269
6784,1990,6,1,816
6785,1935,3,1,102
6786,1915,6,1,182
6787,1918,3,1,264
6788,1922,6,1,220
6789,1931,9,1,226
6790,1918,9,1,220
6791,1972,12,1,380
6792,1988,12,4,1222
6793,1958,3,1,176
6794,1950,9,1,539
6795,2004,9,1,215
6796,2008,15,1,1813
6797,2020,15,1,847
6798,1956,6,3,264
6799,1960,6,1,316
6800,1969,15,4,1710
6801,1990,12,1,925
6802,2003,15,1,2162
6803,1924,6,1,95
6804,1963,9,1,154
6805,1923,9,1,235
6806,1930,6,1,159
6807,1918,12,1,373
6808,1928,6,1,172
6809,1928,6,1,218
6810,1954,6,1,313
6811,2002,12,1,406
6812,1920,6,1,82
6813,1930,12,1,442
6814,1918,3,1,212
6815,1928,6,1,108
6816,1964,9,1,159
6817,1922,3,4,159
6818,1922,9,1,180
6819,1922,6,1,204
6820,1994,6,1,126
6821,1962,9,1,212
6822,1958,6,1,83
6823,1918,9,1,234
6824,1924,6,1,206
6825,1920,9,1,276
6826,2007,15,1,844
6827,1920,6,1,235
6828,1922,6,1,160
6829,1920,9,1,187
6830,1922,9,1,220
6831,1923,9,1,194
6832,1924,6,1,96
6833,1924,6,1,118
6834,1957,12,1,462
6835,1963,15,1,841
6836,1997,12,1,234
6837,1929,6,1,219
6838,1902,3,1,152
6839,1921,3,1,191
6840,1999,12,1,198
6841,1951,3,1,192
6842,1951,3,1,133
6843,1975,18,1,1541
6844,2006,15,1,558
6845,1965,12,1,737
6846,1933,6,1,168
6847,1990,15,1,2092
6848,1930,3,3,297
6849,1989,6,1,204
6850,1979,18,1,799
6851,1958,6,1,206
6852,1930,3,1,117
6853,1920,6,1,130
6854,1933,9,1,207
6855,2003,15,1,1077
6856,2005,15,1,1947
6857,1924,6,1,148
6858,1918,6,1,200
6859,1932,9,1,251
6860,1918,9,1,212
6861,1918,6,1,209
6862,2020,9,1,195
6863,1992,12,1,281
6864,1918,18,1,471
6865,1927,9,1,268
6866,1924,12,1,254
6867,1997,12,1,322
6868,1990,9,1,296
6869,1987,12,1,198
6870,2004,15,1,274
6871,1928,6,1,201
6872,1963,12,1,397
6873,1928,6,1,166
6874,1925,9,1,221
6875,1928,6,1,147
6876,1932,9,1,189
6877,1988,12,1,474
6878,1921,6,1,166
6879,1922,6,1,141
6880,1931,9,1,222
6881,1922,9,1,199
6882,1922,6,1,177
6883,1923,6,1,116
6884,1948,12,1,315
6885,2023,9,1,307
6886,1990,12,1,255
6887,1920,6,1,224
6888,1918,9,1,245
6889,1928,6,1,205
6890,1915,6,1,235
6891,1962,6,1,221
6892,2004,15,1,2141
6893,2023,15,1,2118
6894,1920,6,1,233
6895,1966,9,1,246
6896,1971,6,1,252
6897,1998,9,1,177
6898,1951,6,1,107
6899,1926,3,1,164
6900,1959,6,1,233
6901,1963,6,1,209
6902,1897,9,1,409
6903,1967,21,1,1104
6904,2017,6,1,185
6905,1972,24,1,1644
6906,1953,9,1,485
6907,1959,6,1,181
6908,1961,6,1,113
6909,1959,9,1,221
6910,1955,6,1,224
6911,1960,9,1,526
6912,1951,6,1,178
6913,1950,6,1,129
6914,1954,9,1,412
6915,1954,12,1,476
6916,1969,9,1,277
6917,1991,12,1,224
6918,1967,6,1,249
6919,2021,6,1,169
6920,1956,6,3,865
6921,1969,18,1,511
6922,1953,6,1,322
6923,2003,15,1,661
6924,1930,9,1,272
6925,1961,6,1,112
6926,1999,18,1,1259
6927,1990,9,1,396
6928,1972,12,1,869
6929,1963,9,1,311
6930,2000,9,1,524
6931,1953,3,1,495
6932,1961,3,4,125
6933,1967,15,1,965
6934,1963,6,1,161
6935,1979,24,1,1090
6936,1958,9,4,473
6937,1951,6,1,265
6938,1928,3,1,176
6939,1920,6,1,214
6940,1951,6,1,187
6941,1951,3,1,148
6942,1950,9,1,238
6943,1992,15,1,3297
6944,1961,6,1,260
6945,1951,6,1,348
6946,1951,6,3,69
6947,2010,15,1,928
6948,1981,21,1,2195
6949,1980,21,1,2383
6950,1978,18,1,1382
6951,1890,9,4,2550
6952,2001,15,1,1526
6953,1960,3,1,70
6954,1929,9,1,232
6955,1954,9,1,258
6956,2006,15,1,732
6957,1957,12,1,725
6958,2004,15,1,815
6959,1974,12,1,213
6960,1993,15,1,770
6961,1998,15,1,492
6962,1966,12,1,363
6963,1987,9,1,298
6964,1970,6,1,234
6965,2002,18,1,1572
6966,2004,15,1,231
6967,1965,6,1,200
6968,2000,6,1,347
6969,2002,12,4,699
6970,1982,15,1,871
6971,1960,3,3,10
6972,1992,15,1,1836
6973,1960,3,4,730
6974,1999,6,1,350
6975,2017,9,1,276
6976,1983,9,1,736
6977,1929,3,1,196
6978,1960,3,1,176
6979,1960,3,1,212
6980,1929,6,1,246
6981,1960,6,1,218
6982,1980,18,1,1677
6983,1998,15,1,1326
6984,1960,6,1,612
6985,1960,9,1,329
6986,1986,9,1,619
6987,2020,15,1,320
6988,1993,18,1,650
6989,1957,12,1,698
6990,1981,9,1,247
6991,1960,12,1,415
6992,2003,15,1,2480
6993,1960,3,3,175
6994,1957,6,1,784
6995,1960,12,1,419
6996,1960,15,1,937
6997,1953,6,1,215
6998,1943,6,1,161
6999,1959,9,1,324
7000,1934,6,1,483
7001,1934,9,1,292
7002,1930,9,1,272
7003,1959,9,1,194
7004,1929,3,1,88
7005,1960,6,3,235
7006,1965,9,1,302
7007,1995,9,1,209
7008,1960,9,1,204
7009,1923,6,1,128
7010,1925,6,1,197
7011,1953,3,1,121
7012,1963,12,1,494
7013,1965,9,1,513
7014,2004,6,1,149
7015,1990,9,4,240
7016,1959,6,1,108
7017,1999,15,1,2610
7018,1966,21,1,3805
7019,1968,18,1,3058
7020,1929,6,1,318
7021,1959,6,1,206
7022,1932,3,1,275
7023,1969,3,1,136
7024,1979,6,1,100
7025,1966,3,1,133
7026,1963,3,1,93
7027,1962,15,1,407
7028,1964,15,1,420
7029,1948,6,1,170
7030,1961,6,1,171
7031,2001,12,1,636
7032,2009,15,1,2933
7033,2002,18,1,4212
7034,1996,12,4,4733
7035,2003,12,4,593
7036,1999,9,1,296
7037,1922,9,1,170
7038,1922,6,1,322
7039,1996,12,1,359
7040,2024,9,1,180
7041,1953,9,1,227
7042,1989,12,1,2016
7043,1971,18,1,2050
7044,1971,18,1,1795
7045,1971,21,1,1334
7046,1920,9,1,196
7047,1997,12,1,252
7048,1920,6,1,116
7049,1920,9,1,152
7050,1920,6,4,120
7051,2001,3,3,8539
7052,1998,9,1,232
7053,1970,9,1,316
7054,1960,3,1,103
7055,1960,6,1,107
7056,1920,6,1,265
7057,1920,6,1,175
7058,1920,6,1,306
7059,1950,9,3,949
7060,1950,6,3,2104
7061,1950,9,3,872
7062,1950,9,3,1363
7063,1950,6,3,578
7064,1950,9,3,924
7065,1950,6,3,838
7066,1940,3,3,550
7067,1940,3,3,1173
7068,1940,3,3,801
7069,1940,3,3,559
7070,1940,3,3,571
7071,1940,3,3,550
7072,1940,12,3,8435
7073,1900,3,3,741
7074,1975,3,3,75
7075,1960,6,1,235
7076,1940,6,1,260
7077,1940,9,1,273
7078,1940,6,1,259
7079,1960,9,4,355
7080,1960,6,1,341
7081,1960,9,1,282
7082,1957,9,1,240
7083,1993,12,1,306
7084,1960,9,1,217
7085,1960,9,1,279
7086,1960,6,1,103
7087,1960,6,1,160
7088,1960,12,1,309
7089,1960,6,1,255
7090,1960,9,1,256
7091,1960,6,1,207
7092,1960,9,1,226
7093,1960,9,1,190
7094,1960,9,1,194
7095,1960,3,4,176
7096,1960,6,1,211
7097,1960,9,3,3939
7098,2010,15,1,360
7099,1950,6,1,261
7100,1950,6,1,229
7101,1940,6,1,254
7102,1940,6,1,309
7103,1955,9,1,322
7104,1960,12,1,389
7105,1982,15,1,575
7106,1965,12,1,371
7107,1940,9,1,287
7108,1993,12,1,269
7109,1940,6,1,142
7110,1940,6,1,90
7111,1950,6,1,196
7112,1956,9,1,237
7113,1950,9,1,207
7114,1950,9,1,184
7115,1958,6,1,163
7116,1940,3,1,146
7117,1940,6,1,197
7118,1950,9,1,254
7119,1940,9,1,292
7120,1940,6,1,282
7121,1963,3,1,190
7122,1998,15,1,2468
7123,1999,18,1,7125
7124,1993,18,1,5943
7125,1999,18,1,7060
7126,1942,12,1,6899
7127,1990,24,1,4382
7128,1990,24,1,4373
7129,1996,18,1,3544
7130,1996,18,1,3606
7131,1994,18,1,1977
7132,1999,18,1,6775
7133,1995,24,1,3428
7134,1994,24,1,4214
7135,1997,15,1,2530
7136,1997,15,1,2527
7137,1970,21,1,2112
7138,1979,21,1,3181
7139,1975,24,1,2687
7140,1976,24,1,2324
7141,1976,27,1,2514
7142,1976,27,1,3589
7143,1975,21,1,1824
7144,1970,21,1,2276
7145,1970,24,1,1678
7146,1970,21,1,2166
7147,1970,21,1,2082
7148,1978,3,1,1504
7149,1994,21,1,4930
7150,1979,21,1,3045
7151,1979,24,1,2541
7152,1979,27,1,1268
7153,1979,30,1,2839
7154,1979,30,1,2905
7155,1979,30,1,7447
7156,1979,21,1,1479
7157,1978,21,1,3259
7158,1988,15,1,1101
7159,1988,15,1,1119
7160,1989,15,1,1124
7161,1990,15,1,1121
7162,1992,15,1,1568
7163,1993,15,1,1635
7164,1993,12,1,261
7165,1980,24,1,2129
7166,1982,24,1,7071
7167,1956,9,1,271
7168,1958,6,1,205
7169,2005,12,1,280
7170,1950,9,1,212
7171,1963,6,1,445
7172,1984,9,1,294
7173,1992,12,1,288
7174,1964,9,1,326
7175,1954,9,1,260
7176,1973,6,1,211
7177,1977,15,1,588
7178,1963,6,1,431
7179,1978,27,1,1170
7180,1979,27,1,1887
7181,1979,27,1,1969
7182,1979,27,1,2087
7183,1980,24,1,2054
7184,2008,15,1,1332
7185,1960,9,1,200
7186,1962,6,1,102
7187,1960,6,1,240
7188,1958,6,1,95
7189,1973,12,1,388
7190,1986,12,1,520
7191,1975,12,1,420
7192,1958,9,1,220
7193,1984,27,1,6668
7194,1980,30,1,6210
7195,2007,15,1,1360
7196,1994,12,1,2319
7197,1974,12,1,332
7198,1959,6,1,190
7199,1971,6,1,192
7200,1964,6,1,198
7201,1974,15,1,3382
7202,1960,3,1,52
7203,1956,6,1,109
7204,1976,9,1,884
7205,1972,9,1,155
7206,1968,6,4,189
7207,1953,6,1,282
7208,1960,3,1,135
7209,1960,3,1,85
7210,1960,9,1,412
7211,1956,6,1,168
7212,1971,12,1,395
7213,1955,9,1,210
7214,1953,6,1,151
7215,1960,6,1,139
7216,1960,6,1,131
7217,1957,12,1,587
7218,1953,6,1,208
7219,1962,6,1,211
7220,1962,6,1,157
7221,1954,6,1,363
7222,1963,6,1,128
7223,1960,9,1,177
7224,1971,12,1,269
7225,1961,6,1,168
7226,1956,6,1,149
7227,1958,6,1,245
7228,1993,9,1,277
7229,1970,12,1,245
7230,1955,9,1,200
7231,1956,6,1,242
7232,1945,6,1,91
7233,1955,9,1,173
7234,1960,3,1,53
7235,1960,6,1,64
7236,1954,6,1,126
7237,1948,9,1,193
7238,1954,6,1,55
7239,1953,3,1,88
7240,1954,12,1,264
7241,1954,6,1,130
7242,1951,9,1,296
7243,1954,6,1,206
7244,1949,6,1,313
7245,1954,6,1,252
7246,1954,6,1,216
7247,1956,6,1,193
7248,1954,3,1,101
7249,2022,6,1,206
7250,1954,3,1,138
7251,1954,9,1,308
7252,2007,12,1,437
7253,1970,12,1,348
7254,1954,3,1,86
7255,1999,9,1,318
7256,1993,9,1,255
7257,1954,3,1,159
7258,1954,3,1,112
7259,1953,3,1,93
7260,1950,3,1,128
7261,1997,9,1,374
7262,1956,6,1,107
7263,1960,9,1,153
7264,1955,15,1,426
7265,1962,9,1,190
7266,1958,9,1,135
7267,1958,6,1,62
7268,1997,12,1,400
7269,1955,9,1,396
7270,2003,12,1,518
7271,1955,6,1,139
7272,1953,9,1,242
7273,1970,9,4,174
7274,1956,12,1,98
7275,2003,12,1,192
7276,1991,6,3,530
7277,2007,9,1,147
7278,2007,9,1,221
7279,2008,9,1,91
7280,2000,9,1,175
7281,2009,12,1,2492
7282,1958,12,4,471
7283,1958,6,1,360
7284,1957,3,3,463
7285,1960,3,3,454
7286,1950,6,4,167
7287,1944,9,1,249
7288,2008,12,3,720
7289,1992,9,1,359
7290,1970,9,1,290
7291,1968,6,4,238
7292,1965,9,1,237
7293,1934,6,1,124
7294,1970,9,4,879
7295,1998,9,1,412
7296,1950,3,1,52
7297,1950,6,1,77
7298,1934,6,1,92
7299,1938,6,1,92
7300,2009,9,1,171
7301,1950,9,1,166
7302,1956,6,1,122
7303,1960,6,1,153
7304,1954,6,1,156
7305,1954,6,1,115
7306,1958,6,1,116
7307,1948,9,1,251
7308,1960,6,1,165
7309,1965,6,1,192
7310,1966,9,1,176
7311,1965,15,1,820
7312,1965,15,1,750
7313,2004,12,1,239
7314,1956,3,1,46
7315,1965,12,1,273
7316,1992,12,1,550
7317,1997,9,1,259
7318,1958,9,3,484
7319,1948,6,4,58
7320,1950,9,1,174
7321,1977,6,1,216
7322,1963,6,1,235
7323,1952,15,1,787
7324,1991,9,1,196
7325,1950,6,1,145
7326,1941,9,1,236
7327,2007,6,1,404
7328,1946,6,1,172
7329,1959,6,1,222
7330,1946,6,1,139
7331,1940,6,1,173
7332,1940,6,1,136
7333,1938,12,1,127
7334,1945,3,1,81
7335,1950,6,1,117
7336,1948,9,1,260
7337,1946,6,1,140
7338,1945,6,1,236
7339,2000,3,1,130
7340,1999,9,1,240
7341,1952,3,1,103
7342,1954,9,1,179
7343,1950,6,1,146
7344,1952,3,1,92
7345,1950,9,1,228
7346,1954,9,1,196
7347,2004,9,1,241
7348,1955,12,1,320
7349,1955,3,1,88
7350,1955,6,1,175
7351,1960,6,1,171
7352,1965,6,1,240
7353,1966,9,1,224
7354,1965,12,1,430
7355,1955,9,1,172
7356,1958,6,1,215
7357,1959,9,1,277
7358,1960,9,1,234
7359,1960,6,1,185
7360,1955,3,1,138
7361,1955,9,1,191
7362,2000,6,1,347
7363,1950,9,1,260
7364,1956,9,1,182
7365,1945,6,1,136
7366,1943,3,1,99
7367,1944,9,1,154
7368,1999,9,1,308
7369,1948,9,1,231
7370,1950,9,1,226
7371,1999,6,1,259
7372,1956,9,1,203
7373,2004,12,1,737
7374,1946,6,1,367
7375,1942,6,1,156
7376,1951,9,1,140
7377,1951,6,1,103
7378,1975,15,1,378
7379,1970,12,1,293
7380,1968,6,1,171
7381,1979,15,1,564
7382,1969,15,1,518
7383,1966,12,1,373
7384,1973,15,1,526
7385,1964,12,1,355
7386,1968,12,1,375
7387,1976,12,1,379
7388,1969,9,1,220
7389,1966,9,1,173
7390,1970,12,4,1241
7391,1965,12,1,482
7392,1995,3,3,1375
7393,1800,9,1,2200
7394,1960,6,1,160
7395,2012,18,1,13420
7396,2021,18,1,12145
7397,1960,3,3,16
7398,1930,9,4,1193
7399,1967,12,1,493
7400,1957,15,1,258
7401,1998,9,1,246
7402,1960,6,1,214
7403,1958,6,1,196
7404,1954,6,1,208
7405,1964,9,1,256
7406,1948,6,1,217
7407,1955,6,1,113
7408,1958,6,1,133
7409,1982,12,1,458
7410,1972,9,1,248
7411,1968,6,1,190
7412,1966,9,1,264
7413,1966,12,1,314
7414,2008,12,1,1504
7415,1982,6,1,384
7416,1954,6,1,139
7417,1950,6,1,188
7418,2001,12,1,273
7419,1942,6,1,135
7420,2007,12,1,776
7421,1950,12,1,435
7422,1940,6,1,203
7423,2001,9,1,3299
7424,1945,12,1,401
7425,1945,12,3,362
7426,2002,12,1,1055
7427,1970,3,3,12
7428,1950,3,1,183
7429,1935,3,4,155
7430,1950,9,3,280
7431,1965,9,1,442
7432,1935,9,1,574
7433,1940,9,1,213
7434,1935,12,1,296
7435,1974,9,1,288
7436,1962,6,1,180
7437,1935,6,1,216
7438,1955,6,1,183
7439,1955,6,1,200
7440,1970,3,1,117
7441,1955,6,1,165
7442,1940,3,1,63
7443,1950,9,1,180
7444,1980,9,1,273
7445,1935,9,1,327
7446,1997,9,1,192
7447,2009,15,1,2433
7448,1967,9,1,241
7449,1972,9,1,540
7450,1950,6,1,226
7451,1958,6,1,259
7452,1960,6,1,169
7453,1974,9,1,118
7454,1980,9,1,234
7455,1966,6,1,193
7456,1970,9,1,157
7457,1976,9,1,241
7458,1971,9,1,200
7459,1972,9,1,221
7460,1981,12,1,278
7461,1949,9,1,281
7462,1960,9,1,133
7463,1935,9,1,162
7464,1978,9,1,233
7465,1944,6,1,69
7466,1930,6,1,186
7467,1950,3,1,112
7468,1942,12,1,646
7469,2009,12,1,350
7470,1936,3,1,148
7471,1960,6,1,187
7472,1969,9,1,240
7473,1977,12,1,375
7474,1944,6,1,92
7475,1944,6,1,190
7476,1959,6,4,1314
7477,1959,3,3,47
7478,1941,9,3,258
7479,1951,6,3,1311
7480,1971,3,3,16
7481,1943,6,3,215
7482,1957,9,1,242
7483,2007,9,1,252
7484,1969,12,1,364
7485,2002,9,1,296
7486,1951,6,1,156
7487,1976,9,1,482
7488,1959,9,3,873
7489,1920,6,1,218
7490,1959,6,1,164
7491,1990,9,1,291
7492,1960,6,1,261
7493,1961,6,1,252
7494,1949,6,1,370
7495,1998,9,1,426
7496,1994,12,1,252
7497,1941,12,1,342
7498,1951,9,1,548
7499,1951,9,1,540
7500,1941,15,1,998
7501,1974,6,3,318
7502,1931,6,1,435
7503,1949,9,1,244
7504,1961,9,1,250
7505,1961,6,1,174
7506,2017,6,1,120
7507,1966,6,1,242
7508,1951,6,1,293
7509,1965,6,1,291
7510,1929,6,1,249
7511,2019,6,1,196
7512,1951,9,1,495
7513,1941,9,1,312
7514,1920,6,1,352
7515,1936,6,1,624
7516,1950,18,3,9602
7517,1951,9,1,212
7518,1941,6,1,289
7519,1956,6,1,94
7520,1964,9,1,423
7521,1989,6,1,217
7522,1968,3,4,181
7523,1950,9,1,251
7524,1960,6,1,142
7525,1963,6,1,137
7526,1997,15,1,3400
7527,1969,15,1,660
7528,1918,6,1,155
7529,1973,15,1,402
7530,1915,6,1,646
7531,1951,6,1,163
7532,1948,6,1,155
7533,1942,6,1,80
7534,1953,3,1,56
7535,1894,9,1,471
7536,1972,3,3,249
7537,1920,6,1,226
7538,1989,9,1,299
7539,1950,9,1,137
7540,1946,6,1,119
7541,1941,9,1,127
7542,1995,12,1,149
7543,1890,6,1,106
7544,1948,6,1,193
7545,1900,6,1,171
7546,1961,6,1,183
7547,1950,6,1,106
7548,1937,9,1,170
7549,1961,15,1,918
7550,2014,12,1,676
7551,1958,12,1,274
7552,1997,12,1,1139
7553,1900,9,1,371
7554,1951,6,1,204
7555,1928,6,1,160
7556,1918,6,1,133
7557,1880,9,1,172
7558,1922,6,1,149
7559,1900,6,1,145
7560,1950,18,1,1095
7561,1951,3,1,76
7562,1962,9,1,161
7563,1912,6,1,122
7564,1960,9,1,253
7565,1999,6,1,212
7566,2019,9,1,165
7567,2019,9,1,156
7568,2000,15,1,524
7569,1978,18,1,1963
7570,1949,3,1,92
7571,2005,12,1,212
7572,2009,12,1,258
7573,1950,18,1,1095
7574,1921,6,1,120
7575,2005,15,1,1923
7576,2012,15,1,976
7577,1958,6,1,262
7578,1961,9,1,248
7579,1960,12,1,489
7580,1951,6,1,263
7581,1941,3,1,222
7582,1961,12,1,812
7583,1900,9,1,245
7584,1999,9,1,246
7585,2008,12,1,1951
7586,1950,6,1,217
7587,1992,9,1,255
7588,1987,9,1,245
7589,1951,6,1,172
7590,1971,12,1,221
7591,1963,9,1,211
7592,1966,12,1,310
7593,1905,9,1,160
7594,1988,12,1,162
7595,1961,12,1,556
7596,1929,6,1,191
7597,1919,9,1,151
7598,1961,9,1,289
7599,1950,6,1,186
7600,1996,9,1,157
7601,1981,18,1,1270
7602,1959,6,1,286
7603,1970,21,1,1627
7604,1963,24,4,975
7605,1960,9,1,711
7606,2006,15,1,907
7607,1961,3,1,212
7608,1951,3,3,102
7609,1963,3,1,41
7610,1999,15,1,1438
7611,2022,15,1,3515
7612,1951,9,1,321
7613,1946,3,1,301
7614,1927,6,1,178
7615,1951,6,1,188
7616,1944,3,1,96
7617,1934,6,1,192
7618,1970,9,1,439
7619,1900,3,1,96
7620,1982,9,4,255
7621,1968,12,1,295
7622,1956,9,1,237
7623,1941,6,1,139
7624,1940,6,1,146
7625,1973,3,1,89
7626,1954,9,1,184
7627,1968,9,1,218
7628,2010,12,1,209
7629,1975,21,1,1564
7630,1970,6,1,192
7631,1970,6,1,275
7632,1948,12,1,459
7633,1998,15,1,362
7634,1948,9,1,192
7635,2020,9,1,257
7636,2001,15,1,2156
7637,1977,9,1,389
7638,1959,9,1,214
7639,1961,9,1,228
7640,1998,12,1,261
7641,1971,18,1,1666
7642,1960,6,1,476
7643,1995,9,1,214
7644,1956,6,1,248
7645,1960,6,1,246
7646,1951,6,1,240
7647,1926,3,1,127
7648,2002,9,1,250
7649,1948,6,1,349
7650,1931,6,1,206
7651,1930,6,1,217
7652,1932,3,1,124
7653,1965,9,1,256
7654,1959,12,1,266
7655,1961,9,1,187
7656,1951,9,1,392
7657,1941,9,1,142
7658,1941,9,1,151
7659,2006,9,1,228
7660,1970,12,1,343
7661,1963,12,1,287
7662,1945,6,1,219
7663,1971,6,1,230
7664,1939,9,1,252
7665,1961,9,1,263
7666,1995,12,1,553
7667,1961,9,1,279
7668,1931,6,1,240
7669,1948,6,1,226
7670,1951,6,1,268
7671,1961,9,1,267
7672,1987,9,1,483
7673,1948,6,1,264
7674,2003,15,1,2372
7675,2008,15,1,1293
7676,1949,12,1,526
7677,1967,3,1,337
7678,1949,6,1,383
7679,1940,6,3,850
7680,1944,6,1,186
7681,1966,6,1,195
7682,1956,12,1,546
7683,1960,9,1,326
7684,1994,6,1,473
7685,1968,6,1,272
7686,1970,6,1,405
7687,1964,18,1,801
7688,1969,18,1,2615
7689,1971,21,1,1672
7690,1999,15,1,700
7691,1963,9,1,300
7692,1919,12,1,281
7693,1910,9,1,282
7694,2024,15,1,465
7695,1999,15,1,596
7696,1999,12,1,290
7697,1923,9,1,218
7698,1953,6,1,170
7699,1976,9,1,591
7700,1960,6,1,192
7701,1960,9,1,181
7702,1930,6,1,186
7703,1921,9,1,228
7704,1916,9,1,262
7705,1961,18,1,5053
7706,1960,18,1,2892
7707,2008,12,1,289
7708,1950,9,1,229
7709,1932,9,1,224
7710,2007,15,1,1472
7711,1951,6,1,214
7712,1951,6,1,215
7713,1916,9,1,224
7714,1930,9,1,305
7715,1930,3,1,89
7716,1931,6,1,431
7717,1930,9,1,278
7718,1934,6,1,164
7719,1930,9,1,367
7720,1940,9,1,431
7721,1919,9,1,782
7722,1970,15,1,468
7723,1916,12,1,1030
7724,1914,6,4,568
7725,1924,9,1,247
7726,1930,9,1,224
7727,1916,12,1,349
7728,1940,6,1,162
7729,1919,6,1,224
7730,1921,9,1,134
7731,2005,12,1,837
7732,1931,6,1,190
7733,1919,6,1,186
7734,1939,9,1,381
7735,1926,9,1,154
7736,1919,6,1,246
7737,1985,12,1,2438
7738,1949,21,4,3487
7739,1965,21,1,880
7740,1967,24,1,1843
7741,1976,30,1,3855
7742,1965,30,1,3685
7743,1965,21,1,1729
7744,1900,12,1,1025
7745,1965,21,1,1670
7746,1965,18,1,3768
7747,1940,3,3,32
7748,1965,24,1,2514
7749,1975,21,1,1325
7750,1959,12,1,740
7751,1969,27,1,1891
7752,2011,15,1,1451
7753,1939,9,1,415
7754,1945,9,1,550
7755,1990,18,1,3102
7756,1955,9,1,957
7757,1992,12,1,1022
7758,1956,18,1,2256
7759,1914,6,1,311
7760,1968,6,1,257
7761,1938,3,1,110
7762,1913,6,1,453
7763,1939,6,1,219
7764,1945,15,1,465
7765,2001,3,1,17
7766,1930,9,1,220
7767,1921,9,1,205
7768,2001,15,1,7976
7769,2000,15,1,1937
7770,2001,15,1,1315
7771,2007,9,4,1559
7772,2000,9,N,0
7773,2011,3,4,98
7774,2023,15,1,1940
7775,1912,6,1,96
7776,1959,6,1,119
7777,1965,9,1,240
7778,1958,3,1,116
7779,1944,6,1,212
7780,1958,12,1,395
7781,1942,3,3,123
7782,2019,9,1,301
7783,1940,3,1,111
7784,2018,6,1,194
7785,1974,3,3,128
7786,1996,12,1,414
7787,2013,9,1,830
7788,1936,9,1,358
7789,1930,9,1,312
7790,1950,9,1,230
7791,1939,6,1,152
7792,1939,6,1,190
7793,1941,12,1,197
7794,1940,3,1,95
7795,1931,3,1,150
7796,1939,3,1,191
7797,1932,3,3,16
7798,1930,3,1,313
7799,1966,15,1,585
7800,1929,9,1,454
7801,1999,12,1,1357
7802,1989,12,1,278
7803,1989,12,1,253
7804,1989,12,1,253
7805,1989,12,1,253
7806,1989,12,1,278
7807,1989,12,1,263
7808,1970,6,4,307
7809,1982,12,1,214
7810,1982,9,1,227
7811,1970,3,1,62
7812,1934,6,1,191
7813,1997,12,1,205
7814,1998,9,1,201
7815,1990,9,1,189
7816,1990,9,1,206
7817,1990,9,1,183
7818,1990,9,1,183
7819,1990,9,1,183
7820,1930,6,1,202
7821,1992,9,1,853
7822,1934,6,1,202
7823,1909,6,1,155
7824,1936,9,1,180
7825,1934,6,1,175
7826,1970,12,1,302
7827,1934,9,1,289
7828,1950,9,1,245
7829,1967,9,1,298
7830,1941,6,1,215
7831,1911,9,1,178
7832,1973,9,1,269
7833,1919,6,1,219
7834,1988,12,1,448
7835,1990,12,1,158
7836,2002,12,1,197
7837,2004,12,1,319
7838,1946,3,1,117
7839,1949,12,1,359
7840,1924,9,1,279
7841,1931,9,1,209
7842,1939,6,1,232
7843,1947,9,1,246
7844,1967,9,1,300
7845,1919,3,1,77
7846,1946,12,3,440
7847,1970,9,1,247
7848,1942,6,1,151
7849,1943,6,1,156
7850,1928,9,1,217
7851,1988,6,1,128
7852,1996,12,1,1212
7853,1936,9,1,364
7854,1950,9,1,204
7855,1930,3,1,140
7856,1930,3,1,110
7857,1996,12,1,222
7858,1930,6,1,93
7859,1930,3,1,88
7860,1930,6,1,234
7861,1920,6,1,130
7862,1920,6,1,149
7863,1930,9,1,327
7864,1930,6,1,318
7865,1930,6,1,272
7866,1975,21,1,1343
7867,1950,12,1,409
7868,1930,9,3,275
7869,1992,15,1,443
7870,1950,12,1,474
7871,1943,9,1,217
7872,1969,15,1,455
7873,1910,6,1,181
7874,1910,3,3,67
7875,1966,9,1,273
7876,1925,6,1,183
7877,1970,12,1,350
7878,1958,6,1,248
7879,1953,12,1,322
7880,2006,12,1,681
7881,1996,12,1,216
7882,1959,12,1,381
7883,1993,6,1,358
7884,1956,6,1,270
7885,1959,9,1,286
7886,1949,6,1,206
7887,1960,9,1,241
7888,1930,6,1,197
7889,1998,9,1,172
7890,1987,9,1,361
7891,1946,9,1,322
7892,1955,6,1,213
7893,1922,12,1,389
7894,1960,12,1,485
7895,1930,6,1,365
7896,1941,6,1,214
7897,1952,9,1,457
7898,2002,12,1,1586
7899,2003,15,1,10469
7900,2006,15,1,541
7901,1965,15,4,7580
7902,2006,3,4,516
7903,1965,12,4,2676
7904,1987,24,1,2240
7905,1985,24,1,3806
7906,1985,24,1,3613
7907,1988,21,1,4004
7908,1986,24,1,2945
7909,1987,24,1,3645
7910,1991,24,1,4012
7911,1991,18,1,3468
7912,1992,18,1,5202
7913,1988,24,1,3741
7914,1992,24,1,3439
7915,1973,30,1,3856
7916,1953,6,1,317
7917,1953,12,1,206
7918,1955,12,1,274
7919,1936,6,1,325
7920,1996,15,1,556
7921,1965,6,3,393
7922,1950,9,1,192
7923,1976,18,1,459
7924,1976,12,1,439
7925,2019,9,1,278
7926,1965,6,4,231
7927,1929,6,1,175
7928,1927,6,1,173
7929,1930,6,1,191
7930,1935,6,1,207
7931,1940,6,1,113
7932,2020,9,1,236
7933,1930,6,1,201
7934,1929,3,1,105
7935,1955,6,1,236
7936,1928,9,1,300
7937,1973,18,1,457
7938,1943,6,1,245
7939,1933,6,1,172
7940,1940,3,4,89
7941,1970,15,1,686
7942,2002,12,1,213
7943,2001,12,1,210
7944,1930,3,4,80
7945,2005,12,1,211
7946,1975,24,1,8584
7947,2002,15,1,745
7948,1940,6,1,282
7949,1978,18,1,1683
7950,1977,9,1,304
7951,1960,3,1,231
7952,1950,6,1,180
7953,1932,3,1,74
7954,1950,6,1,202
7955,1988,9,1,326
7956,1940,3,1,92
7957,1930,6,1,129
7958,1930,9,1,216
7959,2000,6,1,201
7960,1930,6,1,201
7961,2021,6,1,160
7962,1930,3,1,125
7963,1930,3,1,128
7964,1930,3,1,118
7965,1930,6,1,209
7966,1930,6,1,263
7967,1942,3,1,104
7968,1930,6,1,232
7969,1942,6,1,174
7970,1940,6,1,226
7971,2021,15,1,951
7972,1975,15,1,446
7973,1960,3,1,110
7974,1950,6,1,266
7975,1965,9,1,654
7976,1988,9,1,353
7977,1970,6,1,275
7978,1935,9,1,315
7979,1947,6,1,223
7980,1962,24,1,2020
7981,1998,15,1,805
7982,2008,15,1,1157
7983,1975,9,1,220
7984,1999,15,1,418
7985,1994,12,1,241
7986,1916,6,1,169
7987,1970,18,1,1364
7988,1916,3,3,142
7989,1996,12,1,256
7990,1955,6,1,113
7991,1950,6,1,152
7992,1955,6,1,156
7993,2023,6,1,164
7994,2000,15,1,1212
7995,1990,9,1,397
7996,1958,9,1,292
7997,1957,9,1,212
7998,1954,6,1,453
7999,2001,15,1,3531
8000,2003,12,1,1544
8001,2006,15,1,1212
8002,2017,9,1,342
8003,2017,6,1,150
8004,2018,9,1,218
8005,2016,6,1,148
8006,2017,6,1,215
8007,2017,6,1,218
8008,1978,27,1,2970
8009,1975,21,1,3577
8010,1991,12,1,471
8011,1965,15,1,507
8012,1970,3,4,124
8013,1978,21,1,1529
8014,1979,27,1,1955
8015,1978,27,1,5158
8016,2006,15,1,627
8017,1953,9,1,158
8018,1960,9,1,192
8019,1960,9,1,162
8020,1963,12,1,290
8021,1959,6,1,102
8022,1991,9,1,228
8023,1972,15,1,395
8024,1985,12,1,418
8025,1973,15,1,477
8026,1988,12,1,276
8027,1976,15,1,665
8028,1975,18,1,1275
8029,1978,3,1,1365
8030,1970,3,3,16
8031,1985,15,1,839
8032,1983,15,1,992
8033,1983,15,1,992
8034,1983,15,1,962
8035,1983,15,1,1050
8036,1980,18,1,1136
8037,1979,15,1,1754
8038,1985,15,1,1007
8039,1991,6,1,286
8040,1989,9,1,285
8041,1989,9,1,285
8042,1990,12,1,339
8043,1989,9,1,262
8044,1989,9,1,285
8045,1989,12,1,527
8046,1989,9,1,278
8047,1989,24,1,799
8048,2003,21,1,1197
8049,1973,18,1,1294
8050,1977,27,1,2875
8051,1975,27,1,3094
8052,1974,27,1,3052
8053,1970,27,1,3249
8054,1988,24,1,5774
8055,1960,27,1,4098
8056,2007,15,1,595
8057,1960,12,1,458
8058,1980,18,1,853
8059,1970,21,1,1602
8060,1960,18,1,843
8061,1991,15,1,1497
8062,1960,12,1,373
8063,1965,6,1,262
8064,1965,9,1,168
8065,1963,6,1,184
8066,1984,21,1,1527
8067,1989,9,1,485
8068,1995,9,1,614
8069,2004,15,1,533
8070,1992,12,1,510
8071,1998,15,1,1408
8072,1992,6,4,3551
8073,2009,15,1,6261
8074,2009,15,1,1132
8075,1970,12,1,379
8076,1961,12,1,272
8077,1963,9,1,206
8078,1945,9,1,310
8079,1970,12,1,300
8080,1970,12,1,382
8081,1967,9,1,303
8082,1963,9,1,290
8083,1970,6,1,253
8084,1961,3,1,128
8085,1970,6,1,132
8086,1961,9,1,206
8087,1966,9,1,151
8088,1963,9,1,160
8089,1965,9,1,178
8090,1986,9,1,236
8091,1986,12,1,1207
8092,1978,15,1,2798
8093,1990,9,4,2020
8094,1967,12,1,372
8095,1970,12,1,518
8096,1985,12,1,262
8097,1961,9,1,146
8098,1967,9,1,198
8099,1964,3,1,83
8100,1968,9,1,224
8101,1970,12,1,354
8102,1970,12,1,334
8103,1968,12,1,308
8104,1967,9,1,179
8105,1969,6,1,134
8106,1970,9,1,168
8107,1971,12,1,236
8108,1970,6,1,124
8109,2006,9,1,172
8110,1960,12,1,154
8111,1958,9,1,262
8112,1974,9,1,249
8113,1971,6,1,214
8114,1968,3,1,121
8115,2006,9,1,226
8116,2017,9,1,213
8117,2020,9,1,206
8118,1971,6,1,228
8119,1975,9,1,220
8120,1970,6,1,268
8121,1968,6,1,88
8122,1954,3,1,138
8123,1950,3,1,118
8124,1969,6,1,143
8125,1975,9,1,389
8126,1998,15,1,796
8127,1970,6,1,247
8128,1963,9,1,356
8129,1978,9,1,181
8130,1976,9,1,282
8131,1992,9,1,196
8132,1992,9,1,180
8133,1992,9,1,182
8134,1992,9,1,182
8135,1992,9,1,237
8136,1992,9,1,180
8137,1992,9,1,245
8138,1992,9,1,238
8139,1959,6,1,234
8140,1966,6,1,196
8141,1967,6,1,218
8142,1963,6,1,273
8143,1970,9,1,499
8144,1961,6,1,305
8145,1994,9,1,238
8146,1974,9,1,544
8147,1965,6,1,165
8148,1970,6,1,251
8149,1959,9,1,273
8150,1957,9,1,290
8151,1967,3,1,173
8152,1955,9,1,369
8153,1961,3,1,112
8154,1987,3,1,259
8155,1967,6,1,263
8156,1966,6,1,209
8157,1950,6,1,341
8158,1940,6,1,279
8159,1950,3,1,300
8160,1960,6,1,345
8161,1966,9,3,329
8162,1962,9,1,442
8163,1960,9,1,262
8164,1940,3,1,242
8165,1959,6,1,293
8166,1960,6,1,201
8167,1940,3,1,201
8168,1940,9,1,272
8169,1940,12,1,287
8170,2001,12,1,566
8171,1944,6,1,160
8172,1940,6,1,153
8173,1967,15,1,428
8174,1940,12,1,230
8175,1960,9,1,225
8176,1956,9,1,152
8177,1960,9,1,143
8178,1960,6,1,220
8179,1950,9,1,160
8180,1950,6,1,123
8181,1950,3,1,72
8182,1950,9,1,146
8183,1950,6,1,128
8184,1958,9,1,242
8185,1958,9,1,242
8186,1953,6,1,126
8187,1940,9,1,170
8188,1940,6,1,111
8189,1925,3,1,12
8190,1963,6,1,93
8191,1930,12,1,122
8192,1935,9,1,175
8193,1940,6,1,115
8194,1950,3,1,125
8195,1948,9,1,122
8196,1951,6,1,108
8197,1955,6,1,119
8198,1955,9,1,182
8199,1953,9,1,268
8200,1945,3,1,150
8201,1946,3,1,127
8202,1953,3,1,99
8203,1948,6,1,185
8204,1952,9,1,151
8205,1955,6,1,81
8206,1955,3,1,110
8207,1956,6,1,108
8208,1961,12,1,184
8209,1950,9,1,78
8210,1958,9,1,174
8211,1942,6,1,196
8212,1945,6,1,133
8213,1960,9,1,214
8214,1960,3,1,207
8215,1964,18,1,2216
8216,1934,3,1,96
8217,1930,6,1,193
8218,1935,12,1,480
8219,1942,9,1,254
8220,1944,6,1,82
8221,1940,6,1,169
8222,1950,6,1,156
8223,1950,6,1,155
8224,1935,6,1,183
8225,1979,18,1,952
8226,1942,12,1,361
8227,1920,3,1,94
8228,1936,3,1,109
8229,2004,12,1,489
8230,1935,9,1,248
8231,1940,6,1,105
8232,2006,12,1,354
8233,1945,9,1,178
8234,1958,6,1,139
8235,1956,9,1,227
8236,1946,9,1,204
8237,1940,9,1,163
8238,1964,6,1,41
8239,1930,3,4,105
8240,1964,6,1,184
8241,1970,9,1,249
8242,1970,6,1,194
8243,1970,9,1,222
8244,1970,12,1,338
8245,1968,9,1,319
8246,1965,9,1,204
8247,1966,6,1,197
8248,1964,9,1,360
8249,1963,3,1,172
8250,1970,6,1,112
8251,1961,9,4,628
8252,1965,9,1,364
8253,1968,6,1,298
8254,1971,6,1,238
8255,1978,6,4,1033
8256,2020,6,1,173
8257,2020,6,1,185
8258,1920,3,1,225
8259,1920,6,1,134
8260,1960,9,1,426
8261,1965,9,1,216
8262,1970,6,1,175
8263,1960,9,1,172
8264,1960,3,3,16
8265,1970,12,1,309
8266,1970,9,1,238
8267,1950,6,1,182
8268,1975,9,1,278
8269,2003,12,1,376
8270,2001,9,1,489
8271,1960,12,1,262
8272,1972,6,1,103
8273,1973,12,1,285
8274,1964,9,1,188
8275,1964,9,1,196
8276,1965,3,1,89
8277,1970,12,1,352
8278,1967,12,1,256
8279,1970,9,1,222
8280,1958,12,1,269
8281,1959,12,1,333
8282,1970,12,1,390
8283,1973,12,1,306
8284,1970,9,1,228
8285,1970,6,1,197
8286,1969,9,1,218
8287,1968,9,1,194
8288,1965,3,1,86
8289,1970,12,1,324
8290,1968,9,1,583
8291,1977,12,1,382
8292,1964,9,1,278
8293,1967,12,1,387
8294,1982,18,1,508
8295,1973,15,1,488
8296,1965,9,1,223
8297,1965,9,1,214
8298,1972,9,1,413
8299,1996,12,1,324
8300,1972,12,1,365
8301,1987,3,3,127
8302,1972,15,1,569
8303,1973,15,1,627
8304,1982,12,1,443
8305,1980,12,1,481
8306,1963,9,1,228
8307,1978,3,1,116
8308,1970,15,1,498
8309,1970,6,1,278
8310,1970,15,1,411
8311,1973,15,1,533
8312,1972,15,1,449
8313,1971,6,1,238
8314,1980,9,1,286
8315,1974,12,1,422
8316,1970,6,1,288
8317,1970,12,1,532
8318,1970,15,1,492
8319,1987,6,1,199
8320,1973,12,1,477
8321,1979,12,1,446
8322,1973,12,1,194
8323,1970,12,1,376
8324,1970,9,1,334
8325,1969,9,1,340
8326,2007,12,1,400
8327,1970,6,1,182
8328,1971,9,1,242
8329,1972,12,1,406
8330,1960,6,3,307
8331,1974,9,1,297
8332,1972,18,1,548
8333,1979,9,1,257
8334,1970,9,1,451
8335,1980,3,1,165
8336,1971,9,1,287
8337,1975,9,1,339
8338,1978,9,1,302
8339,1985,9,1,333
8340,1975,12,1,7860
8341,2000,15,1,1254
8342,1956,9,1,234
8343,1956,6,1,208
8344,1987,9,4,760
8345,1978,3,3,202
8346,1974,3,3,17
8347,1979,3,3,178
8348,2007,12,1,3700
8349,1930,15,1,513
8350,1960,6,1,150
8351,1970,9,1,202
8352,1986,9,1,560
8353,2005,15,1,2618
8354,1960,9,1,462
8355,2004,15,1,544
8356,1960,9,1,320
8357,1999,24,1,2901
8358,1960,9,1,210
8359,1960,15,1,306
8360,1940,3,1,134
8361,1940,6,1,231
8362,1954,9,1,250
8363,1947,6,1,314
8364,1940,12,1,325
8365,1950,6,1,216
8366,1940,3,1,112
8367,1940,6,1,115
8368,1989,15,4,706
8369,1991,6,1,653
8370,1970,9,1,453
8371,1930,9,1,475
8372,1981,12,1,340
8373,1950,18,3,6594
8374,1930,9,3,549
8375,1950,6,1,188
8376,1935,6,1,314
8377,1951,12,1,696
8378,2002,12,1,332
8379,1950,6,1,328
8380,1929,9,1,272
8381,1960,3,3,10
8382,2001,15,1,640
8383,1950,9,1,140
8384,2008,15,1,3485
8385,1950,15,1,489
8386,1950,6,1,172
8387,1940,6,1,112
8388,1940,3,4,93
8389,1940,6,1,95
8390,1940,6,1,189
8391,1940,6,1,190
8392,1960,3,1,101
8393,1940,6,1,178
8394,1940,6,1,222
8395,1978,9,1,266
8396,1920,3,1,99
8397,1920,3,1,87
8398,1940,3,1,97
8399,1940,6,1,180
8400,1970,3,3,202
8401,2004,12,1,1072
8402,1950,12,1,365
8403,1925,3,1,114
8404,1940,6,1,275
8405,1930,3,3,134
8406,2021,6,1,166
8407,1960,6,1,192
8408,1999,12,1,391
8409,1967,9,1,417
8410,1946,3,1,153
8411,1992,12,1,1320
8412,1977,21,1,1836
8413,1977,21,1,2755
8414,1976,15,1,948
8415,1970,9,1,235
8416,1989,12,1,943
8417,1965,15,1,570
8418,1950,9,1,278
8419,1940,9,1,255
8420,1974,9,1,235
8421,1940,6,1,141
8422,1955,6,1,246
8423,1950,6,1,243
8424,1940,6,1,207
8425,1994,15,1,788
8426,1966,6,1,258
8427,1940,9,1,160
8428,1940,6,1,186
8429,1940,6,1,144
8430,1940,6,1,220
8431,2017,3,1,92
8432,1940,6,1,195
8433,1940,6,1,185
8434,1940,6,1,173
8435,1967,6,1,227
8436,1950,3,1,91
8437,1940,6,1,114
8438,1940,6,1,186
8439,1960,6,1,512
8440,1965,6,1,353
8441,1940,3,1,88
8442,1949,3,1,80
8443,1984,9,1,256
8444,1960,9,1,502
8445,1967,12,1,160
8446,2000,15,1,629
8447,2000,9,1,605
8448,2007,15,1,747
8449,1944,6,1,426
8450,2007,15,1,1147
8451,1940,18,1,1150
8452,2002,15,1,610
8453,1965,6,1,151
8454,1950,6,3,1125
8455,1950,3,1,143
8456,1950,6,1,185
8457,1948,6,1,235
8458,1955,9,1,210
8459,1955,9,1,234
8460,1950,6,1,184
8461,1940,3,3,34
8462,2016,6,1,128
8463,1930,9,1,198
8464,1960,9,1,190
8465,1950,3,1,108
8466,1950,9,1,306
8467,1961,9,1,199
8468,2003,12,1,213
8469,1944,12,1,361
8470,1930,3,1,98
8471,1982,15,1,505
8472,1953,6,1,121
8473,1952,3,1,108
8474,1937,6,1,170
8475,1931,6,1,202
8476,1965,6,1,206
8477,1941,3,1,106
8478,1930,3,1,103
8479,1940,9,1,258
8480,1950,3,1,103
8481,1960,6,1,202
8482,1950,6,4,91
8483,1955,3,1,84
8484,1940,6,1,110
8485,1955,9,1,197
8486,1960,9,1,270
8487,1988,9,1,223
8488,2007,15,1,378
8489,1960,6,1,196
8490,1950,6,1,87
8491,2017,12,1,193
8492,2017,12,1,192
8493,1953,6,1,188
8494,1955,9,1,214
8495,2006,15,1,724
8496,1960,9,1,221
8497,1965,9,1,348
8498,1950,6,1,149
8499,1965,12,1,467
8500,1980,9,4,5654
8501,1980,3,3,88
8502,1980,24,1,31764
8503,1972,6,1,277
8504,1970,12,1,827
8505,1991,18,4,4034
8506,2003,3,4,496
8507,1963,9,1,262
8508,1940,9,1,227
8509,2004,12,1,246
8510,1962,15,1,761
8511,1979,18,1,1451
8512,1953,9,3,1109
8513,1933,3,1,66
8514,1963,12,1,305
8515,1950,6,4,106
8516,1948,6,1,120
8517,1947,6,1,110
8518,1953,6,1,218
8519,1939,12,1,555
8520,1968,18,1,1129
8521,1973,12,1,549
8522,1920,9,4,468
8523,1957,6,1,261
8524,1953,12,1,321
8525,1960,12,1,383
8526,1965,9,1,242
8527,1922,6,1,157
8528,1998,12,1,704
8529,2009,15,1,2744
8530,1979,12,1,640
8531,1907,6,1,197
8532,1962,6,1,143
8533,1956,6,1,132
8534,1966,9,1,221
8535,1979,12,1,200
8536,1930,6,1,158
8537,1960,6,1,149
8538,1960,6,1,150
8539,1961,6,1,219
8540,1961,9,1,188
8541,1936,6,1,132
8542,1960,9,1,168
8543,1961,6,1,177
8544,1961,6,1,176
8545,1961,9,1,240
8546,1960,9,1,503
8547,1960,6,1,132
8548,1960,6,1,548
8549,1958,3,4,254
8550,1960,6,1,202
8551,1960,9,1,198
8552,1963,9,1,221
8553,2014,9,1,458
8554,1970,12,1,306
8555,1986,9,1,274
8556,1960,9,1,210
8557,1963,9,1,218
8558,1961,9,1,222
8559,1961,15,1,427
8560,1960,15,1,835
8561,1960,6,1,380
8562,1962,6,1,864
8563,2001,12,1,366
8564,1986,9,1,253
8565,1960,3,3,225
8566,2007,12,1,573
8567,2007,12,1,2502
8568,2007,15,1,2507
8569,1994,15,1,4581
8570,1978,18,1,793
8571,1960,9,1,154
8572,1978,12,1,416
8573,1975,9,4,549
8574,1966,6,1,214
8575,1988,12,1,258
8576,1961,6,4,315
8577,1961,12,1,236
8578,1920,9,1,228
8579,1970,12,1,375
8580,1961,9,1,250
8581,1910,6,1,183
8582,1969,12,1,291
8583,2005,12,1,222
8584,2005,6,1,276
8585,1885,6,1,129
8586,1927,9,1,190
8587,1963,9,1,217
8588,1990,9,1,434
8589,1970,18,1,1153
8590,2006,15,1,919
8591,2005,15,1,1290
8592,1981,21,1,1114
8593,2024,6,1,196
8594,1950,9,1,263
8595,1949,9,1,503
8596,1920,6,1,148
8597,1951,6,1,136
8598,1951,9,1,189
8599,1991,12,1,178
8600,1961,9,1,177
8601,1991,24,1,908
8602,1951,6,1,204
8603,2005,15,1,812
8604,1950,3,1,261
8605,1950,9,1,287
8606,1950,6,1,225
8607,1963,6,1,414
8608,1952,6,1,226
8609,1960,9,1,283
8610,1934,6,1,178
8611,1979,15,1,5051
8612,1951,12,1,937
8613,1952,6,1,227
8614,1958,6,1,270
8615,1949,9,1,287
8616,1950,6,1,257
8617,1913,9,1,375
8618,1991,12,4,4765
8619,1968,3,3,19
8620,1977,18,1,1124
8621,1977,18,1,1136
8622,1977,18,1,1136
8623,1988,9,1,552
8624,1982,12,1,1277
8625,1988,9,1,576
8626,1974,18,1,2468
8627,1950,6,1,309
8628,1951,6,1,272
8629,1912,6,1,314
8630,1949,6,1,200
8631,1950,9,1,142
8632,1949,6,1,167
8633,1952,9,1,149
8634,1922,6,1,122
8635,1963,9,1,163
8636,1960,6,4,164
8637,1968,6,4,170
8638,1919,12,1,265
8639,1959,15,1,357
8640,1992,15,1,201
8641,1968,15,1,334
8642,1978,12,1,491
8643,1961,6,1,114
8644,1951,9,1,153
8645,1961,6,1,111
8646,1961,12,1,192
8647,1959,12,1,318
8648,1963,6,1,145
8649,1972,9,1,147
8650,1991,9,1,132
8651,1967,9,1,174
8652,2006,12,1,187
8653,2023,12,1,1281
8654,2004,12,1,562
8655,1900,9,1,227
8656,1967,18,1,771
8657,1955,9,1,300
8658,2008,3,4,63
8659,1988,6,4,1170
8660,1961,6,1,162
8661,1962,9,1,233
8662,1890,6,1,169
8663,1971,12,1,274
8664,1970,9,4,165
8665,1963,3,4,77
8666,1970,6,1,196
8667,1970,6,4,196
8668,1961,12,1,263
8669,1973,21,1,3032
8670,1971,21,1,1799
8671,1968,12,4,782
8672,1983,21,1,5575
8673,1979,18,1,676
8674,1990,12,1,2583
8675,1933,9,4,946
8676,1983,12,1,1152
8677,1983,12,1,895
8678,1950,6,1,234
8679,1933,9,4,301
8680,1991,15,1,2539
8681,1981,3,1,874
8682,1983,15,1,705
8683,1991,15,1,2151
8684,1950,9,1,264
8685,1981,15,1,3354
8686,1990,15,1,380
8687,1960,9,3,364
8688,1932,6,1,252
8689,1894,9,1,357
8690,1990,12,4,384
8691,1963,12,1,387
8692,1960,6,1,130
8693,1951,9,1,232
8694,1934,6,1,156
8695,1970,9,1,310
8696,1890,9,1,323
8697,1954,9,1,249
8698,1961,12,1,322
8699,1953,12,4,740
8700,1960,12,1,362
8701,1960,6,1,185
8702,1945,9,1,240
8703,1960,6,1,188
8704,1953,9,1,275
8705,1999,15,1,2838
8706,1998,15,1,660
8707,1990,6,1,160
8708,1951,3,4,150
8709,1948,9,3,199
8710,1941,3,1,125
8711,1989,18,1,2002
8712,1951,9,1,346
8713,1948,9,1,515
8714,1950,6,1,442
8715,1942,6,1,230
8716,1971,24,1,2111
8717,1948,12,1,574
8718,1945,21,1,1736
8719,1958,9,1,598
8720,1952,12,1,421
8721,1971,18,1,1344
8722,1960,6,1,492
8723,1978,21,1,1805
8724,1975,6,1,1600
8725,2024,9,1,236
8726,2024,15,1,2254
8727,1999,12,1,948
8728,1992,12,1,148
8729,1914,9,1,361
8730,1933,3,1,104
8731,1946,9,1,266
8732,1930,9,1,298
8733,1943,12,1,355
8734,1920,9,1,326
8735,1922,18,1,1237
8736,1930,6,1,363
8737,1949,6,4,155
8738,1940,9,1,181
8739,1934,6,1,172
8740,1911,6,1,182
8741,1949,6,1,189
8742,1938,18,1,1723
8743,1971,15,1,476
8744,2019,15,1,2204
8745,1946,6,1,424
8746,1911,6,1,198
8747,1942,9,1,272
8748,1997,15,1,271
8749,1941,6,1,172
8750,1960,9,1,315
8751,1932,12,1,263
8752,1993,15,1,2433
8753,1905,9,1,359
8754,1956,12,1,504
8755,1959,9,1,327
8756,1941,6,1,186
8757,1995,12,1,589
8758,1921,6,1,269
8759,1998,12,1,287
8760,2000,15,1,1963
8761,2000,12,1,2982
8762,2004,15,1,2037
8763,2004,12,1,1842
8764,1997,21,1,7776
8765,1994,9,1,5504
8766,1940,6,3,3592
8767,1997,21,1,6681
8768,1999,18,1,7555
8769,2000,24,1,7273
8770,2000,21,1,2930
8771,2001,24,1,7953
8772,1984,12,1,781
8773,1949,6,3,596
8774,1979,9,1,305
8775,1965,9,1,598
8776,1995,9,1,226
8777,1996,12,1,530
8778,1992,9,1,2519
8779,1984,15,1,1778
8780,1984,15,1,676
8781,1984,15,1,1431
8782,1998,15,1,2305
8783,1965,27,1,3309
8784,1975,27,1,1653
8785,1973,27,1,2637
8786,1974,15,1,1189
8787,1984,21,1,1476
8788,1944,12,1,428
8789,1975,33,1,3064
8790,1979,18,1,1132
8791,1929,6,1,204
8792,1970,9,1,198
8793,1926,9,1,426
8794,1918,15,1,456
8795,1922,6,1,195
8796,2017,9,1,244
8797,1946,12,1,388
8798,1918,6,1,145
8799,1958,9,1,336
8800,1916,6,1,184
8801,1978,6,1,290
8802,2006,9,1,346
8803,1983,12,1,877
8804,1976,6,1,189
8805,1992,12,1,287
8806,1918,6,1,169
8807,1975,21,1,1667
8808,2009,21,1,3580
8809,1996,21,1,6818
8810,1960,9,1,669
8811,1960,15,1,935
8812,1977,21,1,4617
8813,1975,27,4,6757
8814,1970,33,1,8369
8815,1995,21,1,5209
8816,1998,21,1,3443
8817,1998,15,1,1676
8818,1999,15,1,2747
8819,2003,15,1,9606
8820,1953,15,4,22880
8821,1991,12,1,318
8822,1958,12,1,230
8823,1958,12,1,214
8824,1925,6,1,97
8825,1997,12,1,253
8826,1920,12,1,152
8827,1950,6,1,160
8828,1915,6,1,143
8829,1915,9,1,186
8830,1915,9,1,267
8831,1915,6,1,238
8832,1915,3,1,120
8833,1915,6,1,165
8834,1950,6,1,222
8835,1924,6,1,211
8836,1945,15,1,449
8837,1972,3,3,91
8838,1920,12,1,209
8839,1965,3,1,57
8840,2007,12,1,193
8841,2007,15,1,338
8842,1964,9,1,146
8843,1934,6,1,130
8844,1957,12,1,363
8845,1974,9,1,223
8846,1968,9,1,270
8847,1965,12,1,288
8848,1950,6,1,230
8849,1960,6,1,219
8850,1960,9,1,470
8851,1961,9,4,3659
8852,1994,12,1,362
8853,1934,12,1,283
8854,1934,3,1,90
8855,1970,12,1,250
8856,1930,9,1,181
8857,1930,3,1,107
8858,1930,9,1,197
8859,1984,6,1,242
8860,1934,6,1,156
8861,1950,6,1,204
8862,1983,18,1,743
8863,2001,12,1,427
8864,1979,9,1,280
8865,1934,6,1,189
8866,1930,6,1,221
8867,1930,3,1,102
8868,1950,9,1,207
8869,1934,3,1,119
8870,1930,6,4,172
8871,1930,12,1,255
8872,1940,9,1,258
8873,2023,6,1,413
8874,1920,6,1,165
8875,1920,6,1,168
8876,1960,9,1,287
8877,1993,12,1,294
8878,1960,6,1,233
8879,1955,6,1,247
8880,1930,9,1,246
8881,1945,6,1,127
8882,1945,6,1,213
8883,1945,6,1,211
8884,1930,6,1,171
8885,1998,12,1,362
8886,1940,6,1,256
8887,1940,9,1,358
8888,1960,9,1,267
8889,1967,9,1,234
8890,1960,6,1,206
8891,1960,6,4,188
8892,1989,12,1,400
8893,1962,6,1,321
8894,1940,9,1,329
8895,1946,3,1,115
8896,1940,6,1,190
8897,2019,9,1,258
8898,2006,12,1,391
8899,1930,6,1,142
8900,1983,12,1,478
8901,1965,6,1,169
8902,1960,6,1,317
8903,1970,12,1,456
8904,1983,12,1,824
8905,1960,9,1,282
8906,1960,6,1,211
8907,1970,6,1,458
8908,1980,15,1,1012
8909,1960,6,1,226
8910,1959,6,1,210
8911,1960,6,1,154
8912,1962,6,1,147
8913,1962,3,1,143
8914,1991,12,1,273
8915,2007,12,1,450
8916,1943,9,1,188
8917,1957,9,1,252
8918,1970,12,1,818
8919,1997,12,1,246
8920,1965,6,1,332
8921,1995,9,1,410
8922,1993,12,1,175
8923,2009,12,1,405
8924,1923,3,1,92
8925,2006,12,1,358
8926,1920,9,1,175
8927,1932,12,1,764
8928,1938,6,1,247
8929,1940,6,1,228
8930,1956,6,1,230
8931,2003,6,1,188
8932,1940,3,4,109
8933,1948,3,3,34
8934,1960,9,1,104
8935,1960,9,1,80
8936,1932,6,1,118
8937,1940,6,1,91
8938,1932,6,1,55
8939,1932,6,1,150
8940,1977,12,1,584
8941,1960,3,3,109
8942,1936,6,1,162
8943,1948,6,1,182
8944,1956,3,1,86
8945,1950,6,1,282
8946,1940,3,1,75
8947,1968,6,1,122
8948,1998,6,1,334
8949,1940,6,3,184
8950,1930,9,1,217
8951,1957,9,1,164
8952,1965,9,1,198
8953,1960,9,1,141
8954,1958,9,1,172
8955,1950,9,1,244
8956,1950,6,1,190
8957,2002,9,1,220
8958,1993,12,1,195
8959,1945,6,1,166
8960,1959,9,1,218
8961,1970,12,1,356
8962,1970,9,1,349
8963,1928,12,1,192
8964,2000,12,1,897
8965,1970,9,1,158
8966,1931,9,1,228
8967,1940,6,1,134
8968,1950,6,1,230
8969,2001,9,1,390
8970,1970,6,1,258
8971,1936,6,1,143
8972,1940,6,1,198
8973,1940,3,1,150
8974,1965,12,1,606
8975,1942,9,1,98
8976,1942,3,1,107
8977,1966,12,1,399
8978,2001,12,1,1268
8979,1970,12,1,441
8980,1970,6,1,230
8981,1960,3,3,104
8982,2004,9,1,518
8983,1970,6,1,161
8984,1930,3,1,117
8985,1981,9,1,597
8986,1960,9,1,439
8987,1990,9,1,216
8988,1976,9,1,159
8989,1960,9,1,286
8990,1992,9,1,190
8991,1955,15,1,463
8992,1940,9,1,550
8993,1942,6,1,256
8994,1975,9,1,218
8995,1970,9,1,312
8996,1964,9,1,276
8997,1970,6,1,296
8998,1983,9,1,294
8999,1977,15,1,438
9000,1992,12,1,399
9001,1973,15,1,692
9002,1977,12,1,360
9003,1976,15,1,932
9004,1980,15,1,630
9005,1968,12,1,670
9006,1962,6,1,183
9007,1980,12,1,278
9008,1976,12,1,436
9009,1977,12,1,267
9010,1977,12,1,328
9011,1971,9,1,264
9012,1969,15,1,499
9013,1978,15,1,522
9014,1970,9,1,260
9015,1969,15,1,2776
9016,1979,12,1,405
9017,1960,9,1,334
9018,1970,9,1,416
9019,1976,9,1,263
9020,1970,9,1,275
9021,1973,9,1,303
9022,2005,12,1,588
9023,1973,9,1,568
9024,1976,9,1,303
9025,1976,6,3,348
9026,1972,6,1,166
9027,1977,12,1,434
9028,1980,3,3,128
9029,1968,3,3,106
9030,1980,6,3,187
9031,1987,3,3,105
9032,1976,15,1,464
9033,1970,12,1,362
9034,1973,12,1,466
9035,1970,12,1,403
9036,1973,9,1,326
9037,1970,12,1,788
9038,1979,15,1,462
9039,1997,12,1,275
9040,1980,12,1,895
9041,1996,9,1,480
9042,1970,12,1,284
9043,1984,9,1,266
9044,1970,18,1,580
9045,1972,9,1,410
9046,1976,12,1,379
9047,1971,12,1,419
9048,1977,6,1,230
9049,1970,9,1,370
9050,1994,9,1,272
9051,1970,12,1,469
9052,1976,15,1,674
9053,1970,12,1,341
9054,1972,9,1,353
9055,1969,9,1,220
9056,1984,12,1,459
9057,1989,12,1,413
9058,1978,9,1,325
9059,1968,9,1,335
9060,1973,12,1,462
9061,1972,9,1,312
9062,1969,6,1,260
9063,1964,15,1,662
9064,1970,9,1,233
9065,1975,9,1,242
9066,1970,12,1,300
9067,1970,12,1,396
9068,1971,9,1,401
9069,1972,12,1,420
9070,1970,9,1,248
9071,1968,9,1,346
9072,1970,9,1,224
9073,1977,6,1,246
9074,1983,12,1,313
9075,1984,12,1,480
9076,1966,9,1,262
9077,1971,9,1,282
9078,1971,9,1,336
9079,1971,9,1,334
9080,1970,6,1,246
9081,1972,9,1,335
9082,1971,15,1,500
9083,1980,6,1,177
9084,1980,6,1,185
9085,1968,6,1,224
9086,1980,3,1,173
9087,2002,6,1,249
9088,1980,3,1,177
9089,2007,6,1,204
9090,1962,6,1,180
9091,1962,6,1,173
9092,1960,3,1,20
9093,1962,6,1,210
9094,1964,6,1,183
9095,1952,3,1,76
9096,1964,6,1,103
9097,1964,6,1,140
9098,1989,9,1,316
9099,1964,3,1,126
9100,1964,6,1,234
9101,1961,6,1,152
9102,1964,6,1,362
9103,1964,6,1,420
9104,1963,3,1,326
9105,1960,6,1,180
9106,1960,3,1,81
9107,1962,6,1,164
9108,1975,3,1,181
9109,1980,6,1,159
9110,1980,9,1,323
9111,1980,3,1,27
9112,1979,3,1,73
9113,2008,3,1,231
9114,1961,3,1,92
9115,1962,3,1,165
9116,1988,9,1,429
9117,1980,3,1,69
9118,1980,6,1,227
9119,1964,9,1,116
9120,1964,9,1,116
9121,1975,6,1,46
9122,1995,9,1,324
9123,1998,3,4,187
9124,1998,3,1,154
9125,2020,3,1,125
9126,1960,18,1,1184
9127,1975,12,1,380
9128,1933,3,1,65
9129,1940,6,1,661
9130,1934,6,1,268
9131,1928,9,1,356
9132,1960,9,1,228
9133,1940,6,1,176
9134,1936,3,1,64
9135,1940,9,1,114
9136,2001,15,1,426
9137,1936,9,1,308
9138,1930,9,1,270
9139,1951,9,1,306
9140,2008,15,1,1463
9141,1937,12,1,431
9142,1998,15,1,1055
9143,1966,12,3,880
9144,1966,12,3,435
9145,1937,6,1,164
9146,1937,9,1,225
9147,1960,3,1,109
9148,2007,15,1,721
9149,1960,9,1,202
9150,1924,6,1,192
9151,1950,6,1,114
9152,1960,6,1,191
9153,1935,6,1,178
9154,1935,6,1,199
9155,1935,6,1,285
9156,1935,9,1,193
9157,1935,3,1,116
9158,2001,12,1,237
9159,1957,6,1,270
9160,1950,6,1,161
9161,1950,6,1,173
9162,1934,6,1,191
9163,1950,3,3,90
9164,1950,3,1,52
9165,1965,15,1,425
9166,1950,9,1,299
9167,1935,3,1,99
9168,1950,6,1,206
9169,1956,9,1,254
9170,1950,12,1,329
9171,1950,12,1,315
9172,1950,6,1,183
9173,1950,12,1,306
9174,1950,3,1,146
9175,1936,6,1,158
9176,1950,9,1,238
9177,1950,6,1,109
9178,1950,9,1,207
9179,1962,9,1,224
9180,1997,9,1,163
9181,1998,15,1,1502
9182,1930,9,1,443
9183,1940,9,1,410
9184,1920,9,4,3076
9185,2020,9,4,2139
9186,1992,9,1,6113
9187,2016,3,4,2314
9188,2020,6,4,1675
9189,2002,27,1,9158
9190,1958,9,1,231
9191,1949,6,1,151
9192,1948,6,1,162
9193,1940,6,1,136
9194,1949,6,1,132
9195,1953,12,1,327
9196,1940,6,1,246
9197,2002,18,1,3169
9198,1983,9,4,713
9199,1951,9,1,482
9200,2021,18,1,3554
9201,1951,6,3,334
9202,1939,9,1,407
9203,1941,9,1,252
9204,1960,12,1,243
9205,1949,9,1,434
9206,1950,9,1,362
9207,1949,6,1,134
9208,1962,9,1,386
9209,1951,9,1,191
9210,1951,6,1,143
9211,1960,6,1,176
9212,1958,6,1,143
9213,1958,12,1,259
9214,1950,9,4,262
9215,1955,6,1,199
9216,1950,6,1,211
9217,1960,6,1,224
9218,1962,24,1,4385
9219,1961,6,1,190
9220,1961,6,1,181
9221,1961,6,1,156
9222,1951,6,1,184
9223,1961,6,1,184
9224,1950,9,1,201
9225,1951,9,1,192
9226,1958,9,1,154
9227,1961,6,1,166
9228,1961,9,1,219
9229,1988,9,1,282
9230,1960,6,4,2108
9231,1973,24,1,2564
9232,1978,27,1,5789
9233,1981,24,1,3082
9234,1980,18,1,3582
9235,1940,3,4,710
9236,1999,15,1,1930
9237,1920,9,1,289
9238,1951,6,1,154
9239,1961,9,1,218
9240,1998,12,1,292
9241,1931,6,1,352
9242,2002,21,1,662
9243,1951,9,1,290
9244,1931,9,1,244
9245,1993,21,1,1116
9246,1918,9,1,611
9247,1951,9,1,307
9248,1921,9,1,389
9249,1991,21,1,1263
9250,1971,12,1,376
9251,1957,9,1,505
9252,1947,9,1,214
9253,1951,9,1,285
9254,1950,3,1,100
9255,1951,9,1,523
9256,1927,12,1,538
9257,1926,12,1,763
9258,1951,9,1,192
9259,1976,15,1,423
9260,1930,6,1,178
9261,1950,6,1,162
9262,1973,12,1,830
9263,1923,6,1,189
9264,1961,6,1,170
9265,1922,12,1,588
9266,1941,9,4,311
9267,1931,12,1,386
9268,1959,12,1,323
9269,1959,9,1,234
9270,1960,9,1,190
9271,1961,12,1,337
9272,2012,12,1,475
9273,1961,15,1,459
9274,1950,6,1,177
9275,1953,9,1,224
9276,1950,9,1,279
9277,1950,9,1,210
9278,1950,9,1,189
9279,1904,6,1,124
9280,1950,9,1,230
9281,1994,24,1,959
9282,1961,6,1,171
9283,1950,12,1,296
9284,1950,9,1,330
9285,1974,27,1,4413
9286,1951,9,1,267
9287,1961,12,1,342
9288,1951,3,1,103
9289,1959,6,1,195
9290,1968,6,1,263
9291,1950,9,1,262
9292,1943,9,1,192
9293,1951,9,1,197
9294,1960,9,1,188
9295,1953,9,1,190
9296,1960,15,4,755
9297,1986,6,1,223
9298,2003,12,1,1650
9299,1982,9,1,1385
9300,1982,9,1,1173
9301,1982,9,1,1170
9302,1982,9,1,1178
9303,1981,18,1,888
9304,1981,21,1,1204
9305,1985,18,1,1300
9306,1961,3,3,15
9307,1987,18,1,960
9308,1985,9,1,982
9309,1984,9,1,1255
9310,1984,6,1,1173
9311,1984,9,1,1415
9312,1951,6,4,140
9313,1930,12,1,368
9314,1935,9,1,169
9315,1887,9,1,244
9316,1940,9,1,196
9317,1990,15,1,216
9318,1940,12,1,315
9319,1893,9,1,309
9320,1900,12,1,353
9321,2000,6,1,300
9322,1973,24,4,11824
9323,1951,9,1,147
9324,1993,9,1,268
9325,1957,6,4,77
9326,1920,9,1,304
9327,2002,12,1,414
9328,1991,12,1,669
9329,1961,6,1,289
9330,1932,6,1,227
9331,1961,6,1,236
9332,1992,12,1,692
9333,1941,12,1,285
9334,1965,12,1,295
9335,1931,6,1,365
9336,1963,12,1,489
9337,1931,9,1,303
9338,1966,9,1,269
9339,1974,6,4,120
9340,1976,12,1,333
9341,1969,9,4,350
9342,1942,12,4,881
9343,1943,15,1,315
9344,1960,6,3,15
9345,2022,6,1,445
9346,1971,15,1,383
9347,1938,6,1,157
9348,1909,9,4,221
9349,1947,6,1,243
9350,1932,9,1,238
9351,2018,12,1,311
9352,2022,15,1,497
9353,1900,12,1,538
9354,1978,24,1,2594
9355,1942,9,1,169
9356,2002,15,1,2309
9357,2004,15,1,1655
9358,2020,15,1,1533
9359,1989,15,1,953
9360,1957,9,1,236
9361,1976,12,4,1010
9362,1925,9,1,230
9363,1951,9,1,436
9364,1972,33,1,3513
9365,1970,33,1,4656
9366,1973,33,1,3942
9367,1968,15,1,469
9368,1967,12,1,228
9369,1910,9,1,274
9370,1961,6,1,212
9371,1960,6,1,182
9372,1951,6,4,200
9373,1957,9,1,355
9374,1959,12,1,248
9375,1956,12,1,190
9376,1956,9,1,187
9377,1961,6,4,103
9378,1961,12,1,599
9379,1972,15,1,1705
9380,1960,6,1,198
9381,1940,6,1,209
9382,1984,6,1,186
9383,1926,6,1,265
9384,1900,9,1,177
9385,1950,9,1,226
9386,1940,6,1,151
9387,1970,12,1,315
9388,1962,12,1,266
9389,1960,12,1,555
9390,1890,6,1,171
9391,2020,12,1,303
9392,1942,9,1,244
9393,1960,12,1,304
9394,1968,21,1,2345
9395,1968,18,1,1946
9396,1948,6,1,209
9397,1958,6,1,239
9398,1965,6,4,207
9399,1890,6,1,119
9400,1968,18,1,1442
9401,1995,9,1,264
9402,1962,3,1,79
9403,1972,9,1,203
9404,1958,9,1,279
9405,1974,9,1,250
9406,1970,9,1,161
9407,1935,6,1,127
9408,1900,6,1,171
9409,1952,12,1,197
9410,1970,15,1,492
9411,1962,12,4,467
9412,1970,27,1,1667
9413,1976,27,1,1745
9414,1946,15,1,816
9415,1940,12,1,740
9416,1949,9,1,235
9417,1960,6,4,263
9418,1962,9,1,274
9419,1991,18,4,1002
9420,1970,12,1,253
9421,1984,6,4,211
9422,2002,12,1,574
9423,2007,12,1,702
9424,1976,12,1,196
9425,1970,9,1,183
9426,2010,9,1,177
9427,1909,6,1,131
9428,1970,15,1,427
9429,1968,6,1,152
9430,1962,12,1,192
9431,1965,6,1,122
9432,1995,12,1,2235
9433,2011,12,1,428
9434,1929,3,3,104
9435,1954,6,1,204
9436,1945,6,1,368
9437,2000,3,1,209
9438,1979,12,1,441
9439,1936,12,1,346
9440,1999,12,1,801
9441,1997,12,1,223
9442,1940,9,1,198
9443,1940,9,1,241
9444,1930,6,1,162
9445,1956,6,1,189
9446,1936,6,1,172
9447,1993,12,1,199
9448,1940,6,1,205
9449,1959,6,1,180
9450,1905,9,1,315
9451,1933,6,1,415
9452,2006,12,1,227
9453,1924,9,1,217
9454,1986,9,1,310
9455,2002,12,1,2519
9456,2008,9,1,450
9457,1920,9,1,511
9458,1935,9,1,572
9459,1940,3,3,62
9460,1939,6,1,110
9461,1946,6,1,130
9462,1994,6,1,202
9463,1940,9,1,288
9464,1946,9,1,264
9465,1926,6,1,155
9466,1946,9,1,175
9467,1895,6,1,250
9468,1960,9,1,530
9469,1885,9,1,179
9470,1948,9,1,193
9471,1930,9,1,250
9472,1945,15,1,1363
9473,1919,9,4,602
9474,1914,9,4,368
9475,1934,3,1,124
9476,2012,12,1,206
9477,2007,12,1,217
9478,1939,6,1,190
9479,1934,9,1,215
9480,1995,12,1,526
9481,1999,6,1,826
9482,1914,9,1,260
9483,1959,9,1,231
9484,1953,12,1,265
9485,1940,9,1,424
9486,1991,9,1,639
9487,2003,12,1,1347
9488,2014,21,1,5605
9489,1930,12,1,311
9490,1940,9,1,416
9491,1945,9,1,193
9492,1930,6,1,199
9493,1916,9,1,239
9494,1949,18,1,598
9495,1931,9,1,233
9496,1919,12,4,304
9497,1914,9,1,321
9498,1916,6,1,210
9499,1917,6,1,216
9500,1956,18,1,1448
9501,2008,12,1,314
9502,1987,9,1,253
9503,1928,6,1,165
9504,1932,9,1,273
9505,1939,9,1,238
9506,1939,9,1,339
9507,1940,9,1,220
9508,1927,9,1,307
9509,1994,9,1,181
9510,1940,12,1,292
9511,1940,9,1,188
9512,1949,9,1,238
9513,1985,15,1,397
9514,1987,12,1,588
9515,1940,9,1,452
9516,1991,15,1,870
9517,1945,6,1,187
9518,2004,12,1,239
9519,1945,12,1,439
9520,2023,9,1,177
9521,2024,9,1,170
9522,1945,6,1,219
9523,1956,9,1,308
9524,2002,15,1,2622
9525,1963,12,4,305
9526,1963,6,1,207
9527,1961,6,1,443
9528,1960,9,1,602
9529,1993,12,1,243
9530,1960,12,1,304
9531,1960,12,1,896
9532,1960,12,1,722
9533,1960,12,1,299
9534,1960,12,1,391
9535,1975,9,1,375
9536,1960,9,1,300
9537,1903,6,1,244
9538,1972,15,1,1211
9539,1998,24,4,1847
9540,1960,15,1,452
9541,1973,21,1,1955
9542,1962,9,1,371
9543,1966,24,1,5354
9544,1932,9,4,291
9545,1994,15,1,1170
9546,1960,12,1,393
9547,1956,6,1,141
9548,2005,12,1,219
9549,1965,6,1,135
9550,1965,6,1,126
9551,1930,6,1,198
9552,1920,12,1,331
9553,1962,12,1,398
9554,1962,9,1,275
9555,1974,9,1,287
9556,1906,9,1,296
9557,1970,3,3,10
9558,1995,15,1,4829
9559,2016,15,1,435
9560,1956,9,1,363
9561,1924,6,1,469
9562,1920,6,1,163
9563,1924,6,1,163
9564,1923,12,1,285
9565,1906,6,1,172
9566,1981,15,1,1272
9567,1993,12,1,3368
9568,2008,12,1,1712
9569,1960,6,3,3190
9570,1960,6,3,80
9571,1979,15,1,3069
9572,1964,24,1,3059
9573,1989,9,1,1317
9574,1970,9,4,3220
9575,1967,18,1,1056
9576,1949,6,1,258
9577,1954,9,1,413
9578,1987,12,1,835
9579,1956,15,1,667
9580,1931,9,4,369
9581,1949,12,1,459
9582,1956,9,1,287
9583,1966,15,1,546
9584,1947,6,4,293
9585,1942,9,1,354
9586,1969,9,1,395
9587,1920,9,1,346
9588,1942,3,3,25
9589,1950,9,1,198
9590,1961,12,1,232
9591,1990,12,4,206
9592,1990,12,4,206
9593,1960,12,1,252
9594,1968,12,1,252
9595,1966,6,1,231
9596,1959,12,1,440
9597,1930,9,1,159
9598,1930,9,1,171
9599,1930,9,1,171
9600,1930,6,1,98
9601,1930,6,1,117
9602,1930,6,1,176
9603,1940,9,3,1219
9604,1980,3,3,110
9605,1940,3,4,529
9606,1995,6,1,1774
9607,1967,30,1,2831
9608,1975,21,1,6624
9609,1973,27,1,2611
9610,1974,27,1,3939
9611,1974,18,1,1669
9612,2008,15,1,4512
9613,1983,12,1,2731
9614,1987,3,1,160
9615,1973,27,1,6314
9616,1990,24,4,1789
9617,1945,9,4,292
9618,1965,9,1,254
9619,1990,9,1,192
9620,1974,15,1,696
9621,1984,12,1,848
9622,1895,9,1,194
9623,1916,9,1,311
9624,1990,9,1,192
9625,2012,15,1,362
9626,2012,21,1,499
9627,2019,21,1,1953
9628,2001,21,4,23169
9629,2009,3,4,127
9630,1978,30,1,4086
9631,1970,24,1,2817
9632,1999,15,1,6584
9633,1982,18,1,2220
9634,1978,33,1,3224
9635,2000,15,1,6452
9636,1999,12,1,390
9637,1900,6,1,148
9638,1900,9,1,319
9639,1900,9,1,266
9640,1910,6,1,228
9641,1900,6,1,166
9642,2003,9,1,199
9643,1916,6,1,261
9644,1914,6,1,219
9645,1914,3,1,139
9646,2003,12,1,389
9647,1924,9,1,250
9648,1900,9,1,345
9649,2000,12,1,654
9650,1900,6,1,140
9651,1900,6,1,137
9652,1898,9,1,154
9653,2004,6,1,172
9654,2004,9,1,194
9655,1880,6,1,217
9656,2008,15,1,1628
9657,2004,15,1,1766
9658,1947,12,1,548
9659,1947,12,1,556
9660,1959,3,4,1641
9661,1988,15,1,12170
9662,1950,6,1,1120
9663,1963,6,1,840
9664,2019,9,1,154
9665,2019,9,1,149
9666,1994,9,1,205
9667,1992,12,1,675
9668,2000,18,1,5626
9669,2003,12,1,2945
9670,2001,12,1,2113
9671,1930,9,1,269
9672,1930,3,1,34
9673,2003,12,1,3344
9674,2011,12,1,3560
9675,2006,12,1,1723
9676,2012,12,4,4891
9677,2011,12,1,2059
9678,2020,12,1,1817
9679,2002,21,1,27158
9680,2022,21,1,13425
9681,1930,6,1,319
9682,1950,9,1,494
9683,1960,9,1,410
9684,1930,3,1,208
9685,1974,21,1,941
9686,1993,9,1,264
9687,1928,3,1,99
9688,1930,6,1,151
9689,1931,3,1,124
9690,1928,3,1,123
9691,2005,12,1,356
9692,1933,12,1,368
9693,1925,9,1,235
9694,1930,3,1,111
9695,1930,3,1,108
9696,1933,6,1,203
9697,1933,6,1,225
9698,2004,15,1,2404
9699,2019,15,1,1037
9700,1968,12,1,259
9701,1998,15,1,414
9702,1955,12,1,217
9703,1958,6,1,215
9704,1958,6,1,155
9705,2001,9,1,186
9706,1962,9,1,148
9707,1960,6,1,165
9708,1960,3,1,120
9709,1958,6,1,202
9710,2000,9,1,170
9711,1958,6,1,364
9712,1966,6,1,270
9713,1966,9,1,364
9714,1989,21,1,7997
9715,2006,15,1,482
9716,1987,9,1,637
9717,2007,15,1,2546
9718,1958,9,1,231
9719,1927,3,1,117
9720,1940,6,1,223
9721,1940,12,1,344
9722,1950,6,1,176
9723,2021,9,1,153
9724,1950,9,1,211
9725,1950,3,1,91
9726,1965,6,1,129
9727,1930,3,1,83
9728,1947,6,1,124
9729,1950,9,1,267
9730,1970,9,1,312
9731,1930,3,1,147
9732,1950,3,1,144
9733,1970,9,1,180
9734,1970,6,1,180
9735,1965,6,3,270
9736,1960,6,1,285
9737,1950,3,1,380
9738,2001,15,1,588
9739,1968,9,1,219
9740,1960,9,1,159
9741,1970,6,1,179
9742,1965,6,1,215
9743,1945,9,1,185
9744,1991,15,1,6573
9745,2004,15,1,1251
9746,2008,15,1,2469
9747,1929,3,1,38
9748,1929,6,1,154
9749,1947,3,3,1814
9750,2005,18,1,732
9751,1937,12,1,476
9752,1995,15,1,2365
9753,1939,6,1,131
9754,1937,3,1,256
9755,1937,3,1,84
9756,1979,21,1,8222
9757,1994,12,1,1410
9758,1937,6,1,100
9759,1940,9,1,202
9760,1937,6,1,122
9761,1970,6,1,137
9762,1937,3,1,82
9763,1996,12,1,167
9764,1949,9,1,198
9765,1937,9,1,246
9766,1935,9,1,260
9767,1981,9,1,792
9768,1937,6,1,177
9769,1940,6,1,231
9770,1940,3,1,56
9771,1940,6,1,136
9772,1940,9,1,224
9773,1940,6,1,162
9774,1988,6,1,220
9775,1940,9,1,97
9776,1940,9,1,115
9777,1938,9,1,112
9778,1940,9,1,111
9779,1940,9,1,108
9780,1940,9,1,152
9781,1999,9,1,740
9782,1988,6,1,246
9783,1988,6,1,246
9784,1988,6,1,211
9785,1998,3,1,45
9786,2004,15,1,1170
9787,2005,15,1,1340
9788,1940,9,1,129
9789,1937,6,1,102
9790,1952,9,1,277
9791,1980,27,1,1854
9792,1988,27,1,3242
9793,1980,27,1,3536
9794,1980,15,1,3006
9795,1990,9,1,290
9796,1975,24,1,1554
9797,1960,15,1,569
9798,1950,12,1,436
9799,1978,21,1,1219
9800,1990,15,1,5518
9801,1989,12,1,250
9802,1989,12,1,252
9803,1989,12,1,252
9804,1989,12,1,252
9805,1989,12,1,252
9806,1989,12,1,252
9807,1989,12,1,297
9808,1988,15,1,623
9809,2015,6,1,235
9810,1985,9,1,180
9811,1985,9,1,209
9812,1934,3,1,106
9813,1934,9,1,251
9814,1934,9,1,321
9815,2007,12,1,1286
9816,1970,12,1,444
9817,1930,6,1,302
9818,1953,6,1,277
9819,1940,3,1,245
9820,2005,12,1,382
9821,1940,12,1,326
9822,2024,9,1,293
9823,1955,12,1,458
9824,1960,9,4,521
9825,1975,6,4,912
9826,1967,12,1,458
9827,1935,3,1,110
9828,1987,6,1,369
9829,1970,12,1,1468
9830,1963,6,1,124
9831,1959,9,1,217
9832,1979,12,1,344
9833,1987,9,1,222
9834,1985,9,1,222
9835,1985,9,1,203
9836,1987,18,1,600
9837,2003,12,1,2016
9838,2023,21,1,2989
9839,1970,3,1,69
9840,1965,9,1,432
9841,2023,18,1,2034
9842,2015,12,1,231
9843,1950,9,1,162
9844,1950,6,1,119
9845,1960,6,1,125
9846,1950,9,1,176
9847,2013,12,1,176
9848,1965,15,1,576
9849,1950,12,1,353
9850,1996,15,1,9147
9851,1929,6,1,119
9852,1925,3,1,110
9853,1996,12,4,1165
9854,1995,9,1,623
9855,1967,9,1,378
9856,1960,6,1,240
9857,1965,12,1,436
9858,2006,9,1,263
9859,1968,9,1,196
9860,1960,9,1,285
9861,1983,12,1,599
9862,1940,6,1,216
9863,1960,9,1,526
9864,1940,3,1,109
9865,1936,6,1,180
9866,1960,12,1,305
9867,1920,3,1,99
9868,1977,9,1,231
9869,1960,6,1,186
9870,1957,6,1,200
9871,1991,9,1,204
9872,1960,9,1,745
9873,1960,12,1,523
9874,1960,6,1,94
9875,1993,9,1,243
9876,1930,9,1,257
9877,1930,6,1,115
9878,1998,18,1,5649
9879,1996,12,1,954
9880,1977,12,1,369
9881,2004,12,1,2623
9882,2009,12,1,3273
9883,2011,12,1,2164
9884,2010,12,1,1715
9885,1950,3,1,103
9886,2001,12,1,203
9887,1978,15,1,428
9888,1975,21,1,1023
9889,1978,15,1,581
9890,2006,15,1,593
9891,1974,18,1,635
9892,1974,18,1,698
9893,1977,9,1,219
9894,1962,12,1,261
9895,1933,6,1,183
9896,1934,6,1,224
9897,1929,6,1,239
9898,1960,12,1,657
9899,2004,12,1,3036
9900,1950,15,1,639
9901,1950,6,1,238
9902,1950,6,1,126
9903,1930,3,1,107
9904,1960,6,1,172
9905,1940,3,1,111
9906,1940,9,1,190
9907,1940,9,1,161
9908,1920,6,1,372
9909,2005,12,1,625
9910,1920,6,1,157
9911,1920,6,1,185
9912,1930,3,1,154
9913,1930,6,1,55
9914,1962,15,1,350
9915,1975,15,1,1256
9916,1950,9,1,270
9917,1945,9,1,285
9918,2003,12,1,891
9919,1975,6,1,159
9920,1910,9,1,133
9921,1988,3,1,233
9922,1930,3,1,88
9923,1920,3,1,109
9924,1950,6,1,69
9925,1950,3,1,31
9926,1950,3,1,37
9927,1950,6,1,49
9928,1950,3,1,49
9929,1950,3,3,31
9930,1950,9,1,110
9931,1950,9,1,99
9932,1950,6,1,82
9933,1953,9,1,161
9934,1934,6,1,95
9935,1994,9,1,466
9936,2003,12,1,4170
9937,2005,12,1,1377
9938,1964,6,1,140
9939,1929,6,1,161
9940,1923,3,1,118
9941,1923,9,1,162
9942,2010,12,1,16320
9943,1953,9,1,138
9944,1958,9,1,102
9945,1948,9,1,91
9946,1948,9,1,124
9947,2022,12,1,169
9948,1957,6,1,169
9949,1930,9,1,236
9950,1936,12,1,250
9951,1990,12,1,414
9952,1958,9,1,236
9953,1998,12,1,292
9954,1930,3,1,68
9955,1968,6,1,159
9956,1973,9,1,264
9957,2001,12,1,2846
9958,2004,9,1,197
9959,1955,9,1,209
9960,1974,9,1,146
9961,1967,9,1,123
9962,1961,9,1,171
9963,1954,9,1,161
9964,1961,9,1,156
9965,1959,9,1,150
9966,1958,9,1,151
9967,1956,6,1,165
9968,1959,9,1,180
9969,1961,6,1,162
9970,1961,9,1,126
9971,1961,9,1,134
9972,1952,9,1,143
9973,1957,9,1,163
9974,1959,9,1,218
9975,1956,9,1,253
9976,1953,9,1,173
9977,1956,6,1,69
9978,1959,9,1,147
9979,1966,9,1,199
9980,1966,9,1,149
9981,1966,12,1,215
9982,1954,9,1,183
9983,1954,9,1,157
9984,1959,6,1,116
9985,1990,6,1,187
9986,1959,9,1,182
9987,1954,9,1,167
9988,1949,6,1,164
9989,1954,6,1,104
9990,2006,12,1,159
9991,1959,6,1,66
9992,1960,6,1,143
9993,1975,12,1,408
9994,1960,12,1,1113
9995,1975,12,1,387
9996,1975,9,1,270
9997,1974,12,1,339
9998,1976,12,1,412
9999,1978,9,1,330
10000,1979,15,1,658
10001,1976,15,1,499
10002,1976,15,1,459
10003,1980,15,1,566
10004,1976,6,1,220
10005,1971,9,1,262
10006,1971,9,1,192
10007,1978,9,1,297
10008,1977,9,1,216
10009,1976,9,1,211
10010,1976,12,1,262
10011,1976,15,1,472
10012,1936,6,1,517
10013,1960,3,1,83
10014,1979,6,1,354
10015,1980,9,1,317
10016,1960,6,1,255
10017,1970,6,1,348
10018,2000,3,N,0
10019,1983,6,1,315
10020,1979,6,1,409
10021,1985,6,1,245
10022,1994,3,1,28
10023,2000,6,1,297
10024,1978,3,1,182
10025,1978,6,1,311
10026,1978,9,1,308
10027,1980,9,1,109
10028,1965,6,1,140
10029,1960,3,1,126
10030,2006,3,1,195
10031,1980,6,1,310
10032,1918,6,1,180
10033,1965,3,1,161
10034,1965,6,1,167
10035,1985,6,1,197
10036,1960,6,1,123
10037,1960,6,1,229
10038,1985,6,1,206
10039,1960,9,1,163
10040,1965,6,1,150
10041,2006,6,1,333
10042,2000,3,N,0
10043,2008,18,4,16141
10044,1942,9,1,346
10045,1992,24,4,20273
10046,1968,12,1,514
10047,2002,15,1,11820
10048,1969,3,3,291
10049,1969,3,3,146
10050,1933,6,1,107
10051,1993,15,1,3812
10052,1996,15,1,3552
10053,1996,21,1,2922
10054,1996,18,1,5361
10055,2000,0,N,0
10056,1981,6,3,541
10057,1983,3,4,515
10058,1987,6,3,437
10059,1971,9,1,154
10060,1928,12,1,250
10061,1915,6,1,247
10062,1996,24,1,1070
10063,2002,21,1,1070
10064,1948,9,1,474
10065,1980,3,1,10
10066,1950,9,1,198
10067,1950,9,1,222
10068,1976,27,1,6834
10069,1980,9,1,552
10070,1908,3,1,89
10071,1908,3,3,96
10072,1925,3,1,128
10073,1925,9,1,272
10074,1925,6,1,151
10075,1929,6,1,104
10076,1925,3,1,86
10077,1929,9,1,270
10078,2007,21,1,4108
10079,1936,9,1,180
10080,1945,12,1,207
10081,1942,6,1,118
10082,1927,6,1,119
10083,1997,21,1,907
10084,1924,6,1,132
10085,1940,3,1,130
10086,2003,21,1,974
10087,1999,24,1,1034
10088,1923,9,1,287
10089,1930,6,1,146
10090,1940,6,1,204
10091,1940,9,1,258
10092,1915,6,1,119
10093,1935,6,1,143
10094,1884,6,1,210
10095,1992,15,1,274
10096,2020,21,1,1153
10097,1940,12,1,577
10098,1940,6,4,370
10099,1930,9,1,197
10100,1945,9,1,431
10101,1945,15,1,961
10102,1940,6,1,117
10103,1940,6,1,210
10104,1940,6,1,68
10105,1940,3,1,155
10106,1945,6,4,454
10107,2019,9,1,213
10108,2020,15,1,471
10109,1940,9,1,146
10110,1940,6,1,154
10111,1940,9,1,169
10112,1940,9,1,180
10113,1940,6,1,160
10114,1940,6,1,140
10115,1880,6,1,152
10116,1884,6,1,173
10117,1940,6,1,172
10118,1911,6,1,152
10119,1945,6,1,161
10120,1995,15,3,392
10121,2007,18,1,3138
10122,2008,15,1,3028
10123,1997,6,3,388
10124,1944,9,1,351
10125,1998,21,1,1990
10126,1955,9,1,368
10127,1900,12,1,370
10128,1880,9,1,201
10129,1900,9,1,221
10130,1900,9,1,248
10131,1900,6,1,123
10132,1900,9,1,375
10133,1900,9,1,182
10134,1900,6,1,233
10135,1939,12,1,400
10136,1900,12,4,875
10137,2001,15,1,4630
10138,2002,3,4,190
10139,1997,36,1,26237
10140,1990,12,1,1207
10141,1947,9,1,340
10142,1940,9,1,284
10143,1940,9,1,347
10144,1938,9,1,278
10145,1954,9,1,550
10146,1950,9,1,301
10147,1950,9,1,274
10148,1925,6,1,355
10149,1904,6,1,147
10150,1960,9,1,266
10151,1979,24,4,1178
10152,1949,15,1,419
10153,1949,15,1,465
10154,1943,12,1,570
10155,1911,9,1,219
10156,1940,9,1,203
10157,1924,9,1,162
10158,1940,12,1,296
10159,1924,9,1,174
10160,1934,9,1,291
10161,1965,18,1,800
10162,1910,6,1,161
10163,1945,9,1,226
10164,2005,12,1,591
10165,1938,9,1,354
10166,2010,21,1,2148
10167,2016,9,1,933
10168,1900,12,1,665
10169,1900,6,4,293
10170,1969,21,1,1307
10171,1900,12,1,496
10172,1900,9,4,548
10173,1900,9,4,196
10174,1900,9,1,345
10175,1900,3,3,212
10176,1980,18,1,2039
10177,1949,9,1,278
10178,1962,6,1,307
10179,1954,12,4,981
10180,1927,9,1,383
10181,1927,9,1,230
10182,1961,12,1,470
10183,1930,9,1,326
10184,1976,24,1,2459
10185,1946,12,1,492
10186,1943,9,1,300
10187,1954,12,1,366
10188,1955,12,1,485
10189,1962,12,1,899
10190,1969,18,1,689
10191,1969,18,1,799
10192,1965,9,1,483
10193,1960,12,4,942
10194,1947,6,1,181
10195,1962,6,4,333
10196,1940,12,1,859
10197,1947,6,1,160
10198,2006,12,1,3255
10199,1982,18,4,3735
10200,1980,18,4,18096
10201,1980,27,1,3899
10202,1980,24,1,3820
10203,1980,27,1,3824
10204,1980,27,1,3899
10205,1907,6,1,196
10206,1920,6,1,140
10207,1880,9,1,230
10208,1989,9,1,405
10209,1994,9,1,154
10210,1987,9,1,181
10211,1924,6,1,156
10212,1920,6,1,137
10213,1920,9,1,174
10214,1920,9,1,184
10215,1920,9,1,314
10216,1895,6,1,139
10217,2003,9,1,486
10218,1900,9,1,168
10219,1908,6,1,154
10220,1900,9,1,174
10221,1900,9,1,221
10222,1900,9,1,158
10223,1903,6,1,154
10224,1890,12,1,229
10225,1964,21,1,1042
10226,1910,9,1,210
10227,1981,12,1,331
10228,1893,9,1,252
10229,1900,6,1,134
10230,1900,6,1,157
10231,1975,18,1,1124
10232,1900,9,1,179
10233,1976,12,1,431
10234,1920,12,1,526
10235,1893,9,1,198
10236,1969,12,1,375
10237,1900,9,1,321
10238,1900,12,1,303
10239,1900,6,1,146
10240,1968,18,1,570
10241,1900,6,1,184
10242,1900,6,1,215
10243,1900,6,1,157
10244,1919,6,3,1903
10245,1908,21,4,17367
10246,1973,24,1,4282
10247,1964,24,1,7381
10248,1998,9,1,1012
10249,2002,18,1,4187
10250,2002,21,1,4976
10251,2002,21,1,4171
10252,2002,21,1,1534
10253,2001,36,1,5663
10254,2001,24,1,4270
10255,2001,12,1,2719
10256,2001,12,1,1610
10257,1913,9,3,12075
10258,1950,3,3,11
10259,1998,24,1,10604
10260,1999,21,1,4789
10261,1960,3,3,5923
10262,1991,9,1,120
10263,1930,9,1,236
10264,1930,3,1,82
10265,1930,9,1,174
10266,1930,6,1,196
10267,2001,9,1,147
10268,1930,9,1,219
10269,1930,9,1,316
10270,1930,6,1,188
10271,1930,6,1,187
10272,1970,9,1,205
10273,1930,3,1,92
10274,1930,6,1,220
10275,1930,9,1,206
10276,2004,15,1,1843
10277,2012,21,1,4270
10278,2012,18,1,2399
10279,1940,12,1,443
10280,1930,3,3,75
10281,1973,15,1,678
10282,1930,6,1,197
10283,1920,3,1,59
10284,1989,9,1,260
10285,1920,6,1,126
10286,1930,9,1,253
10287,2006,15,1,552
10288,1930,12,1,228
10289,1930,6,1,134
10290,1930,6,1,146
10291,1930,3,1,73
10292,1930,9,1,254
10293,1930,6,1,180
10294,1930,15,1,397
10295,2001,12,1,348
10296,2002,15,1,1737
10297,1930,21,1,1482
10298,1960,18,1,1220
10299,1950,9,1,320
10300,1988,15,1,968
10301,1975,15,1,686
10302,1973,12,1,254
10303,1994,9,1,519
10304,1970,9,1,491
10305,1965,6,1,217
10306,1940,12,1,348
10307,1951,6,1,191
10308,1936,9,1,220
10309,1978,6,1,243
10310,1965,9,1,207
10311,1989,9,1,361
10312,1943,9,1,658
10313,1998,15,1,2210
10314,1986,9,1,199
10315,1986,9,1,162
10316,1987,9,1,199
10317,1986,9,1,199
10318,1988,9,1,170
10319,1988,9,1,170
10320,1988,9,1,170
10321,1987,9,1,170
10322,1965,12,1,532
10323,1960,9,1,539
10324,1989,15,1,2150
10325,1987,15,1,1689
10326,1975,9,3,38
10327,1986,15,1,2082
10328,1987,15,1,1469
10329,2007,9,1,274
10330,1963,6,1,95
10331,1975,9,1,239
10332,1960,6,1,212
10333,1960,6,1,184
10334,1955,15,1,892
10335,2001,15,1,1077
10336,1920,6,3,267
10337,2020,9,1,296
10338,1924,3,1,204
10339,1950,12,1,394
10340,2010,9,1,248
10341,1987,9,1,216
10342,1996,9,1,278
10343,1993,15,1,918
10344,1970,18,1,4819
10345,1979,9,1,474
10346,1979,15,1,440
10347,1979,6,1,329
10348,1960,12,1,377
10349,1979,9,1,224
10350,1979,9,1,270
10351,1954,6,1,266
10352,1988,15,1,2142
10353,1960,6,1,80
10354,1924,6,1,103
10355,2004,15,1,3439
10356,2022,15,1,1970
10357,1924,6,1,643
10358,1960,6,1,200
10359,2021,6,1,418
10360,1976,27,1,2633
10361,1965,3,1,45
10362,1963,9,1,132
10363,1986,21,1,2776
10364,1980,21,1,1307
10365,1980,12,1,282
10366,1980,18,1,1229
10367,1980,6,4,3778
10368,1980,18,1,1352
10369,1980,18,1,1960
10370,1980,18,1,1454
10371,1984,3,3,30
10372,1973,9,3,215
10373,1955,9,1,237
10374,1954,12,1,341
10375,1929,6,1,263
10376,1929,6,1,130
10377,1929,6,1,185
10378,1929,6,1,176
10379,1929,6,1,95
10380,1929,9,1,222
10381,1929,9,1,283
10382,1929,6,1,187
10383,1958,9,1,166
10384,1929,6,1,210
10385,2004,12,1,381
10386,1929,12,1,244
10387,1924,12,1,287
10388,1929,3,1,59
10389,1965,3,1,370
10390,1925,6,1,261
10391,1925,12,1,180
10392,1925,3,1,63
10393,1973,12,1,403
10394,1929,9,1,242
10395,1990,9,1,169
10396,1914,9,1,292
10397,1914,3,4,77
10398,1981,6,1,183
10399,1914,6,1,254
10400,1991,9,1,174
10401,1965,6,1,122
10402,1965,6,1,104
10403,2000,12,1,4532
10404,2000,12,1,1734
10405,1998,12,1,311
10406,2004,9,1,185
10407,2004,9,1,184
10408,2002,12,1,192
10409,2004,12,1,185
10410,1939,12,1,826
10411,2009,12,1,175
10412,2009,12,1,176
10413,1986,12,1,315
10414,1971,9,1,301
10415,1959,6,1,102
10416,1954,6,1,116
10417,1953,6,1,185
10418,1959,6,1,242
10419,2001,12,1,265
10420,2019,9,1,278
10421,1958,6,1,105
10422,1959,9,1,199
10423,1956,6,1,230
10424,1959,9,1,292
10425,2011,12,1,452
10426,1959,9,4,257
10427,1914,9,1,222
10428,1914,9,1,232
10429,1920,6,1,274
10430,1929,9,1,296
10431,1940,6,1,282
10432,2008,12,1,892
10433,1964,12,1,355
10434,1986,9,1,240
10435,1930,6,1,205
10436,1996,12,1,246
10437,1930,3,1,116
10438,1930,3,1,156
10439,1936,3,3,205
10440,1925,6,1,173
10441,1944,6,1,193
10442,1944,9,1,246
10443,1929,6,1,165
10444,1940,6,1,174
10445,1949,6,1,213
10446,1934,9,1,212
10447,1934,3,1,106
10448,1944,6,1,160
10449,1951,6,1,165
10450,1954,9,1,211
10451,1954,6,1,233
10452,1949,6,1,239
10453,1944,9,1,291
10454,1990,9,1,247
10455,1986,9,3,50
10456,1931,3,1,75
10457,1998,12,1,235
10458,1998,12,1,249
10459,1958,3,1,161
10460,1999,12,1,2805
10461,1931,9,1,200
10462,2007,12,1,912
10463,2011,12,1,1990
10464,2009,3,1,71
10465,1960,9,1,383
10466,1960,9,1,308
10467,1958,3,1,136
10468,1967,9,1,353
10469,1960,6,1,248
10470,1995,12,1,726
10471,1947,3,1,119
10472,1955,6,1,184
10473,1960,9,1,244
10474,1945,6,1,228
10475,1955,6,1,201
10476,1950,6,1,167
10477,1970,9,1,218
10478,1958,6,1,219
10479,1946,9,1,213
10480,1960,9,1,153
10481,2008,12,1,589
10482,1975,9,1,150
10483,1957,9,1,143
10484,1953,9,1,191
10485,1953,9,1,127
10486,1956,6,1,95
10487,1960,6,1,84
10488,1961,9,1,152
10489,1962,9,1,200
10490,1960,9,1,157
10491,1920,6,1,98
10492,1964,9,1,233
10493,1966,9,1,204
10494,1965,6,1,304
10495,1964,9,1,340
10496,1964,9,1,366
10497,1966,15,1,596
10498,1961,9,1,168
10499,1970,12,1,356
10500,1971,9,1,287
10501,1972,6,3,90
10502,1964,9,1,252
10503,1999,12,1,276
10504,1968,15,1,264
10505,1966,9,1,158
10506,1968,9,1,360
10507,1964,12,1,410
10508,1966,12,1,365
10509,1988,9,1,205
10510,1966,9,1,341
10511,1954,9,1,206
10512,1955,6,1,234
10513,1954,9,1,242
10514,1949,9,1,247
10515,1946,6,1,166
10516,1959,9,1,210
10517,1954,6,1,359
10518,1974,12,1,310
10519,1969,9,1,240
10520,1966,6,1,157
10521,1980,9,1,312
10522,1959,6,1,81
10523,1966,12,1,542
10524,1976,3,4,736
10525,1970,3,3,1037
10526,1976,3,3,1050
10527,1976,3,3,1008
10528,1976,3,3,267
10529,1988,6,3,1901
10530,1970,3,3,807
10531,1976,3,3,267
10532,1970,3,3,799
10533,1970,3,3,264
10534,1970,3,3,264
10535,1979,6,3,2725
10536,1979,3,3,1184
10537,1978,6,3,2547
10538,1979,3,3,647
10539,1979,3,3,872
10540,1990,3,3,330
10541,1974,9,3,1721
10542,1974,6,3,1082
10543,1974,3,3,12
10544,1974,3,3,754
10545,1974,3,3,845
10546,1988,6,3,745
10547,1987,3,3,297
10548,1987,3,3,290
10549,1987,3,3,283
10550,1974,6,3,3192
10551,1995,3,3,3387
10552,1990,18,1,10822
10553,1991,12,1,2017
10554,1940,15,1,5085
10555,1964,12,4,1812
10556,1997,12,1,959
10557,1935,6,1,200
10558,2006,12,1,438
10559,1934,6,1,117
10560,1935,6,1,184
10561,1992,9,1,245
10562,1992,15,1,6168
10563,2004,15,1,6103
10564,1929,9,1,191
10565,1934,9,1,196
10566,1935,12,1,492
10567,1936,9,1,260
10568,1910,6,1,257
10569,1913,9,1,285
10570,1913,3,1,137
10571,1920,9,1,228
10572,1923,6,1,296
10573,1922,3,1,104
10574,1925,6,1,301
10575,1931,6,1,162
10576,1953,9,1,270
10577,1936,3,1,196
10578,1885,9,1,215
10579,1915,3,1,172
10580,1989,6,1,178
10581,1942,9,1,112
10582,1936,6,1,127
10583,1937,6,1,210
10584,1960,6,1,187
10585,1940,12,1,220
10586,1936,9,1,777
10587,1994,15,4,969
10588,1900,6,1,239
10589,1900,6,4,225
10590,1900,6,1,121
10591,1976,12,4,438
10592,1920,6,1,168
10593,1960,6,1,332
10594,1976,12,1,452
10595,1920,9,1,573
10596,1931,9,1,262
10597,1931,9,1,261
10598,1928,6,1,170
10599,1935,9,1,217
10600,1920,6,3,287
10601,1930,12,1,295
10602,1930,6,1,182
10603,2004,15,1,3461
10604,1910,3,3,54
10605,1910,6,1,213
10606,2021,15,1,2926
10607,1960,12,4,283
10608,1960,6,1,190
10609,1960,9,1,175
10610,1998,21,4,5608
10611,2011,12,1,5169
10612,1953,18,4,8568
10613,1965,18,4,1870
10614,1965,21,1,2094
10615,1968,27,1,7592
10616,1920,12,1,487
10617,1936,9,1,247
10618,2015,9,1,389
10619,1980,18,3,3720
10620,2004,12,1,464
10621,1890,12,1,754
10622,1973,12,1,1109
10623,1936,9,4,469
10624,1935,6,1,517
10625,1895,9,1,283
10626,1900,9,1,216
10627,1935,9,1,243
10628,1900,6,1,220
10629,1977,18,4,2041
10630,1978,12,4,539
10631,1900,3,3,330
10632,1977,18,4,1412
10633,1978,15,4,659
10634,1987,12,1,4893
10635,1959,6,1,330
10636,1968,18,4,2585
10637,1959,12,1,481
10638,1959,9,1,304
10639,1959,9,1,406
10640,1959,12,1,422
10641,1959,9,4,1074
10642,1959,9,1,315
10643,1970,30,1,2273
10644,1959,27,1,1107
10645,1959,15,1,638
10646,1959,15,1,313
10647,1959,24,1,6660
10648,1959,18,1,2280
10649,1959,15,1,2475
10650,1959,9,1,440
10651,1955,30,1,2720
10652,1936,12,4,364
10653,1936,6,1,262
10654,2006,12,1,2606
10655,1936,9,1,946
10656,1936,6,4,330
10657,1936,21,1,606
10658,1936,21,1,890
10659,1936,18,1,1328
10660,1936,9,4,227
10661,1936,9,3,250
10662,1936,12,1,354
10663,1880,12,1,311
10664,1936,12,4,389
10665,1936,15,4,476
10666,1936,12,4,462
10667,1936,9,1,307
10668,1936,12,4,332
10669,1936,9,4,195
10670,1961,24,1,1486
10671,1947,18,4,1629
10672,1968,24,1,1042
10673,1950,27,1,1593
10674,1943,9,1,684
10675,1936,15,4,4842
10676,1968,24,1,165
10677,1968,6,1,111
10678,1945,18,1,704
10679,1957,21,1,4100
10680,1880,6,1,208
10681,1993,9,1,276
10682,1990,15,4,358
10683,1942,9,1,278
10684,1942,9,3,317
10685,1942,9,4,183
10686,1942,9,4,339
10687,1942,9,1,400
10688,1946,30,1,6008
10689,1986,18,1,3115
10690,2000,18,1,1093
10691,1960,12,1,609
10692,1942,9,4,296
10693,1960,12,1,1009
10694,1957,15,1,817
10695,1960,15,1,389
10696,1960,18,4,1044
10697,1962,18,1,979
10698,1960,21,1,822
10699,1942,12,1,1084
10700,1942,9,4,306
10701,1942,12,1,281
10702,1963,3,1,747
10703,1985,12,1,1758
10704,1985,18,1,1738
10705,1985,18,1,1642
10706,1986,15,1,3300
10707,1991,12,1,2261
10708,1999,3,1,7929
10709,1900,6,4,5132
10710,1900,9,1,574
10711,1900,6,1,106
10712,1900,9,1,158
10713,1900,6,1,120
10714,2003,9,1,290
10715,1900,9,1,219
10716,1900,12,1,378
10717,1977,15,1,1389
10718,1977,18,1,3464
10719,1900,6,1,135
10720,1900,9,1,158
10721,1900,9,1,235
10722,1940,12,1,375
10723,1900,9,1,428
10724,1925,9,1,291
10725,1900,9,1,186
10726,1900,6,1,154
10727,1889,9,1,380
10728,1900,6,1,123
10729,1880,6,1,147
10730,1880,6,1,168
10731,1900,6,1,266
10732,1900,9,1,223
10733,1880,3,1,141
10734,1900,6,1,110
10735,1900,9,1,181
10736,2000,12,1,133
10737,2009,6,1,257
10738,1905,9,1,219
10739,1910,6,1,170
10740,2014,12,1,632
10741,1984,6,1,273
10742,1997,12,1,6087
10743,1999,12,1,2250
10744,1971,15,1,1438
10745,1990,12,1,595
10746,1985,6,1,205
10747,1945,3,3,39
10748,1900,6,1,134
10749,1900,6,1,74
10750,2004,6,1,204
10751,1900,6,1,191
10752,1998,6,1,187
10753,1900,6,1,212
10754,1900,9,1,221
10755,1900,9,1,231
10756,1900,9,1,246
10757,1900,9,1,269
10758,1900,9,1,142
10759,1900,6,1,206
10760,1900,6,1,139
10761,1900,6,1,140
10762,1900,9,1,141
10763,1960,12,1,389
10764,1900,6,1,138
10765,1900,6,1,172
10766,1964,18,1,381
10767,1900,12,1,413
10768,1900,6,1,153
10769,1900,6,1,151
10770,1940,9,1,237
10771,2017,9,1,383
10772,1900,6,1,142
10773,1900,9,1,184
10774,1900,9,1,213
10775,1900,9,1,221
10776,1900,6,1,169
10777,1997,12,1,507
10778,1980,6,1,247
10779,2017,12,1,1384
10780,2004,9,1,252
10781,1900,9,1,171
10782,1900,9,1,376
10783,1900,9,3,6439
10784,1900,3,3,1843
10785,1900,3,1,41
10786,1900,3,1,42
10787,1900,9,1,110
10788,1900,6,1,103
10789,1900,6,1,97
10790,1900,6,1,95
10791,1900,12,1,248
10792,1928,6,1,264
10793,1928,12,1,345
10794,1921,9,4,2438
10795,1949,6,3,1557
10796,1935,9,3,229
10797,1940,9,3,1520
10798,1919,6,3,1190
10799,1940,6,1,312
10800,1941,15,3,2444
10801,1919,9,1,457
10802,1939,3,3,290
10803,1993,6,4,8578
10804,2000,12,4,2692
10805,1962,3,3,18
10806,1946,12,3,754
10807,1941,3,3,297
10808,2008,3,3,291
10809,1926,9,1,606
10810,1984,9,3,391
10811,2020,6,3,490
10812,2006,3,1,478
10813,2007,18,1,4787
10814,1950,6,1,380
10815,1957,6,1,252
10816,1983,12,1,401
10817,1934,9,1,243
10818,1945,9,1,287
10819,1955,6,1,235
10820,1950,6,1,237
10821,1957,6,1,250
10822,1955,9,3,416
10823,1943,3,1,120
10824,1967,6,1,272
10825,1953,3,1,215
10826,1952,6,1,243
10827,1951,9,1,247
10828,1948,9,1,122
10829,1955,9,1,645
10830,1950,9,1,288
10831,1955,9,1,434
10832,1940,9,1,369
10833,1997,0,3,324
10834,1997,6,3,405
10835,2003,18,1,2579
10836,2009,15,1,553
10837,2010,18,1,6410
10838,2023,6,1,239
10839,1950,12,1,841
10840,1974,12,1,310
10841,1927,3,1,216
10842,1945,6,1,224
10843,1940,6,1,200
10844,1965,6,1,210
10845,1932,3,1,104
10846,1930,6,1,159
10847,2001,9,1,269
10848,2018,9,1,541
10849,1952,15,1,795
10850,1955,6,1,174
10851,1949,3,1,236
10852,1940,6,4,211
10853,1930,12,3,482
10854,2013,15,1,348
10855,1930,6,1,232
10856,1920,12,1,250
10857,1916,3,3,88
10858,1945,6,1,172
10859,1940,6,1,223
10860,1940,6,1,193
10861,1940,9,1,300
10862,1934,3,1,183
10863,2014,9,1,245
10864,1925,6,1,137
10865,1920,6,1,261
10866,1930,6,1,212
10867,2013,9,1,179
10868,1920,6,1,180
10869,1934,9,1,194
10870,1990,9,1,272
10871,1945,6,1,178
10872,1940,9,1,283
10873,1950,6,1,176
10874,1940,3,1,92
10875,1995,12,1,297
10876,2001,15,1,2349
10877,1923,6,1,373
10878,2012,15,1,2252
10879,1940,9,1,604
10880,1920,6,N,95
10881,1920,6,N,113
10882,1920,6,N,120
10883,1915,6,1,192
10884,2019,12,1,206
10885,1973,9,1,211
10886,1920,12,1,188
10887,1956,9,1,349
10888,1920,9,1,206
10889,1910,6,1,262
10890,2004,12,1,284
10891,1990,3,1,87
10892,1990,18,1,871
10893,1910,9,1,233
10894,1915,3,1,73
10895,1915,9,1,206
10896,1915,12,1,205
10897,1915,6,1,82
10898,1915,3,1,84
10899,1915,3,1,88
10900,1915,6,1,113
10901,2001,15,1,590
10902,2004,15,1,2101
10903,2020,9,1,175
10904,1920,9,1,196
10905,2001,15,1,2300
10906,2006,3,1,283
10907,2006,15,1,419
10908,1920,6,1,404
10909,1920,6,1,206
10910,2001,15,1,820
10911,2004,15,1,1372
10912,2006,15,1,2379
10913,1988,15,1,1073
10914,1945,9,4,286
10915,1962,18,1,567
10916,1931,9,1,420
10917,1930,3,3,46
10918,1930,3,1,104
10919,1930,3,1,109
10920,1930,3,1,100
10921,1930,9,1,258
10922,1934,3,1,82
10923,1996,9,1,234
10924,1990,9,1,638
10925,1934,3,1,81
10926,1968,21,1,2413
10927,1958,18,4,2101
10928,1950,6,1,193
10929,1982,21,1,2293
10930,1952,3,1,126
10931,1965,3,3,128
10932,1928,6,1,268
10933,1940,9,1,338
10934,2000,12,1,331
10935,1925,6,1,209
10936,1928,6,1,316
10937,1940,9,1,176
10938,1945,3,1,80
10939,1941,6,1,222
10940,1978,9,1,269
10941,1939,9,1,425
10942,1930,12,1,363
10943,1979,21,1,1821
10944,1996,15,1,2338
10945,1934,3,1,13
10946,1929,6,1,279
10947,2007,15,1,5547
10948,1969,30,1,1684
10949,1991,21,1,666
10950,1968,21,1,443
10951,1978,24,1,1882
10952,1981,24,1,4079
10953,1964,12,1,409
10954,1940,12,1,962
10955,1974,27,1,6402
10956,1976,27,1,3267
10957,1978,27,1,4258
10958,1962,9,1,335
10959,1962,9,1,292
10960,1930,3,1,132
10961,1930,3,1,143
10962,1935,6,1,199
10963,1935,3,1,116
10964,1930,3,1,118
10965,1938,6,1,250
10966,1955,12,1,317
10967,1950,3,1,119
10968,1950,6,1,230
10969,1942,9,1,250
10970,1955,6,4,756
10971,1925,3,1,101
10972,1950,6,1,145
10973,1930,6,1,182
10974,1936,9,1,319
10975,1988,15,1,1128
10976,1950,6,1,320
10977,1945,6,1,144
10978,1945,9,1,258
10979,1940,6,1,195
10980,2000,9,1,464
10981,1920,6,1,182
10982,2002,9,1,165
10983,1936,6,1,189
10984,1945,6,1,216
10985,1977,27,1,3057
10986,1982,24,1,2713
10987,1993,24,1,1296
10988,1979,27,1,3813
10989,1944,6,1,172
10990,1925,6,1,178
10991,1932,9,1,298
10992,1930,9,1,297
10993,1930,3,1,108
10994,1930,6,1,164
10995,1978,9,1,297
10996,1978,21,1,1432
10997,2007,15,1,298
10998,1945,6,1,84
10999,1930,9,1,330
11000,1932,9,1,292
11001,2007,9,1,353
11002,1930,6,1,116
11003,1943,12,1,313
11004,1940,6,1,112
11005,1976,15,1,464
11006,1940,12,1,389
11007,1973,21,1,1703
11008,2004,21,1,2085
11009,1930,9,1,476
11010,2023,9,1,171
11011,1940,6,1,126
11012,1980,30,1,4045
11013,1978,3,3,32
11014,1975,3,4,7644
11015,1975,6,4,38625
11016,1983,24,1,5022
11017,1997,9,1,260
11018,2004,12,4,16901
11019,1995,12,1,188
11020,1995,12,1,188
11021,1997,12,1,237
11022,2004,12,1,233
11023,2001,9,1,231
11024,1997,9,1,157
11025,1999,12,1,244
11026,2002,9,1,229
11027,1994,9,1,271
11028,2010,9,1,202
11029,2008,6,1,268
11030,1997,9,1,202
11031,1998,12,1,220
11032,2001,12,1,225
11033,1992,3,3,25
11034,2001,9,1,409
11035,1997,9,1,338
11036,1954,9,4,298
11037,1959,6,1,116
11038,1959,9,1,246
11039,1955,6,1,302
11040,1954,3,1,197
11041,1954,6,1,230
11042,1959,6,1,128
11043,1962,9,1,252
11044,1954,9,1,310
11045,1952,6,1,130
11046,1954,6,1,180
11047,1962,9,1,201
11048,1962,6,1,180
11049,1954,6,1,102
11050,1952,6,1,211
11051,1954,9,1,232
11052,1954,15,1,201
11053,1959,9,1,80
11054,1954,6,1,108
11055,1954,9,1,283
11056,1995,3,1,161
11057,2016,6,1,138
11058,1954,3,1,69
11059,1954,9,1,251
11060,1999,15,1,4553
11061,2020,9,1,317
11062,1998,9,1,313
11063,2001,6,1,286
11064,2005,6,1,221
11065,1999,9,1,299
11066,2002,6,1,229
11067,2000,9,1,306
11068,2005,9,1,179
11069,2006,9,1,315
11070,2007,12,1,347
11071,1999,9,1,278
11072,2004,6,1,391
11073,2018,9,1,295
11074,2021,9,1,291
11075,1998,12,1,2625
11076,2004,12,1,394
11077,2003,12,1,781
11078,1980,12,1,478
11079,1975,12,1,637
11080,2009,9,4,5360
11081,2004,6,1,753
11082,1980,9,1,791
11083,1984,6,1,554
11084,1979,3,1,104
11085,1980,6,1,519
11086,1990,6,1,166
11087,1980,6,1,159
11088,1998,6,3,486
11089,1998,6,3,418
11090,1998,3,3,591
11091,2014,3,N,1950
11092,1976,3,3,33
11093,1978,6,3,3002
11094,1978,9,3,2600
11095,1988,3,3,796
11096,1987,3,3,1465
11097,1960,3,3,77
11098,1987,3,3,387
11099,1983,3,3,635
11100,1980,6,3,593
11101,1987,6,3,505
11102,1987,3,3,371
11103,1987,3,3,370
11104,1987,6,3,1334
11105,1988,6,3,1996
11106,1978,6,3,47
11107,1988,6,3,364
11108,1988,6,3,364
11109,1960,6,3,3859
11110,1978,6,3,940
11111,1934,6,1,168
11112,1936,9,1,176
11113,1960,9,1,257
11114,1936,6,1,229
11115,1935,9,1,362
11116,1935,9,1,178
11117,2007,15,1,1773
11118,1953,6,3,1550
11119,1936,9,3,2567
11120,1969,15,3,2325
11121,1984,3,3,255
11122,1980,3,3,375
11123,1956,6,1,204
11124,1980,3,3,51
11125,1984,3,3,281
11126,1984,3,3,283
11127,1984,3,3,283
11128,1953,6,3,832
11129,2000,12,1,523
11130,2006,15,1,2557
11131,1966,18,4,616
11132,1920,9,1,578
11133,1920,9,1,510
11134,1880,6,1,264
11135,1900,9,1,240
11136,1936,9,1,214
11137,1900,9,1,202
11138,1933,6,1,213
11139,1930,6,1,233
11140,1994,12,4,544
11141,1994,15,N,559
11142,1996,3,1,44
11143,1889,6,1,230
11144,1900,9,1,239
11145,1910,12,1,293
11146,1969,9,1,322
11147,1906,9,1,333
11148,1900,9,1,200
11149,1900,3,1,71
11150,1960,6,1,215
11151,2018,9,1,216
11152,1912,6,1,156
11153,1933,6,4,172
11154,2018,9,1,333
11155,1971,12,1,528
11156,1904,6,1,208
11157,1989,3,4,90
11158,1971,3,3,138
11159,2017,9,1,566
11160,1920,12,1,620
11161,2007,9,1,251
11162,1920,6,1,250
11163,1914,6,1,300
11164,1917,15,1,1552
11165,2006,12,1,291
11166,1918,9,1,235
11167,1998,12,1,3182
11168,1940,12,1,309
11169,1992,15,1,4488
11170,1936,12,1,1188
11171,2000,15,1,1208
11172,2001,18,1,4138
11173,2004,9,1,1271
11174,2001,15,1,1680
11175,1930,9,1,317
11176,2008,15,1,3402
11177,2011,12,1,557
11178,2012,15,1,3816
11179,1998,15,1,3924
11180,1986,9,1,273
11181,1980,12,1,406
11182,1979,18,1,1083
11183,1880,3,1,187
11184,1900,6,1,178
11185,1960,6,1,132
11186,1919,6,1,132
11187,1896,9,1,231
11188,1900,9,1,190
11189,1970,9,1,287
11190,1942,9,4,197
11191,1950,6,1,207
11192,1967,6,1,125
11193,1941,6,1,188
11194,1932,6,1,107
11195,1929,6,1,131
11196,1959,6,1,154
11197,1880,9,1,132
11198,1880,9,1,129
11199,1992,12,1,574
11200,1987,18,1,3253
11201,1965,9,1,315
11202,1960,6,1,261
11203,1986,6,1,147
11204,1958,3,1,90
11205,1930,6,1,158
11206,1966,12,1,300
11207,1940,3,1,123
11208,1956,6,1,190
11209,1951,6,4,600
11210,1989,15,1,1484
11211,1986,6,1,192
11212,1986,6,1,211
11213,1986,6,1,188
11214,1988,15,1,2425
11215,1989,15,1,2885
11216,1989,15,1,3014
11217,1989,15,1,2494
11218,1988,9,1,269
11219,1987,9,1,297
11220,1919,12,1,489
11221,1949,9,1,370
11222,2008,15,1,4462
11223,1950,15,4,13403
11224,1987,15,4,676
11225,1900,9,4,281
11226,1900,12,1,443
11227,1888,6,1,286
11228,1900,12,1,1611
11229,1896,12,4,607
11230,1999,12,1,363
11231,2001,12,1,343
11232,1922,9,4,384
11233,1868,9,3,2397
11234,1900,15,1,1037
11235,1960,18,1,1418
11236,1969,21,1,1518
11237,1900,3,4,324
11238,1900,3,4,352
11239,2008,9,1,827
11240,1954,9,1,771
11241,1962,12,4,1234
11242,1919,12,1,5779
11243,1922,0,1,66
11244,1880,9,1,283
11245,1880,9,1,483
11246,1936,15,4,1359
11247,2002,9,1,5567
11248,2004,12,1,1384
11249,2004,9,1,312
11250,2011,12,4,510
11251,1940,21,1,2609
11252,1963,27,1,4806
11253,1967,24,1,5235
11254,1943,12,1,689
11255,1941,12,1,737
11256,1979,18,4,1253
11257,2000,12,1,251
11258,2006,15,1,1164
11259,1900,9,1,228
11260,1900,9,1,587
11261,1900,9,4,259
11262,1900,9,4,510
11263,1900,3,3,241
11264,1900,9,1,353
11265,1900,9,4,333
11266,1900,9,4,230
11267,1900,9,1,353
11268,1900,12,1,227
11269,1900,9,4,128
11270,1900,12,1,280
11271,1900,12,1,436
11272,1900,9,1,659
11273,1900,9,1,240
11274,2008,9,1,251
11275,1900,9,1,437
11276,1900,9,1,318
11277,2008,15,1,336
11278,1960,15,4,2515
11279,1999,15,1,3607
11280,1900,9,4,965
11281,2004,15,1,1373
11282,1900,6,4,336
11283,1900,18,1,374
11284,1900,18,1,483
11285,1900,30,1,1323
11286,1900,12,1,876
11287,1900,12,1,262
11288,1900,15,1,477
11289,1900,12,1,397
11290,2018,15,1,1088
11291,1950,9,1,282
11292,1950,24,1,3342
11293,1950,24,4,1483
11294,1950,18,1,1647
11295,1940,12,1,444
11296,1921,9,1,156
11297,1940,12,1,156
11298,1950,18,4,676
11299,1921,9,1,111
11300,1919,6,4,376
11301,1890,9,1,212
11302,1919,9,1,198
11303,1919,12,1,204
11304,1919,21,1,1312
11305,1919,6,1,196
11306,1984,9,1,1046
11307,1987,6,1,2263
11308,1898,3,3,15
11309,1898,9,4,3495
11310,1919,12,1,1160
11311,1919,9,1,314
11312,1919,9,1,317
11313,1919,9,1,477
11314,1919,12,1,629
11315,1919,15,1,318
11316,1919,9,1,299
11317,1919,12,1,235
11318,1919,6,4,1165
11319,1919,9,4,132
11320,1919,9,1,155
11321,1898,9,1,295
11322,1898,12,4,1026
11323,1919,9,4,700
11324,1999,12,1,357
11325,1919,9,1,292
11326,1898,15,4,5907
11327,1966,30,1,4368
11328,1919,9,1,282
11329,1919,15,1,471
11330,1919,12,1,554
11331,1895,6,1,291
11332,1919,9,4,2128
11333,1919,6,1,226
11334,1919,12,1,454
11335,1919,9,1,274
11336,1919,12,1,248
11337,1919,6,4,308
11338,1890,9,1,309
11339,1919,9,4,270
11340,1890,6,4,170
11341,1919,9,1,294
11342,1919,9,1,210
11343,2002,15,1,1239
11344,1919,9,4,813
11345,1990,12,4,593
11346,1919,12,1,276
11347,1919,12,1,2088
11348,1919,9,1,570
11349,2023,15,1,1843
11350,1928,12,1,944
11351,1916,9,4,3958
11352,1970,12,4,919
11353,1936,6,4,2774
11354,1900,9,1,233
11355,2002,12,1,549
11356,1890,6,1,105
11357,1900,6,1,123
11358,1900,6,1,143
11359,1900,9,4,620
11360,1910,9,1,524
11361,1910,9,1,489
11362,1910,6,1,262
11363,1900,12,1,657
11364,1929,9,1,161
11365,1962,6,1,153
11366,1880,6,4,200
11367,1880,9,1,218
11368,1919,9,1,574
11369,1931,6,1,167
11370,1890,9,1,217
11371,1880,9,1,255
11372,1891,9,1,224
11373,1998,9,1,243
11374,1923,12,1,377
11375,1920,9,1,297
11376,1900,12,1,350
11377,1900,9,1,228
11378,1900,9,1,274
11379,1894,6,1,173
11380,1945,15,1,690
11381,1880,9,1,437
11382,1916,9,1,315
11383,1900,6,1,204
11384,1880,9,1,310
11385,1900,6,1,218
11386,1890,9,1,193
11387,1964,12,1,396
11388,1932,6,1,142
11389,1900,6,1,143
11390,1920,6,1,163
11391,1962,12,1,314
11392,1890,6,1,209
11393,1900,9,1,216
11394,1987,6,1,443
11395,1890,6,1,160
11396,1992,6,1,1357
11397,1919,12,1,235
11398,1989,6,1,269
11399,2003,9,1,1361
11400,2007,9,1,3820
11401,2010,12,1,1265
11402,2012,9,1,584
11403,1929,9,1,230
11404,1929,6,1,66
11405,1992,9,1,247
11406,1950,9,1,303
11407,1906,9,1,266
11408,1970,9,1,189
11409,1923,6,1,140
11410,1900,6,1,152
11411,1900,9,1,220
11412,1900,9,1,253
11413,1880,9,1,183
11414,1900,12,1,265
11415,1997,9,1,968
11416,1900,9,1,201
11417,1936,12,1,314
11418,1900,12,1,274
11419,1900,9,1,237
11420,1900,6,1,1049
11421,1900,9,1,417
11422,1900,6,1,143
11423,1900,6,1,178
11424,1960,9,1,326
11425,1930,9,1,248
11426,1910,9,1,232
11427,2003,9,1,259
11428,1925,6,1,273
11429,1995,12,1,297
11430,1910,12,1,272
11431,1905,9,1,158
11432,1900,12,1,252
11433,1910,6,1,105
11434,1900,12,1,362
11435,1991,9,1,317
11436,1960,9,1,326
11437,1910,9,1,276
11438,1987,9,1,318
11439,1987,9,1,318
11440,1987,9,1,334
11441,2017,12,1,533
11442,2024,12,1,2825
11443,1900,9,1,175
11444,1998,6,1,178
11445,1900,9,1,282
11446,1900,12,1,303
11447,1900,6,1,126
11448,1940,12,1,294
11449,1900,12,1,289
11450,1900,9,1,245
11451,1900,9,1,239
11452,1900,9,1,193
11453,1900,12,1,264
11454,1900,9,1,210
11455,1900,12,1,240
11456,1960,15,1,460
11457,1900,6,1,159
11458,1960,12,1,497
11459,1900,9,1,299
11460,1940,9,1,294
11461,1900,9,1,251
11462,1900,9,1,250
11463,1900,6,1,196
11464,1963,21,1,2558
11465,1963,30,1,3005
11466,1963,21,1,2440
11467,2016,9,1,193
11468,1900,9,1,303
11469,1950,12,1,354
11470,1900,6,1,309
11471,1993,9,1,193
11472,1900,9,1,219
11473,1880,9,1,194
11474,1900,6,1,148
11475,1965,3,3,20
11476,1940,9,1,71
11477,1900,9,3,4020
11478,1950,3,3,34
11479,2000,15,1,1881
11480,2004,12,1,341
11481,1900,6,1,157
11482,1900,9,1,270
11483,1963,12,1,514
11484,1910,9,1,215
11485,1910,9,1,228
11486,1936,9,1,202
11487,1936,9,1,225
11488,1930,6,1,157
11489,1880,9,1,163
11490,1900,9,1,133
11491,1880,9,1,159
11492,1995,9,1,167
11493,1932,12,1,288
11494,1900,6,1,159
11495,1900,9,1,262
11496,1940,6,1,192
11497,1940,6,3,1823
11498,1880,3,3,35
11499,1880,6,3,993
11500,1963,15,1,1555
11501,1958,6,1,397
11502,1942,9,1,151
11503,1942,12,1,209
11504,1990,6,N,398
11505,1900,15,1,270
11506,2018,12,1,155
11507,1900,12,1,207
11508,1900,9,1,149
11509,1900,12,1,246
11510,1900,12,1,199
11511,1900,9,1,114
11512,1900,9,1,129
11513,1900,9,1,142
11514,1962,15,1,454
11515,1950,12,1,252
11516,1900,12,1,282
11517,1900,9,1,229
11518,1900,9,1,283
11519,1900,9,1,282
11520,1990,9,1,340
11521,1930,6,1,161
11522,1920,9,1,268
11523,1950,15,1,310
11524,1900,6,1,138
11525,1900,6,4,646
11526,1950,9,1,191
11527,1960,12,1,596
11528,1920,9,1,234
11529,1987,9,1,220
11530,2002,30,1,34744
11531,2000,6,4,5513
11532,1960,18,1,1565
11533,1955,6,1,181
11534,1958,12,1,454
11535,1938,9,1,234
11536,1933,6,1,225
11537,1952,3,1,88
11538,2000,15,1,616
11539,1970,3,3,11
11540,1955,9,1,172
11541,1970,12,1,442
11542,1975,21,1,925
11543,1955,9,1,325
11544,1958,9,1,200
11545,1959,6,1,172
11546,1962,9,1,217
11547,2023,6,1,183
11548,1993,15,1,508
11549,1888,6,1,448
11550,1888,6,1,266
11551,1968,9,1,280
11552,1917,6,1,75
11553,1960,9,1,286
11554,1950,12,1,334
11555,1931,3,1,95
11556,1957,9,1,184
11557,2002,15,1,1018
11558,1990,12,1,262
11559,1990,12,1,262
11560,2008,15,1,3655
11561,1975,21,1,2363
11562,1979,15,1,1458
11563,1930,9,1,386
11564,1958,6,3,494
11565,2005,9,1,227
11566,2011,6,1,283
11567,2020,6,1,205
11568,1994,15,1,6089
11569,1984,9,1,345
11570,1997,15,1,660
11571,1975,9,1,386
11572,1970,9,1,291
11573,1978,18,1,692
11574,1991,15,1,1114
11575,1950,6,1,288
11576,1920,9,1,318
11577,1944,9,1,380
11578,1955,9,1,1049
11579,1950,9,1,279
11580,1917,15,1,389
11581,1984,6,1,274
11582,1926,9,1,289
11583,2009,15,1,993
11584,1924,6,1,246
11585,2016,9,1,269
11586,1978,21,1,2563
11587,1965,21,1,1002
11588,1995,15,1,886
11589,1927,9,1,258
11590,1994,15,1,666
11591,1946,9,1,243
11592,1946,6,1,174
11593,1946,9,1,223
11594,1942,6,1,238
11595,1944,6,1,201
11596,1950,6,4,850
11597,1920,6,1,458
11598,1930,6,1,252
11599,1930,6,1,291
11600,1930,6,1,197
11601,1955,9,1,309
11602,1945,6,1,199
11603,1942,3,1,109
11604,1929,9,1,286
11605,1940,6,1,140
11606,1973,24,1,1227
11607,1976,21,1,2068
11608,1985,3,1,345
11609,2001,15,1,2767
11610,2002,15,1,4613
11611,2008,15,1,2219
11612,1943,9,1,610
11613,2023,15,1,2610
11614,1950,6,3,351
11615,1950,6,1,492
11616,2022,15,1,5967
11617,1960,6,1,307
11618,1962,9,1,356
11619,1962,9,1,374
11620,1962,12,1,532
11621,1963,12,1,487
11622,1961,9,1,444
11623,2003,12,1,329
11624,1961,6,1,386
11625,1996,21,1,3492
11626,1999,12,1,4388
11627,1999,21,1,3482
11628,1962,9,1,325
11629,2000,0,N,0
11630,1960,6,1,102
11631,1965,9,1,203
11632,1961,6,1,121
11633,1961,6,1,120
11634,1963,6,1,214
11635,1999,12,1,5009
11636,1983,9,1,300
11637,1950,6,1,132
11638,1950,9,1,232
11639,1950,3,3,134
11640,1950,6,1,242
11641,1950,12,1,395
11642,1950,9,1,355
11643,1950,12,1,406
11644,1950,3,1,119
11645,1950,9,1,285
11646,1960,9,1,170
11647,1960,9,1,291
11648,1960,6,1,363
11649,1960,12,1,339
11650,2006,12,1,945
11651,1960,9,1,392
11652,1960,6,1,259
11653,1960,9,1,280
11654,2000,15,1,8088
11655,2003,6,1,206
11656,1998,9,1,198
11657,1998,9,1,260
11658,2004,6,1,275
11659,2003,12,1,2999
11660,2000,15,1,1518
11661,2000,9,1,176
11662,2000,9,1,175
11663,2016,12,1,230
11664,2002,9,1,202
11665,2008,9,1,188
11666,2000,9,1,177
11667,1999,12,1,2084
11668,2001,9,1,270
11669,2003,9,1,280
11670,2000,15,1,2661
11671,2000,15,1,1825
11672,1999,15,1,2576
11673,2001,12,1,458
11674,1999,3,1,149
11675,1983,9,1,345
11676,1983,12,1,450
11677,1981,15,1,431
11678,1996,12,1,506
11679,2006,9,1,1160
11680,1969,15,1,1596
11681,1969,15,1,1375
11682,1969,15,1,1372
11683,1969,15,1,1585
11684,1969,15,1,1615
11685,1969,15,1,1575
11686,1969,15,1,1133
11687,1969,9,1,851
11688,1969,15,1,1554
11689,1969,15,1,1600
11690,2005,18,1,5310
11691,2005,15,1,10899
11692,1970,9,1,360
11693,2008,9,1,424
11694,1980,6,1,122
11695,2010,6,1,378
11696,1980,6,1,483
11697,1965,6,1,342
11698,2008,3,1,263
11699,1970,6,1,345
11700,1970,6,1,229
11701,1974,6,1,1096
11702,1970,6,1,395
11703,1980,9,1,932
11704,2017,3,1,142
11705,2020,3,1,101
11706,2006,15,1,7623
11707,1991,15,1,6792
11708,1975,21,1,1360
11709,1991,9,1,311
11710,1964,9,1,174
11711,1960,6,1,83
11712,1960,3,1,92
11713,1995,9,1,342
11714,1973,9,1,464
11715,1995,6,1,271
11716,1994,6,1,221
11717,2003,6,1,312
11718,1960,3,4,426
11719,1965,9,1,287
11720,1962,6,1,113
11721,1971,6,1,176
11722,1961,6,1,147
11723,2000,9,1,234
11724,2006,9,1,258
11725,1960,3,1,99
11726,2002,9,1,217
11727,1960,9,1,210
11728,2001,15,1,401
11729,1961,9,1,183
11730,1966,9,1,226
11731,1958,6,1,134
11732,1950,12,1,274
11733,1965,6,4,215
11734,1966,6,1,218
11735,1954,6,1,274
11736,2007,15,1,392
11737,2007,9,1,1142
11738,1964,9,1,424
11739,1942,9,1,456
11740,1947,6,3,778
11741,1962,12,1,322
11742,1930,3,1,94
11743,1990,12,1,209
11744,2022,6,1,83
11745,2022,3,1,71
11746,2022,6,1,108
11747,1930,6,1,92
11748,1926,9,1,223
11749,1972,3,3,300
11750,1990,9,3,2130
11751,1972,3,3,1077
11752,2009,6,3,266
11753,1962,3,3,240
11754,2002,3,3,530
11755,1965,9,3,2112
11756,1972,3,3,380
11757,1992,3,3,482
11758,1992,3,3,523
11759,1992,3,3,523
11760,1992,3,3,523
11761,1992,3,3,523
11762,1992,3,3,504
11763,1990,12,3,2774
11764,1965,9,3,2797
11765,1972,3,3,32
11766,2008,15,1,7146
11767,1947,3,3,235
11768,2000,3,N,0
11769,2007,15,1,842
11770,1934,6,3,864
11771,1940,6,3,322
11772,1934,6,1,375
11773,1958,9,3,864
11774,1920,12,1,390
11775,1891,9,1,177
11776,1923,6,4,113
11777,1968,9,1,223
11778,1906,6,1,232
11779,1954,3,1,94
11780,1924,3,1,117
11781,1920,6,4,121
11782,1920,9,1,210
11783,1920,6,1,160
11784,1965,9,1,250
11785,1971,27,1,1487
11786,1934,6,1,229
11787,1936,6,1,206
11788,2008,15,1,620
11789,1950,9,1,270
11790,1970,12,1,376
11791,1960,12,1,240
11792,1995,9,1,315
11793,1950,6,1,247
11794,1956,6,1,171
11795,1955,9,1,354
11796,2000,15,1,1247
11797,2007,15,1,2061
11798,2008,15,1,1491
11799,1940,6,3,321
11800,1947,3,3,43
11801,1940,9,1,133
11802,1941,12,1,205
11803,1996,12,1,223
11804,1943,12,1,258
11805,1948,9,1,219
11806,1972,24,1,1618
11807,1973,21,1,771
11808,1938,9,1,748
11809,1961,27,1,2231
11810,1949,12,1,286
11811,1990,9,1,170
11812,1949,9,1,179
11813,1999,12,1,241
11814,2005,12,1,1557
11815,1900,6,1,144
11816,1947,6,1,181
11817,1890,9,1,214
11818,1963,12,1,262
11819,1929,9,1,218
11820,1930,9,1,168
11821,1927,9,1,202
11822,1947,18,1,536
11823,1881,9,1,233
11824,1880,9,1,156
11825,1898,6,1,140
11826,1898,6,1,136
11827,1939,6,1,139
11828,1931,6,1,165
11829,1947,6,1,246
11830,1931,6,1,105
11831,1938,6,1,163
11832,1880,6,1,141
11833,1913,6,1,125
11834,1951,9,1,199
11835,1948,6,1,128
11836,1947,15,1,295
11837,1946,6,1,206
11838,1942,6,1,118
11839,1943,9,1,185
11840,1941,9,1,570
11841,1941,9,1,238
11842,1951,12,1,259
11843,1941,9,1,216
11844,1922,9,1,188
11845,1951,12,1,591
11846,1943,6,1,124
11847,1920,6,1,128
11848,1923,6,1,166
11849,1928,6,1,167
11850,1943,6,4,150
11851,1958,9,1,126
11852,1975,15,1,692
11853,1941,9,1,136
11854,1887,6,1,110
11855,1932,6,1,231
11856,1942,6,1,116
11857,1953,9,1,246
11858,1932,9,1,228
11859,1900,6,1,175
11860,1954,9,1,204
11861,1935,6,1,238
11862,1941,9,1,296
11863,1950,9,1,88
11864,1918,3,1,61
11865,1950,9,1,314
11866,1951,6,1,92
11867,1936,3,1,85
11868,1921,3,1,92
11869,2017,9,1,184
11870,1990,12,1,138
11871,1963,6,1,197
11872,1986,9,1,243
11873,1941,6,1,329
11874,1939,6,1,190
11875,1960,9,1,215
11876,1900,9,1,178
11877,1956,9,1,190
11878,1939,12,1,303
11879,1929,6,1,180
11880,1925,9,1,202
11881,1951,9,1,285
11882,1980,9,1,286
11883,1941,12,1,551
11884,1940,6,1,300
11885,1931,9,1,200
11886,1931,9,1,251
11887,1971,15,1,1245
11888,1991,9,1,225
11889,1941,9,1,270
11890,2024,9,1,227
11891,1952,9,1,253
11892,1931,6,1,140
11893,1961,9,1,195
11894,1943,6,1,169
11895,1955,9,4,233
11896,1958,9,1,400
11897,1928,9,1,287
11898,1930,9,1,272
11899,1921,9,1,269
11900,2002,9,1,209
11901,2004,12,1,1024
11902,1946,12,1,266
11903,2014,9,1,200
11904,2003,9,1,1238
11905,1931,9,1,444
11906,1951,9,1,191
11907,1923,6,1,182
11908,2001,6,1,230
11909,1921,6,1,224
11910,1923,6,1,174
11911,1991,6,1,128
11912,1950,9,4,368
11913,1927,9,1,352
11914,2007,12,1,2492
11915,1973,15,4,606
11916,2009,12,4,372
11917,1903,15,4,9701
11918,2019,15,1,403
11919,1919,9,1,280
11920,1927,12,1,290
11921,1880,12,1,752
11922,2002,12,1,304
11923,1935,9,1,386
11924,1981,15,4,587
11925,1923,12,4,542
11926,1927,15,1,375
11927,1917,12,1,686
11928,1890,15,1,247
11929,1893,12,1,288
11930,1929,9,1,368
11931,1921,9,1,269
11932,1927,6,1,318
11933,1941,12,N,613
11934,1927,6,1,268
11935,1919,12,1,723
11936,1925,9,4,298
11937,1910,9,1,246
11938,1927,9,1,823
11939,1990,9,1,238
11940,2001,12,1,291
11941,1923,12,1,715
11942,1939,12,1,430
11943,1926,6,1,350
11944,1913,12,1,358
11945,1943,9,1,265
11946,1943,6,1,157
11947,1931,6,1,169
11948,1991,9,1,180
11949,1922,12,1,241
11950,1941,12,1,249
11951,1947,9,1,260
11952,1996,9,1,181
11953,1947,15,1,645
11954,1977,9,1,190
11955,1916,6,1,158
11956,1920,12,1,421
11957,1917,6,1,89
11958,1988,9,1,315
11959,1903,6,4,1126
11960,1956,15,4,3477
11961,1900,15,1,407
11962,1994,12,1,284
11963,2000,9,1,151
11964,1900,9,1,441
11965,1900,6,1,56
11966,1900,12,1,172
11967,1900,9,1,159
11968,1900,9,1,338
11969,2009,12,1,362
11970,2003,9,1,1023
11971,1900,12,4,677
11972,1900,12,1,312
11973,1995,15,1,971
11974,1900,15,1,471
11975,1900,12,1,392
11976,1900,12,1,171
11977,1900,15,1,436
11978,1900,12,4,1371
11979,1996,3,1,8381
11980,1959,21,1,4049
11981,1959,12,1,947
11982,1880,15,1,1045
11983,1910,12,1,666
11984,1910,18,1,1508
11985,1920,12,1,187
11986,2007,12,1,771
11987,1910,12,1,414
11988,1940,6,1,114
11989,1940,18,4,421
11990,1996,15,4,2420
11991,2010,18,1,2448
11992,1912,12,1,267
11993,1912,12,1,267
11994,2005,15,1,1081
11995,1912,15,1,166
11996,1999,12,1,964
11997,1912,9,4,318
11998,1898,9,4,687
11999,2022,12,1,502
12000,1898,9,1,318
12001,1898,12,1,323
12002,1898,12,4,244
12003,1898,9,4,173
12004,1898,9,4,272
12005,1898,15,1,240
12006,1990,12,4,510
12007,1898,12,1,377
12008,1898,12,1,283
12009,1898,9,1,240
12010,2003,15,4,649
12011,1898,12,4,384
12012,1898,18,1,560
12013,1900,3,4,37
12014,1898,9,1,483
12015,2021,15,1,714
12016,1898,12,1,560
12017,1992,15,1,1015
12018,1992,15,4,2122
12019,1997,12,4,798
12020,1898,21,1,1151
12021,1900,18,1,1015
12022,1912,12,1,401
12023,1900,9,4,213
12024,1880,9,1,382
12025,1900,15,1,457
12026,1900,9,1,326
12027,1900,9,4,201
12028,1900,9,1,273
12029,1935,9,1,207
12030,1900,9,1,451
12031,2002,12,1,232
12032,1900,9,1,201
12033,1923,12,1,247
12034,1923,9,1,270
12035,1900,12,1,234
12036,1955,12,1,194
12037,2001,9,1,865
12038,1900,12,1,573
12039,1920,12,1,277
12040,1900,12,1,116
12041,1900,9,4,532
12042,1900,9,1,246
12043,1900,12,1,250
12044,1900,12,4,1386
12045,2016,12,1,701
12046,1960,15,1,235
12047,1900,9,1,490
12048,1900,15,1,391
12049,1900,15,1,404
12050,1900,9,3,274
12051,1900,12,4,288
12052,1900,12,1,269
12053,1900,12,1,710
12054,1934,15,1,364
12055,1880,15,1,393
12056,2008,15,1,579
12057,1947,9,1,294
12058,1947,12,1,261
12059,1947,12,1,427
12060,1947,15,1,593
12061,1947,12,1,1023
12062,1991,9,1,244
12063,1988,15,1,676
12064,1947,12,1,444
12065,1947,12,1,880
12066,1906,12,1,434
12067,1947,9,4,8756
12068,1947,9,1,272
12069,1995,12,1,1307
12070,1947,12,1,633
12071,1890,12,1,1182
12072,1947,3,1,159
12073,1890,12,4,253
12074,1895,9,1,514
12075,1900,6,1,206
12076,1964,3,1,143
12077,1936,6,1,219
12078,1950,6,1,221
12079,1900,6,1,196
12080,1994,9,1,296
12081,1900,6,1,471
12082,1900,9,1,183
12083,1890,12,1,592
12084,1936,12,3,5292
12085,1900,15,4,5984
12086,1927,9,1,672
12087,1900,6,1,187
12088,1900,9,1,222
12089,1890,6,1,153
12090,1880,6,1,177
12091,1972,18,1,1749
12092,1900,15,1,342
12093,1900,9,1,224
12094,1880,12,1,276
12095,2002,12,1,6170
12096,2001,9,1,6409
12097,2003,21,1,8093
12098,1900,9,1,1513
12099,1904,9,1,221
12100,1904,9,1,289
12101,1904,9,1,198
12102,1880,9,1,182
12103,1900,6,1,190
12104,1880,6,1,145
12105,1954,9,1,348
12106,1955,12,1,446
12107,1920,6,1,134
12108,1880,9,1,136
12109,1880,6,1,98
12110,1880,9,1,129
12111,1940,12,1,204
12112,1934,12,1,156
12113,1928,6,1,95
12114,1900,6,1,103
12115,1900,9,4,136
12116,1900,9,1,254
12117,1900,6,1,141
12118,1918,6,1,110
12119,2005,9,1,603
12120,1920,9,1,86
12121,1920,6,1,106
12122,1900,6,1,1915
12123,1997,9,1,243
12124,1895,6,1,201
12125,1990,9,1,337
12126,1996,6,1,147
12127,2024,9,1,180
12128,1997,3,1,223
12129,1987,9,1,232
12130,1987,9,1,178
12131,1987,9,1,156
12132,1988,9,1,144
12133,1988,9,1,144
12134,1991,9,1,433
12135,1992,9,1,375
12136,1994,3,4,81
12137,1967,18,1,1907
12138,1987,6,1,363
12139,2002,6,1,356
12140,1880,9,1,176
12141,1998,9,1,165
12142,1950,9,1,295
12143,1930,9,1,305
12144,1920,6,1,284
12145,1900,6,1,160
12146,1880,6,1,169
12147,1880,9,1,138
12148,1930,6,1,121
12149,1890,6,1,139
12150,1940,6,1,242
12151,1960,9,1,336
12152,2006,9,1,219
12153,1994,9,1,494
12154,2009,15,4,8515
12155,1930,6,1,108
12156,1960,12,1,242
12157,1880,9,1,285
12158,1900,6,1,113
12159,1900,6,1,89
12160,1904,6,1,112
12161,2005,9,1,139
12162,1930,3,1,91
12163,1960,9,1,415
12164,1920,9,1,218
12165,1920,9,1,120
12166,1930,9,1,109
12167,1890,6,1,119
12168,1896,6,1,103
12169,1964,18,1,774
12170,1915,9,1,227
12171,1920,3,3,280
12172,1987,6,1,164
12173,1900,9,1,222
12174,1960,12,1,297
12175,1910,9,1,338
12176,1880,9,1,291
12177,1900,6,1,92
12178,1900,6,1,104
12179,1900,6,1,114
12180,1960,6,1,113
12181,1900,6,1,128
12182,1900,6,1,100
12183,1900,9,1,223
12184,1930,9,1,167
12185,1987,6,1,205
12186,1987,6,1,164
12187,1987,6,1,164
12188,1987,6,1,164
12189,1987,6,1,164
12190,1970,6,4,2031
12191,2003,15,1,2198
12192,2001,12,1,4674
12193,1900,9,1,322
12194,1930,9,1,257
12195,1900,6,1,155
12196,1950,6,1,136
12197,1900,9,1,220
12198,1990,9,1,179
12199,1900,6,1,135
12200,1900,6,N,179
12201,1900,9,1,247
12202,1900,6,1,132
12203,1900,9,1,310
12204,1900,9,1,201
12205,1900,6,1,143
12206,1900,6,1,177
12207,2003,9,1,501
12208,1900,9,1,145
12209,1900,9,1,133
12210,1930,9,1,150
12211,1960,12,1,227
12212,1960,18,1,844
12213,1900,9,1,828
12214,2003,12,1,9128
12215,2009,9,1,459
12216,2018,9,1,294
12217,2018,9,1,257
12218,2018,9,1,250
12219,1999,12,4,7552
12220,1998,24,1,11890
12221,2000,24,1,5736
12222,2001,21,1,5607
12223,2003,18,1,5508
12224,2001,21,1,9713
12225,1950,9,3,662
12226,1969,3,4,390
12227,1979,21,1,985
12228,1994,15,1,706
12229,1920,3,1,81
12230,1965,6,1,383
12231,1995,15,1,873
12232,1997,18,1,12533
12233,1900,12,1,266
12234,1900,6,4,197
12235,1900,9,1,228
12236,1962,12,1,258
12237,1900,6,1,176
12238,1900,6,1,141
12239,1900,6,1,108
12240,1900,6,1,145
12241,1900,6,1,135
12242,1900,6,1,141
12243,1900,6,1,118
12244,1900,9,1,318
12245,1900,6,1,164
12246,1991,9,1,200
12247,1900,9,1,164
12248,1920,9,1,162
12249,1920,9,1,178
12250,1920,12,1,211
12251,1920,6,1,112
12252,1920,9,1,263
12253,1920,6,1,148
12254,1940,9,4,1505
12255,1932,9,1,235
12256,1935,9,1,228
12257,1998,18,1,1018
12258,1996,15,1,1600
12259,1990,6,3,1184
12260,2000,15,1,2511
12261,1998,18,1,1639
12262,2001,15,1,2866
12263,1950,9,1,615
12264,1986,9,1,166
12265,1986,9,1,175
12266,1988,6,1,353
12267,1992,15,1,2514
12268,1994,15,1,2085
12269,1986,15,1,1043
12270,1963,15,1,1155
12271,1991,12,3,6530
12272,1936,12,1,837
12273,1903,3,3,306
12274,1890,6,3,681
12275,1892,9,1,510
12276,1892,3,3,512
12277,1970,21,1,1158
12278,1962,6,1,277
12279,1941,6,1,190
12280,1922,9,1,226
12281,1922,6,1,215
12282,1940,6,1,248
12283,1940,9,1,276
12284,1938,6,1,198
12285,1931,9,1,307
12286,1940,18,1,832
12287,1989,18,1,1430
12288,1997,15,1,5112
12289,2004,15,1,1408
12290,2003,15,1,2629
12291,2005,15,1,1856
12292,2024,15,1,1038
12293,1994,21,1,4240
12294,1930,12,1,250
12295,2002,24,1,2108
12296,1930,9,1,350
12297,2000,9,1,350
12298,1979,27,1,4146
12299,1925,9,1,419
12300,1976,27,1,3511
12301,1974,27,1,3273
12302,1977,27,1,3608
12303,1977,30,1,4554
12304,1976,21,1,3043
12305,1980,21,1,2280
12306,1924,9,1,245
12307,1928,3,1,85
12308,1930,3,1,94
12309,1929,3,1,177
12310,1929,6,1,125
12311,1932,6,1,217
12312,1988,12,1,1132
12313,1958,12,1,348
12314,1934,6,1,158
12315,1934,3,1,89
12316,1932,6,1,117
12317,1958,9,1,187
12318,1956,6,1,90
12319,1957,3,4,128
12320,1930,3,1,128
12321,2006,6,1,144
12322,1910,6,1,162
12323,1922,6,1,199
12324,1970,21,1,2511
12325,1940,6,1,248
12326,1954,12,1,503
12327,1930,6,1,169
12328,1958,9,1,239
12329,2007,15,1,541
12330,2000,15,1,716
12331,2000,9,1,183
12332,1910,9,1,192
12333,1900,6,1,182
12334,1910,6,1,182
12335,1900,9,1,203
12336,1925,9,1,225
12337,1922,6,1,156
12338,1992,15,1,1628
12339,1996,12,1,4802
12340,1991,15,1,3116
12341,1930,3,1,137
12342,1928,3,1,127
12343,1954,6,1,351
12344,1992,9,1,575
12345,1929,6,1,190
12346,2000,15,1,462
12347,1996,9,1,360
12348,1928,6,N,392
12349,1930,9,1,202
12350,1990,9,1,245
12351,1989,6,1,241
12352,1989,6,1,241
12353,1991,15,1,1114
12354,1988,6,1,197
12355,1970,15,1,4211
12356,1981,15,1,3389
12357,2003,15,1,1103
12358,2003,21,1,2176
12359,1950,6,4,16580
12360,1930,3,1,102
12361,2018,12,1,216
12362,2004,9,1,305
12363,1996,9,1,395
12364,2003,12,1,420
12365,1998,9,1,378
12366,2002,9,1,238
12367,2002,6,1,383
12368,2003,9,1,9371
12369,2004,6,4,3133
12370,1992,3,3,25
12371,2006,3,4,869
12372,2007,6,4,763
12373,1999,12,1,6222
12374,1999,18,1,2983
12375,1999,9,1,288
12376,2021,9,1,212
12377,1999,12,1,230
12378,2000,3,N,0
12379,2003,9,1,242
12380,2000,9,1,196
12381,2000,15,1,3595
12382,2001,9,1,1847
12383,1960,6,1,215
12384,1960,12,1,564
12385,1960,3,1,101
12386,1957,9,1,214
12387,1957,12,1,332
12388,1960,9,1,260
12389,1960,6,1,188
12390,1960,9,1,266
12391,1960,9,1,288
12392,1960,9,1,324
12393,1960,9,1,206
12394,1965,12,1,600
12395,1970,9,1,534
12396,1960,9,1,219
12397,1960,6,1,318
12398,1960,12,1,340
12399,1960,6,1,199
12400,1960,6,1,102
12401,1960,3,1,112
12402,1960,6,1,301
12403,1996,9,1,319
12404,1998,12,1,944
12405,2003,15,1,4454
12406,2002,15,1,2403
12407,2008,12,1,1903
12408,1960,9,1,237
12409,1960,9,1,247
12410,2022,6,4,1931
12411,2022,12,4,7239
12412,2007,15,1,10090
12413,2019,15,1,9503
12414,2007,15,1,3813
12415,2007,15,1,3091
12416,2024,15,1,3439
12417,2006,15,1,3516
12418,2005,15,1,8672
12419,2005,18,1,11591
12420,1988,6,3,1342
12421,1998,3,3,1127
12422,1974,3,3,37
12423,1974,3,3,335
12424,1974,3,3,330
12425,1974,6,4,792
12426,1974,3,3,769
12427,1971,3,3,1308
12428,1974,3,3,1104
12429,1974,6,4,1270
12430,1974,3,3,663
12431,1988,6,3,931
12432,1991,6,3,8492
12433,1991,6,3,568
12434,1991,6,3,837
12435,1991,6,3,647
12436,1991,3,3,659
12437,1991,6,3,1044
12438,1991,3,3,861
12439,1991,6,3,572
12440,1991,6,3,806
12441,1991,6,3,894
12442,1989,6,3,466
12443,1989,6,3,438
12444,1989,6,3,733
12445,1988,3,3,750
12446,1988,3,3,860
12447,1988,6,3,836
12448,1988,3,3,46
12449,1982,3,3,648
12450,1974,3,3,681
12451,1974,3,3,238
12452,1974,3,3,234
12453,1974,3,3,234
12454,1974,3,3,234
12455,2015,0,3,179
12456,1991,3,3,25
12457,1996,6,3,1043
12458,1974,3,3,170
12459,1974,3,3,317
12460,1974,3,3,396
12461,1974,3,3,438
12462,1974,3,3,857
12463,1984,9,1,269
12464,1970,9,1,295
12465,1963,12,1,1048
12466,1965,6,3,435
12467,2001,15,1,1289
12468,1948,9,1,438
12469,1960,12,1,387
12470,1962,9,1,562
12471,1965,3,3,486
12472,1983,12,1,410
12473,1965,9,1,358
12474,1965,9,1,255
12475,1950,15,1,681
12476,1940,6,1,222
12477,1995,9,1,181
12478,1960,3,1,203
12479,1957,9,1,268
12480,1955,9,1,223
12481,1945,6,1,189
12482,1963,3,1,57
12483,1936,3,3,181
12484,1930,9,1,238
12485,1933,3,1,106
12486,1955,6,1,173
12487,1953,9,1,220
12488,1958,9,1,206
12489,1930,3,1,103
12490,1930,3,1,92
12491,2001,15,1,10302
12492,2006,15,1,636
12493,2001,9,1,226
12494,1997,12,1,258
12495,1990,9,1,349
12496,1978,3,3,1096
12497,1965,12,1,405
12498,1964,6,1,126
12499,1969,9,3,262
12500,1971,6,1,200
12501,1968,9,1,249
12502,1990,9,1,211
12503,1990,9,1,211
12504,1990,9,1,211
12505,1997,9,1,211
12506,1996,9,1,211
12507,1998,9,1,211
12508,1997,12,1,260
12509,1994,9,1,244
12510,1999,15,1,1401
12511,1998,15,1,4078
12512,1963,9,1,247
12513,2002,15,1,2260
12514,1998,15,1,2902
12515,2000,18,1,4292
12516,1998,15,1,3283
12517,2002,15,1,989
12518,2007,15,1,727
12519,1999,15,1,2218
12520,1955,9,1,360
12521,1955,12,1,334
12522,1961,9,1,216
12523,1950,6,1,95
12524,1950,6,1,86
12525,1950,6,1,156
12526,1960,12,1,365
12527,1956,3,1,73
12528,1954,6,1,133
12529,1997,9,1,297
12530,1941,3,1,98
12531,1967,12,1,416
12532,1959,9,1,240
12533,2004,15,1,442
12534,1970,3,4,153
12535,1999,6,4,563
12536,1978,6,4,922
12537,1929,3,1,181
12538,1941,3,1,97
12539,1954,6,1,147
12540,2009,15,1,1013
12541,1997,9,1,356
12542,1945,6,1,120
12543,1929,6,1,121
12544,1945,6,1,281
12545,1920,9,1,223
12546,1970,9,1,233
12547,1978,3,1,114
12548,1960,9,1,182
12549,1950,9,1,159
12550,1933,9,1,118
12551,1954,3,1,177
12552,1935,3,1,119
12553,1935,6,1,128
12554,2001,9,1,344
12555,2006,6,3,236
12556,2006,12,1,368
12557,1926,6,1,224
12558,2010,15,1,4029
12559,2019,15,1,1099
12560,1983,15,1,1241
12561,1940,9,1,267
12562,1910,6,1,253
12563,1910,6,1,223
12564,1950,3,1,193
12565,1920,3,3,55
12566,1950,9,1,259
12567,1999,9,1,635
12568,1940,12,1,397
12569,2000,15,1,1362
12570,1930,6,1,306
12571,1989,9,1,176
12572,1992,15,1,3066
12573,1940,6,1,99
12574,1950,6,1,200
12575,1950,6,1,194
12576,1989,9,1,176
12577,1989,15,1,315
12578,2002,15,1,2618
12579,2019,15,1,1408
12580,1900,6,3,272
12581,1900,12,1,343
12582,1900,6,1,264
12583,1900,6,1,659
12584,1992,9,1,258
12585,1900,6,1,325
12586,1900,6,1,205
12587,1900,9,1,317
12588,1966,12,1,422
12589,1900,9,1,300
12590,1999,12,1,204
12591,1900,3,3,168
12592,1960,15,1,911
12593,1960,18,1,660
12594,1900,12,1,438
12595,1936,12,1,417
12596,1900,12,3,2177
12597,1900,6,1,380
12598,1970,18,1,812
12599,1963,6,1,251
12600,1943,3,1,117
12601,1936,6,1,240
12602,1900,6,1,143
12603,1900,6,1,581
12604,1900,6,3,190
12605,1998,12,1,447
12606,1930,6,1,226
12607,1900,6,1,121
12608,1900,6,1,182
12609,2010,15,1,3857
12610,1905,6,1,344
12611,1905,6,1,154
12612,1905,6,1,104
12613,1905,6,1,108
12614,1905,9,1,210
12615,1905,6,1,138
12616,1905,6,1,165
12617,1987,6,1,277
12618,1905,6,1,364
12619,1908,9,1,419
12620,1910,6,1,207
12621,1998,3,1,108
12622,1908,9,1,189
12623,1908,12,1,300
12624,2001,12,1,646
12625,1900,6,1,310
12626,1905,6,1,75
12627,1900,6,1,118
12628,1900,3,1,56
12629,1900,9,1,178
12630,1905,12,1,295
12631,1905,6,1,96
12632,1905,6,1,113
12633,1905,6,1,102
12634,1905,12,1,265
12635,1905,6,1,114
12636,1905,12,1,187
12637,1990,9,1,130
12638,1905,6,1,129
12639,1905,9,1,166
12640,1987,3,3,309
12641,2001,15,1,2831
12642,1930,9,1,234
12643,1950,9,1,241
12644,1883,6,1,194
12645,1880,9,4,259
12646,1900,6,4,248
12647,1880,6,1,136
12648,1880,3,4,91
12649,1880,6,1,187
12650,1880,6,1,134
12651,1990,12,1,148
12652,1880,6,1,145
12653,1900,6,1,106
12654,1900,9,1,159
12655,1900,9,1,148
12656,1985,12,1,158
12657,1883,12,1,168
12658,1900,6,1,124
12659,1900,12,1,246
12660,1900,9,1,143
12661,1900,12,1,189
12662,1900,9,1,180
12663,1900,6,1,105
12664,1900,9,1,185
12665,1900,12,1,232
12666,1900,12,1,186
12667,1900,3,1,66
12668,1900,9,1,152
12669,1900,6,1,96
12670,1900,3,1,71
12671,1900,9,1,532
12672,1880,6,1,273
12673,1880,6,3,488
12674,1880,6,1,298
12675,1880,6,1,264
12676,1880,9,1,231
12677,1880,9,1,197
12678,1880,6,1,164
12679,1880,6,1,210
12680,1880,9,1,294
12681,1936,9,1,359
12682,2004,9,1,184
12683,2004,9,1,361
12684,2004,9,1,319
12685,2004,9,1,2130
12686,1998,9,1,205
12687,1999,9,1,253
12688,1933,9,1,258
12689,1933,6,1,258
12690,1933,9,1,246
12691,1943,12,1,522
12692,1935,6,1,233
12693,1900,9,1,367
12694,1933,12,1,224
12695,1923,9,1,279
12696,1957,9,1,256
12697,1951,15,1,526
12698,1912,9,1,244
12699,1953,9,1,241
12700,1910,3,1,171
12701,1947,9,1,363
12702,1956,12,1,738
12703,1994,6,1,145
12704,1895,9,1,188
12705,1919,6,1,177
12706,1931,9,1,171
12707,1926,6,1,124
12708,1929,6,1,255
12709,1923,6,1,156
12710,1960,12,1,382
12711,1951,6,1,164
12712,1886,12,1,270
12713,1920,9,1,291
12714,1931,6,1,149
12715,1917,9,1,260
12716,1952,9,1,147
12717,1880,9,1,189
12718,1946,9,1,258
12719,1928,9,1,248
12720,1900,9,1,365
12721,1935,12,1,291
12722,1953,9,1,276
12723,1939,9,1,178
12724,2007,15,1,342
12725,1931,9,1,213
12726,1951,9,1,252
12727,1920,9,1,275
12728,1935,9,1,298
12729,1930,6,1,168
12730,1927,6,1,162
12731,1931,9,1,196
12732,1927,9,1,154
12733,1995,12,1,514
12734,2015,9,1,175
12735,1931,6,1,116
12736,2000,9,1,104
12737,2000,3,1,80
12738,2002,12,1,2243
12739,2003,15,1,3759
12740,2008,12,1,4191
12741,2010,9,1,357
12742,1945,6,1,190
12743,1910,6,1,170
12744,1950,6,1,170
12745,2022,9,1,1456
12746,1945,6,1,126
12747,1992,12,1,1451
12748,1950,6,1,380
12749,1945,9,1,236
12750,1940,6,4,544
12751,1940,12,4,821
12752,1995,12,1,1205
12753,1901,9,1,337
12754,2009,9,1,398
12755,1919,9,1,472
12756,1909,9,1,293
12757,1923,12,1,454
12758,1931,9,1,723
12759,1957,12,1,461
12760,1943,9,4,401
12761,1941,9,1,312
12762,1952,9,1,288
12763,1943,6,1,191
12764,1941,9,1,361
12765,1941,9,1,401
12766,1930,9,1,722
12767,1931,12,1,411
12768,1900,9,1,225
12769,1880,9,1,266
12770,1929,6,1,108
12771,1943,6,1,97
12772,1904,6,1,521
12773,1931,6,1,103
12774,1904,9,1,321
12775,1919,9,4,2110
12776,2003,12,1,1383
12777,1929,9,1,805
12778,2004,6,1,12414
12779,1921,6,1,626
12780,1992,9,4,259
12781,1957,12,1,264
12782,1925,15,1,360
12783,1957,12,1,345
12784,1757,12,1,411
12785,1918,12,1,256
12786,1957,9,4,180
12787,1957,12,1,436
12788,1957,12,1,518
12789,1938,12,1,521
12790,1957,12,1,270
12791,1957,15,1,1083
12792,1957,9,4,915
12793,1957,12,1,360
12794,1957,12,1,674
12795,1900,12,1,285
12796,1957,12,1,469
12797,1900,12,4,3433
12798,1957,12,1,317
12799,1957,15,1,292
12800,1957,15,1,670
12801,1945,6,4,449
12802,1957,12,1,1006
12803,1900,9,1,227
12804,1996,9,1,386
12805,1957,12,3,304
12806,1947,12,1,504
12807,1900,6,1,191
12808,1947,12,4,1212
12809,1947,12,4,1024
12810,1900,9,3,7292
12811,1956,12,1,422
12812,1900,9,1,202
12813,1956,12,4,8313
12814,1900,9,3,2182
12815,1947,3,3,726
12816,1957,18,1,1360
12817,1957,12,1,288
12818,1986,12,4,6950
12819,1957,15,1,371
12820,1900,12,4,3644
12821,1880,12,4,218
12822,1991,12,4,541
12823,1957,15,4,1242
12824,2001,15,1,993
12825,1900,12,4,397
12826,1947,15,4,469
12827,1947,12,1,419
12828,1947,15,1,1285
12829,1947,12,1,330
12830,1900,9,4,301
12831,1947,12,4,3142
12832,1947,9,4,1216
12833,1947,12,4,3003
12834,2002,12,1,403
12835,1947,6,1,150
12836,1947,12,1,679
12837,1880,6,1,162
12838,1947,6,3,602
12839,1947,21,1,1338
12840,1947,12,4,378
12841,1947,6,4,182
12842,1947,6,4,98
12843,1947,6,1,80
12844,2005,12,1,184
12845,1881,9,1,338
12846,1947,12,4,330
12847,1876,15,1,417
12848,1947,12,1,451
12849,2006,12,4,252
12850,1980,21,1,3653
12851,1947,15,1,665
12852,1947,12,1,210
12853,1947,15,1,451
12854,1947,12,3,601
12855,1947,9,1,426
12856,1918,12,1,264
12857,1900,9,1,308
12858,1880,9,1,75
12859,1947,12,1,354
12860,1947,12,1,287
12861,1926,9,1,254
12862,1916,12,1,796
12863,1967,12,1,484
12864,1947,12,1,296
12865,1947,12,1,334
12866,1947,9,1,266
12867,1930,9,1,363
12868,1947,9,1,168
12869,1947,9,1,124
12870,1905,12,1,1223
12871,2009,15,1,2552
12872,1947,9,4,1347
12873,1991,15,1,590
12874,1942,12,4,734
12875,1880,12,4,231
12876,1929,15,4,4276
12877,1979,18,1,1738
12878,1947,9,1,460
12879,1928,9,1,312
12880,1927,9,1,543
12881,1929,12,1,410
12882,1947,6,1,229
12883,1942,9,1,249
12884,1943,12,1,234
12885,2012,12,1,266
12886,1983,18,1,2917
12887,1976,12,1,609
12888,1931,12,4,272
12889,1930,9,1,369
12890,1959,6,4,393
12891,1940,6,4,286
12892,1957,9,1,311
12893,1947,9,1,303
12894,1946,6,1,312
12895,1947,12,1,414
12896,1977,18,1,1846
12897,1979,18,1,1890
12898,1979,18,1,1634
12899,1979,18,1,1821
12900,1979,12,1,1809
12901,1979,15,1,1912
12902,1931,15,4,1724
12903,1927,9,4,1839
12904,1976,12,1,280
12905,1930,6,4,152
12906,1953,9,4,784
12907,1900,15,1,806
12908,1943,21,1,941
12909,1905,3,4,513
12910,1962,15,4,653
12911,1991,6,1,226
12912,1900,6,4,296
12913,1910,3,1,162
12914,1934,6,1,189
12915,1936,6,1,180
12916,1904,12,1,274
12917,1950,3,3,253
12918,1972,21,1,1524
12919,1930,9,4,1131
12920,2010,15,4,2209
12921,1900,6,1,1202
12922,1900,6,4,390
12923,1900,12,4,2491
12924,2020,12,1,358
12925,2023,15,1,1469
12926,2006,12,4,402
12927,1970,15,1,476
12928,1972,21,1,1076
12929,1972,18,1,375
12930,1936,6,1,200
12931,1936,9,1,274
12932,1936,12,1,272
12933,1900,9,4,848
12934,1914,6,4,384
12935,1900,9,1,332
12936,1900,12,1,358
12937,1895,6,1,166
12938,1880,6,4,157
12939,1950,12,1,352
12940,1997,9,1,229
12941,1987,6,1,194
12942,2006,9,1,250
12943,1900,9,1,266
12944,1930,9,1,170
12945,1880,12,1,417
12946,1900,6,1,189
12947,1900,6,1,260
12948,1936,15,1,1686
12949,1900,9,1,189
12950,1900,6,1,153
12951,1900,6,1,192
12952,1900,9,1,260
12953,1935,12,1,383
12954,1900,6,1,438
12955,1972,3,1,433
12956,1936,9,1,215
12957,1997,9,1,451
12958,1905,6,4,353
12959,1945,9,4,222
12960,1960,0,1,268
12961,2006,15,1,1041
12962,2021,9,1,296
12963,2021,9,1,274
12964,1930,9,1,200
12965,2009,9,1,10164
12966,2001,9,1,2814
12967,1954,12,1,1234
12968,1902,9,1,343
12969,1984,6,1,331
12970,1890,6,1,137
12971,1890,6,1,142
12972,1910,6,1,122
12973,1890,6,1,145
12974,1900,6,1,104
12975,1900,6,1,134
12976,1900,6,1,152
12977,1991,6,1,514
12978,1957,15,1,2395
12979,1900,6,1,139
12980,1991,6,1,506
12981,2018,6,1,207
12982,2019,9,1,349
12983,2019,6,1,235
12984,2018,6,1,239
12985,2019,6,1,228
12986,2018,6,1,217
12987,2018,6,1,250
12988,2018,6,1,232
12989,2008,9,1,1048
12990,1908,3,3,2858
12991,1880,6,1,86
12992,1880,6,1,93
12993,1900,9,1,112
12994,1903,12,1,199
12995,1982,9,1,1552
12996,1934,9,1,300
12997,1930,6,1,500
12998,1897,9,1,355
12999,1930,9,1,242
13000,1926,6,1,163
13001,1880,9,1,266
13002,1928,9,1,252
13003,1996,9,1,4535
13004,2001,12,1,890
13005,1990,18,1,4209
13006,1990,6,1,272
13007,1990,6,1,272
13008,1990,6,1,272
13009,1990,6,1,272
13010,1990,6,1,272
13011,1990,6,1,272
13012,1990,9,1,272
13013,1990,6,1,272
13014,1990,6,1,272
13015,1990,6,1,272
13016,1990,6,1,272
13017,1990,6,1,272
13018,2000,6,4,937
13019,1990,9,1,196
13020,1990,9,1,196
13021,1990,9,1,196
13022,1990,9,1,196
13023,1990,9,1,196
13024,1990,9,1,196
13025,1990,9,1,196
13026,1990,9,1,196
13027,1990,9,1,196
13028,1990,9,1,196
13029,1990,9,1,196
13030,1990,9,1,196
13031,1990,9,1,196
13032,1990,9,1,196
13033,1930,9,4,2550
13034,1960,3,3,11
13035,1968,9,1,286
13036,1930,9,1,319
13037,1930,12,1,329
13038,1930,9,1,270
13039,1970,18,1,1116
13040,1970,21,1,1209
13041,1975,21,1,2192
13042,1930,12,1,431
13043,1965,12,1,359
13044,1930,9,4,374
13045,1930,3,1,202
13046,1930,6,3,411
13047,1965,24,1,2682
13048,1965,3,3,12
13049,1971,21,1,2872
13050,1930,9,1,340
13051,1930,6,1,97
13052,1930,15,1,1035
13053,1985,15,1,662
13054,1970,27,1,2706
13055,1999,9,3,604
13056,1950,12,3,477
13057,1960,18,1,923
13058,1930,12,1,342
13059,2010,15,1,3612
13060,1930,6,4,1089
13061,1970,21,1,870
13062,1980,15,1,891
13063,1998,15,1,1920
13064,1982,15,1,1046
13065,1984,21,1,949
13066,1950,12,1,540
13067,1938,12,1,431
13068,2007,15,1,441
13069,1979,21,1,1385
13070,1980,18,1,1177
13071,1980,18,1,1470
13072,1960,9,4,1297
13073,1959,6,1,246
13074,1938,6,1,249
13075,1991,15,1,625
13076,1938,6,1,242
13077,1938,6,1,175
13078,1930,3,3,147
13079,1980,18,1,777
13080,1930,9,1,328
13081,1993,12,1,371
13082,1990,15,1,565
13083,1930,9,1,198
13084,1930,6,1,185
13085,1930,15,1,668
13086,2020,15,1,2336
13087,1955,12,3,5891
13088,1965,3,3,18
13089,1991,21,4,6348
13090,1965,9,4,5870
13091,2008,9,4,14168
13092,2020,12,1,631
13093,2018,12,1,499
13094,2009,12,1,347
13095,2002,9,1,479
13096,1930,6,1,262
13097,1940,6,1,245
13098,1940,6,1,128
13099,1997,9,1,288
13100,2014,12,1,336
13101,2000,9,1,196
13102,1998,9,1,673
13103,1999,9,1,204
13104,1998,12,1,320
13105,1997,9,1,208
13106,1999,12,1,373
13107,1997,9,1,280
13108,2004,12,1,302
13109,1999,9,1,235
13110,2004,12,1,280
13111,2001,12,1,1697
13112,2006,12,1,1778
13113,2019,21,1,8046
13114,2007,33,1,8129
13115,2008,24,1,6600
13116,2008,21,1,9828
13117,2008,21,1,7558
13118,2006,21,1,5799
13119,2006,21,1,7400
13120,1935,6,1,124
13121,2020,9,1,446
13122,1925,6,1,158
13123,1925,9,1,211
13124,1925,6,1,196
13125,1989,9,1,180
13126,1925,6,1,135
13127,1930,6,1,296
13128,1925,6,1,198
13129,1930,12,1,358
13130,1957,6,1,198
13131,1930,12,1,303
13132,1978,18,1,1271
13133,1963,3,3,456
13134,1950,6,1,204
13135,1996,9,1,238
13136,1900,9,1,189
13137,1989,6,3,360
13138,1998,9,1,201
13139,1931,3,1,78
13140,1996,12,1,195
13141,1970,15,1,506
13142,1954,6,1,108
13143,1930,6,1,161
13144,1930,3,1,107
13145,1925,6,1,129
13146,1998,15,1,4920
13147,1955,3,3,242
13148,1970,3,3,48
13149,1960,9,1,135
13150,1950,12,1,276
13151,1958,12,1,154
13152,1955,9,1,222
13153,2024,15,1,1349
13154,2021,9,1,214
13155,1965,6,1,147
13156,1930,6,1,114
13157,1929,9,1,192
13158,1991,6,1,121
13159,1945,6,3,2023
13160,1900,6,3,1030
13161,2006,15,1,1023
13162,2006,15,1,2120
13163,1900,3,3,533
13164,1900,6,3,1994
13165,1900,6,3,2510
13166,2000,0,N,0
13167,1991,9,1,5342
13168,1910,6,1,114
13169,1920,6,1,114
13170,1920,6,1,102
13171,1920,6,1,102
13172,1910,6,1,102
13173,1920,6,1,114
13174,1968,12,1,269
13175,1945,9,1,251
13176,1940,6,1,187
13177,1910,6,1,154
13178,1910,6,1,169
13179,1910,6,1,164
13180,1880,9,1,269
13181,1945,6,1,106
13182,1940,6,1,109
13183,1991,6,1,147
13184,1940,6,1,122
13185,1940,6,1,135
13186,1920,9,1,208
13187,1930,6,1,135
13188,1920,6,1,166
13189,1930,6,1,267
13190,1920,6,1,82
13191,1920,6,1,100
13192,2020,12,1,249
13193,2020,12,1,255
13194,2020,12,1,253
13195,1993,12,1,815
13196,1930,9,1,367
13197,1930,9,1,297
13198,1930,9,1,153
13199,1930,6,1,147
13200,1930,6,1,147
13201,1930,12,4,2602
13202,1930,6,1,170
13203,1930,6,1,175
13204,1940,12,1,642
13205,1940,15,1,470
13206,1940,12,1,583
13207,1903,9,1,224
13208,1973,18,1,989
13209,1940,9,1,278
13210,1920,6,1,173
13211,1940,9,1,192
13212,1940,9,1,264
13213,1921,9,1,172
13214,1943,9,1,173
13215,1940,9,1,214
13216,1900,6,1,107
13217,1990,12,1,281
13218,1910,9,1,245
13219,1910,6,1,132
13220,1910,6,4,322
13221,1910,9,1,453
13222,1910,6,1,330
13223,1939,6,1,740
13224,1910,6,1,148
13225,1938,3,1,107
13226,1980,3,3,578
13227,2008,15,1,1384
13228,1970,15,1,622
13229,1921,9,1,256
13230,1932,6,1,98
13231,1955,9,1,309
13232,1900,15,3,5896
13233,1935,9,1,244
13234,1950,9,1,246
13235,1920,6,4,192
13236,2012,9,1,211
13237,1900,6,1,257
13238,1946,9,4,203
13239,1950,9,4,592
13240,1970,9,1,450
13241,1900,6,1,132
13242,1930,9,1,188
13243,1930,15,4,405
13244,1940,6,1,207
13245,1945,9,1,288
13246,1955,9,1,366
13247,1889,6,1,141
13248,1960,6,1,187
13249,1960,9,1,575
13250,1930,9,1,759
13251,1937,6,1,201
13252,1925,9,1,471
13253,1955,9,1,209
13254,1906,12,1,795
13255,2022,9,1,216
13256,2022,9,1,211
13257,1900,9,1,476
13258,1900,12,1,460
13259,1950,9,1,262
13260,1900,6,1,194
13261,1940,6,1,279
13262,1900,6,1,153
13263,1900,9,1,228
13264,2008,12,1,2161
13265,2009,6,3,50
13266,2009,21,1,7705
13267,2008,21,1,7267
13268,2008,21,1,3708
13269,2011,12,1,3009
13270,2010,12,1,1556
13271,2005,15,1,8931
13272,2007,24,4,5952
13273,2006,21,1,7060
13274,1900,6,4,2147
13275,2006,15,1,13439
13276,2007,27,1,7514
13277,2004,18,1,9415
13278,2005,18,1,7148
13279,1900,9,4,4117
13280,1900,9,4,504
13281,1900,9,4,2280
13282,2003,24,1,8273
13283,2004,30,1,12417
13284,1900,15,1,984
13285,1900,9,1,241
13286,1936,12,1,476
13287,1936,12,1,371
13288,1960,18,1,1031
13289,1936,9,1,282
13290,1927,12,1,306
13291,1900,6,1,295
13292,1996,9,1,184
13293,1980,9,1,178
13294,2004,3,1,170
13295,1957,3,4,349
13296,1992,12,1,2187
13297,1905,9,1,360
13298,1931,6,1,148
13299,1930,9,1,248
13300,2003,9,1,312
13301,2000,12,1,311
13302,1930,12,1,396
13303,1930,9,1,400
13304,2011,12,1,305
13305,2001,12,1,350
13306,1900,9,1,290
13307,1992,12,1,2846
13308,1993,12,4,1757
13309,1947,15,1,631
13310,2001,12,1,603
13311,1955,12,1,1109
13312,1890,9,1,459
13313,1900,9,1,678
13314,1900,6,1,180
13315,1900,6,1,311
13316,1980,18,1,1703
13317,1896,9,1,267
13318,1979,18,1,3221
13319,1998,9,1,728
13320,1936,15,1,793
13321,1950,3,3,64
13322,1997,15,1,511
13323,2000,15,1,2456
13324,1900,9,1,723
13325,2007,9,1,1332
13326,2014,12,1,227
13327,1990,9,1,362
13328,1990,3,1,25
13329,1942,12,1,900
13330,1942,12,1,353
13331,1942,6,1,292
13332,1918,9,1,441
13333,1991,9,1,1626
13334,1942,12,1,461
13335,1942,6,1,369
13336,1910,9,1,347
13337,2005,9,1,344
13338,1942,15,4,1639
13339,1997,12,1,1384
13340,2004,9,1,231
13341,1992,12,1,246
13342,2000,6,1,471
13343,2000,9,1,203
13344,2000,9,1,181
13345,2020,12,4,2686
13346,2020,18,1,1354
13347,1989,6,1,200
13348,1890,12,1,157
13349,1940,12,1,235
13350,1939,12,1,263
13351,1939,9,1,141
13352,1939,9,1,183
13353,1939,9,1,230
13354,1940,6,1,270
13355,1911,6,1,370
13356,1940,12,1,241
13357,1940,9,1,259
13358,1940,6,1,174
13359,2014,12,1,222
13360,1939,12,1,247
13361,1935,6,1,109
13362,1939,6,1,132
13363,1932,9,1,186
13364,1970,18,1,566
13365,1935,6,1,187
13366,1939,12,1,212
13367,1939,12,1,211
13368,1939,9,1,384
13369,1939,6,1,241
13370,2009,12,1,1198
13371,1929,9,4,1680
13372,1951,6,1,193
13373,1921,6,1,266
13374,1920,12,1,240
13375,1931,6,1,121
13376,1900,9,4,635
13377,1929,6,3,984
13378,1922,9,1,612
13379,1931,6,1,120
13380,1910,12,1,183
13381,1910,6,1,86
13382,1900,9,1,81
13383,1880,9,1,337
13384,1950,15,1,557
13385,1964,12,1,333
13386,1963,15,1,591
13387,1940,9,1,507
13388,1880,12,1,412
13389,1910,12,1,383
13390,1910,9,1,371
13391,1940,12,1,292
13392,1994,12,4,303
13393,1880,12,1,242
13394,1890,9,1,173
13395,1890,9,1,175
13396,1970,9,1,239
13397,1890,6,1,118
13398,1920,9,1,195
13399,1989,9,1,124
13400,1963,9,1,188
13401,1920,9,1,333
13402,1920,6,4,120
13403,1930,9,1,106
13404,1930,6,1,95
13405,1920,9,4,324
13406,1979,18,1,3104
13407,1900,9,1,258
13408,1938,9,1,165
13409,1984,9,1,238
13410,1945,9,1,218
13411,1940,6,1,126
13412,1933,9,1,265
13413,1929,9,1,510
13414,1938,9,1,172
13415,1990,9,1,136
13416,2007,9,1,153
13417,2004,3,3,35
13418,1900,9,1,711
13419,2016,9,1,1292
13420,1967,21,1,1231
13421,1916,9,1,219
13422,1948,9,1,261
13423,1900,9,4,337
13424,2021,6,1,240
13425,1917,3,1,103
13426,1970,18,1,2192
13427,1968,18,1,531
13428,1988,12,1,308
13429,2005,12,1,2094
13430,1990,6,1,716
13431,1880,12,1,124
13432,1902,9,1,727
13433,1880,12,1,1281
13434,1963,21,1,2118
13435,1978,9,1,322
13436,1990,21,1,1813
13437,1976,9,1,261
13438,1979,3,4,262
13439,1978,15,1,669
13440,1939,6,1,237
13441,1967,27,1,2460
13442,1967,27,1,2755
13443,1988,6,1,188
13444,1880,9,1,124
13445,1997,9,1,274
13446,1900,6,4,953
13447,1900,9,1,274
13448,1966,21,1,1601
13449,1900,12,1,200
13450,1900,12,1,328
13451,1900,9,1,175
13452,1940,12,1,621
13453,1920,12,1,362
13454,1969,21,1,2399
13455,1970,21,1,1104
13456,1968,24,1,2369
13457,1900,12,1,304
13458,1900,9,4,316
13459,1930,12,1,288
13460,1900,12,1,407
13461,1900,9,4,741
13462,2003,9,1,156
13463,1900,9,1,206
13464,1930,9,1,198
13465,2002,12,1,1103
13466,1980,24,4,2707
13467,1890,6,1,151
13468,1900,9,1,235
13469,1880,9,1,286
13470,1892,12,1,901
13471,2006,9,1,978
13472,1970,15,1,836
13473,2008,12,1,354
13474,1900,6,1,196
13475,1900,6,1,143
13476,1900,6,1,185
13477,1890,6,1,137
13478,1900,6,1,182
13479,1975,15,4,406
13480,1980,6,4,309
13481,1988,9,1,286
13482,1962,15,1,690
13483,1900,6,1,239
13484,1900,9,1,376
13485,1960,18,1,622
13486,1890,9,3,191
13487,1988,9,1,287
13488,2010,9,1,2156
13489,2012,12,1,509
13490,1972,42,1,5415
13491,1969,39,1,2858
13492,1973,42,1,2792
13493,1898,12,4,1789
13494,1880,9,1,569
13495,1891,9,1,198
13496,1880,9,1,195
13497,1986,18,1,761
13498,1978,15,1,1157
13499,1971,3,3,25
13500,2000,6,N,0
13501,1930,12,1,528
13502,1900,6,1,268
13503,1996,12,1,3853
13504,1976,18,1,2209
13505,1970,24,1,2389
13506,1887,9,1,222
13507,1890,9,1,198
13508,1900,9,1,200
13509,1900,12,1,249
13510,1900,12,1,295
13511,1900,9,1,222
13512,1900,9,1,234
13513,1988,9,1,210
13514,1940,9,4,633
13515,1905,9,4,646
13516,1930,6,1,290
13517,1932,9,1,309
13518,1905,6,1,191
13519,1905,6,1,249
13520,1988,9,1,210
13521,1988,9,1,210
13522,1988,9,1,193
13523,2000,6,1,311
13524,2001,12,1,976
13525,1905,9,1,433
13526,1965,21,1,3502
13527,1990,6,1,209
13528,1900,9,1,318
13529,1936,12,1,269
13530,1880,9,1,185
13531,1983,9,1,417
13532,2005,15,1,1172
13533,1997,12,4,2142
13534,1936,3,3,595
13535,1936,9,1,643
13536,1990,6,1,209
13537,1990,6,1,209
13538,1990,6,1,209
13539,1990,6,1,209
13540,1988,9,1,399
13541,1936,12,3,293
13542,1915,9,1,197
13543,1991,12,1,392
13544,1991,9,1,224
13545,1914,6,1,152
13546,2013,12,1,308
13547,1885,6,1,148
13548,1936,6,1,202
13549,1954,6,1,161
13550,1936,9,1,201
13551,1936,6,1,150
13552,1898,6,1,162
13553,1886,6,1,211
13554,1936,6,1,166
13555,1931,6,1,155
13556,1919,9,1,261
13557,1999,18,1,5953
13558,1963,15,4,2944
13559,2002,15,1,1620
13560,1917,6,1,146
13561,1900,6,1,139
13562,1900,6,1,169
13563,1908,6,1,174
13564,1936,6,1,218
13565,1910,9,1,150
13566,1900,6,1,130
13567,1919,3,3,1389
13568,1919,12,1,635
13569,1936,6,1,157
13570,1936,9,1,222
13571,1900,6,1,125
13572,1900,9,1,208
13573,1936,12,1,268
13574,1936,9,1,308
13575,1991,9,1,347
13576,2004,15,1,1810
13577,2007,15,1,4274
13578,1900,9,1,278
13579,1900,9,1,364
13580,1900,6,1,188
13581,1900,6,1,210
13582,1900,15,1,450
13583,1966,12,1,391
13584,1900,6,1,205
13585,1900,12,1,292
13586,1910,9,1,230
13587,1900,6,1,209
13588,1900,6,1,196
13589,2001,9,1,222
13590,1880,6,1,152
13591,1900,9,1,197
13592,1900,9,1,206
13593,1930,6,1,481
13594,1992,12,1,1027
13595,1901,9,1,189
13596,1997,9,1,150
13597,1915,6,1,135
13598,1900,9,1,232
13599,1900,9,1,171
13600,1900,9,1,151
13601,1900,9,1,157
13602,1900,6,1,146
13603,1900,9,1,144
13604,2009,18,1,1365
13605,1998,18,1,9300
13606,2002,15,1,722
13607,1950,9,1,247
13608,1955,9,1,193
13609,1940,3,1,137
13610,1945,6,1,192
13611,1921,3,1,123
13612,1940,3,1,111
13613,1945,3,1,97
13614,1945,9,1,295
13615,1960,24,1,739
13616,1935,15,1,253
13617,1990,9,1,177
13618,1950,9,1,161
13619,1920,3,1,135
13620,1985,9,1,222
13621,2001,15,1,1023
13622,2004,15,1,4176
13623,2009,3,4,1083
13624,2018,15,1,1002
13625,1985,21,1,1971
13626,1930,6,3,918
13627,1970,18,1,996
13628,1930,3,1,101
13629,1930,6,1,338
13630,1930,12,1,662
13631,1935,9,1,237
13632,1960,9,1,222
13633,1930,6,1,138
13634,1985,9,1,310
13635,1936,9,1,292
13636,1930,3,1,80
13637,1930,12,3,694
13638,1987,18,1,3211
13639,1986,18,1,3961
13640,2003,24,1,6331
13641,2021,6,1,142
13642,1930,6,1,140
13643,1970,9,1,235
13644,1998,15,1,583
13645,2001,9,1,324
13646,2001,9,1,309
13647,1930,3,1,104
13648,2000,15,1,3126
13649,1960,6,1,237
13650,2003,12,1,252
13651,2006,15,1,1452
13652,2003,15,1,365
13653,2003,15,1,373
13654,1930,9,1,181
13655,2022,9,1,211
13656,2022,9,1,392
13657,2024,15,1,403
13658,1930,6,4,418
13659,1935,9,1,367
13660,1935,9,1,323
13661,1930,12,1,772
13662,1950,9,1,533
13663,1935,9,1,264
13664,1930,6,1,224
13665,1997,15,1,243
13666,1972,12,4,296
13667,1930,3,3,86
13668,1950,9,1,213
13669,1978,15,1,527
13670,1935,12,1,247
13671,1930,6,1,74
13672,1935,6,1,366
13673,1930,9,1,235
13674,1930,6,1,207
13675,1930,6,1,332
13676,1958,12,1,370
13677,1930,6,1,186
13678,1975,21,1,1440
13679,1930,6,1,127
13680,1935,6,1,218
13681,1930,9,1,175
13682,1969,9,1,829
13683,1975,21,1,2207
13684,1973,21,1,2444
13685,1935,6,1,344
13686,2001,15,1,1285
13687,1930,9,3,104
13688,2006,15,1,858
13689,1955,12,1,774
13690,1933,6,1,208
13691,1970,12,1,151
13692,1933,6,1,200
13693,2016,9,1,211
13694,1930,3,1,115
13695,1933,6,1,186
13696,1965,15,1,473
13697,1933,3,1,164
13698,1933,9,1,306
13699,1933,6,1,174
13700,1975,21,1,1223
13701,1943,9,1,148
13702,1929,9,1,392
13703,1952,12,1,1221
13704,1950,9,1,387
13705,1933,12,1,301
13706,1933,12,1,362
13707,1933,6,1,261
13708,1932,3,1,138
13709,2001,15,1,1542
13710,1960,12,4,6872
13711,1970,3,3,12
13712,1945,6,3,2739
13713,1945,9,1,350
13714,1945,9,1,299
13715,1936,3,1,106
13716,1930,6,1,246
13717,1930,9,1,223
13718,1930,12,1,327
13719,1930,9,1,114
13720,1930,6,1,173
13721,1979,21,1,1866
13722,1980,21,1,2559
13723,1982,15,1,872
13724,1982,15,1,1145
13725,1982,3,1,531
13726,2000,15,1,1396
13727,2021,6,1,154
13728,2020,9,1,205
13729,2022,9,1,224
13730,1996,12,1,944
13731,1930,6,1,155
13732,1955,3,1,94
13733,1957,3,1,102
13734,1991,9,1,418
13735,1930,9,1,250
13736,1930,6,1,152
13737,2013,6,1,412
13738,1930,6,1,325
13739,1990,9,1,217
13740,1993,15,1,2781
13741,1994,18,1,1759
13742,1992,15,1,3371
13743,1993,15,1,3182
13744,1994,18,1,3265
13745,1995,18,1,4228
13746,1998,18,1,1109
13747,1995,6,1,421
13748,2002,15,1,1138
13749,2022,9,1,251
13750,2019,9,1,258
13751,2020,9,1,206
13752,1950,12,1,788
13753,2000,27,1,2913
13754,2001,15,1,4196
13755,1940,6,1,270
13756,1940,6,1,98
13757,2014,9,1,264
13758,1940,9,3,245
13759,1943,9,1,229
13760,1945,9,1,293
13761,2001,12,1,203
13762,1950,3,1,147
13763,1996,12,1,180
13764,1999,12,1,237
13765,1999,12,1,237
13766,2006,12,1,283
13767,2006,6,1,152
13768,2010,12,1,2290
13769,2007,12,1,832
13770,2011,12,1,3476
13771,1999,15,1,4792
13772,1995,21,1,3947
13773,1994,27,1,10109
13774,1996,21,1,8473
13775,2004,12,1,292
13776,2001,12,1,268
13777,1999,12,1,270
13778,1970,12,1,2157
13779,2003,12,1,255
13780,1996,12,1,266
13781,2012,12,1,245
13782,2000,12,1,273
13783,1998,12,1,265
13784,1998,12,1,289
13785,1996,9,1,367
13786,2020,12,1,265
13787,2000,12,1,320
13788,1996,12,1,266
13789,2002,12,1,450
13790,1996,24,1,13340
13791,2024,33,1,18964
13792,2007,33,1,13447
13793,2006,33,1,6798
13794,2006,33,1,13017
13795,2000,3,3,249
13796,1990,6,3,1092
13797,1939,3,3,345
13798,1990,6,3,805
13799,1965,3,3,359
13800,1950,3,3,140
13801,1965,6,3,4407
13802,2008,6,3,4168
13803,1940,9,3,4601
13804,1979,6,3,1013
13805,1993,6,3,492
13806,1993,6,3,450
13807,1993,6,3,327
13808,1993,6,4,301
13809,1993,6,3,503
13810,1993,3,3,25
13811,1980,3,3,18
13812,1994,9,4,9228
13813,1979,3,3,302
13814,1979,6,3,485
13815,1950,12,3,4092
13816,1950,6,3,33
13817,1988,6,3,1472
13818,1950,3,3,1126
13819,1950,3,1,300
13820,1988,6,3,717
13821,1988,6,3,511
13822,1988,6,3,582
13823,1994,6,3,825
13824,2007,15,1,4812
13825,2007,15,1,1305
13826,1950,6,3,3550
13827,1998,9,4,463
13828,2021,9,4,1245
13829,1993,6,3,1158
13830,1950,3,3,169
13831,1987,3,3,232
13832,1993,6,3,2056
13833,1967,12,3,4829
13834,1960,3,3,378
13835,1960,3,3,19
13836,1950,9,1,335
13837,1950,6,1,149
13838,1953,6,1,196
13839,2020,6,1,228
13840,2008,12,1,1154
13841,1999,6,1,174
13842,1940,6,1,478
13843,1988,3,4,1000
13844,1960,3,3,870
13845,1960,6,3,1332
13846,1960,3,3,440
13847,1960,3,3,805
13848,2003,12,1,2174
13849,1915,6,1,177
13850,1913,6,1,144
13851,1913,9,1,221
13852,1890,6,1,186
13853,1913,9,1,222
13854,1912,9,1,159
13855,1913,9,1,193
13856,1910,9,1,258
13857,1910,6,1,229
13858,1907,6,1,225
13859,1913,9,1,216
13860,1913,9,1,294
13861,1900,9,1,208
13862,1900,6,1,190
13863,1900,6,1,229
13864,1900,6,1,133
13865,1900,3,1,23
13866,1900,3,3,157
13867,1910,9,1,245
13868,1920,3,3,446
13869,2006,21,1,12251
13870,1900,6,1,141
13871,1920,6,1,178
13872,1920,6,1,225
13873,1910,9,1,265
13874,1912,9,1,323
13875,1913,9,1,152
13876,1940,12,3,3554
13877,2002,15,1,14299
13878,1981,15,1,1060
13879,1950,9,1,273
13880,2015,9,1,208
13881,1953,6,1,202
13882,1930,9,1,159
13883,1896,6,1,171
13884,1950,6,1,158
13885,1950,6,1,152
13886,2006,9,1,211
13887,1900,6,1,137
13888,1960,9,1,267
13889,1972,9,1,331
13890,1958,9,1,257
13891,1890,9,1,290
13892,1880,6,1,198
13893,1940,9,1,303
13894,1890,9,1,231
13895,1880,12,1,384
13896,1890,9,1,223
13897,1890,6,1,243
13898,1950,9,1,205
13899,1890,6,1,124
13900,2001,6,1,155
13901,1978,18,1,1005
13902,1965,12,1,604
13903,2002,15,1,653
13904,1987,12,1,161
13905,1987,12,1,158
13906,1987,12,1,161
13907,1987,12,1,151
13908,1987,12,1,161
13909,1993,18,1,3019
13910,1986,6,1,90
13911,1986,6,1,124
13912,1986,6,1,90
13913,1986,9,1,170
13914,1986,6,1,90
13915,1986,6,1,90
13916,1986,6,1,90
13917,1986,9,1,150
13918,1986,6,1,90
13919,1986,6,1,90
13920,1986,6,1,112
13921,1986,6,1,90
13922,1986,6,1,90
13923,1986,6,1,122
13924,1994,6,1,327
13925,1995,6,4,159
13926,2001,12,1,385
13927,2000,15,1,1093
13928,1932,15,1,519
13929,1885,15,1,607
13930,1917,18,4,3934
13931,1999,12,1,485
13932,1986,15,1,390
13933,1997,15,1,1195
13934,1900,12,4,648
13935,1941,15,1,953
13936,1900,9,1,348
13937,1933,12,1,436
13938,1941,12,4,1485
13939,1973,30,1,2947
13940,1949,9,1,682
13941,1951,9,1,271
13942,1941,15,1,1385
13943,1941,9,4,909
13944,1951,12,1,1056
13945,1949,12,1,1543
13946,1943,12,1,512
13947,1950,12,1,886
13948,1973,30,1,5504
13949,1931,9,1,234
13950,1931,9,1,197
13951,1941,9,1,189
13952,1947,9,1,601
13953,1943,9,1,215
13954,1942,12,1,464
13955,1951,9,1,303
13956,1941,12,1,330
13957,1908,6,1,162
13958,1950,6,3,96
13959,2011,9,1,167
13960,1908,9,1,178
13961,2000,15,1,4366
13962,2000,9,1,492
13963,1947,12,1,389
13964,1947,12,1,333
13965,1923,12,1,433
13966,1923,9,3,255
13967,1923,9,1,293
13968,1923,12,4,213
13969,1923,9,1,260
13970,1923,12,1,1096
13971,1972,15,1,679
13972,1923,6,1,263
13973,1928,12,1,524
13974,1928,12,4,538
13975,2007,12,1,456
13976,1928,9,1,713
13977,2000,12,1,717
13978,1928,6,1,143
13979,1928,6,4,280
13980,1923,6,3,202
13981,1923,12,1,537
13982,1923,12,1,256
13983,2005,6,1,128
13984,1900,6,1,110
13985,1900,3,3,1225
13986,1900,6,1,120
13987,1900,6,1,118
13988,1900,9,1,140
13989,1900,6,1,150
13990,1900,6,1,128
13991,1900,6,1,124
13992,1900,6,1,113
13993,1900,6,1,107
13994,1900,6,1,109
13995,1926,9,1,173
13996,1958,15,1,1254
13997,1988,6,1,245
13998,1940,6,4,1512
13999,2002,9,1,1244
14000,1890,9,1,240
14001,1900,9,1,240
14002,1900,9,1,175
14003,1900,9,1,162
14004,1900,9,1,183
14005,1900,9,1,153
14006,1900,9,1,153
14007,1900,9,1,169
14008,1900,9,1,308
14009,1914,9,1,356
14010,1936,9,1,653
14011,1936,12,1,626
14012,1936,15,1,763
14013,1936,15,1,571
14014,1964,33,1,4542
14015,1980,24,1,7284
14016,1963,18,1,1717
14017,1936,9,4,365
14018,1988,12,1,565
14019,1900,6,1,115
14020,1900,6,1,117
14021,1900,9,1,192
14022,1900,6,1,133
14023,1900,6,1,125
14024,1900,6,1,134
14025,1906,6,1,128
14026,1993,6,1,149
14027,1900,6,1,137
14028,1900,6,1,116
14029,2000,9,1,136
14030,1900,6,1,118
14031,1900,6,1,113
14032,1900,6,1,111
14033,1900,6,1,135
14034,1900,6,1,131
14035,1900,6,1,135
14036,1988,6,1,221
14037,1988,6,1,220
14038,1988,6,1,220
14039,2002,15,1,2699
14040,2010,9,1,194
14041,1889,12,1,592
14042,1915,15,1,740
14043,1960,9,1,298
14044,2004,12,1,306
14045,1937,9,1,228
14046,1880,9,1,170
14047,1970,9,1,237
14048,1970,9,1,376
14049,1890,6,1,194
14050,1928,9,1,261
14051,1995,9,1,864
14052,1918,6,1,257
14053,1960,12,1,372
14054,1945,6,1,134
14055,1895,9,1,295
14056,1945,9,4,208
14057,1880,6,1,246
14058,1900,12,1,264
14059,1916,9,1,253
14060,1880,9,1,404
14061,1880,6,1,243
14062,1892,9,1,217
14063,2007,9,1,533
14064,1918,9,1,188
14065,1950,12,1,329
14066,1928,9,1,227
14067,1892,9,1,275
14068,1914,6,1,203
14069,1918,9,1,192
14070,2023,9,1,185
14071,1921,9,1,183
14072,1996,9,1,227
14073,1996,12,1,936
14074,1925,12,1,347
14075,1893,9,1,212
14076,2009,6,1,300
14077,1910,9,1,269
14078,1900,6,1,151
14079,1994,9,1,589
14080,1990,6,4,120
14081,1880,6,1,149
14082,1925,12,1,335
14083,1910,6,1,175
14084,1910,9,1,278
14085,1910,6,1,128
14086,1915,12,1,344
14087,1910,9,1,242
14088,1998,9,1,150
14089,1910,9,1,203
14090,1912,9,1,220
14091,1905,9,1,225
14092,1905,9,1,230
14093,1880,9,1,3074
14094,1910,9,1,249
14095,1910,9,1,174
14096,1910,9,1,239
14097,1910,6,4,228
14098,1880,6,1,180
14099,1900,9,1,213
14100,1900,6,1,194
14101,1910,9,1,226
14102,1910,9,1,279
14103,1910,6,1,272
14104,1900,9,1,327
14105,1880,6,1,167
14106,1880,6,1,213
14107,2009,9,1,167
14108,1885,6,1,132
14109,1918,9,4,393
14110,1943,15,1,361
14111,1945,6,1,292
14112,1916,9,1,215
14113,1880,9,4,434
14114,1881,9,1,316
14115,1918,9,1,329
14116,1975,18,1,1197
14117,1939,15,1,949
14118,1915,15,1,557
14119,1900,9,1,328
14120,1953,9,1,393
14121,1953,18,1,485
14122,2004,12,1,270
14123,1963,18,1,690
14124,1993,15,1,1654
14125,1972,24,1,1797
14126,1962,9,4,335
14127,1962,15,1,579
14128,1963,15,1,665
14129,1971,12,1,889
14130,1885,9,1,185
14131,1956,15,1,268
14132,1947,6,1,194
14133,2008,9,1,131
14134,1885,9,1,178
14135,1945,9,1,165
14136,1898,9,1,127
14137,1880,9,1,104
14138,1900,9,1,161
14139,1910,6,1,114
14140,1900,6,1,110
14141,1984,9,1,193
14142,1984,9,1,193
14143,1984,9,1,193
14144,1900,6,1,106
14145,1900,6,1,112
14146,1900,9,1,211
14147,2021,9,1,180
14148,1900,6,1,173
14149,1900,9,1,205
14150,1880,6,1,185
14151,1900,9,1,275
14152,1985,9,1,205
14153,1880,6,1,164
14154,1880,6,1,140
14155,1957,3,1,85
14156,1880,6,1,275
14157,1986,6,1,170
14158,1930,9,1,558
14159,1942,12,1,951
14160,1880,6,1,197
14161,1900,6,1,220
14162,1985,9,1,147
14163,1880,9,1,180
14164,1890,6,1,148
14165,1900,6,1,202
14166,1900,6,1,133
14167,1900,6,1,127
14168,1900,6,1,167
14169,1900,6,1,158
14170,1900,6,1,133
14171,1900,9,1,142
14172,1900,6,1,135
14173,1900,9,1,110
14174,1880,6,1,109
14175,1880,9,1,160
14176,1900,6,1,110
14177,1880,9,1,109
14178,1900,9,1,147
14179,1910,9,1,162
14180,1900,9,1,142
14181,1900,6,1,104
14182,1880,6,1,165
14183,1900,6,1,157
14184,1900,6,1,145
14185,1880,6,1,154
14186,1986,6,1,169
14187,1986,6,1,176
14188,1900,6,1,59
14189,1880,6,3,978
14190,1910,9,1,225
14191,1890,9,1,345
14192,1890,6,3,1021
14193,1897,6,1,124
14194,1915,6,1,151
14195,1930,9,1,185
14196,1913,6,1,154
14197,1880,9,1,296
14198,1880,6,1,288
14199,1880,9,1,243
14200,2000,9,1,251
14201,1880,6,1,252
14202,1999,6,1,186
14203,1880,6,1,361
14204,1880,9,1,282
14205,1900,6,1,452
14206,1932,9,1,272
14207,1993,9,1,218
14208,1936,6,1,167
14209,1900,6,1,262
14210,1880,9,1,376
14211,1932,6,1,118
14212,1987,6,1,138
14213,1900,6,1,138
14214,1900,9,1,125
14215,1940,9,1,210
14216,1939,12,1,339
14217,1920,6,1,149
14218,1890,9,1,250
14219,2005,9,1,284
14220,1936,9,1,269
14221,1940,12,1,251
14222,1936,12,1,242
14223,1900,6,1,166
14224,1880,12,1,294
14225,1964,6,1,273
14226,1998,6,1,227
14227,1900,9,1,274
14228,1900,6,1,279
14229,1880,6,1,252
14230,1927,12,1,379
14231,1898,15,1,509
14232,1965,24,1,2068
14233,1965,18,4,710
14234,1895,15,1,427
14235,1967,15,1,350
14236,1900,12,1,262
14237,1939,12,1,297
14238,1900,6,1,157
14239,1880,9,4,238
14240,1900,9,1,268
14241,1900,9,1,157
14242,1900,6,1,117
14243,2009,15,1,1830
14244,2009,9,1,898
14245,2011,9,1,1101
14246,1996,18,1,4500
14247,1982,15,1,1270
14248,1900,12,1,575
14249,1900,9,1,406
14250,1900,9,1,498
14251,1950,15,1,1831
14252,1900,9,1,204
14253,1936,12,1,196
14254,1985,6,1,244
14255,1985,6,1,170
14256,1985,6,1,170
14257,1985,6,1,170
14258,1985,6,1,170
14259,1985,6,1,180
14260,1985,6,1,173
14261,1985,6,1,177
14262,1985,6,1,175
14263,1989,12,1,1660
14264,1987,3,1,45
14265,1987,3,1,52
14266,1987,3,1,50
14267,2007,9,1,897
14268,1995,18,1,3949
14269,1900,9,1,618
14270,1900,6,1,172
14271,1900,6,1,151
14272,1900,6,1,265
14273,1943,12,4,408
14274,2002,15,1,7550
14275,2005,15,1,1261
14276,2008,18,1,1817
14277,2001,33,1,12485
14278,2002,33,1,10648
14279,1943,6,1,209
14280,1950,6,1,211
14281,1962,6,1,202
14282,1931,3,1,95
14283,1961,6,1,173
14284,1957,6,1,175
14285,1949,9,1,231
14286,2015,9,1,234
14287,1971,9,1,264
14288,1922,6,1,105
14289,1987,9,1,545
14290,1937,6,1,115
14291,1920,6,1,285
14292,1912,6,1,165
14293,1905,9,1,265
14294,1900,3,1,105
14295,1910,3,1,87
14296,1917,9,1,216
14297,1917,9,1,231
14298,1910,6,1,216
14299,1958,12,1,297
14300,1910,6,1,204
14301,1910,6,1,288
14302,1998,9,1,344
14303,1954,6,1,108
14304,1912,6,1,210
14305,1921,9,1,305
14306,1938,6,1,124
14307,1931,3,1,118
14308,1931,9,1,208
14309,1987,12,1,304
14310,2017,15,1,1327
14311,2017,15,1,1238
14312,1941,3,1,115
14313,2023,9,1,198
14314,1946,6,1,266
14315,1941,3,1,128
14316,1963,6,1,156
14317,1944,6,1,312
14318,1951,6,1,285
14319,1935,3,1,127
14320,1929,6,1,171
14321,1990,9,1,257
14322,1941,6,1,114
14323,1949,9,1,572
14324,1915,12,1,470
14325,1931,6,4,465
14326,1962,12,1,633
14327,1946,6,1,150
14328,1946,6,1,169
14329,1935,9,4,297
14330,2003,15,1,2449
14331,1921,9,1,614
14332,2008,24,1,335
14333,1958,9,3,1092
14334,1936,6,1,318
14335,1951,9,1,272
14336,1933,12,1,373
14337,1950,12,1,320
14338,1936,6,1,316
14339,1912,6,1,149
14340,1937,9,1,234
14341,1915,3,1,115
14342,1990,12,1,367
14343,1935,6,1,162
14344,1952,9,1,267
14345,1957,9,1,228
14346,1961,12,1,359
14347,1948,9,3,360
14348,1921,6,1,105
14349,1949,15,1,1897
14350,1949,15,1,1845
14351,1950,6,1,406
14352,1931,9,1,252
14353,1939,6,1,252
14354,1980,6,1,263
14355,1913,3,1,121
14356,1919,3,1,119
14357,1919,6,1,180
14358,1973,21,1,1231
14359,1946,6,1,144
14360,1912,6,1,276
14361,1931,12,1,319
14362,2023,6,1,248
14363,1968,15,1,955
14364,1956,9,1,250
14365,1913,3,1,157
14366,1912,3,1,230
14367,1951,9,3,1021
14368,1992,15,1,554
14369,1950,6,3,1164
14370,2009,6,1,1452
14371,1960,6,4,759
14372,1977,27,1,7323
14373,1980,30,1,3009
14374,1979,21,1,2871
14375,1979,21,1,2869
14376,1978,21,1,3757
14377,1978,21,1,3546
14378,1940,3,1,136
14379,1940,3,3,232
14380,1930,9,1,224
14381,1930,6,1,389
14382,1959,9,1,202
14383,1930,9,1,289
14384,1930,9,1,155
14385,1930,9,1,245
14386,1932,9,1,274
14387,1930,9,1,318
14388,1980,9,1,276
14389,1980,9,1,309
14390,1980,9,1,309
14391,1980,9,1,228
14392,1980,9,1,287
14393,1980,9,1,289
14394,1980,9,1,242
14395,1980,9,1,222
14396,1980,9,1,309
14397,1980,9,1,309
14398,1980,9,1,232
14399,1980,9,1,232
14400,1980,9,1,309
14401,1980,12,1,322
14402,1980,9,1,157
14403,1983,9,1,157
14404,1980,6,1,157
14405,1980,9,1,157
14406,1980,9,1,216
14407,1980,9,1,203
14408,1980,6,1,124
14409,1960,3,3,20
14410,1982,12,1,274
14411,1982,12,1,274
14412,1982,12,1,274
14413,1982,12,1,274
14414,1980,9,1,248
14415,1980,9,1,166
14416,1980,9,1,166
14417,1980,9,1,166
14418,1980,9,1,166
14419,1980,9,1,166
14420,1980,9,1,166
14421,1980,9,1,166
14422,1982,12,1,274
14423,1982,12,1,274
14424,1991,15,1,4876
14425,1970,3,3,22
14426,1989,15,1,852
14427,1990,18,1,1019
14428,1979,21,1,2020
14429,1981,21,1,1288
14430,1978,21,1,1360
14431,1978,21,1,1266
14432,1986,15,1,1217
14433,1975,18,1,1090
14434,1976,21,1,1714
14435,1977,21,1,1108
14436,1989,15,1,1075
14437,1988,15,1,1108
14438,1986,15,1,1046
14439,1988,15,1,1107
14440,1985,3,1,343
14441,1985,15,1,1461
14442,1986,15,1,1459
14443,1996,18,4,6574
14444,1995,27,1,14658
14445,2004,9,1,213
14446,1996,12,1,249
14447,1997,9,1,377
14448,1997,9,1,276
14449,1995,12,1,311
14450,2005,3,1,82
14451,1998,9,1,1836
14452,1998,12,1,909
14453,1999,21,1,8937
14454,1996,15,1,1174
14455,2003,12,1,376
14456,1999,9,1,375
14457,1996,9,1,292
14458,1996,6,1,484
14459,2001,12,1,762
14460,1998,27,1,17510
14461,1975,33,1,3460
14462,1975,33,1,3460
14463,1975,33,1,3460
14464,1975,33,1,3461
14465,1975,45,1,5600
14466,1975,45,1,5600
14467,1975,45,1,5600
14468,1975,45,1,6237
14469,1975,45,1,6237
14470,1975,33,1,3460
14471,1975,33,1,3460
14472,1975,48,1,6477
14473,1975,6,4,4845
14474,1992,3,4,4161
14475,1997,3,3,576
14476,1994,30,1,5271
14477,1992,6,4,3099
14478,1992,6,1,2593
14479,1975,18,1,840
14480,1975,18,1,840
14481,1975,51,1,5910
14482,1975,3,4,186
14483,1975,3,4,423
14484,1970,3,3,43
14485,1975,18,1,3953
14486,1975,18,1,1074
14487,1975,18,1,1729
14488,1975,18,1,840
14489,1975,18,1,840
14490,1975,3,4,148
14491,1975,3,4,148
14492,1975,51,1,5910
14493,1900,3,4,676
14494,1900,3,3,16
14495,1900,3,3,17
14496,2000,3,N,0
14497,1990,3,3,1060
14498,1993,3,3,687
14499,2000,3,N,0
14500,1986,6,3,198
14501,1962,3,3,3554
14502,1992,6,3,6109
14503,2000,6,3,2939
14504,1940,9,3,5378
14505,1987,3,3,447
14506,1960,6,3,30
14507,1940,12,1,544
14508,2014,9,3,471
14509,1964,6,3,2412
14510,1987,3,3,306
14511,1987,3,3,505
14512,1998,6,3,440
14513,1930,6,1,150
14514,1920,6,1,72
14515,1984,12,1,199
14516,1900,6,1,153
14517,1900,6,1,132
14518,1970,21,1,912
14519,1915,6,1,109
14520,1908,6,1,340
14521,1930,12,1,300
14522,1930,6,1,129
14523,1945,6,1,132
14524,1909,9,1,196
14525,1930,6,1,143
14526,1945,12,3,4941
14527,1972,3,3,321
14528,1955,3,3,630
14529,1955,3,3,14
14530,2007,21,1,1350
14531,1920,6,1,146
14532,1895,6,1,186
14533,1995,6,1,212
14534,1928,9,1,283
14535,1931,6,1,159
14536,1994,12,1,308
14537,1930,3,1,83
14538,1905,3,1,116
14539,1930,6,1,133
14540,1925,3,1,90
14541,1933,6,1,212
14542,1996,6,1,175
14543,1930,3,1,113
14544,2010,6,1,163
14545,1931,3,1,69
14546,1931,3,1,86
14547,1950,9,1,1066
14548,1920,6,1,278
14549,1920,9,1,665
14550,2009,18,1,23132
14551,2021,15,1,2099
14552,1930,9,1,257
14553,1930,9,1,202
14554,1930,6,1,127
14555,1930,6,1,125
14556,1930,6,1,133
14557,1930,9,1,171
14558,1930,6,1,140
14559,1930,6,1,185
14560,1930,6,1,142
14561,1930,6,1,155
14562,1930,6,1,137
14563,1930,6,1,176
14564,1930,6,1,166
14565,1930,6,1,367
14566,1930,6,1,270
14567,1930,6,1,274
14568,1944,9,1,472
14569,1930,6,1,114
14570,1930,3,1,62
14571,1930,3,1,97
14572,1930,6,1,191
14573,1930,3,1,98
14574,2021,9,1,216
14575,1930,3,1,105
14576,1950,6,1,218
14577,1940,9,1,266
14578,1945,9,1,266
14579,1986,9,1,215
14580,1950,9,1,271
14581,1930,3,4,130
14582,1929,6,1,210
14583,1940,12,1,334
14584,2002,15,1,2279
14585,2005,15,1,1014
14586,2007,15,1,955
14587,1930,6,3,4269
14588,1930,6,3,908
14589,1930,6,3,1867
14590,1930,6,3,1788
14591,1930,6,3,1791
14592,1930,6,3,1084
14593,1930,9,3,1331
14594,1930,9,3,1069
14595,1930,6,3,354
14596,1930,3,3,1027
14597,1930,3,3,624
14598,1930,3,3,374
14599,1930,6,3,510
14600,1930,6,3,565
14601,1930,6,3,809
14602,1930,6,3,146
14603,1930,6,3,533
14604,1930,6,3,1631
14605,1930,6,3,253
14606,1999,18,1,4374
14607,2003,48,1,51975
14608,1995,15,1,7231
14609,1975,12,1,225
14610,1935,9,1,168
14611,1880,6,1,88
14612,1950,9,1,172
14613,2006,9,1,974
14614,2008,9,1,1348
14615,1999,9,1,845
14616,1950,9,1,277
14617,1950,9,1,398
14618,1975,3,1,323
14619,1980,9,1,183
14620,1950,6,N,294
14621,2000,6,1,247
14622,2007,9,1,547
14623,1905,9,1,237
14624,1907,12,1,406
14625,1910,9,1,264
14626,1955,6,1,132
14627,1970,9,1,238
14628,1950,6,1,98
14629,2016,9,1,182
14630,1960,6,1,198
14631,2006,12,4,4479
14632,2012,21,1,4923
14633,2010,21,1,5563
14634,2010,21,1,1885
14635,2018,9,1,252
14636,1923,9,1,626
14637,1936,18,3,9139
14638,1950,9,3,2882
14639,1910,6,1,110
14640,1910,6,1,100
14641,1931,9,1,219
14642,1917,6,1,164
14643,1910,6,1,158
14644,1910,6,1,311
14645,1890,6,1,294
14646,1900,6,1,178
14647,1926,6,1,240
14648,1900,9,1,207
14649,1900,6,1,142
14650,1901,6,1,171
14651,2016,9,1,260
14652,1958,12,1,340
14653,1900,12,1,371
14654,1964,9,1,394
14655,1940,6,1,171
14656,1950,6,1,183
14657,1910,6,1,188
14658,1905,9,1,276
14659,1900,9,1,189
14660,1903,9,1,291
14661,1930,9,1,200
14662,1890,6,1,144
14663,1935,6,1,191
14664,1924,9,1,101
14665,1930,6,1,216
14666,1880,6,1,226
14667,1920,9,1,273
14668,1900,9,1,278
14669,1900,6,1,216
14670,1950,9,1,244
14671,1900,9,1,284
14672,1920,9,1,275
14673,1964,6,4,133
14674,1898,6,1,142
14675,1967,12,1,392
14676,1965,15,1,373
14677,1942,6,1,267
14678,1989,12,1,523
14679,1890,6,1,165
14680,1880,6,1,161
14681,1900,6,1,239
14682,1990,9,1,183
14683,1880,6,1,112
14684,1905,6,1,159
14685,1910,6,1,139
14686,1980,3,1,47
14687,2001,15,1,1493
14688,1900,6,1,89
14689,1900,6,1,371
14690,2002,3,3,869
14691,2006,15,1,1232
14692,2008,15,1,1928
14693,2024,15,1,1604
14694,1961,18,1,376
14695,1900,12,1,373
14696,1960,6,1,208
14697,1880,6,1,342
14698,1880,6,1,272
14699,1936,9,1,227
14700,1900,9,1,307
14701,1900,9,1,182
14702,1900,6,1,147
14703,1895,6,1,127
14704,1895,9,1,201
14705,1976,15,1,897
14706,1930,6,1,154
14707,1900,9,1,206
14708,1900,6,1,215
14709,1900,12,1,270
14710,1900,9,1,163
14711,1900,9,1,297
14712,1900,9,1,248
14713,1936,9,1,344
14714,1900,9,4,251
14715,1900,6,1,267
14716,1900,6,1,206
14717,2003,9,1,617
14718,1900,9,1,431
14719,1936,9,1,162
14720,1940,6,1,136
14721,1915,6,1,213
14722,1968,15,1,881
14723,2012,9,4,149
14724,1956,9,4,2106
14725,1957,15,1,800
14726,1880,12,1,249
14727,1946,9,1,656
14728,1930,9,1,113
14729,1945,9,1,93
14730,2001,9,1,239
14731,2001,6,1,408
14732,2005,9,1,173
14733,2005,9,1,173
14734,2006,9,1,1458
14735,1900,9,1,197
14736,2023,9,1,169
14737,1950,9,4,846
14738,1885,6,1,170
14739,1990,9,1,649
14740,1940,12,1,980
14741,1880,12,1,380
14742,1880,12,1,607
14743,1992,9,4,534
14744,1992,9,4,494
14745,1880,12,1,1199
14746,1936,15,1,1636
14747,1985,3,1,515
14748,1900,9,1,134
14749,1900,9,1,135
14750,1900,9,1,386
14751,1900,6,1,157
14752,1880,6,1,110
14753,1880,6,1,106
14754,1880,6,1,570
14755,1880,9,1,241
14756,1900,9,1,272
14757,1895,12,1,266
14758,1900,12,1,261
14759,1900,9,1,222
14760,1880,6,1,122
14761,1936,6,1,127
14762,1880,6,1,134
14763,1900,6,1,143
14764,1880,9,1,161
14765,1900,9,1,156
14766,2008,9,1,168
14767,1900,6,1,119
14768,1900,6,1,111
14769,1900,6,1,119
14770,1900,6,1,125
14771,1991,9,1,3168
14772,1926,15,1,342
14773,1900,9,1,258
14774,1900,6,1,139
14775,1900,6,1,148
14776,1900,9,1,282
14777,1900,6,1,259
14778,1890,6,1,204
14779,1885,12,1,217
14780,1900,12,1,162
14781,1900,9,1,146
14782,1900,6,1,102
14783,1962,12,1,329
14784,1900,9,1,140
14785,1890,6,1,134
14786,1890,6,1,157
14787,1905,6,1,241
14788,1892,9,1,162
14789,1905,6,1,108
14790,1900,9,1,138
14791,1900,9,1,138
14792,1880,9,1,147
14793,1900,6,1,110
14794,1936,9,1,187
14795,1950,12,1,303
14796,1970,15,4,3111
14797,1986,6,1,217
14798,1986,6,1,234
14799,2012,6,1,62
14800,1902,9,4,510
14801,1992,6,1,313
14802,2005,9,1,1463
14803,1974,9,1,932
14804,2001,6,1,317
14805,1900,9,1,761
14806,1900,6,1,181
14807,1900,12,1,645
14808,1900,9,1,295
14809,1900,9,1,262
14810,1900,6,1,254
14811,1900,9,4,842
14812,1900,9,4,228
14813,1900,9,4,1171
14814,1900,12,1,543
14815,1900,9,4,478
14816,1909,12,1,998
14817,1920,6,4,5004
14818,1910,15,1,1786
14819,2006,9,1,285
14820,1912,3,3,16
14821,1990,3,N,787
14822,1920,9,1,190
14823,1900,9,1,276
14824,1900,15,1,880
14825,1963,9,1,551
14826,1900,6,1,141
14827,1945,9,1,168
14828,1900,9,1,180
14829,1900,15,1,1115
14830,1900,6,4,2167
14831,1900,6,1,92
14832,1900,6,1,112
14833,1900,6,1,82
14834,1997,6,1,246
14835,1997,6,1,252
14836,2006,9,1,218
14837,1900,12,1,296
14838,1976,9,1,2059
14839,1900,9,1,458
14840,1900,12,1,411
14841,1900,9,1,449
14842,1993,9,1,341
14843,1890,12,1,331
14844,1900,12,1,363
14845,1915,9,1,272
14846,1900,9,1,270
14847,1900,9,1,680
14848,1910,9,1,129
14849,1920,9,4,8142
14850,1900,9,1,250
14851,1989,9,1,252
14852,1989,9,1,245
14853,1989,6,1,246
14854,1976,3,1,368
14855,1900,9,1,199
14856,1994,9,1,3171
14857,2000,9,1,328
14858,2000,9,1,307
14859,2003,9,1,2346
14860,2005,9,1,355
14861,1900,9,1,440
14862,2003,6,1,347
14863,2005,9,1,2079
14864,2020,9,1,210
14865,1936,9,4,92
14866,1880,12,1,330
14867,1900,9,1,234
14868,1890,9,1,192
14869,1916,9,4,310
14870,1940,9,4,891
14871,1962,6,4,428
14872,1936,9,1,497
14873,1936,9,1,204
14874,1910,15,1,498
14875,1936,12,1,313
14876,1900,12,1,344
14877,1890,9,1,267
14878,1936,6,1,146
14879,1936,6,1,138
14880,1936,9,1,1002
14881,1900,18,4,6400
14882,1936,9,1,531
14883,1927,9,1,159
14884,1900,12,1,287
14885,1900,9,4,4528
14886,1962,12,1,127
14887,1900,12,1,123
14888,1900,9,1,144
14889,1990,12,1,176
14890,1905,6,1,205
14891,1880,6,1,130
14892,1990,9,1,378
14893,1900,12,1,240
14894,1920,9,1,236
14895,1936,15,1,748
14896,1990,9,1,189
14897,1900,9,1,124
14898,1954,18,1,378
14899,1965,21,1,2013
14900,1900,9,1,244
14901,1900,9,1,271
14902,1880,12,1,340
14903,1880,12,1,318
14904,1880,9,1,336
14905,1920,9,1,344
14906,1910,12,1,267
14907,1880,12,1,113
14908,2002,9,1,886
14909,1980,15,1,740
14910,1880,6,1,159
14911,1880,9,1,186
14912,1880,6,1,119
14913,1880,9,1,179
14914,1880,9,1,139
14915,1910,6,1,101
14916,1945,9,1,127
14917,1980,15,1,605
14918,1900,3,3,112
14919,1952,6,1,386
14920,1900,6,1,184
14921,1920,12,1,361
14922,1926,12,1,598
14923,1880,12,1,221
14924,1945,9,1,274
14925,1943,9,1,622
14926,1900,9,1,122
14927,2007,9,1,121
14928,1962,6,1,97
14929,1900,6,1,82
14930,1900,6,1,94
14931,1890,9,1,125
14932,1880,6,1,102
14933,1880,6,1,90
14934,1930,6,1,184
14935,1942,9,1,131
14936,1946,6,1,124
14937,1967,12,1,210
14938,1960,6,1,86
14939,1900,6,1,86
14940,1900,6,1,92
14941,1880,9,1,197
14942,1965,9,1,221
14943,1900,12,1,306
14944,1920,6,1,128
14945,1998,9,1,256
14946,1900,12,1,324
14947,1936,6,1,126
14948,1936,6,1,138
14949,1880,9,1,203
14950,1880,9,1,642
14951,1900,9,1,254
14952,1918,15,1,558
14953,1896,9,1,239
14954,1900,9,1,317
14955,1945,12,1,475
14956,1900,12,1,272
14957,1880,9,1,156
14958,1900,9,1,255
14959,1902,9,1,316
14960,1966,12,1,487
14961,1936,12,1,305
14962,1936,12,1,279
14963,1880,12,1,395
14964,1978,21,1,1330
14965,1880,9,4,448
14966,1936,9,1,135
14967,1936,6,1,125
14968,1960,6,1,98
14969,1976,9,1,192
14970,1936,12,1,601
14971,1902,9,1,284
14972,1902,9,1,242
14973,1902,9,1,219
14974,1880,9,1,272
14975,1936,3,1,3
14976,1900,9,1,184
14977,1920,9,3,552
14978,1900,6,1,348
14979,1900,6,1,304
14980,1930,9,1,217
14981,1900,9,1,240
14982,1993,18,1,10964
14983,1992,6,1,246
14984,1987,6,1,156
14985,1987,6,1,156
14986,1987,6,1,156
14987,1936,12,1,462
14988,1920,9,1,521
14989,1900,12,1,301
14990,1920,12,1,233
14991,1920,15,1,1050
14992,1968,18,4,548
14993,1900,12,1,954
14994,1880,6,1,138
14995,1880,9,1,172
14996,1880,9,1,219
14997,1900,9,1,147
14998,1994,9,1,390
14999,1993,12,1,864
15000,1900,12,1,252
15001,1900,9,1,251
15002,1996,12,1,244
15003,1950,12,1,394
15004,2000,12,1,280
15005,2000,15,1,311
15006,1925,6,1,325
15007,1880,9,1,355
15008,1900,12,1,312
15009,1900,9,1,560
15010,1956,18,1,1300
15011,1900,12,1,560
15012,2006,6,1,190
15013,1900,6,1,124
15014,1900,9,1,124
15015,1920,12,1,322
15016,1900,9,1,185
15017,1900,12,1,300
15018,1992,6,1,312
15019,1992,6,1,309
15020,1900,6,1,245
15021,1900,6,1,179
15022,1900,9,1,402
15023,1900,9,1,332
15024,1900,9,1,231
15025,1880,9,1,181
15026,1900,6,1,137
15027,1900,9,1,166
15028,1900,9,1,222
15029,1900,9,1,207
15030,1900,9,1,193
15031,1900,6,1,182
15032,1880,6,1,207
15033,2011,9,1,168
15034,1901,6,1,222
15035,1900,9,1,247
15036,1880,6,1,166
15037,1900,9,1,270
15038,1900,9,1,142
15039,1923,9,1,238
15040,1880,15,1,287
15041,1890,9,1,183
15042,1900,12,1,213
15043,1900,12,1,195
15044,1900,9,1,167
15045,1900,9,1,136
15046,1900,9,1,144
15047,1900,12,1,666
15048,1997,15,1,2275
15049,2010,15,1,6151
15050,2009,18,1,2244
15051,2010,18,1,6589
15052,2007,6,4,967
15053,2000,18,1,9134
15054,1980,3,3,22
15055,1936,27,1,13141
15056,2002,15,1,3036
15057,2006,15,1,2256
15058,2008,9,1,113
15059,2007,15,1,1497
15060,1950,6,4,174
15061,1900,6,1,356
15062,1950,6,1,171
15063,2022,9,1,133
15064,1950,6,1,1656
15065,1960,9,1,795
15066,1950,3,1,49
15067,1950,6,1,210
15068,1950,6,1,114
15069,1950,6,1,313
15070,1955,6,1,148
15071,1950,9,1,219
15072,1920,9,1,224
15073,1920,9,1,314
15074,1950,15,1,347
15075,1955,6,1,137
15076,1955,6,1,127
15077,1965,21,1,2640
15078,2007,15,1,1134
15079,1960,6,1,174
15080,1955,3,1,124
15081,1950,3,1,87
15082,1932,9,1,210
15083,1955,9,1,195
15084,1915,6,1,231
15085,1960,18,1,598
15086,1965,12,3,459
15087,1965,12,3,463
15088,1990,12,1,323
15089,1990,12,1,240
15090,1947,3,1,98
15091,1955,6,1,292
15092,2006,15,1,1141
15093,1950,9,1,284
15094,1955,9,1,185
15095,2007,15,1,836
15096,1950,12,1,383
15097,1945,3,4,412
15098,1950,9,1,421
15099,2020,6,1,207
15100,1955,6,1,190
15101,1922,6,1,207
15102,1915,3,1,108
15103,1986,9,1,264
15104,1960,9,1,350
15105,1921,6,1,268
15106,1965,9,1,524
15107,1906,3,1,143
15108,2005,6,1,162
15109,1917,6,1,248
15110,1920,6,1,212
15111,1955,6,1,1335
15112,2003,15,1,1599
15113,1996,15,1,771
15114,1970,12,1,542
15115,1945,3,1,77
15116,1960,6,1,177
15117,1988,9,1,333
15118,1988,12,1,366
15119,2021,12,1,258
15120,1950,9,1,222
15121,2023,6,1,126
15122,1950,9,1,184
15123,1945,3,1,83
15124,1950,6,1,236
15125,1975,9,1,288
15126,1998,15,1,1217
15127,2001,15,1,1734
15128,1955,9,1,219
15129,1950,3,1,90
15130,1970,3,1,120
15131,2005,15,1,1081
15132,2002,15,1,3036
15133,1965,12,1,386
15134,1960,9,1,270
15135,1950,3,1,126
15136,1945,9,1,198
15137,1945,6,1,142
15138,1945,6,1,185
15139,1933,6,1,179
15140,1945,3,1,97
15141,2003,12,1,339
15142,1945,6,1,168
15143,1945,3,1,90
15144,1923,3,1,83
15145,1945,3,1,93
15146,1950,9,1,353
15147,1950,6,1,259
15148,1945,6,1,316
15149,1940,6,1,200
15150,1945,6,1,219
15151,1945,6,1,289
15152,1950,6,1,183
15153,1945,6,1,246
15154,1950,9,1,452
15155,1950,6,1,172
15156,1931,3,1,73
15157,1940,15,1,470
15158,1975,3,3,9
15159,1975,21,1,2578
15160,1965,12,1,371
15161,1957,3,4,143
15162,1950,3,3,184
15163,1950,9,1,220
15164,1945,3,1,76
15165,1945,9,1,112
15166,1960,6,1,177
15167,1960,6,1,100
15168,1960,6,1,128
15169,1960,6,1,116
15170,1960,9,1,112
15171,1960,3,3,14
15172,1950,6,1,237
15173,1955,12,1,380
15174,1950,9,1,200
15175,1945,6,1,106
15176,1955,9,1,477
15177,1950,12,1,713
15178,1990,12,1,305
15179,1955,6,1,264
15180,1955,6,1,187
15181,1940,9,1,300
15182,1940,3,1,136
15183,1945,6,1,184
15184,1945,6,1,136
15185,1940,6,1,134
15186,1940,3,1,152
15187,1958,3,1,113
15188,1940,6,1,160
15189,1960,9,1,244
15190,1984,6,1,256
15191,1979,21,1,1142
15192,1945,6,1,165
15193,1950,9,1,431
15194,1950,6,1,217
15195,1945,6,1,202
15196,2000,15,1,521
15197,2002,9,1,188
15198,1950,6,1,287
15199,1950,9,1,234
15200,1950,6,1,184
15201,1965,6,1,194
15202,1950,6,1,176
15203,1960,6,1,104
15204,1960,6,1,106
15205,1960,6,1,102
15206,1960,6,1,141
15207,1960,6,1,131
15208,1960,6,1,144
15209,1990,12,1,312
15210,1978,12,1,254
15211,1945,9,1,793
15212,1950,9,1,384
15213,1950,9,1,384
15214,1950,6,1,110
15215,1950,6,1,112
15216,1950,6,1,112
15217,1950,6,1,112
15218,1950,6,1,90
15219,1950,6,1,97
15220,1950,3,3,104
15221,1950,3,3,97
15222,1955,3,3,101
15223,1975,21,1,1391
15224,1960,18,1,369
15225,1955,9,1,275
15226,1950,3,1,17
15227,1950,9,1,375
15228,1950,9,1,374
15229,1950,6,1,124
15230,1950,6,1,82
15231,1950,3,1,9
15232,2008,15,1,640
15233,1950,6,1,103
15234,1950,6,1,105
15235,1950,6,1,106
15236,1950,9,1,140
15237,1950,6,1,126
15238,1950,3,1,80
15239,1950,3,1,75
15240,1950,6,1,107
15241,1950,3,1,64
15242,1950,6,1,129
15243,1950,6,1,122
15244,1950,6,1,112
15245,1950,6,1,124
15246,1955,6,1,128
15247,1950,6,1,133
15248,1950,6,1,128
15249,1950,6,1,142
15250,1958,6,1,94
15251,1950,6,1,108
15252,1958,6,1,95
15253,1950,6,1,97
15254,1959,6,1,80
15255,1958,6,1,95
15256,1950,6,1,146
15257,1972,24,1,1865
15258,1978,21,1,1105
15259,1980,12,1,2385
15260,1998,15,1,730
15261,1950,9,3,580
15262,1950,12,1,873
15263,1950,15,1,511
15264,1984,21,1,2457
15265,2007,21,1,8796
15266,2011,15,1,1376
15267,2021,6,1,143
15268,2022,6,1,151
15269,1939,9,1,195
15270,1957,9,1,299
15271,1994,9,1,203
15272,1939,9,1,232
15273,2021,6,1,149
15274,1942,9,1,209
15275,1999,9,1,225
15276,2000,15,1,458
15277,1998,9,1,270
15278,1991,15,1,706
15279,1987,12,1,517
15280,1992,12,1,494
15281,2008,15,1,963
15282,1983,15,1,1035
15283,1959,27,1,2132
15284,1984,12,1,537
15285,2022,15,1,2055
15286,2005,15,1,942
15287,1941,6,1,41
15288,1941,9,1,253
15289,1978,15,1,711
15290,1978,3,3,271
15291,1930,6,1,198
15292,1930,6,1,214
15293,1930,6,1,147
15294,2023,12,1,287
15295,1930,3,1,124
15296,1930,3,1,134
15297,1984,12,1,368
15298,1930,6,1,166
15299,1930,9,1,292
15300,2008,12,1,364
15301,1930,6,1,202
15302,1997,15,1,574
15303,1930,15,1,453
15304,1961,9,1,316
15305,1930,12,1,387
15306,2005,6,1,151
15307,2004,12,1,257
15308,1991,12,1,379
15309,1995,12,1,526
15310,1996,18,1,4995
15311,1994,12,1,298
15312,2002,18,1,2367
15313,1996,9,1,527
15314,2001,18,1,3203
15315,2000,27,1,2546
15316,1994,18,1,7016
15317,2007,15,1,772
15318,1995,15,1,386
15319,1962,3,1,72
15320,1963,6,1,184
15321,2001,12,1,489
15322,1999,12,1,678
15323,1957,6,1,96
15324,1990,3,1,103
15325,1963,6,1,83
15326,1962,6,1,140
15327,1962,6,1,140
15328,1963,6,1,137
15329,2002,9,1,150
15330,1962,3,1,156
15331,1996,12,1,1398
15332,1999,12,1,684
15333,1999,12,1,226
15334,2000,15,1,2768
15335,2000,27,1,2862
15336,2001,12,1,4598
15337,1972,45,1,5926
15338,1975,3,4,500
15339,1994,36,1,8861
15340,1975,33,1,3460
15341,1975,33,1,3460
15342,1975,9,4,7359
15343,1965,6,1,345
15344,1980,9,1,461
15345,2012,6,1,268
15346,1970,3,1,44
15347,1970,6,1,110
15348,1970,6,1,112
15349,1970,6,1,522
15350,1983,6,3,302
15351,1982,6,1,172
15352,1983,3,1,52
15353,2007,6,1,413
15354,2009,6,1,213
15355,1979,3,1,113
15356,1998,9,1,508
15357,1970,9,4,4014
15358,1900,3,1,175
15359,2012,3,4,85
15360,2000,0,N,0
15361,2000,0,N,0
15362,2000,3,N,0
15363,2000,0,N,0
15364,1936,6,1,260
15365,1979,21,1,1118
15366,1969,9,1,444
15367,1935,9,1,202
15368,1935,6,1,201
15369,1936,3,1,222
15370,1967,12,3,730
15371,1958,6,1,272
15372,1936,9,1,743
15373,2006,15,1,977
15374,1930,3,3,406
15375,1930,9,3,1008
15376,1932,3,1,110
15377,1997,3,1,33
15378,1900,9,1,315
15379,1948,9,1,99
15380,1920,9,1,131
15381,1880,6,1,179
15382,2006,6,1,153
15383,1895,9,1,162
15384,1879,9,1,413
15385,1920,9,1,305
15386,2020,9,1,146
15387,1952,18,1,838
15388,1980,9,1,292
15389,1936,9,1,192
15390,1900,9,1,302
15391,1880,12,1,282
15392,2004,9,1,1186
15393,1900,9,1,105
15394,1926,9,1,113
15395,1900,9,1,147
15396,1900,6,1,80
15397,1941,9,1,82
15398,1900,9,1,162
15399,1900,9,1,160
15400,1900,6,1,118
15401,1890,6,1,138
15402,1900,6,1,148
15403,1890,6,4,152
15404,1907,6,1,134
15405,1936,12,1,271
15406,1900,6,1,200
15407,2008,9,1,202
15408,2008,9,1,147
15409,1941,12,1,1210
15410,2009,15,1,2557
15411,1975,6,1,313
15412,1900,9,1,237
15413,1955,9,1,237
15414,1970,6,1,173
15415,1987,9,1,213
15416,1955,9,1,224
15417,1920,6,1,198
15418,1950,9,1,249
15419,1950,6,1,115
15420,1942,6,1,175
15421,1882,9,1,182
15422,1960,12,1,300
15423,1960,12,1,188
15424,1900,6,1,143
15425,1950,6,1,210
15426,1880,9,1,192
15427,1945,6,1,130
15428,1960,9,1,127
15429,1920,6,1,93
15430,1960,6,1,103
15431,1954,6,1,140
15432,1955,6,1,180
15433,1973,6,1,537
15434,1968,9,1,321
15435,1954,6,1,120
15436,1880,6,1,147
15437,1957,6,3,452
15438,1974,15,1,963
15439,1990,6,4,2434
15440,1960,6,4,191
15441,1960,9,1,220
15442,2005,9,1,208
15443,1911,6,1,200
15444,2022,9,1,190
15445,2008,9,1,203
15446,2002,9,4,676
15447,2002,6,1,587
15448,1950,9,1,273
15449,1952,12,1,235
15450,1956,12,1,226
15451,1987,9,1,242
15452,1987,9,1,213
15453,1987,9,1,213
15454,1987,9,1,222
15455,1987,9,1,213
15456,1987,9,1,213
15457,1987,9,1,213
15458,1987,9,1,213
15459,1987,9,1,213
15460,1987,9,1,213
15461,1987,9,1,213
15462,1987,9,1,213
15463,1996,15,1,3602
15464,1970,9,1,299
15465,2009,9,1,773
15466,1955,6,1,123
15467,1960,3,3,14
15468,1960,15,4,12817
15469,2010,12,1,616
15470,1930,6,1,92
15471,1920,9,1,181
15472,1900,9,1,242
15473,1900,9,1,285
15474,1900,12,4,584
15475,1900,12,1,704
15476,1880,9,1,246
15477,1904,9,3,391
15478,1994,6,1,217
15479,1880,6,1,224
15480,1994,6,1,180
15481,1936,6,1,495
15482,1902,9,1,374
15483,1965,3,3,2810
15484,2005,18,1,1861
15485,1890,12,1,677
15486,1980,3,1,40
15487,1945,6,1,232
15488,1955,9,1,393
15489,1974,57,4,18523
15490,1900,9,4,490
15491,1945,9,1,331
15492,1950,12,1,444
15493,1957,15,1,897
15494,1910,9,1,573
15495,1890,12,1,711
15496,1900,12,1,813
15497,1900,9,1,253
15498,1900,9,1,289
15499,1920,9,1,308
15500,1900,9,1,258
15501,1900,12,1,814
15502,1900,6,1,194
15503,1900,9,4,210
15504,1880,6,4,272
15505,1880,9,4,268
15506,1961,3,4,219
15507,1880,6,1,158
15508,1880,9,1,231
15509,1910,9,1,1000
15510,1998,6,1,196
15511,1936,6,1,175
15512,1900,6,3,174
15513,1900,6,1,255
15514,1993,12,4,5482
15515,1999,57,4,5312
15516,1999,15,4,15330
15517,2001,12,1,1217
15518,1968,12,1,559
15519,2008,6,1,505
15520,2009,12,1,575
15521,2006,18,1,1240
15522,2023,18,1,3581
15523,1955,9,1,508
15524,2004,15,1,1518
15525,1901,9,1,210
15526,1919,6,1,195
15527,1926,9,1,233
15528,1919,3,1,65
15529,1969,9,1,304
15530,1913,12,1,263
15531,1942,9,1,316
15532,1939,12,1,273
15533,1931,6,1,199
15534,1936,12,1,309
15535,1923,3,1,85
15536,1922,6,1,169
15537,1908,9,1,240
15538,1907,12,1,426
15539,1949,15,1,672
15540,1926,6,1,237
15541,1919,6,1,113
15542,1959,18,4,1126
15543,1971,24,1,1890
15544,1956,21,1,1519
15545,1928,9,1,246
15546,2003,12,1,273
15547,1994,12,1,229
15548,1931,9,1,205
15549,1928,9,1,276
15550,1993,9,1,230
15551,1919,6,1,87
15552,1938,6,1,182
15553,1931,9,1,349
15554,1921,12,1,405
15555,2021,9,1,185
15556,1936,6,1,313
15557,1936,3,1,185
15558,1987,3,1,89
15559,2020,9,1,222
15560,1917,9,3,180
15561,2002,15,1,1821
15562,2004,15,1,468
15563,2018,15,1,1246
15564,1940,9,1,229
15565,1940,9,1,252
15566,1940,6,1,135
15567,1940,6,1,586
15568,1999,15,1,849
15569,1940,6,1,141
15570,1940,6,1,144
15571,1940,6,1,134
15572,1940,3,1,185
15573,1950,9,1,406
15574,1940,3,1,167
15575,1936,6,1,328
15576,1936,9,1,123
15577,1940,12,1,367
15578,1943,3,1,147
15579,1946,9,1,332
15580,1950,12,1,454
15581,1950,9,1,244
15582,1930,9,1,266
15583,1940,6,1,199
15584,1950,9,1,224
15585,1951,12,1,231
15586,1951,6,1,119
15587,1948,6,1,157
15588,1950,9,1,325
15589,1916,12,1,263
15590,1950,9,1,250
15591,2001,9,1,242
15592,1940,6,1,208
15593,1991,12,1,522
15594,1950,9,1,282
15595,1950,9,1,258
15596,1920,6,1,188
15597,1940,6,1,113
15598,1936,9,1,76
15599,1997,12,1,377
15600,1936,9,1,180
15601,1930,6,1,86
15602,2008,15,1,1220
15603,2009,15,1,2878
15604,1950,15,1,716
15605,2007,15,1,725
15606,1992,9,1,331
15607,1960,9,1,260
15608,1930,6,1,249
15609,2003,15,1,1700
15610,1974,21,1,1819
15611,1940,9,1,350
15612,1960,9,1,131
15613,1940,6,1,214
15614,1945,6,1,227
15615,1945,9,1,262
15616,1920,6,1,137
15617,1955,12,1,343
15618,1960,9,1,246
15619,1991,6,1,183
15620,1960,6,1,193
15621,1955,9,1,175
15622,1955,3,1,110
15623,1960,12,1,203
15624,1960,9,1,164
15625,1960,9,1,220
15626,1940,6,1,149
15627,1941,6,1,232
15628,1945,12,1,330
15629,2015,15,1,1496
15630,1990,15,1,3052
15631,1960,9,1,540
15632,1965,15,1,1244
15633,1950,6,1,435
15634,1953,9,1,194
15635,1955,9,1,339
15636,1950,12,1,427
15637,1960,12,1,519
15638,2002,12,1,496
15639,1950,12,1,304
15640,1925,6,1,223
15641,1955,6,1,233
15642,1955,12,1,295
15643,1915,3,1,74
15644,1945,6,1,317
15645,2004,15,1,3630
15646,2006,15,1,1460
15647,1940,9,1,211
15648,1945,6,1,152
15649,1940,6,1,205
15650,1974,18,1,391
15651,1945,6,1,229
15652,2007,21,1,1769
15653,1980,27,1,3274
15654,1979,27,1,2040
15655,1996,18,1,818
15656,1987,12,1,1848
15657,1989,21,1,4407
15658,1947,6,1,222
15659,1970,27,1,1734
15660,1950,9,1,233
15661,1960,12,1,286
15662,1945,6,1,373
15663,1965,3,4,153
15664,1950,6,1,235
15665,1955,6,1,266
15666,1940,3,3,155
15667,1940,3,1,109
15668,1945,6,4,160
15669,1975,12,1,823
15670,1965,6,4,251
15671,1945,3,1,110
15672,1940,3,1,99
15673,1960,9,1,304
15674,1900,3,1,106
15675,1945,6,1,186
15676,1965,21,1,881
15677,1997,15,1,302
15678,1968,15,1,441
15679,1965,15,1,1274
15680,1968,3,1,105
15681,1950,6,1,203
15682,2011,15,1,1188
15683,2024,21,1,2278
15684,1945,6,1,417
15685,1989,12,1,240
15686,1992,21,1,3270
15687,1990,18,1,7766
15688,1999,15,1,1627
15689,1998,6,1,366
15690,1998,6,1,366
15691,1912,6,1,232
15692,2002,18,1,1553
15693,1966,6,3,520
15694,2012,21,1,1549
15695,2008,15,1,2425
15696,1979,9,1,474
15697,1984,12,1,936
15698,1990,12,1,393
15699,1975,9,1,387
15700,1984,15,1,935
15701,1966,9,1,334
15702,1989,9,1,341
15703,1988,12,1,543
15704,1985,12,1,522
15705,1986,12,1,451
15706,1990,9,1,189
15707,1985,15,1,490
15708,1995,9,1,275
15709,1987,12,1,926
15710,1990,12,1,240
15711,1997,15,4,3535
15712,1992,6,3,668
15713,1988,6,1,319
15714,1989,12,1,208
15715,1989,12,1,208
15716,2004,21,1,4504
15717,2002,21,1,5314
15718,1999,18,1,31923
15719,1984,21,1,2474
15720,1987,9,1,422
15721,1994,9,1,305
15722,1988,9,1,311
15723,1990,15,1,897
15724,1991,18,1,6295
15725,1988,9,1,462
15726,2000,27,1,2940
15727,2002,15,1,3407
15728,2021,18,1,18816
15729,1995,21,1,8698
15730,1996,21,1,10279
15731,1997,27,1,6602
15732,1999,30,1,10215
15733,1975,45,1,5526
15734,1975,45,1,5600
15735,1975,48,1,6128
15736,1975,48,1,6128
15737,1975,48,1,6128
15738,1975,48,1,6128
15739,2000,3,N,0
15740,1965,3,1,204
15741,2006,3,1,150
15742,2021,6,1,430
15743,1978,9,1,293
15744,2000,3,1,223
15745,1965,6,1,212
15746,1949,6,1,214
15747,1956,6,1,1100
15748,2012,6,1,346
15749,1950,3,1,93
15750,1965,6,1,482
15751,1975,6,1,469
15752,1958,6,1,487
15753,1992,3,3,26
15754,1975,9,4,1245
15755,1975,9,1,538
15756,1979,6,1,511
15757,1979,6,4,26702
15758,1950,3,4,212
15759,1961,6,1,325
15760,1984,3,1,133
15761,1980,9,1,582
15762,1980,9,1,200
15763,1989,3,1,228
15764,1984,3,1,201
15765,2008,6,1,222
15766,2003,6,1,222
15767,1970,6,1,236
15768,1999,6,1,337
15769,1975,6,1,236
15770,1982,6,1,163
15771,1980,3,1,282
15772,1968,6,1,208
15773,1994,6,1,432
15774,1984,9,1,663
15775,1992,6,1,295
15776,1994,6,1,274
15777,1980,6,1,397
15778,1984,6,1,233
15779,1980,9,1,419
15780,2004,3,1,254
15781,1976,12,1,962
15782,1972,3,2,1297
15783,2010,3,2,9214
15784,1975,48,1,5956
15785,1975,48,1,5956
15786,1975,3,4,531
15787,1975,51,1,5910
15788,1975,51,1,5910
15789,1975,51,1,5910
15790,1975,3,4,692
15791,1975,51,1,5910
15792,1975,51,1,5910
15793,1975,48,1,5956
15794,1975,48,1,5956
15795,1975,48,1,5956
15796,1977,12,4,4024
15797,1970,6,4,2192
15798,1997,18,1,1494
15799,1965,9,1,363
15800,1960,3,1,213
15801,1960,3,1,141
15802,1955,3,1,177
15803,1962,6,1,232
15804,1965,6,1,178
15805,1955,6,1,257
15806,2001,15,1,975
15807,1958,3,3,36
15808,2007,15,1,504
15809,1958,9,1,282
15810,2000,12,1,285
15811,1958,9,1,300
15812,2004,21,1,968
15813,1958,12,1,381
15814,1959,12,1,314
15815,1960,6,1,188
15816,1960,6,1,202
15817,1960,3,1,106
15818,1960,9,1,160
15819,1960,6,1,104
15820,1957,3,1,97
15821,1985,12,1,341
15822,1958,6,1,206
15823,1975,6,1,225
15824,1969,12,1,251
15825,1960,9,1,208
15826,1960,6,1,221
15827,1959,9,1,318
15828,2005,21,1,2558
15829,2005,15,1,1275
15830,2008,21,1,1928
15831,2000,0,N,0
15832,2000,0,N,0
15833,2000,0,N,0
15834,2000,3,N,0
15835,2000,0,N,0
15836,1980,9,1,201
15837,1975,3,1,70
15838,1948,3,1,141
15839,1934,6,1,190
15840,1927,6,1,117
15841,1900,6,1,113
15842,1900,6,1,119
15843,1900,6,1,113
15844,1900,6,1,121
15845,1900,6,1,116
15846,1900,6,1,113
15847,1900,6,1,113
15848,1900,6,1,113
15849,1900,6,1,113
15850,1900,6,1,113
15851,1900,6,1,113
15852,1956,6,1,116
15853,1956,6,1,92
15854,1956,6,1,106
15855,1956,6,1,96
15856,1960,3,1,339
15857,1956,6,1,100
15858,1956,6,1,117
15859,1956,6,1,112
15860,1956,6,1,104
15861,1956,6,1,114
15862,1956,6,1,126
15863,1960,6,1,215
15864,1952,6,1,113
15865,1955,3,3,130
15866,1955,3,1,84
15867,1965,15,1,440
15868,1955,9,1,547
15869,1978,21,1,925
15870,1980,21,1,892
15871,2002,21,1,5282
15872,2003,18,1,1786
15873,1890,9,1,270
15874,1950,3,3,14
15875,1890,6,1,131
15876,1905,6,1,139
15877,1898,6,1,168
15878,1890,6,1,179
15879,1890,6,1,212
15880,1975,18,1,1646
15881,1953,12,1,12538
15882,1890,6,1,112
15883,1890,6,1,131
15884,1890,6,1,112
15885,1890,6,1,114
15886,1890,6,1,118
15887,1890,6,1,133
15888,1975,24,1,2289
15889,1908,6,1,436
15890,1890,9,1,154
15891,1890,6,1,206
15892,1890,9,1,231
15893,1890,6,1,158
15894,1890,6,1,117
15895,2000,9,1,212
15896,2008,12,1,1560
15897,2006,15,1,822
15898,1918,9,1,234
15899,1960,9,1,231
15900,1916,3,1,81
15901,1920,6,1,177
15902,1918,6,1,171
15903,1916,6,1,144
15904,1915,6,1,153
15905,1960,6,1,167
15906,1920,9,1,266
15907,1908,3,1,81
15908,1906,6,1,165
15909,1920,6,1,126
15910,1918,6,1,314
15911,1920,6,1,153
15912,1918,6,1,133
15913,2003,6,1,189
15914,1920,6,1,120
15915,1902,6,1,132
15916,1920,3,1,58
15917,1920,3,1,104
15918,1920,3,1,113
15919,1908,3,1,69
15920,1999,9,1,341
15921,1920,12,1,549
15922,2021,9,1,232
15923,2020,6,1,186
15924,2023,9,1,246
15925,2016,12,1,333
15926,2007,12,1,2234
15927,2007,12,1,1336
15928,2014,3,4,80
15929,1918,3,1,86
15930,1918,3,1,64
15931,1910,3,3,52
15932,1910,6,1,230
15933,1910,3,1,91
15934,1918,3,1,99
15935,1918,12,1,225
15936,1909,9,1,212
15937,1970,9,1,277
15938,1930,9,1,192
15939,1898,6,1,179
15940,1925,6,1,326
15941,2012,12,1,440
15942,1934,9,1,225
15943,1920,6,1,130
15944,1911,6,1,123
15945,1930,6,1,136
15946,1920,6,1,163
15947,1915,9,1,291
15948,1900,6,1,142
15949,1930,6,1,218
15950,1901,6,1,151
15951,1900,6,1,118
15952,1900,9,1,256
15953,1900,9,1,266
15954,1900,6,1,162
15955,1890,6,1,175
15956,1885,9,1,241
15957,1900,9,1,226
15958,1900,9,1,207
15959,1953,9,1,220
15960,1900,9,1,449
15961,1905,6,1,200
15962,1900,9,1,188
15963,1999,18,1,3907
15964,2008,18,1,2451
15965,1970,15,1,1038
15966,1890,9,1,418
15967,1890,9,1,189
15968,1890,6,1,126
15969,1890,6,1,106
15970,1883,6,1,140
15971,1890,6,1,151
15972,1993,9,1,207
15973,1890,6,1,117
15974,1890,6,1,108
15975,2008,15,1,802
15976,2010,27,1,14724
15977,1993,18,1,2638
15978,1900,6,1,141
15979,1900,6,1,126
15980,1900,6,1,180
15981,1900,6,1,133
15982,1900,6,1,135
15983,1915,12,1,298
15984,2001,21,1,2983
15985,1994,18,1,1774
15986,1995,15,1,1965
15987,1994,12,1,2245
15988,1994,12,1,2431
15989,1993,18,1,3694
15990,2002,12,1,226
15991,2003,9,1,210
15992,2001,9,1,629
15993,2010,9,1,203
15994,1956,9,1,765
15995,1987,6,1,109
15996,1987,6,1,136
15997,1920,9,1,309
15998,1930,6,1,159
15999,1930,9,1,314
16000,1920,9,1,232
16001,1920,9,1,378
16002,1960,9,1,346
16003,1920,9,1,235
16004,1967,12,1,515
16005,2016,9,1,259
16006,1910,6,1,215
16007,1880,6,1,121
16008,1920,6,1,166
16009,1900,6,1,196
16010,1995,6,1,191
16011,1900,6,1,212
16012,1900,12,1,295
16013,1920,9,1,304
16014,1880,3,1,73
16015,1913,9,1,195
16016,1910,6,1,135
16017,2005,9,1,276
16018,1970,9,1,336
16019,1906,6,1,169
16020,1900,6,1,199
16021,1910,6,1,166
16022,1905,3,3,234
16023,1900,6,1,244
16024,2001,6,1,612
16025,1910,6,1,146
16026,1900,9,1,156
16027,1905,9,1,210
16028,1910,6,1,161
16029,1880,6,1,186
16030,1910,9,1,180
16031,1915,6,1,166
16032,1900,9,1,291
16033,2019,9,1,319
16034,1991,9,1,169
16035,1987,6,1,147
16036,1987,6,1,162
16037,2003,6,1,382
16038,1991,9,1,180
16039,1992,9,1,192
16040,1996,9,1,509
16041,2004,21,1,17778
16042,1900,9,1,256
16043,1998,9,1,225
16044,1900,9,1,504
16045,2001,9,1,741
16046,1970,12,1,859
16047,1885,9,1,206
16048,1946,9,1,214
16049,1947,6,1,170
16050,1996,18,1,320
16051,1946,6,1,220
16052,2001,21,1,2385
16053,1968,6,1,268
16054,1941,9,1,170
16055,1968,9,1,278
16056,1970,6,1,178
16057,1940,9,1,90
16058,1945,9,1,75
16059,1880,9,1,173
16060,1885,6,1,163
16061,1890,9,1,195
16062,1948,6,1,195
16063,1880,6,1,120
16064,1970,6,1,140
16065,1965,6,1,150
16066,1940,15,1,505
16067,1900,9,1,232
16068,1958,6,1,184
16069,2002,12,1,1428
16070,1940,12,1,730
16071,1945,6,1,155
16072,1945,9,1,135
16073,2000,18,1,1270
16074,2018,6,1,204
16075,2020,9,1,265
16076,2020,9,1,330
16077,2020,9,1,279
16078,2000,0,N,0
16079,1945,9,3,1409
16080,1945,6,3,4963
16081,2013,3,4,20340
16082,2011,3,4,99
16083,2000,0,N,0
16084,1900,12,4,2068
16085,1907,9,1,284
16086,1930,9,1,274
16087,1967,9,1,295
16088,1930,9,1,317
16089,2016,9,1,327
16090,1941,9,1,938
16091,1948,9,1,364
16092,1948,9,4,1252
16093,2002,3,4,55
16094,2022,3,4,1261
16095,1888,6,1,290
16096,1901,9,1,204
16097,1880,6,1,162
16098,2003,6,4,237
16099,2004,6,1,289
16100,1880,6,1,204
16101,1880,6,1,202
16102,1914,6,1,153
16103,1880,3,1,87
16104,1880,6,1,155
16105,1880,3,1,137
16106,1880,6,4,206
16107,1993,9,1,1147
16108,1890,6,1,293
16109,1901,9,1,235
16110,1901,9,1,252
16111,1901,6,1,172
16112,1901,6,1,219
16113,1895,6,1,206
16114,1895,9,1,235
16115,1970,9,1,294
16116,1941,9,1,316
16117,1978,12,1,379
16118,1957,9,1,278
16119,1941,9,1,194
16120,2017,6,1,138
16121,1880,6,1,138
16122,1880,6,1,184
16123,1901,9,1,190
16124,1901,9,1,189
16125,1901,6,1,146
16126,1901,6,1,158
16127,1880,6,1,249
16128,1971,15,1,464
16129,2013,12,1,283
16130,1880,9,1,457
16131,1880,9,1,263
16132,1880,6,1,189
16133,1880,12,4,626
16134,1880,9,4,2544
16135,1880,9,1,405
16136,1880,12,1,539
16137,1880,9,1,396
16138,1880,9,1,239
16139,1979,15,1,1273
16140,2006,12,1,1564
16141,2012,12,1,456
16142,2002,9,1,463
16143,1880,9,1,355
16144,1880,9,1,335
16145,2007,12,1,535
16146,1880,12,4,2131
16147,1995,9,4,192
16148,2010,12,1,465
16149,1880,6,1,184
16150,1900,6,1,288
16151,1901,6,1,176
16152,1880,12,1,355
16153,1880,9,1,694
16154,1981,3,3,953
16155,1901,9,1,287
16156,1901,6,1,251
16157,1890,3,1,16
16158,2019,9,1,236
16159,2014,12,1,302
16160,1901,6,1,223
16161,2018,12,1,276
16162,2020,9,1,255
16163,2023,12,1,270
16164,2023,12,1,375
16165,1880,9,1,320
16166,1975,21,1,971
16167,1945,12,1,171
16168,1960,9,1,141
16169,1960,9,1,168
16170,1955,9,1,161
16171,1950,12,1,117
16172,1955,9,1,139
16173,1960,9,1,229
16174,1898,9,1,270
16175,1972,9,1,228
16176,1890,6,1,130
16177,1960,12,1,174
16178,1998,6,1,165
16179,1965,12,1,177
16180,1989,18,1,2555
16181,1950,9,4,202
16182,1950,6,1,249
16183,1950,6,1,218
16184,1950,6,1,137
16185,1880,6,1,192
16186,1893,9,1,272
16187,1950,9,1,200
16188,1955,6,1,124
16189,1955,6,1,142
16190,1882,6,1,227
16191,1949,6,1,142
16192,1986,18,1,181
16193,1945,9,1,195
16194,2009,15,1,1311
16195,1955,6,1,114
16196,1955,9,1,244
16197,1990,9,1,275
16198,1888,6,1,132
16199,2006,12,1,306
16200,1888,9,1,350
16201,1890,9,1,258
16202,2006,12,1,1256
16203,1970,12,1,365
16204,1970,6,1,159
16205,1960,6,1,178
16206,1946,6,1,94
16207,1960,9,1,86
16208,1960,9,1,147
16209,1948,6,1,347
16210,1885,9,1,303
16211,1956,6,1,193
16212,1855,9,1,348
16213,1894,9,1,235
16214,1880,6,1,145
16215,2006,9,1,192
16216,1948,6,1,160
16217,1993,9,1,538
16218,1880,6,1,118
16219,2002,12,1,283
16220,1880,6,1,118
16221,1885,6,3,261
16222,1901,12,1,200
16223,1901,6,1,124
16224,1998,15,1,1267
16225,1956,9,1,198
16226,1955,9,1,192
16227,1938,12,1,321
16228,1943,12,1,411
16229,1930,12,1,279
16230,1915,6,1,132
16231,1923,6,1,164
16232,1900,3,3,286
16233,1900,6,1,116
16234,1880,9,1,333
16235,1880,12,1,211
16236,1931,6,1,661
16237,1922,6,1,120
16238,1926,9,1,168
16239,1914,6,1,233
16240,1989,12,1,176
16241,2003,15,4,2288
16242,1912,3,1,124
16243,1905,6,1,216
16244,1992,15,1,294
16245,1901,3,1,109
16246,1921,6,1,187
16247,1919,9,1,214
16248,1989,12,1,176
16249,1989,12,1,176
16250,1989,12,1,176
16251,2001,15,1,1615
16252,2004,15,1,1495
16253,1956,9,1,210
16254,1972,9,1,385
16255,2021,6,1,116
16256,1962,9,1,223
16257,1958,6,1,141
16258,1961,6,1,142
16259,1968,6,1,179
16260,2021,12,1,244
16261,1959,6,1,194
16262,1959,3,1,104
16263,1960,18,3,479
16264,1960,12,1,364
16265,1961,6,3,276
16266,1950,6,1,204
16267,1956,9,1,139
16268,1960,12,1,254
16269,1956,9,1,262
16270,1980,21,1,1543
16271,2020,15,1,795
16272,1950,12,1,197
16273,1994,12,1,516
16274,1938,6,1,203
16275,1969,6,1,244
16276,1970,18,1,1034
16277,1969,12,1,273
16278,1952,6,1,172
16279,1995,6,1,142
16280,2016,9,1,198
16281,2009,15,1,2259
16282,2002,15,1,2296
16283,1946,6,3,428
16284,1961,6,1,180
16285,1966,12,1,508
16286,1966,6,3,481
16287,1948,6,1,197
16288,1951,9,1,196
16289,1971,6,1,156
16290,1991,9,1,440
16291,1953,9,4,4563
16292,1948,6,1,185
16293,1934,3,1,109
16294,1993,12,1,459
16295,1943,6,1,113
16296,1965,6,1,168
16297,1918,6,1,160
16298,1918,6,1,281
16299,1960,6,1,295
16300,1959,9,1,254
16301,1997,6,1,124
16302,1958,6,1,128
16303,1958,6,1,62
16304,1999,18,1,2077
16305,2002,15,1,1645
16306,1975,15,1,768
16307,1978,3,3,21
16308,1930,6,1,147
16309,1930,3,1,117
16310,1930,6,1,183
16311,1930,6,1,218
16312,1930,6,1,146
16313,1936,6,1,169
16314,1930,3,1,158
16315,1930,3,1,91
16316,1930,6,1,192
16317,1930,9,1,938
16318,1978,27,1,2553
16319,1978,27,1,2000
16320,1978,27,1,2836
16321,1930,6,1,194
16322,1930,6,4,236
16323,1962,6,1,350
16324,1975,21,1,1026
16325,1930,6,1,528
16326,1930,12,1,360
16327,1930,12,3,1533
16328,1930,6,3,560
16329,1967,6,1,527
16330,1974,21,1,2886
16331,1950,15,1,448
16332,1930,3,1,136
16333,2005,12,1,990
16334,2008,15,1,1335
16335,2024,15,1,634
16336,1974,18,1,723
16337,1972,27,1,4606
16338,1970,15,1,588
16339,2001,9,1,228
16340,1930,6,1,202
16341,1930,12,1,333
16342,1963,9,1,260
16343,1954,15,1,429
16344,1961,9,4,473
16345,2000,15,1,577
16346,1976,9,1,561
16347,1930,6,1,141
16348,1940,9,1,223
16349,2020,15,1,2502
16350,1961,6,1,226
16351,1930,6,1,212
16352,2007,15,1,302
16353,1930,6,4,110
16354,1978,21,1,1966
16355,1923,6,1,102
16356,1961,6,1,257
16357,1945,6,4,620
16358,1958,12,1,1072
16359,1958,15,1,978
16360,1950,9,4,310
16361,2005,12,1,964
16362,2006,15,1,1339
16363,2022,15,1,2042
16364,1939,15,1,426
16365,1951,9,1,330
16366,1969,12,1,659
16367,1942,6,4,224
16368,1991,9,1,460
16369,1972,27,1,5197
16370,1969,27,1,3170
16371,1973,27,1,2448
16372,1972,21,1,1234
16373,1963,6,4,360
16374,1910,6,1,146
16375,1999,15,1,318
16376,1917,6,1,122
16377,1936,12,1,378
16378,1908,9,1,276
16379,2017,9,1,406
16380,1951,9,1,238
16381,2001,15,1,1556
16382,2018,12,1,284
16383,2016,9,1,258
16384,2019,12,1,245
16385,2020,12,1,234
16386,1915,12,1,564
16387,1997,24,1,3031
16388,1957,3,1,108
16389,1956,3,1,169
16390,1958,3,1,50
16391,1960,6,1,163
16392,1969,9,1,474
16393,2003,21,1,965
16394,1945,6,1,208
16395,1953,9,1,339
16396,1997,9,1,305
16397,1989,12,1,381
16398,1988,6,1,215
16399,1995,21,1,1087
16400,1984,12,1,548
16401,1994,12,1,362
16402,1991,12,1,628
16403,2009,21,1,1578
16404,2024,21,1,1278
16405,1951,3,3,86
16406,1952,6,1,126
16407,1900,6,1,117
16408,1953,6,1,195
16409,1995,9,1,213
16410,1947,6,1,155
16411,1996,9,1,488
16412,1900,6,1,106
16413,1950,9,1,168
16414,1951,3,1,106
16415,1951,6,1,88
16416,1988,6,1,132
16417,1959,6,1,73
16418,1985,9,3,126
16419,1952,3,1,82
16420,1940,9,1,239
16421,1999,9,1,192
16422,1950,3,1,116
16423,1949,3,1,75
16424,1955,3,1,156
16425,1900,6,1,157
16426,1959,6,1,185
16427,1961,6,1,244
16428,1957,9,1,255
16429,1997,9,1,500
16430,2006,18,1,2688
16431,1960,9,3,3591
16432,1960,6,1,356
16433,1962,3,4,123
16434,1967,3,1,85
16435,1967,12,1,393
16436,1991,3,3,331
16437,1960,3,4,360
16438,1963,12,1,652
16439,1947,9,1,353
16440,2005,15,1,633
16441,1961,6,3,572
16442,2004,18,1,1329
16443,1989,12,1,1205
16444,1988,12,4,1655
16445,1968,12,1,495
16446,2007,15,1,1305
16447,1985,18,1,9678
16448,2000,6,N,0
16449,2015,3,4,4680
16450,2015,3,3,26
16451,1985,15,1,17277
16452,1985,18,1,15459
16453,1936,6,1,131
16454,1958,9,1,439
16455,1956,6,1,242
16456,1933,6,1,90
16457,1933,3,1,192
16458,1936,3,1,102
16459,2020,3,1,749
16460,2000,3,1,87
16461,1997,3,3,488
16462,1979,6,4,2944
16463,2008,9,1,540
16464,2008,9,1,540
16465,2008,9,1,540
16466,2008,9,1,540
16467,2008,9,1,538
16468,2021,9,1,514
16469,2021,9,1,514
16470,2021,9,1,502
16471,2021,9,1,502
16472,1978,3,1,183
16473,1975,3,1,160
16474,2000,3,N,0
16475,2000,3,N,0
16476,1979,3,1,214
16477,1983,3,4,2041
16478,1989,3,3,5045
16479,1978,21,1,642
16480,1960,21,1,712
16481,1960,18,1,488
16482,1973,18,1,652
16483,1968,15,1,569
16484,1974,6,1,407
16485,1970,12,1,418
16486,1964,12,1,434
16487,1973,3,1,287
16488,1962,18,1,691
16489,1960,15,1,558
16490,1968,9,1,357
16491,1970,12,1,927
16492,1989,9,1,280
16493,1962,6,3,749
16494,1999,12,1,281
16495,1963,6,1,146
16496,1958,9,1,323
16497,1955,3,1,112
16498,1969,12,1,668
16499,1963,12,1,381
16500,1957,12,1,358
16501,1966,3,1,113
16502,1966,6,1,266
16503,1963,9,1,462
16504,1957,12,1,485
16505,2005,21,1,899
16506,1963,12,1,423
16507,1950,9,1,249
16508,1966,3,1,118
16509,1964,6,1,316
16510,1956,3,1,85
16511,1956,9,1,204
16512,1950,6,1,321
16513,1961,6,1,245
16514,1956,3,1,148
16515,1969,6,1,171
16516,1957,3,1,135
16517,1969,6,1,232
16518,1965,3,1,117
16519,1966,6,1,234
16520,1962,6,1,251
16521,1963,3,1,110
16522,1962,9,1,200
16523,1956,6,1,157
16524,1997,6,1,275
16525,1963,9,1,345
16526,1957,12,1,233
16527,1957,3,1,111
16528,1958,9,1,389
16529,1964,6,1,146
16530,1975,18,1,590
16531,1974,15,1,607
16532,1973,15,1,392
16533,1963,15,1,484
16534,1971,15,1,351
16535,1967,18,1,547
16536,1989,9,1,280
16537,2001,21,1,1369
16538,2002,15,1,1126
16539,1957,6,1,293
16540,2006,15,1,1386
16541,2008,15,1,2588
16542,2012,15,1,4680
16543,1957,9,1,252
16544,1984,18,1,754
16545,1957,9,1,297
16546,1953,3,1,106
16547,1956,6,1,205
16548,1962,12,1,529
16549,1970,3,3,148
16550,1962,6,1,91
16551,1965,12,1,306
16552,1972,9,1,270
16553,1952,3,1,110
16554,1955,3,1,112
16555,1975,6,1,150
16556,1960,3,1,112
16557,1959,18,1,683
16558,1950,9,1,322
16559,1960,12,1,575
16560,1959,9,1,478
16561,1960,6,1,79
16562,1980,9,1,188
16563,1952,9,1,182
16564,1955,9,1,138
16565,1985,9,1,320
16566,2001,15,1,819
16567,1975,3,1,81
16568,1997,15,1,5806
16569,2010,15,1,3148
16570,1971,6,1,325
16571,1961,9,1,254
16572,1963,12,1,313
16573,1960,6,1,181
16574,1968,6,1,143
16575,1961,3,1,104
16576,1965,9,1,279
16577,1962,9,1,312
16578,1958,9,1,314
16579,1950,9,1,285
16580,1952,3,1,113
16581,1960,6,1,222
16582,1969,6,1,357
16583,1959,12,1,547
16584,1962,9,1,198
16585,1962,9,1,228
16586,1957,9,1,242
16587,1962,6,1,145
16588,1961,18,1,1379
16589,1960,6,1,182
16590,1971,15,1,495
16591,1963,6,1,116
16592,1961,6,1,94
16593,1963,15,1,479
16594,1960,9,1,363
16595,1961,9,1,279
16596,1950,6,1,209
16597,1958,6,1,180
16598,1958,9,1,218
16599,2003,18,1,1668
16600,1957,3,4,142
16601,2012,3,4,1261
16602,1994,0,1,5
16603,2000,3,4,49
16604,1997,30,1,7695
16605,1997,6,1,869
16606,1998,30,1,7332
16607,1998,6,4,3903
16608,1999,30,1,5132
16609,2001,48,1,11313
16610,1940,3,3,33
16611,2003,12,4,6096
16612,1999,15,4,13188
16613,1924,9,1,249
16614,1981,15,1,1029
16615,1979,3,3,17
16616,1949,15,1,933
16617,2000,15,1,815
16618,1950,9,1,389
16619,1981,18,1,3420
16620,1924,6,1,448
16621,1956,9,4,579
16622,1967,9,1,311
16623,1978,27,1,1473
16624,1990,15,1,646
16625,1923,18,1,535
16626,1992,21,1,4667
16627,1992,21,1,3021
16628,1992,15,1,2200
16629,1900,9,N,1958
16630,1968,18,4,5221
16631,1915,9,4,1186
16632,1995,15,1,1453
16633,1991,6,1,409
16634,2007,15,1,1424
16635,1970,9,4,596
16636,1960,6,1,231
16637,1956,6,1,215
16638,1960,6,4,138
16639,1960,9,1,280
16640,1956,6,1,161
16641,1959,12,1,266
16642,1960,12,1,214
16643,1907,6,1,149
16644,2002,12,1,259
16645,2003,12,1,267
16646,1960,27,1,2823
16647,1969,6,4,256
16648,1971,9,1,264
16649,2006,12,1,1656
16650,1880,9,1,250
16651,1890,9,1,245
16652,1907,9,1,294
16653,1931,12,1,347
16654,1931,9,1,300
16655,1951,9,1,610
16656,1951,9,1,799
16657,1907,9,1,312
16658,2003,12,1,333
16659,1998,9,1,221
16660,1998,12,1,282
16661,1919,9,1,493
16662,1925,6,1,333
16663,1930,9,1,340
16664,1880,9,1,280
16665,1990,9,3,1051
16666,1995,3,3,7
16667,1931,9,1,238
16668,1961,9,1,368
16669,1880,12,1,363
16670,1890,9,1,324
16671,1914,9,1,306
16672,1970,21,1,1782
16673,1970,9,1,331
16674,1880,9,1,250
16675,1961,12,1,249
16676,1965,9,1,296
16677,1999,12,1,406
16678,1986,12,1,276
16679,1955,9,1,369
16680,1979,12,4,845
16681,2004,12,1,3426
16682,1923,12,1,329
16683,2019,9,1,307
16684,2012,12,1,260
16685,1970,18,1,2406
16686,1930,6,1,290
16687,1930,6,1,133
16688,1930,6,1,140
16689,1970,18,1,1982
16690,1930,6,1,110
16691,1930,6,1,156
16692,1930,6,1,218
16693,2005,12,1,694
16694,1950,12,1,240
16695,1930,9,1,266
16696,1935,3,3,27
16697,1930,9,1,166
16698,2005,9,1,314
16699,1970,18,1,1178
16700,1930,12,1,1064
16701,1945,6,1,169
16702,2010,12,1,740
16703,2004,12,1,545
16704,1938,12,1,632
16705,1954,6,3,410
16706,1945,9,1,369
16707,1945,12,1,280
16708,1973,18,1,529
16709,1930,9,1,198
16710,2004,12,1,403
16711,1970,9,1,536
16712,1940,12,1,298
16713,1954,9,1,627
16714,1950,9,1,198
16715,1940,9,1,487
16716,1940,6,1,269
16717,1945,9,1,289
16718,1931,3,3,56
16719,1939,9,1,289
16720,1932,6,1,132
16721,1945,9,1,955
16722,1994,9,1,196
16723,1940,6,1,215
16724,1940,6,1,143
16725,1930,9,1,339
16726,1942,6,1,301
16727,1900,6,1,258
16728,1991,9,1,207
16729,2007,12,1,492
16730,2000,12,1,299
16731,2006,12,1,1473
16732,2022,15,1,1597
16733,1880,6,1,195
16734,2019,9,1,199
16735,1953,6,1,276
16736,1953,9,1,426
16737,1974,21,1,2422
16738,1989,6,1,306
16739,1922,6,1,228
16740,1950,6,1,242
16741,1950,9,1,174
16742,1955,9,1,195
16743,1960,18,1,630
16744,1960,12,1,287
16745,1972,21,1,1026
16746,1965,9,1,267
16747,1996,21,1,3823
16748,1989,12,1,206
16749,1989,12,1,207
16750,1926,6,1,136
16751,1910,3,1,83
16752,1900,6,1,160
16753,1900,9,1,201
16754,1900,6,1,214
16755,1963,6,1,168
16756,1957,6,1,159
16757,1957,6,1,116
16758,1957,3,1,78
16759,1950,6,1,140
16760,1961,9,1,210
16761,1962,9,1,213
16762,1975,15,1,1034
16763,1953,3,1,92
16764,1960,9,1,312
16765,1951,6,3,167
16766,1960,15,1,701
16767,1999,21,1,1675
16768,2004,15,1,2683
16769,1961,6,1,463
16770,1997,15,1,471
16771,1939,6,1,206
16772,1972,27,1,1999
16773,1969,6,1,150
16774,1928,6,4,288
16775,1970,9,1,382
16776,1979,27,1,990
16777,1937,9,1,291
16778,1931,6,1,228
16779,1996,9,1,232
16780,1939,3,4,64
16781,1945,3,4,49
16782,1929,6,1,149
16783,1918,3,1,114
16784,1927,6,1,170
16785,1915,3,1,130
16786,1913,6,1,287
16787,1942,9,1,196
16788,1943,6,1,173
16789,1922,3,1,95
16790,1942,9,1,226
16791,1921,12,1,288
16792,1930,6,1,200
16793,1986,15,1,1285
16794,1940,9,1,345
16795,1921,3,1,152
16796,1948,3,1,98
16797,1950,6,1,216
16798,1951,9,1,149
16799,1995,12,1,673
16800,2009,15,1,802
16801,1965,6,1,366
16802,1997,21,1,1578
16803,2003,15,1,897
16804,1945,3,1,159
16805,1955,6,1,264
16806,1950,9,1,228
16807,1960,6,1,217
16808,1955,6,1,222
16809,1955,6,1,317
16810,1950,6,1,152
16811,1957,9,1,196
16812,1945,3,1,113
16813,1982,9,1,241
16814,1955,12,1,302
16815,2003,15,1,588
16816,1960,15,1,584
16817,1950,3,1,114
16818,1950,3,1,135
16819,1955,9,1,607
16820,1965,15,1,526
16821,1981,9,1,375
16822,1955,6,4,426
16823,1950,3,1,107
16824,1955,9,1,627
16825,2000,21,1,801
16826,1981,21,1,2117
16827,1930,9,1,420
16828,1931,6,1,150
16829,1931,9,1,131
16830,1931,6,1,110
16831,1931,6,1,96
16832,1931,6,1,103
16833,1931,6,1,103
16834,1950,6,1,103
16835,2001,6,1,145
16836,1985,6,1,160
16837,1931,6,1,100
16838,1947,6,1,94
16839,1931,6,1,126
16840,1931,6,4,186
16841,1931,6,1,139
16842,1931,6,1,130
16843,1931,6,1,120
16844,1931,6,1,92
16845,1986,6,4,182
16846,1931,3,3,65
16847,1984,3,3,30
16848,1984,3,3,29
16849,1947,3,1,73
16850,1931,6,1,139
16851,2001,12,1,530
16852,1982,3,4,167
16853,1994,15,1,2115
16854,2007,15,1,613
16855,1992,15,1,695
16856,1987,12,1,338
16857,1958,21,1,633
16858,2004,3,1,137
16859,1982,9,1,1263
16860,1951,6,1,206
16861,1959,6,1,212
16862,1939,9,1,306
16863,1949,9,4,224
16864,1952,9,1,189
16865,1963,18,1,509
16866,1952,3,3,153
16867,1941,6,1,253
16868,1987,9,1,422
16869,1990,12,1,412
16870,1958,9,1,719
16871,1969,6,3,659
16872,1965,12,1,673
16873,1952,6,1,377
16874,1969,18,1,825
16875,1970,18,1,825
16876,1964,30,1,2122
16877,1976,30,1,2715
16878,1976,27,1,1236
16879,1997,21,1,1320
16880,1982,21,1,1241
16881,1982,15,1,608
16882,1997,15,1,861
16883,2002,15,1,2227
16884,1987,21,1,4787
16885,1971,21,1,3019
16886,1975,27,1,5831
16887,1978,30,1,5830
16888,1986,21,1,4338
16889,1989,21,1,8073
16890,2001,21,1,11570
16891,1984,12,1,5199
16892,1997,15,1,763
16893,1997,18,1,1304
16894,1997,18,1,1160
16895,1997,18,1,1186
16896,1998,18,1,1399
16897,1997,15,1,763
16898,1998,6,4,4241
16899,1984,3,4,813
16900,1984,12,1,17876
16901,2006,9,4,3556
16902,1960,6,1,307
16903,1970,6,4,20705
16904,1975,3,4,6678
16905,1977,9,4,6216
16906,1977,3,3,21
16907,1977,9,4,4989
16908,1994,6,4,1318
16909,1988,12,4,6373
16910,2002,6,4,1415
16911,2000,3,1,141
16912,2014,6,4,2747
16913,1954,12,1,507
16914,1952,9,1,358
16915,1954,6,1,266
16916,1969,12,4,574
16917,1957,9,1,286
16918,1957,12,1,354
16919,1958,9,1,186
16920,1957,6,1,225
16921,1964,9,1,594
16922,1960,6,1,197
16923,1960,3,1,103
16924,1957,6,1,182
16925,1950,9,1,275
16926,1950,3,1,110
16927,1957,12,1,362
16928,1964,12,1,328
16929,1950,12,1,438
16930,1996,12,4,605
16931,1950,12,1,543
16932,1950,6,1,153
16933,1960,9,1,301
16934,1963,9,1,259
16935,1957,9,1,284
16936,1956,6,1,130
16937,1958,6,1,292
16938,1960,6,1,258
16939,1964,6,1,277
16940,1950,6,1,239
16941,1990,9,1,323
16942,1964,9,1,213
16943,1970,12,1,450
16944,1950,3,1,111
16945,2002,21,1,1697
16946,1954,6,1,238
16947,2024,15,1,2572
16948,1950,6,1,254
16949,1955,6,1,266
16950,1953,12,1,428
16951,1950,9,1,328
16952,1956,12,1,376
16953,1957,9,1,312
16954,1972,15,1,629
16955,1998,15,1,610
16956,1957,3,1,122
16957,1969,12,1,188
16958,1963,3,1,71
16959,1975,15,1,513
16960,1957,6,1,463
16961,1960,6,1,173
16962,1963,3,3,83
16963,1965,6,1,216
16964,1963,9,1,303
16965,1957,12,1,368
16966,1969,6,1,224
16967,1969,6,1,226
16968,1957,12,1,392
16969,1957,3,1,101
16970,1960,6,1,182
16971,1957,6,1,579
16972,2005,21,1,934
16973,2008,15,1,1104
16974,1957,6,1,252
16975,1968,9,1,400
16976,1964,6,1,169
16977,1979,12,1,271
16978,2005,15,1,1794
16979,2006,15,1,552
16980,1964,6,1,259
16981,1964,6,1,198
16982,1964,3,1,201
16983,1957,9,1,277
16984,1965,9,1,242
16985,1963,3,1,120
16986,1964,9,1,324
16987,1964,6,1,353
16988,2004,9,1,274
16989,1957,6,1,214
16990,1958,6,1,186
16991,1950,12,1,362
16992,1957,9,1,268
16993,1964,9,1,235
16994,1958,6,1,125
16995,1948,6,1,220
16996,1972,12,1,261
16997,1958,12,1,301
16998,1954,12,1,296
16999,1953,6,1,91
17000,1948,6,1,75
17001,1950,6,1,199
17002,1960,6,1,223
17003,1958,18,1,947
17004,1972,9,1,271
17005,2008,15,1,628
17006,1963,9,1,253
17007,1950,3,1,100
17008,1956,9,1,190
17009,1950,9,1,237
17010,1930,12,1,344
17011,1965,3,3,22
17012,1965,9,1,4824
17013,1992,9,1,263
17014,1991,6,1,379
17015,1989,9,1,401
17016,1995,12,1,1345
17017,2002,12,1,561
17018,1996,15,1,1504
17019,1990,12,1,1394
17020,1992,9,1,259
17021,1989,6,1,361
17022,1998,15,1,1488
17023,1974,18,1,895
17024,1974,18,1,372
17025,1974,18,1,547
17026,1975,12,1,625
17027,1972,9,1,267
17028,1974,18,1,2351
17029,1953,6,1,211
17030,1953,9,1,242
17031,1973,9,1,249
17032,1954,9,1,134
17033,1954,12,1,375
17034,1980,6,1,307
17035,1981,12,1,283
17036,1960,12,1,331
17037,1955,6,1,124
17038,1960,12,1,397
17039,1955,12,1,364
17040,1950,9,1,214
17041,1953,9,1,201
17042,1957,9,1,582
17043,1957,9,1,257
17044,1962,12,4,7299
17045,1965,24,1,1932
17046,1965,24,1,1722
17047,1964,24,1,1811
17048,1966,24,1,1821
17049,1965,24,1,1800
17050,1965,24,1,2047
17051,1988,15,1,654
17052,1965,24,1,1682
17053,1966,24,1,1819
17054,1965,24,1,1709
17055,1964,24,1,1650
17056,1991,12,1,509
17057,1999,12,1,701
17058,2008,15,1,552
17059,1988,9,1,291
17060,1991,6,N,305
17061,1996,12,1,995
17062,2000,15,1,606
17063,1970,9,1,318
17064,1960,6,1,108
17065,1986,9,1,393
17066,2000,15,1,1264
17067,1930,3,3,209
17068,1930,3,1,111
17069,1959,9,1,170
17070,1999,15,1,2657
17071,1963,3,1,83
17072,1957,9,1,203
17073,1955,9,1,202
17074,1950,6,1,205
17075,1940,6,1,77
17076,2006,15,1,325
17077,1963,9,1,231
17078,1969,12,1,516
17079,1978,9,1,256
17080,1957,9,1,180
17081,1960,6,1,291
17082,1978,9,1,375
17083,2005,15,1,1355
17084,1930,6,1,297
17085,1930,3,1,162
17086,1930,6,1,234
17087,1999,9,1,289
17088,1993,15,1,959
17089,1930,9,1,161
17090,1930,9,1,356
17091,1920,3,1,146
17092,1925,6,1,170
17093,1930,9,1,415
17094,1930,9,1,226
17095,2002,12,1,533
17096,1930,9,1,270
17097,2002,12,1,611
17098,1920,3,1,119
17099,2007,15,1,515
17100,1992,9,1,230
17101,1930,3,1,120
17102,1930,3,4,53
17103,1930,6,1,296
17104,1934,3,1,107
17105,1993,12,1,268
17106,1933,9,1,191
17107,1993,9,1,187
17108,1930,12,1,234
17109,1930,9,1,269
17110,1938,9,1,249
17111,1964,12,1,421
17112,1930,3,1,197
17113,1988,3,1,83
17114,2022,15,1,3039
17115,2024,12,1,219
17116,2020,9,1,200
17117,2021,9,1,174
17118,2020,9,1,174
17119,1920,3,4,482
17120,2003,18,1,1120
17121,1964,15,1,861
17122,2003,21,1,1282
17123,2002,3,4,100
17124,1920,3,4,786
17125,2001,21,1,2569
17126,2006,21,1,2321
17127,2002,6,4,583
17128,1996,3,1,94
17129,1973,6,4,3057
17130,1989,21,1,1808
17131,1981,21,1,2045
17132,1925,3,1,134
17133,1925,3,1,76
17134,1925,12,1,233
17135,1983,12,1,350
17136,2002,21,1,5314
17137,1998,21,1,4906
17138,1925,6,4,51
17139,2005,21,1,5007
17140,2007,30,1,11120
17141,2000,27,1,11115
17142,1965,36,1,24754
17143,1980,21,1,1443
17144,1980,24,1,1107
17145,1925,6,1,176
17146,1947,6,1,183
17147,2024,12,1,685
17148,1960,12,1,560
17149,1963,15,1,698
17150,1963,6,1,223
17151,1996,18,1,1027
17152,1936,6,1,176
17153,1936,6,1,162
17154,1930,9,1,324
17155,1952,6,1,233
17156,2007,15,1,509
17157,1978,21,1,1017
17158,1927,3,1,100
17159,1972,9,1,263
17160,1936,9,1,243
17161,1936,6,1,172
17162,1936,6,1,175
17163,1993,9,1,240
17164,1936,6,1,429
17165,1936,6,1,429
17166,1936,6,1,320
17167,1957,18,1,1639
17168,1957,18,1,808
17169,1957,18,1,953
17170,1957,3,3,38
17171,1957,18,1,1610
17172,1957,18,1,1656
17173,1957,18,1,1697
17174,1957,18,1,798
17175,1957,18,1,874
17176,1957,18,1,816
17177,1957,18,1,1635
17178,1957,18,1,1674
17179,1971,12,1,827
17180,1962,12,1,454
17181,1965,12,1,498
17182,1975,21,1,1170
17183,1975,24,1,2853
17184,1967,18,1,2238
17185,1963,12,1,785
17186,1964,3,4,382
17187,1940,6,1,168
17188,1932,6,1,198
17189,1923,3,1,129
17190,1976,27,1,1320
17191,1968,21,1,1153
17192,2001,18,1,1007
17193,2001,18,1,780
17194,1880,6,1,365
17195,1936,6,4,157
17196,2004,9,1,536
17197,1925,3,1,69
17198,1936,9,1,402
17199,1932,6,1,167
17200,1937,3,1,119
17201,1949,3,3,73
17202,1923,9,1,292
17203,1936,9,1,196
17204,1969,12,1,350
17205,1900,3,3,225
17206,2008,12,1,272
17207,1978,9,3,460
17208,1940,9,1,1164
17209,1936,6,1,176
17210,1994,12,1,274
17211,1952,9,1,240
17212,1916,12,1,287
17213,2001,15,1,1119
17214,1916,3,1,39
17215,1997,18,1,1590
17216,1998,15,1,1326
17217,1982,12,1,791
17218,2006,6,1,490
17219,2008,15,1,1211
17220,2020,15,1,2163
17221,2024,15,1,1767
17222,1975,3,3,17
17223,1900,9,1,228
17224,1920,3,1,506
17225,1920,3,1,61
17226,1989,15,1,5920
17227,1971,30,1,2607
17228,1971,30,1,4222
17229,2003,12,1,348
17230,2000,12,1,256
17231,1967,6,1,213
17232,1994,15,1,340
17233,1932,3,1,90
17234,1930,6,1,138
17235,1963,12,1,456
17236,1966,24,1,2871
17237,1932,6,1,180
17238,2006,15,1,4647
17239,2006,15,1,6324
17240,1981,21,1,3672
17241,1942,9,1,319
17242,1984,15,1,1565
17243,1984,15,1,1261
17244,1985,15,1,1846
17245,1986,15,1,879
17246,1986,3,1,554
17247,1988,15,1,2855
17248,2003,18,1,1877
17249,2000,15,1,1322
17250,1932,9,1,217
17251,1932,6,1,186
17252,2001,21,1,5878
17253,1945,3,3,179
17254,1945,9,1,330
17255,1996,6,4,4279
17256,2005,12,1,1145
17257,2003,21,1,5325
17258,1954,6,1,276
17259,2009,21,1,10063
17260,2007,18,1,1866
17261,2020,6,1,207
17262,2021,6,1,268
17263,1998,15,1,2984
17264,1993,12,1,441
17265,1950,6,1,126
17266,1924,6,1,186
17267,1990,12,1,209
17268,1930,6,1,346
17269,1925,9,1,248
17270,2007,15,1,996
17271,1924,9,1,280
17272,1962,3,1,95
17273,1959,9,1,219
17274,2005,15,1,1353
17275,1958,9,1,121
17276,1991,9,1,131
17277,1960,6,1,109
17278,1968,9,1,148
17279,1963,9,1,132
17280,1950,9,1,244
17281,1964,9,1,227
17282,1960,3,1,115
17283,1955,3,1,82
17284,1980,15,1,430
17285,1965,9,1,238
17286,1964,9,1,206
17287,1960,6,1,204
17288,1993,9,1,230
17289,1936,9,1,219
17290,1940,6,1,197
17291,1935,6,1,214
17292,1997,18,1,3061
17293,1950,12,1,262
17294,1957,6,1,142
17295,1993,6,1,185
17296,1950,6,1,165
17297,1955,6,1,160
17298,1950,6,1,164
17299,2022,6,1,321
17300,1953,6,1,187
17301,1930,6,3,172
17302,1963,6,1,130
17303,1950,9,1,150
17304,2001,6,1,137
17305,1955,6,1,149
17306,1958,6,1,227
17307,1957,6,1,179
17308,1955,9,1,244
17309,1957,6,1,322
17310,1957,9,1,189
17311,1950,6,1,134
17312,1953,9,1,185
17313,1949,6,1,154
17314,1945,9,1,206
17315,1967,12,1,427
17316,0970,15,1,559
17317,1985,9,1,939
17318,1965,15,1,2208
17319,2024,9,1,282
17320,1900,6,1,178
17321,1993,18,1,4943
17322,1998,18,1,4045
17323,1942,6,1,460
17324,1975,27,1,2159
17325,1970,9,1,340
17326,2021,12,1,223
17327,1930,9,1,351
17328,2005,12,1,264
17329,1969,6,1,288
17330,1958,6,1,185
17331,1963,6,1,120
17332,1965,9,1,143
17333,1979,24,1,1598
17334,1957,6,1,291
17335,1959,9,1,180
17336,1966,6,1,194
17337,1964,9,1,180
17338,1958,3,1,128
17339,1992,6,1,52
17340,1999,21,1,3844
17341,2009,15,1,1596
17342,2004,15,1,645
17343,1964,15,1,862
17344,1961,3,1,111
17345,1961,3,1,88
17346,1961,3,1,115
17347,1962,6,1,199
17348,1961,6,1,189
17349,2006,15,1,845
17350,1961,3,1,108
17351,1962,6,1,96
17352,1962,6,1,109
17353,1962,3,1,112
17354,1961,3,1,126
17355,1961,6,1,195
17356,1961,12,1,386
17357,1988,18,1,549
17358,1963,9,1,212
17359,1937,9,1,214
17360,1963,9,1,224
17361,1961,12,1,290
17362,1961,3,1,118
17363,1960,9,1,388
17364,1960,6,1,288
17365,1997,12,1,719
17366,2006,15,1,1923
17367,1959,6,1,62
17368,2021,15,1,715
17369,1955,9,1,246
17370,2007,12,1,249
17371,1950,6,1,182
17372,1992,15,1,2671
17373,1950,6,1,121
17374,1950,9,1,199
17375,1955,9,1,209
17376,1955,6,1,162
17377,1955,6,1,195
17378,1994,9,1,336
17379,1950,3,1,130
17380,1960,9,1,179
17381,2001,15,1,563
17382,1970,6,4,131
17383,1970,6,1,233
17384,2004,15,1,368
17385,1950,3,1,126
17386,1950,6,1,98
17387,2005,12,1,375
17388,1955,12,1,237
17389,1950,12,1,218
17390,1945,12,1,213
17391,1984,12,1,181
17392,1950,6,1,132
17393,1989,9,1,383
17394,1970,6,1,206
17395,1957,12,1,354
17396,1955,9,1,221
17397,2002,15,1,386
17398,1953,9,1,138
17399,1953,6,1,146
17400,1976,12,1,301
17401,1970,6,1,157
17402,1959,9,1,199
17403,1963,9,1,186
17404,1969,6,1,193
17405,1990,9,1,278
17406,1995,12,1,323
17407,1961,9,1,717
17408,1963,3,1,85
17409,1957,6,1,118
17410,1960,6,1,144
17411,1958,6,1,157
17412,1968,6,1,180
17413,1969,9,1,221
17414,1972,6,1,197
17415,1966,9,1,185
17416,1962,6,1,113
17417,1956,6,1,169
17418,1970,3,3,22
17419,1967,18,1,790
17420,1973,12,1,473
17421,1966,6,4,142
17422,1950,0,3,80
17423,1967,21,1,1024
17424,1960,6,1,130
17425,1979,27,1,4247
17426,1979,27,1,2512
17427,1991,21,1,4666
17428,1970,21,1,758
17429,1970,21,1,1869
17430,1970,21,1,1755
17431,1972,21,1,1678
17432,1930,12,4,1415
17433,1930,6,1,106
17434,1930,9,1,98
17435,1930,9,1,114
17436,1970,21,1,2067
17437,1970,21,1,1791
17438,1970,21,1,1792
17439,1970,21,1,1778
17440,1980,6,3,6417
17441,2004,15,1,629
17442,2008,15,1,2483
17443,1991,24,1,3018
17444,1979,27,1,2652
17445,1979,30,1,2706
17446,1970,21,1,1936
17447,1970,21,1,1687
17448,1974,21,1,1850
17449,1970,21,1,1663
17450,1930,9,1,228
17451,1930,3,1,100
17452,1930,6,1,208
17453,1930,12,1,330
17454,1930,6,4,219
17455,1930,6,1,185
17456,1957,6,1,220
17457,1930,6,1,148
17458,1956,3,1,118
17459,1930,3,1,76
17460,1930,9,1,156
17461,1930,9,1,183
17462,1970,21,1,2030
17463,1970,21,1,1934
17464,1970,21,1,1952
17465,2007,15,1,2163
17466,1996,21,1,1506
17467,1996,21,1,1373
17468,1997,21,1,1164
17469,1997,21,1,1372
17470,1997,21,1,1503
17471,1997,21,1,1472
17472,1997,18,1,1489
17473,1998,18,1,1103
17474,1998,18,1,1103
17475,1998,15,1,1432
17476,1998,18,1,1238
17477,2000,18,1,4643
17478,2005,18,1,4187
17479,2001,18,1,8475
17480,1999,6,4,1494
17481,2009,6,4,3774
17482,1985,12,1,11770
17483,1988,3,3,1015
17484,1980,3,3,25
17485,1981,3,3,260
17486,1988,3,3,1016
17487,1988,3,3,405
17488,1988,3,3,364
17489,1988,3,3,331
17490,1988,3,3,166
17491,1986,3,3,629
17492,1986,3,3,311
17493,1986,3,3,265
17494,1986,3,3,265
17495,1988,3,3,166
17496,2024,6,3,4487
17497,1959,6,1,319
17498,1956,3,1,68
17499,1956,9,1,307
17500,1979,6,1,260
17501,1978,6,1,286
17502,1976,3,3,48
17503,1964,6,1,587
17504,1970,3,1,385
17505,1979,3,1,260
17506,1975,6,1,837
17507,2012,9,1,335
17508,1971,6,1,140
17509,1961,3,1,234
17510,1957,3,1,101
17511,1969,6,1,321
17512,1972,6,1,320
17513,1979,6,1,305
17514,1979,6,1,202
17515,1949,9,1,467
17516,1975,9,1,884
17517,1978,6,1,454
17518,1949,6,1,552
17519,1959,6,4,218
17520,1963,9,4,409
17521,1968,6,1,270
17522,1972,12,1,503
17523,1970,12,1,465
17524,1963,15,1,1100
17525,1965,15,1,360
17526,1960,15,1,686
17527,1965,6,1,181
17528,1963,9,1,332
17529,1960,6,1,290
17530,1968,15,1,513
17531,1967,6,1,137
17532,1965,6,1,365
17533,1967,12,1,431
17534,1969,9,1,435
17535,1977,12,1,836
17536,1966,9,1,172
17537,1970,12,1,300
17538,1960,9,1,291
17539,1960,6,1,144
17540,1965,9,1,288
17541,1993,21,1,2000
17542,1963,6,1,211
17543,1967,15,1,411
17544,1965,15,1,1140
17545,1968,15,1,1079
17546,1970,12,1,416
17547,1972,12,1,349
17548,1966,18,1,645
17549,1966,12,1,363
17550,1960,3,1,122
17551,1970,9,1,226
17552,1968,15,1,597
17553,1958,6,1,214
17554,1963,12,1,340
17555,1967,12,1,361
17556,2006,15,1,349
17557,1958,3,1,110
17558,1920,3,1,97
17559,1906,6,1,161
17560,2008,15,1,456
17561,1978,6,1,222
17562,1910,3,1,121
17563,1958,12,1,412
17564,2008,15,1,851
17565,1978,9,1,300
17566,1972,12,1,273
17567,1957,9,1,243
17568,1956,9,1,211
17569,1957,6,1,105
17570,1959,12,1,437
17571,1930,6,1,195
17572,1974,12,1,257
17573,1960,6,4,229
17574,1958,6,1,223
17575,1973,21,1,1543
17576,1973,18,1,1400
17577,1973,15,1,850
17578,1971,15,1,571
17579,1960,15,1,577
17580,1958,9,1,190
17581,1958,12,1,305
17582,2007,15,1,2754
17583,1965,15,1,720
17584,1965,15,1,536
17585,1965,15,1,990
17586,1992,15,1,2212
17587,1973,21,1,1807
17588,1956,12,1,416
17589,1950,6,1,393
17590,1950,12,1,264
17591,1955,6,1,179
17592,1992,9,4,1096
17593,1973,21,1,578
17594,1973,18,1,816
17595,1973,18,1,837
17596,1965,15,1,342
17597,1965,15,1,824
17598,1965,15,1,1800
17599,1965,15,1,1781
17600,1965,15,1,1800
17601,1965,3,1,235
17602,1960,9,1,690
17603,1974,21,1,3718
17604,1980,21,1,10613
17605,2003,15,1,770
17606,1970,6,1,187
17607,1978,21,1,13036
17608,1960,6,1,205
17609,1935,3,1,105
17610,1950,6,1,202
17611,2020,12,1,285
17612,1989,3,4,220
17613,2001,15,1,3275
17614,1989,9,1,184
17615,1989,9,1,184
17616,2005,15,1,4469
17617,2011,15,1,2864
17618,1960,15,1,537
17619,1990,9,1,187
17620,1985,6,1,228
17621,1997,9,1,645
17622,1989,9,1,184
17623,1989,9,1,184
17624,1989,9,1,184
17625,1990,15,1,900
17626,1999,15,1,1133
17627,2000,15,1,2152
17628,1900,9,1,219
17629,1900,6,4,166
17630,1900,9,1,343
17631,1900,6,1,271
17632,1900,9,4,409
17633,1900,6,1,295
17634,1999,9,1,327
17635,1900,3,4,98
17636,1900,6,1,239
17637,1975,6,3,319
17638,1930,15,1,946
17639,1900,15,1,492
17640,1900,6,1,178
17641,1900,6,1,508
17642,1900,6,1,383
17643,1900,9,1,270
17644,1900,6,1,175
17645,1982,9,1,311
17646,1932,6,1,301
17647,2000,9,1,380
17648,1930,6,1,235
17649,1925,6,1,234
17650,1965,9,1,616
17651,1915,12,1,459
17652,1988,9,1,342
17653,1930,6,1,151
17654,1935,6,1,150
17655,1996,6,1,394
17656,1934,3,1,92
17657,1925,3,1,216
17658,1930,3,1,146
17659,1960,3,3,1101
17660,1993,15,1,10441
17661,1966,6,1,181
17662,1965,6,1,230
17663,1950,9,1,305
17664,1954,9,1,330
17665,1950,3,1,110
17666,1962,9,1,243
17667,1964,6,1,293
17668,1960,6,1,258
17669,2000,15,1,1126
17670,1954,6,1,50
17671,2005,21,1,1624
17672,2003,18,1,5619
17673,2003,15,1,1729
17674,2006,21,1,2660
17675,2006,18,1,4827
17676,2023,27,1,6227
17677,2013,15,1,3498
17678,1900,6,1,602
17679,1948,9,1,274
17680,1960,6,1,170
17681,1960,3,1,102
17682,1960,9,1,193
17683,1969,12,3,465
17684,1969,9,1,296
17685,1976,18,1,610
17686,1930,3,3,172
17687,2003,6,1,437
17688,1935,6,1,414
17689,1992,15,1,3116
17690,1968,18,1,1838
17691,1968,18,1,1714
17692,2007,15,1,1779
17693,2005,15,1,2663
17694,2005,15,1,1417
17695,1999,9,1,548
17696,1966,9,1,262
17697,1978,9,3,226
17698,2009,15,1,1501
17699,1954,6,1,402
17700,1970,21,1,1200
17701,1974,21,1,1146
17702,1990,12,1,246
17703,1934,6,1,240
17704,1934,3,1,209
17705,1979,21,1,2182
17706,1958,3,3,83
17707,1975,21,1,1343
17708,2006,15,1,630
17709,2006,15,1,3134
17710,1962,9,1,442
17711,1935,6,1,243
17712,1915,6,1,349
17713,1918,3,1,148
17714,1935,12,1,496
17715,1925,12,1,493
17716,1962,6,1,171
17717,1930,6,3,361
17718,1989,15,1,600
17719,1918,6,1,151
17720,1918,9,1,267
17721,1918,3,1,86
17722,2002,12,1,217
17723,1905,6,1,315
17724,1915,6,4,217
17725,1928,6,1,154
17726,1915,3,1,178
17727,1920,3,1,82
17728,1920,6,1,255
17729,1922,12,1,275
17730,1920,3,1,127
17731,1915,3,1,119
17732,1910,9,1,210
17733,1910,9,1,247
17734,1930,6,1,230
17735,1910,3,1,78
17736,1910,3,4,174
17737,1970,24,1,1933
17738,2003,21,1,5087
17739,2006,15,1,1967
17740,1925,12,1,448
17741,1968,12,1,556
17742,1988,6,3,371
17743,1998,15,1,755
17744,1975,21,1,3547
17745,1968,15,3,4018
17746,1990,9,1,186
17747,1960,9,1,404
17748,1998,15,1,7331
17749,1994,12,1,188
17750,1998,9,1,198
17751,1958,9,1,257
17752,1920,9,1,235
17753,2002,9,1,247
17754,1968,6,1,187
17755,1963,6,1,185
17756,1934,12,1,309
17757,1924,3,1,83
17758,1923,9,1,238
17759,1969,12,1,410
17760,1965,12,1,358
17761,1988,6,3,514
17762,2007,12,1,282
17763,1963,12,1,347
17764,2006,15,1,1367
17765,2012,15,1,2229
17766,1953,9,1,307
17767,1997,18,1,1865
17768,2004,15,1,1664
17769,1950,3,1,58
17770,1950,6,1,81
17771,1958,6,1,264
17772,1991,9,1,183
17773,2005,9,1,1313
17774,1976,12,1,303
17775,2005,15,1,1612
17776,2000,15,1,4093
17777,2008,15,1,1432
17778,1994,21,1,7557
17779,1972,24,1,2169
17780,1987,9,4,451
17781,1930,6,1,326
17782,1995,15,1,1881
17783,1930,3,1,82
17784,1970,12,1,264
17785,1930,6,1,148
17786,1930,3,1,131
17787,1930,3,1,100
17788,1930,3,1,83
17789,1971,6,1,563
17790,1994,21,1,5810
17791,1981,27,1,2970
17792,1981,21,1,1489
17793,1993,24,1,21640
17794,1993,18,1,2721
17795,1935,12,1,174
17796,1935,6,1,390
17797,1935,6,4,392
17798,1918,6,1,183
17799,1950,6,4,1606
17800,2003,15,4,10118
17801,1950,3,3,33
17802,1979,27,1,2363
17803,1979,21,1,1286
17804,1979,27,1,1800
17805,1979,27,1,1800
17806,1935,9,1,348
17807,1934,6,1,183
17808,1934,3,1,90
17809,1919,6,1,167
17810,1930,6,1,216
17811,1959,3,1,100
17812,1935,3,4,98
17813,2006,9,1,345
17814,2018,9,1,191
17815,1922,6,1,159
17816,1932,9,1,256
17817,1934,6,1,312
17818,1936,9,1,699
17819,1969,18,1,998
17820,1975,9,1,278
17821,1930,12,1,151
17822,1930,9,1,154
17823,1999,12,1,255
17824,1936,3,1,55
17825,1930,9,1,127
17826,1930,9,1,143
17827,1930,6,1,95
17828,1935,6,1,50
17829,1935,9,1,147
17830,1935,6,1,68
17831,2005,15,1,3534
17832,2019,9,1,228
17833,2019,9,1,422
17834,1935,3,1,67
17835,1935,6,1,151
17836,1935,6,1,126
17837,1935,3,1,158
17838,1932,12,1,383
17839,1935,6,1,178
17840,1932,9,1,257
17841,2021,9,1,342
17842,1932,3,1,214
17843,1932,3,1,218
17844,1932,9,1,362
17845,2003,15,1,1754
17846,1996,15,1,752
17847,1999,21,1,3302
17848,2020,21,1,4050
17849,2020,15,1,2868
17850,1960,12,4,3108
17851,2000,9,4,2334
17852,1996,21,1,8072
17853,2012,18,4,4397
17854,2021,18,1,11350
17855,1993,15,1,3337
17856,1923,6,1,208
17857,1930,9,1,626
17858,2018,9,1,226
17859,1960,6,1,189
17860,1910,9,4,235
17861,1997,9,1,487
17862,1996,15,1,638
17863,1955,12,1,293
17864,1977,24,1,1436
17865,1964,9,1,610
17866,1927,6,1,352
17867,1989,15,1,941
17868,1920,6,1,160
17869,1922,3,1,80
17870,1970,6,4,210
17871,1993,9,1,326
17872,1910,6,1,169
17873,1978,30,1,5271
17874,1921,3,1,125
17875,2020,12,1,289
17876,1998,9,1,256
17877,2024,6,1,149
17878,1920,6,1,362
17879,2019,9,1,244
17880,1933,6,1,452
17881,2003,18,1,1701
17882,1945,12,1,495
17883,1945,12,4,877
17884,1981,15,1,1613
17885,1950,12,1,1083
17886,1949,9,1,900
17887,1956,3,1,197
17888,2000,12,1,785
17889,1962,12,1,315
17890,1923,9,1,454
17891,1920,6,4,117
17892,1959,6,4,643
17893,1992,21,1,3403
17894,1994,21,1,3515
17895,1975,27,1,4801
17896,1968,12,1,260
17897,1960,3,4,105
17898,1993,18,1,861
17899,1965,9,1,416
17900,1967,9,1,614
17901,1961,9,1,1194
17902,1970,18,4,1328
17903,1972,27,1,3851
17904,1996,15,1,4364
17905,1958,12,1,746
17906,1958,6,3,371
17907,1970,3,3,405
17908,2003,12,1,2388
17909,1981,24,1,1606
17910,1928,3,3,119
17911,1950,12,1,519
17912,1925,3,1,138
17913,1936,3,1,152
17914,1950,9,1,297
17915,1945,9,1,412
17916,1946,6,1,281
17917,1978,15,1,769
17918,1977,24,1,910
17919,1968,15,1,519
17920,1934,6,1,226
17921,1930,12,1,383
17922,1940,6,1,106
17923,1927,6,1,120
17924,1920,9,1,371
17925,1925,6,4,138
17926,2003,6,1,240
17927,1921,6,1,260
17928,1932,6,1,145
17929,1941,6,4,386
17930,1960,6,1,393
17931,2002,18,1,2247
17932,2007,15,1,905
17933,2010,18,1,3146
17934,1998,15,1,3737
17935,1980,21,1,2910
17936,1983,21,1,3142
17937,1945,6,4,2587
17938,1977,21,1,2889
17939,1945,9,3,1561
17940,1990,18,1,2088
17941,1945,12,3,522
17942,1945,9,3,2280
17943,1945,3,3,1388
17944,1996,21,1,8739
17945,1967,9,1,294
17946,1930,6,1,110
17947,1931,3,1,90
17948,2003,18,1,783
17949,1930,6,1,93
17950,1920,6,1,198
17951,2003,9,1,362
17952,1991,15,1,504
17953,1978,6,1,188
17954,1978,15,1,413
17955,1922,6,1,124
17956,1918,6,1,139
17957,1920,9,1,224
17958,1989,15,1,2783
17959,1989,15,1,2596
17960,2000,18,1,2069
17961,2002,18,1,1634
17962,2009,15,1,2539
17963,1994,12,1,598
17964,1941,9,1,198
17965,1941,9,1,198
17966,1961,9,1,399
17967,1965,6,1,297
17968,1960,3,1,126
17969,1993,15,4,3792
17970,1967,24,1,3067
17971,1968,6,1,282
17972,1970,9,1,417
17973,1932,6,1,306
17974,1940,6,1,101
17975,1995,9,1,176
17976,1930,3,1,110
17977,2004,18,1,1382
17978,1919,3,1,73
17979,1945,3,1,85
17980,1963,3,1,87
17981,1961,3,1,80
17982,1935,6,1,194
17983,1955,9,3,385
17984,2002,12,1,943
17985,2004,15,1,2551
17986,1960,6,1,306
17987,1955,12,1,96
17988,1975,15,1,797
17989,1956,6,1,183
17990,1950,6,1,107
17991,1978,12,1,327
17992,1955,6,1,141
17993,1960,9,1,295
17994,1955,6,1,229
17995,1955,6,1,266
17996,1955,9,1,302
17997,1950,12,1,245
17998,1852,15,1,560
17999,1965,12,3,930
18000,1965,12,1,282
18001,1950,3,1,100
18002,1953,9,1,192
18003,1950,6,1,136
18004,1955,6,1,101
18005,1960,9,1,135
18006,2005,12,1,193
18007,1955,9,1,314
18008,1955,3,1,123
18009,1950,6,1,155
18010,2021,9,1,203
18011,2005,21,1,5104
18012,1988,21,1,1762
18013,1950,21,1,603
18014,1966,6,1,243
18015,1949,6,3,511
18016,1978,21,1,1043
18017,1949,9,1,213
18018,2004,9,1,849
18019,2002,15,1,2328
18020,2005,18,1,2304
18021,1962,30,1,2351
18022,1962,18,1,597
18023,1948,3,1,91
18024,1991,12,1,241
18025,2004,9,1,188
18026,2009,12,1,277
18027,1948,6,1,130
18028,1999,3,1,176
18029,1948,6,1,138
18030,1929,3,1,98
18031,1948,6,1,86
18032,1948,3,1,95
18033,1948,9,1,471
18034,1930,12,1,396
18035,1962,27,1,1448
18036,2000,15,1,1127
18037,2001,21,1,1182
18038,2005,24,1,4948
18039,2006,21,1,1489
18040,1999,21,1,568
18041,1979,27,1,936
18042,1995,12,1,297
18043,1930,6,1,137
18044,1930,9,1,225
18045,1930,12,1,224
18046,1930,6,4,131
18047,1999,12,1,282
18048,1910,3,1,79
18049,1930,15,1,366
18050,1930,9,1,240
18051,1930,9,1,130
18052,1930,9,1,284
18053,1930,3,1,23
18054,1930,9,1,158
18055,1930,6,1,208
18056,1991,9,1,257
18057,1930,3,1,174
18058,1930,6,1,312
18059,1988,12,1,515
18060,1979,21,1,1330
18061,1930,6,1,130
18062,1961,9,1,162
18063,1964,6,4,207
18064,1963,12,1,890
18065,1962,18,1,1441
18066,2007,15,1,897
18067,1950,12,1,231
18068,2002,15,1,649
18069,1958,3,1,216
18070,1964,3,1,95
18071,1964,3,1,110
18072,1964,3,1,88
18073,1964,3,1,99
18074,1963,3,4,144
18075,1963,3,1,106
18076,1963,9,1,283
18077,1963,6,1,225
18078,1958,3,1,67
18079,1960,3,1,83
18080,1960,9,1,177
18081,1999,15,1,1045
18082,2005,15,1,860
18083,1961,3,1,136
18084,1999,12,1,476
18085,1962,18,1,1456
18086,2007,15,1,1296
18087,1960,9,1,122
18088,1960,3,1,202
18089,1958,3,1,162
18090,1942,6,1,186
18091,2005,15,1,778
18092,1999,9,1,207
18093,1955,6,1,150
18094,1937,3,1,80
18095,1950,9,1,227
18096,1950,9,1,152
18097,1950,9,1,430
18098,1944,9,1,234
18099,1930,3,1,88
18100,2006,15,1,308
18101,1950,6,1,190
18102,1950,3,1,78
18103,1950,3,1,70
18104,1960,18,1,910
18105,1950,3,1,108
18106,2011,15,1,2115
18107,1950,9,1,445
18108,2008,15,1,3804
18109,1966,18,1,831
18110,1950,12,1,429
18111,1961,6,1,161
18112,1959,12,1,418
18113,1997,15,1,545
18114,1970,18,1,1186
18115,1938,6,1,174
18116,1965,18,1,1136
18117,1964,18,1,1072
18118,1966,6,1,456
18119,1963,6,1,247
18120,1981,18,1,2202
18121,1970,18,1,748
18122,1930,9,1,214
18123,2007,15,1,3352
18124,2009,15,1,3720
18125,1984,12,1,696
18126,1930,3,3,300
18127,1969,9,1,268
18128,1958,6,1,255
18129,1986,3,3,147
18130,1971,15,1,836
18131,1982,12,1,687
18132,1953,9,1,223
18133,1965,12,1,299
18134,1954,9,1,449
18135,1957,6,1,400
18136,1959,6,1,220
18137,1955,6,1,271
18138,1957,15,1,392
18139,2003,3,1,175
18140,1959,9,1,216
18141,1960,9,1,218
18142,1996,15,1,704
18143,1962,3,4,348
18144,1959,6,1,210
18145,1994,12,1,246
18146,1994,6,3,833
18147,1960,6,1,176
18148,1959,6,1,223
18149,1959,6,1,248
18150,2008,15,1,2534
18151,1995,9,1,202
18152,1959,9,1,244
18153,1952,9,1,295
18154,1931,3,1,104
18155,1932,9,1,224
18156,1948,6,1,134
18157,1942,6,1,164
18158,1931,3,1,107
18159,1942,6,1,262
18160,1954,3,1,92
18161,1956,12,1,315
18162,1952,9,1,424
18163,2005,15,1,1792
18164,1936,6,1,390
18165,1951,9,1,240
18166,1960,9,1,295
18167,1948,6,4,288
18168,1970,18,1,3885
18169,1928,6,1,106
18170,1935,6,1,98
18171,1939,9,1,124
18172,1941,6,1,71
18173,1966,9,1,320
18174,1949,6,1,276
18175,2011,15,1,315
18176,1957,6,1,218
18177,1958,9,1,112
18178,1958,6,1,125
18179,1965,24,1,1749
18180,1993,21,1,2095
18181,1988,15,1,563
18182,1995,21,1,970
18183,1988,9,1,378
18184,1970,21,1,1070
18185,1950,6,4,554
18186,1955,9,1,796
18187,1955,9,1,596
18188,1965,21,1,1228
18189,1965,9,1,351
18190,1960,18,1,500
18191,1965,9,1,272
18192,1955,15,1,464
18193,1955,9,1,498
18194,1950,6,1,405
18195,1955,9,1,191
18196,1955,9,1,176
18197,1963,9,1,182
18198,1955,12,1,423
18199,1968,6,3,542
18200,1960,9,1,325
18201,1955,9,1,429
18202,2003,6,1,356
18203,1960,9,1,615
18204,1990,18,1,628
18205,1988,15,1,670
18206,1998,15,1,1499
18207,2007,21,1,1928
18208,2008,15,1,1198
18209,1988,3,3,37
18210,1966,9,1,246
18211,2000,15,1,680
18212,1964,6,1,342
18213,1959,6,1,246
18214,1958,3,1,106
18215,1963,6,1,168
18216,1964,3,1,182
18217,1965,6,1,174
18218,1975,6,1,193
18219,1960,6,1,143
18220,1999,21,1,12233
18221,1962,12,1,347
18222,1966,6,4,290
18223,1965,9,1,292
18224,1982,12,1,401
18225,1978,15,1,423
18226,1978,12,1,421
18227,1976,3,1,138
18228,1974,9,1,282
18229,1976,6,1,246
18230,1972,12,1,412
18231,1969,6,1,179
18232,1973,9,1,321
18233,1976,9,1,349
18234,1976,9,1,289
18235,1969,9,1,312
18236,1976,12,1,428
18237,2001,9,1,249
18238,1955,6,1,215
18239,1962,9,1,268
18240,1965,6,1,217
18241,1969,9,1,196
18242,1969,9,1,190
18243,1969,9,1,194
18244,1969,9,1,159
18245,1970,12,1,186
18246,1966,9,1,129
18247,1965,6,1,96
18248,2000,15,1,550
18249,1978,18,1,682
18250,1971,15,1,541
18251,1965,6,1,185
18252,1969,9,1,294
18253,1982,9,1,347
18254,1972,18,1,759
18255,1976,9,1,120
18256,1961,3,1,106
18257,1965,3,3,346
18258,1972,9,1,345
18259,1979,18,1,701
18260,1974,12,1,497
18261,1976,12,1,510
18262,1965,6,1,185
18263,1968,9,1,245
18264,1972,9,1,235
18265,1970,9,1,194
18266,1965,12,1,325
18267,1965,12,1,303
18268,1987,3,3,247
18269,1961,9,1,240
18270,1972,9,1,235
18271,1961,6,1,197
18272,1958,12,1,732
18273,2006,15,1,653
18274,1959,6,1,112
18275,1962,12,1,221
18276,1960,12,1,186
18277,1965,9,1,164
18278,1959,9,1,257
18279,2006,15,1,389
18280,1964,9,1,190
18281,1962,9,1,181
18282,1962,9,1,160
18283,1971,9,1,201
18284,1967,9,1,178
18285,1994,6,1,561
18286,1991,21,1,3113
18287,2017,9,1,162
18288,1962,12,1,204
18289,1962,9,1,209
18290,1962,9,1,236
18291,1969,9,1,142
18292,1969,9,1,181
18293,1969,9,1,165
18294,1970,9,1,165
18295,1971,9,1,193
18296,1972,12,1,281
18297,2001,15,1,343
18298,1991,9,1,330
18299,1991,18,1,880
18300,1996,18,1,1691
18301,1979,15,3,18469
18302,1983,3,3,6088
18303,1988,9,3,4683
18304,1980,3,3,16
18305,1974,6,3,1814
18306,1980,6,3,2746
18307,1976,3,3,1594
18308,1978,3,3,314
18309,1980,3,3,25
18310,1978,3,3,16
18311,1975,6,4,2609
18312,1975,6,3,5516
18313,1975,6,3,2844
18314,1800,6,1,1353
18315,1972,3,1,117
18316,1989,9,1,205
18317,1950,6,1,136
18318,1945,3,3,290
18319,1950,3,1,73
18320,1970,18,1,376
18321,1955,9,1,229
18322,1970,18,1,1021
18323,1944,9,4,272
18324,1960,6,1,165
18325,1944,6,1,127
18326,1950,3,1,126
18327,1960,9,1,354
18328,2003,6,1,221
18329,1960,12,1,282
18330,1960,12,1,191
18331,1955,9,1,164
18332,1955,9,1,267
18333,1991,9,1,246
18334,1990,9,1,224
18335,1950,9,1,538
18336,1950,6,1,440
18337,2009,18,1,2489
18338,1950,6,1,121
18339,1993,9,1,229
18340,1955,9,1,344
18341,1955,6,1,153
18342,1933,3,1,124
18343,1950,3,1,105
18344,1950,3,1,143
18345,1979,6,1,304
18346,1965,18,1,708
18347,1994,6,1,266
18348,1960,15,1,463
18349,1955,9,1,332
18350,1923,9,1,122
18351,2021,9,1,339
18352,1955,6,1,70
18353,1955,6,1,94
18354,2003,15,1,456
18355,1955,3,3,24
18356,1981,15,1,1181
18357,1985,12,1,716
18358,1988,9,1,431
18359,1978,15,1,1564
18360,1975,12,1,502
18361,1978,12,1,736
18362,1978,9,1,1036
18363,1975,6,3,240
18364,1983,18,1,1466
18365,1977,12,1,470
18366,1975,12,1,720
18367,1999,12,1,216
18368,1999,12,1,216
18369,1999,12,1,216
18370,1999,12,1,216
18371,2000,21,1,2723
18372,1972,15,1,1000
18373,1968,15,1,960
18374,1968,15,1,960
18375,1968,15,1,960
18376,1961,15,1,960
18377,1961,15,1,1030
18378,1984,15,1,984
18379,1978,18,1,1324
18380,1978,9,1,434
18381,1980,18,1,1207
18382,1988,9,1,150
18383,1988,9,1,150
18384,1988,9,1,150
18385,1988,12,1,195
18386,1988,9,1,150
18387,1988,9,1,150
18388,1988,9,1,150
18389,1988,9,1,150
18390,1988,9,1,150
18391,1988,9,1,150
18392,1988,9,1,150
18393,1988,9,1,150
18394,1964,9,1,245
18395,1964,9,1,701
18396,1964,9,1,701
18397,1964,9,1,516
18398,1964,15,1,794
18399,1964,9,1,456
18400,1961,9,1,266
18401,1964,9,1,701
18402,1964,9,1,701
18403,1964,9,1,701
18404,1964,9,1,243
18405,1964,9,1,436
18406,1965,6,1,254
18407,1963,9,1,259
18408,1950,6,1,143
18409,1905,3,1,131
18410,1993,9,1,350
18411,1978,9,1,495
18412,1982,12,1,600
18413,1925,3,1,237
18414,1930,9,1,375
18415,1970,9,1,273
18416,2004,15,1,886
18417,1968,3,1,152
18418,1930,3,1,109
18419,1963,12,1,473
18420,1956,9,1,165
18421,1957,6,1,91
18422,1959,3,1,79
18423,1979,3,3,81
18424,1958,3,1,111
18425,1954,9,1,328
18426,1957,3,1,90
18427,1958,9,1,222
18428,2000,12,1,320
18429,1955,3,1,71
18430,1977,12,1,357
18431,1993,9,1,180
18432,1960,3,1,111
18433,1969,9,1,177
18434,2009,15,1,1116
18435,2001,6,1,529
18436,1945,3,1,110
18437,1945,9,1,230
18438,1968,12,1,270
18439,1930,3,1,66
18440,1955,9,1,194
18441,1982,9,1,853
18442,1960,3,1,155
18443,1950,3,1,116
18444,1960,3,1,153
18445,1960,3,1,127
18446,1965,6,1,206
18447,1970,6,1,154
18448,1968,6,1,130
18449,2006,12,1,364
18450,2010,15,1,671
18451,1977,6,1,223
18452,1968,3,1,87
18453,1958,3,1,90
18454,1950,6,1,199
18455,1956,9,1,182
18456,1970,12,1,203
18457,1950,3,1,105
18458,1975,9,1,183
18459,1970,12,1,310
18460,1999,6,1,179
18461,1968,6,1,111
18462,1969,6,1,129
18463,1958,6,1,168
18464,1930,6,1,103
18465,1930,9,1,293
18466,1930,6,1,222
18467,1920,6,1,100
18468,2011,12,1,2761
18469,2008,15,1,1134
18470,2001,15,1,524
18471,2001,3,1,174
18472,1931,6,1,153
18473,1900,6,1,128
18474,1971,6,1,220
18475,1963,3,3,60
18476,1964,3,3,59
18477,1965,3,3,59
18478,1965,3,3,80
18479,1930,3,1,108
18480,1973,9,1,295
18481,1920,3,1,106
18482,1983,9,1,405
18483,1930,3,1,84
18484,1920,6,1,117
18485,2006,6,1,179
18486,1992,12,1,408
18487,2009,12,1,288
18488,1950,9,1,285
18489,1900,6,1,172
18490,1970,9,1,365
18491,1920,6,1,195
18492,1960,3,1,100
18493,1930,6,1,120
18494,1930,3,1,92
18495,2000,12,1,4118
18496,2006,15,1,3164
18497,1970,9,1,422
18498,1920,9,1,168
18499,1976,3,3,700
18500,1956,6,1,364
18501,1963,9,1,346
18502,1973,12,1,627
18503,2023,6,1,195
18504,1934,6,1,179
18505,1934,3,1,198
18506,1974,12,1,229
18507,2009,15,1,716
18508,1980,9,1,273
18509,1960,3,1,208
18510,1958,9,1,254
18511,1950,3,1,198
18512,1951,3,1,198
18513,1947,3,1,186
18514,1963,3,1,205
18515,1949,6,1,230
18516,1962,3,1,110
18517,1944,3,1,143
18518,1950,6,1,244
18519,1956,3,1,80
18520,1930,6,1,269
18521,1950,6,1,248
18522,1935,9,1,275
18523,1973,9,1,280
18524,2011,15,1,2323
18525,1970,15,1,2818
18526,1970,9,1,565
18527,1950,6,1,223
18528,2006,15,1,280
18529,1960,6,1,149
18530,1974,21,1,1065
18531,1990,12,1,3158
18532,1930,6,1,154
18533,1958,6,1,165
18534,1960,12,1,637
18535,1970,21,1,1940
18536,1975,6,1,278
18537,2002,15,1,1853
18538,1999,15,1,1192
18539,1995,15,1,2763
18540,1990,9,1,240
18541,1992,12,1,217
18542,2003,12,1,232
18543,1992,12,1,465
18544,1997,15,1,1258
18545,1924,3,1,81
18546,1935,3,1,153
18547,1950,6,4,204
18548,1950,3,1,156
18549,1930,3,1,102
18550,1953,6,1,236
18551,1983,12,1,356
18552,1050,6,1,152
18553,1935,6,1,158
18554,1920,3,1,106
18555,1973,9,1,268
18556,2016,6,3,234
18557,1930,9,1,608
18558,1961,12,1,403
18559,1942,3,1,206
18560,1980,12,1,900
18561,1935,9,1,268
18562,1960,9,1,690
18563,1992,12,1,278
18564,1968,6,3,730
18565,1900,6,3,2174
18566,1963,3,3,52
18567,2020,12,1,222
18568,1999,12,1,433
18569,2005,15,1,1826
18570,2010,15,1,3879
18571,2010,15,1,1392
18572,2009,15,1,4410
18573,1984,9,1,274
18574,1943,6,1,69
18575,1975,21,1,1734
18576,1970,21,1,1235
18577,1923,12,1,277
18578,1950,6,4,222
18579,1910,9,1,252
18580,1939,6,1,136
18581,1929,3,3,166
18582,1948,6,1,163
18583,1910,6,1,213
18584,1934,6,4,107
18585,2006,6,1,170
18586,1998,9,1,244
18587,1920,9,1,240
18588,1930,3,1,105
18589,1931,12,1,184
18590,1940,3,1,74
18591,1930,3,1,52
18592,1925,3,4,102
18593,1970,18,1,2030
18594,1975,18,1,700
18595,1929,6,1,145
18596,1905,6,1,145
18597,1909,6,1,131
18598,1916,6,1,143
18599,1974,9,1,356
18600,1908,6,1,140
18601,1930,3,1,100
18602,1920,3,1,117
18603,1941,3,1,87
18604,1912,3,1,80
18605,1912,3,1,59
18606,1940,6,1,200
18607,1940,9,1,224
18608,1938,9,1,168
18609,1940,6,1,234
18610,1914,6,1,120
18611,1917,3,1,89
18612,1920,3,1,76
18613,1920,3,1,113
18614,1920,6,1,155
18615,1912,3,1,68
18616,1987,9,1,239
18617,1987,9,1,173
18618,1987,9,1,171
18619,1987,9,1,171
18620,1987,9,1,174
18621,1943,3,1,48
18622,1943,6,1,132
18623,1942,6,1,143
18624,2006,18,1,3142
18625,2010,15,1,1047
18626,1959,12,4,15640
18627,1978,18,1,610
18628,1913,3,1,196
18629,1996,9,4,1211
18630,1962,24,1,971
18631,1962,18,1,916
18632,1962,18,1,1074
18633,1962,18,1,1078
18634,1890,6,1,121
18635,1890,6,1,102
18636,1890,6,1,137
18637,1890,12,1,208
18638,1883,6,1,187
18639,1890,6,3,84
18640,1890,9,1,155
18641,1895,6,1,145
18642,1890,6,1,238
18643,1890,6,3,155
18644,1890,9,1,187
18645,1882,9,1,226
18646,1890,6,1,175
18647,1881,6,1,170
18648,1883,3,1,98
18649,1975,6,1,136
18650,1890,6,3,132
18651,1883,9,1,199
18652,1890,3,1,79
18653,1995,9,1,392
18654,1880,6,1,248
18655,1890,6,1,107
18656,1883,9,1,238
18657,1883,6,1,145
18658,1890,9,1,208
18659,1905,6,1,145
18660,1890,9,1,197
18661,1890,6,1,134
18662,1883,6,1,142
18663,1903,6,1,128
18664,1983,6,1,218
18665,1883,12,1,328
18666,1883,9,1,247
18667,1883,6,1,121
18668,1905,6,1,77
18669,1883,6,1,81
18670,1880,6,1,82
18671,2007,15,1,291
18672,1895,6,1,152
18673,1890,9,1,251
18674,1890,6,1,166
18675,1890,6,1,170
18676,1890,9,1,164
18677,1880,6,1,184
18678,1883,6,1,184
18679,1883,6,1,203
18680,1893,6,1,120
18681,1905,6,1,179
18682,1890,9,1,147
18683,1890,9,1,147
18684,1880,6,1,118
18685,1880,9,1,171
18686,1890,6,1,148
18687,1882,6,1,140
18688,1882,6,1,163
18689,1890,6,1,131
18690,1997,15,1,694
18691,2005,15,1,1304
18692,2009,15,1,541
18693,2019,21,1,7805
18694,1970,27,1,2847
18695,2010,15,1,793
18696,1970,27,1,2888
18697,1970,30,1,3025
18698,1970,30,1,3078
18699,1994,15,1,4862
18700,1972,24,1,2253
18701,1972,24,1,1610
18702,1972,24,1,2134
18703,1972,24,1,2101
18704,1940,12,1,451
18705,1955,9,1,122
18706,1970,9,1,228
18707,1971,24,1,1894
18708,1960,21,1,1126
18709,1950,3,1,105
18710,1960,9,1,222
18711,1953,12,1,369
18712,1960,12,1,352
18713,1960,6,1,233
18714,2003,12,1,1368
18715,2010,15,1,856
18716,2003,18,1,1506
18717,2005,18,1,1852
18718,2007,18,1,5927
18719,2007,18,1,2798
18720,2008,42,1,9087
18721,2008,42,1,17967
18722,2024,18,1,4704
18723,1960,6,3,90
18724,1960,15,4,22401
18725,1996,21,4,5752
18726,1920,12,4,12282
18727,1960,15,1,1539
18728,1972,27,1,3733
18729,1962,18,1,1144
18730,2007,18,1,1591
18731,1970,12,1,283
18732,2008,9,1,164
18733,2007,18,1,1096
18734,2007,18,1,4423
18735,1930,6,1,105
18736,2022,9,1,136
18737,2024,18,1,11025
18738,1931,6,1,519
18739,1931,3,1,85
18740,1986,15,1,733
18741,1986,15,1,864
18742,1987,15,1,831
18743,1920,6,1,266
18744,1975,12,1,371
18745,1925,6,1,184
18746,1905,3,1,98
18747,1924,6,1,222
18748,1930,6,1,172
18749,1922,6,1,257
18750,1927,15,1,573
18751,2005,6,1,281
18752,1920,6,1,232
18753,1920,9,1,234
18754,1939,15,1,786
18755,1920,9,1,251
18756,1964,15,1,917
18757,1950,6,1,218
18758,1920,9,1,278
18759,1925,9,1,290
18760,1930,6,1,177
18761,1930,6,1,197
18762,1936,6,1,224
18763,1962,9,1,332
18764,1971,12,1,430
18765,1925,6,1,120
18766,1940,6,1,296
18767,1960,6,1,417
18768,1939,6,1,166
18769,1922,3,1,115
18770,1915,6,1,206
18771,1994,9,1,252
18772,1955,6,1,251
18773,1920,9,1,307
18774,1968,9,1,210
18775,1969,9,1,250
18776,1970,6,1,133
18777,1923,9,1,150
18778,1930,3,1,129
18779,1947,3,1,126
18780,1971,6,1,176
18781,1969,6,1,176
18782,1964,9,3,412
18783,2017,9,1,185
18784,1972,21,1,2969
18785,1986,18,1,575
18786,1976,12,1,718
18787,1920,6,1,194
18788,2000,12,1,2217
18789,2002,18,1,2450
18790,2002,15,1,3745
18791,2003,15,1,1739
18792,2005,18,1,1499
18793,1999,6,4,147
18794,1976,21,1,11331
18795,1978,3,3,12
18796,1991,15,1,2984
18797,1988,24,1,2877
18798,1987,24,1,1893
18799,1973,24,1,2250
18800,1975,24,1,3043
18801,1990,15,1,2732
18802,1989,15,1,2692
18803,1991,15,1,4120
18804,1987,15,1,1817
18805,1992,12,4,5997
18806,1994,18,1,3370
18807,1980,27,1,3170
18808,1989,24,1,1583
18809,1991,18,1,1700
18810,1991,18,1,1619
18811,1990,15,1,2410
18812,1990,15,1,1305
18813,1993,18,1,2006
18814,1995,18,1,1709
18815,1993,15,1,3260
18816,1992,21,1,5658
18817,1965,3,4,2948
18818,1999,6,3,1409
18819,1965,3,3,26
18820,1965,9,3,3435
18821,1946,12,1,665
18822,1990,21,4,1379
18823,2014,3,4,165
18824,1979,9,4,12337
18825,1979,3,3,49
18826,1964,12,1,345
18827,1954,6,4,272
18828,1900,9,1,3750
18829,1987,3,4,247
18830,1963,3,3,17
18831,1976,6,3,1582
18832,1976,9,3,1515
18833,1970,21,1,2710
18834,1955,6,1,195
18835,1960,6,4,249
18836,2015,9,1,212
18837,1950,3,1,106
18838,1950,3,1,129
18839,1950,3,1,135
18840,1960,12,1,282
18841,1955,9,1,248
18842,1950,3,1,108
18843,2000,15,1,528
18844,1955,6,1,152
18845,2006,12,1,228
18846,1997,12,1,256
18847,1955,9,1,238
18848,1955,6,1,146
18849,1955,6,1,143
18850,1950,3,1,46
18851,1975,9,1,171
18852,1955,6,1,172
18853,1955,9,1,268
18854,1950,3,1,109
18855,1975,9,1,322
18856,1965,18,1,610
18857,1960,9,1,278
18858,1950,9,1,260
18859,1926,6,1,205
18860,1970,21,1,1757
18861,1965,12,1,657
18862,2008,15,1,1391
18863,1945,9,1,227
18864,1958,9,1,164
18865,1958,9,3,228
18866,1958,6,1,95
18867,1958,6,1,176
18868,1960,9,1,184
18869,1994,15,1,2201
18870,1958,9,1,210
18871,1958,6,1,135
18872,1958,9,1,217
18873,1958,6,1,185
18874,1960,6,1,160
18875,1960,9,1,331
18876,1958,9,1,210
18877,1993,15,1,1112
18878,1958,6,1,280
18879,1958,6,1,206
18880,1950,3,1,76
18881,1958,3,1,85
18882,1958,6,4,191
18883,1958,6,1,95
18884,1960,6,1,188
18885,1960,12,1,261
18886,2001,15,1,1296
18887,2007,15,1,1740
18888,1960,6,1,116
18889,1993,12,1,299
18890,1953,12,1,240
18891,1958,6,1,153
18892,1955,6,1,151
18893,1958,6,1,146
18894,1950,6,1,132
18895,1950,3,1,125
18896,2009,15,1,322
18897,1955,6,1,229
18898,1959,6,1,120
18899,1956,9,1,160
18900,1958,3,1,120
18901,1962,12,1,364
18902,1960,9,1,198
18903,1959,9,1,180
18904,1955,6,1,219
18905,1959,6,1,257
18906,1961,6,1,263
18907,1958,9,1,258
18908,1961,12,1,376
18909,1957,3,1,80
18910,1957,3,3,112
18911,1958,6,1,215
18912,1961,6,1,126
18913,1994,9,3,376
18914,1955,6,1,279
18915,1979,9,1,218
18916,1960,9,1,181
18917,1960,9,1,285
18918,1958,3,1,112
18919,1958,6,1,198
18920,1963,12,1,476
18921,1960,6,1,290
18922,1995,3,1,160
18923,1962,9,1,213
18924,1950,6,1,50
18925,1950,9,1,72
18926,1959,6,1,60
18927,1950,6,1,147
18928,2005,15,1,1231
18929,1961,12,1,351
18930,1961,3,1,16
18931,1960,6,1,74
18932,1951,12,1,764
18933,1960,21,1,1206
18934,1970,21,1,1322
18935,1932,9,1,349
18936,1922,6,1,174
18937,1999,6,1,418
18938,1948,9,1,232
18939,1952,9,1,223
18940,1946,6,1,141
18941,1953,9,1,84
18942,1979,12,1,313
18943,1949,9,1,229
18944,1957,9,1,170
18945,1946,12,1,273
18946,1923,6,1,237
18947,2000,12,1,247
18948,2003,15,1,369
18949,1988,15,1,588
18950,1953,6,1,226
18951,1958,9,1,265
18952,1952,9,1,224
18953,1941,9,1,114
18954,1947,6,1,225
18955,1930,15,4,1034
18956,1967,15,1,970
18957,1958,15,1,960
18958,1971,18,1,1152
18959,1969,15,1,392
18960,1967,18,1,880
18961,1985,24,1,2555
18962,1990,21,1,4158
18963,1956,9,1,260
18964,1960,9,1,290
18965,1953,9,1,158
18966,1950,9,1,139
18967,1950,9,1,161
18968,1950,9,1,198
18969,1950,3,1,67
18970,1950,9,1,175
18971,1950,6,1,143
18972,1950,9,1,154
18973,1950,6,1,180
18974,1950,9,1,209
18975,1950,9,1,216
18976,1947,12,1,385
18977,1964,9,1,178
18978,1950,6,1,80
18979,1953,6,1,193
18980,1950,6,1,184
18981,1954,3,1,124
18982,1950,3,1,95
18983,1950,6,1,220
18984,1950,6,1,183
18985,1953,9,1,765
18986,1950,6,1,440
18987,1950,9,1,164
18988,1950,9,1,122
18989,2000,15,1,1705
18990,1992,15,1,598
18991,1950,12,4,884
18992,1975,27,1,1494
18993,1950,3,4,265
18994,1953,9,1,200
18995,1953,9,1,274
18996,1953,9,1,184
18997,2016,9,1,292
18998,1950,9,1,281
18999,1953,12,1,353
19000,1950,9,1,95
19001,1953,6,1,160
19002,1955,9,1,253
19003,1953,12,1,319
19004,1981,15,1,1117
19005,1950,6,1,154
19006,1954,6,1,213
19007,2009,15,1,1267
19008,1953,3,1,38
19009,1950,9,1,348
19010,1995,15,1,2018
19011,1970,18,1,1118
19012,1979,18,1,1118
19013,1979,18,1,1118
19014,1979,18,1,1080
19015,1979,18,1,1091
19016,1930,6,3,1583
19017,1930,9,1,139
19018,1930,12,1,198
19019,1930,18,1,315
19020,1992,15,4,287
19021,1930,9,1,136
19022,1930,3,1,55
19023,1930,9,1,132
19024,1930,9,1,197
19025,1930,9,1,117
19026,1962,12,1,215
19027,1970,21,1,1838
19028,1979,21,1,1908
19029,1979,15,3,20
19030,2007,15,1,769
19031,2022,9,1,189
19032,2022,9,1,179
19033,2024,12,1,200
19034,2024,9,1,198
19035,1994,15,1,2443
19036,1986,15,1,410
19037,1960,6,1,174
19038,1965,9,1,240
19039,1960,6,1,90
19040,1959,3,1,82
19041,2003,15,1,731
19042,1991,24,1,2477
19043,1991,24,1,2024
19044,1993,21,1,4879
19045,1991,24,1,4433
19046,1994,15,1,2228
19047,1992,12,1,247
19048,1992,12,1,297
19049,2000,15,1,1205
19050,1959,9,1,158
19051,1963,9,1,204
19052,1964,12,1,255
19053,1965,9,1,206
19054,1962,9,1,437
19055,1969,6,1,297
19056,1965,6,1,221
19057,1970,12,1,451
19058,2006,12,1,296
19059,1962,6,1,148
19060,1965,9,1,252
19061,1962,6,1,169
19062,1969,9,1,314
19063,1966,12,1,298
19064,1961,6,1,202
19065,1960,6,1,260
19066,1960,6,1,214
19067,1959,6,1,236
19068,1965,9,1,265
19069,1970,6,1,200
19070,1969,3,1,98
19071,1969,3,1,99
19072,2002,15,1,799
19073,1969,3,1,112
19074,1963,6,1,244
19075,1964,6,1,268
19076,1964,6,1,340
19077,1964,6,1,189
19078,2002,12,1,271
19079,1965,3,1,111
19080,1959,3,1,112
19081,1964,6,1,161
19082,1964,9,1,301
19083,1963,6,1,185
19084,1960,6,1,143
19085,1963,12,1,469
19086,1959,3,1,117
19087,1974,6,1,218
19088,1964,9,1,403
19089,1964,12,1,251
19090,1970,21,1,1304
19091,1957,9,1,354
19092,1960,6,1,198
19093,1962,6,1,397
19094,1965,6,1,172
19095,1966,6,1,266
19096,1965,12,1,401
19097,1964,3,1,214
19098,1967,9,1,327
19099,1970,21,1,830
19100,1960,12,1,181
19101,1963,12,1,266
19102,1962,6,1,162
19103,1970,6,3,901
19104,1967,6,1,327
19105,1999,6,1,260
19106,1974,12,1,134
19107,1960,9,1,175
19108,1962,6,1,128
19109,1997,12,1,227
19110,1958,9,1,225
19111,1960,9,1,306
19112,1958,6,1,222
19113,1963,6,1,208
19114,1964,6,1,214
19115,1960,6,1,265
19116,1959,6,1,270
19117,1962,6,1,470
19118,1995,15,1,511
19119,1960,9,1,255
19120,1960,9,1,217
19121,1964,9,1,167
19122,1968,9,1,184
19123,1970,12,1,332
19124,1960,18,1,1489
19125,1965,6,1,450
19126,1962,9,1,168
19127,1963,15,1,411
19128,1964,9,1,221
19129,1967,12,1,217
19130,2012,15,1,1096
19131,1962,6,1,179
19132,1958,6,1,108
19133,1960,9,1,176
19134,1959,9,1,187
19135,1965,6,1,191
19136,1960,9,1,167
19137,1958,6,1,75
19138,1989,9,1,220
19139,1965,6,1,135
19140,1963,9,1,193
19141,1963,9,1,145
19142,1959,6,1,148
19143,1960,6,1,164
19144,1961,6,1,149
19145,1962,6,1,128
19146,1962,12,1,352
19147,1966,9,1,118
19148,1965,9,1,129
19149,1966,9,1,150
19150,1958,3,1,57
19151,1957,3,1,75
19152,1964,9,1,160
19153,1958,6,1,97
19154,1965,12,1,247
19155,1962,9,1,129
19156,1960,6,1,188
19157,1965,9,4,200
19158,1957,9,1,202
19159,1966,12,1,366
19160,1955,6,1,118
19161,1965,9,1,214
19162,1989,9,1,157
19163,1989,9,1,200
19164,1989,9,1,205
19165,1989,9,1,165
19166,1989,9,1,165
19167,1989,9,1,165
19168,1989,3,3,17
19169,1989,6,1,165
19170,1989,9,1,183
19171,1989,6,1,110
19172,1989,9,1,180
19173,1989,9,1,180
19174,1989,9,1,180
19175,1989,9,1,180
19176,1989,9,1,180
19177,1989,9,1,180
19178,1989,9,1,180
19179,1989,9,1,281
19180,1997,3,1,372
19181,1968,12,1,324
19182,2008,15,1,1145
19183,2016,9,3,5267
19184,1980,9,3,2275
19185,1981,6,3,450
19186,1994,9,3,8707
19187,1994,3,3,598
19188,1994,3,3,595
19189,1994,3,3,20
19190,1969,3,1,121
19191,1978,3,1,333
19192,1978,3,1,179
19193,1969,3,1,178
19194,1969,3,1,121
19195,1995,3,4,63
19196,1970,6,4,821
19197,1960,3,3,593
19198,1960,3,3,70
19199,1960,3,4,213
19200,1800,9,1,3058
19201,2022,9,3,18178
19202,2001,6,4,1808
19203,2009,15,3,7962
19204,2009,6,3,2858
19205,1995,6,4,1842
19206,1996,3,3,592
19207,2001,12,4,7198
19208,2005,6,3,15106
19209,2000,6,3,5380
19210,2000,6,4,5059
19211,2002,12,3,13830
19212,2007,6,3,6442
19213,1999,6,4,2346
19214,2004,6,3,5745
19215,1970,3,3,128
19216,1962,6,3,6383
19217,1970,3,3,16
19218,1970,3,3,76
19219,1936,6,3,831
19220,1962,12,1,333
19221,1953,3,1,85
19222,1994,12,1,464
19223,1976,21,1,2449
19224,1975,6,3,413
19225,1982,15,1,1002
19226,1982,18,1,1157
19227,1977,12,1,448
19228,1975,18,1,2372
19229,1974,24,1,1413
19230,1973,15,1,1854
19231,1975,6,1,462
19232,1975,12,1,571
19233,1983,15,1,4149
19234,1981,18,1,2479
19235,1980,15,1,887
19236,1975,6,1,380
19237,1960,9,1,362
19238,1957,6,1,316
19239,1965,9,1,325
19240,1968,9,1,287
19241,1963,6,1,260
19242,1957,6,1,116
19243,1965,18,1,1144
19244,2001,6,1,345
19245,1994,9,1,362
19246,1964,12,1,471
19247,1980,12,1,559
19248,1974,6,1,263
19249,1968,9,1,379
19250,1961,3,1,124
19251,1980,15,1,8177
19252,1958,12,1,343
19253,1953,6,1,160
19254,1964,6,1,146
19255,1964,6,1,152
19256,1962,3,1,89
19257,1961,3,1,80
19258,1957,3,1,76
19259,1953,6,1,152
19260,1953,9,1,163
19261,1956,3,1,67
19262,1954,6,1,73
19263,1965,6,1,245
19264,2004,9,1,254
19265,1996,3,3,242
19266,2000,12,1,626
19267,2008,15,1,1632
19268,2006,15,1,2274
19269,1980,15,1,1512
19270,1992,12,1,432
19271,1985,12,1,360
19272,2008,15,1,2205
19273,1985,9,1,304
19274,1983,9,1,326
19275,1983,12,1,537
19276,1989,12,1,349
19277,1985,9,1,332
19278,2001,15,1,503
19279,1999,9,1,353
19280,1982,9,1,364
19281,1985,9,1,250
19282,1990,12,1,340
19283,1979,12,1,529
19284,1982,9,1,577
19285,1988,9,1,336
19286,1978,12,1,480
19287,1980,15,1,860
19288,1983,9,1,326
19289,1983,12,1,416
19290,1978,12,1,425
19291,1980,21,1,1808
19292,1977,15,1,2327
19293,1973,18,1,1632
19294,1974,18,1,1640
19295,1975,18,1,1620
19296,1989,12,1,917
19297,1991,15,1,396
19298,1987,9,1,274
19299,1982,3,3,170
19300,2004,15,1,1248
19301,1983,15,1,1207
19302,1976,15,1,1591
19303,1976,18,1,1614
19304,1975,18,1,1657
19305,2000,15,1,2301
19306,1984,12,1,420
19307,1940,6,1,226
19308,1935,6,1,197
19309,1935,6,1,143
19310,1935,6,1,128
19311,1940,6,1,187
19312,1929,6,1,181
19313,1950,6,1,101
19314,1950,3,1,80
19315,1930,9,1,190
19316,1935,6,1,230
19317,1920,6,1,103
19318,1960,6,1,180
19319,1998,9,1,464
19320,2023,15,1,576
19321,1983,6,1,517
19322,1953,3,1,151
19323,1970,6,4,270
19324,1994,15,4,1652
19325,1970,6,1,285
19326,1970,21,1,1190
19327,1920,6,4,302
19328,1951,6,1,103
19329,1920,6,1,130
19330,1929,3,1,92
19331,1970,9,1,260
19332,1991,12,1,222
19333,1910,6,1,204
19334,1910,6,1,216
19335,1970,21,1,1272
19336,1900,6,1,146
19337,1910,9,1,167
19338,1900,6,1,124
19339,1950,9,1,261
19340,2010,12,1,186
19341,1940,6,1,110
19342,1994,18,1,393
19343,1993,9,1,249
19344,1978,3,3,215
19345,1943,3,1,117
19346,1993,12,1,545
19347,2006,15,1,286
19348,1984,9,1,431
19349,1989,6,3,272
19350,1980,21,1,2484
19351,1971,6,3,421
19352,1975,6,1,233
19353,1956,6,1,79
19354,1984,6,1,99
19355,1996,15,1,1318
19356,1970,21,1,1268
19357,1970,21,1,1295
19358,1958,6,3,232
19359,2006,15,1,543
19360,1973,3,3,497
19361,1924,3,3,44
19362,1924,6,1,194
19363,1930,6,1,102
19364,1930,12,1,400
19365,1974,6,1,192
19366,1930,9,4,357
19367,1970,15,4,2192
19368,1927,6,1,558
19369,1975,27,1,7201
19370,1967,21,1,1172
19371,1985,12,1,255
19372,1930,6,1,304
19373,1928,9,1,285
19374,1925,3,1,77
19375,1972,21,1,4244
19376,1996,18,4,1537
19377,2004,15,1,5714
19378,2005,15,1,4182
19379,1970,18,1,1358
19380,1971,21,1,2767
19381,1972,21,1,3111
19382,1972,21,1,1679
19383,1968,6,1,312
19384,1967,6,1,249
19385,1970,9,1,411
19386,1968,6,1,214
19387,1968,15,1,550
19388,1969,9,1,749
19389,1970,9,3,430
19390,1970,6,4,2469
19391,1940,9,1,346
19392,1955,9,3,1880
19393,1950,3,3,840
19394,1965,6,1,607
19395,2000,9,3,699
19396,1981,12,1,6547
19397,1977,21,1,2572
19398,1977,21,1,2544
19399,1970,24,1,2117
19400,1972,24,1,2667
19401,1962,6,1,164
19402,1965,3,1,106
19403,1967,9,1,230
19404,1966,9,1,234
19405,1971,12,1,549
19406,1988,9,1,529
19407,1966,6,1,210
19408,1962,18,1,829
19409,1990,21,1,5108
19410,1979,21,1,2612
19411,1984,21,1,1893
19412,1983,21,1,2431
19413,1971,21,1,1724
19414,1971,27,1,2715
19415,1965,12,1,893
19416,1978,24,1,1648
19417,1972,21,1,1432
19418,1978,21,1,1795
19419,1978,21,1,1843
19420,1920,9,4,2569
19421,1969,27,1,3374
19422,1954,12,1,369
19423,1954,3,1,100
19424,2000,12,1,268
19425,1960,6,3,353
19426,1967,6,1,188
19427,1962,15,1,442
19428,1970,15,1,479
19429,2006,15,1,566
19430,1970,9,1,198
19431,1966,9,1,244
19432,1967,12,1,392
19433,1968,12,1,555
19434,1985,12,1,254
19435,1925,6,1,282
19436,1971,24,1,2464
19437,1988,3,3,744
19438,1985,9,1,264
19439,1936,6,1,342
19440,1985,9,1,264
19441,2000,15,1,2887
19442,2004,15,1,2230
19443,2006,18,1,1922
19444,2007,15,1,1092
19445,1977,24,1,2548
19446,2004,18,1,1016
19447,2016,6,1,181
19448,1935,3,1,114
19449,1942,3,1,116
19450,1965,6,1,206
19451,1958,9,1,183
19452,1993,6,1,198
19453,1966,6,1,160
19454,1967,6,1,253
19455,1953,3,1,62
19456,1967,6,1,592
19457,1995,21,1,5614
19458,2002,18,1,1002
19459,1997,12,1,298
19460,1977,9,1,491
19461,1959,6,1,274
19462,1959,6,1,97
19463,1969,12,1,356
19464,2023,9,1,260
19465,1932,3,1,97
19466,2004,6,1,278
19467,2001,12,1,187
19468,2023,9,1,235
19469,2004,15,1,1168
19470,1992,12,1,404
19471,1998,15,1,1457
19472,1973,21,1,1330
19473,1970,9,1,313
19474,1973,24,1,1134
19475,1973,9,1,449
19476,2007,12,1,389
19477,1967,21,1,1393
19478,1964,9,1,388
19479,1991,15,1,679
19480,1951,9,1,385
19481,1973,24,1,1586
19482,2002,15,1,582
19483,1994,15,1,568
19484,1990,12,1,243
19485,1933,6,1,198
19486,1930,3,1,87
19487,1961,9,1,232
19488,1995,18,1,5216
19489,1992,18,1,2908
19490,2001,15,1,1292
19491,2003,18,1,2903
19492,2007,18,1,1810
19493,1947,9,1,359
19494,1951,6,1,408
19495,1988,9,1,174
19496,2024,15,1,1062
19497,1951,6,1,140
19498,1959,3,1,82
19499,1965,9,1,225
19500,1973,24,1,2796
19501,1950,3,1,97
19502,1948,9,1,189
19503,1949,9,1,398
19504,1947,9,1,249
19505,1935,12,1,669
19506,1933,9,1,226
19507,1970,15,1,630
19508,1992,15,1,620
19509,1952,15,1,984
19510,1988,15,1,466
19511,1947,12,1,395
19512,1953,9,1,260
19513,1923,6,1,223
19514,2002,15,1,445
19515,1967,27,1,1977
19516,1988,9,1,163
19517,1988,9,1,169
19518,1988,9,1,259
19519,2019,15,1,2307
19520,1936,9,1,497
19521,2003,12,1,308
19522,1948,6,1,151
19523,2004,15,1,1676
19524,1974,21,1,3736
19525,1993,12,1,309
19526,1923,6,1,121
19527,1924,3,1,115
19528,1923,6,1,211
19529,1954,3,1,99
19530,1966,9,1,374
19531,1967,6,1,321
19532,1932,3,1,107
19533,1969,3,3,72
19534,1965,9,1,440
19535,2001,3,1,43
19536,1934,9,1,429
19537,1991,15,1,2412
19538,1967,6,1,126
19539,2001,6,1,150
19540,2007,15,1,1956
19541,1966,6,1,230
19542,1963,3,1,129
19543,1969,6,1,196
19544,1967,3,1,124
19545,2002,15,1,2410
19546,2004,15,1,1569
19547,2004,15,1,4072
19548,2008,15,1,1707
19549,2008,15,1,1164
19550,1969,3,4,159
19551,1967,6,1,248
19552,1931,3,1,124
19553,1962,12,1,423
19554,1961,6,1,231
19555,1922,3,1,226
19556,1939,6,1,443
19557,1972,27,1,3402
19558,1989,21,1,4884
19559,1957,9,1,303
19560,1972,9,1,223
19561,1989,21,1,1111
19562,1971,18,1,769
19563,1969,3,1,112
19564,1929,3,1,100
19565,1963,3,1,88
19566,1965,3,1,156
19567,1933,15,1,270
19568,1967,12,1,249
19569,1931,3,1,68
19570,1931,3,1,68
19571,1933,6,1,148
19572,1960,9,3,4548
19573,2003,6,3,7474
19574,1963,9,4,5285
19575,1980,6,3,657
19576,1955,6,1,78
19577,2002,12,1,246
19578,1989,12,1,221
19579,2004,12,1,349
19580,1988,12,1,373
19581,1963,12,1,495
19582,2004,12,1,255
19583,1970,6,3,346
19584,2007,15,1,4372
19585,1988,9,1,165
19586,1988,9,1,165
19587,1988,9,1,165
19588,1988,9,1,188
19589,1988,9,1,243
19590,1988,9,1,166
19591,1988,9,1,166
19592,1988,9,1,166
19593,1988,9,1,167
19594,1988,9,1,210
19595,1991,21,1,5455
19596,1989,12,1,237
19597,1989,12,1,248
19598,2000,15,1,861
19599,2005,18,1,1730
19600,1999,6,3,1413
19601,1971,3,3,23
19602,1987,6,3,2210
19603,1984,6,3,2066
19604,1999,9,3,995
19605,1998,3,4,1971
19606,1961,6,3,1120
19607,1950,6,4,2762
19608,1970,3,3,310
19609,1976,3,3,759
19610,1956,6,3,521
19611,1963,3,3,10
19612,1975,3,4,336
19613,1987,3,3,2630
19614,1994,9,3,1074
19615,1975,3,3,374
19616,1959,3,1,96
19617,1959,3,1,134
19618,1998,3,4,232
19619,2002,9,4,1023
19620,1999,3,4,383
19621,1987,3,3,398
19622,1987,3,4,365
19623,1987,3,4,259
19624,2000,3,3,87
19625,1965,12,1,1300
19626,1955,6,4,254
19627,1955,9,1,359
19628,1955,9,1,351
19629,1950,6,1,271
19630,1965,18,1,870
19631,1976,12,1,292
19632,1965,3,1,144
19633,1955,12,1,187
19634,1955,6,1,182
19635,1955,9,1,401
19636,2005,18,1,1187
19637,1969,3,3,8
19638,1956,9,1,321
19639,1959,15,1,549
19640,1956,6,1,204
19641,1956,9,1,320
19642,1956,12,1,276
19643,1956,3,1,128
19644,1956,6,1,184
19645,1956,6,1,194
19646,1956,6,1,247
19647,1979,9,3,256
19648,1991,12,1,179
19649,1956,3,3,33
19650,1957,6,1,75
19651,1959,12,1,301
19652,2003,15,1,644
19653,1939,12,1,368
19654,1945,9,1,200
19655,2006,9,1,234
19656,2009,9,1,245
19657,1943,6,1,192
19658,1966,15,1,495
19659,1945,12,1,358
19660,1954,9,1,256
19661,1945,9,1,198
19662,1965,21,1,1648
19663,1965,18,1,404
19664,1935,6,1,90
19665,1998,9,1,223
19666,1950,6,1,122
19667,1950,6,1,83
19668,1955,9,1,191
19669,1955,6,1,200
19670,1950,6,1,183
19671,1945,6,1,117
19672,1945,6,1,184
19673,1955,6,1,182
19674,2002,15,1,1768
19675,1950,3,1,75
19676,1945,6,1,185
19677,1955,9,1,224
19678,1960,12,1,248
19679,1960,6,1,197
19680,1948,6,1,102
19681,1930,12,1,226
19682,1950,6,1,79
19683,1950,6,1,276
19684,1930,6,1,242
19685,2007,12,1,374
19686,1950,9,1,366
19687,1953,6,1,207
19688,1950,12,1,258
19689,1949,9,1,388
19690,1961,12,1,282
19691,1951,6,1,94
19692,1952,9,1,261
19693,1947,9,1,202
19694,1952,6,1,186
19695,1951,6,1,186
19696,1954,6,1,188
19697,1956,6,1,135
19698,1951,6,1,184
19699,1956,6,1,198
19700,1950,3,1,166
19701,1955,9,1,195
19702,1963,12,1,100
19703,1950,12,1,150
19704,1973,18,1,528
19705,1953,9,1,100
19706,1952,6,1,104
19707,2017,12,1,270
19708,1993,12,1,227
19709,1955,6,1,127
19710,2022,12,1,239
19711,1955,6,1,85
19712,1951,9,1,281
19713,1950,6,1,156
19714,2002,12,1,250
19715,1994,12,1,231
19716,1953,6,1,162
19717,1994,15,1,1406
19718,1954,12,1,266
19719,2000,12,4,291
19720,1954,6,1,218
19721,1953,3,1,94
19722,1951,6,1,172
19723,1949,3,1,90
19724,2001,6,1,132
19725,1950,3,1,110
19726,1989,12,1,316
19727,2001,15,1,1362
19728,1930,6,1,164
19729,1930,12,1,320
19730,1930,9,1,378
19731,1930,12,1,403
19732,1930,12,1,370
19733,1930,9,1,228
19734,1930,6,1,276
19735,1996,15,1,556
19736,1998,12,1,210
19737,1930,9,1,154
19738,1977,12,1,369
19739,1993,15,1,2189
19740,1962,6,1,428
19741,1959,12,1,336
19742,1949,9,1,304
19743,1952,9,1,319
19744,1951,6,3,285
19745,1984,9,1,280
19746,1969,12,1,662
19747,1959,9,1,389
19748,1955,9,1,229
19749,1955,6,1,156
19750,1989,6,1,230
19751,1955,3,1,129
19752,1955,6,1,426
19753,1951,6,1,188
19754,1993,12,1,200
19755,1947,6,1,145
19756,1948,6,1,207
19757,1992,12,3,45
19758,1992,15,1,2235
19759,1993,15,1,2292
19760,1949,9,1,320
19761,2006,15,1,1214
19762,1946,9,1,216
19763,1954,9,1,259
19764,1954,9,1,182
19765,1954,6,1,216
19766,1954,6,1,160
19767,1954,9,1,280
19768,1954,6,1,119
19769,1954,6,1,104
19770,1954,6,1,120
19771,1954,6,1,100
19772,1954,6,1,149
19773,1954,6,1,130
19774,1954,6,1,113
19775,1954,6,1,124
19776,1954,6,1,121
19777,1954,6,1,107
19778,1954,6,1,120
19779,1954,6,1,107
19780,1954,6,1,99
19781,1954,6,1,117
19782,1954,6,1,104
19783,1954,6,1,96
19784,1954,6,1,114
19785,1954,6,1,107
19786,1954,6,1,109
19787,1954,9,1,192
19788,1954,6,1,105
19789,1954,6,1,109
19790,1954,6,1,115
19791,1954,6,1,116
19792,1954,6,1,103
19793,1954,6,1,116
19794,1954,6,1,135
19795,1954,6,1,129
19796,1954,6,1,123
19797,1954,6,1,104
19798,1954,6,1,116
19799,1954,6,1,98
19800,1951,6,1,108
19801,1954,6,1,150
19802,1971,12,1,619
19803,1986,15,1,493
19804,1979,9,1,664
19805,1970,15,1,471
19806,1974,24,1,1987
19807,1970,18,1,1680
19808,1970,18,1,654
19809,1970,12,1,430
19810,1930,9,1,206
19811,1972,9,1,593
19812,1970,18,1,1106
19813,1979,21,1,3735
19814,1979,18,1,1170
19815,1930,3,1,128
19816,1930,12,1,322
19817,1970,21,1,744
19818,1955,12,1,126
19819,1955,9,1,151
19820,1997,12,1,327
19821,1960,9,1,266
19822,1965,15,1,434
19823,1955,6,1,157
19824,1984,12,1,393
19825,1955,6,1,143
19826,1960,6,3,250
19827,1965,15,1,380
19828,1955,12,1,374
19829,1960,6,1,298
19830,1955,9,1,223
19831,1955,9,1,249
19832,1955,12,1,322
19833,1955,9,1,356
19834,1955,6,1,356
19835,1965,21,1,1785
19836,1965,21,1,1770
19837,1965,12,1,438
19838,1993,12,1,418
19839,2000,15,1,1607
19840,1973,12,1,454
19841,1970,9,1,357
19842,1965,21,1,1815
19843,1965,21,1,1667
19844,1955,6,3,647
19845,1950,3,3,79
19846,1955,9,1,270
19847,1960,18,1,1128
19848,2015,15,1,346
19849,1960,12,1,316
19850,2007,21,1,1187
19851,1960,9,1,196
19852,1957,9,1,244
19853,1971,9,1,379
19854,1963,9,1,233
19855,1956,3,1,97
19856,1998,9,1,196
19857,1959,9,1,257
19858,1969,12,1,380
19859,1962,9,1,285
19860,1964,9,1,290
19861,1965,9,1,242
19862,1965,9,1,272
19863,1960,12,1,420
19864,1965,9,1,194
19865,2007,18,1,381
19866,1960,12,1,284
19867,1986,12,1,436
19868,1980,9,1,217
19869,1996,15,1,253
19870,1963,6,1,179
19871,1958,6,1,296
19872,1960,9,1,229
19873,1959,6,1,292
19874,1967,6,1,660
19875,1998,21,1,2518
19876,2003,18,1,1209
19877,1956,6,1,105
19878,2004,12,1,254
19879,1957,9,1,276
19880,1961,6,1,262
19881,1964,6,1,228
19882,1958,9,1,213
19883,1960,12,1,299
19884,1955,9,1,205
19885,1960,6,4,200
19886,1973,12,1,412
19887,1958,12,1,365
19888,1955,9,1,195
19889,1962,9,1,238
19890,1965,12,1,247
19891,1954,3,1,153
19892,1954,6,1,185
19893,1961,9,1,307
19894,1962,9,1,295
19895,1960,9,1,234
19896,1992,12,1,442
19897,1955,6,1,134
19898,1957,6,1,140
19899,1955,3,1,114
19900,1972,12,1,369
19901,1960,9,1,281
19902,1955,6,1,277
19903,1956,6,1,289
19904,1954,3,1,141
19905,1971,12,1,351
19906,1962,6,1,196
19907,1959,6,1,118
19908,1966,9,3,348
19909,2007,18,1,2487
19910,1965,9,1,188
19911,1959,6,1,127
19912,1958,6,1,173
19913,1959,9,1,123
19914,1967,12,1,344
19915,1958,12,1,366
19916,1959,9,1,252
19917,1965,9,1,235
19918,1965,9,1,248
19919,1962,6,1,143
19920,1957,9,1,234
19921,1970,9,1,154
19922,2005,12,1,197
19923,1970,9,1,208
19924,1969,9,1,206
19925,1962,9,1,259
19926,1962,9,1,126
19927,1970,12,1,283
19928,1972,9,1,205
19929,1970,9,1,166
19930,1977,3,1,115
19931,1965,3,1,115
19932,1966,6,1,164
19933,1973,9,1,250
19934,1999,15,1,765
19935,1963,9,1,163
19936,1967,12,1,258
19937,1962,9,4,177
19938,1966,12,1,280
19939,1974,21,1,2325
19940,1959,6,1,201
19941,1964,12,1,331
19942,1979,9,1,305
19943,1960,9,1,139
19944,1958,9,1,133
19945,1962,9,1,224
19946,1959,9,1,218
19947,1960,12,1,253
19948,1965,9,1,171
19949,1972,9,1,206
19950,1973,9,1,289
19951,1970,9,1,380
19952,1965,9,1,204
19953,1961,9,1,202
19954,1958,3,1,87
19955,1989,9,1,218
19956,1960,6,1,174
19957,1960,6,1,138
19958,1960,9,1,163
19959,1993,9,1,162
19960,1960,6,1,140
19961,1960,9,1,239
19962,1960,12,1,196
19963,1968,9,1,229
19964,1960,3,1,64
19965,2001,15,1,446
19966,1988,12,1,184
19967,1988,9,1,184
19968,1988,9,1,184
19969,1988,9,1,184
19970,1988,9,1,184
19971,1988,9,1,184
19972,1988,9,1,184
19973,1988,12,1,184
19974,1989,6,1,186
19975,1989,6,1,179
19976,1989,6,1,179
19977,1989,6,1,179
19978,1989,6,1,179
19979,1989,6,1,179
19980,1989,6,1,179
19981,1989,6,1,179
19982,1989,6,1,179
19983,1989,6,1,179
19984,1989,6,1,166
19985,1989,6,1,234
19986,1989,9,1,172
19987,1989,9,1,165
19988,1989,9,1,165
19989,1989,9,1,165
19990,1989,9,1,165
19991,1989,9,1,165
19992,1989,9,1,165
19993,1989,9,1,165
19994,2008,9,3,9025
19995,1996,3,4,9882
19996,1997,3,4,7164
19997,1997,0,3,771
19998,1996,3,4,488
19999,1997,6,4,8472
20000,2005,15,3,8041
20001,1997,6,4,3620
20002,1999,6,4,3987
20003,2000,9,4,67392
20004,2005,6,3,6759
20005,1996,6,3,13648
20006,1970,21,1,982
20007,1968,18,1,1872
20008,1969,18,1,1872
20009,1971,21,1,1186
20010,1968,24,1,2208
20011,1969,21,1,2180
20012,1967,21,1,2180
20013,1967,21,1,2208
20014,1968,3,3,20
20015,1968,27,1,2409
20016,1967,24,1,2460
20017,1970,24,1,1196
20018,1967,18,1,1872
20019,1967,18,1,1870
20020,1967,18,1,1870
20021,1967,18,1,1888
20022,1966,3,3,1495
20023,1975,9,1,550
20024,1960,6,3,743
20025,1960,6,3,1254
20026,1960,3,3,22
20027,1970,9,4,1756
20028,1970,9,3,1499
20029,1978,6,3,633
20030,1980,3,3,299
20031,1980,3,4,281
20032,1995,9,1,2189
20033,1980,6,3,792
20034,1980,6,4,792
20035,1976,15,3,1868
20036,1968,9,1,442
20037,1965,6,3,726
20038,1963,6,3,1019
20039,1965,9,1,931
20040,1975,6,1,784
20041,2009,21,1,1305
20042,2017,3,4,6390
20043,2017,3,3,514
20044,1930,12,1,338
20045,1958,6,1,291
20046,1930,3,1,101
20047,1978,6,1,208
20048,1930,6,1,175
20049,2007,15,1,519
20050,1954,6,1,116
20051,1954,6,1,186
20052,1960,15,1,809
20053,1974,21,1,4598
20054,1964,6,3,191
20055,1970,6,1,159
20056,1970,12,1,413
20057,1970,9,1,327
20058,1970,6,1,241
20059,1968,12,1,384
20060,1974,6,1,230
20061,1978,6,1,319
20062,1982,6,1,299
20063,1974,12,1,441
20064,2003,15,1,1119
20065,1981,15,1,731
20066,1967,6,1,215
20067,1970,6,1,224
20068,1963,6,1,220
20069,1977,9,1,264
20070,1972,12,1,400
20071,1970,18,1,798
20072,1982,9,1,321
20073,1994,15,1,496
20074,2014,6,1,168
20075,1971,6,1,258
20076,1994,15,1,472
20077,1910,6,1,224
20078,1982,9,1,417
20079,2001,15,1,496
20080,2007,15,1,528
20081,1963,6,3,281
20082,1930,9,1,286
20083,1934,12,1,337
20084,1934,9,1,248
20085,1988,12,1,308
20086,1988,12,1,286
20087,1988,12,1,303
20088,1988,12,1,275
20089,2007,15,1,1274
20090,2007,15,1,1374
20091,1922,9,1,410
20092,1930,6,1,148
20093,1992,9,1,326
20094,1966,9,1,219
20095,1983,9,1,252
20096,1983,9,1,382
20097,2008,15,1,688
20098,1955,3,3,162
20099,1954,3,1,149
20100,2007,15,1,1132
20101,1987,12,3,1021
20102,1960,3,1,154
20103,1960,3,3,85
20104,1960,6,1,320
20105,1960,6,1,358
20106,1957,6,3,1232
20107,1996,12,1,1826
20108,1972,12,1,506
20109,2003,15,1,433
20110,1940,9,1,313
20111,1987,6,1,216
20112,1920,9,1,327
20113,1982,12,1,315
20114,1961,6,1,162
20115,1975,9,1,210
20116,1960,3,1,60
20117,1924,9,1,212
20118,1925,3,1,88
20119,1967,6,3,208
20120,1930,3,1,149
20121,1930,6,1,152
20122,1957,9,1,339
20123,2015,15,1,571
20124,2007,9,1,211
20125,2022,6,1,135
20126,1925,6,1,184
20127,1950,9,1,190
20128,1980,9,1,174
20129,1997,6,1,128
20130,1930,3,1,68
20131,1985,9,1,163
20132,2003,18,1,3731
20133,1960,6,1,27
20134,1993,15,1,885
20135,1931,9,1,206
20136,1930,9,1,245
20137,1970,6,1,227
20138,1978,21,1,3123
20139,1949,6,1,217
20140,1958,9,1,251
20141,1968,9,1,190
20142,1978,6,1,200
20143,1964,3,1,176
20144,1961,12,1,388
20145,1958,3,1,259
20146,1990,12,1,556
20147,1951,3,1,134
20148,1969,9,1,224
20149,1954,9,1,491
20150,1969,12,1,146
20151,1992,15,1,1319
20152,1930,6,1,178
20153,1945,3,1,118
20154,1991,9,1,375
20155,1949,3,1,75
20156,1952,3,1,79
20157,1962,6,1,170
20158,1972,15,1,1005
20159,1970,9,1,207
20160,1964,6,1,137
20161,1958,6,1,362
20162,1964,9,1,294
20163,1957,6,1,195
20164,1956,6,4,237
20165,2005,6,1,282
20166,2011,12,1,259
20167,1984,9,1,336
20168,1970,9,1,283
20169,1930,9,4,515
20170,1956,3,1,87
20171,1976,3,3,62
20172,1964,6,1,120
20173,1920,3,1,137
20174,1920,6,1,145
20175,2021,6,1,175
20176,1930,9,1,239
20177,1930,6,1,139
20178,1937,6,1,123
20179,1930,6,1,92
20180,1925,6,1,167
20181,1925,6,1,195
20182,1930,9,1,424
20183,1970,18,1,853
20184,1920,9,1,522
20185,1973,6,1,213
20186,1930,9,1,258
20187,1930,9,1,244
20188,1950,9,1,164
20189,1976,21,1,954
20190,1960,9,1,422
20191,1920,9,1,389
20192,1920,9,1,386
20193,1933,3,1,138
20194,1920,6,1,167
20195,1920,9,3,418
20196,1920,9,1,264
20197,1920,3,1,136
20198,1920,6,1,156
20199,1972,18,1,1158
20200,1972,18,1,1158
20201,1920,9,1,376
20202,1940,6,1,199
20203,1930,6,4,298
20204,1996,15,1,753
20205,1999,15,1,1024
20206,2002,15,1,3618
20207,1996,15,1,1899
20208,2007,15,1,891
20209,1970,6,4,3561
20210,1960,9,1,236
20211,1955,9,1,351
20212,1954,6,1,373
20213,1983,9,1,318
20214,1960,12,1,243
20215,1973,24,1,1829
20216,1973,24,1,1926
20217,1978,18,1,2021
20218,1964,24,1,1841
20219,1975,3,3,140
20220,1973,12,1,453
20221,2009,15,1,433
20222,1960,15,1,597
20223,1960,15,1,580
20224,1997,3,4,187
20225,1950,9,3,6535
20226,1978,6,3,3532
20227,1992,6,4,1275
20228,2018,15,4,941
20229,1963,6,1,157
20230,1962,3,1,104
20231,1994,15,1,2071
20232,1960,9,1,443
20233,1971,18,1,613
20234,1974,18,1,2185
20235,1970,18,1,2190
20236,1969,18,1,564
20237,1968,18,1,810
20238,1962,15,1,1558
20239,1940,12,1,312
20240,1930,6,1,318
20241,1979,12,1,332
20242,1932,3,1,145
20243,1968,12,1,899
20244,1970,9,1,393
20245,1970,12,1,472
20246,1978,9,1,368
20247,1991,9,1,413
20248,1993,15,1,2032
20249,1963,12,1,1189
20250,1940,3,3,132
20251,2006,18,1,5808
20252,1969,9,1,306
20253,1960,9,1,204
20254,1968,9,1,204
20255,1969,12,1,604
20256,1966,6,1,248
20257,1994,18,1,1003
20258,1967,6,1,221
20259,1975,9,1,172
20260,1975,15,1,310
20261,1932,9,1,294
20262,1959,3,3,132
20263,1958,6,1,296
20264,2000,3,N,0
20265,1969,3,1,104
20266,1975,9,1,197
20267,2007,15,1,1367
20268,1978,18,1,2478
20269,1975,21,1,7115
20270,1977,18,1,1330
20271,1974,21,1,3697
20272,1978,21,1,907
20273,1972,21,1,4133
20274,1970,9,1,194
20275,1970,9,1,276
20276,2005,15,1,595
20277,2004,15,1,1476
20278,1982,24,1,4322
20279,1961,6,1,174
20280,1967,9,1,319
20281,1929,12,1,292
20282,1973,24,1,1181
20283,1935,3,1,83
20284,1935,3,1,97
20285,1960,12,1,594
20286,1982,12,1,509
20287,1953,9,1,240
20288,2004,18,1,410
20289,1966,6,1,316
20290,1964,6,1,376
20291,1963,9,1,145
20292,1958,6,1,207
20293,1963,9,1,185
20294,1954,9,1,196
20295,1992,9,1,409
20296,1961,9,1,176
20297,1954,3,1,111
20298,1942,3,1,132
20299,1963,9,1,223
20300,1998,6,1,284
20301,1953,6,1,123
20302,1966,6,1,433
20303,1991,9,1,252
20304,1975,21,1,2216
20305,1959,6,1,202
20306,1965,9,1,338
20307,1969,12,1,322
20308,1955,3,1,97
20309,2002,9,1,240
20310,1961,6,1,144
20311,1991,6,1,635
20312,2002,12,1,1159
20313,1994,12,1,229
20314,1996,12,1,540
20315,1951,6,1,353
20316,1965,6,1,193
20317,1951,6,1,150
20318,1886,6,1,191
20319,1972,12,1,432
20320,1945,3,1,143
20321,1945,6,1,217
20322,1956,6,1,155
20323,1932,6,1,149
20324,1980,12,1,445
20325,1982,15,1,1521
20326,1982,15,1,2046
20327,2001,9,1,258
20328,1974,21,1,666
20329,1992,21,1,4138
20330,1980,6,1,220
20331,1930,3,1,108
20332,1922,9,1,299
20333,1900,9,1,354
20334,1968,6,1,213
20335,1972,21,1,1121
20336,1967,21,1,628
20337,2004,18,1,2439
20338,2005,15,1,1356
20339,2008,15,1,2062
20340,1968,18,1,2451
20341,1963,15,4,1481
20342,1974,21,1,8861
20343,1976,30,1,4282
20344,1975,30,1,2942
20345,1973,30,1,3182
20346,1970,30,1,2185
20347,1968,30,1,2628
20348,1971,18,4,611
20349,1981,24,1,2119
20350,1986,9,1,472
20351,1958,9,1,430
20352,1957,12,1,436
20353,1958,9,1,290
20354,1979,21,1,1487
20355,1998,15,1,1497
20356,2000,15,1,1346
20357,2004,15,1,950
20358,1961,9,1,200
20359,2006,6,1,117
20360,2008,21,1,4853
20361,2003,9,4,1057
20362,1939,12,4,4661
20363,1939,3,4,435
20364,1939,3,3,582
20365,1939,6,4,506
20366,1939,6,4,532
20367,1939,6,4,554
20368,1939,3,3,622
20369,1958,12,1,456
20370,1958,12,1,338
20371,1958,3,1,110
20372,1958,9,1,417
20373,1979,24,1,5177
20374,1962,21,1,2093
20375,1993,3,4,1152
20376,2005,18,1,5200
20377,1958,6,1,277
20378,1958,3,1,120
20379,1958,9,1,238
20380,1958,9,1,246
20381,1958,3,1,127
20382,1958,9,1,305
20383,1985,6,3,654
20384,1985,3,3,177
20385,2001,15,1,1475
20386,2002,9,1,267
20387,1948,6,1,238
20388,1960,12,1,378
20389,1948,9,1,301
20390,1970,6,1,123
20391,1948,12,1,372
20392,1948,3,3,184
20393,1960,18,1,811
20394,1962,12,1,325
20395,1956,12,1,359
20396,1952,9,1,300
20397,1979,15,1,496
20398,1962,12,1,297
20399,1948,9,1,325
20400,1968,9,1,384
20401,1991,9,1,738
20402,1985,9,1,616
20403,1952,21,1,1759
20404,1952,6,1,256
20405,1948,9,1,221
20406,1952,3,1,92
20407,1948,9,1,223
20408,1952,9,1,398
20409,1948,9,1,253
20410,1996,18,1,690
20411,1977,24,1,1481
20412,1948,9,1,236
20413,1948,6,4,230
20414,1948,6,1,194
20415,1948,3,1,103
20416,1972,12,1,275
20417,1948,6,1,223
20418,1970,21,1,478
20419,1960,21,1,846
20420,1957,9,1,278
20421,1948,9,1,186
20422,1958,9,1,158
20423,1948,9,1,275
20424,1948,9,1,224
20425,1948,6,1,100
20426,1948,6,1,77
20427,1948,6,1,119
20428,2007,15,1,1278
20429,1959,9,1,263
20430,1958,9,1,260
20431,1959,9,1,253
20432,1958,6,1,163
20433,1958,3,1,90
20434,1959,6,1,179
20435,1958,6,1,197
20436,1958,3,1,100
20437,1956,3,1,78
20438,1956,6,1,226
20439,1961,6,1,159
20440,1969,6,1,187
20441,1959,3,1,105
20442,1959,3,1,103
20443,1959,6,1,101
20444,1960,3,1,100
20445,2000,3,1,168
20446,1959,3,1,215
20447,1956,6,1,123
20448,1960,9,1,159
20449,1961,6,1,194
20450,1965,12,1,178
20451,1965,6,1,120
20452,2000,15,1,918
20453,1965,9,1,235
20454,1999,15,1,875
20455,1963,6,1,172
20456,1967,6,1,182
20457,1968,9,1,129
20458,1961,9,1,298
20459,1962,6,1,294
20460,1965,18,1,622
20461,1990,9,1,229
20462,1989,9,1,220
20463,1958,6,1,233
20464,1960,6,1,234
20465,1965,18,1,960
20466,1961,9,1,357
20467,1950,3,1,100
20468,1969,21,1,757
20469,1955,6,1,241
20470,1950,3,1,116
20471,1955,12,1,395
20472,1955,9,1,267
20473,1955,12,1,402
20474,1965,15,1,624
20475,1960,9,1,314
20476,1965,9,1,265
20477,1990,12,1,489
20478,2003,9,1,348
20479,1950,3,1,133
20480,1955,9,1,276
20481,1963,6,1,257
20482,2002,15,1,740
20483,1950,12,1,152
20484,1930,9,1,275
20485,2007,15,1,433
20486,1930,6,1,159
20487,1979,21,1,1506
20488,1930,15,1,434
20489,1950,18,4,703
20490,1950,18,1,656
20491,2002,18,1,380
20492,1989,21,1,498
20493,1930,12,1,120
20494,1930,6,1,65
20495,1930,9,1,236
20496,1930,6,1,142
20497,1998,9,4,188
20498,1930,3,1,96
20499,1930,3,1,111
20500,1990,9,1,272
20501,1950,9,1,172
20502,1950,6,1,268
20503,1950,6,1,336
20504,1950,12,1,333
20505,1950,6,1,193
20506,1950,6,1,215
20507,1950,6,1,184
20508,1950,6,1,254
20509,1950,9,1,276
20510,1950,9,1,207
20511,1950,9,1,182
20512,1965,6,1,217
20513,1950,9,1,290
20514,1950,12,1,751
20515,1956,3,1,83
20516,1958,9,1,261
20517,1954,9,1,309
20518,1958,6,1,220
20519,1958,3,1,105
20520,2010,12,1,326
20521,1999,12,1,269
20522,2003,9,1,254
20523,1950,12,1,347
20524,1950,9,1,229
20525,1950,3,1,107
20526,1950,3,1,99
20527,1950,9,1,302
20528,1950,6,1,117
20529,1950,6,4,223
20530,1950,9,1,237
20531,2008,15,1,2079
20532,1930,9,4,188
20533,1930,9,1,245
20534,1930,6,1,174
20535,1930,12,1,333
20536,1930,12,1,338
20537,1930,12,1,372
20538,1930,12,1,376
20539,1930,6,1,203
20540,1999,6,1,172
20541,1964,12,1,252
20542,1930,6,1,90
20543,1930,12,1,257
20544,1970,9,1,290
20545,1930,6,1,181
20546,1930,9,4,95
20547,1930,9,1,156
20548,1965,18,1,454
20549,1979,21,1,977
20550,1930,9,1,450
20551,1963,9,1,274
20552,1930,12,3,264
20553,1930,12,1,277
20554,1964,24,1,2815
20555,1962,18,1,832
20556,1962,15,1,609
20557,1963,6,1,230
20558,1963,6,1,174
20559,1963,6,1,226
20560,1963,9,1,237
20561,1981,12,1,256
20562,1962,6,1,122
20563,1962,12,1,270
20564,1962,6,1,100
20565,1962,6,1,137
20566,1963,9,1,489
20567,1963,9,1,141
20568,1958,6,1,127
20569,1963,6,1,232
20570,1963,9,1,191
20571,1963,12,1,307
20572,1963,9,1,202
20573,1963,9,1,108
20574,1953,3,1,108
20575,2003,9,1,243
20576,2009,15,1,380
20577,1954,6,1,134
20578,1944,3,1,127
20579,1964,9,1,169
20580,1964,12,1,267
20581,1992,18,1,460
20582,1963,6,1,160
20583,1963,12,1,304
20584,1964,6,1,107
20585,1964,6,1,145
20586,1964,9,1,188
20587,1999,18,1,787
20588,1962,6,1,102
20589,1960,12,1,288
20590,1955,6,1,187
20591,1955,9,1,282
20592,1955,6,4,239
20593,1960,12,1,327
20594,1950,6,1,228
20595,1955,6,1,198
20596,2008,21,1,730
20597,1955,9,1,192
20598,1955,6,1,245
20599,1950,9,1,168
20600,1955,9,1,296
20601,1955,9,1,248
20602,1955,9,1,236
20603,1950,9,1,420
20604,1983,12,1,342
20605,1955,12,1,326
20606,1960,12,1,343
20607,1945,9,1,148
20608,1950,9,1,268
20609,1955,15,1,346
20610,1955,9,1,221
20611,1955,9,1,188
20612,1955,9,1,116
20613,1955,9,1,146
20614,1955,9,1,263
20615,1950,6,1,226
20616,1955,6,1,225
20617,1950,9,4,267
20618,2005,18,1,544
20619,1950,12,1,691
20620,1996,9,4,3395
20621,1962,15,4,18775
20622,1962,3,3,54
20623,1980,6,3,10298
20624,1964,6,3,2075
20625,1981,6,3,4368
20626,1989,12,3,2827
20627,1981,3,3,340
20628,1981,6,3,560
20629,1980,3,3,25
20630,1981,6,3,766
20631,1981,3,3,194
20632,1980,3,3,200
20633,1981,3,3,200
20634,1964,3,3,25
20635,1981,3,3,750
20636,1990,3,3,1635
20637,1981,3,3,2812
20638,1989,6,4,2513
20639,1989,3,3,1140
20640,1989,3,3,1140
20641,1990,3,3,18
20642,1974,3,3,16
20643,2008,12,3,12038
20644,1974,3,3,2822
20645,2000,0,N,0
20646,2005,6,4,11639
20647,1994,6,4,17463
20648,1986,12,4,5449
20649,2000,6,3,4573
20650,1999,6,4,5246
20651,1998,3,3,1921
20652,1999,9,3,1450
20653,2000,0,N,0
20654,2005,6,3,188
20655,1985,3,3,20
20656,2009,6,3,3432
20657,1998,6,3,4578
20658,2007,12,3,5960
20659,2002,6,4,811
20660,1994,3,3,378
20661,1974,24,1,2283
20662,1975,3,3,15
20663,1974,21,1,2280
20664,1978,27,1,2736
20665,1978,27,1,2874
20666,1978,27,1,2884
20667,1976,18,1,1004
20668,1976,18,1,1012
20669,1977,18,1,1001
20670,1976,18,1,1058
20671,1976,18,1,1058
20672,1976,15,1,795
20673,1974,21,1,1674
20674,1974,24,1,2035
20675,1974,27,1,2355
20676,1974,30,1,2696
20677,1974,33,1,3075
20678,1974,30,1,2910
20679,1974,27,1,2604
20680,1976,27,1,2601
20681,1976,3,3,350
20682,1974,30,1,2920
20683,1976,27,1,2440
20684,1976,30,1,3134
20685,1977,24,1,2263
20686,1976,15,1,886
20687,1978,6,1,395
20688,1971,21,1,1867
20689,1961,6,1,280
20690,1953,9,1,292
20691,1959,6,3,267
20692,1961,6,4,412
20693,1983,12,1,444
20694,1993,21,1,5455
20695,1993,21,1,9846
20696,1968,21,1,1396
20697,1993,12,1,1115
20698,2021,15,1,548
20699,2023,21,4,6472
20700,2000,15,N,0
20701,2002,15,1,398
20702,1992,12,1,452
20703,1975,6,1,133
20704,1959,3,1,104
20705,1920,9,1,266
20706,1920,6,1,179
20707,1968,3,1,165
20708,1978,9,1,358
20709,1920,3,1,107
20710,2025,9,1,265
20711,1914,3,1,94
20712,1970,12,1,314
20713,1998,15,1,969
20714,1988,9,1,614
20715,2001,3,1,198
20716,1999,9,1,264
20717,1968,6,1,213
20718,2000,21,1,15071
20719,1961,9,1,200
20720,1955,9,1,231
20721,1950,9,1,263
20722,1961,3,1,73
20723,1960,9,1,175
20724,2007,21,1,609
20725,1960,3,1,67
20726,2003,21,1,710
20727,1995,15,1,518
20728,1975,21,1,1696
20729,1960,6,1,232
20730,1930,3,1,113
20731,1963,21,1,1120
20732,1930,3,1,86
20733,1970,24,1,3240
20734,1970,15,1,859
20735,1967,3,3,12
20736,1976,15,1,838
20737,1966,9,1,685
20738,1997,9,1,414
20739,1956,3,1,118
20740,1963,9,1,389
20741,1920,6,1,228
20742,1973,21,1,1980
20743,2007,15,1,1682
20744,1970,18,1,1988
20745,1920,9,1,134
20746,1949,6,1,55
20747,1961,6,3,1180
20748,2002,6,3,1065
20749,1960,9,3,9865
20750,1955,3,3,89
20751,1960,12,1,617
20752,1930,9,1,410
20753,1923,6,1,104
20754,1961,6,3,340
20755,1920,6,1,148
20756,1920,3,1,93
20757,1995,15,1,275
20758,1965,12,1,437
20759,1962,9,1,164
20760,1970,9,1,149
20761,1953,6,1,190
20762,1964,6,1,252
20763,1960,12,1,359
20764,1950,9,1,270
20765,1950,6,1,435
20766,1963,6,1,165
20767,1944,9,1,784
20768,1962,6,1,166
20769,1960,9,1,114
20770,1958,6,1,125
20771,1958,12,1,342
20772,1962,9,1,200
20773,1948,15,1,359
20774,1961,9,1,519
20775,1959,9,1,322
20776,1960,15,1,270
20777,2004,18,1,17005
20778,1989,9,1,800
20779,1972,24,1,2005
20780,1977,21,1,1346
20781,1970,21,1,3021
20782,1978,21,1,1432
20783,1979,18,1,552
20784,1980,21,1,622
20785,1958,9,1,453
20786,1955,6,1,190
20787,1964,12,1,244
20788,1993,18,1,20619
20789,2007,18,1,1952
20790,1991,21,1,691
20791,1989,3,3,313
20792,2007,21,1,4357
20793,1970,18,1,792
20794,1970,18,1,942
20795,1970,15,1,637
20796,1970,15,1,649
20797,1971,24,1,1396
20798,1971,24,1,1298
20799,1971,24,1,1463
20800,1989,24,1,4844
20801,1996,24,1,2698
20802,1967,24,1,1287
20803,1972,18,1,1094
20804,1972,18,1,1094
20805,1972,18,1,1120
20806,2004,15,1,3321
20807,1973,9,4,5158
20808,1965,6,1,329
20809,1963,9,1,480
20810,1965,12,1,327
20811,1960,6,1,260
20812,1968,6,1,270
20813,1979,27,1,2811
20814,1974,27,1,2484
20815,1974,27,1,2485
20816,1971,24,1,2973
20817,1972,24,1,2442
20818,1976,27,1,3776
20819,1970,18,1,1680
20820,1972,21,1,1676
20821,1972,21,1,1676
20822,1970,12,1,344
20823,1973,12,1,571
20824,1977,21,1,1034
20825,1960,6,1,145
20826,1976,3,3,498
20827,2003,15,1,1517
20828,1973,12,1,417
20829,1999,12,4,269
20830,1974,9,1,328
20831,1956,9,1,323
20832,1935,9,1,298
20833,1974,27,1,2797
20834,1978,30,1,3124
20835,1979,27,1,3448
20836,1979,30,1,3934
20837,1979,21,1,1743
20838,1978,6,1,264
20839,1984,9,1,347
20840,1979,9,4,988
20841,1960,9,4,390
20842,1962,6,1,264
20843,2003,15,1,1205
20844,2001,9,4,1372
20845,1980,24,1,2326
20846,1979,3,1,242
20847,1999,15,1,1608
20848,2001,18,1,968
20849,2007,18,1,2067
20850,2023,21,1,5486
20851,2013,18,1,2293
20852,1950,15,1,1083
20853,1980,21,1,1408
20854,1974,24,1,1736
20855,1937,6,1,182
20856,1997,21,1,1488
20857,1980,27,1,3246
20858,1977,27,1,3847
20859,1990,21,1,1766
20860,1988,15,4,522
20861,1973,27,1,1522
20862,2005,18,1,969
20863,1978,15,1,457
20864,1977,24,1,2157
20865,1960,6,1,336
20866,1932,6,1,177
20867,1940,6,1,394
20868,1935,3,1,400
20869,1981,6,1,112
20870,2003,15,1,2984
20871,2014,15,1,3927
20872,1941,3,4,1215
20873,1980,3,3,118
20874,1979,12,4,634
20875,1983,12,1,445
20876,1980,9,3,276
20877,1984,9,1,336
20878,1980,9,1,318
20879,1984,12,1,387
20880,2010,15,1,2350
20881,1983,12,1,863
20882,2006,3,1,29
20883,1947,9,1,494
20884,1964,9,1,468
20885,1984,9,1,517
20886,1984,9,1,602
20887,1978,3,1,2553
20888,1983,9,1,333
20889,1994,15,1,2746
20890,1995,15,1,2707
20891,1987,9,1,422
20892,1957,3,1,3632
20893,1943,3,3,740
20894,1943,9,4,6095
20895,1957,12,4,7833
20896,1953,3,1,103
20897,1953,3,1,113
20898,1953,9,1,556
20899,1953,9,1,538
20900,1953,3,1,100
20901,1953,3,1,115
20902,1953,3,1,86
20903,1953,9,1,566
20904,1953,9,1,564
20905,1953,3,1,141
20906,1953,3,1,134
20907,1953,9,1,556
20908,1953,9,1,564
20909,1953,3,1,118
20910,1953,3,1,127
20911,1953,9,1,530
20912,1953,9,1,512
20913,1953,3,1,134
20914,1967,9,1,261
20915,1989,9,1,251
20916,1958,3,1,98
20917,1958,6,1,136
20918,1959,6,1,153
20919,1960,9,1,244
20920,1959,6,1,175
20921,1989,9,1,227
20922,1990,9,1,476
20923,1986,15,1,1393
20924,2004,9,1,449
20925,1965,9,1,247
20926,1961,3,1,139
20927,1966,3,3,669
20928,1965,3,3,124
20929,1996,15,1,2499
20930,1962,6,1,229
20931,1958,9,1,234
20932,1979,27,1,3387
20933,1969,27,1,2703
20934,1970,21,1,991
20935,1971,21,1,1131
20936,1975,21,1,1117
20937,1975,21,1,899
20938,1975,24,1,1733
20939,1975,18,1,770
20940,1975,18,1,950
20941,1975,18,1,941
20942,1958,9,1,189
20943,1960,9,1,241
20944,1968,15,1,537
20945,2006,15,1,477
20946,1955,6,1,261
20947,1960,6,1,252
20948,2005,15,1,1264
20949,1960,9,1,258
20950,1960,12,1,191
20951,1960,9,1,243
20952,1960,15,1,520
20953,1964,6,1,201
20954,1955,6,1,286
20955,1960,12,1,448
20956,1960,15,1,656
20957,1960,15,1,850
20958,1960,15,1,940
20959,1950,6,1,131
20960,1961,9,1,276
20961,1961,3,1,87
20962,1965,9,1,245
20963,1964,6,1,209
20964,1978,12,1,356
20965,1978,12,1,291
20966,1983,6,1,263
20967,1988,9,1,266
20968,1984,12,1,332
20969,1965,18,1,881
20970,1963,6,1,147
20971,1960,9,1,167
20972,1962,12,1,324
20973,2002,12,1,272
20974,1965,9,1,290
20975,1997,15,1,615
20976,1960,9,1,237
20977,2015,15,1,1340
20978,1950,9,1,198
20979,1950,6,1,183
20980,1961,6,1,178
20981,1961,9,1,255
20982,1953,3,1,87
20983,1950,6,1,197
20984,1950,9,4,154
20985,1950,6,1,104
20986,1950,6,1,96
20987,1957,6,1,140
20988,1960,3,1,81
20989,1960,6,1,168
20990,1950,6,1,192
20991,1950,9,1,172
20992,1950,6,1,180
20993,1950,9,1,66
20994,1960,18,1,504
20995,1952,6,1,191
20996,1950,6,1,225
20997,1956,9,1,169
20998,1950,6,1,100
20999,2005,15,1,881
21000,1939,9,1,220
21001,1990,9,1,195
21002,1930,9,1,211
21003,1930,6,1,186
21004,1930,9,1,204
21005,1930,9,1,302
21006,1930,9,1,174
21007,1930,9,1,186
21008,1964,9,1,251
21009,1930,12,1,290
21010,1930,9,1,221
21011,1930,9,1,262
21012,1930,9,1,285
21013,1950,3,1,88
21014,1992,12,1,326
21015,1959,9,1,158
21016,1962,9,1,127
21017,1930,6,1,182
21018,1930,12,1,265
21019,1930,9,1,202
21020,1930,9,1,181
21021,1930,6,1,232
21022,1966,9,1,221
21023,1968,3,1,69
21024,1968,6,1,171
21025,1968,9,4,341
21026,1968,12,1,355
21027,1975,12,1,398
21028,1969,12,1,423
21029,1968,12,1,261
21030,1968,9,1,227
21031,1989,15,1,340
21032,1960,15,1,404
21033,1983,21,1,648
21034,1960,15,1,366
21035,1966,9,1,542
21036,1965,15,1,352
21037,1960,9,1,166
21038,1974,9,1,235
21039,2004,21,1,1031
21040,2009,15,1,630
21041,1965,15,1,666
21042,1965,15,1,661
21043,1965,18,1,954
21044,1965,21,1,1226
21045,1955,6,1,222
21046,1970,3,3,113
21047,1985,9,1,287
21048,1968,15,1,381
21049,1984,9,1,338
21050,1970,9,1,279
21051,2003,15,1,2117
21052,2004,15,1,898
21053,1961,9,1,230
21054,1964,12,1,314
21055,1950,12,1,278
21056,1950,6,1,170
21057,1950,9,1,228
21058,1968,15,1,360
21059,1950,12,1,315
21060,1965,9,1,200
21061,1950,3,4,179
21062,1950,18,1,586
21063,1950,9,1,208
21064,1962,15,1,344
21065,1950,9,1,221
21066,1959,15,1,380
21067,1969,6,1,143
21068,1948,3,1,70
21069,1976,15,1,768
21070,2002,15,1,1496
21071,1998,9,1,391
21072,1967,9,1,164
21073,1972,3,4,82
21074,1970,9,1,188
21075,1973,6,4,137
21076,1992,12,1,241
21077,1962,9,1,178
21078,1969,9,1,203
21079,1968,9,1,166
21080,1965,12,1,270
21081,1970,9,1,206
21082,2004,12,1,187
21083,1961,9,1,173
21084,1961,12,1,288
21085,1972,9,1,190
21086,1971,9,1,240
21087,1969,12,1,327
21088,1971,15,1,489
21089,1967,15,1,376
21090,1965,9,1,206
21091,1965,12,1,260
21092,1971,12,1,205
21093,1970,12,1,301
21094,1970,9,1,214
21095,1965,9,3,215
21096,1930,9,1,230
21097,1963,6,1,178
21098,1930,9,1,265
21099,1930,9,1,258
21100,1930,12,1,198
21101,1930,9,1,198
21102,1930,3,1,74
21103,1930,6,1,117
21104,2001,6,1,242
21105,1930,9,1,143
21106,1930,6,1,92
21107,1930,6,1,168
21108,1930,6,1,173
21109,1930,6,1,157
21110,1930,6,1,219
21111,1930,9,1,238
21112,1930,3,1,100
21113,1930,9,1,234
21114,1930,6,1,98
21115,1963,3,4,101
21116,1988,12,1,452
21117,1930,12,1,162
21118,1930,12,1,358
21119,1930,12,1,180
21120,1972,9,1,224
21121,1930,9,1,154
21122,2001,12,1,222
21123,1965,9,1,120
21124,1965,15,1,371
21125,1930,3,1,144
21126,1969,9,1,213
21127,1930,9,1,232
21128,1930,9,1,225
21129,1930,9,1,198
21130,1965,9,1,252
21131,1930,6,1,160
21132,1930,9,1,172
21133,2024,21,1,2539
21134,1968,3,4,4945
21135,1977,6,4,1180
21136,1976,9,4,6624
21137,1970,3,3,16
21138,2006,9,4,1653
21139,2007,9,1,260
21140,2003,6,1,244
21141,1999,6,1,251
21142,1999,6,1,242
21143,2002,6,1,123
21144,1998,6,1,260
21145,1996,6,1,550
21146,1982,6,1,263
21147,1965,15,1,325
21148,1983,15,1,401
21149,1965,15,1,410
21150,1960,12,1,302
21151,2009,15,1,1027
21152,1960,6,1,112
21153,1958,9,1,286
21154,1967,15,1,448
21155,1968,15,1,456
21156,1962,12,1,297
21157,1963,15,1,224
21158,1961,9,1,104
21159,1965,12,1,322
21160,1963,9,1,184
21161,1963,6,1,180
21162,1961,6,1,105
21163,1962,3,3,118
21164,1968,6,1,126
21165,1967,9,1,216
21166,1960,3,1,96
21167,2006,15,1,503
21168,1965,3,3,107
21169,1950,6,3,16143
21170,1962,3,3,6653
21171,2021,9,3,7531
21172,2001,3,3,1252
21173,2001,3,3,6754
21174,1961,6,3,4716
21175,1962,3,3,20
21176,1990,12,3,7152
21177,1962,12,3,26603
21178,2022,9,3,8713
21179,2001,6,3,4502
21180,2007,15,3,40411
21181,1997,6,3,8395
21182,1976,15,1,790
21183,1976,15,1,790
21184,1976,15,1,790
21185,1976,15,1,790
21186,1976,15,1,790
21187,1976,15,1,790
21188,1976,15,1,744
21189,1976,15,1,744
21190,1974,15,1,744
21191,1976,15,1,790
21192,1976,15,1,790
21193,1976,15,1,790
21194,1880,6,1,1381
21195,1970,6,3,2544
21196,1974,6,3,3799
21197,1969,3,3,30
21198,1955,9,1,225
21199,1950,6,4,5370
21200,1950,3,3,17
21201,1980,15,1,1946
21202,1980,15,1,1770
21203,1967,12,1,328
21204,1969,12,1,467
21205,1969,6,1,185
21206,1972,6,1,230
21207,1975,6,1,230
21208,1960,6,1,216
21209,1969,6,1,250
21210,1976,12,1,381
21211,1974,12,1,397
21212,1985,6,1,290
21213,1984,6,1,554
21214,1960,15,1,703
21215,2009,15,1,466
21216,1967,12,1,522
21217,2007,15,1,2038
21218,1981,15,1,2633
21219,2023,18,1,8751
21220,1964,18,1,1675
21221,1980,9,1,257
21222,1994,9,1,179
21223,1968,6,1,148
21224,1970,6,1,172
21225,1964,6,1,130
21226,1965,9,1,196
21227,1972,12,1,314
21228,1974,9,1,234
21229,1969,9,1,298
21230,1967,6,1,77
21231,1950,9,1,331
21232,1978,15,1,501
21233,1974,12,1,1166
21234,1976,9,1,165
21235,1972,9,1,200
21236,1994,9,1,240
21237,1956,9,1,338
21238,1968,6,1,150
21239,1968,6,1,141
21240,1968,9,1,236
21241,1970,9,1,290
21242,1969,9,1,219
21243,1969,9,1,219
21244,1974,12,1,309
21245,1972,12,1,571
21246,1968,9,1,230
21247,1954,6,3,37
21248,1963,6,3,170
21249,1969,9,1,209
21250,1968,9,1,120
21251,1963,6,1,100
21252,1994,6,1,187
21253,1977,12,1,276
21254,1968,6,1,98
21255,1957,3,1,125
21256,1957,3,1,135
21257,1973,9,1,230
21258,1971,9,1,224
21259,1963,9,1,305
21260,1959,6,4,169
21261,1957,6,1,189
21262,1980,9,1,101
21263,1991,9,1,228
21264,1959,18,1,1212
21265,1990,9,1,625
21266,1966,15,1,466
21267,1968,18,1,890
21268,1968,18,1,898
21269,1968,18,1,898
21270,1963,6,1,472
21271,1977,9,1,576
21272,1980,12,1,472
21273,1968,18,1,596
21274,1978,12,1,345
21275,1977,12,1,380
21276,1991,9,1,261
21277,1968,15,1,603
21278,1955,9,1,798
21279,1982,6,4,416
21280,1960,6,1,561
21281,1960,6,1,793
21282,2006,15,1,2420
21283,1968,12,1,349
21284,1974,15,1,896
21285,1974,15,1,813
21286,1973,15,1,647
21287,1973,15,1,556
21288,1965,12,1,404
21289,1960,6,1,161
21290,1970,12,1,337
21291,1964,15,1,434
21292,1970,18,1,3373
21293,1970,9,4,479
21294,1970,6,4,684
21295,1995,12,4,1318
21296,1995,9,4,1379
21297,2008,15,1,4010
21298,1957,6,1,196
21299,1972,15,1,1532
21300,1944,9,1,496
21301,2007,15,1,638
21302,1958,6,1,235
21303,1960,9,1,357
21304,1976,12,1,712
21305,1977,9,1,379
21306,1970,15,1,1179
21307,1974,12,1,440
21308,1979,15,1,2778
21309,1960,9,1,303
21310,1975,12,4,718
21311,1990,12,1,3025
21312,1982,12,1,664
21313,1965,12,1,598
21314,1989,9,1,1560
21315,1936,6,1,127
21316,1955,3,1,195
21317,1957,6,1,387
21318,2005,18,1,5864
21319,1978,15,1,1051
21320,1976,15,1,608
21321,1977,12,1,636
21322,1975,12,1,548
21323,1993,3,4,219
21324,1971,15,1,745
21325,1971,15,1,716
21326,1974,15,1,1376
21327,1970,15,1,888
21328,1975,9,1,202
21329,1969,9,1,272
21330,1977,12,1,634
21331,1970,15,1,851
21332,1977,3,3,155
21333,1977,12,1,644
21334,1970,12,1,644
21335,1977,12,1,644
21336,1977,12,1,644
21337,1967,3,4,875
21338,1981,9,4,4918
21339,1980,3,3,23
21340,1981,3,1,138
21341,1974,15,1,1264
21342,2002,12,1,3025
21343,1978,15,1,2108
21344,1973,15,1,1608
21345,1967,18,1,2108
21346,1975,12,1,369
21347,1984,12,1,815
21348,1973,18,1,1114
21349,1973,12,1,1206
21350,1983,9,1,454
21351,1969,15,1,598
21352,1984,12,1,360
21353,1983,6,1,330
21354,1975,9,1,450
21355,1967,9,1,324
21356,1972,15,1,1724
21357,1987,12,1,2124
21358,1984,12,1,1453
21359,1986,12,1,1171
21360,1972,21,1,2703
21361,1977,15,1,1303
21362,1977,15,1,1280
21363,1977,15,1,1280
21364,1977,15,1,1280
21365,1974,18,1,785
21366,1974,6,3,206
21367,2005,18,1,2512
21368,1971,12,1,2653
21369,2008,15,1,4517
21370,1971,12,1,1116
21371,1971,12,1,1160
21372,1971,12,1,940
21373,1971,12,1,1137
21374,1971,12,1,1123
21375,1971,15,1,1062
21376,1969,12,1,927
21377,1971,12,1,927
21378,1970,12,1,1164
21379,1971,12,1,1117
21380,1971,12,1,1117
21381,1971,12,1,3171
21382,1976,3,3,1482
21383,1990,3,4,2997
21384,1976,6,3,554
21385,1990,3,3,1092
21386,1990,3,3,1070
21387,1990,3,3,909
21388,1990,3,3,756
21389,1990,3,3,304
21390,1990,3,3,35
21391,2005,6,3,633
21392,2005,6,3,721
21393,2005,6,3,833
21394,1947,6,4,7483
21395,1947,3,3,18
21396,1947,3,3,806
21397,1947,6,3,4126
21398,1947,3,3,644
21399,1953,6,1,146
21400,1953,3,1,114
21401,1953,9,1,524
21402,1953,9,1,530
21403,1953,3,1,115
21404,1953,3,1,107
21405,1953,3,1,121
21406,1953,9,1,534
21407,1953,9,1,520
21408,1953,3,1,154
21409,1953,3,1,136
21410,1953,9,1,574
21411,1953,9,1,578
21412,1953,3,1,119
21413,1953,3,1,118
21414,1953,9,1,536
21415,1953,9,1,504
21416,1953,3,1,103
21417,1953,3,1,96
21418,1953,3,4,596
21419,1953,3,1,95
21420,1953,9,1,554
21421,1953,9,1,528
21422,1960,3,3,16
21423,1953,9,1,508
21424,1953,9,1,560
21425,1953,3,1,112
21426,1953,3,1,87
21427,1953,9,1,526
21428,1953,9,1,504
21429,1953,3,1,92
21430,1953,6,1,122
21431,1962,6,4,150
21432,1967,15,1,335
21433,1970,12,1,205
21434,1963,6,1,134
21435,1970,9,1,109
21436,1983,15,1,1002
21437,1978,9,1,264
21438,1971,12,1,348
21439,2006,12,1,277
21440,1965,18,1,2744
21441,1965,24,1,3132
21442,1965,18,1,586
21443,1971,15,1,448
21444,1961,6,4,134
21445,2009,18,1,2264
21446,1965,18,1,2240
21447,1963,6,1,220
21448,1964,12,1,1567
21449,1965,12,1,305
21450,1965,15,1,216
21451,1966,9,1,361
21452,2009,3,1,33
21453,1969,15,1,375
21454,1965,15,1,3748
21455,1964,6,4,218
21456,1980,12,1,499
21457,1964,9,1,450
21458,1955,9,1,368
21459,1930,9,1,158
21460,2004,15,1,428
21461,1950,9,1,209
21462,1930,3,3,119
21463,1979,24,1,2244
21464,1991,15,1,394
21465,1930,9,1,272
21466,1965,9,1,268
21467,2007,18,1,1437
21468,1979,18,1,1032
21469,1998,3,3,240
21470,1957,12,1,361
21471,1957,6,1,212
21472,1985,21,4,2437
21473,1968,21,1,1839
21474,1970,24,1,1595
21475,1930,12,4,587
21476,1930,6,1,202
21477,1971,27,1,2838
21478,1957,6,1,277
21479,1930,3,3,215
21480,1972,15,1,737
21481,1978,18,1,1039
21482,1957,12,1,669
21483,1930,18,1,1042
21484,2005,15,1,468
21485,1953,12,1,745
21486,2006,15,1,1816
21487,1960,12,1,426
21488,2009,12,1,196
21489,1960,12,1,221
21490,1953,12,1,435
21491,1992,18,1,4243
21492,1950,15,1,410
21493,1967,12,1,228
21494,1975,6,1,229
21495,1997,9,1,151
21496,2014,9,1,164
21497,1994,9,1,276
21498,1955,12,1,398
21499,1967,9,1,190
21500,2007,15,1,699
21501,1966,15,1,496
21502,1965,9,1,278
21503,1960,6,1,274
21504,2003,15,1,695
21505,1986,12,1,436
21506,1950,6,1,204
21507,1960,15,1,670
21508,1990,12,1,306
21509,1999,3,3,86
21510,2010,15,1,4003
21511,1970,6,3,20
21512,1969,15,1,1480
21513,1970,18,1,1640
21514,1970,15,1,1640
21515,1969,15,1,1108
21516,2007,21,1,4542
21517,1992,15,1,1921
21518,1990,12,1,189
21519,1990,12,1,189
21520,1990,12,1,189
21521,1969,9,1,405
21522,1969,9,1,182
21523,1952,9,1,159
21524,1959,9,1,181
21525,1953,3,3,132
21526,1955,9,1,197
21527,1956,3,1,87
21528,1959,9,1,188
21529,1956,6,1,162
21530,1960,3,1,87
21531,1953,9,1,179
21532,1969,9,1,174
21533,1959,12,1,252
21534,1959,9,1,134
21535,1958,9,1,129
21536,1959,9,1,175
21537,1961,9,1,190
21538,1969,9,1,192
21539,1959,9,1,197
21540,1969,9,1,186
21541,1968,9,1,207
21542,1968,9,1,238
21543,1968,9,1,200
21544,1969,9,1,157
21545,1969,12,1,237
21546,2019,9,1,212
21547,1965,3,1,132
21548,1998,6,1,250
21549,2000,3,1,27
21550,1994,6,1,175
21551,1965,6,1,103
21552,1965,6,1,108
21553,1965,6,1,90
21554,1965,6,1,90
21555,1965,6,1,96
21556,1965,6,1,103
21557,1965,6,1,98
21558,1965,6,1,90
21559,1965,6,1,90
21560,1965,6,1,90
21561,1965,6,1,90
21562,1965,6,1,90
21563,1965,6,1,90
21564,1965,6,1,90
21565,1965,6,1,114
21566,1965,6,1,102
21567,1965,6,1,94
21568,1965,6,1,94
21569,1965,6,1,90
21570,1965,6,1,90
21571,1965,6,1,90
21572,1965,6,1,90
21573,1965,6,1,90
21574,1965,6,1,90
21575,1965,6,1,93
21576,1965,6,1,113
21577,1965,6,1,94
21578,1965,6,1,93
21579,1965,6,1,97
21580,1965,6,1,90
21581,1965,6,1,107
21582,1965,6,1,102
21583,2004,9,1,405
21584,2020,6,1,376
21585,1973,6,1,243
21586,1998,6,1,290
21587,1983,3,3,52
21588,2003,9,1,304
21589,2018,9,1,291
21590,2004,6,1,304
21591,1975,3,3,31
21592,1983,9,1,296
21593,1965,3,3,25
21594,1995,6,1,173
21595,1995,9,1,236
21596,1991,6,1,186
21597,2006,6,1,486
21598,2001,9,1,349
21599,2002,9,1,338
21600,1983,3,3,228
21601,1900,6,3,2863
21602,1997,3,3,18
21603,1974,15,1,792
21604,1974,15,1,790
21605,1975,3,4,2484
21606,1971,3,3,20
21607,1973,3,3,30
21608,1974,15,1,790
21609,1974,15,1,790
21610,1974,15,1,790
21611,1974,15,1,790
21612,1974,15,1,790
21613,1974,15,1,790
21614,1974,15,1,790
21615,1974,15,1,790
21616,1974,15,1,790
21617,1974,15,1,790
21618,1974,15,1,790
21619,1974,15,1,790
21620,1974,15,1,790
21621,1974,15,1,744
21622,1974,15,1,744
21623,1974,15,1,744
21624,1975,30,1,3486
21625,1975,30,1,3484
21626,1975,30,1,3484
21627,2004,12,4,6126
21628,1992,3,3,4563
21629,1973,6,3,23399
21630,2019,9,4,7410
21631,1972,3,3,57
21632,1950,9,1,204
21633,1960,6,1,157
21634,1978,12,1,315
21635,1982,12,1,743
21636,1954,6,1,223
21637,1950,9,1,200
21638,1994,12,1,508
21639,1955,9,1,268
21640,1960,15,1,455
21641,1950,9,1,266
21642,1960,9,1,262
21643,1960,9,1,345
21644,1971,12,1,380
21645,1960,12,1,298
21646,1960,9,1,250
21647,2001,9,1,2817
21648,1975,15,1,1724
21649,1966,12,1,312
21650,1958,9,1,197
21651,1950,6,1,88
21652,1954,6,1,237
21653,1950,3,1,119
21654,1950,6,1,187
21655,1958,12,1,327
21656,1996,12,1,2485
21657,1960,3,3,151
21658,1960,3,1,90
21659,1961,6,1,180
21660,1971,18,1,2740
21661,1970,12,1,252
21662,1970,12,1,309
21663,2008,15,1,2129
21664,1964,6,1,224
21665,1966,6,1,122
21666,1963,12,1,204
21667,1966,9,1,197
21668,1968,9,1,218
21669,1967,6,1,280
21670,1968,9,1,193
21671,1967,9,1,290
21672,1971,9,1,401
21673,1977,12,1,324
21674,1973,15,1,601
21675,1975,12,1,296
21676,1970,6,1,224
21677,1950,9,1,330
21678,1969,6,1,246
21679,1973,12,1,320
21680,1960,15,1,404
21681,1959,3,1,112
21682,1969,15,1,1629
21683,1960,15,1,400
21684,1960,9,1,196
21685,1967,9,3,244
21686,1978,12,1,296
21687,1979,6,1,152
21688,1966,12,1,178
21689,1972,9,1,207
21690,1964,9,1,232
21691,1981,6,1,246
21692,1980,15,1,527
21693,1955,6,1,181
21694,1965,9,1,188
21695,1950,9,1,157
21696,1961,9,1,144
21697,1953,9,1,210
21698,1964,6,1,135
21699,1960,9,1,221
21700,1960,15,1,632
21701,1966,12,1,171
21702,1950,9,1,80
21703,1965,12,1,366
21704,1961,9,1,213
21705,1960,9,1,224
21706,1958,6,1,359
21707,1996,12,1,204
21708,1950,3,1,104
21709,1955,6,1,178
21710,2010,12,1,358
21711,1960,9,1,197
21712,1957,3,1,82
21713,1952,6,1,157
21714,1971,12,1,307
21715,1955,6,1,198
21716,1958,6,1,167
21717,1958,6,1,194
21718,1997,12,1,264
21719,1953,3,1,100
21720,1952,12,1,255
21721,1965,12,1,363
21722,1953,15,1,462
21723,1961,9,1,235
21724,1960,9,1,253
21725,1978,15,1,434
21726,1949,6,1,111
21727,1958,9,1,210
21728,1960,9,1,148
21729,2000,3,1,162
21730,1958,6,1,34
21731,1958,6,1,98
21732,1949,3,1,87
21733,1958,9,1,262
21734,1960,6,1,211
21735,1958,9,1,171
21736,1993,6,1,121
21737,1948,6,1,307
21738,1950,3,1,88
21739,1963,9,1,442
21740,1950,3,1,93
21741,1967,6,1,186
21742,1960,9,1,198
21743,2002,12,1,740
21744,1980,15,1,468
21745,1970,18,1,753
21746,1986,9,1,205
21747,1960,6,1,97
21748,1955,6,3,280
21749,1975,15,1,313
21750,1970,9,1,124
21751,1960,3,3,42
21752,1994,9,1,286
21753,1963,6,3,89
21754,1965,9,1,181
21755,1999,12,1,632
21756,1970,12,1,399
21757,1965,9,1,170
21758,1960,9,1,295
21759,1970,9,1,383
21760,1952,3,1,104
21761,1955,3,1,68
21762,1969,9,1,197
21763,1960,9,4,256
21764,2005,15,1,470
21765,1953,3,1,75
21766,1975,12,1,423
21767,1950,3,1,106
21768,1998,9,1,266
21769,1965,12,1,585
21770,1959,9,1,196
21771,1960,9,1,272
21772,1970,15,1,443
21773,1971,15,1,698
21774,1972,12,1,460
21775,1973,15,1,525
21776,1959,6,1,261
21777,1956,3,1,89
21778,1956,9,1,243
21779,1960,12,4,299
21780,2007,15,1,354
21781,1960,9,1,140
21782,1955,9,1,209
21783,1961,9,1,193
21784,1960,9,1,168
21785,1960,9,1,283
21786,2000,9,1,216
21787,2003,9,1,251
21788,1970,9,1,322
21789,1953,6,1,152
21790,1958,6,1,85
21791,2009,15,1,1842
21792,1978,15,1,771
21793,1973,12,1,624
21794,1973,12,1,624
21795,1973,9,1,624
21796,1970,15,1,960
21797,1973,15,1,603
21798,1968,12,1,583
21799,1970,15,1,1001
21800,1975,6,1,288
21801,1978,3,4,497
21802,1952,3,1,97
21803,1955,6,1,245
21804,1995,12,4,852
21805,1978,6,1,72
21806,1978,9,1,149
21807,1962,9,1,176
21808,1960,9,1,210
21809,1955,6,1,168
21810,1950,6,1,170
21811,1970,12,1,372
21812,1958,6,1,212
21813,1992,12,1,424
21814,1958,3,1,159
21815,1976,12,1,725
21816,1970,12,1,733
21817,1977,9,4,625
21818,1970,15,1,915
21819,1974,6,1,336
21820,1970,12,1,648
21821,1968,12,1,608
21822,1978,12,1,725
21823,1950,9,1,1251
21824,1975,3,1,596
21825,1977,12,1,802
21826,1978,15,1,741
21827,1973,12,1,781
21828,1983,9,1,432
21829,1976,6,1,330
21830,1973,12,1,638
21831,1973,12,1,616
21832,1973,12,1,630
21833,1973,12,1,649
21834,1973,15,1,898
21835,1973,12,1,624
21836,1973,12,1,639
21837,1973,12,1,660
21838,1972,15,1,689
21839,1973,12,1,646
21840,1973,12,1,646
21841,1979,9,1,222
21842,1979,9,1,190
21843,1983,9,1,438
21844,1983,3,3,1108
21845,1983,3,3,19
21846,1974,18,1,12739
21847,1968,24,1,1960
21848,1968,24,1,1992
21849,1968,18,1,1917
21850,1968,18,1,1800
21851,1968,18,1,3595
21852,1968,15,1,3120
21853,1968,18,1,1848
21854,1968,18,1,1704
21855,1945,3,3,17
21856,1945,6,3,1850
21857,1945,9,3,731
21858,1945,9,3,2765
21859,1945,9,3,5346
21860,1958,3,3,4879
21861,1964,6,3,14135
21862,1964,3,3,59
21863,1965,9,1,357
21864,1976,3,3,332
21865,1967,18,4,5324
21866,1961,9,1,257
21867,1949,3,3,487
21868,1955,9,4,584
21869,1961,12,4,1059
21870,1960,6,1,190
21871,1954,9,1,372
21872,1963,9,1,289
21873,1953,3,1,104
21874,1953,3,1,99
21875,1953,9,1,504
21876,1953,9,1,604
21877,1953,3,1,93
21878,1953,3,1,98
21879,1953,9,1,504
21880,1953,9,1,524
21881,1953,3,1,143
21882,1953,9,1,540
21883,1953,3,1,106
21884,1953,9,1,538
21885,1960,6,4,1120
21886,1964,12,1,256
21887,1963,12,1,390
21888,2002,12,1,361
21889,1963,9,1,217
21890,1959,9,1,259
21891,1958,9,1,200
21892,1965,9,1,246
21893,1961,9,1,218
21894,1965,9,1,230
21895,1960,9,1,240
21896,1960,9,1,214
21897,1950,6,1,167
21898,1971,12,1,379
21899,1960,15,1,500
21900,1960,6,1,236
21901,1963,6,1,190
21902,1971,15,1,354
21903,1968,15,1,488
21904,1960,3,1,95
21905,1983,12,1,251
21906,1983,15,1,376
21907,1983,12,1,268
21908,1964,9,1,229
21909,1963,9,4,205
21910,1964,9,1,226
21911,1970,15,1,1265
21912,1969,15,1,969
21913,1970,12,4,643
21914,1975,3,4,253
21915,1986,6,3,129
21916,1999,21,4,454
21917,1989,21,1,833
21918,1971,15,1,621
21919,1969,18,1,954
21920,1979,15,1,2133
21921,1971,12,1,304
21922,1970,12,1,373
21923,1975,12,3,290
21924,1975,3,3,125
21925,1975,3,3,126
21926,2006,12,1,300
21927,1975,12,1,382
21928,1969,12,1,400
21929,1965,15,1,576
21930,1965,15,1,488
21931,1965,15,1,560
21932,1972,9,1,290
21933,1965,12,1,425
21934,1968,9,1,214
21935,1955,3,1,71
21936,1962,9,1,177
21937,1960,6,1,144
21938,1965,6,1,149
21939,1969,6,1,148
21940,1963,9,1,183
21941,1968,15,1,336
21942,1967,18,1,991
21943,1970,15,1,1253
21944,2008,9,1,174
21945,1962,9,1,183
21946,1962,9,1,94
21947,1963,9,1,145
21948,1967,9,1,143
21949,1967,12,1,208
21950,1960,9,1,160
21951,1965,6,1,204
21952,1966,6,1,164
21953,1973,9,1,205
21954,1970,3,3,118
21955,1970,6,1,222
21956,1971,12,1,504
21957,1971,12,1,424
21958,1968,12,1,340
21959,1968,9,1,373
21960,1970,15,1,312
21961,1971,12,1,406
21962,1971,3,3,120
21963,1971,9,1,264
21964,1991,9,1,330
21965,1980,15,1,559
21966,1992,3,3,126
21967,1971,9,1,462
21968,1956,15,1,353
21969,1965,18,1,2148
21970,1990,9,1,206
21971,1971,12,1,367
21972,1968,12,1,339
21973,1971,12,1,383
21974,1971,9,1,259
21975,1969,9,1,207
21976,1990,9,1,206
21977,1990,9,1,206
21978,1989,9,1,362
21979,1990,9,1,308
21980,1989,9,1,278
21981,1990,6,1,382
21982,1980,18,1,1411
21983,1970,15,1,544
21984,1970,15,1,611
21985,1969,15,1,440
21986,1985,9,1,280
21987,1986,9,1,275
21988,1985,3,3,122
21989,1968,9,1,334
21990,1971,12,1,436
21991,1975,9,1,234
21992,1994,6,1,199
21993,1910,3,1,217
21994,1965,18,1,2188
21995,1970,12,1,305
21996,1970,3,1,83
21997,1959,6,1,59
21998,1960,9,1,239
21999,1960,6,1,170
22000,1966,12,1,245
22001,1971,18,1,451
22002,1968,6,1,77
22003,1970,9,1,210
22004,1970,6,1,221
22005,1986,3,3,124
22006,1995,6,1,176
22007,1987,9,1,278
22008,1966,21,1,1685
22009,1966,18,1,1475
22010,1993,9,1,220
22011,1968,9,1,224
22012,1965,6,1,102
22013,1965,9,1,242
22014,1975,15,1,441
22015,1965,6,1,141
22016,1965,6,1,89
22017,1964,3,1,57
22018,1960,6,1,116
22019,1960,3,1,93
22020,1966,9,1,258
22021,1960,15,1,351
22022,1965,12,1,226
22023,1961,6,1,116
22024,1960,21,1,1893
22025,1990,9,1,281
22026,1962,6,1,189
22027,1968,6,1,218
22028,1967,6,1,233
22029,1967,9,1,171
22030,1968,6,1,189
22031,1979,21,1,1295
22032,1976,9,1,234
22033,1987,15,1,530
22034,2007,18,1,529
22035,1960,6,1,348
22036,1990,3,4,1522
22037,1991,3,4,1559
22038,1952,3,3,30
22039,2008,3,4,291
22040,1982,42,1,10820
22041,1970,21,1,3253
22042,1998,3,4,1018
22043,1995,18,1,10306
22044,1994,15,1,10306
22045,1960,6,1,216
22046,1960,3,3,22
22047,1975,9,1,1328
22048,1971,9,1,293
22049,1973,6,1,252
22050,1977,6,1,183
22051,1973,6,1,189
22052,1971,6,1,209
22053,1970,3,1,67
22054,1957,6,1,297
22055,2001,6,1,357
22056,2001,6,1,212
22057,1970,3,1,101
22058,1972,3,1,195
22059,1971,3,1,138
22060,1965,6,1,100
22061,1965,6,1,96
22062,1965,6,1,90
22063,1965,6,1,107
22064,1965,6,1,96
22065,1965,6,1,94
22066,1965,6,1,92
22067,1965,6,1,90
22068,1965,6,1,102
22069,1965,6,1,92
22070,1965,6,1,90
22071,1965,6,1,94
22072,1965,6,1,86
22073,1965,6,1,100
22074,1965,6,1,100
22075,1960,6,1,110
22076,1974,6,3,11381
22077,1978,9,3,17939
22078,1986,3,3,15838
22079,2009,9,4,29905
22080,1998,6,3,8739
22081,1993,6,4,8373
22082,1970,6,3,5505
22083,2008,6,3,10187
22084,1970,6,3,13669
22085,1970,3,3,25
22086,1971,9,4,1888
22087,1988,6,3,651
22088,1991,6,4,4808
22089,1975,3,3,20
22090,1986,3,4,1294
22091,1974,3,3,102
22092,1973,6,3,162
22093,1999,3,3,191
22094,1978,6,3,231
22095,1969,3,3,261
22096,1973,3,3,265
22097,1970,3,3,495
22098,1988,6,3,333
22099,1974,3,3,805
22100,1970,3,3,509
22101,1970,3,3,109
22102,1975,3,3,157
22103,1973,3,3,181
22104,1973,3,3,315
22105,1972,3,4,419
22106,1974,3,3,397
22107,1973,3,3,821
22108,1970,3,3,868
22109,1973,3,4,216
22110,1970,6,4,352
22111,1974,6,4,313
22112,1988,3,3,1076
22113,1974,3,3,513
22114,1980,6,3,1170
22115,1989,6,3,1709
22116,1970,3,3,544
22117,1970,6,4,374
22118,1988,6,4,385
22119,1971,12,3,6784
22120,1987,6,3,5497
22121,1958,6,1,88
22122,1950,3,1,70
22123,1957,6,1,116
22124,1965,9,1,153
22125,1958,6,1,162
22126,1961,9,1,298
22127,1956,9,1,207
22128,1953,9,1,196
22129,1959,12,1,132
22130,1961,9,1,136
22131,1940,6,1,68
22132,1958,6,4,199
22133,2004,3,4,397
22134,1978,6,3,2420
22135,1978,3,3,260
22136,1960,6,1,351
22137,1960,3,1,153
22138,1973,15,1,714
22139,1972,12,1,221
22140,1950,6,1,69
22141,1950,6,1,100
22142,1950,6,1,213
22143,1966,15,1,1056
22144,1950,6,1,199
22145,1948,3,1,88
22146,1950,12,1,405
22147,2006,9,1,205
22148,1970,9,1,273
22149,1952,3,1,68
22150,1950,9,1,190
22151,1951,6,1,74
22152,1963,9,1,279
22153,1950,3,1,93
22154,1948,12,1,301
22155,1950,6,1,126
22156,1948,12,1,245
22157,1960,9,1,224
22158,1960,9,1,194
22159,1960,12,1,224
22160,1967,12,1,222
22161,1968,12,1,294
22162,1966,12,1,338
22163,1964,12,1,284
22164,1975,6,1,361
22165,1974,12,1,422
22166,1978,12,1,351
22167,1999,12,1,572
22168,1964,9,1,208
22169,1950,6,1,110
22170,1970,9,1,175
22171,1972,12,1,366
22172,1972,12,1,472
22173,1977,12,1,212
22174,1970,15,1,486
22175,1970,9,1,188
22176,2022,9,1,191
22177,1950,3,1,151
22178,1950,9,1,177
22179,1973,9,1,220
22180,2006,15,1,433
22181,1973,12,1,312
22182,1950,3,1,90
22183,1952,9,1,200
22184,1952,9,1,133
22185,1950,9,1,216
22186,1950,3,1,45
22187,1967,9,1,473
22188,1966,12,1,318
22189,1948,3,1,85
22190,2007,9,1,558
22191,1950,9,1,279
22192,1952,9,1,250
22193,2007,15,1,445
22194,1997,6,1,203
22195,1953,9,1,205
22196,1960,3,1,109
22197,1960,9,1,172
22198,1959,6,1,194
22199,1960,9,1,210
22200,1948,6,1,152
22201,1967,9,1,223
22202,1995,6,1,231
22203,1950,6,1,130
22204,1957,6,1,185
22205,1987,9,1,216
22206,1950,6,1,131
22207,1960,12,1,308
22208,1951,6,1,140
22209,1950,3,1,95
22210,1948,6,1,134
22211,1948,6,1,183
22212,1949,6,1,76
22213,2008,15,1,1180
22214,1948,9,1,236
22215,1947,3,1,70
22216,1952,9,1,236
22217,1950,9,1,206
22218,1951,9,1,253
22219,1950,9,1,136
22220,1949,12,1,170
22221,1954,9,1,270
22222,1951,12,1,189
22223,1950,9,1,144
22224,1951,9,1,193
22225,1948,9,1,202
22226,1955,6,1,117
22227,1950,6,1,106
22228,1953,9,1,236
22229,1961,12,1,273
22230,1949,12,1,211
22231,1983,12,1,241
22232,1950,3,1,88
22233,1950,9,1,108
22234,1950,6,1,86
22235,1956,9,1,216
22236,1955,9,1,152
22237,1954,9,1,135
22238,1955,9,1,183
22239,1953,9,1,198
22240,1956,9,1,231
22241,2008,9,1,167
22242,1947,9,1,180
22243,1943,9,1,169
22244,1944,3,1,71
22245,2007,15,1,495
22246,1960,9,1,214
22247,1988,9,1,165
22248,1961,6,1,176
22249,1960,12,1,229
22250,1951,9,1,155
22251,1950,9,1,201
22252,1956,12,1,224
22253,1960,9,1,201
22254,1952,9,1,213
22255,1960,9,1,255
22256,1960,9,1,168
22257,1958,6,1,170
22258,1958,6,1,160
22259,1960,12,1,285
22260,1943,6,1,72
22261,1978,15,1,561
22262,1966,9,1,320
22263,1950,3,4,85
22264,1970,12,1,393
22265,2008,15,1,443
22266,1970,9,1,232
22267,1958,9,1,254
22268,1953,9,1,212
22269,1979,12,1,392
22270,1960,15,1,355
22271,1960,12,1,390
22272,1970,15,1,494
22273,1950,6,1,190
22274,1970,15,1,288
22275,1970,6,1,216
22276,1952,3,1,79
22277,1962,12,1,230
22278,1960,6,3,82
22279,1950,3,1,107
22280,1971,12,1,291
22281,1990,12,4,707
22282,1967,9,1,286
22283,1958,9,1,186
22284,1969,6,1,124
22285,1975,6,1,90
22286,1969,6,1,129
22287,1994,9,1,262
22288,1965,9,1,200
22289,1958,12,1,208
22290,1970,9,1,140
22291,1970,6,1,191
22292,1953,6,1,99
22293,1967,6,1,138
22294,1954,6,1,88
22295,1960,9,1,126
22296,1956,12,1,354
22297,1971,9,1,199
22298,1979,15,1,308
22299,1971,12,1,336
22300,1969,9,1,102
22301,1950,9,1,87
22302,1979,15,1,287
22303,1971,18,1,593
22304,1975,12,1,331
22305,1959,9,1,162
22306,1968,9,1,167
22307,1954,3,1,65
22308,1961,9,1,151
22309,1961,9,1,150
22310,1971,3,3,71
22311,2004,12,1,183
22312,1958,9,1,201
22313,1960,9,1,181
22314,1960,9,1,153
22315,1995,12,1,226
22316,1992,9,1,293
22317,1965,15,1,1126
22318,1968,15,1,2413
22319,1970,15,1,912
22320,1956,12,1,324
22321,1994,9,1,226
22322,1910,12,1,1469
22323,1910,3,4,63
22324,1975,15,1,398
22325,1963,9,1,122
22326,1953,3,3,79
22327,1959,6,1,100
22328,1954,9,1,119
22329,1956,6,1,104
22330,1992,9,1,126
22331,1950,6,1,87
22332,1953,6,1,160
22333,1953,9,1,247
22334,1963,9,1,239
22335,1954,6,1,162
22336,1954,6,1,72
22337,1955,6,1,139
22338,1959,9,1,211
22339,1957,9,1,244
22340,1958,9,1,306
22341,1958,9,1,212
22342,1987,12,1,203
22343,1951,6,1,189
22344,1959,9,1,218
22345,1957,6,1,85
22346,1961,12,1,305
22347,1957,6,1,160
22348,1977,15,4,2950
22349,2006,15,1,1130
22350,1977,15,1,776
22351,1956,12,1,396
22352,1970,12,1,311
22353,1968,12,4,251
22354,1970,12,1,266
22355,1968,9,1,170
22356,1991,9,1,793
22357,1968,3,1,73
22358,1967,9,1,136
22359,1970,9,1,165
22360,1970,6,1,194
22361,1976,9,1,191
22362,1969,3,1,74
22363,1972,6,1,126
22364,1966,6,1,118
22365,1965,3,1,100
22366,1988,12,1,248
22367,1954,6,1,75
22368,1953,6,1,98
22369,1956,6,1,129
22370,1956,9,1,177
22371,1963,6,1,168
22372,1953,6,1,131
22373,1958,9,1,153
22374,1957,6,1,184
22375,1958,6,1,155
22376,2008,15,1,1741
22377,1954,3,1,86
22378,1954,6,1,125
22379,1956,3,1,96
22380,2006,15,1,491
22381,1972,9,1,148
22382,1969,9,1,219
22383,1964,9,1,363
22384,1968,12,1,368
22385,1965,12,1,277
22386,1969,9,1,213
22387,1966,3,1,74
22388,2006,15,1,401
22389,1968,9,1,208
22390,1967,9,1,140
22391,1964,9,1,235
22392,1967,6,1,198
22393,1967,9,1,135
22394,1964,9,1,192
22395,1966,3,1,108
22396,1969,6,1,92
22397,1972,9,1,208
22398,1964,9,1,186
22399,1965,12,1,275
22400,1970,9,1,206
22401,1950,9,1,158
22402,1967,3,1,67
22403,1968,6,1,154
22404,1967,9,1,150
22405,1969,9,1,151
22406,1950,9,1,166
22407,1970,6,1,78
22408,1969,9,1,159
22409,1969,6,1,77
22410,1968,9,1,184
22411,1999,9,1,136
22412,1969,12,1,255
22413,1976,12,1,190
22414,1963,15,1,491
22415,1962,12,1,343
22416,1958,6,1,244
22417,1958,6,1,340
22418,1959,9,1,238
22419,1956,9,1,260
22420,1960,9,4,178
22421,1970,12,1,325
22422,1955,3,1,63
22423,1962,6,1,314
22424,1954,9,1,284
22425,2007,15,1,702
22426,1960,6,1,190
22427,1998,0,1,84
22428,1960,9,1,224
22429,1970,12,1,334
22430,2005,15,1,5964
22431,2010,12,1,1608
22432,1970,12,1,320
22433,1968,9,1,180
22434,1969,6,1,286
22435,1968,9,1,198
22436,1978,12,1,177
22437,1970,6,1,65
22438,2001,9,1,144
22439,1966,6,1,59
22440,1972,12,1,183
22441,1976,9,1,187
22442,1998,9,1,165
22443,1970,9,1,266
22444,1970,9,1,122
22445,1969,12,1,400
22446,1968,3,1,72
22447,1976,6,1,207
22448,1969,9,1,120
22449,1969,12,1,240
22450,1970,9,1,170
22451,1962,6,1,124
22452,1965,9,1,156
22453,1966,12,1,231
22454,1980,15,1,447
22455,1962,6,1,164
22456,1986,9,1,198
22457,1969,9,1,186
22458,1994,12,1,367
22459,1969,6,1,73
22460,1970,9,1,278
22461,1969,6,1,122
22462,1970,12,1,172
22463,1968,12,1,195
22464,1965,12,1,150
22465,1968,12,1,279
22466,1963,6,1,148
22467,1987,12,1,248
22468,1968,6,1,122
22469,1962,9,1,216
22470,1998,9,1,184
22471,1967,9,1,144
22472,1994,12,1,165
22473,1975,9,1,165
22474,1952,6,1,115
22475,1977,9,1,168
22476,1975,9,1,124
22477,1940,6,4,1948
22478,1940,12,4,4265
22479,1969,15,1,1340
22480,1970,3,4,197
22481,1962,15,1,1360
22482,1969,15,1,1320
22483,1962,15,1,1360
22484,1969,15,1,1340
22485,1969,15,1,1320
22486,1969,15,1,1300
22487,1969,15,1,1340
22488,1969,15,1,1319
22489,1962,15,1,1319
22490,1969,15,1,1560
22491,1964,15,1,1555
22492,1969,15,1,1560
22493,1969,15,1,1558
22494,1969,15,1,1558
22495,1971,15,1,1734
22496,1973,15,1,1774
22497,1973,15,1,1260
22498,1969,15,1,1420
22499,1969,15,1,1420
22500,1969,15,1,1420
22501,1969,15,1,1420
22502,1969,15,1,1420
22503,1962,15,1,1420
22504,1969,15,1,1280
22505,1969,15,1,1280
22506,1969,15,1,1420
22507,1969,15,1,1420
22508,1969,15,1,1420
22509,1969,15,1,1420
22510,1968,15,1,1280
22511,1968,15,1,1280
22512,1968,15,1,1280
22513,1968,15,1,1280
22514,1968,15,1,1280
22515,1968,15,1,1280
22516,1968,15,1,1420
22517,1968,15,1,1420
22518,1968,15,1,1420
22519,1968,15,1,1420
22520,1968,15,1,1420
22521,1988,3,3,902
22522,1988,3,3,880
22523,1988,3,3,610
22524,1988,3,3,483
22525,1988,3,3,387
22526,1988,3,3,18
22527,1988,3,3,30
22528,1988,3,3,864
22529,1988,3,3,1024
22530,1988,3,3,304
22531,1973,9,3,2127
22532,1950,6,4,1902
22533,1974,3,3,1031
22534,1950,3,3,759
22535,1973,6,3,5196
22536,1968,3,3,302
22537,1970,3,3,318
22538,1976,3,3,496
22539,1976,3,3,494
22540,1976,3,3,640
22541,1971,6,3,610
22542,1970,3,3,624
22543,1959,12,1,388
22544,1966,3,3,152
22545,1970,3,3,1263
22546,1970,3,3,165
22547,1965,9,4,5306
22548,1961,3,3,26
22549,1960,9,3,2138
22550,1966,9,1,136
22551,1968,3,3,19
22552,1955,3,4,143
22553,1965,6,3,1301
22554,1970,12,4,1619
22555,1965,12,4,2705
22556,1972,12,1,659
22557,1986,6,3,185
22558,1962,15,3,4553
22559,1967,6,3,344
22560,1970,24,1,1217
22561,1970,24,1,732
22562,1970,21,1,1364
22563,1970,24,1,1490
22564,1972,3,3,256
22565,1970,27,1,3200
22566,1999,21,1,3671
22567,1972,3,4,175
22568,2003,21,1,1524
22569,1983,15,1,692
22570,1974,15,4,917
22571,1976,12,1,611
22572,2005,9,1,240
22573,1955,6,1,200
22574,1973,9,1,238
22575,1970,15,1,585
22576,1964,12,1,374
22577,1972,12,1,347
22578,1975,9,1,259
22579,1976,15,1,470
22580,1958,6,1,239
22581,1965,12,1,335
22582,1964,9,1,217
22583,1968,15,1,897
22584,1969,15,1,512
22585,1969,15,1,512
22586,1950,15,1,976
22587,1969,15,1,808
22588,1969,15,1,546
22589,2007,12,1,263
22590,2002,9,1,286
22591,2005,18,1,1396
22592,1973,3,4,351
22593,1973,12,4,970
22594,1966,12,4,997
22595,1965,12,1,486
22596,1968,15,4,2922
22597,2008,6,3,9437
22598,2008,6,3,12747
22599,2009,15,3,8765
22600,2018,3,4,4820
22601,2021,9,4,7436
22602,2022,9,3,5526
22603,2019,9,3,4421
22604,2004,6,1,736
22605,1983,6,1,125
22606,1990,9,1,328
22607,1983,6,1,301
22608,1980,6,1,278
22609,1983,9,1,656
22610,2005,6,1,162
22611,1989,3,1,44
22612,1996,3,1,50
22613,2017,6,1,263
22614,1991,6,1,535
22615,1979,6,1,217
22616,2004,6,1,327
22617,1973,9,1,257
22618,1948,6,1,383
22619,2000,3,N,0
22620,1995,9,1,430
22621,2001,6,1,357
22622,1996,9,1,328
22623,1996,9,1,427
22624,2002,6,1,343
22625,2008,6,1,543
22626,2000,6,1,695
22627,1994,9,1,444
22628,1994,6,1,368
22629,1995,6,1,406
22630,1981,6,1,342
22631,1974,6,1,321
22632,1971,6,1,242
22633,1990,9,1,202
22634,1994,9,1,358
22635,1989,9,1,218
22636,1989,9,1,227
22637,1989,9,1,185
22638,1993,9,1,368
22639,1992,9,1,465
22640,1992,9,1,211
22641,1992,9,1,230
22642,1991,9,1,248
22643,1990,9,1,210
22644,1991,9,1,210
22645,2021,3,1,210
22646,2003,6,1,313
22647,1996,9,1,370
22648,1990,9,1,186
22649,1989,9,1,283
22650,1989,9,1,308
22651,1989,9,1,200
22652,1992,9,1,225
22653,1992,9,1,230
22654,1991,9,1,236
22655,1990,9,1,210
22656,1991,9,1,181
22657,1999,6,1,200
22658,2005,9,1,436
22659,2005,9,1,396
22660,2005,6,1,388
22661,1971,6,1,287
22662,2007,6,1,474
22663,1971,6,1,534
22664,1953,9,1,515
22665,1972,6,1,321
22666,1996,6,1,228
22667,2008,6,1,656
22668,1950,12,4,1917
22669,1967,6,1,260
22670,1963,9,1,268
22671,1964,9,1,387
22672,1989,3,1,129
22673,1960,6,1,207
22674,1999,6,1,392
22675,2008,6,1,283
22676,2005,9,1,866
22677,2000,9,1,554
22678,1968,6,1,275
22679,2008,6,1,310
22680,1963,3,1,321
22681,2002,6,1,227
22682,2017,6,1,245
22683,1970,3,1,86
22684,2004,9,1,325
22685,2015,9,1,131
22686,1999,9,1,604
22687,1999,9,1,577
22688,2000,6,1,190
22689,2001,9,1,570
22690,2000,6,1,347
22691,1989,6,3,2799
22692,1991,3,3,2216
22693,1991,3,3,2700
22694,2000,6,3,4725
22695,1960,9,3,11037
22696,1960,3,3,20
22697,1991,6,3,4644
22698,2001,6,3,5133
22699,1993,3,3,563
22700,1996,3,3,1300
22701,1990,6,3,1347
22702,1991,3,3,1175
22703,1993,6,3,2111
22704,1991,3,3,485
22705,1990,3,3,1003
22706,1991,9,3,1663
22707,1991,9,3,11703
22708,1995,6,3,7377
22709,1988,3,3,50
22710,1989,3,3,2820
22711,1991,3,3,678
22712,1992,3,3,541
22713,1968,3,3,11512
22714,1968,6,3,1435
22715,1970,6,3,14593
22716,1970,3,3,50
22717,1990,6,3,4018
22718,1990,6,3,3476
22719,1971,3,3,30
22720,1968,3,3,4209
22721,1968,3,3,504
22722,2004,12,3,3386
22723,1970,3,3,7150
22724,1973,6,3,831
22725,1966,6,3,1197
22726,1965,3,3,1609
22727,1970,3,3,16
22728,1970,3,3,27
22729,1983,6,4,2017
22730,1973,6,4,600
22731,1966,6,3,459
22732,1970,3,3,496
22733,1971,6,3,458
22734,1970,3,3,170
22735,1969,3,3,192
22736,2010,6,4,609
22737,1973,3,3,409
22738,1971,3,3,197
22739,1988,3,3,235
22740,1989,3,3,263
22741,1982,6,3,340
22742,1984,6,3,2440
22743,1972,6,3,948
22744,1993,6,4,716
22745,1987,12,3,5373
22746,1967,3,3,98
22747,1960,6,3,3741
22748,1970,6,3,1427
22749,1989,3,3,572
22750,1989,6,3,828
22751,1960,3,3,538
22752,1960,9,1,221
22753,1965,9,1,192
22754,1968,12,1,199
22755,1950,6,1,111
22756,1958,9,1,177
22757,2000,0,N,0
22758,1960,9,1,203
22759,1957,9,1,190
22760,1955,6,1,162
22761,1970,15,1,898
22762,2004,15,1,2743
22763,1998,12,1,4943
22764,2006,15,1,3743
22765,2000,15,1,3398
22766,2008,18,1,4705
22767,1960,9,1,478
22768,1960,9,1,240
22769,1971,9,1,160
22770,1960,12,1,210
22771,1952,9,1,217
22772,1967,12,1,302
22773,1950,9,1,328
22774,1953,3,1,115
22775,1950,9,1,158
22776,1950,12,1,285
22777,1950,6,1,121
22778,1950,9,1,104
22779,1948,9,1,165
22780,1950,9,1,177
22781,1947,9,1,139
22782,1946,9,1,169
22783,1970,9,1,127
22784,1950,12,1,306
22785,1968,9,1,230
22786,1960,12,1,394
22787,1960,9,1,196
22788,1963,12,1,270
22789,1964,12,1,264
22790,1960,9,1,289
22791,1960,12,1,270
22792,1960,12,1,427
22793,1963,6,1,199
22794,1970,15,1,268
22795,1950,9,1,139
22796,1964,12,1,296
22797,1970,9,1,222
22798,1971,9,1,140
22799,1955,6,1,177
22800,1963,9,1,230
22801,1965,9,1,232
22802,1950,9,1,157
22803,1953,9,1,291
22804,1952,12,1,629
22805,1947,9,1,187
22806,1954,12,1,209
22807,1946,3,1,120
22808,1967,12,1,362
22809,1947,9,1,279
22810,1945,6,1,144
22811,1954,12,1,212
22812,1956,6,1,96
22813,1950,3,3,62
22814,1944,9,1,186
22815,1964,9,1,177
22816,1946,12,1,175
22817,1946,9,1,165
22818,1951,9,1,172
22819,1999,12,1,325
22820,1947,9,1,215
22821,1948,6,1,86
22822,2006,15,1,388
22823,1951,12,1,328
22824,1953,12,1,349
22825,1948,9,1,179
22826,1952,15,1,365
22827,1955,9,1,181
22828,1949,9,1,206
22829,1959,12,1,381
22830,1948,12,1,185
22831,1953,6,1,221
22832,1954,6,1,216
22833,1950,9,1,156
22834,1950,12,4,344
22835,1950,12,1,260
22836,1965,12,1,242
22837,1969,9,1,196
22838,1945,6,1,116
22839,1945,9,1,163
22840,1944,9,1,192
22841,1943,3,1,91
22842,1949,9,1,239
22843,1958,9,1,177
22844,1950,9,1,176
22845,1952,9,1,147
22846,1954,9,1,150
22847,2006,15,1,743
22848,1947,12,1,380
22849,1944,6,1,163
22850,1943,9,1,188
22851,1947,6,1,184
22852,1941,6,1,92
22853,1940,6,1,71
22854,1943,9,1,142
22855,1943,3,1,53
22856,1945,3,1,67
22857,2006,15,1,772
22858,2003,12,1,489
22859,1949,6,1,130
22860,1950,3,1,89
22861,1950,9,1,222
22862,1992,12,1,299
22863,2012,9,1,86
22864,1999,3,3,115
22865,1948,6,1,92
22866,1949,6,1,123
22867,1948,6,1,108
22868,2008,9,1,364
22869,1950,9,1,273
22870,1999,6,1,132
22871,1952,9,1,211
22872,1958,12,1,436
22873,1961,9,1,131
22874,1950,9,1,162
22875,1991,12,1,339
22876,2007,15,1,456
22877,1948,9,1,330
22878,1950,6,1,232
22879,1952,6,1,150
22880,1950,6,1,119
22881,1951,9,1,106
22882,1952,9,1,114
22883,1948,6,1,118
22884,1948,9,1,121
22885,1953,3,1,56
22886,1948,9,1,90
22887,1948,6,1,120
22888,1949,6,1,148
22889,2008,12,1,563
22890,1949,6,1,178
22891,1953,9,1,180
22892,1954,12,1,177
22893,1954,9,1,205
22894,1950,6,1,143
22895,1946,9,1,639
22896,1980,15,1,416
22897,1960,6,1,165
22898,1964,9,1,197
22899,1962,9,1,233
22900,1975,9,1,126
22901,1942,6,1,136
22902,1944,9,1,146
22903,1970,12,1,225
22904,1941,9,1,148
22905,1962,9,1,149
22906,1950,9,1,173
22907,1963,9,1,212
22908,1942,9,1,151
22909,1992,9,1,195
22910,1950,9,1,146
22911,1960,9,1,122
22912,1948,12,1,327
22913,1950,9,1,150
22914,1960,9,1,190
22915,1960,9,1,242
22916,1970,12,1,418
22917,1960,9,1,164
22918,1950,15,1,231
22919,1948,6,1,146
22920,1949,9,1,161
22921,1950,9,1,188
22922,1958,9,1,186
22923,1961,15,1,282
22924,1962,9,1,122
22925,1960,12,1,342
22926,1960,12,1,233
22927,1955,9,1,146
22928,1958,9,1,151
22929,1978,3,3,85
22930,1980,15,1,272
22931,1950,9,1,243
22932,1950,6,1,188
22933,1950,3,1,65
22934,1960,12,1,203
22935,1956,9,1,504
22936,1956,12,1,555
22937,1996,9,1,226
22938,1940,9,1,200
22939,1950,6,1,166
22940,1930,6,1,214
22941,1957,12,1,320
22942,1955,6,1,99
22943,1973,9,1,156
22944,1968,9,1,221
22945,1960,6,1,193
22946,1955,6,1,134
22947,1959,12,1,182
22948,1960,9,1,202
22949,1960,9,1,200
22950,2000,6,1,142
22951,1958,6,1,107
22952,1960,9,1,143
22953,1940,6,1,112
22954,1973,12,1,278
22955,1949,9,1,136
22956,2012,15,1,2848
22957,1952,15,1,830
22958,1950,9,1,142
22959,1952,15,1,328
22960,2009,15,1,443
22961,1951,9,1,183
22962,1949,12,1,195
22963,1946,6,1,134
22964,1947,9,1,161
22965,1951,9,1,175
22966,1949,9,1,129
22967,1946,9,1,212
22968,1951,9,1,172
22969,1948,6,1,63
22970,1953,9,1,176
22971,1948,9,1,195
22972,1954,9,1,163
22973,1956,9,1,174
22974,1981,9,1,247
22975,1950,3,1,68
22976,1949,6,1,87
22977,1949,6,1,95
22978,1961,9,1,166
22979,1958,9,1,156
22980,1947,3,1,59
22981,1953,6,1,208
22982,1956,6,1,138
22983,1947,3,1,81
22984,1954,9,1,196
22985,1955,9,1,275
22986,1956,9,1,309
22987,2010,15,1,1089
22988,1960,9,1,313
22989,1955,9,1,219
22990,1964,9,1,332
22991,1958,6,1,113
22992,1958,6,1,94
22993,1960,9,1,220
22994,1955,6,1,74
22995,1952,6,1,62
22996,1956,12,1,114
22997,1955,6,1,133
22998,1960,12,1,178
22999,2002,6,1,168
23000,1957,9,1,150
23001,1978,12,1,241
23002,1957,6,1,155
23003,1960,9,1,213
23004,1934,6,3,81
23005,1957,6,1,163
23006,2006,15,1,556
23007,1997,6,1,190
23008,1957,9,1,208
23009,1959,9,1,227
23010,1958,9,1,175
23011,1961,9,1,261
23012,1958,6,1,175
23013,1958,6,1,152
23014,1954,9,1,223
23015,2001,9,1,162
23016,1955,9,1,157
23017,1952,6,1,88
23018,1959,9,1,156
23019,1950,6,1,136
23020,1957,12,1,182
23021,1975,9,1,230
23022,1988,9,1,327
23023,1988,12,1,467
23024,2007,15,1,587
23025,1961,9,1,97
23026,1959,9,1,90
23027,1960,9,1,206
23028,1956,9,1,294
23029,1953,9,1,170
23030,1956,6,1,195
23031,1952,6,1,63
23032,1959,9,1,176
23033,1957,9,1,163
23034,1962,6,1,60
23035,1970,9,1,183
23036,2022,6,1,124
23037,1989,9,1,114
23038,1958,9,1,173
23039,1951,6,1,67
23040,1952,6,1,79
23041,1972,12,1,290
23042,1958,9,1,186
23043,1970,12,1,300
23044,1968,12,1,170
23045,1967,9,1,196
23046,1960,9,1,188
23047,1985,9,1,347
23048,1951,3,1,77
23049,2003,9,1,169
23050,1958,9,1,171
23051,1952,6,1,105
23052,1957,9,1,190
23053,1955,9,1,139
23054,1952,6,1,187
23055,1956,9,1,176
23056,2003,12,1,189
23057,1989,12,1,223
23058,1957,6,1,142
23059,1950,6,1,91
23060,1952,9,1,208
23061,1974,9,1,174
23062,1969,12,1,236
23063,2002,12,1,174
23064,1965,9,1,95
23065,1970,9,1,118
23066,1971,9,1,201
23067,1969,15,1,258
23068,1978,12,1,300
23069,1969,9,1,229
23070,1970,9,1,165
23071,1969,9,1,140
23072,1969,9,1,150
23073,1969,9,1,142
23074,1970,6,1,59
23075,1972,9,1,150
23076,2000,12,1,203
23077,1976,9,1,205
23078,1974,12,1,230
23079,1972,15,1,348
23080,1968,12,1,220
23081,1968,9,1,160
23082,1972,9,1,164
23083,1970,9,1,154
23084,1963,9,1,204
23085,1970,9,1,160
23086,1969,6,1,120
23087,1975,9,1,256
23088,1969,6,1,80
23089,1955,3,1,58
23090,1972,6,1,74
23091,1970,12,1,260
23092,1976,15,1,451
23093,1968,9,1,152
23094,2009,6,1,200
23095,2006,9,1,179
23096,2015,15,1,564
23097,1964,6,1,91
23098,2005,12,1,216
23099,1967,12,1,237
23100,1964,9,1,268
23101,1965,9,1,85
23102,1964,6,1,157
23103,1962,6,1,120
23104,1969,12,1,419
23105,1949,3,1,98
23106,1976,6,1,153
23107,1968,9,1,153
23108,1965,6,1,75
23109,1969,9,1,168
23110,1930,6,1,134
23111,1968,12,1,209
23112,1972,9,1,163
23113,2004,6,1,185
23114,1968,9,1,166
23115,1963,9,1,406
23116,1969,9,1,289
23117,1968,9,1,166
23118,1969,3,1,56
23119,1967,3,1,60
23120,1969,9,1,132
23121,1967,6,1,150
23122,1949,9,1,189
23123,1965,12,1,242
23124,1966,12,1,216
23125,1978,12,1,503
23126,1972,9,1,145
23127,1955,6,1,135
23128,1967,9,1,192
23129,1966,6,1,112
23130,1964,6,1,233
23131,2000,9,1,173
23132,1964,6,1,291
23133,1972,9,1,178
23134,1963,12,1,298
23135,1956,9,1,212
23136,1966,9,1,241
23137,1974,9,1,134
23138,1970,9,1,111
23139,1963,3,1,41
23140,1969,9,1,151
23141,1978,3,1,112
23142,1953,9,1,129
23143,1974,6,1,174
23144,1953,9,1,188
23145,1970,6,1,159
23146,1995,9,1,300
23147,1965,12,1,112
23148,1967,9,1,219
23149,1970,6,1,166
23150,1964,6,1,72
23151,1966,6,1,276
23152,1962,12,1,278
23153,1964,12,1,256
23154,2006,12,1,199
23155,1988,12,1,216
23156,1964,9,1,168
23157,1965,12,1,188
23158,1967,6,1,120
23159,1966,6,1,134
23160,1970,6,1,85
23161,1962,6,1,108
23162,1969,9,1,112
23163,1967,6,1,88
23164,1968,3,1,70
23165,1975,9,1,152
23166,1977,9,1,301
23167,1997,12,1,277
23168,1967,9,1,185
23169,1969,9,1,219
23170,1960,6,1,79
23171,1960,9,1,188
23172,1967,9,1,283
23173,1960,3,3,118
23174,1978,12,1,212
23175,1967,6,1,140
23176,1963,9,1,190
23177,1961,3,1,60
23178,1972,9,1,170
23179,1969,6,1,160
23180,1966,9,1,152
23181,2007,12,1,321
23182,1969,12,1,264
23183,1968,3,1,81
23184,1958,6,1,129
23185,1958,9,1,263
23186,2006,9,1,242
23187,1965,9,1,225
23188,1963,9,1,141
23189,1959,9,1,175
23190,1963,9,1,127
23191,1963,9,1,143
23192,1966,9,1,163
23193,1997,15,1,182
23194,1972,6,1,123
23195,1970,9,1,180
23196,1970,9,1,238
23197,1968,9,1,189
23198,1969,9,1,208
23199,1968,6,1,83
23200,1969,6,1,74
23201,1973,6,1,122
23202,1976,9,1,190
23203,1970,6,1,146
23204,1970,9,1,178
23205,1970,12,1,272
23206,1971,3,1,70
23207,1970,3,1,130
23208,2000,6,1,156
23209,1970,6,1,86
23210,1968,9,1,161
23211,2000,6,1,200
23212,1969,9,1,179
23213,1975,6,1,68
23214,1986,9,1,145
23215,1976,9,1,181
23216,1972,6,1,66
23217,2000,6,1,326
23218,1961,6,1,230
23219,2006,15,1,654
23220,1963,9,1,256
23221,1970,9,1,184
23222,1969,6,1,136
23223,1970,9,1,190
23224,1969,12,1,213
23225,1970,9,1,156
23226,1962,6,1,150
23227,1962,3,1,58
23228,1970,9,1,136
23229,1970,3,1,58
23230,1966,3,1,87
23231,1969,6,1,196
23232,1973,6,1,111
23233,1970,9,1,167
23234,1967,6,1,117
23235,1968,6,1,128
23236,1964,6,1,127
23237,1969,9,1,257
23238,1970,6,1,108
23239,1954,9,1,452
23240,1960,9,4,306
23241,1970,6,1,157
23242,1971,12,1,300
23243,1986,12,1,408
23244,1970,9,1,258
23245,1962,12,1,183
23246,1966,6,1,146
23247,2023,9,1,144
23248,1965,12,1,183
23249,1950,6,1,132
23250,1970,12,1,211
23251,1967,9,1,208
23252,1961,9,1,155
23253,1969,9,1,143
23254,1962,9,1,136
23255,1967,9,1,186
23256,1969,9,1,228
23257,1967,9,1,174
23258,1966,6,1,128
23259,1961,9,1,157
23260,1970,9,1,206
23261,1962,9,1,227
23262,1960,9,1,150
23263,1953,6,1,84
23264,1963,9,1,180
23265,1958,9,1,272
23266,1964,9,1,216
23267,1965,9,1,213
23268,1960,9,3,66
23269,1959,9,1,167
23270,1965,9,1,159
23271,1957,9,1,178
23272,1953,9,1,156
23273,1955,9,1,186
23274,1998,9,1,344
23275,1958,9,1,187
23276,1959,9,1,256
23277,2008,12,1,215
23278,1960,9,1,165
23279,1956,9,1,208
23280,1971,9,1,284
23281,1962,9,1,210
23282,1960,6,1,65
23283,1999,9,1,151
23284,1968,9,1,167
23285,1965,9,1,162
23286,1969,9,1,211
23287,1968,12,1,117
23288,1979,12,1,202
23289,2010,15,1,470
23290,1969,9,1,179
23291,1966,9,1,154
23292,1966,9,1,146
23293,1964,3,1,90
23294,1975,12,1,338
23295,1968,12,1,247
23296,1969,6,1,132
23297,1970,9,1,204
23298,1968,9,1,248
23299,1970,9,1,158
23300,1968,9,1,185
23301,1965,9,1,230
23302,1965,9,1,187
23303,1963,9,1,120
23304,1966,9,1,183
23305,1970,3,1,63
23306,1958,9,1,128
23307,1965,9,1,145
23308,1969,6,1,75
23309,1965,9,1,241
23310,1966,6,1,90
23311,1963,3,1,101
23312,1968,12,1,247
23313,1969,12,1,239
23314,1965,9,1,188
23315,1962,9,1,117
23316,1966,6,1,108
23317,1978,9,1,209
23318,1974,9,1,173
23319,1978,9,1,198
23320,1968,9,1,217
23321,1970,6,1,93
23322,1967,6,1,166
23323,1965,9,1,124
23324,1965,9,1,124
23325,1964,9,1,167
23326,1966,6,1,116
23327,1972,6,1,158
23328,1965,6,1,68
23329,1960,6,1,53
23330,1953,6,1,126
23331,1951,9,1,250
23332,1965,9,1,176
23333,1976,9,1,171
23334,1964,9,1,169
23335,1969,15,1,1460
23336,1963,15,1,1460
23337,1969,15,1,1460
23338,1969,15,1,1480
23339,1962,12,1,220
23340,1960,9,1,354
23341,1972,18,1,1060
23342,1960,12,1,221
23343,1991,6,1,174
23344,1964,6,1,284
23345,1965,6,1,209
23346,1963,6,1,156
23347,1960,9,1,301
23348,1969,15,1,1580
23349,1969,15,1,1580
23350,1973,3,3,4996
23351,1975,9,3,2512
23352,1961,6,1,225
23353,1961,6,1,167
23354,1964,9,1,268
23355,1964,9,1,227
23356,1970,9,1,1017
23357,1962,9,1,268
23358,1962,9,1,202
23359,1963,3,3,11
23360,1965,15,1,535
23361,1963,9,1,274
23362,1991,12,1,212
23363,1991,12,1,212
23364,1991,12,1,212
23365,1993,6,4,414
23366,2000,12,1,2321
23367,1961,6,1,831
23368,1963,3,3,541
23369,1963,3,3,532
23370,1963,6,3,550
23371,1962,6,1,126
23372,1962,9,1,146
23373,1957,6,1,120
23374,1957,6,1,95
23375,1957,6,1,90
23376,1957,12,1,131
23377,1957,6,1,90
23378,1964,12,1,127
23379,1964,6,1,90
23380,1957,6,1,138
23381,1957,6,1,116
23382,1957,6,1,128
23383,1959,9,1,826
23384,1957,6,1,86
23385,1955,6,1,95
23386,1954,6,1,93
23387,1955,6,1,94
23388,1959,6,1,96
23389,1955,6,1,91
23390,1959,9,1,742
23391,1957,6,1,115
23392,1957,6,1,112
23393,1962,6,1,258
23394,1962,6,1,328
23395,1986,12,1,385
23396,1967,9,3,334
23397,1964,6,3,524
23398,1964,3,1,107
23399,1964,6,1,242
23400,1961,6,1,209
23401,1966,3,1,102
23402,1963,6,3,50
23403,1966,6,1,259
23404,1964,9,1,176
23405,1964,9,1,188
23406,1963,9,1,181
23407,1968,9,1,138
23408,1962,9,1,147
23409,1962,9,1,166
23410,1950,6,1,70
23411,2004,15,1,1218
23412,1965,12,1,340
23413,1962,9,1,274
23414,1963,9,1,318
23415,2007,15,1,649
23416,1958,6,1,184
23417,2002,12,1,96
23418,1990,6,1,305
23419,2016,15,1,2822
23420,1960,9,1,738
23421,1963,6,4,5258
23422,1963,3,3,13
23423,1963,6,3,789
23424,1963,3,3,319
23425,1963,3,3,976
23426,1963,3,3,833
23427,1952,6,3,1645
23428,1970,6,1,236
23429,1975,15,1,1125
23430,1966,6,1,210
23431,1971,12,4,659
23432,2008,15,1,682
23433,1958,9,1,390
23434,1960,9,1,366
23435,1964,6,3,380
23436,1964,3,3,110
23437,1966,6,1,252
23438,1964,9,1,273
23439,1970,12,1,360
23440,1958,9,1,333
23441,1970,12,1,377
23442,1973,15,1,351
23443,1974,6,1,250
23444,1968,6,1,250
23445,1968,15,1,452
23446,1970,6,1,261
23447,1970,6,1,268
23448,1969,6,1,260
23449,1965,6,1,253
23450,1965,6,1,264
23451,1967,6,1,259
23452,2005,21,1,1305
23453,2005,21,1,3213
23454,2005,21,1,5514
23455,2003,18,1,4019
23456,2003,18,1,1232
23457,1962,9,1,341
23458,1967,6,1,246
23459,1965,12,1,277
23460,1964,6,1,154
23461,1969,9,1,257
23462,1965,12,1,248
23463,1983,12,1,426
23464,1975,15,1,399
23465,1969,12,1,297
23466,1971,9,1,361
23467,1970,12,1,391
23468,1965,12,1,449
23469,1962,6,1,226
23470,1965,3,1,120
23471,2007,15,1,428
23472,1968,6,3,391
23473,1972,3,1,347
23474,1970,15,1,1971
23475,1964,3,3,1025
23476,1977,9,1,272
23477,1964,9,1,260
23478,1964,6,1,120
23479,1969,6,1,294
23480,1963,12,1,372
23481,1962,3,1,124
23482,1961,6,1,272
23483,1963,9,1,261
23484,1970,9,1,326
23485,1969,6,1,269
23486,1988,12,1,258
23487,1962,9,1,259
23488,1987,3,3,485
23489,1970,15,1,380
23490,1970,9,1,339
23491,1973,3,3,110
23492,2000,18,1,565
23493,1967,9,1,169
23494,1996,18,1,3692
23495,1966,3,1,116
23496,1964,6,1,188
23497,1958,9,1,294
23498,2003,6,4,169
23499,1958,9,1,307
23500,2007,21,1,4064
23501,1967,6,1,210
23502,1963,6,1,220
23503,1997,12,1,223
23504,1958,12,1,288
23505,1963,15,1,414
23506,1970,6,1,210
23507,1956,9,1,233
23508,1968,9,1,356
23509,1963,6,1,116
23510,1966,3,3,113
23511,1963,6,1,189
23512,1963,6,1,691
23513,1980,6,1,716
23514,1964,9,1,507
23515,1979,3,4,698
23516,1968,3,3,350
23517,1968,6,1,397
23518,2000,21,1,2141
23519,2003,15,1,3685
23520,1962,6,4,9992
23521,1960,18,1,856
23522,1960,18,1,856
23523,1960,18,1,856
23524,1960,9,4,5028
23525,1960,18,1,856
23526,1960,18,1,856
23527,1960,18,1,856
23528,1960,18,1,856
23529,1960,18,1,856
23530,1960,18,1,856
23531,1960,18,1,856
23532,1960,18,1,856
23533,1960,18,1,856
23534,1960,42,1,5127
23535,1960,42,1,5127
23536,1960,42,1,5127
23537,1960,42,1,5126
23538,1960,42,1,5127
23539,1960,42,1,4717
23540,1960,18,1,856
23541,1960,18,1,856
23542,1960,18,1,856
23543,1960,3,3,49
23544,1960,42,1,5072
23545,1960,18,1,856
23546,1960,18,1,856
23547,1960,18,1,856
23548,1960,18,1,856
23549,1960,18,1,856
23550,1960,18,1,856
23551,1960,18,1,856
23552,2001,6,3,15687
23553,2004,15,4,24637
23554,2003,6,3,11214
23555,2005,15,4,31662
23556,1969,6,3,11772
23557,1981,6,1,814
23558,1981,6,1,434
23559,2011,6,1,394
23560,1983,3,1,199
23561,1981,6,1,210
23562,1980,6,1,316
23563,1982,3,4,552
23564,1971,9,1,577
23565,1984,6,1,1053
23566,1986,9,1,506
23567,1980,6,1,744
23568,2022,6,4,1210
23569,2008,6,1,441
23570,2000,3,1,949
23571,1985,6,1,1135
23572,1965,9,1,574
23573,2016,9,1,943
23574,1999,6,1,362
23575,1999,9,1,368
23576,2000,9,1,368
23577,2002,9,1,412
23578,2002,9,1,412
23579,2003,9,1,406
23580,1942,3,1,405
23581,1976,3,1,115
23582,1997,9,1,427
23583,1997,9,1,386
23584,1996,6,1,288
23585,1977,3,1,146
23586,1972,3,4,61
23587,1972,6,1,183
23588,1978,6,1,394
23589,2011,3,1,444
23590,2010,6,1,488
23591,1975,6,1,249
23592,1977,3,1,192
23593,2020,3,1,256
23594,1996,6,1,1260
23595,1955,9,1,321
23596,1988,9,1,264
23597,1992,6,1,256
23598,1997,9,1,361
23599,1998,6,1,246
23600,1998,9,1,218
23601,1970,6,1,161
23602,1924,6,1,150
23603,1930,3,1,119
23604,1927,6,1,193
23605,1975,6,1,379
23606,1988,6,3,1741
23607,1976,9,3,4788
23608,1992,3,3,1543
23609,1888,3,4,520
23610,1990,9,3,3390
23611,1970,3,3,2108
23612,1990,3,3,1305
23613,1971,3,3,68
23614,1989,9,3,15163
23615,1973,6,3,1890
23616,1973,3,3,25
23617,1992,3,3,889
23618,1991,6,3,3783
23619,1991,3,3,11473
23620,1991,9,4,6157
23621,1991,3,3,51
23622,1991,3,3,45
23623,1973,15,3,62979
23624,1989,3,3,2200
23625,1989,3,3,1977
23626,1991,6,3,1993
23627,1989,6,3,1621
23628,1980,6,3,404
23629,1979,6,3,1055
23630,1973,6,3,2181
23631,1989,3,3,771
23632,1989,3,3,479
23633,1989,3,3,578
23634,1989,3,3,633
23635,1975,3,3,33
23636,1989,3,3,2087
23637,1989,3,3,630
23638,1989,3,3,809
23639,1989,3,3,2290
23640,1975,3,3,12
23641,1975,9,3,13501
23642,1999,6,3,1512
23643,1975,6,3,1984
23644,1976,3,3,22
23645,1975,6,3,4651
23646,1975,6,3,1242
23647,1975,3,3,955
23648,1996,3,3,281
23649,1995,6,3,966
23650,2004,3,3,310
23651,2002,6,3,1856
23652,1996,3,3,182
23653,2002,12,1,550
23654,1961,12,1,375
23655,1959,9,1,244
23656,1949,9,1,284
23657,2000,0,N,0
23658,1996,12,1,388
23659,1992,9,1,179
23660,1991,9,1,179
23661,1991,9,1,179
23662,1993,9,1,216
23663,1945,12,1,337
23664,1948,9,1,246
23665,2001,9,1,184
23666,1947,6,1,91
23667,1957,3,1,65
23668,1949,9,1,298
23669,1955,9,1,172
23670,2001,12,1,181
23671,1948,3,1,58
23672,1946,9,1,200
23673,2008,9,1,225
23674,1949,9,1,124
23675,2008,15,1,1299
23676,1949,9,1,169
23677,1950,6,1,154
23678,1962,6,1,138
23679,1960,12,1,356
23680,1950,6,1,187
23681,1949,6,1,179
23682,1947,6,1,178
23683,1950,9,1,308
23684,1948,6,1,165
23685,1959,9,1,208
23686,1959,12,1,245
23687,1964,6,4,145
23688,1960,15,1,454
23689,1962,6,1,155
23690,1948,6,1,128
23691,1957,6,1,100
23692,1961,9,1,229
23693,1950,9,1,231
23694,2007,15,1,422
23695,1959,9,1,134
23696,1948,9,1,124
23697,2008,15,1,908
23698,2004,12,1,209
23699,1948,12,1,193
23700,1980,9,1,306
23701,1957,12,1,129
23702,1957,9,1,214
23703,1966,6,1,49
23704,1983,6,1,124
23705,2000,12,1,1432
23706,2003,9,1,358
23707,1941,3,1,98
23708,1942,9,1,250
23709,1942,9,1,250
23710,1992,9,1,196
23711,1958,12,1,610
23712,1956,15,1,236
23713,1960,12,1,290
23714,1982,3,3,204
23715,1950,6,1,177
23716,1950,12,1,363
23717,1953,12,1,325
23718,1958,15,1,350
23719,1950,9,1,129
23720,1962,12,1,264
23721,1950,12,1,557
23722,1942,12,1,504
23723,1965,12,1,316
23724,1985,9,1,333
23725,1994,3,1,36
23726,1997,9,1,294
23727,1996,0,1,12
23728,1972,9,1,203
23729,1970,9,1,129
23730,1970,9,1,159
23731,1950,9,1,203
23732,1950,9,1,132
23733,1958,6,1,159
23734,1960,6,1,73
23735,1948,6,3,74
23736,1990,6,1,118
23737,1966,12,1,187
23738,1959,3,1,97
23739,1960,9,1,205
23740,1958,9,1,242
23741,1989,12,1,337
23742,1999,12,1,195
23743,1972,12,1,376
23744,1965,12,3,215
23745,1965,12,1,341
23746,1973,15,1,314
23747,1967,9,1,200
23748,1962,9,1,148
23749,2000,12,1,159
23750,1959,9,1,162
23751,1958,9,1,214
23752,1983,12,1,392
23753,1960,9,1,187
23754,1962,9,1,132
23755,1964,12,1,205
23756,1955,6,1,104
23757,1969,12,1,330
23758,1957,6,1,168
23759,1951,9,1,181
23760,1960,9,1,159
23761,1958,9,1,191
23762,1955,6,1,65
23763,1960,9,1,167
23764,1956,3,1,63
23765,1950,6,1,110
23766,1958,9,1,185
23767,1958,9,1,207
23768,2011,12,1,250
23769,1962,9,1,193
23770,1963,15,1,336
23771,1963,15,1,338
23772,1961,9,1,217
23773,1960,9,1,194
23774,1999,12,1,166
23775,1975,12,1,167
23776,2006,15,1,1415
23777,1970,12,1,534
23778,1958,3,3,130
23779,1960,3,1,118
23780,1975,15,1,664
23781,1951,6,1,104
23782,1962,9,1,203
23783,1960,9,1,172
23784,1973,12,1,447
23785,1965,3,3,93
23786,1956,9,1,155
23787,1999,3,1,140
23788,2002,6,1,165
23789,1958,6,1,122
23790,1956,9,1,334
23791,1981,12,1,262
23792,2008,15,1,487
23793,1978,12,1,181
23794,1971,15,1,404
23795,1954,9,1,155
23796,1953,6,1,110
23797,1958,9,1,207
23798,1958,9,1,185
23799,1958,6,1,158
23800,1970,15,1,680
23801,1960,6,1,220
23802,1958,6,3,344
23803,1997,6,1,151
23804,1960,3,1,58
23805,1962,9,1,210
23806,1948,6,1,115
23807,1965,6,1,228
23808,1966,9,1,150
23809,1974,9,1,226
23810,1970,12,1,324
23811,1976,9,1,303
23812,1965,6,1,176
23813,1978,6,3,186
23814,1970,9,1,268
23815,1968,12,1,300
23816,1968,12,1,303
23817,1967,9,1,160
23818,1967,9,1,168
23819,1965,12,1,230
23820,1972,12,1,257
23821,1976,12,1,252
23822,1979,15,1,307
23823,1992,9,1,184
23824,1978,6,3,63
23825,1970,3,3,23
23826,2007,12,1,951
23827,1972,9,1,186
23828,1970,9,1,125
23829,1968,9,1,193
23830,1968,12,1,210
23831,1969,9,1,182
23832,1958,9,1,190
23833,2005,12,1,200
23834,1969,9,1,132
23835,1970,9,1,202
23836,1968,12,1,225
23837,1967,12,1,215
23838,1968,9,1,153
23839,1998,9,1,117
23840,1970,6,1,86
23841,1972,9,1,530
23842,1964,9,1,231
23843,1967,6,1,175
23844,1967,9,1,246
23845,1970,12,1,342
23846,1987,9,1,242
23847,1973,18,1,998
23848,1969,15,1,437
23849,1972,12,1,492
23850,1968,15,1,930
23851,1975,9,1,419
23852,1972,6,1,206
23853,1972,12,1,352
23854,2007,15,1,663
23855,1968,3,1,97
23856,1973,15,1,366
23857,1960,15,1,427
23858,1976,15,1,886
23859,1976,15,1,345
23860,1965,3,3,225
23861,1972,12,1,215
23862,1972,9,1,199
23863,1965,9,1,241
23864,1973,12,1,272
23865,1962,9,1,194
23866,1969,12,1,298
23867,1976,15,1,359
23868,1970,9,1,171
23869,1966,6,1,160
23870,1963,9,1,162
23871,1960,9,1,145
23872,1965,9,1,167
23873,1963,6,1,110
23874,1960,12,1,198
23875,1968,6,1,156
23876,1962,6,1,115
23877,2022,9,1,164
23878,1962,6,1,138
23879,1961,6,1,139
23880,1960,6,1,126
23881,1965,3,1,60
23882,1960,9,1,165
23883,1961,6,1,145
23884,1994,9,1,207
23885,1960,9,1,172
23886,1961,9,1,126
23887,1957,12,1,417
23888,1996,0,1,26
23889,1993,9,1,1207
23890,2003,3,1,112
23891,1985,3,3,132
23892,1960,9,1,372
23893,1978,9,1,239
23894,1980,12,1,323
23895,1940,6,1,109
23896,1940,6,1,181
23897,1984,3,4,2407
23898,1994,9,1,173
23899,1960,9,1,195
23900,1964,9,1,267
23901,1993,12,1,249
23902,1962,6,1,173
23903,1960,9,1,181
23904,1950,9,1,201
23905,2011,15,1,2094
23906,1974,24,1,12560
23907,1978,6,4,1256
23908,1970,3,3,45
23909,1988,3,3,658
23910,1988,3,3,736
23911,1988,3,3,401
23912,1988,3,3,1154
23913,1985,3,3,31
23914,1988,3,3,678
23915,1988,3,3,714
23916,1988,3,3,888
23917,1988,3,3,550
23918,1994,15,1,545
23919,1970,6,1,182
23920,1967,12,1,313
23921,1960,15,1,387
23922,1969,15,1,441
23923,1976,3,3,122
23924,1964,9,1,201
23925,1960,9,1,267
23926,2005,15,1,377
23927,2009,15,1,333
23928,1980,24,1,3910
23929,1967,6,1,155
23930,1962,3,3,266
23931,1970,9,1,203
23932,1959,9,1,230
23933,1959,6,1,305
23934,2003,18,1,793
23935,1975,12,1,432
23936,1968,6,1,162
23937,1963,6,1,121
23938,1966,9,1,138
23939,1958,9,1,242
23940,1966,6,1,97
23941,1963,9,1,155
23942,1966,6,1,177
23943,1956,9,1,219
23944,1963,6,1,87
23945,1986,9,1,167
23946,1986,9,1,167
23947,1986,9,1,167
23948,1986,9,1,167
23949,1986,9,1,167
23950,1986,9,1,167
23951,1986,9,1,167
23952,1986,9,1,167
23953,1986,9,1,167
23954,1986,9,1,167
23955,1986,9,1,142
23956,1986,9,1,167
23957,1986,9,1,167
23958,1986,9,1,167
23959,1986,9,1,167
23960,1986,9,1,167
23961,1986,9,1,167
23962,1986,9,1,167
23963,1967,15,1,480
23964,1962,6,1,51
23965,1962,9,1,135
23966,1994,9,1,290
23967,1965,6,1,138
23968,1965,3,4,78
23969,1960,6,1,156
23970,1966,12,1,310
23971,1967,9,1,268
23972,1960,6,1,205
23973,1964,6,4,198
23974,1970,15,1,464
23975,1962,9,1,287
23976,1962,9,1,148
23977,1969,9,1,143
23978,1958,9,1,155
23979,2003,9,1,208
23980,1961,6,1,163
23981,1960,12,1,281
23982,1967,15,1,431
23983,1965,9,1,222
23984,1955,3,3,95
23985,1964,6,1,476
23986,1964,6,1,119
23987,1965,9,1,258
23988,2007,15,1,363
23989,1976,9,1,229
23990,1987,6,1,204
23991,2004,15,1,420
23992,1967,9,1,286
23993,1992,9,1,235
23994,1972,12,1,363
23995,1975,15,1,418
23996,1979,9,1,213
23997,1960,9,1,112
23998,1960,9,1,246
23999,1964,6,1,114
24000,1963,9,1,242
24001,1965,9,1,293
24002,1963,9,1,266
24003,1960,6,1,169
24004,2006,15,1,372
24005,1969,12,1,391
24006,1967,12,1,358
24007,1962,6,1,193
24008,2003,6,1,210
24009,2003,9,1,252
24010,1986,9,1,167
24011,1986,9,1,167
24012,1986,9,1,167
24013,1986,9,1,167
24014,1986,9,1,167
24015,1986,9,1,167
24016,1986,9,1,167
24017,1986,9,1,167
24018,1986,9,1,167
24019,1986,9,1,167
24020,1986,9,1,167
24021,1986,9,1,167
24022,1986,9,1,167
24023,1986,9,1,167
24024,1986,9,1,167
24025,1986,9,1,167
24026,1986,9,1,167
24027,1986,9,1,167
24028,1960,9,1,552
24029,1975,6,1,186
24030,1958,6,1,102
24031,1958,6,1,59
24032,1960,9,1,112
24033,1967,6,1,108
24034,1984,9,1,368
24035,1960,3,1,13
24036,2002,3,1,35
24037,2013,21,1,7257
24038,1983,24,1,3429
24039,1983,3,3,14
24040,1970,9,1,314
24041,1959,9,1,214
24042,1947,9,1,560
24043,1965,9,1,163
24044,1961,9,1,208
24045,2007,15,1,233
24046,2013,15,1,301
24047,1962,3,1,151
24048,1961,12,4,4309
24049,1976,12,1,410
24050,1969,6,1,274
24051,1978,9,1,328
24052,1969,9,4,979
24053,1974,9,1,430
24054,1994,15,4,1028
24055,1982,6,1,435
24056,2008,15,1,667
24057,2009,15,1,1731
24058,1962,6,1,62
24059,1960,18,1,856
24060,1960,18,1,856
24061,1960,18,1,856
24062,1960,18,1,856
24063,1960,18,1,856
24064,1960,18,1,856
24065,1960,18,1,856
24066,1960,18,1,856
24067,1960,18,1,856
24068,1960,18,1,856
24069,1960,18,1,856
24070,1960,18,1,856
24071,1960,15,1,1229
24072,1960,15,1,588
24073,1960,15,1,1229
24074,1960,15,1,633
24075,1960,15,1,633
24076,1960,15,1,1229
24077,1960,15,1,633
24078,1960,15,1,633
24079,1962,12,4,3309
24080,1962,3,3,17
24081,1962,6,4,1070
24082,1960,15,1,633
24083,1960,15,1,633
24084,1960,15,1,1229
24085,1960,15,1,633
24086,1960,15,1,633
24087,1960,15,1,1229
24088,1960,15,1,633
24089,1960,15,1,633
24090,1960,15,1,683
24091,1960,15,1,1229
24092,1960,15,1,1229
24093,1960,15,1,1229
24094,1960,15,1,588
24095,1960,15,1,1229
24096,1960,15,1,633
24097,1960,15,1,633
24098,1960,15,1,633
24099,1960,15,1,633
24100,1960,15,1,584
24101,1960,15,1,584
24102,1960,15,1,584
24103,1960,15,1,584
24104,1960,15,1,584
24105,1960,15,1,584
24106,1960,15,1,633
24107,1960,15,1,633
24108,1960,15,1,633
24109,1960,15,1,633
24110,1960,15,1,1229
24111,1960,15,1,633
24112,1960,15,1,633
24113,1960,15,1,683
24114,1960,15,1,1229
24115,1960,15,1,1229
24116,1960,18,1,856
24117,1960,18,1,856
24118,1960,18,1,856
24119,1960,18,1,856
24120,1960,18,1,856
24121,1960,18,1,856
24122,1960,18,1,856
24123,1960,18,1,856
24124,1960,18,1,856
24125,1960,18,1,856
24126,1960,18,1,856
24127,1960,18,1,856
24128,1960,18,1,856
24129,1981,6,1,222
24130,2023,6,1,585
24131,2001,6,1,437
24132,1968,6,1,134
24133,2004,6,1,224
24134,1978,3,1,173
24135,2012,6,1,552
24136,1955,6,1,525
24137,1984,6,1,192
24138,1975,6,1,227
24139,2000,3,N,0
24140,1983,6,1,396
24141,1973,3,4,326
24142,2004,6,1,582
24143,2004,6,1,280
24144,1920,6,1,323
24145,1982,3,4,116
24146,1982,6,1,223
24147,1991,3,3,17729
24148,1977,3,3,116
24149,1971,9,3,17643
24150,1991,3,3,50
24151,1991,3,3,35
24152,1991,3,3,50
24153,1970,6,3,7950
24154,1971,3,3,44
24155,1971,6,3,8580
24156,1971,3,3,1870
24157,1987,6,3,996
24158,1990,3,3,28
24159,1985,6,3,3632
24160,1984,3,3,1050
24161,1984,3,3,450
24162,1984,3,3,765
24163,1986,6,3,1035
24164,1986,6,3,1462
24165,1986,6,3,1206
24166,1987,6,3,1276
24167,1987,3,3,37
24168,1987,3,3,1868
24169,1986,6,3,3344
24170,1988,6,4,2428
24171,1988,3,3,800
24172,1988,6,3,1089
24173,1987,6,3,996
24174,1987,6,3,1066
24175,1992,9,3,9074
24176,1965,6,3,5183
24177,1965,3,3,182
24178,1992,3,3,35
24179,1981,27,1,3555
24180,2003,27,1,3893
24181,1973,27,1,3470
24182,1978,36,1,4481
24183,1977,33,1,3865
24184,2003,27,1,2782
24185,1973,24,1,2653
24186,1973,24,1,5291
24187,1974,24,1,5291
24188,1975,33,1,3790
24189,2001,24,1,2371
24190,1999,3,4,1008
24191,1970,6,4,1307
24192,1970,3,3,22
24193,1983,3,4,1041
24194,1982,12,1,1264
24195,1982,12,1,1326
24196,1982,12,1,1337
24197,1984,12,1,1256
24198,1985,12,1,1257
24199,1984,12,3,20
24200,1985,12,1,1068
24201,1985,12,1,1283
24202,1984,12,1,1334
24203,1984,12,1,1068
24204,1999,12,1,6612
24205,1996,6,4,1457
24206,1994,15,1,7302
24207,1999,12,1,8461
24208,1983,12,1,1346
24209,1983,12,1,1327
24210,1983,12,1,1345
24211,1970,6,3,312
24212,1970,9,1,367
24213,1960,9,1,425
24214,1958,9,3,543
24215,1970,6,3,459
24216,1970,3,1,177
24217,1975,9,3,4854
24218,1975,3,3,366
24219,1970,3,3,185
24220,1987,3,3,176
24221,1965,3,3,16
24222,1970,18,1,751
24223,1970,6,1,229
24224,1976,12,1,494
24225,1958,6,1,278
24226,1970,6,1,282
24227,1957,6,3,522
24228,1970,15,1,304
24229,1970,9,3,558
24230,1978,9,1,227
24231,1973,3,3,2006
24232,1970,12,1,455
24233,2009,12,1,315
24234,1994,9,1,269
24235,1958,3,3,103
24236,1958,6,4,319
24237,1970,6,1,177
24238,1958,6,1,248
24239,1958,6,1,241
24240,1960,6,1,230
24241,1958,6,1,244
24242,1958,12,1,394
24243,2001,12,1,630
24244,1958,9,1,110
24245,1958,9,1,86
24246,1958,6,1,156
24247,1958,3,1,106
24248,1958,6,3,204
24249,1993,15,1,817
24250,1958,9,1,203
24251,1958,6,1,192
24252,1958,3,1,118
24253,1948,9,1,90
24254,1958,9,1,120
24255,1958,6,1,194
24256,1991,12,1,309
24257,2000,12,1,306
24258,2024,6,1,214
24259,1958,6,1,174
24260,1958,6,1,209
24261,1958,9,1,432
24262,1958,6,1,232
24263,1958,12,1,624
24264,1958,3,1,183
24265,1958,12,1,282
24266,1974,24,1,1711
24267,1958,3,1,81
24268,1970,9,1,340
24269,1958,6,1,250
24270,1970,27,1,2670
24271,1958,9,1,462
24272,1958,12,1,538
24273,1970,9,1,493
24274,1958,9,1,244
24275,1958,15,1,513
24276,1958,9,1,378
24277,1958,6,1,186
24278,1958,9,1,436
24279,1958,6,4,265
24280,1970,3,4,234
24281,1968,21,1,1633
24282,1970,3,3,648
24283,1970,12,4,729
24284,1970,9,1,218
24285,1970,12,1,798
24286,2006,3,1,100
24287,1970,9,1,169
24288,1970,9,1,84
24289,1957,6,1,111
24290,1963,9,1,112
24291,1970,9,1,99
24292,1956,6,4,207
24293,1958,6,1,213
24294,1957,6,1,193
24295,1957,6,1,139
24296,1970,12,1,316
24297,1958,6,1,223
24298,1970,18,1,494
24299,2008,15,1,810
24300,1956,12,1,276
24301,1975,18,1,436
24302,1970,15,1,475
24303,1970,12,1,257
24304,2007,21,1,1484
24305,1978,6,1,467
24306,1968,12,1,340
24307,1973,18,1,1754
24308,2013,21,1,2219
24309,1966,9,4,468
24310,1956,9,4,321
24311,1957,6,4,731
24312,2001,15,1,2323
24313,1988,3,4,160
24314,1988,3,3,112
24315,1997,3,4,5079
24316,1970,6,3,17431
24317,1987,6,2,6188
24318,1920,6,3,784
24319,1971,3,3,30
24320,1970,6,4,9249
24321,1970,6,3,580
24322,1970,3,3,60
24323,2003,9,4,7728
24324,1987,3,3,35
24325,2008,9,4,7109
24326,1925,9,1,302
24327,1920,6,4,863
24328,1976,9,1,881
24329,1920,6,4,842
24330,1979,9,3,15907
24331,1973,6,3,1412
24332,1991,3,4,5010
24333,1971,6,3,2624
24334,1976,6,3,2850
24335,1974,6,4,2992
24336,1990,3,3,2835
24337,1992,3,3,2035
24338,1991,3,3,35
24339,1979,3,3,25
24340,1992,3,3,2035
24341,2015,6,3,5478
24342,2020,6,3,10684
24343,2001,15,1,11564
24344,1956,15,1,598
24345,1956,15,1,598
24346,1956,15,1,598
24347,1956,15,1,598
24348,1956,15,1,660
24349,1956,15,1,1248
24350,1956,15,1,1200
24351,1956,15,1,620
24352,1956,15,1,1120
24353,1956,15,1,600
24354,1956,15,1,600
24355,1956,15,1,1120
24356,1956,15,1,660
24357,1956,15,1,1160
24358,1956,15,1,660
24359,1956,15,1,1200
24360,1956,15,1,590
24361,1956,15,1,620
24362,1956,15,1,804
24363,1956,15,1,1200
24364,1956,15,1,670
24365,1956,15,1,600
24366,1956,15,1,600
24367,1956,15,1,1160
24368,1956,15,1,600
24369,1956,15,1,670
24370,1956,15,1,785
24371,1956,15,1,600
24372,1956,15,1,620
24373,1956,15,1,660
24374,1956,15,1,1120
24375,1956,15,1,1200
24376,1956,15,1,620
24377,1956,15,1,600
24378,1956,15,1,650
24379,1956,15,1,1160
24380,1956,15,1,620
24381,1956,15,1,1200
24382,1956,15,1,1120
24383,1956,15,1,793
24384,1956,15,1,793
24385,1956,15,1,734
24386,1996,3,4,45453
24387,2012,3,3,1467
24388,2004,27,1,18370
24389,2002,18,1,17279
24390,2002,18,1,5676
24391,2000,3,N,0
24392,2001,30,1,4092
24393,2001,30,1,4095
24394,2001,30,1,4092
24395,2003,30,1,4092
24396,2003,30,1,4213
24397,2002,3,4,2178
24398,2001,3,4,2720
24399,2003,24,1,6491
24400,1998,6,4,71034
24401,2009,12,1,338
24402,1960,9,1,153
24403,1950,9,1,150
24404,1960,6,1,140
24405,1955,6,1,80
24406,1955,9,1,253
24407,1960,9,1,252
24408,1960,6,1,144
24409,1961,9,1,240
24410,1958,6,1,160
24411,2005,12,1,1428
24412,1960,3,1,65
24413,1958,3,1,97
24414,1955,6,1,134
24415,1955,6,1,172
24416,1957,6,1,194
24417,1953,6,1,51
24418,1960,6,1,253
24419,1951,12,1,185
24420,1958,9,1,202
24421,1957,9,1,126
24422,1959,6,1,142
24423,1964,9,1,423
24424,1950,12,1,232
24425,1955,6,1,195
24426,1960,12,1,275
24427,1958,12,1,299
24428,1967,9,1,205
24429,1948,12,1,255
24430,1949,3,1,70
24431,1955,6,1,150
24432,1958,3,1,110
24433,1951,3,1,95
24434,1957,6,1,140
24435,1952,6,1,206
24436,1958,15,1,452
24437,1950,6,1,409
24438,1958,9,1,159
24439,2003,9,1,499
24440,1953,6,1,261
24441,1968,6,1,178
24442,1953,6,1,129
24443,1960,12,1,305
24444,1978,15,1,611
24445,1950,6,1,146
24446,1988,9,1,355
24447,1988,3,1,35
24448,1995,9,1,167
24449,1955,6,1,77
24450,1951,9,1,211
24451,1987,9,1,241
24452,1988,3,1,92
24453,1978,9,1,236
24454,1974,12,1,112
24455,1963,6,1,198
24456,1963,6,1,64
24457,1956,6,1,179
24458,1999,12,1,225
24459,1960,6,1,97
24460,1960,12,1,245
24461,1965,3,1,60
24462,1965,9,1,269
24463,2007,12,1,879
24464,2007,12,1,1642
24465,1950,9,1,312
24466,2004,12,1,1873
24467,1954,6,1,204
24468,1953,6,1,202
24469,1963,9,1,336
24470,1998,9,1,436
24471,1951,3,1,85
24472,1960,9,1,220
24473,1967,12,1,513
24474,1950,9,4,180
24475,1955,9,1,268
24476,1950,9,1,236
24477,1950,9,1,221
24478,1952,9,1,122
24479,1952,12,1,215
24480,1958,6,1,132
24481,1950,9,1,258
24482,1960,9,1,180
24483,1955,9,1,283
24484,1950,6,1,188
24485,1955,9,1,212
24486,1958,6,1,309
24487,1950,9,1,268
24488,1953,6,1,414
24489,1952,3,1,98
24490,1950,9,1,341
24491,1952,6,1,268
24492,2000,9,1,219
24493,1960,9,1,294
24494,2007,12,1,510
24495,1959,9,1,234
24496,1962,6,1,84
24497,1964,6,1,145
24498,1980,6,1,66
24499,1960,6,1,84
24500,1979,12,1,374
24501,2005,12,1,440
24502,1960,6,1,90
24503,1950,3,1,104
24504,1955,9,1,93
24505,1965,9,1,158
24506,1980,12,1,69
24507,1960,9,1,66
24508,1993,9,1,193
24509,1957,3,3,20
24510,1992,9,1,2336
24511,1993,9,1,193
24512,1993,9,1,193
24513,1993,9,1,193
24514,1993,9,1,193
24515,1993,9,1,193
24516,1993,9,1,193
24517,1993,9,1,197
24518,1970,12,4,3918
24519,1970,6,1,112
24520,1992,15,1,7243
24521,1981,12,1,1648
24522,1981,12,1,1784
24523,1981,12,1,1781
24524,1981,12,1,1346
24525,1981,12,1,1480
24526,1981,12,1,1314
24527,1981,3,3,30
24528,1981,12,1,4179
24529,1990,12,1,4807
24530,1977,12,1,1240
24531,1977,12,1,1399
24532,1977,12,1,1240
24533,1965,3,3,27
24534,1977,12,1,1408
24535,1977,12,1,1240
24536,1977,12,1,1408
24537,1977,12,1,1240
24538,1995,12,1,231
24539,1995,12,1,231
24540,1995,12,1,231
24541,1995,12,1,231
24542,1995,12,1,231
24543,1995,12,1,231
24544,1995,12,1,231
24545,1995,12,1,231
24546,1995,12,1,144
24547,1995,12,1,231
24548,1995,12,1,231
24549,1995,12,1,231
24550,1995,12,1,233
24551,1990,9,1,488
24552,1993,9,1,402
24553,1989,9,1,435
24554,1990,3,1,139
24555,1990,3,1,133
24556,1990,9,1,304
24557,1988,12,1,783
24558,1988,9,1,671
24559,1984,9,1,445
24560,1990,9,1,212
24561,1990,9,1,212
24562,1990,9,1,212
24563,1990,9,1,252
24564,1990,9,1,212
24565,1990,9,1,212
24566,1990,9,1,212
24567,1990,9,1,212
24568,1990,9,1,295
24569,1991,12,1,544
24570,1992,9,1,341
24571,1989,9,1,434
24572,1975,3,3,34
24573,1975,12,3,9896
24574,1980,6,3,2154
24575,1997,6,3,1433
24576,1989,3,3,4257
24577,1970,3,1,147
24578,1970,3,3,1143
24579,1990,3,3,516
24580,1970,3,3,27
24581,1970,9,1,303
24582,1970,6,3,572
24583,1970,12,3,965
24584,1995,6,3,816
24585,1970,6,1,221
24586,1960,6,1,155
24587,1960,6,1,226
24588,1968,9,1,204
24589,1970,9,4,176
24590,1965,3,3,1193
24591,1965,3,3,2190
24592,1965,6,3,2427
24593,1990,3,3,545
24594,1998,6,3,405
24595,1986,3,1,614
24596,1970,6,3,815
24597,1970,3,4,603
24598,1970,6,3,674
24599,1970,3,4,748
24600,1970,3,4,755
24601,1989,6,3,557
24602,1988,6,4,1129
24603,1987,6,3,433
24604,1986,6,3,798
24605,1987,6,3,436
24606,1970,3,4,390
24607,1970,3,4,332
24608,1995,21,1,5594
24609,1969,12,4,1581
24610,1965,9,1,906
24611,1994,21,1,8194
24612,1990,9,1,202
24613,1992,24,1,1788
24614,1994,15,1,6893
24615,1991,9,1,415
24616,1989,3,1,464
24617,1989,3,1,464
24618,2005,12,1,1320
24619,1980,6,1,203
24620,2006,6,1,287
24621,2006,6,1,289
24622,2007,6,1,245
24623,2006,9,3,4184
24624,2006,9,1,3649
24625,2003,12,1,3587
24626,2003,18,1,4751
24627,2003,12,1,3274
24628,2008,12,1,1639
24629,2007,9,1,1608
24630,2004,12,1,1677
24631,2009,12,1,1797
24632,2007,12,1,3583
24633,2007,15,1,4920
24634,2003,15,1,10272
24635,2010,15,4,7346
24636,2021,6,4,3971
24637,2006,18,1,2694
24638,2007,18,1,2527
24639,2007,9,1,3160
24640,2018,9,4,7664
24641,1969,6,1,295
24642,1963,9,1,119
24643,1968,9,1,156
24644,1968,9,1,150
24645,1965,9,1,110
24646,1960,6,1,158
24647,1965,6,1,261
24648,1965,3,1,100
24649,1963,3,1,116
24650,1963,3,1,77
24651,1969,6,1,183
24652,1963,3,1,133
24653,1969,9,1,1134
24654,1969,6,1,211
24655,1976,6,4,536
24656,1964,9,1,1637
24657,1966,9,1,458
24658,1960,12,1,528
24659,1933,9,1,320
24660,1930,6,1,129
24661,1930,3,1,93
24662,2004,12,1,1388
24663,1968,9,1,658
24664,2011,12,1,4039
24665,2024,9,1,643
24666,1992,6,1,160
24667,1992,9,1,164
24668,1963,9,1,125
24669,1965,6,1,276
24670,2008,9,1,490
24671,1960,3,1,89
24672,1963,9,1,283
24673,1963,9,1,300
24674,1960,9,1,152
24675,2005,9,1,1466
24676,2006,9,1,349
24677,1959,3,1,90
24678,1962,6,1,152
24679,1964,6,1,187
24680,1960,9,1,394
24681,1994,6,3,2396
24682,2004,12,4,3489
24683,1997,6,4,2530
24684,1930,9,4,2319
24685,1978,9,3,20257
24686,1994,6,3,7978
24687,1989,6,4,4408
24688,1989,3,3,36
24689,1991,6,4,4661
24690,1970,3,3,19
24691,1988,6,3,2655
24692,1968,3,3,35
24693,2002,9,4,5146
24694,1880,15,1,2187
24695,2019,6,3,5718
24696,1981,3,3,713
24697,1979,9,4,2850
24698,1991,6,3,368
24699,1981,3,3,22
24700,1989,6,4,9342
24701,1979,12,3,5046
24702,1979,3,3,16
24703,1989,3,3,35
24704,1981,6,3,1038
24705,1981,6,3,1277
24706,1989,3,3,780
24707,1989,9,3,3487
24708,1989,6,3,2826
24709,1990,3,3,510
24710,1990,3,3,510
24711,1990,3,3,510
24712,1990,3,3,510
24713,1990,6,4,640
24714,1990,3,3,510
24715,1989,3,3,1611
24716,1991,3,3,399
24717,1992,6,3,1452
24718,1991,3,3,399
24719,1990,6,3,437
24720,1990,3,3,268
24721,1990,3,3,298
24722,1990,3,3,298
24723,1990,3,3,294
24724,1990,3,3,294
24725,2004,6,3,636
24726,2004,6,3,485
24727,2006,9,3,7637
24728,1999,6,3,460
24729,1970,9,4,1368
24730,1979,3,3,27
24731,1979,6,3,2292
24732,1991,3,3,724
24733,1991,3,3,290
24734,1979,12,3,6297
24735,1991,3,3,1283
24736,1991,9,3,2788
24737,1970,3,3,903
24738,2013,3,3,1774
24739,1996,6,3,2279
24740,2013,9,3,2228
24741,1978,3,4,1354
24742,1970,6,3,13364
24743,1970,3,3,3240
24744,1975,3,3,46
24745,1999,6,3,7476
24746,1975,3,3,24
24747,1978,3,3,2461
24748,1973,3,3,18
24749,1970,6,3,3091
24750,1971,6,3,2681
24751,1973,6,3,4613
24752,2015,3,4,1760
24753,1967,6,3,3451
24754,1971,6,3,4939
24755,1970,3,3,16
24756,1970,3,3,3691
24757,1973,9,4,18760
24758,1970,3,3,1048
24759,1973,9,3,5453
24760,1969,6,4,378
24761,1973,3,3,1491
24762,1970,3,3,800
24763,1970,3,3,1455
24764,2006,12,1,212
24765,1955,12,1,203
24766,1958,6,1,195
24767,1959,9,1,190
24768,1958,6,1,70
24769,1955,3,1,78
24770,1958,6,1,116
24771,1953,9,1,270
24772,1956,12,1,238
24773,2006,9,1,169
24774,1950,6,1,163
24775,1955,3,1,104
24776,1960,9,1,153
24777,1955,6,1,126
24778,1968,9,1,270
24779,2008,12,1,291
24780,2009,12,1,213
24781,1999,9,1,1908
24782,2022,9,1,227
24783,2013,9,1,223
24784,2003,6,1,291
24785,2002,12,1,1175
24786,2002,12,1,994
24787,2004,9,1,701
24788,1955,9,1,237
24789,1955,9,1,135
24790,1955,9,1,129
24791,1962,9,1,235
24792,1999,9,1,7838
24793,1960,6,1,100
24794,1960,6,1,182
24795,1953,3,1,100
24796,1951,6,1,153
24797,1960,9,1,273
24798,1952,9,1,208
24799,1980,12,1,262
24800,1960,9,1,253
24801,1958,9,1,144
24802,1955,9,1,336
24803,2007,12,1,589
24804,1980,6,1,170
24805,2001,9,1,365
24806,1958,9,1,163
24807,1955,9,1,172
24808,1952,3,1,99
24809,1955,6,1,152
24810,1950,9,1,180
24811,1950,6,1,120
24812,1950,6,1,108
24813,2022,9,1,186
24814,1950,9,1,209
24815,2006,12,1,768
24816,1955,9,1,398
24817,1952,3,1,87
24818,1953,9,1,219
24819,2010,6,4,523
24820,2023,9,1,520
24821,1960,9,1,110
24822,1958,12,1,165
24823,1960,3,1,70
24824,1965,9,1,218
24825,1955,6,1,120
24826,1951,9,1,220
24827,1955,6,1,154
24828,1960,6,1,154
24829,1955,3,1,94
24830,1960,6,1,90
24831,1960,9,1,160
24832,2004,9,1,190
24833,1950,6,1,130
24834,1955,6,1,125
24835,1995,12,1,263
24836,1960,6,1,150
24837,1952,6,1,135
24838,1955,6,1,135
24839,1954,3,1,65
24840,1958,9,1,195
24841,1955,3,1,75
24842,1955,3,1,77
24843,1955,6,1,145
24844,1953,6,1,156
24845,1955,6,1,256
24846,1955,6,1,140
24847,1954,3,1,64
24848,1971,9,1,352
24849,1970,6,1,360
24850,1975,9,1,220
24851,1975,6,1,140
24852,1958,6,1,180
24853,2002,12,1,749
24854,1997,9,1,729
24855,1960,6,1,200
24856,1960,9,1,115
24857,1955,3,1,143
24858,1950,9,1,208
24859,1965,9,1,230
24860,1975,9,1,218
24861,1974,9,1,192
24862,1965,9,1,71
24863,1963,9,1,75
24864,1995,6,1,142
24865,1961,12,1,180
24866,1960,9,1,81
24867,1960,9,1,190
24868,1960,9,1,155
24869,1962,9,1,248
24870,1975,6,3,1067
24871,1955,12,1,154
24872,1960,9,1,144
24873,1967,9,1,100
24874,1958,6,1,58
24875,1951,9,1,210
24876,1960,9,1,200
24877,1965,9,1,126
24878,1965,3,1,93
24879,2007,6,1,272
24880,2006,9,1,136
24881,1965,6,1,207
24882,1965,9,1,192
24883,1965,12,1,132
24884,1970,9,1,178
24885,1970,6,1,74
24886,1977,12,1,385
24887,1979,12,1,375
24888,1980,12,1,326
24889,1980,9,1,375
24890,1998,3,1,153
24891,1981,9,1,299
24892,1981,9,1,319
24893,1991,9,1,506
24894,1984,12,1,469
24895,1986,9,1,325
24896,1985,12,1,362
24897,1987,6,1,240
24898,1983,15,1,455
24899,1979,12,1,300
24900,1971,12,1,592
24901,1972,9,1,248
24902,1978,9,1,325
24903,1999,12,1,342
24904,1990,9,1,180
24905,1987,12,1,322
24906,2008,9,1,283
24907,1993,9,1,327
24908,1991,12,1,308
24909,1985,12,1,388
24910,1958,9,1,182
24911,1960,6,4,951
24912,1965,3,1,41
24913,1853,12,1,280
24914,1969,15,1,599
24915,1968,9,4,137
24916,1965,9,1,251
24917,1960,9,1,224
24918,2006,12,1,203
24919,1949,3,1,44
24920,1949,3,1,54
24921,1955,6,1,56
24922,1968,6,1,100
24923,1950,9,1,136
24924,1953,9,1,180
24925,1951,6,1,140
24926,1981,9,1,254
24927,1960,12,1,331
24928,1998,12,1,240
24929,2008,12,1,331
24930,1991,9,1,239
24931,1991,9,1,204
24932,1991,9,1,204
24933,1991,9,1,204
24934,1991,9,1,204
24935,1991,9,1,204
24936,1992,9,1,204
24937,1992,9,1,204
24938,1992,9,1,204
24939,1992,9,1,204
24940,1992,9,1,204
24941,1992,9,1,204
24942,1992,9,1,204
24943,1992,9,1,204
24944,1990,9,1,204
24945,1990,9,1,204
24946,1990,9,1,204
24947,1990,9,1,204
24948,1990,9,1,204
24949,1990,9,1,204
24950,1990,9,1,204
24951,1990,9,1,204
24952,1992,15,1,1537
24953,1990,9,1,204
24954,1990,9,1,204
24955,1990,9,1,204
24956,1990,9,1,204
24957,1990,9,1,204
24958,1990,9,1,204
24959,1990,9,1,204
24960,1993,9,1,199
24961,1993,9,1,199
24962,1993,9,1,199
24963,1993,9,1,199
24964,1993,9,1,199
24965,1993,9,1,199
24966,1993,9,1,199
24967,1993,12,1,199
24968,1993,12,1,199
24969,1993,12,1,199
24970,1994,15,1,1718
24971,1994,9,1,343
24972,1994,12,1,199
24973,1994,12,1,199
24974,1994,12,1,199
24975,1994,12,1,199
24976,1994,12,1,199
24977,1994,12,1,199
24978,1994,12,1,199
24979,1994,12,1,199
24980,1990,9,1,214
24981,1994,12,1,483
24982,1999,12,1,325
24983,2007,9,1,280
24984,1991,9,1,198
24985,1994,9,1,308
24986,1991,9,1,304
24987,1990,9,1,173
24988,1990,6,1,150
24989,1990,6,1,150
24990,1990,6,1,150
24991,1990,6,1,150
24992,1990,6,1,150
24993,1990,9,1,262
24994,1990,9,1,186
24995,1990,9,1,186
24996,1990,12,1,213
24997,1990,9,1,186
24998,1990,9,1,186
24999,1990,9,1,186
25000,1990,12,1,345
25001,1990,9,1,173
25002,1990,9,1,173
25003,1990,9,1,173
25004,1990,9,1,173
25005,1990,9,1,173
25006,1990,9,1,173
25007,1997,18,1,3240
25008,1969,15,1,2332
25009,1969,15,1,2394
25010,1976,12,4,624
25011,1979,15,1,623
25012,1981,6,1,266
25013,2002,12,1,1442
25014,1982,15,1,516
25015,1969,9,1,380
25016,1982,12,1,363
25017,1976,6,1,234
25018,1972,9,1,294
25019,1978,9,1,343
25020,1978,12,1,328
25021,1990,9,1,334
25022,1973,9,1,367
25023,1976,12,1,507
25024,1974,12,1,409
25025,1975,12,1,439
25026,1980,12,1,422
25027,1979,9,1,284
25028,1978,12,1,446
25029,1980,9,4,281
25030,1974,9,1,272
25031,1969,15,1,2337
25032,1969,15,1,2295
25033,1969,15,1,2341
25034,2000,6,3,4052
25035,1970,9,4,5129
25036,1970,6,3,2141
25037,1970,3,3,1982
25038,1970,6,3,1033
25039,1970,6,3,392
25040,1970,3,3,380
25041,1978,3,3,25
25042,1975,3,3,344
25043,1970,6,3,437
25044,1970,3,3,280
25045,1975,6,3,422
25046,1970,3,3,2151
25047,1975,3,3,326
25048,1970,3,3,407
25049,1975,3,3,1004
25050,1978,3,3,1004
25051,1975,3,3,532
25052,1977,6,3,644
25053,1975,3,3,225
25054,1975,3,3,225
25055,2001,15,4,19172
25056,1993,6,4,453
25057,1915,6,4,724
25058,1943,6,1,767
25059,1908,9,1,439
25060,2002,6,1,363
25061,2005,9,1,263
25062,2005,9,1,240
25063,2005,6,1,187
25064,2005,6,1,205
25065,2005,6,1,191
25066,1968,6,1,283
25067,1968,3,3,30
25068,1962,6,1,263
25069,1968,6,1,259
25070,2010,6,1,198
25071,2001,6,1,225
25072,1973,18,1,3835
25073,1992,9,1,1235
25074,1973,3,4,418
25075,2024,6,1,372
25076,2024,6,1,372
25077,1972,6,1,285
25078,1927,6,1,172
25079,1965,3,1,187
25080,1965,3,1,162
25081,1968,9,4,398
25082,1996,6,1,322
25083,1969,6,4,281
25084,1994,6,1,184
25085,1928,3,1,61
25086,1963,3,1,198
25087,1960,3,1,189
25088,1960,6,1,205
25089,1964,3,1,97
25090,1961,6,1,380
25091,1980,6,1,289
25092,1980,6,1,354
25093,1991,6,1,442
25094,1998,9,1,369
25095,1980,9,1,363
25096,1965,3,1,198
25097,1963,3,1,219
25098,1965,9,1,288
25099,1965,3,1,163
25100,1961,6,1,244
25101,1968,3,1,122
25102,1970,9,1,629
25103,1962,6,1,90
25104,1960,3,1,125
25105,1964,6,1,312
25106,1963,3,1,131
25107,1963,9,1,242
25108,1963,6,1,298
25109,1963,6,1,145
25110,1978,3,3,807
25111,1960,9,1,600
25112,1960,6,1,228
25113,1992,6,4,468
25114,2004,3,1,32
25115,2004,6,1,185
25116,2004,9,1,378
25117,2004,9,1,378
25118,2004,9,1,394
25119,1992,9,1,343
25120,1979,6,1,368
25121,1963,6,1,287
25122,1964,3,1,217
25123,1970,9,1,244
25124,1962,3,1,136
25125,1964,6,1,171
25126,1960,6,1,122
25127,1960,3,1,52
25128,1965,6,1,118
25129,1963,6,1,64
25130,1963,6,1,156
25131,1961,9,1,274
25132,1963,6,1,235
25133,1961,6,1,121
25134,1961,6,1,188
25135,1965,6,1,142
25136,1964,9,1,175
25137,1969,9,1,116
25138,1969,9,1,116
25139,1961,6,1,84
25140,1960,9,1,894
25141,1958,3,1,173
25142,1960,3,1,128
25143,1958,6,1,257
25144,1950,3,1,293
25145,1959,9,1,304
25146,1958,6,1,166
25147,2005,9,1,225
25148,1960,6,1,92
25149,1958,3,1,150
25150,1958,6,1,99
25151,1990,6,1,322
25152,1960,6,1,128
25153,1961,6,1,260
25154,1962,9,1,178
25155,1961,9,1,174
25156,2008,12,1,1493
25157,1950,6,1,211
25158,1960,6,1,99
25159,1960,6,1,70
25160,1992,3,4,478
25161,1975,3,3,951
25162,1990,6,3,9210
25163,1990,6,3,2232
25164,1979,3,3,28
25165,1991,6,4,1194
25166,1989,3,3,1464
25167,1989,9,3,3193
25168,1965,6,3,603
25169,1979,12,3,3117
25170,1990,3,3,54
25171,2019,9,3,27932
25172,1991,6,4,6678
25173,2001,12,3,9052
25174,1991,9,4,3298
25175,1970,6,4,2379
25176,1970,9,4,4776
25177,1991,3,3,2749
25178,1971,3,3,22
25179,2006,9,3,7073
25180,2006,9,4,6692
25181,1963,6,3,4585
25182,1969,3,4,901
25183,1970,3,3,38
25184,1973,3,3,20
25185,1972,3,3,48
25186,1981,3,3,34
25187,1963,3,3,840
25188,1973,9,3,8694
25189,2005,6,3,2330
25190,2024,9,3,8206
25191,1959,12,3,21587
25192,1987,3,3,608
25193,1964,9,1,419
25194,1996,12,1,864
25195,1971,9,1,888
25196,1968,9,1,532
25197,1967,12,1,527
25198,1971,12,1,742
25199,1961,9,1,671
25200,1963,6,3,420
25201,2003,15,1,2025
25202,2008,12,1,1399
25203,1977,12,1,453
25204,2003,12,1,593
25205,1971,9,1,513
25206,1974,9,1,411
25207,1977,3,3,1616
25208,1977,9,1,713
25209,1977,9,1,583
25210,1985,9,1,312
25211,1971,12,1,560
25212,1971,9,1,298
25213,1976,9,1,323
25214,1975,9,1,329
25215,1961,12,1,368
25216,1976,12,1,413
25217,1976,9,1,383
25218,1971,9,1,533
25219,1971,12,1,420
25220,1976,12,1,486
25221,1987,12,1,762
25222,1971,3,3,168
25223,1971,12,1,514
25224,2004,12,1,2621
25225,1971,3,3,132
25226,1987,3,3,384
25227,1971,6,4,416
25228,1994,12,1,432
25229,1999,12,1,518
25230,1998,9,1,331
25231,2004,9,1,5208
25232,2006,12,1,15372
25233,1998,15,1,5529
25234,2002,15,1,4823
25235,1999,9,1,3600
25236,1998,9,1,145
25237,1998,9,1,145
25238,1998,9,1,145
25239,1998,9,1,145
25240,1998,9,1,145
25241,1998,9,1,145
25242,1998,9,1,145
25243,1998,9,1,145
25244,1998,12,1,237
25245,1998,12,1,234
25246,1998,12,1,268
25247,1999,12,1,234
25248,1999,12,1,200
25249,1999,12,1,200
25250,1999,12,1,200
25251,1999,12,1,200
25252,1999,12,1,200
25253,1999,12,1,200
25254,1999,12,1,200
25255,1999,12,1,200
25256,1975,6,4,5958
25257,1999,9,1,9410
25258,1971,12,1,680
25259,1968,9,1,170
25260,1953,9,1,205
25261,1972,12,1,584
25262,1971,12,1,704
25263,1971,12,1,588
25264,1975,6,1,344
25265,1987,6,1,388
25266,1990,9,1,2064
25267,2000,12,1,295
25268,2005,12,1,624
25269,1995,9,1,254
25270,1989,9,1,406
25271,1992,9,1,294
25272,2003,9,1,325
25273,1953,9,1,209
25274,1953,6,1,136
25275,1990,12,1,330
25276,2000,0,N,0
25277,2001,9,1,586
25278,1992,12,1,325
25279,1978,9,1,251
25280,1978,12,1,304
25281,1994,9,1,319
25282,1988,9,1,240
25283,1965,9,1,75
25284,1960,9,1,197
25285,2004,9,1,166
25286,1961,9,1,262
25287,1964,6,1,116
25288,1965,9,1,151
25289,1960,9,1,142
25290,1957,9,1,131
25291,1955,9,1,170
25292,1995,9,1,311
25293,1996,12,1,468
25294,1995,12,1,362
25295,1991,12,1,242
25296,1991,12,1,221
25297,1991,12,1,221
25298,1994,9,1,560
25299,1990,9,1,574
25300,2001,9,1,597
25301,1989,9,1,2377
25302,1973,6,1,101
25303,1965,6,1,149
25304,1965,9,1,182
25305,1962,6,1,109
25306,1959,9,1,166
25307,1955,9,1,157
25308,1962,9,1,170
25309,1955,9,1,190
25310,1960,9,1,227
25311,1960,6,1,125
25312,1963,9,1,133
25313,1985,12,1,331
25314,1960,3,1,57
25315,1956,9,1,290
25316,1990,9,1,400
25317,1989,6,1,190
25318,1990,9,1,216
25319,1990,9,1,216
25320,1990,9,1,169
25321,1994,12,1,701
25322,1988,3,3,27
25323,1996,12,1,830
25324,1990,6,1,134
25325,1990,6,1,134
25326,1990,6,1,134
25327,1990,6,1,134
25328,1990,6,1,134
25329,1990,6,1,134
25330,1990,6,1,134
25331,1990,6,1,134
25332,1994,12,1,757
25333,1990,6,1,1072
25334,1993,6,1,778
25335,1992,6,1,778
25336,1996,12,1,819
25337,1994,12,1,743
25338,1999,12,1,7109
25339,2000,15,1,7596
25340,1982,18,1,2495
25341,1975,15,1,263
25342,1970,9,1,340
25343,1980,15,1,511
25344,1975,3,3,434
25345,1980,3,3,800
25346,1992,12,1,410
25347,1980,9,1,377
25348,1975,3,3,280
25349,1980,9,1,618
25350,1975,9,1,291
25351,1990,9,1,384
25352,1988,9,1,434
25353,1991,12,1,537
25354,1990,12,1,406
25355,1988,6,1,147
25356,1988,6,1,147
25357,1988,6,1,147
25358,1988,6,1,147
25359,1988,6,1,147
25360,1988,6,1,147
25361,1988,6,1,147
25362,1991,15,1,991
25363,1990,15,1,1079
25364,1987,12,1,199
25365,1987,12,1,143
25366,1987,12,1,207
25367,1987,12,1,210
25368,1987,12,1,203
25369,1987,12,1,203
25370,1987,12,1,143
25371,1987,12,1,205
25372,1987,12,1,243
25373,1987,12,1,241
25374,1993,12,1,387
25375,1988,9,1,350
25376,1991,6,1,862
25377,1990,12,1,198
25378,1998,12,1,381
25379,1991,9,1,699
25380,1988,9,1,309
25381,1989,9,1,330
25382,1990,12,1,198
25383,1990,12,1,198
25384,1990,12,1,198
25385,1990,12,1,198
25386,1982,12,1,576
25387,1986,12,1,480
25388,1994,12,1,908
25389,1979,9,1,408
25390,1976,9,1,382
25391,1977,9,1,350
25392,1980,9,1,325
25393,1982,12,1,352
25394,1974,12,1,409
25395,1980,9,1,357
25396,1983,9,1,388
25397,1995,6,1,381
25398,1992,6,1,382
25399,1992,9,1,434
25400,1989,9,4,426
25401,1999,9,1,495
25402,1994,12,1,1270
25403,1974,15,1,1262
25404,1974,15,1,1155
25405,1974,15,1,1155
25406,1974,15,1,1155
25407,1974,15,1,1155
25408,1974,12,1,516
25409,1991,9,1,246
25410,1991,9,1,170
25411,1991,9,1,248
25412,1991,9,1,170
25413,1991,9,1,170
25414,1991,9,1,170
25415,1991,9,1,170
25416,1995,9,1,170
25417,1995,9,1,170
25418,1995,9,1,200
25419,1995,9,1,170
25420,1995,9,1,170
25421,1995,9,1,170
25422,1995,9,1,170
25423,1997,9,1,170
25424,1997,9,1,170
25425,1997,9,1,170
25426,1998,9,1,170
25427,1998,9,1,170
25428,1998,9,1,170
25429,1988,9,1,254
25430,1996,12,1,739
25431,1990,9,1,218
25432,1990,9,1,215
25433,1990,9,1,215
25434,1990,9,1,215
25435,1990,9,1,215
25436,1990,9,1,218
25437,1990,9,1,218
25438,1990,9,1,215
25439,2007,12,1,1703
25440,1990,9,1,215
25441,1990,9,1,215
25442,1990,9,1,215
25443,1990,9,1,218
25444,1990,12,1,167
25445,1990,12,1,127
25446,1990,9,1,126
25447,1990,9,1,132
25448,1992,12,1,908
25449,1992,9,1,318
25450,1992,9,1,318
25451,1992,9,1,380
25452,2000,9,1,412
25453,1993,9,1,364
25454,1990,6,1,282
25455,1989,9,1,236
25456,1980,12,1,369
25457,1978,12,1,345
25458,1960,12,1,442
25459,1983,9,1,620
25460,1980,9,1,389
25461,1983,12,1,475
25462,1983,9,1,362
25463,1984,9,1,339
25464,1983,9,1,352
25465,1984,9,1,361
25466,1992,9,1,417
25467,1994,9,1,584
25468,1992,9,1,684
25469,1990,9,1,404
25470,1990,12,1,558
25471,1999,9,1,746
25472,1993,9,1,344
25473,2000,6,4,3787
25474,2000,9,3,1006
25475,1998,6,3,16708
25476,2000,6,3,5099
25477,1999,6,3,4362
25478,1999,6,3,4534
25479,2000,6,3,1072
25480,2000,9,3,2668
25481,1968,6,4,3006
25482,1975,6,1,172
25483,1919,6,4,376
25484,1920,3,1,145
25485,1901,12,4,1603
25486,1980,9,4,541
25487,1924,3,3,76
25488,1901,3,4,268
25489,1968,6,1,176
25490,1971,9,1,615
25491,1959,6,1,243
25492,1960,3,1,146
25493,2004,3,1,139
25494,1963,3,1,125
25495,1970,6,1,331
25496,2000,3,1,146
25497,1920,12,1,616
25498,1958,6,1,189
25499,1959,6,1,188
25500,1952,6,1,441
25501,1932,6,1,250
25502,1960,6,1,224
25503,1968,3,1,138
25504,1999,6,1,432
25505,1960,3,1,140
25506,1945,3,1,135
25507,1942,3,1,107
25508,1967,3,1,180
25509,1988,3,3,169
25510,1922,3,1,122
25511,1960,3,1,156
25512,1963,3,1,208
25513,1965,6,1,192
25514,1964,3,1,132
25515,1965,3,1,132
25516,2006,9,1,417
25517,2021,3,1,139
25518,1963,6,1,154
25519,1968,6,1,347
25520,1965,9,1,419
25521,1969,9,1,207
25522,1972,9,1,215
25523,1970,9,1,255
25524,1960,6,1,212
25525,1965,9,1,159
25526,1960,6,1,306
25527,1969,6,1,192
25528,2007,6,1,279
25529,1964,6,1,98
25530,1960,9,1,419
25531,1975,3,3,16
25532,1960,6,1,99
25533,1959,6,1,227
25534,2005,9,1,343
25535,1959,3,1,63
25536,1960,6,1,279
25537,1960,6,1,192
25538,1962,3,1,234
25539,1961,9,1,326
25540,1960,3,1,74
25541,1961,3,1,242
25542,1961,9,1,158
25543,1962,9,1,228
25544,1962,3,1,113
25545,1961,3,1,128
25546,1963,3,1,155
25547,1960,6,1,255
25548,1960,6,1,138
25549,1970,9,1,456
25550,1939,3,1,57
25551,1963,3,1,140
25552,1963,6,1,224
25553,1960,6,1,132
25554,1960,6,1,110
25555,1968,6,1,131
25556,1968,3,1,59
25557,1968,9,1,306
25558,1975,6,1,137
25559,1930,9,1,355
25560,1935,6,1,285
25561,1969,6,1,189
25562,1970,9,1,131
25563,1970,6,1,147
25564,1968,12,1,348
25565,1969,9,1,188
25566,1969,12,1,287
25567,1960,6,1,105
25568,1968,9,1,120
25569,1961,3,3,41
25570,1968,3,1,72
25571,1920,3,1,167
25572,1975,3,1,444
25573,2023,6,1,202
25574,1975,3,1,108
25575,1960,6,1,131
25576,1979,3,3,32
25577,1994,6,3,3001
25578,1977,3,3,44
25579,1970,6,3,4417
25580,1977,9,3,2482
25581,1972,6,3,1551
25582,1991,9,3,3481
25583,1971,6,3,7051
25584,1970,3,3,30
25585,2019,3,3,1937
25586,1973,3,3,25
25587,1966,6,3,7664
25588,1970,6,3,684
25589,1970,3,3,581
25590,1970,3,3,398
25591,1970,3,3,409
25592,1976,27,1,3966
25593,1976,30,1,4808
25594,1976,36,1,5161
25595,1976,33,1,4713
25596,1976,33,1,4837
25597,1976,33,1,4324
25598,1976,36,1,4704
25599,1957,9,1,764
25600,2010,3,4,570
25601,1987,9,4,485
25602,1989,12,1,607
25603,1991,9,1,407
25604,1987,12,3,675
25605,1991,9,1,287
25606,2002,12,1,467
25607,1976,9,1,831
25608,1975,9,1,773
25609,1971,6,1,538
25610,1971,9,1,442
25611,1976,12,1,585
25612,1991,6,1,681
25613,1992,3,3,359
25614,1971,9,1,283
25615,1991,6,1,396
25616,1988,12,1,587
25617,1980,9,1,286
25618,1991,3,3,186
25619,2007,12,1,1903
25620,2011,12,1,2155
25621,2006,9,1,1857
25622,1967,6,1,84
25623,1971,3,1,61
25624,1971,6,1,482
25625,2010,12,1,1676
25626,1971,9,1,245
25627,1961,3,1,62
25628,1968,9,1,155
25629,2001,15,1,2728
25630,2021,12,1,605
25631,1967,6,1,615
25632,2004,9,1,2129
25633,2008,12,1,3684
25634,2002,9,1,2102
25635,1971,6,1,133
25636,2003,9,1,2089
25637,2003,9,1,3650
25638,2005,12,1,2160
25639,2007,12,1,2290
25640,2005,9,4,4246
25641,2011,9,4,7635
25642,1996,3,4,7638
25643,2009,27,1,41725
25644,2004,9,4,1712
25645,2008,3,3,662
25646,1995,15,1,10245
25647,1998,18,1,3931
25648,2001,15,1,6257
25649,2002,12,1,2624
25650,2024,15,1,9241
25651,2003,15,1,3187
25652,1975,3,4,3362
25653,1994,15,1,3888
25654,2001,12,1,1751
25655,1959,3,3,15
25656,1970,9,1,210
25657,1955,9,1,208
25658,1959,9,1,125
25659,1952,9,1,208
25660,1960,6,1,133
25661,1968,12,1,64
25662,1960,9,1,143
25663,1960,12,1,213
25664,1955,9,1,135
25665,1965,9,1,120
25666,2000,9,1,150
25667,1965,9,1,150
25668,1965,6,1,120
25669,1976,9,1,125
25670,1968,3,1,75
25671,1970,6,1,61
25672,2001,12,1,340
25673,1975,9,1,255
25674,1958,12,1,149
25675,1956,6,1,74
25676,1955,6,1,156
25677,1955,9,1,78
25678,1956,9,1,175
25679,1955,9,1,210
25680,1960,6,1,180
25681,1958,12,1,241
25682,1960,9,1,187
25683,1958,9,1,167
25684,1987,9,1,145
25685,1959,9,1,167
25686,1965,9,1,213
25687,1955,6,1,126
25688,1956,6,1,145
25689,1959,6,1,150
25690,1968,9,1,196
25691,1943,3,1,79
25692,1955,6,1,176
25693,1950,9,1,160
25694,1961,9,1,220
25695,2004,12,1,190
25696,1963,6,1,120
25697,1958,9,1,177
25698,1957,9,1,136
25699,1972,9,1,116
25700,1953,9,1,123
25701,1953,9,1,207
25702,1955,9,1,184
25703,1958,9,1,176
25704,1963,9,1,173
25705,1972,6,1,184
25706,1955,3,1,75
25707,1950,6,1,130
25708,1955,9,1,119
25709,1958,3,1,67
25710,1953,6,1,136
25711,1952,9,1,236
25712,1955,9,1,253
25713,1958,9,1,160
25714,1965,9,1,169
25715,1960,9,1,160
25716,1965,12,1,288
25717,1968,9,1,201
25718,1958,9,1,287
25719,1970,6,1,156
25720,1996,9,1,242
25721,2000,9,1,222
25722,1980,9,1,262
25723,1975,6,1,290
25724,1980,15,1,385
25725,1979,12,1,388
25726,1975,9,1,230
25727,1979,9,1,365
25728,1978,12,1,416
25729,1975,6,1,322
25730,1980,15,1,455
25731,1973,15,1,460
25732,1989,9,1,174
25733,1989,6,1,157
25734,1989,6,1,157
25735,1989,6,1,157
25736,1989,6,1,157
25737,1989,6,1,157
25738,1989,6,1,157
25739,1989,6,1,157
25740,1989,6,1,157
25741,1989,9,1,174
25742,1989,9,1,174
25743,1989,9,1,174
25744,1989,9,1,174
25745,1989,9,1,174
25746,1989,9,1,174
25747,1989,12,1,173
25748,1989,9,1,174
25749,1989,9,1,174
25750,1989,9,1,174
25751,1989,9,1,174
25752,1989,9,1,174
25753,2008,12,1,505
25754,2007,9,1,250
25755,1987,9,1,1550
25756,1987,9,1,1550
25757,1987,9,1,1550
25758,1999,9,1,537
25759,1992,9,1,388
25760,1994,9,1,432
25761,1990,9,1,705
25762,1999,12,1,1084
25763,1989,9,1,190
25764,1989,9,1,190
25765,1991,12,1,496
25766,1999,12,1,247
25767,1989,12,1,571
25768,1990,3,3,238
25769,1988,9,1,203
25770,1988,9,1,203
25771,1991,12,1,674
25772,1997,12,1,259
25773,1993,9,1,2415
25774,1994,12,1,187
25775,1993,12,1,183
25776,1993,12,1,626
25777,1985,15,1,532
25778,1985,15,1,588
25779,1992,9,1,160
25780,1992,9,1,160
25781,1992,9,1,160
25782,1993,12,1,183
25783,1993,12,1,183
25784,1994,12,1,184
25785,1994,12,1,184
25786,1994,12,1,187
25787,1994,9,1,157
25788,1994,9,1,154
25789,1994,9,1,154
25790,1994,9,1,157
25791,1994,9,1,131
25792,1989,12,1,843
25793,1994,9,1,2417
25794,1988,9,1,3498
25795,1994,9,1,219
25796,1984,15,1,903
25797,1974,15,1,1230
25798,1974,15,1,1241
25799,1974,15,1,1241
25800,1974,15,1,1240
25801,1991,12,1,376
25802,1973,12,1,672
25803,1973,12,1,672
25804,1973,12,1,672
25805,1973,12,1,672
25806,1993,12,1,486
25807,1988,9,1,312
25808,1990,12,1,436
25809,1993,3,1,306
25810,1993,9,1,555
25811,1987,9,1,294
25812,1990,3,3,593
25813,1989,9,1,326
25814,1998,9,4,351
25815,2008,12,1,1054
25816,1992,12,1,423
25817,1974,18,1,1407
25818,1974,18,1,1416
25819,1974,18,1,1416
25820,1974,18,1,1401
25821,1974,18,1,1401
25822,1974,18,1,1415
25823,1974,18,1,1414
25824,1974,15,1,1438
25825,1978,3,3,28
25826,1900,6,4,1358
25827,1925,6,1,203
25828,1968,3,1,216
25829,1910,6,1,284
25830,1979,6,1,358
25831,1962,3,1,161
25832,1920,3,1,122
25833,1964,6,1,199
25834,1963,3,1,190
25835,1968,6,1,131
25836,1995,3,1,174
25837,1991,3,1,159
25838,1991,6,1,1629
25839,1963,6,1,305
25840,1966,9,1,955
25841,1964,6,1,116
25842,1965,9,1,133
25843,1976,9,1,254
25844,1959,9,1,230
25845,1959,6,1,145
25846,1910,6,1,147
25847,2006,9,1,695
25848,1996,6,1,206
25849,2014,9,1,1254
25850,2000,6,1,240
25851,1998,6,4,5453
25852,1998,6,4,4102
25853,1970,9,3,3997
25854,1969,9,3,10790
25855,1980,3,3,30
25856,1990,6,3,2698
25857,1990,6,4,2326
25858,1989,6,4,5873
25859,2012,9,4,9129
25860,1970,3,4,1738
25861,1990,9,3,25681
25862,1979,3,3,16
25863,2006,6,3,12318
25864,1967,9,4,6679
