OBJECTID,YearBuilt1,HEIGHT,UseDescription
1,1983,3,3
2,1975,3,2
3,1970,6,2
4,1940,3,1
5,1960,6,1
6,1980,6,1
7,1980,6,1
8,1980,3,1
9,1980,3,1
10,1980,3,1
11,1960,9,2
12,1965,6,2
13,1977,6,2
14,1970,9,1
15,1920,6,1
16,1974,6,4
17,1960,15,4
18,1980,3,3
19,2000,3,N
20,1930,9,1
21,1995,6,3
22,1956,6,2
23,1930,3,2
24,1960,9,1
25,1975,6,1
26,1995,6,2
27,1993,9,2
28,1980,6,4
29,1993,3,2
30,1968,9,2
31,1970,9,2
32,2008,9,4
33,1972,3,4
34,1978,39,4
35,1978,0,3
36,1992,9,4
37,1994,6,4
38,1968,18,1
39,1969,3,4
40,1971,3,3
41,1960,3,1
42,1958,3,1
43,1972,3,4
44,1960,9,1
45,1960,3,1
46,1960,3,1
47,1960,6,1
48,1960,6,1
49,1960,6,1
50,1982,3,1
51,1961,6,1
52,1941,3,1
53,1969,6,1
54,1968,3,1
55,1968,9,4
56,2001,6,2
57,1976,12,4
58,1993,9,3
59,1973,9,1
60,1960,6,1
61,1971,3,1
62,1984,3,3
63,1973,9,1
64,1974,3,1
65,1975,9,1
66,1970,6,1
67,1975,9,1
68,1970,6,1
69,2000,3,1
70,1971,9,1
71,1976,9,3
72,1970,6,3
73,1974,9,1
74,1976,12,1
75,1974,9,1
76,1968,9,1
77,1974,12,1
78,2016,12,1
79,1971,6,1
80,1971,9,1
81,1971,9,1
82,1971,6,1
83,2006,9,1
84,1957,3,1
85,1994,3,4
86,1978,12,1
87,1971,9,1
88,2009,12,1
89,1976,18,1
90,1993,3,3
91,1993,6,3
92,1974,6,1
93,1973,6,1
94,1971,6,1
95,1975,3,3
96,0190,6,3
97,1978,12,1
98,1976,6,1
99,1971,9,1
100,2008,12,1
101,1971,9,1
102,1971,12,1
103,1974,9,1
104,1961,9,1
105,1969,15,1
106,1974,9,1
107,1975,6,1
108,1961,9,1
109,1971,6,1
110,1996,6,3
111,1961,3,1
112,1987,6,1
113,1987,9,1
114,1992,12,3
115,1971,9,1
116,1975,3,3
117,2003,12,1
118,2007,12,1
119,1950,3,3
120,1975,3,2
121,2000,6,1
122,1965,9,1
123,1965,6,1
124,1970,6,1
125,1970,3,3
126,1969,3,4
127,1994,6,3
128,1987,6,3
129,1993,9,1
130,1969,9,1
131,1968,9,1
132,1970,12,1
133,1971,12,1
134,1970,9,1
135,1960,6,1
136,1975,9,1
137,1970,12,1
138,1970,9,1
139,1982,15,1
140,1960,12,1
141,1985,9,1
142,2003,9,1
143,2022,12,3
144,1993,6,3
145,1993,3,3
146,1968,6,4
147,1969,6,4
148,1880,6,2
149,1963,6,4
150,1993,3,3
151,2002,3,3
152,1971,3,3
153,1980,3,1
154,1988,12,1
155,2003,12,1
156,1971,3,1
157,1973,6,1
158,1973,9,1
159,1963,9,1
160,1960,12,1
161,1960,3,1
162,1900,9,1
163,1990,9,1
164,1980,6,1
165,1970,3,3
166,2007,9,1
167,1967,9,1
168,1971,3,1
169,2006,6,1
170,1965,9,1
171,1968,6,1
172,1969,6,1
173,1960,12,1
174,1969,9,1
175,1996,6,1
176,1969,6,1
177,1992,9,1
178,1969,6,1
179,1969,3,1
180,2007,9,1
181,2001,3,1
182,1970,6,1
183,1973,9,1
184,1970,9,1
185,1969,9,1
186,1960,9,1
187,1970,9,1
188,1967,6,3
189,1971,9,1
190,1988,12,1
191,1969,6,1
192,1981,12,1
193,1985,3,3
194,1966,6,1
195,1968,9,1
196,1969,9,1
197,1979,3,1
198,2005,9,1
199,2008,12,1
200,1969,9,1
201,1970,6,1
202,1992,9,1
203,1998,12,1
204,1970,9,1
205,2006,12,1
206,2007,12,1
207,1998,3,3
208,2010,12,1
209,1979,3,3
210,1971,9,1
211,1968,9,1
212,1968,12,1
213,1970,6,1
214,1989,6,3
215,2012,6,1
216,1965,9,1
217,1999,6,1
218,1963,6,1
219,1961,12,1
220,1976,9,1
221,1965,6,1
222,1978,6,1
223,1971,6,1
224,1965,9,1
225,1969,3,3
226,1969,9,1
227,1967,6,1
228,1968,9,1
229,1960,9,1
230,1973,3,3
231,1977,12,1
232,2006,9,1
233,1977,9,4
234,1909,9,1
235,1986,6,1
236,2007,9,1
237,2005,9,1
238,1987,3,1
239,1987,3,1
240,2011,12,1
241,2024,9,1
242,1979,9,1
243,1970,6,1
244,1993,9,1
245,1959,3,1
246,1968,3,1
247,1975,3,3
248,1975,6,1
249,2005,12,1
250,1959,6,1
251,2004,12,1
252,1974,3,3
253,2001,6,1
254,2002,9,1
255,2016,9,1
256,1990,6,3
257,1999,6,1
258,1996,3,3
259,1974,6,1
260,1995,0,1
261,1971,3,1
262,1998,12,1
263,1978,12,1
264,1971,6,1
265,2006,9,1
266,1971,9,1
267,1972,9,1
268,2009,9,1
269,1974,9,1
270,1971,9,1
271,1971,6,1
272,2000,6,1
273,2022,12,1
274,1996,6,1
275,1989,6,1
276,2023,6,1
277,1979,3,2
278,1965,6,1
279,1971,6,2
280,1966,9,1
281,2001,6,1
282,2002,12,1
283,2003,9,1
284,2003,9,1
285,1970,9,1
286,1977,9,1
287,1990,6,1
288,1978,9,1
289,1995,9,1
290,1978,6,1
291,2000,9,1
292,1979,3,2
293,1981,6,1
294,1981,6,2
295,1982,6,2
296,1975,3,3
297,1981,6,2
298,2001,9,1
299,1960,3,3
300,2003,9,1
301,2003,9,1
302,2005,9,1
303,2005,9,1
304,2020,9,1
305,2021,9,1
306,1980,3,2
307,1960,6,2
308,1960,3,2
309,1982,6,2
310,1982,3,2
311,1993,3,2
312,1991,6,2
313,1963,6,2
314,1963,6,2
315,1960,3,2
316,1968,6,1
317,1971,3,1
318,2010,9,1
319,2007,9,1
320,2004,12,1
321,2005,9,1
322,1989,9,1
323,1952,24,3
324,2008,3,4
325,2012,3,3
326,1993,3,3
327,1968,6,4
328,2005,12,1
329,1956,9,1
330,1953,9,1
331,1951,6,1
332,1953,6,1
333,1955,6,1
334,1956,3,1
335,1960,9,1
336,1975,9,1
337,1975,9,1
338,1959,9,1
339,1955,9,1
340,1960,9,1
341,1978,3,3
342,1958,6,1
343,1975,12,1
344,1956,9,1
345,1955,9,1
346,1963,12,1
347,2004,9,1
348,1960,9,1
349,2010,12,1
350,1960,9,1
351,1957,9,1
352,1958,9,1
353,1970,9,1
354,1957,6,1
355,1953,9,1
356,1960,6,1
357,1960,6,1
358,1960,3,1
359,1970,9,1
360,1977,15,1
361,1960,9,1
362,1956,6,1
363,1965,6,1
364,1956,6,1
365,1950,6,1
366,1963,9,1
367,1955,9,1
368,1955,6,1
369,1960,9,1
370,1950,9,1
371,1958,9,1
372,1960,9,1
373,2006,12,1
374,2000,12,1
375,1975,12,1
376,1975,12,1
377,1975,12,1
378,1982,6,1
379,1982,6,1
380,1989,9,1
381,1989,9,1
382,1989,9,1
383,1989,9,1
384,1989,9,1
385,1989,9,1
386,1990,9,4
387,1992,6,4
388,1994,9,1
389,1998,12,1
390,2000,12,1
391,1977,18,1
392,1999,3,3
393,1979,9,1
394,1984,9,1
395,1989,12,1
396,1986,9,1
397,1990,9,1
398,1995,6,1
399,2002,9,1
400,2008,12,1
401,1999,9,1
402,2000,3,1
403,1990,9,1
404,2009,12,1
405,2006,12,1
406,1987,3,4
407,1960,9,1
408,1980,9,1
409,2000,12,1
410,1997,12,1
411,2003,9,1
412,1990,9,1
413,1990,9,1
414,1990,9,1
415,1990,9,1
416,1990,9,1
417,2001,9,1
418,2000,9,1
419,2003,9,1
420,2002,9,1
421,1995,12,1
422,1996,12,1
423,1997,12,1
424,2002,12,1
425,2006,9,1
426,2007,12,1
427,1998,9,1
428,1991,9,1
429,1989,9,1
430,2006,9,1
431,1987,3,3
432,1989,9,1
433,1989,9,1
434,1989,9,1
435,1989,9,1
436,1989,9,1
437,1989,9,1
438,1989,9,1
439,1993,9,1
440,1991,6,1
441,2006,12,1
442,2005,9,1
443,1996,9,1
444,1997,12,1
445,1987,12,1
446,1995,12,1
447,1978,6,1
448,2001,9,1
449,2001,9,1
450,1997,12,1
451,1989,9,1
452,2009,12,1
453,1994,9,1
454,1996,9,1
455,1996,9,1
456,1995,9,1
457,1968,15,1
458,1999,3,4
459,1997,9,1
460,1997,9,1
461,1997,9,1
462,1997,9,1
463,1997,9,1
464,1997,9,1
465,1997,9,1
466,1997,9,1
467,1997,9,1
468,1996,12,1
469,1996,9,1
470,1996,9,1
471,1996,9,1
472,1996,12,1
473,1996,12,1
474,1996,12,1
475,1996,12,1
476,1996,12,1
477,1996,12,1
478,1997,15,1
479,2010,3,4
480,1974,12,1
481,1958,6,1
482,1976,3,1
483,1976,6,1
484,1978,6,1
485,1970,6,1
486,1970,6,1
487,1962,9,1
488,1960,6,1
489,1960,3,1
490,1950,6,1
491,1970,9,1
492,1965,6,1
493,2000,3,1
494,1950,3,1
495,1950,3,1
496,1947,9,1
497,1970,3,3
498,1992,6,1
499,1960,3,1
500,2005,9,1
501,1963,6,1
502,1900,6,1
503,1995,9,1
504,1970,9,1
505,1985,6,1
506,1990,6,1
507,1965,6,1
508,2006,3,4
509,1995,6,1
510,2009,6,1
511,2008,6,1
512,1965,3,1
513,2021,6,1
514,2018,9,1
515,2024,6,1
516,2018,9,1
517,2006,6,1
518,2004,6,1
519,2007,6,1
520,2004,6,1
521,2004,9,1
522,2003,3,1
523,2004,9,1
524,2004,9,1
525,2004,9,1
526,2005,6,1
527,2017,3,1
528,2006,6,1
529,2016,9,1
530,2007,12,1
531,2007,12,1
532,2007,12,1
533,2004,9,1
534,2004,9,1
535,2004,9,1
536,2004,9,1
537,1975,18,1
538,1975,18,1
539,1973,18,1
540,1972,18,1
541,1973,6,4
542,1979,3,1
543,1979,18,1
544,1976,18,1
545,1977,18,1
546,1979,18,1
547,1978,18,1
548,1979,3,1
549,1977,18,1
550,1977,3,3
551,2004,6,3
552,1993,6,3
553,1993,6,3
554,2018,6,3
555,1991,9,3
556,2007,9,3
557,1991,6,3
558,1990,6,3
559,1990,3,3
560,1990,3,3
561,1990,3,3
562,1990,6,3
563,1993,6,3
564,1999,6,3
565,1992,3,3
566,1991,6,3
567,1990,3,3
568,1990,3,3
569,1990,6,3
570,1993,9,3
571,1993,9,3
572,1993,9,3
573,1991,6,3
574,1990,9,3
575,1993,9,3
576,1994,6,3
577,1989,6,4
578,1989,12,3
579,1990,9,3
580,1992,3,4
581,2003,6,3
582,1994,6,3
583,1996,6,4
584,1994,6,3
585,1994,6,3
586,1999,6,1
587,1978,9,1
588,1969,6,1
589,1987,6,4
590,1951,6,1
591,1949,6,1
592,1948,6,1
593,1961,9,1
594,1960,3,1
595,1969,6,1
596,1967,3,3
597,1963,6,4
598,1960,3,1
599,1968,9,1
600,1970,6,1
601,1983,3,3
602,1977,9,1
603,1970,12,1
604,1968,9,1
605,2007,12,1
606,1969,3,1
607,1969,6,1
608,1968,3,1
609,1962,6,1
610,1970,9,1
611,1966,12,1
612,1962,9,1
613,1963,6,1
614,2007,12,1
615,1990,6,3
616,1997,9,1
617,1977,21,1
618,1978,3,3
619,2006,12,1
620,1987,9,1
621,1979,9,1
622,2008,12,4
623,1987,12,1
624,1973,6,1
625,1978,6,1
626,2003,12,1
627,1990,9,1
628,1980,6,1
629,1978,12,1
630,1979,3,1
631,1989,9,1
632,2017,6,1
633,1996,12,1
634,2001,9,1
635,1993,12,1
636,2007,12,1
637,1979,9,1
638,2005,9,1
639,1960,6,1
640,1960,9,1
641,1993,9,1
642,1998,3,1
643,1950,3,1
644,1971,3,1
645,2007,12,1
646,1980,12,1
647,2007,9,1
648,2006,9,1
649,1968,6,1
650,1980,3,1
651,1967,3,1
652,1991,12,1
653,1970,6,1
654,1970,6,1
655,1970,9,1
656,1970,6,1
657,1982,9,1
658,1982,15,1
659,1971,15,1
660,1978,6,1
661,2002,12,1
662,2004,6,1
663,1972,12,1
664,1980,9,1
665,1970,9,1
666,2000,9,1
667,1970,9,1
668,1967,12,1
669,1967,12,1
670,1970,9,1
671,1993,9,1
672,1993,3,1
673,2000,12,1
674,2001,12,1
675,1959,3,1
676,1959,3,1
677,2006,9,1
678,1978,12,1
679,2006,12,1
680,1969,9,1
681,1991,9,1
682,1979,6,1
683,1995,3,1
684,1991,6,1
685,2005,9,1
686,2005,9,1
687,1971,6,1
688,1993,9,1
689,2007,9,1
690,1964,6,1
691,1971,3,1
692,1974,3,1
693,1971,6,1
694,2008,9,1
695,1974,9,1
696,1971,9,1
697,1971,6,1
698,1971,3,1
699,1971,9,1
700,1971,9,1
701,2009,9,1
702,2004,12,1
703,1994,9,1
704,1997,15,1
705,1997,15,1
706,2004,15,1
707,1980,12,1
708,1970,9,1
709,1975,9,1
710,1981,12,1
711,1975,9,1
712,1975,15,1
713,2003,12,1
714,1975,3,3
715,1978,12,1
716,2005,9,1
717,2006,9,1
718,1978,9,1
719,1992,15,1
720,2012,12,1
721,1979,9,1
722,1980,6,1
723,1992,9,1
724,1980,6,1
725,1980,9,1
726,1975,12,1
727,1979,3,3
728,1979,12,1
729,1973,9,1
730,1975,12,1
731,1975,12,1
732,1975,12,1
733,1955,6,1
734,1982,9,1
735,1975,12,1
736,1975,9,1
737,1975,9,1
738,1975,9,1
739,1970,12,1
740,1996,15,1
741,1983,9,1
742,1970,6,1
743,1973,6,1
744,1982,9,1
745,1988,9,1
746,1980,9,1
747,1982,12,1
748,1983,9,1
749,1970,12,1
750,2003,12,1
751,1984,9,1
752,1983,3,3
753,1991,3,4
754,1995,3,3
755,1993,9,1
756,1973,12,1
757,1974,9,1
758,1978,15,1
759,1980,12,1
760,2002,3,1
761,1994,12,1
762,1996,12,1
763,1995,12,1
764,1997,12,1
765,1993,9,1
766,1998,9,1
767,1991,9,1
768,1991,12,1
769,1992,12,1
770,1991,12,1
771,1991,12,1
772,1990,12,1
773,1990,12,1
774,1990,12,1
775,1990,12,1
776,1990,6,1
777,1991,9,1
778,1995,6,1
779,1997,12,1
780,1996,12,1
781,1994,12,1
782,2003,24,1
783,2004,15,1
784,2004,27,1
785,2006,15,1
786,2004,18,1
787,2002,18,1
788,2022,21,1
789,2003,27,1
790,1974,6,1
791,1949,3,1
792,1959,6,3
793,1961,3,3
794,1959,3,1
795,1962,9,1
796,1960,9,1
797,1980,6,1
798,1956,6,1
799,1970,3,1
800,1960,9,1
801,1960,3,1
802,1935,6,1
803,2000,6,1
804,1970,6,1
805,2007,9,1
806,1994,6,1
807,1995,6,1
808,1995,9,1
809,1996,3,3
810,2023,6,1
811,2023,6,1
812,2022,6,1
813,2022,6,1
814,2022,6,1
815,2022,6,1
816,2022,6,1
817,2023,6,1
818,2023,6,1
819,2023,6,1
820,2023,6,1
821,2023,6,1
822,2024,6,1
823,1970,6,1
824,1960,6,1
825,2004,9,1
826,2010,6,1
827,2001,9,1
828,1997,9,1
829,2002,3,1
830,1975,6,1
831,1980,9,1
832,1951,6,1
833,2001,3,1
834,1970,3,1
835,2004,6,1
836,1980,6,1
837,1991,3,4
838,1998,9,1
839,1997,9,1
840,1982,6,1
841,1989,6,1
842,2019,6,1
843,2023,6,1
844,1990,3,1
845,1981,15,1
846,1981,18,1
847,1981,18,1
848,1981,3,3
849,1982,18,1
850,1981,6,4
851,1880,9,1
852,1982,6,1
853,2003,9,1
854,1980,3,1
855,1988,9,1
856,1950,6,1
857,1963,3,4
858,1951,3,1
859,1970,3,1
860,1992,9,1
861,1992,9,1
862,1992,12,1
863,1992,6,1
864,1992,9,1
865,1992,9,1
866,1992,9,1
867,1992,9,1
868,1992,9,1
869,1971,6,1
870,1974,3,1
871,1993,3,1
872,1971,3,1
873,1971,9,1
874,1971,3,1
875,1971,6,1
876,2007,12,1
877,2006,12,1
878,1970,3,1
879,1975,9,1
880,1997,9,1
881,2006,12,1
882,1973,9,1
883,1971,6,1
884,1960,3,1
885,1989,3,3
886,1969,9,1
887,1968,6,1
888,1970,9,1
889,1975,9,1
890,1995,9,1
891,2004,12,1
892,1980,6,1
893,2009,18,1
894,2009,24,1
895,2009,21,1
896,2011,21,1
897,2000,15,1
898,1996,15,1
899,1999,15,1
900,1960,30,1
901,1960,15,1
902,1960,18,1
903,1960,18,1
904,1960,18,1
905,1960,18,1
906,1960,18,1
907,1960,15,1
908,1960,15,1
909,1960,15,1
910,1960,15,1
911,1960,15,1
912,1960,15,1
913,1960,15,1
914,1960,15,1
915,1960,15,1
916,1960,15,1
917,1960,15,1
918,1960,15,1
919,1960,15,1
920,1960,15,1
921,1960,15,1
922,1960,15,1
923,1960,15,1
924,1960,15,1
925,1960,15,1
926,1960,15,1
927,1960,15,1
928,1960,15,1
929,1960,15,1
930,1960,15,1
931,1960,15,1
932,1960,15,1
933,1960,51,1
934,1970,6,1
935,1993,9,1
936,2007,6,1
937,2007,6,1
938,2007,6,1
939,2019,3,1
940,2021,6,1
941,2002,9,1
942,1989,9,1
943,1977,6,1
944,2007,9,1
945,2007,9,1
946,2007,9,1
947,2007,9,1
948,2007,9,1
949,2012,6,1
950,2012,6,1
951,1983,9,1
952,1999,9,4
953,1960,3,1
954,1980,6,1
955,1981,6,1
956,1982,3,1
957,1982,3,1
958,2019,6,1
959,1966,3,3
960,1982,6,1
961,1994,9,1
962,1984,9,1
963,1977,9,1
964,1998,9,1
965,1977,9,1
966,1983,3,1
967,1985,3,3
968,2008,6,1
969,2010,6,1
970,1996,6,1
971,1980,9,1
972,1983,9,1
973,1978,9,1
974,1984,6,1
975,1990,6,1
976,1983,6,1
977,1982,6,1
978,1980,6,1
979,1999,6,1
980,1988,9,1
981,1991,6,1
982,1982,6,1
983,1982,6,1
984,1992,6,1
985,1982,6,1
986,1991,6,1
987,1995,9,1
988,1991,6,1
989,1982,6,1
990,2007,3,1
991,1980,6,1
992,1983,3,1
993,1984,6,1
994,1987,6,1
995,1981,6,1
996,2000,9,1
997,1991,6,1
998,1985,6,1
999,1980,6,1
1000,1983,6,1
1001,1982,9,1
1002,1982,9,1
1003,1983,6,1
1004,1982,3,1
1005,1980,9,1
1006,1980,6,1
1007,1980,3,1
1008,1988,6,1
1009,1991,9,1
1010,1980,6,1
1011,1982,9,1
1012,1980,6,1
1013,2000,6,1
1014,1982,6,1
1015,1985,6,1
1016,1980,9,1
1017,1986,6,1
1018,1993,6,4
1019,1983,6,1
1020,1983,6,1
1021,1983,3,1
1022,1988,6,1
1023,1970,9,1
1024,2002,3,1
1025,2004,6,1
1026,1987,9,1
1027,1998,9,1
1028,1993,9,1
1029,1991,9,1
1030,2012,15,4
1031,1990,6,4
1032,2010,6,4
1033,1980,6,4
1034,1977,9,4
1035,2000,3,N
1036,2000,3,N
1037,1974,3,3
1038,1953,3,N
1039,2000,3,N
1040,1974,6,2
1041,2010,24,1
1042,2012,27,1
1043,2012,27,1
1044,1982,6,1
1045,1982,6,1
1046,1983,3,1
1047,1998,6,1
1048,1982,6,1
1049,1992,3,1
1050,2013,6,1
1051,1999,9,1
1052,2004,6,1
1053,1990,6,1
1054,1996,3,1
1055,1989,6,1
1056,1983,6,1
1057,2008,6,1
1058,2005,6,1
1059,1980,6,1
1060,1983,6,1
1061,2019,6,1
1062,1983,3,1
1063,2014,6,1
1064,1995,6,1
1065,1987,6,1
1066,1991,6,1
1067,1975,9,1
1068,2000,9,1
1069,1986,6,1
1070,1983,6,1
1071,1983,3,1
1072,1983,6,1
1073,1983,6,1
1074,1998,6,1
1075,1987,6,1
1076,1979,9,1
1077,1982,6,1
1078,1979,6,1
1079,2001,3,1
1080,1982,6,1
1081,1979,3,3
1082,1987,6,1
1083,1989,9,1
1084,1986,3,1
1085,1980,6,1
1086,2007,6,1
1087,1973,6,1
1088,1983,3,1
1089,1980,6,1
1090,1991,9,1
1091,1983,6,1
1092,1983,0,3
1093,1983,6,1
1094,1973,6,1
1095,1981,6,1
1096,2002,6,1
1097,1999,6,1
1098,1982,3,1
1099,1982,3,1
1100,1993,6,1
1101,1982,3,1
1102,1981,6,1
1103,1985,6,1
1104,1982,6,1
1105,1981,6,1
1106,1978,3,1
1107,2005,3,1
1108,1993,6,1
1109,2022,3,1
1110,1996,3,1
1111,1983,3,1
1112,2004,9,1
1113,1980,6,1
1114,1981,3,1
1115,2021,6,1
1116,1986,6,1
1117,1991,6,1
1118,1983,6,1
1119,1993,9,1
1120,1997,9,1
1121,1982,6,1
1122,1982,6,1
1123,1983,6,1
1124,1981,9,1
1125,1980,9,1
1126,1998,6,1
1127,2020,6,1
1128,1983,6,1
1129,1983,3,1
1130,1984,6,1
1131,1994,9,1
1132,1981,6,1
1133,2000,3,N
1134,2002,3,1
1135,1980,6,4
1136,1972,18,1
1137,1968,18,1
1138,1972,18,1
1139,1972,3,3
1140,1972,18,1
1141,1978,6,N
1142,2000,3,4
1143,1980,6,1
1144,1983,6,1
1145,1991,6,1
1146,1992,6,1
1147,2006,9,1
1148,1992,6,1
1149,1983,6,1
1150,1983,6,1
1151,2006,3,1
1152,1993,9,1
1153,1987,6,1
1154,1973,6,1
1155,1980,6,1
1156,1985,6,1
1157,1981,9,1
1158,1960,9,1
1159,1989,6,1
1160,1999,9,1
1161,1996,6,1
1162,1981,6,1
1163,1990,9,1
1164,1983,9,1
1165,1983,9,1
1166,1999,3,1
1167,2005,6,1
1168,1982,9,1
1169,2000,6,1
1170,1982,9,1
1171,1980,9,1
1172,1978,6,1
1173,1982,9,1
1174,2002,3,1
1175,1981,6,1
1176,1982,9,1
1177,1983,6,1
1178,1983,9,1
1179,1983,3,1
1180,1982,12,1
1181,1981,6,1
1182,1970,9,1
1183,1981,6,1
1184,1982,9,1
1185,1990,6,1
1186,1996,9,1
1187,1982,6,1
1188,1982,6,1
1189,2006,6,1
1190,1983,3,1
1191,1999,9,1
1192,1984,6,1
1193,1988,6,1
1194,1988,6,1
1195,1970,6,1
1196,1984,6,1
1197,1997,6,1
1198,1983,6,1
1199,1994,6,1
1200,1982,6,1
1201,1999,3,1
1202,1982,6,1
1203,1982,6,1
1204,1982,9,1
1205,1984,6,1
1206,1981,6,1
1207,1982,9,1
1208,1980,9,1
1209,1981,6,1
1210,1999,6,1
1211,1982,6,1
1212,1983,6,1
1213,2005,6,1
1214,2003,6,1
1215,1977,3,1
1216,2000,9,1
1217,1995,6,1
1218,1994,9,1
1219,1983,6,1
1220,1978,6,1
1221,1978,6,1
1222,2003,6,1
1223,2000,9,1
1224,2003,6,1
1225,2005,6,1
1226,1982,6,1
1227,1998,3,1
1228,1997,3,4
1229,1993,6,1
1230,1960,3,3
1231,1998,9,1
1232,1994,6,1
1233,1980,9,1
1234,2000,6,1
1235,2007,6,1
1236,1995,9,1
1237,1982,9,1
1238,1990,6,1
1239,1994,6,1
1240,1950,3,3
1241,1995,6,1
1242,1984,6,1
1243,1983,9,1
1244,1980,3,1
1245,1981,6,1
1246,1980,3,1
1247,2004,6,1
1248,1996,6,1
1249,1980,3,1
1250,1982,9,1
1251,1975,6,1
1252,1994,9,1
1253,1977,6,1
1254,1991,6,1
1255,1970,3,3
1256,1987,3,1
1257,1980,6,1
1258,1987,6,1
1259,1986,9,1
1260,1986,9,1
1261,1989,9,1
1262,1990,6,1
1263,2004,6,1
1264,1980,6,1
1265,1983,6,1
1266,1980,3,3
1267,1977,6,1
1268,1977,3,3
1269,1992,6,1
1270,1983,3,1
1271,1987,6,1
1272,1980,6,1
1273,1983,6,1
1274,1982,6,1
1275,2001,6,1
1276,1983,6,1
1277,1980,6,1
1278,1969,6,1
1279,1996,6,1
1280,1983,6,1
1281,1983,9,1
1282,1995,6,1
1283,2007,6,1
1284,1983,6,1
1285,1996,6,1
1286,1992,6,1
1287,2008,6,1
1288,1992,6,1
1289,1986,6,3
1290,1984,6,1
1291,1987,3,1
1292,1983,6,1
1293,1982,6,1
1294,1983,6,1
1295,1982,6,1
1296,2003,6,1
1297,1980,6,1
1298,2010,6,1
1299,1993,6,1
1300,1992,6,1
1301,1457,9,4
1302,2007,6,4
1303,2017,3,3
1304,1983,3,1
1305,1990,3,1
1306,1996,6,1
1307,1992,3,1
1308,1992,6,1
1309,1986,3,1
1310,1995,6,1
1311,2003,6,1
1312,2003,6,1
1313,1983,6,1
1314,1980,6,1
1315,1980,6,1
1316,1985,6,1
1317,2006,6,1
1318,2006,6,1
1319,1982,6,1
1320,1995,6,1
1321,1998,6,1
1322,1999,9,1
1323,1982,6,1
1324,1982,6,1
1325,2009,6,1
1326,1988,9,1
1327,2007,6,1
1328,1998,6,1
1329,1998,9,1
1330,2004,6,1
1331,1983,6,1
1332,1999,6,1
1333,1984,6,1
1334,1990,6,1
1335,1980,6,1
1336,1988,9,1
1337,2005,6,1
1338,1974,6,1
1339,1983,6,1
1340,1986,6,1
1341,1994,6,1
1342,1989,9,1
1343,1990,6,1
1344,1978,6,1
1345,1984,9,1
1346,1987,9,1
1347,1992,6,1
1348,2020,6,1
1349,1987,6,1
1350,1992,6,1
1351,1982,6,1
1352,2000,6,1
1353,1989,6,1
1354,1977,9,1
1355,2001,6,1
1356,1983,6,1
1357,1975,3,1
1358,1960,6,1
1359,2024,3,1
1360,1982,6,1
1361,1998,6,1
1362,1982,6,1
1363,1982,3,1
1364,1984,3,1
1365,1989,6,1
1366,1978,3,1
1367,1994,6,1
1368,1986,6,1
1369,1993,6,1
1370,1960,6,1
1371,1983,6,1
1372,1983,9,1
1373,1977,3,1
1374,1975,6,1
1375,1979,6,1
1376,1980,6,1
1377,1960,6,1
1378,1983,9,1
1379,1977,6,1
1380,1978,6,1
1381,1980,6,1
1382,1983,9,1
1383,1979,6,1
1384,1978,6,1
1385,1998,3,1
1386,1980,3,1
1387,2010,6,1
1388,1982,9,1
1389,2001,9,1
1390,1983,6,1
1391,1978,3,1
1392,1991,6,1
1393,1980,3,1
1394,1975,9,1
1395,1983,6,1
1396,2000,0,N
1397,1973,3,1
1398,1960,3,3
1399,1978,3,3
1400,1999,6,1
1401,1988,3,1
1402,2003,3,1
1403,1992,6,1
1404,1991,6,1
1405,1997,3,1
1406,1979,3,4
1407,1985,6,1
1408,1975,9,1
1409,1996,6,1
1410,1982,6,1
1411,1987,6,1
1412,1980,6,1
1413,1990,9,1
1414,1980,6,1
1415,1993,6,1
1416,1970,3,1
1417,2002,9,1
1418,2008,6,1
1419,1983,9,1
1420,1978,6,1
1421,1974,6,1
1422,1993,6,1
1423,1999,6,1
1424,1972,3,1
1425,1972,3,1
1426,2024,3,1
1427,2023,3,1
1428,2005,9,1
1429,1983,3,1
1430,1983,6,1
1431,1998,9,1
1432,1981,9,1
1433,1985,3,3
1434,1983,6,1
1435,2001,9,1
1436,1997,9,1
1437,1982,3,1
1438,1979,3,3
1439,1991,9,1
1440,1997,6,1
1441,1995,3,3
1442,1982,6,1
1443,1984,6,1
1444,1997,9,1
1445,1995,6,1
1446,1980,3,1
1447,2004,6,1
1448,2004,6,1
1449,1984,6,1
1450,2001,6,1
1451,1996,6,1
1452,1983,9,1
1453,1983,9,1
1454,1983,6,1
1455,1980,9,1
1456,1982,6,1
1457,1983,9,1
1458,1983,3,3
1459,1983,6,1
1460,1977,6,1
1461,1993,6,1
1462,2001,9,1
1463,1994,9,1
1464,1987,9,1
1465,1980,6,1
1466,1980,3,1
1467,1975,6,1
1468,1993,3,1
1469,1991,6,1
1470,1982,3,1
1471,2007,6,1
1472,1995,6,1
1473,1983,6,1
1474,2008,9,1
1475,2006,6,1
1476,2002,9,1
1477,1984,6,1
1478,1993,6,1
1479,1978,3,1
1480,1983,3,3
1481,1982,6,1
1482,1982,6,1
1483,1983,6,1
1484,1983,6,1
1485,1980,6,1
1486,1980,6,1
1487,1999,3,1
1488,1989,9,1
1489,1990,9,1
1490,1985,3,1
1491,1996,6,1
1492,1985,6,1
1493,1994,9,1
1494,1996,9,1
1495,1999,9,1
1496,2009,6,1
1497,2009,6,1
1498,1980,6,1
1499,1980,6,1
1500,2003,6,1
1501,1984,6,1
1502,1980,6,1
1503,1980,3,1
1504,1980,6,1
1505,1980,3,1
1506,1982,6,1
1507,2002,6,1
1508,1980,9,1
1509,1983,6,1
1510,1980,3,1
1511,1994,6,1
1512,1993,6,1
1513,1985,6,1
1514,1983,9,1
1515,1982,3,1
1516,1978,6,1
1517,1992,6,1
1518,1979,6,1
1519,1984,6,1
1520,2006,6,1
1521,2006,6,1
1522,1981,6,1
1523,1992,9,1
1524,1985,6,4
1525,1998,6,1
1526,2023,3,1
1527,1980,6,1
1528,1982,6,1
1529,1983,6,1
1530,1974,6,1
1531,2004,6,1
1532,1986,9,1
1533,2006,9,1
1534,1987,9,1
1535,1975,3,1
1536,1980,9,1
1537,1980,6,1
1538,1975,3,1
1539,1982,6,1
1540,2000,3,1
1541,1962,3,3
1542,1991,6,1
1543,1982,6,1
1544,1982,6,1
1545,1994,9,1
1546,1982,3,1
1547,1986,9,1
1548,2004,6,1
1549,1978,6,1
1550,1982,6,1
1551,1971,6,1
1552,1972,6,1
1553,1983,6,1
1554,1960,3,1
1555,1982,9,1
1556,1960,3,3
1557,1996,6,1
1558,1992,6,1
1559,1981,6,1
1560,1980,3,1
1561,1994,9,1
1562,1983,6,1
1563,1984,6,1
1564,1983,3,1
1565,2013,6,1
1566,1982,9,1
1567,1982,6,1
1568,1983,6,1
1569,1985,6,1
1570,1983,6,1
1571,1982,9,1
1572,1980,6,1
1573,1982,3,3
1574,1986,6,1
1575,1986,6,1
1576,1982,3,1
1577,1991,9,1
1578,1982,6,1
1579,1997,6,1
1580,1995,6,1
1581,1980,6,1
1582,1980,3,1
1583,1982,9,1
1584,1980,6,1
1585,1980,3,1
1586,1980,3,1
1587,1997,6,1
1588,2006,3,1
1589,2007,6,1
1590,1990,6,1
1591,1993,9,1
1592,2004,3,1
1593,2000,6,1
1594,1993,6,1
1595,1985,3,1
1596,1982,3,1
1597,1982,6,1
1598,1993,6,1
1599,1982,3,3
1600,1982,6,1
1601,2008,6,1
1602,1982,6,1
1603,1982,3,1
1604,1981,6,1
1605,1982,3,1
1606,1990,6,1
1607,1983,9,1
1608,1981,6,1
1609,1982,9,1
1610,1982,9,1
1611,1996,3,1
1612,2007,6,1
1613,1980,9,1
1614,1982,9,1
1615,1996,6,1
1616,1979,9,1
1617,1987,9,1
1618,2001,6,1
1619,1980,3,1
1620,1980,3,1
1621,1981,3,1
1622,1996,9,1
1623,1981,3,1
1624,1981,9,1
1625,1981,6,1
1626,1988,6,1
1627,1981,6,1
1628,1990,6,1
1629,1997,6,1
1630,1981,3,1
1631,1985,3,1
1632,1986,9,1
1633,1980,9,1
1634,2000,3,3
1635,1985,6,1
1636,1930,6,2
1637,1970,3,2
1638,1975,3,2
1639,1900,6,2
1640,1975,6,2
1641,1975,3,2
1642,1940,9,2
1643,1994,3,2
1644,2014,3,2
1645,1968,3,2
1646,1970,6,2
1647,1979,6,2
1648,1975,6,2
1649,1979,9,2
1650,1999,3,2
1651,1995,3,2
1652,1994,3,2
1653,1940,9,2
1654,1995,3,2
1655,1986,6,3
1656,1985,3,2
1657,1920,6,2
1658,1984,3,2
1659,2010,15,4
1660,2000,3,N
1661,1975,6,2
1662,2000,3,N
1663,1994,3,2
1664,2000,3,2
1665,1990,3,3
1666,1960,6,1
1667,1994,3,2
1668,1960,6,1
1669,1984,3,2
1670,1970,3,2
1671,1975,3,2
1672,1970,3,2
1673,1940,3,2
1674,1987,6,2
1675,1979,6,1
1676,1966,6,2
1677,1979,6,2
1678,1500,6,2
1679,2006,6,2
1680,1960,3,2
1681,1994,6,2
1682,1995,6,2
1683,1995,3,2
1684,1995,6,2
1685,1960,3,3
1686,1946,3,2
1687,1985,6,2
1688,1959,9,2
1689,1943,6,2
1690,2000,3,2
1691,1993,6,2
1692,1980,3,2
1693,1880,9,2
1694,1880,6,2
1695,2004,6,4
1696,2005,3,4
1697,2006,3,2
1698,1990,3,2
1699,1880,6,2
1700,1990,3,2
1701,2000,3,2
1702,1880,12,2
1703,1950,9,2
1704,1984,3,3
1705,2000,6,N
1706,1906,9,2
1707,2000,3,3
1708,1975,6,2
1709,1979,9,1
1710,2000,3,N
1711,1960,3,2
1712,1964,6,2
1713,1968,3,2
1714,1958,6,2
1715,1974,3,2
1716,2012,3,2
1717,2000,3,2
1718,1975,6,2
1719,1994,6,2
1720,2000,3,N
1721,1990,3,2
1722,1990,3,2
1723,2000,3,2
1724,1990,3,2
1725,1975,3,2
1726,1978,6,2
1727,2004,3,2
1728,1984,3,2
1729,1995,3,2
1730,1975,6,2
1731,1994,3,2
1732,1990,6,2
1733,1968,3,2
1734,1985,6,2
1735,1989,6,2
1736,1975,3,2
1737,2012,3,2
1738,2006,3,2
1739,1960,6,2
1740,1980,3,2
1741,1972,3,2
1742,1955,3,2
1743,1930,9,1
1744,1965,3,2
1745,1994,6,1
1746,1985,6,2
1747,2012,3,2
1748,1995,3,2
1749,1970,3,2
1750,1995,3,2
1751,2000,6,2
1752,1984,6,2
1753,1984,3,2
1754,2003,3,3
1755,2000,3,N
1756,1995,3,2
1757,2000,3,N
1758,2006,3,2
1759,1970,6,2
1760,1960,9,2
1761,1967,3,2
1762,1991,6,2
1763,1995,3,2
1764,1940,6,2
1765,1978,3,2
1766,1995,3,2
1767,1974,6,2
1768,2000,0,N
1769,1990,3,2
1770,1975,6,2
1771,1959,6,2
1772,2006,3,2
1773,1960,9,2
1774,1960,6,2
1775,1980,3,2
1776,1986,6,1
1777,2010,3,2
1778,1975,6,2
1779,2000,3,2
1780,2000,3,N
1781,1955,9,2
1782,1960,6,2
1783,1985,3,2
1784,1960,3,2
1785,1978,3,2
1786,1993,6,2
1787,1960,6,2
1788,2000,3,2
1789,1990,6,2
1790,1975,6,2
1791,1995,6,2
1792,2013,3,3
1793,1940,3,2
1794,1990,6,2
1795,1975,6,2
1796,1980,6,2
1797,1980,6,2
1798,1918,9,2
1799,1940,9,2
1800,2000,3,N
1801,1948,9,2
1802,1984,3,2
1803,1980,9,2
1804,1980,3,2
1805,1978,6,2
1806,1970,3,2
1807,1960,3,2
1808,2001,3,2
1809,2001,6,2
1810,2001,3,2
1811,1960,3,2
1812,1997,3,2
1813,1965,3,2
1814,1994,3,2
1815,1965,3,2
1816,1985,3,2
1817,1950,6,3
1818,1880,9,2
1819,1992,3,2
1820,1965,3,2
1821,1965,3,2
1822,1960,3,2
1823,1965,3,2
1824,1965,3,2
1825,1985,3,2
1826,1987,3,2
1827,1920,12,4
1828,2000,3,N
1829,2000,3,N
1830,1895,6,2
1831,1905,6,2
1832,1996,6,1
1833,1995,6,1
1834,1993,3,1
1835,1980,3,1
1836,1982,3,1
1837,1980,6,1
1838,2000,6,1
1839,2024,6,1
1840,1982,6,4
1841,1982,3,1
1842,1982,3,1
1843,1960,3,3
1844,1981,6,1
1845,1994,6,1
1846,2018,6,1
1847,1980,6,1
1848,1982,9,1
1849,1980,6,1
1850,1994,9,1
1851,1982,3,1
1852,1995,6,1
1853,1981,6,1
1854,1993,6,1
1855,1982,6,1
1856,1980,6,1
1857,1982,6,1
1858,1993,6,1
1859,1987,6,1
1860,1980,6,1
1861,1990,6,1
1862,1977,6,1
1863,1982,3,3
1864,2006,3,1
1865,1983,6,1
1866,1995,6,1
1867,1991,9,1
1868,1981,6,1
1869,2003,3,1
1870,1993,9,1
1871,1980,6,1
1872,1997,9,1
1873,1983,6,1
1874,1985,9,1
1875,1983,6,1
1876,1993,6,1
1877,1983,3,1
1878,1998,9,1
1879,1985,9,1
1880,2003,6,1
1881,1985,6,1
1882,2006,9,1
1883,2005,6,1
1884,1980,3,1
1885,1995,6,1
1886,1996,6,1
1887,1992,9,1
1888,1960,9,1
1889,1985,6,1
1890,1983,3,1
1891,1980,3,1
1892,1980,9,1
1893,2009,6,1
1894,1982,6,1
1895,1981,3,1
1896,1981,6,1
1897,1984,6,1
1898,1981,6,1
1899,1980,6,1
1900,1984,6,1
1901,1993,6,1
1902,1982,6,1
1903,1981,3,3
1904,1996,9,1
1905,1982,6,1
1906,2020,3,1
1907,1975,6,1
1908,1982,6,1
1909,1981,6,1
1910,2020,6,1
1911,1977,6,1
1912,1999,6,1
1913,2004,3,4
1914,1982,6,1
1915,1982,3,1
1916,2008,6,1
1917,1985,6,1
1918,1982,6,1
1919,2000,9,1
1920,2000,9,1
1921,1983,3,1
1922,1983,6,1
1923,1993,9,1
1924,1998,9,1
1925,1985,3,3
1926,1960,3,3
1927,1960,3,1
1928,2003,3,1
1929,1980,6,1
1930,1981,6,1
1931,1980,3,1
1932,2019,3,1
1933,1996,6,1
1934,1990,6,1
1935,1982,6,1
1936,1992,6,1
1937,1982,9,1
1938,1980,9,1
1939,1996,6,1
1940,1982,6,1
1941,1960,3,1
1942,1982,3,4
1943,2003,9,1
1944,1982,6,1
1945,1979,9,1
1946,1980,3,1
1947,1982,3,1
1948,1996,3,1
1949,1982,3,1
1950,1991,6,1
1951,1998,6,1
1952,1998,6,1
1953,1986,6,1
1954,1999,6,1
1955,1981,6,1
1956,1998,3,1
1957,1992,6,1
1958,1970,3,1
1959,1991,6,1
1960,1981,3,1
1961,1996,6,1
1962,2006,6,1
1963,2020,6,1
1964,1982,6,1
1965,1985,3,1
1966,1980,6,1
1967,1982,3,1
1968,2024,6,1
1969,1980,9,1
1970,1990,6,1
1971,1980,3,1
1972,1980,6,1
1973,1976,3,3
1974,1988,6,1
1975,1994,9,1
1976,2006,3,1
1977,1994,9,1
1978,1975,3,1
1979,1990,9,1
1980,1980,6,1
1981,1979,9,1
1982,1981,6,1
1983,1980,0,1
1984,1984,12,1
1985,2020,6,1
1986,1980,3,1
1987,1991,3,1
1988,1991,6,1
1989,1978,3,1
1990,1980,6,4
1991,2007,6,1
1992,1980,3,1
1993,1980,3,1
1994,2009,3,1
1995,1997,3,1
1996,2005,6,1
1997,1980,3,1
1998,1980,6,1
1999,2015,3,1
2000,1980,6,1
2001,1980,3,1
2002,1980,6,1
2003,2004,3,1
2004,1980,6,1
2005,1980,6,1
2006,1980,6,3
2007,1980,6,1
2008,1980,3,1
2009,1980,3,1
2010,1980,3,1
2011,1980,3,1
2012,1980,3,3
2013,1980,3,1
2014,1980,3,1
2015,1988,3,1
2016,1980,3,1
2017,1980,3,3
2018,2010,3,1
2019,2001,9,1
2020,1975,6,1
2021,2001,3,1
2022,1960,3,1
2023,2001,6,1
2024,2001,3,1
2025,2001,3,1
2026,1984,3,1
2027,2001,3,1
2028,2001,3,1
2029,2001,3,1
2030,2001,6,1
2031,1980,6,1
2032,2001,3,1
2033,2001,9,1
2034,1982,6,1
2035,2001,3,1
2036,1975,3,1
2037,2005,6,1
2038,1978,9,1
2039,2008,3,4
2040,1978,6,1
2041,1991,6,1
2042,2004,3,4
2043,2003,3,1
2044,2004,3,1
2045,1978,9,1
2046,1978,9,1
2047,1974,6,1
2048,1972,3,1
2049,1972,6,1
2050,1980,6,1
2051,1980,6,1
2052,1970,9,1
2053,1999,6,1
2054,1978,6,1
2055,1973,9,1
2056,1998,6,1
2057,1978,3,1
2058,1979,9,1
2059,1987,3,1
2060,1978,9,1
2061,1978,3,1
2062,1978,6,1
2063,1970,3,1
2064,1969,6,1
2065,2017,3,1
2066,2010,6,1
2067,1960,9,1
2068,1960,9,1
2069,1960,3,3
2070,1964,6,1
2071,1958,9,1
2072,1998,6,1
2073,1958,6,1
2074,1958,6,1
2075,2006,6,1
2076,2002,6,1
2077,1987,6,1
2078,1970,6,1
2079,1992,6,1
2080,1970,3,3
2081,1975,6,1
2082,1976,9,1
2083,1960,3,1
2084,1960,3,1
2085,1997,6,1
2086,1975,6,1
2087,1986,3,1
2088,1987,3,1
2089,1975,6,1
2090,1975,6,1
2091,1975,3,1
2092,1975,3,1
2093,1975,6,1
2094,1985,6,1
2095,1954,9,1
2096,1966,6,1
2097,1977,6,1
2098,1975,6,1
2099,1970,9,1
2100,1987,6,1
2101,2008,9,1
2102,1985,6,1
2103,1985,6,1
2104,1975,6,1
2105,1975,9,1
2106,1970,3,1
2107,1974,6,1
2108,1986,6,1
2109,1975,3,1
2110,1975,6,1
2111,1975,9,1
2112,1987,9,1
2113,1985,9,1
2114,2001,3,1
2115,1987,9,1
2116,1991,6,1
2117,1986,6,1
2118,2009,6,1
2119,1965,6,1
2120,1975,6,1
2121,1975,6,1
2122,1975,3,1
2123,1975,3,1
2124,1995,3,3
2125,1968,6,1
2126,1975,6,1
2127,1990,6,1
2128,1970,9,1
2129,1975,12,1
2130,1975,6,1
2131,1975,9,1
2132,1975,6,1
2133,1985,6,1
2134,1970,6,1
2135,1985,6,1
2136,1965,9,1
2137,1985,6,1
2138,1975,3,1
2139,2000,3,3
2140,1975,6,1
2141,2002,6,1
2142,1980,3,1
2143,2017,3,1
2144,2002,6,1
2145,2006,3,1
2146,1984,6,1
2147,2022,6,1
2148,1962,6,1
2149,2006,6,1
2150,1984,6,1
2151,2000,3,N
2152,1965,6,1
2153,1976,6,1
2154,1989,15,1
2155,1985,9,1
2156,1978,9,1
2157,2011,6,1
2158,1980,9,1
2159,1999,3,1
2160,1980,3,1
2161,1993,3,1
2162,2009,3,1
2163,2002,6,1
2164,2005,9,1
2165,2001,6,1
2166,2005,6,1
2167,1979,9,1
2168,1998,6,1
2169,1980,9,1
2170,1999,6,1
2171,2008,9,1
2172,1999,6,1
2173,2018,6,1
2174,1994,3,1
2175,1979,6,1
2176,1995,6,1
2177,2022,3,1
2178,2001,9,1
2179,1999,3,1
2180,2008,6,1
2181,2008,6,1
2182,2008,6,1
2183,2005,9,1
2184,2000,6,1
2185,1999,6,1
2186,2003,3,1
2187,2004,6,1
2188,2002,3,1
2189,2001,6,1
2190,2005,12,1
2191,2005,12,1
2192,2005,9,1
2193,2005,9,1
2194,1979,3,1
2195,2002,3,1
2196,1999,3,1
2197,2000,0,N
2198,1979,6,1
2199,2008,6,1
2200,2007,6,1
2201,2007,6,1
2202,1980,9,1
2203,2002,3,1
2204,1995,6,1
2205,2004,9,1
2206,1980,6,1
2207,2003,6,1
2208,2009,6,1
2209,2008,6,1
2210,1998,3,1
2211,2021,6,1
2212,1996,6,1
2213,1997,3,1
2214,1999,6,1
2215,2008,3,1
2216,2004,6,1
2217,1984,6,1
2218,1980,6,1
2219,1999,9,1
2220,1997,9,1
2221,2008,6,1
2222,2021,6,1
2223,2000,9,1
2224,2008,6,1
2225,1980,6,1
2226,1980,6,1
2227,1980,9,1
2228,2002,3,1
2229,2002,3,1
2230,2004,9,1
2231,1998,9,1
2232,2001,6,1
2233,2004,6,1
2234,2003,9,1
2235,2003,9,1
2236,2005,6,1
2237,2007,3,1
2238,2001,3,1
2239,1999,9,1
2240,1999,6,1
2241,2004,6,1
2242,2003,6,1
2243,2001,6,1
2244,1999,6,1
2245,2021,6,1
2246,2011,6,1
2247,2000,9,1
2248,2002,9,1
2249,2024,6,1
2250,2009,6,1
2251,2004,6,1
2252,2002,3,1
2253,2003,9,1
2254,2003,6,1
2255,2004,9,1
2256,2004,9,1
2257,2004,9,1
2258,2004,9,1
2259,2004,6,1
2260,2004,6,1
2261,2004,9,1
2262,2004,9,1
2263,2004,9,1
2264,2004,9,1
2265,2004,9,1
2266,2002,3,1
2267,1980,9,1
2268,2002,6,1
2269,2001,6,1
2270,2000,6,1
2271,2003,9,1
2272,2011,9,1
2273,2005,6,1
2274,2009,9,1
2275,2008,6,1
2276,2005,6,1
2277,1973,6,1
2278,1985,6,1
2279,2000,0,1
2280,1999,6,1
2281,1997,3,1
2282,1985,9,1
2283,1998,3,1
2284,2009,6,1
2285,2002,6,1
2286,2009,6,1
2287,2006,6,1
2288,1998,6,1
2289,1982,9,1
2290,1995,3,1
2291,2022,6,1
2292,2005,3,1
2293,2007,3,1
2294,1980,3,1
2295,1980,3,1
2296,2004,6,1
2297,2020,6,1
2298,2021,6,1
2299,2019,6,1
2300,2001,3,1
2301,2000,6,1
2302,2006,6,1
2303,1998,6,1
2304,2000,9,1
2305,2000,0,N
2306,2023,3,1
2307,2003,3,1
2308,2005,6,1
2309,2004,6,1
2310,2004,6,1
2311,2009,6,1
2312,2007,9,1
2313,1980,6,1
2314,1980,3,1
2315,1980,6,1
2316,1996,3,1
2317,1980,6,1
2318,2006,6,1
2319,1997,3,1
2320,2001,6,1
2321,2001,6,1
2322,1999,3,1
2323,2000,3,1
2324,2001,6,1
2325,1999,9,1
2326,2001,6,1
2327,1980,6,1
2328,2002,6,1
2329,2006,6,1
2330,2008,6,1
2331,2000,6,1
2332,2000,3,1
2333,1998,6,1
2334,2005,6,1
2335,1980,3,1
2336,2000,3,1
2337,2013,6,1
2338,1979,9,1
2339,1980,6,1
2340,1980,3,1
2341,2003,6,1
2342,1985,3,1
2343,1980,6,1
2344,2009,6,1
2345,1980,6,1
2346,1980,3,1
2347,2000,0,N
2348,1980,3,1
2349,1980,3,1
2350,1980,3,1
2351,1980,3,1
2352,1987,6,1
2353,1987,3,1
2354,1985,6,1
2355,1985,6,1
2356,1970,6,3
2357,1987,9,1
2358,1987,9,1
2359,1980,3,1
2360,1992,6,1
2361,1981,3,1
2362,2005,9,1
2363,1980,3,1
2364,1997,6,1
2365,1980,6,1
2366,1980,3,3
2367,1980,3,1
2368,1980,6,3
2369,1963,6,1
2370,1982,6,1
2371,1980,3,1
2372,1985,6,1
2373,1980,6,1
2374,1980,6,1
2375,1980,6,1
2376,1987,9,1
2377,2004,6,1
2378,1982,3,1
2379,2006,6,1
2380,1980,6,1
2381,1985,9,1
2382,1985,3,1
2383,1980,6,1
2384,1960,6,1
2385,1960,3,1
2386,1980,3,1
2387,1990,9,1
2388,1986,6,1
2389,1985,3,1
2390,1985,3,3
2391,1980,3,1
2392,1960,9,1
2393,2004,6,1
2394,2003,6,1
2395,1999,6,1
2396,1998,6,1
2397,2002,9,1
2398,2003,3,1
2399,2001,3,1
2400,1999,3,1
2401,2023,3,1
2402,2000,6,1
2403,1980,3,1
2404,1980,6,1
2405,1980,3,1
2406,1980,6,1
2407,2006,6,1
2408,2002,6,1
2409,2008,3,1
2410,2003,3,1
2411,2005,3,1
2412,1980,3,1
2413,2006,6,1
2414,2006,6,1
2415,2004,9,1
2416,2006,9,1
2417,2007,3,1
2418,2005,9,1
2419,2003,6,1
2420,2006,9,1
2421,2006,6,1
2422,2001,3,1
2423,2006,6,1
2424,2008,9,1
2425,1997,6,1
2426,1980,3,1
2427,1980,3,1
2428,1980,3,4
2429,1999,6,1
2430,1980,6,1
2431,2001,6,1
2432,1993,6,1
2433,1980,6,1
2434,1980,3,1
2435,1989,6,1
2436,2001,6,1
2437,2006,3,1
2438,1975,3,1
2439,1997,3,1
2440,1980,3,1
2441,2008,6,1
2442,1975,3,3
2443,2007,6,1
2444,1997,6,1
2445,2022,3,1
2446,1980,6,1
2447,2001,6,1
2448,2002,6,1
2449,2002,6,1
2450,2007,6,1
2451,2002,6,1
2452,2007,3,1
2453,2003,6,1
2454,1980,3,1
2455,1980,6,1
2456,1980,3,1
2457,2002,3,1
2458,2003,3,1
2459,1980,3,1
2460,2005,6,1
2461,1998,9,1
2462,1998,6,1
2463,2006,3,4
2464,1996,6,1
2465,1997,6,1
2466,1996,6,1
2467,1988,3,1
2468,1999,6,1
2469,1996,3,1
2470,1994,6,1
2471,2001,3,1
2472,1996,6,1
2473,1996,3,1
2474,2000,3,N
2475,1997,6,1
2476,2001,3,1
2477,2007,6,1
2478,2017,6,1
2479,1997,3,1
2480,2003,9,1
2481,1980,9,1
2482,1980,9,1
2483,1979,6,1
2484,1997,6,1
2485,2004,6,1
2486,1998,9,1
2487,2006,9,1
2488,1996,6,1
2489,1970,3,1
2490,2015,6,4
2491,1980,6,1
2492,2004,3,1
2493,1980,3,1
2494,2000,3,N
2495,2006,6,1
2496,2007,6,1
2497,1997,9,1
2498,1980,6,1
2499,1975,3,1
2500,1980,6,1
2501,1980,6,1
2502,1999,6,1
2503,2005,9,1
2504,2001,3,1
2505,2009,9,1
2506,1999,6,1
2507,2003,6,1
2508,2001,3,1
2509,2000,6,1
2510,2000,3,1
2511,2002,3,1
2512,2000,6,1
2513,2000,3,1
2514,2000,3,1
2515,2000,9,1
2516,2009,6,1
2517,1980,3,1
2518,2005,12,1
2519,2007,6,1
2520,2001,6,1
2521,2001,6,1
2522,2001,6,1
2523,2001,6,1
2524,1980,3,1
2525,1981,6,1
2526,1993,3,1
2527,2001,6,1
2528,2009,6,1
2529,2003,6,1
2530,2003,3,1
2531,2008,6,1
2532,2008,6,1
2533,2003,6,1
2534,1997,3,1
2535,2004,9,1
2536,1997,6,1
2537,2021,9,1
2538,1998,9,1
2539,1999,9,1
2540,2001,6,1
2541,2002,3,1
2542,2003,6,1
2543,2001,6,1
2544,2001,6,1
2545,2001,6,1
2546,1979,3,4
2547,1990,6,1
2548,1979,3,1
2549,2005,3,1
2550,1979,3,1
2551,1979,9,1
2552,2000,3,N
2553,1996,6,1
2554,2001,9,1
2555,2008,6,1
2556,2002,6,1
2557,1975,3,1
2558,2000,3,N
2559,2001,9,1
2560,2003,9,1
2561,2000,9,1
2562,1996,6,1
2563,1979,9,1
2564,2006,6,1
2565,1980,3,1
2566,1979,3,1
2567,1979,6,1
2568,1999,3,1
2569,1980,3,1
2570,1980,3,1
2571,1980,6,1
2572,1980,3,1
2573,1980,6,1
2574,1979,3,1
2575,1980,6,1
2576,1979,3,1
2577,1997,3,1
2578,1980,6,1
2579,1980,6,1
2580,1980,3,1
2581,1979,3,1
2582,1997,6,1
2583,1979,3,1
2584,1997,3,1
2585,2001,3,1
2586,1999,6,1
2587,2004,6,1
2588,2002,6,1
2589,2007,6,1
2590,1980,6,1
2591,1980,6,1
2592,2008,3,1
2593,2005,6,1
2594,2008,6,1
2595,2003,3,1
2596,2006,6,1
2597,2007,6,1
2598,1997,6,1
2599,1986,9,1
2600,1978,3,1
2601,1989,9,1
2602,2001,6,1
2603,2001,3,1
2604,1994,6,1
2605,1995,3,1
2606,1994,6,1
2607,1998,6,1
2608,2004,3,1
2609,1989,9,1
2610,1989,3,1
2611,2008,6,1
2612,1979,6,1
2613,2003,3,1
2614,1960,9,1
2615,1979,3,1
2616,1979,12,1
2617,1997,6,1
2618,1997,9,1
2619,1980,3,1
2620,1999,6,1
2621,1995,3,1
2622,1968,9,1
2623,1961,12,1
2624,2009,12,1
2625,1995,12,1
2626,1955,6,1
2627,1955,9,1
2628,1961,9,1
2629,1955,3,1
2630,1970,15,1
2631,1970,12,1
2632,1967,9,1
2633,1970,9,1
2634,1965,3,1
2635,1961,6,1
2636,1965,3,1
2637,1965,9,1
2638,1966,12,1
2639,1965,9,1
2640,1955,9,1
2641,1960,6,1
2642,1990,9,1
2643,1960,6,1
2644,1968,9,1
2645,1983,12,1
2646,1955,6,1
2647,1965,6,1
2648,1965,9,1
2649,1965,9,1
2650,1970,9,1
2651,1965,9,1
2652,1965,6,1
2653,1965,9,1
2654,1960,6,1
2655,1962,3,1
2656,1997,3,3
2657,2005,12,1
2658,2000,12,1
2659,1998,12,1
2660,1990,12,1
2661,2007,12,1
2662,1993,12,1
2663,1994,9,1
2664,2004,12,1
2665,1998,12,1
2666,2000,12,1
2667,1965,6,1
2668,1966,9,1
2669,1957,6,1
2670,1962,6,1
2671,1952,9,1
2672,1956,9,1
2673,1955,9,1
2674,1955,3,1
2675,1999,9,1
2676,1953,6,1
2677,1963,9,1
2678,1962,3,1
2679,1973,3,1
2680,1962,6,1
2681,2005,12,1
2682,2001,18,1
2683,2002,9,1
2684,1997,3,3
2685,1980,3,4
2686,1995,3,4
2687,2019,6,1
2688,2007,6,1
2689,2005,9,1
2690,2007,6,1
2691,2000,9,1
2692,2001,3,1
2693,1998,6,1
2694,1999,9,1
2695,2002,3,4
2696,1980,6,1
2697,1980,3,1
2698,1996,3,1
2699,1999,6,1
2700,2009,6,1
2701,2002,3,1
2702,1995,3,1
2703,1980,3,1
2704,2007,6,1
2705,2004,6,1
2706,1998,6,1
2707,1996,9,1
2708,1996,3,4
2709,1980,6,1
2710,1999,6,1
2711,2003,6,1
2712,1980,6,1
2713,1999,6,1
2714,2003,6,1
2715,2000,0,N
2716,1980,3,1
2717,2005,6,1
2718,1980,6,1
2719,2008,6,1
2720,1980,9,1
2721,2002,6,1
2722,1992,9,1
2723,2010,9,1
2724,1997,6,1
2725,1999,6,1
2726,2004,6,1
2727,1980,3,1
2728,1980,3,1
2729,1980,3,1
2730,2000,6,1
2731,2006,6,1
2732,2009,6,1
2733,2007,6,1
2734,2007,6,1
2735,2004,3,1
2736,1980,3,1
2737,1997,3,1
2738,2005,6,1
2739,2009,6,1
2740,2013,3,1
2741,1990,3,1
2742,2002,9,1
2743,2009,6,1
2744,2003,6,1
2745,1980,9,1
2746,1998,9,1
2747,1979,3,1
2748,1981,3,3
2749,1979,9,1
2750,1999,6,1
2751,1979,6,1
2752,1996,6,1
2753,1996,9,1
2754,1996,3,1
2755,1999,3,1
2756,1978,3,1
2757,1997,9,1
2758,1978,3,1
2759,2011,6,1
2760,1999,6,1
2761,1978,6,1
2762,2003,6,1
2763,1973,6,1
2764,2000,6,1
2765,1998,6,1
2766,1980,3,1
2767,1998,6,1
2768,2001,9,1
2769,1992,6,1
2770,1979,12,1
2771,2005,9,4
2772,2006,3,3
2773,1950,6,1
2774,1960,9,1
2775,1960,9,1
2776,1975,12,1
2777,1950,9,1
2778,1950,6,1
2779,1956,9,1
2780,1954,3,1
2781,1965,9,1
2782,1950,3,1
2783,1973,9,1
2784,1951,12,1
2785,2009,12,1
2786,1983,12,1
2787,1960,9,1
2788,2006,12,1
2789,1999,9,1
2790,1961,3,1
2791,1966,6,1
2792,1965,9,1
2793,1961,6,1
2794,1964,6,1
2795,1962,6,1
2796,1953,6,1
2797,1965,3,1
2798,1972,12,1
2799,1964,12,1
2800,2005,15,1
2801,1970,9,1
2802,1966,3,1
2803,1996,6,1
2804,1966,3,1
2805,1963,3,1
2806,2011,12,4
2807,1999,18,1
2808,1961,12,1
2809,1962,3,1
2810,1953,3,1
2811,1953,3,1
2812,1966,9,1
2813,1962,9,1
2814,1950,3,1
2815,1959,9,1
2816,1999,12,1
2817,2003,9,1
2818,1992,6,1
2819,1980,6,1
2820,2004,9,1
2821,2024,3,1
2822,2024,6,1
2823,1997,3,1
2824,1980,3,1
2825,1998,6,1
2826,2002,6,1
2827,1998,9,1
2828,1980,6,1
2829,2000,9,1
2830,1999,3,1
2831,1980,6,1
2832,1999,3,1
2833,2000,6,1
2834,1981,3,1
2835,2005,6,1
2836,2004,6,1
2837,1990,6,1
2838,1988,3,1
2839,1997,3,3
2840,2003,6,1
2841,1990,6,1
2842,1988,3,1
2843,1988,3,1
2844,1992,9,1
2845,1975,3,1
2846,1982,3,1
2847,2000,3,N
2848,2011,6,1
2849,1980,3,4
2850,1980,3,1
2851,1990,6,1
2852,1990,3,1
2853,1999,6,1
2854,1997,6,1
2855,1982,6,1
2856,1980,6,1
2857,1997,6,1
2858,1992,3,1
2859,1997,6,1
2860,1999,6,1
2861,1998,6,1
2862,1990,3,1
2863,2004,6,1
2864,2000,9,1
2865,2008,6,1
2866,1998,9,1
2867,2006,6,1
2868,1987,3,1
2869,2006,9,1
2870,1985,9,1
2871,1982,9,1
2872,2023,6,1
2873,2000,6,1
2874,2008,6,1
2875,2000,0,N
2876,1980,3,1
2877,1980,3,1
2878,2017,3,1
2879,1984,9,1
2880,1982,3,1
2881,1999,6,1
2882,2005,6,1
2883,1980,9,1
2884,2000,3,1
2885,2006,9,1
2886,1992,3,3
2887,1979,3,1
2888,1975,6,1
2889,1975,6,1
2890,1993,9,1
2891,1975,6,1
2892,1976,6,1
2893,1978,3,1
2894,1975,9,1
2895,2005,3,1
2896,2004,9,1
2897,2000,3,N
2898,1993,15,1
2899,1998,9,1
2900,1980,3,3
2901,1980,3,1
2902,1979,6,1
2903,1979,9,1
2904,2005,6,1
2905,2007,6,1
2906,1997,6,1
2907,1988,3,1
2908,1980,3,1
2909,1997,6,1
2910,2000,3,N
2911,1999,6,1
2912,1999,6,1
2913,1993,6,1
2914,1993,6,1
2915,1979,6,1
2916,1960,6,1
2917,1997,3,1
2918,1996,3,1
2919,1995,3,1
2920,2007,6,1
2921,1980,6,1
2922,2003,6,1
2923,1990,3,1
2924,1980,3,1
2925,1980,6,1
2926,1999,6,1
2927,2003,6,1
2928,2000,3,N
2929,2004,6,1
2930,1998,3,1
2931,1979,3,1
2932,1980,3,1
2933,2006,6,1
2934,1979,6,1
2935,1979,6,1
2936,1989,9,1
2937,1980,9,1
2938,1996,6,1
2939,1999,3,4
2940,2002,6,1
2941,1992,3,3
2942,1952,6,1
2943,1960,9,1
2944,1993,6,3
2945,1957,3,1
2946,1953,12,1
2947,1960,9,1
2948,1970,6,1
2949,2002,12,1
2950,1960,6,1
2951,2001,12,1
2952,2005,6,4
2953,2005,9,4
2954,1995,9,1
2955,1950,6,1
2956,1950,6,1
2957,1950,9,1
2958,1952,6,1
2959,2003,12,1
2960,1950,9,1
2961,1953,3,1
2962,1959,6,1
2963,1962,6,1
2964,1959,3,1
2965,1962,3,1
2966,1960,6,1
2967,1960,6,1
2968,1966,6,1
2969,1994,12,4
2970,1950,6,1
2971,1956,9,1
2972,2007,12,1
2973,1970,3,3
2974,1972,6,1
2975,1960,3,1
2976,1961,3,1
2977,1978,9,1
2978,1957,6,1
2979,1999,9,1
2980,1950,3,1
2981,1959,3,1
2982,1953,9,1
2983,1951,9,1
2984,1951,3,1
2985,1994,15,1
2986,1997,15,1
2987,1998,15,1
2988,1996,21,1
2989,1993,12,1
2990,1998,9,1
2991,1960,3,2
2992,1960,3,2
2993,1960,6,2
2994,1975,3,2
2995,1975,6,2
2996,1975,9,2
2997,1960,3,2
2998,2018,9,4
2999,1996,15,1
3000,1996,15,1
3001,1994,9,1
3002,1997,9,1
3003,1998,9,1
3004,1998,9,1
3005,1998,9,1
3006,1998,9,1
3007,1999,9,1
3008,1999,9,1
3009,1999,9,1
3010,1999,9,1
3011,1999,9,1
3012,1999,9,1
3013,1999,9,1
3014,1996,12,1
3015,1998,12,1
3016,1998,12,1
3017,1996,15,1
3018,2004,3,4
3019,2008,15,4
3020,1999,12,1
3021,1996,12,1
3022,2001,12,1
3023,1980,12,1
3024,1980,9,1
3025,1983,9,1
3026,1983,6,1
3027,1970,6,1
3028,1970,9,1
3029,1986,9,1
3030,1970,9,1
3031,1983,12,1
3032,1970,12,1
3033,1960,9,1
3034,1978,9,1
3035,1960,9,1
3036,1960,9,1
3037,1950,3,1
3038,1940,6,1
3039,1950,3,1
3040,2005,12,1
3041,2005,12,1
3042,1987,6,3
3043,1980,9,3
3044,1987,9,1
3045,1994,12,1
3046,1970,15,1
3047,1940,9,1
3048,1970,9,1
3049,1978,12,1
3050,1960,6,1
3051,1970,9,1
3052,1950,9,1
3053,1950,6,1
3054,1987,3,3
3055,1950,3,1
3056,1950,3,1
3057,1950,3,1
3058,1960,9,1
3059,1960,9,1
3060,1960,9,1
3061,1960,9,1
3062,1960,3,1
3063,1960,9,1
3064,1960,3,1
3065,1998,9,1
3066,1950,9,1
3067,1998,9,1
3068,1977,15,1
3069,1974,6,1
3070,1970,6,1
3071,1996,9,1
3072,1962,9,1
3073,1948,9,1
3074,1955,9,1
3075,1960,9,1
3076,1959,6,1
3077,1950,6,1
3078,1950,9,1
3079,1955,9,1
3080,1950,9,1
3081,1960,6,1
3082,1957,6,1
3083,1953,9,1
3084,2005,12,1
3085,1956,9,1
3086,1962,12,1
3087,1962,9,1
3088,1950,3,1
3089,1955,6,1
3090,1958,6,1
3091,1970,12,1
3092,1979,12,1
3093,1982,9,3
3094,1979,6,1
3095,1950,12,1
3096,1950,3,1
3097,1950,9,1
3098,1950,6,1
3099,1956,6,1
3100,1958,6,1
3101,1965,12,1
3102,1964,3,1
3103,1964,6,1
3104,1964,9,1
3105,1974,12,1
3106,1980,9,1
3107,2001,12,1
3108,1970,12,1
3109,1986,9,1
3110,1978,9,1
3111,1982,9,1
3112,1992,12,1
3113,1958,6,1
3114,1964,12,1
3115,1958,3,1
3116,1957,6,1
3117,1955,3,1
3118,1962,9,1
3119,1959,3,1
3120,1958,6,1
3121,1970,6,1
3122,1957,9,1
3123,1959,9,1
3124,1960,12,1
3125,1957,6,1
3126,1960,9,1
3127,1954,9,1
3128,1961,9,1
3129,1960,6,1
3130,1958,9,1
3131,1960,9,1
3132,1969,9,1
3133,1959,9,1
3134,2006,9,1
3135,1960,9,1
3136,1954,9,1
3137,1970,9,1
3138,1959,6,1
3139,1950,6,1
3140,1951,6,1
3141,1950,6,1
3142,1955,6,1
3143,1960,6,1
3144,1962,6,1
3145,1959,9,1
3146,1962,3,1
3147,1955,6,1
3148,1953,3,1
3149,1956,9,1
3150,1962,9,1
3151,1969,9,1
3152,1958,6,1
3153,1961,6,4
3154,1960,9,1
3155,1957,12,1
3156,1961,6,1
3157,1973,9,1
3158,1960,9,1
3159,1951,6,1
3160,1966,9,1
3161,1963,9,1
3162,2010,12,1
3163,1964,6,1
3164,1999,12,1
3165,1958,12,1
3166,1960,6,1
3167,1930,9,1
3168,1960,9,1
3169,1960,6,1
3170,1960,3,1
3171,1975,9,1
3172,1984,6,4
3173,1999,12,1
3174,1950,9,3
3175,1970,12,1
3176,1951,6,1
3177,1956,9,1
3178,1960,15,1
3179,1960,9,1
3180,1958,12,1
3181,1958,9,1
3182,1957,6,1
3183,1956,9,1
3184,1955,6,1
3185,1959,6,1
3186,1960,6,1
3187,1952,6,1
3188,1959,6,1
3189,1950,6,1
3190,1951,3,1
3191,1959,9,1
3192,1961,6,1
3193,1962,6,1
3194,1995,12,1
3195,1952,6,1
3196,1984,3,4
3197,1960,6,1
3198,1958,12,1
3199,1960,9,1
3200,1930,15,4
3201,1980,3,3
3202,1970,12,1
3203,1970,12,1
3204,1970,12,1
3205,1970,12,1
3206,1970,12,1
3207,1970,3,3
3208,1998,18,1
3209,1968,9,1
3210,1958,9,1
3211,1963,12,1
3212,1958,9,1
3213,1970,15,1
3214,1958,6,3
3215,1970,3,3
3216,1958,9,1
3217,1963,9,1
3218,1963,3,1
3219,1968,12,1
3220,1963,3,1
3221,1963,9,1
3222,1958,9,1
3223,1958,6,1
3224,1958,9,1
3225,1958,3,1
3226,2002,12,1
3227,1972,3,3
3228,1970,3,3
3229,1963,12,1
3230,1958,6,1
3231,1958,3,1
3232,1960,9,1
3233,1958,6,1
3234,1958,6,1
3235,1997,9,1
3236,1995,9,1
3237,1998,9,1
3238,1996,12,1
3239,1960,3,1
3240,1972,3,1
3241,1998,12,1
3242,1998,9,1
3243,1999,12,1
3244,1957,9,1
3245,1956,9,1
3246,1958,12,1
3247,1958,6,1
3248,1950,3,1
3249,1950,3,1
3250,1958,9,1
3251,1958,3,1
3252,1962,9,1
3253,1970,9,1
3254,1968,9,1
3255,1970,12,1
3256,1968,9,1
3257,1968,6,1
3258,1963,6,1
3259,1950,6,1
3260,1960,12,1
3261,1960,9,1
3262,1975,6,1
3263,1968,12,1
3264,1968,9,1
3265,1968,18,1
3266,1963,12,1
3267,1960,15,1
3268,1970,18,1
3269,1968,6,1
3270,1982,15,1
3271,1968,6,1
3272,1950,15,1
3273,1970,9,1
3274,1950,9,1
3275,1958,6,1
3276,1960,6,1
3277,1979,15,1
3278,1980,9,1
3279,1965,6,1
3280,1979,9,1
3281,1940,6,1
3282,1962,9,1
3283,1965,6,1
3284,1950,6,1
3285,1968,3,1
3286,1957,12,1
3287,1947,15,1
3288,1940,6,1
3289,1940,6,1
3290,1963,3,3
3291,1963,3,1
3292,1950,6,1
3293,1960,9,1
3294,1962,9,1
3295,1959,9,1
3296,1960,9,1
3297,1963,9,1
3298,1957,6,1
3299,1960,15,1
3300,1968,12,1
3301,1968,9,1
3302,1960,9,1
3303,1959,6,4
3304,1962,12,1
3305,1957,9,1
3306,1959,6,1
3307,1958,3,1
3308,1955,6,1
3309,1959,3,1
3310,1958,6,1
3311,1995,9,1
3312,1959,6,1
3313,1962,15,1
3314,1959,6,1
3315,1960,6,1
3316,1958,6,1
3317,1962,9,1
3318,1959,9,1
3319,1962,9,1
3320,1965,6,4
3321,1962,12,1
3322,1960,15,1
3323,1961,9,1
3324,1959,9,1
3325,1959,6,1
3326,1960,3,1
3327,1951,3,1
3328,1952,9,1
3329,1953,6,1
3330,1955,9,1
3331,1958,3,1
3332,1959,3,1
3333,1958,3,1
3334,1952,9,1
3335,1959,9,1
3336,1960,9,1
3337,1959,6,1
3338,1966,12,1
3339,1950,12,1
3340,1987,12,1
3341,1969,12,1
3342,1960,9,1
3343,1957,9,1
3344,1950,9,1
3345,1952,3,3
3346,1950,9,1
3347,1950,6,1
3348,1950,9,1
3349,1964,9,1
3350,1953,9,1
3351,1950,9,1
3352,1960,9,1
3353,1959,6,1
3354,1950,9,1
3355,1964,9,1
3356,1957,6,1
3357,1965,12,1
3358,1965,12,1
3359,1965,9,1
3360,1959,9,1
3361,1940,9,1
3362,1959,9,1
3363,1960,9,1
3364,1960,3,1
3365,1964,9,1
3366,1955,6,1
3367,1959,9,1
3368,1980,15,1
3369,1975,9,1
3370,1960,9,1
3371,1970,15,1
3372,1959,9,1
3373,1956,6,1
3374,1957,6,1
3375,1956,9,1
3376,1979,9,1
3377,1978,9,1
3378,1957,6,1
3379,1972,9,1
3380,1956,6,1
3381,1960,6,1
3382,1964,9,1
3383,1963,9,1
3384,1968,9,1
3385,1964,9,1
3386,1964,9,1
3387,1964,9,1
3388,1950,6,1
3389,1963,9,1
3390,1958,12,1
3391,1959,6,1
3392,1958,6,1
3393,1962,6,1
3394,1961,6,1
3395,1958,12,1
3396,1955,6,1
3397,2005,9,1
3398,1950,6,1
3399,1960,9,1
3400,1964,6,1
3401,1965,12,1
3402,1960,9,1
3403,1960,9,1
3404,1957,6,1
3405,1968,12,1
3406,1948,9,1
3407,1955,6,1
3408,1950,9,1
3409,1953,9,1
3410,1955,9,1
3411,1972,9,1
3412,1982,9,1
3413,1952,3,1
3414,1960,6,1
3415,1953,3,1
3416,1953,6,1
3417,1965,9,1
3418,1964,9,1
3419,1960,6,1
3420,1962,6,1
3421,1959,9,1
3422,1961,3,1
3423,1962,6,1
3424,1960,6,1
3425,1945,6,1
3426,1958,6,1
3427,1995,9,1
3428,1949,12,1
3429,1971,12,1
3430,1967,6,1
3431,1975,12,1
3432,1979,12,1
3433,1962,6,1
3434,1952,9,1
3435,1959,3,1
3436,1960,6,1
3437,1961,6,1
3438,1963,3,1
3439,1959,9,1
3440,1962,6,1
3441,1961,6,1
3442,1960,6,1
3443,1958,9,1
3444,1945,9,1
3445,1959,9,1
3446,1949,9,1
3447,1978,6,1
3448,1969,9,1
3449,1983,9,1
3450,1962,9,1
3451,1962,6,3
3452,1959,6,1
3453,1959,9,1
3454,1957,3,1
3455,1961,3,1
3456,1963,3,1
3457,1959,6,1
3458,1958,6,1
3459,1955,6,1
3460,1999,18,1
3461,2004,9,1
3462,2001,12,1
3463,2006,12,1
3464,2003,12,1
3465,1998,9,1
3466,1959,6,1
3467,1974,9,4
3468,1974,3,3
3469,1974,3,2
3470,1986,6,1
3471,1982,3,1
3472,1973,3,1
3473,1970,6,1
3474,1976,6,1
3475,1979,6,1
3476,1972,6,1
3477,2003,9,1
3478,2008,6,1
3479,2000,3,1
3480,1970,6,1
3481,2005,6,1
3482,1961,3,1
3483,1992,0,1
3484,1963,6,1
3485,1975,3,1
3486,1958,6,1
3487,1980,3,1
3488,1969,6,1
3489,1989,6,1
3490,1980,3,1
3491,1976,6,1
3492,1970,6,1
3493,2004,9,1
3494,1960,3,1
3495,1960,3,1
3496,1958,3,1
3497,1985,3,1
3498,1985,3,1
3499,1965,6,1
3500,1962,6,1
3501,1965,6,1
3502,1965,6,1
3503,1970,3,1
3504,1965,3,1
3505,1996,3,1
3506,1995,6,1
3507,1958,6,1
3508,1972,9,1
3509,1962,18,1
3510,1954,3,1
3511,1955,12,1
3512,2000,9,1
3513,1964,9,1
3514,1956,3,1
3515,1969,6,1
3516,1957,9,1
3517,1961,9,1
3518,1989,9,1
3519,1991,9,1
3520,1968,15,1
3521,1968,12,1
3522,1967,12,1
3523,1969,18,1
3524,1968,6,1
3525,1964,9,1
3526,1966,6,1
3527,2000,12,1
3528,1972,21,1
3529,2007,12,1
3530,1968,12,1
3531,1992,12,1
3532,1989,9,1
3533,1989,9,1
3534,1989,9,1
3535,1989,9,1
3536,2010,12,1
3537,1960,6,1
3538,1964,6,1
3539,1984,6,1
3540,1970,12,1
3541,1960,9,1
3542,2007,9,1
3543,2005,9,1
3544,2001,3,1
3545,1973,9,1
3546,1957,6,1
3547,1966,9,1
3548,1957,9,1
3549,1960,6,1
3550,1975,9,1
3551,1964,12,1
3552,1956,6,1
3553,1971,9,1
3554,1958,6,1
3555,1980,12,1
3556,1960,3,1
3557,1953,12,1
3558,2007,9,1
3559,2006,12,1
3560,1967,12,1
3561,1962,6,1
3562,1957,9,1
3563,1989,9,1
3564,2003,12,1
3565,2012,18,1
3566,2010,9,4
3567,1977,6,1
3568,1968,9,1
3569,1965,12,1
3570,1963,12,1
3571,1968,9,1
3572,1966,3,1
3573,1963,9,1
3574,1978,12,1
3575,1977,9,1
3576,1976,12,1
3577,1965,6,1
3578,1966,21,1
3579,1965,9,1
3580,1970,6,1
3581,1966,9,1
3582,1969,15,1
3583,1965,21,1
3584,1965,9,1
3585,1969,12,1
3586,1965,12,1
3587,1965,9,1
3588,1967,6,1
3589,2001,12,1
3590,1965,12,1
3591,1970,9,1
3592,1960,6,1
3593,1965,12,1
3594,1966,9,1
3595,1966,3,1
3596,1976,9,1
3597,1976,15,1
3598,1964,12,1
3599,1966,6,1
3600,1966,9,1
3601,1970,3,1
3602,1968,9,1
3603,1958,9,1
3604,1953,9,1
3605,1960,12,1
3606,1952,3,1
3607,1953,6,1
3608,1945,6,1
3609,1956,9,1
3610,1970,6,1
3611,1991,12,1
3612,1999,9,1
3613,2004,12,1
3614,1970,15,1
3615,1961,6,1
3616,1959,9,1
3617,1955,6,1
3618,1960,9,4
3619,1958,6,1
3620,1960,9,1
3621,1950,3,1
3622,1954,3,1
3623,1960,12,1
3624,1954,9,1
3625,1955,9,1
3626,1955,3,1
3627,1955,6,1
3628,1958,6,1
3629,1975,6,1
3630,1950,6,1
3631,1950,9,1
3632,1955,3,1
3633,1965,6,1
3634,1955,6,1
3635,1968,6,1
3636,1955,9,1
3637,1958,9,1
3638,1957,9,1
3639,1965,12,1
3640,1955,12,1
3641,1968,12,1
3642,1965,12,1
3643,1955,6,3
3644,1955,6,3
3645,1955,6,1
3646,1955,9,1
3647,1963,12,1
3648,1963,6,1
3649,1969,6,1
3650,1955,6,1
3651,1955,3,4
3652,1955,3,1
3653,1955,3,1
3654,1955,6,1
3655,1955,6,1
3656,1955,3,1
3657,1955,6,1
3658,1955,3,1
3659,1968,9,1
3660,1972,15,1
3661,1972,15,1
3662,1972,15,1
3663,1970,9,4
3664,1965,6,1
3665,1962,6,1
3666,1960,3,1
3667,1963,9,1
3668,1960,3,3
3669,1969,18,1
3670,1960,12,1
3671,1950,6,1
3672,1969,9,1
3673,1960,18,1
3674,1960,6,1
3675,1960,6,1
3676,1960,15,1
3677,1955,6,1
3678,1954,3,1
3679,1958,6,1
3680,1972,9,1
3681,1968,12,1
3682,1973,9,1
3683,1976,12,1
3684,1953,9,1
3685,1968,9,1
3686,1953,3,1
3687,1969,6,1
3688,1951,9,1
3689,1968,6,1
3690,1969,9,1
3691,1956,6,1
3692,1950,12,1
3693,1953,12,1
3694,1950,9,1
3695,1950,9,1
3696,1960,6,N
3697,1950,6,1
3698,1960,6,N
3699,1940,6,1
3700,1965,12,1
3701,1954,9,1
3702,1963,15,1
3703,1967,12,1
3704,1966,15,1
3705,1964,15,1
3706,1966,12,1
3707,1962,6,1
3708,1960,12,1
3709,1954,6,1
3710,1954,9,1
3711,1952,9,1
3712,1962,12,1
3713,1959,9,1
3714,1961,9,1
3715,1961,9,1
3716,1960,6,1
3717,1962,6,1
3718,2009,12,1
3719,1951,9,1
3720,1958,6,1
3721,1956,3,1
3722,1956,9,1
3723,1957,6,1
3724,1960,6,1
3725,1954,6,1
3726,1956,6,1
3727,1959,3,1
3728,1959,6,1
3729,1958,9,1
3730,1956,6,1
3731,1954,9,1
3732,1955,18,1
3733,1953,6,1
3734,1953,9,1
3735,1957,9,1
3736,1961,15,1
3737,1959,12,1
3738,1952,6,1
3739,1960,9,1
3740,1956,9,1
3741,1959,9,1
3742,1955,12,1
3743,1960,12,1
3744,1959,9,1
3745,1958,9,1
3746,1954,6,1
3747,1966,9,1
3748,1956,6,1
3749,1958,9,1
3750,1959,9,1
3751,1960,9,1
3752,1957,9,1
3753,1956,9,1
3754,1980,9,1
3755,1960,0,1
3756,1957,9,1
3757,1957,6,1
3758,1999,6,4
3759,1965,3,3
3760,1965,3,3
3761,1960,18,1
3762,1965,21,1
3763,1970,9,1
3764,1972,9,1
3765,1960,15,1
3766,1963,3,1
3767,1962,9,1
3768,1961,9,1
3769,1960,6,1
3770,1970,12,1
3771,1960,12,1
3772,1961,9,1
3773,1970,15,1
3774,1963,12,1
3775,1965,6,1
3776,1960,9,1
3777,1975,6,1
3778,1963,9,1
3779,1960,9,1
3780,1953,6,1
3781,1960,9,1
3782,1967,15,1
3783,1967,12,1
3784,1996,9,1
3785,1968,15,1
3786,1955,15,1
3787,1970,9,1
3788,1963,6,3
3789,1965,18,1
3790,1965,18,1
3791,1965,18,1
3792,1965,18,1
3793,1965,18,1
3794,1962,18,1
3795,1965,18,1
3796,1965,18,1
3797,1965,18,1
3798,1965,18,1
3799,1965,18,1
3800,1965,18,1
3801,1965,18,1
3802,1965,18,1
3803,1965,18,1
3804,1956,9,1
3805,1975,12,1
3806,1980,9,1
3807,1971,12,1
3808,1972,6,1
3809,1973,9,1
3810,1977,15,1
3811,1969,15,1
3812,1969,18,1
3813,1967,12,1
3814,1992,12,1
3815,1973,6,1
3816,1969,9,1
3817,1954,9,1
3818,1992,6,1
3819,1955,3,1
3820,1960,3,1
3821,1970,6,1
3822,1978,3,1
3823,1980,3,1
3824,1992,6,1
3825,1970,6,1
3826,1970,6,1
3827,2000,3,N
3828,1969,6,1
3829,1971,9,1
3830,1970,3,1
3831,1970,3,1
3832,1970,3,3
3833,1982,6,1
3834,1997,9,1
3835,1960,9,1
3836,1992,9,1
3837,1961,3,1
3838,1997,6,1
3839,1992,6,1
3840,1993,6,1
3841,1970,6,1
3842,1978,9,1
3843,1980,6,1
3844,1980,6,1
3845,2007,9,1
3846,2021,6,1
3847,2016,9,1
3848,2007,6,1
3849,2007,6,1
3850,2007,6,1
3851,2007,6,1
3852,2007,6,1
3853,2007,6,1
3854,1960,9,1
3855,1966,6,1
3856,1960,9,1
3857,1960,3,1
3858,2016,3,1
3859,2013,3,1
3860,1960,6,1
3861,1970,6,1
3862,1965,3,1
3863,1965,3,1
3864,1962,6,1
3865,2009,3,1
3866,1970,6,1
3867,2022,6,1
3868,2022,6,1
3869,1970,3,1
3870,2022,6,1
3871,1998,6,4
3872,2010,12,1
3873,1950,6,1
3874,1930,6,1
3875,1993,3,3
3876,1900,12,3
3877,1999,3,3
3878,1958,3,1
3879,1958,3,1
3880,1968,3,4
3881,1930,6,1
3882,2008,12,1
3883,1935,9,1
3884,1953,9,1
3885,1956,15,1
3886,2000,3,N
3887,1900,12,4
3888,1954,6,1
3889,1962,9,1
3890,2001,9,1
3891,2008,21,1
3892,1969,6,1
3893,1954,6,3
3894,1995,12,1
3895,1999,12,1
3896,1956,3,1
3897,1955,3,1
3898,1957,9,1
3899,1955,9,1
3900,1956,9,1
3901,1950,6,1
3902,1955,3,1
3903,1955,9,1
3904,1956,9,1
3905,1958,6,1
3906,1950,9,1
3907,2008,21,1
3908,2008,18,1
3909,2006,12,1
3910,1960,9,4
3911,1970,3,4
3912,1970,3,4
3913,1948,6,1
3914,1957,12,1
3915,1959,6,1
3916,1949,6,1
3917,1960,9,1
3918,1960,6,1
3919,1961,9,1
3920,1970,9,1
3921,1959,3,1
3922,1958,3,1
3923,1959,3,1
3924,1961,6,1
3925,1962,12,1
3926,1991,9,1
3927,1968,12,1
3928,1993,12,1
3929,1991,3,3
3930,1991,9,1
3931,1952,9,1
3932,1999,9,1
3933,1997,9,1
3934,1958,3,1
3935,1960,9,1
3936,1991,9,1
3937,1991,3,3
3938,1991,9,1
3939,1991,9,1
3940,1991,9,1
3941,1991,9,1
3942,2003,12,1
3943,2010,18,1
3944,1993,12,1
3945,1969,6,1
3946,1958,12,1
3947,1955,3,1
3948,2005,12,1
3949,1954,12,1
3950,1957,6,1
3951,1959,9,1
3952,1960,9,1
3953,1968,6,1
3954,1958,3,1
3955,1956,3,1
3956,1977,3,1
3957,1930,3,1
3958,1940,6,1
3959,2003,12,1
3960,1958,9,1
3961,1950,9,1
3962,1950,9,1
3963,1940,6,1
3964,1940,9,1
3965,1940,9,1
3966,1950,6,1
3967,1950,6,1
3968,1940,3,1
3969,1945,9,1
3970,1948,6,1
3971,1977,12,1
3972,1950,3,1
3973,1958,6,1
3974,1950,6,1
3975,1950,3,1
3976,2014,3,1
3977,1940,9,1
3978,1950,9,1
3979,1954,9,1
3980,1956,9,1
3981,1968,9,1
3982,1950,6,1
3983,1960,9,1
3984,1965,6,1
3985,1970,9,1
3986,1986,3,1
3987,1957,9,1
3988,1992,15,1
3989,1949,9,1
3990,1948,6,1
3991,1968,15,1
3992,1960,15,1
3993,1966,6,1
3994,1982,9,1
3995,2000,9,1
3996,1975,12,1
3997,1973,18,1
3998,1988,9,1
3999,1972,15,1
4000,1971,12,1
4001,1971,15,1
4002,1970,15,1
4003,1969,12,1
4004,1965,3,4
4005,1965,12,1
4006,1964,12,1
4007,1974,12,1
4008,1980,12,1
4009,1965,12,1
4010,1968,3,4
4011,1964,6,1
4012,1945,6,1
4013,2009,12,1
4014,1981,6,1
4015,1983,9,1
4016,1986,6,1
4017,1980,9,1
4018,1977,15,4
4019,1966,18,1
4020,1971,15,1
4021,1967,15,1
4022,1970,9,1
4023,1960,12,1
4024,1965,6,1
4025,1960,9,1
4026,1962,6,1
4027,1959,3,1
4028,1966,9,1
4029,1967,9,1
4030,1960,9,1
4031,1953,6,1
4032,1968,9,1
4033,1956,9,1
4034,1970,9,1
4035,1976,12,1
4036,1962,9,1
4037,1964,3,1
4038,1962,3,1
4039,1972,15,1
4040,1966,3,1
4041,1966,6,1
4042,1964,12,1
4043,1979,3,1
4044,2006,12,1
4045,1958,12,1
4046,1958,9,1
4047,1958,12,1
4048,1950,6,1
4049,1958,9,1
4050,1960,12,1
4051,1962,9,1
4052,1963,6,1
4053,1960,6,1
4054,1962,6,1
4055,1950,9,1
4056,1980,12,1
4057,1982,9,1
4058,1982,12,1
4059,1978,12,1
4060,1960,6,1
4061,1980,12,1
4062,1963,12,1
4063,1968,6,4
4064,1965,9,1
4065,1965,6,1
4066,1968,9,1
4067,1965,6,1
4068,1968,9,1
4069,1968,12,1
4070,1965,9,1
4071,1953,6,1
4072,1996,9,1
4073,1989,12,1
4074,1958,3,3
4075,1968,6,1
4076,1968,6,1
4077,1963,9,1
4078,2008,12,1
4079,1975,15,1
4080,1981,15,1
4081,1981,15,1
4082,1996,9,1
4083,1968,6,1
4084,1958,9,1
4085,1990,6,1
4086,1960,9,1
4087,1960,12,1
4088,1978,12,1
4089,1968,9,1
4090,1968,12,1
4091,1968,12,1
4092,1958,9,1
4093,1980,6,1
4094,1958,12,1
4095,1968,9,1
4096,1958,6,1
4097,1963,6,1
4098,1958,9,1
4099,1958,9,1
4100,1958,9,1
4101,1958,6,1
4102,1958,9,1
4103,1958,6,1
4104,1958,6,4
4105,1958,9,1
4106,1958,9,4
4107,1958,9,1
4108,1956,9,1
4109,1958,6,1
4110,1952,15,1
4111,1958,6,1
4112,1958,3,1
4113,1958,6,1
4114,1958,6,1
4115,1963,3,1
4116,1963,3,1
4117,1963,3,1
4118,2007,12,1
4119,1963,3,1
4120,1963,3,1
4121,1985,9,1
4122,1976,27,1
4123,1952,6,1
4124,1961,3,1
4125,1960,6,1
4126,1955,3,1
4127,1955,6,1
4128,1962,3,1
4129,1960,3,1
4130,1959,6,1
4131,1962,9,1
4132,1956,6,1
4133,1956,6,1
4134,1956,6,1
4135,1956,6,1
4136,1956,6,1
4137,1956,6,1
4138,1975,9,1
4139,1960,3,3
4140,2005,15,1
4141,1960,3,4
4142,1948,9,3
4143,1986,9,3
4144,1984,12,1
4145,1983,9,1
4146,1990,12,1
4147,1980,15,1
4148,1992,12,1
4149,1960,9,4
4150,1960,12,4
4151,1975,24,1
4152,1971,3,3
4153,1970,21,1
4154,1968,15,1
4155,1971,9,1
4156,1962,12,1
4157,1943,6,1
4158,1959,6,1
4159,1960,3,1
4160,1965,9,1
4161,1970,3,3
4162,1987,9,1
4163,1956,6,1
4164,1978,24,1
4165,1975,24,1
4166,1981,24,1
4167,2014,15,1
4168,1964,3,3
4169,1964,9,3
4170,1964,9,3
4171,1975,15,1
4172,1965,9,1
4173,1963,6,1
4174,1970,15,1
4175,1958,6,1
4176,1965,9,1
4177,1950,6,1
4178,1962,9,1
4179,1970,9,1
4180,1970,9,1
4181,1962,6,3
4182,1958,12,1
4183,1958,9,1
4184,1957,3,1
4185,1961,9,1
4186,1958,6,1
4187,1962,9,1
4188,1959,6,1
4189,1962,9,1
4190,1957,12,1
4191,1950,12,1
4192,1954,12,1
4193,1959,12,1
4194,1958,3,1
4195,1959,15,1
4196,1973,3,3
4197,1973,3,3
4198,1973,3,3
4199,1973,3,3
4200,1960,6,1
4201,1994,12,1
4202,1960,6,1
4203,1960,9,1
4204,1960,6,1
4205,1960,12,1
4206,1960,9,1
4207,1960,12,1
4208,1960,6,1
4209,1960,3,1
4210,1960,3,1
4211,1960,9,1
4212,1955,12,1
4213,1955,9,1
4214,1955,6,1
4215,1960,6,1
4216,1960,6,1
4217,1960,6,1
4218,1960,6,1
4219,1960,6,1
4220,1960,6,1
4221,1960,12,1
4222,1960,6,1
4223,1960,6,1
4224,1960,9,1
4225,1960,3,1
4226,1940,6,1
4227,2007,12,1
4228,1989,12,1
4229,1960,9,1
4230,1960,6,1
4231,1960,9,1
4232,2001,18,1
4233,1960,12,1
4234,1960,12,1
4235,1960,6,1
4236,2008,15,1
4237,1960,3,3
4238,1994,15,1
4239,2007,15,1
4240,1975,15,1
4241,1975,6,3
4242,1975,9,1
4243,1975,12,1
4244,1960,12,1
4245,1997,15,1
4246,1960,6,1
4247,1995,12,1
4248,1960,6,1
4249,1960,3,1
4250,1960,6,1
4251,1960,6,1
4252,1960,6,1
4253,1960,6,1
4254,1960,6,1
4255,1960,12,1
4256,1984,12,1
4257,1960,15,1
4258,2003,15,1
4259,1996,12,1
4260,2006,12,1
4261,2006,15,1
4262,2008,15,1
4263,1983,12,4
4264,1960,9,1
4265,1956,9,1
4266,1956,6,1
4267,1956,15,1
4268,1950,9,1
4269,1958,9,1
4270,1960,12,1
4271,1960,3,1
4272,1976,30,1
4273,1980,9,1
4274,1980,6,1
4275,1959,6,1
4276,1952,9,1
4277,1952,3,1
4278,1960,9,1
4279,1960,3,1
4280,1988,6,1
4281,2009,9,1
4282,2005,6,1
4283,1960,3,1
4284,1959,6,1
4285,1959,6,1
4286,1960,6,1
4287,1965,3,1
4288,2000,3,1
4289,1940,3,1
4290,1940,3,1
4291,1965,3,1
4292,1950,3,1
4293,1936,6,1
4294,1940,3,1
4295,1960,3,1
4296,2022,6,1
4297,2021,9,1
4298,2023,6,1
4299,2022,6,1
4300,2012,9,1
4301,2009,3,1
4302,1940,3,3
4303,1945,9,3
4304,1925,6,1
4305,1925,6,1
4306,1953,6,1
4307,1960,3,3
4308,1967,12,1
4309,1960,3,1
4310,1975,9,1
4311,1950,6,1
4312,1992,6,4
4313,1925,6,1
4314,1900,3,3
4315,1992,6,3
4316,2007,21,1
4317,2009,12,1
4318,1998,9,1
4319,1965,15,1
4320,1963,6,1
4321,2003,12,1
4322,1970,12,1
4323,1960,12,1
4324,1976,6,1
4325,1963,12,1
4326,1968,12,1
4327,1963,9,1
4328,1960,15,1
4329,1960,3,1
4330,1960,9,1
4331,1960,15,1
4332,1960,9,1
4333,2000,6,1
4334,2008,12,1
4335,2008,18,1
4336,2005,6,4
4337,1960,12,1
4338,1962,6,1
4339,1956,9,1
4340,1945,6,1
4341,1955,3,1
4342,1955,3,1
4343,1954,3,1
4344,2002,12,1
4345,1954,6,1
4346,1955,9,1
4347,1957,12,1
4348,1959,9,1
4349,1959,6,1
4350,1960,6,1
4351,1960,15,1
4352,1967,6,1
4353,1961,12,1
4354,1972,9,1
4355,1963,3,1
4356,1990,9,1
4357,1986,9,1
4358,1975,12,1
4359,1989,12,1
4360,1962,6,1
4361,1944,6,1
4362,1960,6,1
4363,1963,6,1
4364,1960,6,4
4365,1969,12,1
4366,1974,12,1
4367,1988,9,1
4368,1991,15,1
4369,1955,3,1
4370,1959,9,1
4371,1962,9,1
4372,1960,6,1
4373,1960,3,1
4374,1960,6,1
4375,1958,9,1
4376,1961,9,1
4377,1958,3,1
4378,1958,9,1
4379,1975,12,1
4380,1970,12,1
4381,1970,15,1
4382,1971,12,1
4383,1969,12,1
4384,1961,12,1
4385,1990,9,1
4386,1993,9,1
4387,1962,3,3
4388,2006,12,1
4389,1991,15,1
4390,1988,9,1
4391,2003,12,1
4392,1992,15,1
4393,2004,9,4
4394,1979,12,1
4395,1960,9,1
4396,1958,15,1
4397,1993,15,1
4398,1956,6,1
4399,1956,6,1
4400,1955,9,1
4401,1956,6,1
4402,1956,6,1
4403,1956,6,1
4404,1956,6,1
4405,1956,6,1
4406,1956,6,1
4407,1956,6,1
4408,1955,6,3
4409,1965,6,1
4410,1965,12,1
4411,1964,3,1
4412,2005,15,1
4413,1950,9,1
4414,1972,15,1
4415,2002,15,1
4416,1967,12,1
4417,1970,15,1
4418,1970,3,3
4419,1988,6,1
4420,1966,9,1
4421,1955,12,1
4422,1956,6,1
4423,1956,6,1
4424,1956,6,1
4425,1956,6,1
4426,1956,6,1
4427,1956,6,1
4428,1956,6,1
4429,1956,6,1
4430,1956,6,1
4431,1956,6,1
4432,1956,6,1
4433,1956,6,1
4434,1956,6,1
4435,1956,6,1
4436,1956,6,1
4437,1956,6,1
4438,1956,6,1
4439,1956,6,1
4440,1956,6,1
4441,1956,6,1
4442,1956,6,1
4443,1956,6,1
4444,1956,6,1
4445,1956,6,1
4446,1956,6,1
4447,1956,6,1
4448,1956,6,1
4449,1956,6,1
4450,1956,6,1
4451,1988,9,1
4452,1988,9,1
4453,1988,9,1
4454,1993,12,1
4455,2004,6,1
4456,1956,6,1
4457,1956,6,1
4458,1956,6,1
4459,1956,6,1
4460,1956,6,1
4461,1956,6,1
4462,1950,6,1
4463,1959,12,1
4464,1982,12,1
4465,1978,24,1
4466,1973,15,1
4467,1956,6,1
4468,1956,6,1
4469,1956,6,1
4470,1956,6,1
4471,1956,6,1
4472,1956,6,1
4473,1956,6,1
4474,1956,6,1
4475,1956,6,1
4476,1956,6,1
4477,1956,6,1
4478,1956,6,1
4479,1961,9,1
4480,1960,3,1
4481,1956,3,3
4482,2017,6,1
4483,1961,3,1
4484,1955,3,1
4485,1955,3,1
4486,1956,6,1
4487,1954,6,1
4488,1955,6,1
4489,1957,9,1
4490,1957,6,1
4491,1992,15,1
4492,1946,6,1
4493,1945,9,1
4494,1954,9,1
4495,1954,9,1
4496,1950,3,1
4497,1999,9,1
4498,1955,6,1
4499,1955,9,1
4500,1957,6,1
4501,2007,15,1
4502,1951,6,1
4503,1962,6,1
4504,1955,9,1
4505,1966,6,1
4506,1945,6,1
4507,1951,6,1
4508,1954,9,1
4509,1958,9,1
4510,1956,9,1
4511,1967,6,1
4512,1967,12,1
4513,2003,15,1
4514,2004,15,1
4515,2008,18,1
4516,1963,9,1
4517,1966,15,1
4518,1952,9,1
4519,1960,9,1
4520,2006,18,1
4521,1962,9,1
4522,1957,12,1
4523,1962,9,1
4524,1970,3,3
4525,1970,6,1
4526,1950,6,1
4527,1950,18,1
4528,1960,9,1
4529,1965,6,1
4530,1963,12,1
4531,1976,9,1
4532,1983,9,1
4533,1977,12,1
4534,1972,12,1
4535,1962,3,1
4536,1958,12,1
4537,1978,21,1
4538,1959,9,1
4539,1958,6,1
4540,1957,3,1
4541,2022,9,1
4542,1959,6,1
4543,1960,6,1
4544,1965,12,1
4545,1957,6,1
4546,1957,6,1
4547,1964,6,1
4548,1962,6,1
4549,1963,9,1
4550,1958,6,1
4551,1963,9,1
4552,1983,12,1
4553,1983,12,1
4554,1994,12,1
4555,1959,9,1
4556,1958,9,4
4557,1958,9,1
4558,1959,9,1
4559,1962,6,1
4560,1940,9,4
4561,1965,9,1
4562,1964,12,1
4563,1979,6,1
4564,1957,6,1
4565,1957,9,1
4566,1963,9,1
4567,2001,18,1
4568,1965,12,1
4569,1965,6,1
4570,1963,9,1
4571,2009,18,1
4572,1956,9,1
4573,1958,9,1
4574,1960,6,1
4575,1960,12,1
4576,1958,3,1
4577,1960,6,1
4578,1962,3,1
4579,1960,9,1
4580,1959,6,1
4581,1958,6,1
4582,1968,6,1
4583,1952,9,1
4584,1962,12,1
4585,1959,9,1
4586,1955,6,1
4587,1960,3,1
4588,1956,9,1
4589,1948,12,1
4590,1950,3,1
4591,2006,6,1
4592,1950,9,1
4593,1947,6,1
4594,1930,6,1
4595,1940,3,1
4596,1956,6,1
4597,1955,3,1
4598,1950,6,1
4599,1954,6,1
4600,1958,3,1
4601,1956,9,1
4602,1993,9,1
4603,1959,9,1
4604,1930,3,1
4605,1960,6,4
4606,1960,3,1
4607,1960,6,1
4608,1960,9,1
4609,1960,9,1
4610,1957,12,1
4611,1960,6,1
4612,1960,6,4
4613,1970,9,1
4614,1960,3,1
4615,1960,9,1
4616,1930,9,1
4617,1960,6,1
4618,1960,12,1
4619,1960,9,1
4620,1960,9,1
4621,1960,9,1
4622,1960,6,1
4623,1960,6,1
4624,1960,6,1
4625,1960,9,1
4626,1994,18,1
4627,1960,3,1
4628,1960,3,1
4629,1960,3,1
4630,1955,3,1
4631,1960,3,1
4632,1960,3,1
4633,1960,9,1
4634,1957,6,1
4635,1960,6,1
4636,1960,3,1
4637,1960,12,1
4638,1960,6,1
4639,1960,6,1
4640,2006,18,1
4641,1960,15,1
4642,1950,6,1
4643,1960,6,1
4644,1960,9,1
4645,1960,9,1
4646,1960,6,1
4647,1950,6,1
4648,1960,9,1
4649,1960,12,1
4650,1960,9,1
4651,1960,6,1
4652,1960,6,1
4653,1960,6,1
4654,1940,3,1
4655,1960,6,1
4656,1960,3,1
4657,1960,3,1
4658,1960,6,1
4659,1960,9,1
4660,1960,3,1
4661,1959,6,1
4662,1960,6,1
4663,1960,9,1
4664,1960,9,1
4665,1960,9,1
4666,1960,3,1
4667,1988,9,1
4668,1951,3,1
4669,1960,9,1
4670,1955,3,1
4671,1960,12,1
4672,1949,3,1
4673,1960,6,1
4674,1970,9,1
4675,1960,3,1
4676,1960,3,1
4677,1987,9,1
4678,2007,15,1
4679,1960,3,1
4680,1960,12,1
4681,1960,9,1
4682,1950,9,1
4683,1992,12,1
4684,2004,6,1
4685,1975,12,1
4686,1987,9,1
4687,2002,15,1
4688,1990,9,1
4689,2005,15,1
4690,2009,15,1
4691,2006,15,1
4692,1990,3,1
4693,1990,3,1
4694,2000,18,1
4695,1966,9,1
4696,1966,3,1
4697,1973,12,1
4698,1967,9,1
4699,1973,9,1
4700,1966,15,1
4701,1966,6,1
4702,1967,9,1
4703,1967,6,1
4704,1971,6,1
4705,1978,9,1
4706,1969,9,1
4707,1969,12,1
4708,1970,9,1
4709,1980,9,1
4710,1970,12,1
4711,2008,3,1
4712,1990,9,1
4713,1969,12,1
4714,1973,12,1
4715,1973,9,1
4716,1973,12,1
4717,1973,12,1
4718,1973,12,1
4719,1960,6,1
4720,1960,6,1
4721,1959,3,1
4722,1980,3,1
4723,1960,6,1
4724,1968,6,1
4725,1980,6,1
4726,1960,3,1
4727,1960,3,1
4728,1970,3,1
4729,1960,3,1
4730,1960,3,1
4731,1960,3,1
4732,1960,6,1
4733,1960,3,1
4734,1959,3,1
4735,1958,3,1
4736,1978,6,1
4737,1960,3,1
4738,1960,6,1
4739,1960,3,1
4740,1990,6,1
4741,1960,3,1
4742,1960,6,1
4743,1960,3,1
4744,1959,6,1
4745,1989,3,1
4746,1980,3,1
4747,1960,3,1
4748,2015,3,1
4749,2024,6,1
4750,2011,6,1
4751,2023,6,1
4752,2007,6,1
4753,1950,3,1
4754,1950,6,1
4755,1950,6,1
4756,1957,9,1
4757,1932,6,3
4758,1930,12,1
4759,1930,6,1
4760,1930,6,1
4761,1932,6,1
4762,1951,12,1
4763,1935,9,1
4764,1971,12,1
4765,1940,6,4
4766,1999,12,1
4767,2007,12,1
4768,1958,9,1
4769,1960,6,4
4770,1963,3,1
4771,1910,3,1
4772,1999,9,1
4773,1998,9,1
4774,1993,6,4
4775,1993,9,4
4776,2000,21,1
4777,1979,15,1
4778,1979,3,3
4779,1934,9,1
4780,1974,12,1
4781,1959,6,1
4782,1979,9,1
4783,1931,9,1
4784,1941,9,1
4785,1978,9,1
4786,1934,3,1
4787,1931,9,1
4788,1931,9,4
4789,1940,9,1
4790,2001,12,1
4791,1943,6,1
4792,1928,9,1
4793,1991,9,1
4794,2009,12,1
4795,1975,12,1
4796,1980,12,1
4797,2016,9,1
4798,1969,12,1
4799,1930,6,1
4800,1970,6,1
4801,1928,9,1
4802,1996,12,1
4803,1938,6,1
4804,1931,6,1
4805,1960,12,1
4806,1936,6,1
4807,1945,9,1
4808,1960,9,1
4809,1960,12,1
4810,1940,3,3
4811,1940,3,3
4812,1945,15,1
4813,1945,6,1
4814,1945,9,1
4815,1945,12,1
4816,1991,9,4
4817,1935,9,1
4818,1963,9,1
4819,1975,15,1
4820,1950,9,1
4821,1950,6,1
4822,1993,12,1
4823,1965,9,1
4824,1982,12,1
4825,1970,18,1
4826,1965,18,1
4827,1975,18,1
4828,1965,18,1
4829,1965,21,1
4830,1965,24,1
4831,1994,12,1
4832,1980,12,1
4833,2006,18,1
4834,2007,18,1
4835,1981,18,1
4836,1959,3,1
4837,1957,3,1
4838,1960,6,1
4839,1961,12,1
4840,1957,9,1
4841,1957,9,1
4842,1937,9,1
4843,1957,6,1
4844,1960,6,3
4845,1960,9,1
4846,1961,9,1
4847,1957,6,1
4848,1959,6,1
4849,1957,6,1
4850,1967,18,1
4851,1981,27,1
4852,1982,24,1
4853,1999,15,1
4854,1929,6,1
4855,2024,21,1
4856,1960,12,1
4857,2001,12,1
4858,1993,12,1
4859,1989,3,3
4860,1970,12,1
4861,1977,15,1
4862,1970,15,1
4863,1980,15,1
4864,1972,12,1
4865,1970,6,1
4866,1950,12,1
4867,1951,9,1
4868,1943,6,1
4869,1977,12,1
4870,1973,18,1
4871,1955,3,4
4872,1960,6,3
4873,1966,12,1
4874,1990,12,4
4875,1965,12,1
4876,1965,12,1
4877,1960,12,1
4878,1960,12,1
4879,1960,12,1
4880,1978,24,1
4881,1959,9,1
4882,1963,12,1
4883,1957,3,1
4884,1957,3,1
4885,1954,6,1
4886,1959,3,1
4887,1963,9,1
4888,1961,6,1
4889,2003,15,1
4890,1963,12,1
4891,1961,12,1
4892,1976,18,1
4893,1989,15,1
4894,1969,9,1
4895,1959,9,1
4896,1920,12,1
4897,1953,6,1
4898,1960,12,1
4899,1960,12,1
4900,1958,6,1
4901,1958,9,1
4902,1960,3,1
4903,1961,9,1
4904,1960,6,1
4905,1957,6,1
4906,1989,12,1
4907,1989,12,1
4908,1989,12,1
4909,1989,12,1
4910,1957,6,1
4911,1957,6,1
4912,1957,6,1
4913,1957,3,1
4914,2003,21,1
4915,1957,9,1
4916,1997,15,1
4917,1950,9,1
4918,2006,15,1
4919,1960,6,1
4920,1965,6,1
4921,1975,6,1
4922,1979,9,1
4923,1959,12,1
4924,1958,6,1
4925,1955,12,1
4926,2023,15,1
4927,1987,18,1
4928,1987,18,1
4929,1991,18,1
4930,1998,21,1
4931,1996,15,1
4932,2006,15,1
4933,1965,9,3
4934,1987,6,3
4935,1993,6,3
4936,1987,3,3
4937,1965,6,1
4938,1950,3,3
4939,1962,15,4
4940,1987,6,4
4941,1965,6,4
4942,1965,6,3
4943,1974,6,3
4944,1996,3,4
4945,1973,3,3
4946,1971,3,3
4947,1972,3,3
4948,1979,3,3
4949,1993,6,3
4950,1962,3,1
4951,1962,6,4
4952,1968,9,3
4953,1973,6,3
4954,1972,3,3
4955,1972,3,3
4956,1988,6,3
4957,1978,3,4
4958,1975,3,3
4959,1976,6,3
4960,1972,6,3
4961,1991,6,3
4962,1992,6,3
4963,1953,9,1
4964,2001,15,1
4965,1979,21,1
4966,2004,15,1
4967,1990,15,1
4968,1969,9,1
4969,1959,9,1
4970,1971,6,1
4971,1956,12,3
4972,1964,9,1
4973,1960,9,4
4974,1960,12,4
4975,1970,3,3
4976,1971,9,1
4977,1959,9,1
4978,1973,3,3
4979,1980,18,1
4980,1954,6,1
4981,1971,15,1
4982,1975,12,1
4983,1974,12,4
4984,1974,12,4
4985,2001,15,1
4986,2002,15,1
4987,2007,15,1
4988,1968,6,1
4989,1952,12,1
4990,1991,12,1
4991,1954,6,1
4992,1954,3,1
4993,1964,12,1
4994,2007,15,1
4995,1934,3,1
4996,1934,6,1
4997,1934,3,1
4998,2022,6,1
4999,2024,6,1
5000,2024,6,1
5001,2002,12,1
5002,2008,15,1
5003,1972,18,1
5004,1969,18,1
5005,1977,18,1
5006,2003,6,1
5007,1931,6,1
5008,1931,6,1
5009,1933,6,1
5010,1935,3,1
5011,1963,15,1
5012,1964,15,1
5013,1964,12,1
5014,1965,9,1
5015,1954,6,1
5016,2005,15,1
5017,1977,12,1
5018,1954,6,1
5019,2003,15,1
5020,1956,6,1
5021,1961,3,1
5022,1962,9,1
5023,2015,6,1
5024,2001,15,1
5025,1964,9,1
5026,1990,3,3
5027,1948,6,1
5028,1934,9,1
5029,1952,3,4
5030,1958,6,1
5031,1950,9,1
5032,1967,6,1
5033,1960,6,1
5034,1960,9,1
5035,1956,9,1
5036,2000,15,1
5037,2007,15,1
5038,2005,15,1
5039,2005,15,1
5040,1995,15,1
5041,1950,9,1
5042,1960,6,1
5043,1960,9,1
5044,1970,12,1
5045,1979,18,1
5046,1974,21,1
5047,1974,21,1
5048,1974,21,1
5049,1964,12,4
5050,1963,6,1
5051,1968,9,1
5052,1964,15,1
5053,1972,15,1
5054,1964,15,1
5055,1964,12,1
5056,1997,15,1
5057,1978,18,1
5058,1945,3,1
5059,1977,12,1
5060,1993,15,1
5061,1960,9,1
5062,1955,3,1
5063,1990,15,1
5064,1994,15,1
5065,1961,3,1
5066,1960,12,1
5067,1973,9,1
5068,1960,6,1
5069,1961,9,1
5070,1986,12,1
5071,1954,9,1
5072,1979,15,1
5073,1930,9,1
5074,1940,9,1
5075,2016,9,1
5076,1936,6,1
5077,1935,3,1
5078,1968,6,1
5079,1993,12,1
5080,1984,3,3
5081,1997,3,3
5082,2016,9,1
5083,2022,15,1
5084,1972,18,1
5085,1962,6,1
5086,1965,9,1
5087,1965,6,1
5088,1957,6,1
5089,1957,6,1
5090,1957,6,1
5091,1996,12,1
5092,2003,15,1
5093,1950,3,1
5094,1950,3,1
5095,1960,9,1
5096,1960,6,1
5097,1957,6,1
5098,1950,6,1
5099,1950,9,1
5100,1996,12,1
5101,1960,6,1
5102,1960,9,1
5103,1960,3,1
5104,1963,6,1
5105,1963,9,1
5106,2004,15,1
5107,1960,6,1
5108,1960,6,1
5109,1960,6,1
5110,1960,9,1
5111,1960,9,1
5112,2000,6,1
5113,2006,15,1
5114,1960,6,1
5115,1960,6,1
5116,1960,3,1
5117,1960,6,1
5118,1939,3,1
5119,1960,3,1
5120,1960,9,1
5121,1960,9,1
5122,1960,6,1
5123,1960,6,1
5124,1960,9,1
5125,1955,3,1
5126,1960,6,1
5127,1960,6,1
5128,1960,6,1
5129,1960,3,1
5130,1962,3,1
5131,1950,6,1
5132,1981,12,1
5133,1970,9,1
5134,1965,12,1
5135,1960,9,1
5136,1960,9,1
5137,1960,3,3
5138,1960,6,1
5139,1992,12,1
5140,1960,6,1
5141,1960,6,1
5142,1960,6,1
5143,2005,18,1
5144,1995,12,1
5145,1960,6,1
5146,1961,9,1
5147,1960,9,1
5148,1960,3,1
5149,1993,3,1
5150,1960,3,1
5151,1960,3,1
5152,1950,6,1
5153,1960,3,1
5154,1960,9,1
5155,2005,9,1
5156,1960,6,1
5157,1960,3,1
5158,1993,12,1
5159,1960,3,1
5160,1960,6,1
5161,2003,9,1
5162,1960,3,1
5163,1960,12,1
5164,1960,9,1
5165,1960,9,1
5166,1960,9,1
5167,1996,12,1
5168,1960,3,1
5169,1960,3,1
5170,1960,6,1
5171,1960,3,1
5172,1960,6,1
5173,2003,18,1
5174,1955,6,1
5175,1955,6,1
5176,1955,6,1
5177,1955,9,1
5178,1960,6,1
5179,1955,6,1
5180,1960,9,1
5181,1955,6,1
5182,1955,6,1
5183,1955,6,1
5184,1955,6,1
5185,1955,6,1
5186,1955,6,1
5187,1955,6,1
5188,1955,6,1
5189,1955,6,1
5190,1955,6,1
5191,1960,6,1
5192,1955,6,1
5193,1955,6,1
5194,1970,6,1
5195,1955,6,1
5196,1955,6,1
5197,1955,6,1
5198,1975,9,4
5199,1974,24,1
5200,1974,3,3
5201,1944,3,3
5202,1944,6,3
5203,1960,3,1
5204,1969,6,1
5205,2005,6,1
5206,1972,6,1
5207,1983,6,1
5208,1989,6,1
5209,1980,6,1
5210,2009,3,1
5211,1970,6,1
5212,1977,9,1
5213,1977,6,1
5214,1968,12,1
5215,1980,3,1
5216,2004,3,1
5217,2003,3,1
5218,1980,6,1
5219,1999,6,1
5220,1985,6,1
5221,2006,9,1
5222,1981,3,1
5223,1979,3,1
5224,1983,9,1
5225,2006,6,1
5226,1960,3,1
5227,1980,3,1
5228,2006,3,1
5229,2000,3,N
5230,1968,3,1
5231,1968,9,1
5232,1994,3,1
5233,2012,6,1
5234,1978,6,1
5235,1979,3,1
5236,1979,6,1
5237,1979,3,1
5238,1980,3,1
5239,1950,6,1
5240,1960,6,1
5241,1960,6,1
5242,2006,12,1
5243,1970,6,1
5244,1982,12,1
5245,1983,9,1
5246,1980,6,1
5247,1980,12,1
5248,1981,9,1
5249,1999,3,3
5250,2000,15,1
5251,2005,12,1
5252,2005,12,1
5253,2009,18,1
5254,1996,9,3
5255,1961,3,3
5256,1920,9,1
5257,1973,6,1
5258,2001,12,1
5259,1930,3,4
5260,1975,9,1
5261,1930,6,1
5262,1978,15,1
5263,1920,12,1
5264,1976,9,1
5265,1970,6,1
5266,1963,3,4
5267,1975,3,4
5268,1968,6,1
5269,1930,3,1
5270,1930,9,1
5271,1951,6,1
5272,1920,6,1
5273,1929,6,1
5274,1952,6,1
5275,1930,15,1
5276,1950,3,1
5277,1960,9,1
5278,1953,6,1
5279,1950,6,1
5280,1980,15,1
5281,1979,9,1
5282,1950,6,1
5283,1950,3,1
5284,1949,6,1
5285,1945,6,1
5286,1990,6,4
5287,1947,3,1
5288,1920,6,3
5289,1930,3,1
5290,1945,6,1
5291,1940,6,1
5292,1932,12,1
5293,1932,9,1
5294,1950,3,3
5295,1950,3,3
5296,1978,30,1
5297,1920,6,4
5298,1925,6,1
5299,1925,9,1
5300,1987,3,1
5301,1930,6,1
5302,1965,21,1
5303,1928,9,1
5304,1930,6,1
5305,1993,9,1
5306,1952,3,1
5307,1964,9,1
5308,1930,3,1
5309,1921,3,1
5310,1980,18,1
5311,1925,6,1
5312,1983,9,1
5313,1960,9,1
5314,2008,12,1
5315,1920,12,1
5316,1930,6,1
5317,1922,6,1
5318,2017,6,1
5319,1955,6,1
5320,1920,6,1
5321,1920,9,1
5322,2002,21,1
5323,1920,3,1
5324,1973,9,1
5325,1958,9,4
5326,1940,6,1
5327,1999,3,1
5328,1940,9,1
5329,2008,21,1
5330,1975,30,1
5331,1960,21,1
5332,1965,9,1
5333,1973,18,1
5334,1928,6,1
5335,1918,9,1
5336,1929,6,1
5337,1970,9,1
5338,1930,12,1
5339,1973,9,1
5340,1930,9,1
5341,1966,12,1
5342,1920,6,1
5343,2005,15,1
5344,1924,6,1
5345,1930,6,1
5346,1960,9,1
5347,1970,6,1
5348,1970,9,1
5349,1924,9,1
5350,2005,15,1
5351,2001,9,1
5352,1914,3,1
5353,1914,6,1
5354,1935,9,1
5355,2000,15,1
5356,1930,6,1
5357,1944,9,1
5358,1994,21,1
5359,1999,21,1
5360,1990,9,1
5361,1990,3,1
5362,1990,9,1
5363,1973,24,1
5364,1963,6,1
5365,1961,3,1
5366,1952,6,1
5367,1963,6,1
5368,1965,6,1
5369,1940,6,1
5370,1949,12,1
5371,1967,3,1
5372,1962,6,1
5373,1988,12,1
5374,1958,9,1
5375,1971,18,1
5376,1972,27,1
5377,2002,12,1
5378,2001,15,1
5379,1957,3,1
5380,1960,9,1
5381,1958,6,1
5382,1922,3,1
5383,1960,12,1
5384,1961,9,1
5385,1960,6,1
5386,1961,9,1
5387,1930,9,3
5388,1922,12,1
5389,1926,6,3
5390,1957,6,1
5391,1961,9,1
5392,1959,9,1
5393,1993,15,1
5394,1978,18,1
5395,1978,12,1
5396,1980,12,1
5397,1972,9,1
5398,1959,6,1
5399,1961,6,1
5400,1963,6,1
5401,1961,6,1
5402,1961,9,1
5403,1957,9,1
5404,1975,15,1
5405,1963,6,1
5406,1961,6,1
5407,1956,12,1
5408,1969,15,1
5409,2010,15,1
5410,1989,9,1
5411,2008,18,1
5412,1999,15,1
5413,1993,15,1
5414,1968,9,1
5415,1963,9,1
5416,1963,3,1
5417,1961,9,1
5418,1968,9,1
5419,1970,9,1
5420,2007,15,1
5421,1953,6,1
5422,1961,6,1
5423,1965,6,4
5424,2024,15,1
5425,1975,9,1
5426,1964,12,1
5427,1950,6,1
5428,1989,12,1
5429,1962,6,1
5430,1950,6,1
5431,1962,12,1
5432,2019,9,1
5433,1964,9,1
5434,1989,12,1
5435,1945,9,1
5436,1945,6,1
5437,2006,15,1
5438,1936,9,1
5439,1975,15,1
5440,1966,12,1
5441,1952,3,1
5442,1979,12,1
5443,1953,9,1
5444,1971,15,1
5445,1964,6,1
5446,1975,18,1
5447,1960,9,4
5448,1945,6,1
5449,1955,15,1
5450,1934,6,1
5451,1950,12,1
5452,1971,12,1
5453,1970,18,1
5454,1974,12,1
5455,1960,12,1
5456,1970,15,1
5457,1982,21,1
5458,1975,18,1
5459,1972,18,1
5460,1978,18,1
5461,1976,9,1
5462,1976,12,1
5463,1977,12,1
5464,1957,6,1
5465,1973,18,1
5466,1955,6,1
5467,1939,3,1
5468,1949,6,1
5469,1950,6,1
5470,1953,12,1
5471,1935,9,1
5472,1962,6,1
5473,1940,3,1
5474,2006,15,1
5475,1995,15,1
5476,2000,15,1
5477,1963,9,1
5478,1957,9,1
5479,1966,6,1
5480,1957,9,1
5481,1958,12,1
5482,1971,12,1
5483,1960,9,1
5484,1961,3,1
5485,1962,9,1
5486,1963,18,1
5487,1968,21,1
5488,1968,18,1
5489,1968,18,1
5490,1968,24,1
5491,1950,9,1
5492,1950,9,1
5493,1988,12,1
5494,1936,6,4
5495,2014,15,1
5496,1936,3,1
5497,1969,6,1
5498,1962,9,1
5499,1969,12,1
5500,1970,9,1
5501,1986,9,1
5502,1960,9,1
5503,1990,15,1
5504,1981,9,1
5505,1983,12,1
5506,2007,15,1
5507,2007,15,1
5508,1950,3,3
5509,1951,9,1
5510,1961,9,1
5511,1930,6,1
5512,1930,6,1
5513,1971,24,1
5514,1930,6,1
5515,1956,6,4
5516,1965,15,4
5517,1979,18,1
5518,1950,6,1
5519,1950,9,1
5520,1950,9,1
5521,1982,15,1
5522,1989,12,1
5523,1978,21,1
5524,1960,9,1
5525,1971,9,1
5526,1931,3,1
5527,2000,15,1
5528,1962,6,1
5529,1960,3,1
5530,1960,6,3
5531,1950,6,1
5532,1960,6,1
5533,1995,15,1
5534,1956,6,1
5535,1976,9,1
5536,1961,9,4
5537,1998,15,1
5538,1997,15,1
5539,1997,15,1
5540,1998,15,1
5541,2007,15,1
5542,1990,12,1
5543,1933,3,1
5544,1956,9,1
5545,1935,6,1
5546,2018,9,1
5547,2005,15,1
5548,1970,9,1
5549,1880,12,1
5550,1932,9,1
5551,1977,6,1
5552,1994,12,1
5553,1991,12,1
5554,1962,9,1
5555,1962,9,1
5556,1962,3,3
5557,1963,12,1
5558,2008,15,1
5559,1930,6,1
5560,1952,6,1
5561,1952,6,1
5562,2003,15,1
5563,1934,9,1
5564,1994,3,4
5565,1950,6,1
5566,1956,9,1
5567,1977,12,1
5568,1970,18,1
5569,1954,6,1
5570,1946,6,1
5571,1956,6,1
5572,1930,12,1
5573,1970,6,1
5574,1941,3,1
5575,1991,9,1
5576,1928,9,1
5577,2002,15,1
5578,1925,6,1
5579,1927,9,1
5580,1927,6,1
5581,1975,21,1
5582,1998,15,1
5583,1966,21,1
5584,1974,6,1
5585,1966,6,1
5586,1962,9,1
5587,1960,6,1
5588,1950,6,3
5589,1962,3,1
5590,1956,3,3
5591,1960,15,1
5592,1965,9,1
5593,2000,9,1
5594,1956,3,1
5595,2017,3,1
5596,1935,6,1
5597,1953,6,1
5598,1952,9,1
5599,1951,6,1
5600,1935,3,1
5601,1957,9,1
5602,1955,6,1
5603,1934,6,1
5604,1960,3,1
5605,1994,15,1
5606,1950,6,1
5607,1939,9,1
5608,2002,12,1
5609,1952,9,1
5610,1934,9,1
5611,1954,12,1
5612,1966,18,1
5613,1935,12,1
5614,1934,12,1
5615,1950,6,1
5616,1934,6,1
5617,1950,6,1
5618,1934,12,1
5619,1935,3,1
5620,1935,9,1
5621,1957,9,1
5622,1986,6,1
5623,1961,9,1
5624,1935,9,1
5625,1996,6,1
5626,1934,3,1
5627,1935,9,1
5628,1969,9,1
5629,1962,9,1
5630,1958,9,1
5631,1974,9,1
5632,1961,9,1
5633,1997,15,1
5634,1969,6,3
5635,1954,6,1
5636,1952,6,1
5637,1953,6,1
5638,2000,18,1
5639,2002,15,1
5640,2005,15,1
5641,2007,15,1
5642,1997,15,1
5643,2011,18,1
5644,1949,9,1
5645,1985,15,1
5646,1978,9,1
5647,1970,9,1
5648,1971,6,1
5649,1954,9,1
5650,1963,6,1
5651,1970,18,1
5652,1983,9,1
5653,2005,6,1
5654,1955,6,1
5655,1960,12,1
5656,1960,12,1
5657,1969,6,1
5658,1960,6,1
5659,1950,6,1
5660,1958,6,1
5661,2018,6,1
5662,1960,6,1
5663,1959,6,1
5664,1935,9,1
5665,1957,9,1
5666,1995,3,4
5667,1928,6,1
5668,1952,3,1
5669,2003,9,1
5670,1998,9,1
5671,2006,12,1
5672,1970,9,1
5673,1969,9,3
5674,1969,9,3
5675,2005,12,1
5676,1948,12,1
5677,1960,6,1
5678,1940,6,1
5679,1960,12,1
5680,1960,15,1
5681,1950,9,1
5682,1960,12,1
5683,1965,15,1
5684,2001,9,1
5685,1960,15,1
5686,1960,12,1
5687,1960,18,1
5688,1960,12,1
5689,1970,3,4
5690,1960,9,1
5691,1970,9,1
5692,1960,21,1
5693,1960,6,1
5694,1970,12,1
5695,1965,12,1
5696,1960,15,1
5697,1960,18,1
5698,1965,12,1
5699,1960,15,1
5700,1947,15,1
5701,1960,9,1
5702,1960,15,1
5703,1960,18,1
5704,1960,12,1
5705,1996,18,1
5706,1955,21,1
5707,1960,6,1
5708,1955,6,1
5709,1955,6,1
5710,1955,6,1
5711,1955,6,1
5712,1955,6,1
5713,1955,6,1
5714,1955,6,1
5715,1955,6,1
5716,1955,6,1
5717,1955,6,1
5718,1955,6,1
5719,1955,6,1
5720,1955,6,1
5721,1955,6,1
5722,1955,6,1
5723,1955,6,1
5724,1955,6,1
5725,1955,6,1
5726,1955,6,1
5727,1955,6,1
5728,1955,9,1
5729,1955,9,1
5730,1955,6,1
5731,1955,6,1
5732,1960,27,1
5733,1950,12,1
5734,1960,12,1
5735,1957,9,1
5736,1960,6,1
5737,1960,3,1
5738,1960,9,1
5739,1960,6,1
5740,1960,3,1
5741,1952,6,1
5742,1960,3,1
5743,1960,3,1
5744,1950,6,1
5745,1950,6,1
5746,1960,9,1
5747,1988,9,1
5748,1970,21,1
5749,1960,21,1
5750,1960,12,1
5751,1975,21,1
5752,1965,15,1
5753,1960,21,1
5754,1960,12,1
5755,1960,21,1
5756,1950,6,4
5757,1960,9,1
5758,1960,9,1
5759,1970,3,3
5760,1987,9,1
5761,1980,15,1
5762,1980,15,1
5763,1980,15,1
5764,1980,15,1
5765,1975,12,1
5766,1988,12,3
5767,1980,15,1
5768,1980,15,1
5769,1950,9,1
5770,1950,3,1
5771,1992,12,1
5772,2002,3,1
5773,1960,9,1
5774,1950,6,1
5775,1960,3,1
5776,1970,9,1
5777,1960,6,3
5778,2004,15,1
5779,1940,6,1
5780,1940,9,1
5781,1970,12,1
5782,1999,18,1
5783,1970,21,1
5784,1995,18,1
5785,1994,24,1
5786,1992,3,3
5787,1996,18,1
5788,2006,15,1
5789,1960,9,1
5790,1960,9,1
5791,1960,6,1
5792,1960,6,1
5793,1960,3,1
5794,1960,9,1
5795,1960,9,1
5796,1960,9,1
5797,1960,9,1
5798,1960,9,1
5799,1960,9,1
5800,1960,6,1
5801,1960,3,1
5802,1960,9,1
5803,1960,6,1
5804,1960,3,1
5805,1960,6,1
5806,1960,9,1
5807,1960,9,1
5808,1960,3,1
5809,1960,3,1
5810,1960,6,1
5811,2003,12,1
5812,1960,6,1
5813,1970,9,1
5814,1970,12,1
5815,1960,6,1
5816,1960,3,1
5817,1970,12,1
5818,1960,3,1
5819,1960,12,1
5820,1960,9,1
5821,1960,9,1
5822,1960,9,1
5823,1960,9,1
5824,2009,15,1
5825,2001,15,1
5826,1994,9,1
5827,1996,12,1
5828,1993,12,1
5829,1969,6,1
5830,1960,9,1
5831,1976,9,1
5832,1967,9,1
5833,1963,9,1
5834,1967,6,1
5835,1965,12,1
5836,1966,6,1
5837,1976,12,1
5838,1961,12,1
5839,1972,12,1
5840,1979,12,1
5841,1969,12,1
5842,1972,12,1
5843,2008,12,1
5844,1973,15,1
5845,1973,12,1
5846,1973,6,1
5847,1963,15,1
5848,1969,9,1
5849,1967,9,1
5850,1967,9,1
5851,1970,6,1
5852,1982,3,1
5853,2015,6,1
5854,2007,6,1
5855,1979,6,1
5856,1992,6,1
5857,1960,6,1
5858,1970,6,1
5859,2023,6,1
5860,1960,6,1
5861,1982,9,1
5862,1988,6,1
5863,1970,3,4
5864,2001,3,1
5865,1987,3,1
5866,2008,6,1
5867,2019,6,1
5868,2020,6,1
5869,2022,3,1
5870,2022,3,1
5871,2010,9,1
5872,1967,3,1
5873,1978,6,1
5874,1950,9,1
5875,1950,6,1
5876,1975,12,1
5877,1984,15,1
5878,1999,12,1
5879,1970,9,1
5880,1962,9,1
5881,1960,9,1
5882,1969,9,1
5883,2010,12,1
5884,1983,9,1
5885,1958,9,1
5886,1955,6,3
5887,1960,6,1
5888,1962,9,1
5889,1975,15,1
5890,1960,9,1
5891,1974,9,1
5892,1950,12,1
5893,1950,9,1
5894,1978,12,1
5895,1967,12,1
5896,1965,15,1
5897,1960,12,1
5898,1970,15,1
5899,1973,9,1
5900,1968,12,1
5901,1960,9,1
5902,1955,15,1
5903,1973,9,1
5904,1958,9,1
5905,1951,6,1
5906,1955,6,1
5907,1950,3,1
5908,1952,9,1
5909,1952,6,1
5910,2005,9,1
5911,1950,6,1
5912,1972,9,1
5913,1965,12,1
5914,1992,12,4
5915,1994,12,1
5916,1983,6,1
5917,1973,6,3
5918,1955,6,1
5919,1967,9,1
5920,1962,9,1
5921,1948,9,1
5922,1952,6,1
5923,1958,9,1
5924,1951,6,1
5925,2004,12,1
5926,1970,15,1
5927,1962,9,1
5928,1956,9,1
5929,1956,6,1
5930,1953,3,1
5931,1962,3,3
5932,1954,9,1
5933,1954,3,1
5934,1965,6,1
5935,1961,9,1
5936,1967,9,1
5937,1969,6,1
5938,1962,6,1
5939,1970,9,1
5940,1974,9,1
5941,1979,9,1
5942,1996,9,1
5943,1978,12,1
5944,1954,9,1
5945,1950,12,1
5946,1978,12,1
5947,1970,9,1
5948,1973,9,1
5949,1970,12,1
5950,1970,12,1
5951,1974,12,1
5952,1969,9,1
5953,1969,9,1
5954,1970,12,1
5955,1979,9,1
5956,1967,12,1
5957,1967,6,1
5958,1967,9,1
5959,2003,12,1
5960,2004,12,1
5961,2006,12,1
5962,1950,9,1
5963,1960,9,1
5964,1953,9,1
5965,1965,3,3
5966,1939,6,1
5967,1962,9,1
5968,1994,9,1
5969,1930,3,1
5970,1954,6,1
5971,1962,9,1
5972,1995,9,1
5973,1944,6,1
5974,1940,3,3
5975,2001,6,1
5976,1997,12,1
5977,2002,12,1
5978,1945,3,3
5979,1957,12,1
5980,2009,12,1
5981,1958,6,1
5982,1950,6,4
5983,1952,6,1
5984,1970,15,1
5985,1960,6,3
5986,1986,3,1
5987,2010,12,1
5988,1920,9,1
5989,1925,12,1
5990,2011,12,1
5991,1925,15,1
5992,1920,18,1
5993,1920,12,1
5994,1996,15,1
5995,1923,3,1
5996,1915,9,1
5997,1934,6,1
5998,1925,9,1
5999,2000,15,1
6000,1924,9,1
6001,1926,6,1
6002,1926,3,1
6003,1927,6,1
6004,1925,3,4
6005,1925,12,1
6006,1925,15,4
6007,1923,3,1
6008,1925,9,1
6009,1922,9,1
6010,1988,9,1
6011,2006,15,1
6012,1992,12,1
6013,1920,15,1
6014,1930,9,1
6015,1923,3,1
6016,1997,3,1
6017,1918,3,1
6018,1920,18,1
6019,1920,15,1
6020,1932,12,1
6021,1925,9,1
6022,1928,9,1
6023,1920,3,4
6024,1924,3,4
6025,1925,3,1
6026,1928,6,1
6027,1996,24,1
6028,1999,15,1
6029,1990,6,4
6030,2002,15,1
6031,2005,15,1
6032,2007,21,1
6033,1988,12,3
6034,1970,18,1
6035,1924,3,1
6036,1923,3,1
6037,1923,9,1
6038,1923,12,1
6039,1930,9,1
6040,1928,9,1
6041,1971,12,1
6042,2024,6,1
6043,1950,6,1
6044,1920,6,1
6045,1927,9,1
6046,1930,9,1
6047,1920,6,1
6048,1960,9,1
6049,1930,9,1
6050,1960,12,1
6051,1924,9,1
6052,1996,18,1
6053,1918,9,1
6054,1968,9,1
6055,1960,6,1
6056,1924,9,1
6057,1900,6,1
6058,1969,6,1
6059,1918,6,1
6060,1918,3,1
6061,1923,9,1
6062,1925,9,1
6063,1920,9,1
6064,1923,3,1
6065,1924,6,1
6066,1920,12,1
6067,1925,9,1
6068,1922,9,1
6069,1928,6,1
6070,1925,6,1
6071,1918,9,1
6072,1918,6,1
6073,1923,3,3
6074,1924,6,1
6075,1999,15,1
6076,1924,6,1
6077,1917,6,1
6078,1974,12,1
6079,1926,9,4
6080,1983,12,1
6081,1920,6,1
6082,1924,6,1
6083,1916,9,1
6084,1926,6,1
6085,2023,6,1
6086,1923,6,1
6087,1954,12,1
6088,1950,9,4
6089,1918,6,1
6090,1920,9,4
6091,1960,6,1
6092,1924,6,1
6093,1918,3,3
6094,1919,3,1
6095,1920,6,1
6096,1970,12,1
6097,1920,9,1
6098,1935,9,1
6099,1926,3,1
6100,2006,12,1
6101,1989,15,1
6102,1989,12,1
6103,2005,15,1
6104,2006,15,1
6105,2006,15,1
6106,2005,15,1
6107,1920,9,1
6108,1924,9,1
6109,1993,12,1
6110,1989,15,1
6111,1920,9,1
6112,1920,9,1
6113,1920,6,1
6114,2008,9,1
6115,1924,9,1
6116,1923,9,1
6117,1915,6,1
6118,1918,9,1
6119,1926,9,1
6120,1917,9,1
6121,1925,6,1
6122,1924,3,1
6123,1918,9,1
6124,1924,3,1
6125,1973,15,1
6126,1919,6,3
6127,1917,3,1
6128,1920,15,1
6129,1934,3,1
6130,1932,6,1
6131,1920,3,1
6132,1920,6,1
6133,1920,6,1
6134,1920,6,1
6135,1960,6,3
6136,1920,9,1
6137,1920,6,1
6138,1947,6,1
6139,1966,6,1
6140,1963,6,1
6141,2020,9,1
6142,1961,3,1
6143,2014,9,1
6144,1967,9,1
6145,1962,9,1
6146,1959,6,1
6147,1963,9,1
6148,1957,9,1
6149,1967,9,1
6150,1992,9,1
6151,1947,9,1
6152,1962,6,1
6153,1970,15,1
6154,1970,15,1
6155,1968,9,1
6156,1996,9,1
6157,1959,6,1
6158,1959,9,1
6159,1956,9,1
6160,1920,3,1
6161,1999,12,1
6162,2005,12,1
6163,1932,3,1
6164,1924,9,1
6165,1958,6,1
6166,1988,12,1
6167,1961,9,1
6168,1957,6,1
6169,1957,3,1
6170,2005,15,1
6171,2007,15,1
6172,1963,6,1
6173,1961,6,1
6174,1970,18,1
6175,1961,9,1
6176,1959,12,1
6177,1963,9,1
6178,1957,6,1
6179,1994,15,1
6180,1975,12,1
6181,1970,21,1
6182,1924,9,1
6183,1966,9,1
6184,1970,9,1
6185,1925,6,1
6186,1998,12,1
6187,1973,15,1
6188,1920,9,1
6189,1971,9,1
6190,1959,6,1
6191,1967,18,1
6192,1957,6,1
6193,2008,15,1
6194,1959,6,4
6195,1957,6,1
6196,1957,3,3
6197,1957,6,1
6198,2002,15,1
6199,2008,15,1
6200,2021,15,1
6201,1998,15,1
6202,1929,6,1
6203,2000,9,1
6204,1960,12,1
6205,1931,3,1
6206,1951,9,1
6207,1961,9,1
6208,1951,12,1
6209,1960,9,1
6210,1959,6,1
6211,1967,6,1
6212,1960,9,1
6213,1951,9,1
6214,1931,6,1
6215,1960,18,1
6216,1961,9,1
6217,1960,9,1
6218,1955,6,1
6219,1966,9,1
6220,1968,12,1
6221,1962,12,1
6222,1990,12,1
6223,1950,6,1
6224,1990,12,1
6225,1951,3,1
6226,1951,3,1
6227,1961,9,1
6228,2004,15,1
6229,2020,15,1
6230,2001,15,1
6231,1998,15,1
6232,1963,9,1
6233,2013,6,1
6234,1961,6,1
6235,1959,6,1
6236,1960,9,1
6237,1954,9,1
6238,1988,12,1
6239,1957,6,1
6240,1957,9,1
6241,1934,3,1
6242,1986,15,1
6243,1957,9,1
6244,1959,9,1
6245,1978,18,1
6246,1957,3,1
6247,1960,9,1
6248,1933,3,1
6249,1991,15,1
6250,1957,6,1
6251,1957,3,1
6252,1968,12,1
6253,1963,12,1
6254,1957,9,1
6255,1957,6,1
6256,1959,6,1
6257,1959,6,1
6258,1994,12,1
6259,1993,15,1
6260,2007,15,1
6261,1950,6,3
6262,1962,6,3
6263,1963,9,1
6264,1949,6,1
6265,2011,15,1
6266,1950,9,1
6267,1940,12,3
6268,1975,6,3
6269,2004,12,1
6270,1965,12,1
6271,1956,12,1
6272,1955,6,1
6273,1968,9,1
6274,2007,15,1
6275,1954,9,1
6276,1954,6,1
6277,1956,9,1
6278,1953,9,1
6279,1967,9,1
6280,1963,12,1
6281,1949,12,1
6282,1955,12,1
6283,1950,3,3
6284,1938,3,1
6285,1964,9,1
6286,1962,9,3
6287,1970,6,1
6288,2004,12,1
6289,1950,6,1
6290,1943,9,1
6291,1993,15,1
6292,2021,18,1
6293,2022,15,1
6294,1960,9,1
6295,2017,15,1
6296,2007,15,1
6297,1986,12,1
6298,1970,3,4
6299,1991,15,1
6300,1985,12,1
6301,2004,15,1
6302,2017,9,1
6303,2017,9,1
6304,1940,15,3
6305,1986,15,1
6306,1984,12,1
6307,1960,15,1
6308,2001,15,1
6309,1988,12,1
6310,1988,9,1
6311,1988,9,1
6312,1988,15,1
6313,1988,9,1
6314,1985,15,1
6315,1985,15,1
6316,1996,15,1
6317,1996,15,1
6318,1952,9,1
6319,2006,15,1
6320,1964,9,1
6321,1952,6,1
6322,1962,6,1
6323,1934,6,1
6324,1961,6,1
6325,1961,3,1
6326,1989,15,1
6327,1934,15,1
6328,1934,3,3
6329,1967,9,1
6330,1978,18,1
6331,1989,12,1
6332,1950,6,1
6333,1941,6,1
6334,1956,6,1
6335,1966,3,3
6336,1978,12,1
6337,1972,24,1
6338,1993,15,1
6339,1953,3,1
6340,1965,6,1
6341,1958,3,1
6342,1975,9,1
6343,1966,15,1
6344,2000,15,1
6345,2001,15,1
6346,1961,15,1
6347,1909,3,3
6348,1909,3,3
6349,1909,3,3
6350,1909,3,3
6351,1909,3,3
6352,1909,3,3
6353,1909,3,3
6354,1909,0,3
6355,1909,6,3
6356,1909,3,3
6357,1909,3,3
6358,1909,3,3
6359,1909,3,3
6360,1909,3,3
6361,1988,3,3
6362,1950,3,1
6363,2006,15,1
6364,1940,3,3
6365,1940,3,3
6366,1940,3,3
6367,1940,3,3
6368,1940,3,3
6369,1937,12,3
6370,1937,6,3
6371,1937,3,3
6372,1937,6,3
6373,1937,3,3
6374,1951,6,1
6375,1952,9,1
6376,1949,9,1
6377,1956,9,1
6378,1956,9,1
6379,1963,12,1
6380,1956,9,1
6381,1953,9,1
6382,1945,9,1
6383,1954,3,1
6384,1951,9,1
6385,1960,6,1
6386,1957,9,1
6387,1955,6,1
6388,1954,6,1
6389,1992,12,1
6390,1950,9,1
6391,1971,6,1
6392,1950,9,1
6393,1950,9,1
6394,1992,12,1
6395,1935,3,1
6396,1957,6,1
6397,1935,6,1
6398,1950,9,1
6399,1952,3,1
6400,1954,12,1
6401,1992,12,1
6402,1992,12,1
6403,1996,18,1
6404,1970,21,1
6405,2006,6,4
6406,1999,18,1
6407,1998,18,1
6408,1970,21,1
6409,1971,18,1
6410,1965,21,1
6411,1971,21,1
6412,1971,21,1
6413,1971,3,3
6414,1971,21,1
6415,1971,21,1
6416,1971,21,1
6417,1971,21,1
6418,1965,21,1
6419,1971,21,1
6420,1971,18,1
6421,1971,21,1
6422,1971,21,1
6423,1965,21,1
6424,1971,21,1
6425,1971,21,1
6426,1971,21,1
6427,1994,15,1
6428,1973,27,1
6429,1996,24,1
6430,1995,24,1
6431,1996,21,1
6432,1995,15,1
6433,1900,3,2
6434,2000,9,4
6435,1900,6,2
6436,1900,3,2
6437,1958,9,1
6438,1958,9,1
6439,1956,9,1
6440,1952,6,1
6441,1956,9,1
6442,1958,6,1
6443,1956,9,1
6444,1970,6,1
6445,1956,6,1
6446,1958,9,1
6447,1961,6,1
6448,1956,9,1
6449,1954,9,1
6450,1956,6,1
6451,1965,12,1
6452,1956,9,1
6453,1957,9,1
6454,1955,6,1
6455,1962,9,1
6456,1960,6,1
6457,1950,6,1
6458,1960,6,1
6459,1960,6,1
6460,1979,9,1
6461,1982,6,1
6462,1978,12,1
6463,1979,9,1
6464,1956,9,1
6465,1958,9,1
6466,1966,9,1
6467,1966,6,4
6468,1971,9,1
6469,1960,6,1
6470,1960,9,1
6471,2002,12,1
6472,1975,15,1
6473,1955,9,1
6474,1950,9,3
6475,1974,15,1
6476,1950,9,1
6477,1953,6,1
6478,1967,9,1
6479,1950,9,1
6480,1955,9,1
6481,1953,9,1
6482,1952,12,1
6483,1950,6,1
6484,1945,9,1
6485,1951,6,1
6486,1952,12,1
6487,1951,12,1
6488,1951,6,1
6489,2002,12,1
6490,1963,6,1
6491,1949,3,1
6492,1970,3,1
6493,1951,9,1
6494,1960,9,1
6495,1960,9,1
6496,2016,9,1
6497,1953,12,1
6498,1993,6,3
6499,1951,3,1
6500,1946,9,1
6501,2006,9,1
6502,1953,9,1
6503,1960,6,1
6504,1965,9,1
6505,1958,3,N
6506,1950,6,1
6507,1964,6,1
6508,1964,9,1
6509,1936,6,1
6510,1964,6,1
6511,1964,6,1
6512,1959,9,1
6513,1950,9,1
6514,1973,9,4
6515,1964,9,1
6516,1958,9,1
6517,1936,9,1
6518,1973,12,1
6519,1960,12,1
6520,1952,9,1
6521,1964,9,1
6522,1964,9,1
6523,1964,3,1
6524,1964,9,1
6525,1970,15,1
6526,1963,9,1
6527,1964,9,1
6528,1960,9,1
6529,1952,9,1
6530,2004,9,1
6531,1968,9,1
6532,1953,9,1
6533,1950,3,1
6534,1990,9,1
6535,1953,9,1
6536,1982,9,1
6537,1983,12,1
6538,1950,3,1
6539,1954,6,1
6540,2008,9,1
6541,1955,9,1
6542,1982,9,1
6543,2003,12,1
6544,1956,9,1
6545,1958,3,1
6546,1967,6,1
6547,1955,3,1
6548,1963,6,1
6549,1953,6,1
6550,1953,6,1
6551,2000,12,1
6552,1979,12,1
6553,2003,12,1
6554,1960,6,1
6555,2000,9,1
6556,1962,9,1
6557,1968,12,1
6558,1969,12,1
6559,1967,12,1
6560,1968,6,1
6561,1968,9,1
6562,1971,9,1
6563,1963,9,1
6564,1968,9,1
6565,1980,15,1
6566,1970,12,1
6567,1975,9,1
6568,1971,9,1
6569,1971,9,1
6570,1971,9,1
6571,1972,9,1
6572,1971,9,1
6573,1957,6,1
6574,2005,9,1
6575,2001,12,1
6576,1981,3,4
6577,2000,12,1
6578,1957,6,1
6579,1990,9,1
6580,1920,6,1
6581,1960,6,3
6582,1974,12,1
6583,1921,9,1
6584,2007,12,1
6585,1968,18,1
6586,1960,3,3
6587,1956,6,1
6588,1983,9,1
6589,1979,9,1
6590,1980,9,1
6591,1980,12,1
6592,1950,9,1
6593,1960,6,1
6594,1956,9,1
6595,1962,9,1
6596,1954,9,1
6597,1964,9,1
6598,2002,12,1
6599,1964,9,1
6600,1960,9,1
6601,1955,6,1
6602,1960,9,1
6603,1965,3,3
6604,1960,9,1
6605,1970,9,1
6606,1964,9,1
6607,1973,9,1
6608,1969,9,1
6609,1969,6,1
6610,1968,6,1
6611,1970,9,1
6612,1970,9,1
6613,1972,9,1
6614,1969,9,1
6615,1975,9,1
6616,1969,12,1
6617,1975,3,3
6618,1968,12,1
6619,1987,9,1
6620,1992,3,3
6621,1993,9,1
6622,1986,6,1
6623,2004,12,1
6624,1987,6,1
6625,2001,12,1
6626,2005,12,1
6627,2003,12,1
6628,2002,6,1
6629,1999,9,1
6630,2006,12,1
6631,1999,12,1
6632,1999,12,1
6633,1994,3,3
6634,1960,6,3
6635,1960,6,3
6636,1955,3,1
6637,2002,12,1
6638,2001,12,1
6639,1965,6,3
6640,2003,3,3
6641,2002,12,1
6642,2002,12,1
6643,2002,12,1
6644,2002,12,1
6645,1975,3,1
6646,1972,9,1
6647,1970,6,1
6648,1971,12,1
6649,1970,6,1
6650,2007,6,1
6651,1970,9,1
6652,1980,6,1
6653,1975,6,1
6654,1980,6,1
6655,1972,6,1
6656,1993,12,1
6657,1956,9,1
6658,1983,3,1
6659,1948,6,1
6660,1957,9,1
6661,1950,3,1
6662,1950,6,1
6663,1948,9,1
6664,1950,6,1
6665,1940,9,1
6666,1944,9,1
6667,1944,9,1
6668,1948,9,1
6669,1946,6,1
6670,1950,9,1
6671,1978,12,1
6672,1989,9,1
6673,2002,12,1
6674,1960,6,1
6675,1946,12,1
6676,1964,9,1
6677,1963,9,1
6678,1963,6,1
6679,1960,9,1
6680,1964,3,1
6681,1998,12,1
6682,1990,9,1
6683,1942,6,1
6684,1942,3,1
6685,2003,12,1
6686,2005,12,1
6687,1960,6,3
6688,1933,6,3
6689,1933,3,4
6690,1950,3,1
6691,1956,6,1
6692,1963,3,1
6693,1950,3,3
6694,1954,6,1
6695,1960,9,1
6696,1954,3,1
6697,1989,9,1
6698,1958,3,1
6699,1960,9,1
6700,1980,12,1
6701,1956,12,1
6702,1961,9,1
6703,1964,12,1
6704,1955,9,1
6705,1960,6,1
6706,1950,9,1
6707,1950,6,1
6708,1989,9,1
6709,1989,9,1
6710,1996,3,3
6711,1982,3,4
6712,2000,12,1
6713,2008,12,1
6714,2000,12,1
6715,1950,9,1
6716,1984,15,1
6717,1999,18,1
6718,2010,15,1
6719,1974,12,1
6720,1974,21,1
6721,1974,21,1
6722,1974,21,1
6723,1974,21,1
6724,1937,3,1
6725,1960,6,1
6726,2007,15,1
6727,1950,6,1
6728,1940,3,1
6729,1940,3,1
6730,1941,6,1
6731,1965,6,1
6732,1943,9,1
6733,1940,3,1
6734,1940,3,1
6735,1950,3,1
6736,1945,6,1
6737,1944,3,1
6738,1945,6,1
6739,1955,6,1
6740,1960,6,1
6741,1955,9,1
6742,1999,9,1
6743,1929,6,1
6744,1950,6,1
6745,1949,9,1
6746,1960,6,1
6747,2000,9,1
6748,2022,9,1
6749,1968,6,1
6750,1940,6,1
6751,1941,12,1
6752,1943,9,1
6753,1991,12,1
6754,1940,3,3
6755,1979,21,1
6756,1942,9,1
6757,2001,21,1
6758,2008,18,1
6759,2005,15,1
6760,2007,15,1
6761,1940,9,1
6762,2009,15,1
6763,2009,18,1
6764,1943,6,3
6765,1898,9,1
6766,1900,12,1
6767,2001,18,1
6768,1993,18,1
6769,2001,18,1
6770,1941,6,1
6771,1970,27,1
6772,1971,27,1
6773,1965,3,3
6774,2004,21,1
6775,1972,9,1
6776,1920,6,1
6777,1923,6,3
6778,1965,9,1
6779,1968,9,1
6780,1987,9,1
6781,1950,3,1
6782,1972,3,3
6783,1993,3,3
6784,1990,6,1
6785,1935,3,1
6786,1915,6,1
6787,1918,3,1
6788,1922,6,1
6789,1931,9,1
6790,1918,9,1
6791,1972,12,1
6792,1988,12,4
6793,1958,3,1
6794,1950,9,1
6795,2004,9,1
6796,2008,15,1
6797,2020,15,1
6798,1956,6,3
6799,1960,6,1
6800,1969,15,4
6801,1990,12,1
6802,2003,15,1
6803,1924,6,1
6804,1963,9,1
6805,1923,9,1
6806,1930,6,1
6807,1918,12,1
6808,1928,6,1
6809,1928,6,1
6810,1954,6,1
6811,2002,12,1
6812,1920,6,1
6813,1930,12,1
6814,1918,3,1
6815,1928,6,1
6816,1964,9,1
6817,1922,3,4
6818,1922,9,1
6819,1922,6,1
6820,1994,6,1
6821,1962,9,1
6822,1958,6,1
6823,1918,9,1
6824,1924,6,1
6825,1920,9,1
6826,2007,15,1
6827,1920,6,1
6828,1922,6,1
6829,1920,9,1
6830,1922,9,1
6831,1923,9,1
6832,1924,6,1
6833,1924,6,1
6834,1957,12,1
6835,1963,15,1
6836,1997,12,1
6837,1929,6,1
6838,1902,3,1
6839,1921,3,1
6840,1999,12,1
6841,1951,3,1
6842,1951,3,1
6843,1975,18,1
6844,2006,15,1
6845,1965,12,1
6846,1933,6,1
6847,1990,15,1
6848,1930,3,3
6849,1989,6,1
6850,1979,18,1
6851,1958,6,1
6852,1930,3,1
6853,1920,6,1
6854,1933,9,1
6855,2003,15,1
6856,2005,15,1
6857,1924,6,1
6858,1918,6,1
6859,1932,9,1
6860,1918,9,1
6861,1918,6,1
6862,2020,9,1
6863,1992,12,1
6864,1918,18,1
6865,1927,9,1
6866,1924,12,1
6867,1997,12,1
6868,1990,9,1
6869,1987,12,1
6870,2004,15,1
6871,1928,6,1
6872,1963,12,1
6873,1928,6,1
6874,1925,9,1
6875,1928,6,1
6876,1932,9,1
6877,1988,12,1
6878,1921,6,1
6879,1922,6,1
6880,1931,9,1
6881,1922,9,1
6882,1922,6,1
6883,1923,6,1
6884,1948,12,1
6885,2023,9,1
6886,1990,12,1
6887,1920,6,1
6888,1918,9,1
6889,1928,6,1
6890,1915,6,1
6891,1962,6,1
6892,2004,15,1
6893,2023,15,1
6894,1920,6,1
6895,1966,9,1
6896,1971,6,1
6897,1998,9,1
6898,1951,6,1
6899,1926,3,1
6900,1959,6,1
6901,1963,6,1
6902,1897,9,1
6903,1967,21,1
6904,2017,6,1
6905,1972,24,1
6906,1953,9,1
6907,1959,6,1
6908,1961,6,1
6909,1959,9,1
6910,1955,6,1
6911,1960,9,1
6912,1951,6,1
6913,1950,6,1
6914,1954,9,1
6915,1954,12,1
6916,1969,9,1
6917,1991,12,1
6918,1967,6,1
6919,2021,6,1
6920,1956,6,3
6921,1969,18,1
6922,1953,6,1
6923,2003,15,1
6924,1930,9,1
6925,1961,6,1
6926,1999,18,1
6927,1990,9,1
6928,1972,12,1
6929,1963,9,1
6930,2000,9,1
6931,1953,3,1
6932,1961,3,4
6933,1967,15,1
6934,1963,6,1
6935,1979,24,1
6936,1958,9,4
6937,1951,6,1
6938,1928,3,1
6939,1920,6,1
6940,1951,6,1
6941,1951,3,1
6942,1950,9,1
6943,1992,15,1
6944,1961,6,1
6945,1951,6,1
6946,1951,6,3
6947,2010,15,1
6948,1981,21,1
6949,1980,21,1
6950,1978,18,1
6951,1890,9,4
6952,2001,15,1
6953,1960,3,1
6954,1929,9,1
6955,1954,9,1
6956,2006,15,1
6957,1957,12,1
6958,2004,15,1
6959,1974,12,1
6960,1993,15,1
6961,1998,15,1
6962,1966,12,1
6963,1987,9,1
6964,1970,6,1
6965,2002,18,1
6966,2004,15,1
6967,1965,6,1
6968,2000,6,1
6969,2002,12,4
6970,1982,15,1
6971,1960,3,3
6972,1992,15,1
6973,1960,3,4
6974,1999,6,1
6975,2017,9,1
6976,1983,9,1
6977,1929,3,1
6978,1960,3,1
6979,1960,3,1
6980,1929,6,1
6981,1960,6,1
6982,1980,18,1
6983,1998,15,1
6984,1960,6,1
6985,1960,9,1
6986,1986,9,1
6987,2020,15,1
6988,1993,18,1
6989,1957,12,1
6990,1981,9,1
6991,1960,12,1
6992,2003,15,1
6993,1960,3,3
6994,1957,6,1
6995,1960,12,1
6996,1960,15,1
6997,1953,6,1
6998,1943,6,1
6999,1959,9,1
7000,1934,6,1
7001,1934,9,1
7002,1930,9,1
7003,1959,9,1
7004,1929,3,1
7005,1960,6,3
7006,1965,9,1
7007,1995,9,1
7008,1960,9,1
7009,1923,6,1
7010,1925,6,1
7011,1953,3,1
7012,1963,12,1
7013,1965,9,1
7014,2004,6,1
7015,1990,9,4
7016,1959,6,1
7017,1999,15,1
7018,1966,21,1
7019,1968,18,1
7020,1929,6,1
7021,1959,6,1
7022,1932,3,1
7023,1969,3,1
7024,1979,6,1
7025,1966,3,1
7026,1963,3,1
7027,1962,15,1
7028,1964,15,1
7029,1948,6,1
7030,1961,6,1
7031,2001,12,1
7032,2009,15,1
7033,2002,18,1
7034,1996,12,4
7035,2003,12,4
7036,1999,9,1
7037,1922,9,1
7038,1922,6,1
7039,1996,12,1
7040,2024,9,1
7041,1953,9,1
7042,1989,12,1
7043,1971,18,1
7044,1971,18,1
7045,1971,21,1
7046,1920,9,1
7047,1997,12,1
7048,1920,6,1
7049,1920,9,1
7050,1920,6,4
7051,2001,3,3
7052,1998,9,1
7053,1970,9,1
7054,1960,3,1
7055,1960,6,1
7056,1920,6,1
7057,1920,6,1
7058,1920,6,1
7059,1950,9,3
7060,1950,6,3
7061,1950,9,3
7062,1950,9,3
7063,1950,6,3
7064,1950,9,3
7065,1950,6,3
7066,1940,3,3
7067,1940,3,3
7068,1940,3,3
7069,1940,3,3
7070,1940,3,3
7071,1940,3,3
7072,1940,12,3
7073,1900,3,3
7074,1975,3,3
7075,1960,6,1
7076,1940,6,1
7077,1940,9,1
7078,1940,6,1
7079,1960,9,4
7080,1960,6,1
7081,1960,9,1
7082,1957,9,1
7083,1993,12,1
7084,1960,9,1
7085,1960,9,1
7086,1960,6,1
7087,1960,6,1
7088,1960,12,1
7089,1960,6,1
7090,1960,9,1
7091,1960,6,1
7092,1960,9,1
7093,1960,9,1
7094,1960,9,1
7095,1960,3,4
7096,1960,6,1
7097,1960,9,3
7098,2010,15,1
7099,1950,6,1
7100,1950,6,1
7101,1940,6,1
7102,1940,6,1
7103,1955,9,1
7104,1960,12,1
7105,1982,15,1
7106,1965,12,1
7107,1940,9,1
7108,1993,12,1
7109,1940,6,1
7110,1940,6,1
7111,1950,6,1
7112,1956,9,1
7113,1950,9,1
7114,1950,9,1
7115,1958,6,1
7116,1940,3,1
7117,1940,6,1
7118,1950,9,1
7119,1940,9,1
7120,1940,6,1
7121,1963,3,1
7122,1998,15,1
7123,1999,18,1
7124,1993,18,1
7125,1999,18,1
7126,1942,12,1
7127,1990,24,1
7128,1990,24,1
7129,1996,18,1
7130,1996,18,1
7131,1994,18,1
7132,1999,18,1
7133,1995,24,1
7134,1994,24,1
7135,1997,15,1
7136,1997,15,1
7137,1970,21,1
7138,1979,21,1
7139,1975,24,1
7140,1976,24,1
7141,1976,27,1
7142,1976,27,1
7143,1975,21,1
7144,1970,21,1
7145,1970,24,1
7146,1970,21,1
7147,1970,21,1
7148,1978,3,1
7149,1994,21,1
7150,1979,21,1
7151,1979,24,1
7152,1979,27,1
7153,1979,30,1
7154,1979,30,1
7155,1979,30,1
7156,1979,21,1
7157,1978,21,1
7158,1988,15,1
7159,1988,15,1
7160,1989,15,1
7161,1990,15,1
7162,1992,15,1
7163,1993,15,1
7164,1993,12,1
7165,1980,24,1
7166,1982,24,1
7167,1956,9,1
7168,1958,6,1
7169,2005,12,1
7170,1950,9,1
7171,1963,6,1
7172,1984,9,1
7173,1992,12,1
7174,1964,9,1
7175,1954,9,1
7176,1973,6,1
7177,1977,15,1
7178,1963,6,1
7179,1978,27,1
7180,1979,27,1
7181,1979,27,1
7182,1979,27,1
7183,1980,24,1
7184,2008,15,1
7185,1960,9,1
7186,1962,6,1
7187,1960,6,1
7188,1958,6,1
7189,1973,12,1
7190,1986,12,1
7191,1975,12,1
7192,1958,9,1
7193,1984,27,1
7194,1980,30,1
7195,2007,15,1
7196,1994,12,1
7197,1974,12,1
7198,1959,6,1
7199,1971,6,1
7200,1964,6,1
7201,1974,15,1
7202,1960,3,1
7203,1956,6,1
7204,1976,9,1
7205,1972,9,1
7206,1968,6,4
7207,1953,6,1
7208,1960,3,1
7209,1960,3,1
7210,1960,9,1
7211,1956,6,1
7212,1971,12,1
7213,1955,9,1
7214,1953,6,1
7215,1960,6,1
7216,1960,6,1
7217,1957,12,1
7218,1953,6,1
7219,1962,6,1
7220,1962,6,1
7221,1954,6,1
7222,1963,6,1
7223,1960,9,1
7224,1971,12,1
7225,1961,6,1
7226,1956,6,1
7227,1958,6,1
7228,1993,9,1
7229,1970,12,1
7230,1955,9,1
7231,1956,6,1
7232,1945,6,1
7233,1955,9,1
7234,1960,3,1
7235,1960,6,1
7236,1954,6,1
7237,1948,9,1
7238,1954,6,1
7239,1953,3,1
7240,1954,12,1
7241,1954,6,1
7242,1951,9,1
7243,1954,6,1
7244,1949,6,1
7245,1954,6,1
7246,1954,6,1
7247,1956,6,1
7248,1954,3,1
7249,2022,6,1
7250,1954,3,1
7251,1954,9,1
7252,2007,12,1
7253,1970,12,1
7254,1954,3,1
7255,1999,9,1
7256,1993,9,1
7257,1954,3,1
7258,1954,3,1
7259,1953,3,1
7260,1950,3,1
7261,1997,9,1
7262,1956,6,1
7263,1960,9,1
7264,1955,15,1
7265,1962,9,1
7266,1958,9,1
7267,1958,6,1
7268,1997,12,1
7269,1955,9,1
7270,2003,12,1
7271,1955,6,1
7272,1953,9,1
7273,1970,9,4
7274,1956,12,1
7275,2003,12,1
7276,1991,6,3
7277,2007,9,1
7278,2007,9,1
7279,2008,9,1
7280,2000,9,1
7281,2009,12,1
7282,1958,12,4
7283,1958,6,1
7284,1957,3,3
7285,1960,3,3
7286,1950,6,4
7287,1944,9,1
7288,2008,12,3
7289,1992,9,1
7290,1970,9,1
7291,1968,6,4
7292,1965,9,1
7293,1934,6,1
7294,1970,9,4
7295,1998,9,1
7296,1950,3,1
7297,1950,6,1
7298,1934,6,1
7299,1938,6,1
7300,2009,9,1
7301,1950,9,1
7302,1956,6,1
7303,1960,6,1
7304,1954,6,1
7305,1954,6,1
7306,1958,6,1
7307,1948,9,1
7308,1960,6,1
7309,1965,6,1
7310,1966,9,1
7311,1965,15,1
7312,1965,15,1
7313,2004,12,1
7314,1956,3,1
7315,1965,12,1
7316,1992,12,1
7317,1997,9,1
7318,1958,9,3
7319,1948,6,4
7320,1950,9,1
7321,1977,6,1
7322,1963,6,1
7323,1952,15,1
7324,1991,9,1
7325,1950,6,1
7326,1941,9,1
7327,2007,6,1
7328,1946,6,1
7329,1959,6,1
7330,1946,6,1
7331,1940,6,1
7332,1940,6,1
7333,1938,12,1
7334,1945,3,1
7335,1950,6,1
7336,1948,9,1
7337,1946,6,1
7338,1945,6,1
7339,2000,3,1
7340,1999,9,1
7341,1952,3,1
7342,1954,9,1
7343,1950,6,1
7344,1952,3,1
7345,1950,9,1
7346,1954,9,1
7347,2004,9,1
7348,1955,12,1
7349,1955,3,1
7350,1955,6,1
7351,1960,6,1
7352,1965,6,1
7353,1966,9,1
7354,1965,12,1
7355,1955,9,1
7356,1958,6,1
7357,1959,9,1
7358,1960,9,1
7359,1960,6,1
7360,1955,3,1
7361,1955,9,1
7362,2000,6,1
7363,1950,9,1
7364,1956,9,1
7365,1945,6,1
7366,1943,3,1
7367,1944,9,1
7368,1999,9,1
7369,1948,9,1
7370,1950,9,1
7371,1999,6,1
7372,1956,9,1
7373,2004,12,1
7374,1946,6,1
7375,1942,6,1
7376,1951,9,1
7377,1951,6,1
7378,1975,15,1
7379,1970,12,1
7380,1968,6,1
7381,1979,15,1
7382,1969,15,1
7383,1966,12,1
7384,1973,15,1
7385,1964,12,1
7386,1968,12,1
7387,1976,12,1
7388,1969,9,1
7389,1966,9,1
7390,1970,12,4
7391,1965,12,1
7392,1995,3,3
7393,1800,9,1
7394,1960,6,1
7395,2012,18,1
7396,2021,18,1
7397,1960,3,3
7398,1930,9,4
7399,1967,12,1
7400,1957,15,1
7401,1998,9,1
7402,1960,6,1
7403,1958,6,1
7404,1954,6,1
7405,1964,9,1
7406,1948,6,1
7407,1955,6,1
7408,1958,6,1
7409,1982,12,1
7410,1972,9,1
7411,1968,6,1
7412,1966,9,1
7413,1966,12,1
7414,2008,12,1
7415,1982,6,1
7416,1954,6,1
7417,1950,6,1
7418,2001,12,1
7419,1942,6,1
7420,2007,12,1
7421,1950,12,1
7422,1940,6,1
7423,2001,9,1
7424,1945,12,1
7425,1945,12,3
7426,2002,12,1
7427,1970,3,3
7428,1950,3,1
7429,1935,3,4
7430,1950,9,3
7431,1965,9,1
7432,1935,9,1
7433,1940,9,1
7434,1935,12,1
7435,1974,9,1
7436,1962,6,1
7437,1935,6,1
7438,1955,6,1
7439,1955,6,1
7440,1970,3,1
7441,1955,6,1
7442,1940,3,1
7443,1950,9,1
7444,1980,9,1
7445,1935,9,1
7446,1997,9,1
7447,2009,15,1
7448,1967,9,1
7449,1972,9,1
7450,1950,6,1
7451,1958,6,1
7452,1960,6,1
7453,1974,9,1
7454,1980,9,1
7455,1966,6,1
7456,1970,9,1
7457,1976,9,1
7458,1971,9,1
7459,1972,9,1
7460,1981,12,1
7461,1949,9,1
7462,1960,9,1
7463,1935,9,1
7464,1978,9,1
7465,1944,6,1
7466,1930,6,1
7467,1950,3,1
7468,1942,12,1
7469,2009,12,1
7470,1936,3,1
7471,1960,6,1
7472,1969,9,1
7473,1977,12,1
7474,1944,6,1
7475,1944,6,1
7476,1959,6,4
7477,1959,3,3
7478,1941,9,3
7479,1951,6,3
7480,1971,3,3
7481,1943,6,3
7482,1957,9,1
7483,2007,9,1
7484,1969,12,1
7485,2002,9,1
7486,1951,6,1
7487,1976,9,1
7488,1959,9,3
7489,1920,6,1
7490,1959,6,1
7491,1990,9,1
7492,1960,6,1
7493,1961,6,1
7494,1949,6,1
7495,1998,9,1
7496,1994,12,1
7497,1941,12,1
7498,1951,9,1
7499,1951,9,1
7500,1941,15,1
7501,1974,6,3
7502,1931,6,1
7503,1949,9,1
7504,1961,9,1
7505,1961,6,1
7506,2017,6,1
7507,1966,6,1
7508,1951,6,1
7509,1965,6,1
7510,1929,6,1
7511,2019,6,1
7512,1951,9,1
7513,1941,9,1
7514,1920,6,1
7515,1936,6,1
7516,1950,18,3
7517,1951,9,1
7518,1941,6,1
7519,1956,6,1
7520,1964,9,1
7521,1989,6,1
7522,1968,3,4
7523,1950,9,1
7524,1960,6,1
7525,1963,6,1
7526,1997,15,1
7527,1969,15,1
7528,1918,6,1
7529,1973,15,1
7530,1915,6,1
7531,1951,6,1
7532,1948,6,1
7533,1942,6,1
7534,1953,3,1
7535,1894,9,1
7536,1972,3,3
7537,1920,6,1
7538,1989,9,1
7539,1950,9,1
7540,1946,6,1
7541,1941,9,1
7542,1995,12,1
7543,1890,6,1
7544,1948,6,1
7545,1900,6,1
7546,1961,6,1
7547,1950,6,1
7548,1937,9,1
7549,1961,15,1
7550,2014,12,1
7551,1958,12,1
7552,1997,12,1
7553,1900,9,1
7554,1951,6,1
7555,1928,6,1
7556,1918,6,1
7557,1880,9,1
7558,1922,6,1
7559,1900,6,1
7560,1950,18,1
7561,1951,3,1
7562,1962,9,1
7563,1912,6,1
7564,1960,9,1
7565,1999,6,1
7566,2019,9,1
7567,2019,9,1
7568,2000,15,1
7569,1978,18,1
7570,1949,3,1
7571,2005,12,1
7572,2009,12,1
7573,1950,18,1
7574,1921,6,1
7575,2005,15,1
7576,2012,15,1
7577,1958,6,1
7578,1961,9,1
7579,1960,12,1
7580,1951,6,1
7581,1941,3,1
7582,1961,12,1
7583,1900,9,1
7584,1999,9,1
7585,2008,12,1
7586,1950,6,1
7587,1992,9,1
7588,1987,9,1
7589,1951,6,1
7590,1971,12,1
7591,1963,9,1
7592,1966,12,1
7593,1905,9,1
7594,1988,12,1
7595,1961,12,1
7596,1929,6,1
7597,1919,9,1
7598,1961,9,1
7599,1950,6,1
7600,1996,9,1
7601,1981,18,1
7602,1959,6,1
7603,1970,21,1
7604,1963,24,4
7605,1960,9,1
7606,2006,15,1
7607,1961,3,1
7608,1951,3,3
7609,1963,3,1
7610,1999,15,1
7611,2022,15,1
7612,1951,9,1
7613,1946,3,1
7614,1927,6,1
7615,1951,6,1
7616,1944,3,1
7617,1934,6,1
7618,1970,9,1
7619,1900,3,1
7620,1982,9,4
7621,1968,12,1
7622,1956,9,1
7623,1941,6,1
7624,1940,6,1
7625,1973,3,1
7626,1954,9,1
7627,1968,9,1
7628,2010,12,1
7629,1975,21,1
7630,1970,6,1
7631,1970,6,1
7632,1948,12,1
7633,1998,15,1
7634,1948,9,1
7635,2020,9,1
7636,2001,15,1
7637,1977,9,1
7638,1959,9,1
7639,1961,9,1
7640,1998,12,1
7641,1971,18,1
7642,1960,6,1
7643,1995,9,1
7644,1956,6,1
7645,1960,6,1
7646,1951,6,1
7647,1926,3,1
7648,2002,9,1
7649,1948,6,1
7650,1931,6,1
7651,1930,6,1
7652,1932,3,1
7653,1965,9,1
7654,1959,12,1
7655,1961,9,1
7656,1951,9,1
7657,1941,9,1
7658,1941,9,1
7659,2006,9,1
7660,1970,12,1
7661,1963,12,1
7662,1945,6,1
7663,1971,6,1
7664,1939,9,1
7665,1961,9,1
7666,1995,12,1
7667,1961,9,1
7668,1931,6,1
7669,1948,6,1
7670,1951,6,1
7671,1961,9,1
7672,1987,9,1
7673,1948,6,1
7674,2003,15,1
7675,2008,15,1
7676,1949,12,1
7677,1967,3,1
7678,1949,6,1
7679,1940,6,3
7680,1944,6,1
7681,1966,6,1
7682,1956,12,1
7683,1960,9,1
7684,1994,6,1
7685,1968,6,1
7686,1970,6,1
7687,1964,18,1
7688,1969,18,1
7689,1971,21,1
7690,1999,15,1
7691,1963,9,1
7692,1919,12,1
7693,1910,9,1
7694,2024,15,1
7695,1999,15,1
7696,1999,12,1
7697,1923,9,1
7698,1953,6,1
7699,1976,9,1
7700,1960,6,1
7701,1960,9,1
7702,1930,6,1
7703,1921,9,1
7704,1916,9,1
7705,1961,18,1
7706,1960,18,1
7707,2008,12,1
7708,1950,9,1
7709,1932,9,1
7710,2007,15,1
7711,1951,6,1
7712,1951,6,1
7713,1916,9,1
7714,1930,9,1
7715,1930,3,1
7716,1931,6,1
7717,1930,9,1
7718,1934,6,1
7719,1930,9,1
7720,1940,9,1
7721,1919,9,1
7722,1970,15,1
7723,1916,12,1
7724,1914,6,4
7725,1924,9,1
7726,1930,9,1
7727,1916,12,1
7728,1940,6,1
7729,1919,6,1
7730,1921,9,1
7731,2005,12,1
7732,1931,6,1
7733,1919,6,1
7734,1939,9,1
7735,1926,9,1
7736,1919,6,1
7737,1985,12,1
7738,1949,21,4
7739,1965,21,1
7740,1967,24,1
7741,1976,30,1
7742,1965,30,1
7743,1965,21,1
7744,1900,12,1
7745,1965,21,1
7746,1965,18,1
7747,1940,3,3
7748,1965,24,1
7749,1975,21,1
7750,1959,12,1
7751,1969,27,1
7752,2011,15,1
7753,1939,9,1
7754,1945,9,1
7755,1990,18,1
7756,1955,9,1
7757,1992,12,1
7758,1956,18,1
7759,1914,6,1
7760,1968,6,1
7761,1938,3,1
7762,1913,6,1
7763,1939,6,1
7764,1945,15,1
7765,2001,3,1
7766,1930,9,1
7767,1921,9,1
7768,2001,15,1
7769,2000,15,1
7770,2001,15,1
7771,2007,9,4
7772,2000,9,N
7773,2011,3,4
7774,2023,15,1
7775,1912,6,1
7776,1959,6,1
7777,1965,9,1
7778,1958,3,1
7779,1944,6,1
7780,1958,12,1
7781,1942,3,3
7782,2019,9,1
7783,1940,3,1
7784,2018,6,1
7785,1974,3,3
7786,1996,12,1
7787,2013,9,1
7788,1936,9,1
7789,1930,9,1
7790,1950,9,1
7791,1939,6,1
7792,1939,6,1
7793,1941,12,1
7794,1940,3,1
7795,1931,3,1
7796,1939,3,1
7797,1932,3,3
7798,1930,3,1
7799,1966,15,1
7800,1929,9,1
7801,1999,12,1
7802,1989,12,1
7803,1989,12,1
7804,1989,12,1
7805,1989,12,1
7806,1989,12,1
7807,1989,12,1
7808,1970,6,4
7809,1982,12,1
7810,1982,9,1
7811,1970,3,1
7812,1934,6,1
7813,1997,12,1
7814,1998,9,1
7815,1990,9,1
7816,1990,9,1
7817,1990,9,1
7818,1990,9,1
7819,1990,9,1
7820,1930,6,1
7821,1992,9,1
7822,1934,6,1
7823,1909,6,1
7824,1936,9,1
7825,1934,6,1
7826,1970,12,1
7827,1934,9,1
7828,1950,9,1
7829,1967,9,1
7830,1941,6,1
7831,1911,9,1
7832,1973,9,1
7833,1919,6,1
7834,1988,12,1
7835,1990,12,1
7836,2002,12,1
7837,2004,12,1
7838,1946,3,1
7839,1949,12,1
7840,1924,9,1
7841,1931,9,1
7842,1939,6,1
7843,1947,9,1
7844,1967,9,1
7845,1919,3,1
7846,1946,12,3
7847,1970,9,1
7848,1942,6,1
7849,1943,6,1
7850,1928,9,1
7851,1988,6,1
7852,1996,12,1
7853,1936,9,1
7854,1950,9,1
7855,1930,3,1
7856,1930,3,1
7857,1996,12,1
7858,1930,6,1
7859,1930,3,1
7860,1930,6,1
7861,1920,6,1
7862,1920,6,1
7863,1930,9,1
7864,1930,6,1
7865,1930,6,1
7866,1975,21,1
7867,1950,12,1
7868,1930,9,3
7869,1992,15,1
7870,1950,12,1
7871,1943,9,1
7872,1969,15,1
7873,1910,6,1
7874,1910,3,3
7875,1966,9,1
7876,1925,6,1
7877,1970,12,1
7878,1958,6,1
7879,1953,12,1
7880,2006,12,1
7881,1996,12,1
7882,1959,12,1
7883,1993,6,1
7884,1956,6,1
7885,1959,9,1
7886,1949,6,1
7887,1960,9,1
7888,1930,6,1
7889,1998,9,1
7890,1987,9,1
7891,1946,9,1
7892,1955,6,1
7893,1922,12,1
7894,1960,12,1
7895,1930,6,1
7896,1941,6,1
7897,1952,9,1
7898,2002,12,1
7899,2003,15,1
7900,2006,15,1
7901,1965,15,4
7902,2006,3,4
7903,1965,12,4
7904,1987,24,1
7905,1985,24,1
7906,1985,24,1
7907,1988,21,1
7908,1986,24,1
7909,1987,24,1
7910,1991,24,1
7911,1991,18,1
7912,1992,18,1
7913,1988,24,1
7914,1992,24,1
7915,1973,30,1
7916,1953,6,1
7917,1953,12,1
7918,1955,12,1
7919,1936,6,1
7920,1996,15,1
7921,1965,6,3
7922,1950,9,1
7923,1976,18,1
7924,1976,12,1
7925,2019,9,1
7926,1965,6,4
7927,1929,6,1
7928,1927,6,1
7929,1930,6,1
7930,1935,6,1
7931,1940,6,1
7932,2020,9,1
7933,1930,6,1
7934,1929,3,1
7935,1955,6,1
7936,1928,9,1
7937,1973,18,1
7938,1943,6,1
7939,1933,6,1
7940,1940,3,4
7941,1970,15,1
7942,2002,12,1
7943,2001,12,1
7944,1930,3,4
7945,2005,12,1
7946,1975,24,1
7947,2002,15,1
7948,1940,6,1
7949,1978,18,1
7950,1977,9,1
7951,1960,3,1
7952,1950,6,1
7953,1932,3,1
7954,1950,6,1
7955,1988,9,1
7956,1940,3,1
7957,1930,6,1
7958,1930,9,1
7959,2000,6,1
7960,1930,6,1
7961,2021,6,1
7962,1930,3,1
7963,1930,3,1
7964,1930,3,1
7965,1930,6,1
7966,1930,6,1
7967,1942,3,1
7968,1930,6,1
7969,1942,6,1
7970,1940,6,1
7971,2021,15,1
7972,1975,15,1
7973,1960,3,1
7974,1950,6,1
7975,1965,9,1
7976,1988,9,1
7977,1970,6,1
7978,1935,9,1
7979,1947,6,1
7980,1962,24,1
7981,1998,15,1
7982,2008,15,1
7983,1975,9,1
7984,1999,15,1
7985,1994,12,1
7986,1916,6,1
7987,1970,18,1
7988,1916,3,3
7989,1996,12,1
7990,1955,6,1
7991,1950,6,1
7992,1955,6,1
7993,2023,6,1
7994,2000,15,1
7995,1990,9,1
7996,1958,9,1
7997,1957,9,1
7998,1954,6,1
7999,2001,15,1
8000,2003,12,1
8001,2006,15,1
8002,2017,9,1
8003,2017,6,1
8004,2018,9,1
8005,2016,6,1
8006,2017,6,1
8007,2017,6,1
8008,1978,27,1
8009,1975,21,1
8010,1991,12,1
8011,1965,15,1
8012,1970,3,4
8013,1978,21,1
8014,1979,27,1
8015,1978,27,1
8016,2006,15,1
8017,1953,9,1
8018,1960,9,1
8019,1960,9,1
8020,1963,12,1
8021,1959,6,1
8022,1991,9,1
8023,1972,15,1
8024,1985,12,1
8025,1973,15,1
8026,1988,12,1
8027,1976,15,1
8028,1975,18,1
8029,1978,3,1
8030,1970,3,3
8031,1985,15,1
8032,1983,15,1
8033,1983,15,1
8034,1983,15,1
8035,1983,15,1
8036,1980,18,1
8037,1979,15,1
8038,1985,15,1
8039,1991,6,1
8040,1989,9,1
8041,1989,9,1
8042,1990,12,1
8043,1989,9,1
8044,1989,9,1
8045,1989,12,1
8046,1989,9,1
8047,1989,24,1
8048,2003,21,1
8049,1973,18,1
8050,1977,27,1
8051,1975,27,1
8052,1974,27,1
8053,1970,27,1
8054,1988,24,1
8055,1960,27,1
8056,2007,15,1
8057,1960,12,1
8058,1980,18,1
8059,1970,21,1
8060,1960,18,1
8061,1991,15,1
8062,1960,12,1
8063,1965,6,1
8064,1965,9,1
8065,1963,6,1
8066,1984,21,1
8067,1989,9,1
8068,1995,9,1
8069,2004,15,1
8070,1992,12,1
8071,1998,15,1
8072,1992,6,4
8073,2009,15,1
8074,2009,15,1
8075,1970,12,1
8076,1961,12,1
8077,1963,9,1
8078,1945,9,1
8079,1970,12,1
8080,1970,12,1
8081,1967,9,1
8082,1963,9,1
8083,1970,6,1
8084,1961,3,1
8085,1970,6,1
8086,1961,9,1
8087,1966,9,1
8088,1963,9,1
8089,1965,9,1
8090,1986,9,1
8091,1986,12,1
8092,1978,15,1
8093,1990,9,4
8094,1967,12,1
8095,1970,12,1
8096,1985,12,1
8097,1961,9,1
8098,1967,9,1
8099,1964,3,1
8100,1968,9,1
8101,1970,12,1
8102,1970,12,1
8103,1968,12,1
8104,1967,9,1
8105,1969,6,1
8106,1970,9,1
8107,1971,12,1
8108,1970,6,1
8109,2006,9,1
8110,1960,12,1
8111,1958,9,1
8112,1974,9,1
8113,1971,6,1
8114,1968,3,1
8115,2006,9,1
8116,2017,9,1
8117,2020,9,1
8118,1971,6,1
8119,1975,9,1
8120,1970,6,1
8121,1968,6,1
8122,1954,3,1
8123,1950,3,1
8124,1969,6,1
8125,1975,9,1
8126,1998,15,1
8127,1970,6,1
8128,1963,9,1
8129,1978,9,1
8130,1976,9,1
8131,1992,9,1
8132,1992,9,1
8133,1992,9,1
8134,1992,9,1
8135,1992,9,1
8136,1992,9,1
8137,1992,9,1
8138,1992,9,1
8139,1959,6,1
8140,1966,6,1
8141,1967,6,1
8142,1963,6,1
8143,1970,9,1
8144,1961,6,1
8145,1994,9,1
8146,1974,9,1
8147,1965,6,1
8148,1970,6,1
8149,1959,9,1
8150,1957,9,1
8151,1967,3,1
8152,1955,9,1
8153,1961,3,1
8154,1987,3,1
8155,1967,6,1
8156,1966,6,1
8157,1950,6,1
8158,1940,6,1
8159,1950,3,1
8160,1960,6,1
8161,1966,9,3
8162,1962,9,1
8163,1960,9,1
8164,1940,3,1
8165,1959,6,1
8166,1960,6,1
8167,1940,3,1
8168,1940,9,1
8169,1940,12,1
8170,2001,12,1
8171,1944,6,1
8172,1940,6,1
8173,1967,15,1
8174,1940,12,1
8175,1960,9,1
8176,1956,9,1
8177,1960,9,1
8178,1960,6,1
8179,1950,9,1
8180,1950,6,1
8181,1950,3,1
8182,1950,9,1
8183,1950,6,1
8184,1958,9,1
8185,1958,9,1
8186,1953,6,1
8187,1940,9,1
8188,1940,6,1
8189,1925,3,1
8190,1963,6,1
8191,1930,12,1
8192,1935,9,1
8193,1940,6,1
8194,1950,3,1
8195,1948,9,1
8196,1951,6,1
8197,1955,6,1
8198,1955,9,1
8199,1953,9,1
8200,1945,3,1
8201,1946,3,1
8202,1953,3,1
8203,1948,6,1
8204,1952,9,1
8205,1955,6,1
8206,1955,3,1
8207,1956,6,1
8208,1961,12,1
8209,1950,9,1
8210,1958,9,1
8211,1942,6,1
8212,1945,6,1
8213,1960,9,1
8214,1960,3,1
8215,1964,18,1
8216,1934,3,1
8217,1930,6,1
8218,1935,12,1
8219,1942,9,1
8220,1944,6,1
8221,1940,6,1
8222,1950,6,1
8223,1950,6,1
8224,1935,6,1
8225,1979,18,1
8226,1942,12,1
8227,1920,3,1
8228,1936,3,1
8229,2004,12,1
8230,1935,9,1
8231,1940,6,1
8232,2006,12,1
8233,1945,9,1
8234,1958,6,1
8235,1956,9,1
8236,1946,9,1
8237,1940,9,1
8238,1964,6,1
8239,1930,3,4
8240,1964,6,1
8241,1970,9,1
8242,1970,6,1
8243,1970,9,1
8244,1970,12,1
8245,1968,9,1
8246,1965,9,1
8247,1966,6,1
8248,1964,9,1
8249,1963,3,1
8250,1970,6,1
8251,1961,9,4
8252,1965,9,1
8253,1968,6,1
8254,1971,6,1
8255,1978,6,4
8256,2020,6,1
8257,2020,6,1
8258,1920,3,1
8259,1920,6,1
8260,1960,9,1
8261,1965,9,1
8262,1970,6,1
8263,1960,9,1
8264,1960,3,3
8265,1970,12,1
8266,1970,9,1
8267,1950,6,1
8268,1975,9,1
8269,2003,12,1
8270,2001,9,1
8271,1960,12,1
8272,1972,6,1
8273,1973,12,1
8274,1964,9,1
8275,1964,9,1
8276,1965,3,1
8277,1970,12,1
8278,1967,12,1
8279,1970,9,1
8280,1958,12,1
8281,1959,12,1
8282,1970,12,1
8283,1973,12,1
8284,1970,9,1
8285,1970,6,1
8286,1969,9,1
8287,1968,9,1
8288,1965,3,1
8289,1970,12,1
8290,1968,9,1
8291,1977,12,1
8292,1964,9,1
8293,1967,12,1
8294,1982,18,1
8295,1973,15,1
8296,1965,9,1
8297,1965,9,1
8298,1972,9,1
8299,1996,12,1
8300,1972,12,1
8301,1987,3,3
8302,1972,15,1
8303,1973,15,1
8304,1982,12,1
8305,1980,12,1
8306,1963,9,1
8307,1978,3,1
8308,1970,15,1
8309,1970,6,1
8310,1970,15,1
8311,1973,15,1
8312,1972,15,1
8313,1971,6,1
8314,1980,9,1
8315,1974,12,1
8316,1970,6,1
8317,1970,12,1
8318,1970,15,1
8319,1987,6,1
8320,1973,12,1
8321,1979,12,1
8322,1973,12,1
8323,1970,12,1
8324,1970,9,1
8325,1969,9,1
8326,2007,12,1
8327,1970,6,1
8328,1971,9,1
8329,1972,12,1
8330,1960,6,3
8331,1974,9,1
8332,1972,18,1
8333,1979,9,1
8334,1970,9,1
8335,1980,3,1
8336,1971,9,1
8337,1975,9,1
8338,1978,9,1
8339,1985,9,1
8340,1975,12,1
8341,2000,15,1
8342,1956,9,1
8343,1956,6,1
8344,1987,9,4
8345,1978,3,3
8346,1974,3,3
8347,1979,3,3
8348,2007,12,1
8349,1930,15,1
8350,1960,6,1
8351,1970,9,1
8352,1986,9,1
8353,2005,15,1
8354,1960,9,1
8355,2004,15,1
8356,1960,9,1
8357,1999,24,1
8358,1960,9,1
8359,1960,15,1
8360,1940,3,1
8361,1940,6,1
8362,1954,9,1
8363,1947,6,1
8364,1940,12,1
8365,1950,6,1
8366,1940,3,1
8367,1940,6,1
8368,1989,15,4
8369,1991,6,1
8370,1970,9,1
8371,1930,9,1
8372,1981,12,1
8373,1950,18,3
8374,1930,9,3
8375,1950,6,1
8376,1935,6,1
8377,1951,12,1
8378,2002,12,1
8379,1950,6,1
8380,1929,9,1
8381,1960,3,3
8382,2001,15,1
8383,1950,9,1
8384,2008,15,1
8385,1950,15,1
8386,1950,6,1
8387,1940,6,1
8388,1940,3,4
8389,1940,6,1
8390,1940,6,1
8391,1940,6,1
8392,1960,3,1
8393,1940,6,1
8394,1940,6,1
8395,1978,9,1
8396,1920,3,1
8397,1920,3,1
8398,1940,3,1
8399,1940,6,1
8400,1970,3,3
8401,2004,12,1
8402,1950,12,1
8403,1925,3,1
8404,1940,6,1
8405,1930,3,3
8406,2021,6,1
8407,1960,6,1
8408,1999,12,1
8409,1967,9,1
8410,1946,3,1
8411,1992,12,1
8412,1977,21,1
8413,1977,21,1
8414,1976,15,1
8415,1970,9,1
8416,1989,12,1
8417,1965,15,1
8418,1950,9,1
8419,1940,9,1
8420,1974,9,1
8421,1940,6,1
8422,1955,6,1
8423,1950,6,1
8424,1940,6,1
8425,1994,15,1
8426,1966,6,1
8427,1940,9,1
8428,1940,6,1
8429,1940,6,1
8430,1940,6,1
8431,2017,3,1
8432,1940,6,1
8433,1940,6,1
8434,1940,6,1
8435,1967,6,1
8436,1950,3,1
8437,1940,6,1
8438,1940,6,1
8439,1960,6,1
8440,1965,6,1
8441,1940,3,1
8442,1949,3,1
8443,1984,9,1
8444,1960,9,1
8445,1967,12,1
8446,2000,15,1
8447,2000,9,1
8448,2007,15,1
8449,1944,6,1
8450,2007,15,1
8451,1940,18,1
8452,2002,15,1
8453,1965,6,1
8454,1950,6,3
8455,1950,3,1
8456,1950,6,1
8457,1948,6,1
8458,1955,9,1
8459,1955,9,1
8460,1950,6,1
8461,1940,3,3
8462,2016,6,1
8463,1930,9,1
8464,1960,9,1
8465,1950,3,1
8466,1950,9,1
8467,1961,9,1
8468,2003,12,1
8469,1944,12,1
8470,1930,3,1
8471,1982,15,1
8472,1953,6,1
8473,1952,3,1
8474,1937,6,1
8475,1931,6,1
8476,1965,6,1
8477,1941,3,1
8478,1930,3,1
8479,1940,9,1
8480,1950,3,1
8481,1960,6,1
8482,1950,6,4
8483,1955,3,1
8484,1940,6,1
8485,1955,9,1
8486,1960,9,1
8487,1988,9,1
8488,2007,15,1
8489,1960,6,1
8490,1950,6,1
8491,2017,12,1
8492,2017,12,1
8493,1953,6,1
8494,1955,9,1
8495,2006,15,1
8496,1960,9,1
8497,1965,9,1
8498,1950,6,1
8499,1965,12,1
8500,1980,9,4
8501,1980,3,3
8502,1980,24,1
8503,1972,6,1
8504,1970,12,1
8505,1991,18,4
8506,2003,3,4
8507,1963,9,1
8508,1940,9,1
8509,2004,12,1
8510,1962,15,1
8511,1979,18,1
8512,1953,9,3
8513,1933,3,1
8514,1963,12,1
8515,1950,6,4
8516,1948,6,1
8517,1947,6,1
8518,1953,6,1
8519,1939,12,1
8520,1968,18,1
8521,1973,12,1
8522,1920,9,4
8523,1957,6,1
8524,1953,12,1
8525,1960,12,1
8526,1965,9,1
8527,1922,6,1
8528,1998,12,1
8529,2009,15,1
8530,1979,12,1
8531,1907,6,1
8532,1962,6,1
8533,1956,6,1
8534,1966,9,1
8535,1979,12,1
8536,1930,6,1
8537,1960,6,1
8538,1960,6,1
8539,1961,6,1
8540,1961,9,1
8541,1936,6,1
8542,1960,9,1
8543,1961,6,1
8544,1961,6,1
8545,1961,9,1
8546,1960,9,1
8547,1960,6,1
8548,1960,6,1
8549,1958,3,4
8550,1960,6,1
8551,1960,9,1
8552,1963,9,1
8553,2014,9,1
8554,1970,12,1
8555,1986,9,1
8556,1960,9,1
8557,1963,9,1
8558,1961,9,1
8559,1961,15,1
8560,1960,15,1
8561,1960,6,1
8562,1962,6,1
8563,2001,12,1
8564,1986,9,1
8565,1960,3,3
8566,2007,12,1
8567,2007,12,1
8568,2007,15,1
8569,1994,15,1
8570,1978,18,1
8571,1960,9,1
8572,1978,12,1
8573,1975,9,4
8574,1966,6,1
8575,1988,12,1
8576,1961,6,4
8577,1961,12,1
8578,1920,9,1
8579,1970,12,1
8580,1961,9,1
8581,1910,6,1
8582,1969,12,1
8583,2005,12,1
8584,2005,6,1
8585,1885,6,1
8586,1927,9,1
8587,1963,9,1
8588,1990,9,1
8589,1970,18,1
8590,2006,15,1
8591,2005,15,1
8592,1981,21,1
8593,2024,6,1
8594,1950,9,1
8595,1949,9,1
8596,1920,6,1
8597,1951,6,1
8598,1951,9,1
8599,1991,12,1
8600,1961,9,1
8601,1991,24,1
8602,1951,6,1
8603,2005,15,1
8604,1950,3,1
8605,1950,9,1
8606,1950,6,1
8607,1963,6,1
8608,1952,6,1
8609,1960,9,1
8610,1934,6,1
8611,1979,15,1
8612,1951,12,1
8613,1952,6,1
8614,1958,6,1
8615,1949,9,1
8616,1950,6,1
8617,1913,9,1
8618,1991,12,4
8619,1968,3,3
8620,1977,18,1
8621,1977,18,1
8622,1977,18,1
8623,1988,9,1
8624,1982,12,1
8625,1988,9,1
8626,1974,18,1
8627,1950,6,1
8628,1951,6,1
8629,1912,6,1
8630,1949,6,1
8631,1950,9,1
8632,1949,6,1
8633,1952,9,1
8634,1922,6,1
8635,1963,9,1
8636,1960,6,4
8637,1968,6,4
8638,1919,12,1
8639,1959,15,1
8640,1992,15,1
8641,1968,15,1
8642,1978,12,1
8643,1961,6,1
8644,1951,9,1
8645,1961,6,1
8646,1961,12,1
8647,1959,12,1
8648,1963,6,1
8649,1972,9,1
8650,1991,9,1
8651,1967,9,1
8652,2006,12,1
8653,2023,12,1
8654,2004,12,1
8655,1900,9,1
8656,1967,18,1
8657,1955,9,1
8658,2008,3,4
8659,1988,6,4
8660,1961,6,1
8661,1962,9,1
8662,1890,6,1
8663,1971,12,1
8664,1970,9,4
8665,1963,3,4
8666,1970,6,1
8667,1970,6,4
8668,1961,12,1
8669,1973,21,1
8670,1971,21,1
8671,1968,12,4
8672,1983,21,1
8673,1979,18,1
8674,1990,12,1
8675,1933,9,4
8676,1983,12,1
8677,1983,12,1
8678,1950,6,1
8679,1933,9,4
8680,1991,15,1
8681,1981,3,1
8682,1983,15,1
8683,1991,15,1
8684,1950,9,1
8685,1981,15,1
8686,1990,15,1
8687,1960,9,3
8688,1932,6,1
8689,1894,9,1
8690,1990,12,4
8691,1963,12,1
8692,1960,6,1
8693,1951,9,1
8694,1934,6,1
8695,1970,9,1
8696,1890,9,1
8697,1954,9,1
8698,1961,12,1
8699,1953,12,4
8700,1960,12,1
8701,1960,6,1
8702,1945,9,1
8703,1960,6,1
8704,1953,9,1
8705,1999,15,1
8706,1998,15,1
8707,1990,6,1
8708,1951,3,4
8709,1948,9,3
8710,1941,3,1
8711,1989,18,1
8712,1951,9,1
8713,1948,9,1
8714,1950,6,1
8715,1942,6,1
8716,1971,24,1
8717,1948,12,1
8718,1945,21,1
8719,1958,9,1
8720,1952,12,1
8721,1971,18,1
8722,1960,6,1
8723,1978,21,1
8724,1975,6,1
8725,2024,9,1
8726,2024,15,1
8727,1999,12,1
8728,1992,12,1
8729,1914,9,1
8730,1933,3,1
8731,1946,9,1
8732,1930,9,1
8733,1943,12,1
8734,1920,9,1
8735,1922,18,1
8736,1930,6,1
8737,1949,6,4
8738,1940,9,1
8739,1934,6,1
8740,1911,6,1
8741,1949,6,1
8742,1938,18,1
8743,1971,15,1
8744,2019,15,1
8745,1946,6,1
8746,1911,6,1
8747,1942,9,1
8748,1997,15,1
8749,1941,6,1
8750,1960,9,1
8751,1932,12,1
8752,1993,15,1
8753,1905,9,1
8754,1956,12,1
8755,1959,9,1
8756,1941,6,1
8757,1995,12,1
8758,1921,6,1
8759,1998,12,1
8760,2000,15,1
8761,2000,12,1
8762,2004,15,1
8763,2004,12,1
8764,1997,21,1
8765,1994,9,1
8766,1940,6,3
8767,1997,21,1
8768,1999,18,1
8769,2000,24,1
8770,2000,21,1
8771,2001,24,1
8772,1984,12,1
8773,1949,6,3
8774,1979,9,1
8775,1965,9,1
8776,1995,9,1
8777,1996,12,1
8778,1992,9,1
8779,1984,15,1
8780,1984,15,1
8781,1984,15,1
8782,1998,15,1
8783,1965,27,1
8784,1975,27,1
8785,1973,27,1
8786,1974,15,1
8787,1984,21,1
8788,1944,12,1
8789,1975,33,1
8790,1979,18,1
8791,1929,6,1
8792,1970,9,1
8793,1926,9,1
8794,1918,15,1
8795,1922,6,1
8796,2017,9,1
8797,1946,12,1
8798,1918,6,1
8799,1958,9,1
8800,1916,6,1
8801,1978,6,1
8802,2006,9,1
8803,1983,12,1
8804,1976,6,1
8805,1992,12,1
8806,1918,6,1
8807,1975,21,1
8808,2009,21,1
8809,1996,21,1
8810,1960,9,1
8811,1960,15,1
8812,1977,21,1
8813,1975,27,4
8814,1970,33,1
8815,1995,21,1
8816,1998,21,1
8817,1998,15,1
8818,1999,15,1
8819,2003,15,1
8820,1953,15,4
8821,1991,12,1
8822,1958,12,1
8823,1958,12,1
8824,1925,6,1
8825,1997,12,1
8826,1920,12,1
8827,1950,6,1
8828,1915,6,1
8829,1915,9,1
8830,1915,9,1
8831,1915,6,1
8832,1915,3,1
8833,1915,6,1
8834,1950,6,1
8835,1924,6,1
8836,1945,15,1
8837,1972,3,3
8838,1920,12,1
8839,1965,3,1
8840,2007,12,1
8841,2007,15,1
8842,1964,9,1
8843,1934,6,1
8844,1957,12,1
8845,1974,9,1
8846,1968,9,1
8847,1965,12,1
8848,1950,6,1
8849,1960,6,1
8850,1960,9,1
8851,1961,9,4
8852,1994,12,1
8853,1934,12,1
8854,1934,3,1
8855,1970,12,1
8856,1930,9,1
8857,1930,3,1
8858,1930,9,1
8859,1984,6,1
8860,1934,6,1
8861,1950,6,1
8862,1983,18,1
8863,2001,12,1
8864,1979,9,1
8865,1934,6,1
8866,1930,6,1
8867,1930,3,1
8868,1950,9,1
8869,1934,3,1
8870,1930,6,4
8871,1930,12,1
8872,1940,9,1
8873,2023,6,1
8874,1920,6,1
8875,1920,6,1
8876,1960,9,1
8877,1993,12,1
8878,1960,6,1
8879,1955,6,1
8880,1930,9,1
8881,1945,6,1
8882,1945,6,1
8883,1945,6,1
8884,1930,6,1
8885,1998,12,1
8886,1940,6,1
8887,1940,9,1
8888,1960,9,1
8889,1967,9,1
8890,1960,6,1
8891,1960,6,4
8892,1989,12,1
8893,1962,6,1
8894,1940,9,1
8895,1946,3,1
8896,1940,6,1
8897,2019,9,1
8898,2006,12,1
8899,1930,6,1
8900,1983,12,1
8901,1965,6,1
8902,1960,6,1
8903,1970,12,1
8904,1983,12,1
8905,1960,9,1
8906,1960,6,1
8907,1970,6,1
8908,1980,15,1
8909,1960,6,1
8910,1959,6,1
8911,1960,6,1
8912,1962,6,1
8913,1962,3,1
8914,1991,12,1
8915,2007,12,1
8916,1943,9,1
8917,1957,9,1
8918,1970,12,1
8919,1997,12,1
8920,1965,6,1
8921,1995,9,1
8922,1993,12,1
8923,2009,12,1
8924,1923,3,1
8925,2006,12,1
8926,1920,9,1
8927,1932,12,1
8928,1938,6,1
8929,1940,6,1
8930,1956,6,1
8931,2003,6,1
8932,1940,3,4
8933,1948,3,3
8934,1960,9,1
8935,1960,9,1
8936,1932,6,1
8937,1940,6,1
8938,1932,6,1
8939,1932,6,1
8940,1977,12,1
8941,1960,3,3
8942,1936,6,1
8943,1948,6,1
8944,1956,3,1
8945,1950,6,1
8946,1940,3,1
8947,1968,6,1
8948,1998,6,1
8949,1940,6,3
8950,1930,9,1
8951,1957,9,1
8952,1965,9,1
8953,1960,9,1
8954,1958,9,1
8955,1950,9,1
8956,1950,6,1
8957,2002,9,1
8958,1993,12,1
8959,1945,6,1
8960,1959,9,1
8961,1970,12,1
8962,1970,9,1
8963,1928,12,1
8964,2000,12,1
8965,1970,9,1
8966,1931,9,1
8967,1940,6,1
8968,1950,6,1
8969,2001,9,1
8970,1970,6,1
8971,1936,6,1
8972,1940,6,1
8973,1940,3,1
8974,1965,12,1
8975,1942,9,1
8976,1942,3,1
8977,1966,12,1
8978,2001,12,1
8979,1970,12,1
8980,1970,6,1
8981,1960,3,3
8982,2004,9,1
8983,1970,6,1
8984,1930,3,1
8985,1981,9,1
8986,1960,9,1
8987,1990,9,1
8988,1976,9,1
8989,1960,9,1
8990,1992,9,1
8991,1955,15,1
8992,1940,9,1
8993,1942,6,1
8994,1975,9,1
8995,1970,9,1
8996,1964,9,1
8997,1970,6,1
8998,1983,9,1
8999,1977,15,1
9000,1992,12,1
9001,1973,15,1
9002,1977,12,1
9003,1976,15,1
9004,1980,15,1
9005,1968,12,1
9006,1962,6,1
9007,1980,12,1
9008,1976,12,1
9009,1977,12,1
9010,1977,12,1
9011,1971,9,1
9012,1969,15,1
9013,1978,15,1
9014,1970,9,1
9015,1969,15,1
9016,1979,12,1
9017,1960,9,1
9018,1970,9,1
9019,1976,9,1
9020,1970,9,1
9021,1973,9,1
9022,2005,12,1
9023,1973,9,1
9024,1976,9,1
9025,1976,6,3
9026,1972,6,1
9027,1977,12,1
9028,1980,3,3
9029,1968,3,3
9030,1980,6,3
9031,1987,3,3
9032,1976,15,1
9033,1970,12,1
9034,1973,12,1
9035,1970,12,1
9036,1973,9,1
9037,1970,12,1
9038,1979,15,1
9039,1997,12,1
9040,1980,12,1
9041,1996,9,1
9042,1970,12,1
9043,1984,9,1
9044,1970,18,1
9045,1972,9,1
9046,1976,12,1
9047,1971,12,1
9048,1977,6,1
9049,1970,9,1
9050,1994,9,1
9051,1970,12,1
9052,1976,15,1
9053,1970,12,1
9054,1972,9,1
9055,1969,9,1
9056,1984,12,1
9057,1989,12,1
9058,1978,9,1
9059,1968,9,1
9060,1973,12,1
9061,1972,9,1
9062,1969,6,1
9063,1964,15,1
9064,1970,9,1
9065,1975,9,1
9066,1970,12,1
9067,1970,12,1
9068,1971,9,1
9069,1972,12,1
9070,1970,9,1
9071,1968,9,1
9072,1970,9,1
9073,1977,6,1
9074,1983,12,1
9075,1984,12,1
9076,1966,9,1
9077,1971,9,1
9078,1971,9,1
9079,1971,9,1
9080,1970,6,1
9081,1972,9,1
9082,1971,15,1
9083,1980,6,1
9084,1980,6,1
9085,1968,6,1
9086,1980,3,1
9087,2002,6,1
9088,1980,3,1
9089,2007,6,1
9090,1962,6,1
9091,1962,6,1
9092,1960,3,1
9093,1962,6,1
9094,1964,6,1
9095,1952,3,1
9096,1964,6,1
9097,1964,6,1
9098,1989,9,1
9099,1964,3,1
9100,1964,6,1
9101,1961,6,1
9102,1964,6,1
9103,1964,6,1
9104,1963,3,1
9105,1960,6,1
9106,1960,3,1
9107,1962,6,1
9108,1975,3,1
9109,1980,6,1
9110,1980,9,1
9111,1980,3,1
9112,1979,3,1
9113,2008,3,1
9114,1961,3,1
9115,1962,3,1
9116,1988,9,1
9117,1980,3,1
9118,1980,6,1
9119,1964,9,1
9120,1964,9,1
9121,1975,6,1
9122,1995,9,1
9123,1998,3,4
9124,1998,3,1
9125,2020,3,1
9126,1960,18,1
9127,1975,12,1
9128,1933,3,1
9129,1940,6,1
9130,1934,6,1
9131,1928,9,1
9132,1960,9,1
9133,1940,6,1
9134,1936,3,1
9135,1940,9,1
9136,2001,15,1
9137,1936,9,1
9138,1930,9,1
9139,1951,9,1
9140,2008,15,1
9141,1937,12,1
9142,1998,15,1
9143,1966,12,3
9144,1966,12,3
9145,1937,6,1
9146,1937,9,1
9147,1960,3,1
9148,2007,15,1
9149,1960,9,1
9150,1924,6,1
9151,1950,6,1
9152,1960,6,1
9153,1935,6,1
9154,1935,6,1
9155,1935,6,1
9156,1935,9,1
9157,1935,3,1
9158,2001,12,1
9159,1957,6,1
9160,1950,6,1
9161,1950,6,1
9162,1934,6,1
9163,1950,3,3
9164,1950,3,1
9165,1965,15,1
9166,1950,9,1
9167,1935,3,1
9168,1950,6,1
9169,1956,9,1
9170,1950,12,1
9171,1950,12,1
9172,1950,6,1
9173,1950,12,1
9174,1950,3,1
9175,1936,6,1
9176,1950,9,1
9177,1950,6,1
9178,1950,9,1
9179,1962,9,1
9180,1997,9,1
9181,1998,15,1
9182,1930,9,1
9183,1940,9,1
9184,1920,9,4
9185,2020,9,4
9186,1992,9,1
9187,2016,3,4
9188,2020,6,4
9189,2002,27,1
9190,1958,9,1
9191,1949,6,1
9192,1948,6,1
9193,1940,6,1
9194,1949,6,1
9195,1953,12,1
9196,1940,6,1
9197,2002,18,1
9198,1983,9,4
9199,1951,9,1
9200,2021,18,1
9201,1951,6,3
9202,1939,9,1
9203,1941,9,1
9204,1960,12,1
9205,1949,9,1
9206,1950,9,1
9207,1949,6,1
9208,1962,9,1
9209,1951,9,1
9210,1951,6,1
9211,1960,6,1
9212,1958,6,1
9213,1958,12,1
9214,1950,9,4
9215,1955,6,1
9216,1950,6,1
9217,1960,6,1
9218,1962,24,1
9219,1961,6,1
9220,1961,6,1
9221,1961,6,1
9222,1951,6,1
9223,1961,6,1
9224,1950,9,1
9225,1951,9,1
9226,1958,9,1
9227,1961,6,1
9228,1961,9,1
9229,1988,9,1
9230,1960,6,4
9231,1973,24,1
9232,1978,27,1
9233,1981,24,1
9234,1980,18,1
9235,1940,3,4
9236,1999,15,1
9237,1920,9,1
9238,1951,6,1
9239,1961,9,1
9240,1998,12,1
9241,1931,6,1
9242,2002,21,1
9243,1951,9,1
9244,1931,9,1
9245,1993,21,1
9246,1918,9,1
9247,1951,9,1
9248,1921,9,1
9249,1991,21,1
9250,1971,12,1
9251,1957,9,1
9252,1947,9,1
9253,1951,9,1
9254,1950,3,1
9255,1951,9,1
9256,1927,12,1
9257,1926,12,1
9258,1951,9,1
9259,1976,15,1
9260,1930,6,1
9261,1950,6,1
9262,1973,12,1
9263,1923,6,1
9264,1961,6,1
9265,1922,12,1
9266,1941,9,4
9267,1931,12,1
9268,1959,12,1
9269,1959,9,1
9270,1960,9,1
9271,1961,12,1
9272,2012,12,1
9273,1961,15,1
9274,1950,6,1
9275,1953,9,1
9276,1950,9,1
9277,1950,9,1
9278,1950,9,1
9279,1904,6,1
9280,1950,9,1
9281,1994,24,1
9282,1961,6,1
9283,1950,12,1
9284,1950,9,1
9285,1974,27,1
9286,1951,9,1
9287,1961,12,1
9288,1951,3,1
9289,1959,6,1
9290,1968,6,1
9291,1950,9,1
9292,1943,9,1
9293,1951,9,1
9294,1960,9,1
9295,1953,9,1
9296,1960,15,4
9297,1986,6,1
9298,2003,12,1
9299,1982,9,1
9300,1982,9,1
9301,1982,9,1
9302,1982,9,1
9303,1981,18,1
9304,1981,21,1
9305,1985,18,1
9306,1961,3,3
9307,1987,18,1
9308,1985,9,1
9309,1984,9,1
9310,1984,6,1
9311,1984,9,1
9312,1951,6,4
9313,1930,12,1
9314,1935,9,1
9315,1887,9,1
9316,1940,9,1
9317,1990,15,1
9318,1940,12,1
9319,1893,9,1
9320,1900,12,1
9321,2000,6,1
9322,1973,24,4
9323,1951,9,1
9324,1993,9,1
9325,1957,6,4
9326,1920,9,1
9327,2002,12,1
9328,1991,12,1
9329,1961,6,1
9330,1932,6,1
9331,1961,6,1
9332,1992,12,1
9333,1941,12,1
9334,1965,12,1
9335,1931,6,1
9336,1963,12,1
9337,1931,9,1
9338,1966,9,1
9339,1974,6,4
9340,1976,12,1
9341,1969,9,4
9342,1942,12,4
9343,1943,15,1
9344,1960,6,3
9345,2022,6,1
9346,1971,15,1
9347,1938,6,1
9348,1909,9,4
9349,1947,6,1
9350,1932,9,1
9351,2018,12,1
9352,2022,15,1
9353,1900,12,1
9354,1978,24,1
9355,1942,9,1
9356,2002,15,1
9357,2004,15,1
9358,2020,15,1
9359,1989,15,1
9360,1957,9,1
9361,1976,12,4
9362,1925,9,1
9363,1951,9,1
9364,1972,33,1
9365,1970,33,1
9366,1973,33,1
9367,1968,15,1
9368,1967,12,1
9369,1910,9,1
9370,1961,6,1
9371,1960,6,1
9372,1951,6,4
9373,1957,9,1
9374,1959,12,1
9375,1956,12,1
9376,1956,9,1
9377,1961,6,4
9378,1961,12,1
9379,1972,15,1
9380,1960,6,1
9381,1940,6,1
9382,1984,6,1
9383,1926,6,1
9384,1900,9,1
9385,1950,9,1
9386,1940,6,1
9387,1970,12,1
9388,1962,12,1
9389,1960,12,1
9390,1890,6,1
9391,2020,12,1
9392,1942,9,1
9393,1960,12,1
9394,1968,21,1
9395,1968,18,1
9396,1948,6,1
9397,1958,6,1
9398,1965,6,4
9399,1890,6,1
9400,1968,18,1
9401,1995,9,1
9402,1962,3,1
9403,1972,9,1
9404,1958,9,1
9405,1974,9,1
9406,1970,9,1
9407,1935,6,1
9408,1900,6,1
9409,1952,12,1
9410,1970,15,1
9411,1962,12,4
9412,1970,27,1
9413,1976,27,1
9414,1946,15,1
9415,1940,12,1
9416,1949,9,1
9417,1960,6,4
9418,1962,9,1
9419,1991,18,4
9420,1970,12,1
9421,1984,6,4
9422,2002,12,1
9423,2007,12,1
9424,1976,12,1
9425,1970,9,1
9426,2010,9,1
9427,1909,6,1
9428,1970,15,1
9429,1968,6,1
9430,1962,12,1
9431,1965,6,1
9432,1995,12,1
9433,2011,12,1
9434,1929,3,3
9435,1954,6,1
9436,1945,6,1
9437,2000,3,1
9438,1979,12,1
9439,1936,12,1
9440,1999,12,1
9441,1997,12,1
9442,1940,9,1
9443,1940,9,1
9444,1930,6,1
9445,1956,6,1
9446,1936,6,1
9447,1993,12,1
9448,1940,6,1
9449,1959,6,1
9450,1905,9,1
9451,1933,6,1
9452,2006,12,1
9453,1924,9,1
9454,1986,9,1
9455,2002,12,1
9456,2008,9,1
9457,1920,9,1
9458,1935,9,1
9459,1940,3,3
9460,1939,6,1
9461,1946,6,1
9462,1994,6,1
9463,1940,9,1
9464,1946,9,1
9465,1926,6,1
9466,1946,9,1
9467,1895,6,1
9468,1960,9,1
9469,1885,9,1
9470,1948,9,1
9471,1930,9,1
9472,1945,15,1
9473,1919,9,4
9474,1914,9,4
9475,1934,3,1
9476,2012,12,1
9477,2007,12,1
9478,1939,6,1
9479,1934,9,1
9480,1995,12,1
9481,1999,6,1
9482,1914,9,1
9483,1959,9,1
9484,1953,12,1
9485,1940,9,1
9486,1991,9,1
9487,2003,12,1
9488,2014,21,1
9489,1930,12,1
9490,1940,9,1
9491,1945,9,1
9492,1930,6,1
9493,1916,9,1
9494,1949,18,1
9495,1931,9,1
9496,1919,12,4
9497,1914,9,1
9498,1916,6,1
9499,1917,6,1
9500,1956,18,1
9501,2008,12,1
9502,1987,9,1
9503,1928,6,1
9504,1932,9,1
9505,1939,9,1
9506,1939,9,1
9507,1940,9,1
9508,1927,9,1
9509,1994,9,1
9510,1940,12,1
9511,1940,9,1
9512,1949,9,1
9513,1985,15,1
9514,1987,12,1
9515,1940,9,1
9516,1991,15,1
9517,1945,6,1
9518,2004,12,1
9519,1945,12,1
9520,2023,9,1
9521,2024,9,1
9522,1945,6,1
9523,1956,9,1
9524,2002,15,1
9525,1963,12,4
9526,1963,6,1
9527,1961,6,1
9528,1960,9,1
9529,1993,12,1
9530,1960,12,1
9531,1960,12,1
9532,1960,12,1
9533,1960,12,1
9534,1960,12,1
9535,1975,9,1
9536,1960,9,1
9537,1903,6,1
9538,1972,15,1
9539,1998,24,4
9540,1960,15,1
9541,1973,21,1
9542,1962,9,1
9543,1966,24,1
9544,1932,9,4
9545,1994,15,1
9546,1960,12,1
9547,1956,6,1
9548,2005,12,1
9549,1965,6,1
9550,1965,6,1
9551,1930,6,1
9552,1920,12,1
9553,1962,12,1
9554,1962,9,1
9555,1974,9,1
9556,1906,9,1
9557,1970,3,3
9558,1995,15,1
9559,2016,15,1
9560,1956,9,1
9561,1924,6,1
9562,1920,6,1
9563,1924,6,1
9564,1923,12,1
9565,1906,6,1
9566,1981,15,1
9567,1993,12,1
9568,2008,12,1
9569,1960,6,3
9570,1960,6,3
9571,1979,15,1
9572,1964,24,1
9573,1989,9,1
9574,1970,9,4
9575,1967,18,1
9576,1949,6,1
9577,1954,9,1
9578,1987,12,1
9579,1956,15,1
9580,1931,9,4
9581,1949,12,1
9582,1956,9,1
9583,1966,15,1
9584,1947,6,4
9585,1942,9,1
9586,1969,9,1
9587,1920,9,1
9588,1942,3,3
9589,1950,9,1
9590,1961,12,1
9591,1990,12,4
9592,1990,12,4
9593,1960,12,1
9594,1968,12,1
9595,1966,6,1
9596,1959,12,1
9597,1930,9,1
9598,1930,9,1
9599,1930,9,1
9600,1930,6,1
9601,1930,6,1
9602,1930,6,1
9603,1940,9,3
9604,1980,3,3
9605,1940,3,4
9606,1995,6,1
9607,1967,30,1
9608,1975,21,1
9609,1973,27,1
9610,1974,27,1
9611,1974,18,1
9612,2008,15,1
9613,1983,12,1
9614,1987,3,1
9615,1973,27,1
9616,1990,24,4
9617,1945,9,4
9618,1965,9,1
9619,1990,9,1
9620,1974,15,1
9621,1984,12,1
9622,1895,9,1
9623,1916,9,1
9624,1990,9,1
9625,2012,15,1
9626,2012,21,1
9627,2019,21,1
9628,2001,21,4
9629,2009,3,4
9630,1978,30,1
9631,1970,24,1
9632,1999,15,1
9633,1982,18,1
9634,1978,33,1
9635,2000,15,1
9636,1999,12,1
9637,1900,6,1
9638,1900,9,1
9639,1900,9,1
9640,1910,6,1
9641,1900,6,1
9642,2003,9,1
9643,1916,6,1
9644,1914,6,1
9645,1914,3,1
9646,2003,12,1
9647,1924,9,1
9648,1900,9,1
9649,2000,12,1
9650,1900,6,1
9651,1900,6,1
9652,1898,9,1
9653,2004,6,1
9654,2004,9,1
9655,1880,6,1
9656,2008,15,1
9657,2004,15,1
9658,1947,12,1
9659,1947,12,1
9660,1959,3,4
9661,1988,15,1
9662,1950,6,1
9663,1963,6,1
9664,2019,9,1
9665,2019,9,1
9666,1994,9,1
9667,1992,12,1
9668,2000,18,1
9669,2003,12,1
9670,2001,12,1
9671,1930,9,1
9672,1930,3,1
9673,2003,12,1
9674,2011,12,1
9675,2006,12,1
9676,2012,12,4
9677,2011,12,1
9678,2020,12,1
9679,2002,21,1
9680,2022,21,1
9681,1930,6,1
9682,1950,9,1
9683,1960,9,1
9684,1930,3,1
9685,1974,21,1
9686,1993,9,1
9687,1928,3,1
9688,1930,6,1
9689,1931,3,1
9690,1928,3,1
9691,2005,12,1
9692,1933,12,1
9693,1925,9,1
9694,1930,3,1
9695,1930,3,1
9696,1933,6,1
9697,1933,6,1
9698,2004,15,1
9699,2019,15,1
9700,1968,12,1
9701,1998,15,1
9702,1955,12,1
9703,1958,6,1
9704,1958,6,1
9705,2001,9,1
9706,1962,9,1
9707,1960,6,1
9708,1960,3,1
9709,1958,6,1
9710,2000,9,1
9711,1958,6,1
9712,1966,6,1
9713,1966,9,1
9714,1989,21,1
9715,2006,15,1
9716,1987,9,1
9717,2007,15,1
9718,1958,9,1
9719,1927,3,1
9720,1940,6,1
9721,1940,12,1
9722,1950,6,1
9723,2021,9,1
9724,1950,9,1
9725,1950,3,1
9726,1965,6,1
9727,1930,3,1
9728,1947,6,1
9729,1950,9,1
9730,1970,9,1
9731,1930,3,1
9732,1950,3,1
9733,1970,9,1
9734,1970,6,1
9735,1965,6,3
9736,1960,6,1
9737,1950,3,1
9738,2001,15,1
9739,1968,9,1
9740,1960,9,1
9741,1970,6,1
9742,1965,6,1
9743,1945,9,1
9744,1991,15,1
9745,2004,15,1
9746,2008,15,1
9747,1929,3,1
9748,1929,6,1
9749,1947,3,3
9750,2005,18,1
9751,1937,12,1
9752,1995,15,1
9753,1939,6,1
9754,1937,3,1
9755,1937,3,1
9756,1979,21,1
9757,1994,12,1
9758,1937,6,1
9759,1940,9,1
9760,1937,6,1
9761,1970,6,1
9762,1937,3,1
9763,1996,12,1
9764,1949,9,1
9765,1937,9,1
9766,1935,9,1
9767,1981,9,1
9768,1937,6,1
9769,1940,6,1
9770,1940,3,1
9771,1940,6,1
9772,1940,9,1
9773,1940,6,1
9774,1988,6,1
9775,1940,9,1
9776,1940,9,1
9777,1938,9,1
9778,1940,9,1
9779,1940,9,1
9780,1940,9,1
9781,1999,9,1
9782,1988,6,1
9783,1988,6,1
9784,1988,6,1
9785,1998,3,1
9786,2004,15,1
9787,2005,15,1
9788,1940,9,1
9789,1937,6,1
9790,1952,9,1
9791,1980,27,1
9792,1988,27,1
9793,1980,27,1
9794,1980,15,1
9795,1990,9,1
9796,1975,24,1
9797,1960,15,1
9798,1950,12,1
9799,1978,21,1
9800,1990,15,1
9801,1989,12,1
9802,1989,12,1
9803,1989,12,1
9804,1989,12,1
9805,1989,12,1
9806,1989,12,1
9807,1989,12,1
9808,1988,15,1
9809,2015,6,1
9810,1985,9,1
9811,1985,9,1
9812,1934,3,1
9813,1934,9,1
9814,1934,9,1
9815,2007,12,1
9816,1970,12,1
9817,1930,6,1
9818,1953,6,1
9819,1940,3,1
9820,2005,12,1
9821,1940,12,1
9822,2024,9,1
9823,1955,12,1
9824,1960,9,4
9825,1975,6,4
9826,1967,12,1
9827,1935,3,1
9828,1987,6,1
9829,1970,12,1
9830,1963,6,1
9831,1959,9,1
9832,1979,12,1
9833,1987,9,1
9834,1985,9,1
9835,1985,9,1
9836,1987,18,1
9837,2003,12,1
9838,2023,21,1
9839,1970,3,1
9840,1965,9,1
9841,2023,18,1
9842,2015,12,1
9843,1950,9,1
9844,1950,6,1
9845,1960,6,1
9846,1950,9,1
9847,2013,12,1
9848,1965,15,1
9849,1950,12,1
9850,1996,15,1
9851,1929,6,1
9852,1925,3,1
9853,1996,12,4
9854,1995,9,1
9855,1967,9,1
9856,1960,6,1
9857,1965,12,1
9858,2006,9,1
9859,1968,9,1
9860,1960,9,1
9861,1983,12,1
9862,1940,6,1
9863,1960,9,1
9864,1940,3,1
9865,1936,6,1
9866,1960,12,1
9867,1920,3,1
9868,1977,9,1
9869,1960,6,1
9870,1957,6,1
9871,1991,9,1
9872,1960,9,1
9873,1960,12,1
9874,1960,6,1
9875,1993,9,1
9876,1930,9,1
9877,1930,6,1
9878,1998,18,1
9879,1996,12,1
9880,1977,12,1
9881,2004,12,1
9882,2009,12,1
9883,2011,12,1
9884,2010,12,1
9885,1950,3,1
9886,2001,12,1
9887,1978,15,1
9888,1975,21,1
9889,1978,15,1
9890,2006,15,1
9891,1974,18,1
9892,1974,18,1
9893,1977,9,1
9894,1962,12,1
9895,1933,6,1
9896,1934,6,1
9897,1929,6,1
9898,1960,12,1
9899,2004,12,1
9900,1950,15,1
9901,1950,6,1
9902,1950,6,1
9903,1930,3,1
9904,1960,6,1
9905,1940,3,1
9906,1940,9,1
9907,1940,9,1
9908,1920,6,1
9909,2005,12,1
9910,1920,6,1
9911,1920,6,1
9912,1930,3,1
9913,1930,6,1
9914,1962,15,1
9915,1975,15,1
9916,1950,9,1
9917,1945,9,1
9918,2003,12,1
9919,1975,6,1
9920,1910,9,1
9921,1988,3,1
9922,1930,3,1
9923,1920,3,1
9924,1950,6,1
9925,1950,3,1
9926,1950,3,1
9927,1950,6,1
9928,1950,3,1
9929,1950,3,3
9930,1950,9,1
9931,1950,9,1
9932,1950,6,1
9933,1953,9,1
9934,1934,6,1
9935,1994,9,1
9936,2003,12,1
9937,2005,12,1
9938,1964,6,1
9939,1929,6,1
9940,1923,3,1
9941,1923,9,1
9942,2010,12,1
9943,1953,9,1
9944,1958,9,1
9945,1948,9,1
9946,1948,9,1
9947,2022,12,1
9948,1957,6,1
9949,1930,9,1
9950,1936,12,1
9951,1990,12,1
9952,1958,9,1
9953,1998,12,1
9954,1930,3,1
9955,1968,6,1
9956,1973,9,1
9957,2001,12,1
9958,2004,9,1
9959,1955,9,1
9960,1974,9,1
9961,1967,9,1
9962,1961,9,1
9963,1954,9,1
9964,1961,9,1
9965,1959,9,1
9966,1958,9,1
9967,1956,6,1
9968,1959,9,1
9969,1961,6,1
9970,1961,9,1
9971,1961,9,1
9972,1952,9,1
9973,1957,9,1
9974,1959,9,1
9975,1956,9,1
9976,1953,9,1
9977,1956,6,1
9978,1959,9,1
9979,1966,9,1
9980,1966,9,1
9981,1966,12,1
9982,1954,9,1
9983,1954,9,1
9984,1959,6,1
9985,1990,6,1
9986,1959,9,1
9987,1954,9,1
9988,1949,6,1
9989,1954,6,1
9990,2006,12,1
9991,1959,6,1
9992,1960,6,1
9993,1975,12,1
9994,1960,12,1
9995,1975,12,1
9996,1975,9,1
9997,1974,12,1
9998,1976,12,1
9999,1978,9,1
10000,1979,15,1
10001,1976,15,1
10002,1976,15,1
10003,1980,15,1
10004,1976,6,1
10005,1971,9,1
10006,1971,9,1
10007,1978,9,1
10008,1977,9,1
10009,1976,9,1
10010,1976,12,1
10011,1976,15,1
10012,1936,6,1
10013,1960,3,1
10014,1979,6,1
10015,1980,9,1
10016,1960,6,1
10017,1970,6,1
10018,2000,3,N
10019,1983,6,1
10020,1979,6,1
10021,1985,6,1
10022,1994,3,1
10023,2000,6,1
10024,1978,3,1
10025,1978,6,1
10026,1978,9,1
10027,1980,9,1
10028,1965,6,1
10029,1960,3,1
10030,2006,3,1
10031,1980,6,1
10032,1918,6,1
10033,1965,3,1
10034,1965,6,1
10035,1985,6,1
10036,1960,6,1
10037,1960,6,1
10038,1985,6,1
10039,1960,9,1
10040,1965,6,1
10041,2006,6,1
10042,2000,3,N
10043,2008,18,4
10044,1942,9,1
10045,1992,24,4
10046,1968,12,1
10047,2002,15,1
10048,1969,3,3
10049,1969,3,3
10050,1933,6,1
10051,1993,15,1
10052,1996,15,1
10053,1996,21,1
10054,1996,18,1
10055,2000,0,N
10056,1981,6,3
10057,1983,3,4
10058,1987,6,3
10059,1971,9,1
10060,1928,12,1
10061,1915,6,1
10062,1996,24,1
10063,2002,21,1
10064,1948,9,1
10065,1980,3,1
10066,1950,9,1
10067,1950,9,1
10068,1976,27,1
10069,1980,9,1
10070,1908,3,1
10071,1908,3,3
10072,1925,3,1
10073,1925,9,1
10074,1925,6,1
10075,1929,6,1
10076,1925,3,1
10077,1929,9,1
10078,2007,21,1
10079,1936,9,1
10080,1945,12,1
10081,1942,6,1
10082,1927,6,1
10083,1997,21,1
10084,1924,6,1
10085,1940,3,1
10086,2003,21,1
10087,1999,24,1
10088,1923,9,1
10089,1930,6,1
10090,1940,6,1
10091,1940,9,1
10092,1915,6,1
10093,1935,6,1
10094,1884,6,1
10095,1992,15,1
10096,2020,21,1
10097,1940,12,1
10098,1940,6,4
10099,1930,9,1
10100,1945,9,1
10101,1945,15,1
10102,1940,6,1
10103,1940,6,1
10104,1940,6,1
10105,1940,3,1
10106,1945,6,4
10107,2019,9,1
10108,2020,15,1
10109,1940,9,1
10110,1940,6,1
10111,1940,9,1
10112,1940,9,1
10113,1940,6,1
10114,1940,6,1
10115,1880,6,1
10116,1884,6,1
10117,1940,6,1
10118,1911,6,1
10119,1945,6,1
10120,1995,15,3
10121,2007,18,1
10122,2008,15,1
10123,1997,6,3
10124,1944,9,1
10125,1998,21,1
10126,1955,9,1
10127,1900,12,1
10128,1880,9,1
10129,1900,9,1
10130,1900,9,1
10131,1900,6,1
10132,1900,9,1
10133,1900,9,1
10134,1900,6,1
10135,1939,12,1
10136,1900,12,4
10137,2001,15,1
10138,2002,3,4
10139,1997,36,1
10140,1990,12,1
10141,1947,9,1
10142,1940,9,1
10143,1940,9,1
10144,1938,9,1
10145,1954,9,1
10146,1950,9,1
10147,1950,9,1
10148,1925,6,1
10149,1904,6,1
10150,1960,9,1
10151,1979,24,4
10152,1949,15,1
10153,1949,15,1
10154,1943,12,1
10155,1911,9,1
10156,1940,9,1
10157,1924,9,1
10158,1940,12,1
10159,1924,9,1
10160,1934,9,1
10161,1965,18,1
10162,1910,6,1
10163,1945,9,1
10164,2005,12,1
10165,1938,9,1
10166,2010,21,1
10167,2016,9,1
10168,1900,12,1
10169,1900,6,4
10170,1969,21,1
10171,1900,12,1
10172,1900,9,4
10173,1900,9,4
10174,1900,9,1
10175,1900,3,3
10176,1980,18,1
10177,1949,9,1
10178,1962,6,1
10179,1954,12,4
10180,1927,9,1
10181,1927,9,1
10182,1961,12,1
10183,1930,9,1
10184,1976,24,1
10185,1946,12,1
10186,1943,9,1
10187,1954,12,1
10188,1955,12,1
10189,1962,12,1
10190,1969,18,1
10191,1969,18,1
10192,1965,9,1
10193,1960,12,4
10194,1947,6,1
10195,1962,6,4
10196,1940,12,1
10197,1947,6,1
10198,2006,12,1
10199,1982,18,4
10200,1980,18,4
10201,1980,27,1
10202,1980,24,1
10203,1980,27,1
10204,1980,27,1
10205,1907,6,1
10206,1920,6,1
10207,1880,9,1
10208,1989,9,1
10209,1994,9,1
10210,1987,9,1
10211,1924,6,1
10212,1920,6,1
10213,1920,9,1
10214,1920,9,1
10215,1920,9,1
10216,1895,6,1
10217,2003,9,1
10218,1900,9,1
10219,1908,6,1
10220,1900,9,1
10221,1900,9,1
10222,1900,9,1
10223,1903,6,1
10224,1890,12,1
10225,1964,21,1
10226,1910,9,1
10227,1981,12,1
10228,1893,9,1
10229,1900,6,1
10230,1900,6,1
10231,1975,18,1
10232,1900,9,1
10233,1976,12,1
10234,1920,12,1
10235,1893,9,1
10236,1969,12,1
10237,1900,9,1
10238,1900,12,1
10239,1900,6,1
10240,1968,18,1
10241,1900,6,1
10242,1900,6,1
10243,1900,6,1
10244,1919,6,3
10245,1908,21,4
10246,1973,24,1
10247,1964,24,1
10248,1998,9,1
10249,2002,18,1
10250,2002,21,1
10251,2002,21,1
10252,2002,21,1
10253,2001,36,1
10254,2001,24,1
10255,2001,12,1
10256,2001,12,1
10257,1913,9,3
10258,1950,3,3
10259,1998,24,1
10260,1999,21,1
10261,1960,3,3
10262,1991,9,1
10263,1930,9,1
10264,1930,3,1
10265,1930,9,1
10266,1930,6,1
10267,2001,9,1
10268,1930,9,1
10269,1930,9,1
10270,1930,6,1
10271,1930,6,1
10272,1970,9,1
10273,1930,3,1
10274,1930,6,1
10275,1930,9,1
10276,2004,15,1
10277,2012,21,1
10278,2012,18,1
10279,1940,12,1
10280,1930,3,3
10281,1973,15,1
10282,1930,6,1
10283,1920,3,1
10284,1989,9,1
10285,1920,6,1
10286,1930,9,1
10287,2006,15,1
10288,1930,12,1
10289,1930,6,1
10290,1930,6,1
10291,1930,3,1
10292,1930,9,1
10293,1930,6,1
10294,1930,15,1
10295,2001,12,1
10296,2002,15,1
10297,1930,21,1
10298,1960,18,1
10299,1950,9,1
10300,1988,15,1
10301,1975,15,1
10302,1973,12,1
10303,1994,9,1
10304,1970,9,1
10305,1965,6,1
10306,1940,12,1
10307,1951,6,1
10308,1936,9,1
10309,1978,6,1
10310,1965,9,1
10311,1989,9,1
10312,1943,9,1
10313,1998,15,1
10314,1986,9,1
10315,1986,9,1
10316,1987,9,1
10317,1986,9,1
10318,1988,9,1
10319,1988,9,1
10320,1988,9,1
10321,1987,9,1
10322,1965,12,1
10323,1960,9,1
10324,1989,15,1
10325,1987,15,1
10326,1975,9,3
10327,1986,15,1
10328,1987,15,1
10329,2007,9,1
10330,1963,6,1
10331,1975,9,1
10332,1960,6,1
10333,1960,6,1
10334,1955,15,1
10335,2001,15,1
10336,1920,6,3
10337,2020,9,1
10338,1924,3,1
10339,1950,12,1
10340,2010,9,1
10341,1987,9,1
10342,1996,9,1
10343,1993,15,1
10344,1970,18,1
10345,1979,9,1
10346,1979,15,1
10347,1979,6,1
10348,1960,12,1
10349,1979,9,1
10350,1979,9,1
10351,1954,6,1
10352,1988,15,1
10353,1960,6,1
10354,1924,6,1
10355,2004,15,1
10356,2022,15,1
10357,1924,6,1
10358,1960,6,1
10359,2021,6,1
10360,1976,27,1
10361,1965,3,1
10362,1963,9,1
10363,1986,21,1
10364,1980,21,1
10365,1980,12,1
10366,1980,18,1
10367,1980,6,4
10368,1980,18,1
10369,1980,18,1
10370,1980,18,1
10371,1984,3,3
10372,1973,9,3
10373,1955,9,1
10374,1954,12,1
10375,1929,6,1
10376,1929,6,1
10377,1929,6,1
10378,1929,6,1
10379,1929,6,1
10380,1929,9,1
10381,1929,9,1
10382,1929,6,1
10383,1958,9,1
10384,1929,6,1
10385,2004,12,1
10386,1929,12,1
10387,1924,12,1
10388,1929,3,1
10389,1965,3,1
10390,1925,6,1
10391,1925,12,1
10392,1925,3,1
10393,1973,12,1
10394,1929,9,1
10395,1990,9,1
10396,1914,9,1
10397,1914,3,4
10398,1981,6,1
10399,1914,6,1
10400,1991,9,1
10401,1965,6,1
10402,1965,6,1
10403,2000,12,1
10404,2000,12,1
10405,1998,12,1
10406,2004,9,1
10407,2004,9,1
10408,2002,12,1
10409,2004,12,1
10410,1939,12,1
10411,2009,12,1
10412,2009,12,1
10413,1986,12,1
10414,1971,9,1
10415,1959,6,1
10416,1954,6,1
10417,1953,6,1
10418,1959,6,1
10419,2001,12,1
10420,2019,9,1
10421,1958,6,1
10422,1959,9,1
10423,1956,6,1
10424,1959,9,1
10425,2011,12,1
10426,1959,9,4
10427,1914,9,1
10428,1914,9,1
10429,1920,6,1
10430,1929,9,1
10431,1940,6,1
10432,2008,12,1
10433,1964,12,1
10434,1986,9,1
10435,1930,6,1
10436,1996,12,1
10437,1930,3,1
10438,1930,3,1
10439,1936,3,3
10440,1925,6,1
10441,1944,6,1
10442,1944,9,1
10443,1929,6,1
10444,1940,6,1
10445,1949,6,1
10446,1934,9,1
10447,1934,3,1
10448,1944,6,1
10449,1951,6,1
10450,1954,9,1
10451,1954,6,1
10452,1949,6,1
10453,1944,9,1
10454,1990,9,1
10455,1986,9,3
10456,1931,3,1
10457,1998,12,1
10458,1998,12,1
10459,1958,3,1
10460,1999,12,1
10461,1931,9,1
10462,2007,12,1
10463,2011,12,1
10464,2009,3,1
10465,1960,9,1
10466,1960,9,1
10467,1958,3,1
10468,1967,9,1
10469,1960,6,1
10470,1995,12,1
10471,1947,3,1
10472,1955,6,1
10473,1960,9,1
10474,1945,6,1
10475,1955,6,1
10476,1950,6,1
10477,1970,9,1
10478,1958,6,1
10479,1946,9,1
10480,1960,9,1
10481,2008,12,1
10482,1975,9,1
10483,1957,9,1
10484,1953,9,1
10485,1953,9,1
10486,1956,6,1
10487,1960,6,1
10488,1961,9,1
10489,1962,9,1
10490,1960,9,1
10491,1920,6,1
10492,1964,9,1
10493,1966,9,1
10494,1965,6,1
10495,1964,9,1
10496,1964,9,1
10497,1966,15,1
10498,1961,9,1
10499,1970,12,1
10500,1971,9,1
10501,1972,6,3
10502,1964,9,1
10503,1999,12,1
10504,1968,15,1
10505,1966,9,1
10506,1968,9,1
10507,1964,12,1
10508,1966,12,1
10509,1988,9,1
10510,1966,9,1
10511,1954,9,1
10512,1955,6,1
10513,1954,9,1
10514,1949,9,1
10515,1946,6,1
10516,1959,9,1
10517,1954,6,1
10518,1974,12,1
10519,1969,9,1
10520,1966,6,1
10521,1980,9,1
10522,1959,6,1
10523,1966,12,1
10524,1976,3,4
10525,1970,3,3
10526,1976,3,3
10527,1976,3,3
10528,1976,3,3
10529,1988,6,3
10530,1970,3,3
10531,1976,3,3
10532,1970,3,3
10533,1970,3,3
10534,1970,3,3
10535,1979,6,3
10536,1979,3,3
10537,1978,6,3
10538,1979,3,3
10539,1979,3,3
10540,1990,3,3
10541,1974,9,3
10542,1974,6,3
10543,1974,3,3
10544,1974,3,3
10545,1974,3,3
10546,1988,6,3
10547,1987,3,3
10548,1987,3,3
10549,1987,3,3
10550,1974,6,3
10551,1995,3,3
10552,1990,18,1
10553,1991,12,1
10554,1940,15,1
10555,1964,12,4
10556,1997,12,1
10557,1935,6,1
10558,2006,12,1
10559,1934,6,1
10560,1935,6,1
10561,1992,9,1
10562,1992,15,1
10563,2004,15,1
10564,1929,9,1
10565,1934,9,1
10566,1935,12,1
10567,1936,9,1
10568,1910,6,1
10569,1913,9,1
10570,1913,3,1
10571,1920,9,1
10572,1923,6,1
10573,1922,3,1
10574,1925,6,1
10575,1931,6,1
10576,1953,9,1
10577,1936,3,1
10578,1885,9,1
10579,1915,3,1
10580,1989,6,1
10581,1942,9,1
10582,1936,6,1
10583,1937,6,1
10584,1960,6,1
10585,1940,12,1
10586,1936,9,1
10587,1994,15,4
10588,1900,6,1
10589,1900,6,4
10590,1900,6,1
10591,1976,12,4
10592,1920,6,1
10593,1960,6,1
10594,1976,12,1
10595,1920,9,1
10596,1931,9,1
10597,1931,9,1
10598,1928,6,1
10599,1935,9,1
10600,1920,6,3
10601,1930,12,1
10602,1930,6,1
10603,2004,15,1
10604,1910,3,3
10605,1910,6,1
10606,2021,15,1
10607,1960,12,4
10608,1960,6,1
10609,1960,9,1
10610,1998,21,4
10611,2011,12,1
10612,1953,18,4
10613,1965,18,4
10614,1965,21,1
10615,1968,27,1
10616,1920,12,1
10617,1936,9,1
10618,2015,9,1
10619,1980,18,3
10620,2004,12,1
10621,1890,12,1
10622,1973,12,1
10623,1936,9,4
10624,1935,6,1
10625,1895,9,1
10626,1900,9,1
10627,1935,9,1
10628,1900,6,1
10629,1977,18,4
10630,1978,12,4
10631,1900,3,3
10632,1977,18,4
10633,1978,15,4
10634,1987,12,1
10635,1959,6,1
10636,1968,18,4
10637,1959,12,1
10638,1959,9,1
10639,1959,9,1
10640,1959,12,1
10641,1959,9,4
10642,1959,9,1
10643,1970,30,1
10644,1959,27,1
10645,1959,15,1
10646,1959,15,1
10647,1959,24,1
10648,1959,18,1
10649,1959,15,1
10650,1959,9,1
10651,1955,30,1
10652,1936,12,4
10653,1936,6,1
10654,2006,12,1
10655,1936,9,1
10656,1936,6,4
10657,1936,21,1
10658,1936,21,1
10659,1936,18,1
10660,1936,9,4
10661,1936,9,3
10662,1936,12,1
10663,1880,12,1
10664,1936,12,4
10665,1936,15,4
10666,1936,12,4
10667,1936,9,1
10668,1936,12,4
10669,1936,9,4
10670,1961,24,1
10671,1947,18,4
10672,1968,24,1
10673,1950,27,1
10674,1943,9,1
10675,1936,15,4
10676,1968,24,1
10677,1968,6,1
10678,1945,18,1
10679,1957,21,1
10680,1880,6,1
10681,1993,9,1
10682,1990,15,4
10683,1942,9,1
10684,1942,9,3
10685,1942,9,4
10686,1942,9,4
10687,1942,9,1
10688,1946,30,1
10689,1986,18,1
10690,2000,18,1
10691,1960,12,1
10692,1942,9,4
10693,1960,12,1
10694,1957,15,1
10695,1960,15,1
10696,1960,18,4
10697,1962,18,1
10698,1960,21,1
10699,1942,12,1
10700,1942,9,4
10701,1942,12,1
10702,1963,3,1
10703,1985,12,1
10704,1985,18,1
10705,1985,18,1
10706,1986,15,1
10707,1991,12,1
10708,1999,3,1
10709,1900,6,4
10710,1900,9,1
10711,1900,6,1
10712,1900,9,1
10713,1900,6,1
10714,2003,9,1
10715,1900,9,1
10716,1900,12,1
10717,1977,15,1
10718,1977,18,1
10719,1900,6,1
10720,1900,9,1
10721,1900,9,1
10722,1940,12,1
10723,1900,9,1
10724,1925,9,1
10725,1900,9,1
10726,1900,6,1
10727,1889,9,1
10728,1900,6,1
10729,1880,6,1
10730,1880,6,1
10731,1900,6,1
10732,1900,9,1
10733,1880,3,1
10734,1900,6,1
10735,1900,9,1
10736,2000,12,1
10737,2009,6,1
10738,1905,9,1
10739,1910,6,1
10740,2014,12,1
10741,1984,6,1
10742,1997,12,1
10743,1999,12,1
10744,1971,15,1
10745,1990,12,1
10746,1985,6,1
10747,1945,3,3
10748,1900,6,1
10749,1900,6,1
10750,2004,6,1
10751,1900,6,1
10752,1998,6,1
10753,1900,6,1
10754,1900,9,1
10755,1900,9,1
10756,1900,9,1
10757,1900,9,1
10758,1900,9,1
10759,1900,6,1
10760,1900,6,1
10761,1900,6,1
10762,1900,9,1
10763,1960,12,1
10764,1900,6,1
10765,1900,6,1
10766,1964,18,1
10767,1900,12,1
10768,1900,6,1
10769,1900,6,1
10770,1940,9,1
10771,2017,9,1
10772,1900,6,1
10773,1900,9,1
10774,1900,9,1
10775,1900,9,1
10776,1900,6,1
10777,1997,12,1
10778,1980,6,1
10779,2017,12,1
10780,2004,9,1
10781,1900,9,1
10782,1900,9,1
10783,1900,9,3
10784,1900,3,3
10785,1900,3,1
10786,1900,3,1
10787,1900,9,1
10788,1900,6,1
10789,1900,6,1
10790,1900,6,1
10791,1900,12,1
10792,1928,6,1
10793,1928,12,1
10794,1921,9,4
10795,1949,6,3
10796,1935,9,3
10797,1940,9,3
10798,1919,6,3
10799,1940,6,1
10800,1941,15,3
10801,1919,9,1
10802,1939,3,3
10803,1993,6,4
10804,2000,12,4
10805,1962,3,3
10806,1946,12,3
10807,1941,3,3
10808,2008,3,3
10809,1926,9,1
10810,1984,9,3
10811,2020,6,3
10812,2006,3,1
10813,2007,18,1
10814,1950,6,1
10815,1957,6,1
10816,1983,12,1
10817,1934,9,1
10818,1945,9,1
10819,1955,6,1
10820,1950,6,1
10821,1957,6,1
10822,1955,9,3
10823,1943,3,1
10824,1967,6,1
10825,1953,3,1
10826,1952,6,1
10827,1951,9,1
10828,1948,9,1
10829,1955,9,1
10830,1950,9,1
10831,1955,9,1
10832,1940,9,1
10833,1997,0,3
10834,1997,6,3
10835,2003,18,1
10836,2009,15,1
10837,2010,18,1
10838,2023,6,1
10839,1950,12,1
10840,1974,12,1
10841,1927,3,1
10842,1945,6,1
10843,1940,6,1
10844,1965,6,1
10845,1932,3,1
10846,1930,6,1
10847,2001,9,1
10848,2018,9,1
10849,1952,15,1
10850,1955,6,1
10851,1949,3,1
10852,1940,6,4
10853,1930,12,3
10854,2013,15,1
10855,1930,6,1
10856,1920,12,1
10857,1916,3,3
10858,1945,6,1
10859,1940,6,1
10860,1940,6,1
10861,1940,9,1
10862,1934,3,1
10863,2014,9,1
10864,1925,6,1
10865,1920,6,1
10866,1930,6,1
10867,2013,9,1
10868,1920,6,1
10869,1934,9,1
10870,1990,9,1
10871,1945,6,1
10872,1940,9,1
10873,1950,6,1
10874,1940,3,1
10875,1995,12,1
10876,2001,15,1
10877,1923,6,1
10878,2012,15,1
10879,1940,9,1
10880,1920,6,N
10881,1920,6,N
10882,1920,6,N
10883,1915,6,1
10884,2019,12,1
10885,1973,9,1
10886,1920,12,1
10887,1956,9,1
10888,1920,9,1
10889,1910,6,1
10890,2004,12,1
10891,1990,3,1
10892,1990,18,1
10893,1910,9,1
10894,1915,3,1
10895,1915,9,1
10896,1915,12,1
10897,1915,6,1
10898,1915,3,1
10899,1915,3,1
10900,1915,6,1
10901,2001,15,1
10902,2004,15,1
10903,2020,9,1
10904,1920,9,1
10905,2001,15,1
10906,2006,3,1
10907,2006,15,1
10908,1920,6,1
10909,1920,6,1
10910,2001,15,1
10911,2004,15,1
10912,2006,15,1
10913,1988,15,1
10914,1945,9,4
10915,1962,18,1
10916,1931,9,1
10917,1930,3,3
10918,1930,3,1
10919,1930,3,1
10920,1930,3,1
10921,1930,9,1
10922,1934,3,1
10923,1996,9,1
10924,1990,9,1
10925,1934,3,1
10926,1968,21,1
10927,1958,18,4
10928,1950,6,1
10929,1982,21,1
10930,1952,3,1
10931,1965,3,3
10932,1928,6,1
10933,1940,9,1
10934,2000,12,1
10935,1925,6,1
10936,1928,6,1
10937,1940,9,1
10938,1945,3,1
10939,1941,6,1
10940,1978,9,1
10941,1939,9,1
10942,1930,12,1
10943,1979,21,1
10944,1996,15,1
10945,1934,3,1
10946,1929,6,1
10947,2007,15,1
10948,1969,30,1
10949,1991,21,1
10950,1968,21,1
10951,1978,24,1
10952,1981,24,1
10953,1964,12,1
10954,1940,12,1
10955,1974,27,1
10956,1976,27,1
10957,1978,27,1
10958,1962,9,1
10959,1962,9,1
10960,1930,3,1
10961,1930,3,1
10962,1935,6,1
10963,1935,3,1
10964,1930,3,1
10965,1938,6,1
10966,1955,12,1
10967,1950,3,1
10968,1950,6,1
10969,1942,9,1
10970,1955,6,4
10971,1925,3,1
10972,1950,6,1
10973,1930,6,1
10974,1936,9,1
10975,1988,15,1
10976,1950,6,1
10977,1945,6,1
10978,1945,9,1
10979,1940,6,1
10980,2000,9,1
10981,1920,6,1
10982,2002,9,1
10983,1936,6,1
10984,1945,6,1
10985,1977,27,1
10986,1982,24,1
10987,1993,24,1
10988,1979,27,1
10989,1944,6,1
10990,1925,6,1
10991,1932,9,1
10992,1930,9,1
10993,1930,3,1
10994,1930,6,1
10995,1978,9,1
10996,1978,21,1
10997,2007,15,1
10998,1945,6,1
10999,1930,9,1
11000,1932,9,1
11001,2007,9,1
11002,1930,6,1
11003,1943,12,1
11004,1940,6,1
11005,1976,15,1
11006,1940,12,1
11007,1973,21,1
11008,2004,21,1
11009,1930,9,1
11010,2023,9,1
11011,1940,6,1
11012,1980,30,1
11013,1978,3,3
11014,1975,3,4
11015,1975,6,4
11016,1983,24,1
11017,1997,9,1
11018,2004,12,4
11019,1995,12,1
11020,1995,12,1
11021,1997,12,1
11022,2004,12,1
11023,2001,9,1
11024,1997,9,1
11025,1999,12,1
11026,2002,9,1
11027,1994,9,1
11028,2010,9,1
11029,2008,6,1
11030,1997,9,1
11031,1998,12,1
11032,2001,12,1
11033,1992,3,3
11034,2001,9,1
11035,1997,9,1
11036,1954,9,4
11037,1959,6,1
11038,1959,9,1
11039,1955,6,1
11040,1954,3,1
11041,1954,6,1
11042,1959,6,1
11043,1962,9,1
11044,1954,9,1
11045,1952,6,1
11046,1954,6,1
11047,1962,9,1
11048,1962,6,1
11049,1954,6,1
11050,1952,6,1
11051,1954,9,1
11052,1954,15,1
11053,1959,9,1
11054,1954,6,1
11055,1954,9,1
11056,1995,3,1
11057,2016,6,1
11058,1954,3,1
11059,1954,9,1
11060,1999,15,1
11061,2020,9,1
11062,1998,9,1
11063,2001,6,1
11064,2005,6,1
11065,1999,9,1
11066,2002,6,1
11067,2000,9,1
11068,2005,9,1
11069,2006,9,1
11070,2007,12,1
11071,1999,9,1
11072,2004,6,1
11073,2018,9,1
11074,2021,9,1
11075,1998,12,1
11076,2004,12,1
11077,2003,12,1
11078,1980,12,1
11079,1975,12,1
11080,2009,9,4
11081,2004,6,1
11082,1980,9,1
11083,1984,6,1
11084,1979,3,1
11085,1980,6,1
11086,1990,6,1
11087,1980,6,1
11088,1998,6,3
11089,1998,6,3
11090,1998,3,3
11091,2014,3,N
11092,1976,3,3
11093,1978,6,3
11094,1978,9,3
11095,1988,3,3
11096,1987,3,3
11097,1960,3,3
11098,1987,3,3
11099,1983,3,3
11100,1980,6,3
11101,1987,6,3
11102,1987,3,3
11103,1987,3,3
11104,1987,6,3
11105,1988,6,3
11106,1978,6,3
11107,1988,6,3
11108,1988,6,3
11109,1960,6,3
11110,1978,6,3
11111,1934,6,1
11112,1936,9,1
11113,1960,9,1
11114,1936,6,1
11115,1935,9,1
11116,1935,9,1
11117,2007,15,1
11118,1953,6,3
11119,1936,9,3
11120,1969,15,3
11121,1984,3,3
11122,1980,3,3
11123,1956,6,1
11124,1980,3,3
11125,1984,3,3
11126,1984,3,3
11127,1984,3,3
11128,1953,6,3
11129,2000,12,1
11130,2006,15,1
11131,1966,18,4
11132,1920,9,1
11133,1920,9,1
11134,1880,6,1
11135,1900,9,1
11136,1936,9,1
11137,1900,9,1
11138,1933,6,1
11139,1930,6,1
11140,1994,12,4
11141,1994,15,N
11142,1996,3,1
11143,1889,6,1
11144,1900,9,1
11145,1910,12,1
11146,1969,9,1
11147,1906,9,1
11148,1900,9,1
11149,1900,3,1
11150,1960,6,1
11151,2018,9,1
11152,1912,6,1
11153,1933,6,4
11154,2018,9,1
11155,1971,12,1
11156,1904,6,1
11157,1989,3,4
11158,1971,3,3
11159,2017,9,1
11160,1920,12,1
11161,2007,9,1
11162,1920,6,1
11163,1914,6,1
11164,1917,15,1
11165,2006,12,1
11166,1918,9,1
11167,1998,12,1
11168,1940,12,1
11169,1992,15,1
11170,1936,12,1
11171,2000,15,1
11172,2001,18,1
11173,2004,9,1
11174,2001,15,1
11175,1930,9,1
11176,2008,15,1
11177,2011,12,1
11178,2012,15,1
11179,1998,15,1
11180,1986,9,1
11181,1980,12,1
11182,1979,18,1
11183,1880,3,1
11184,1900,6,1
11185,1960,6,1
11186,1919,6,1
11187,1896,9,1
11188,1900,9,1
11189,1970,9,1
11190,1942,9,4
11191,1950,6,1
11192,1967,6,1
11193,1941,6,1
11194,1932,6,1
11195,1929,6,1
11196,1959,6,1
11197,1880,9,1
11198,1880,9,1
11199,1992,12,1
11200,1987,18,1
11201,1965,9,1
11202,1960,6,1
11203,1986,6,1
11204,1958,3,1
11205,1930,6,1
11206,1966,12,1
11207,1940,3,1
11208,1956,6,1
11209,1951,6,4
11210,1989,15,1
11211,1986,6,1
11212,1986,6,1
11213,1986,6,1
11214,1988,15,1
11215,1989,15,1
11216,1989,15,1
11217,1989,15,1
11218,1988,9,1
11219,1987,9,1
11220,1919,12,1
11221,1949,9,1
11222,2008,15,1
11223,1950,15,4
11224,1987,15,4
11225,1900,9,4
11226,1900,12,1
11227,1888,6,1
11228,1900,12,1
11229,1896,12,4
11230,1999,12,1
11231,2001,12,1
11232,1922,9,4
11233,1868,9,3
11234,1900,15,1
11235,1960,18,1
11236,1969,21,1
11237,1900,3,4
11238,1900,3,4
11239,2008,9,1
11240,1954,9,1
11241,1962,12,4
11242,1919,12,1
11243,1922,0,1
11244,1880,9,1
11245,1880,9,1
11246,1936,15,4
11247,2002,9,1
11248,2004,12,1
11249,2004,9,1
11250,2011,12,4
11251,1940,21,1
11252,1963,27,1
11253,1967,24,1
11254,1943,12,1
11255,1941,12,1
11256,1979,18,4
11257,2000,12,1
11258,2006,15,1
11259,1900,9,1
11260,1900,9,1
11261,1900,9,4
11262,1900,9,4
11263,1900,3,3
11264,1900,9,1
11265,1900,9,4
11266,1900,9,4
11267,1900,9,1
11268,1900,12,1
11269,1900,9,4
11270,1900,12,1
11271,1900,12,1
11272,1900,9,1
11273,1900,9,1
11274,2008,9,1
11275,1900,9,1
11276,1900,9,1
11277,2008,15,1
11278,1960,15,4
11279,1999,15,1
11280,1900,9,4
11281,2004,15,1
11282,1900,6,4
11283,1900,18,1
11284,1900,18,1
11285,1900,30,1
11286,1900,12,1
11287,1900,12,1
11288,1900,15,1
11289,1900,12,1
11290,2018,15,1
11291,1950,9,1
11292,1950,24,1
11293,1950,24,4
11294,1950,18,1
11295,1940,12,1
11296,1921,9,1
11297,1940,12,1
11298,1950,18,4
11299,1921,9,1
11300,1919,6,4
11301,1890,9,1
11302,1919,9,1
11303,1919,12,1
11304,1919,21,1
11305,1919,6,1
11306,1984,9,1
11307,1987,6,1
11308,1898,3,3
11309,1898,9,4
11310,1919,12,1
11311,1919,9,1
11312,1919,9,1
11313,1919,9,1
11314,1919,12,1
11315,1919,15,1
11316,1919,9,1
11317,1919,12,1
11318,1919,6,4
11319,1919,9,4
11320,1919,9,1
11321,1898,9,1
11322,1898,12,4
11323,1919,9,4
11324,1999,12,1
11325,1919,9,1
11326,1898,15,4
11327,1966,30,1
11328,1919,9,1
11329,1919,15,1
11330,1919,12,1
11331,1895,6,1
11332,1919,9,4
11333,1919,6,1
11334,1919,12,1
11335,1919,9,1
11336,1919,12,1
11337,1919,6,4
11338,1890,9,1
11339,1919,9,4
11340,1890,6,4
11341,1919,9,1
11342,1919,9,1
11343,2002,15,1
11344,1919,9,4
11345,1990,12,4
11346,1919,12,1
11347,1919,12,1
11348,1919,9,1
11349,2023,15,1
11350,1928,12,1
11351,1916,9,4
11352,1970,12,4
11353,1936,6,4
11354,1900,9,1
11355,2002,12,1
11356,1890,6,1
11357,1900,6,1
11358,1900,6,1
11359,1900,9,4
11360,1910,9,1
11361,1910,9,1
11362,1910,6,1
11363,1900,12,1
11364,1929,9,1
11365,1962,6,1
11366,1880,6,4
11367,1880,9,1
11368,1919,9,1
11369,1931,6,1
11370,1890,9,1
11371,1880,9,1
11372,1891,9,1
11373,1998,9,1
11374,1923,12,1
11375,1920,9,1
11376,1900,12,1
11377,1900,9,1
11378,1900,9,1
11379,1894,6,1
11380,1945,15,1
11381,1880,9,1
11382,1916,9,1
11383,1900,6,1
11384,1880,9,1
11385,1900,6,1
11386,1890,9,1
11387,1964,12,1
11388,1932,6,1
11389,1900,6,1
11390,1920,6,1
11391,1962,12,1
11392,1890,6,1
11393,1900,9,1
11394,1987,6,1
11395,1890,6,1
11396,1992,6,1
11397,1919,12,1
11398,1989,6,1
11399,2003,9,1
11400,2007,9,1
11401,2010,12,1
11402,2012,9,1
11403,1929,9,1
11404,1929,6,1
11405,1992,9,1
11406,1950,9,1
11407,1906,9,1
11408,1970,9,1
11409,1923,6,1
11410,1900,6,1
11411,1900,9,1
11412,1900,9,1
11413,1880,9,1
11414,1900,12,1
11415,1997,9,1
11416,1900,9,1
11417,1936,12,1
11418,1900,12,1
11419,1900,9,1
11420,1900,6,1
11421,1900,9,1
11422,1900,6,1
11423,1900,6,1
11424,1960,9,1
11425,1930,9,1
11426,1910,9,1
11427,2003,9,1
11428,1925,6,1
11429,1995,12,1
11430,1910,12,1
11431,1905,9,1
11432,1900,12,1
11433,1910,6,1
11434,1900,12,1
11435,1991,9,1
11436,1960,9,1
11437,1910,9,1
11438,1987,9,1
11439,1987,9,1
11440,1987,9,1
11441,2017,12,1
11442,2024,12,1
11443,1900,9,1
11444,1998,6,1
11445,1900,9,1
11446,1900,12,1
11447,1900,6,1
11448,1940,12,1
11449,1900,12,1
11450,1900,9,1
11451,1900,9,1
11452,1900,9,1
11453,1900,12,1
11454,1900,9,1
11455,1900,12,1
11456,1960,15,1
11457,1900,6,1
11458,1960,12,1
11459,1900,9,1
11460,1940,9,1
11461,1900,9,1
11462,1900,9,1
11463,1900,6,1
11464,1963,21,1
11465,1963,30,1
11466,1963,21,1
11467,2016,9,1
11468,1900,9,1
11469,1950,12,1
11470,1900,6,1
11471,1993,9,1
11472,1900,9,1
11473,1880,9,1
11474,1900,6,1
11475,1965,3,3
11476,1940,9,1
11477,1900,9,3
11478,1950,3,3
11479,2000,15,1
11480,2004,12,1
11481,1900,6,1
11482,1900,9,1
11483,1963,12,1
11484,1910,9,1
11485,1910,9,1
11486,1936,9,1
11487,1936,9,1
11488,1930,6,1
11489,1880,9,1
11490,1900,9,1
11491,1880,9,1
11492,1995,9,1
11493,1932,12,1
11494,1900,6,1
11495,1900,9,1
11496,1940,6,1
11497,1940,6,3
11498,1880,3,3
11499,1880,6,3
11500,1963,15,1
11501,1958,6,1
11502,1942,9,1
11503,1942,12,1
11504,1990,6,N
11505,1900,15,1
11506,2018,12,1
11507,1900,12,1
11508,1900,9,1
11509,1900,12,1
11510,1900,12,1
11511,1900,9,1
11512,1900,9,1
11513,1900,9,1
11514,1962,15,1
11515,1950,12,1
11516,1900,12,1
11517,1900,9,1
11518,1900,9,1
11519,1900,9,1
11520,1990,9,1
11521,1930,6,1
11522,1920,9,1
11523,1950,15,1
11524,1900,6,1
11525,1900,6,4
11526,1950,9,1
11527,1960,12,1
11528,1920,9,1
11529,1987,9,1
11530,2002,30,1
11531,2000,6,4
11532,1960,18,1
11533,1955,6,1
11534,1958,12,1
11535,1938,9,1
11536,1933,6,1
11537,1952,3,1
11538,2000,15,1
11539,1970,3,3
11540,1955,9,1
11541,1970,12,1
11542,1975,21,1
11543,1955,9,1
11544,1958,9,1
11545,1959,6,1
11546,1962,9,1
11547,2023,6,1
11548,1993,15,1
11549,1888,6,1
11550,1888,6,1
11551,1968,9,1
11552,1917,6,1
11553,1960,9,1
11554,1950,12,1
11555,1931,3,1
11556,1957,9,1
11557,2002,15,1
11558,1990,12,1
11559,1990,12,1
11560,2008,15,1
11561,1975,21,1
11562,1979,15,1
11563,1930,9,1
11564,1958,6,3
11565,2005,9,1
11566,2011,6,1
11567,2020,6,1
11568,1994,15,1
11569,1984,9,1
11570,1997,15,1
11571,1975,9,1
11572,1970,9,1
11573,1978,18,1
11574,1991,15,1
11575,1950,6,1
11576,1920,9,1
11577,1944,9,1
11578,1955,9,1
11579,1950,9,1
11580,1917,15,1
11581,1984,6,1
11582,1926,9,1
11583,2009,15,1
11584,1924,6,1
11585,2016,9,1
11586,1978,21,1
11587,1965,21,1
11588,1995,15,1
11589,1927,9,1
11590,1994,15,1
11591,1946,9,1
11592,1946,6,1
11593,1946,9,1
11594,1942,6,1
11595,1944,6,1
11596,1950,6,4
11597,1920,6,1
11598,1930,6,1
11599,1930,6,1
11600,1930,6,1
11601,1955,9,1
11602,1945,6,1
11603,1942,3,1
11604,1929,9,1
11605,1940,6,1
11606,1973,24,1
11607,1976,21,1
11608,1985,3,1
11609,2001,15,1
11610,2002,15,1
11611,2008,15,1
11612,1943,9,1
11613,2023,15,1
11614,1950,6,3
11615,1950,6,1
11616,2022,15,1
11617,1960,6,1
11618,1962,9,1
11619,1962,9,1
11620,1962,12,1
11621,1963,12,1
11622,1961,9,1
11623,2003,12,1
11624,1961,6,1
11625,1996,21,1
11626,1999,12,1
11627,1999,21,1
11628,1962,9,1
11629,2000,0,N
11630,1960,6,1
11631,1965,9,1
11632,1961,6,1
11633,1961,6,1
11634,1963,6,1
11635,1999,12,1
11636,1983,9,1
11637,1950,6,1
11638,1950,9,1
11639,1950,3,3
11640,1950,6,1
11641,1950,12,1
11642,1950,9,1
11643,1950,12,1
11644,1950,3,1
11645,1950,9,1
11646,1960,9,1
11647,1960,9,1
11648,1960,6,1
11649,1960,12,1
11650,2006,12,1
11651,1960,9,1
11652,1960,6,1
11653,1960,9,1
11654,2000,15,1
11655,2003,6,1
11656,1998,9,1
11657,1998,9,1
11658,2004,6,1
11659,2003,12,1
11660,2000,15,1
11661,2000,9,1
11662,2000,9,1
11663,2016,12,1
11664,2002,9,1
11665,2008,9,1
11666,2000,9,1
11667,1999,12,1
11668,2001,9,1
11669,2003,9,1
11670,2000,15,1
11671,2000,15,1
11672,1999,15,1
11673,2001,12,1
11674,1999,3,1
11675,1983,9,1
11676,1983,12,1
11677,1981,15,1
11678,1996,12,1
11679,2006,9,1
11680,1969,15,1
11681,1969,15,1
11682,1969,15,1
11683,1969,15,1
11684,1969,15,1
11685,1969,15,1
11686,1969,15,1
11687,1969,9,1
11688,1969,15,1
11689,1969,15,1
11690,2005,18,1
11691,2005,15,1
11692,1970,9,1
11693,2008,9,1
11694,1980,6,1
11695,2010,6,1
11696,1980,6,1
11697,1965,6,1
11698,2008,3,1
11699,1970,6,1
11700,1970,6,1
11701,1974,6,1
11702,1970,6,1
11703,1980,9,1
11704,2017,3,1
11705,2020,3,1
11706,2006,15,1
11707,1991,15,1
11708,1975,21,1
11709,1991,9,1
11710,1964,9,1
11711,1960,6,1
11712,1960,3,1
11713,1995,9,1
11714,1973,9,1
11715,1995,6,1
11716,1994,6,1
11717,2003,6,1
11718,1960,3,4
11719,1965,9,1
11720,1962,6,1
11721,1971,6,1
11722,1961,6,1
11723,2000,9,1
11724,2006,9,1
11725,1960,3,1
11726,2002,9,1
11727,1960,9,1
11728,2001,15,1
11729,1961,9,1
11730,1966,9,1
11731,1958,6,1
11732,1950,12,1
11733,1965,6,4
11734,1966,6,1
11735,1954,6,1
11736,2007,15,1
11737,2007,9,1
11738,1964,9,1
11739,1942,9,1
11740,1947,6,3
11741,1962,12,1
11742,1930,3,1
11743,1990,12,1
11744,2022,6,1
11745,2022,3,1
11746,2022,6,1
11747,1930,6,1
11748,1926,9,1
11749,1972,3,3
11750,1990,9,3
11751,1972,3,3
11752,2009,6,3
11753,1962,3,3
11754,2002,3,3
11755,1965,9,3
11756,1972,3,3
11757,1992,3,3
11758,1992,3,3
11759,1992,3,3
11760,1992,3,3
11761,1992,3,3
11762,1992,3,3
11763,1990,12,3
11764,1965,9,3
11765,1972,3,3
11766,2008,15,1
11767,1947,3,3
11768,2000,3,N
11769,2007,15,1
11770,1934,6,3
11771,1940,6,3
11772,1934,6,1
11773,1958,9,3
11774,1920,12,1
11775,1891,9,1
11776,1923,6,4
11777,1968,9,1
11778,1906,6,1
11779,1954,3,1
11780,1924,3,1
11781,1920,6,4
11782,1920,9,1
11783,1920,6,1
11784,1965,9,1
11785,1971,27,1
11786,1934,6,1
11787,1936,6,1
11788,2008,15,1
11789,1950,9,1
11790,1970,12,1
11791,1960,12,1
11792,1995,9,1
11793,1950,6,1
11794,1956,6,1
11795,1955,9,1
11796,2000,15,1
11797,2007,15,1
11798,2008,15,1
11799,1940,6,3
11800,1947,3,3
11801,1940,9,1
11802,1941,12,1
11803,1996,12,1
11804,1943,12,1
11805,1948,9,1
11806,1972,24,1
11807,1973,21,1
11808,1938,9,1
11809,1961,27,1
11810,1949,12,1
11811,1990,9,1
11812,1949,9,1
11813,1999,12,1
11814,2005,12,1
11815,1900,6,1
11816,1947,6,1
11817,1890,9,1
11818,1963,12,1
11819,1929,9,1
11820,1930,9,1
11821,1927,9,1
11822,1947,18,1
11823,1881,9,1
11824,1880,9,1
11825,1898,6,1
11826,1898,6,1
11827,1939,6,1
11828,1931,6,1
11829,1947,6,1
11830,1931,6,1
11831,1938,6,1
11832,1880,6,1
11833,1913,6,1
11834,1951,9,1
11835,1948,6,1
11836,1947,15,1
11837,1946,6,1
11838,1942,6,1
11839,1943,9,1
11840,1941,9,1
11841,1941,9,1
11842,1951,12,1
11843,1941,9,1
11844,1922,9,1
11845,1951,12,1
11846,1943,6,1
11847,1920,6,1
11848,1923,6,1
11849,1928,6,1
11850,1943,6,4
11851,1958,9,1
11852,1975,15,1
11853,1941,9,1
11854,1887,6,1
11855,1932,6,1
11856,1942,6,1
11857,1953,9,1
11858,1932,9,1
11859,1900,6,1
11860,1954,9,1
11861,1935,6,1
11862,1941,9,1
11863,1950,9,1
11864,1918,3,1
11865,1950,9,1
11866,1951,6,1
11867,1936,3,1
11868,1921,3,1
11869,2017,9,1
11870,1990,12,1
11871,1963,6,1
11872,1986,9,1
11873,1941,6,1
11874,1939,6,1
11875,1960,9,1
11876,1900,9,1
11877,1956,9,1
11878,1939,12,1
11879,1929,6,1
11880,1925,9,1
11881,1951,9,1
11882,1980,9,1
11883,1941,12,1
11884,1940,6,1
11885,1931,9,1
11886,1931,9,1
11887,1971,15,1
11888,1991,9,1
11889,1941,9,1
11890,2024,9,1
11891,1952,9,1
11892,1931,6,1
11893,1961,9,1
11894,1943,6,1
11895,1955,9,4
11896,1958,9,1
11897,1928,9,1
11898,1930,9,1
11899,1921,9,1
11900,2002,9,1
11901,2004,12,1
11902,1946,12,1
11903,2014,9,1
11904,2003,9,1
11905,1931,9,1
11906,1951,9,1
11907,1923,6,1
11908,2001,6,1
11909,1921,6,1
11910,1923,6,1
11911,1991,6,1
11912,1950,9,4
11913,1927,9,1
11914,2007,12,1
11915,1973,15,4
11916,2009,12,4
11917,1903,15,4
11918,2019,15,1
11919,1919,9,1
11920,1927,12,1
11921,1880,12,1
11922,2002,12,1
11923,1935,9,1
11924,1981,15,4
11925,1923,12,4
11926,1927,15,1
11927,1917,12,1
11928,1890,15,1
11929,1893,12,1
11930,1929,9,1
11931,1921,9,1
11932,1927,6,1
11933,1941,12,N
11934,1927,6,1
11935,1919,12,1
11936,1925,9,4
11937,1910,9,1
11938,1927,9,1
11939,1990,9,1
11940,2001,12,1
11941,1923,12,1
11942,1939,12,1
11943,1926,6,1
11944,1913,12,1
11945,1943,9,1
11946,1943,6,1
11947,1931,6,1
11948,1991,9,1
11949,1922,12,1
11950,1941,12,1
11951,1947,9,1
11952,1996,9,1
11953,1947,15,1
11954,1977,9,1
11955,1916,6,1
11956,1920,12,1
11957,1917,6,1
11958,1988,9,1
11959,1903,6,4
11960,1956,15,4
11961,1900,15,1
11962,1994,12,1
11963,2000,9,1
11964,1900,9,1
11965,1900,6,1
11966,1900,12,1
11967,1900,9,1
11968,1900,9,1
11969,2009,12,1
11970,2003,9,1
11971,1900,12,4
11972,1900,12,1
11973,1995,15,1
11974,1900,15,1
11975,1900,12,1
11976,1900,12,1
11977,1900,15,1
11978,1900,12,4
11979,1996,3,1
11980,1959,21,1
11981,1959,12,1
11982,1880,15,1
11983,1910,12,1
11984,1910,18,1
11985,1920,12,1
11986,2007,12,1
11987,1910,12,1
11988,1940,6,1
11989,1940,18,4
11990,1996,15,4
11991,2010,18,1
11992,1912,12,1
11993,1912,12,1
11994,2005,15,1
11995,1912,15,1
11996,1999,12,1
11997,1912,9,4
11998,1898,9,4
11999,2022,12,1
12000,1898,9,1
12001,1898,12,1
12002,1898,12,4
12003,1898,9,4
12004,1898,9,4
12005,1898,15,1
12006,1990,12,4
12007,1898,12,1
12008,1898,12,1
12009,1898,9,1
12010,2003,15,4
12011,1898,12,4
12012,1898,18,1
12013,1900,3,4
12014,1898,9,1
12015,2021,15,1
12016,1898,12,1
12017,1992,15,1
12018,1992,15,4
12019,1997,12,4
12020,1898,21,1
12021,1900,18,1
12022,1912,12,1
12023,1900,9,4
12024,1880,9,1
12025,1900,15,1
12026,1900,9,1
12027,1900,9,4
12028,1900,9,1
12029,1935,9,1
12030,1900,9,1
12031,2002,12,1
12032,1900,9,1
12033,1923,12,1
12034,1923,9,1
12035,1900,12,1
12036,1955,12,1
12037,2001,9,1
12038,1900,12,1
12039,1920,12,1
12040,1900,12,1
12041,1900,9,4
12042,1900,9,1
12043,1900,12,1
12044,1900,12,4
12045,2016,12,1
12046,1960,15,1
12047,1900,9,1
12048,1900,15,1
12049,1900,15,1
12050,1900,9,3
12051,1900,12,4
12052,1900,12,1
12053,1900,12,1
12054,1934,15,1
12055,1880,15,1
12056,2008,15,1
12057,1947,9,1
12058,1947,12,1
12059,1947,12,1
12060,1947,15,1
12061,1947,12,1
12062,1991,9,1
12063,1988,15,1
12064,1947,12,1
12065,1947,12,1
12066,1906,12,1
12067,1947,9,4
12068,1947,9,1
12069,1995,12,1
12070,1947,12,1
12071,1890,12,1
12072,1947,3,1
12073,1890,12,4
12074,1895,9,1
12075,1900,6,1
12076,1964,3,1
12077,1936,6,1
12078,1950,6,1
12079,1900,6,1
12080,1994,9,1
12081,1900,6,1
12082,1900,9,1
12083,1890,12,1
12084,1936,12,3
12085,1900,15,4
12086,1927,9,1
12087,1900,6,1
12088,1900,9,1
12089,1890,6,1
12090,1880,6,1
12091,1972,18,1
12092,1900,15,1
12093,1900,9,1
12094,1880,12,1
12095,2002,12,1
12096,2001,9,1
12097,2003,21,1
12098,1900,9,1
12099,1904,9,1
12100,1904,9,1
12101,1904,9,1
12102,1880,9,1
12103,1900,6,1
12104,1880,6,1
12105,1954,9,1
12106,1955,12,1
12107,1920,6,1
12108,1880,9,1
12109,1880,6,1
12110,1880,9,1
12111,1940,12,1
12112,1934,12,1
12113,1928,6,1
12114,1900,6,1
12115,1900,9,4
12116,1900,9,1
12117,1900,6,1
12118,1918,6,1
12119,2005,9,1
12120,1920,9,1
12121,1920,6,1
12122,1900,6,1
12123,1997,9,1
12124,1895,6,1
12125,1990,9,1
12126,1996,6,1
12127,2024,9,1
12128,1997,3,1
12129,1987,9,1
12130,1987,9,1
12131,1987,9,1
12132,1988,9,1
12133,1988,9,1
12134,1991,9,1
12135,1992,9,1
12136,1994,3,4
12137,1967,18,1
12138,1987,6,1
12139,2002,6,1
12140,1880,9,1
12141,1998,9,1
12142,1950,9,1
12143,1930,9,1
12144,1920,6,1
12145,1900,6,1
12146,1880,6,1
12147,1880,9,1
12148,1930,6,1
12149,1890,6,1
12150,1940,6,1
12151,1960,9,1
12152,2006,9,1
12153,1994,9,1
12154,2009,15,4
12155,1930,6,1
12156,1960,12,1
12157,1880,9,1
12158,1900,6,1
12159,1900,6,1
12160,1904,6,1
12161,2005,9,1
12162,1930,3,1
12163,1960,9,1
12164,1920,9,1
12165,1920,9,1
12166,1930,9,1
12167,1890,6,1
12168,1896,6,1
12169,1964,18,1
12170,1915,9,1
12171,1920,3,3
12172,1987,6,1
12173,1900,9,1
12174,1960,12,1
12175,1910,9,1
12176,1880,9,1
12177,1900,6,1
12178,1900,6,1
12179,1900,6,1
12180,1960,6,1
12181,1900,6,1
12182,1900,6,1
12183,1900,9,1
12184,1930,9,1
12185,1987,6,1
12186,1987,6,1
12187,1987,6,1
12188,1987,6,1
12189,1987,6,1
12190,1970,6,4
12191,2003,15,1
12192,2001,12,1
12193,1900,9,1
12194,1930,9,1
12195,1900,6,1
12196,1950,6,1
12197,1900,9,1
12198,1990,9,1
12199,1900,6,1
12200,1900,6,N
12201,1900,9,1
12202,1900,6,1
12203,1900,9,1
12204,1900,9,1
12205,1900,6,1
12206,1900,6,1
12207,2003,9,1
12208,1900,9,1
12209,1900,9,1
12210,1930,9,1
12211,1960,12,1
12212,1960,18,1
12213,1900,9,1
12214,2003,12,1
12215,2009,9,1
12216,2018,9,1
12217,2018,9,1
12218,2018,9,1
12219,1999,12,4
12220,1998,24,1
12221,2000,24,1
12222,2001,21,1
12223,2003,18,1
12224,2001,21,1
12225,1950,9,3
12226,1969,3,4
12227,1979,21,1
12228,1994,15,1
12229,1920,3,1
12230,1965,6,1
12231,1995,15,1
12232,1997,18,1
12233,1900,12,1
12234,1900,6,4
12235,1900,9,1
12236,1962,12,1
12237,1900,6,1
12238,1900,6,1
12239,1900,6,1
12240,1900,6,1
12241,1900,6,1
12242,1900,6,1
12243,1900,6,1
12244,1900,9,1
12245,1900,6,1
12246,1991,9,1
12247,1900,9,1
12248,1920,9,1
12249,1920,9,1
12250,1920,12,1
12251,1920,6,1
12252,1920,9,1
12253,1920,6,1
12254,1940,9,4
12255,1932,9,1
12256,1935,9,1
12257,1998,18,1
12258,1996,15,1
12259,1990,6,3
12260,2000,15,1
12261,1998,18,1
12262,2001,15,1
12263,1950,9,1
12264,1986,9,1
12265,1986,9,1
12266,1988,6,1
12267,1992,15,1
12268,1994,15,1
12269,1986,15,1
12270,1963,15,1
12271,1991,12,3
12272,1936,12,1
12273,1903,3,3
12274,1890,6,3
12275,1892,9,1
12276,1892,3,3
12277,1970,21,1
12278,1962,6,1
12279,1941,6,1
12280,1922,9,1
12281,1922,6,1
12282,1940,6,1
12283,1940,9,1
12284,1938,6,1
12285,1931,9,1
12286,1940,18,1
12287,1989,18,1
12288,1997,15,1
12289,2004,15,1
12290,2003,15,1
12291,2005,15,1
12292,2024,15,1
12293,1994,21,1
12294,1930,12,1
12295,2002,24,1
12296,1930,9,1
12297,2000,9,1
12298,1979,27,1
12299,1925,9,1
12300,1976,27,1
12301,1974,27,1
12302,1977,27,1
12303,1977,30,1
12304,1976,21,1
12305,1980,21,1
12306,1924,9,1
12307,1928,3,1
12308,1930,3,1
12309,1929,3,1
12310,1929,6,1
12311,1932,6,1
12312,1988,12,1
12313,1958,12,1
12314,1934,6,1
12315,1934,3,1
12316,1932,6,1
12317,1958,9,1
12318,1956,6,1
12319,1957,3,4
12320,1930,3,1
12321,2006,6,1
12322,1910,6,1
12323,1922,6,1
12324,1970,21,1
12325,1940,6,1
12326,1954,12,1
12327,1930,6,1
12328,1958,9,1
12329,2007,15,1
12330,2000,15,1
12331,2000,9,1
12332,1910,9,1
12333,1900,6,1
12334,1910,6,1
12335,1900,9,1
12336,1925,9,1
12337,1922,6,1
12338,1992,15,1
12339,1996,12,1
12340,1991,15,1
12341,1930,3,1
12342,1928,3,1
12343,1954,6,1
12344,1992,9,1
12345,1929,6,1
12346,2000,15,1
12347,1996,9,1
12348,1928,6,N
12349,1930,9,1
12350,1990,9,1
12351,1989,6,1
12352,1989,6,1
12353,1991,15,1
12354,1988,6,1
12355,1970,15,1
12356,1981,15,1
12357,2003,15,1
12358,2003,21,1
12359,1950,6,4
12360,1930,3,1
12361,2018,12,1
12362,2004,9,1
12363,1996,9,1
12364,2003,12,1
12365,1998,9,1
12366,2002,9,1
12367,2002,6,1
12368,2003,9,1
12369,2004,6,4
12370,1992,3,3
12371,2006,3,4
12372,2007,6,4
12373,1999,12,1
12374,1999,18,1
12375,1999,9,1
12376,2021,9,1
12377,1999,12,1
12378,2000,3,N
12379,2003,9,1
12380,2000,9,1
12381,2000,15,1
12382,2001,9,1
12383,1960,6,1
12384,1960,12,1
12385,1960,3,1
12386,1957,9,1
12387,1957,12,1
12388,1960,9,1
12389,1960,6,1
12390,1960,9,1
12391,1960,9,1
12392,1960,9,1
12393,1960,9,1
12394,1965,12,1
12395,1970,9,1
12396,1960,9,1
12397,1960,6,1
12398,1960,12,1
12399,1960,6,1
12400,1960,6,1
12401,1960,3,1
12402,1960,6,1
12403,1996,9,1
12404,1998,12,1
12405,2003,15,1
12406,2002,15,1
12407,2008,12,1
12408,1960,9,1
12409,1960,9,1
12410,2022,6,4
12411,2022,12,4
12412,2007,15,1
12413,2019,15,1
12414,2007,15,1
12415,2007,15,1
12416,2024,15,1
12417,2006,15,1
12418,2005,15,1
12419,2005,18,1
12420,1988,6,3
12421,1998,3,3
12422,1974,3,3
12423,1974,3,3
12424,1974,3,3
12425,1974,6,4
12426,1974,3,3
12427,1971,3,3
12428,1974,3,3
12429,1974,6,4
12430,1974,3,3
12431,1988,6,3
12432,1991,6,3
12433,1991,6,3
12434,1991,6,3
12435,1991,6,3
12436,1991,3,3
12437,1991,6,3
12438,1991,3,3
12439,1991,6,3
12440,1991,6,3
12441,1991,6,3
12442,1989,6,3
12443,1989,6,3
12444,1989,6,3
12445,1988,3,3
12446,1988,3,3
12447,1988,6,3
12448,1988,3,3
12449,1982,3,3
12450,1974,3,3
12451,1974,3,3
12452,1974,3,3
12453,1974,3,3
12454,1974,3,3
12455,2015,0,3
12456,1991,3,3
12457,1996,6,3
12458,1974,3,3
12459,1974,3,3
12460,1974,3,3
12461,1974,3,3
12462,1974,3,3
12463,1984,9,1
12464,1970,9,1
12465,1963,12,1
12466,1965,6,3
12467,2001,15,1
12468,1948,9,1
12469,1960,12,1
12470,1962,9,1
12471,1965,3,3
12472,1983,12,1
12473,1965,9,1
12474,1965,9,1
12475,1950,15,1
12476,1940,6,1
12477,1995,9,1
12478,1960,3,1
12479,1957,9,1
12480,1955,9,1
12481,1945,6,1
12482,1963,3,1
12483,1936,3,3
12484,1930,9,1
12485,1933,3,1
12486,1955,6,1
12487,1953,9,1
12488,1958,9,1
12489,1930,3,1
12490,1930,3,1
12491,2001,15,1
12492,2006,15,1
12493,2001,9,1
12494,1997,12,1
12495,1990,9,1
12496,1978,3,3
12497,1965,12,1
12498,1964,6,1
12499,1969,9,3
12500,1971,6,1
12501,1968,9,1
12502,1990,9,1
12503,1990,9,1
12504,1990,9,1
12505,1997,9,1
12506,1996,9,1
12507,1998,9,1
12508,1997,12,1
12509,1994,9,1
12510,1999,15,1
12511,1998,15,1
12512,1963,9,1
12513,2002,15,1
12514,1998,15,1
12515,2000,18,1
12516,1998,15,1
12517,2002,15,1
12518,2007,15,1
12519,1999,15,1
12520,1955,9,1
12521,1955,12,1
12522,1961,9,1
12523,1950,6,1
12524,1950,6,1
12525,1950,6,1
12526,1960,12,1
12527,1956,3,1
12528,1954,6,1
12529,1997,9,1
12530,1941,3,1
12531,1967,12,1
12532,1959,9,1
12533,2004,15,1
12534,1970,3,4
12535,1999,6,4
12536,1978,6,4
12537,1929,3,1
12538,1941,3,1
12539,1954,6,1
12540,2009,15,1
12541,1997,9,1
12542,1945,6,1
12543,1929,6,1
12544,1945,6,1
12545,1920,9,1
12546,1970,9,1
12547,1978,3,1
12548,1960,9,1
12549,1950,9,1
12550,1933,9,1
12551,1954,3,1
12552,1935,3,1
12553,1935,6,1
12554,2001,9,1
12555,2006,6,3
12556,2006,12,1
12557,1926,6,1
12558,2010,15,1
12559,2019,15,1
12560,1983,15,1
12561,1940,9,1
12562,1910,6,1
12563,1910,6,1
12564,1950,3,1
12565,1920,3,3
12566,1950,9,1
12567,1999,9,1
12568,1940,12,1
12569,2000,15,1
12570,1930,6,1
12571,1989,9,1
12572,1992,15,1
12573,1940,6,1
12574,1950,6,1
12575,1950,6,1
12576,1989,9,1
12577,1989,15,1
12578,2002,15,1
12579,2019,15,1
12580,1900,6,3
12581,1900,12,1
12582,1900,6,1
12583,1900,6,1
12584,1992,9,1
12585,1900,6,1
12586,1900,6,1
12587,1900,9,1
12588,1966,12,1
12589,1900,9,1
12590,1999,12,1
12591,1900,3,3
12592,1960,15,1
12593,1960,18,1
12594,1900,12,1
12595,1936,12,1
12596,1900,12,3
12597,1900,6,1
12598,1970,18,1
12599,1963,6,1
12600,1943,3,1
12601,1936,6,1
12602,1900,6,1
12603,1900,6,1
12604,1900,6,3
12605,1998,12,1
12606,1930,6,1
12607,1900,6,1
12608,1900,6,1
12609,2010,15,1
12610,1905,6,1
12611,1905,6,1
12612,1905,6,1
12613,1905,6,1
12614,1905,9,1
12615,1905,6,1
12616,1905,6,1
12617,1987,6,1
12618,1905,6,1
12619,1908,9,1
12620,1910,6,1
12621,1998,3,1
12622,1908,9,1
12623,1908,12,1
12624,2001,12,1
12625,1900,6,1
12626,1905,6,1
12627,1900,6,1
12628,1900,3,1
12629,1900,9,1
12630,1905,12,1
12631,1905,6,1
12632,1905,6,1
12633,1905,6,1
12634,1905,12,1
12635,1905,6,1
12636,1905,12,1
12637,1990,9,1
12638,1905,6,1
12639,1905,9,1
12640,1987,3,3
12641,2001,15,1
12642,1930,9,1
12643,1950,9,1
12644,1883,6,1
12645,1880,9,4
12646,1900,6,4
12647,1880,6,1
12648,1880,3,4
12649,1880,6,1
12650,1880,6,1
12651,1990,12,1
12652,1880,6,1
12653,1900,6,1
12654,1900,9,1
12655,1900,9,1
12656,1985,12,1
12657,1883,12,1
12658,1900,6,1
12659,1900,12,1
12660,1900,9,1
12661,1900,12,1
12662,1900,9,1
12663,1900,6,1
12664,1900,9,1
12665,1900,12,1
12666,1900,12,1
12667,1900,3,1
12668,1900,9,1
12669,1900,6,1
12670,1900,3,1
12671,1900,9,1
12672,1880,6,1
12673,1880,6,3
12674,1880,6,1
12675,1880,6,1
12676,1880,9,1
12677,1880,9,1
12678,1880,6,1
12679,1880,6,1
12680,1880,9,1
12681,1936,9,1
12682,2004,9,1
12683,2004,9,1
12684,2004,9,1
12685,2004,9,1
12686,1998,9,1
12687,1999,9,1
12688,1933,9,1
12689,1933,6,1
12690,1933,9,1
12691,1943,12,1
12692,1935,6,1
12693,1900,9,1
12694,1933,12,1
12695,1923,9,1
12696,1957,9,1
12697,1951,15,1
12698,1912,9,1
12699,1953,9,1
12700,1910,3,1
12701,1947,9,1
12702,1956,12,1
12703,1994,6,1
12704,1895,9,1
12705,1919,6,1
12706,1931,9,1
12707,1926,6,1
12708,1929,6,1
12709,1923,6,1
12710,1960,12,1
12711,1951,6,1
12712,1886,12,1
12713,1920,9,1
12714,1931,6,1
12715,1917,9,1
12716,1952,9,1
12717,1880,9,1
12718,1946,9,1
12719,1928,9,1
12720,1900,9,1
12721,1935,12,1
12722,1953,9,1
12723,1939,9,1
12724,2007,15,1
12725,1931,9,1
12726,1951,9,1
12727,1920,9,1
12728,1935,9,1
12729,1930,6,1
12730,1927,6,1
12731,1931,9,1
12732,1927,9,1
12733,1995,12,1
12734,2015,9,1
12735,1931,6,1
12736,2000,9,1
12737,2000,3,1
12738,2002,12,1
12739,2003,15,1
12740,2008,12,1
12741,2010,9,1
12742,1945,6,1
12743,1910,6,1
12744,1950,6,1
12745,2022,9,1
12746,1945,6,1
12747,1992,12,1
12748,1950,6,1
12749,1945,9,1
12750,1940,6,4
12751,1940,12,4
12752,1995,12,1
12753,1901,9,1
12754,2009,9,1
12755,1919,9,1
12756,1909,9,1
12757,1923,12,1
12758,1931,9,1
12759,1957,12,1
12760,1943,9,4
12761,1941,9,1
12762,1952,9,1
12763,1943,6,1
12764,1941,9,1
12765,1941,9,1
12766,1930,9,1
12767,1931,12,1
12768,1900,9,1
12769,1880,9,1
12770,1929,6,1
12771,1943,6,1
12772,1904,6,1
12773,1931,6,1
12774,1904,9,1
12775,1919,9,4
12776,2003,12,1
12777,1929,9,1
12778,2004,6,1
12779,1921,6,1
12780,1992,9,4
12781,1957,12,1
12782,1925,15,1
12783,1957,12,1
12784,1757,12,1
12785,1918,12,1
12786,1957,9,4
12787,1957,12,1
12788,1957,12,1
12789,1938,12,1
12790,1957,12,1
12791,1957,15,1
12792,1957,9,4
12793,1957,12,1
12794,1957,12,1
12795,1900,12,1
12796,1957,12,1
12797,1900,12,4
12798,1957,12,1
12799,1957,15,1
12800,1957,15,1
12801,1945,6,4
12802,1957,12,1
12803,1900,9,1
12804,1996,9,1
12805,1957,12,3
12806,1947,12,1
12807,1900,6,1
12808,1947,12,4
12809,1947,12,4
12810,1900,9,3
12811,1956,12,1
12812,1900,9,1
12813,1956,12,4
12814,1900,9,3
12815,1947,3,3
12816,1957,18,1
12817,1957,12,1
12818,1986,12,4
12819,1957,15,1
12820,1900,12,4
12821,1880,12,4
12822,1991,12,4
12823,1957,15,4
12824,2001,15,1
12825,1900,12,4
12826,1947,15,4
12827,1947,12,1
12828,1947,15,1
12829,1947,12,1
12830,1900,9,4
12831,1947,12,4
12832,1947,9,4
12833,1947,12,4
12834,2002,12,1
12835,1947,6,1
12836,1947,12,1
12837,1880,6,1
12838,1947,6,3
12839,1947,21,1
12840,1947,12,4
12841,1947,6,4
12842,1947,6,4
12843,1947,6,1
12844,2005,12,1
12845,1881,9,1
12846,1947,12,4
12847,1876,15,1
12848,1947,12,1
12849,2006,12,4
12850,1980,21,1
12851,1947,15,1
12852,1947,12,1
12853,1947,15,1
12854,1947,12,3
12855,1947,9,1
12856,1918,12,1
12857,1900,9,1
12858,1880,9,1
12859,1947,12,1
12860,1947,12,1
12861,1926,9,1
12862,1916,12,1
12863,1967,12,1
12864,1947,12,1
12865,1947,12,1
12866,1947,9,1
12867,1930,9,1
12868,1947,9,1
12869,1947,9,1
12870,1905,12,1
12871,2009,15,1
12872,1947,9,4
12873,1991,15,1
12874,1942,12,4
12875,1880,12,4
12876,1929,15,4
12877,1979,18,1
12878,1947,9,1
12879,1928,9,1
12880,1927,9,1
12881,1929,12,1
12882,1947,6,1
12883,1942,9,1
12884,1943,12,1
12885,2012,12,1
12886,1983,18,1
12887,1976,12,1
12888,1931,12,4
12889,1930,9,1
12890,1959,6,4
12891,1940,6,4
12892,1957,9,1
12893,1947,9,1
12894,1946,6,1
12895,1947,12,1
12896,1977,18,1
12897,1979,18,1
12898,1979,18,1
12899,1979,18,1
12900,1979,12,1
12901,1979,15,1
12902,1931,15,4
12903,1927,9,4
12904,1976,12,1
12905,1930,6,4
12906,1953,9,4
12907,1900,15,1
12908,1943,21,1
12909,1905,3,4
12910,1962,15,4
12911,1991,6,1
12912,1900,6,4
12913,1910,3,1
12914,1934,6,1
12915,1936,6,1
12916,1904,12,1
12917,1950,3,3
12918,1972,21,1
12919,1930,9,4
12920,2010,15,4
12921,1900,6,1
12922,1900,6,4
12923,1900,12,4
12924,2020,12,1
12925,2023,15,1
12926,2006,12,4
12927,1970,15,1
12928,1972,21,1
12929,1972,18,1
12930,1936,6,1
12931,1936,9,1
12932,1936,12,1
12933,1900,9,4
12934,1914,6,4
12935,1900,9,1
12936,1900,12,1
12937,1895,6,1
12938,1880,6,4
12939,1950,12,1
12940,1997,9,1
12941,1987,6,1
12942,2006,9,1
12943,1900,9,1
12944,1930,9,1
12945,1880,12,1
12946,1900,6,1
12947,1900,6,1
12948,1936,15,1
12949,1900,9,1
12950,1900,6,1
12951,1900,6,1
12952,1900,9,1
12953,1935,12,1
12954,1900,6,1
12955,1972,3,1
12956,1936,9,1
12957,1997,9,1
12958,1905,6,4
12959,1945,9,4
12960,1960,0,1
12961,2006,15,1
12962,2021,9,1
12963,2021,9,1
12964,1930,9,1
12965,2009,9,1
12966,2001,9,1
12967,1954,12,1
12968,1902,9,1
12969,1984,6,1
12970,1890,6,1
12971,1890,6,1
12972,1910,6,1
12973,1890,6,1
12974,1900,6,1
12975,1900,6,1
12976,1900,6,1
12977,1991,6,1
12978,1957,15,1
12979,1900,6,1
12980,1991,6,1
12981,2018,6,1
12982,2019,9,1
12983,2019,6,1
12984,2018,6,1
12985,2019,6,1
12986,2018,6,1
12987,2018,6,1
12988,2018,6,1
12989,2008,9,1
12990,1908,3,3
12991,1880,6,1
12992,1880,6,1
12993,1900,9,1
12994,1903,12,1
12995,1982,9,1
12996,1934,9,1
12997,1930,6,1
12998,1897,9,1
12999,1930,9,1
13000,1926,6,1
13001,1880,9,1
13002,1928,9,1
13003,1996,9,1
13004,2001,12,1
13005,1990,18,1
13006,1990,6,1
13007,1990,6,1
13008,1990,6,1
13009,1990,6,1
13010,1990,6,1
13011,1990,6,1
13012,1990,9,1
13013,1990,6,1
13014,1990,6,1
13015,1990,6,1
13016,1990,6,1
13017,1990,6,1
13018,2000,6,4
13019,1990,9,1
13020,1990,9,1
13021,1990,9,1
13022,1990,9,1
13023,1990,9,1
13024,1990,9,1
13025,1990,9,1
13026,1990,9,1
13027,1990,9,1
13028,1990,9,1
13029,1990,9,1
13030,1990,9,1
13031,1990,9,1
13032,1990,9,1
13033,1930,9,4
13034,1960,3,3
13035,1968,9,1
13036,1930,9,1
13037,1930,12,1
13038,1930,9,1
13039,1970,18,1
13040,1970,21,1
13041,1975,21,1
13042,1930,12,1
13043,1965,12,1
13044,1930,9,4
13045,1930,3,1
13046,1930,6,3
13047,1965,24,1
13048,1965,3,3
13049,1971,21,1
13050,1930,9,1
13051,1930,6,1
13052,1930,15,1
13053,1985,15,1
13054,1970,27,1
13055,1999,9,3
13056,1950,12,3
13057,1960,18,1
13058,1930,12,1
13059,2010,15,1
13060,1930,6,4
13061,1970,21,1
13062,1980,15,1
13063,1998,15,1
13064,1982,15,1
13065,1984,21,1
13066,1950,12,1
13067,1938,12,1
13068,2007,15,1
13069,1979,21,1
13070,1980,18,1
13071,1980,18,1
13072,1960,9,4
13073,1959,6,1
13074,1938,6,1
13075,1991,15,1
13076,1938,6,1
13077,1938,6,1
13078,1930,3,3
13079,1980,18,1
13080,1930,9,1
13081,1993,12,1
13082,1990,15,1
13083,1930,9,1
13084,1930,6,1
13085,1930,15,1
13086,2020,15,1
13087,1955,12,3
13088,1965,3,3
13089,1991,21,4
13090,1965,9,4
13091,2008,9,4
13092,2020,12,1
13093,2018,12,1
13094,2009,12,1
13095,2002,9,1
13096,1930,6,1
13097,1940,6,1
13098,1940,6,1
13099,1997,9,1
13100,2014,12,1
13101,2000,9,1
13102,1998,9,1
13103,1999,9,1
13104,1998,12,1
13105,1997,9,1
13106,1999,12,1
13107,1997,9,1
13108,2004,12,1
13109,1999,9,1
13110,2004,12,1
13111,2001,12,1
13112,2006,12,1
13113,2019,21,1
13114,2007,33,1
13115,2008,24,1
13116,2008,21,1
13117,2008,21,1
13118,2006,21,1
13119,2006,21,1
13120,1935,6,1
13121,2020,9,1
13122,1925,6,1
13123,1925,9,1
13124,1925,6,1
13125,1989,9,1
13126,1925,6,1
13127,1930,6,1
13128,1925,6,1
13129,1930,12,1
13130,1957,6,1
13131,1930,12,1
13132,1978,18,1
13133,1963,3,3
13134,1950,6,1
13135,1996,9,1
13136,1900,9,1
13137,1989,6,3
13138,1998,9,1
13139,1931,3,1
13140,1996,12,1
13141,1970,15,1
13142,1954,6,1
13143,1930,6,1
13144,1930,3,1
13145,1925,6,1
13146,1998,15,1
13147,1955,3,3
13148,1970,3,3
13149,1960,9,1
13150,1950,12,1
13151,1958,12,1
13152,1955,9,1
13153,2024,15,1
13154,2021,9,1
13155,1965,6,1
13156,1930,6,1
13157,1929,9,1
13158,1991,6,1
13159,1945,6,3
13160,1900,6,3
13161,2006,15,1
13162,2006,15,1
13163,1900,3,3
13164,1900,6,3
13165,1900,6,3
13166,2000,0,N
13167,1991,9,1
13168,1910,6,1
13169,1920,6,1
13170,1920,6,1
13171,1920,6,1
13172,1910,6,1
13173,1920,6,1
13174,1968,12,1
13175,1945,9,1
13176,1940,6,1
13177,1910,6,1
13178,1910,6,1
13179,1910,6,1
13180,1880,9,1
13181,1945,6,1
13182,1940,6,1
13183,1991,6,1
13184,1940,6,1
13185,1940,6,1
13186,1920,9,1
13187,1930,6,1
13188,1920,6,1
13189,1930,6,1
13190,1920,6,1
13191,1920,6,1
13192,2020,12,1
13193,2020,12,1
13194,2020,12,1
13195,1993,12,1
13196,1930,9,1
13197,1930,9,1
13198,1930,9,1
13199,1930,6,1
13200,1930,6,1
13201,1930,12,4
13202,1930,6,1
13203,1930,6,1
13204,1940,12,1
13205,1940,15,1
13206,1940,12,1
13207,1903,9,1
13208,1973,18,1
13209,1940,9,1
13210,1920,6,1
13211,1940,9,1
13212,1940,9,1
13213,1921,9,1
13214,1943,9,1
13215,1940,9,1
13216,1900,6,1
13217,1990,12,1
13218,1910,9,1
13219,1910,6,1
13220,1910,6,4
13221,1910,9,1
13222,1910,6,1
13223,1939,6,1
13224,1910,6,1
13225,1938,3,1
13226,1980,3,3
13227,2008,15,1
13228,1970,15,1
13229,1921,9,1
13230,1932,6,1
13231,1955,9,1
13232,1900,15,3
13233,1935,9,1
13234,1950,9,1
13235,1920,6,4
13236,2012,9,1
13237,1900,6,1
13238,1946,9,4
13239,1950,9,4
13240,1970,9,1
13241,1900,6,1
13242,1930,9,1
13243,1930,15,4
13244,1940,6,1
13245,1945,9,1
13246,1955,9,1
13247,1889,6,1
13248,1960,6,1
13249,1960,9,1
13250,1930,9,1
13251,1937,6,1
13252,1925,9,1
13253,1955,9,1
13254,1906,12,1
13255,2022,9,1
13256,2022,9,1
13257,1900,9,1
13258,1900,12,1
13259,1950,9,1
13260,1900,6,1
13261,1940,6,1
13262,1900,6,1
13263,1900,9,1
13264,2008,12,1
13265,2009,6,3
13266,2009,21,1
13267,2008,21,1
13268,2008,21,1
13269,2011,12,1
13270,2010,12,1
13271,2005,15,1
13272,2007,24,4
13273,2006,21,1
13274,1900,6,4
13275,2006,15,1
13276,2007,27,1
13277,2004,18,1
13278,2005,18,1
13279,1900,9,4
13280,1900,9,4
13281,1900,9,4
13282,2003,24,1
13283,2004,30,1
13284,1900,15,1
13285,1900,9,1
13286,1936,12,1
13287,1936,12,1
13288,1960,18,1
13289,1936,9,1
13290,1927,12,1
13291,1900,6,1
13292,1996,9,1
13293,1980,9,1
13294,2004,3,1
13295,1957,3,4
13296,1992,12,1
13297,1905,9,1
13298,1931,6,1
13299,1930,9,1
13300,2003,9,1
13301,2000,12,1
13302,1930,12,1
13303,1930,9,1
13304,2011,12,1
13305,2001,12,1
13306,1900,9,1
13307,1992,12,1
13308,1993,12,4
13309,1947,15,1
13310,2001,12,1
13311,1955,12,1
13312,1890,9,1
13313,1900,9,1
13314,1900,6,1
13315,1900,6,1
13316,1980,18,1
13317,1896,9,1
13318,1979,18,1
13319,1998,9,1
13320,1936,15,1
13321,1950,3,3
13322,1997,15,1
13323,2000,15,1
13324,1900,9,1
13325,2007,9,1
13326,2014,12,1
13327,1990,9,1
13328,1990,3,1
13329,1942,12,1
13330,1942,12,1
13331,1942,6,1
13332,1918,9,1
13333,1991,9,1
13334,1942,12,1
13335,1942,6,1
13336,1910,9,1
13337,2005,9,1
13338,1942,15,4
13339,1997,12,1
13340,2004,9,1
13341,1992,12,1
13342,2000,6,1
13343,2000,9,1
13344,2000,9,1
13345,2020,12,4
13346,2020,18,1
13347,1989,6,1
13348,1890,12,1
13349,1940,12,1
13350,1939,12,1
13351,1939,9,1
13352,1939,9,1
13353,1939,9,1
13354,1940,6,1
13355,1911,6,1
13356,1940,12,1
13357,1940,9,1
13358,1940,6,1
13359,2014,12,1
13360,1939,12,1
13361,1935,6,1
13362,1939,6,1
13363,1932,9,1
13364,1970,18,1
13365,1935,6,1
13366,1939,12,1
13367,1939,12,1
13368,1939,9,1
13369,1939,6,1
13370,2009,12,1
13371,1929,9,4
13372,1951,6,1
13373,1921,6,1
13374,1920,12,1
13375,1931,6,1
13376,1900,9,4
13377,1929,6,3
13378,1922,9,1
13379,1931,6,1
13380,1910,12,1
13381,1910,6,1
13382,1900,9,1
13383,1880,9,1
13384,1950,15,1
13385,1964,12,1
13386,1963,15,1
13387,1940,9,1
13388,1880,12,1
13389,1910,12,1
13390,1910,9,1
13391,1940,12,1
13392,1994,12,4
13393,1880,12,1
13394,1890,9,1
13395,1890,9,1
13396,1970,9,1
13397,1890,6,1
13398,1920,9,1
13399,1989,9,1
13400,1963,9,1
13401,1920,9,1
13402,1920,6,4
13403,1930,9,1
13404,1930,6,1
13405,1920,9,4
13406,1979,18,1
13407,1900,9,1
13408,1938,9,1
13409,1984,9,1
13410,1945,9,1
13411,1940,6,1
13412,1933,9,1
13413,1929,9,1
13414,1938,9,1
13415,1990,9,1
13416,2007,9,1
13417,2004,3,3
13418,1900,9,1
13419,2016,9,1
13420,1967,21,1
13421,1916,9,1
13422,1948,9,1
13423,1900,9,4
13424,2021,6,1
13425,1917,3,1
13426,1970,18,1
13427,1968,18,1
13428,1988,12,1
13429,2005,12,1
13430,1990,6,1
13431,1880,12,1
13432,1902,9,1
13433,1880,12,1
13434,1963,21,1
13435,1978,9,1
13436,1990,21,1
13437,1976,9,1
13438,1979,3,4
13439,1978,15,1
13440,1939,6,1
13441,1967,27,1
13442,1967,27,1
13443,1988,6,1
13444,1880,9,1
13445,1997,9,1
13446,1900,6,4
13447,1900,9,1
13448,1966,21,1
13449,1900,12,1
13450,1900,12,1
13451,1900,9,1
13452,1940,12,1
13453,1920,12,1
13454,1969,21,1
13455,1970,21,1
13456,1968,24,1
13457,1900,12,1
13458,1900,9,4
13459,1930,12,1
13460,1900,12,1
13461,1900,9,4
13462,2003,9,1
13463,1900,9,1
13464,1930,9,1
13465,2002,12,1
13466,1980,24,4
13467,1890,6,1
13468,1900,9,1
13469,1880,9,1
13470,1892,12,1
13471,2006,9,1
13472,1970,15,1
13473,2008,12,1
13474,1900,6,1
13475,1900,6,1
13476,1900,6,1
13477,1890,6,1
13478,1900,6,1
13479,1975,15,4
13480,1980,6,4
13481,1988,9,1
13482,1962,15,1
13483,1900,6,1
13484,1900,9,1
13485,1960,18,1
13486,1890,9,3
13487,1988,9,1
13488,2010,9,1
13489,2012,12,1
13490,1972,42,1
13491,1969,39,1
13492,1973,42,1
13493,1898,12,4
13494,1880,9,1
13495,1891,9,1
13496,1880,9,1
13497,1986,18,1
13498,1978,15,1
13499,1971,3,3
13500,2000,6,N
13501,1930,12,1
13502,1900,6,1
13503,1996,12,1
13504,1976,18,1
13505,1970,24,1
13506,1887,9,1
13507,1890,9,1
13508,1900,9,1
13509,1900,12,1
13510,1900,12,1
13511,1900,9,1
13512,1900,9,1
13513,1988,9,1
13514,1940,9,4
13515,1905,9,4
13516,1930,6,1
13517,1932,9,1
13518,1905,6,1
13519,1905,6,1
13520,1988,9,1
13521,1988,9,1
13522,1988,9,1
13523,2000,6,1
13524,2001,12,1
13525,1905,9,1
13526,1965,21,1
13527,1990,6,1
13528,1900,9,1
13529,1936,12,1
13530,1880,9,1
13531,1983,9,1
13532,2005,15,1
13533,1997,12,4
13534,1936,3,3
13535,1936,9,1
13536,1990,6,1
13537,1990,6,1
13538,1990,6,1
13539,1990,6,1
13540,1988,9,1
13541,1936,12,3
13542,1915,9,1
13543,1991,12,1
13544,1991,9,1
13545,1914,6,1
13546,2013,12,1
13547,1885,6,1
13548,1936,6,1
13549,1954,6,1
13550,1936,9,1
13551,1936,6,1
13552,1898,6,1
13553,1886,6,1
13554,1936,6,1
13555,1931,6,1
13556,1919,9,1
13557,1999,18,1
13558,1963,15,4
13559,2002,15,1
13560,1917,6,1
13561,1900,6,1
13562,1900,6,1
13563,1908,6,1
13564,1936,6,1
13565,1910,9,1
13566,1900,6,1
13567,1919,3,3
13568,1919,12,1
13569,1936,6,1
13570,1936,9,1
13571,1900,6,1
13572,1900,9,1
13573,1936,12,1
13574,1936,9,1
13575,1991,9,1
13576,2004,15,1
13577,2007,15,1
13578,1900,9,1
13579,1900,9,1
13580,1900,6,1
13581,1900,6,1
13582,1900,15,1
13583,1966,12,1
13584,1900,6,1
13585,1900,12,1
13586,1910,9,1
13587,1900,6,1
13588,1900,6,1
13589,2001,9,1
13590,1880,6,1
13591,1900,9,1
13592,1900,9,1
13593,1930,6,1
13594,1992,12,1
13595,1901,9,1
13596,1997,9,1
13597,1915,6,1
13598,1900,9,1
13599,1900,9,1
13600,1900,9,1
13601,1900,9,1
13602,1900,6,1
13603,1900,9,1
13604,2009,18,1
13605,1998,18,1
13606,2002,15,1
13607,1950,9,1
13608,1955,9,1
13609,1940,3,1
13610,1945,6,1
13611,1921,3,1
13612,1940,3,1
13613,1945,3,1
13614,1945,9,1
13615,1960,24,1
13616,1935,15,1
13617,1990,9,1
13618,1950,9,1
13619,1920,3,1
13620,1985,9,1
13621,2001,15,1
13622,2004,15,1
13623,2009,3,4
13624,2018,15,1
13625,1985,21,1
13626,1930,6,3
13627,1970,18,1
13628,1930,3,1
13629,1930,6,1
13630,1930,12,1
13631,1935,9,1
13632,1960,9,1
13633,1930,6,1
13634,1985,9,1
13635,1936,9,1
13636,1930,3,1
13637,1930,12,3
13638,1987,18,1
13639,1986,18,1
13640,2003,24,1
13641,2021,6,1
13642,1930,6,1
13643,1970,9,1
13644,1998,15,1
13645,2001,9,1
13646,2001,9,1
13647,1930,3,1
13648,2000,15,1
13649,1960,6,1
13650,2003,12,1
13651,2006,15,1
13652,2003,15,1
13653,2003,15,1
13654,1930,9,1
13655,2022,9,1
13656,2022,9,1
13657,2024,15,1
13658,1930,6,4
13659,1935,9,1
13660,1935,9,1
13661,1930,12,1
13662,1950,9,1
13663,1935,9,1
13664,1930,6,1
13665,1997,15,1
13666,1972,12,4
13667,1930,3,3
13668,1950,9,1
13669,1978,15,1
13670,1935,12,1
13671,1930,6,1
13672,1935,6,1
13673,1930,9,1
13674,1930,6,1
13675,1930,6,1
13676,1958,12,1
13677,1930,6,1
13678,1975,21,1
13679,1930,6,1
13680,1935,6,1
13681,1930,9,1
13682,1969,9,1
13683,1975,21,1
13684,1973,21,1
13685,1935,6,1
13686,2001,15,1
13687,1930,9,3
13688,2006,15,1
13689,1955,12,1
13690,1933,6,1
13691,1970,12,1
13692,1933,6,1
13693,2016,9,1
13694,1930,3,1
13695,1933,6,1
13696,1965,15,1
13697,1933,3,1
13698,1933,9,1
13699,1933,6,1
13700,1975,21,1
13701,1943,9,1
13702,1929,9,1
13703,1952,12,1
13704,1950,9,1
13705,1933,12,1
13706,1933,12,1
13707,1933,6,1
13708,1932,3,1
13709,2001,15,1
13710,1960,12,4
13711,1970,3,3
13712,1945,6,3
13713,1945,9,1
13714,1945,9,1
13715,1936,3,1
13716,1930,6,1
13717,1930,9,1
13718,1930,12,1
13719,1930,9,1
13720,1930,6,1
13721,1979,21,1
13722,1980,21,1
13723,1982,15,1
13724,1982,15,1
13725,1982,3,1
13726,2000,15,1
13727,2021,6,1
13728,2020,9,1
13729,2022,9,1
13730,1996,12,1
13731,1930,6,1
13732,1955,3,1
13733,1957,3,1
13734,1991,9,1
13735,1930,9,1
13736,1930,6,1
13737,2013,6,1
13738,1930,6,1
13739,1990,9,1
13740,1993,15,1
13741,1994,18,1
13742,1992,15,1
13743,1993,15,1
13744,1994,18,1
13745,1995,18,1
13746,1998,18,1
13747,1995,6,1
13748,2002,15,1
13749,2022,9,1
13750,2019,9,1
13751,2020,9,1
13752,1950,12,1
13753,2000,27,1
13754,2001,15,1
13755,1940,6,1
13756,1940,6,1
13757,2014,9,1
13758,1940,9,3
13759,1943,9,1
13760,1945,9,1
13761,2001,12,1
13762,1950,3,1
13763,1996,12,1
13764,1999,12,1
13765,1999,12,1
13766,2006,12,1
13767,2006,6,1
13768,2010,12,1
13769,2007,12,1
13770,2011,12,1
13771,1999,15,1
13772,1995,21,1
13773,1994,27,1
13774,1996,21,1
13775,2004,12,1
13776,2001,12,1
13777,1999,12,1
13778,1970,12,1
13779,2003,12,1
13780,1996,12,1
13781,2012,12,1
13782,2000,12,1
13783,1998,12,1
13784,1998,12,1
13785,1996,9,1
13786,2020,12,1
13787,2000,12,1
13788,1996,12,1
13789,2002,12,1
13790,1996,24,1
13791,2024,33,1
13792,2007,33,1
13793,2006,33,1
13794,2006,33,1
13795,2000,3,3
13796,1990,6,3
13797,1939,3,3
13798,1990,6,3
13799,1965,3,3
13800,1950,3,3
13801,1965,6,3
13802,2008,6,3
13803,1940,9,3
13804,1979,6,3
13805,1993,6,3
13806,1993,6,3
13807,1993,6,3
13808,1993,6,4
13809,1993,6,3
13810,1993,3,3
13811,1980,3,3
13812,1994,9,4
13813,1979,3,3
13814,1979,6,3
13815,1950,12,3
13816,1950,6,3
13817,1988,6,3
13818,1950,3,3
13819,1950,3,1
13820,1988,6,3
13821,1988,6,3
13822,1988,6,3
13823,1994,6,3
13824,2007,15,1
13825,2007,15,1
13826,1950,6,3
13827,1998,9,4
13828,2021,9,4
13829,1993,6,3
13830,1950,3,3
13831,1987,3,3
13832,1993,6,3
13833,1967,12,3
13834,1960,3,3
13835,1960,3,3
13836,1950,9,1
13837,1950,6,1
13838,1953,6,1
13839,2020,6,1
13840,2008,12,1
13841,1999,6,1
13842,1940,6,1
13843,1988,3,4
13844,1960,3,3
13845,1960,6,3
13846,1960,3,3
13847,1960,3,3
13848,2003,12,1
13849,1915,6,1
13850,1913,6,1
13851,1913,9,1
13852,1890,6,1
13853,1913,9,1
13854,1912,9,1
13855,1913,9,1
13856,1910,9,1
13857,1910,6,1
13858,1907,6,1
13859,1913,9,1
13860,1913,9,1
13861,1900,9,1
13862,1900,6,1
13863,1900,6,1
13864,1900,6,1
13865,1900,3,1
13866,1900,3,3
13867,1910,9,1
13868,1920,3,3
13869,2006,21,1
13870,1900,6,1
13871,1920,6,1
13872,1920,6,1
13873,1910,9,1
13874,1912,9,1
13875,1913,9,1
13876,1940,12,3
13877,2002,15,1
13878,1981,15,1
13879,1950,9,1
13880,2015,9,1
13881,1953,6,1
13882,1930,9,1
13883,1896,6,1
13884,1950,6,1
13885,1950,6,1
13886,2006,9,1
13887,1900,6,1
13888,1960,9,1
13889,1972,9,1
13890,1958,9,1
13891,1890,9,1
13892,1880,6,1
13893,1940,9,1
13894,1890,9,1
13895,1880,12,1
13896,1890,9,1
13897,1890,6,1
13898,1950,9,1
13899,1890,6,1
13900,2001,6,1
13901,1978,18,1
13902,1965,12,1
13903,2002,15,1
13904,1987,12,1
13905,1987,12,1
13906,1987,12,1
13907,1987,12,1
13908,1987,12,1
13909,1993,18,1
13910,1986,6,1
13911,1986,6,1
13912,1986,6,1
13913,1986,9,1
13914,1986,6,1
13915,1986,6,1
13916,1986,6,1
13917,1986,9,1
13918,1986,6,1
13919,1986,6,1
13920,1986,6,1
13921,1986,6,1
13922,1986,6,1
13923,1986,6,1
13924,1994,6,1
13925,1995,6,4
13926,2001,12,1
13927,2000,15,1
13928,1932,15,1
13929,1885,15,1
13930,1917,18,4
13931,1999,12,1
13932,1986,15,1
13933,1997,15,1
13934,1900,12,4
13935,1941,15,1
13936,1900,9,1
13937,1933,12,1
13938,1941,12,4
13939,1973,30,1
13940,1949,9,1
13941,1951,9,1
13942,1941,15,1
13943,1941,9,4
13944,1951,12,1
13945,1949,12,1
13946,1943,12,1
13947,1950,12,1
13948,1973,30,1
13949,1931,9,1
13950,1931,9,1
13951,1941,9,1
13952,1947,9,1
13953,1943,9,1
13954,1942,12,1
13955,1951,9,1
13956,1941,12,1
13957,1908,6,1
13958,1950,6,3
13959,2011,9,1
13960,1908,9,1
13961,2000,15,1
13962,2000,9,1
13963,1947,12,1
13964,1947,12,1
13965,1923,12,1
13966,1923,9,3
13967,1923,9,1
13968,1923,12,4
13969,1923,9,1
13970,1923,12,1
13971,1972,15,1
13972,1923,6,1
13973,1928,12,1
13974,1928,12,4
13975,2007,12,1
13976,1928,9,1
13977,2000,12,1
13978,1928,6,1
13979,1928,6,4
13980,1923,6,3
13981,1923,12,1
13982,1923,12,1
13983,2005,6,1
13984,1900,6,1
13985,1900,3,3
13986,1900,6,1
13987,1900,6,1
13988,1900,9,1
13989,1900,6,1
13990,1900,6,1
13991,1900,6,1
13992,1900,6,1
13993,1900,6,1
13994,1900,6,1
13995,1926,9,1
13996,1958,15,1
13997,1988,6,1
13998,1940,6,4
13999,2002,9,1
14000,1890,9,1
14001,1900,9,1
14002,1900,9,1
14003,1900,9,1
14004,1900,9,1
14005,1900,9,1
14006,1900,9,1
14007,1900,9,1
14008,1900,9,1
14009,1914,9,1
14010,1936,9,1
14011,1936,12,1
14012,1936,15,1
14013,1936,15,1
14014,1964,33,1
14015,1980,24,1
14016,1963,18,1
14017,1936,9,4
14018,1988,12,1
14019,1900,6,1
14020,1900,6,1
14021,1900,9,1
14022,1900,6,1
14023,1900,6,1
14024,1900,6,1
14025,1906,6,1
14026,1993,6,1
14027,1900,6,1
14028,1900,6,1
14029,2000,9,1
14030,1900,6,1
14031,1900,6,1
14032,1900,6,1
14033,1900,6,1
14034,1900,6,1
14035,1900,6,1
14036,1988,6,1
14037,1988,6,1
14038,1988,6,1
14039,2002,15,1
14040,2010,9,1
14041,1889,12,1
14042,1915,15,1
14043,1960,9,1
14044,2004,12,1
14045,1937,9,1
14046,1880,9,1
14047,1970,9,1
14048,1970,9,1
14049,1890,6,1
14050,1928,9,1
14051,1995,9,1
14052,1918,6,1
14053,1960,12,1
14054,1945,6,1
14055,1895,9,1
14056,1945,9,4
14057,1880,6,1
14058,1900,12,1
14059,1916,9,1
14060,1880,9,1
14061,1880,6,1
14062,1892,9,1
14063,2007,9,1
14064,1918,9,1
14065,1950,12,1
14066,1928,9,1
14067,1892,9,1
14068,1914,6,1
14069,1918,9,1
14070,2023,9,1
14071,1921,9,1
14072,1996,9,1
14073,1996,12,1
14074,1925,12,1
14075,1893,9,1
14076,2009,6,1
14077,1910,9,1
14078,1900,6,1
14079,1994,9,1
14080,1990,6,4
14081,1880,6,1
14082,1925,12,1
14083,1910,6,1
14084,1910,9,1
14085,1910,6,1
14086,1915,12,1
14087,1910,9,1
14088,1998,9,1
14089,1910,9,1
14090,1912,9,1
14091,1905,9,1
14092,1905,9,1
14093,1880,9,1
14094,1910,9,1
14095,1910,9,1
14096,1910,9,1
14097,1910,6,4
14098,1880,6,1
14099,1900,9,1
14100,1900,6,1
14101,1910,9,1
14102,1910,9,1
14103,1910,6,1
14104,1900,9,1
14105,1880,6,1
14106,1880,6,1
14107,2009,9,1
14108,1885,6,1
14109,1918,9,4
14110,1943,15,1
14111,1945,6,1
14112,1916,9,1
14113,1880,9,4
14114,1881,9,1
14115,1918,9,1
14116,1975,18,1
14117,1939,15,1
14118,1915,15,1
14119,1900,9,1
14120,1953,9,1
14121,1953,18,1
14122,2004,12,1
14123,1963,18,1
14124,1993,15,1
14125,1972,24,1
14126,1962,9,4
14127,1962,15,1
14128,1963,15,1
14129,1971,12,1
14130,1885,9,1
14131,1956,15,1
14132,1947,6,1
14133,2008,9,1
14134,1885,9,1
14135,1945,9,1
14136,1898,9,1
14137,1880,9,1
14138,1900,9,1
14139,1910,6,1
14140,1900,6,1
14141,1984,9,1
14142,1984,9,1
14143,1984,9,1
14144,1900,6,1
14145,1900,6,1
14146,1900,9,1
14147,2021,9,1
14148,1900,6,1
14149,1900,9,1
14150,1880,6,1
14151,1900,9,1
14152,1985,9,1
14153,1880,6,1
14154,1880,6,1
14155,1957,3,1
14156,1880,6,1
14157,1986,6,1
14158,1930,9,1
14159,1942,12,1
14160,1880,6,1
14161,1900,6,1
14162,1985,9,1
14163,1880,9,1
14164,1890,6,1
14165,1900,6,1
14166,1900,6,1
14167,1900,6,1
14168,1900,6,1
14169,1900,6,1
14170,1900,6,1
14171,1900,9,1
14172,1900,6,1
14173,1900,9,1
14174,1880,6,1
14175,1880,9,1
14176,1900,6,1
14177,1880,9,1
14178,1900,9,1
14179,1910,9,1
14180,1900,9,1
14181,1900,6,1
14182,1880,6,1
14183,1900,6,1
14184,1900,6,1
14185,1880,6,1
14186,1986,6,1
14187,1986,6,1
14188,1900,6,1
14189,1880,6,3
14190,1910,9,1
14191,1890,9,1
14192,1890,6,3
14193,1897,6,1
14194,1915,6,1
14195,1930,9,1
14196,1913,6,1
14197,1880,9,1
14198,1880,6,1
14199,1880,9,1
14200,2000,9,1
14201,1880,6,1
14202,1999,6,1
14203,1880,6,1
14204,1880,9,1
14205,1900,6,1
14206,1932,9,1
14207,1993,9,1
14208,1936,6,1
14209,1900,6,1
14210,1880,9,1
14211,1932,6,1
14212,1987,6,1
14213,1900,6,1
14214,1900,9,1
14215,1940,9,1
14216,1939,12,1
14217,1920,6,1
14218,1890,9,1
14219,2005,9,1
14220,1936,9,1
14221,1940,12,1
14222,1936,12,1
14223,1900,6,1
14224,1880,12,1
14225,1964,6,1
14226,1998,6,1
14227,1900,9,1
14228,1900,6,1
14229,1880,6,1
14230,1927,12,1
14231,1898,15,1
14232,1965,24,1
14233,1965,18,4
14234,1895,15,1
14235,1967,15,1
14236,1900,12,1
14237,1939,12,1
14238,1900,6,1
14239,1880,9,4
14240,1900,9,1
14241,1900,9,1
14242,1900,6,1
14243,2009,15,1
14244,2009,9,1
14245,2011,9,1
14246,1996,18,1
14247,1982,15,1
14248,1900,12,1
14249,1900,9,1
14250,1900,9,1
14251,1950,15,1
14252,1900,9,1
14253,1936,12,1
14254,1985,6,1
14255,1985,6,1
14256,1985,6,1
14257,1985,6,1
14258,1985,6,1
14259,1985,6,1
14260,1985,6,1
14261,1985,6,1
14262,1985,6,1
14263,1989,12,1
14264,1987,3,1
14265,1987,3,1
14266,1987,3,1
14267,2007,9,1
14268,1995,18,1
14269,1900,9,1
14270,1900,6,1
14271,1900,6,1
14272,1900,6,1
14273,1943,12,4
14274,2002,15,1
14275,2005,15,1
14276,2008,18,1
14277,2001,33,1
14278,2002,33,1
14279,1943,6,1
14280,1950,6,1
14281,1962,6,1
14282,1931,3,1
14283,1961,6,1
14284,1957,6,1
14285,1949,9,1
14286,2015,9,1
14287,1971,9,1
14288,1922,6,1
14289,1987,9,1
14290,1937,6,1
14291,1920,6,1
14292,1912,6,1
14293,1905,9,1
14294,1900,3,1
14295,1910,3,1
14296,1917,9,1
14297,1917,9,1
14298,1910,6,1
14299,1958,12,1
14300,1910,6,1
14301,1910,6,1
14302,1998,9,1
14303,1954,6,1
14304,1912,6,1
14305,1921,9,1
14306,1938,6,1
14307,1931,3,1
14308,1931,9,1
14309,1987,12,1
14310,2017,15,1
14311,2017,15,1
14312,1941,3,1
14313,2023,9,1
14314,1946,6,1
14315,1941,3,1
14316,1963,6,1
14317,1944,6,1
14318,1951,6,1
14319,1935,3,1
14320,1929,6,1
14321,1990,9,1
14322,1941,6,1
14323,1949,9,1
14324,1915,12,1
14325,1931,6,4
14326,1962,12,1
14327,1946,6,1
14328,1946,6,1
14329,1935,9,4
14330,2003,15,1
14331,1921,9,1
14332,2008,24,1
14333,1958,9,3
14334,1936,6,1
14335,1951,9,1
14336,1933,12,1
14337,1950,12,1
14338,1936,6,1
14339,1912,6,1
14340,1937,9,1
14341,1915,3,1
14342,1990,12,1
14343,1935,6,1
14344,1952,9,1
14345,1957,9,1
14346,1961,12,1
14347,1948,9,3
14348,1921,6,1
14349,1949,15,1
14350,1949,15,1
14351,1950,6,1
14352,1931,9,1
14353,1939,6,1
14354,1980,6,1
14355,1913,3,1
14356,1919,3,1
14357,1919,6,1
14358,1973,21,1
14359,1946,6,1
14360,1912,6,1
14361,1931,12,1
14362,2023,6,1
14363,1968,15,1
14364,1956,9,1
14365,1913,3,1
14366,1912,3,1
14367,1951,9,3
14368,1992,15,1
14369,1950,6,3
14370,2009,6,1
14371,1960,6,4
14372,1977,27,1
14373,1980,30,1
14374,1979,21,1
14375,1979,21,1
14376,1978,21,1
14377,1978,21,1
14378,1940,3,1
14379,1940,3,3
14380,1930,9,1
14381,1930,6,1
14382,1959,9,1
14383,1930,9,1
14384,1930,9,1
14385,1930,9,1
14386,1932,9,1
14387,1930,9,1
14388,1980,9,1
14389,1980,9,1
14390,1980,9,1
14391,1980,9,1
14392,1980,9,1
14393,1980,9,1
14394,1980,9,1
14395,1980,9,1
14396,1980,9,1
14397,1980,9,1
14398,1980,9,1
14399,1980,9,1
14400,1980,9,1
14401,1980,12,1
14402,1980,9,1
14403,1983,9,1
14404,1980,6,1
14405,1980,9,1
14406,1980,9,1
14407,1980,9,1
14408,1980,6,1
14409,1960,3,3
14410,1982,12,1
14411,1982,12,1
14412,1982,12,1
14413,1982,12,1
14414,1980,9,1
14415,1980,9,1
14416,1980,9,1
14417,1980,9,1
14418,1980,9,1
14419,1980,9,1
14420,1980,9,1
14421,1980,9,1
14422,1982,12,1
14423,1982,12,1
14424,1991,15,1
14425,1970,3,3
14426,1989,15,1
14427,1990,18,1
14428,1979,21,1
14429,1981,21,1
14430,1978,21,1
14431,1978,21,1
14432,1986,15,1
14433,1975,18,1
14434,1976,21,1
14435,1977,21,1
14436,1989,15,1
14437,1988,15,1
14438,1986,15,1
14439,1988,15,1
14440,1985,3,1
14441,1985,15,1
14442,1986,15,1
14443,1996,18,4
14444,1995,27,1
14445,2004,9,1
14446,1996,12,1
14447,1997,9,1
14448,1997,9,1
14449,1995,12,1
14450,2005,3,1
14451,1998,9,1
14452,1998,12,1
14453,1999,21,1
14454,1996,15,1
14455,2003,12,1
14456,1999,9,1
14457,1996,9,1
14458,1996,6,1
14459,2001,12,1
14460,1998,27,1
14461,1975,33,1
14462,1975,33,1
14463,1975,33,1
14464,1975,33,1
14465,1975,45,1
14466,1975,45,1
14467,1975,45,1
14468,1975,45,1
14469,1975,45,1
14470,1975,33,1
14471,1975,33,1
14472,1975,48,1
14473,1975,6,4
14474,1992,3,4
14475,1997,3,3
14476,1994,30,1
14477,1992,6,4
14478,1992,6,1
14479,1975,18,1
14480,1975,18,1
14481,1975,51,1
14482,1975,3,4
14483,1975,3,4
14484,1970,3,3
14485,1975,18,1
14486,1975,18,1
14487,1975,18,1
14488,1975,18,1
14489,1975,18,1
14490,1975,3,4
14491,1975,3,4
14492,1975,51,1
14493,1900,3,4
14494,1900,3,3
14495,1900,3,3
14496,2000,3,N
14497,1990,3,3
14498,1993,3,3
14499,2000,3,N
14500,1986,6,3
14501,1962,3,3
14502,1992,6,3
14503,2000,6,3
14504,1940,9,3
14505,1987,3,3
14506,1960,6,3
14507,1940,12,1
14508,2014,9,3
14509,1964,6,3
14510,1987,3,3
14511,1987,3,3
14512,1998,6,3
14513,1930,6,1
14514,1920,6,1
14515,1984,12,1
14516,1900,6,1
14517,1900,6,1
14518,1970,21,1
14519,1915,6,1
14520,1908,6,1
14521,1930,12,1
14522,1930,6,1
14523,1945,6,1
14524,1909,9,1
14525,1930,6,1
14526,1945,12,3
14527,1972,3,3
14528,1955,3,3
14529,1955,3,3
14530,2007,21,1
14531,1920,6,1
14532,1895,6,1
14533,1995,6,1
14534,1928,9,1
14535,1931,6,1
14536,1994,12,1
14537,1930,3,1
14538,1905,3,1
14539,1930,6,1
14540,1925,3,1
14541,1933,6,1
14542,1996,6,1
14543,1930,3,1
14544,2010,6,1
14545,1931,3,1
14546,1931,3,1
14547,1950,9,1
14548,1920,6,1
14549,1920,9,1
14550,2009,18,1
14551,2021,15,1
14552,1930,9,1
14553,1930,9,1
14554,1930,6,1
14555,1930,6,1
14556,1930,6,1
14557,1930,9,1
14558,1930,6,1
14559,1930,6,1
14560,1930,6,1
14561,1930,6,1
14562,1930,6,1
14563,1930,6,1
14564,1930,6,1
14565,1930,6,1
14566,1930,6,1
14567,1930,6,1
14568,1944,9,1
14569,1930,6,1
14570,1930,3,1
14571,1930,3,1
14572,1930,6,1
14573,1930,3,1
14574,2021,9,1
14575,1930,3,1
14576,1950,6,1
14577,1940,9,1
14578,1945,9,1
14579,1986,9,1
14580,1950,9,1
14581,1930,3,4
14582,1929,6,1
14583,1940,12,1
14584,2002,15,1
14585,2005,15,1
14586,2007,15,1
14587,1930,6,3
14588,1930,6,3
14589,1930,6,3
14590,1930,6,3
14591,1930,6,3
14592,1930,6,3
14593,1930,9,3
14594,1930,9,3
14595,1930,6,3
14596,1930,3,3
14597,1930,3,3
14598,1930,3,3
14599,1930,6,3
14600,1930,6,3
14601,1930,6,3
14602,1930,6,3
14603,1930,6,3
14604,1930,6,3
14605,1930,6,3
14606,1999,18,1
14607,2003,48,1
14608,1995,15,1
14609,1975,12,1
14610,1935,9,1
14611,1880,6,1
14612,1950,9,1
14613,2006,9,1
14614,2008,9,1
14615,1999,9,1
14616,1950,9,1
14617,1950,9,1
14618,1975,3,1
14619,1980,9,1
14620,1950,6,N
14621,2000,6,1
14622,2007,9,1
14623,1905,9,1
14624,1907,12,1
14625,1910,9,1
14626,1955,6,1
14627,1970,9,1
14628,1950,6,1
14629,2016,9,1
14630,1960,6,1
14631,2006,12,4
14632,2012,21,1
14633,2010,21,1
14634,2010,21,1
14635,2018,9,1
14636,1923,9,1
14637,1936,18,3
14638,1950,9,3
14639,1910,6,1
14640,1910,6,1
14641,1931,9,1
14642,1917,6,1
14643,1910,6,1
14644,1910,6,1
14645,1890,6,1
14646,1900,6,1
14647,1926,6,1
14648,1900,9,1
14649,1900,6,1
14650,1901,6,1
14651,2016,9,1
14652,1958,12,1
14653,1900,12,1
14654,1964,9,1
14655,1940,6,1
14656,1950,6,1
14657,1910,6,1
14658,1905,9,1
14659,1900,9,1
14660,1903,9,1
14661,1930,9,1
14662,1890,6,1
14663,1935,6,1
14664,1924,9,1
14665,1930,6,1
14666,1880,6,1
14667,1920,9,1
14668,1900,9,1
14669,1900,6,1
14670,1950,9,1
14671,1900,9,1
14672,1920,9,1
14673,1964,6,4
14674,1898,6,1
14675,1967,12,1
14676,1965,15,1
14677,1942,6,1
14678,1989,12,1
14679,1890,6,1
14680,1880,6,1
14681,1900,6,1
14682,1990,9,1
14683,1880,6,1
14684,1905,6,1
14685,1910,6,1
14686,1980,3,1
14687,2001,15,1
14688,1900,6,1
14689,1900,6,1
14690,2002,3,3
14691,2006,15,1
14692,2008,15,1
14693,2024,15,1
14694,1961,18,1
14695,1900,12,1
14696,1960,6,1
14697,1880,6,1
14698,1880,6,1
14699,1936,9,1
14700,1900,9,1
14701,1900,9,1
14702,1900,6,1
14703,1895,6,1
14704,1895,9,1
14705,1976,15,1
14706,1930,6,1
14707,1900,9,1
14708,1900,6,1
14709,1900,12,1
14710,1900,9,1
14711,1900,9,1
14712,1900,9,1
14713,1936,9,1
14714,1900,9,4
14715,1900,6,1
14716,1900,6,1
14717,2003,9,1
14718,1900,9,1
14719,1936,9,1
14720,1940,6,1
14721,1915,6,1
14722,1968,15,1
14723,2012,9,4
14724,1956,9,4
14725,1957,15,1
14726,1880,12,1
14727,1946,9,1
14728,1930,9,1
14729,1945,9,1
14730,2001,9,1
14731,2001,6,1
14732,2005,9,1
14733,2005,9,1
14734,2006,9,1
14735,1900,9,1
14736,2023,9,1
14737,1950,9,4
14738,1885,6,1
14739,1990,9,1
14740,1940,12,1
14741,1880,12,1
14742,1880,12,1
14743,1992,9,4
14744,1992,9,4
14745,1880,12,1
14746,1936,15,1
14747,1985,3,1
14748,1900,9,1
14749,1900,9,1
14750,1900,9,1
14751,1900,6,1
14752,1880,6,1
14753,1880,6,1
14754,1880,6,1
14755,1880,9,1
14756,1900,9,1
14757,1895,12,1
14758,1900,12,1
14759,1900,9,1
14760,1880,6,1
14761,1936,6,1
14762,1880,6,1
14763,1900,6,1
14764,1880,9,1
14765,1900,9,1
14766,2008,9,1
14767,1900,6,1
14768,1900,6,1
14769,1900,6,1
14770,1900,6,1
14771,1991,9,1
14772,1926,15,1
14773,1900,9,1
14774,1900,6,1
14775,1900,6,1
14776,1900,9,1
14777,1900,6,1
14778,1890,6,1
14779,1885,12,1
14780,1900,12,1
14781,1900,9,1
14782,1900,6,1
14783,1962,12,1
14784,1900,9,1
14785,1890,6,1
14786,1890,6,1
14787,1905,6,1
14788,1892,9,1
14789,1905,6,1
14790,1900,9,1
14791,1900,9,1
14792,1880,9,1
14793,1900,6,1
14794,1936,9,1
14795,1950,12,1
14796,1970,15,4
14797,1986,6,1
14798,1986,6,1
14799,2012,6,1
14800,1902,9,4
14801,1992,6,1
14802,2005,9,1
14803,1974,9,1
14804,2001,6,1
14805,1900,9,1
14806,1900,6,1
14807,1900,12,1
14808,1900,9,1
14809,1900,9,1
14810,1900,6,1
14811,1900,9,4
14812,1900,9,4
14813,1900,9,4
14814,1900,12,1
14815,1900,9,4
14816,1909,12,1
14817,1920,6,4
14818,1910,15,1
14819,2006,9,1
14820,1912,3,3
14821,1990,3,N
14822,1920,9,1
14823,1900,9,1
14824,1900,15,1
14825,1963,9,1
14826,1900,6,1
14827,1945,9,1
14828,1900,9,1
14829,1900,15,1
14830,1900,6,4
14831,1900,6,1
14832,1900,6,1
14833,1900,6,1
14834,1997,6,1
14835,1997,6,1
14836,2006,9,1
14837,1900,12,1
14838,1976,9,1
14839,1900,9,1
14840,1900,12,1
14841,1900,9,1
14842,1993,9,1
14843,1890,12,1
14844,1900,12,1
14845,1915,9,1
14846,1900,9,1
14847,1900,9,1
14848,1910,9,1
14849,1920,9,4
14850,1900,9,1
14851,1989,9,1
14852,1989,9,1
14853,1989,6,1
14854,1976,3,1
14855,1900,9,1
14856,1994,9,1
14857,2000,9,1
14858,2000,9,1
14859,2003,9,1
14860,2005,9,1
14861,1900,9,1
14862,2003,6,1
14863,2005,9,1
14864,2020,9,1
14865,1936,9,4
14866,1880,12,1
14867,1900,9,1
14868,1890,9,1
14869,1916,9,4
14870,1940,9,4
14871,1962,6,4
14872,1936,9,1
14873,1936,9,1
14874,1910,15,1
14875,1936,12,1
14876,1900,12,1
14877,1890,9,1
14878,1936,6,1
14879,1936,6,1
14880,1936,9,1
14881,1900,18,4
14882,1936,9,1
14883,1927,9,1
14884,1900,12,1
14885,1900,9,4
14886,1962,12,1
14887,1900,12,1
14888,1900,9,1
14889,1990,12,1
14890,1905,6,1
14891,1880,6,1
14892,1990,9,1
14893,1900,12,1
14894,1920,9,1
14895,1936,15,1
14896,1990,9,1
14897,1900,9,1
14898,1954,18,1
14899,1965,21,1
14900,1900,9,1
14901,1900,9,1
14902,1880,12,1
14903,1880,12,1
14904,1880,9,1
14905,1920,9,1
14906,1910,12,1
14907,1880,12,1
14908,2002,9,1
14909,1980,15,1
14910,1880,6,1
14911,1880,9,1
14912,1880,6,1
14913,1880,9,1
14914,1880,9,1
14915,1910,6,1
14916,1945,9,1
14917,1980,15,1
14918,1900,3,3
14919,1952,6,1
14920,1900,6,1
14921,1920,12,1
14922,1926,12,1
14923,1880,12,1
14924,1945,9,1
14925,1943,9,1
14926,1900,9,1
14927,2007,9,1
14928,1962,6,1
14929,1900,6,1
14930,1900,6,1
14931,1890,9,1
14932,1880,6,1
14933,1880,6,1
14934,1930,6,1
14935,1942,9,1
14936,1946,6,1
14937,1967,12,1
14938,1960,6,1
14939,1900,6,1
14940,1900,6,1
14941,1880,9,1
14942,1965,9,1
14943,1900,12,1
14944,1920,6,1
14945,1998,9,1
14946,1900,12,1
14947,1936,6,1
14948,1936,6,1
14949,1880,9,1
14950,1880,9,1
14951,1900,9,1
14952,1918,15,1
14953,1896,9,1
14954,1900,9,1
14955,1945,12,1
14956,1900,12,1
14957,1880,9,1
14958,1900,9,1
14959,1902,9,1
14960,1966,12,1
14961,1936,12,1
14962,1936,12,1
14963,1880,12,1
14964,1978,21,1
14965,1880,9,4
14966,1936,9,1
14967,1936,6,1
14968,1960,6,1
14969,1976,9,1
14970,1936,12,1
14971,1902,9,1
14972,1902,9,1
14973,1902,9,1
14974,1880,9,1
14975,1936,3,1
14976,1900,9,1
14977,1920,9,3
14978,1900,6,1
14979,1900,6,1
14980,1930,9,1
14981,1900,9,1
14982,1993,18,1
14983,1992,6,1
14984,1987,6,1
14985,1987,6,1
14986,1987,6,1
14987,1936,12,1
14988,1920,9,1
14989,1900,12,1
14990,1920,12,1
14991,1920,15,1
14992,1968,18,4
14993,1900,12,1
14994,1880,6,1
14995,1880,9,1
14996,1880,9,1
14997,1900,9,1
14998,1994,9,1
14999,1993,12,1
15000,1900,12,1
15001,1900,9,1
15002,1996,12,1
15003,1950,12,1
15004,2000,12,1
15005,2000,15,1
15006,1925,6,1
15007,1880,9,1
15008,1900,12,1
15009,1900,9,1
15010,1956,18,1
15011,1900,12,1
15012,2006,6,1
15013,1900,6,1
15014,1900,9,1
15015,1920,12,1
15016,1900,9,1
15017,1900,12,1
15018,1992,6,1
15019,1992,6,1
15020,1900,6,1
15021,1900,6,1
15022,1900,9,1
15023,1900,9,1
15024,1900,9,1
15025,1880,9,1
15026,1900,6,1
15027,1900,9,1
15028,1900,9,1
15029,1900,9,1
15030,1900,9,1
15031,1900,6,1
15032,1880,6,1
15033,2011,9,1
15034,1901,6,1
15035,1900,9,1
15036,1880,6,1
15037,1900,9,1
15038,1900,9,1
15039,1923,9,1
15040,1880,15,1
15041,1890,9,1
15042,1900,12,1
15043,1900,12,1
15044,1900,9,1
15045,1900,9,1
15046,1900,9,1
15047,1900,12,1
15048,1997,15,1
15049,2010,15,1
15050,2009,18,1
15051,2010,18,1
15052,2007,6,4
15053,2000,18,1
15054,1980,3,3
15055,1936,27,1
15056,2002,15,1
15057,2006,15,1
15058,2008,9,1
15059,2007,15,1
15060,1950,6,4
15061,1900,6,1
15062,1950,6,1
15063,2022,9,1
15064,1950,6,1
15065,1960,9,1
15066,1950,3,1
15067,1950,6,1
15068,1950,6,1
15069,1950,6,1
15070,1955,6,1
15071,1950,9,1
15072,1920,9,1
15073,1920,9,1
15074,1950,15,1
15075,1955,6,1
15076,1955,6,1
15077,1965,21,1
15078,2007,15,1
15079,1960,6,1
15080,1955,3,1
15081,1950,3,1
15082,1932,9,1
15083,1955,9,1
15084,1915,6,1
15085,1960,18,1
15086,1965,12,3
15087,1965,12,3
15088,1990,12,1
15089,1990,12,1
15090,1947,3,1
15091,1955,6,1
15092,2006,15,1
15093,1950,9,1
15094,1955,9,1
15095,2007,15,1
15096,1950,12,1
15097,1945,3,4
15098,1950,9,1
15099,2020,6,1
15100,1955,6,1
15101,1922,6,1
15102,1915,3,1
15103,1986,9,1
15104,1960,9,1
15105,1921,6,1
15106,1965,9,1
15107,1906,3,1
15108,2005,6,1
15109,1917,6,1
15110,1920,6,1
15111,1955,6,1
15112,2003,15,1
15113,1996,15,1
15114,1970,12,1
15115,1945,3,1
15116,1960,6,1
15117,1988,9,1
15118,1988,12,1
15119,2021,12,1
15120,1950,9,1
15121,2023,6,1
15122,1950,9,1
15123,1945,3,1
15124,1950,6,1
15125,1975,9,1
15126,1998,15,1
15127,2001,15,1
15128,1955,9,1
15129,1950,3,1
15130,1970,3,1
15131,2005,15,1
15132,2002,15,1
15133,1965,12,1
15134,1960,9,1
15135,1950,3,1
15136,1945,9,1
15137,1945,6,1
15138,1945,6,1
15139,1933,6,1
15140,1945,3,1
15141,2003,12,1
15142,1945,6,1
15143,1945,3,1
15144,1923,3,1
15145,1945,3,1
15146,1950,9,1
15147,1950,6,1
15148,1945,6,1
15149,1940,6,1
15150,1945,6,1
15151,1945,6,1
15152,1950,6,1
15153,1945,6,1
15154,1950,9,1
15155,1950,6,1
15156,1931,3,1
15157,1940,15,1
15158,1975,3,3
15159,1975,21,1
15160,1965,12,1
15161,1957,3,4
15162,1950,3,3
15163,1950,9,1
15164,1945,3,1
15165,1945,9,1
15166,1960,6,1
15167,1960,6,1
15168,1960,6,1
15169,1960,6,1
15170,1960,9,1
15171,1960,3,3
15172,1950,6,1
15173,1955,12,1
15174,1950,9,1
15175,1945,6,1
15176,1955,9,1
15177,1950,12,1
15178,1990,12,1
15179,1955,6,1
15180,1955,6,1
15181,1940,9,1
15182,1940,3,1
15183,1945,6,1
15184,1945,6,1
15185,1940,6,1
15186,1940,3,1
15187,1958,3,1
15188,1940,6,1
15189,1960,9,1
15190,1984,6,1
15191,1979,21,1
15192,1945,6,1
15193,1950,9,1
15194,1950,6,1
15195,1945,6,1
15196,2000,15,1
15197,2002,9,1
15198,1950,6,1
15199,1950,9,1
15200,1950,6,1
15201,1965,6,1
15202,1950,6,1
15203,1960,6,1
15204,1960,6,1
15205,1960,6,1
15206,1960,6,1
15207,1960,6,1
15208,1960,6,1
15209,1990,12,1
15210,1978,12,1
15211,1945,9,1
15212,1950,9,1
15213,1950,9,1
15214,1950,6,1
15215,1950,6,1
15216,1950,6,1
15217,1950,6,1
15218,1950,6,1
15219,1950,6,1
15220,1950,3,3
15221,1950,3,3
15222,1955,3,3
15223,1975,21,1
15224,1960,18,1
15225,1955,9,1
15226,1950,3,1
15227,1950,9,1
15228,1950,9,1
15229,1950,6,1
15230,1950,6,1
15231,1950,3,1
15232,2008,15,1
15233,1950,6,1
15234,1950,6,1
15235,1950,6,1
15236,1950,9,1
15237,1950,6,1
15238,1950,3,1
15239,1950,3,1
15240,1950,6,1
15241,1950,3,1
15242,1950,6,1
15243,1950,6,1
15244,1950,6,1
15245,1950,6,1
15246,1955,6,1
15247,1950,6,1
15248,1950,6,1
15249,1950,6,1
15250,1958,6,1
15251,1950,6,1
15252,1958,6,1
15253,1950,6,1
15254,1959,6,1
15255,1958,6,1
15256,1950,6,1
15257,1972,24,1
15258,1978,21,1
15259,1980,12,1
15260,1998,15,1
15261,1950,9,3
15262,1950,12,1
15263,1950,15,1
15264,1984,21,1
15265,2007,21,1
15266,2011,15,1
15267,2021,6,1
15268,2022,6,1
15269,1939,9,1
15270,1957,9,1
15271,1994,9,1
15272,1939,9,1
15273,2021,6,1
15274,1942,9,1
15275,1999,9,1
15276,2000,15,1
15277,1998,9,1
15278,1991,15,1
15279,1987,12,1
15280,1992,12,1
15281,2008,15,1
15282,1983,15,1
15283,1959,27,1
15284,1984,12,1
15285,2022,15,1
15286,2005,15,1
15287,1941,6,1
15288,1941,9,1
15289,1978,15,1
15290,1978,3,3
15291,1930,6,1
15292,1930,6,1
15293,1930,6,1
15294,2023,12,1
15295,1930,3,1
15296,1930,3,1
15297,1984,12,1
15298,1930,6,1
15299,1930,9,1
15300,2008,12,1
15301,1930,6,1
15302,1997,15,1
15303,1930,15,1
15304,1961,9,1
15305,1930,12,1
15306,2005,6,1
15307,2004,12,1
15308,1991,12,1
15309,1995,12,1
15310,1996,18,1
15311,1994,12,1
15312,2002,18,1
15313,1996,9,1
15314,2001,18,1
15315,2000,27,1
15316,1994,18,1
15317,2007,15,1
15318,1995,15,1
15319,1962,3,1
15320,1963,6,1
15321,2001,12,1
15322,1999,12,1
15323,1957,6,1
15324,1990,3,1
15325,1963,6,1
15326,1962,6,1
15327,1962,6,1
15328,1963,6,1
15329,2002,9,1
15330,1962,3,1
15331,1996,12,1
15332,1999,12,1
15333,1999,12,1
15334,2000,15,1
15335,2000,27,1
15336,2001,12,1
15337,1972,45,1
15338,1975,3,4
15339,1994,36,1
15340,1975,33,1
15341,1975,33,1
15342,1975,9,4
15343,1965,6,1
15344,1980,9,1
15345,2012,6,1
15346,1970,3,1
15347,1970,6,1
15348,1970,6,1
15349,1970,6,1
15350,1983,6,3
15351,1982,6,1
15352,1983,3,1
15353,2007,6,1
15354,2009,6,1
15355,1979,3,1
15356,1998,9,1
15357,1970,9,4
15358,1900,3,1
15359,2012,3,4
15360,2000,0,N
15361,2000,0,N
15362,2000,3,N
15363,2000,0,N
15364,1936,6,1
15365,1979,21,1
15366,1969,9,1
15367,1935,9,1
15368,1935,6,1
15369,1936,3,1
15370,1967,12,3
15371,1958,6,1
15372,1936,9,1
15373,2006,15,1
15374,1930,3,3
15375,1930,9,3
15376,1932,3,1
15377,1997,3,1
15378,1900,9,1
15379,1948,9,1
15380,1920,9,1
15381,1880,6,1
15382,2006,6,1
15383,1895,9,1
15384,1879,9,1
15385,1920,9,1
15386,2020,9,1
15387,1952,18,1
15388,1980,9,1
15389,1936,9,1
15390,1900,9,1
15391,1880,12,1
15392,2004,9,1
15393,1900,9,1
15394,1926,9,1
15395,1900,9,1
15396,1900,6,1
15397,1941,9,1
15398,1900,9,1
15399,1900,9,1
15400,1900,6,1
15401,1890,6,1
15402,1900,6,1
15403,1890,6,4
15404,1907,6,1
15405,1936,12,1
15406,1900,6,1
15407,2008,9,1
15408,2008,9,1
15409,1941,12,1
15410,2009,15,1
15411,1975,6,1
15412,1900,9,1
15413,1955,9,1
15414,1970,6,1
15415,1987,9,1
15416,1955,9,1
15417,1920,6,1
15418,1950,9,1
15419,1950,6,1
15420,1942,6,1
15421,1882,9,1
15422,1960,12,1
15423,1960,12,1
15424,1900,6,1
15425,1950,6,1
15426,1880,9,1
15427,1945,6,1
15428,1960,9,1
15429,1920,6,1
15430,1960,6,1
15431,1954,6,1
15432,1955,6,1
15433,1973,6,1
15434,1968,9,1
15435,1954,6,1
15436,1880,6,1
15437,1957,6,3
15438,1974,15,1
15439,1990,6,4
15440,1960,6,4
15441,1960,9,1
15442,2005,9,1
15443,1911,6,1
15444,2022,9,1
15445,2008,9,1
15446,2002,9,4
15447,2002,6,1
15448,1950,9,1
15449,1952,12,1
15450,1956,12,1
15451,1987,9,1
15452,1987,9,1
15453,1987,9,1
15454,1987,9,1
15455,1987,9,1
15456,1987,9,1
15457,1987,9,1
15458,1987,9,1
15459,1987,9,1
15460,1987,9,1
15461,1987,9,1
15462,1987,9,1
15463,1996,15,1
15464,1970,9,1
15465,2009,9,1
15466,1955,6,1
15467,1960,3,3
15468,1960,15,4
15469,2010,12,1
15470,1930,6,1
15471,1920,9,1
15472,1900,9,1
15473,1900,9,1
15474,1900,12,4
15475,1900,12,1
15476,1880,9,1
15477,1904,9,3
15478,1994,6,1
15479,1880,6,1
15480,1994,6,1
15481,1936,6,1
15482,1902,9,1
15483,1965,3,3
15484,2005,18,1
15485,1890,12,1
15486,1980,3,1
15487,1945,6,1
15488,1955,9,1
15489,1974,57,4
15490,1900,9,4
15491,1945,9,1
15492,1950,12,1
15493,1957,15,1
15494,1910,9,1
15495,1890,12,1
15496,1900,12,1
15497,1900,9,1
15498,1900,9,1
15499,1920,9,1
15500,1900,9,1
15501,1900,12,1
15502,1900,6,1
15503,1900,9,4
15504,1880,6,4
15505,1880,9,4
15506,1961,3,4
15507,1880,6,1
15508,1880,9,1
15509,1910,9,1
15510,1998,6,1
15511,1936,6,1
15512,1900,6,3
15513,1900,6,1
15514,1993,12,4
15515,1999,57,4
15516,1999,15,4
15517,2001,12,1
15518,1968,12,1
15519,2008,6,1
15520,2009,12,1
15521,2006,18,1
15522,2023,18,1
15523,1955,9,1
15524,2004,15,1
15525,1901,9,1
15526,1919,6,1
15527,1926,9,1
15528,1919,3,1
15529,1969,9,1
15530,1913,12,1
15531,1942,9,1
15532,1939,12,1
15533,1931,6,1
15534,1936,12,1
15535,1923,3,1
15536,1922,6,1
15537,1908,9,1
15538,1907,12,1
15539,1949,15,1
15540,1926,6,1
15541,1919,6,1
15542,1959,18,4
15543,1971,24,1
15544,1956,21,1
15545,1928,9,1
15546,2003,12,1
15547,1994,12,1
15548,1931,9,1
15549,1928,9,1
15550,1993,9,1
15551,1919,6,1
15552,1938,6,1
15553,1931,9,1
15554,1921,12,1
15555,2021,9,1
15556,1936,6,1
15557,1936,3,1
15558,1987,3,1
15559,2020,9,1
15560,1917,9,3
15561,2002,15,1
15562,2004,15,1
15563,2018,15,1
15564,1940,9,1
15565,1940,9,1
15566,1940,6,1
15567,1940,6,1
15568,1999,15,1
15569,1940,6,1
15570,1940,6,1
15571,1940,6,1
15572,1940,3,1
15573,1950,9,1
15574,1940,3,1
15575,1936,6,1
15576,1936,9,1
15577,1940,12,1
15578,1943,3,1
15579,1946,9,1
15580,1950,12,1
15581,1950,9,1
15582,1930,9,1
15583,1940,6,1
15584,1950,9,1
15585,1951,12,1
15586,1951,6,1
15587,1948,6,1
15588,1950,9,1
15589,1916,12,1
15590,1950,9,1
15591,2001,9,1
15592,1940,6,1
15593,1991,12,1
15594,1950,9,1
15595,1950,9,1
15596,1920,6,1
15597,1940,6,1
15598,1936,9,1
15599,1997,12,1
15600,1936,9,1
15601,1930,6,1
15602,2008,15,1
15603,2009,15,1
15604,1950,15,1
15605,2007,15,1
15606,1992,9,1
15607,1960,9,1
15608,1930,6,1
15609,2003,15,1
15610,1974,21,1
15611,1940,9,1
15612,1960,9,1
15613,1940,6,1
15614,1945,6,1
15615,1945,9,1
15616,1920,6,1
15617,1955,12,1
15618,1960,9,1
15619,1991,6,1
15620,1960,6,1
15621,1955,9,1
15622,1955,3,1
15623,1960,12,1
15624,1960,9,1
15625,1960,9,1
15626,1940,6,1
15627,1941,6,1
15628,1945,12,1
15629,2015,15,1
15630,1990,15,1
15631,1960,9,1
15632,1965,15,1
15633,1950,6,1
15634,1953,9,1
15635,1955,9,1
15636,1950,12,1
15637,1960,12,1
15638,2002,12,1
15639,1950,12,1
15640,1925,6,1
15641,1955,6,1
15642,1955,12,1
15643,1915,3,1
15644,1945,6,1
15645,2004,15,1
15646,2006,15,1
15647,1940,9,1
15648,1945,6,1
15649,1940,6,1
15650,1974,18,1
15651,1945,6,1
15652,2007,21,1
15653,1980,27,1
15654,1979,27,1
15655,1996,18,1
15656,1987,12,1
15657,1989,21,1
15658,1947,6,1
15659,1970,27,1
15660,1950,9,1
15661,1960,12,1
15662,1945,6,1
15663,1965,3,4
15664,1950,6,1
15665,1955,6,1
15666,1940,3,3
15667,1940,3,1
15668,1945,6,4
15669,1975,12,1
15670,1965,6,4
15671,1945,3,1
15672,1940,3,1
15673,1960,9,1
15674,1900,3,1
15675,1945,6,1
15676,1965,21,1
15677,1997,15,1
15678,1968,15,1
15679,1965,15,1
15680,1968,3,1
15681,1950,6,1
15682,2011,15,1
15683,2024,21,1
15684,1945,6,1
15685,1989,12,1
15686,1992,21,1
15687,1990,18,1
15688,1999,15,1
15689,1998,6,1
15690,1998,6,1
15691,1912,6,1
15692,2002,18,1
15693,1966,6,3
15694,2012,21,1
15695,2008,15,1
15696,1979,9,1
15697,1984,12,1
15698,1990,12,1
15699,1975,9,1
15700,1984,15,1
15701,1966,9,1
15702,1989,9,1
15703,1988,12,1
15704,1985,12,1
15705,1986,12,1
15706,1990,9,1
15707,1985,15,1
15708,1995,9,1
15709,1987,12,1
15710,1990,12,1
15711,1997,15,4
15712,1992,6,3
15713,1988,6,1
15714,1989,12,1
15715,1989,12,1
15716,2004,21,1
15717,2002,21,1
15718,1999,18,1
15719,1984,21,1
15720,1987,9,1
15721,1994,9,1
15722,1988,9,1
15723,1990,15,1
15724,1991,18,1
15725,1988,9,1
15726,2000,27,1
15727,2002,15,1
15728,2021,18,1
15729,1995,21,1
15730,1996,21,1
15731,1997,27,1
15732,1999,30,1
15733,1975,45,1
15734,1975,45,1
15735,1975,48,1
15736,1975,48,1
15737,1975,48,1
15738,1975,48,1
15739,2000,3,N
15740,1965,3,1
15741,2006,3,1
15742,2021,6,1
15743,1978,9,1
15744,2000,3,1
15745,1965,6,1
15746,1949,6,1
15747,1956,6,1
15748,2012,6,1
15749,1950,3,1
15750,1965,6,1
15751,1975,6,1
15752,1958,6,1
15753,1992,3,3
15754,1975,9,4
15755,1975,9,1
15756,1979,6,1
15757,1979,6,4
15758,1950,3,4
15759,1961,6,1
15760,1984,3,1
15761,1980,9,1
15762,1980,9,1
15763,1989,3,1
15764,1984,3,1
15765,2008,6,1
15766,2003,6,1
15767,1970,6,1
15768,1999,6,1
15769,1975,6,1
15770,1982,6,1
15771,1980,3,1
15772,1968,6,1
15773,1994,6,1
15774,1984,9,1
15775,1992,6,1
15776,1994,6,1
15777,1980,6,1
15778,1984,6,1
15779,1980,9,1
15780,2004,3,1
15781,1976,12,1
15782,1972,3,2
15783,2010,3,2
15784,1975,48,1
15785,1975,48,1
15786,1975,3,4
15787,1975,51,1
15788,1975,51,1
15789,1975,51,1
15790,1975,3,4
15791,1975,51,1
15792,1975,51,1
15793,1975,48,1
15794,1975,48,1
15795,1975,48,1
15796,1977,12,4
15797,1970,6,4
15798,1997,18,1
15799,1965,9,1
15800,1960,3,1
15801,1960,3,1
15802,1955,3,1
15803,1962,6,1
15804,1965,6,1
15805,1955,6,1
15806,2001,15,1
15807,1958,3,3
15808,2007,15,1
15809,1958,9,1
15810,2000,12,1
15811,1958,9,1
15812,2004,21,1
15813,1958,12,1
15814,1959,12,1
15815,1960,6,1
15816,1960,6,1
15817,1960,3,1
15818,1960,9,1
15819,1960,6,1
15820,1957,3,1
15821,1985,12,1
15822,1958,6,1
15823,1975,6,1
15824,1969,12,1
15825,1960,9,1
15826,1960,6,1
15827,1959,9,1
15828,2005,21,1
15829,2005,15,1
15830,2008,21,1
15831,2000,0,N
15832,2000,0,N
15833,2000,0,N
15834,2000,3,N
15835,2000,0,N
15836,1980,9,1
15837,1975,3,1
15838,1948,3,1
15839,1934,6,1
15840,1927,6,1
15841,1900,6,1
15842,1900,6,1
15843,1900,6,1
15844,1900,6,1
15845,1900,6,1
15846,1900,6,1
15847,1900,6,1
15848,1900,6,1
15849,1900,6,1
15850,1900,6,1
15851,1900,6,1
15852,1956,6,1
15853,1956,6,1
15854,1956,6,1
15855,1956,6,1
15856,1960,3,1
15857,1956,6,1
15858,1956,6,1
15859,1956,6,1
15860,1956,6,1
15861,1956,6,1
15862,1956,6,1
15863,1960,6,1
15864,1952,6,1
15865,1955,3,3
15866,1955,3,1
15867,1965,15,1
15868,1955,9,1
15869,1978,21,1
15870,1980,21,1
15871,2002,21,1
15872,2003,18,1
15873,1890,9,1
15874,1950,3,3
15875,1890,6,1
15876,1905,6,1
15877,1898,6,1
15878,1890,6,1
15879,1890,6,1
15880,1975,18,1
15881,1953,12,1
15882,1890,6,1
15883,1890,6,1
15884,1890,6,1
15885,1890,6,1
15886,1890,6,1
15887,1890,6,1
15888,1975,24,1
15889,1908,6,1
15890,1890,9,1
15891,1890,6,1
15892,1890,9,1
15893,1890,6,1
15894,1890,6,1
15895,2000,9,1
15896,2008,12,1
15897,2006,15,1
15898,1918,9,1
15899,1960,9,1
15900,1916,3,1
15901,1920,6,1
15902,1918,6,1
15903,1916,6,1
15904,1915,6,1
15905,1960,6,1
15906,1920,9,1
15907,1908,3,1
15908,1906,6,1
15909,1920,6,1
15910,1918,6,1
15911,1920,6,1
15912,1918,6,1
15913,2003,6,1
15914,1920,6,1
15915,1902,6,1
15916,1920,3,1
15917,1920,3,1
15918,1920,3,1
15919,1908,3,1
15920,1999,9,1
15921,1920,12,1
15922,2021,9,1
15923,2020,6,1
15924,2023,9,1
15925,2016,12,1
15926,2007,12,1
15927,2007,12,1
15928,2014,3,4
15929,1918,3,1
15930,1918,3,1
15931,1910,3,3
15932,1910,6,1
15933,1910,3,1
15934,1918,3,1
15935,1918,12,1
15936,1909,9,1
15937,1970,9,1
15938,1930,9,1
15939,1898,6,1
15940,1925,6,1
15941,2012,12,1
15942,1934,9,1
15943,1920,6,1
15944,1911,6,1
15945,1930,6,1
15946,1920,6,1
15947,1915,9,1
15948,1900,6,1
15949,1930,6,1
15950,1901,6,1
15951,1900,6,1
15952,1900,9,1
15953,1900,9,1
15954,1900,6,1
15955,1890,6,1
15956,1885,9,1
15957,1900,9,1
15958,1900,9,1
15959,1953,9,1
15960,1900,9,1
15961,1905,6,1
15962,1900,9,1
15963,1999,18,1
15964,2008,18,1
15965,1970,15,1
15966,1890,9,1
15967,1890,9,1
15968,1890,6,1
15969,1890,6,1
15970,1883,6,1
15971,1890,6,1
15972,1993,9,1
15973,1890,6,1
15974,1890,6,1
15975,2008,15,1
15976,2010,27,1
15977,1993,18,1
15978,1900,6,1
15979,1900,6,1
15980,1900,6,1
15981,1900,6,1
15982,1900,6,1
15983,1915,12,1
15984,2001,21,1
15985,1994,18,1
15986,1995,15,1
15987,1994,12,1
15988,1994,12,1
15989,1993,18,1
15990,2002,12,1
15991,2003,9,1
15992,2001,9,1
15993,2010,9,1
15994,1956,9,1
15995,1987,6,1
15996,1987,6,1
15997,1920,9,1
15998,1930,6,1
15999,1930,9,1
16000,1920,9,1
16001,1920,9,1
16002,1960,9,1
16003,1920,9,1
16004,1967,12,1
16005,2016,9,1
16006,1910,6,1
16007,1880,6,1
16008,1920,6,1
16009,1900,6,1
16010,1995,6,1
16011,1900,6,1
16012,1900,12,1
16013,1920,9,1
16014,1880,3,1
16015,1913,9,1
16016,1910,6,1
16017,2005,9,1
16018,1970,9,1
16019,1906,6,1
16020,1900,6,1
16021,1910,6,1
16022,1905,3,3
16023,1900,6,1
16024,2001,6,1
16025,1910,6,1
16026,1900,9,1
16027,1905,9,1
16028,1910,6,1
16029,1880,6,1
16030,1910,9,1
16031,1915,6,1
16032,1900,9,1
16033,2019,9,1
16034,1991,9,1
16035,1987,6,1
16036,1987,6,1
16037,2003,6,1
16038,1991,9,1
16039,1992,9,1
16040,1996,9,1
16041,2004,21,1
16042,1900,9,1
16043,1998,9,1
16044,1900,9,1
16045,2001,9,1
16046,1970,12,1
16047,1885,9,1
16048,1946,9,1
16049,1947,6,1
16050,1996,18,1
16051,1946,6,1
16052,2001,21,1
16053,1968,6,1
16054,1941,9,1
16055,1968,9,1
16056,1970,6,1
16057,1940,9,1
16058,1945,9,1
16059,1880,9,1
16060,1885,6,1
16061,1890,9,1
16062,1948,6,1
16063,1880,6,1
16064,1970,6,1
16065,1965,6,1
16066,1940,15,1
16067,1900,9,1
16068,1958,6,1
16069,2002,12,1
16070,1940,12,1
16071,1945,6,1
16072,1945,9,1
16073,2000,18,1
16074,2018,6,1
16075,2020,9,1
16076,2020,9,1
16077,2020,9,1
16078,2000,0,N
16079,1945,9,3
16080,1945,6,3
16081,2013,3,4
16082,2011,3,4
16083,2000,0,N
16084,1900,12,4
16085,1907,9,1
16086,1930,9,1
16087,1967,9,1
16088,1930,9,1
16089,2016,9,1
16090,1941,9,1
16091,1948,9,1
16092,1948,9,4
16093,2002,3,4
16094,2022,3,4
16095,1888,6,1
16096,1901,9,1
16097,1880,6,1
16098,2003,6,4
16099,2004,6,1
16100,1880,6,1
16101,1880,6,1
16102,1914,6,1
16103,1880,3,1
16104,1880,6,1
16105,1880,3,1
16106,1880,6,4
16107,1993,9,1
16108,1890,6,1
16109,1901,9,1
16110,1901,9,1
16111,1901,6,1
16112,1901,6,1
16113,1895,6,1
16114,1895,9,1
16115,1970,9,1
16116,1941,9,1
16117,1978,12,1
16118,1957,9,1
16119,1941,9,1
16120,2017,6,1
16121,1880,6,1
16122,1880,6,1
16123,1901,9,1
16124,1901,9,1
16125,1901,6,1
16126,1901,6,1
16127,1880,6,1
16128,1971,15,1
16129,2013,12,1
16130,1880,9,1
16131,1880,9,1
16132,1880,6,1
16133,1880,12,4
16134,1880,9,4
16135,1880,9,1
16136,1880,12,1
16137,1880,9,1
16138,1880,9,1
16139,1979,15,1
16140,2006,12,1
16141,2012,12,1
16142,2002,9,1
16143,1880,9,1
16144,1880,9,1
16145,2007,12,1
16146,1880,12,4
16147,1995,9,4
16148,2010,12,1
16149,1880,6,1
16150,1900,6,1
16151,1901,6,1
16152,1880,12,1
16153,1880,9,1
16154,1981,3,3
16155,1901,9,1
16156,1901,6,1
16157,1890,3,1
16158,2019,9,1
16159,2014,12,1
16160,1901,6,1
16161,2018,12,1
16162,2020,9,1
16163,2023,12,1
16164,2023,12,1
16165,1880,9,1
16166,1975,21,1
16167,1945,12,1
16168,1960,9,1
16169,1960,9,1
16170,1955,9,1
16171,1950,12,1
16172,1955,9,1
16173,1960,9,1
16174,1898,9,1
16175,1972,9,1
16176,1890,6,1
16177,1960,12,1
16178,1998,6,1
16179,1965,12,1
16180,1989,18,1
16181,1950,9,4
16182,1950,6,1
16183,1950,6,1
16184,1950,6,1
16185,1880,6,1
16186,1893,9,1
16187,1950,9,1
16188,1955,6,1
16189,1955,6,1
16190,1882,6,1
16191,1949,6,1
16192,1986,18,1
16193,1945,9,1
16194,2009,15,1
16195,1955,6,1
16196,1955,9,1
16197,1990,9,1
16198,1888,6,1
16199,2006,12,1
16200,1888,9,1
16201,1890,9,1
16202,2006,12,1
16203,1970,12,1
16204,1970,6,1
16205,1960,6,1
16206,1946,6,1
16207,1960,9,1
16208,1960,9,1
16209,1948,6,1
16210,1885,9,1
16211,1956,6,1
16212,1855,9,1
16213,1894,9,1
16214,1880,6,1
16215,2006,9,1
16216,1948,6,1
16217,1993,9,1
16218,1880,6,1
16219,2002,12,1
16220,1880,6,1
16221,1885,6,3
16222,1901,12,1
16223,1901,6,1
16224,1998,15,1
16225,1956,9,1
16226,1955,9,1
16227,1938,12,1
16228,1943,12,1
16229,1930,12,1
16230,1915,6,1
16231,1923,6,1
16232,1900,3,3
16233,1900,6,1
16234,1880,9,1
16235,1880,12,1
16236,1931,6,1
16237,1922,6,1
16238,1926,9,1
16239,1914,6,1
16240,1989,12,1
16241,2003,15,4
16242,1912,3,1
16243,1905,6,1
16244,1992,15,1
16245,1901,3,1
16246,1921,6,1
16247,1919,9,1
16248,1989,12,1
16249,1989,12,1
16250,1989,12,1
16251,2001,15,1
16252,2004,15,1
16253,1956,9,1
16254,1972,9,1
16255,2021,6,1
16256,1962,9,1
16257,1958,6,1
16258,1961,6,1
16259,1968,6,1
16260,2021,12,1
16261,1959,6,1
16262,1959,3,1
16263,1960,18,3
16264,1960,12,1
16265,1961,6,3
16266,1950,6,1
16267,1956,9,1
16268,1960,12,1
16269,1956,9,1
16270,1980,21,1
16271,2020,15,1
16272,1950,12,1
16273,1994,12,1
16274,1938,6,1
16275,1969,6,1
16276,1970,18,1
16277,1969,12,1
16278,1952,6,1
16279,1995,6,1
16280,2016,9,1
16281,2009,15,1
16282,2002,15,1
16283,1946,6,3
16284,1961,6,1
16285,1966,12,1
16286,1966,6,3
16287,1948,6,1
16288,1951,9,1
16289,1971,6,1
16290,1991,9,1
16291,1953,9,4
16292,1948,6,1
16293,1934,3,1
16294,1993,12,1
16295,1943,6,1
16296,1965,6,1
16297,1918,6,1
16298,1918,6,1
16299,1960,6,1
16300,1959,9,1
16301,1997,6,1
16302,1958,6,1
16303,1958,6,1
16304,1999,18,1
16305,2002,15,1
16306,1975,15,1
16307,1978,3,3
16308,1930,6,1
16309,1930,3,1
16310,1930,6,1
16311,1930,6,1
16312,1930,6,1
16313,1936,6,1
16314,1930,3,1
16315,1930,3,1
16316,1930,6,1
16317,1930,9,1
16318,1978,27,1
16319,1978,27,1
16320,1978,27,1
16321,1930,6,1
16322,1930,6,4
16323,1962,6,1
16324,1975,21,1
16325,1930,6,1
16326,1930,12,1
16327,1930,12,3
16328,1930,6,3
16329,1967,6,1
16330,1974,21,1
16331,1950,15,1
16332,1930,3,1
16333,2005,12,1
16334,2008,15,1
16335,2024,15,1
16336,1974,18,1
16337,1972,27,1
16338,1970,15,1
16339,2001,9,1
16340,1930,6,1
16341,1930,12,1
16342,1963,9,1
16343,1954,15,1
16344,1961,9,4
16345,2000,15,1
16346,1976,9,1
16347,1930,6,1
16348,1940,9,1
16349,2020,15,1
16350,1961,6,1
16351,1930,6,1
16352,2007,15,1
16353,1930,6,4
16354,1978,21,1
16355,1923,6,1
16356,1961,6,1
16357,1945,6,4
16358,1958,12,1
16359,1958,15,1
16360,1950,9,4
16361,2005,12,1
16362,2006,15,1
16363,2022,15,1
16364,1939,15,1
16365,1951,9,1
16366,1969,12,1
16367,1942,6,4
16368,1991,9,1
16369,1972,27,1
16370,1969,27,1
16371,1973,27,1
16372,1972,21,1
16373,1963,6,4
16374,1910,6,1
16375,1999,15,1
16376,1917,6,1
16377,1936,12,1
16378,1908,9,1
16379,2017,9,1
16380,1951,9,1
16381,2001,15,1
16382,2018,12,1
16383,2016,9,1
16384,2019,12,1
16385,2020,12,1
16386,1915,12,1
16387,1997,24,1
16388,1957,3,1
16389,1956,3,1
16390,1958,3,1
16391,1960,6,1
16392,1969,9,1
16393,2003,21,1
16394,1945,6,1
16395,1953,9,1
16396,1997,9,1
16397,1989,12,1
16398,1988,6,1
16399,1995,21,1
16400,1984,12,1
16401,1994,12,1
16402,1991,12,1
16403,2009,21,1
16404,2024,21,1
16405,1951,3,3
16406,1952,6,1
16407,1900,6,1
16408,1953,6,1
16409,1995,9,1
16410,1947,6,1
16411,1996,9,1
16412,1900,6,1
16413,1950,9,1
16414,1951,3,1
16415,1951,6,1
16416,1988,6,1
16417,1959,6,1
16418,1985,9,3
16419,1952,3,1
16420,1940,9,1
16421,1999,9,1
16422,1950,3,1
16423,1949,3,1
16424,1955,3,1
16425,1900,6,1
16426,1959,6,1
16427,1961,6,1
16428,1957,9,1
16429,1997,9,1
16430,2006,18,1
16431,1960,9,3
16432,1960,6,1
16433,1962,3,4
16434,1967,3,1
16435,1967,12,1
16436,1991,3,3
16437,1960,3,4
16438,1963,12,1
16439,1947,9,1
16440,2005,15,1
16441,1961,6,3
16442,2004,18,1
16443,1989,12,1
16444,1988,12,4
16445,1968,12,1
16446,2007,15,1
16447,1985,18,1
16448,2000,6,N
16449,2015,3,4
16450,2015,3,3
16451,1985,15,1
16452,1985,18,1
16453,1936,6,1
16454,1958,9,1
16455,1956,6,1
16456,1933,6,1
16457,1933,3,1
16458,1936,3,1
16459,2020,3,1
16460,2000,3,1
16461,1997,3,3
16462,1979,6,4
16463,2008,9,1
16464,2008,9,1
16465,2008,9,1
16466,2008,9,1
16467,2008,9,1
16468,2021,9,1
16469,2021,9,1
16470,2021,9,1
16471,2021,9,1
16472,1978,3,1
16473,1975,3,1
16474,2000,3,N
16475,2000,3,N
16476,1979,3,1
16477,1983,3,4
16478,1989,3,3
16479,1978,21,1
16480,1960,21,1
16481,1960,18,1
16482,1973,18,1
16483,1968,15,1
16484,1974,6,1
16485,1970,12,1
16486,1964,12,1
16487,1973,3,1
16488,1962,18,1
16489,1960,15,1
16490,1968,9,1
16491,1970,12,1
16492,1989,9,1
16493,1962,6,3
16494,1999,12,1
16495,1963,6,1
16496,1958,9,1
16497,1955,3,1
16498,1969,12,1
16499,1963,12,1
16500,1957,12,1
16501,1966,3,1
16502,1966,6,1
16503,1963,9,1
16504,1957,12,1
16505,2005,21,1
16506,1963,12,1
16507,1950,9,1
16508,1966,3,1
16509,1964,6,1
16510,1956,3,1
16511,1956,9,1
16512,1950,6,1
16513,1961,6,1
16514,1956,3,1
16515,1969,6,1
16516,1957,3,1
16517,1969,6,1
16518,1965,3,1
16519,1966,6,1
16520,1962,6,1
16521,1963,3,1
16522,1962,9,1
16523,1956,6,1
16524,1997,6,1
16525,1963,9,1
16526,1957,12,1
16527,1957,3,1
16528,1958,9,1
16529,1964,6,1
16530,1975,18,1
16531,1974,15,1
16532,1973,15,1
16533,1963,15,1
16534,1971,15,1
16535,1967,18,1
16536,1989,9,1
16537,2001,21,1
16538,2002,15,1
16539,1957,6,1
16540,2006,15,1
16541,2008,15,1
16542,2012,15,1
16543,1957,9,1
16544,1984,18,1
16545,1957,9,1
16546,1953,3,1
16547,1956,6,1
16548,1962,12,1
16549,1970,3,3
16550,1962,6,1
16551,1965,12,1
16552,1972,9,1
16553,1952,3,1
16554,1955,3,1
16555,1975,6,1
16556,1960,3,1
16557,1959,18,1
16558,1950,9,1
16559,1960,12,1
16560,1959,9,1
16561,1960,6,1
16562,1980,9,1
16563,1952,9,1
16564,1955,9,1
16565,1985,9,1
16566,2001,15,1
16567,1975,3,1
16568,1997,15,1
16569,2010,15,1
16570,1971,6,1
16571,1961,9,1
16572,1963,12,1
16573,1960,6,1
16574,1968,6,1
16575,1961,3,1
16576,1965,9,1
16577,1962,9,1
16578,1958,9,1
16579,1950,9,1
16580,1952,3,1
16581,1960,6,1
16582,1969,6,1
16583,1959,12,1
16584,1962,9,1
16585,1962,9,1
16586,1957,9,1
16587,1962,6,1
16588,1961,18,1
16589,1960,6,1
16590,1971,15,1
16591,1963,6,1
16592,1961,6,1
16593,1963,15,1
16594,1960,9,1
16595,1961,9,1
16596,1950,6,1
16597,1958,6,1
16598,1958,9,1
16599,2003,18,1
16600,1957,3,4
16601,2012,3,4
16602,1994,0,1
16603,2000,3,4
16604,1997,30,1
16605,1997,6,1
16606,1998,30,1
16607,1998,6,4
16608,1999,30,1
16609,2001,48,1
16610,1940,3,3
16611,2003,12,4
16612,1999,15,4
16613,1924,9,1
16614,1981,15,1
16615,1979,3,3
16616,1949,15,1
16617,2000,15,1
16618,1950,9,1
16619,1981,18,1
16620,1924,6,1
16621,1956,9,4
16622,1967,9,1
16623,1978,27,1
16624,1990,15,1
16625,1923,18,1
16626,1992,21,1
16627,1992,21,1
16628,1992,15,1
16629,1900,9,N
16630,1968,18,4
16631,1915,9,4
16632,1995,15,1
16633,1991,6,1
16634,2007,15,1
16635,1970,9,4
16636,1960,6,1
16637,1956,6,1
16638,1960,6,4
16639,1960,9,1
16640,1956,6,1
16641,1959,12,1
16642,1960,12,1
16643,1907,6,1
16644,2002,12,1
16645,2003,12,1
16646,1960,27,1
16647,1969,6,4
16648,1971,9,1
16649,2006,12,1
16650,1880,9,1
16651,1890,9,1
16652,1907,9,1
16653,1931,12,1
16654,1931,9,1
16655,1951,9,1
16656,1951,9,1
16657,1907,9,1
16658,2003,12,1
16659,1998,9,1
16660,1998,12,1
16661,1919,9,1
16662,1925,6,1
16663,1930,9,1
16664,1880,9,1
16665,1990,9,3
16666,1995,3,3
16667,1931,9,1
16668,1961,9,1
16669,1880,12,1
16670,1890,9,1
16671,1914,9,1
16672,1970,21,1
16673,1970,9,1
16674,1880,9,1
16675,1961,12,1
16676,1965,9,1
16677,1999,12,1
16678,1986,12,1
16679,1955,9,1
16680,1979,12,4
16681,2004,12,1
16682,1923,12,1
16683,2019,9,1
16684,2012,12,1
16685,1970,18,1
16686,1930,6,1
16687,1930,6,1
16688,1930,6,1
16689,1970,18,1
16690,1930,6,1
16691,1930,6,1
16692,1930,6,1
16693,2005,12,1
16694,1950,12,1
16695,1930,9,1
16696,1935,3,3
16697,1930,9,1
16698,2005,9,1
16699,1970,18,1
16700,1930,12,1
16701,1945,6,1
16702,2010,12,1
16703,2004,12,1
16704,1938,12,1
16705,1954,6,3
16706,1945,9,1
16707,1945,12,1
16708,1973,18,1
16709,1930,9,1
16710,2004,12,1
16711,1970,9,1
16712,1940,12,1
16713,1954,9,1
16714,1950,9,1
16715,1940,9,1
16716,1940,6,1
16717,1945,9,1
16718,1931,3,3
16719,1939,9,1
16720,1932,6,1
16721,1945,9,1
16722,1994,9,1
16723,1940,6,1
16724,1940,6,1
16725,1930,9,1
16726,1942,6,1
16727,1900,6,1
16728,1991,9,1
16729,2007,12,1
16730,2000,12,1
16731,2006,12,1
16732,2022,15,1
16733,1880,6,1
16734,2019,9,1
16735,1953,6,1
16736,1953,9,1
16737,1974,21,1
16738,1989,6,1
16739,1922,6,1
16740,1950,6,1
16741,1950,9,1
16742,1955,9,1
16743,1960,18,1
16744,1960,12,1
16745,1972,21,1
16746,1965,9,1
16747,1996,21,1
16748,1989,12,1
16749,1989,12,1
16750,1926,6,1
16751,1910,3,1
16752,1900,6,1
16753,1900,9,1
16754,1900,6,1
16755,1963,6,1
16756,1957,6,1
16757,1957,6,1
16758,1957,3,1
16759,1950,6,1
16760,1961,9,1
16761,1962,9,1
16762,1975,15,1
16763,1953,3,1
16764,1960,9,1
16765,1951,6,3
16766,1960,15,1
16767,1999,21,1
16768,2004,15,1
16769,1961,6,1
16770,1997,15,1
16771,1939,6,1
16772,1972,27,1
16773,1969,6,1
16774,1928,6,4
16775,1970,9,1
16776,1979,27,1
16777,1937,9,1
16778,1931,6,1
16779,1996,9,1
16780,1939,3,4
16781,1945,3,4
16782,1929,6,1
16783,1918,3,1
16784,1927,6,1
16785,1915,3,1
16786,1913,6,1
16787,1942,9,1
16788,1943,6,1
16789,1922,3,1
16790,1942,9,1
16791,1921,12,1
16792,1930,6,1
16793,1986,15,1
16794,1940,9,1
16795,1921,3,1
16796,1948,3,1
16797,1950,6,1
16798,1951,9,1
16799,1995,12,1
16800,2009,15,1
16801,1965,6,1
16802,1997,21,1
16803,2003,15,1
16804,1945,3,1
16805,1955,6,1
16806,1950,9,1
16807,1960,6,1
16808,1955,6,1
16809,1955,6,1
16810,1950,6,1
16811,1957,9,1
16812,1945,3,1
16813,1982,9,1
16814,1955,12,1
16815,2003,15,1
16816,1960,15,1
16817,1950,3,1
16818,1950,3,1
16819,1955,9,1
16820,1965,15,1
16821,1981,9,1
16822,1955,6,4
16823,1950,3,1
16824,1955,9,1
16825,2000,21,1
16826,1981,21,1
16827,1930,9,1
16828,1931,6,1
16829,1931,9,1
16830,1931,6,1
16831,1931,6,1
16832,1931,6,1
16833,1931,6,1
16834,1950,6,1
16835,2001,6,1
16836,1985,6,1
16837,1931,6,1
16838,1947,6,1
16839,1931,6,1
16840,1931,6,4
16841,1931,6,1
16842,1931,6,1
16843,1931,6,1
16844,1931,6,1
16845,1986,6,4
16846,1931,3,3
16847,1984,3,3
16848,1984,3,3
16849,1947,3,1
16850,1931,6,1
16851,2001,12,1
16852,1982,3,4
16853,1994,15,1
16854,2007,15,1
16855,1992,15,1
16856,1987,12,1
16857,1958,21,1
16858,2004,3,1
16859,1982,9,1
16860,1951,6,1
16861,1959,6,1
16862,1939,9,1
16863,1949,9,4
16864,1952,9,1
16865,1963,18,1
16866,1952,3,3
16867,1941,6,1
16868,1987,9,1
16869,1990,12,1
16870,1958,9,1
16871,1969,6,3
16872,1965,12,1
16873,1952,6,1
16874,1969,18,1
16875,1970,18,1
16876,1964,30,1
16877,1976,30,1
16878,1976,27,1
16879,1997,21,1
16880,1982,21,1
16881,1982,15,1
16882,1997,15,1
16883,2002,15,1
16884,1987,21,1
16885,1971,21,1
16886,1975,27,1
16887,1978,30,1
16888,1986,21,1
16889,1989,21,1
16890,2001,21,1
16891,1984,12,1
16892,1997,15,1
16893,1997,18,1
16894,1997,18,1
16895,1997,18,1
16896,1998,18,1
16897,1997,15,1
16898,1998,6,4
16899,1984,3,4
16900,1984,12,1
16901,2006,9,4
16902,1960,6,1
16903,1970,6,4
16904,1975,3,4
16905,1977,9,4
16906,1977,3,3
16907,1977,9,4
16908,1994,6,4
16909,1988,12,4
16910,2002,6,4
16911,2000,3,1
16912,2014,6,4
16913,1954,12,1
16914,1952,9,1
16915,1954,6,1
16916,1969,12,4
16917,1957,9,1
16918,1957,12,1
16919,1958,9,1
16920,1957,6,1
16921,1964,9,1
16922,1960,6,1
16923,1960,3,1
16924,1957,6,1
16925,1950,9,1
16926,1950,3,1
16927,1957,12,1
16928,1964,12,1
16929,1950,12,1
16930,1996,12,4
16931,1950,12,1
16932,1950,6,1
16933,1960,9,1
16934,1963,9,1
16935,1957,9,1
16936,1956,6,1
16937,1958,6,1
16938,1960,6,1
16939,1964,6,1
16940,1950,6,1
16941,1990,9,1
16942,1964,9,1
16943,1970,12,1
16944,1950,3,1
16945,2002,21,1
16946,1954,6,1
16947,2024,15,1
16948,1950,6,1
16949,1955,6,1
16950,1953,12,1
16951,1950,9,1
16952,1956,12,1
16953,1957,9,1
16954,1972,15,1
16955,1998,15,1
16956,1957,3,1
16957,1969,12,1
16958,1963,3,1
16959,1975,15,1
16960,1957,6,1
16961,1960,6,1
16962,1963,3,3
16963,1965,6,1
16964,1963,9,1
16965,1957,12,1
16966,1969,6,1
16967,1969,6,1
16968,1957,12,1
16969,1957,3,1
16970,1960,6,1
16971,1957,6,1
16972,2005,21,1
16973,2008,15,1
16974,1957,6,1
16975,1968,9,1
16976,1964,6,1
16977,1979,12,1
16978,2005,15,1
16979,2006,15,1
16980,1964,6,1
16981,1964,6,1
16982,1964,3,1
16983,1957,9,1
16984,1965,9,1
16985,1963,3,1
16986,1964,9,1
16987,1964,6,1
16988,2004,9,1
16989,1957,6,1
16990,1958,6,1
16991,1950,12,1
16992,1957,9,1
16993,1964,9,1
16994,1958,6,1
16995,1948,6,1
16996,1972,12,1
16997,1958,12,1
16998,1954,12,1
16999,1953,6,1
17000,1948,6,1
17001,1950,6,1
17002,1960,6,1
17003,1958,18,1
17004,1972,9,1
17005,2008,15,1
17006,1963,9,1
17007,1950,3,1
17008,1956,9,1
17009,1950,9,1
17010,1930,12,1
17011,1965,3,3
17012,1965,9,1
17013,1992,9,1
17014,1991,6,1
17015,1989,9,1
17016,1995,12,1
17017,2002,12,1
17018,1996,15,1
17019,1990,12,1
17020,1992,9,1
17021,1989,6,1
17022,1998,15,1
17023,1974,18,1
17024,1974,18,1
17025,1974,18,1
17026,1975,12,1
17027,1972,9,1
17028,1974,18,1
17029,1953,6,1
17030,1953,9,1
17031,1973,9,1
17032,1954,9,1
17033,1954,12,1
17034,1980,6,1
17035,1981,12,1
17036,1960,12,1
17037,1955,6,1
17038,1960,12,1
17039,1955,12,1
17040,1950,9,1
17041,1953,9,1
17042,1957,9,1
17043,1957,9,1
17044,1962,12,4
17045,1965,24,1
17046,1965,24,1
17047,1964,24,1
17048,1966,24,1
17049,1965,24,1
17050,1965,24,1
17051,1988,15,1
17052,1965,24,1
17053,1966,24,1
17054,1965,24,1
17055,1964,24,1
17056,1991,12,1
17057,1999,12,1
17058,2008,15,1
17059,1988,9,1
17060,1991,6,N
17061,1996,12,1
17062,2000,15,1
17063,1970,9,1
17064,1960,6,1
17065,1986,9,1
17066,2000,15,1
17067,1930,3,3
17068,1930,3,1
17069,1959,9,1
17070,1999,15,1
17071,1963,3,1
17072,1957,9,1
17073,1955,9,1
17074,1950,6,1
17075,1940,6,1
17076,2006,15,1
17077,1963,9,1
17078,1969,12,1
17079,1978,9,1
17080,1957,9,1
17081,1960,6,1
17082,1978,9,1
17083,2005,15,1
17084,1930,6,1
17085,1930,3,1
17086,1930,6,1
17087,1999,9,1
17088,1993,15,1
17089,1930,9,1
17090,1930,9,1
17091,1920,3,1
17092,1925,6,1
17093,1930,9,1
17094,1930,9,1
17095,2002,12,1
17096,1930,9,1
17097,2002,12,1
17098,1920,3,1
17099,2007,15,1
17100,1992,9,1
17101,1930,3,1
17102,1930,3,4
17103,1930,6,1
17104,1934,3,1
17105,1993,12,1
17106,1933,9,1
17107,1993,9,1
17108,1930,12,1
17109,1930,9,1
17110,1938,9,1
17111,1964,12,1
17112,1930,3,1
17113,1988,3,1
17114,2022,15,1
17115,2024,12,1
17116,2020,9,1
17117,2021,9,1
17118,2020,9,1
17119,1920,3,4
17120,2003,18,1
17121,1964,15,1
17122,2003,21,1
17123,2002,3,4
17124,1920,3,4
17125,2001,21,1
17126,2006,21,1
17127,2002,6,4
17128,1996,3,1
17129,1973,6,4
17130,1989,21,1
17131,1981,21,1
17132,1925,3,1
17133,1925,3,1
17134,1925,12,1
17135,1983,12,1
17136,2002,21,1
17137,1998,21,1
17138,1925,6,4
17139,2005,21,1
17140,2007,30,1
17141,2000,27,1
17142,1965,36,1
17143,1980,21,1
17144,1980,24,1
17145,1925,6,1
17146,1947,6,1
17147,2024,12,1
17148,1960,12,1
17149,1963,15,1
17150,1963,6,1
17151,1996,18,1
17152,1936,6,1
17153,1936,6,1
17154,1930,9,1
17155,1952,6,1
17156,2007,15,1
17157,1978,21,1
17158,1927,3,1
17159,1972,9,1
17160,1936,9,1
17161,1936,6,1
17162,1936,6,1
17163,1993,9,1
17164,1936,6,1
17165,1936,6,1
17166,1936,6,1
17167,1957,18,1
17168,1957,18,1
17169,1957,18,1
17170,1957,3,3
17171,1957,18,1
17172,1957,18,1
17173,1957,18,1
17174,1957,18,1
17175,1957,18,1
17176,1957,18,1
17177,1957,18,1
17178,1957,18,1
17179,1971,12,1
17180,1962,12,1
17181,1965,12,1
17182,1975,21,1
17183,1975,24,1
17184,1967,18,1
17185,1963,12,1
17186,1964,3,4
17187,1940,6,1
17188,1932,6,1
17189,1923,3,1
17190,1976,27,1
17191,1968,21,1
17192,2001,18,1
17193,2001,18,1
17194,1880,6,1
17195,1936,6,4
17196,2004,9,1
17197,1925,3,1
17198,1936,9,1
17199,1932,6,1
17200,1937,3,1
17201,1949,3,3
17202,1923,9,1
17203,1936,9,1
17204,1969,12,1
17205,1900,3,3
17206,2008,12,1
17207,1978,9,3
17208,1940,9,1
17209,1936,6,1
17210,1994,12,1
17211,1952,9,1
17212,1916,12,1
17213,2001,15,1
17214,1916,3,1
17215,1997,18,1
17216,1998,15,1
17217,1982,12,1
17218,2006,6,1
17219,2008,15,1
17220,2020,15,1
17221,2024,15,1
17222,1975,3,3
17223,1900,9,1
17224,1920,3,1
17225,1920,3,1
17226,1989,15,1
17227,1971,30,1
17228,1971,30,1
17229,2003,12,1
17230,2000,12,1
17231,1967,6,1
17232,1994,15,1
17233,1932,3,1
17234,1930,6,1
17235,1963,12,1
17236,1966,24,1
17237,1932,6,1
17238,2006,15,1
17239,2006,15,1
17240,1981,21,1
17241,1942,9,1
17242,1984,15,1
17243,1984,15,1
17244,1985,15,1
17245,1986,15,1
17246,1986,3,1
17247,1988,15,1
17248,2003,18,1
17249,2000,15,1
17250,1932,9,1
17251,1932,6,1
17252,2001,21,1
17253,1945,3,3
17254,1945,9,1
17255,1996,6,4
17256,2005,12,1
17257,2003,21,1
17258,1954,6,1
17259,2009,21,1
17260,2007,18,1
17261,2020,6,1
17262,2021,6,1
17263,1998,15,1
17264,1993,12,1
17265,1950,6,1
17266,1924,6,1
17267,1990,12,1
17268,1930,6,1
17269,1925,9,1
17270,2007,15,1
17271,1924,9,1
17272,1962,3,1
17273,1959,9,1
17274,2005,15,1
17275,1958,9,1
17276,1991,9,1
17277,1960,6,1
17278,1968,9,1
17279,1963,9,1
17280,1950,9,1
17281,1964,9,1
17282,1960,3,1
17283,1955,3,1
17284,1980,15,1
17285,1965,9,1
17286,1964,9,1
17287,1960,6,1
17288,1993,9,1
17289,1936,9,1
17290,1940,6,1
17291,1935,6,1
17292,1997,18,1
17293,1950,12,1
17294,1957,6,1
17295,1993,6,1
17296,1950,6,1
17297,1955,6,1
17298,1950,6,1
17299,2022,6,1
17300,1953,6,1
17301,1930,6,3
17302,1963,6,1
17303,1950,9,1
17304,2001,6,1
17305,1955,6,1
17306,1958,6,1
17307,1957,6,1
17308,1955,9,1
17309,1957,6,1
17310,1957,9,1
17311,1950,6,1
17312,1953,9,1
17313,1949,6,1
17314,1945,9,1
17315,1967,12,1
17316,0970,15,1
17317,1985,9,1
17318,1965,15,1
17319,2024,9,1
17320,1900,6,1
17321,1993,18,1
17322,1998,18,1
17323,1942,6,1
17324,1975,27,1
17325,1970,9,1
17326,2021,12,1
17327,1930,9,1
17328,2005,12,1
17329,1969,6,1
17330,1958,6,1
17331,1963,6,1
17332,1965,9,1
17333,1979,24,1
17334,1957,6,1
17335,1959,9,1
17336,1966,6,1
17337,1964,9,1
17338,1958,3,1
17339,1992,6,1
17340,1999,21,1
17341,2009,15,1
17342,2004,15,1
17343,1964,15,1
17344,1961,3,1
17345,1961,3,1
17346,1961,3,1
17347,1962,6,1
17348,1961,6,1
17349,2006,15,1
17350,1961,3,1
17351,1962,6,1
17352,1962,6,1
17353,1962,3,1
17354,1961,3,1
17355,1961,6,1
17356,1961,12,1
17357,1988,18,1
17358,1963,9,1
17359,1937,9,1
17360,1963,9,1
17361,1961,12,1
17362,1961,3,1
17363,1960,9,1
17364,1960,6,1
17365,1997,12,1
17366,2006,15,1
17367,1959,6,1
17368,2021,15,1
17369,1955,9,1
17370,2007,12,1
17371,1950,6,1
17372,1992,15,1
17373,1950,6,1
17374,1950,9,1
17375,1955,9,1
17376,1955,6,1
17377,1955,6,1
17378,1994,9,1
17379,1950,3,1
17380,1960,9,1
17381,2001,15,1
17382,1970,6,4
17383,1970,6,1
17384,2004,15,1
17385,1950,3,1
17386,1950,6,1
17387,2005,12,1
17388,1955,12,1
17389,1950,12,1
17390,1945,12,1
17391,1984,12,1
17392,1950,6,1
17393,1989,9,1
17394,1970,6,1
17395,1957,12,1
17396,1955,9,1
17397,2002,15,1
17398,1953,9,1
17399,1953,6,1
17400,1976,12,1
17401,1970,6,1
17402,1959,9,1
17403,1963,9,1
17404,1969,6,1
17405,1990,9,1
17406,1995,12,1
17407,1961,9,1
17408,1963,3,1
17409,1957,6,1
17410,1960,6,1
17411,1958,6,1
17412,1968,6,1
17413,1969,9,1
17414,1972,6,1
17415,1966,9,1
17416,1962,6,1
17417,1956,6,1
17418,1970,3,3
17419,1967,18,1
17420,1973,12,1
17421,1966,6,4
17422,1950,0,3
17423,1967,21,1
17424,1960,6,1
17425,1979,27,1
17426,1979,27,1
17427,1991,21,1
17428,1970,21,1
17429,1970,21,1
17430,1970,21,1
17431,1972,21,1
17432,1930,12,4
17433,1930,6,1
17434,1930,9,1
17435,1930,9,1
17436,1970,21,1
17437,1970,21,1
17438,1970,21,1
17439,1970,21,1
17440,1980,6,3
17441,2004,15,1
17442,2008,15,1
17443,1991,24,1
17444,1979,27,1
17445,1979,30,1
17446,1970,21,1
17447,1970,21,1
17448,1974,21,1
17449,1970,21,1
17450,1930,9,1
17451,1930,3,1
17452,1930,6,1
17453,1930,12,1
17454,1930,6,4
17455,1930,6,1
17456,1957,6,1
17457,1930,6,1
17458,1956,3,1
17459,1930,3,1
17460,1930,9,1
17461,1930,9,1
17462,1970,21,1
17463,1970,21,1
17464,1970,21,1
17465,2007,15,1
17466,1996,21,1
17467,1996,21,1
17468,1997,21,1
17469,1997,21,1
17470,1997,21,1
17471,1997,21,1
17472,1997,18,1
17473,1998,18,1
17474,1998,18,1
17475,1998,15,1
17476,1998,18,1
17477,2000,18,1
17478,2005,18,1
17479,2001,18,1
17480,1999,6,4
17481,2009,6,4
17482,1985,12,1
17483,1988,3,3
17484,1980,3,3
17485,1981,3,3
17486,1988,3,3
17487,1988,3,3
17488,1988,3,3
17489,1988,3,3
17490,1988,3,3
17491,1986,3,3
17492,1986,3,3
17493,1986,3,3
17494,1986,3,3
17495,1988,3,3
17496,2024,6,3
17497,1959,6,1
17498,1956,3,1
17499,1956,9,1
17500,1979,6,1
17501,1978,6,1
17502,1976,3,3
17503,1964,6,1
17504,1970,3,1
17505,1979,3,1
17506,1975,6,1
17507,2012,9,1
17508,1971,6,1
17509,1961,3,1
17510,1957,3,1
17511,1969,6,1
17512,1972,6,1
17513,1979,6,1
17514,1979,6,1
17515,1949,9,1
17516,1975,9,1
17517,1978,6,1
17518,1949,6,1
17519,1959,6,4
17520,1963,9,4
17521,1968,6,1
17522,1972,12,1
17523,1970,12,1
17524,1963,15,1
17525,1965,15,1
17526,1960,15,1
17527,1965,6,1
17528,1963,9,1
17529,1960,6,1
17530,1968,15,1
17531,1967,6,1
17532,1965,6,1
17533,1967,12,1
17534,1969,9,1
17535,1977,12,1
17536,1966,9,1
17537,1970,12,1
17538,1960,9,1
17539,1960,6,1
17540,1965,9,1
17541,1993,21,1
17542,1963,6,1
17543,1967,15,1
17544,1965,15,1
17545,1968,15,1
17546,1970,12,1
17547,1972,12,1
17548,1966,18,1
17549,1966,12,1
17550,1960,3,1
17551,1970,9,1
17552,1968,15,1
17553,1958,6,1
17554,1963,12,1
17555,1967,12,1
17556,2006,15,1
17557,1958,3,1
17558,1920,3,1
17559,1906,6,1
17560,2008,15,1
17561,1978,6,1
17562,1910,3,1
17563,1958,12,1
17564,2008,15,1
17565,1978,9,1
17566,1972,12,1
17567,1957,9,1
17568,1956,9,1
17569,1957,6,1
17570,1959,12,1
17571,1930,6,1
17572,1974,12,1
17573,1960,6,4
17574,1958,6,1
17575,1973,21,1
17576,1973,18,1
17577,1973,15,1
17578,1971,15,1
17579,1960,15,1
17580,1958,9,1
17581,1958,12,1
17582,2007,15,1
17583,1965,15,1
17584,1965,15,1
17585,1965,15,1
17586,1992,15,1
17587,1973,21,1
17588,1956,12,1
17589,1950,6,1
17590,1950,12,1
17591,1955,6,1
17592,1992,9,4
17593,1973,21,1
17594,1973,18,1
17595,1973,18,1
17596,1965,15,1
17597,1965,15,1
17598,1965,15,1
17599,1965,15,1
17600,1965,15,1
17601,1965,3,1
17602,1960,9,1
17603,1974,21,1
17604,1980,21,1
17605,2003,15,1
17606,1970,6,1
17607,1978,21,1
17608,1960,6,1
17609,1935,3,1
17610,1950,6,1
17611,2020,12,1
17612,1989,3,4
17613,2001,15,1
17614,1989,9,1
17615,1989,9,1
17616,2005,15,1
17617,2011,15,1
17618,1960,15,1
17619,1990,9,1
17620,1985,6,1
17621,1997,9,1
17622,1989,9,1
17623,1989,9,1
17624,1989,9,1
17625,1990,15,1
17626,1999,15,1
17627,2000,15,1
17628,1900,9,1
17629,1900,6,4
17630,1900,9,1
17631,1900,6,1
17632,1900,9,4
17633,1900,6,1
17634,1999,9,1
17635,1900,3,4
17636,1900,6,1
17637,1975,6,3
17638,1930,15,1
17639,1900,15,1
17640,1900,6,1
17641,1900,6,1
17642,1900,6,1
17643,1900,9,1
17644,1900,6,1
17645,1982,9,1
17646,1932,6,1
17647,2000,9,1
17648,1930,6,1
17649,1925,6,1
17650,1965,9,1
17651,1915,12,1
17652,1988,9,1
17653,1930,6,1
17654,1935,6,1
17655,1996,6,1
17656,1934,3,1
17657,1925,3,1
17658,1930,3,1
17659,1960,3,3
17660,1993,15,1
17661,1966,6,1
17662,1965,6,1
17663,1950,9,1
17664,1954,9,1
17665,1950,3,1
17666,1962,9,1
17667,1964,6,1
17668,1960,6,1
17669,2000,15,1
17670,1954,6,1
17671,2005,21,1
17672,2003,18,1
17673,2003,15,1
17674,2006,21,1
17675,2006,18,1
17676,2023,27,1
17677,2013,15,1
17678,1900,6,1
17679,1948,9,1
17680,1960,6,1
17681,1960,3,1
17682,1960,9,1
17683,1969,12,3
17684,1969,9,1
17685,1976,18,1
17686,1930,3,3
17687,2003,6,1
17688,1935,6,1
17689,1992,15,1
17690,1968,18,1
17691,1968,18,1
17692,2007,15,1
17693,2005,15,1
17694,2005,15,1
17695,1999,9,1
17696,1966,9,1
17697,1978,9,3
17698,2009,15,1
17699,1954,6,1
17700,1970,21,1
17701,1974,21,1
17702,1990,12,1
17703,1934,6,1
17704,1934,3,1
17705,1979,21,1
17706,1958,3,3
17707,1975,21,1
17708,2006,15,1
17709,2006,15,1
17710,1962,9,1
17711,1935,6,1
17712,1915,6,1
17713,1918,3,1
17714,1935,12,1
17715,1925,12,1
17716,1962,6,1
17717,1930,6,3
17718,1989,15,1
17719,1918,6,1
17720,1918,9,1
17721,1918,3,1
17722,2002,12,1
17723,1905,6,1
17724,1915,6,4
17725,1928,6,1
17726,1915,3,1
17727,1920,3,1
17728,1920,6,1
17729,1922,12,1
17730,1920,3,1
17731,1915,3,1
17732,1910,9,1
17733,1910,9,1
17734,1930,6,1
17735,1910,3,1
17736,1910,3,4
17737,1970,24,1
17738,2003,21,1
17739,2006,15,1
17740,1925,12,1
17741,1968,12,1
17742,1988,6,3
17743,1998,15,1
17744,1975,21,1
17745,1968,15,3
17746,1990,9,1
17747,1960,9,1
17748,1998,15,1
17749,1994,12,1
17750,1998,9,1
17751,1958,9,1
17752,1920,9,1
17753,2002,9,1
17754,1968,6,1
17755,1963,6,1
17756,1934,12,1
17757,1924,3,1
17758,1923,9,1
17759,1969,12,1
17760,1965,12,1
17761,1988,6,3
17762,2007,12,1
17763,1963,12,1
17764,2006,15,1
17765,2012,15,1
17766,1953,9,1
17767,1997,18,1
17768,2004,15,1
17769,1950,3,1
17770,1950,6,1
17771,1958,6,1
17772,1991,9,1
17773,2005,9,1
17774,1976,12,1
17775,2005,15,1
17776,2000,15,1
17777,2008,15,1
17778,1994,21,1
17779,1972,24,1
17780,1987,9,4
17781,1930,6,1
17782,1995,15,1
17783,1930,3,1
17784,1970,12,1
17785,1930,6,1
17786,1930,3,1
17787,1930,3,1
17788,1930,3,1
17789,1971,6,1
17790,1994,21,1
17791,1981,27,1
17792,1981,21,1
17793,1993,24,1
17794,1993,18,1
17795,1935,12,1
17796,1935,6,1
17797,1935,6,4
17798,1918,6,1
17799,1950,6,4
17800,2003,15,4
17801,1950,3,3
17802,1979,27,1
17803,1979,21,1
17804,1979,27,1
17805,1979,27,1
17806,1935,9,1
17807,1934,6,1
17808,1934,3,1
17809,1919,6,1
17810,1930,6,1
17811,1959,3,1
17812,1935,3,4
17813,2006,9,1
17814,2018,9,1
17815,1922,6,1
17816,1932,9,1
17817,1934,6,1
17818,1936,9,1
17819,1969,18,1
17820,1975,9,1
17821,1930,12,1
17822,1930,9,1
17823,1999,12,1
17824,1936,3,1
17825,1930,9,1
17826,1930,9,1
17827,1930,6,1
17828,1935,6,1
17829,1935,9,1
17830,1935,6,1
17831,2005,15,1
17832,2019,9,1
17833,2019,9,1
17834,1935,3,1
17835,1935,6,1
17836,1935,6,1
17837,1935,3,1
17838,1932,12,1
17839,1935,6,1
17840,1932,9,1
17841,2021,9,1
17842,1932,3,1
17843,1932,3,1
17844,1932,9,1
17845,2003,15,1
17846,1996,15,1
17847,1999,21,1
17848,2020,21,1
17849,2020,15,1
17850,1960,12,4
17851,2000,9,4
17852,1996,21,1
17853,2012,18,4
17854,2021,18,1
17855,1993,15,1
17856,1923,6,1
17857,1930,9,1
17858,2018,9,1
17859,1960,6,1
17860,1910,9,4
17861,1997,9,1
17862,1996,15,1
17863,1955,12,1
17864,1977,24,1
17865,1964,9,1
17866,1927,6,1
17867,1989,15,1
17868,1920,6,1
17869,1922,3,1
17870,1970,6,4
17871,1993,9,1
17872,1910,6,1
17873,1978,30,1
17874,1921,3,1
17875,2020,12,1
17876,1998,9,1
17877,2024,6,1
17878,1920,6,1
17879,2019,9,1
17880,1933,6,1
17881,2003,18,1
17882,1945,12,1
17883,1945,12,4
17884,1981,15,1
17885,1950,12,1
17886,1949,9,1
17887,1956,3,1
17888,2000,12,1
17889,1962,12,1
17890,1923,9,1
17891,1920,6,4
17892,1959,6,4
17893,1992,21,1
17894,1994,21,1
17895,1975,27,1
17896,1968,12,1
17897,1960,3,4
17898,1993,18,1
17899,1965,9,1
17900,1967,9,1
17901,1961,9,1
17902,1970,18,4
17903,1972,27,1
17904,1996,15,1
17905,1958,12,1
17906,1958,6,3
17907,1970,3,3
17908,2003,12,1
17909,1981,24,1
17910,1928,3,3
17911,1950,12,1
17912,1925,3,1
17913,1936,3,1
17914,1950,9,1
17915,1945,9,1
17916,1946,6,1
17917,1978,15,1
17918,1977,24,1
17919,1968,15,1
17920,1934,6,1
17921,1930,12,1
17922,1940,6,1
17923,1927,6,1
17924,1920,9,1
17925,1925,6,4
17926,2003,6,1
17927,1921,6,1
17928,1932,6,1
17929,1941,6,4
17930,1960,6,1
17931,2002,18,1
17932,2007,15,1
17933,2010,18,1
17934,1998,15,1
17935,1980,21,1
17936,1983,21,1
17937,1945,6,4
17938,1977,21,1
17939,1945,9,3
17940,1990,18,1
17941,1945,12,3
17942,1945,9,3
17943,1945,3,3
17944,1996,21,1
17945,1967,9,1
17946,1930,6,1
17947,1931,3,1
17948,2003,18,1
17949,1930,6,1
17950,1920,6,1
17951,2003,9,1
17952,1991,15,1
17953,1978,6,1
17954,1978,15,1
17955,1922,6,1
17956,1918,6,1
17957,1920,9,1
17958,1989,15,1
17959,1989,15,1
17960,2000,18,1
17961,2002,18,1
17962,2009,15,1
17963,1994,12,1
17964,1941,9,1
17965,1941,9,1
17966,1961,9,1
17967,1965,6,1
17968,1960,3,1
17969,1993,15,4
17970,1967,24,1
17971,1968,6,1
17972,1970,9,1
17973,1932,6,1
17974,1940,6,1
17975,1995,9,1
17976,1930,3,1
17977,2004,18,1
17978,1919,3,1
17979,1945,3,1
17980,1963,3,1
17981,1961,3,1
17982,1935,6,1
17983,1955,9,3
17984,2002,12,1
17985,2004,15,1
17986,1960,6,1
17987,1955,12,1
17988,1975,15,1
17989,1956,6,1
17990,1950,6,1
17991,1978,12,1
17992,1955,6,1
17993,1960,9,1
17994,1955,6,1
17995,1955,6,1
17996,1955,9,1
17997,1950,12,1
17998,1852,15,1
17999,1965,12,3
18000,1965,12,1
18001,1950,3,1
18002,1953,9,1
18003,1950,6,1
18004,1955,6,1
18005,1960,9,1
18006,2005,12,1
18007,1955,9,1
18008,1955,3,1
18009,1950,6,1
18010,2021,9,1
18011,2005,21,1
18012,1988,21,1
18013,1950,21,1
18014,1966,6,1
18015,1949,6,3
18016,1978,21,1
18017,1949,9,1
18018,2004,9,1
18019,2002,15,1
18020,2005,18,1
18021,1962,30,1
18022,1962,18,1
18023,1948,3,1
18024,1991,12,1
18025,2004,9,1
18026,2009,12,1
18027,1948,6,1
18028,1999,3,1
18029,1948,6,1
18030,1929,3,1
18031,1948,6,1
18032,1948,3,1
18033,1948,9,1
18034,1930,12,1
18035,1962,27,1
18036,2000,15,1
18037,2001,21,1
18038,2005,24,1
18039,2006,21,1
18040,1999,21,1
18041,1979,27,1
18042,1995,12,1
18043,1930,6,1
18044,1930,9,1
18045,1930,12,1
18046,1930,6,4
18047,1999,12,1
18048,1910,3,1
18049,1930,15,1
18050,1930,9,1
18051,1930,9,1
18052,1930,9,1
18053,1930,3,1
18054,1930,9,1
18055,1930,6,1
18056,1991,9,1
18057,1930,3,1
18058,1930,6,1
18059,1988,12,1
18060,1979,21,1
18061,1930,6,1
18062,1961,9,1
18063,1964,6,4
18064,1963,12,1
18065,1962,18,1
18066,2007,15,1
18067,1950,12,1
18068,2002,15,1
18069,1958,3,1
18070,1964,3,1
18071,1964,3,1
18072,1964,3,1
18073,1964,3,1
18074,1963,3,4
18075,1963,3,1
18076,1963,9,1
18077,1963,6,1
18078,1958,3,1
18079,1960,3,1
18080,1960,9,1
18081,1999,15,1
18082,2005,15,1
18083,1961,3,1
18084,1999,12,1
18085,1962,18,1
18086,2007,15,1
18087,1960,9,1
18088,1960,3,1
18089,1958,3,1
18090,1942,6,1
18091,2005,15,1
18092,1999,9,1
18093,1955,6,1
18094,1937,3,1
18095,1950,9,1
18096,1950,9,1
18097,1950,9,1
18098,1944,9,1
18099,1930,3,1
18100,2006,15,1
18101,1950,6,1
18102,1950,3,1
18103,1950,3,1
18104,1960,18,1
18105,1950,3,1
18106,2011,15,1
18107,1950,9,1
18108,2008,15,1
18109,1966,18,1
18110,1950,12,1
18111,1961,6,1
18112,1959,12,1
18113,1997,15,1
18114,1970,18,1
18115,1938,6,1
18116,1965,18,1
18117,1964,18,1
18118,1966,6,1
18119,1963,6,1
18120,1981,18,1
18121,1970,18,1
18122,1930,9,1
18123,2007,15,1
18124,2009,15,1
18125,1984,12,1
18126,1930,3,3
18127,1969,9,1
18128,1958,6,1
18129,1986,3,3
18130,1971,15,1
18131,1982,12,1
18132,1953,9,1
18133,1965,12,1
18134,1954,9,1
18135,1957,6,1
18136,1959,6,1
18137,1955,6,1
18138,1957,15,1
18139,2003,3,1
18140,1959,9,1
18141,1960,9,1
18142,1996,15,1
18143,1962,3,4
18144,1959,6,1
18145,1994,12,1
18146,1994,6,3
18147,1960,6,1
18148,1959,6,1
18149,1959,6,1
18150,2008,15,1
18151,1995,9,1
18152,1959,9,1
18153,1952,9,1
18154,1931,3,1
18155,1932,9,1
18156,1948,6,1
18157,1942,6,1
18158,1931,3,1
18159,1942,6,1
18160,1954,3,1
18161,1956,12,1
18162,1952,9,1
18163,2005,15,1
18164,1936,6,1
18165,1951,9,1
18166,1960,9,1
18167,1948,6,4
18168,1970,18,1
18169,1928,6,1
18170,1935,6,1
18171,1939,9,1
18172,1941,6,1
18173,1966,9,1
18174,1949,6,1
18175,2011,15,1
18176,1957,6,1
18177,1958,9,1
18178,1958,6,1
18179,1965,24,1
18180,1993,21,1
18181,1988,15,1
18182,1995,21,1
18183,1988,9,1
18184,1970,21,1
18185,1950,6,4
18186,1955,9,1
18187,1955,9,1
18188,1965,21,1
18189,1965,9,1
18190,1960,18,1
18191,1965,9,1
18192,1955,15,1
18193,1955,9,1
18194,1950,6,1
18195,1955,9,1
18196,1955,9,1
18197,1963,9,1
18198,1955,12,1
18199,1968,6,3
18200,1960,9,1
18201,1955,9,1
18202,2003,6,1
18203,1960,9,1
18204,1990,18,1
18205,1988,15,1
18206,1998,15,1
18207,2007,21,1
18208,2008,15,1
18209,1988,3,3
18210,1966,9,1
18211,2000,15,1
18212,1964,6,1
18213,1959,6,1
18214,1958,3,1
18215,1963,6,1
18216,1964,3,1
18217,1965,6,1
18218,1975,6,1
18219,1960,6,1
18220,1999,21,1
18221,1962,12,1
18222,1966,6,4
18223,1965,9,1
18224,1982,12,1
18225,1978,15,1
18226,1978,12,1
18227,1976,3,1
18228,1974,9,1
18229,1976,6,1
18230,1972,12,1
18231,1969,6,1
18232,1973,9,1
18233,1976,9,1
18234,1976,9,1
18235,1969,9,1
18236,1976,12,1
18237,2001,9,1
18238,1955,6,1
18239,1962,9,1
18240,1965,6,1
18241,1969,9,1
18242,1969,9,1
18243,1969,9,1
18244,1969,9,1
18245,1970,12,1
18246,1966,9,1
18247,1965,6,1
18248,2000,15,1
18249,1978,18,1
18250,1971,15,1
18251,1965,6,1
18252,1969,9,1
18253,1982,9,1
18254,1972,18,1
18255,1976,9,1
18256,1961,3,1
18257,1965,3,3
18258,1972,9,1
18259,1979,18,1
18260,1974,12,1
18261,1976,12,1
18262,1965,6,1
18263,1968,9,1
18264,1972,9,1
18265,1970,9,1
18266,1965,12,1
18267,1965,12,1
18268,1987,3,3
18269,1961,9,1
18270,1972,9,1
18271,1961,6,1
18272,1958,12,1
18273,2006,15,1
18274,1959,6,1
18275,1962,12,1
18276,1960,12,1
18277,1965,9,1
18278,1959,9,1
18279,2006,15,1
18280,1964,9,1
18281,1962,9,1
18282,1962,9,1
18283,1971,9,1
18284,1967,9,1
18285,1994,6,1
18286,1991,21,1
18287,2017,9,1
18288,1962,12,1
18289,1962,9,1
18290,1962,9,1
18291,1969,9,1
18292,1969,9,1
18293,1969,9,1
18294,1970,9,1
18295,1971,9,1
18296,1972,12,1
18297,2001,15,1
18298,1991,9,1
18299,1991,18,1
18300,1996,18,1
18301,1979,15,3
18302,1983,3,3
18303,1988,9,3
18304,1980,3,3
18305,1974,6,3
18306,1980,6,3
18307,1976,3,3
18308,1978,3,3
18309,1980,3,3
18310,1978,3,3
18311,1975,6,4
18312,1975,6,3
18313,1975,6,3
18314,1800,6,1
18315,1972,3,1
18316,1989,9,1
18317,1950,6,1
18318,1945,3,3
18319,1950,3,1
18320,1970,18,1
18321,1955,9,1
18322,1970,18,1
18323,1944,9,4
18324,1960,6,1
18325,1944,6,1
18326,1950,3,1
18327,1960,9,1
18328,2003,6,1
18329,1960,12,1
18330,1960,12,1
18331,1955,9,1
18332,1955,9,1
18333,1991,9,1
18334,1990,9,1
18335,1950,9,1
18336,1950,6,1
18337,2009,18,1
18338,1950,6,1
18339,1993,9,1
18340,1955,9,1
18341,1955,6,1
18342,1933,3,1
18343,1950,3,1
18344,1950,3,1
18345,1979,6,1
18346,1965,18,1
18347,1994,6,1
18348,1960,15,1
18349,1955,9,1
18350,1923,9,1
18351,2021,9,1
18352,1955,6,1
18353,1955,6,1
18354,2003,15,1
18355,1955,3,3
18356,1981,15,1
18357,1985,12,1
18358,1988,9,1
18359,1978,15,1
18360,1975,12,1
18361,1978,12,1
18362,1978,9,1
18363,1975,6,3
18364,1983,18,1
18365,1977,12,1
18366,1975,12,1
18367,1999,12,1
18368,1999,12,1
18369,1999,12,1
18370,1999,12,1
18371,2000,21,1
18372,1972,15,1
18373,1968,15,1
18374,1968,15,1
18375,1968,15,1
18376,1961,15,1
18377,1961,15,1
18378,1984,15,1
18379,1978,18,1
18380,1978,9,1
18381,1980,18,1
18382,1988,9,1
18383,1988,9,1
18384,1988,9,1
18385,1988,12,1
18386,1988,9,1
18387,1988,9,1
18388,1988,9,1
18389,1988,9,1
18390,1988,9,1
18391,1988,9,1
18392,1988,9,1
18393,1988,9,1
18394,1964,9,1
18395,1964,9,1
18396,1964,9,1
18397,1964,9,1
18398,1964,15,1
18399,1964,9,1
18400,1961,9,1
18401,1964,9,1
18402,1964,9,1
18403,1964,9,1
18404,1964,9,1
18405,1964,9,1
18406,1965,6,1
18407,1963,9,1
18408,1950,6,1
18409,1905,3,1
18410,1993,9,1
18411,1978,9,1
18412,1982,12,1
18413,1925,3,1
18414,1930,9,1
18415,1970,9,1
18416,2004,15,1
18417,1968,3,1
18418,1930,3,1
18419,1963,12,1
18420,1956,9,1
18421,1957,6,1
18422,1959,3,1
18423,1979,3,3
18424,1958,3,1
18425,1954,9,1
18426,1957,3,1
18427,1958,9,1
18428,2000,12,1
18429,1955,3,1
18430,1977,12,1
18431,1993,9,1
18432,1960,3,1
18433,1969,9,1
18434,2009,15,1
18435,2001,6,1
18436,1945,3,1
18437,1945,9,1
18438,1968,12,1
18439,1930,3,1
18440,1955,9,1
18441,1982,9,1
18442,1960,3,1
18443,1950,3,1
18444,1960,3,1
18445,1960,3,1
18446,1965,6,1
18447,1970,6,1
18448,1968,6,1
18449,2006,12,1
18450,2010,15,1
18451,1977,6,1
18452,1968,3,1
18453,1958,3,1
18454,1950,6,1
18455,1956,9,1
18456,1970,12,1
18457,1950,3,1
18458,1975,9,1
18459,1970,12,1
18460,1999,6,1
18461,1968,6,1
18462,1969,6,1
18463,1958,6,1
18464,1930,6,1
18465,1930,9,1
18466,1930,6,1
18467,1920,6,1
18468,2011,12,1
18469,2008,15,1
18470,2001,15,1
18471,2001,3,1
18472,1931,6,1
18473,1900,6,1
18474,1971,6,1
18475,1963,3,3
18476,1964,3,3
18477,1965,3,3
18478,1965,3,3
18479,1930,3,1
18480,1973,9,1
18481,1920,3,1
18482,1983,9,1
18483,1930,3,1
18484,1920,6,1
18485,2006,6,1
18486,1992,12,1
18487,2009,12,1
18488,1950,9,1
18489,1900,6,1
18490,1970,9,1
18491,1920,6,1
18492,1960,3,1
18493,1930,6,1
18494,1930,3,1
18495,2000,12,1
18496,2006,15,1
18497,1970,9,1
18498,1920,9,1
18499,1976,3,3
18500,1956,6,1
18501,1963,9,1
18502,1973,12,1
18503,2023,6,1
18504,1934,6,1
18505,1934,3,1
18506,1974,12,1
18507,2009,15,1
18508,1980,9,1
18509,1960,3,1
18510,1958,9,1
18511,1950,3,1
18512,1951,3,1
18513,1947,3,1
18514,1963,3,1
18515,1949,6,1
18516,1962,3,1
18517,1944,3,1
18518,1950,6,1
18519,1956,3,1
18520,1930,6,1
18521,1950,6,1
18522,1935,9,1
18523,1973,9,1
18524,2011,15,1
18525,1970,15,1
18526,1970,9,1
18527,1950,6,1
18528,2006,15,1
18529,1960,6,1
18530,1974,21,1
18531,1990,12,1
18532,1930,6,1
18533,1958,6,1
18534,1960,12,1
18535,1970,21,1
18536,1975,6,1
18537,2002,15,1
18538,1999,15,1
18539,1995,15,1
18540,1990,9,1
18541,1992,12,1
18542,2003,12,1
18543,1992,12,1
18544,1997,15,1
18545,1924,3,1
18546,1935,3,1
18547,1950,6,4
18548,1950,3,1
18549,1930,3,1
18550,1953,6,1
18551,1983,12,1
18552,1050,6,1
18553,1935,6,1
18554,1920,3,1
18555,1973,9,1
18556,2016,6,3
18557,1930,9,1
18558,1961,12,1
18559,1942,3,1
18560,1980,12,1
18561,1935,9,1
18562,1960,9,1
18563,1992,12,1
18564,1968,6,3
18565,1900,6,3
18566,1963,3,3
18567,2020,12,1
18568,1999,12,1
18569,2005,15,1
18570,2010,15,1
18571,2010,15,1
18572,2009,15,1
18573,1984,9,1
18574,1943,6,1
18575,1975,21,1
18576,1970,21,1
18577,1923,12,1
18578,1950,6,4
18579,1910,9,1
18580,1939,6,1
18581,1929,3,3
18582,1948,6,1
18583,1910,6,1
18584,1934,6,4
18585,2006,6,1
18586,1998,9,1
18587,1920,9,1
18588,1930,3,1
18589,1931,12,1
18590,1940,3,1
18591,1930,3,1
18592,1925,3,4
18593,1970,18,1
18594,1975,18,1
18595,1929,6,1
18596,1905,6,1
18597,1909,6,1
18598,1916,6,1
18599,1974,9,1
18600,1908,6,1
18601,1930,3,1
18602,1920,3,1
18603,1941,3,1
18604,1912,3,1
18605,1912,3,1
18606,1940,6,1
18607,1940,9,1
18608,1938,9,1
18609,1940,6,1
18610,1914,6,1
18611,1917,3,1
18612,1920,3,1
18613,1920,3,1
18614,1920,6,1
18615,1912,3,1
18616,1987,9,1
18617,1987,9,1
18618,1987,9,1
18619,1987,9,1
18620,1987,9,1
18621,1943,3,1
18622,1943,6,1
18623,1942,6,1
18624,2006,18,1
18625,2010,15,1
18626,1959,12,4
18627,1978,18,1
18628,1913,3,1
18629,1996,9,4
18630,1962,24,1
18631,1962,18,1
18632,1962,18,1
18633,1962,18,1
18634,1890,6,1
18635,1890,6,1
18636,1890,6,1
18637,1890,12,1
18638,1883,6,1
18639,1890,6,3
18640,1890,9,1
18641,1895,6,1
18642,1890,6,1
18643,1890,6,3
18644,1890,9,1
18645,1882,9,1
18646,1890,6,1
18647,1881,6,1
18648,1883,3,1
18649,1975,6,1
18650,1890,6,3
18651,1883,9,1
18652,1890,3,1
18653,1995,9,1
18654,1880,6,1
18655,1890,6,1
18656,1883,9,1
18657,1883,6,1
18658,1890,9,1
18659,1905,6,1
18660,1890,9,1
18661,1890,6,1
18662,1883,6,1
18663,1903,6,1
18664,1983,6,1
18665,1883,12,1
18666,1883,9,1
18667,1883,6,1
18668,1905,6,1
18669,1883,6,1
18670,1880,6,1
18671,2007,15,1
18672,1895,6,1
18673,1890,9,1
18674,1890,6,1
18675,1890,6,1
18676,1890,9,1
18677,1880,6,1
18678,1883,6,1
18679,1883,6,1
18680,1893,6,1
18681,1905,6,1
18682,1890,9,1
18683,1890,9,1
18684,1880,6,1
18685,1880,9,1
18686,1890,6,1
18687,1882,6,1
18688,1882,6,1
18689,1890,6,1
18690,1997,15,1
18691,2005,15,1
18692,2009,15,1
18693,2019,21,1
18694,1970,27,1
18695,2010,15,1
18696,1970,27,1
18697,1970,30,1
18698,1970,30,1
18699,1994,15,1
18700,1972,24,1
18701,1972,24,1
18702,1972,24,1
18703,1972,24,1
18704,1940,12,1
18705,1955,9,1
18706,1970,9,1
18707,1971,24,1
18708,1960,21,1
18709,1950,3,1
18710,1960,9,1
18711,1953,12,1
18712,1960,12,1
18713,1960,6,1
18714,2003,12,1
18715,2010,15,1
18716,2003,18,1
18717,2005,18,1
18718,2007,18,1
18719,2007,18,1
18720,2008,42,1
18721,2008,42,1
18722,2024,18,1
18723,1960,6,3
18724,1960,15,4
18725,1996,21,4
18726,1920,12,4
18727,1960,15,1
18728,1972,27,1
18729,1962,18,1
18730,2007,18,1
18731,1970,12,1
18732,2008,9,1
18733,2007,18,1
18734,2007,18,1
18735,1930,6,1
18736,2022,9,1
18737,2024,18,1
18738,1931,6,1
18739,1931,3,1
18740,1986,15,1
18741,1986,15,1
18742,1987,15,1
18743,1920,6,1
18744,1975,12,1
18745,1925,6,1
18746,1905,3,1
18747,1924,6,1
18748,1930,6,1
18749,1922,6,1
18750,1927,15,1
18751,2005,6,1
18752,1920,6,1
18753,1920,9,1
18754,1939,15,1
18755,1920,9,1
18756,1964,15,1
18757,1950,6,1
18758,1920,9,1
18759,1925,9,1
18760,1930,6,1
18761,1930,6,1
18762,1936,6,1
18763,1962,9,1
18764,1971,12,1
18765,1925,6,1
18766,1940,6,1
18767,1960,6,1
18768,1939,6,1
18769,1922,3,1
18770,1915,6,1
18771,1994,9,1
18772,1955,6,1
18773,1920,9,1
18774,1968,9,1
18775,1969,9,1
18776,1970,6,1
18777,1923,9,1
18778,1930,3,1
18779,1947,3,1
18780,1971,6,1
18781,1969,6,1
18782,1964,9,3
18783,2017,9,1
18784,1972,21,1
18785,1986,18,1
18786,1976,12,1
18787,1920,6,1
18788,2000,12,1
18789,2002,18,1
18790,2002,15,1
18791,2003,15,1
18792,2005,18,1
18793,1999,6,4
18794,1976,21,1
18795,1978,3,3
18796,1991,15,1
18797,1988,24,1
18798,1987,24,1
18799,1973,24,1
18800,1975,24,1
18801,1990,15,1
18802,1989,15,1
18803,1991,15,1
18804,1987,15,1
18805,1992,12,4
18806,1994,18,1
18807,1980,27,1
18808,1989,24,1
18809,1991,18,1
18810,1991,18,1
18811,1990,15,1
18812,1990,15,1
18813,1993,18,1
18814,1995,18,1
18815,1993,15,1
18816,1992,21,1
18817,1965,3,4
18818,1999,6,3
18819,1965,3,3
18820,1965,9,3
18821,1946,12,1
18822,1990,21,4
18823,2014,3,4
18824,1979,9,4
18825,1979,3,3
18826,1964,12,1
18827,1954,6,4
18828,1900,9,1
18829,1987,3,4
18830,1963,3,3
18831,1976,6,3
18832,1976,9,3
18833,1970,21,1
18834,1955,6,1
18835,1960,6,4
18836,2015,9,1
18837,1950,3,1
18838,1950,3,1
18839,1950,3,1
18840,1960,12,1
18841,1955,9,1
18842,1950,3,1
18843,2000,15,1
18844,1955,6,1
18845,2006,12,1
18846,1997,12,1
18847,1955,9,1
18848,1955,6,1
18849,1955,6,1
18850,1950,3,1
18851,1975,9,1
18852,1955,6,1
18853,1955,9,1
18854,1950,3,1
18855,1975,9,1
18856,1965,18,1
18857,1960,9,1
18858,1950,9,1
18859,1926,6,1
18860,1970,21,1
18861,1965,12,1
18862,2008,15,1
18863,1945,9,1
18864,1958,9,1
18865,1958,9,3
18866,1958,6,1
18867,1958,6,1
18868,1960,9,1
18869,1994,15,1
18870,1958,9,1
18871,1958,6,1
18872,1958,9,1
18873,1958,6,1
18874,1960,6,1
18875,1960,9,1
18876,1958,9,1
18877,1993,15,1
18878,1958,6,1
18879,1958,6,1
18880,1950,3,1
18881,1958,3,1
18882,1958,6,4
18883,1958,6,1
18884,1960,6,1
18885,1960,12,1
18886,2001,15,1
18887,2007,15,1
18888,1960,6,1
18889,1993,12,1
18890,1953,12,1
18891,1958,6,1
18892,1955,6,1
18893,1958,6,1
18894,1950,6,1
18895,1950,3,1
18896,2009,15,1
18897,1955,6,1
18898,1959,6,1
18899,1956,9,1
18900,1958,3,1
18901,1962,12,1
18902,1960,9,1
18903,1959,9,1
18904,1955,6,1
18905,1959,6,1
18906,1961,6,1
18907,1958,9,1
18908,1961,12,1
18909,1957,3,1
18910,1957,3,3
18911,1958,6,1
18912,1961,6,1
18913,1994,9,3
18914,1955,6,1
18915,1979,9,1
18916,1960,9,1
18917,1960,9,1
18918,1958,3,1
18919,1958,6,1
18920,1963,12,1
18921,1960,6,1
18922,1995,3,1
18923,1962,9,1
18924,1950,6,1
18925,1950,9,1
18926,1959,6,1
18927,1950,6,1
18928,2005,15,1
18929,1961,12,1
18930,1961,3,1
18931,1960,6,1
18932,1951,12,1
18933,1960,21,1
18934,1970,21,1
18935,1932,9,1
18936,1922,6,1
18937,1999,6,1
18938,1948,9,1
18939,1952,9,1
18940,1946,6,1
18941,1953,9,1
18942,1979,12,1
18943,1949,9,1
18944,1957,9,1
18945,1946,12,1
18946,1923,6,1
18947,2000,12,1
18948,2003,15,1
18949,1988,15,1
18950,1953,6,1
18951,1958,9,1
18952,1952,9,1
18953,1941,9,1
18954,1947,6,1
18955,1930,15,4
18956,1967,15,1
18957,1958,15,1
18958,1971,18,1
18959,1969,15,1
18960,1967,18,1
18961,1985,24,1
18962,1990,21,1
18963,1956,9,1
18964,1960,9,1
18965,1953,9,1
18966,1950,9,1
18967,1950,9,1
18968,1950,9,1
18969,1950,3,1
18970,1950,9,1
18971,1950,6,1
18972,1950,9,1
18973,1950,6,1
18974,1950,9,1
18975,1950,9,1
18976,1947,12,1
18977,1964,9,1
18978,1950,6,1
18979,1953,6,1
18980,1950,6,1
18981,1954,3,1
18982,1950,3,1
18983,1950,6,1
18984,1950,6,1
18985,1953,9,1
18986,1950,6,1
18987,1950,9,1
18988,1950,9,1
18989,2000,15,1
18990,1992,15,1
18991,1950,12,4
18992,1975,27,1
18993,1950,3,4
18994,1953,9,1
18995,1953,9,1
18996,1953,9,1
18997,2016,9,1
18998,1950,9,1
18999,1953,12,1
19000,1950,9,1
19001,1953,6,1
19002,1955,9,1
19003,1953,12,1
19004,1981,15,1
19005,1950,6,1
19006,1954,6,1
19007,2009,15,1
19008,1953,3,1
19009,1950,9,1
19010,1995,15,1
19011,1970,18,1
19012,1979,18,1
19013,1979,18,1
19014,1979,18,1
19015,1979,18,1
19016,1930,6,3
19017,1930,9,1
19018,1930,12,1
19019,1930,18,1
19020,1992,15,4
19021,1930,9,1
19022,1930,3,1
19023,1930,9,1
19024,1930,9,1
19025,1930,9,1
19026,1962,12,1
19027,1970,21,1
19028,1979,21,1
19029,1979,15,3
19030,2007,15,1
19031,2022,9,1
19032,2022,9,1
19033,2024,12,1
19034,2024,9,1
19035,1994,15,1
19036,1986,15,1
19037,1960,6,1
19038,1965,9,1
19039,1960,6,1
19040,1959,3,1
19041,2003,15,1
19042,1991,24,1
19043,1991,24,1
19044,1993,21,1
19045,1991,24,1
19046,1994,15,1
19047,1992,12,1
19048,1992,12,1
19049,2000,15,1
19050,1959,9,1
19051,1963,9,1
19052,1964,12,1
19053,1965,9,1
19054,1962,9,1
19055,1969,6,1
19056,1965,6,1
19057,1970,12,1
19058,2006,12,1
19059,1962,6,1
19060,1965,9,1
19061,1962,6,1
19062,1969,9,1
19063,1966,12,1
19064,1961,6,1
19065,1960,6,1
19066,1960,6,1
19067,1959,6,1
19068,1965,9,1
19069,1970,6,1
19070,1969,3,1
19071,1969,3,1
19072,2002,15,1
19073,1969,3,1
19074,1963,6,1
19075,1964,6,1
19076,1964,6,1
19077,1964,6,1
19078,2002,12,1
19079,1965,3,1
19080,1959,3,1
19081,1964,6,1
19082,1964,9,1
19083,1963,6,1
19084,1960,6,1
19085,1963,12,1
19086,1959,3,1
19087,1974,6,1
19088,1964,9,1
19089,1964,12,1
19090,1970,21,1
19091,1957,9,1
19092,1960,6,1
19093,1962,6,1
19094,1965,6,1
19095,1966,6,1
19096,1965,12,1
19097,1964,3,1
19098,1967,9,1
19099,1970,21,1
19100,1960,12,1
19101,1963,12,1
19102,1962,6,1
19103,1970,6,3
19104,1967,6,1
19105,1999,6,1
19106,1974,12,1
19107,1960,9,1
19108,1962,6,1
19109,1997,12,1
19110,1958,9,1
19111,1960,9,1
19112,1958,6,1
19113,1963,6,1
19114,1964,6,1
19115,1960,6,1
19116,1959,6,1
19117,1962,6,1
19118,1995,15,1
19119,1960,9,1
19120,1960,9,1
19121,1964,9,1
19122,1968,9,1
19123,1970,12,1
19124,1960,18,1
19125,1965,6,1
19126,1962,9,1
19127,1963,15,1
19128,1964,9,1
19129,1967,12,1
19130,2012,15,1
19131,1962,6,1
19132,1958,6,1
19133,1960,9,1
19134,1959,9,1
19135,1965,6,1
19136,1960,9,1
19137,1958,6,1
19138,1989,9,1
19139,1965,6,1
19140,1963,9,1
19141,1963,9,1
19142,1959,6,1
19143,1960,6,1
19144,1961,6,1
19145,1962,6,1
19146,1962,12,1
19147,1966,9,1
19148,1965,9,1
19149,1966,9,1
19150,1958,3,1
19151,1957,3,1
19152,1964,9,1
19153,1958,6,1
19154,1965,12,1
19155,1962,9,1
19156,1960,6,1
19157,1965,9,4
19158,1957,9,1
19159,1966,12,1
19160,1955,6,1
19161,1965,9,1
19162,1989,9,1
19163,1989,9,1
19164,1989,9,1
19165,1989,9,1
19166,1989,9,1
19167,1989,9,1
19168,1989,3,3
19169,1989,6,1
19170,1989,9,1
19171,1989,6,1
19172,1989,9,1
19173,1989,9,1
19174,1989,9,1
19175,1989,9,1
19176,1989,9,1
19177,1989,9,1
19178,1989,9,1
19179,1989,9,1
19180,1997,3,1
19181,1968,12,1
19182,2008,15,1
19183,2016,9,3
19184,1980,9,3
19185,1981,6,3
19186,1994,9,3
19187,1994,3,3
19188,1994,3,3
19189,1994,3,3
19190,1969,3,1
19191,1978,3,1
19192,1978,3,1
19193,1969,3,1
19194,1969,3,1
19195,1995,3,4
19196,1970,6,4
19197,1960,3,3
19198,1960,3,3
19199,1960,3,4
19200,1800,9,1
19201,2022,9,3
19202,2001,6,4
19203,2009,15,3
19204,2009,6,3
19205,1995,6,4
19206,1996,3,3
19207,2001,12,4
19208,2005,6,3
19209,2000,6,3
19210,2000,6,4
19211,2002,12,3
19212,2007,6,3
19213,1999,6,4
19214,2004,6,3
19215,1970,3,3
19216,1962,6,3
19217,1970,3,3
19218,1970,3,3
19219,1936,6,3
19220,1962,12,1
19221,1953,3,1
19222,1994,12,1
19223,1976,21,1
19224,1975,6,3
19225,1982,15,1
19226,1982,18,1
19227,1977,12,1
19228,1975,18,1
19229,1974,24,1
19230,1973,15,1
19231,1975,6,1
19232,1975,12,1
19233,1983,15,1
19234,1981,18,1
19235,1980,15,1
19236,1975,6,1
19237,1960,9,1
19238,1957,6,1
19239,1965,9,1
19240,1968,9,1
19241,1963,6,1
19242,1957,6,1
19243,1965,18,1
19244,2001,6,1
19245,1994,9,1
19246,1964,12,1
19247,1980,12,1
19248,1974,6,1
19249,1968,9,1
19250,1961,3,1
19251,1980,15,1
19252,1958,12,1
19253,1953,6,1
19254,1964,6,1
19255,1964,6,1
19256,1962,3,1
19257,1961,3,1
19258,1957,3,1
19259,1953,6,1
19260,1953,9,1
19261,1956,3,1
19262,1954,6,1
19263,1965,6,1
19264,2004,9,1
19265,1996,3,3
19266,2000,12,1
19267,2008,15,1
19268,2006,15,1
19269,1980,15,1
19270,1992,12,1
19271,1985,12,1
19272,2008,15,1
19273,1985,9,1
19274,1983,9,1
19275,1983,12,1
19276,1989,12,1
19277,1985,9,1
19278,2001,15,1
19279,1999,9,1
19280,1982,9,1
19281,1985,9,1
19282,1990,12,1
19283,1979,12,1
19284,1982,9,1
19285,1988,9,1
19286,1978,12,1
19287,1980,15,1
19288,1983,9,1
19289,1983,12,1
19290,1978,12,1
19291,1980,21,1
19292,1977,15,1
19293,1973,18,1
19294,1974,18,1
19295,1975,18,1
19296,1989,12,1
19297,1991,15,1
19298,1987,9,1
19299,1982,3,3
19300,2004,15,1
19301,1983,15,1
19302,1976,15,1
19303,1976,18,1
19304,1975,18,1
19305,2000,15,1
19306,1984,12,1
19307,1940,6,1
19308,1935,6,1
19309,1935,6,1
19310,1935,6,1
19311,1940,6,1
19312,1929,6,1
19313,1950,6,1
19314,1950,3,1
19315,1930,9,1
19316,1935,6,1
19317,1920,6,1
19318,1960,6,1
19319,1998,9,1
19320,2023,15,1
19321,1983,6,1
19322,1953,3,1
19323,1970,6,4
19324,1994,15,4
19325,1970,6,1
19326,1970,21,1
19327,1920,6,4
19328,1951,6,1
19329,1920,6,1
19330,1929,3,1
19331,1970,9,1
19332,1991,12,1
19333,1910,6,1
19334,1910,6,1
19335,1970,21,1
19336,1900,6,1
19337,1910,9,1
19338,1900,6,1
19339,1950,9,1
19340,2010,12,1
19341,1940,6,1
19342,1994,18,1
19343,1993,9,1
19344,1978,3,3
19345,1943,3,1
19346,1993,12,1
19347,2006,15,1
19348,1984,9,1
19349,1989,6,3
19350,1980,21,1
19351,1971,6,3
19352,1975,6,1
19353,1956,6,1
19354,1984,6,1
19355,1996,15,1
19356,1970,21,1
19357,1970,21,1
19358,1958,6,3
19359,2006,15,1
19360,1973,3,3
19361,1924,3,3
19362,1924,6,1
19363,1930,6,1
19364,1930,12,1
19365,1974,6,1
19366,1930,9,4
19367,1970,15,4
19368,1927,6,1
19369,1975,27,1
19370,1967,21,1
19371,1985,12,1
19372,1930,6,1
19373,1928,9,1
19374,1925,3,1
19375,1972,21,1
19376,1996,18,4
19377,2004,15,1
19378,2005,15,1
19379,1970,18,1
19380,1971,21,1
19381,1972,21,1
19382,1972,21,1
19383,1968,6,1
19384,1967,6,1
19385,1970,9,1
19386,1968,6,1
19387,1968,15,1
19388,1969,9,1
19389,1970,9,3
19390,1970,6,4
19391,1940,9,1
19392,1955,9,3
19393,1950,3,3
19394,1965,6,1
19395,2000,9,3
19396,1981,12,1
19397,1977,21,1
19398,1977,21,1
19399,1970,24,1
19400,1972,24,1
19401,1962,6,1
19402,1965,3,1
19403,1967,9,1
19404,1966,9,1
19405,1971,12,1
19406,1988,9,1
19407,1966,6,1
19408,1962,18,1
19409,1990,21,1
19410,1979,21,1
19411,1984,21,1
19412,1983,21,1
19413,1971,21,1
19414,1971,27,1
19415,1965,12,1
19416,1978,24,1
19417,1972,21,1
19418,1978,21,1
19419,1978,21,1
19420,1920,9,4
19421,1969,27,1
19422,1954,12,1
19423,1954,3,1
19424,2000,12,1
19425,1960,6,3
19426,1967,6,1
19427,1962,15,1
19428,1970,15,1
19429,2006,15,1
19430,1970,9,1
19431,1966,9,1
19432,1967,12,1
19433,1968,12,1
19434,1985,12,1
19435,1925,6,1
19436,1971,24,1
19437,1988,3,3
19438,1985,9,1
19439,1936,6,1
19440,1985,9,1
19441,2000,15,1
19442,2004,15,1
19443,2006,18,1
19444,2007,15,1
19445,1977,24,1
19446,2004,18,1
19447,2016,6,1
19448,1935,3,1
19449,1942,3,1
19450,1965,6,1
19451,1958,9,1
19452,1993,6,1
19453,1966,6,1
19454,1967,6,1
19455,1953,3,1
19456,1967,6,1
19457,1995,21,1
19458,2002,18,1
19459,1997,12,1
19460,1977,9,1
19461,1959,6,1
19462,1959,6,1
19463,1969,12,1
19464,2023,9,1
19465,1932,3,1
19466,2004,6,1
19467,2001,12,1
19468,2023,9,1
19469,2004,15,1
19470,1992,12,1
19471,1998,15,1
19472,1973,21,1
19473,1970,9,1
19474,1973,24,1
19475,1973,9,1
19476,2007,12,1
19477,1967,21,1
19478,1964,9,1
19479,1991,15,1
19480,1951,9,1
19481,1973,24,1
19482,2002,15,1
19483,1994,15,1
19484,1990,12,1
19485,1933,6,1
19486,1930,3,1
19487,1961,9,1
19488,1995,18,1
19489,1992,18,1
19490,2001,15,1
19491,2003,18,1
19492,2007,18,1
19493,1947,9,1
19494,1951,6,1
19495,1988,9,1
19496,2024,15,1
19497,1951,6,1
19498,1959,3,1
19499,1965,9,1
19500,1973,24,1
19501,1950,3,1
19502,1948,9,1
19503,1949,9,1
19504,1947,9,1
19505,1935,12,1
19506,1933,9,1
19507,1970,15,1
19508,1992,15,1
19509,1952,15,1
19510,1988,15,1
19511,1947,12,1
19512,1953,9,1
19513,1923,6,1
19514,2002,15,1
19515,1967,27,1
19516,1988,9,1
19517,1988,9,1
19518,1988,9,1
19519,2019,15,1
19520,1936,9,1
19521,2003,12,1
19522,1948,6,1
19523,2004,15,1
19524,1974,21,1
19525,1993,12,1
19526,1923,6,1
19527,1924,3,1
19528,1923,6,1
19529,1954,3,1
19530,1966,9,1
19531,1967,6,1
19532,1932,3,1
19533,1969,3,3
19534,1965,9,1
19535,2001,3,1
19536,1934,9,1
19537,1991,15,1
19538,1967,6,1
19539,2001,6,1
19540,2007,15,1
19541,1966,6,1
19542,1963,3,1
19543,1969,6,1
19544,1967,3,1
19545,2002,15,1
19546,2004,15,1
19547,2004,15,1
19548,2008,15,1
19549,2008,15,1
19550,1969,3,4
19551,1967,6,1
19552,1931,3,1
19553,1962,12,1
19554,1961,6,1
19555,1922,3,1
19556,1939,6,1
19557,1972,27,1
19558,1989,21,1
19559,1957,9,1
19560,1972,9,1
19561,1989,21,1
19562,1971,18,1
19563,1969,3,1
19564,1929,3,1
19565,1963,3,1
19566,1965,3,1
19567,1933,15,1
19568,1967,12,1
19569,1931,3,1
19570,1931,3,1
19571,1933,6,1
19572,1960,9,3
19573,2003,6,3
19574,1963,9,4
19575,1980,6,3
19576,1955,6,1
19577,2002,12,1
19578,1989,12,1
19579,2004,12,1
19580,1988,12,1
19581,1963,12,1
19582,2004,12,1
19583,1970,6,3
19584,2007,15,1
19585,1988,9,1
19586,1988,9,1
19587,1988,9,1
19588,1988,9,1
19589,1988,9,1
19590,1988,9,1
19591,1988,9,1
19592,1988,9,1
19593,1988,9,1
19594,1988,9,1
19595,1991,21,1
19596,1989,12,1
19597,1989,12,1
19598,2000,15,1
19599,2005,18,1
19600,1999,6,3
19601,1971,3,3
19602,1987,6,3
19603,1984,6,3
19604,1999,9,3
19605,1998,3,4
19606,1961,6,3
19607,1950,6,4
19608,1970,3,3
19609,1976,3,3
19610,1956,6,3
19611,1963,3,3
19612,1975,3,4
19613,1987,3,3
19614,1994,9,3
19615,1975,3,3
19616,1959,3,1
19617,1959,3,1
19618,1998,3,4
19619,2002,9,4
19620,1999,3,4
19621,1987,3,3
19622,1987,3,4
19623,1987,3,4
19624,2000,3,3
19625,1965,12,1
19626,1955,6,4
19627,1955,9,1
19628,1955,9,1
19629,1950,6,1
19630,1965,18,1
19631,1976,12,1
19632,1965,3,1
19633,1955,12,1
19634,1955,6,1
19635,1955,9,1
19636,2005,18,1
19637,1969,3,3
19638,1956,9,1
19639,1959,15,1
19640,1956,6,1
19641,1956,9,1
19642,1956,12,1
19643,1956,3,1
19644,1956,6,1
19645,1956,6,1
19646,1956,6,1
19647,1979,9,3
19648,1991,12,1
19649,1956,3,3
19650,1957,6,1
19651,1959,12,1
19652,2003,15,1
19653,1939,12,1
19654,1945,9,1
19655,2006,9,1
19656,2009,9,1
19657,1943,6,1
19658,1966,15,1
19659,1945,12,1
19660,1954,9,1
19661,1945,9,1
19662,1965,21,1
19663,1965,18,1
19664,1935,6,1
19665,1998,9,1
19666,1950,6,1
19667,1950,6,1
19668,1955,9,1
19669,1955,6,1
19670,1950,6,1
19671,1945,6,1
19672,1945,6,1
19673,1955,6,1
19674,2002,15,1
19675,1950,3,1
19676,1945,6,1
19677,1955,9,1
19678,1960,12,1
19679,1960,6,1
19680,1948,6,1
19681,1930,12,1
19682,1950,6,1
19683,1950,6,1
19684,1930,6,1
19685,2007,12,1
19686,1950,9,1
19687,1953,6,1
19688,1950,12,1
19689,1949,9,1
19690,1961,12,1
19691,1951,6,1
19692,1952,9,1
19693,1947,9,1
19694,1952,6,1
19695,1951,6,1
19696,1954,6,1
19697,1956,6,1
19698,1951,6,1
19699,1956,6,1
19700,1950,3,1
19701,1955,9,1
19702,1963,12,1
19703,1950,12,1
19704,1973,18,1
19705,1953,9,1
19706,1952,6,1
19707,2017,12,1
19708,1993,12,1
19709,1955,6,1
19710,2022,12,1
19711,1955,6,1
19712,1951,9,1
19713,1950,6,1
19714,2002,12,1
19715,1994,12,1
19716,1953,6,1
19717,1994,15,1
19718,1954,12,1
19719,2000,12,4
19720,1954,6,1
19721,1953,3,1
19722,1951,6,1
19723,1949,3,1
19724,2001,6,1
19725,1950,3,1
19726,1989,12,1
19727,2001,15,1
19728,1930,6,1
19729,1930,12,1
19730,1930,9,1
19731,1930,12,1
19732,1930,12,1
19733,1930,9,1
19734,1930,6,1
19735,1996,15,1
19736,1998,12,1
19737,1930,9,1
19738,1977,12,1
19739,1993,15,1
19740,1962,6,1
19741,1959,12,1
19742,1949,9,1
19743,1952,9,1
19744,1951,6,3
19745,1984,9,1
19746,1969,12,1
19747,1959,9,1
19748,1955,9,1
19749,1955,6,1
19750,1989,6,1
19751,1955,3,1
19752,1955,6,1
19753,1951,6,1
19754,1993,12,1
19755,1947,6,1
19756,1948,6,1
19757,1992,12,3
19758,1992,15,1
19759,1993,15,1
19760,1949,9,1
19761,2006,15,1
19762,1946,9,1
19763,1954,9,1
19764,1954,9,1
19765,1954,6,1
19766,1954,6,1
19767,1954,9,1
19768,1954,6,1
19769,1954,6,1
19770,1954,6,1
19771,1954,6,1
19772,1954,6,1
19773,1954,6,1
19774,1954,6,1
19775,1954,6,1
19776,1954,6,1
19777,1954,6,1
19778,1954,6,1
19779,1954,6,1
19780,1954,6,1
19781,1954,6,1
19782,1954,6,1
19783,1954,6,1
19784,1954,6,1
19785,1954,6,1
19786,1954,6,1
19787,1954,9,1
19788,1954,6,1
19789,1954,6,1
19790,1954,6,1
19791,1954,6,1
19792,1954,6,1
19793,1954,6,1
19794,1954,6,1
19795,1954,6,1
19796,1954,6,1
19797,1954,6,1
19798,1954,6,1
19799,1954,6,1
19800,1951,6,1
19801,1954,6,1
19802,1971,12,1
19803,1986,15,1
19804,1979,9,1
19805,1970,15,1
19806,1974,24,1
19807,1970,18,1
19808,1970,18,1
19809,1970,12,1
19810,1930,9,1
19811,1972,9,1
19812,1970,18,1
19813,1979,21,1
19814,1979,18,1
19815,1930,3,1
19816,1930,12,1
19817,1970,21,1
19818,1955,12,1
19819,1955,9,1
19820,1997,12,1
19821,1960,9,1
19822,1965,15,1
19823,1955,6,1
19824,1984,12,1
19825,1955,6,1
19826,1960,6,3
19827,1965,15,1
19828,1955,12,1
19829,1960,6,1
19830,1955,9,1
19831,1955,9,1
19832,1955,12,1
19833,1955,9,1
19834,1955,6,1
19835,1965,21,1
19836,1965,21,1
19837,1965,12,1
19838,1993,12,1
19839,2000,15,1
19840,1973,12,1
19841,1970,9,1
19842,1965,21,1
19843,1965,21,1
19844,1955,6,3
19845,1950,3,3
19846,1955,9,1
19847,1960,18,1
19848,2015,15,1
19849,1960,12,1
19850,2007,21,1
19851,1960,9,1
19852,1957,9,1
19853,1971,9,1
19854,1963,9,1
19855,1956,3,1
19856,1998,9,1
19857,1959,9,1
19858,1969,12,1
19859,1962,9,1
19860,1964,9,1
19861,1965,9,1
19862,1965,9,1
19863,1960,12,1
19864,1965,9,1
19865,2007,18,1
19866,1960,12,1
19867,1986,12,1
19868,1980,9,1
19869,1996,15,1
19870,1963,6,1
19871,1958,6,1
19872,1960,9,1
19873,1959,6,1
19874,1967,6,1
19875,1998,21,1
19876,2003,18,1
19877,1956,6,1
19878,2004,12,1
19879,1957,9,1
19880,1961,6,1
19881,1964,6,1
19882,1958,9,1
19883,1960,12,1
19884,1955,9,1
19885,1960,6,4
19886,1973,12,1
19887,1958,12,1
19888,1955,9,1
19889,1962,9,1
19890,1965,12,1
19891,1954,3,1
19892,1954,6,1
19893,1961,9,1
19894,1962,9,1
19895,1960,9,1
19896,1992,12,1
19897,1955,6,1
19898,1957,6,1
19899,1955,3,1
19900,1972,12,1
19901,1960,9,1
19902,1955,6,1
19903,1956,6,1
19904,1954,3,1
19905,1971,12,1
19906,1962,6,1
19907,1959,6,1
19908,1966,9,3
19909,2007,18,1
19910,1965,9,1
19911,1959,6,1
19912,1958,6,1
19913,1959,9,1
19914,1967,12,1
19915,1958,12,1
19916,1959,9,1
19917,1965,9,1
19918,1965,9,1
19919,1962,6,1
19920,1957,9,1
19921,1970,9,1
19922,2005,12,1
19923,1970,9,1
19924,1969,9,1
19925,1962,9,1
19926,1962,9,1
19927,1970,12,1
19928,1972,9,1
19929,1970,9,1
19930,1977,3,1
19931,1965,3,1
19932,1966,6,1
19933,1973,9,1
19934,1999,15,1
19935,1963,9,1
19936,1967,12,1
19937,1962,9,4
19938,1966,12,1
19939,1974,21,1
19940,1959,6,1
19941,1964,12,1
19942,1979,9,1
19943,1960,9,1
19944,1958,9,1
19945,1962,9,1
19946,1959,9,1
19947,1960,12,1
19948,1965,9,1
19949,1972,9,1
19950,1973,9,1
19951,1970,9,1
19952,1965,9,1
19953,1961,9,1
19954,1958,3,1
19955,1989,9,1
19956,1960,6,1
19957,1960,6,1
19958,1960,9,1
19959,1993,9,1
19960,1960,6,1
19961,1960,9,1
19962,1960,12,1
19963,1968,9,1
19964,1960,3,1
19965,2001,15,1
19966,1988,12,1
19967,1988,9,1
19968,1988,9,1
19969,1988,9,1
19970,1988,9,1
19971,1988,9,1
19972,1988,9,1
19973,1988,12,1
19974,1989,6,1
19975,1989,6,1
19976,1989,6,1
19977,1989,6,1
19978,1989,6,1
19979,1989,6,1
19980,1989,6,1
19981,1989,6,1
19982,1989,6,1
19983,1989,6,1
19984,1989,6,1
19985,1989,6,1
19986,1989,9,1
19987,1989,9,1
19988,1989,9,1
19989,1989,9,1
19990,1989,9,1
19991,1989,9,1
19992,1989,9,1
19993,1989,9,1
19994,2008,9,3
19995,1996,3,4
19996,1997,3,4
19997,1997,0,3
19998,1996,3,4
19999,1997,6,4
20000,2005,15,3
20001,1997,6,4
20002,1999,6,4
20003,2000,9,4
20004,2005,6,3
20005,1996,6,3
20006,1970,21,1
20007,1968,18,1
20008,1969,18,1
20009,1971,21,1
20010,1968,24,1
20011,1969,21,1
20012,1967,21,1
20013,1967,21,1
20014,1968,3,3
20015,1968,27,1
20016,1967,24,1
20017,1970,24,1
20018,1967,18,1
20019,1967,18,1
20020,1967,18,1
20021,1967,18,1
20022,1966,3,3
20023,1975,9,1
20024,1960,6,3
20025,1960,6,3
20026,1960,3,3
20027,1970,9,4
20028,1970,9,3
20029,1978,6,3
20030,1980,3,3
20031,1980,3,4
20032,1995,9,1
20033,1980,6,3
20034,1980,6,4
20035,1976,15,3
20036,1968,9,1
20037,1965,6,3
20038,1963,6,3
20039,1965,9,1
20040,1975,6,1
20041,2009,21,1
20042,2017,3,4
20043,2017,3,3
20044,1930,12,1
20045,1958,6,1
20046,1930,3,1
20047,1978,6,1
20048,1930,6,1
20049,2007,15,1
20050,1954,6,1
20051,1954,6,1
20052,1960,15,1
20053,1974,21,1
20054,1964,6,3
20055,1970,6,1
20056,1970,12,1
20057,1970,9,1
20058,1970,6,1
20059,1968,12,1
20060,1974,6,1
20061,1978,6,1
20062,1982,6,1
20063,1974,12,1
20064,2003,15,1
20065,1981,15,1
20066,1967,6,1
20067,1970,6,1
20068,1963,6,1
20069,1977,9,1
20070,1972,12,1
20071,1970,18,1
20072,1982,9,1
20073,1994,15,1
20074,2014,6,1
20075,1971,6,1
20076,1994,15,1
20077,1910,6,1
20078,1982,9,1
20079,2001,15,1
20080,2007,15,1
20081,1963,6,3
20082,1930,9,1
20083,1934,12,1
20084,1934,9,1
20085,1988,12,1
20086,1988,12,1
20087,1988,12,1
20088,1988,12,1
20089,2007,15,1
20090,2007,15,1
20091,1922,9,1
20092,1930,6,1
20093,1992,9,1
20094,1966,9,1
20095,1983,9,1
20096,1983,9,1
20097,2008,15,1
20098,1955,3,3
20099,1954,3,1
20100,2007,15,1
20101,1987,12,3
20102,1960,3,1
20103,1960,3,3
20104,1960,6,1
20105,1960,6,1
20106,1957,6,3
20107,1996,12,1
20108,1972,12,1
20109,2003,15,1
20110,1940,9,1
20111,1987,6,1
20112,1920,9,1
20113,1982,12,1
20114,1961,6,1
20115,1975,9,1
20116,1960,3,1
20117,1924,9,1
20118,1925,3,1
20119,1967,6,3
20120,1930,3,1
20121,1930,6,1
20122,1957,9,1
20123,2015,15,1
20124,2007,9,1
20125,2022,6,1
20126,1925,6,1
20127,1950,9,1
20128,1980,9,1
20129,1997,6,1
20130,1930,3,1
20131,1985,9,1
20132,2003,18,1
20133,1960,6,1
20134,1993,15,1
20135,1931,9,1
20136,1930,9,1
20137,1970,6,1
20138,1978,21,1
20139,1949,6,1
20140,1958,9,1
20141,1968,9,1
20142,1978,6,1
20143,1964,3,1
20144,1961,12,1
20145,1958,3,1
20146,1990,12,1
20147,1951,3,1
20148,1969,9,1
20149,1954,9,1
20150,1969,12,1
20151,1992,15,1
20152,1930,6,1
20153,1945,3,1
20154,1991,9,1
20155,1949,3,1
20156,1952,3,1
20157,1962,6,1
20158,1972,15,1
20159,1970,9,1
20160,1964,6,1
20161,1958,6,1
20162,1964,9,1
20163,1957,6,1
20164,1956,6,4
20165,2005,6,1
20166,2011,12,1
20167,1984,9,1
20168,1970,9,1
20169,1930,9,4
20170,1956,3,1
20171,1976,3,3
20172,1964,6,1
20173,1920,3,1
20174,1920,6,1
20175,2021,6,1
20176,1930,9,1
20177,1930,6,1
20178,1937,6,1
20179,1930,6,1
20180,1925,6,1
20181,1925,6,1
20182,1930,9,1
20183,1970,18,1
20184,1920,9,1
20185,1973,6,1
20186,1930,9,1
20187,1930,9,1
20188,1950,9,1
20189,1976,21,1
20190,1960,9,1
20191,1920,9,1
20192,1920,9,1
20193,1933,3,1
20194,1920,6,1
20195,1920,9,3
20196,1920,9,1
20197,1920,3,1
20198,1920,6,1
20199,1972,18,1
20200,1972,18,1
20201,1920,9,1
20202,1940,6,1
20203,1930,6,4
20204,1996,15,1
20205,1999,15,1
20206,2002,15,1
20207,1996,15,1
20208,2007,15,1
20209,1970,6,4
20210,1960,9,1
20211,1955,9,1
20212,1954,6,1
20213,1983,9,1
20214,1960,12,1
20215,1973,24,1
20216,1973,24,1
20217,1978,18,1
20218,1964,24,1
20219,1975,3,3
20220,1973,12,1
20221,2009,15,1
20222,1960,15,1
20223,1960,15,1
20224,1997,3,4
20225,1950,9,3
20226,1978,6,3
20227,1992,6,4
20228,2018,15,4
20229,1963,6,1
20230,1962,3,1
20231,1994,15,1
20232,1960,9,1
20233,1971,18,1
20234,1974,18,1
20235,1970,18,1
20236,1969,18,1
20237,1968,18,1
20238,1962,15,1
20239,1940,12,1
20240,1930,6,1
20241,1979,12,1
20242,1932,3,1
20243,1968,12,1
20244,1970,9,1
20245,1970,12,1
20246,1978,9,1
20247,1991,9,1
20248,1993,15,1
20249,1963,12,1
20250,1940,3,3
20251,2006,18,1
20252,1969,9,1
20253,1960,9,1
20254,1968,9,1
20255,1969,12,1
20256,1966,6,1
20257,1994,18,1
20258,1967,6,1
20259,1975,9,1
20260,1975,15,1
20261,1932,9,1
20262,1959,3,3
20263,1958,6,1
20264,2000,3,N
20265,1969,3,1
20266,1975,9,1
20267,2007,15,1
20268,1978,18,1
20269,1975,21,1
20270,1977,18,1
20271,1974,21,1
20272,1978,21,1
20273,1972,21,1
20274,1970,9,1
20275,1970,9,1
20276,2005,15,1
20277,2004,15,1
20278,1982,24,1
20279,1961,6,1
20280,1967,9,1
20281,1929,12,1
20282,1973,24,1
20283,1935,3,1
20284,1935,3,1
20285,1960,12,1
20286,1982,12,1
20287,1953,9,1
20288,2004,18,1
20289,1966,6,1
20290,1964,6,1
20291,1963,9,1
20292,1958,6,1
20293,1963,9,1
20294,1954,9,1
20295,1992,9,1
20296,1961,9,1
20297,1954,3,1
20298,1942,3,1
20299,1963,9,1
20300,1998,6,1
20301,1953,6,1
20302,1966,6,1
20303,1991,9,1
20304,1975,21,1
20305,1959,6,1
20306,1965,9,1
20307,1969,12,1
20308,1955,3,1
20309,2002,9,1
20310,1961,6,1
20311,1991,6,1
20312,2002,12,1
20313,1994,12,1
20314,1996,12,1
20315,1951,6,1
20316,1965,6,1
20317,1951,6,1
20318,1886,6,1
20319,1972,12,1
20320,1945,3,1
20321,1945,6,1
20322,1956,6,1
20323,1932,6,1
20324,1980,12,1
20325,1982,15,1
20326,1982,15,1
20327,2001,9,1
20328,1974,21,1
20329,1992,21,1
20330,1980,6,1
20331,1930,3,1
20332,1922,9,1
20333,1900,9,1
20334,1968,6,1
20335,1972,21,1
20336,1967,21,1
20337,2004,18,1
20338,2005,15,1
20339,2008,15,1
20340,1968,18,1
20341,1963,15,4
20342,1974,21,1
20343,1976,30,1
20344,1975,30,1
20345,1973,30,1
20346,1970,30,1
20347,1968,30,1
20348,1971,18,4
20349,1981,24,1
20350,1986,9,1
20351,1958,9,1
20352,1957,12,1
20353,1958,9,1
20354,1979,21,1
20355,1998,15,1
20356,2000,15,1
20357,2004,15,1
20358,1961,9,1
20359,2006,6,1
20360,2008,21,1
20361,2003,9,4
20362,1939,12,4
20363,1939,3,4
20364,1939,3,3
20365,1939,6,4
20366,1939,6,4
20367,1939,6,4
20368,1939,3,3
20369,1958,12,1
20370,1958,12,1
20371,1958,3,1
20372,1958,9,1
20373,1979,24,1
20374,1962,21,1
20375,1993,3,4
20376,2005,18,1
20377,1958,6,1
20378,1958,3,1
20379,1958,9,1
20380,1958,9,1
20381,1958,3,1
20382,1958,9,1
20383,1985,6,3
20384,1985,3,3
20385,2001,15,1
20386,2002,9,1
20387,1948,6,1
20388,1960,12,1
20389,1948,9,1
20390,1970,6,1
20391,1948,12,1
20392,1948,3,3
20393,1960,18,1
20394,1962,12,1
20395,1956,12,1
20396,1952,9,1
20397,1979,15,1
20398,1962,12,1
20399,1948,9,1
20400,1968,9,1
20401,1991,9,1
20402,1985,9,1
20403,1952,21,1
20404,1952,6,1
20405,1948,9,1
20406,1952,3,1
20407,1948,9,1
20408,1952,9,1
20409,1948,9,1
20410,1996,18,1
20411,1977,24,1
20412,1948,9,1
20413,1948,6,4
20414,1948,6,1
20415,1948,3,1
20416,1972,12,1
20417,1948,6,1
20418,1970,21,1
20419,1960,21,1
20420,1957,9,1
20421,1948,9,1
20422,1958,9,1
20423,1948,9,1
20424,1948,9,1
20425,1948,6,1
20426,1948,6,1
20427,1948,6,1
20428,2007,15,1
20429,1959,9,1
20430,1958,9,1
20431,1959,9,1
20432,1958,6,1
20433,1958,3,1
20434,1959,6,1
20435,1958,6,1
20436,1958,3,1
20437,1956,3,1
20438,1956,6,1
20439,1961,6,1
20440,1969,6,1
20441,1959,3,1
20442,1959,3,1
20443,1959,6,1
20444,1960,3,1
20445,2000,3,1
20446,1959,3,1
20447,1956,6,1
20448,1960,9,1
20449,1961,6,1
20450,1965,12,1
20451,1965,6,1
20452,2000,15,1
20453,1965,9,1
20454,1999,15,1
20455,1963,6,1
20456,1967,6,1
20457,1968,9,1
20458,1961,9,1
20459,1962,6,1
20460,1965,18,1
20461,1990,9,1
20462,1989,9,1
20463,1958,6,1
20464,1960,6,1
20465,1965,18,1
20466,1961,9,1
20467,1950,3,1
20468,1969,21,1
20469,1955,6,1
20470,1950,3,1
20471,1955,12,1
20472,1955,9,1
20473,1955,12,1
20474,1965,15,1
20475,1960,9,1
20476,1965,9,1
20477,1990,12,1
20478,2003,9,1
20479,1950,3,1
20480,1955,9,1
20481,1963,6,1
20482,2002,15,1
20483,1950,12,1
20484,1930,9,1
20485,2007,15,1
20486,1930,6,1
20487,1979,21,1
20488,1930,15,1
20489,1950,18,4
20490,1950,18,1
20491,2002,18,1
20492,1989,21,1
20493,1930,12,1
20494,1930,6,1
20495,1930,9,1
20496,1930,6,1
20497,1998,9,4
20498,1930,3,1
20499,1930,3,1
20500,1990,9,1
20501,1950,9,1
20502,1950,6,1
20503,1950,6,1
20504,1950,12,1
20505,1950,6,1
20506,1950,6,1
20507,1950,6,1
20508,1950,6,1
20509,1950,9,1
20510,1950,9,1
20511,1950,9,1
20512,1965,6,1
20513,1950,9,1
20514,1950,12,1
20515,1956,3,1
20516,1958,9,1
20517,1954,9,1
20518,1958,6,1
20519,1958,3,1
20520,2010,12,1
20521,1999,12,1
20522,2003,9,1
20523,1950,12,1
20524,1950,9,1
20525,1950,3,1
20526,1950,3,1
20527,1950,9,1
20528,1950,6,1
20529,1950,6,4
20530,1950,9,1
20531,2008,15,1
20532,1930,9,4
20533,1930,9,1
20534,1930,6,1
20535,1930,12,1
20536,1930,12,1
20537,1930,12,1
20538,1930,12,1
20539,1930,6,1
20540,1999,6,1
20541,1964,12,1
20542,1930,6,1
20543,1930,12,1
20544,1970,9,1
20545,1930,6,1
20546,1930,9,4
20547,1930,9,1
20548,1965,18,1
20549,1979,21,1
20550,1930,9,1
20551,1963,9,1
20552,1930,12,3
20553,1930,12,1
20554,1964,24,1
20555,1962,18,1
20556,1962,15,1
20557,1963,6,1
20558,1963,6,1
20559,1963,6,1
20560,1963,9,1
20561,1981,12,1
20562,1962,6,1
20563,1962,12,1
20564,1962,6,1
20565,1962,6,1
20566,1963,9,1
20567,1963,9,1
20568,1958,6,1
20569,1963,6,1
20570,1963,9,1
20571,1963,12,1
20572,1963,9,1
20573,1963,9,1
20574,1953,3,1
20575,2003,9,1
20576,2009,15,1
20577,1954,6,1
20578,1944,3,1
20579,1964,9,1
20580,1964,12,1
20581,1992,18,1
20582,1963,6,1
20583,1963,12,1
20584,1964,6,1
20585,1964,6,1
20586,1964,9,1
20587,1999,18,1
20588,1962,6,1
20589,1960,12,1
20590,1955,6,1
20591,1955,9,1
20592,1955,6,4
20593,1960,12,1
20594,1950,6,1
20595,1955,6,1
20596,2008,21,1
20597,1955,9,1
20598,1955,6,1
20599,1950,9,1
20600,1955,9,1
20601,1955,9,1
20602,1955,9,1
20603,1950,9,1
20604,1983,12,1
20605,1955,12,1
20606,1960,12,1
20607,1945,9,1
20608,1950,9,1
20609,1955,15,1
20610,1955,9,1
20611,1955,9,1
20612,1955,9,1
20613,1955,9,1
20614,1955,9,1
20615,1950,6,1
20616,1955,6,1
20617,1950,9,4
20618,2005,18,1
20619,1950,12,1
20620,1996,9,4
20621,1962,15,4
20622,1962,3,3
20623,1980,6,3
20624,1964,6,3
20625,1981,6,3
20626,1989,12,3
20627,1981,3,3
20628,1981,6,3
20629,1980,3,3
20630,1981,6,3
20631,1981,3,3
20632,1980,3,3
20633,1981,3,3
20634,1964,3,3
20635,1981,3,3
20636,1990,3,3
20637,1981,3,3
20638,1989,6,4
20639,1989,3,3
20640,1989,3,3
20641,1990,3,3
20642,1974,3,3
20643,2008,12,3
20644,1974,3,3
20645,2000,0,N
20646,2005,6,4
20647,1994,6,4
20648,1986,12,4
20649,2000,6,3
20650,1999,6,4
20651,1998,3,3
20652,1999,9,3
20653,2000,0,N
20654,2005,6,3
20655,1985,3,3
20656,2009,6,3
20657,1998,6,3
20658,2007,12,3
20659,2002,6,4
20660,1994,3,3
20661,1974,24,1
20662,1975,3,3
20663,1974,21,1
20664,1978,27,1
20665,1978,27,1
20666,1978,27,1
20667,1976,18,1
20668,1976,18,1
20669,1977,18,1
20670,1976,18,1
20671,1976,18,1
20672,1976,15,1
20673,1974,21,1
20674,1974,24,1
20675,1974,27,1
20676,1974,30,1
20677,1974,33,1
20678,1974,30,1
20679,1974,27,1
20680,1976,27,1
20681,1976,3,3
20682,1974,30,1
20683,1976,27,1
20684,1976,30,1
20685,1977,24,1
20686,1976,15,1
20687,1978,6,1
20688,1971,21,1
20689,1961,6,1
20690,1953,9,1
20691,1959,6,3
20692,1961,6,4
20693,1983,12,1
20694,1993,21,1
20695,1993,21,1
20696,1968,21,1
20697,1993,12,1
20698,2021,15,1
20699,2023,21,4
20700,2000,15,N
20701,2002,15,1
20702,1992,12,1
20703,1975,6,1
20704,1959,3,1
20705,1920,9,1
20706,1920,6,1
20707,1968,3,1
20708,1978,9,1
20709,1920,3,1
20710,2025,9,1
20711,1914,3,1
20712,1970,12,1
20713,1998,15,1
20714,1988,9,1
20715,2001,3,1
20716,1999,9,1
20717,1968,6,1
20718,2000,21,1
20719,1961,9,1
20720,1955,9,1
20721,1950,9,1
20722,1961,3,1
20723,1960,9,1
20724,2007,21,1
20725,1960,3,1
20726,2003,21,1
20727,1995,15,1
20728,1975,21,1
20729,1960,6,1
20730,1930,3,1
20731,1963,21,1
20732,1930,3,1
20733,1970,24,1
20734,1970,15,1
20735,1967,3,3
20736,1976,15,1
20737,1966,9,1
20738,1997,9,1
20739,1956,3,1
20740,1963,9,1
20741,1920,6,1
20742,1973,21,1
20743,2007,15,1
20744,1970,18,1
20745,1920,9,1
20746,1949,6,1
20747,1961,6,3
20748,2002,6,3
20749,1960,9,3
20750,1955,3,3
20751,1960,12,1
20752,1930,9,1
20753,1923,6,1
20754,1961,6,3
20755,1920,6,1
20756,1920,3,1
20757,1995,15,1
20758,1965,12,1
20759,1962,9,1
20760,1970,9,1
20761,1953,6,1
20762,1964,6,1
20763,1960,12,1
20764,1950,9,1
20765,1950,6,1
20766,1963,6,1
20767,1944,9,1
20768,1962,6,1
20769,1960,9,1
20770,1958,6,1
20771,1958,12,1
20772,1962,9,1
20773,1948,15,1
20774,1961,9,1
20775,1959,9,1
20776,1960,15,1
20777,2004,18,1
20778,1989,9,1
20779,1972,24,1
20780,1977,21,1
20781,1970,21,1
20782,1978,21,1
20783,1979,18,1
20784,1980,21,1
20785,1958,9,1
20786,1955,6,1
20787,1964,12,1
20788,1993,18,1
20789,2007,18,1
20790,1991,21,1
20791,1989,3,3
20792,2007,21,1
20793,1970,18,1
20794,1970,18,1
20795,1970,15,1
20796,1970,15,1
20797,1971,24,1
20798,1971,24,1
20799,1971,24,1
20800,1989,24,1
20801,1996,24,1
20802,1967,24,1
20803,1972,18,1
20804,1972,18,1
20805,1972,18,1
20806,2004,15,1
20807,1973,9,4
20808,1965,6,1
20809,1963,9,1
20810,1965,12,1
20811,1960,6,1
20812,1968,6,1
20813,1979,27,1
20814,1974,27,1
20815,1974,27,1
20816,1971,24,1
20817,1972,24,1
20818,1976,27,1
20819,1970,18,1
20820,1972,21,1
20821,1972,21,1
20822,1970,12,1
20823,1973,12,1
20824,1977,21,1
20825,1960,6,1
20826,1976,3,3
20827,2003,15,1
20828,1973,12,1
20829,1999,12,4
20830,1974,9,1
20831,1956,9,1
20832,1935,9,1
20833,1974,27,1
20834,1978,30,1
20835,1979,27,1
20836,1979,30,1
20837,1979,21,1
20838,1978,6,1
20839,1984,9,1
20840,1979,9,4
20841,1960,9,4
20842,1962,6,1
20843,2003,15,1
20844,2001,9,4
20845,1980,24,1
20846,1979,3,1
20847,1999,15,1
20848,2001,18,1
20849,2007,18,1
20850,2023,21,1
20851,2013,18,1
20852,1950,15,1
20853,1980,21,1
20854,1974,24,1
20855,1937,6,1
20856,1997,21,1
20857,1980,27,1
20858,1977,27,1
20859,1990,21,1
20860,1988,15,4
20861,1973,27,1
20862,2005,18,1
20863,1978,15,1
20864,1977,24,1
20865,1960,6,1
20866,1932,6,1
20867,1940,6,1
20868,1935,3,1
20869,1981,6,1
20870,2003,15,1
20871,2014,15,1
20872,1941,3,4
20873,1980,3,3
20874,1979,12,4
20875,1983,12,1
20876,1980,9,3
20877,1984,9,1
20878,1980,9,1
20879,1984,12,1
20880,2010,15,1
20881,1983,12,1
20882,2006,3,1
20883,1947,9,1
20884,1964,9,1
20885,1984,9,1
20886,1984,9,1
20887,1978,3,1
20888,1983,9,1
20889,1994,15,1
20890,1995,15,1
20891,1987,9,1
20892,1957,3,1
20893,1943,3,3
20894,1943,9,4
20895,1957,12,4
20896,1953,3,1
20897,1953,3,1
20898,1953,9,1
20899,1953,9,1
20900,1953,3,1
20901,1953,3,1
20902,1953,3,1
20903,1953,9,1
20904,1953,9,1
20905,1953,3,1
20906,1953,3,1
20907,1953,9,1
20908,1953,9,1
20909,1953,3,1
20910,1953,3,1
20911,1953,9,1
20912,1953,9,1
20913,1953,3,1
20914,1967,9,1
20915,1989,9,1
20916,1958,3,1
20917,1958,6,1
20918,1959,6,1
20919,1960,9,1
20920,1959,6,1
20921,1989,9,1
20922,1990,9,1
20923,1986,15,1
20924,2004,9,1
20925,1965,9,1
20926,1961,3,1
20927,1966,3,3
20928,1965,3,3
20929,1996,15,1
20930,1962,6,1
20931,1958,9,1
20932,1979,27,1
20933,1969,27,1
20934,1970,21,1
20935,1971,21,1
20936,1975,21,1
20937,1975,21,1
20938,1975,24,1
20939,1975,18,1
20940,1975,18,1
20941,1975,18,1
20942,1958,9,1
20943,1960,9,1
20944,1968,15,1
20945,2006,15,1
20946,1955,6,1
20947,1960,6,1
20948,2005,15,1
20949,1960,9,1
20950,1960,12,1
20951,1960,9,1
20952,1960,15,1
20953,1964,6,1
20954,1955,6,1
20955,1960,12,1
20956,1960,15,1
20957,1960,15,1
20958,1960,15,1
20959,1950,6,1
20960,1961,9,1
20961,1961,3,1
20962,1965,9,1
20963,1964,6,1
20964,1978,12,1
20965,1978,12,1
20966,1983,6,1
20967,1988,9,1
20968,1984,12,1
20969,1965,18,1
20970,1963,6,1
20971,1960,9,1
20972,1962,12,1
20973,2002,12,1
20974,1965,9,1
20975,1997,15,1
20976,1960,9,1
20977,2015,15,1
20978,1950,9,1
20979,1950,6,1
20980,1961,6,1
20981,1961,9,1
20982,1953,3,1
20983,1950,6,1
20984,1950,9,4
20985,1950,6,1
20986,1950,6,1
20987,1957,6,1
20988,1960,3,1
20989,1960,6,1
20990,1950,6,1
20991,1950,9,1
20992,1950,6,1
20993,1950,9,1
20994,1960,18,1
20995,1952,6,1
20996,1950,6,1
20997,1956,9,1
20998,1950,6,1
20999,2005,15,1
21000,1939,9,1
21001,1990,9,1
21002,1930,9,1
21003,1930,6,1
21004,1930,9,1
21005,1930,9,1
21006,1930,9,1
21007,1930,9,1
21008,1964,9,1
21009,1930,12,1
21010,1930,9,1
21011,1930,9,1
21012,1930,9,1
21013,1950,3,1
21014,1992,12,1
21015,1959,9,1
21016,1962,9,1
21017,1930,6,1
21018,1930,12,1
21019,1930,9,1
21020,1930,9,1
21021,1930,6,1
21022,1966,9,1
21023,1968,3,1
21024,1968,6,1
21025,1968,9,4
21026,1968,12,1
21027,1975,12,1
21028,1969,12,1
21029,1968,12,1
21030,1968,9,1
21031,1989,15,1
21032,1960,15,1
21033,1983,21,1
21034,1960,15,1
21035,1966,9,1
21036,1965,15,1
21037,1960,9,1
21038,1974,9,1
21039,2004,21,1
21040,2009,15,1
21041,1965,15,1
21042,1965,15,1
21043,1965,18,1
21044,1965,21,1
21045,1955,6,1
21046,1970,3,3
21047,1985,9,1
21048,1968,15,1
21049,1984,9,1
21050,1970,9,1
21051,2003,15,1
21052,2004,15,1
21053,1961,9,1
21054,1964,12,1
21055,1950,12,1
21056,1950,6,1
21057,1950,9,1
21058,1968,15,1
21059,1950,12,1
21060,1965,9,1
21061,1950,3,4
21062,1950,18,1
21063,1950,9,1
21064,1962,15,1
21065,1950,9,1
21066,1959,15,1
21067,1969,6,1
21068,1948,3,1
21069,1976,15,1
21070,2002,15,1
21071,1998,9,1
21072,1967,9,1
21073,1972,3,4
21074,1970,9,1
21075,1973,6,4
21076,1992,12,1
21077,1962,9,1
21078,1969,9,1
21079,1968,9,1
21080,1965,12,1
21081,1970,9,1
21082,2004,12,1
21083,1961,9,1
21084,1961,12,1
21085,1972,9,1
21086,1971,9,1
21087,1969,12,1
21088,1971,15,1
21089,1967,15,1
21090,1965,9,1
21091,1965,12,1
21092,1971,12,1
21093,1970,12,1
21094,1970,9,1
21095,1965,9,3
21096,1930,9,1
21097,1963,6,1
21098,1930,9,1
21099,1930,9,1
21100,1930,12,1
21101,1930,9,1
21102,1930,3,1
21103,1930,6,1
21104,2001,6,1
21105,1930,9,1
21106,1930,6,1
21107,1930,6,1
21108,1930,6,1
21109,1930,6,1
21110,1930,6,1
21111,1930,9,1
21112,1930,3,1
21113,1930,9,1
21114,1930,6,1
21115,1963,3,4
21116,1988,12,1
21117,1930,12,1
21118,1930,12,1
21119,1930,12,1
21120,1972,9,1
21121,1930,9,1
21122,2001,12,1
21123,1965,9,1
21124,1965,15,1
21125,1930,3,1
21126,1969,9,1
21127,1930,9,1
21128,1930,9,1
21129,1930,9,1
21130,1965,9,1
21131,1930,6,1
21132,1930,9,1
21133,2024,21,1
21134,1968,3,4
21135,1977,6,4
21136,1976,9,4
21137,1970,3,3
21138,2006,9,4
21139,2007,9,1
21140,2003,6,1
21141,1999,6,1
21142,1999,6,1
21143,2002,6,1
21144,1998,6,1
21145,1996,6,1
21146,1982,6,1
21147,1965,15,1
21148,1983,15,1
21149,1965,15,1
21150,1960,12,1
21151,2009,15,1
21152,1960,6,1
21153,1958,9,1
21154,1967,15,1
21155,1968,15,1
21156,1962,12,1
21157,1963,15,1
21158,1961,9,1
21159,1965,12,1
21160,1963,9,1
21161,1963,6,1
21162,1961,6,1
21163,1962,3,3
21164,1968,6,1
21165,1967,9,1
21166,1960,3,1
21167,2006,15,1
21168,1965,3,3
21169,1950,6,3
21170,1962,3,3
21171,2021,9,3
21172,2001,3,3
21173,2001,3,3
21174,1961,6,3
21175,1962,3,3
21176,1990,12,3
21177,1962,12,3
21178,2022,9,3
21179,2001,6,3
21180,2007,15,3
21181,1997,6,3
21182,1976,15,1
21183,1976,15,1
21184,1976,15,1
21185,1976,15,1
21186,1976,15,1
21187,1976,15,1
21188,1976,15,1
21189,1976,15,1
21190,1974,15,1
21191,1976,15,1
21192,1976,15,1
21193,1976,15,1
21194,1880,6,1
21195,1970,6,3
21196,1974,6,3
21197,1969,3,3
21198,1955,9,1
21199,1950,6,4
21200,1950,3,3
21201,1980,15,1
21202,1980,15,1
21203,1967,12,1
21204,1969,12,1
21205,1969,6,1
21206,1972,6,1
21207,1975,6,1
21208,1960,6,1
21209,1969,6,1
21210,1976,12,1
21211,1974,12,1
21212,1985,6,1
21213,1984,6,1
21214,1960,15,1
21215,2009,15,1
21216,1967,12,1
21217,2007,15,1
21218,1981,15,1
21219,2023,18,1
21220,1964,18,1
21221,1980,9,1
21222,1994,9,1
21223,1968,6,1
21224,1970,6,1
21225,1964,6,1
21226,1965,9,1
21227,1972,12,1
21228,1974,9,1
21229,1969,9,1
21230,1967,6,1
21231,1950,9,1
21232,1978,15,1
21233,1974,12,1
21234,1976,9,1
21235,1972,9,1
21236,1994,9,1
21237,1956,9,1
21238,1968,6,1
21239,1968,6,1
21240,1968,9,1
21241,1970,9,1
21242,1969,9,1
21243,1969,9,1
21244,1974,12,1
21245,1972,12,1
21246,1968,9,1
21247,1954,6,3
21248,1963,6,3
21249,1969,9,1
21250,1968,9,1
21251,1963,6,1
21252,1994,6,1
21253,1977,12,1
21254,1968,6,1
21255,1957,3,1
21256,1957,3,1
21257,1973,9,1
21258,1971,9,1
21259,1963,9,1
21260,1959,6,4
21261,1957,6,1
21262,1980,9,1
21263,1991,9,1
21264,1959,18,1
21265,1990,9,1
21266,1966,15,1
21267,1968,18,1
21268,1968,18,1
21269,1968,18,1
21270,1963,6,1
21271,1977,9,1
21272,1980,12,1
21273,1968,18,1
21274,1978,12,1
21275,1977,12,1
21276,1991,9,1
21277,1968,15,1
21278,1955,9,1
21279,1982,6,4
21280,1960,6,1
21281,1960,6,1
21282,2006,15,1
21283,1968,12,1
21284,1974,15,1
21285,1974,15,1
21286,1973,15,1
21287,1973,15,1
21288,1965,12,1
21289,1960,6,1
21290,1970,12,1
21291,1964,15,1
21292,1970,18,1
21293,1970,9,4
21294,1970,6,4
21295,1995,12,4
21296,1995,9,4
21297,2008,15,1
21298,1957,6,1
21299,1972,15,1
21300,1944,9,1
21301,2007,15,1
21302,1958,6,1
21303,1960,9,1
21304,1976,12,1
21305,1977,9,1
21306,1970,15,1
21307,1974,12,1
21308,1979,15,1
21309,1960,9,1
21310,1975,12,4
21311,1990,12,1
21312,1982,12,1
21313,1965,12,1
21314,1989,9,1
21315,1936,6,1
21316,1955,3,1
21317,1957,6,1
21318,2005,18,1
21319,1978,15,1
21320,1976,15,1
21321,1977,12,1
21322,1975,12,1
21323,1993,3,4
21324,1971,15,1
21325,1971,15,1
21326,1974,15,1
21327,1970,15,1
21328,1975,9,1
21329,1969,9,1
21330,1977,12,1
21331,1970,15,1
21332,1977,3,3
21333,1977,12,1
21334,1970,12,1
21335,1977,12,1
21336,1977,12,1
21337,1967,3,4
21338,1981,9,4
21339,1980,3,3
21340,1981,3,1
21341,1974,15,1
21342,2002,12,1
21343,1978,15,1
21344,1973,15,1
21345,1967,18,1
21346,1975,12,1
21347,1984,12,1
21348,1973,18,1
21349,1973,12,1
21350,1983,9,1
21351,1969,15,1
21352,1984,12,1
21353,1983,6,1
21354,1975,9,1
21355,1967,9,1
21356,1972,15,1
21357,1987,12,1
21358,1984,12,1
21359,1986,12,1
21360,1972,21,1
21361,1977,15,1
21362,1977,15,1
21363,1977,15,1
21364,1977,15,1
21365,1974,18,1
21366,1974,6,3
21367,2005,18,1
21368,1971,12,1
21369,2008,15,1
21370,1971,12,1
21371,1971,12,1
21372,1971,12,1
21373,1971,12,1
21374,1971,12,1
21375,1971,15,1
21376,1969,12,1
21377,1971,12,1
21378,1970,12,1
21379,1971,12,1
21380,1971,12,1
21381,1971,12,1
21382,1976,3,3
21383,1990,3,4
21384,1976,6,3
21385,1990,3,3
21386,1990,3,3
21387,1990,3,3
21388,1990,3,3
21389,1990,3,3
21390,1990,3,3
21391,2005,6,3
21392,2005,6,3
21393,2005,6,3
21394,1947,6,4
21395,1947,3,3
21396,1947,3,3
21397,1947,6,3
21398,1947,3,3
21399,1953,6,1
21400,1953,3,1
21401,1953,9,1
21402,1953,9,1
21403,1953,3,1
21404,1953,3,1
21405,1953,3,1
21406,1953,9,1
21407,1953,9,1
21408,1953,3,1
21409,1953,3,1
21410,1953,9,1
21411,1953,9,1
21412,1953,3,1
21413,1953,3,1
21414,1953,9,1
21415,1953,9,1
21416,1953,3,1
21417,1953,3,1
21418,1953,3,4
21419,1953,3,1
21420,1953,9,1
21421,1953,9,1
21422,1960,3,3
21423,1953,9,1
21424,1953,9,1
21425,1953,3,1
21426,1953,3,1
21427,1953,9,1
21428,1953,9,1
21429,1953,3,1
21430,1953,6,1
21431,1962,6,4
21432,1967,15,1
21433,1970,12,1
21434,1963,6,1
21435,1970,9,1
21436,1983,15,1
21437,1978,9,1
21438,1971,12,1
21439,2006,12,1
21440,1965,18,1
21441,1965,24,1
21442,1965,18,1
21443,1971,15,1
21444,1961,6,4
21445,2009,18,1
21446,1965,18,1
21447,1963,6,1
21448,1964,12,1
21449,1965,12,1
21450,1965,15,1
21451,1966,9,1
21452,2009,3,1
21453,1969,15,1
21454,1965,15,1
21455,1964,6,4
21456,1980,12,1
21457,1964,9,1
21458,1955,9,1
21459,1930,9,1
21460,2004,15,1
21461,1950,9,1
21462,1930,3,3
21463,1979,24,1
21464,1991,15,1
21465,1930,9,1
21466,1965,9,1
21467,2007,18,1
21468,1979,18,1
21469,1998,3,3
21470,1957,12,1
21471,1957,6,1
21472,1985,21,4
21473,1968,21,1
21474,1970,24,1
21475,1930,12,4
21476,1930,6,1
21477,1971,27,1
21478,1957,6,1
21479,1930,3,3
21480,1972,15,1
21481,1978,18,1
21482,1957,12,1
21483,1930,18,1
21484,2005,15,1
21485,1953,12,1
21486,2006,15,1
21487,1960,12,1
21488,2009,12,1
21489,1960,12,1
21490,1953,12,1
21491,1992,18,1
21492,1950,15,1
21493,1967,12,1
21494,1975,6,1
21495,1997,9,1
21496,2014,9,1
21497,1994,9,1
21498,1955,12,1
21499,1967,9,1
21500,2007,15,1
21501,1966,15,1
21502,1965,9,1
21503,1960,6,1
21504,2003,15,1
21505,1986,12,1
21506,1950,6,1
21507,1960,15,1
21508,1990,12,1
21509,1999,3,3
21510,2010,15,1
21511,1970,6,3
21512,1969,15,1
21513,1970,18,1
21514,1970,15,1
21515,1969,15,1
21516,2007,21,1
21517,1992,15,1
21518,1990,12,1
21519,1990,12,1
21520,1990,12,1
21521,1969,9,1
21522,1969,9,1
21523,1952,9,1
21524,1959,9,1
21525,1953,3,3
21526,1955,9,1
21527,1956,3,1
21528,1959,9,1
21529,1956,6,1
21530,1960,3,1
21531,1953,9,1
21532,1969,9,1
21533,1959,12,1
21534,1959,9,1
21535,1958,9,1
21536,1959,9,1
21537,1961,9,1
21538,1969,9,1
21539,1959,9,1
21540,1969,9,1
21541,1968,9,1
21542,1968,9,1
21543,1968,9,1
21544,1969,9,1
21545,1969,12,1
21546,2019,9,1
21547,1965,3,1
21548,1998,6,1
21549,2000,3,1
21550,1994,6,1
21551,1965,6,1
21552,1965,6,1
21553,1965,6,1
21554,1965,6,1
21555,1965,6,1
21556,1965,6,1
21557,1965,6,1
21558,1965,6,1
21559,1965,6,1
21560,1965,6,1
21561,1965,6,1
21562,1965,6,1
21563,1965,6,1
21564,1965,6,1
21565,1965,6,1
21566,1965,6,1
21567,1965,6,1
21568,1965,6,1
21569,1965,6,1
21570,1965,6,1
21571,1965,6,1
21572,1965,6,1
21573,1965,6,1
21574,1965,6,1
21575,1965,6,1
21576,1965,6,1
21577,1965,6,1
21578,1965,6,1
21579,1965,6,1
21580,1965,6,1
21581,1965,6,1
21582,1965,6,1
21583,2004,9,1
21584,2020,6,1
21585,1973,6,1
21586,1998,6,1
21587,1983,3,3
21588,2003,9,1
21589,2018,9,1
21590,2004,6,1
21591,1975,3,3
21592,1983,9,1
21593,1965,3,3
21594,1995,6,1
21595,1995,9,1
21596,1991,6,1
21597,2006,6,1
21598,2001,9,1
21599,2002,9,1
21600,1983,3,3
21601,1900,6,3
21602,1997,3,3
21603,1974,15,1
21604,1974,15,1
21605,1975,3,4
21606,1971,3,3
21607,1973,3,3
21608,1974,15,1
21609,1974,15,1
21610,1974,15,1
21611,1974,15,1
21612,1974,15,1
21613,1974,15,1
21614,1974,15,1
21615,1974,15,1
21616,1974,15,1
21617,1974,15,1
21618,1974,15,1
21619,1974,15,1
21620,1974,15,1
21621,1974,15,1
21622,1974,15,1
21623,1974,15,1
21624,1975,30,1
21625,1975,30,1
21626,1975,30,1
21627,2004,12,4
21628,1992,3,3
21629,1973,6,3
21630,2019,9,4
21631,1972,3,3
21632,1950,9,1
21633,1960,6,1
21634,1978,12,1
21635,1982,12,1
21636,1954,6,1
21637,1950,9,1
21638,1994,12,1
21639,1955,9,1
21640,1960,15,1
21641,1950,9,1
21642,1960,9,1
21643,1960,9,1
21644,1971,12,1
21645,1960,12,1
21646,1960,9,1
21647,2001,9,1
21648,1975,15,1
21649,1966,12,1
21650,1958,9,1
21651,1950,6,1
21652,1954,6,1
21653,1950,3,1
21654,1950,6,1
21655,1958,12,1
21656,1996,12,1
21657,1960,3,3
21658,1960,3,1
21659,1961,6,1
21660,1971,18,1
21661,1970,12,1
21662,1970,12,1
21663,2008,15,1
21664,1964,6,1
21665,1966,6,1
21666,1963,12,1
21667,1966,9,1
21668,1968,9,1
21669,1967,6,1
21670,1968,9,1
21671,1967,9,1
21672,1971,9,1
21673,1977,12,1
21674,1973,15,1
21675,1975,12,1
21676,1970,6,1
21677,1950,9,1
21678,1969,6,1
21679,1973,12,1
21680,1960,15,1
21681,1959,3,1
21682,1969,15,1
21683,1960,15,1
21684,1960,9,1
21685,1967,9,3
21686,1978,12,1
21687,1979,6,1
21688,1966,12,1
21689,1972,9,1
21690,1964,9,1
21691,1981,6,1
21692,1980,15,1
21693,1955,6,1
21694,1965,9,1
21695,1950,9,1
21696,1961,9,1
21697,1953,9,1
21698,1964,6,1
21699,1960,9,1
21700,1960,15,1
21701,1966,12,1
21702,1950,9,1
21703,1965,12,1
21704,1961,9,1
21705,1960,9,1
21706,1958,6,1
21707,1996,12,1
21708,1950,3,1
21709,1955,6,1
21710,2010,12,1
21711,1960,9,1
21712,1957,3,1
21713,1952,6,1
21714,1971,12,1
21715,1955,6,1
21716,1958,6,1
21717,1958,6,1
21718,1997,12,1
21719,1953,3,1
21720,1952,12,1
21721,1965,12,1
21722,1953,15,1
21723,1961,9,1
21724,1960,9,1
21725,1978,15,1
21726,1949,6,1
21727,1958,9,1
21728,1960,9,1
21729,2000,3,1
21730,1958,6,1
21731,1958,6,1
21732,1949,3,1
21733,1958,9,1
21734,1960,6,1
21735,1958,9,1
21736,1993,6,1
21737,1948,6,1
21738,1950,3,1
21739,1963,9,1
21740,1950,3,1
21741,1967,6,1
21742,1960,9,1
21743,2002,12,1
21744,1980,15,1
21745,1970,18,1
21746,1986,9,1
21747,1960,6,1
21748,1955,6,3
21749,1975,15,1
21750,1970,9,1
21751,1960,3,3
21752,1994,9,1
21753,1963,6,3
21754,1965,9,1
21755,1999,12,1
21756,1970,12,1
21757,1965,9,1
21758,1960,9,1
21759,1970,9,1
21760,1952,3,1
21761,1955,3,1
21762,1969,9,1
21763,1960,9,4
21764,2005,15,1
21765,1953,3,1
21766,1975,12,1
21767,1950,3,1
21768,1998,9,1
21769,1965,12,1
21770,1959,9,1
21771,1960,9,1
21772,1970,15,1
21773,1971,15,1
21774,1972,12,1
21775,1973,15,1
21776,1959,6,1
21777,1956,3,1
21778,1956,9,1
21779,1960,12,4
21780,2007,15,1
21781,1960,9,1
21782,1955,9,1
21783,1961,9,1
21784,1960,9,1
21785,1960,9,1
21786,2000,9,1
21787,2003,9,1
21788,1970,9,1
21789,1953,6,1
21790,1958,6,1
21791,2009,15,1
21792,1978,15,1
21793,1973,12,1
21794,1973,12,1
21795,1973,9,1
21796,1970,15,1
21797,1973,15,1
21798,1968,12,1
21799,1970,15,1
21800,1975,6,1
21801,1978,3,4
21802,1952,3,1
21803,1955,6,1
21804,1995,12,4
21805,1978,6,1
21806,1978,9,1
21807,1962,9,1
21808,1960,9,1
21809,1955,6,1
21810,1950,6,1
21811,1970,12,1
21812,1958,6,1
21813,1992,12,1
21814,1958,3,1
21815,1976,12,1
21816,1970,12,1
21817,1977,9,4
21818,1970,15,1
21819,1974,6,1
21820,1970,12,1
21821,1968,12,1
21822,1978,12,1
21823,1950,9,1
21824,1975,3,1
21825,1977,12,1
21826,1978,15,1
21827,1973,12,1
21828,1983,9,1
21829,1976,6,1
21830,1973,12,1
21831,1973,12,1
21832,1973,12,1
21833,1973,12,1
21834,1973,15,1
21835,1973,12,1
21836,1973,12,1
21837,1973,12,1
21838,1972,15,1
21839,1973,12,1
21840,1973,12,1
21841,1979,9,1
21842,1979,9,1
21843,1983,9,1
21844,1983,3,3
21845,1983,3,3
21846,1974,18,1
21847,1968,24,1
21848,1968,24,1
21849,1968,18,1
21850,1968,18,1
21851,1968,18,1
21852,1968,15,1
21853,1968,18,1
21854,1968,18,1
21855,1945,3,3
21856,1945,6,3
21857,1945,9,3
21858,1945,9,3
21859,1945,9,3
21860,1958,3,3
21861,1964,6,3
21862,1964,3,3
21863,1965,9,1
21864,1976,3,3
21865,1967,18,4
21866,1961,9,1
21867,1949,3,3
21868,1955,9,4
21869,1961,12,4
21870,1960,6,1
21871,1954,9,1
21872,1963,9,1
21873,1953,3,1
21874,1953,3,1
21875,1953,9,1
21876,1953,9,1
21877,1953,3,1
21878,1953,3,1
21879,1953,9,1
21880,1953,9,1
21881,1953,3,1
21882,1953,9,1
21883,1953,3,1
21884,1953,9,1
21885,1960,6,4
21886,1964,12,1
21887,1963,12,1
21888,2002,12,1
21889,1963,9,1
21890,1959,9,1
21891,1958,9,1
21892,1965,9,1
21893,1961,9,1
21894,1965,9,1
21895,1960,9,1
21896,1960,9,1
21897,1950,6,1
21898,1971,12,1
21899,1960,15,1
21900,1960,6,1
21901,1963,6,1
21902,1971,15,1
21903,1968,15,1
21904,1960,3,1
21905,1983,12,1
21906,1983,15,1
21907,1983,12,1
21908,1964,9,1
21909,1963,9,4
21910,1964,9,1
21911,1970,15,1
21912,1969,15,1
21913,1970,12,4
21914,1975,3,4
21915,1986,6,3
21916,1999,21,4
21917,1989,21,1
21918,1971,15,1
21919,1969,18,1
21920,1979,15,1
21921,1971,12,1
21922,1970,12,1
21923,1975,12,3
21924,1975,3,3
21925,1975,3,3
21926,2006,12,1
21927,1975,12,1
21928,1969,12,1
21929,1965,15,1
21930,1965,15,1
21931,1965,15,1
21932,1972,9,1
21933,1965,12,1
21934,1968,9,1
21935,1955,3,1
21936,1962,9,1
21937,1960,6,1
21938,1965,6,1
21939,1969,6,1
21940,1963,9,1
21941,1968,15,1
21942,1967,18,1
21943,1970,15,1
21944,2008,9,1
21945,1962,9,1
21946,1962,9,1
21947,1963,9,1
21948,1967,9,1
21949,1967,12,1
21950,1960,9,1
21951,1965,6,1
21952,1966,6,1
21953,1973,9,1
21954,1970,3,3
21955,1970,6,1
21956,1971,12,1
21957,1971,12,1
21958,1968,12,1
21959,1968,9,1
21960,1970,15,1
21961,1971,12,1
21962,1971,3,3
21963,1971,9,1
21964,1991,9,1
21965,1980,15,1
21966,1992,3,3
21967,1971,9,1
21968,1956,15,1
21969,1965,18,1
21970,1990,9,1
21971,1971,12,1
21972,1968,12,1
21973,1971,12,1
21974,1971,9,1
21975,1969,9,1
21976,1990,9,1
21977,1990,9,1
21978,1989,9,1
21979,1990,9,1
21980,1989,9,1
21981,1990,6,1
21982,1980,18,1
21983,1970,15,1
21984,1970,15,1
21985,1969,15,1
21986,1985,9,1
21987,1986,9,1
21988,1985,3,3
21989,1968,9,1
21990,1971,12,1
21991,1975,9,1
21992,1994,6,1
21993,1910,3,1
21994,1965,18,1
21995,1970,12,1
21996,1970,3,1
21997,1959,6,1
21998,1960,9,1
21999,1960,6,1
22000,1966,12,1
22001,1971,18,1
22002,1968,6,1
22003,1970,9,1
22004,1970,6,1
22005,1986,3,3
22006,1995,6,1
22007,1987,9,1
22008,1966,21,1
22009,1966,18,1
22010,1993,9,1
22011,1968,9,1
22012,1965,6,1
22013,1965,9,1
22014,1975,15,1
22015,1965,6,1
22016,1965,6,1
22017,1964,3,1
22018,1960,6,1
22019,1960,3,1
22020,1966,9,1
22021,1960,15,1
22022,1965,12,1
22023,1961,6,1
22024,1960,21,1
22025,1990,9,1
22026,1962,6,1
22027,1968,6,1
22028,1967,6,1
22029,1967,9,1
22030,1968,6,1
22031,1979,21,1
22032,1976,9,1
22033,1987,15,1
22034,2007,18,1
22035,1960,6,1
22036,1990,3,4
22037,1991,3,4
22038,1952,3,3
22039,2008,3,4
22040,1982,42,1
22041,1970,21,1
22042,1998,3,4
22043,1995,18,1
22044,1994,15,1
22045,1960,6,1
22046,1960,3,3
22047,1975,9,1
22048,1971,9,1
22049,1973,6,1
22050,1977,6,1
22051,1973,6,1
22052,1971,6,1
22053,1970,3,1
22054,1957,6,1
22055,2001,6,1
22056,2001,6,1
22057,1970,3,1
22058,1972,3,1
22059,1971,3,1
22060,1965,6,1
22061,1965,6,1
22062,1965,6,1
22063,1965,6,1
22064,1965,6,1
22065,1965,6,1
22066,1965,6,1
22067,1965,6,1
22068,1965,6,1
22069,1965,6,1
22070,1965,6,1
22071,1965,6,1
22072,1965,6,1
22073,1965,6,1
22074,1965,6,1
22075,1960,6,1
22076,1974,6,3
22077,1978,9,3
22078,1986,3,3
22079,2009,9,4
22080,1998,6,3
22081,1993,6,4
22082,1970,6,3
22083,2008,6,3
22084,1970,6,3
22085,1970,3,3
22086,1971,9,4
22087,1988,6,3
22088,1991,6,4
22089,1975,3,3
22090,1986,3,4
22091,1974,3,3
22092,1973,6,3
22093,1999,3,3
22094,1978,6,3
22095,1969,3,3
22096,1973,3,3
22097,1970,3,3
22098,1988,6,3
22099,1974,3,3
22100,1970,3,3
22101,1970,3,3
22102,1975,3,3
22103,1973,3,3
22104,1973,3,3
22105,1972,3,4
22106,1974,3,3
22107,1973,3,3
22108,1970,3,3
22109,1973,3,4
22110,1970,6,4
22111,1974,6,4
22112,1988,3,3
22113,1974,3,3
22114,1980,6,3
22115,1989,6,3
22116,1970,3,3
22117,1970,6,4
22118,1988,6,4
22119,1971,12,3
22120,1987,6,3
22121,1958,6,1
22122,1950,3,1
22123,1957,6,1
22124,1965,9,1
22125,1958,6,1
22126,1961,9,1
22127,1956,9,1
22128,1953,9,1
22129,1959,12,1
22130,1961,9,1
22131,1940,6,1
22132,1958,6,4
22133,2004,3,4
22134,1978,6,3
22135,1978,3,3
22136,1960,6,1
22137,1960,3,1
22138,1973,15,1
22139,1972,12,1
22140,1950,6,1
22141,1950,6,1
22142,1950,6,1
22143,1966,15,1
22144,1950,6,1
22145,1948,3,1
22146,1950,12,1
22147,2006,9,1
22148,1970,9,1
22149,1952,3,1
22150,1950,9,1
22151,1951,6,1
22152,1963,9,1
22153,1950,3,1
22154,1948,12,1
22155,1950,6,1
22156,1948,12,1
22157,1960,9,1
22158,1960,9,1
22159,1960,12,1
22160,1967,12,1
22161,1968,12,1
22162,1966,12,1
22163,1964,12,1
22164,1975,6,1
22165,1974,12,1
22166,1978,12,1
22167,1999,12,1
22168,1964,9,1
22169,1950,6,1
22170,1970,9,1
22171,1972,12,1
22172,1972,12,1
22173,1977,12,1
22174,1970,15,1
22175,1970,9,1
22176,2022,9,1
22177,1950,3,1
22178,1950,9,1
22179,1973,9,1
22180,2006,15,1
22181,1973,12,1
22182,1950,3,1
22183,1952,9,1
22184,1952,9,1
22185,1950,9,1
22186,1950,3,1
22187,1967,9,1
22188,1966,12,1
22189,1948,3,1
22190,2007,9,1
22191,1950,9,1
22192,1952,9,1
22193,2007,15,1
22194,1997,6,1
22195,1953,9,1
22196,1960,3,1
22197,1960,9,1
22198,1959,6,1
22199,1960,9,1
22200,1948,6,1
22201,1967,9,1
22202,1995,6,1
22203,1950,6,1
22204,1957,6,1
22205,1987,9,1
22206,1950,6,1
22207,1960,12,1
22208,1951,6,1
22209,1950,3,1
22210,1948,6,1
22211,1948,6,1
22212,1949,6,1
22213,2008,15,1
22214,1948,9,1
22215,1947,3,1
22216,1952,9,1
22217,1950,9,1
22218,1951,9,1
22219,1950,9,1
22220,1949,12,1
22221,1954,9,1
22222,1951,12,1
22223,1950,9,1
22224,1951,9,1
22225,1948,9,1
22226,1955,6,1
22227,1950,6,1
22228,1953,9,1
22229,1961,12,1
22230,1949,12,1
22231,1983,12,1
22232,1950,3,1
22233,1950,9,1
22234,1950,6,1
22235,1956,9,1
22236,1955,9,1
22237,1954,9,1
22238,1955,9,1
22239,1953,9,1
22240,1956,9,1
22241,2008,9,1
22242,1947,9,1
22243,1943,9,1
22244,1944,3,1
22245,2007,15,1
22246,1960,9,1
22247,1988,9,1
22248,1961,6,1
22249,1960,12,1
22250,1951,9,1
22251,1950,9,1
22252,1956,12,1
22253,1960,9,1
22254,1952,9,1
22255,1960,9,1
22256,1960,9,1
22257,1958,6,1
22258,1958,6,1
22259,1960,12,1
22260,1943,6,1
22261,1978,15,1
22262,1966,9,1
22263,1950,3,4
22264,1970,12,1
22265,2008,15,1
22266,1970,9,1
22267,1958,9,1
22268,1953,9,1
22269,1979,12,1
22270,1960,15,1
22271,1960,12,1
22272,1970,15,1
22273,1950,6,1
22274,1970,15,1
22275,1970,6,1
22276,1952,3,1
22277,1962,12,1
22278,1960,6,3
22279,1950,3,1
22280,1971,12,1
22281,1990,12,4
22282,1967,9,1
22283,1958,9,1
22284,1969,6,1
22285,1975,6,1
22286,1969,6,1
22287,1994,9,1
22288,1965,9,1
22289,1958,12,1
22290,1970,9,1
22291,1970,6,1
22292,1953,6,1
22293,1967,6,1
22294,1954,6,1
22295,1960,9,1
22296,1956,12,1
22297,1971,9,1
22298,1979,15,1
22299,1971,12,1
22300,1969,9,1
22301,1950,9,1
22302,1979,15,1
22303,1971,18,1
22304,1975,12,1
22305,1959,9,1
22306,1968,9,1
22307,1954,3,1
22308,1961,9,1
22309,1961,9,1
22310,1971,3,3
22311,2004,12,1
22312,1958,9,1
22313,1960,9,1
22314,1960,9,1
22315,1995,12,1
22316,1992,9,1
22317,1965,15,1
22318,1968,15,1
22319,1970,15,1
22320,1956,12,1
22321,1994,9,1
22322,1910,12,1
22323,1910,3,4
22324,1975,15,1
22325,1963,9,1
22326,1953,3,3
22327,1959,6,1
22328,1954,9,1
22329,1956,6,1
22330,1992,9,1
22331,1950,6,1
22332,1953,6,1
22333,1953,9,1
22334,1963,9,1
22335,1954,6,1
22336,1954,6,1
22337,1955,6,1
22338,1959,9,1
22339,1957,9,1
22340,1958,9,1
22341,1958,9,1
22342,1987,12,1
22343,1951,6,1
22344,1959,9,1
22345,1957,6,1
22346,1961,12,1
22347,1957,6,1
22348,1977,15,4
22349,2006,15,1
22350,1977,15,1
22351,1956,12,1
22352,1970,12,1
22353,1968,12,4
22354,1970,12,1
22355,1968,9,1
22356,1991,9,1
22357,1968,3,1
22358,1967,9,1
22359,1970,9,1
22360,1970,6,1
22361,1976,9,1
22362,1969,3,1
22363,1972,6,1
22364,1966,6,1
22365,1965,3,1
22366,1988,12,1
22367,1954,6,1
22368,1953,6,1
22369,1956,6,1
22370,1956,9,1
22371,1963,6,1
22372,1953,6,1
22373,1958,9,1
22374,1957,6,1
22375,1958,6,1
22376,2008,15,1
22377,1954,3,1
22378,1954,6,1
22379,1956,3,1
22380,2006,15,1
22381,1972,9,1
22382,1969,9,1
22383,1964,9,1
22384,1968,12,1
22385,1965,12,1
22386,1969,9,1
22387,1966,3,1
22388,2006,15,1
22389,1968,9,1
22390,1967,9,1
22391,1964,9,1
22392,1967,6,1
22393,1967,9,1
22394,1964,9,1
22395,1966,3,1
22396,1969,6,1
22397,1972,9,1
22398,1964,9,1
22399,1965,12,1
22400,1970,9,1
22401,1950,9,1
22402,1967,3,1
22403,1968,6,1
22404,1967,9,1
22405,1969,9,1
22406,1950,9,1
22407,1970,6,1
22408,1969,9,1
22409,1969,6,1
22410,1968,9,1
22411,1999,9,1
22412,1969,12,1
22413,1976,12,1
22414,1963,15,1
22415,1962,12,1
22416,1958,6,1
22417,1958,6,1
22418,1959,9,1
22419,1956,9,1
22420,1960,9,4
22421,1970,12,1
22422,1955,3,1
22423,1962,6,1
22424,1954,9,1
22425,2007,15,1
22426,1960,6,1
22427,1998,0,1
22428,1960,9,1
22429,1970,12,1
22430,2005,15,1
22431,2010,12,1
22432,1970,12,1
22433,1968,9,1
22434,1969,6,1
22435,1968,9,1
22436,1978,12,1
22437,1970,6,1
22438,2001,9,1
22439,1966,6,1
22440,1972,12,1
22441,1976,9,1
22442,1998,9,1
22443,1970,9,1
22444,1970,9,1
22445,1969,12,1
22446,1968,3,1
22447,1976,6,1
22448,1969,9,1
22449,1969,12,1
22450,1970,9,1
22451,1962,6,1
22452,1965,9,1
22453,1966,12,1
22454,1980,15,1
22455,1962,6,1
22456,1986,9,1
22457,1969,9,1
22458,1994,12,1
22459,1969,6,1
22460,1970,9,1
22461,1969,6,1
22462,1970,12,1
22463,1968,12,1
22464,1965,12,1
22465,1968,12,1
22466,1963,6,1
22467,1987,12,1
22468,1968,6,1
22469,1962,9,1
22470,1998,9,1
22471,1967,9,1
22472,1994,12,1
22473,1975,9,1
22474,1952,6,1
22475,1977,9,1
22476,1975,9,1
22477,1940,6,4
22478,1940,12,4
22479,1969,15,1
22480,1970,3,4
22481,1962,15,1
22482,1969,15,1
22483,1962,15,1
22484,1969,15,1
22485,1969,15,1
22486,1969,15,1
22487,1969,15,1
22488,1969,15,1
22489,1962,15,1
22490,1969,15,1
22491,1964,15,1
22492,1969,15,1
22493,1969,15,1
22494,1969,15,1
22495,1971,15,1
22496,1973,15,1
22497,1973,15,1
22498,1969,15,1
22499,1969,15,1
22500,1969,15,1
22501,1969,15,1
22502,1969,15,1
22503,1962,15,1
22504,1969,15,1
22505,1969,15,1
22506,1969,15,1
22507,1969,15,1
22508,1969,15,1
22509,1969,15,1
22510,1968,15,1
22511,1968,15,1
22512,1968,15,1
22513,1968,15,1
22514,1968,15,1
22515,1968,15,1
22516,1968,15,1
22517,1968,15,1
22518,1968,15,1
22519,1968,15,1
22520,1968,15,1
22521,1988,3,3
22522,1988,3,3
22523,1988,3,3
22524,1988,3,3
22525,1988,3,3
22526,1988,3,3
22527,1988,3,3
22528,1988,3,3
22529,1988,3,3
22530,1988,3,3
22531,1973,9,3
22532,1950,6,4
22533,1974,3,3
22534,1950,3,3
22535,1973,6,3
22536,1968,3,3
22537,1970,3,3
22538,1976,3,3
22539,1976,3,3
22540,1976,3,3
22541,1971,6,3
22542,1970,3,3
22543,1959,12,1
22544,1966,3,3
22545,1970,3,3
22546,1970,3,3
22547,1965,9,4
22548,1961,3,3
22549,1960,9,3
22550,1966,9,1
22551,1968,3,3
22552,1955,3,4
22553,1965,6,3
22554,1970,12,4
22555,1965,12,4
22556,1972,12,1
22557,1986,6,3
22558,1962,15,3
22559,1967,6,3
22560,1970,24,1
22561,1970,24,1
22562,1970,21,1
22563,1970,24,1
22564,1972,3,3
22565,1970,27,1
22566,1999,21,1
22567,1972,3,4
22568,2003,21,1
22569,1983,15,1
22570,1974,15,4
22571,1976,12,1
22572,2005,9,1
22573,1955,6,1
22574,1973,9,1
22575,1970,15,1
22576,1964,12,1
22577,1972,12,1
22578,1975,9,1
22579,1976,15,1
22580,1958,6,1
22581,1965,12,1
22582,1964,9,1
22583,1968,15,1
22584,1969,15,1
22585,1969,15,1
22586,1950,15,1
22587,1969,15,1
22588,1969,15,1
22589,2007,12,1
22590,2002,9,1
22591,2005,18,1
22592,1973,3,4
22593,1973,12,4
22594,1966,12,4
22595,1965,12,1
22596,1968,15,4
22597,2008,6,3
22598,2008,6,3
22599,2009,15,3
22600,2018,3,4
22601,2021,9,4
22602,2022,9,3
22603,2019,9,3
22604,2004,6,1
22605,1983,6,1
22606,1990,9,1
22607,1983,6,1
22608,1980,6,1
22609,1983,9,1
22610,2005,6,1
22611,1989,3,1
22612,1996,3,1
22613,2017,6,1
22614,1991,6,1
22615,1979,6,1
22616,2004,6,1
22617,1973,9,1
22618,1948,6,1
22619,2000,3,N
22620,1995,9,1
22621,2001,6,1
22622,1996,9,1
22623,1996,9,1
22624,2002,6,1
22625,2008,6,1
22626,2000,6,1
22627,1994,9,1
22628,1994,6,1
22629,1995,6,1
22630,1981,6,1
22631,1974,6,1
22632,1971,6,1
22633,1990,9,1
22634,1994,9,1
22635,1989,9,1
22636,1989,9,1
22637,1989,9,1
22638,1993,9,1
22639,1992,9,1
22640,1992,9,1
22641,1992,9,1
22642,1991,9,1
22643,1990,9,1
22644,1991,9,1
22645,2021,3,1
22646,2003,6,1
22647,1996,9,1
22648,1990,9,1
22649,1989,9,1
22650,1989,9,1
22651,1989,9,1
22652,1992,9,1
22653,1992,9,1
22654,1991,9,1
22655,1990,9,1
22656,1991,9,1
22657,1999,6,1
22658,2005,9,1
22659,2005,9,1
22660,2005,6,1
22661,1971,6,1
22662,2007,6,1
22663,1971,6,1
22664,1953,9,1
22665,1972,6,1
22666,1996,6,1
22667,2008,6,1
22668,1950,12,4
22669,1967,6,1
22670,1963,9,1
22671,1964,9,1
22672,1989,3,1
22673,1960,6,1
22674,1999,6,1
22675,2008,6,1
22676,2005,9,1
22677,2000,9,1
22678,1968,6,1
22679,2008,6,1
22680,1963,3,1
22681,2002,6,1
22682,2017,6,1
22683,1970,3,1
22684,2004,9,1
22685,2015,9,1
22686,1999,9,1
22687,1999,9,1
22688,2000,6,1
22689,2001,9,1
22690,2000,6,1
22691,1989,6,3
22692,1991,3,3
22693,1991,3,3
22694,2000,6,3
22695,1960,9,3
22696,1960,3,3
22697,1991,6,3
22698,2001,6,3
22699,1993,3,3
22700,1996,3,3
22701,1990,6,3
22702,1991,3,3
22703,1993,6,3
22704,1991,3,3
22705,1990,3,3
22706,1991,9,3
22707,1991,9,3
22708,1995,6,3
22709,1988,3,3
22710,1989,3,3
22711,1991,3,3
22712,1992,3,3
22713,1968,3,3
22714,1968,6,3
22715,1970,6,3
22716,1970,3,3
22717,1990,6,3
22718,1990,6,3
22719,1971,3,3
22720,1968,3,3
22721,1968,3,3
22722,2004,12,3
22723,1970,3,3
22724,1973,6,3
22725,1966,6,3
22726,1965,3,3
22727,1970,3,3
22728,1970,3,3
22729,1983,6,4
22730,1973,6,4
22731,1966,6,3
22732,1970,3,3
22733,1971,6,3
22734,1970,3,3
22735,1969,3,3
22736,2010,6,4
22737,1973,3,3
22738,1971,3,3
22739,1988,3,3
22740,1989,3,3
22741,1982,6,3
22742,1984,6,3
22743,1972,6,3
22744,1993,6,4
22745,1987,12,3
22746,1967,3,3
22747,1960,6,3
22748,1970,6,3
22749,1989,3,3
22750,1989,6,3
22751,1960,3,3
22752,1960,9,1
22753,1965,9,1
22754,1968,12,1
22755,1950,6,1
22756,1958,9,1
22757,2000,0,N
22758,1960,9,1
22759,1957,9,1
22760,1955,6,1
22761,1970,15,1
22762,2004,15,1
22763,1998,12,1
22764,2006,15,1
22765,2000,15,1
22766,2008,18,1
22767,1960,9,1
22768,1960,9,1
22769,1971,9,1
22770,1960,12,1
22771,1952,9,1
22772,1967,12,1
22773,1950,9,1
22774,1953,3,1
22775,1950,9,1
22776,1950,12,1
22777,1950,6,1
22778,1950,9,1
22779,1948,9,1
22780,1950,9,1
22781,1947,9,1
22782,1946,9,1
22783,1970,9,1
22784,1950,12,1
22785,1968,9,1
22786,1960,12,1
22787,1960,9,1
22788,1963,12,1
22789,1964,12,1
22790,1960,9,1
22791,1960,12,1
22792,1960,12,1
22793,1963,6,1
22794,1970,15,1
22795,1950,9,1
22796,1964,12,1
22797,1970,9,1
22798,1971,9,1
22799,1955,6,1
22800,1963,9,1
22801,1965,9,1
22802,1950,9,1
22803,1953,9,1
22804,1952,12,1
22805,1947,9,1
22806,1954,12,1
22807,1946,3,1
22808,1967,12,1
22809,1947,9,1
22810,1945,6,1
22811,1954,12,1
22812,1956,6,1
22813,1950,3,3
22814,1944,9,1
22815,1964,9,1
22816,1946,12,1
22817,1946,9,1
22818,1951,9,1
22819,1999,12,1
22820,1947,9,1
22821,1948,6,1
22822,2006,15,1
22823,1951,12,1
22824,1953,12,1
22825,1948,9,1
22826,1952,15,1
22827,1955,9,1
22828,1949,9,1
22829,1959,12,1
22830,1948,12,1
22831,1953,6,1
22832,1954,6,1
22833,1950,9,1
22834,1950,12,4
22835,1950,12,1
22836,1965,12,1
22837,1969,9,1
22838,1945,6,1
22839,1945,9,1
22840,1944,9,1
22841,1943,3,1
22842,1949,9,1
22843,1958,9,1
22844,1950,9,1
22845,1952,9,1
22846,1954,9,1
22847,2006,15,1
22848,1947,12,1
22849,1944,6,1
22850,1943,9,1
22851,1947,6,1
22852,1941,6,1
22853,1940,6,1
22854,1943,9,1
22855,1943,3,1
22856,1945,3,1
22857,2006,15,1
22858,2003,12,1
22859,1949,6,1
22860,1950,3,1
22861,1950,9,1
22862,1992,12,1
22863,2012,9,1
22864,1999,3,3
22865,1948,6,1
22866,1949,6,1
22867,1948,6,1
22868,2008,9,1
22869,1950,9,1
22870,1999,6,1
22871,1952,9,1
22872,1958,12,1
22873,1961,9,1
22874,1950,9,1
22875,1991,12,1
22876,2007,15,1
22877,1948,9,1
22878,1950,6,1
22879,1952,6,1
22880,1950,6,1
22881,1951,9,1
22882,1952,9,1
22883,1948,6,1
22884,1948,9,1
22885,1953,3,1
22886,1948,9,1
22887,1948,6,1
22888,1949,6,1
22889,2008,12,1
22890,1949,6,1
22891,1953,9,1
22892,1954,12,1
22893,1954,9,1
22894,1950,6,1
22895,1946,9,1
22896,1980,15,1
22897,1960,6,1
22898,1964,9,1
22899,1962,9,1
22900,1975,9,1
22901,1942,6,1
22902,1944,9,1
22903,1970,12,1
22904,1941,9,1
22905,1962,9,1
22906,1950,9,1
22907,1963,9,1
22908,1942,9,1
22909,1992,9,1
22910,1950,9,1
22911,1960,9,1
22912,1948,12,1
22913,1950,9,1
22914,1960,9,1
22915,1960,9,1
22916,1970,12,1
22917,1960,9,1
22918,1950,15,1
22919,1948,6,1
22920,1949,9,1
22921,1950,9,1
22922,1958,9,1
22923,1961,15,1
22924,1962,9,1
22925,1960,12,1
22926,1960,12,1
22927,1955,9,1
22928,1958,9,1
22929,1978,3,3
22930,1980,15,1
22931,1950,9,1
22932,1950,6,1
22933,1950,3,1
22934,1960,12,1
22935,1956,9,1
22936,1956,12,1
22937,1996,9,1
22938,1940,9,1
22939,1950,6,1
22940,1930,6,1
22941,1957,12,1
22942,1955,6,1
22943,1973,9,1
22944,1968,9,1
22945,1960,6,1
22946,1955,6,1
22947,1959,12,1
22948,1960,9,1
22949,1960,9,1
22950,2000,6,1
22951,1958,6,1
22952,1960,9,1
22953,1940,6,1
22954,1973,12,1
22955,1949,9,1
22956,2012,15,1
22957,1952,15,1
22958,1950,9,1
22959,1952,15,1
22960,2009,15,1
22961,1951,9,1
22962,1949,12,1
22963,1946,6,1
22964,1947,9,1
22965,1951,9,1
22966,1949,9,1
22967,1946,9,1
22968,1951,9,1
22969,1948,6,1
22970,1953,9,1
22971,1948,9,1
22972,1954,9,1
22973,1956,9,1
22974,1981,9,1
22975,1950,3,1
22976,1949,6,1
22977,1949,6,1
22978,1961,9,1
22979,1958,9,1
22980,1947,3,1
22981,1953,6,1
22982,1956,6,1
22983,1947,3,1
22984,1954,9,1
22985,1955,9,1
22986,1956,9,1
22987,2010,15,1
22988,1960,9,1
22989,1955,9,1
22990,1964,9,1
22991,1958,6,1
22992,1958,6,1
22993,1960,9,1
22994,1955,6,1
22995,1952,6,1
22996,1956,12,1
22997,1955,6,1
22998,1960,12,1
22999,2002,6,1
23000,1957,9,1
23001,1978,12,1
23002,1957,6,1
23003,1960,9,1
23004,1934,6,3
23005,1957,6,1
23006,2006,15,1
23007,1997,6,1
23008,1957,9,1
23009,1959,9,1
23010,1958,9,1
23011,1961,9,1
23012,1958,6,1
23013,1958,6,1
23014,1954,9,1
23015,2001,9,1
23016,1955,9,1
23017,1952,6,1
23018,1959,9,1
23019,1950,6,1
23020,1957,12,1
23021,1975,9,1
23022,1988,9,1
23023,1988,12,1
23024,2007,15,1
23025,1961,9,1
23026,1959,9,1
23027,1960,9,1
23028,1956,9,1
23029,1953,9,1
23030,1956,6,1
23031,1952,6,1
23032,1959,9,1
23033,1957,9,1
23034,1962,6,1
23035,1970,9,1
23036,2022,6,1
23037,1989,9,1
23038,1958,9,1
23039,1951,6,1
23040,1952,6,1
23041,1972,12,1
23042,1958,9,1
23043,1970,12,1
23044,1968,12,1
23045,1967,9,1
23046,1960,9,1
23047,1985,9,1
23048,1951,3,1
23049,2003,9,1
23050,1958,9,1
23051,1952,6,1
23052,1957,9,1
23053,1955,9,1
23054,1952,6,1
23055,1956,9,1
23056,2003,12,1
23057,1989,12,1
23058,1957,6,1
23059,1950,6,1
23060,1952,9,1
23061,1974,9,1
23062,1969,12,1
23063,2002,12,1
23064,1965,9,1
23065,1970,9,1
23066,1971,9,1
23067,1969,15,1
23068,1978,12,1
23069,1969,9,1
23070,1970,9,1
23071,1969,9,1
23072,1969,9,1
23073,1969,9,1
23074,1970,6,1
23075,1972,9,1
23076,2000,12,1
23077,1976,9,1
23078,1974,12,1
23079,1972,15,1
23080,1968,12,1
23081,1968,9,1
23082,1972,9,1
23083,1970,9,1
23084,1963,9,1
23085,1970,9,1
23086,1969,6,1
23087,1975,9,1
23088,1969,6,1
23089,1955,3,1
23090,1972,6,1
23091,1970,12,1
23092,1976,15,1
23093,1968,9,1
23094,2009,6,1
23095,2006,9,1
23096,2015,15,1
23097,1964,6,1
23098,2005,12,1
23099,1967,12,1
23100,1964,9,1
23101,1965,9,1
23102,1964,6,1
23103,1962,6,1
23104,1969,12,1
23105,1949,3,1
23106,1976,6,1
23107,1968,9,1
23108,1965,6,1
23109,1969,9,1
23110,1930,6,1
23111,1968,12,1
23112,1972,9,1
23113,2004,6,1
23114,1968,9,1
23115,1963,9,1
23116,1969,9,1
23117,1968,9,1
23118,1969,3,1
23119,1967,3,1
23120,1969,9,1
23121,1967,6,1
23122,1949,9,1
23123,1965,12,1
23124,1966,12,1
23125,1978,12,1
23126,1972,9,1
23127,1955,6,1
23128,1967,9,1
23129,1966,6,1
23130,1964,6,1
23131,2000,9,1
23132,1964,6,1
23133,1972,9,1
23134,1963,12,1
23135,1956,9,1
23136,1966,9,1
23137,1974,9,1
23138,1970,9,1
23139,1963,3,1
23140,1969,9,1
23141,1978,3,1
23142,1953,9,1
23143,1974,6,1
23144,1953,9,1
23145,1970,6,1
23146,1995,9,1
23147,1965,12,1
23148,1967,9,1
23149,1970,6,1
23150,1964,6,1
23151,1966,6,1
23152,1962,12,1
23153,1964,12,1
23154,2006,12,1
23155,1988,12,1
23156,1964,9,1
23157,1965,12,1
23158,1967,6,1
23159,1966,6,1
23160,1970,6,1
23161,1962,6,1
23162,1969,9,1
23163,1967,6,1
23164,1968,3,1
23165,1975,9,1
23166,1977,9,1
23167,1997,12,1
23168,1967,9,1
23169,1969,9,1
23170,1960,6,1
23171,1960,9,1
23172,1967,9,1
23173,1960,3,3
23174,1978,12,1
23175,1967,6,1
23176,1963,9,1
23177,1961,3,1
23178,1972,9,1
23179,1969,6,1
23180,1966,9,1
23181,2007,12,1
23182,1969,12,1
23183,1968,3,1
23184,1958,6,1
23185,1958,9,1
23186,2006,9,1
23187,1965,9,1
23188,1963,9,1
23189,1959,9,1
23190,1963,9,1
23191,1963,9,1
23192,1966,9,1
23193,1997,15,1
23194,1972,6,1
23195,1970,9,1
23196,1970,9,1
23197,1968,9,1
23198,1969,9,1
23199,1968,6,1
23200,1969,6,1
23201,1973,6,1
23202,1976,9,1
23203,1970,6,1
23204,1970,9,1
23205,1970,12,1
23206,1971,3,1
23207,1970,3,1
23208,2000,6,1
23209,1970,6,1
23210,1968,9,1
23211,2000,6,1
23212,1969,9,1
23213,1975,6,1
23214,1986,9,1
23215,1976,9,1
23216,1972,6,1
23217,2000,6,1
23218,1961,6,1
23219,2006,15,1
23220,1963,9,1
23221,1970,9,1
23222,1969,6,1
23223,1970,9,1
23224,1969,12,1
23225,1970,9,1
23226,1962,6,1
23227,1962,3,1
23228,1970,9,1
23229,1970,3,1
23230,1966,3,1
23231,1969,6,1
23232,1973,6,1
23233,1970,9,1
23234,1967,6,1
23235,1968,6,1
23236,1964,6,1
23237,1969,9,1
23238,1970,6,1
23239,1954,9,1
23240,1960,9,4
23241,1970,6,1
23242,1971,12,1
23243,1986,12,1
23244,1970,9,1
23245,1962,12,1
23246,1966,6,1
23247,2023,9,1
23248,1965,12,1
23249,1950,6,1
23250,1970,12,1
23251,1967,9,1
23252,1961,9,1
23253,1969,9,1
23254,1962,9,1
23255,1967,9,1
23256,1969,9,1
23257,1967,9,1
23258,1966,6,1
23259,1961,9,1
23260,1970,9,1
23261,1962,9,1
23262,1960,9,1
23263,1953,6,1
23264,1963,9,1
23265,1958,9,1
23266,1964,9,1
23267,1965,9,1
23268,1960,9,3
23269,1959,9,1
23270,1965,9,1
23271,1957,9,1
23272,1953,9,1
23273,1955,9,1
23274,1998,9,1
23275,1958,9,1
23276,1959,9,1
23277,2008,12,1
23278,1960,9,1
23279,1956,9,1
23280,1971,9,1
23281,1962,9,1
23282,1960,6,1
23283,1999,9,1
23284,1968,9,1
23285,1965,9,1
23286,1969,9,1
23287,1968,12,1
23288,1979,12,1
23289,2010,15,1
23290,1969,9,1
23291,1966,9,1
23292,1966,9,1
23293,1964,3,1
23294,1975,12,1
23295,1968,12,1
23296,1969,6,1
23297,1970,9,1
23298,1968,9,1
23299,1970,9,1
23300,1968,9,1
23301,1965,9,1
23302,1965,9,1
23303,1963,9,1
23304,1966,9,1
23305,1970,3,1
23306,1958,9,1
23307,1965,9,1
23308,1969,6,1
23309,1965,9,1
23310,1966,6,1
23311,1963,3,1
23312,1968,12,1
23313,1969,12,1
23314,1965,9,1
23315,1962,9,1
23316,1966,6,1
23317,1978,9,1
23318,1974,9,1
23319,1978,9,1
23320,1968,9,1
23321,1970,6,1
23322,1967,6,1
23323,1965,9,1
23324,1965,9,1
23325,1964,9,1
23326,1966,6,1
23327,1972,6,1
23328,1965,6,1
23329,1960,6,1
23330,1953,6,1
23331,1951,9,1
23332,1965,9,1
23333,1976,9,1
23334,1964,9,1
23335,1969,15,1
23336,1963,15,1
23337,1969,15,1
23338,1969,15,1
23339,1962,12,1
23340,1960,9,1
23341,1972,18,1
23342,1960,12,1
23343,1991,6,1
23344,1964,6,1
23345,1965,6,1
23346,1963,6,1
23347,1960,9,1
23348,1969,15,1
23349,1969,15,1
23350,1973,3,3
23351,1975,9,3
23352,1961,6,1
23353,1961,6,1
23354,1964,9,1
23355,1964,9,1
23356,1970,9,1
23357,1962,9,1
23358,1962,9,1
23359,1963,3,3
23360,1965,15,1
23361,1963,9,1
23362,1991,12,1
23363,1991,12,1
23364,1991,12,1
23365,1993,6,4
23366,2000,12,1
23367,1961,6,1
23368,1963,3,3
23369,1963,3,3
23370,1963,6,3
23371,1962,6,1
23372,1962,9,1
23373,1957,6,1
23374,1957,6,1
23375,1957,6,1
23376,1957,12,1
23377,1957,6,1
23378,1964,12,1
23379,1964,6,1
23380,1957,6,1
23381,1957,6,1
23382,1957,6,1
23383,1959,9,1
23384,1957,6,1
23385,1955,6,1
23386,1954,6,1
23387,1955,6,1
23388,1959,6,1
23389,1955,6,1
23390,1959,9,1
23391,1957,6,1
23392,1957,6,1
23393,1962,6,1
23394,1962,6,1
23395,1986,12,1
23396,1967,9,3
23397,1964,6,3
23398,1964,3,1
23399,1964,6,1
23400,1961,6,1
23401,1966,3,1
23402,1963,6,3
23403,1966,6,1
23404,1964,9,1
23405,1964,9,1
23406,1963,9,1
23407,1968,9,1
23408,1962,9,1
23409,1962,9,1
23410,1950,6,1
23411,2004,15,1
23412,1965,12,1
23413,1962,9,1
23414,1963,9,1
23415,2007,15,1
23416,1958,6,1
23417,2002,12,1
23418,1990,6,1
23419,2016,15,1
23420,1960,9,1
23421,1963,6,4
23422,1963,3,3
23423,1963,6,3
23424,1963,3,3
23425,1963,3,3
23426,1963,3,3
23427,1952,6,3
23428,1970,6,1
23429,1975,15,1
23430,1966,6,1
23431,1971,12,4
23432,2008,15,1
23433,1958,9,1
23434,1960,9,1
23435,1964,6,3
23436,1964,3,3
23437,1966,6,1
23438,1964,9,1
23439,1970,12,1
23440,1958,9,1
23441,1970,12,1
23442,1973,15,1
23443,1974,6,1
23444,1968,6,1
23445,1968,15,1
23446,1970,6,1
23447,1970,6,1
23448,1969,6,1
23449,1965,6,1
23450,1965,6,1
23451,1967,6,1
23452,2005,21,1
23453,2005,21,1
23454,2005,21,1
23455,2003,18,1
23456,2003,18,1
23457,1962,9,1
23458,1967,6,1
23459,1965,12,1
23460,1964,6,1
23461,1969,9,1
23462,1965,12,1
23463,1983,12,1
23464,1975,15,1
23465,1969,12,1
23466,1971,9,1
23467,1970,12,1
23468,1965,12,1
23469,1962,6,1
23470,1965,3,1
23471,2007,15,1
23472,1968,6,3
23473,1972,3,1
23474,1970,15,1
23475,1964,3,3
23476,1977,9,1
23477,1964,9,1
23478,1964,6,1
23479,1969,6,1
23480,1963,12,1
23481,1962,3,1
23482,1961,6,1
23483,1963,9,1
23484,1970,9,1
23485,1969,6,1
23486,1988,12,1
23487,1962,9,1
23488,1987,3,3
23489,1970,15,1
23490,1970,9,1
23491,1973,3,3
23492,2000,18,1
23493,1967,9,1
23494,1996,18,1
23495,1966,3,1
23496,1964,6,1
23497,1958,9,1
23498,2003,6,4
23499,1958,9,1
23500,2007,21,1
23501,1967,6,1
23502,1963,6,1
23503,1997,12,1
23504,1958,12,1
23505,1963,15,1
23506,1970,6,1
23507,1956,9,1
23508,1968,9,1
23509,1963,6,1
23510,1966,3,3
23511,1963,6,1
23512,1963,6,1
23513,1980,6,1
23514,1964,9,1
23515,1979,3,4
23516,1968,3,3
23517,1968,6,1
23518,2000,21,1
23519,2003,15,1
23520,1962,6,4
23521,1960,18,1
23522,1960,18,1
23523,1960,18,1
23524,1960,9,4
23525,1960,18,1
23526,1960,18,1
23527,1960,18,1
23528,1960,18,1
23529,1960,18,1
23530,1960,18,1
23531,1960,18,1
23532,1960,18,1
23533,1960,18,1
23534,1960,42,1
23535,1960,42,1
23536,1960,42,1
23537,1960,42,1
23538,1960,42,1
23539,1960,42,1
23540,1960,18,1
23541,1960,18,1
23542,1960,18,1
23543,1960,3,3
23544,1960,42,1
23545,1960,18,1
23546,1960,18,1
23547,1960,18,1
23548,1960,18,1
23549,1960,18,1
23550,1960,18,1
23551,1960,18,1
23552,2001,6,3
23553,2004,15,4
23554,2003,6,3
23555,2005,15,4
23556,1969,6,3
23557,1981,6,1
23558,1981,6,1
23559,2011,6,1
23560,1983,3,1
23561,1981,6,1
23562,1980,6,1
23563,1982,3,4
23564,1971,9,1
23565,1984,6,1
23566,1986,9,1
23567,1980,6,1
23568,2022,6,4
23569,2008,6,1
23570,2000,3,1
23571,1985,6,1
23572,1965,9,1
23573,2016,9,1
23574,1999,6,1
23575,1999,9,1
23576,2000,9,1
23577,2002,9,1
23578,2002,9,1
23579,2003,9,1
23580,1942,3,1
23581,1976,3,1
23582,1997,9,1
23583,1997,9,1
23584,1996,6,1
23585,1977,3,1
23586,1972,3,4
23587,1972,6,1
23588,1978,6,1
23589,2011,3,1
23590,2010,6,1
23591,1975,6,1
23592,1977,3,1
23593,2020,3,1
23594,1996,6,1
23595,1955,9,1
23596,1988,9,1
23597,1992,6,1
23598,1997,9,1
23599,1998,6,1
23600,1998,9,1
23601,1970,6,1
23602,1924,6,1
23603,1930,3,1
23604,1927,6,1
23605,1975,6,1
23606,1988,6,3
23607,1976,9,3
23608,1992,3,3
23609,1888,3,4
23610,1990,9,3
23611,1970,3,3
23612,1990,3,3
23613,1971,3,3
23614,1989,9,3
23615,1973,6,3
23616,1973,3,3
23617,1992,3,3
23618,1991,6,3
23619,1991,3,3
23620,1991,9,4
23621,1991,3,3
23622,1991,3,3
23623,1973,15,3
23624,1989,3,3
23625,1989,3,3
23626,1991,6,3
23627,1989,6,3
23628,1980,6,3
23629,1979,6,3
23630,1973,6,3
23631,1989,3,3
23632,1989,3,3
23633,1989,3,3
23634,1989,3,3
23635,1975,3,3
23636,1989,3,3
23637,1989,3,3
23638,1989,3,3
23639,1989,3,3
23640,1975,3,3
23641,1975,9,3
23642,1999,6,3
23643,1975,6,3
23644,1976,3,3
23645,1975,6,3
23646,1975,6,3
23647,1975,3,3
23648,1996,3,3
23649,1995,6,3
23650,2004,3,3
23651,2002,6,3
23652,1996,3,3
23653,2002,12,1
23654,1961,12,1
23655,1959,9,1
23656,1949,9,1
23657,2000,0,N
23658,1996,12,1
23659,1992,9,1
23660,1991,9,1
23661,1991,9,1
23662,1993,9,1
23663,1945,12,1
23664,1948,9,1
23665,2001,9,1
23666,1947,6,1
23667,1957,3,1
23668,1949,9,1
23669,1955,9,1
23670,2001,12,1
23671,1948,3,1
23672,1946,9,1
23673,2008,9,1
23674,1949,9,1
23675,2008,15,1
23676,1949,9,1
23677,1950,6,1
23678,1962,6,1
23679,1960,12,1
23680,1950,6,1
23681,1949,6,1
23682,1947,6,1
23683,1950,9,1
23684,1948,6,1
23685,1959,9,1
23686,1959,12,1
23687,1964,6,4
23688,1960,15,1
23689,1962,6,1
23690,1948,6,1
23691,1957,6,1
23692,1961,9,1
23693,1950,9,1
23694,2007,15,1
23695,1959,9,1
23696,1948,9,1
23697,2008,15,1
23698,2004,12,1
23699,1948,12,1
23700,1980,9,1
23701,1957,12,1
23702,1957,9,1
23703,1966,6,1
23704,1983,6,1
23705,2000,12,1
23706,2003,9,1
23707,1941,3,1
23708,1942,9,1
23709,1942,9,1
23710,1992,9,1
23711,1958,12,1
23712,1956,15,1
23713,1960,12,1
23714,1982,3,3
23715,1950,6,1
23716,1950,12,1
23717,1953,12,1
23718,1958,15,1
23719,1950,9,1
23720,1962,12,1
23721,1950,12,1
23722,1942,12,1
23723,1965,12,1
23724,1985,9,1
23725,1994,3,1
23726,1997,9,1
23727,1996,0,1
23728,1972,9,1
23729,1970,9,1
23730,1970,9,1
23731,1950,9,1
23732,1950,9,1
23733,1958,6,1
23734,1960,6,1
23735,1948,6,3
23736,1990,6,1
23737,1966,12,1
23738,1959,3,1
23739,1960,9,1
23740,1958,9,1
23741,1989,12,1
23742,1999,12,1
23743,1972,12,1
23744,1965,12,3
23745,1965,12,1
23746,1973,15,1
23747,1967,9,1
23748,1962,9,1
23749,2000,12,1
23750,1959,9,1
23751,1958,9,1
23752,1983,12,1
23753,1960,9,1
23754,1962,9,1
23755,1964,12,1
23756,1955,6,1
23757,1969,12,1
23758,1957,6,1
23759,1951,9,1
23760,1960,9,1
23761,1958,9,1
23762,1955,6,1
23763,1960,9,1
23764,1956,3,1
23765,1950,6,1
23766,1958,9,1
23767,1958,9,1
23768,2011,12,1
23769,1962,9,1
23770,1963,15,1
23771,1963,15,1
23772,1961,9,1
23773,1960,9,1
23774,1999,12,1
23775,1975,12,1
23776,2006,15,1
23777,1970,12,1
23778,1958,3,3
23779,1960,3,1
23780,1975,15,1
23781,1951,6,1
23782,1962,9,1
23783,1960,9,1
23784,1973,12,1
23785,1965,3,3
23786,1956,9,1
23787,1999,3,1
23788,2002,6,1
23789,1958,6,1
23790,1956,9,1
23791,1981,12,1
23792,2008,15,1
23793,1978,12,1
23794,1971,15,1
23795,1954,9,1
23796,1953,6,1
23797,1958,9,1
23798,1958,9,1
23799,1958,6,1
23800,1970,15,1
23801,1960,6,1
23802,1958,6,3
23803,1997,6,1
23804,1960,3,1
23805,1962,9,1
23806,1948,6,1
23807,1965,6,1
23808,1966,9,1
23809,1974,9,1
23810,1970,12,1
23811,1976,9,1
23812,1965,6,1
23813,1978,6,3
23814,1970,9,1
23815,1968,12,1
23816,1968,12,1
23817,1967,9,1
23818,1967,9,1
23819,1965,12,1
23820,1972,12,1
23821,1976,12,1
23822,1979,15,1
23823,1992,9,1
23824,1978,6,3
23825,1970,3,3
23826,2007,12,1
23827,1972,9,1
23828,1970,9,1
23829,1968,9,1
23830,1968,12,1
23831,1969,9,1
23832,1958,9,1
23833,2005,12,1
23834,1969,9,1
23835,1970,9,1
23836,1968,12,1
23837,1967,12,1
23838,1968,9,1
23839,1998,9,1
23840,1970,6,1
23841,1972,9,1
23842,1964,9,1
23843,1967,6,1
23844,1967,9,1
23845,1970,12,1
23846,1987,9,1
23847,1973,18,1
23848,1969,15,1
23849,1972,12,1
23850,1968,15,1
23851,1975,9,1
23852,1972,6,1
23853,1972,12,1
23854,2007,15,1
23855,1968,3,1
23856,1973,15,1
23857,1960,15,1
23858,1976,15,1
23859,1976,15,1
23860,1965,3,3
23861,1972,12,1
23862,1972,9,1
23863,1965,9,1
23864,1973,12,1
23865,1962,9,1
23866,1969,12,1
23867,1976,15,1
23868,1970,9,1
23869,1966,6,1
23870,1963,9,1
23871,1960,9,1
23872,1965,9,1
23873,1963,6,1
23874,1960,12,1
23875,1968,6,1
23876,1962,6,1
23877,2022,9,1
23878,1962,6,1
23879,1961,6,1
23880,1960,6,1
23881,1965,3,1
23882,1960,9,1
23883,1961,6,1
23884,1994,9,1
23885,1960,9,1
23886,1961,9,1
23887,1957,12,1
23888,1996,0,1
23889,1993,9,1
23890,2003,3,1
23891,1985,3,3
23892,1960,9,1
23893,1978,9,1
23894,1980,12,1
23895,1940,6,1
23896,1940,6,1
23897,1984,3,4
23898,1994,9,1
23899,1960,9,1
23900,1964,9,1
23901,1993,12,1
23902,1962,6,1
23903,1960,9,1
23904,1950,9,1
23905,2011,15,1
23906,1974,24,1
23907,1978,6,4
23908,1970,3,3
23909,1988,3,3
23910,1988,3,3
23911,1988,3,3
23912,1988,3,3
23913,1985,3,3
23914,1988,3,3
23915,1988,3,3
23916,1988,3,3
23917,1988,3,3
23918,1994,15,1
23919,1970,6,1
23920,1967,12,1
23921,1960,15,1
23922,1969,15,1
23923,1976,3,3
23924,1964,9,1
23925,1960,9,1
23926,2005,15,1
23927,2009,15,1
23928,1980,24,1
23929,1967,6,1
23930,1962,3,3
23931,1970,9,1
23932,1959,9,1
23933,1959,6,1
23934,2003,18,1
23935,1975,12,1
23936,1968,6,1
23937,1963,6,1
23938,1966,9,1
23939,1958,9,1
23940,1966,6,1
23941,1963,9,1
23942,1966,6,1
23943,1956,9,1
23944,1963,6,1
23945,1986,9,1
23946,1986,9,1
23947,1986,9,1
23948,1986,9,1
23949,1986,9,1
23950,1986,9,1
23951,1986,9,1
23952,1986,9,1
23953,1986,9,1
23954,1986,9,1
23955,1986,9,1
23956,1986,9,1
23957,1986,9,1
23958,1986,9,1
23959,1986,9,1
23960,1986,9,1
23961,1986,9,1
23962,1986,9,1
23963,1967,15,1
23964,1962,6,1
23965,1962,9,1
23966,1994,9,1
23967,1965,6,1
23968,1965,3,4
23969,1960,6,1
23970,1966,12,1
23971,1967,9,1
23972,1960,6,1
23973,1964,6,4
23974,1970,15,1
23975,1962,9,1
23976,1962,9,1
23977,1969,9,1
23978,1958,9,1
23979,2003,9,1
23980,1961,6,1
23981,1960,12,1
23982,1967,15,1
23983,1965,9,1
23984,1955,3,3
23985,1964,6,1
23986,1964,6,1
23987,1965,9,1
23988,2007,15,1
23989,1976,9,1
23990,1987,6,1
23991,2004,15,1
23992,1967,9,1
23993,1992,9,1
23994,1972,12,1
23995,1975,15,1
23996,1979,9,1
23997,1960,9,1
23998,1960,9,1
23999,1964,6,1
24000,1963,9,1
24001,1965,9,1
24002,1963,9,1
24003,1960,6,1
24004,2006,15,1
24005,1969,12,1
24006,1967,12,1
24007,1962,6,1
24008,2003,6,1
24009,2003,9,1
24010,1986,9,1
24011,1986,9,1
24012,1986,9,1
24013,1986,9,1
24014,1986,9,1
24015,1986,9,1
24016,1986,9,1
24017,1986,9,1
24018,1986,9,1
24019,1986,9,1
24020,1986,9,1
24021,1986,9,1
24022,1986,9,1
24023,1986,9,1
24024,1986,9,1
24025,1986,9,1
24026,1986,9,1
24027,1986,9,1
24028,1960,9,1
24029,1975,6,1
24030,1958,6,1
24031,1958,6,1
24032,1960,9,1
24033,1967,6,1
24034,1984,9,1
24035,1960,3,1
24036,2002,3,1
24037,2013,21,1
24038,1983,24,1
24039,1983,3,3
24040,1970,9,1
24041,1959,9,1
24042,1947,9,1
24043,1965,9,1
24044,1961,9,1
24045,2007,15,1
24046,2013,15,1
24047,1962,3,1
24048,1961,12,4
24049,1976,12,1
24050,1969,6,1
24051,1978,9,1
24052,1969,9,4
24053,1974,9,1
24054,1994,15,4
24055,1982,6,1
24056,2008,15,1
24057,2009,15,1
24058,1962,6,1
24059,1960,18,1
24060,1960,18,1
24061,1960,18,1
24062,1960,18,1
24063,1960,18,1
24064,1960,18,1
24065,1960,18,1
24066,1960,18,1
24067,1960,18,1
24068,1960,18,1
24069,1960,18,1
24070,1960,18,1
24071,1960,15,1
24072,1960,15,1
24073,1960,15,1
24074,1960,15,1
24075,1960,15,1
24076,1960,15,1
24077,1960,15,1
24078,1960,15,1
24079,1962,12,4
24080,1962,3,3
24081,1962,6,4
24082,1960,15,1
24083,1960,15,1
24084,1960,15,1
24085,1960,15,1
24086,1960,15,1
24087,1960,15,1
24088,1960,15,1
24089,1960,15,1
24090,1960,15,1
24091,1960,15,1
24092,1960,15,1
24093,1960,15,1
24094,1960,15,1
24095,1960,15,1
24096,1960,15,1
24097,1960,15,1
24098,1960,15,1
24099,1960,15,1
24100,1960,15,1
24101,1960,15,1
24102,1960,15,1
24103,1960,15,1
24104,1960,15,1
24105,1960,15,1
24106,1960,15,1
24107,1960,15,1
24108,1960,15,1
24109,1960,15,1
24110,1960,15,1
24111,1960,15,1
24112,1960,15,1
24113,1960,15,1
24114,1960,15,1
24115,1960,15,1
24116,1960,18,1
24117,1960,18,1
24118,1960,18,1
24119,1960,18,1
24120,1960,18,1
24121,1960,18,1
24122,1960,18,1
24123,1960,18,1
24124,1960,18,1
24125,1960,18,1
24126,1960,18,1
24127,1960,18,1
24128,1960,18,1
24129,1981,6,1
24130,2023,6,1
24131,2001,6,1
24132,1968,6,1
24133,2004,6,1
24134,1978,3,1
24135,2012,6,1
24136,1955,6,1
24137,1984,6,1
24138,1975,6,1
24139,2000,3,N
24140,1983,6,1
24141,1973,3,4
24142,2004,6,1
24143,2004,6,1
24144,1920,6,1
24145,1982,3,4
24146,1982,6,1
24147,1991,3,3
24148,1977,3,3
24149,1971,9,3
24150,1991,3,3
24151,1991,3,3
24152,1991,3,3
24153,1970,6,3
24154,1971,3,3
24155,1971,6,3
24156,1971,3,3
24157,1987,6,3
24158,1990,3,3
24159,1985,6,3
24160,1984,3,3
24161,1984,3,3
24162,1984,3,3
24163,1986,6,3
24164,1986,6,3
24165,1986,6,3
24166,1987,6,3
24167,1987,3,3
24168,1987,3,3
24169,1986,6,3
24170,1988,6,4
24171,1988,3,3
24172,1988,6,3
24173,1987,6,3
24174,1987,6,3
24175,1992,9,3
24176,1965,6,3
24177,1965,3,3
24178,1992,3,3
24179,1981,27,1
24180,2003,27,1
24181,1973,27,1
24182,1978,36,1
24183,1977,33,1
24184,2003,27,1
24185,1973,24,1
24186,1973,24,1
24187,1974,24,1
24188,1975,33,1
24189,2001,24,1
24190,1999,3,4
24191,1970,6,4
24192,1970,3,3
24193,1983,3,4
24194,1982,12,1
24195,1982,12,1
24196,1982,12,1
24197,1984,12,1
24198,1985,12,1
24199,1984,12,3
24200,1985,12,1
24201,1985,12,1
24202,1984,12,1
24203,1984,12,1
24204,1999,12,1
24205,1996,6,4
24206,1994,15,1
24207,1999,12,1
24208,1983,12,1
24209,1983,12,1
24210,1983,12,1
24211,1970,6,3
24212,1970,9,1
24213,1960,9,1
24214,1958,9,3
24215,1970,6,3
24216,1970,3,1
24217,1975,9,3
24218,1975,3,3
24219,1970,3,3
24220,1987,3,3
24221,1965,3,3
24222,1970,18,1
24223,1970,6,1
24224,1976,12,1
24225,1958,6,1
24226,1970,6,1
24227,1957,6,3
24228,1970,15,1
24229,1970,9,3
24230,1978,9,1
24231,1973,3,3
24232,1970,12,1
24233,2009,12,1
24234,1994,9,1
24235,1958,3,3
24236,1958,6,4
24237,1970,6,1
24238,1958,6,1
24239,1958,6,1
24240,1960,6,1
24241,1958,6,1
24242,1958,12,1
24243,2001,12,1
24244,1958,9,1
24245,1958,9,1
24246,1958,6,1
24247,1958,3,1
24248,1958,6,3
24249,1993,15,1
24250,1958,9,1
24251,1958,6,1
24252,1958,3,1
24253,1948,9,1
24254,1958,9,1
24255,1958,6,1
24256,1991,12,1
24257,2000,12,1
24258,2024,6,1
24259,1958,6,1
24260,1958,6,1
24261,1958,9,1
24262,1958,6,1
24263,1958,12,1
24264,1958,3,1
24265,1958,12,1
24266,1974,24,1
24267,1958,3,1
24268,1970,9,1
24269,1958,6,1
24270,1970,27,1
24271,1958,9,1
24272,1958,12,1
24273,1970,9,1
24274,1958,9,1
24275,1958,15,1
24276,1958,9,1
24277,1958,6,1
24278,1958,9,1
24279,1958,6,4
24280,1970,3,4
24281,1968,21,1
24282,1970,3,3
24283,1970,12,4
24284,1970,9,1
24285,1970,12,1
24286,2006,3,1
24287,1970,9,1
24288,1970,9,1
24289,1957,6,1
24290,1963,9,1
24291,1970,9,1
24292,1956,6,4
24293,1958,6,1
24294,1957,6,1
24295,1957,6,1
24296,1970,12,1
24297,1958,6,1
24298,1970,18,1
24299,2008,15,1
24300,1956,12,1
24301,1975,18,1
24302,1970,15,1
24303,1970,12,1
24304,2007,21,1
24305,1978,6,1
24306,1968,12,1
24307,1973,18,1
24308,2013,21,1
24309,1966,9,4
24310,1956,9,4
24311,1957,6,4
24312,2001,15,1
24313,1988,3,4
24314,1988,3,3
24315,1997,3,4
24316,1970,6,3
24317,1987,6,2
24318,1920,6,3
24319,1971,3,3
24320,1970,6,4
24321,1970,6,3
24322,1970,3,3
24323,2003,9,4
24324,1987,3,3
24325,2008,9,4
24326,1925,9,1
24327,1920,6,4
24328,1976,9,1
24329,1920,6,4
24330,1979,9,3
24331,1973,6,3
24332,1991,3,4
24333,1971,6,3
24334,1976,6,3
24335,1974,6,4
24336,1990,3,3
24337,1992,3,3
24338,1991,3,3
24339,1979,3,3
24340,1992,3,3
24341,2015,6,3
24342,2020,6,3
24343,2001,15,1
24344,1956,15,1
24345,1956,15,1
24346,1956,15,1
24347,1956,15,1
24348,1956,15,1
24349,1956,15,1
24350,1956,15,1
24351,1956,15,1
24352,1956,15,1
24353,1956,15,1
24354,1956,15,1
24355,1956,15,1
24356,1956,15,1
24357,1956,15,1
24358,1956,15,1
24359,1956,15,1
24360,1956,15,1
24361,1956,15,1
24362,1956,15,1
24363,1956,15,1
24364,1956,15,1
24365,1956,15,1
24366,1956,15,1
24367,1956,15,1
24368,1956,15,1
24369,1956,15,1
24370,1956,15,1
24371,1956,15,1
24372,1956,15,1
24373,1956,15,1
24374,1956,15,1
24375,1956,15,1
24376,1956,15,1
24377,1956,15,1
24378,1956,15,1
24379,1956,15,1
24380,1956,15,1
24381,1956,15,1
24382,1956,15,1
24383,1956,15,1
24384,1956,15,1
24385,1956,15,1
24386,1996,3,4
24387,2012,3,3
24388,2004,27,1
24389,2002,18,1
24390,2002,18,1
24391,2000,3,N
24392,2001,30,1
24393,2001,30,1
24394,2001,30,1
24395,2003,30,1
24396,2003,30,1
24397,2002,3,4
24398,2001,3,4
24399,2003,24,1
24400,1998,6,4
24401,2009,12,1
24402,1960,9,1
24403,1950,9,1
24404,1960,6,1
24405,1955,6,1
24406,1955,9,1
24407,1960,9,1
24408,1960,6,1
24409,1961,9,1
24410,1958,6,1
24411,2005,12,1
24412,1960,3,1
24413,1958,3,1
24414,1955,6,1
24415,1955,6,1
24416,1957,6,1
24417,1953,6,1
24418,1960,6,1
24419,1951,12,1
24420,1958,9,1
24421,1957,9,1
24422,1959,6,1
24423,1964,9,1
24424,1950,12,1
24425,1955,6,1
24426,1960,12,1
24427,1958,12,1
24428,1967,9,1
24429,1948,12,1
24430,1949,3,1
24431,1955,6,1
24432,1958,3,1
24433,1951,3,1
24434,1957,6,1
24435,1952,6,1
24436,1958,15,1
24437,1950,6,1
24438,1958,9,1
24439,2003,9,1
24440,1953,6,1
24441,1968,6,1
24442,1953,6,1
24443,1960,12,1
24444,1978,15,1
24445,1950,6,1
24446,1988,9,1
24447,1988,3,1
24448,1995,9,1
24449,1955,6,1
24450,1951,9,1
24451,1987,9,1
24452,1988,3,1
24453,1978,9,1
24454,1974,12,1
24455,1963,6,1
24456,1963,6,1
24457,1956,6,1
24458,1999,12,1
24459,1960,6,1
24460,1960,12,1
24461,1965,3,1
24462,1965,9,1
24463,2007,12,1
24464,2007,12,1
24465,1950,9,1
24466,2004,12,1
24467,1954,6,1
24468,1953,6,1
24469,1963,9,1
24470,1998,9,1
24471,1951,3,1
24472,1960,9,1
24473,1967,12,1
24474,1950,9,4
24475,1955,9,1
24476,1950,9,1
24477,1950,9,1
24478,1952,9,1
24479,1952,12,1
24480,1958,6,1
24481,1950,9,1
24482,1960,9,1
24483,1955,9,1
24484,1950,6,1
24485,1955,9,1
24486,1958,6,1
24487,1950,9,1
24488,1953,6,1
24489,1952,3,1
24490,1950,9,1
24491,1952,6,1
24492,2000,9,1
24493,1960,9,1
24494,2007,12,1
24495,1959,9,1
24496,1962,6,1
24497,1964,6,1
24498,1980,6,1
24499,1960,6,1
24500,1979,12,1
24501,2005,12,1
24502,1960,6,1
24503,1950,3,1
24504,1955,9,1
24505,1965,9,1
24506,1980,12,1
24507,1960,9,1
24508,1993,9,1
24509,1957,3,3
24510,1992,9,1
24511,1993,9,1
24512,1993,9,1
24513,1993,9,1
24514,1993,9,1
24515,1993,9,1
24516,1993,9,1
24517,1993,9,1
24518,1970,12,4
24519,1970,6,1
24520,1992,15,1
24521,1981,12,1
24522,1981,12,1
24523,1981,12,1
24524,1981,12,1
24525,1981,12,1
24526,1981,12,1
24527,1981,3,3
24528,1981,12,1
24529,1990,12,1
24530,1977,12,1
24531,1977,12,1
24532,1977,12,1
24533,1965,3,3
24534,1977,12,1
24535,1977,12,1
24536,1977,12,1
24537,1977,12,1
24538,1995,12,1
24539,1995,12,1
24540,1995,12,1
24541,1995,12,1
24542,1995,12,1
24543,1995,12,1
24544,1995,12,1
24545,1995,12,1
24546,1995,12,1
24547,1995,12,1
24548,1995,12,1
24549,1995,12,1
24550,1995,12,1
24551,1990,9,1
24552,1993,9,1
24553,1989,9,1
24554,1990,3,1
24555,1990,3,1
24556,1990,9,1
24557,1988,12,1
24558,1988,9,1
24559,1984,9,1
24560,1990,9,1
24561,1990,9,1
24562,1990,9,1
24563,1990,9,1
24564,1990,9,1
24565,1990,9,1
24566,1990,9,1
24567,1990,9,1
24568,1990,9,1
24569,1991,12,1
24570,1992,9,1
24571,1989,9,1
24572,1975,3,3
24573,1975,12,3
24574,1980,6,3
24575,1997,6,3
24576,1989,3,3
24577,1970,3,1
24578,1970,3,3
24579,1990,3,3
24580,1970,3,3
24581,1970,9,1
24582,1970,6,3
24583,1970,12,3
24584,1995,6,3
24585,1970,6,1
24586,1960,6,1
24587,1960,6,1
24588,1968,9,1
24589,1970,9,4
24590,1965,3,3
24591,1965,3,3
24592,1965,6,3
24593,1990,3,3
24594,1998,6,3
24595,1986,3,1
24596,1970,6,3
24597,1970,3,4
24598,1970,6,3
24599,1970,3,4
24600,1970,3,4
24601,1989,6,3
24602,1988,6,4
24603,1987,6,3
24604,1986,6,3
24605,1987,6,3
24606,1970,3,4
24607,1970,3,4
24608,1995,21,1
24609,1969,12,4
24610,1965,9,1
24611,1994,21,1
24612,1990,9,1
24613,1992,24,1
24614,1994,15,1
24615,1991,9,1
24616,1989,3,1
24617,1989,3,1
24618,2005,12,1
24619,1980,6,1
24620,2006,6,1
24621,2006,6,1
24622,2007,6,1
24623,2006,9,3
24624,2006,9,1
24625,2003,12,1
24626,2003,18,1
24627,2003,12,1
24628,2008,12,1
24629,2007,9,1
24630,2004,12,1
24631,2009,12,1
24632,2007,12,1
24633,2007,15,1
24634,2003,15,1
24635,2010,15,4
24636,2021,6,4
24637,2006,18,1
24638,2007,18,1
24639,2007,9,1
24640,2018,9,4
24641,1969,6,1
24642,1963,9,1
24643,1968,9,1
24644,1968,9,1
24645,1965,9,1
24646,1960,6,1
24647,1965,6,1
24648,1965,3,1
24649,1963,3,1
24650,1963,3,1
24651,1969,6,1
24652,1963,3,1
24653,1969,9,1
24654,1969,6,1
24655,1976,6,4
24656,1964,9,1
24657,1966,9,1
24658,1960,12,1
24659,1933,9,1
24660,1930,6,1
24661,1930,3,1
24662,2004,12,1
24663,1968,9,1
24664,2011,12,1
24665,2024,9,1
24666,1992,6,1
24667,1992,9,1
24668,1963,9,1
24669,1965,6,1
24670,2008,9,1
24671,1960,3,1
24672,1963,9,1
24673,1963,9,1
24674,1960,9,1
24675,2005,9,1
24676,2006,9,1
24677,1959,3,1
24678,1962,6,1
24679,1964,6,1
24680,1960,9,1
24681,1994,6,3
24682,2004,12,4
24683,1997,6,4
24684,1930,9,4
24685,1978,9,3
24686,1994,6,3
24687,1989,6,4
24688,1989,3,3
24689,1991,6,4
24690,1970,3,3
24691,1988,6,3
24692,1968,3,3
24693,2002,9,4
24694,1880,15,1
24695,2019,6,3
24696,1981,3,3
24697,1979,9,4
24698,1991,6,3
24699,1981,3,3
24700,1989,6,4
24701,1979,12,3
24702,1979,3,3
24703,1989,3,3
24704,1981,6,3
24705,1981,6,3
24706,1989,3,3
24707,1989,9,3
24708,1989,6,3
24709,1990,3,3
24710,1990,3,3
24711,1990,3,3
24712,1990,3,3
24713,1990,6,4
24714,1990,3,3
24715,1989,3,3
24716,1991,3,3
24717,1992,6,3
24718,1991,3,3
24719,1990,6,3
24720,1990,3,3
24721,1990,3,3
24722,1990,3,3
24723,1990,3,3
24724,1990,3,3
24725,2004,6,3
24726,2004,6,3
24727,2006,9,3
24728,1999,6,3
24729,1970,9,4
24730,1979,3,3
24731,1979,6,3
24732,1991,3,3
24733,1991,3,3
24734,1979,12,3
24735,1991,3,3
24736,1991,9,3
24737,1970,3,3
24738,2013,3,3
24739,1996,6,3
24740,2013,9,3
24741,1978,3,4
24742,1970,6,3
24743,1970,3,3
24744,1975,3,3
24745,1999,6,3
24746,1975,3,3
24747,1978,3,3
24748,1973,3,3
24749,1970,6,3
24750,1971,6,3
24751,1973,6,3
24752,2015,3,4
24753,1967,6,3
24754,1971,6,3
24755,1970,3,3
24756,1970,3,3
24757,1973,9,4
24758,1970,3,3
24759,1973,9,3
24760,1969,6,4
24761,1973,3,3
24762,1970,3,3
24763,1970,3,3
24764,2006,12,1
24765,1955,12,1
24766,1958,6,1
24767,1959,9,1
24768,1958,6,1
24769,1955,3,1
24770,1958,6,1
24771,1953,9,1
24772,1956,12,1
24773,2006,9,1
24774,1950,6,1
24775,1955,3,1
24776,1960,9,1
24777,1955,6,1
24778,1968,9,1
24779,2008,12,1
24780,2009,12,1
24781,1999,9,1
24782,2022,9,1
24783,2013,9,1
24784,2003,6,1
24785,2002,12,1
24786,2002,12,1
24787,2004,9,1
24788,1955,9,1
24789,1955,9,1
24790,1955,9,1
24791,1962,9,1
24792,1999,9,1
24793,1960,6,1
24794,1960,6,1
24795,1953,3,1
24796,1951,6,1
24797,1960,9,1
24798,1952,9,1
24799,1980,12,1
24800,1960,9,1
24801,1958,9,1
24802,1955,9,1
24803,2007,12,1
24804,1980,6,1
24805,2001,9,1
24806,1958,9,1
24807,1955,9,1
24808,1952,3,1
24809,1955,6,1
24810,1950,9,1
24811,1950,6,1
24812,1950,6,1
24813,2022,9,1
24814,1950,9,1
24815,2006,12,1
24816,1955,9,1
24817,1952,3,1
24818,1953,9,1
24819,2010,6,4
24820,2023,9,1
24821,1960,9,1
24822,1958,12,1
24823,1960,3,1
24824,1965,9,1
24825,1955,6,1
24826,1951,9,1
24827,1955,6,1
24828,1960,6,1
24829,1955,3,1
24830,1960,6,1
24831,1960,9,1
24832,2004,9,1
24833,1950,6,1
24834,1955,6,1
24835,1995,12,1
24836,1960,6,1
24837,1952,6,1
24838,1955,6,1
24839,1954,3,1
24840,1958,9,1
24841,1955,3,1
24842,1955,3,1
24843,1955,6,1
24844,1953,6,1
24845,1955,6,1
24846,1955,6,1
24847,1954,3,1
24848,1971,9,1
24849,1970,6,1
24850,1975,9,1
24851,1975,6,1
24852,1958,6,1
24853,2002,12,1
24854,1997,9,1
24855,1960,6,1
24856,1960,9,1
24857,1955,3,1
24858,1950,9,1
24859,1965,9,1
24860,1975,9,1
24861,1974,9,1
24862,1965,9,1
24863,1963,9,1
24864,1995,6,1
24865,1961,12,1
24866,1960,9,1
24867,1960,9,1
24868,1960,9,1
24869,1962,9,1
24870,1975,6,3
24871,1955,12,1
24872,1960,9,1
24873,1967,9,1
24874,1958,6,1
24875,1951,9,1
24876,1960,9,1
24877,1965,9,1
24878,1965,3,1
24879,2007,6,1
24880,2006,9,1
24881,1965,6,1
24882,1965,9,1
24883,1965,12,1
24884,1970,9,1
24885,1970,6,1
24886,1977,12,1
24887,1979,12,1
24888,1980,12,1
24889,1980,9,1
24890,1998,3,1
24891,1981,9,1
24892,1981,9,1
24893,1991,9,1
24894,1984,12,1
24895,1986,9,1
24896,1985,12,1
24897,1987,6,1
24898,1983,15,1
24899,1979,12,1
24900,1971,12,1
24901,1972,9,1
24902,1978,9,1
24903,1999,12,1
24904,1990,9,1
24905,1987,12,1
24906,2008,9,1
24907,1993,9,1
24908,1991,12,1
24909,1985,12,1
24910,1958,9,1
24911,1960,6,4
24912,1965,3,1
24913,1853,12,1
24914,1969,15,1
24915,1968,9,4
24916,1965,9,1
24917,1960,9,1
24918,2006,12,1
24919,1949,3,1
24920,1949,3,1
24921,1955,6,1
24922,1968,6,1
24923,1950,9,1
24924,1953,9,1
24925,1951,6,1
24926,1981,9,1
24927,1960,12,1
24928,1998,12,1
24929,2008,12,1
24930,1991,9,1
24931,1991,9,1
24932,1991,9,1
24933,1991,9,1
24934,1991,9,1
24935,1991,9,1
24936,1992,9,1
24937,1992,9,1
24938,1992,9,1
24939,1992,9,1
24940,1992,9,1
24941,1992,9,1
24942,1992,9,1
24943,1992,9,1
24944,1990,9,1
24945,1990,9,1
24946,1990,9,1
24947,1990,9,1
24948,1990,9,1
24949,1990,9,1
24950,1990,9,1
24951,1990,9,1
24952,1992,15,1
24953,1990,9,1
24954,1990,9,1
24955,1990,9,1
24956,1990,9,1
24957,1990,9,1
24958,1990,9,1
24959,1990,9,1
24960,1993,9,1
24961,1993,9,1
24962,1993,9,1
24963,1993,9,1
24964,1993,9,1
24965,1993,9,1
24966,1993,9,1
24967,1993,12,1
24968,1993,12,1
24969,1993,12,1
24970,1994,15,1
24971,1994,9,1
24972,1994,12,1
24973,1994,12,1
24974,1994,12,1
24975,1994,12,1
24976,1994,12,1
24977,1994,12,1
24978,1994,12,1
24979,1994,12,1
24980,1990,9,1
24981,1994,12,1
24982,1999,12,1
24983,2007,9,1
24984,1991,9,1
24985,1994,9,1
24986,1991,9,1
24987,1990,9,1
24988,1990,6,1
24989,1990,6,1
24990,1990,6,1
24991,1990,6,1
24992,1990,6,1
24993,1990,9,1
24994,1990,9,1
24995,1990,9,1
24996,1990,12,1
24997,1990,9,1
24998,1990,9,1
24999,1990,9,1
25000,1990,12,1
25001,1990,9,1
25002,1990,9,1
25003,1990,9,1
25004,1990,9,1
25005,1990,9,1
25006,1990,9,1
25007,1997,18,1
25008,1969,15,1
25009,1969,15,1
25010,1976,12,4
25011,1979,15,1
25012,1981,6,1
25013,2002,12,1
25014,1982,15,1
25015,1969,9,1
25016,1982,12,1
25017,1976,6,1
25018,1972,9,1
25019,1978,9,1
25020,1978,12,1
25021,1990,9,1
25022,1973,9,1
25023,1976,12,1
25024,1974,12,1
25025,1975,12,1
25026,1980,12,1
25027,1979,9,1
25028,1978,12,1
25029,1980,9,4
25030,1974,9,1
25031,1969,15,1
25032,1969,15,1
25033,1969,15,1
25034,2000,6,3
25035,1970,9,4
25036,1970,6,3
25037,1970,3,3
25038,1970,6,3
25039,1970,6,3
25040,1970,3,3
25041,1978,3,3
25042,1975,3,3
25043,1970,6,3
25044,1970,3,3
25045,1975,6,3
25046,1970,3,3
25047,1975,3,3
25048,1970,3,3
25049,1975,3,3
25050,1978,3,3
25051,1975,3,3
25052,1977,6,3
25053,1975,3,3
25054,1975,3,3
25055,2001,15,4
25056,1993,6,4
25057,1915,6,4
25058,1943,6,1
25059,1908,9,1
25060,2002,6,1
25061,2005,9,1
25062,2005,9,1
25063,2005,6,1
25064,2005,6,1
25065,2005,6,1
25066,1968,6,1
25067,1968,3,3
25068,1962,6,1
25069,1968,6,1
25070,2010,6,1
25071,2001,6,1
25072,1973,18,1
25073,1992,9,1
25074,1973,3,4
25075,2024,6,1
25076,2024,6,1
25077,1972,6,1
25078,1927,6,1
25079,1965,3,1
25080,1965,3,1
25081,1968,9,4
25082,1996,6,1
25083,1969,6,4
25084,1994,6,1
25085,1928,3,1
25086,1963,3,1
25087,1960,3,1
25088,1960,6,1
25089,1964,3,1
25090,1961,6,1
25091,1980,6,1
25092,1980,6,1
25093,1991,6,1
25094,1998,9,1
25095,1980,9,1
25096,1965,3,1
25097,1963,3,1
25098,1965,9,1
25099,1965,3,1
25100,1961,6,1
25101,1968,3,1
25102,1970,9,1
25103,1962,6,1
25104,1960,3,1
25105,1964,6,1
25106,1963,3,1
25107,1963,9,1
25108,1963,6,1
25109,1963,6,1
25110,1978,3,3
25111,1960,9,1
25112,1960,6,1
25113,1992,6,4
25114,2004,3,1
25115,2004,6,1
25116,2004,9,1
25117,2004,9,1
25118,2004,9,1
25119,1992,9,1
25120,1979,6,1
25121,1963,6,1
25122,1964,3,1
25123,1970,9,1
25124,1962,3,1
25125,1964,6,1
25126,1960,6,1
25127,1960,3,1
25128,1965,6,1
25129,1963,6,1
25130,1963,6,1
25131,1961,9,1
25132,1963,6,1
25133,1961,6,1
25134,1961,6,1
25135,1965,6,1
25136,1964,9,1
25137,1969,9,1
25138,1969,9,1
25139,1961,6,1
25140,1960,9,1
25141,1958,3,1
25142,1960,3,1
25143,1958,6,1
25144,1950,3,1
25145,1959,9,1
25146,1958,6,1
25147,2005,9,1
25148,1960,6,1
25149,1958,3,1
25150,1958,6,1
25151,1990,6,1
25152,1960,6,1
25153,1961,6,1
25154,1962,9,1
25155,1961,9,1
25156,2008,12,1
25157,1950,6,1
25158,1960,6,1
25159,1960,6,1
25160,1992,3,4
25161,1975,3,3
25162,1990,6,3
25163,1990,6,3
25164,1979,3,3
25165,1991,6,4
25166,1989,3,3
25167,1989,9,3
25168,1965,6,3
25169,1979,12,3
25170,1990,3,3
25171,2019,9,3
25172,1991,6,4
25173,2001,12,3
25174,1991,9,4
25175,1970,6,4
25176,1970,9,4
25177,1991,3,3
25178,1971,3,3
25179,2006,9,3
25180,2006,9,4
25181,1963,6,3
25182,1969,3,4
25183,1970,3,3
25184,1973,3,3
25185,1972,3,3
25186,1981,3,3
25187,1963,3,3
25188,1973,9,3
25189,2005,6,3
25190,2024,9,3
25191,1959,12,3
25192,1987,3,3
25193,1964,9,1
25194,1996,12,1
25195,1971,9,1
25196,1968,9,1
25197,1967,12,1
25198,1971,12,1
25199,1961,9,1
25200,1963,6,3
25201,2003,15,1
25202,2008,12,1
25203,1977,12,1
25204,2003,12,1
25205,1971,9,1
25206,1974,9,1
25207,1977,3,3
25208,1977,9,1
25209,1977,9,1
25210,1985,9,1
25211,1971,12,1
25212,1971,9,1
25213,1976,9,1
25214,1975,9,1
25215,1961,12,1
25216,1976,12,1
25217,1976,9,1
25218,1971,9,1
25219,1971,12,1
25220,1976,12,1
25221,1987,12,1
25222,1971,3,3
25223,1971,12,1
25224,2004,12,1
25225,1971,3,3
25226,1987,3,3
25227,1971,6,4
25228,1994,12,1
25229,1999,12,1
25230,1998,9,1
25231,2004,9,1
25232,2006,12,1
25233,1998,15,1
25234,2002,15,1
25235,1999,9,1
25236,1998,9,1
25237,1998,9,1
25238,1998,9,1
25239,1998,9,1
25240,1998,9,1
25241,1998,9,1
25242,1998,9,1
25243,1998,9,1
25244,1998,12,1
25245,1998,12,1
25246,1998,12,1
25247,1999,12,1
25248,1999,12,1
25249,1999,12,1
25250,1999,12,1
25251,1999,12,1
25252,1999,12,1
25253,1999,12,1
25254,1999,12,1
25255,1999,12,1
25256,1975,6,4
25257,1999,9,1
25258,1971,12,1
25259,1968,9,1
25260,1953,9,1
25261,1972,12,1
25262,1971,12,1
25263,1971,12,1
25264,1975,6,1
25265,1987,6,1
25266,1990,9,1
25267,2000,12,1
25268,2005,12,1
25269,1995,9,1
25270,1989,9,1
25271,1992,9,1
25272,2003,9,1
25273,1953,9,1
25274,1953,6,1
25275,1990,12,1
25276,2000,0,N
25277,2001,9,1
25278,1992,12,1
25279,1978,9,1
25280,1978,12,1
25281,1994,9,1
25282,1988,9,1
25283,1965,9,1
25284,1960,9,1
25285,2004,9,1
25286,1961,9,1
25287,1964,6,1
25288,1965,9,1
25289,1960,9,1
25290,1957,9,1
25291,1955,9,1
25292,1995,9,1
25293,1996,12,1
25294,1995,12,1
25295,1991,12,1
25296,1991,12,1
25297,1991,12,1
25298,1994,9,1
25299,1990,9,1
25300,2001,9,1
25301,1989,9,1
25302,1973,6,1
25303,1965,6,1
25304,1965,9,1
25305,1962,6,1
25306,1959,9,1
25307,1955,9,1
25308,1962,9,1
25309,1955,9,1
25310,1960,9,1
25311,1960,6,1
25312,1963,9,1
25313,1985,12,1
25314,1960,3,1
25315,1956,9,1
25316,1990,9,1
25317,1989,6,1
25318,1990,9,1
25319,1990,9,1
25320,1990,9,1
25321,1994,12,1
25322,1988,3,3
25323,1996,12,1
25324,1990,6,1
25325,1990,6,1
25326,1990,6,1
25327,1990,6,1
25328,1990,6,1
25329,1990,6,1
25330,1990,6,1
25331,1990,6,1
25332,1994,12,1
25333,1990,6,1
25334,1993,6,1
25335,1992,6,1
25336,1996,12,1
25337,1994,12,1
25338,1999,12,1
25339,2000,15,1
25340,1982,18,1
25341,1975,15,1
25342,1970,9,1
25343,1980,15,1
25344,1975,3,3
25345,1980,3,3
25346,1992,12,1
25347,1980,9,1
25348,1975,3,3
25349,1980,9,1
25350,1975,9,1
25351,1990,9,1
25352,1988,9,1
25353,1991,12,1
25354,1990,12,1
25355,1988,6,1
25356,1988,6,1
25357,1988,6,1
25358,1988,6,1
25359,1988,6,1
25360,1988,6,1
25361,1988,6,1
25362,1991,15,1
25363,1990,15,1
25364,1987,12,1
25365,1987,12,1
25366,1987,12,1
25367,1987,12,1
25368,1987,12,1
25369,1987,12,1
25370,1987,12,1
25371,1987,12,1
25372,1987,12,1
25373,1987,12,1
25374,1993,12,1
25375,1988,9,1
25376,1991,6,1
25377,1990,12,1
25378,1998,12,1
25379,1991,9,1
25380,1988,9,1
25381,1989,9,1
25382,1990,12,1
25383,1990,12,1
25384,1990,12,1
25385,1990,12,1
25386,1982,12,1
25387,1986,12,1
25388,1994,12,1
25389,1979,9,1
25390,1976,9,1
25391,1977,9,1
25392,1980,9,1
25393,1982,12,1
25394,1974,12,1
25395,1980,9,1
25396,1983,9,1
25397,1995,6,1
25398,1992,6,1
25399,1992,9,1
25400,1989,9,4
25401,1999,9,1
25402,1994,12,1
25403,1974,15,1
25404,1974,15,1
25405,1974,15,1
25406,1974,15,1
25407,1974,15,1
25408,1974,12,1
25409,1991,9,1
25410,1991,9,1
25411,1991,9,1
25412,1991,9,1
25413,1991,9,1
25414,1991,9,1
25415,1991,9,1
25416,1995,9,1
25417,1995,9,1
25418,1995,9,1
25419,1995,9,1
25420,1995,9,1
25421,1995,9,1
25422,1995,9,1
25423,1997,9,1
25424,1997,9,1
25425,1997,9,1
25426,1998,9,1
25427,1998,9,1
25428,1998,9,1
25429,1988,9,1
25430,1996,12,1
25431,1990,9,1
25432,1990,9,1
25433,1990,9,1
25434,1990,9,1
25435,1990,9,1
25436,1990,9,1
25437,1990,9,1
25438,1990,9,1
25439,2007,12,1
25440,1990,9,1
25441,1990,9,1
25442,1990,9,1
25443,1990,9,1
25444,1990,12,1
25445,1990,12,1
25446,1990,9,1
25447,1990,9,1
25448,1992,12,1
25449,1992,9,1
25450,1992,9,1
25451,1992,9,1
25452,2000,9,1
25453,1993,9,1
25454,1990,6,1
25455,1989,9,1
25456,1980,12,1
25457,1978,12,1
25458,1960,12,1
25459,1983,9,1
25460,1980,9,1
25461,1983,12,1
25462,1983,9,1
25463,1984,9,1
25464,1983,9,1
25465,1984,9,1
25466,1992,9,1
25467,1994,9,1
25468,1992,9,1
25469,1990,9,1
25470,1990,12,1
25471,1999,9,1
25472,1993,9,1
25473,2000,6,4
25474,2000,9,3
25475,1998,6,3
25476,2000,6,3
25477,1999,6,3
25478,1999,6,3
25479,2000,6,3
25480,2000,9,3
25481,1968,6,4
25482,1975,6,1
25483,1919,6,4
25484,1920,3,1
25485,1901,12,4
25486,1980,9,4
25487,1924,3,3
25488,1901,3,4
25489,1968,6,1
25490,1971,9,1
25491,1959,6,1
25492,1960,3,1
25493,2004,3,1
25494,1963,3,1
25495,1970,6,1
25496,2000,3,1
25497,1920,12,1
25498,1958,6,1
25499,1959,6,1
25500,1952,6,1
25501,1932,6,1
25502,1960,6,1
25503,1968,3,1
25504,1999,6,1
25505,1960,3,1
25506,1945,3,1
25507,1942,3,1
25508,1967,3,1
25509,1988,3,3
25510,1922,3,1
25511,1960,3,1
25512,1963,3,1
25513,1965,6,1
25514,1964,3,1
25515,1965,3,1
25516,2006,9,1
25517,2021,3,1
25518,1963,6,1
25519,1968,6,1
25520,1965,9,1
25521,1969,9,1
25522,1972,9,1
25523,1970,9,1
25524,1960,6,1
25525,1965,9,1
25526,1960,6,1
25527,1969,6,1
25528,2007,6,1
25529,1964,6,1
25530,1960,9,1
25531,1975,3,3
25532,1960,6,1
25533,1959,6,1
25534,2005,9,1
25535,1959,3,1
25536,1960,6,1
25537,1960,6,1
25538,1962,3,1
25539,1961,9,1
25540,1960,3,1
25541,1961,3,1
25542,1961,9,1
25543,1962,9,1
25544,1962,3,1
25545,1961,3,1
25546,1963,3,1
25547,1960,6,1
25548,1960,6,1
25549,1970,9,1
25550,1939,3,1
25551,1963,3,1
25552,1963,6,1
25553,1960,6,1
25554,1960,6,1
25555,1968,6,1
25556,1968,3,1
25557,1968,9,1
25558,1975,6,1
25559,1930,9,1
25560,1935,6,1
25561,1969,6,1
25562,1970,9,1
25563,1970,6,1
25564,1968,12,1
25565,1969,9,1
25566,1969,12,1
25567,1960,6,1
25568,1968,9,1
25569,1961,3,3
25570,1968,3,1
25571,1920,3,1
25572,1975,3,1
25573,2023,6,1
25574,1975,3,1
25575,1960,6,1
25576,1979,3,3
25577,1994,6,3
25578,1977,3,3
25579,1970,6,3
25580,1977,9,3
25581,1972,6,3
25582,1991,9,3
25583,1971,6,3
25584,1970,3,3
25585,2019,3,3
25586,1973,3,3
25587,1966,6,3
25588,1970,6,3
25589,1970,3,3
25590,1970,3,3
25591,1970,3,3
25592,1976,27,1
25593,1976,30,1
25594,1976,36,1
25595,1976,33,1
25596,1976,33,1
25597,1976,33,1
25598,1976,36,1
25599,1957,9,1
25600,2010,3,4
25601,1987,9,4
25602,1989,12,1
25603,1991,9,1
25604,1987,12,3
25605,1991,9,1
25606,2002,12,1
25607,1976,9,1
25608,1975,9,1
25609,1971,6,1
25610,1971,9,1
25611,1976,12,1
25612,1991,6,1
25613,1992,3,3
25614,1971,9,1
25615,1991,6,1
25616,1988,12,1
25617,1980,9,1
25618,1991,3,3
25619,2007,12,1
25620,2011,12,1
25621,2006,9,1
25622,1967,6,1
25623,1971,3,1
25624,1971,6,1
25625,2010,12,1
25626,1971,9,1
25627,1961,3,1
25628,1968,9,1
25629,2001,15,1
25630,2021,12,1
25631,1967,6,1
25632,2004,9,1
25633,2008,12,1
25634,2002,9,1
25635,1971,6,1
25636,2003,9,1
25637,2003,9,1
25638,2005,12,1
25639,2007,12,1
25640,2005,9,4
25641,2011,9,4
25642,1996,3,4
25643,2009,27,1
25644,2004,9,4
25645,2008,3,3
25646,1995,15,1
25647,1998,18,1
25648,2001,15,1
25649,2002,12,1
25650,2024,15,1
25651,2003,15,1
25652,1975,3,4
25653,1994,15,1
25654,2001,12,1
25655,1959,3,3
25656,1970,9,1
25657,1955,9,1
25658,1959,9,1
25659,1952,9,1
25660,1960,6,1
25661,1968,12,1
25662,1960,9,1
25663,1960,12,1
25664,1955,9,1
25665,1965,9,1
25666,2000,9,1
25667,1965,9,1
25668,1965,6,1
25669,1976,9,1
25670,1968,3,1
25671,1970,6,1
25672,2001,12,1
25673,1975,9,1
25674,1958,12,1
25675,1956,6,1
25676,1955,6,1
25677,1955,9,1
25678,1956,9,1
25679,1955,9,1
25680,1960,6,1
25681,1958,12,1
25682,1960,9,1
25683,1958,9,1
25684,1987,9,1
25685,1959,9,1
25686,1965,9,1
25687,1955,6,1
25688,1956,6,1
25689,1959,6,1
25690,1968,9,1
25691,1943,3,1
25692,1955,6,1
25693,1950,9,1
25694,1961,9,1
25695,2004,12,1
25696,1963,6,1
25697,1958,9,1
25698,1957,9,1
25699,1972,9,1
25700,1953,9,1
25701,1953,9,1
25702,1955,9,1
25703,1958,9,1
25704,1963,9,1
25705,1972,6,1
25706,1955,3,1
25707,1950,6,1
25708,1955,9,1
25709,1958,3,1
25710,1953,6,1
25711,1952,9,1
25712,1955,9,1
25713,1958,9,1
25714,1965,9,1
25715,1960,9,1
25716,1965,12,1
25717,1968,9,1
25718,1958,9,1
25719,1970,6,1
25720,1996,9,1
25721,2000,9,1
25722,1980,9,1
25723,1975,6,1
25724,1980,15,1
25725,1979,12,1
25726,1975,9,1
25727,1979,9,1
25728,1978,12,1
25729,1975,6,1
25730,1980,15,1
25731,1973,15,1
25732,1989,9,1
25733,1989,6,1
25734,1989,6,1
25735,1989,6,1
25736,1989,6,1
25737,1989,6,1
25738,1989,6,1
25739,1989,6,1
25740,1989,6,1
25741,1989,9,1
25742,1989,9,1
25743,1989,9,1
25744,1989,9,1
25745,1989,9,1
25746,1989,9,1
25747,1989,12,1
25748,1989,9,1
25749,1989,9,1
25750,1989,9,1
25751,1989,9,1
25752,1989,9,1
25753,2008,12,1
25754,2007,9,1
25755,1987,9,1
25756,1987,9,1
25757,1987,9,1
25758,1999,9,1
25759,1992,9,1
25760,1994,9,1
25761,1990,9,1
25762,1999,12,1
25763,1989,9,1
25764,1989,9,1
25765,1991,12,1
25766,1999,12,1
25767,1989,12,1
25768,1990,3,3
25769,1988,9,1
25770,1988,9,1
25771,1991,12,1
25772,1997,12,1
25773,1993,9,1
25774,1994,12,1
25775,1993,12,1
25776,1993,12,1
25777,1985,15,1
25778,1985,15,1
25779,1992,9,1
25780,1992,9,1
25781,1992,9,1
25782,1993,12,1
25783,1993,12,1
25784,1994,12,1
25785,1994,12,1
25786,1994,12,1
25787,1994,9,1
25788,1994,9,1
25789,1994,9,1
25790,1994,9,1
25791,1994,9,1
25792,1989,12,1
25793,1994,9,1
25794,1988,9,1
25795,1994,9,1
25796,1984,15,1
25797,1974,15,1
25798,1974,15,1
25799,1974,15,1
25800,1974,15,1
25801,1991,12,1
25802,1973,12,1
25803,1973,12,1
25804,1973,12,1
25805,1973,12,1
25806,1993,12,1
25807,1988,9,1
25808,1990,12,1
25809,1993,3,1
25810,1993,9,1
25811,1987,9,1
25812,1990,3,3
25813,1989,9,1
25814,1998,9,4
25815,2008,12,1
25816,1992,12,1
25817,1974,18,1
25818,1974,18,1
25819,1974,18,1
25820,1974,18,1
25821,1974,18,1
25822,1974,18,1
25823,1974,18,1
25824,1974,15,1
25825,1978,3,3
25826,1900,6,4
25827,1925,6,1
25828,1968,3,1
25829,1910,6,1
25830,1979,6,1
25831,1962,3,1
25832,1920,3,1
25833,1964,6,1
25834,1963,3,1
25835,1968,6,1
25836,1995,3,1
25837,1991,3,1
25838,1991,6,1
25839,1963,6,1
25840,1966,9,1
25841,1964,6,1
25842,1965,9,1
25843,1976,9,1
25844,1959,9,1
25845,1959,6,1
25846,1910,6,1
25847,2006,9,1
25848,1996,6,1
25849,2014,9,1
25850,2000,6,1
25851,1998,6,4
25852,1998,6,4
25853,1970,9,3
25854,1969,9,3
25855,1980,3,3
25856,1990,6,3
25857,1990,6,4
25858,1989,6,4
25859,2012,9,4
25860,1970,3,4
25861,1990,9,3
25862,1979,3,3
25863,2006,6,3
25864,1967,9,4
