OBJECTID,HEIGHT_norm
1,0.03
2,0.03
3,0.03
4,0.03
9,0.03
10,0.03
13,0.06
14,0.03
15,0.03
17,0.03
18,0.09
20,0.03
23,0.03
26,0.03
27,0.06
29,0.03
31,0.03
33,0.09
34,0.03
36,0.03
38,0.03
40,0.03
42,0.03
43,0.03
45,0.09
47,0.03
48,0.09
50,0.12
53,0.03
54,0.03
55,0.03
57,0.06
58,0.03
60,0.06
61,0.06
62,0.03
63,0.03
64,0.03
65,0.03
66,0.12
68,0.03
69,0.03
70,0.09
72,0.06
75,0.03
76,0.06
80,0.03
81,0.06
84,0.03
87,0.06
90,0.06
91,0.03
92,0.03
94,0.03
95,0.06
102,0.09
104,0.03
106,0.03
108,0.03
110,0.03
111,0.09
114,0.03
115,0.06
117,0.06
118,0.03
121,0.03
123,0.03
124,0.03
127,0.03
128,0.06
130,0.03
132,0.03
133,0.03
134,0.03
135,0.03
136,0.09
139,0.03
141,0.03
142,0.03
143,0.03
144,0.03
145,0.03
147,0.03
148,0.03
149,0.03
150,0.03
152,0.03
153,0.03
154,0.03
155,0.03
156,0.03
157,0.03
158,0.03
159,0.06
161,0.06
163,0.03
164,0.09
166,0.03
168,0.03
171,0.03
172,0.03
174,0.03
175,0.06
177,0.03
178,0.06
179,0.03
181,0.03
182,0.03
184,0.06
185,0.03
187,0.03
188,0.03
189,0.06
190,0.03
192,0.06
194,0.06
196,0.09
199,0.06
200,0.03
201,0.06
202,0.03
204,0.06
206,0.06
207,0.03
208,0.06
211,0.03
212,0.06
215,0.03
217,0.03
218,0.03
219,0.06
221,0.03
222,0.03
223,0.03
225,0.03
228,0.03
229,0.06
231,0.03
234,0.03
236,0.03
237,0.03
239,0.03
242,0.12
244,0.09
246,0.06
248,0.03
249,0.03
250,0.03
251,0.03
254,0.06
256,0.06
257,0.06
259,0.06
260,0.03
262,0.09
265,0.03
267,0.03
269,0.03
270,0.06
271,0.03
272,0.03
274,0.03
275,0.06
278,0.06
281,0.06
282,0.03
284,0.03
286,0.06
289,0.06
293,0.09
294,0.06
295,0.06
298,0.06
301,0.06
302,0.03
303,0.03
305,0.03
306,0.03
307,0.03
308,0.03
309,0.09
311,0.03
312,0.03
315,0.03
316,0.03
317,0.03
318,0.03
320,0.03
322,0.09
324,0.09
326,0.03
327,0.03
328,0.09
330,0.15
332,0.03
335,0.06
336,0.12
338,0.09
339,0.03
340,0.03
342,0.03
343,0.03
344,0.03
345,0.03
346,0.03
347,0.03
348,0.03
349,0.06
351,0.03
353,0.03
354,0.06
355,0.03
356,0.03
357,0.03
359,0.06
360,0.03
361,0.12
363,0.03
364,0.03
365,0.03
367,0.03
370,0.03
371,0.09
373,0.06
375,0.03
376,0.03
377,0.03
378,0.09
379,0.09
380,0.03
381,0.03
384,0.03
385,0.03
386,0.03
387,0.03
388,0.03
389,0.03
390,0.03
391,0.09
392,0.03
393,0.06
394,0.06
395,0.06
396,0.06
397,0.06
398,0.03
400,0.03
402,0.03
403,0.03
404,0.06
405,0.06
407,0.03
408,0.03
410,0.03
411,0.03
412,0.03
413,0.03
414,0.12
417,0.09
419,0.03
421,0.06
423,0.06
424,0.06
426,0.03
427,0.03
428,0.09
430,0.06
433,0.03
434,0.09
436,0.06
439,0.06
441,0.03
443,0.06
445,0.06
446,0.03
447,0.03
448,0.03
449,0.03
450,0.03
451,0.03
453,0.03
454,0.06
455,0.06
456,0.03
457,0.03
458,0.03
459,0.06
460,0.03
461,0.09
463,0.06
464,0.06
465,0.03
466,0.06
468,0.03
469,0.06
471,0.03
472,0.03
473,0.03
474,0.03
475,0.09
477,0.03
478,0.03
479,0.12
481,0.06
482,0.06
484,0.03
485,0.03
486,0.06
487,0.03
488,0.09
490,0.03
491,0.06
492,0.03
493,0.12
496,0.06
498,0.03
499,0.03
500,0.06
501,0.06
504,0.03
505,0.03
506,0.03
507,0.03
508,0.03
509,0.03
510,0.03
511,0.03
512,0.03
513,0.03
514,0.03
515,0.03
516,0.03
517,0.03
518,0.03
519,0.03
520,0.03
521,0.03
522,0.06
523,0.06
527,0.09
528,0.06
530,0.03
531,0.06
534,0.03
535,0.03
536,0.03
537,0.03
538,0.03
539,0.03
540,0.06
542,0.09
544,0.06
547,0.03
548,0.03
549,0.03
550,0.09
555,0.03
558,0.03
560,0.06
561,0.03
563,0.06
567,0.09
571,0.03
572,0.03
573,0.03
576,0.09
578,0.03
579,0.03
580,0.06
582,0.06
586,0.06
591,0.03
592,0.03
594,0.03
595,0.03
597,0.03
600,0.03
602,0.03
604,0.03
606,0.03
607,0.03
610,0.03
611,0.06
614,0.09
616,0.09
618,0.09
619,0.03
621,0.03
623,0.09
626,0.03
628,0.15
629,0.15
630,0.15
631,0.15
636,0.15
637,0.15
638,0.15
639,0.15
640,0.15
641,0.15
704,0.03
705,0.09
707,0.03
709,0.03
710,0.06
711,0.06
713,0.03
714,0.03
715,0.03
717,0.03
719,0.03
720,0.03
721,0.09
723,0.03
725,0.03
726,0.06
727,0.03
729,0.06
731,0.03
732,0.03
733,0.03
734,0.03
735,0.09
736,0.03
737,0.03
738,0.06
740,0.03
741,0.15
743,0.06
744,0.03
746,0.03
748,0.06
749,0.03
750,0.06
753,0.03
755,0.03
756,0.06
758,0.06
760,0.03
761,0.03
763,0.06
765,0.06
766,0.06
767,0.06
768,0.06
769,0.03
770,0.03
772,0.03
774,0.06
776,0.03
779,0.03
781,0.03
782,0.06
783,0.09
784,0.03
785,0.03
786,0.03
789,0.03
790,0.03
791,0.03
792,0.03
793,0.03
795,0.03
796,0.09
798,0.12
800,0.03
801,0.03
802,0.03
804,0.03
805,0.09
808,0.03
810,0.03
811,0.03
812,0.03
813,0.09
815,0.06
817,0.03
819,0.06
820,0.03
822,0.06
823,0.06
824,0.03
825,0.03
826,0.03
828,0.06
829,0.06
831,0.03
832,0.03
834,0.03
837,0.03
838,0.06
839,0.06
840,0.03
842,0.06
843,0.06
844,0.03
845,0.03
847,0.03
848,0.03
849,0.03
851,0.03
852,0.03
854,0.03
855,0.03
857,0.03
858,0.03
861,0.09
863,0.09
864,0.09
865,0.09
867,0.09
869,0.03
871,0.06
872,0.03
874,0.03
876,0.03
877,0.06
878,0.06
879,0.12
882,0.06
883,0.06
884,0.06
885,0.03
887,0.06
889,0.12
891,0.03
893,0.03
894,0.03
896,0.06
898,0.06
900,0.09
901,0.03
903,0.03
905,0.03
907,0.12
910,0.06
912,0.12
913,0.03
914,0.03
916,0.03
918,0.09
919,0.09
920,0.03
922,0.03
923,0.03
924,0.03
926,0.03
927,0.09
929,0.09
931,0.03
933,0.03
935,0.06
936,0.06
941,0.09
943,0.03
944,0.03
946,0.06
947,0.03
948,0.03
949,0.12
951,0.03
952,0.03
953,0.06
954,0.06
956,0.09
958,0.03
959,0.03
960,0.03
961,0.03
962,0.03
963,0.03
964,0.03
965,0.03
966,0.03
967,0.03
969,0.03
970,0.03
971,0.03
972,0.03
973,0.09
977,0.03
979,0.15
980,0.21
983,0.12
984,0.12
986,0.12
988,0.24
990,0.21
991,0.03
994,0.03
998,0.06
1003,0.03
1004,0.06
1006,0.09
1009,0.03
1010,0.03
1012,0.03
1014,0.09
1018,0.03
1021,0.06
1024,0.06
1026,0.03
1028,0.06
1029,0.03
1030,0.06
1033,0.03
1035,0.03
1036,0.06
1039,0.03
1041,0.03
1042,0.06
1044,0.06
1046,0.03
1048,0.06
1051,0.06
1053,0.06
1056,0.06
1059,0.06
1061,0.06
1063,0.03
1065,0.03
1066,0.06
1067,0.06
1071,0.09
1075,0.09
1079,0.03
1082,0.06
1087,0.03
1089,0.03
1090,0.03
1093,0.09
1096,0.09
1100,0.06
1103,0.06
1107,0.06
1111,0.03
1112,0.03
1114,0.12
1115,0.15
1116,0.15
1119,0.15
1123,0.03
1125,0.03
1127,0.09
1129,0.03
1130,0.03
1132,0.03
1134,0.03
1136,0.06
1137,0.06
1138,0.06
1139,0.06
1140,0.06
1141,0.06
1142,0.06
1143,0.06
1144,0.06
1145,0.03
1147,0.03
1150,0.03
1151,0.03
1152,0.03
1153,0.03
1154,0.12
1156,0.12
1157,0.03
1158,0.03
1159,0.06
1160,0.06
1161,0.03
1163,0.03
1164,0.03
1167,0.03
1168,0.03
1169,0.03
1170,0.06
1171,0.06
1173,0.12
1174,0.06
1177,0.18
1180,0.21
1183,0.21
1186,0.18
1188,0.09
1190,0.09
1191,0.09
1193,0.27
1194,0.12
1196,0.12
1198,0.12
1200,0.12
1202,0.12
1204,0.12
1205,0.12
1206,0.12
1207,0.12
1208,0.12
1209,0.12
1210,0.12
1211,0.12
1212,0.12
1213,0.12
1214,0.12
1215,0.12
1216,0.12
1217,0.12
1218,0.12
1219,0.12
1220,0.12
1221,0.12
1222,0.12
1223,0.12
1224,0.12
1225,0.12
1226,0.12
1227,0.12
1228,0.12
1229,0.12
1230,0.12
1232,0.48
1235,0.09
1239,0.03
1240,0.03
1242,0.03
1243,0.03
1247,0.06
1251,0.09
1255,0.03
1256,0.03
1257,0.06
1258,0.06
1259,0.06
1260,0.06
1261,0.06
1262,0.06
1265,0.06
1269,0.03
1274,0.03
1277,0.03
1279,0.03
1283,0.03
1286,0.03
1287,0.06
1292,0.03
1296,0.09
1298,0.09
1300,0.09
1303,0.09
1306,0.09
1309,0.03
1313,0.06
1314,0.03
1316,0.03
1319,0.03
1322,0.03
1325,0.03
1327,0.03
1329,0.03
1330,0.03
1334,0.06
1338,0.03
1339,0.09
1343,0.03
1344,0.03
1346,0.03
1349,0.03
1350,0.06
1352,0.06
1354,0.06
1357,0.06
1360,0.06
1364,0.03
1365,0.03
1366,0.03
1367,0.03
1370,0.06
1372,0.03
1375,0.06
1376,0.06
1379,0.06
1381,0.06
1384,0.03
1386,0.03
1389,0.03
1391,0.03
1393,0.03
1395,0.03
1397,0.03
1399,0.03
1401,0.03
1403,0.03
1404,0.06
1407,0.09
1410,0.03
1411,0.06
1415,0.03
1418,0.03
1420,0.03
1424,0.03
1425,0.03
1429,0.06
1432,0.03
1434,0.03
1437,0.06
1439,0.03
1442,0.06
1443,0.03
1445,0.03
1446,0.09
1447,0.03
1461,0.21
1464,0.18
1467,0.21
1469,0.03
1472,0.06
1475,0.03
1477,0.03
1478,0.03
1480,0.06
1484,0.03
1485,0.06
1488,0.03
1491,0.03
1492,0.03
1495,0.06
1497,0.03
1498,0.09
1500,0.06
1504,0.03
1507,0.06
1510,0.03
1513,0.06
1515,0.03
1517,0.06
1519,0.03
1521,0.03
1523,0.12
1525,0.06
1529,0.03
1531,0.03
1535,0.03
1538,0.03
1540,0.03
1543,0.06
1548,0.03
1551,0.03
1553,0.03
1555,0.06
1558,0.06
1562,0.03
1564,0.03
1565,0.03
1568,0.03
1569,0.03
1574,0.03
1577,0.06
1579,0.03
1581,0.06
1584,0.03
1586,0.03
1589,0.03
1590,0.03
1591,0.03
1594,0.03
1596,0.06
1599,0.03
1602,0.03
1604,0.09
1607,0.03
1609,0.03
1611,0.03
1614,0.03
1615,0.03
1617,0.03
1620,0.03
1623,0.09
1625,0.03
1627,0.03
1629,0.06
1633,0.03
1636,0.03
1637,0.03
1639,0.03
1642,0.06
1644,0.03
1647,0.03
1649,0.03
1651,0.03
1653,0.06
1656,0.03
1657,0.03
1660,0.06
1666,0.06
1669,0.03
1670,0.03
1672,0.15
1673,0.15
1675,0.15
1677,0.15
1688,0.06
1690,0.03
1691,0.06
1693,0.03
1694,0.06
1695,0.06
1700,0.03
1703,0.03
1705,0.03
1706,0.03
1708,0.03
1711,0.03
1713,0.06
1715,0.03
1717,0.09
1718,0.06
1721,0.03
1722,0.06
1725,0.06
1729,0.03
1732,0.09
1734,0.03
1735,0.03
1736,0.06
1740,0.03
1742,0.03
1743,0.03
1744,0.03
1747,0.03
1749,0.03
1752,0.03
1754,0.03
1757,0.06
1761,0.03
1764,0.03
1767,0.06
1768,0.03
1770,0.09
1773,0.03
1776,0.03
1777,0.09
1780,0.03
1783,0.03
1784,0.03
1786,0.03
1788,0.03
1790,0.03
1791,0.06
1795,0.06
1799,0.03
1800,0.06
1803,0.03
1804,0.06
1807,0.06
1810,0.03
1814,0.06
1816,0.03
1818,0.03
1821,0.03
1824,0.06
1826,0.03
1829,0.03
1832,0.06
1836,0.06
1840,0.03
1842,0.06
1846,0.06
1849,0.06
1850,0.03
1856,0.03
1861,0.03
1863,0.03
1864,0.03
1865,0.03
1866,0.03
1867,0.03
1869,0.09
1873,0.03
1874,0.03
1879,0.03
1880,0.03
1882,0.03
1884,0.06
1888,0.03
1890,0.03
1894,0.03
1895,0.03
1897,0.03
1900,0.03
1901,0.03
1903,0.03
1906,0.03
1908,0.03
1909,0.03
1912,0.03
1915,0.03
1917,0.03
1918,0.06
1921,0.06
1927,0.03
1928,0.03
1930,0.03
1933,0.09
1936,0.09
1938,0.09
1941,0.06
1944,0.06
1945,0.03
1946,0.06
1949,0.03
1953,0.03
1954,0.03
1955,0.03
1956,0.06
1958,0.03
1960,0.03
1963,0.03
1964,0.03
1965,0.03
1966,0.06
1970,0.03
1971,0.03
1973,0.06
1975,0.06
1978,0.03
1979,0.03
1981,0.06
1983,0.03
1986,0.03
1987,0.03
1991,0.06
1993,0.03
1995,0.03
1996,0.03
1998,0.06
2000,0.03
2003,0.03
2004,0.03
2005,0.06
2007,0.03
2008,0.03
2014,0.03
2017,0.03
2019,0.03
2020,0.03
2022,0.06
2024,0.03
2027,0.03
2030,0.06
2031,0.03
2032,0.03
2034,0.03
2035,0.03
2038,0.09
2040,0.03
2041,0.03
2042,0.06
2045,0.06
2048,0.06
2054,0.03
2057,0.03
2060,0.06
2063,0.03
2065,0.03
2066,0.09
2069,0.09
2072,0.03
2073,0.06
2075,0.03
2077,0.06
2081,0.03
2083,0.03
2085,0.09
2088,0.03
2089,0.03
2091,0.06
2097,0.09
2101,0.03
2104,0.06
2105,0.06
2107,0.06
2110,0.06
2113,0.03
2114,0.03
2115,0.03
2116,0.03
2119,0.03
2122,0.03
2124,0.03
2125,0.06
2128,0.03
2129,0.03
2132,0.06
2136,0.03
2137,0.03
2138,0.03
2141,0.03
2142,0.06
2144,0.03
2147,0.06
2150,0.09
2154,0.03
2157,0.03
2160,0.03
2161,0.03
2164,0.03
2166,0.03
2168,0.06
2171,0.06
2172,0.03
2174,0.03
2177,0.03
2178,0.03
2180,0.03
2181,0.06
2184,0.06
2188,0.03
2191,0.03
2194,0.09
2197,0.03
2200,0.03
2203,0.03
2205,0.03
2207,0.03
2208,0.03
2211,0.03
2213,0.03
2216,0.03
2222,0.03
2223,0.03
2226,0.06
2229,0.06
2232,0.03
2235,0.06
2238,0.06
2241,0.03
2244,0.06
2247,0.03
2248,0.03
2249,0.03
2250,0.03
2253,0.03
2254,0.03
2256,0.03
2257,0.06
2260,0.09
2263,0.03
2266,0.03
2267,0.03
2269,0.03
2270,0.03
2272,0.03
2275,0.03
2277,0.03
2278,0.03
2279,0.06
2282,0.03
2284,0.03
2288,0.06
2290,0.03
2291,0.09
2295,0.03
2297,0.06
2300,0.03
2301,0.06
2305,0.03
2307,0.06
2311,0.03
2315,0.03
2317,0.03
2319,0.03
2322,0.03
2323,0.03
2324,0.09
2328,0.03
2330,0.03
2332,0.09
2335,0.03
2337,0.03
2342,0.03
2345,0.03
2348,0.03
2349,0.09
2352,0.09
2355,0.06
2358,0.03
2361,0.03
2363,0.03
2366,0.03
2370,0.03
2373,0.03
2375,0.03
2377,0.03
2380,0.06
2383,0.06
2384,0.06
2386,0.09
2389,0.06
2392,0.06
2396,0.03
2399,0.03
2402,0.03
2404,0.03
2408,0.03
2411,0.03
2412,0.06
2415,0.09
2418,0.09
2420,0.03
2422,0.06
2425,0.03
2426,0.03
2427,0.09
2431,0.03
2433,0.03
2434,0.06
2435,0.03
2437,0.03
2439,0.03
2440,0.03
2443,0.06
2446,0.03
2447,0.03
2450,0.03
2452,0.03
2454,0.06
2457,0.03
2459,0.03
2462,0.03
2465,0.03
2468,0.03
2469,0.06
2473,0.03
2476,0.03
2478,0.06
2481,0.06
2484,0.03
2486,0.03
2488,0.03
2489,0.03
2490,0.03
2491,0.03
2494,0.03
2495,0.03
2498,0.03
2500,0.03
2502,0.03
2504,0.06
2506,0.09
2509,0.06
2510,0.06
2513,0.03
2516,0.09
2520,0.03
2523,0.03
2526,0.03
2531,0.06
2534,0.03
2536,0.06
2538,0.03
2540,0.03
2543,0.09
2545,0.03
2546,0.03
2549,0.03
2552,0.06
2554,0.03
2557,0.03
2561,0.06
2567,0.03
2568,0.03
2571,0.03
2573,0.06
2575,0.06
2578,0.03
2580,0.06
2582,0.03
2585,0.06
2586,0.03
2589,0.03
2591,0.06
2593,0.03
2596,0.03
2598,0.06
2600,0.03
2603,0.03
2604,0.03
2606,0.03
2608,0.03
2611,0.03
2613,0.06
2616,0.03
2619,0.03
2620,0.03
2622,0.03
2625,0.06
2628,0.03
2631,0.03
2633,0.03
2636,0.09
2639,0.03
2641,0.03
2644,0.06
2647,0.06
2654,0.03
2658,0.03
2660,0.03
2664,0.03
2667,0.03
2670,0.03
2671,0.06
2673,0.06
2675,0.06
2679,0.03
2682,0.03
2685,0.09
2689,0.03
2692,0.03
2695,0.03
2698,0.03
2699,0.09
2702,0.09
2705,0.06
2708,0.06
2711,0.09
2714,0.03
2715,0.03
2718,0.03
2721,0.03
2724,0.03
2725,0.03
2726,0.06
2728,0.03
2730,0.06
2734,0.09
2737,0.03
2740,0.06
2741,0.03
2742,0.03
2746,0.09
2748,0.03
2751,0.03
2754,0.03
2755,0.03
2756,0.03
2758,0.03
2760,0.03
2762,0.03
2763,0.06
2767,0.03
2768,0.03
2772,0.03
2774,0.06
2775,0.09
2777,0.06
2779,0.03
2781,0.03
2782,0.03
2784,0.03
2787,0.09
2789,0.06
2793,0.06
2798,0.06
2801,0.03
2803,0.03
2804,0.03
2805,0.06
2808,0.06
2811,0.03
2815,0.03
2818,0.03
2819,0.03
2821,0.06
2826,0.03
2827,0.03
2830,0.09
2833,0.06
2836,0.06
2839,0.03
2841,0.06
2844,0.03
2848,0.06
2851,0.09
2854,0.03
2857,0.06
2861,0.06
2864,0.06
2868,0.03
2869,0.03
2870,0.06
2872,0.09
2875,0.09
2878,0.03
2881,0.03
2882,0.03
2884,0.03
2887,0.06
2889,0.03
2892,0.03
2895,0.03
2898,0.03
2900,0.03
2903,0.03
2906,0.03
2909,0.03
2913,0.06
2918,0.09
2922,0.03
2924,0.03
2925,0.03
2927,0.03
2929,0.03
2931,0.06
2935,0.03
2937,0.03
2940,0.03
2942,0.03
2943,0.06
2944,0.03
2946,0.06
2949,0.06
2952,0.03
2955,0.03
2956,0.06
2958,0.06
2964,0.03
2968,0.03
2970,0.06
2974,0.03
2976,0.03
2978,0.06
2981,0.03
2984,0.03
2988,0.03
2991,0.03
2994,0.03
2995,0.03
2997,0.03
3003,0.03
3007,0.03
3009,0.03
3010,0.06
3013,0.03
3015,0.03
3016,0.03
3019,0.03
3020,0.03
3023,0.06
3027,0.06
3031,0.03
3032,0.03
3033,0.06
3036,0.03
3039,0.03
3042,0.03
3043,0.03
3044,0.03
3045,0.06
3048,0.03
3052,0.03
3053,0.03
3058,0.09
3062,0.03
3063,0.03
3065,0.03
3069,0.03
3070,0.03
3071,0.03
3072,0.03
3076,0.09
3080,0.03
3083,0.03
3085,0.03
3087,0.06
3090,0.03
3092,0.03
3094,0.03
3102,0.06
3105,0.03
3108,0.03
3112,0.03
3118,0.03
3122,0.03
3123,0.09
3127,0.06
3130,0.03
3132,0.03
3135,0.03
3136,0.03
3138,0.03
3139,0.03
3140,0.06
3143,0.03
3147,0.09
3150,0.03
3151,0.03
3153,0.03
3154,0.03
3155,0.06
3159,0.03
3161,0.03
3163,0.03
3166,0.03
3168,0.06
3172,0.03
3173,0.03
3177,0.06
3179,0.03
3181,0.03
3184,0.03
3186,0.03
3190,0.06
3194,0.06
3197,0.03
3199,0.06
3203,0.06
3207,0.03
3209,0.03
3212,0.03
3213,0.03
3215,0.03
3216,0.03
3218,0.03
3222,0.03
3223,0.03
3224,0.03
3227,0.06
3230,0.03
3232,0.03
3233,0.03
3234,0.03
3236,0.03
3237,0.03
3239,0.03
3240,0.09
3243,0.06
3247,0.03
3248,0.03
3249,0.03
3251,0.03
3253,0.06
3257,0.03
3260,0.03
3262,0.03
3265,0.03
3269,0.03
3271,0.03
3274,0.06
3276,0.06
3278,0.06
3281,0.03
3283,0.03
3285,0.06
3287,0.03
3288,0.03
3290,0.03
3292,0.03
3293,0.06
3297,0.03
3298,0.03
3300,0.03
3303,0.03
3304,0.03
3305,0.06
3308,0.06
3311,0.03
3312,0.03
3315,0.03
3318,0.03
3321,0.03
3325,0.06
3328,0.03
3329,0.03
3330,0.03
3331,0.06
3334,0.03
3337,0.03
3339,0.09
3340,0.06
3343,0.06
3345,0.06
3348,0.03
3350,0.03
3353,0.03
3356,0.03
3359,0.03
3360,0.03
3361,0.03
3362,0.03
3365,0.09
3368,0.09
3371,0.03
3372,0.03
3373,0.06
3376,0.06
3379,0.03
3382,0.06
3385,0.03
3386,0.03
3387,0.03
3389,0.06
3391,0.06
3394,0.06
3398,0.03
3399,0.09
3402,0.06
3405,0.06
3408,0.03
3409,0.03
3410,0.03
3411,0.03
3412,0.06
3415,0.03
3416,0.03
3417,0.03
3418,0.03
3419,0.06
3422,0.06
3425,0.09
3428,0.09
3430,0.06
3433,0.03
3436,0.06
3439,0.03
3442,0.03
3446,0.06
3449,0.06
3452,0.06
3456,0.03
3460,0.06
3463,0.03
3465,0.03
3466,0.03
3467,0.03
3470,0.06
3472,0.03
3474,0.03
3476,0.06
3480,0.06
3483,0.06
3486,0.06
3489,0.06
3492,0.06
3495,0.06
3498,0.06
3500,0.06
3502,0.06
3505,0.06
3507,0.03
3510,0.03
3512,0.03
3514,0.03
3517,0.03
3519,0.03
3520,0.06
3523,0.06
3525,0.09
3527,0.03
3530,0.06
3532,0.03
3533,0.03
3537,0.06
3541,0.03
3544,0.03
3545,0.03
3548,0.06
3551,0.03
3552,0.03
3554,0.03
3555,0.03
3556,0.06
3558,0.03
3561,0.06
3563,0.03
3566,0.03
3568,0.03
3571,0.03
3573,0.03
3575,0.03
3578,0.06
3582,0.06
3583,0.03
3584,0.03
3588,0.06
3592,0.06
3595,0.03
3598,0.03
3600,0.03
3601,0.06
3604,0.03
3606,0.06
3608,0.06
3611,0.03
3614,0.06
3616,0.03
3617,0.03
3621,0.03
3623,0.06
3626,0.03
3627,0.06
3631,0.03
3632,0.03
3633,0.03
3634,0.03
3637,0.06
3641,0.03
3643,0.06
3646,0.06
3649,0.06
3652,0.03
3653,0.03
3656,0.06
3659,0.03
3661,0.03
3662,0.03
3666,0.09
3670,0.06
3674,0.06
3677,0.06
3682,0.03
3684,0.03
3687,0.03
3688,0.03
3692,0.03
3693,0.03
3696,0.03
3698,0.03
3700,0.03
3704,0.03
3705,0.03
3709,0.03
3711,0.06
3715,0.03
3717,0.03
3718,0.03
3721,0.06
3724,0.03
3725,0.03
3728,0.03
3733,0.03
3736,0.03
3737,0.06
3740,0.03
3743,0.03
3745,0.06
3747,0.03
3749,0.06
3753,0.09
3757,0.03
3759,0.03
3762,0.03
3764,0.03
3765,0.03
3768,0.03
3770,0.03
3772,0.09
3774,0.03
3776,0.03
3778,0.09
3782,0.03
3783,0.03
3786,0.03
3787,0.09
3791,0.03
3795,0.06
3798,0.03
3801,0.03
3803,0.09
3807,0.03
3809,0.03
3812,0.03
3813,0.03
3816,0.06
3819,0.03
3821,0.06
3825,0.03
3829,0.06
3832,0.03
3833,0.03
3835,0.06
3837,0.03
3840,0.03
3842,0.06
3845,0.09
3847,0.09
3850,0.03
3854,0.06
3856,0.06
3859,0.06
3861,0.03
3862,0.03
3865,0.06
3866,0.03
3870,0.03
3875,0.03
3879,0.06
3883,0.03
3885,0.06
3887,0.03
3890,0.03
3891,0.03
3894,0.03
3898,0.03
3900,0.03
3901,0.03
3905,0.06
3908,0.06
3911,0.03
3912,0.09
3915,0.03
3918,0.03
3919,0.06
3922,0.06
3927,0.03
3929,0.03
3930,0.03
3934,0.06
3936,0.03
3937,0.03
3940,0.03
3941,0.06
3944,0.03
3946,0.03
3948,0.06
3950,0.03
3951,0.03
3955,0.03
3956,0.03
3959,0.03
3960,0.03
3961,0.03
3964,0.06
3967,0.03
3968,0.06
3971,0.03
3972,0.06
3974,0.09
3977,0.03
3979,0.06
3983,0.03
3986,0.03
3987,0.06
3988,0.06
3991,0.06
3993,0.06
3999,0.03
4002,0.06
4004,0.03
4006,0.06
4009,0.03
4010,0.03
4012,0.03
4014,0.06
4017,0.03
4018,0.09
4022,0.06
4025,0.03
4028,0.06
4031,0.03
4032,0.03
4033,0.03
4035,0.03
4037,0.03
4039,0.03
4040,0.03
4043,0.03
4045,0.03
4047,0.03
4049,0.06
4052,0.03
4054,0.09
4057,0.03
4058,0.03
4060,0.03
4061,0.03
4063,0.03
4064,0.03
4068,0.03
4069,0.06
4073,0.06
4076,0.03
4078,0.03
4080,0.03
4081,0.03
4082,0.03
4083,0.03
4086,0.03
4087,0.03
4089,0.06
4092,0.03
4094,0.09
4096,0.06
4099,0.03
4100,0.03
4101,0.09
4103,0.09
4105,0.03
4107,0.03
4109,0.03
4111,0.03
4113,0.03
4116,0.03
4118,0.06
4122,0.03
4124,0.03
4126,0.03
4127,0.03
4129,0.09
4130,0.03
4132,0.03
4133,0.06
4137,0.03
4138,0.03
4140,0.03
4142,0.03
4143,0.03
4146,0.09
4149,0.03
4150,0.03
4151,0.03
4154,0.03
4157,0.03
4159,0.03
4161,0.03
4164,0.09
4165,0.03
4167,0.03
4169,0.03
4171,0.03
4173,0.03
4175,0.03
4176,0.03
4177,0.03
4180,0.03
4182,0.03
4186,0.03
4188,0.03
4190,0.06
4192,0.06
4196,0.03
4197,0.03
4198,0.03
4201,0.03
4204,0.06
4207,0.06
4208,0.06
4212,0.06
4213,0.03
4215,0.03
4217,0.03
4218,0.03
4220,0.03
4221,0.03
4223,0.03
4225,0.03
4226,0.03
4227,0.03
4228,0.06
4230,0.03
4231,0.03
4232,0.03
4236,0.06
4238,0.03
4240,0.03
4242,0.03
4243,0.12
4246,0.03
4249,0.06
4251,0.03
4254,0.06
4258,0.03
4262,0.06
4264,0.06
4265,0.12
4266,0.03
4267,0.03
4268,0.03
4269,0.03
4270,0.03
4272,0.03
4274,0.03
4275,0.03
4276,0.03
4277,0.03
4278,0.03
4279,0.03
4280,0.03
4281,0.12
4284,0.03
4285,0.03
4286,0.03
4287,0.06
4289,0.03
4291,0.03
4292,0.06
4294,0.03
4295,0.03
4296,0.03
4297,0.09
4299,0.03
4300,0.03
4301,0.03
4302,0.09
4305,0.03
4306,0.03
4308,0.09
4309,0.03
4310,0.03
4312,0.06
4314,0.09
4316,0.03
4318,0.03
4320,0.06
4321,0.09
4323,0.06
4325,0.03
4327,0.03
4328,0.03
4330,0.03
4331,0.03
4332,0.03
4334,0.03
4335,0.03
4336,0.03
4337,0.03
4338,0.09
4340,0.03
4342,0.03
4344,0.06
4346,0.06
4348,0.12
4349,0.03
4355,0.03
4356,0.03
4357,0.06
4359,0.06
4361,0.03
4363,0.03
4367,0.06
4370,0.09
4374,0.03
4375,0.03
4378,0.03
4380,0.06
4383,0.06
4385,0.03
4386,0.03
4387,0.03
4388,0.03
4389,0.06
4392,0.03
4395,0.03
4397,0.03
4398,0.03
4399,0.09
4402,0.03
4403,0.03
4404,0.03
4405,0.03
4407,0.03
4409,0.03
4411,0.03
4412,0.03
4413,0.03
4415,0.09
4417,0.03
4418,0.03
4419,0.06
4421,0.03
4422,0.03
4425,0.03
4426,0.03
4428,0.06
4431,0.06
4433,0.06
4435,0.06
4438,0.03
4440,0.06
4442,0.03
4445,0.03
4448,0.06
4450,0.06
4453,0.06
4457,0.03
4459,0.03
4460,0.03
4463,0.03
4465,0.03
4467,0.06
4469,0.03
4471,0.06
4473,0.03
4475,0.03
4477,0.06
4480,0.03
4482,0.03
4484,0.06
4487,0.03
4490,0.06
4494,0.03
4495,0.03
4498,0.06
4502,0.03
4503,0.06
4507,0.06
4509,0.06
4511,0.09
4517,0.03
4519,0.03
4520,0.09
4523,0.06
4526,0.03
4527,0.03
4528,0.03
4529,0.03
4530,0.06
4531,0.09
4532,0.03
4534,0.06
4535,0.06
4537,0.06
4539,0.03
4540,0.06
4542,0.06
4543,0.06
4544,0.03
4545,0.06
4547,0.03
4548,0.03
4549,0.06
4550,0.09
4553,0.06
4554,0.03
4556,0.03
4557,0.03
4558,0.03
4559,0.03
4563,0.06
4565,0.06
4566,0.03
4567,0.03
4568,0.03
4569,0.03
4570,0.09
4572,0.03
4573,0.03
4574,0.06
4575,0.06
4576,0.03
4578,0.03
4579,0.03
4582,0.03
4583,0.03
4584,0.03
4585,0.03
4588,0.06
4589,0.03
4592,0.03
4593,0.03
4594,0.03
4596,0.06
4602,0.06
4606,0.03
4609,0.03
4611,0.03
4614,0.06
4617,0.03
4619,0.06
4622,0.03
4623,0.06
4626,0.03
4629,0.03
4630,0.03
4633,0.03
4638,0.03
4639,0.03
4640,0.06
4643,0.03
4646,0.03
4648,0.03
4650,0.03
4653,0.09
4655,0.03
4656,0.03
4658,0.06
4661,0.06
4664,0.09
4667,0.06
4668,0.06
4672,0.06
4676,0.03
4677,0.03
4680,0.06
4683,0.03
4686,0.03
4687,0.03
4688,0.03
4693,0.03
4696,0.06
4699,0.06
4703,0.06
4706,0.06
4709,0.03
4711,0.03
4712,0.03
4714,0.03
4715,0.03
4716,0.03
4718,0.03
4721,0.03
4723,0.12
4726,0.03
4727,0.03
4728,0.03
4730,0.06
4733,0.03
4734,0.03
4735,0.03
4738,0.03
4739,0.03
4743,0.03
4744,0.03
4745,0.03
4747,0.03
4748,0.03
4750,0.03
4751,0.03
4755,0.03
4756,0.03
4757,0.06
4759,0.03
4762,0.06
4765,0.03
4766,0.03
4768,0.03
4769,0.03
4770,0.03
4773,0.03
4774,0.03
4775,0.03
4777,0.03
4780,0.03
4782,0.06
4784,0.03
4786,0.03
4789,0.06
4792,0.09
4796,0.03
4798,0.03
4799,0.03
4801,0.03
4802,0.03
4803,0.09
4805,0.03
4806,0.06
4807,0.03
4808,0.06
4810,0.03
4813,0.03
4815,0.03
4816,0.03
4817,0.03
4819,0.06
4822,0.03
4823,0.03
4825,0.03
4827,0.03
4828,0.03
4829,0.03
4830,0.03
4831,0.03
4832,0.03
4833,0.03
4834,0.03
4836,0.03
4837,0.09
4839,0.12
4843,0.03
4845,0.03
4846,0.03
4847,0.03
4848,0.03
4849,0.06
4851,0.03
4852,0.03
4853,0.03
4854,0.09
4857,0.12
4860,0.12
4862,0.15
4864,0.15
4865,0.09
4866,0.03
4868,0.12
4869,0.12
4871,0.06
4873,0.03
4875,0.03
4876,0.03
4877,0.03
4878,0.03
4879,0.03
4880,0.03
4881,0.03
4882,0.03
4883,0.03
4884,0.03
4885,0.03
4886,0.03
4887,0.09
4888,0.06
4890,0.12
4894,0.15
4897,0.12
4900,0.03
4902,0.03
4904,0.03
4906,0.03
4909,0.06
4910,0.06
4912,0.03
4914,0.03
4916,0.03
4917,0.03
4919,0.06
4920,0.09
4921,0.03
4923,0.03
4925,0.03
4926,0.09
4928,0.03
4929,0.03
4931,0.03
4932,0.06
4933,0.06
4936,0.03
4938,0.06
4940,0.06
4941,0.09
4942,0.06
4943,0.03
4945,0.03
4947,0.03
4948,0.03
4949,0.03
4950,0.03
4952,0.03
4953,0.03
4955,0.03
4957,0.06
4958,0.03
4960,0.03
4961,0.06
4962,0.09
4963,0.03
4964,0.06
4966,0.03
4967,0.03
4968,0.09
4969,0.03
4970,0.03
4971,0.03
4972,0.03
4973,0.03
4974,0.03
4975,0.03
4976,0.06
4977,0.03
4978,0.03
4979,0.03
4980,0.03
4981,0.06
4983,0.03
4984,0.03
4985,0.06
4986,0.06
4987,0.03
4989,0.03
4990,0.03
4992,0.03
4994,0.03
4996,0.06
4997,0.06
4999,0.06
5001,0.03
5002,0.03
5003,0.03
5004,0.03
5005,0.03
5006,0.03
5007,0.06
5008,0.03
5009,0.06
5011,0.03
5012,0.03
5013,0.06
5014,0.03
5016,0.06
5017,0.06
5019,0.03
5021,0.06
5022,0.06
5024,0.09
5026,0.03
5027,0.09
5029,0.03
5030,0.03
5032,0.03
5033,0.03
5035,0.03
5037,0.06
5039,0.03
5041,0.03
5042,0.06
5044,0.03
5045,0.03
5046,0.03
5048,0.03
5050,0.03
5051,0.03
5053,0.03
5054,0.03
5055,0.06
5057,0.06
5060,0.03
5061,0.03
5062,0.03
5063,0.03
5064,0.03
5065,0.03
5067,0.03
5068,0.03
5071,0.03
5072,0.03
5073,0.03
5075,0.03
5076,0.03
5077,0.03
5078,0.03
5080,0.03
5082,0.03
5083,0.03
5084,0.03
5085,0.03
5086,0.09
5088,0.03
5090,0.03
5092,0.03
5094,0.03
5095,0.06
5097,0.03
5098,0.12
5099,0.09
5101,0.06
5104,0.06
5105,0.03
5106,0.03
5107,0.03
5108,0.03
5110,0.03
5111,0.03
5114,0.03
5115,0.03
5116,0.06
5118,0.06
5119,0.03
5121,0.03
5124,0.06
5126,0.03
5128,0.03
5129,0.03
5131,0.03
5133,0.03
5134,0.03
5135,0.03
5137,0.03
5138,0.03
5139,0.03
5141,0.03
5142,0.03
5143,0.03
5144,0.03
5146,0.03
5147,0.03
5150,0.03
5151,0.12
5152,0.06
5156,0.09
5157,0.09
5158,0.09
5159,0.09
5160,0.09
5162,0.15
5165,0.03
5167,0.03
5169,0.06
5171,0.03
5172,0.12
5173,0.03
5175,0.06
5176,0.06
5177,0.03
5178,0.03
5180,0.03
5182,0.03
5184,0.06
5185,0.03
5186,0.09
5188,0.03
5189,0.06
5192,0.03
5194,0.03
5195,0.03
5197,0.06
5198,0.06
5199,0.03
5200,0.03
5201,0.03
5202,0.03
5203,0.09
5204,0.03
5206,0.06
5207,0.06
5208,0.06
5210,0.09
5213,0.03
5214,0.06
5215,0.03
5217,0.03
5219,0.03
5221,0.06
5223,0.03
5224,0.03
5226,0.03
5227,0.03
5229,0.03
5231,0.06
5232,0.03
5233,0.03
5234,0.03
5235,0.09
5236,0.09
5239,0.03
5240,0.09
5242,0.06
5243,0.15
5244,0.09
5246,0.09
5247,0.15
5248,0.03
5249,0.12
5251,0.03
5252,0.06
5254,0.03
5255,0.09
5256,0.03
5258,0.03
5260,0.12
5261,0.06
5263,0.03
5264,0.03
5266,0.03
5268,0.03
5270,0.03
5271,0.06
5272,0.03
5273,0.09
5274,0.06
5275,0.03
5277,0.03
5278,0.03
5279,0.03
5280,0.03
5282,0.03
5284,0.03
5286,0.03
5288,0.03
5289,0.03
5290,0.09
5291,0.06
5292,0.03
5294,0.03
5295,0.06
5296,0.03
5297,0.03
5299,0.03
5300,0.03
5302,0.03
5303,0.03
5304,0.09
5306,0.03
5307,0.09
5308,0.03
5310,0.03
5311,0.03
5312,0.03
5313,0.03
5314,0.03
5317,0.06
5318,0.12
5319,0.06
5320,0.09
5322,0.03
5323,0.03
5325,0.06
5326,0.03
5328,0.03
5329,0.06
5331,0.03
5333,0.03
5335,0.03
5337,0.03
5339,0.03
5341,0.03
5342,0.03
5343,0.06
5345,0.03
5346,0.06
5347,0.06
5348,0.06
5350,0.06
5352,0.03
5354,0.03
5356,0.03
5358,0.06
5361,0.03
5363,0.09
5365,0.03
5367,0.03
5369,0.03
5370,0.03
5372,0.03
5373,0.03
5376,0.03
5377,0.03
5378,0.03
5379,0.03
5380,0.03
5382,0.03
5383,0.03
5384,0.03
5386,0.03
5387,0.03
5390,0.03
5393,0.03
5395,0.03
5396,0.03
5398,0.09
5399,0.09
5400,0.03
5402,0.06
5403,0.03
5405,0.03
5407,0.06
5409,0.03
5412,0.03
5414,0.03
5416,0.03
5418,0.03
5419,0.03
5421,0.06
5422,0.06
5423,0.03
5425,0.03
5426,0.03
5427,0.09
5429,0.03
5431,0.03
5433,0.03
5434,0.03
5436,0.03
5439,0.03
5440,0.03
5442,0.03
5444,0.03
5445,0.03
5447,0.03
5449,0.06
5450,0.03
5451,0.06
5453,0.03
5455,0.03
5457,0.06
5458,0.03
5460,0.03
5461,0.03
5464,0.03
5466,0.03
5468,0.03
5469,0.03
5470,0.03
5471,0.03
5473,0.06
5476,0.03
5477,0.03
5479,0.03
5480,0.03
5482,0.03
5483,0.03
5484,0.06
5486,0.03
5487,0.03
5489,0.09
5490,0.09
5491,0.03
5493,0.09
5494,0.09
5495,0.03
5497,0.03
5499,0.03
5500,0.03
5502,0.03
5503,0.03
5504,0.03
5505,0.06
5507,0.03
5508,0.03
5509,0.06
5510,0.06
5513,0.03
5516,0.03
5518,0.03
5519,0.03
5520,0.03
5522,0.03
5523,0.03
5524,0.03
5525,0.03
5526,0.03
5527,0.03
5528,0.03
5529,0.03
5531,0.03
5533,0.03
5535,0.12
5537,0.03
5539,0.06
5540,0.09
5542,0.06
5544,0.06
5546,0.03
5547,0.03
5549,0.03
5551,0.06
5553,0.03
5555,0.06
5557,0.03
5559,0.03
5560,0.09
5562,0.06
5563,0.03
5566,0.03
5569,0.03
5572,0.03
5574,0.06
5577,0.03
5579,0.03
5580,0.03
5582,0.03
5583,0.03
5586,0.03
5587,0.06
5590,0.09
5591,0.03
5595,0.03
5597,0.03
5598,0.03
5600,0.06
5603,0.03
5606,0.06
5608,0.06
5610,0.03
5614,0.03
5617,0.03
5618,0.03
5619,0.03
5620,0.12
5621,0.03
5622,0.09
5624,0.03
5626,0.03
5627,0.03
5628,0.06
5630,0.06
5631,0.06
5632,0.03
5633,0.06
5634,0.09
5635,0.09
5637,0.06
5640,0.03
5641,0.03
5642,0.03
5643,0.03
5644,0.06
5645,0.12
5646,0.06
5647,0.03
5648,0.06
5649,0.03
5651,0.06
5652,0.03
5653,0.03
5654,0.09
5656,0.03
5657,0.03
5659,0.03
5660,0.09
5663,0.09
5665,0.06
5666,0.06
5667,0.03
5668,0.03
5669,0.03
5670,0.03
5671,0.06
5673,0.03
5675,0.06
5676,0.06
5677,0.03
5679,0.03
5681,0.03
5682,0.03
5683,0.03
5685,0.12
5687,0.06
5688,0.06
5689,0.06
5690,0.03
5691,0.06
5692,0.03
5693,0.06
5695,0.18
5699,0.03
5700,0.09
5701,0.06
5702,0.06
5703,0.03
5705,0.03
5706,0.06
5708,0.06
5711,0.03
5713,0.09
5714,0.03
5716,0.15
5717,0.06
5718,0.03
5719,0.06
5720,0.03
5722,0.15
5723,0.06
5724,0.03
5726,0.09
5728,0.03
5730,0.03
5731,0.06
5732,0.12
5734,0.03
5736,0.06
5738,0.09
5739,0.03
5741,0.03
5743,0.03
5745,0.09
5746,0.06
5747,0.03
5748,0.03
5749,0.03
5750,0.03
5752,0.03
5754,0.03
5756,0.03
5758,0.03
5759,0.03
5761,0.03
5763,0.03
5765,0.03
5767,0.09
5768,0.03
5769,0.03
5771,0.12
5772,0.03
5774,0.03
5775,0.03
5776,0.03
5777,0.06
5778,0.06
5779,0.03
5780,0.03
5781,0.03
5783,0.06
5785,0.03
5786,0.03
5787,0.03
5788,0.06
5790,0.06
5791,0.03
5792,0.09
5794,0.03
5796,0.03
5798,0.06
5799,0.03
5800,0.06
5801,0.03
5802,0.06
5803,0.09
5805,0.06
5806,0.06
5807,0.09
5809,0.03
5811,0.06
5813,0.03
5815,0.03
5816,0.03
5818,0.03
5820,0.06
5823,0.03
5824,0.03
5825,0.03
5827,0.03
5828,0.03
5829,0.03
5831,0.03
5832,0.09
5834,0.09
5837,0.09
5838,0.09
5840,0.03
5842,0.03
5843,0.03
5846,0.03
5847,0.03
5850,0.15
5851,0.09
5852,0.03
5853,0.03
5854,0.15
5855,0.03
5857,0.03
5858,0.09
5860,0.03
5862,0.03
5863,0.03
5864,0.03
5866,0.03
5867,0.06
5868,0.09
5869,0.03
5871,0.03
5873,0.03
5875,0.03
5877,0.03
5878,0.03
5879,0.03
5880,0.03
5881,0.06
5882,0.03
5884,0.09
5887,0.03
5889,0.03
5890,0.03
5892,0.03
5893,0.06
5896,0.09
5898,0.09
5899,0.12
5901,0.06
5902,0.09
5904,0.03
5905,0.09
5906,0.03
5907,0.03
5908,0.06
5910,0.03
5911,0.06
5912,0.06
5913,0.03
5915,0.03
5916,0.06
5918,0.03
5919,0.03
5920,0.12
5921,0.03
5922,0.03
5923,0.03
5924,0.03
5925,0.03
5926,0.03
5927,0.06
5929,0.06
5930,0.03
5931,0.03
5932,0.06
5934,0.03
5935,0.03
5936,0.03
5937,0.03
5938,0.03
5939,0.03
5941,0.12
5943,0.03
5945,0.03
5946,0.06
5947,0.03
5948,0.06
5949,0.06
5950,0.03
5951,0.03
5953,0.03
5955,0.03
5956,0.03
5957,0.03
5958,0.03
5959,0.03
5961,0.03
5963,0.09
5965,0.03
5967,0.03
5968,0.03
5969,0.06
5974,0.09
5975,0.15
5976,0.03
5978,0.03
5980,0.09
5981,0.03
5983,0.09
5985,0.03
5986,0.03
5988,0.09
5989,0.09
5990,0.06
5991,0.09
5993,0.06
5994,0.03
5995,0.09
5996,0.06
5997,0.03
5999,0.03
6001,0.06
6003,0.03
6005,0.09
6006,0.09
6008,0.06
6009,0.12
6010,0.12
6011,0.03
6014,0.15
6015,0.15
6016,0.15
6017,0.15
6018,0.15
6019,0.15
6020,0.15
6021,0.15
6022,0.15
6023,0.15
6024,0.15
6025,0.15
6026,0.15
6027,0.15
6028,0.15
6029,0.03
6030,0.06
6032,0.06
6033,0.06
6034,0.03
6036,0.03
6038,0.12
6039,0.12
6040,0.12
6041,0.03
6042,0.03
6043,0.03
6045,0.06
6047,0.03
6050,0.03
6051,0.03
6054,0.03
6057,0.03
6059,0.03
6064,0.03
6065,0.03
6067,0.06
6069,0.06
6071,0.03
6075,0.03
6076,0.03
6080,0.06
6083,0.06
6087,0.03
6089,0.09
6093,0.03
6096,0.06
6099,0.06
6102,0.06
6104,0.06
6107,0.06
6110,0.06
6113,0.03
6116,0.06
6118,0.09
6120,0.03
6122,0.03
6123,0.03
6125,0.03
6126,0.03
6127,0.03
6128,0.03
6130,0.12
6132,0.06
6134,0.03
6135,0.03
6136,0.15
6138,0.12
6139,0.06
6140,0.03
6141,0.03
6143,0.03
6144,0.06
6145,0.09
6147,0.03
6148,0.03
6149,0.03
6151,0.09
6153,0.03
6154,0.03
6155,0.15
6156,0.15
6157,0.09
6162,0.03
6163,0.03
6165,0.03
6167,0.03
6169,0.03
6171,0.03
6172,0.03
6174,0.06
6176,0.03
6177,0.03
6178,0.03
6180,0.09
6182,0.03
6183,0.06
6184,0.03
6186,0.03
6187,0.03
6189,0.03
6190,0.06
6191,0.03
6192,0.03
6194,0.06
6197,0.03
6198,0.03
6199,0.03
6200,0.03
6201,0.06
6203,0.18
6205,0.03
6206,0.03
6207,0.09
6208,0.03
6210,0.09
6211,0.09
6212,0.03
6214,0.03
6216,0.03
6217,0.03
6218,0.03
6220,0.03
6222,0.03
6224,0.03
6226,0.03
6227,0.03
6228,0.03
6229,0.03
6231,0.03
6232,0.03
6235,0.03
6236,0.03
6238,0.03
6240,0.03
6241,0.06
6242,0.03
6244,0.03
6245,0.03
6247,0.03
6249,0.03
6252,0.03
6254,0.09
6256,0.03
6258,0.03
6259,0.03
6261,0.03
6263,0.03
6265,0.03
6267,0.03
6268,0.03
6270,0.06
6271,0.06
6273,0.06
6274,0.09
6275,0.09
6276,0.03
6278,0.03
6281,0.06
6282,0.09
6283,0.12
6284,0.06
6285,0.12
6286,0.09
6287,0.12
6288,0.12
6289,0.09
6291,0.06
6292,0.09
6293,0.03
6295,0.09
6296,0.06
6298,0.03
6301,0.06
6302,0.06
6303,0.03
6305,0.03
6306,0.06
6308,0.03
6309,0.09
6310,0.12
6311,0.12
6312,0.12
6313,0.06
6314,0.09
6316,0.03
6318,0.06
6319,0.03
6321,0.03
6322,0.06
6324,0.03
6327,0.03
6329,0.03
6331,0.03
6333,0.03
6335,0.03
6336,0.09
6338,0.03
6340,0.03
6341,0.03
6342,0.03
6344,0.03
6346,0.03
6347,0.06
6349,0.06
6350,0.03
6352,0.03
6354,0.06
6355,0.03
6357,0.03
6358,0.09
6360,0.03
6361,0.03
6362,0.03
6363,0.03
6364,0.03
6365,0.03
6367,0.03
6368,0.09
6370,0.09
6371,0.03
6372,0.03
6375,0.12
6379,0.03
6380,0.03
6381,0.06
6383,0.03
6384,0.03
6385,0.12
6386,0.03
6387,0.03
6389,0.03
6390,0.03
6392,0.03
6393,0.06
6395,0.03
6396,0.09
6398,0.09
6399,0.06
6400,0.09
6401,0.03
6402,0.03
6403,0.03
6405,0.03
6406,0.03
6407,0.03
6408,0.09
6410,0.06
6411,0.06
6412,0.06
6413,0.06
6414,0.03
6415,0.09
6417,0.06
6419,0.03
6420,0.03
6422,0.09
6424,0.03
6425,0.09
6427,0.06
6429,0.03
6431,0.03
6434,0.09
6436,0.06
6438,0.03
6440,0.03
6441,0.03
6443,0.09
6444,0.03
6446,0.03
6448,0.03
6450,0.03
6452,0.03
6454,0.03
6456,0.06
6457,0.03
6459,0.03
6461,0.21
6462,0.06
6463,0.03
6464,0.03
6465,0.03
6467,0.03
6468,0.03
6469,0.03
6470,0.03
6472,0.03
6473,0.03
6474,0.03
6475,0.03
6476,0.03
6477,0.03
6479,0.03
6480,0.03
6482,0.09
6490,0.12
6491,0.03
6494,0.06
6495,0.09
6496,0.06
6500,0.21
6502,0.15
6503,0.03
6505,0.06
6508,0.06
6511,0.03
6513,0.03
6514,0.03
6516,0.06
6518,0.03
6520,0.18
6521,0.21
6522,0.18
6523,0.15
6528,0.12
6529,0.03
6530,0.03
6531,0.06
6532,0.09
6533,0.09
6535,0.03
6537,0.09
6540,0.03
6541,0.03
6543,0.06
6544,0.03
6545,0.03
6546,0.06
6547,0.03
6548,0.03
6550,0.03
6551,0.03
6552,0.09
6554,0.03
6555,0.06
6556,0.06
6557,0.03
6558,0.09
6563,0.03
6564,0.12
6566,0.06
6568,0.06
6569,0.03
6571,0.03
6573,0.03
6574,0.03
6576,0.03
6577,0.03
6578,0.03
6579,0.03
6580,0.06
6581,0.09
6583,0.03
6585,0.03
6586,0.03
6587,0.06
6588,0.03
6590,0.03
6591,0.03
6592,0.06
6593,0.03
6594,0.03
6595,0.03
6597,0.03
6598,0.09
6599,0.09
6601,0.06
6603,0.03
6604,0.06
6605,0.12
6607,0.06
6609,0.03
6610,0.06
6611,0.09
6613,0.09
6614,0.09
6615,0.12
6619,0.03
6620,0.03
6622,0.03
6624,0.06
6625,0.09
6626,0.03
6627,0.03
6628,0.03
6630,0.03
6631,0.03
6632,0.06
6633,0.03
6634,0.06
6636,0.03
6637,0.03
6638,0.06
6639,0.09
6641,0.09
6642,0.03
6643,0.06
6644,0.09
6646,0.09
6649,0.03
6650,0.06
6651,0.03
6652,0.03
6654,0.03
6656,0.03
6659,0.03
6661,0.24
6662,0.03
6663,0.06
6667,0.06
6669,0.03
6670,0.09
6673,0.09
6674,0.03
6675,0.06
6678,0.06
6680,0.03
6684,0.06
6688,0.03
6689,0.03
6692,0.03
6693,0.03
6694,0.03
6695,0.03
6697,0.03
6698,0.03
6699,0.06
6703,0.06
6707,0.06
6711,0.03
6712,0.09
6715,0.03
6720,0.03
6721,0.03
6722,0.03
6725,0.03
6727,0.03
6728,0.03
6730,0.03
6732,0.03
6736,0.15
6737,0.09
6739,0.03
6740,0.09
6741,0.03
6742,0.06
6743,0.03
6745,0.06
6746,0.03
6747,0.06
6748,0.06
6749,0.03
6750,0.09
6751,0.03
6752,0.03
6753,0.09
6754,0.06
6755,0.06
6756,0.06
6759,0.15
6761,0.09
6762,0.06
6764,0.03
6765,0.03
6766,0.03
6767,0.03
6769,0.03
6770,0.06
6771,0.03
6774,0.09
6775,0.06
6776,0.03
6778,0.06
6779,0.03
6781,0.09
6782,0.06
6784,0.06
6785,0.03
6787,0.03
6788,0.03
6789,0.09
6790,0.09
6792,0.03
6793,0.03
6795,0.03
6798,0.09
6799,0.09
6800,0.09
6802,0.03
6803,0.03
6805,0.03
6808,0.03
6810,0.03
6812,0.03
6814,0.06
6816,0.06
6817,0.03
6819,0.03
6821,0.03
6823,0.09
6824,0.09
6825,0.09
6826,0.09
6827,0.09
6828,0.09
6829,0.06
6832,0.06
6834,0.06
6835,0.06
6836,0.03
6837,0.06
6839,0.12
6841,0.09
6842,0.03
6844,0.03
6846,0.09
6847,0.03
6848,0.03
6849,0.03
6850,0.03
6851,0.03
6852,0.03
6853,0.03
6854,0.03
6855,0.03
6856,0.03
6858,0.03
6859,0.03
6860,0.03
6861,0.12
6862,0.03
6863,0.12
6865,0.09
6866,0.09
6868,0.03
6870,0.03
6871,0.06
6873,0.12
6874,0.06
6876,0.03
6877,0.03
6878,0.03
6879,0.03
6880,0.06
6882,0.03
6883,0.03
6884,0.03
6885,0.03
6886,0.03
6887,0.03
6888,0.06
6890,0.03
6891,0.03
6892,0.03
6893,0.03
6894,0.03
6895,0.03
6896,0.03
6897,0.03
6898,0.03
6899,0.03
6900,0.03
6901,0.03
6902,0.03
6903,0.03
6904,0.03
6905,0.03
6906,0.03
6907,0.03
6908,0.03
6909,0.03
6910,0.03
6911,0.06
6913,0.03
6914,0.06
6916,0.03
6917,0.03
6918,0.03
6919,0.03
6920,0.06
6921,0.06
6922,0.18
6923,0.12
6924,0.06
6926,0.03
6927,0.03
6928,0.03
6929,0.03
6930,0.03
6931,0.03
6932,0.03
6933,0.03
6934,0.03
6935,0.03
6936,0.03
6937,0.09
6939,0.03
6941,0.06
6943,0.03
6945,0.03
6946,0.03
6947,0.03
6948,0.03
6949,0.03
6950,0.09
6952,0.03
6953,0.03
6954,0.03
6955,0.03
6956,0.06
6957,0.09
6960,0.03
6962,0.03
6963,0.03
6964,0.09
6967,0.03
6968,0.09
6969,0.03
6970,0.03
6971,0.06
6972,0.06
6974,0.06
6976,0.03
6978,0.06
6979,0.03
6980,0.03
6981,0.03
6982,0.09
6984,0.03
6986,0.03
6988,0.12
6989,0.06
6990,0.09
6991,0.03
6992,0.03
6994,0.15
6996,0.03
6997,0.03
6998,0.03
7000,0.03
7001,0.06
7003,0.15
7005,0.03
7006,0.03
7007,0.09
7008,0.03
7009,0.06
7010,0.06
7011,0.09
7012,0.03
7013,0.12
7015,0.12
7017,0.06
7018,0.03
7019,0.03
7020,0.09
7021,0.03
7022,0.03
7023,0.06
7024,0.06
7025,0.03
7026,0.06
7029,0.03
7030,0.06
7031,0.06
7033,0.03
7034,0.09
7035,0.03
7036,0.03
7037,0.03
7038,0.03
7039,0.03
7041,0.03
7042,0.03
7044,0.03
7045,0.03
7046,0.09
7047,0.03
7048,0.06
7049,0.06
7050,0.12
7051,0.06
7053,0.06
7054,0.15
7056,0.03
7057,0.03
7058,0.03
7059,0.06
7060,0.03
7061,0.03
7062,0.03
7063,0.03
7064,0.06
7066,0.03
7067,0.03
7068,0.06
7069,0.06
7070,0.03
7071,0.03
7072,0.03
7073,0.03
7074,0.03
7075,0.03
7076,0.03
7077,0.09
7078,0.09
7079,0.03
7080,0.03
7081,0.03
7082,0.03
7083,0.03
7084,0.03
7085,0.03
7086,0.03
7088,0.03
7089,0.03
7090,0.03
7092,0.03
7093,0.03
7095,0.03
7096,0.03
7097,0.09
7098,0.03
7099,0.03
7100,0.03
7101,0.06
7103,0.03
7104,0.03
7105,0.06
7107,0.09
7109,0.03
7110,0.06
7111,0.03
7112,0.03
7113,0.03
7114,0.03
7115,0.12
7116,0.03
7117,0.03
7118,0.03
7121,0.03
7122,0.06
7124,0.09
7125,0.03
7126,0.03
7127,0.03
7128,0.09
7129,0.03
7130,0.12
7131,0.12
7133,0.03
7134,0.03
7135,0.06
7137,0.09
7139,0.03
7140,0.06
7141,0.03
7142,0.12
7144,0.03
7145,0.03
7147,0.03
7148,0.03
7150,0.03
7152,0.03
7153,0.03
7155,0.03
7156,0.03
7157,0.09
7159,0.03
7160,0.03
7162,0.03
7163,0.03
7164,0.03
7165,0.03
7166,0.03
7167,0.09
7169,0.03
7171,0.03
7172,0.03
7173,0.03
7175,0.03
7176,0.06
7177,0.03
7180,0.03
7181,0.06
7183,0.09
7184,0.03
7185,0.09
7186,0.06
7187,0.06
7189,0.09
7191,0.06
7193,0.09
7194,0.03
7195,0.09
7196,0.03
7197,0.09
7198,0.09
7200,0.12
7203,0.12
7204,0.03
7206,0.03
7208,0.03
7210,0.03
7211,0.06
7212,0.09
7214,0.03
7216,0.03
7217,0.03
7219,0.03
7220,0.03
7222,0.06
7223,0.09
7224,0.06
7226,0.06
7228,0.03
7231,0.09
7233,0.09
7234,0.03
7236,0.09
7238,0.06
7239,0.06
7240,0.03
7243,0.06
7244,0.03
7246,0.06
7249,0.06
7251,0.03
7252,0.03
7254,0.03
7257,0.03
7258,0.06
7261,0.03
7263,0.03
7265,0.03
7269,0.03
7270,0.03
7271,0.06
7274,0.03
7275,0.03
7276,0.03
7277,0.06
7279,0.03
7280,0.06
7283,0.03
7284,0.03
7287,0.06
7289,0.03
7292,0.03
7294,0.03
7295,0.06
7298,0.09
7302,0.03
7303,0.06
7305,0.03
7308,0.06
7311,0.06
7312,0.03
7315,0.06
7316,0.03
7317,0.03
7318,0.03
7319,0.03
7320,0.03
7322,0.12
7325,0.09
7328,0.06
7330,0.03
7332,0.03
7333,0.03
7334,0.03
7335,0.06
7336,0.06
7341,0.18
7342,0.09
7344,0.03
7345,0.06
7346,0.03
7347,0.03
7349,0.03
7350,0.03
7351,0.03
7352,0.03
7353,0.06
7356,0.06
7357,0.06
7358,0.03
7359,0.09
7361,0.03
7362,0.06
7363,0.06
7364,0.06
7365,0.09
7368,0.03
7370,0.06
7372,0.06
7374,0.03
7376,0.03
7377,0.03
7379,0.03
7381,0.03
7383,0.03
7384,0.03
7385,0.03
7387,0.03
7391,0.12
7393,0.03
7394,0.03
7395,0.09
7396,0.03
7398,0.06
7400,0.06
7402,0.06
7403,0.03
7404,0.03
7405,0.03
7406,0.03
7407,0.09
7410,0.15
7411,0.15
7412,0.15
7413,0.15
7414,0.18
7415,0.18
7416,0.06
7417,0.06
7419,0.12
7421,0.12
7425,0.15
7427,0.03
7428,0.03
7429,0.06
7431,0.06
7432,0.06
7435,0.09
7437,0.06
7438,0.03
7441,0.03
7443,0.03
7445,0.03
7446,0.06
7448,0.12
7449,0.21
7450,0.15
7451,0.09
7452,0.03
7455,0.18
7457,0.09
7458,0.06
7459,0.06
7461,0.09
7462,0.09
7464,0.12
7465,0.09
7466,0.09
7467,0.03
7468,0.06
7470,0.06
7471,0.03
7473,0.09
7474,0.12
7477,0.09
7478,0.09
7479,0.09
7480,0.09
7481,0.09
7482,0.09
7483,0.09
7484,0.18
7486,0.03
7487,0.09
7488,0.03
7490,0.03
7492,0.06
7494,0.03
7496,0.03
7499,0.06
7501,0.03
7503,0.06
7504,0.03
7506,0.12
7507,0.09
7509,0.06
7510,0.03
7512,0.09
7514,0.03
7515,0.06
7517,0.03
7518,0.03
7521,0.03
7522,0.03
7524,0.03
7525,0.03
7526,0.03
7527,0.03
7528,0.03
7529,0.03
7532,0.03
7534,0.03
7536,0.12
7537,0.03
7538,0.09
7540,0.03
7541,0.03
7542,0.03
7544,0.03
7545,0.03
7546,0.03
7547,0.06
7548,0.15
7549,0.15
7550,0.15
7553,0.18
7554,0.15
7556,0.09
7557,0.09
7563,0.03
7569,0.06
7573,0.03
7583,0.03
7599,0.06
7601,0.09
7603,0.18
7604,0.09
7606,0.09
7607,0.03
7608,0.03
7610,0.06
7614,0.03
7619,0.03
7621,0.03
7624,0.15
7626,0.03
7628,0.03
7635,0.09
7636,0.09
7637,0.09
7638,0.03
7639,0.06
7642,0.09
7643,0.03
7644,0.03
7645,0.06
7646,0.15
7649,0.03
7651,0.03
7653,0.03
7654,0.06
7656,0.03
7657,0.09
7658,0.12
7659,0.15
7660,0.12
7661,0.03
7662,0.03
7664,0.03
7665,0.03
7667,0.03
7668,0.12
7669,0.12
7670,0.09
7671,0.06
7673,0.09
7674,0.09
7675,0.03
7676,0.03
7678,0.03
7679,0.03
7680,0.03
7682,0.06
7684,0.09
7685,0.06
7688,0.03
7690,0.03
7693,0.03
7695,0.03
7696,0.06
7698,0.03
7699,0.03
7700,0.09
7701,0.09
7703,0.09
7704,0.06
7705,0.06
7707,0.09
7708,0.09
7710,0.03
7711,0.03
7713,0.03
7714,0.15
7715,0.15
7716,0.15
7717,0.15
7719,0.06
7721,0.03
7722,0.03
7724,0.09
7725,0.12
7726,0.12
7729,0.03
7730,0.09
7731,0.15
7732,0.03
7733,0.09
7735,0.12
7736,0.03
7737,0.03
7739,0.03
7740,0.09
7741,0.03
7742,0.06
7743,0.06
7744,0.03
7747,0.09
7748,0.09
7749,0.03
7750,0.12
7752,0.03
7754,0.03
7756,0.09
7758,0.03
7759,0.03
7760,0.03
7762,0.09
7765,0.09
7767,0.15
7769,0.12
7770,0.03
7771,0.03
7773,0.03
7774,0.03
7776,0.03
7778,0.03
7780,0.12
7781,0.09
7782,0.03
7783,0.03
7785,0.06
7788,0.03
7789,0.03
7790,0.06
7791,0.06
7792,0.12
7794,0.03
7795,0.03
7796,0.03
7797,0.03
7798,0.03
7800,0.06
7802,0.03
7804,0.03
7805,0.03
7806,0.03
7807,0.06
7809,0.09
7810,0.06
7812,0.03
7813,0.03
7815,0.03
7817,0.03
7818,0.03
7819,0.03
7821,0.03
7822,0.03
7824,0.03
7825,0.03
7826,0.03
7828,0.12
7829,0.03
7831,0.03
7832,0.03
7834,0.06
7835,0.03
7836,0.12
7838,0.03
7839,0.03
7841,0.06
7843,0.03
7844,0.03
7845,0.03
7846,0.06
7848,0.12
7849,0.06
7851,0.03
7853,0.03
7854,0.03
7856,0.03
7857,0.03
7858,0.03
7860,0.03
7862,0.03
7863,0.03
7864,0.03
7866,0.03
7867,0.03
7868,0.03
7869,0.03
7870,0.03
7871,0.03
7872,0.09
7874,0.06
7875,0.03
7877,0.06
7879,0.06
7880,0.03
7881,0.03
7882,0.03
7883,0.03
7884,0.03
7886,0.12
7887,0.03
7888,0.03
7890,0.03
7891,0.06
7893,0.03
7895,0.03
7897,0.09
7899,0.06
7901,0.03
7903,0.03
7904,0.03
7905,0.03
7906,0.03
7907,0.03
7908,0.03
7909,0.03
7911,0.03
7912,0.06
7914,0.03
7916,0.06
7918,0.03
7919,0.03
7920,0.03
7922,0.03
7925,0.18
7932,0.03
7934,0.06
7938,0.06
7940,0.03
7944,0.06
7947,0.03
7951,0.06
7954,0.03
7956,0.06
7958,0.09
7960,0.03
7963,0.15
7967,0.03
7968,0.03
7970,0.03
7973,0.03
7974,0.06
7976,0.06
7979,0.06
7980,0.03
7984,0.03
7986,0.06
7989,0.03
7991,0.03
7993,0.03
7994,0.06
7995,0.06
7999,0.03
8001,0.06
8004,0.03
8008,0.06
8012,0.03
8013,0.03
8014,0.06
8017,0.03
8019,0.09
8021,0.06
8025,0.03
8028,0.06
8029,0.06
8030,0.06
8031,0.12
8032,0.09
8037,0.03
8038,0.06
8040,0.06
8042,0.03
8044,0.03
8045,0.06
8046,0.03
8047,0.03
8049,0.03
8054,0.03
8056,0.03
8057,0.03
8058,0.03
8059,0.03
8061,0.03
8062,0.03
8063,0.03
8065,0.03
8066,0.03
8068,0.06
8069,0.03
8070,0.09
8071,0.03
8073,0.03
8075,0.03
8077,0.03
8080,0.03
8083,0.03
8086,0.03
8087,0.03
8089,0.03
8091,0.03
8093,0.03
8097,0.21
8098,0.03
8099,0.06
8102,0.03
8104,0.03
8105,0.06
8107,0.15
8109,0.03
8111,0.03
8112,0.09
8114,0.03
8115,0.03
8116,0.03
8117,0.03
8118,0.15
8119,0.03
8121,0.03
8122,0.03
8124,0.09
8125,0.03
8126,0.03
8129,0.03
8130,0.06
8132,0.03
8133,0.03
8135,0.03
8137,0.15
8138,0.03
8140,0.03
8141,0.03
8142,0.03
8144,0.03
8147,0.18
8148,0.21
8149,0.15
8150,0.03
8151,0.15
8152,0.03
8154,0.03
8156,0.06
8158,0.09
8160,0.09
8161,0.06
8164,0.03
8166,0.09
8167,0.03
8168,0.18
8170,0.03
8172,0.09
8174,0.03
8176,0.09
8178,0.03
8180,0.09
8181,0.03
8183,0.03
8184,0.06
8186,0.06
8187,0.03
8188,0.03
8191,0.12
8193,0.15
8194,0.03
8195,0.03
8196,0.03
8197,0.21
8198,0.03
8199,0.03
8200,0.03
8202,0.03
8203,0.09
8205,0.03
8206,0.03
8207,0.03
8208,0.03
8210,0.09
8212,0.03
8214,0.15
8215,0.24
8216,0.03
8217,0.09
8218,0.03
8219,0.03
8220,0.06
8221,0.03
8222,0.03
8224,0.03
8226,0.03
8227,0.03
8229,0.03
8230,0.06
8231,0.03
8232,0.03
8233,0.03
8234,0.03
8235,0.09
8236,0.15
8237,0.09
8239,0.06
8240,0.03
8242,0.03
8243,0.03
8245,0.03
8246,0.03
8247,0.03
8249,0.06
8250,0.15
8251,0.06
8253,0.03
8255,0.12
8256,0.12
8258,0.12
8260,0.03
8261,0.09
8262,0.09
8263,0.09
8264,0.03
8266,0.03
8267,0.03
8268,0.06
8270,0.03
8271,0.03
8273,0.09
8274,0.03
8276,0.06
8278,0.03
8279,0.15
8281,0.03
8283,0.03
8284,0.06
8286,0.03
8287,0.03
8289,0.03
8290,0.09
8291,0.09
8293,0.06
8294,0.03
8295,0.09
8297,0.06
8299,0.09
8300,0.03
8303,0.12
8305,0.09
8306,0.03
8307,0.03
8309,0.09
8311,0.09
8314,0.03
8316,0.12
8317,0.06
8318,0.03
8319,0.12
8320,0.03
8321,0.09
8323,0.09
8324,0.15
8325,0.09
8326,0.03
8327,0.12
8328,0.15
8329,0.15
8331,0.15
8332,0.12
8333,0.03
8335,0.09
8337,0.03
8339,0.03
8340,0.12
8341,0.06
8343,0.03
8344,0.03
8345,0.03
8346,0.09
8348,0.03
8349,0.03
8350,0.03
8351,0.09
8352,0.09
8354,0.09
8355,0.03
8357,0.03
8358,0.03
8359,0.03
8360,0.09
8362,0.12
8363,0.06
8364,0.03
8365,0.03
8367,0.12
8368,0.15
8369,0.15
8370,0.15
8371,0.21
8372,0.06
8373,0.06
8374,0.03
8376,0.15
8378,0.03
8379,0.03
8381,0.03
8382,0.03
8383,0.03
8385,0.09
8387,0.03
8388,0.09
8389,0.03
8390,0.06
8392,0.09
8393,0.09
8395,0.03
8397,0.03
8398,0.03
8399,0.06
8400,0.21
8402,0.06
8405,0.03
8407,0.12
8408,0.15
8409,0.06
8410,0.06
8411,0.09
8412,0.12
8413,0.09
8415,0.18
8416,0.06
8417,0.06
8418,0.03
8419,0.09
8420,0.03
8421,0.03
8423,0.03
8425,0.03
8427,0.09
8430,0.03
8432,0.03
8435,0.06
8438,0.09
8439,0.09
8441,0.09
8442,0.12
8443,0.09
8444,0.09
8445,0.03
8446,0.03
8447,0.03
8448,0.09
8450,0.09
8451,0.09
8453,0.09
8455,0.09
8457,0.03
8459,0.03
8460,0.03
8461,0.03
8462,0.03
8467,0.06
8468,0.09
8469,0.03
8470,0.06
8471,0.06
8474,0.09
8476,0.03
8479,0.06
8482,0.03
8484,0.09
8486,0.18
8487,0.03
8488,0.03
8489,0.03
8490,0.12
8491,0.03
8492,0.03
8493,0.03
8494,0.06
8495,0.09
8496,0.03
8499,0.09
8502,0.03
8504,0.18
8505,0.09
8506,0.15
8507,0.03
8508,0.06
8510,0.03
8511,0.03
8514,0.03
8518,0.12
8519,0.06
8520,0.09
8521,0.03
8522,0.03
8524,0.03
8525,0.03
8526,0.06
8527,0.03
8528,0.03
8529,0.03
8530,0.03
8531,0.03
8533,0.09
8534,0.03
8536,0.03
8537,0.09
8538,0.03
8539,0.09
8541,0.06
8543,0.12
8544,0.06
8546,0.03
8547,0.03
8548,0.03
8549,0.03
8550,0.12
8552,0.03
8554,0.03
8555,0.06
8556,0.03
8557,0.03
8559,0.03
8561,0.06
8562,0.03
8564,0.03
8565,0.03
8567,0.03
8569,0.03
8571,0.06
8573,0.09
8577,0.09
8580,0.06
8582,0.03
8583,0.03
8585,0.12
8586,0.12
8588,0.09
8589,0.12
8590,0.12
8591,0.18
8593,0.06
8595,0.12
8596,0.03
8598,0.03
8599,0.06
8601,0.03
8602,0.03
8604,0.12
8605,0.03
8606,0.03
8607,0.06
8608,0.09
8609,0.03
8611,0.03
8612,0.03
8613,0.03
8614,0.06
8616,0.03
8617,0.03
8618,0.03
8619,0.03
8621,0.03
8622,0.03
8623,0.09
8625,0.03
8626,0.09
8628,0.15
8629,0.03
8630,0.03
8631,0.06
8633,0.03
8634,0.06
8637,0.03
8638,0.06
8639,0.09
8640,0.09
8642,0.06
8643,0.12
8644,0.03
8645,0.12
8646,0.09
8647,0.12
8648,0.09
8652,0.03
8653,0.03
8655,0.15
8656,0.03
8657,0.06
8658,0.03
8659,0.12
8660,0.12
8661,0.09
8662,0.12
8663,0.12
8664,0.06
8665,0.12
8666,0.12
8667,0.03
8669,0.12
8670,0.15
8671,0.03
8672,0.03
8673,0.03
8674,0.03
8675,0.03
8677,0.03
8678,0.03
8679,0.03
8680,0.03
8681,0.03
8683,0.03
8685,0.03
8687,0.03
8688,0.06
8689,0.06
8690,0.03
8691,0.03
8692,0.03
8694,0.03
8696,0.03
8698,0.03
8699,0.03
8701,0.03
8703,0.03
8704,0.03
8706,0.21
8707,0.03
8708,0.03
8709,0.06
8711,0.03
8712,0.03
8714,0.03
8715,0.03
8716,0.03
8718,0.03
8720,0.03
8721,0.06
8722,0.03
8723,0.12
8724,0.12
8725,0.09
8726,0.12
8727,0.09
8728,0.12
8729,0.03
8730,0.15
8731,0.03
8732,0.03
8733,0.06
8736,0.06
8739,0.09
8740,0.09
8741,0.09
8742,0.06
8744,0.09
8745,0.03
8747,0.09
8748,0.06
8750,0.03
8751,0.03
8753,0.06
8754,0.03
8755,0.03
8756,0.03
8757,0.03
8759,0.09
8762,0.12
8763,0.03
8765,0.09
8768,0.09
8770,0.12
8772,0.15
8774,0.12
8775,0.15
8779,0.15
8780,0.09
8783,0.03
8785,0.03
8786,0.03
8787,0.03
8789,0.03
8790,0.03
8791,0.03
8793,0.03
8796,0.06
8798,0.06
8801,0.03
8802,0.03
8803,0.03
8804,0.03
8805,0.03
8807,0.03
8809,0.03
8811,0.06
8812,0.06
8814,0.03
8815,0.03
8817,0.03
8818,0.03
8819,0.03
8820,0.03
8822,0.03
8823,0.03
8824,0.03
8825,0.09
8826,0.03
8827,0.06
8828,0.03
8829,0.03
8830,0.03
8831,0.03
8832,0.09
8834,0.06
8835,0.03
8836,0.03
8837,0.03
8838,0.03
8839,0.03
8840,0.03
8842,0.03
8843,0.03
8844,0.03
8845,0.06
8846,0.03
8847,0.03
8848,0.03
8849,0.03
8851,0.03
8852,0.06
8853,0.12
8854,0.06
8856,0.09
8857,0.03
8859,0.06
8861,0.06
8863,0.03
8864,0.03
8866,0.09
8868,0.03
8871,0.03
8874,0.06
8877,0.03
8879,0.03
8881,0.03
8883,0.03
8884,0.06
8887,0.03
8889,0.03
8891,0.06
8893,0.06
8895,0.03
8896,0.03
8897,0.06
8899,0.06
8903,0.06
8907,0.03
8909,0.09
8913,0.03
8917,0.03
8918,0.03
8919,0.03
8921,0.09
8922,0.09
8923,0.03
8924,0.03
8926,0.03
8928,0.03
8930,0.03
8932,0.09
8933,0.03
8935,0.09
8939,0.03
8941,0.03
8943,0.09
8944,0.09
8946,0.03
8948,0.06
8950,0.06
8952,0.06
8955,0.12
8957,0.03
8959,0.09
8960,0.03
8962,0.03
8964,0.06
8965,0.03
8967,0.09
8968,0.06
8969,0.03
8971,0.03
8972,0.03
8973,0.03
8974,0.03
8975,0.06
8977,0.06
8979,0.03
8980,0.09
8981,0.06
8983,0.06
8984,0.09
8986,0.03
8989,0.06
8991,0.09
8993,0.03
8994,0.03
8995,0.03
8996,0.03
8998,0.09
8999,0.09
9000,0.06
9001,0.03
9003,0.03
9004,0.03
9006,0.03
9008,0.03
9009,0.06
9011,0.03
9012,0.03
9014,0.03
9015,0.03
9016,0.03
9018,0.03
9020,0.03
9022,0.03
9023,0.09
9025,0.03
9026,0.03
9027,0.09
9029,0.03
9031,0.03
9033,0.03
9034,0.12
9036,0.09
9037,0.03
9038,0.03
9040,0.09
9041,0.03
9042,0.06
9044,0.03
9045,0.03
9047,0.03
9049,0.03
9051,0.06
9053,0.03
9055,0.09
9056,0.09
9060,0.03
9061,0.03
9063,0.06
9064,0.03
9065,0.03
9067,0.03
9069,0.03
9070,0.03
9073,0.03
9075,0.06
9076,0.03
9079,0.06
9080,0.09
9081,0.06
9082,0.03
9083,0.03
9085,0.09
9087,0.03
9089,0.09
9092,0.03
9095,0.12
9096,0.09
9098,0.09
9100,0.12
9103,0.09
9104,0.09
9105,0.03
9106,0.09
9108,0.06
9112,0.03
9113,0.09
9114,0.09
9116,0.03
9117,0.03
9118,0.03
9121,0.12
9123,0.03
9124,0.06
9125,0.03
9127,0.03
9128,0.12
9129,0.09
9130,0.09
9131,0.03
9132,0.03
9134,0.03
9135,0.15
9136,0.09
9137,0.12
9139,0.06
9141,0.06
9146,0.03
9148,0.18
9149,0.09
9151,0.09
9153,0.12
9154,0.15
9156,0.12
9157,0.03
9158,0.03
9159,0.06
9160,0.03
9161,0.03
9162,0.03
9164,0.06
9165,0.06
9167,0.03
9168,0.06
9169,0.03
9170,0.09
9172,0.03
9174,0.03
9176,0.03
9177,0.03
9179,0.09
9184,0.12
9185,0.03
9186,0.06
9187,0.03
9188,0.06
9190,0.03
9192,0.03
9194,0.06
9195,0.03
9199,0.03
9200,0.03
9202,0.03
9203,0.03
9204,0.03
9206,0.03
9208,0.03
9210,0.03
9212,0.03
9213,0.03
9215,0.03
9216,0.03
9219,0.03
9220,0.09
9221,0.06
9223,0.06
9227,0.06
9229,0.09
9230,0.06
9231,0.03
9232,0.09
9234,0.03
9236,0.03
9237,0.03
9238,0.06
9241,0.03
9242,0.03
9243,0.03
9244,0.03
9247,0.03
9248,0.03
9249,0.03
9251,0.06
9252,0.03
9254,0.03
9255,0.09
9257,0.09
9258,0.03
9259,0.09
9260,0.09
9261,0.09
9262,0.12
9263,0.03
9266,0.03
9268,0.12
9270,0.09
9271,0.03
9273,0.03
9274,0.03
9276,0.09
9278,0.03
9279,0.09
9281,0.06
9284,0.06
9285,0.09
9287,0.06
9288,0.03
9290,0.03
9292,0.03
9293,0.03
9296,0.09
9298,0.03
9300,0.12
9301,0.03
9303,0.03
9304,0.03
9306,0.03
9307,0.06
9309,0.06
9311,0.09
9312,0.06
9314,0.03
9315,0.03
9316,0.03
9317,0.09
9319,0.03
9320,0.06
9322,0.03
9323,0.03
9324,0.06
9326,0.09
9328,0.03
9330,0.03
9332,0.06
9334,0.09
9336,0.03
9337,0.12
9338,0.12
9339,0.03
9340,0.03
9341,0.06
9343,0.03
9345,0.06
9346,0.03
9348,0.03
9349,0.09
9350,0.03
9351,0.09
9353,0.03
9354,0.09
9357,0.09
9358,0.03
9359,0.03
9360,0.09
9362,0.09
9364,0.03
9365,0.03
9367,0.15
9369,0.06
9370,0.09
9371,0.09
9373,0.03
9374,0.09
9375,0.03
9377,0.18
9378,0.06
9380,0.06
9382,0.09
9384,0.03
9385,0.12
9386,0.03
9387,0.06
9388,0.06
9391,0.12
9393,0.03
9394,0.12
9396,0.03
9398,0.03
9399,0.09
9400,0.09
9401,0.12
9402,0.09
9404,0.03
9405,0.06
9406,0.03
9408,0.03
9409,0.09
9411,0.03
9413,0.12
9415,0.03
9417,0.03
9418,0.03
9419,0.06
9421,0.09
9423,0.03
9425,0.15
9426,0.06
9428,0.03
9429,0.03
9431,0.03
9432,0.03
9434,0.03
9435,0.03
9436,0.06
9438,0.09
9439,0.03
9440,0.03
9441,0.03
9442,0.03
9444,0.15
9446,0.09
9447,0.09
9448,0.09
9450,0.06
9452,0.03
9453,0.03
9454,0.03
9456,0.03
9457,0.09
9459,0.03
9460,0.03
9461,0.03
9462,0.09
9463,0.03
9464,0.03
9465,0.15
9467,0.03
9468,0.06
9469,0.03
9470,0.03
9471,0.03
9473,0.03
9474,0.03
9476,0.09
9478,0.03
9480,0.03
9481,0.03
9483,0.03
9484,0.03
9485,0.03
9486,0.09
9492,0.03
9494,0.03
9495,0.12
9497,0.06
9500,0.03
9502,0.03
9504,0.03
9505,0.12
9508,0.03
9510,0.06
9512,0.09
9514,0.03
9515,0.03
9516,0.09
9519,0.03
9520,0.03
9521,0.12
9523,0.06
9524,0.09
9526,0.03
9527,0.06
9528,0.03
9529,0.03
9530,0.06
9531,0.03
9532,0.09
9534,0.03
9536,0.15
9538,0.12
9540,0.03
9541,0.15
9542,0.09
9543,0.09
9545,0.09
9546,0.09
9548,0.09
9549,0.09
9552,0.09
9557,0.09
9558,0.09
9559,0.09
9560,0.09
9562,0.06
9563,0.03
9565,0.03
9566,0.15
9570,0.03
9572,0.09
9573,0.09
9574,0.12
9575,0.12
9576,0.06
9578,0.09
9579,0.03
9580,0.03
9582,0.03
9583,0.03
9586,0.03
9589,0.03
9591,0.09
9593,0.09
9595,0.03
9597,0.12
9598,0.09
9599,0.03
9600,0.03
9601,0.03
9604,0.09
9606,0.18
9607,0.12
9608,0.03
9609,0.03
9611,0.03
9612,0.03
9614,0.09
9616,0.09
9617,0.09
9633,0.03
9635,0.09
9646,0.06
9647,0.03
9648,0.06
9649,0.03
9651,0.03
9653,0.09
9654,0.06
9655,0.03
9656,0.03
9657,0.03
9658,0.06
9659,0.06
9662,0.06
9663,0.03
9664,0.03
9665,0.03
9667,0.03
9668,0.03
9669,0.06
9672,0.03
9674,0.03
9675,0.03
9676,0.03
9677,0.06
9679,0.03
9680,0.03
9681,0.03
9682,0.03
9684,0.03
9686,0.12
9688,0.15
9689,0.06
9690,0.12
9692,0.15
9694,0.15
9695,0.15
9696,0.18
9697,0.18
9698,0.18
9700,0.18
9701,0.18
9702,0.18
9703,0.18
9704,0.18
9705,0.18
9706,0.15
9707,0.18
9708,0.18
9709,0.18
9710,0.18
9711,0.18
9712,0.18
9713,0.09
9715,0.21
9717,0.18
9718,0.18
9719,0.21
9720,0.12
9721,0.03
9722,0.03
9723,0.03
9724,0.03
9725,0.03
9726,0.03
9727,0.06
9728,0.03
9729,0.03
9730,0.03
9731,0.03
9732,0.03
9733,0.03
9734,0.03
9735,0.12
9738,0.03
9739,0.03
9740,0.03
9741,0.03
9742,0.03
9743,0.03
9744,0.03
9745,0.03
9746,0.03
9747,0.03
9748,0.06
9749,0.03
9750,0.03
9751,0.03
9752,0.03
9754,0.03
9755,0.03
9756,0.03
9757,0.06
9759,0.06
9760,0.09
9762,0.06
9763,0.03
9764,0.03
9765,0.03
9767,0.03
9768,0.03
9769,0.06
9772,0.03
9773,0.03
9774,0.03
9776,0.03
9777,0.03
9778,0.09
9779,0.03
9780,0.03
9782,0.03
9783,0.03
9785,0.03
9786,0.03
9788,0.03
9789,0.06
9791,0.06
9794,0.03
9795,0.09
9798,0.06
9801,0.03
9803,0.03
9804,0.03
9805,0.03
9806,0.06
9807,0.06
9810,0.06
9812,0.06
9813,0.06
9815,0.03
9817,0.03
9818,0.03
9819,0.03
9820,0.03
9821,0.03
9822,0.03
9823,0.03
9824,0.03
9825,0.03
9826,0.06
9828,0.09
9830,0.03
9831,0.09
9833,0.03
9834,0.03
9835,0.06
9836,0.03
9837,0.03
9838,0.03
9840,0.09
9842,0.06
9844,0.03
9845,0.03
9847,0.03
9848,0.06
9849,0.03
9851,0.06
9853,0.06
9854,0.03
9855,0.03
9856,0.06
9858,0.03
9859,0.03
9860,0.03
9861,0.03
9862,0.03
9863,0.09
9864,0.03
9865,0.06
9866,0.06
9867,0.03
9869,0.03
9871,0.03
9872,0.03
9874,0.03
9875,0.03
9876,0.03
9878,0.03
9879,0.06
9880,0.03
9881,0.03
9882,0.03
9883,0.03
9884,0.06
9885,0.09
9887,0.03
9888,0.03
9889,0.09
9890,0.06
9894,0.06
9895,0.03
9896,0.06
9898,0.03
9901,0.09
9902,0.09
9903,0.06
9904,0.12
9906,0.03
9907,0.03
9908,0.06
9909,0.03
9911,0.06
9912,0.03
9913,0.03
9914,0.03
9915,0.03
9916,0.03
9917,0.03
9918,0.09
9919,0.03
9920,0.06
9921,0.03
9924,0.03
9925,0.09
9927,0.03
9929,0.03
9930,0.03
9931,0.03
9932,0.03
9933,0.03
9935,0.03
9937,0.03
9938,0.03
9939,0.03
9941,0.06
9944,0.09
9945,0.09
9949,0.06
9950,0.03
9951,0.03
9953,0.06
9954,0.03
9955,0.03
9956,0.09
9958,0.03
9959,0.03
9960,0.06
9961,0.03
9962,0.03
9968,0.03
9970,0.06
9971,0.06
9975,0.06
9976,0.06
9977,0.03
9978,0.03
9979,0.03
9981,0.06
9983,0.03
9986,0.09
9989,0.06
9991,0.03
9994,0.09
9997,0.06
10001,0.06
10004,0.06
10008,0.03
10011,0.03
10012,0.06
10014,0.03
10015,0.03
10016,0.06
10017,0.03
10019,0.03
10021,0.09
10023,0.03
10024,0.03
10026,0.03
10027,0.03
10029,0.03
10030,0.03
10031,0.03
10032,0.09
10033,0.03
10034,0.06
10035,0.03
10037,0.09
10039,0.03
10040,0.09
10041,0.03
10043,0.03
10045,0.03
10047,0.06
10048,0.03
10050,0.03
10051,0.03
10053,0.06
10059,0.03
10060,0.03
10062,0.03
10064,0.06
10066,0.03
10067,0.03
10068,0.03
10069,0.03
10071,0.03
10073,0.03
10074,0.09
10075,0.03
10076,0.06
10077,0.03
10078,0.06
10080,0.03
10082,0.03
10084,0.03
10085,0.03
10090,0.06
10091,0.06
10093,0.03
10095,0.03
10097,0.09
10099,0.15
10100,0.12
10102,0.09
10103,0.18
10104,0.18
10105,0.18
10106,0.21
10107,0.03
10108,0.03
10110,0.09
10111,0.03
10112,0.03
10113,0.03
10114,0.03
10115,0.03
10116,0.09
10117,0.03
10118,0.03
10119,0.03
10120,0.03
10121,0.03
10122,0.03
10123,0.03
10124,0.03
10125,0.03
10127,0.06
10128,0.03
10130,0.06
10132,0.09
10134,0.03
10135,0.09
10136,0.06
10137,0.03
10138,0.03
10139,0.03
10140,0.06
10141,0.03
10144,0.21
10145,0.06
10146,0.15
10147,0.12
10148,0.09
10149,0.09
10150,0.03
10152,0.09
10155,0.15
10159,0.03
10161,0.09
10162,0.12
10164,0.12
10165,0.12
10167,0.06
10169,0.18
10170,0.21
10173,0.03
10175,0.03
10177,0.06
10180,0.09
10182,0.09
10185,0.03
10190,0.03
10192,0.03
10193,0.06
10194,0.06
10195,0.06
10196,0.03
10197,0.03
10198,0.06
10199,0.09
10201,0.03
10202,0.06
10203,0.09
10204,0.12
10206,0.06
10210,0.12
10213,0.09
10214,0.03
10215,0.03
10216,0.03
10218,0.06
10220,0.03
10221,0.03
10222,0.03
10224,0.06
10227,0.03
10228,0.03
10230,0.06
10231,0.03
10233,0.06
10235,0.03
10238,0.03
10239,0.06
10242,0.03
10244,0.06
10246,0.03
10248,0.03
10249,0.03
10251,0.03
10253,0.09
10254,0.03
10256,0.06
10258,0.03
10259,0.03
10260,0.03
10262,0.03
10263,0.06
10265,0.12
10267,0.12
10268,0.03
10270,0.03
10271,0.03
10274,0.03
10275,0.03
10276,0.03
10277,0.03
10278,0.12
10279,0.09
10281,0.03
10282,0.06
10284,0.09
10286,0.03
10287,0.15
10288,0.03
10289,0.03
10290,0.03
10292,0.03
10293,0.03
10295,0.09
10296,0.03
10297,0.03
10299,0.03
10301,0.03
10303,0.03
10305,0.09
10307,0.12
10309,0.09
10312,0.09
10314,0.09
10315,0.09
10317,0.12
10319,0.03
10320,0.12
10321,0.06
10323,0.09
10325,0.03
10327,0.03
10328,0.03
10329,0.03
10331,0.03
10332,0.03
10333,0.03
10334,0.03
10335,0.09
10337,0.03
10338,0.03
10339,0.03
10340,0.06
10342,0.03
10344,0.06
10346,0.06
10348,0.03
10350,0.03
10351,0.03
10353,0.03
10355,0.15
10358,0.03
10361,0.09
10363,0.03
10365,0.09
10366,0.03
10367,0.06
10370,0.03
10371,0.03
10372,0.09
10374,0.15
10375,0.06
10378,0.18
10379,0.09
10381,0.03
10382,0.06
10383,0.03
10386,0.03
10388,0.03
10390,0.06
10391,0.03
10393,0.06
10394,0.12
10395,0.03
10396,0.03
10397,0.03
10399,0.06
10402,0.03
10404,0.12
10405,0.03
10406,0.12
10407,0.06
10408,0.03
10409,0.12
10411,0.03
10413,0.03
10414,0.03
10415,0.03
10417,0.12
10418,0.06
10421,0.18
10424,0.03
10426,0.03
10427,0.06
10430,0.03
10432,0.03
10433,0.03
10434,0.12
10435,0.03
10437,0.03
10440,0.12
10443,0.15
10444,0.12
10445,0.15
10446,0.09
10447,0.03
10448,0.03
10449,0.03
10450,0.09
10451,0.03
10452,0.03
10454,0.03
10455,0.03
10456,0.09
10457,0.06
10459,0.03
10460,0.03
10461,0.09
10462,0.03
10463,0.03
10464,0.06
10467,0.03
10469,0.03
10472,0.09
10474,0.03
10475,0.09
10477,0.06
10478,0.03
10480,0.03
10481,0.03
10483,0.06
10485,0.03
10486,0.15
10489,0.09
10490,0.03
10493,0.03
10496,0.06
10499,0.15
10503,0.09
10504,0.09
10505,0.09
10508,0.06
10509,0.03
10513,0.06
10515,0.03
10517,0.12
10518,0.06
10520,0.03
10522,0.03
10523,0.03
10524,0.03
10525,0.03
10526,0.09
10528,0.03
10530,0.03
10531,0.06
10533,0.09
10535,0.09
10537,0.03
10538,0.03
10539,0.03
10541,0.03
10543,0.03
10544,0.03
10546,0.06
10548,0.09
10550,0.18
10552,0.15
10553,0.06
10554,0.09
10556,0.03
10558,0.03
10560,0.03
10561,0.03
10562,0.03
10563,0.09
10565,0.09
10567,0.03
10568,0.03
10569,0.03
10570,0.09
10572,0.12
10575,0.03
10576,0.03
10577,0.03
10578,0.09
10579,0.03
10581,0.12
10583,0.15
10584,0.15
10585,0.15
10587,0.03
10588,0.03
10589,0.06
10590,0.03
10595,0.03
10596,0.03
10597,0.03
10598,0.03
10599,0.06
10601,0.03
10603,0.03
10623,0.03
10625,0.03
10627,0.03
10628,0.03
10631,0.03
10633,0.09
10634,0.03
10635,0.06
10636,0.03
10637,0.03
10638,0.03
10639,0.03
10640,0.03
10641,0.06
10642,0.03
10643,0.03
10645,0.03
10647,0.09
10649,0.03
10650,0.03
10654,0.03
10659,0.09
10660,0.06
10662,0.03
10663,0.03
10665,0.03
10667,0.03
10669,0.03
10671,0.12
10672,0.06
10674,0.03
10676,0.03
10677,0.06
10678,0.06
10680,0.03
10681,0.09
10684,0.03
10685,0.09
10687,0.03
10689,0.03
10692,0.03
10694,0.09
10696,0.06
10697,0.06
10699,0.03
10701,0.12
10703,0.12
10704,0.15
10705,0.15
10706,0.12
10707,0.18
10708,0.18
10709,0.12
10711,0.12
10714,0.12
10716,0.12
10719,0.18
10721,0.18
10722,0.15
10723,0.15
10724,0.18
10725,0.12
10727,0.21
10728,0.21
10729,0.21
10730,0.21
10732,0.15
10733,0.18
10734,0.18
10735,0.18
10736,0.18
10737,0.15
10738,0.15
10740,0.15
10741,0.18
10742,0.21
10743,0.21
10744,0.24
10745,0.12
10746,0.12
10748,0.09
10750,0.09
10752,0.09
10754,0.09
10755,0.09
10757,0.09
10758,0.15
10760,0.18
10762,0.03
10763,0.03
10765,0.03
10766,0.03
10767,0.03
10769,0.09
10771,0.03
10772,0.06
10774,0.09
10777,0.12
10779,0.03
10782,0.21
10783,0.21
10784,0.21
10785,0.21
10786,0.15
10787,0.09
10789,0.03
10791,0.03
10792,0.03
10794,0.03
10796,0.06
10797,0.06
10798,0.09
10799,0.06
10802,0.18
10804,0.18
10805,0.09
10806,0.06
10808,0.03
10810,0.03
10811,0.03
10812,0.03
10814,0.12
10815,0.03
10816,0.03
10817,0.03
10818,0.03
10821,0.03
10823,0.03
10824,0.03
10825,0.03
10826,0.03
10828,0.06
10829,0.03
10830,0.03
10833,0.03
10834,0.03
10836,0.03
10837,0.03
10838,0.03
10839,0.03
10841,0.06
10843,0.03
10845,0.03
10846,0.09
10847,0.03
10849,0.03
10850,0.03
10851,0.06
10853,0.03
10854,0.03
10855,0.03
10857,0.03
10858,0.06
10859,0.03
10860,0.03
10861,0.03
10863,0.03
10865,0.03
10866,0.03
10867,0.03
10868,0.03
10870,0.03
10871,0.03
10872,0.06
10874,0.03
10875,0.03
10876,0.06
10878,0.03
10879,0.03
10881,0.09
10882,0.09
10884,0.03
10885,0.09
10888,0.03
10889,0.03
10890,0.03
10891,0.03
10892,0.03
10894,0.03
10895,0.06
10896,0.03
10897,0.03
10898,0.03
10899,0.03
10900,0.03
10901,0.03
10903,0.09
10905,0.06
10906,0.03
10907,0.03
10908,0.03
10909,0.03
10910,0.03
10913,0.06
10914,0.06
10915,0.06
10916,0.03
10917,0.06
10918,0.03
10919,0.06
10925,0.06
10927,0.03
10929,0.03
10931,0.06
10932,0.06
10933,0.03
10935,0.06
10936,0.03
10938,0.03
10939,0.03
10940,0.03
10941,0.03
10942,0.06
10945,0.03
10946,0.03
10947,0.03
10948,0.03
10949,0.06
10951,0.03
10952,0.03
10953,0.03
10955,0.03
10956,0.03
10958,0.12
10959,0.12
10960,0.09
10961,0.03
10962,0.03
10963,0.06
10965,0.06
10968,0.03
10969,0.03
10971,0.03
10972,0.09
10973,0.03
10974,0.03
10975,0.03
10976,0.03
10977,0.03
10978,0.03
10980,0.03
10982,0.03
10983,0.03
10984,0.03
10985,0.03
10986,0.03
10987,0.06
10988,0.03
10989,0.03
10990,0.03
10991,0.03
10992,0.03
10993,0.03
10994,0.03
10995,0.03
10996,0.03
10997,0.03
10998,0.06
10999,0.12
11002,0.03
11003,0.03
11004,0.03
11006,0.03
11007,0.03
11008,0.06
11009,0.03
11011,0.06
11013,0.09
11015,0.03
11016,0.03
11017,0.03
11018,0.03
11019,0.03
11020,0.03
11022,0.03
11023,0.03
11025,0.03
11026,0.03
11027,0.06
11029,0.03
11030,0.03
11031,0.03
11032,0.03
11033,0.03
11035,0.06
11037,0.06
11038,0.09
11039,0.06
11040,0.09
11041,0.03
11042,0.03
11044,0.09
11045,0.09
11046,0.06
11047,0.09
11048,0.06
11049,0.03
11050,0.06
11051,0.03
11052,0.03
11054,0.06
11060,0.03
11062,0.09
11063,0.03
11064,0.03
11065,0.03
11066,0.03
11067,0.03
11068,0.03
11070,0.03
11071,0.03
11072,0.09
11073,0.03
11075,0.03
11077,0.03
11079,0.03
11080,0.06
11081,0.03
11083,0.03
11084,0.03
11085,0.03
11086,0.03
11088,0.06
11089,0.09
11091,0.03
11092,0.06
11094,0.06
11096,0.06
11098,0.03
11104,0.03
11106,0.06
11108,0.03
11109,0.03
11110,0.09
11112,0.03
11113,0.03
11114,0.03
11116,0.03
11117,0.03
11118,0.03
11119,0.03
11120,0.03
11121,0.03
11122,0.03
11124,0.03
11125,0.15
11127,0.03
11129,0.03
11131,0.03
11133,0.03
11134,0.03
11135,0.03
11137,0.09
11139,0.03
11140,0.03
11141,0.03
11143,0.03
11145,0.03
11146,0.03
11148,0.03
11150,0.03
11152,0.03
11154,0.03
11156,0.03
11158,0.03
11161,0.09
11162,0.06
11163,0.03
11164,0.03
11166,0.03
11168,0.09
11169,0.06
11170,0.03
11179,0.03
11180,0.06
11181,0.03
11183,0.06
11184,0.06
11186,0.03
11189,0.03
11191,0.06
11193,0.03
11195,0.06
11197,0.03
11199,0.03
11201,0.06
11202,0.03
11203,0.09
11204,0.06
11205,0.06
11206,0.12
11209,0.03
11211,0.09
11212,0.09
11213,0.06
11216,0.06
11217,0.03
11219,0.06
11222,0.06
11224,0.03
11226,0.06
11229,0.06
11230,0.09
11232,0.06
11236,0.03
11239,0.03
11240,0.06
11242,0.03
11243,0.06
11244,0.03
11246,0.06
11247,0.03
11249,0.06
11251,0.09
11252,0.09
11253,0.03
11255,0.03
11256,0.03
11257,0.03
11258,0.03
11259,0.03
11260,0.03
11261,0.03
11264,0.03
11265,0.03
11267,0.03
11268,0.03
11269,0.09
11271,0.09
11272,0.03
11273,0.03
11275,0.06
11277,0.03
11279,0.03
11280,0.03
11281,0.12
11282,0.09
11283,0.09
11286,0.09
11288,0.09
11290,0.03
11291,0.03
11293,0.03
11294,0.03
11295,0.03
11296,0.03
11297,0.03
11298,0.03
11299,0.09
11301,0.03
11302,0.06
11303,0.03
11304,0.09
11306,0.09
11307,0.09
11308,0.12
11309,0.03
11310,0.09
11312,0.12
11314,0.03
11315,0.03
11316,0.09
11317,0.15
11319,0.03
11322,0.06
11323,0.03
11324,0.03
11326,0.09
11329,0.09
11330,0.03
11331,0.06
11332,0.06
11335,0.03
11336,0.06
11338,0.03
11340,0.03
11341,0.03
11343,0.06
11345,0.03
11347,0.03
11348,0.09
11349,0.06
11350,0.06
11351,0.03
11352,0.03
11353,0.03
11354,0.12
11356,0.03
11357,0.18
11359,0.03
11361,0.03
11363,0.09
11364,0.03
11368,0.09
11369,0.12
11370,0.03
11371,0.03
11373,0.03
11374,0.03
11375,0.03
11377,0.03
11379,0.03
11380,0.03
11382,0.03
11383,0.06
11386,0.03
11387,0.03
11389,0.03
11390,0.03
11391,0.09
11393,0.15
11394,0.03
11395,0.03
11397,0.03
11399,0.03
11401,0.06
11402,0.09
11407,0.09
11408,0.09
11411,0.03
11412,0.03
11413,0.03
11414,0.15
11416,0.03
11417,0.03
11418,0.03
11420,0.06
11422,0.03
11423,0.03
11424,0.03
11425,0.03
11427,0.03
11429,0.03
11431,0.03
11432,0.03
11433,0.06
11435,0.09
11437,0.06
11439,0.06
11441,0.06
11443,0.06
11444,0.03
11445,0.12
11446,0.06
11448,0.03
11450,0.03
11452,0.03
11453,0.12
11456,0.09
11458,0.03
11459,0.03
11461,0.06
11462,0.03
11464,0.06
11465,0.09
11466,0.12
11468,0.09
11470,0.03
11471,0.03
11474,0.06
11476,0.03
11477,0.09
11478,0.03
11480,0.06
11481,0.03
11482,0.03
11485,0.03
11486,0.12
11487,0.15
11489,0.09
11490,0.06
11491,0.09
11492,0.06
11493,0.12
11494,0.09
11495,0.06
11497,0.03
11499,0.06
11500,0.06
11502,0.03
11503,0.03
11504,0.03
11505,0.09
11507,0.27
11508,0.15
11509,0.12
11512,0.03
11514,0.06
11515,0.09
11516,0.06
11521,0.06
11524,0.09
11525,0.03
11526,0.06
11528,0.09
11531,0.03
11533,0.06
11535,0.06
11536,0.06
11537,0.09
11539,0.03
11540,0.03
11541,0.03
11542,0.03
11544,0.09
11545,0.06
11547,0.03
11548,0.03
11550,0.06
11552,0.03
11553,0.03
11554,0.06
11557,0.03
11559,0.06
11560,0.09
11562,0.03
11565,0.15
11567,0.21
11570,0.21
11572,0.21
11575,0.15
11576,0.12
11578,0.21
11579,0.18
11582,0.06
11584,0.27
11587,0.12
11589,0.03
11591,0.09
11593,0.09
11594,0.03
11596,0.09
11599,0.15
11600,0.06
11601,0.03
11603,0.03
11604,0.03
11606,0.09
11608,0.03
11609,0.09
11612,0.09
11615,0.09
11616,0.09
11619,0.15
11620,0.03
11622,0.03
11623,0.03
11624,0.03
11625,0.03
11626,0.03
11629,0.09
11632,0.03
11633,0.03
11636,0.06
11637,0.09
11638,0.09
11641,0.09
11644,0.03
11645,0.03
11646,0.03
11647,0.03
11649,0.03
11650,0.03
11651,0.03
11656,0.09
11657,0.03
11659,0.06
11660,0.03
11661,0.03
11662,0.03
11663,0.03
11664,0.03
11665,0.12
11670,0.03
11672,0.09
11673,0.03
11675,0.03
11676,0.03
11677,0.03
11678,0.06
11680,0.03
11681,0.03
11682,0.03
11683,0.06
11685,0.06
11686,0.03
11688,0.03
11689,0.06
11692,0.03
11694,0.03
11696,0.03
11699,0.03
11700,0.03
11701,0.03
11702,0.09
11704,0.03
11705,0.03
11706,0.03
11707,0.03
11709,0.09
11711,0.03
11712,0.03
11713,0.09
11716,0.03
11717,0.06
11720,0.03
11721,0.03
11722,0.03
11723,0.06
11724,0.03
11726,0.03
11727,0.03
11728,0.03
11729,0.06
11731,0.09
11732,0.03
11733,0.06
11736,0.03
11737,0.03
11738,0.03
11739,0.03
11740,0.06
11741,0.03
11744,0.03
11745,0.06
11746,0.12
11747,0.03
11750,0.03
11751,0.09
11753,0.03
11754,0.03
11755,0.03
11757,0.09
11759,0.03
11760,0.03
11762,0.03
11763,0.03
11764,0.06
11765,0.03
11767,0.03
11768,0.03
11769,0.03
11770,0.06
11772,0.09
11775,0.09
11777,0.03
11779,0.03
11780,0.09
11781,0.12
11784,0.06
11786,0.06
11788,0.06
11791,0.03
11793,0.06
11795,0.03
11797,0.06
11802,0.18
11803,0.18
11804,0.18
11807,0.18
11809,0.18
11810,0.18
11812,0.18
11814,0.12
11816,0.12
11817,0.18
11819,0.18
11820,0.24
11822,0.03
11823,0.03
11825,0.09
11827,0.03
11828,0.09
11831,0.09
11833,0.12
11834,0.03
11835,0.09
11839,0.03
11840,0.06
11843,0.06
11844,0.06
11847,0.03
11848,0.09
11850,0.03
11851,0.03
11852,0.03
11853,0.06
11855,0.09
11856,0.06
11857,0.03
11859,0.09
11861,0.03
11862,0.03
11864,0.09
11866,0.18
11867,0.09
11868,0.03
11870,0.15
11872,0.03
11873,0.03
11874,0.03
11876,0.03
11877,0.06
11878,0.03
11879,0.03
11880,0.03
11882,0.03
11883,0.06
11885,0.06
11887,0.03
11888,0.03
11889,0.03
11890,0.03
11891,0.03
11892,0.03
11893,0.03
11894,0.06
11898,0.03
11899,0.12
11900,0.12
11901,0.03
11902,0.03
11903,0.06
11904,0.03
11905,0.06
11906,0.03
11907,0.06
11909,0.18
11911,0.09
11912,0.09
11913,0.03
11914,0.09
11915,0.03
11916,0.03
11918,0.15
11920,0.03
11921,0.03
11922,0.03
11924,0.06
11926,0.06
11928,0.09
11929,0.03
11930,0.09
11932,0.03
11933,0.03
11934,0.09
11935,0.03
11938,0.09
11939,0.09
11942,0.06
11945,0.09
11948,0.06
11950,0.06
11953,0.06
11956,0.21
11957,0.15
11958,0.03
11960,0.15
11961,0.21
11962,0.24
11963,0.09
11964,0.06
11965,0.03
11966,0.03
11967,0.06
11968,0.03
11969,0.03
11971,0.09
11972,0.12
11974,0.09
11975,0.03
11976,0.12
11979,0.12
11982,0.09
11983,0.09
11984,0.09
11985,0.09
11986,0.09
11987,0.09
11989,0.09
11990,0.09
11992,0.06
11994,0.03
11995,0.03
11996,0.06
11997,0.03
11998,0.03
11999,0.09
12001,0.03
12003,0.18
12005,0.15
12006,0.12
12007,0.21
12009,0.21
12010,0.21
12011,0.21
12013,0.15
12015,0.21
12016,0.09
12017,0.09
12018,0.15
12019,0.12
12020,0.15
12022,0.09
12024,0.03
12026,0.03
12027,0.03
12028,0.03
12029,0.15
12030,0.06
12034,0.06
12036,0.03
12038,0.03
12040,0.12
12044,0.09
12045,0.09
12046,0.06
12047,0.09
12048,0.03
12049,0.03
12050,0.03
12051,0.09
12052,0.06
12054,0.03
12056,0.03
12058,0.03
12059,0.03
12060,0.03
12061,0.09
12062,0.03
12063,0.03
12065,0.03
12067,0.06
12068,0.06
12070,0.06
12071,0.06
12073,0.03
12075,0.03
12076,0.03
12077,0.03
12078,0.03
12079,0.03
12080,0.06
12082,0.03
12083,0.06
12084,0.09
12086,0.06
12088,0.06
12090,0.03
12091,0.06
12092,0.09
12094,0.09
12095,0.03
12096,0.06
12099,0.03
12100,0.03
12101,0.06
12104,0.09
12107,0.09
12109,0.03
12110,0.06
12112,0.03
12113,0.03
12114,0.03
12116,0.03
12117,0.03
12119,0.03
12120,0.06
12121,0.03
12123,0.06
12124,0.03
12125,0.03
12126,0.06
12128,0.03
12130,0.03
12132,0.03
12134,0.09
12136,0.03
12138,0.09
12140,0.09
12143,0.03
12144,0.03
12145,0.03
12146,0.03
12148,0.03
12149,0.06
12151,0.03
12152,0.06
12153,0.03
12154,0.06
12156,0.06
12157,0.03
12158,0.03
12159,0.03
12160,0.03
12162,0.03
12163,0.03
12164,0.03
12165,0.03
12166,0.03
12167,0.03
12168,0.03
12169,0.03
12170,0.03
12172,0.03
12174,0.03
12176,0.03
12177,0.12
12179,0.12
12181,0.03
12182,0.03
12183,0.03
12185,0.09
12187,0.09
12189,0.03
12190,0.03
12191,0.03
12192,0.03
12193,0.03
12194,0.03
12196,0.03
12197,0.03
12199,0.03
12200,0.06
12201,0.06
12202,0.03
12203,0.03
12204,0.03
12206,0.06
12207,0.12
12208,0.03
12209,0.03
12211,0.03
12212,0.03
12213,0.03
12214,0.03
12215,0.03
12216,0.03
12217,0.03
12218,0.03
12220,0.03
12221,0.03
12223,0.03
12224,0.03
12225,0.03
12226,0.03
12227,0.06
12228,0.03
12229,0.03
12230,0.03
12231,0.03
12233,0.03
12234,0.03
12235,0.12
12236,0.03
12238,0.03
12240,0.09
12242,0.03
12243,0.03
12244,0.03
12245,0.03
12246,0.06
12249,0.03
12250,0.12
12251,0.03
12252,0.03
12254,0.03
12255,0.06
12256,0.03
12257,0.03
12258,0.06
12259,0.03
12260,0.03
12261,0.09
12263,0.03
12264,0.03
12268,0.03
12270,0.03
12271,0.03
12272,0.03
12274,0.09
12276,0.06
12277,0.03
12279,0.06
12280,0.03
12281,0.03
12283,0.09
12284,0.03
12286,0.03
12290,0.06
12292,0.06
12295,0.03
12297,0.03
12299,0.06
12300,0.03
12303,0.03
12305,0.06
12307,0.03
12309,0.06
12311,0.03
12313,0.06
12314,0.03
12317,0.06
12318,0.03
12319,0.06
12321,0.03
12323,0.03
12325,0.03
12326,0.09
12328,0.06
12329,0.03
12330,0.03
12332,0.06
12333,0.06
12334,0.06
12335,0.03
12337,0.03
12338,0.03
12340,0.03
12341,0.03
12342,0.03
12345,0.06
12346,0.09
12347,0.03
12348,0.12
12350,0.09
12351,0.09
12353,0.03
12354,0.06
12356,0.09
12358,0.09
12359,0.09
12361,0.09
12362,0.06
12363,0.03
12365,0.03
12366,0.09
12367,0.03
12368,0.09
12369,0.03
12371,0.09
12372,0.09
12373,0.09
12374,0.03
12375,0.03
12377,0.06
12379,0.03
12380,0.09
12382,0.06
12383,0.03
12384,0.03
12385,0.12
12387,0.03
12388,0.09
12389,0.03
12391,0.03
12393,0.06
12394,0.03
12395,0.03
12398,0.03
12400,0.03
12402,0.09
12403,0.03
12404,0.03
12407,0.03
12408,0.03
12409,0.03
12412,0.09
12413,0.09
12415,0.06
12417,0.03
12418,0.03
12421,0.03
12426,0.06
12427,0.09
12428,0.03
12430,0.03
12433,0.06
12435,0.09
12436,0.03
12437,0.09
12439,0.03
12440,0.15
12441,0.03
12442,0.12
12444,0.03
12445,0.03
12447,0.03
12448,0.03
12449,0.06
12450,0.03
12452,0.03
12453,0.03
12454,0.15
12455,0.03
12457,0.06
12458,0.03
12460,0.09
12464,0.03
12466,0.03
12468,0.09
12470,0.03
12471,0.03
12472,0.03
12474,0.09
12475,0.03
12476,0.09
12477,0.09
12478,0.03
12479,0.03
12481,0.03
12482,0.03
12483,0.03
12484,0.03
12485,0.06
12487,0.03
12488,0.03
12490,0.03
12491,0.03
12492,0.03
12494,0.03
12496,0.03
12498,0.03
12500,0.03
12504,0.06
12506,0.03
12508,0.03
12509,0.09
12511,0.03
12513,0.09
12514,0.15
12516,0.12
12517,0.09
12518,0.03
12520,0.06
12521,0.12
12522,0.03
12524,0.03
12525,0.03
12528,0.03
12529,0.06
12532,0.03
12533,0.03
12535,0.09
12536,0.03
12537,0.03
12539,0.06
12541,0.03
12542,0.03
12543,0.03
12546,0.03
12548,0.03
12549,0.03
12550,0.03
12551,0.03
12552,0.03
12553,0.03
12554,0.03
12556,0.03
12557,0.03
12558,0.03
12559,0.03
12561,0.03
12563,0.03
12564,0.09
12565,0.06
12566,0.09
12567,0.03
12568,0.12
12571,0.12
12572,0.09
12573,0.03
12578,0.03
12579,0.03
12581,0.03
12582,0.09
12584,0.03
12587,0.06
12589,0.03
12590,0.03
12591,0.03
12592,0.06
12593,0.03
12594,0.03
12595,0.09
12597,0.03
12598,0.12
12599,0.03
12601,0.03
12602,0.06
12604,0.03
12605,0.03
12607,0.03
12608,0.03
12610,0.03
12612,0.03
12613,0.03
12615,0.03
12616,0.03
12617,0.03
12619,0.09
12621,0.06
12623,0.12
12624,0.03
12625,0.06
12627,0.12
12630,0.12
12633,0.03
12634,0.03
12636,0.09
12637,0.03
12638,0.06
12639,0.03
12640,0.12
12645,0.18
12646,0.03
12647,0.06
12648,0.03
12650,0.03
12651,0.09
12654,0.09
12655,0.09
12658,0.12
12663,0.03
12664,0.03
12665,0.03
12666,0.03
12667,0.03
12668,0.09
12670,0.12
12671,0.09
12673,0.06
12675,0.03
12676,0.03
12677,0.06
12678,0.03
12680,0.06
12682,0.03
12683,0.09
12685,0.09
12686,0.03
12687,0.06
12688,0.03
12689,0.03
12690,0.03
12691,0.06
12693,0.03
12694,0.03
12695,0.03
12697,0.03
12698,0.06
12700,0.03
12701,0.03
12703,0.03
12705,0.03
12707,0.09
12709,0.03
12712,0.06
12716,0.03
12718,0.09
12720,0.03
12721,0.06
12723,0.03
12725,0.03
12726,0.03
12727,0.03
12728,0.03
12729,0.09
12731,0.12
12734,0.03
12736,0.03
12738,0.06
12740,0.03
12743,0.06
12744,0.06
12745,0.09
12747,0.09
12748,0.15
12750,0.03
12751,0.06
12753,0.03
12755,0.12
12758,0.03
12760,0.09
12762,0.09
12764,0.03
12766,0.03
12768,0.09
12769,0.03
12770,0.03
12771,0.06
12773,0.03
12774,0.03
12775,0.12
12776,0.09
12778,0.09
12779,0.15
12780,0.06
12782,0.03
12784,0.03
12785,0.06
12787,0.03
12789,0.03
12791,0.03
12792,0.12
12793,0.03
12794,0.09
12795,0.03
12797,0.09
12798,0.03
12800,0.03
12801,0.03
12803,0.03
12805,0.03
12806,0.09
12807,0.09
12808,0.03
12809,0.06
12812,0.03
12814,0.03
12815,0.09
12819,0.09
12820,0.09
12821,0.09
12822,0.03
12823,0.12
12825,0.03
12826,0.15
12827,0.03
12829,0.03
12830,0.03
12832,0.03
12833,0.03
12835,0.03
12836,0.03
12838,0.03
12839,0.06
12843,0.03
12844,0.09
12846,0.03
12847,0.09
12848,0.03
12850,0.06
12852,0.06
12854,0.03
12856,0.03
12858,0.12
12860,0.03
12863,0.03
12864,0.03
12865,0.09
12866,0.09
12868,0.12
12870,0.09
12871,0.09
12874,0.03
12875,0.03
12877,0.03
12880,0.06
12882,0.09
12885,0.06
12888,0.03
12892,0.03
12896,0.09
12898,0.15
12899,0.15
12902,0.03
12903,0.09
12906,0.09
12910,0.06
12912,0.09
12913,0.09
12915,0.03
12918,0.09
12919,0.09
12920,0.09
12921,0.03
12923,0.09
12924,0.09
12926,0.06
12928,0.09
12932,0.09
12933,0.06
12934,0.03
12935,0.03
12936,0.03
12938,0.06
12940,0.03
12942,0.09
12944,0.09
12946,0.06
12948,0.03
12949,0.03
12951,0.03
12952,0.03
12954,0.09
12955,0.12
12956,0.03
12958,0.03
12960,0.03
12962,0.15
12964,0.03
12965,0.03
12968,0.06
12970,0.03
12971,0.18
12972,0.09
12973,0.18
12974,0.06
12976,0.06
12977,0.15
12978,0.03
12980,0.15
12982,0.09
12984,0.15
12986,0.06
12987,0.03
12989,0.03
12990,0.03
12991,0.09
12994,0.09
12996,0.03
12998,0.09
13001,0.12
13002,0.06
13004,0.03
13006,0.03
13007,0.03
13008,0.03
13009,0.03
13010,0.12
13011,0.12
13013,0.06
13016,0.03
13018,0.03
13019,0.03
13020,0.03
13021,0.03
13023,0.03
13025,0.09
13026,0.06
13028,0.03
13030,0.06
13031,0.03
13033,0.03
13034,0.06
13036,0.03
13039,0.09
13040,0.06
13042,0.03
13044,0.06
13046,0.18
13048,0.03
13051,0.15
13052,0.15
13053,0.21
13054,0.15
13057,0.18
13058,0.06
13059,0.03
13060,0.03
13063,0.09
13065,0.03
13066,0.03
13067,0.06
13068,0.09
13069,0.06
13070,0.09
13072,0.12
13073,0.21
13075,0.03
13076,0.18
13077,0.06
13078,0.15
13080,0.03
13083,0.18
13085,0.09
13086,0.03
13087,0.03
13088,0.09
13091,0.03
13093,0.03
13094,0.09
13097,0.06
13099,0.03
13100,0.09
13102,0.03
13103,0.03
13105,0.09
13106,0.12
13109,0.06
13110,0.09
13113,0.03
13115,0.03
13117,0.18
13120,0.18
13121,0.06
13122,0.09
13124,0.18
13127,0.24
13129,0.15
13131,0.15
13132,0.12
13134,0.09
13140,0.03
13141,0.03
13142,0.03
13144,0.03
13145,0.03
13146,0.09
13148,0.06
13149,0.03
13151,0.03
13153,0.03
13155,0.03
13157,0.03
13158,0.03
13160,0.03
13161,0.03
13162,0.15
13165,0.03
13166,0.03
13167,0.12
13168,0.12
13170,0.09
13172,0.03
13173,0.09
13174,0.03
13176,0.06
13177,0.06
13178,0.03
13179,0.03
13181,0.03
13184,0.03
13185,0.06
13187,0.03
13189,0.03
13190,0.03
13191,0.03
13192,0.03
13193,0.03
13195,0.06
13198,0.03
13200,0.03
13202,0.06
13203,0.03
13204,0.03
13205,0.03
13206,0.03
13207,0.03
13208,0.03
13209,0.03
13210,0.03
13212,0.03
13214,0.03
13215,0.03
13216,0.06
13217,0.03
13218,0.03
13219,0.03
13221,0.03
13222,0.03
13223,0.06
13225,0.03
13226,0.03
13228,0.03
13229,0.09
13232,0.03
13233,0.06
13234,0.03
13235,0.03
13236,0.03
13237,0.03
13238,0.06
13240,0.03
13241,0.03
13242,0.03
13244,0.03
13245,0.09
13248,0.09
13250,0.03
13251,0.06
13253,0.03
13254,0.03
13256,0.09
13258,0.03
13259,0.03
13260,0.03
13262,0.03
13263,0.09
13264,0.03
13265,0.03
13266,0.03
13267,0.03
13268,0.03
13271,0.06
13273,0.06
13275,0.03
13276,0.03
13277,0.09
13279,0.03
13280,0.03
13281,0.03
13282,0.03
13284,0.12
13285,0.03
13287,0.09
13289,0.09
13291,0.03
13292,0.03
13293,0.03
13295,0.03
13296,0.03
13299,0.09
13300,0.03
13302,0.03
13303,0.03
13305,0.03
13307,0.06
13308,0.06
13311,0.03
13312,0.03
13313,0.03
13314,0.03
13315,0.03
13316,0.03
13317,0.03
13318,0.03
13319,0.09
13321,0.06
13323,0.09
13324,0.06
13326,0.06
13327,0.03
13328,0.03
13329,0.03
13330,0.09
13332,0.03
13333,0.03
13334,0.06
13335,0.03
13336,0.03
13337,0.06
13338,0.09
13340,0.03
13341,0.06
13342,0.03
13344,0.03
13345,0.03
13347,0.03
13349,0.03
13351,0.03
13352,0.06
13353,0.03
13354,0.03
13355,0.09
13356,0.06
13357,0.06
13358,0.03
13361,0.06
13362,0.03
13363,0.03
13365,0.03
13366,0.03
13367,0.09
13369,0.03
13370,0.03
13372,0.03
13373,0.06
13375,0.06
13376,0.06
13378,0.03
13380,0.03
13383,0.03
13385,0.06
13386,0.03
13388,0.06
13389,0.06
13390,0.09
13391,0.03
13392,0.12
13394,0.03
13395,0.06
13396,0.06
13399,0.09
13400,0.06
13401,0.03
13403,0.06
13404,0.03
13406,0.12
13408,0.09
13409,0.03
13410,0.09
13411,0.03
13412,0.06
13413,0.06
13414,0.03
13417,0.03
13418,0.03
13420,0.09
13421,0.09
13422,0.09
13425,0.03
13427,0.09
13432,0.09
13433,0.06
13434,0.06
13435,0.09
13437,0.06
13438,0.09
13440,0.06
13441,0.09
13443,0.09
13445,0.03
13446,0.03
13448,0.03
13450,0.12
13451,0.06
13452,0.06
13454,0.03
13456,0.03
13457,0.03
13458,0.03
13459,0.06
13460,0.12
13461,0.09
13462,0.03
13464,0.03
13465,0.03
13467,0.09
13468,0.03
13469,0.03
13471,0.06
13473,0.03
13475,0.03
13477,0.09
13478,0.03
13479,0.03
13481,0.03
13483,0.03
13484,0.03
13486,0.03
13487,0.06
13488,0.03
13489,0.03
13490,0.03
13492,0.06
13493,0.06
13494,0.03
13495,0.03
13497,0.09
13499,0.03
13500,0.03
13501,0.03
13502,0.09
13504,0.06
13507,0.06
13511,0.03
13513,0.03
13515,0.06
13518,0.03
13519,0.06
13522,0.06
13525,0.03
13527,0.06
13529,0.03
13532,0.03
13534,0.06
13535,0.06
13537,0.03
13539,0.03
13541,0.06
13543,0.06
13545,0.09
13546,0.03
13549,0.06
13550,0.03
13551,0.03
13552,0.06
13554,0.06
13556,0.09
13560,0.03
13563,0.03
13566,0.03
13568,0.03
13570,0.09
13573,0.03
13574,0.09
13575,0.09
13576,0.03
13578,0.09
13581,0.03
13582,0.03
13583,0.06
13585,0.03
13587,0.03
13589,0.03
13590,0.09
13593,0.03
13594,0.03
13595,0.03
13596,0.03
13598,0.09
13599,0.09
13601,0.06
13603,0.03
13604,0.09
13605,0.06
13607,0.09
13612,0.06
13614,0.09
13616,0.03
13617,0.03
13619,0.03
13620,0.03
13621,0.03
13622,0.03
13624,0.06
13627,0.03
13629,0.03
13630,0.03
13631,0.03
13632,0.03
13633,0.03
13635,0.03
13638,0.03
13639,0.09
13640,0.09
13642,0.03
13643,0.03
13644,0.03
13645,0.03
13646,0.09
13649,0.06
13652,0.03
13654,0.03
13655,0.03
13656,0.03
13657,0.03
13658,0.03
13659,0.03
13660,0.03
13661,0.09
13662,0.03
13663,0.09
13687,0.21
13688,0.03
13689,0.03
13690,0.03
13691,0.03
13693,0.03
13695,0.03
13697,0.06
13698,0.12
13702,0.06
13706,0.15
13710,0.03
13712,0.03
13714,0.03
13717,0.03
13718,0.03
13720,0.03
13722,0.03
13723,0.03
13725,0.03
13727,0.03
13729,0.03
13732,0.06
13735,0.03
13737,0.06
13739,0.21
13741,0.03
13743,0.03
13744,0.03
13745,0.03
13746,0.03
13747,0.03
13749,0.06
13751,0.09
13755,0.03
13757,0.09
13759,0.03
13761,0.21
13763,0.21
13765,0.18
13767,0.15
13769,0.12
13770,0.03
13771,0.06
13773,0.03
13774,0.03
13775,0.06
13779,0.12
13781,0.06
13784,0.09
13786,0.15
13788,0.03
13790,0.03
13793,0.03
13794,0.15
13797,0.06
13799,0.06
13800,0.06
13801,0.03
13803,0.09
13805,0.09
13807,0.06
13808,0.09
13811,0.03
13813,0.06
13815,0.06
13817,0.09
13819,0.03
13821,0.03
13823,0.09
13826,0.09
13827,0.12
13829,0.06
13830,0.09
13832,0.09
13834,0.03
13835,0.12
13838,0.03
13840,0.06
13843,0.06
13845,0.06
13847,0.06
13848,0.09
13851,0.03
13852,0.03
13855,0.12
13856,0.03
13858,0.09
13861,0.09
13864,0.18
13865,0.03
13866,0.06
13867,0.03
13868,0.03
13870,0.06
13873,0.03
13875,0.09
13877,0.03
13880,0.09
13882,0.06
13886,0.03
13888,0.06
13889,0.06
13890,0.06
13891,0.06
13892,0.06
13893,0.15
13894,0.15
13895,0.15
13897,0.15
13898,0.06
13899,0.06
13900,0.06
13902,0.06
13905,0.12
13906,0.06
13907,0.03
13909,0.03
13911,0.03
13914,0.03
13917,0.09
13920,0.03
13922,0.03
13929,0.03
13931,0.03
13933,0.03
13935,0.03
13937,0.06
13939,0.03
13941,0.03
13942,0.03
13943,0.06
13944,0.12
13946,0.12
13950,0.03
13951,0.09
13953,0.09
13955,0.09
13958,0.12
13963,0.06
13967,0.06
13969,0.12
13970,0.03
13973,0.03
13974,0.03
13975,0.12
13980,0.15
13982,0.09
13985,0.18
13987,0.03
13989,0.12
13991,0.03
13993,0.12
13995,0.09
13997,0.09
13999,0.06
14002,0.03
14003,0.03
14005,0.24
14006,0.24
14007,0.24
14009,0.12
14011,0.03
14012,0.03
14014,0.03
14016,0.03
14017,0.03
14019,0.09
14022,0.03
14023,0.03
14024,0.03
14026,0.09
14028,0.09
14029,0.03
14030,0.03
14031,0.06
14034,0.03
14036,0.09
14038,0.03
14039,0.03
14041,0.06
14043,0.03
14045,0.03
14048,0.06
14049,0.12
14052,0.09
14054,0.06
14055,0.15
14056,0.15
14057,0.03
14058,0.03
14061,0.03
14062,0.12
14063,0.03
14064,0.03
14065,0.09
14067,0.09
14069,0.03
14070,0.09
14072,0.06
14074,0.03
14075,0.06
14076,0.06
14079,0.18
14080,0.18
14083,0.09
14086,0.03
14088,0.06
14091,0.03
14093,0.03
14095,0.06
14096,0.03
14097,0.03
14098,0.09
14100,0.09
14102,0.12
14103,0.03
14104,0.12
14106,0.03
14107,0.03
14109,0.03
14110,0.06
14111,0.12
14116,0.03
14117,0.03
14118,0.03
14119,0.03
14120,0.03
14121,0.03
14122,0.09
14123,0.03
14126,0.09
14128,0.03
14129,0.03
14130,0.06
14132,0.12
14134,0.09
14135,0.03
14136,0.03
14137,0.03
14138,0.09
14139,0.06
14140,0.03
14142,0.06
14143,0.09
14146,0.03
14148,0.09
14151,0.03
14152,0.03
14153,0.03
14154,0.09
14155,0.03
14157,0.03
14158,0.09
14160,0.03
14161,0.03
14162,0.09
14164,0.06
14167,0.03
14169,0.03
14172,0.03
14173,0.12
14175,0.09
14176,0.03
14177,0.03
14179,0.06
14181,0.03
14182,0.03
14183,0.06
14185,0.03
14186,0.03
14187,0.06
14189,0.06
14191,0.15
14193,0.09
14194,0.09
14196,0.06
14197,0.06
14199,0.09
14200,0.15
14202,0.03
14204,0.03
14205,0.03
14206,0.03
14208,0.15
14209,0.09
14211,0.03
14213,0.03
14215,0.09
14216,0.03
14218,0.03
14219,0.06
14221,0.03
14222,0.03
14223,0.09
14225,0.03
14226,0.03
14227,0.09
14228,0.03
14229,0.09
14230,0.03
14231,0.03
14233,0.09
14235,0.09
14237,0.06
14239,0.03
14241,0.09
14243,0.03
14245,0.03
14247,0.03
14248,0.06
14250,0.03
14252,0.03
14254,0.03
14255,0.09
14256,0.09
14258,0.12
14259,0.06
14261,0.03
14262,0.03
14263,0.12
14265,0.12
14267,0.12
14269,0.06
14271,0.21
14273,0.09
14274,0.09
14275,0.03
14276,0.03
14277,0.03
14278,0.03
14279,0.03
14280,0.12
14283,0.06
14285,0.03
14287,0.09
14288,0.09
14292,0.09
14294,0.18
14298,0.03
14299,0.03
14300,0.03
14301,0.03
14302,0.12
14304,0.03
14305,0.09
14306,0.09
14308,0.09
14312,0.09
14313,0.18
14314,0.06
14317,0.15
14319,0.03
14321,0.06
14323,0.09
14325,0.06
14328,0.03
14329,0.09
14331,0.06
14333,0.03
14334,0.03
14336,0.03
14337,0.03
14340,0.06
14343,0.03
14344,0.03
14346,0.12
14348,0.12
14351,0.09
14353,0.03
14355,0.03
14356,0.09
14358,0.09
14360,0.03
14361,0.03
14363,0.06
14372,0.27
14375,0.12
14376,0.18
14378,0.18
14380,0.21
14381,0.09
14382,0.09
14384,0.21
14386,0.09
14388,0.03
14389,0.03
14390,0.12
14391,0.06
14393,0.03
14394,0.09
14396,0.03
14398,0.12
14400,0.18
14402,0.18
14408,0.21
14409,0.18
14410,0.12
14411,0.12
14412,0.21
14413,0.09
14414,0.06
14415,0.03
14416,0.06
14417,0.03
14419,0.03
14420,0.06
14421,0.03
14422,0.03
14424,0.03
14428,0.06
14430,0.06
14432,0.06
14433,0.06
14435,0.03
14436,0.03
14437,0.03
14439,0.06
14440,0.03
14443,0.09
14446,0.03
14448,0.09
14449,0.03
14454,0.09
14456,0.03
14457,0.03
14458,0.09
14461,0.09
14463,0.03
14464,0.09
14466,0.12
14467,0.06
14468,0.06
14469,0.03
14471,0.06
14472,0.12
14475,0.06
14479,0.09
14480,0.12
14483,0.18
14484,0.21
14487,0.06
14488,0.03
14489,0.06
14490,0.03
14492,0.15
14493,0.06
14494,0.03
14495,0.06
14497,0.03
14498,0.03
14499,0.09
14500,0.12
14502,0.09
14504,0.03
14505,0.03
14506,0.03
14507,0.03
14508,0.03
14510,0.12
14512,0.03
14513,0.09
14514,0.12
14516,0.03
14517,0.03
14518,0.03
14519,0.09
14521,0.03
14522,0.03
14523,0.03
14524,0.03
14525,0.03
14526,0.03
14527,0.03
14529,0.18
14531,0.09
14532,0.03
14533,0.09
14534,0.06
14536,0.03
14538,0.03
14539,0.03
14540,0.03
14541,0.06
14542,0.03
14544,0.03
14545,0.03
14546,0.03
14547,0.03
14549,0.03
14551,0.03
14552,0.03
14554,0.03
14555,0.03
14558,0.03
14559,0.03
14560,0.09
14561,0.03
14562,0.03
14563,0.03
14565,0.03
14566,0.06
14568,0.12
14571,0.09
14572,0.09
14573,0.03
14575,0.12
14576,0.03
14578,0.12
14580,0.06
14582,0.03
14583,0.03
14584,0.12
14587,0.06
14588,0.03
14589,0.03
14591,0.03
14592,0.03
14593,0.03
14594,0.03
14595,0.03
14596,0.09
14598,0.03
14600,0.09
14603,0.03
14604,0.03
14605,0.03
14606,0.03
14608,0.09
14610,0.03
14612,0.03
14614,0.03
14615,0.06
14617,0.09
14618,0.06
14620,0.03
14621,0.03
14622,0.06
14625,0.03
14626,0.03
14627,0.03
14629,0.09
14630,0.09
14631,0.06
14632,0.03
14633,0.06
14636,0.21
14638,0.15
14639,0.18
14640,0.03
14642,0.03
14643,0.12
14644,0.09
14646,0.09
14647,0.15
14649,0.09
14651,0.03
14652,0.03
14653,0.03
14654,0.03
14655,0.03
14656,0.03
14657,0.03
14659,0.09
14660,0.06
14662,0.06
14665,0.09
14668,0.03
14669,0.09
14671,0.03
14672,0.06
14673,0.03
14674,0.03
14676,0.03
14677,0.03
14679,0.09
14681,0.06
14682,0.09
14685,0.03
14687,0.03
14690,0.06
14691,0.03
14693,0.03
14695,0.09
14697,0.06
14699,0.03
14700,0.03
14701,0.09
14703,0.09
14705,0.09
14708,0.15
14710,0.03
14713,0.18
14716,0.06
14717,0.15
14718,0.12
14721,0.03
14722,0.03
14723,0.03
14725,0.03
14727,0.12
14731,0.09
14732,0.09
14735,0.15
14736,0.03
14737,0.03
14739,0.06
14741,0.03
14742,0.03
14744,0.06
14745,0.09
14747,0.03
14748,0.03
14749,0.03
14750,0.06
14751,0.09
14753,0.03
14754,0.09
14755,0.03
14757,0.03
14759,0.03
14761,0.03
14762,0.03
14765,0.03
14766,0.06
14767,0.03
14768,0.03
14769,0.06
14770,0.03
14772,0.12
14775,0.06
14776,0.06
14778,0.03
14780,0.06
14781,0.12
14784,0.09
14786,0.03
14788,0.12
14791,0.09
14792,0.15
14793,0.06
14794,0.09
14795,0.09
14796,0.12
14797,0.03
14799,0.06
14802,0.06
14804,0.03
14805,0.03
14806,0.06
14807,0.03
14809,0.09
14810,0.03
14811,0.03
14812,0.03
14813,0.03
14814,0.03
14815,0.03
14817,0.09
14820,0.06
14821,0.06
14822,0.06
14823,0.03
14824,0.03
14826,0.09
14828,0.09
14829,0.03
14830,0.03
14831,0.06
14833,0.03
14834,0.06
14835,0.03
14836,0.03
14838,0.03
14839,0.03
14840,0.03
14841,0.03
14842,0.03
14844,0.03
14847,0.03
14848,0.03
14849,0.03
14850,0.03
14851,0.03
14852,0.03
14855,0.03
14857,0.06
14858,0.06
14860,0.03
14863,0.03
14865,0.09
14867,0.18
14869,0.03
14871,0.06
14873,0.03
14875,0.03
14877,0.09
14880,0.03
14881,0.03
14883,0.03
14884,0.03
14887,0.06
14889,0.03
14891,0.03
14893,0.03
14895,0.06
14896,0.03
14897,0.06
14898,0.03
14899,0.03
14900,0.03
14901,0.09
14903,0.03
14904,0.03
14905,0.09
14907,0.03
14908,0.03
14909,0.03
14910,0.03
14911,0.03
14912,0.03
14913,0.09
14914,0.03
14915,0.03
14917,0.03
14918,0.06
14919,0.03
14920,0.03
14921,0.03
14922,0.03
14923,0.09
14924,0.03
14925,0.03
14927,0.09
14929,0.03
14930,0.03
14931,0.03
14932,0.12
14934,0.06
14935,0.03
14936,0.03
14937,0.06
14938,0.06
14939,0.03
14940,0.06
14941,0.06
14942,0.03
14944,0.09
14945,0.09
14946,0.09
14947,0.09
14948,0.03
14950,0.03
14952,0.09
14954,0.03
14955,0.03
14956,0.06
14958,0.03
14959,0.09
14960,0.06
14964,0.03
14967,0.09
14970,0.06
14973,0.03
14977,0.06
14980,0.06
14984,0.06
14989,0.06
14993,0.03
14994,0.09
14996,0.03
14997,0.06
14998,0.03
15001,0.06
15005,0.06
15006,0.03
15008,0.06
15009,0.03
15012,0.06
15015,0.06
15017,0.06
15018,0.03
15020,0.06
15022,0.03
15025,0.09
15030,0.09
15032,0.09
15035,0.03
15038,0.09
15039,0.15
15041,0.15
15043,0.18
15048,0.06
15049,0.09
15050,0.06
15053,0.09
15056,0.15
15057,0.09
15059,0.03
15061,0.03
15062,0.21
15063,0.06
15065,0.03
15067,0.03
15068,0.03
15069,0.03
15071,0.06
15072,0.03
15074,0.06
15075,0.15
15077,0.09
15079,0.12
15080,0.03
15082,0.03
15083,0.15
15084,0.03
15085,0.03
15087,0.15
15088,0.15
15089,0.06
15091,0.06
15092,0.06
15093,0.06
15095,0.06
15096,0.03
15097,0.03
15099,0.09
15100,0.18
15101,0.12
15104,0.09
15106,0.03
15108,0.09
15109,0.03
15110,0.06
15112,0.03
15115,0.09
15117,0.15
15118,0.03
15119,0.06
15120,0.09
15122,0.06
15123,0.06
15125,0.06
15126,0.06
15128,0.06
15129,0.03
15130,0.03
15131,0.06
15134,0.15
15135,0.09
15139,0.09
15141,0.15
15142,0.09
15144,0.09
15145,0.09
15147,0.09
15148,0.06
15150,0.06
15152,0.06
15153,0.09
15157,0.06
15158,0.09
15162,0.12
15166,0.24
15169,0.09
15170,0.09
15173,0.09
15176,0.12
15178,0.06
15181,0.03
15182,0.03
15184,0.03
15185,0.06
15186,0.06
15188,0.03
15190,0.09
15191,0.12
15193,0.09
15195,0.09
15197,0.09
15200,0.03
15201,0.09
15203,0.06
15204,0.06
15205,0.15
15206,0.06
15207,0.03
15208,0.09
15209,0.09
15212,0.15
15214,0.09
15219,0.12
15221,0.15
15223,0.09
15228,0.09
15230,0.12
15231,0.06
15233,0.03
15237,0.09
15238,0.06
15240,0.03
15243,0.21
15245,0.09
15246,0.09
15247,0.06
15249,0.12
15251,0.09
15253,0.03
15255,0.03
15257,0.06
15260,0.03
15262,0.03
15264,0.09
15265,0.03
15267,0.06
15273,0.21
15275,0.21
15277,0.21
15279,0.21
15280,0.06
15283,0.06
15284,0.09
15286,0.03
15287,0.03
15288,0.09
15289,0.06
15290,0.06
15291,0.09
15292,0.09
15294,0.06
15296,0.06
15297,0.03
15299,0.09
15301,0.03
15302,0.09
15304,0.09
15306,0.09
15308,0.06
15309,0.03
15310,0.21
15312,0.09
15313,0.12
15315,0.09
15316,0.06
15317,0.06
15318,0.09
15319,0.09
15322,0.03
15324,0.09
15326,0.12
15328,0.09
15330,0.12
15332,0.06
15333,0.12
15334,0.06
15336,0.06
15337,0.06
15340,0.15
15341,0.21
15342,0.06
15343,0.12
15344,0.15
15345,0.15
15346,0.12
15347,0.27
15348,0.18
15349,0.06
15350,0.06
15353,0.15
15354,0.12
15355,0.03
15356,0.09
15359,0.03
15360,0.03
15362,0.03
15363,0.03
15364,0.09
15367,0.06
15368,0.03
15369,0.03
15371,0.03
15372,0.03
15373,0.03
15374,0.09
15376,0.03
15378,0.21
15380,0.18
15382,0.09
15385,0.09
15386,0.03
15387,0.03
15388,0.03
15390,0.06
15391,0.09
15393,0.12
15395,0.09
15398,0.03
15400,0.03
15404,0.03
15406,0.03
15409,0.06
15410,0.03
15411,0.09
15412,0.18
15414,0.12
15415,0.03
15417,0.09
15419,0.12
15420,0.03
15421,0.09
15423,0.03
15425,0.03
15426,0.09
15428,0.03
15429,0.03
15430,0.03
15431,0.09
15432,0.06
15434,0.09
15435,0.03
15436,0.03
15437,0.03
15438,0.03
15439,0.03
15440,0.03
15441,0.03
15442,0.03
15443,0.06
15446,0.06
15448,0.12
15450,0.12
15456,0.09
15457,0.09
15458,0.06
15459,0.03
15460,0.09
15462,0.03
15463,0.03
15464,0.09
15466,0.09
15468,0.09
15471,0.03
15473,0.09
15474,0.09
15475,0.06
15476,0.03
15477,0.09
15478,0.15
15479,0.06
15481,0.06
15482,0.06
15484,0.06
15485,0.03
15488,0.03
15490,0.06
15492,0.09
15493,0.03
15494,0.03
15496,0.06
15499,0.12
15500,0.03
15502,0.06
15504,0.09
15509,0.21
15510,0.03
15512,0.03
15513,0.15
15514,0.15
15515,0.03
15516,0.09
15519,0.09
15520,0.09
15521,0.09
15526,0.03
15527,0.12
15529,0.03
15530,0.03
15531,0.03
15532,0.03
15533,0.03
15534,0.06
15536,0.03
15537,0.03
15538,0.03
15539,0.06
15541,0.06
15542,0.06
15543,0.03
15544,0.03
15545,0.03
15546,0.06
15550,0.06
15551,0.03
15552,0.03
15553,0.03
15555,0.06
15557,0.03
15558,0.03
15559,0.03
15560,0.03
15561,0.06
15563,0.06
15564,0.03
15565,0.03
15566,0.03
15567,0.09
15569,0.12
15571,0.09
15572,0.09
15574,0.09
15576,0.03
15577,0.03
15578,0.03
15579,0.03
15581,0.03
15582,0.03
15583,0.03
15584,0.09
15586,0.03
15587,0.03
15588,0.03
15589,0.03
15590,0.09
15593,0.09
15595,0.09
15598,0.03
15599,0.06
15600,0.06
15603,0.06
15604,0.03
15605,0.03
15607,0.03
15608,0.03
15609,0.03
15610,0.03
15612,0.06
15614,0.06
15615,0.09
15617,0.03
15618,0.03
15619,0.06
15621,0.03
15623,0.03
15624,0.06
15626,0.03
15628,0.03
15630,0.03
15632,0.03
15633,0.03
15635,0.03
15636,0.03
15637,0.03
15638,0.03
15640,0.06
15641,0.03
15642,0.06
15643,0.12
15646,0.03
15647,0.03
15649,0.06
15650,0.03
15651,0.06
15652,0.03
15654,0.09
15656,0.03
15658,0.03
15659,0.06
15661,0.03
15663,0.03
15664,0.06
15666,0.03
15668,0.03
15669,0.03
15670,0.03
15671,0.06
15672,0.03
15674,0.03
15676,0.03
15678,0.09
15680,0.03
15682,0.03
15684,0.03
15686,0.03
15687,0.03
15688,0.03
15689,0.03
15690,0.06
15691,0.03
15692,0.03
15693,0.03
15694,0.09
15696,0.03
15697,0.09
15699,0.03
15701,0.03
15702,0.09
15704,0.09
15705,0.03
15706,0.06
15708,0.06
15711,0.03
15712,0.03
15714,0.09
15717,0.03
15718,0.03
15719,0.03
15720,0.06
15721,0.03
15722,0.06
15724,0.03
15726,0.06
15727,0.03
15728,0.03
15730,0.03
15731,0.03
15732,0.03
15773,0.09
15774,0.03
15775,0.09
15778,0.06
15779,0.03
15780,0.09
15781,0.03
15782,0.03
15783,0.03
15784,0.09
15785,0.09
15787,0.06
15788,0.03
15789,0.09
15792,0.09
15794,0.06
15796,0.06
15798,0.03
15799,0.06
15801,0.06
15803,0.03
15804,0.03
15806,0.03
15807,0.03
15808,0.03
15810,0.03
15811,0.03
15813,0.06
15815,0.03
15816,0.03
15817,0.03
15818,0.03
15819,0.03
15823,0.09
15827,0.09
15828,0.03
15829,0.03
15833,0.06
15835,0.03
15837,0.09
15839,0.06
15840,0.06
15841,0.06
15842,0.03
15843,0.03
15846,0.03
15847,0.03
15849,0.03
15852,0.03
15855,0.15
15858,0.03
15860,0.03
15862,0.03
15867,0.06
15869,0.03
15875,0.09
15877,0.12
15880,0.21
15881,0.03
15883,0.09
15884,0.09
15889,0.09
15891,0.12
15894,0.03
15897,0.03
15898,0.06
15901,0.06
15902,0.03
15904,0.03
15905,0.03
15912,0.06
15914,0.06
15915,0.03
15917,0.09
15920,0.06
15922,0.03
15923,0.03
15924,0.06
15926,0.03
15927,0.21
15929,0.15
15930,0.09
15932,0.03
15934,0.18
15936,0.15
15938,0.09
15941,0.24
15944,0.03
15946,0.06
15948,0.06
15950,0.12
15953,0.09
15955,0.12
15959,0.09
15961,0.12
15963,0.03
15967,0.06
15969,0.06
15971,0.03
15975,0.21
15978,0.03
15980,0.15
15981,0.21
15982,0.03
15984,0.12
15986,0.12
15988,0.06
15989,0.15
15991,0.06
15995,0.09
15999,0.03
16006,0.09
16009,0.24
16011,0.09
16014,0.09
16016,0.03
16019,0.06
16020,0.09
16022,0.09
16025,0.03
16026,0.09
16029,0.12
16031,0.09
16036,0.03
16038,0.12
16041,0.09
16043,0.09
16047,0.09
16049,0.06
16055,0.03
16057,0.03
16058,0.03
16059,0.03
16060,0.06
16062,0.03
16063,0.03
16065,0.06
16067,0.09
16069,0.03
16071,0.03
16073,0.03
16075,0.12
16077,0.03
16078,0.03
16080,0.03
16081,0.03
16082,0.03
16084,0.03
16085,0.03
16087,0.03
16088,0.03
16089,0.03
16090,0.03
16091,0.09
16092,0.03
16093,0.09
16095,0.06
16096,0.03
16097,0.09
16101,0.03
16102,0.06
16103,0.06
16105,0.12
16106,0.03
16107,0.03
16110,0.03
16111,0.06
16112,0.03
16113,0.03
16114,0.06
16116,0.03
16117,0.03
16118,0.03
16120,0.03
16122,0.09
16123,0.03
16124,0.03
16125,0.03
16126,0.03
16127,0.03
16128,0.03
16129,0.03
16130,0.12
16132,0.03
16133,0.03
16135,0.03
16136,0.03
16137,0.09
16141,0.03
16142,0.09
16144,0.03
16146,0.03
16147,0.03
16148,0.12
16150,0.03
16151,0.09
16153,0.06
16155,0.03
16156,0.03
16159,0.03
16160,0.03
16161,0.03
16162,0.03
16163,0.03
16164,0.03
16165,0.03
16166,0.03
16167,0.06
16178,0.03
16181,0.03
16192,0.06
16198,0.12
16199,0.03
16200,0.03
16201,0.03
16203,0.03
16204,0.09
16207,0.03
16208,0.06
16212,0.03
16215,0.03
16216,0.03
16217,0.03
16219,0.03
16220,0.03
16221,0.03
16223,0.03
16224,0.03
16225,0.06
16226,0.03
16228,0.12
16229,0.12
16231,0.15
16233,0.06
16236,0.06
16237,0.03
16239,0.03
16240,0.03
16241,0.03
16242,0.03
16243,0.03
16244,0.03
16245,0.03
16247,0.12
16251,0.15
16252,0.03
16253,0.03
16254,0.03
16257,0.15
16259,0.06
16261,0.03
16263,0.03
16264,0.03
16265,0.03
16266,0.06
16267,0.03
16268,0.09
16271,0.03
16272,0.06
16274,0.03
16275,0.09
16276,0.03
16277,0.03
16278,0.03
16279,0.06
16280,0.03
16281,0.06
16282,0.03
16283,0.03
16284,0.09
16285,0.03
16286,0.15
16289,0.09
16292,0.03
16294,0.03
16296,0.03
16298,0.03
16299,0.12
16301,0.03
16303,0.09
16306,0.03
16307,0.03
16308,0.03
16309,0.12
16311,0.03
16312,0.09
16313,0.03
16315,0.03
16316,0.03
16317,0.03
16318,0.03
16319,0.03
16320,0.03
16321,0.03
16322,0.09
16323,0.03
16325,0.09
16327,0.09
16330,0.09
16331,0.06
16332,0.15
16334,0.03
16336,0.06
16338,0.09
16340,0.03
16342,0.09
16344,0.12
16350,0.12
16351,0.03
16354,0.03
16355,0.03
16356,0.03
16357,0.03
16358,0.03
16359,0.03
16361,0.03
16363,0.18
16365,0.06
16367,0.15
16368,0.03
16370,0.03
16372,0.03
16373,0.09
16376,0.06
16378,0.03
16379,0.03
16380,0.03
16381,0.03
16382,0.03
16383,0.03
16384,0.06
16385,0.12
16386,0.12
16388,0.06
16390,0.09
16391,0.24
16392,0.15
16393,0.15
16395,0.18
16396,0.18
16397,0.06
16398,0.06
16399,0.24
16400,0.21
16402,0.21
16403,0.03
16405,0.03
16406,0.03
16407,0.03
16408,0.06
16410,0.03
16411,0.03
16412,0.03
16413,0.06
16414,0.03
16415,0.09
16418,0.03
16419,0.03
16421,0.03
16423,0.06
16426,0.09
16427,0.03
16428,0.06
16432,0.03
16434,0.06
16435,0.09
16438,0.03
16439,0.06
16440,0.03
16442,0.03
16443,0.21
16444,0.18
16445,0.12
16446,0.21
16447,0.03
16448,0.03
16450,0.06
16452,0.03
16453,0.03
16454,0.06
16455,0.03
16456,0.15
16457,0.09
16458,0.03
16459,0.09
16461,0.03
16463,0.12
16465,0.03
16466,0.03
16468,0.06
16469,0.06
16470,0.09
16472,0.15
16474,0.15
16475,0.06
16476,0.09
16478,0.06
16479,0.21
16485,0.18
16486,0.03
16488,0.03
16489,0.03
16490,0.03
16491,0.09
16492,0.03
16493,0.03
16494,0.12
16496,0.03
16497,0.03
16498,0.09
16500,0.03
16501,0.03
16502,0.03
16503,0.09
16505,0.03
16506,0.06
16508,0.06
16509,0.06
16510,0.09
16511,0.06
16512,0.03
16513,0.06
16516,0.06
16517,0.03
16518,0.03
16519,0.03
16520,0.03
16521,0.03
16522,0.06
16523,0.03
16524,0.03
16525,0.03
16526,0.03
16527,0.03
16528,0.03
16529,0.03
16530,0.03
16531,0.06
16533,0.03
16534,0.03
16535,0.09
16537,0.09
16541,0.03
16542,0.09
16546,0.03
16547,0.03
16548,0.03
16549,0.03
16550,0.06
16551,0.06
16552,0.06
16553,0.03
16554,0.03
16555,0.09
16558,0.09
16560,0.06
16561,0.03
16562,0.06
16563,0.06
16565,0.06
16568,0.06
16572,0.03
16575,0.06
16578,0.03
16580,0.06
16583,0.03
16619,0.03
16620,0.03
16622,0.03
16624,0.09
16626,0.03
16627,0.09
16633,0.03
16639,0.06
16640,0.09
16642,0.06
16644,0.03
16646,0.03
16648,0.03
16649,0.03
16650,0.03
16652,0.03
16657,0.03
16658,0.09
16660,0.03
16661,0.03
16662,0.03
16663,0.06
16664,0.03
16665,0.03
16666,0.09
16669,0.03
16670,0.03
16671,0.09
16675,0.09
16677,0.03
16682,0.09
16685,0.12
16686,0.06
16687,0.03
16688,0.03
16689,0.12
16690,0.09
16691,0.03
16692,0.06
16695,0.12
16696,0.09
16697,0.03
16699,0.09
16700,0.03
16701,0.03
16703,0.09
16704,0.06
16706,0.09
16708,0.15
16711,0.15
16713,0.09
16714,0.09
16716,0.03
16718,0.09
16720,0.09
16722,0.06
16723,0.03
16724,0.03
16725,0.03
16726,0.03
16728,0.06
16732,0.03
16733,0.03
16734,0.03
16735,0.03
16737,0.03
16738,0.06
16740,0.03
16742,0.09
16743,0.06
16744,0.09
16746,0.03
16748,0.03
16749,0.03
16750,0.03
16751,0.06
16753,0.06
16754,0.03
16756,0.03
16760,0.09
16761,0.03
16762,0.03
16763,0.03
16764,0.09
16766,0.09
16767,0.09
16768,0.09
16770,0.03
16772,0.03
16774,0.06
16775,0.06
16778,0.09
16781,0.06
16784,0.03
16785,0.03
16789,0.03
16790,0.03
16794,0.09
16797,0.09
16799,0.09
16801,0.15
16803,0.06
16804,0.03
16806,0.12
16807,0.03
16812,0.03
16815,0.06
16817,0.12
16819,0.21
16821,0.21
16823,0.09
16826,0.06
16828,0.12
16829,0.03
16831,0.09
16833,0.03
16835,0.09
16841,0.06
16846,0.03
16848,0.12
16853,0.06
16855,0.06
16857,0.06
16858,0.03
16859,0.06
16860,0.03
16862,0.09
16864,0.12
16869,0.12
16872,0.06
16874,0.09
16877,0.03
16878,0.03
16880,0.03
16882,0.09
16883,0.06
16884,0.12
16887,0.06
16889,0.15
16892,0.15
16893,0.06
16895,0.03
16897,0.03
16900,0.03
16901,0.03
16905,0.09
16906,0.09
16908,0.09
16909,0.15
16911,0.06
16913,0.06
16918,0.09
16920,0.09
16923,0.03
16925,0.09
16927,0.06
16929,0.09
16931,0.06
16933,0.09
16937,0.03
16938,0.06
16942,0.03
16944,0.09
16948,0.21
16950,0.09
16952,0.09
16953,0.06
16954,0.03
16958,0.03
16959,0.03
16961,0.06
16963,0.03
16965,0.03
16971,0.09
16973,0.03
16974,0.09
16976,0.06
16979,0.06
16982,0.06
16983,0.03
16986,0.03
16988,0.12
16989,0.03
16997,0.06
16998,0.12
17000,0.03
17001,0.03
17002,0.06
17005,0.03
17007,0.06
17010,0.03
17012,0.03
17013,0.09
17015,0.03
17016,0.03
17017,0.03
17018,0.03
17019,0.03
17020,0.09
17022,0.03
17023,0.03
17024,0.09
17026,0.06
17027,0.06
17028,0.03
17029,0.09
17031,0.06
17032,0.03
17033,0.06
17035,0.03
17038,0.03
17039,0.03
17041,0.03
17043,0.09
17045,0.03
17046,0.06
17048,0.03
17049,0.03
17050,0.03
17051,0.03
17052,0.03
17053,0.03
17054,0.06
17055,0.03
17056,0.03
17058,0.03
17059,0.09
17061,0.09
17063,0.06
17064,0.03
17065,0.03
17066,0.09
17068,0.03
17069,0.03
17071,0.03
17072,0.03
17073,0.03
17074,0.03
17075,0.09
17076,0.06
17078,0.03
17079,0.09
17082,0.03
17084,0.03
17085,0.03
17087,0.03
17088,0.03
17089,0.03
17090,0.03
17092,0.03
17093,0.06
17094,0.03
17096,0.06
17097,0.03
17098,0.03
17099,0.03
17100,0.03
17101,0.12
17103,0.03
17105,0.03
17107,0.09
17109,0.03
17110,0.03
17111,0.03
17112,0.03
17113,0.03
17114,0.12
17118,0.06
17119,0.03
17120,0.03
17121,0.12
17122,0.03
17123,0.06
17124,0.03
17125,0.03
17126,0.03
17127,0.09
17130,0.06
17132,0.09
17134,0.03
17135,0.12
17136,0.03
17137,0.09
17138,0.03
17139,0.09
17142,0.09
17144,0.03
17145,0.06
17149,0.15
17151,0.27
17155,0.18
17157,0.09
17159,0.03
17161,0.06
17164,0.03
17165,0.03
17166,0.09
17168,0.09
17171,0.06
17173,0.03
17177,0.06
17178,0.03
17180,0.06
17182,0.06
17184,0.03
17185,0.03
17186,0.03
17188,0.03
17190,0.03
17192,0.03
17193,0.09
17195,0.09
17196,0.09
17199,0.06
17200,0.03
17202,0.03
17204,0.03
17205,0.03
17209,0.12
17210,0.06
17213,0.03
17214,0.03
17216,0.03
17218,0.09
17220,0.03
17222,0.03
17223,0.03
17226,0.03
17228,0.03
17229,0.03
17231,0.03
17232,0.09
17233,0.03
17234,0.12
17236,0.03
17237,0.09
17239,0.09
17241,0.03
17242,0.03
17243,0.03
17244,0.09
17246,0.03
17248,0.03
17249,0.06
17250,0.03
17251,0.03
17254,0.03
17258,0.15
17260,0.06
17263,0.03
17264,0.03
17265,0.09
17267,0.06
17269,0.03
17271,0.12
17272,0.06
17274,0.03
17275,0.06
17277,0.09
17279,0.06
17281,0.09
17282,0.03
17283,0.06
17286,0.03
17287,0.03
17288,0.03
17290,0.03
17292,0.03
17293,0.09
17296,0.09
17297,0.03
17299,0.03
17302,0.09
17303,0.09
17305,0.06
17306,0.06
17308,0.06
17311,0.09
17312,0.09
17315,0.09
17316,0.03
17319,0.03
17320,0.15
17321,0.09
17322,0.03
17324,0.03
17325,0.06
17326,0.06
17328,0.09
17330,0.03
17331,0.03
17332,0.06
17333,0.15
17335,0.06
17337,0.09
17340,0.12
17341,0.15
17342,0.15
17343,0.09
17345,0.03
17346,0.09
17347,0.09
17350,0.03
17351,0.06
17352,0.03
17354,0.03
17356,0.03
17357,0.03
17359,0.03
17360,0.03
17361,0.03
17362,0.03
17364,0.03
17365,0.03
17367,0.03
17369,0.18
17370,0.15
17372,0.09
17373,0.09
17374,0.09
17376,0.09
17379,0.12
17384,0.03
17385,0.15
17389,0.03
17391,0.06
17393,0.06
17395,0.12
17398,0.06
17399,0.03
17400,0.09
17401,0.03
17402,0.15
17404,0.06
17405,0.15
17407,0.03
17408,0.03
17409,0.03
17410,0.03
17411,0.03
17412,0.06
17413,0.06
17415,0.03
17416,0.03
17417,0.03
17419,0.03
17421,0.06
17422,0.03
17423,0.12
17425,0.03
17426,0.03
17427,0.03
17428,0.03
17429,0.03
17430,0.03
17431,0.06
17432,0.06
17434,0.03
17435,0.03
17437,0.12
17438,0.03
17439,0.03
17440,0.03
17441,0.06
17444,0.09
17446,0.09
17449,0.03
17450,0.12
17452,0.03
17454,0.06
17455,0.03
17456,0.06
17458,0.09
17461,0.09
17462,0.09
17463,0.12
17465,0.03
17467,0.09
17469,0.12
17471,0.12
17473,0.03
17474,0.06
17475,0.12
17476,0.12
17477,0.12
17478,0.12
17479,0.12
17480,0.12
17481,0.09
17482,0.06
17483,0.12
17484,0.12
17486,0.12
17487,0.12
17489,0.06
17491,0.09
17493,0.06
17496,0.03
17498,0.03
17499,0.09
17502,0.06
17506,0.03
17509,0.03
17511,0.06
17513,0.03
17515,0.03
17518,0.03
17521,0.03
17524,0.03
17526,0.09
17528,0.12
17530,0.12
17531,0.06
17532,0.03
17533,0.03
17534,0.03
17535,0.06
17536,0.03
17537,0.03
17540,0.09
17543,0.03
17544,0.03
17545,0.03
17546,0.03
17547,0.06
17548,0.03
17549,0.06
17550,0.03
17552,0.09
17553,0.03
17554,0.03
17555,0.03
17557,0.12
17559,0.03
17560,0.03
17562,0.09
17563,0.03
17564,0.03
17565,0.06
17567,0.06
17569,0.03
17570,0.03
17571,0.03
17573,0.06
17574,0.03
17575,0.03
17600,0.09
17602,0.09
17605,0.03
17607,0.06
17608,0.03
17610,0.09
17612,0.03
17613,0.03
17614,0.03
17617,0.03
17619,0.03
17620,0.03
17621,0.03
17622,0.12
17623,0.03
17625,0.03
17626,0.15
17627,0.03
17630,0.03
17631,0.12
17633,0.03
17634,0.03
17635,0.03
17636,0.03
17637,0.09
17638,0.09
17639,0.12
17642,0.03
17643,0.09
17644,0.03
17645,0.06
17646,0.03
17647,0.12
17648,0.12
17649,0.03
17650,0.18
17651,0.03
17653,0.03
17654,0.09
17656,0.09
17657,0.06
17658,0.03
17659,0.06
17661,0.06
17662,0.03
17663,0.09
17665,0.03
17666,0.12
17667,0.09
17669,0.06
17671,0.03
17673,0.03
17674,0.03
17675,0.09
17677,0.03
17678,0.03
17679,0.03
17680,0.03
17681,0.03
17682,0.03
17683,0.09
17684,0.03
17686,0.03
17688,0.09
17690,0.09
17694,0.03
17697,0.12
17701,0.03
17702,0.06
17703,0.06
17705,0.03
17706,0.03
17709,0.03
17711,0.03
17714,0.06
17718,0.12
17719,0.03
17720,0.06
17722,0.09
17724,0.06
17725,0.03
17726,0.09
17728,0.03
17729,0.09
17732,0.03
17734,0.03
17735,0.03
17736,0.03
17737,0.09
17740,0.03
17741,0.03
17742,0.03
17743,0.09
17745,0.03
17746,0.03
17747,0.03
17748,0.03
17750,0.03
17751,0.06
17752,0.09
17753,0.03
17754,0.09
17756,0.03
17757,0.06
17758,0.09
17761,0.03
17762,0.03
17763,0.03
17764,0.03
17765,0.03
17767,0.06
17768,0.03
17769,0.06
17771,0.06
17773,0.06
17775,0.03
17776,0.03
17778,0.09
17781,0.03
17782,0.06
17783,0.03
17784,0.09
17785,0.09
17786,0.09
17788,0.03
17789,0.03
17790,0.03
17792,0.06
17793,0.03
17795,0.03
17797,0.03
17798,0.03
17800,0.03
17802,0.06
17804,0.03
17810,0.15
17813,0.09
17817,0.03
17820,0.12
17824,0.03
17826,0.06
17829,0.03
17830,0.09
17834,0.06
17835,0.03
17837,0.12
17840,0.03
17841,0.03
17842,0.03
17845,0.03
17847,0.12
17848,0.12
17853,0.03
17855,0.06
17858,0.03
17861,0.03
17862,0.12
17865,0.12
17868,0.03
17869,0.06
17871,0.03
17873,0.03
17874,0.03
17875,0.03
17877,0.09
17879,0.03
17880,0.09
17882,0.03
17884,0.03
17885,0.09
17886,0.03
17887,0.06
17889,0.09
17890,0.03
17891,0.03
17893,0.09
17895,0.03
17896,0.06
17898,0.03
17900,0.03
17901,0.03
17903,0.03
17905,0.03
17906,0.03
17909,0.09
17911,0.03
17914,0.09
17915,0.09
17918,0.06
17919,0.09
17921,0.03
17923,0.09
17927,0.09
17929,0.06
17931,0.12
17933,0.09
17936,0.12
17937,0.06
17939,0.03
17940,0.03
17943,0.09
17945,0.12
17947,0.03
17948,0.06
17949,0.09
17950,0.03
17953,0.09
17956,0.06
17958,0.03
17960,0.03
17965,0.03
17968,0.12
17970,0.03
17971,0.03
17973,0.03
17976,0.03
17977,0.03
17979,0.03
17981,0.12
17982,0.12
17983,0.06
17985,0.09
17988,0.03
17993,0.09
17995,0.15
17997,0.12
18002,0.03
18004,0.12
18006,0.03
18008,0.09
18010,0.06
18011,0.03
18012,0.03
18014,0.09
18016,0.03
18018,0.03
18020,0.06
18022,0.03
18023,0.06
18024,0.06
18025,0.09
18027,0.09
18031,0.03
18034,0.09
18037,0.03
18040,0.09
18043,0.03
18045,0.06
18047,0.03
18049,0.03
18055,0.03
18058,0.09
18060,0.03
18063,0.03
18065,0.09
18067,0.03
18069,0.03
18071,0.03
18075,0.09
18077,0.03
18079,0.06
18083,0.03
18085,0.03
18087,0.09
18090,0.09
18095,0.03
18097,0.09
18098,0.06
18099,0.06
18102,0.06
18103,0.06
18105,0.06
18107,0.03
18108,0.03
18109,0.03
18110,0.06
18112,0.03
18113,0.03
18114,0.09
18116,0.09
18121,0.06
18122,0.06
18125,0.03
18127,0.03
18128,0.03
18131,0.12
18134,0.06
18135,0.09
18137,0.03
18138,0.12
18141,0.03
18143,0.09
18145,0.03
18146,0.06
18147,0.03
18148,0.03
18149,0.06
18151,0.06
18153,0.03
18154,0.06
18155,0.03
18156,0.06
18158,0.03
18159,0.06
18162,0.03
18163,0.03
18164,0.03
18165,0.03
18168,0.03
18170,0.03
18171,0.03
18172,0.06
18173,0.03
18174,0.03
18176,0.06
18177,0.03
18179,0.03
18180,0.06
18182,0.03
18183,0.09
18185,0.03
18186,0.06
18187,0.09
18189,0.06
18192,0.03
18193,0.03
18194,0.03
18195,0.03
18199,0.15
18202,0.03
18203,0.03
18204,0.03
18205,0.03
18206,0.03
18208,0.09
18210,0.03
18211,0.03
18212,0.06
18213,0.09
18215,0.03
18216,0.03
18217,0.03
18218,0.09
18220,0.06
18221,0.03
18223,0.03
18224,0.03
18225,0.03
18227,0.03
18228,0.03
18229,0.06
18231,0.03
18232,0.03
18234,0.09
18237,0.03
18239,0.03
18240,0.03
18241,0.06
18243,0.03
18244,0.12
18245,0.03
18247,0.03
18249,0.03
18251,0.12
18253,0.06
18254,0.03
18256,0.03
18258,0.06
18259,0.03
18260,0.03
18261,0.03
18262,0.03
18263,0.03
18264,0.09
18265,0.03
18266,0.03
18268,0.03
18270,0.03
18272,0.03
18275,0.03
18277,0.06
18279,0.03
18282,0.03
18283,0.03
18284,0.03
18285,0.09
18287,0.03
18288,0.06
18290,0.06
18292,0.09
18295,0.03
18296,0.09
18299,0.09
18301,0.03
18302,0.06
18305,0.06
18307,0.03
18308,0.06
18309,0.03
18310,0.06
18311,0.03
18313,0.06
18314,0.12
18315,0.09
18317,0.09
18320,0.03
18323,0.03
18330,0.21
18332,0.21
18335,0.15
18338,0.03
18341,0.03
18344,0.03
18347,0.12
18348,0.12
18349,0.03
18350,0.06
18353,0.09
18356,0.12
18358,0.03
18359,0.03
18360,0.03
18362,0.06
18363,0.03
18365,0.03
18367,0.03
18368,0.03
18369,0.03
18370,0.03
18372,0.03
18373,0.03
18374,0.06
18376,0.03
18377,0.09
18379,0.06
18382,0.09
18384,0.09
18385,0.03
18387,0.03
18389,0.03
18390,0.09
18391,0.03
18393,0.12
18395,0.09
18396,0.09
18399,0.09
18400,0.09
18401,0.09
18403,0.06
18404,0.03
18405,0.03
18406,0.03
18408,0.12
18410,0.09
18411,0.09
18413,0.06
18416,0.03
18421,0.09
18425,0.15
18426,0.03
18428,0.03
18429,0.06
18430,0.03
18432,0.03
18434,0.09
18436,0.06
18438,0.06
18439,0.03
18441,0.09
18442,0.09
18444,0.03
18446,0.09
18449,0.09
18450,0.12
18453,0.15
18454,0.09
18457,0.15
18458,0.06
18461,0.09
18463,0.21
18466,0.06
18468,0.21
18469,0.21
18471,0.21
18473,0.21
18475,0.15
18476,0.15
18477,0.03
18478,0.03
18480,0.03
18481,0.03
18482,0.03
18483,0.06
18485,0.09
18486,0.03
18487,0.03
18488,0.03
18490,0.06
18491,0.06
18492,0.03
18495,0.03
18496,0.03
18497,0.03
18498,0.03
18501,0.12
18503,0.03
18504,0.03
18505,0.03
18506,0.09
18509,0.09
18511,0.03
18513,0.09
18514,0.06
18516,0.03
18518,0.03
18520,0.06
18522,0.06
18523,0.03
18525,0.09
18526,0.09
18527,0.09
18528,0.03
18529,0.03
18530,0.03
18531,0.03
18533,0.06
18536,0.09
18537,0.12
18540,0.06
18542,0.03
18543,0.12
18545,0.06
18547,0.06
18549,0.09
18550,0.03
18551,0.09
18552,0.09
18553,0.09
18555,0.18
18560,0.03
18561,0.12
18564,0.03
18565,0.03
18566,0.03
18568,0.09
18571,0.03
18572,0.03
18574,0.09
18579,0.12
18581,0.15
18582,0.03
18583,0.09
18586,0.03
18587,0.03
18588,0.03
18591,0.12
18592,0.06
18593,0.03
18594,0.03
18595,0.03
18596,0.09
18598,0.06
18600,0.09
18601,0.03
18602,0.06
18603,0.03
18604,0.06
18605,0.03
18607,0.09
18610,0.03
18611,0.03
18612,0.03
18613,0.03
18614,0.03
18615,0.03
18617,0.03
18619,0.03
18620,0.06
18622,0.09
18623,0.09
18624,0.09
18625,0.06
18626,0.06
18628,0.06
18633,0.12
18634,0.15
18636,0.12
18637,0.12
18638,0.12
18639,0.15
18641,0.12
18714,0.03
18716,0.06
18717,0.06
18719,0.09
18720,0.03
18721,0.06
18722,0.06
18724,0.03
18726,0.03
18728,0.09
18729,0.15
18731,0.03
18733,0.03
18734,0.03
18736,0.03
18738,0.06
18739,0.03
18743,0.03
18744,0.03
18745,0.03
18746,0.03
18748,0.03
18749,0.03
18750,0.03
18752,0.09
18753,0.09
18754,0.06
18755,0.03
18756,0.03
18759,0.09
18760,0.03
18762,0.03
18764,0.09
18766,0.03
18767,0.03
18768,0.03
18770,0.03
18771,0.03
18772,0.03
18773,0.09
18776,0.09
18780,0.09
18781,0.09
18783,0.03
18784,0.09
18786,0.09
18787,0.09
18788,0.12
18789,0.09
18790,0.09
18791,0.09
18792,0.03
18793,0.09
18796,0.03
18798,0.03
18799,0.03
18800,0.03
18801,0.06
18802,0.03
18803,0.03
18805,0.03
18806,0.03
18807,0.03
18809,0.06
18810,0.03
18814,0.03
18815,0.03
18817,0.06
18820,0.09
18822,0.03
18823,0.03
18824,0.03
18825,0.03
18826,0.03
18828,0.03
18830,0.03
18832,0.03
18833,0.03
18834,0.03
18835,0.03
18836,0.03
18837,0.03
18839,0.09
18840,0.03
18843,0.12
18845,0.15
18847,0.12
18849,0.09
18851,0.03
18852,0.03
18853,0.03
18855,0.03
18857,0.06
18859,0.09
18860,0.09
18861,0.03
18863,0.03
18864,0.09
18865,0.03
18866,0.03
18867,0.03
18868,0.03
18869,0.12
18871,0.09
18872,0.12
18875,0.03
18877,0.03
18880,0.03
18881,0.03
18883,0.03
18887,0.03
18889,0.06
18891,0.06
18893,0.03
18895,0.03
18896,0.03
18897,0.06
18898,0.03
18900,0.03
18903,0.15
18904,0.06
18906,0.03
18907,0.03
18908,0.03
18909,0.06
18912,0.03
18913,0.03
18914,0.03
18915,0.03
18916,0.03
18918,0.12
18921,0.03
18922,0.03
18923,0.03
18925,0.03
18927,0.03
18928,0.03
18929,0.03
18931,0.03
18933,0.06
18935,0.09
18937,0.03
18939,0.03
18940,0.03
18942,0.03
18944,0.03
18946,0.03
18947,0.03
18948,0.03
18949,0.03
18950,0.03
18952,0.03
18953,0.03
18954,0.03
18955,0.06
18956,0.09
18958,0.03
18960,0.12
18963,0.03
18965,0.03
18966,0.03
18969,0.09
18971,0.06
18974,0.09
18975,0.03
18979,0.03
18981,0.03
18984,0.03
18986,0.03
18988,0.03
18989,0.03
18990,0.03
18991,0.03
18993,0.03
18994,0.09
18996,0.06
18997,0.09
18999,0.03
19001,0.03
19003,0.06
19005,0.03
19006,0.03
19008,0.12
19010,0.12
19012,0.03
19013,0.03
19015,0.03
19016,0.03
19017,0.09
19021,0.03
19024,0.03
19027,0.03
19029,0.03
19030,0.03
19032,0.06
19036,0.03
19037,0.06
19038,0.03
19040,0.03
19041,0.09
19043,0.09
19045,0.03
19047,0.09
19048,0.03
19049,0.03
19050,0.03
19051,0.03
19053,0.09
19055,0.06
19056,0.06
19058,0.06
19060,0.06
19061,0.03
19063,0.12
19065,0.09
19067,0.03
19069,0.03
19070,0.09
19073,0.09
19074,0.03
19075,0.06
19076,0.03
19077,0.03
19078,0.03
19080,0.03
19082,0.06
19083,0.06
19085,0.06
19087,0.03
19090,0.03
19092,0.03
19093,0.03
19094,0.06
19096,0.06
19098,0.03
19101,0.06
19102,0.09
19104,0.03
19106,0.09
19108,0.09
19110,0.06
19111,0.09
19113,0.03
19115,0.03
19117,0.03
19119,0.03
19121,0.06
19123,0.06
19124,0.06
19125,0.03
19126,0.09
19128,0.03
19130,0.09
19133,0.03
19135,0.06
19136,0.06
19137,0.06
19138,0.03
19139,0.03
19140,0.03
19141,0.09
19143,0.03
19144,0.09
19145,0.03
19146,0.06
19150,0.06
19151,0.03
19153,0.09
19155,0.06
19158,0.06
19159,0.03
19161,0.03
19162,0.06
19164,0.03
19166,0.03
19167,0.03
19168,0.03
19171,0.03
19172,0.03
19175,0.03
19176,0.03
19179,0.09
19180,0.03
19181,0.03
19183,0.03
19185,0.03
19187,0.03
19188,0.03
19190,0.03
19193,0.09
19195,0.09
19196,0.06
19200,0.06
19203,0.03
19204,0.03
19205,0.03
19208,0.06
19211,0.03
19213,0.06
19216,0.03
19219,0.03
19221,0.15
19226,0.03
19228,0.09
19230,0.03
19231,0.03
19234,0.09
19235,0.03
19237,0.03
19241,0.12
19243,0.03
19245,0.03
19247,0.03
19249,0.03
19251,0.03
19255,0.09
19256,0.03
19263,0.03
19265,0.03
19267,0.09
19270,0.09
19280,0.09
19286,0.03
19288,0.12
19291,0.03
19300,0.03
19301,0.12
19304,0.03
19307,0.03
19309,0.03
19311,0.15
19313,0.03
19316,0.03
19317,0.06
19320,0.06
19324,0.03
19326,0.06
19328,0.12
19330,0.03
19331,0.12
19334,0.03
19337,0.03
19338,0.03
19340,0.03
19341,0.03
19344,0.06
19346,0.09
19349,0.09
19351,0.09
19353,0.12
19355,0.06
19356,0.03
19357,0.03
19359,0.03
19362,0.03
19364,0.06
19365,0.09
19369,0.09
19377,0.12
19379,0.09
19381,0.03
19382,0.03
19384,0.06
19385,0.03
19387,0.09
19388,0.12
19391,0.12
19393,0.09
19395,0.09
19399,0.03
19403,0.06
19404,0.09
19406,0.03
19408,0.06
19409,0.12
19411,0.12
19412,0.12
19413,0.12
19414,0.12
19417,0.12
19423,0.09
19430,0.06
19432,0.15
19436,0.06
19439,0.03
19440,0.03
19441,0.06
19442,0.03
19444,0.15
19452,0.12
19455,0.15
19457,0.12
19459,0.15
19460,0.06
19462,0.06
19464,0.03
19466,0.03
19472,0.09
19475,0.09
19476,0.03
19479,0.03
19480,0.06
19482,0.03
19483,0.06
19484,0.03
19485,0.06
19488,0.12
19490,0.06
19491,0.06
19493,0.12
19494,0.03
19495,0.06
19496,0.03
19497,0.03
19499,0.06
19501,0.03
19503,0.03
19504,0.03
19508,0.09
19509,0.09
19511,0.09
19513,0.09
19516,0.09
19519,0.06
19521,0.12
19524,0.06
19525,0.03
19526,0.03
19527,0.03
19528,0.03
19529,0.06
19530,0.03
19532,0.03
19533,0.06
19535,0.06
19537,0.15
19538,0.03
19539,0.06
19541,0.06
19544,0.09
19547,0.06
19550,0.06
19553,0.06
19556,0.06
19558,0.06
19561,0.06
19564,0.09
19567,0.03
19568,0.06
19570,0.03
19571,0.03
19573,0.06
19574,0.06
19576,0.06
19577,0.06
19578,0.03
19579,0.03
19580,0.03
19581,0.03
19582,0.03
19583,0.06
19585,0.09
19586,0.03
19587,0.03
19589,0.03
19590,0.03
19591,0.03
19592,0.03
19593,0.03
19594,0.03
19595,0.03
19596,0.03
19597,0.03
19598,0.03
19601,0.03
19602,0.03
19603,0.03
19604,0.03
19605,0.03
19606,0.03
19607,0.03
19608,0.03
19609,0.03
19610,0.03
19611,0.03
19612,0.03
19613,0.03
19614,0.03
19617,0.09
19620,0.03
19622,0.03
19623,0.06
19625,0.12
19626,0.12
19627,0.12
19628,0.03
19629,0.06
19630,0.03
19631,0.03
19635,0.18
19637,0.15
19638,0.03
19639,0.03
19640,0.03
19641,0.09
19643,0.21
19648,0.15
19649,0.03
19651,0.09
19655,0.15
19656,0.12
19657,0.12
19659,0.09
19660,0.09
19661,0.09
19662,0.03
19663,0.06
19665,0.15
19666,0.09
19667,0.12
19671,0.03
19674,0.03
19675,0.09
19676,0.03
19677,0.06
19681,0.12
19682,0.03
19683,0.03
19684,0.09
19686,0.06
19687,0.06
19689,0.09
19690,0.15
19702,0.03
19704,0.15
19707,0.15
19711,0.06
19712,0.06
19713,0.06
19714,0.03
19716,0.03
19717,0.12
19720,0.06
19722,0.09
19725,0.03
19726,0.03
19727,0.03
19728,0.03
19729,0.03
19730,0.09
19731,0.03
19732,0.09
19733,0.06
19735,0.06
19737,0.18
19739,0.3
19740,0.18
19742,0.18
19744,0.18
19745,0.18
19746,0.18
19747,0.03
19748,0.09
19752,0.06
19754,0.06
19757,0.03
19758,0.03
19759,0.06
19761,0.03
19763,0.03
19765,0.09
19767,0.03
19769,0.06
19770,0.09
19773,0.03
19774,0.03
19775,0.09
19777,0.03
19778,0.03
19779,0.03
19780,0.12
19781,0.03
19783,0.03
19785,0.03
19786,0.06
19787,0.09
19790,0.03
19791,0.12
19792,0.12
19794,0.03
19795,0.09
19797,0.03
19798,0.03
19800,0.03
19802,0.03
19805,0.09
19807,0.09
19812,0.06
19814,0.03
19815,0.03
19816,0.03
19817,0.03
19818,0.03
19819,0.03
19820,0.03
19821,0.03
19822,0.03
19823,0.03
19824,0.03
19825,0.03
19826,0.06
19828,0.03
19829,0.06
19830,0.03
19832,0.03
19833,0.03
19835,0.09
19837,0.03
19838,0.03
19839,0.03
19841,0.03
19842,0.03
19843,0.12
19846,0.12
19849,0.12
19853,0.03
19856,0.09
19859,0.09
19861,0.09
19863,0.03
19864,0.03
19866,0.03
19867,0.03
19868,0.09
19870,0.09
19871,0.12
19872,0.03
19873,0.09
19874,0.03
19876,0.03
19877,0.06
19879,0.03
19880,0.03
19881,0.03
19882,0.09
19884,0.03
19885,0.09
19888,0.06
19889,0.03
19891,0.03
19893,0.03
19896,0.03
19897,0.06
19899,0.03
19902,0.09
19904,0.12
19905,0.03
19907,0.03
19908,0.03
19911,0.03
19912,0.03
19913,0.03
19914,0.09
19915,0.06
19918,0.06
19919,0.06
19921,0.09
19923,0.06
19925,0.03
19926,0.09
19928,0.03
19929,0.03
19931,0.09
19934,0.03
19935,0.06
19937,0.09
19939,0.09
19942,0.06
19943,0.09
19947,0.09
19950,0.06
19952,0.12
19953,0.09
19955,0.06
19957,0.06
19958,0.03
19959,0.06
19962,0.09
19964,0.15
19966,0.15
19969,0.15
19970,0.06
19974,0.12
19977,0.12
19980,0.06
19983,0.15
19988,0.12
19991,0.24
19992,0.15
19995,0.12
20002,0.03
20005,0.3
20008,0.03
20009,0.06
20010,0.06
20012,0.12
20013,0.12
20014,0.03
20016,0.06
20017,0.03
20019,0.03
20020,0.03
20024,0.06
20025,0.03
20026,0.03
20028,0.03
20029,0.06
20030,0.03
20032,0.03
20033,0.03
20034,0.12
20039,0.09
20041,0.06
20044,0.12
20046,0.03
20047,0.09
20049,0.06
20052,0.03
20054,0.03
20057,0.06
20058,0.03
20060,0.09
20061,0.09
20064,0.09
20065,0.06
20067,0.12
20070,0.09
20072,0.09
20073,0.09
20075,0.06
20077,0.12
20080,0.09
20083,0.09
20085,0.12
20087,0.03
20088,0.06
20090,0.06
20091,0.06
20092,0.03
20094,0.06
20095,0.06
20098,0.03
20099,0.06
20100,0.03
20102,0.12
20104,0.06
20106,0.03
20108,0.15
20111,0.15
20114,0.03
20115,0.09
20116,0.03
20117,0.09
20119,0.03
20121,0.03
20122,0.03
20123,0.03
20125,0.03
20127,0.03
20129,0.03
20130,0.03
20131,0.12
20133,0.03
20136,0.03
20137,0.06
20139,0.09
20141,0.03
20142,0.03
20144,0.03
20146,0.09
20147,0.03
20150,0.09
20152,0.09
20156,0.03
20157,0.03
20159,0.03
20160,0.03
20163,0.03
20164,0.03
20166,0.03
20168,0.03
20170,0.03
20172,0.12
20174,0.09
20175,0.12
20178,0.03
20179,0.03
20180,0.03
20182,0.06
20185,0.12
20188,0.09
20189,0.03
20190,0.09
20191,0.09
20194,0.03
20195,0.06
20196,0.03
20197,0.03
20200,0.03
20201,0.03
20202,0.03
20203,0.03
20205,0.12
20206,0.03
20207,0.03
20208,0.03
20210,0.03
20211,0.03
20212,0.03
20214,0.06
20215,0.03
20216,0.03
20217,0.09
20220,0.06
20221,0.15
20223,0.09
20224,0.09
20228,0.09
20230,0.03
20231,0.12
20233,0.12
20234,0.03
20235,0.09
20236,0.03
20237,0.03
20238,0.06
20239,0.09
20240,0.15
20241,0.06
20243,0.03
20246,0.03
20248,0.12
20250,0.03
20251,0.21
20252,0.21
20253,0.03
20255,0.03
20256,0.03
20261,0.18
20262,0.03
20263,0.03
20265,0.03
20266,0.06
20270,0.09
20272,0.12
20275,0.12
20276,0.18
20278,0.09
20281,0.09
20284,0.12
20288,0.03
20290,0.03
20291,0.03
20294,0.03
20297,0.03
20298,0.03
20299,0.03
20300,0.09
20303,0.03
20304,0.12
20306,0.03
20307,0.03
20308,0.03
20309,0.03
20311,0.06
20315,0.03
20317,0.09
20321,0.12
20324,0.03
20325,0.09
20327,0.12
20331,0.33
20333,0.36
20334,0.36
20336,0.03
20338,0.03
20339,0.03
20341,0.15
20343,0.03
20347,0.03
20349,0.03
20351,0.06
20352,0.12
20353,0.18
20354,0.03
20355,0.03
20356,0.03
20357,0.06
20359,0.09
20361,0.03
20362,0.03
20365,0.12
20367,0.03
20370,0.09
20371,0.03
20373,0.06
20375,0.03
20377,0.03
20379,0.06
20381,0.03
20383,0.09
20384,0.03
20386,0.18
20388,0.03
20389,0.03
20390,0.12
20392,0.12
20394,0.03
20397,0.09
20400,0.03
20401,0.03
20402,0.03
20403,0.03
20404,0.03
20405,0.06
20408,0.03
20410,0.12
20414,0.03
20415,0.03
20416,0.12
20420,0.03
20421,0.03
20422,0.03
20423,0.03
20425,0.03
20426,0.03
20428,0.03
20429,0.06
20430,0.06
20432,0.03
20434,0.15
20436,0.09
20439,0.09
20440,0.03
20441,0.03
20443,0.06
20445,0.03
20447,0.03
20448,0.06
20449,0.06
20452,0.03
20453,0.03
20454,0.03
20455,0.06
20456,0.03
20457,0.09
20459,0.03
20460,0.03
20461,0.09
20463,0.12
20464,0.09
20466,0.03
20467,0.03
20468,0.03
20469,0.12
20470,0.03
20471,0.03
20472,0.09
20473,0.03
20474,0.03
20476,0.03
20478,0.03
20479,0.03
20480,0.03
20481,0.03
20482,0.03
20485,0.06
20486,0.03
20487,0.03
20488,0.03
20489,0.03
20490,0.09
20492,0.03
20493,0.09
20494,0.03
20495,0.09
20497,0.12
20501,0.12
20502,0.12
20504,0.03
20506,0.03
20507,0.03
20508,0.03
20509,0.03
20510,0.03
20511,0.03
20512,0.03
20514,0.15
20515,0.12
20517,0.03
20518,0.06
20520,0.03
20521,0.03
20523,0.09
20525,0.03
20528,0.09
20531,0.18
20533,0.12
20534,0.03
20535,0.03
20536,0.06
20537,0.03
20538,0.03
20539,0.06
20541,0.06
20542,0.06
20543,0.03
20545,0.15
20546,0.12
20548,0.03
20550,0.06
20552,0.06
20554,0.03
20555,0.09
20556,0.03
20557,0.03
20558,0.03
20559,0.09
20560,0.06
20562,0.03
20563,0.09
20564,0.09
20565,0.09
20566,0.09
20568,0.06
20570,0.09
20573,0.03
20574,0.03
20577,0.06
20578,0.06
20581,0.09
20583,0.09
20584,0.03
20585,0.03
20588,0.03
20590,0.12
20591,0.12
20593,0.06
20594,0.06
20595,0.03
20597,0.03
20598,0.03
20600,0.09
20602,0.03
20603,0.12
20604,0.03
20605,0.03
20607,0.09
20609,0.09
20611,0.12
20613,0.03
20614,0.09
20617,0.09
20618,0.03
20620,0.06
20623,0.03
20625,0.06
20627,0.09
20630,0.03
20631,0.03
20632,0.12
20634,0.03
20635,0.03
20636,0.03
20637,0.12
20638,0.09
20640,0.03
20642,0.09
20644,0.03
20645,0.03
20647,0.06
20648,0.06
20649,0.03
20652,0.09
20656,0.09
20658,0.06
20659,0.03
20660,0.03
20662,0.09
20663,0.09
20665,0.09
20667,0.03
20670,0.15
20671,0.15
20672,0.09
20673,0.09
20675,0.09
20676,0.06
20678,0.09
20680,0.09
20682,0.06
20683,0.03
20685,0.03
20686,0.03
20688,0.06
20690,0.03
20691,0.06
20692,0.06
20696,0.06
20698,0.03
20700,0.12
20702,0.12
20704,0.12
20705,0.09
20707,0.12
20708,0.12
20709,0.12
20710,0.03
20712,0.03
20714,0.09
20717,0.09
20720,0.09
20722,0.09
20723,0.21
20726,0.09
20728,0.06
20729,0.03
20730,0.09
20733,0.03
20734,0.06
20736,0.03
20738,0.03
20739,0.03
20741,0.03
20742,0.03
20743,0.03
20744,0.06
20745,0.03
20746,0.09
20747,0.06
20748,0.09
20751,0.09
20753,0.15
20755,0.21
20758,0.18
20760,0.09
20761,0.03
20762,0.03
20763,0.03
20764,0.03
20766,0.09
20768,0.09
20769,0.03
20770,0.03
20771,0.03
20772,0.03
20775,0.12
20777,0.03
20780,0.12
20784,0.15
20787,0.3
20789,0.3
20791,0.3
20831,0.03
20841,0.09
20842,0.09
20843,0.03
20858,0.03
20860,0.03
20861,0.03
20863,0.06
20865,0.06
20866,0.03
20867,0.03
20873,0.03
20875,0.03
20876,0.06
20878,0.09
20880,0.06
20881,0.09
20883,0.09
20886,0.09
20888,0.09
20890,0.06
20892,0.03
20894,0.09
20896,0.03
20897,0.09
20899,0.09
20900,0.09
20901,0.03
20902,0.03
20904,0.06
20907,0.21
20908,0.03
20909,0.03
20910,0.03
20912,0.09
20913,0.03
20914,0.09
20918,0.09
20919,0.09
20921,0.03
20922,0.09
20923,0.03
20924,0.09
20927,0.03
20928,0.03
20929,0.06
20930,0.06
20932,0.06
20933,0.03
20934,0.03
20935,0.09
20938,0.09
20940,0.06
20942,0.12
20944,0.09
20946,0.03
20947,0.03
20949,0.06
20950,0.03
20952,0.15
20953,0.09
20954,0.09
20955,0.03
20956,0.03
20957,0.03
20958,0.03
20959,0.03
20960,0.12
20961,0.03
20962,0.06
20964,0.03
20965,0.09
20966,0.03
20967,0.03
20968,0.03
20969,0.03
20970,0.03
20971,0.03
20972,0.06
20973,0.03
20974,0.03
20975,0.06
20976,0.06
20980,0.06
20982,0.09
20983,0.09
20985,0.03
20991,0.03
20993,0.06
20994,0.09
20997,0.03
20998,0.06
21001,0.03
21004,0.06
21007,0.03
21008,0.24
21009,0.09
21011,0.03
21012,0.09
21014,0.03
21016,0.09
21018,0.09
21020,0.03
21021,0.09
21023,0.24
21025,0.03
21026,0.03
21029,0.09
21030,0.03
21033,0.03
21035,0.03
21037,0.12
21039,0.06
21042,0.09
21045,0.06
21048,0.12
21049,0.03
21051,0.09
21054,0.12
21057,0.12
21063,0.06
21065,0.06
21067,0.12
21070,0.03
21072,0.06
21074,0.12
21079,0.09
21082,0.06
21083,0.06
21085,0.06
21090,0.03
21091,0.09
21092,0.03
21093,0.06
21094,0.03
21096,0.06
21097,0.06
21098,0.09
21099,0.03
21100,0.06
21101,0.06
21102,0.03
21103,0.06
21104,0.06
21105,0.09
21107,0.12
21109,0.03
21113,0.03
21115,0.06
21116,0.09
21117,0.09
21118,0.09
21119,0.09
21120,0.09
21121,0.09
21123,0.09
21124,0.09
21126,0.06
21130,0.12
21132,0.12
21133,0.09
21135,0.21
21136,0.18
21137,0.12
21143,0.03
21145,0.03
21146,0.06
21147,0.09
21148,0.06
21149,0.06
21150,0.06
21151,0.06
21152,0.03
21153,0.03
21154,0.06
21155,0.06
21156,0.06
21157,0.06
21158,0.06
21159,0.06
21160,0.06
21161,0.06
21162,0.03
21163,0.06
21165,0.03
21168,0.03
21170,0.09
21172,0.03
21174,0.09
21177,0.06
21178,0.12
21180,0.03
21181,0.03
21182,0.03
21183,0.09
21186,0.06
21188,0.09
21190,0.03
21191,0.03
21192,0.03
21193,0.03
21195,0.03
21196,0.12
21198,0.09
21201,0.06
21202,0.03
21203,0.03
21205,0.09
21208,0.06
21210,0.09
21213,0.06
21215,0.09
21217,0.09
21219,0.03
21220,0.09
21222,0.03
21223,0.09
21224,0.03
21225,0.06
21228,0.09
21230,0.03
21231,0.03
21233,0.03
21234,0.06
21236,0.06
21237,0.06
21238,0.06
21239,0.12
21241,0.09
21242,0.03
21244,0.09
21245,0.09
21246,0.09
21247,0.09
21248,0.03
21249,0.09
21251,0.06
21253,0.06
21254,0.03
21256,0.03
21258,0.03
21261,0.06
21262,0.03
21263,0.06
21264,0.09
21267,0.03
21269,0.06
21270,0.03
21271,0.03
21273,0.09
21274,0.03
21275,0.03
21277,0.15
21278,0.15
21281,0.12
21283,0.06
21286,0.06
21288,0.12
21290,0.09
21292,0.03
21293,0.09
21295,0.03
21296,0.03
21298,0.12
21299,0.09
21300,0.09
21302,0.09
21303,0.03
21305,0.06
21307,0.09
21308,0.09
21309,0.03
21310,0.09
21312,0.09
21313,0.03
21315,0.06
21316,0.03
21317,0.03
21318,0.03
21319,0.06
21320,0.06
21321,0.06
21322,0.09
21324,0.06
21327,0.09
21329,0.03
21330,0.06
21331,0.06
21333,0.03
21334,0.06
21335,0.03
21337,0.06
21338,0.03
21340,0.03
21341,0.06
21343,0.03
21345,0.09
21347,0.06
21348,0.06
21350,0.03
21351,0.06
21352,0.06
21353,0.03
21354,0.06
21355,0.06
21356,0.03
21358,0.09
21359,0.06
21361,0.09
21362,0.06
21363,0.06
21364,0.09
21366,0.09
21367,0.06
21369,0.03
21370,0.06
21371,0.06
21373,0.06
21374,0.03
21375,0.03
21377,0.03
21382,0.09
21383,0.06
21385,0.03
21386,0.03
21387,0.03
21388,0.03
21389,0.06
21390,0.03
21391,0.09
21393,0.03
21394,0.03
21395,0.03
21396,0.03
21397,0.09
21398,0.03
21400,0.06
21401,0.03
21402,0.06
21404,0.06
21406,0.03
21408,0.06
21410,0.06
21412,0.03
21414,0.03
21415,0.03
21416,0.09
21419,0.06
21421,0.09
21425,0.06
21426,0.06
21427,0.03
21428,0.06
21429,0.03
21430,0.09
21433,0.03
21434,0.03
21435,0.03
21437,0.03
21439,0.06
21440,0.06
21443,0.03
21444,0.18
21448,0.06
21449,0.03
21451,0.03
21453,0.06
21456,0.03
21457,0.03
21458,0.06
21459,0.03
21461,0.09
21462,0.03
21464,0.09
21465,0.15
21466,0.09
21467,0.06
21469,0.03
21471,0.03
21472,0.09
21475,0.03
21476,0.03
21477,0.03
21480,0.03
21482,0.03
21484,0.03
21486,0.03
21488,0.03
21490,0.03
21492,0.03
21494,0.03
21497,0.09
21501,0.03
21504,0.12
21506,0.03
21507,0.03
21508,0.03
21509,0.06
21512,0.09
21515,0.12
21516,0.12
21519,0.27
21521,0.27
21522,0.03
21524,0.03
21526,0.03
21527,0.03
21528,0.03
21530,0.06
21533,0.06
21536,0.09
21538,0.03
21540,0.03
21541,0.03
21542,0.06
21544,0.03
21546,0.03
21547,0.03
21548,0.03
21549,0.03
21550,0.06
21553,0.03
21555,0.03
21556,0.03
21557,0.03
21558,0.03
21559,0.03
21560,0.06
21563,0.03
21564,0.03
21565,0.03
21566,0.03
21568,0.03
21569,0.15
21572,0.12
21574,0.03
21575,0.06
21576,0.06
21579,0.03
21580,0.03
21581,0.03
21582,0.06
21585,0.03
21586,0.03
21587,0.09
21589,0.03
21591,0.06
21592,0.06
21594,0.03
21597,0.06
21599,0.03
21600,0.03
21603,0.03
21605,0.09
21607,0.06
21608,0.09
21610,0.06
21612,0.03
21613,0.12
21616,0.06
21617,0.03
21618,0.06
21620,0.06
21621,0.03
21622,0.09
21624,0.03
21625,0.03
21626,0.03
21627,0.12
21630,0.03
21631,0.09
21633,0.09
21634,0.06
21636,0.03
21637,0.03
21639,0.03
21640,0.03
21641,0.03
21643,0.06
21645,0.15
21646,0.03
21648,0.06
21650,0.09
21651,0.03
21652,0.09
21653,0.03
21654,0.03
21655,0.03
21656,0.09
21660,0.15
21663,0.21
21664,0.18
21665,0.18
21666,0.18
21667,0.15
21668,0.15
21669,0.03
21671,0.03
21672,0.06
21674,0.03
21675,0.06
21677,0.06
21678,0.03
21680,0.06
21681,0.09
21682,0.03
21684,0.03
21685,0.03
21686,0.03
21687,0.03
21690,0.03
21693,0.03
21694,0.03
21695,0.03
21696,0.03
21697,0.03
21698,0.03
21699,0.03
21700,0.03
21701,0.03
21702,0.03
21703,0.03
21704,0.03
21705,0.09
21707,0.09
21709,0.03
21711,0.03
21712,0.03
21713,0.03
21714,0.03
21715,0.03
21716,0.03
21717,0.03
21718,0.03
21719,0.03
21720,0.03
21721,0.03
21722,0.03
21723,0.03
21724,0.03
21727,0.12
21731,0.09
21733,0.09
21734,0.12
21735,0.15
21736,0.12
21737,0.12
21738,0.15
21740,0.15
21741,0.15
21742,0.15
21743,0.09
21744,0.09
21745,0.09
21746,0.09
21748,0.09
21749,0.09
21753,0.21
21755,0.03
21756,0.03
21757,0.03
21758,0.03
21759,0.03
21760,0.03
21761,0.06
21763,0.15
21764,0.06
21765,0.03
21766,0.03
21767,0.06
21769,0.03
21772,0.06
21773,0.21
21775,0.3
21776,0.3
21777,0.3
21778,0.3
21779,0.39
21780,0.39
21781,0.39
21783,0.39
21785,0.39
21786,0.3
21787,0.3
21788,0.39
21792,0.27
21798,0.15
21799,0.15
21800,0.45
21804,0.15
21806,0.15
21808,0.15
21809,0.15
21810,0.15
21811,0.45
21825,0.06
21834,0.03
21835,0.03
21836,0.03
21837,0.03
21839,0.03
21840,0.15
21841,0.03
21843,0.03
21845,0.12
21847,0.03
21848,0.03
21849,0.06
21850,0.03
21855,0.12
21856,0.03
21857,0.03
21858,0.03
21859,0.03
21860,0.03
21861,0.03
21864,0.03
21866,0.03
21867,0.03
21869,0.03
21870,0.03
21871,0.03
21872,0.03
21873,0.06
21876,0.03
21877,0.06
21878,0.03
21880,0.06
21883,0.18
21885,0.12
21887,0.03
21888,0.03
21889,0.03
21890,0.03
21891,0.03
21892,0.03
21893,0.03
21894,0.03
21895,0.03
21896,0.03
21897,0.03
21898,0.03
21899,0.03
21901,0.03
21904,0.03
21906,0.03
21907,0.06
21908,0.03
21909,0.03
21910,0.03
21911,0.03
21912,0.03
21913,0.09
21915,0.03
21917,0.03
21918,0.03
21919,0.03
21921,0.03
21922,0.09
21925,0.03
21926,0.03
21927,0.09
21928,0.09
21929,0.09
21948,0.12
21953,0.03
21956,0.12
21957,0.03
21958,0.03
21959,0.06
21960,0.09
21961,0.03
21962,0.03
21963,0.03
21966,0.03
21967,0.03
21968,0.09
21970,0.03
21972,0.03
21973,0.09
21976,0.03
21977,0.09
21978,0.06
21982,0.03
21983,0.03
21984,0.09
21987,0.03
21991,0.21
21995,0.15
21998,0.12
22000,0.09
22002,0.09
22005,0.03
22008,0.03
22009,0.03
22010,0.03
22011,0.06
22014,0.06
22016,0.03
22018,0.03
22020,0.03
22022,0.03
22024,0.06
22025,0.03
22026,0.06
22028,0.09
22031,0.09
22033,0.03
22035,0.03
22037,0.03
22038,0.03
22039,0.03
22040,0.09
22042,0.06
22043,0.06
22044,0.06
22045,0.06
22048,0.03
22050,0.03
22051,0.03
22053,0.03
22055,0.09
22057,0.09
22059,0.03
22060,0.09
22064,0.09
22066,0.09
22068,0.03
22070,0.03
22071,0.06
22072,0.09
22073,0.03
22074,0.03
22075,0.03
22076,0.03
22077,0.09
22079,0.03
22080,0.03
22081,0.03
22082,0.03
22083,0.03
22085,0.09
22086,0.03
22087,0.03
22090,0.09
22091,0.09
22093,0.09
22094,0.06
22096,0.03
22097,0.03
22099,0.03
22101,0.03
22102,0.03
22104,0.03
22105,0.03
22106,0.03
22107,0.03
22108,0.03
22110,0.03
22112,0.09
22114,0.06
22115,0.03
22117,0.03
22118,0.03
22121,0.09
22122,0.03
22124,0.03
22125,0.03
22127,0.03
22129,0.09
22131,0.09
22133,0.03
22135,0.06
22138,0.03
22143,0.09
22144,0.06
22145,0.03
22146,0.09
22148,0.09
22149,0.06
22150,0.03
22151,0.06
22152,0.06
22153,0.03
22154,0.09
22156,0.06
22157,0.06
22158,0.09
22162,0.06
22164,0.06
22165,0.03
22168,0.03
22169,0.09
22170,0.03
22171,0.03
22172,0.03
22173,0.06
22174,0.06
22175,0.06
22177,0.03
22179,0.03
22180,0.09
22182,0.09
22185,0.12
22187,0.09
22189,0.09
22191,0.03
22192,0.06
22194,0.03
22195,0.03
22196,0.09
22197,0.09
22199,0.09
22201,0.03
22202,0.03
22203,0.09
22205,0.03
22207,0.03
22208,0.06
22209,0.09
22211,0.06
22213,0.03
22214,0.06
22216,0.03
22217,0.03
22219,0.12
22222,0.09
22224,0.09
22225,0.03
22226,0.06
22228,0.03
22230,0.06
22231,0.06
22233,0.03
22235,0.03
22236,0.03
22237,0.06
22238,0.09
22239,0.09
22241,0.03
22242,0.09
22244,0.03
22246,0.06
22248,0.06
22250,0.06
22252,0.06
22254,0.03
22257,0.03
22258,0.06
22261,0.06
22263,0.03
22264,0.09
22265,0.09
22266,0.09
22267,0.03
22271,0.06
22272,0.03
22273,0.06
22274,0.12
22278,0.03
22279,0.06
22283,0.03
22285,0.03
22286,0.12
22288,0.03
22289,0.06
22290,0.03
22291,0.09
22292,0.03
22295,0.03
22296,0.03
22297,0.03
22299,0.03
22302,0.03
22304,0.09
22306,0.12
22308,0.12
22311,0.03
22313,0.09
22317,0.06
22319,0.06
22321,0.09
22322,0.09
22323,0.09
22325,0.09
22327,0.09
22329,0.03
22333,0.03
22334,0.03
22336,0.03
22337,0.03
22339,0.09
22341,0.03
22342,0.03
22343,0.03
22344,0.03
22345,0.06
22346,0.03
22347,0.03
22348,0.06
22349,0.09
22352,0.03
22353,0.06
22355,0.03
22361,0.09
22362,0.09
22363,0.09
22364,0.09
22365,0.03
22366,0.03
22368,0.03
22369,0.03
22370,0.03
22372,0.03
22374,0.03
22376,0.03
22378,0.12
22381,0.03
22382,0.09
22384,0.09
22385,0.03
22386,0.06
22388,0.09
22390,0.03
22391,0.09
22393,0.09
22395,0.06
22396,0.09
22397,0.03
22399,0.12
22400,0.03
22401,0.09
22403,0.06
22405,0.03
22406,0.09
22407,0.09
22409,0.12
22411,0.03
22412,0.03
22415,0.06
22416,0.03
22417,0.09
22418,0.03
22419,0.03
22420,0.06
22421,0.03
22422,0.03
22424,0.12
22426,0.03
22427,0.03
22428,0.03
22430,0.03
22431,0.03
22432,0.09
22435,0.06
22437,0.06
22439,0.09
22440,0.03
22441,0.03
22443,0.03
22444,0.09
22446,0.03
22447,0.06
22449,0.03
22450,0.06
22452,0.06
22453,0.03
22454,0.06
22455,0.06
22456,0.06
22460,0.06
22461,0.09
22463,0.03
22464,0.09
22466,0.06
22468,0.03
22470,0.03
22471,0.03
22473,0.09
22475,0.03
22476,0.15
22479,0.09
22480,0.03
22482,0.03
22484,0.12
22486,0.06
22489,0.03
22490,0.03
22491,0.12
22494,0.09
22495,0.03
22496,0.12
22498,0.15
22500,0.03
22501,0.06
22502,0.03
22503,0.03
22504,0.03
22505,0.03
22506,0.03
22508,0.09
22510,0.03
22512,0.09
22515,0.06
22517,0.03
22518,0.09
22520,0.03
22522,0.12
22523,0.03
22524,0.03
22525,0.03
22526,0.03
22528,0.09
22529,0.06
22530,0.06
22531,0.12
22532,0.06
22534,0.12
22535,0.12
22537,0.03
22538,0.03
22540,0.03
22542,0.03
22543,0.03
22544,0.12
22547,0.09
22549,0.09
22551,0.03
22552,0.03
22554,0.03
22555,0.12
22556,0.03
22557,0.09
22560,0.03
22562,0.06
22563,0.03
22565,0.03
22567,0.03
22568,0.03
22569,0.03
22570,0.03
22571,0.03
22572,0.06
22574,0.06
22576,0.06
22578,0.06
22580,0.06
22581,0.09
22582,0.09
22583,0.09
22585,0.03
22586,0.03
22587,0.06
22589,0.03
22590,0.03
22591,0.03
22592,0.09
22594,0.09
22597,0.03
22599,0.03
22600,0.03
22601,0.03
22602,0.03
22603,0.06
22604,0.03
22605,0.03
22606,0.03
22607,0.09
22609,0.03
22610,0.03
22611,0.03
22613,0.09
22615,0.12
22617,0.15
22620,0.18
22623,0.18
22628,0.09
22631,0.15
22632,0.12
22634,0.03
22638,0.03
22640,0.03
22641,0.06
22643,0.03
22644,0.06
22646,0.06
22648,0.09
22650,0.03
22651,0.03
22652,0.06
22654,0.03
22655,0.03
22656,0.15
22657,0.09
22658,0.03
22659,0.03
22660,0.03
22661,0.03
22663,0.06
22664,0.03
22666,0.18
22667,0.06
22668,0.06
22669,0.12
22671,0.03
22672,0.03
22673,0.03
22675,0.09
22676,0.03
22677,0.03
22678,0.09
22679,0.09
22681,0.03
22682,0.06
22685,0.03
22686,0.03
22687,0.03
22688,0.03
22689,0.06
22691,0.03
22693,0.03
22694,0.03
22696,0.03
22697,0.03
22699,0.03
22702,0.09
22704,0.12
22706,0.06
22707,0.06
22708,0.03
22709,0.03
22710,0.09
22712,0.03
22713,0.12
22716,0.12
22718,0.03
22719,0.06
22722,0.03
22723,0.03
22725,0.09
22726,0.09
22727,0.03
22728,0.03
22729,0.03
22730,0.03
22731,0.09
22732,0.06
22733,0.12
22735,0.03
22736,0.03
22737,0.06
22738,0.09
22740,0.12
22741,0.06
22742,0.03
22743,0.03
22745,0.06
22747,0.03
22748,0.03
22749,0.03
22751,0.06
22752,0.03
22753,0.03
22754,0.03
22755,0.03
22756,0.09
22758,0.03
22759,0.03
22760,0.03
22761,0.03
22762,0.03
22763,0.03
22764,0.06
22766,0.06
22768,0.03
22769,0.03
22771,0.12
22774,0.12
22775,0.03
22778,0.06
22779,0.03
22780,0.03
22781,0.03
22783,0.03
22784,0.03
22785,0.03
22786,0.06
22789,0.03
22791,0.12
22793,0.03
22794,0.03
22795,0.06
22797,0.09
22799,0.03
22800,0.03
22801,0.06
22803,0.03
22804,0.03
22805,0.03
22806,0.03
22807,0.03
22808,0.03
22809,0.03
22810,0.03
22811,0.06
22813,0.06
22815,0.12
22817,0.06
22819,0.09
22821,0.06
22822,0.03
22825,0.09
22827,0.03
22828,0.06
22831,0.09
22833,0.03
22835,0.06
22837,0.06
22839,0.03
22840,0.03
22841,0.03
22842,0.03
22843,0.03
22844,0.03
22845,0.03
22846,0.03
22847,0.03
22848,0.03
22849,0.03
22850,0.06
22851,0.06
22852,0.03
22853,0.03
22854,0.03
22855,0.03
22856,0.03
22857,0.03
22861,0.15
22862,0.06
22863,0.03
22864,0.03
22865,0.06
22866,0.06
22867,0.03
22868,0.03
22869,0.03
22870,0.12
22872,0.06
22873,0.06
22874,0.03
22875,0.06
22876,0.03
22877,0.03
22878,0.03
22879,0.03
22880,0.03
22881,0.03
22882,0.03
22883,0.03
22884,0.03
22885,0.03
22886,0.03
22887,0.03
22888,0.03
22889,0.03
22890,0.06
22891,0.03
22892,0.03
22893,0.03
22894,0.03
22895,0.06
22896,0.15
22897,0.21
22900,0.09
22902,0.12
22904,0.09
22906,0.09
22907,0.15
22908,0.15
22909,0.06
22911,0.06
22914,0.03
22915,0.06
22917,0.09
22919,0.09
22922,0.06
22924,0.03
22925,0.03
22926,0.09
22927,0.03
22928,0.09
22929,0.09
22931,0.03
22932,0.09
22934,0.09
22935,0.21
22936,0.06
22938,0.09
22939,0.03
22940,0.03
22942,0.03
22945,0.03
22947,0.03
22948,0.03
22949,0.12
22951,0.03
22952,0.03
22954,0.03
22956,0.03
22958,0.03
22959,0.09
22960,0.03
22961,0.09
22962,0.03
22963,0.06
22966,0.06
22967,0.03
22968,0.03
22969,0.03
22971,0.09
22973,0.15
22977,0.12
22978,0.06
22980,0.09
22981,0.21
22982,0.12
22983,0.12
22984,0.06
22985,0.03
22986,0.03
22987,0.03
22988,0.03
22989,0.03
22992,0.03
22993,0.03
22994,0.03
22995,0.03
22996,0.06
22998,0.09
23000,0.06
23003,0.09
23005,0.21
23006,0.03
23007,0.39
23010,0.27
23012,0.3
23013,0.3
23016,0.03
23019,0.03
23021,0.06
23025,0.06
23028,0.06
23030,0.03
23036,0.06
23039,0.03
23041,0.06
23042,0.06
23045,0.03
23049,0.03
23054,0.15
23056,0.03
23057,0.03
23058,0.06
23060,0.03
23063,0.03
23064,0.03
23067,0.09
23072,0.03
23074,0.03
23075,0.03
23076,0.03
23077,0.06
23080,0.09
23083,0.09
23085,0.06
23086,0.06
23088,0.09
23091,0.03
23092,0.06
23093,0.03
23095,0.03
23096,0.03
23098,0.03
23100,0.09
23102,0.03
23103,0.03
23104,0.06
23105,0.03
23107,0.03
23109,0.03
23110,0.03
23112,0.03
23113,0.03
23115,0.03
23116,0.06
23117,0.06
23119,0.03
23120,0.06
23121,0.03
23122,0.06
23124,0.09
23125,0.03
23126,0.09
23128,0.09
23130,0.03
23132,0.03
23133,0.03
23135,0.06
23137,0.03
23140,0.03
23141,0.06
23142,0.03
23143,0.12
23146,0.03
23148,0.03
23149,0.06
23150,0.03
23152,0.09
23153,0.06
23154,0.06
23155,0.03
23156,0.03
23157,0.03
23158,0.03
23159,0.03
23160,0.06
23162,0.03
23163,0.15
23168,0.06
23169,0.03
23170,0.09
23174,0.06
23176,0.03
23177,0.09
23179,0.09
23180,0.12
23181,0.06
23182,0.03
23183,0.03
23184,0.09
23186,0.03
23187,0.03
23188,0.03
23189,0.03
23190,0.03
23191,0.03
23192,0.03
23193,0.03
23194,0.12
23195,0.09
23197,0.06
23198,0.03
23203,0.06
23204,0.03
23205,0.03
23206,0.06
23207,0.03
23208,0.09
23210,0.03
23211,0.09
23213,0.03
23214,0.06
23216,0.03
23217,0.03
23219,0.03
23221,0.12
23222,0.03
23224,0.03
23225,0.06
23230,0.03
23233,0.03
23234,0.09
23235,0.03
23237,0.06
23238,0.03
23239,0.03
23240,0.03
23241,0.03
23242,0.03
23243,0.03
23248,0.03
23249,0.06
23252,0.06
23253,0.03
23254,0.06
23258,0.03
23262,0.09
23263,0.12
23265,0.03
23267,0.06
23269,0.12
23270,0.15
23274,0.03
23277,0.03
23279,0.03
23280,0.03
23283,0.06
23284,0.03
23285,0.03
23287,0.09
23288,0.03
23290,0.03
23291,0.03
23293,0.06
23294,0.03
23295,0.03
23297,0.03
23298,0.06
23299,0.12
23300,0.03
23302,0.03
23308,0.18
23309,0.15
23311,0.03
23312,0.09
23315,0.03
23316,0.06
23317,0.06
23319,0.06
23322,0.03
23324,0.03
23326,0.09
23327,0.09
23329,0.03
23331,0.03
23335,0.09
23338,0.12
23340,0.09
23341,0.12
23342,0.03
23343,0.03
23344,0.03
23346,0.03
23348,0.09
23349,0.06
23352,0.03
23353,0.03
23354,0.03
23355,0.09
23357,0.03
23359,0.03
23360,0.03
23361,0.03
23362,0.03
23363,0.03
23364,0.03
23365,0.06
23367,0.06
23368,0.03
23369,0.03
23370,0.06
23372,0.03
23374,0.03
23375,0.09
23378,0.09
23379,0.03
23380,0.03
23381,0.03
23382,0.03
23383,0.03
23385,0.03
23386,0.03
23390,0.06
23392,0.03
23393,0.03
23394,0.09
23395,0.09
23396,0.09
23397,0.09
23398,0.03
23399,0.03
23401,0.06
23404,0.09
23405,0.15
23407,0.03
23409,0.03
23411,0.03
23412,0.06
23414,0.03
23416,0.03
23419,0.09
23422,0.09
23424,0.03
23425,0.03
23426,0.03
23427,0.03
23428,0.03
23430,0.03
23431,0.03
23433,0.03
23435,0.06
23436,0.06
23437,0.12
23439,0.12
23441,0.09
23443,0.12
23444,0.03
23445,0.03
23446,0.06
23447,0.03
23448,0.09
23450,0.06
23451,0.09
23452,0.03
23454,0.03
23455,0.09
23457,0.03
23458,0.03
23460,0.03
23462,0.09
23463,0.03
23465,0.03
23466,0.03
23468,0.12
23470,0.03
23472,0.15
23474,0.18
23475,0.18
23477,0.09
23480,0.03
23483,0.15
23485,0.03
23486,0.24
23487,0.03
23488,0.03
23489,0.03
23491,0.06
23494,0.03
23496,0.03
23499,0.06
23501,0.03
23502,0.03
23503,0.03
23504,0.06
23506,0.03
23507,0.03
23508,0.15
23509,0.09
23510,0.12
23511,0.15
23513,0.03
23514,0.03
23516,0.12
23519,0.06
23520,0.03
23521,0.15
23523,0.12
23525,0.12
23526,0.03
23527,0.03
23528,0.03
23530,0.15
23533,0.18
23535,0.09
23536,0.03
23538,0.06
23539,0.03
23540,0.06
23541,0.09
23542,0.03
23546,0.12
23548,0.06
23549,0.06
23551,0.03
23552,0.09
23553,0.03
23554,0.09
23555,0.03
23560,0.06
23563,0.03
23564,0.03
23566,0.15
23569,0.15
23571,0.12
23573,0.15
23574,0.03
23575,0.06
23577,0.03
23578,0.09
23580,0.15
23582,0.09
23585,0.21
23587,0.12
23590,0.15
23593,0.15
23594,0.21
23596,0.21
23599,0.21
23600,0.39
23601,0.39
23602,0.39
23603,0.39
23604,0.39
23605,0.39
23606,0.06
23608,0.03
23612,0.03
23615,0.06
23619,0.03
23621,0.03
23625,0.03
23629,0.03
23632,0.03
23634,0.03
23635,0.06
23638,0.06
23642,0.06
23644,0.06
23647,0.06
23650,0.09
23653,0.09
23656,0.03
23659,0.03
23673,0.03
23675,0.03
23677,0.03
23681,0.03
23685,0.03
23688,0.03
23691,0.03
23694,0.03
23695,0.03
23698,0.03
23702,0.03
23704,0.03
23706,0.03
23708,0.06
23712,0.03
23715,0.03
23718,0.06
23720,0.06
23724,0.06
23725,0.06
23729,0.03
23731,0.42
23732,0.42
23733,0.45
23734,0.45
23735,0.45
23736,0.45
23737,0.45
23738,0.42
23739,0.42
23740,0.42
23743,0.12
23745,0.03
23747,0.03
23749,0.03
23751,0.03
23753,0.03
23755,0.03
23756,0.03
23757,0.09
23759,0.09
23760,0.03
23761,0.03
23762,0.06
23763,0.03
23765,0.03
23766,0.06
23767,0.03
23768,0.06
23770,0.03
23771,0.03
23772,0.03
23773,0.03
23774,0.03
23775,0.03
23776,0.03
23777,0.03
23778,0.03
23779,0.03
23780,0.06
23782,0.18
23783,0.12
23784,0.21
23786,0.09
23788,0.03
23789,0.03
23790,0.03
23791,0.03
23792,0.03
23793,0.03
23794,0.03
23795,0.03
23796,0.03
23797,0.03
23798,0.03
23799,0.03
23800,0.03
23801,0.03
23802,0.03
23803,0.03
23804,0.03
23805,0.03
23806,0.03
23807,0.03
23808,0.03
23809,0.03
23810,0.03
23811,0.03
23812,0.03
23813,0.06
23814,0.03
23816,0.03
23817,0.09
23819,0.06
23822,0.12
23823,0.15
23825,0.12
23827,0.12
23829,0.03
23831,0.03
23832,0.03
23833,0.06
23835,0.06
23836,0.06
23837,0.12
23838,0.09
23839,0.03
23840,0.03
23841,0.03
23842,0.03
23843,0.03
23844,0.03
23845,0.18
23846,0.03
23847,0.09
23850,0.03
23853,0.03
23855,0.06
23857,0.03
23858,0.09
23860,0.06
23861,0.09
23862,0.06
23863,0.09
23866,0.03
23867,0.03
23868,0.03
23869,0.03
23870,0.03
23871,0.03
23872,0.06
23873,0.03
23874,0.03
23875,0.03
23878,0.03
23879,0.03
23880,0.03
23881,0.03
23882,0.03
23883,0.06
23885,0.03
23886,0.03
23887,0.03
23888,0.06
23889,0.12
23891,0.09
23894,0.06
23898,0.06
23900,0.03
23901,0.03
23902,0.03
23903,0.12
23905,0.03
23907,0.03
23908,0.03
23909,0.06
23910,0.12
23913,0.06
23914,0.03
23915,0.03
23916,0.03
23917,0.06
23918,0.09
23920,0.12
23922,0.06
23923,0.06
23925,0.03
23927,0.03
23928,0.03
23929,0.06
23931,0.06
23933,0.03
23935,0.03
23936,0.03
23937,0.06
23940,0.03
23941,0.06
23942,0.03
23943,0.06
23944,0.09
23946,0.09
23947,0.03
23949,0.06
23951,0.12
23952,0.12
23953,0.09
23954,0.09
23956,0.03
23957,0.03
23958,0.03
23959,0.06
23961,0.03
23962,0.06
23964,0.03
23965,0.03
23967,0.09
23969,0.21
23972,0.09
23973,0.03
23974,0.03
23975,0.03
23976,0.03
23977,0.03
23978,0.06
23979,0.18
23981,0.09
23983,0.09
23985,0.09
23987,0.09
23989,0.12
23990,0.03
23991,0.03
23992,0.06
23993,0.09
23996,0.06
23997,0.03
23998,0.06
24000,0.09
24003,0.03
24004,0.03
24006,0.03
24007,0.09
24009,0.03
24011,0.06
24012,0.03
24014,0.09
24016,0.06
24019,0.03
24020,0.06
24022,0.03
24023,0.03
24024,0.03
24025,0.06
24027,0.03
24028,0.03
24029,0.03
24031,0.03
24032,0.06
24034,0.03
24035,0.06
24037,0.06
24038,0.03
24040,0.03
24041,0.06
24042,0.03
24043,0.03
24044,0.03
24046,0.06
24048,0.03
24049,0.09
24051,0.09
24052,0.09
24054,0.06
24055,0.03
24057,0.06
24059,0.06
24061,0.03
24062,0.03
24063,0.09
24067,0.15
24069,0.09
24072,0.03
24073,0.03
24074,0.06
24075,0.06
24076,0.09
24078,0.09
24080,0.03
24081,0.03
24082,0.03
24083,0.15
24085,0.06
24087,0.03
24088,0.06
24090,0.06
24093,0.03
24094,0.03
24095,0.09
24097,0.03
24098,0.03
24099,0.03
24100,0.03
24101,0.03
24102,0.03
24103,0.15
24104,0.09
24106,0.03
24107,0.03
24108,0.09
24110,0.03
24111,0.03
24112,0.09
24113,0.06
24115,0.09
24117,0.09
24120,0.09
24131,0.03
24132,0.09
24134,0.09
24136,0.06
24138,0.09
24140,0.12
24142,0.03
24145,0.06
24147,0.06
24148,0.03
24150,0.03
24151,0.03
24152,0.03
24153,0.06
24154,0.03
24155,0.06
24157,0.06
24158,0.06
24161,0.03
24162,0.03
24163,0.03
24164,0.03
24166,0.03
24167,0.09
24170,0.06
24171,0.03
24172,0.06
24173,0.06
24175,0.03
24176,0.06
24179,0.06
24181,0.03
24182,0.06
24185,0.03
24186,0.06
24187,0.03
24188,0.03
24189,0.09
24190,0.09
24193,0.06
24194,0.09
24196,0.06
24199,0.09
24207,0.09
24210,0.12
24212,0.09
24214,0.09
24215,0.12
24218,0.09
24219,0.12
24221,0.09
24223,0.09
24225,0.09
24227,0.09
24230,0.03
24231,0.12
24233,0.03
24234,0.06
24236,0.06
24238,0.12
24240,0.03
24241,0.03
24242,0.03
24244,0.09
24248,0.12
24252,0.06
24254,0.09
24257,0.09
24261,0.12
24263,0.12
24265,0.09
24267,0.12
24268,0.09
24270,0.03
24271,0.03
24272,0.03
24273,0.03
24275,0.03
24276,0.03
24278,0.03
24279,0.03
24281,0.03
24284,0.03
24285,0.03
24286,0.03
24289,0.12
24292,0.03
24296,0.03
24298,0.09
24300,0.09
24302,0.03
24303,0.03
24304,0.03
24305,0.03
24306,0.03
24308,0.06
24311,0.12
24313,0.03
24314,0.03
24315,0.03
24316,0.03
24317,0.09
24318,0.03
24319,0.06
24321,0.09
24322,0.03
24323,0.03
24324,0.06
24325,0.03
24326,0.09
24329,0.03
24331,0.09
24333,0.03
24334,0.06
24336,0.06
24337,0.03
24338,0.06
24340,0.03
24342,0.03
24344,0.03
24346,0.03
24349,0.09
24351,0.06
24355,0.15
24356,0.03
24357,0.03
24359,0.03
24360,0.12
24361,0.06
24362,0.03
24363,0.06
24365,0.03
24367,0.03
24368,0.03
24370,0.03
24371,0.03
24373,0.03
24374,0.03
24375,0.03
24377,0.03
24378,0.03
24380,0.15
24382,0.03
24383,0.06
24384,0.09
24385,0.03
24386,0.03
24387,0.03
24388,0.09
24389,0.09
24390,0.03
24391,0.06
24392,0.06
24394,0.03
24396,0.03
24397,0.06
24399,0.03
24401,0.12
24405,0.03
24406,0.03
24408,0.03
24410,0.03
24411,0.03
24414,0.03
24416,0.06
24417,0.03
24418,0.12
24419,0.15
24421,0.03
24422,0.03
24424,0.03
24425,0.03
24428,0.03
24429,0.06
24430,0.03
24431,0.03
24432,0.09
24434,0.09
24436,0.09
24439,0.06
24441,0.09
24444,0.03
24446,0.03
24448,0.03
24449,0.03
24452,0.03
24454,0.03
24456,0.06
24458,0.03
24459,0.03
24460,0.03
24461,0.03
24462,0.03
24464,0.03
24465,0.03
24466,0.03
24468,0.09
24470,0.09
24472,0.09
24474,0.03
24476,0.03
24477,0.03
24480,0.03
24481,0.03
24482,0.03
24484,0.03
24485,0.03
24486,0.03
24489,0.03
24492,0.18
24493,0.18
24494,0.18
24495,0.03
24497,0.03
24498,0.03
24499,0.15
24500,0.03
24501,0.06
24503,0.03
24505,0.03
24507,0.15
24509,0.03
24511,0.03
24513,0.09
24515,0.09
24518,0.15
24521,0.03
24522,0.21
24523,0.03
24525,0.06
24527,0.06
24529,0.03
24531,0.03
24532,0.12
24535,0.09
24537,0.06
24538,0.06
24539,0.09
24541,0.15
24543,0.03
24545,0.03
24547,0.12
24550,0.18
24551,0.03
24553,0.03
24556,0.09
24557,0.09
24558,0.03
24560,0.09
24562,0.09
24563,0.15
24566,0.03
24567,0.09
24569,0.09
24570,0.03
24571,0.03
24572,0.18
24574,0.18
24576,0.18
24577,0.12
24579,0.03
24581,0.06
24583,0.03
24584,0.03
24585,0.03
24587,0.06
24588,0.09
24592,0.03
24594,0.09
24595,0.12
24597,0.09
24599,0.12
24601,0.12
24604,0.06
24607,0.18
24610,0.03
24611,0.03
24613,0.03
24614,0.06
24618,0.03
24619,0.03
24621,0.09
24623,0.06
24625,0.06
24626,0.03
24627,0.03
24629,0.15
24631,0.06
24632,0.03
24633,0.03
24635,0.15
24637,0.03
24638,0.03
24639,0.03
24640,0.03
24641,0.03
24642,0.09
24643,0.03
24644,0.06
24646,0.03
24647,0.03
24648,0.03
24649,0.03
24651,0.03
24652,0.06
24654,0.03
24656,0.03
24657,0.03
24658,0.03
24659,0.06
24660,0.06
24662,0.06
24665,0.03
24666,0.12
24668,0.06
24672,0.06
24676,0.06
24677,0.06
24678,0.09
24682,0.03
24684,0.09
24685,0.03
24687,0.03
24688,0.09
24689,0.12
24695,0.15
24698,0.15
24700,0.03
24701,0.03
24705,0.03
24707,0.03
24708,0.03
24709,0.03
24710,0.03
24714,0.03
24717,0.03
24719,0.09
24721,0.09
24723,0.09
24725,0.09
24727,0.09
24729,0.09
24732,0.09
24735,0.09
24738,0.09
24741,0.03
24742,0.03
24743,0.03
24744,0.15
24745,0.15
24746,0.12
24747,0.12
24748,0.12
24749,0.03
24751,0.09
24752,0.03
24754,0.03
24756,0.12
24757,0.15
24759,0.03
24761,0.09
24763,0.03
24766,0.06
24769,0.03
24771,0.03
24772,0.03
24773,0.03
24775,0.09
24777,0.06
24778,0.03
24780,0.03
24782,0.06
24783,0.12
24784,0.15
24786,0.06
24787,0.03
24788,0.03
24789,0.03
24790,0.03
24791,0.03
24792,0.06
24793,0.03
24795,0.03
24796,0.06
24798,0.03
24799,0.03
24801,0.03
24802,0.06
24804,0.03
24805,0.03
24806,0.09
24808,0.03
24809,0.03
24810,0.06
24811,0.03
24812,0.03
24813,0.06
24814,0.03
24815,0.09
24816,0.09
24817,0.09
24818,0.09
24819,0.09
24820,0.12
24821,0.03
24822,0.15
24823,0.09
24824,0.03
24825,0.09
24826,0.09
24827,0.12
24828,0.09
24830,0.12
24831,0.03
24832,0.03
24833,0.03
24834,0.09
24837,0.03
24838,0.06
24839,0.06
24841,0.03
24842,0.03
24843,0.03
24844,0.03
24845,0.12
24846,0.09
24849,0.06
24850,0.03
24851,0.06
24853,0.03
24855,0.03
24856,0.03
24857,0.03
24858,0.09
24859,0.03
24860,0.12
24862,0.12
24864,0.03
24866,0.06
24868,0.06
24869,0.03
24870,0.03
24871,0.03
24872,0.03
24873,0.06
24874,0.03
24875,0.09
24876,0.03
24877,0.03
24878,0.03
24879,0.03
24881,0.03
24882,0.09
24885,0.03
24886,0.03
24887,0.12
24888,0.03
24889,0.09
24890,0.03
24892,0.03
24893,0.09
24894,0.03
24895,0.03
24896,0.03
24897,0.03
24898,0.09
24899,0.12
24905,0.24
24906,0.27
24910,0.24
24912,0.39
24917,0.03
24918,0.09
24920,0.09
24922,0.09
24924,0.06
24927,0.12
24929,0.03
24931,0.06
24933,0.21
24934,0.09
24936,0.03
24939,0.12
24940,0.12
24941,0.09
24945,0.15
24946,0.06
24948,0.09
24951,0.03
24953,0.03
24956,0.03
24957,0.03
24958,0.09
24960,0.03
24961,0.03
24962,0.09
24964,0.03
24966,0.21
24968,0.03
24969,0.12
24971,0.03
24972,0.06
24973,0.03
24975,0.06
24977,0.03
24979,0.03
24980,0.06
24981,0.03
24982,0.09
24985,0.03
24986,0.03
24988,0.06
24991,0.03
24993,0.03
24994,0.06
24997,0.06
25001,0.03
25004,0.09
25007,0.06
25008,0.03
25009,0.03
25011,0.18
25012,0.06
25013,0.03
25014,0.06
25015,0.06
25017,0.06
25018,0.03
25019,0.03
25020,0.06
25021,0.06
25023,0.09
25024,0.09
25027,0.09
25029,0.12
25030,0.06
25032,0.03
25033,0.03
25034,0.09
25035,0.03
25036,0.03
25038,0.03
25039,0.06
25040,0.03
25041,0.06
25044,0.06
25045,0.06
25046,0.12
25047,0.12
25049,0.06
25050,0.09
25052,0.03
25055,0.06
25059,0.03
25060,0.12
25062,0.03
25064,0.03
25066,0.09
25067,0.06
25068,0.03
25070,0.09
25071,0.03
25072,0.03
25074,0.03
25075,0.06
25077,0.03
25078,0.06
25080,0.06
25081,0.03
25082,0.03
25083,0.06
25085,0.03
25086,0.03
25088,0.03
25090,0.03
25091,0.09
25092,0.03
25093,0.09
25094,0.12
25096,0.06
25098,0.09
25101,0.03
25102,0.09
25104,0.15
25105,0.03
25106,0.06
25108,0.03
25109,0.03
25110,0.03
25111,0.15
25112,0.03
25113,0.15
25114,0.03
25117,0.15
25118,0.03
25119,0.09
25121,0.03
25123,0.03
25124,0.03
25125,0.09
25127,0.06
25129,0.03
25130,0.03
25131,0.03
25132,0.03
25133,0.03
25134,0.09
25136,0.09
25138,0.09
25139,0.03
25141,0.03
25143,0.12
25144,0.15
25145,0.03
25147,0.06
25150,0.09
25151,0.03
25152,0.18
25153,0.03
25155,0.03
25156,0.06
25157,0.21
25158,0.03
25160,0.03
25161,0.03
25164,0.03
25166,0.03
25168,0.06
25169,0.03
25170,0.06
25173,0.03
25175,0.03
25176,0.03
25177,0.03
25178,0.03
25180,0.03
25182,0.09
25183,0.06
25185,0.03
25187,0.03
25188,0.03
25190,0.06
25192,0.06
25193,0.12
25195,0.03
25197,0.18
25198,0.09
25199,0.03
25201,0.03
25202,0.03
25203,0.06
25206,0.06
25209,0.06
25211,0.03
25212,0.09
25213,0.03
25216,0.09
25218,0.03
25220,0.09
25222,0.03
25223,0.03
25225,0.03
25226,0.03
25228,0.09
25229,0.06
25232,0.03
25233,0.06
25234,0.15
25235,0.15
25238,0.09
25239,0.03
25240,0.03
25242,0.03
25244,0.03
25245,0.03
25246,0.03
25247,0.03
25248,0.03
25249,0.03
25251,0.06
25252,0.03
25253,0.06
25255,0.06
25257,0.03
25259,0.06
25261,0.03
25262,0.03
25267,0.03
25269,0.03
25271,0.15
25274,0.09
25275,0.09
25276,0.09
25277,0.03
25278,0.15
25280,0.03
25281,0.03
25282,0.03
25284,0.03
25286,0.03
25287,0.12
25289,0.06
25291,0.09
25293,0.06
25295,0.06
25298,0.03
25299,0.06
25301,0.12
25302,0.12
25303,0.21
25304,0.21
25305,0.21
25306,0.15
25307,0.15
25308,0.09
25309,0.09
25310,0.09
25312,0.15
25313,0.12
25314,0.18
25316,0.18
25318,0.15
25320,0.15
25324,0.15
25326,0.09
25327,0.09
25328,0.12
25329,0.12
25330,0.12
25331,0.12
25332,0.09
25338,0.09
25342,0.06
25359,0.06
25360,0.06
25361,0.03
25362,0.09
25363,0.03
25364,0.03
25365,0.09
25367,0.03
25368,0.06
25369,0.03
25370,0.03
25371,0.03
25373,0.09
25375,0.03
25377,0.09
25378,0.03
25380,0.09
25381,0.06
25382,0.09
25383,0.03
25384,0.03
25385,0.06
25386,0.06
25387,0.03
25388,0.03
25389,0.03
25391,0.03
25392,0.03
25394,0.06
25396,0.03
25397,0.09
25398,0.03
25400,0.15
25401,0.03
25402,0.03
25403,0.03
25405,0.03
25407,0.06
25408,0.06
25409,0.03
25411,0.03
25412,0.09
25413,0.03
25415,0.03
25416,0.03
25417,0.09
25419,0.03
25420,0.03
25422,0.03
25423,0.03
25424,0.06
25426,0.03
25427,0.06
25429,0.09
25432,0.03
25433,0.03
25435,0.15
25436,0.09
25437,0.03
25438,0.06
25440,0.03
25441,0.03
25442,0.09
25444,0.09
25445,0.06
25446,0.06
25447,0.03
25448,0.03
25449,0.09
25451,0.03
25452,0.06
25453,0.03
25454,0.03
25455,0.03
25456,0.03
25457,0.03
25458,0.06
25460,0.03
25461,0.03
25462,0.03
25465,0.06
25468,0.06
25469,0.06
25470,0.03
25471,0.03
25472,0.03
25473,0.06
25475,0.12
25476,0.06
25477,0.09
25479,0.03
25480,0.03
25481,0.03
25482,0.03
25483,0.03
25485,0.06
25486,0.03
25487,0.03
25488,0.03
25489,0.09
25490,0.09
25494,0.09
25496,0.12
25498,0.03
25499,0.06
25501,0.09
25502,0.09
25503,0.12
25504,0.12
25505,0.09
25508,0.03
25510,0.12
25511,0.03
25512,0.03
25513,0.03
25514,0.03
25516,0.03
25517,0.03
25519,0.06
25520,0.06
25521,0.03
25522,0.06
25524,0.09
25526,0.03
25527,0.03
25528,0.06
25529,0.06
25532,0.09
25534,0.18
25535,0.18
25536,0.18
25537,0.18
25538,0.21
25539,0.18
25541,0.09
25543,0.18
25544,0.18
25545,0.18
25547,0.18
25549,0.03
25551,0.09
25553,0.09
25555,0.06
25557,0.03
25559,0.09
25560,0.09
25561,0.06
25562,0.03
25563,0.06
25565,0.09
25567,0.03
25568,0.03
25569,0.12
25570,0.03
25571,0.03
25572,0.09
25574,0.03
25575,0.03
25576,0.09
25577,0.06
25579,0.06
25580,0.03
25581,0.03
25582,0.03
25583,0.09
25585,0.09
25586,0.03
25587,0.03
25589,0.03
25590,0.03
25592,0.09
25593,0.03
25594,0.06
25595,0.03
25597,0.03
25598,0.03
25599,0.09
25601,0.09
25602,0.09
25603,0.09
25604,0.03
25605,0.09
25606,0.03
25607,0.03
25610,0.03
25612,0.03
25613,0.09
25615,0.03
25617,0.03
25618,0.03
25619,0.03
25621,0.03
25622,0.06
25625,0.03
25627,0.15
25628,0.09
25632,0.09
25634,0.09
25639,0.03
25641,0.09
25642,0.15
25647,0.21
25650,0.15
25656,0.15
25657,0.12
25659,0.06
25660,0.03
25661,0.03
25662,0.06
25663,0.15
25666,0.15
25670,0.15
25671,0.24
25673,0.27
25674,0.3
25675,0.12
25676,0.15
25677,0.03
25678,0.03
25679,0.03
25681,0.12
25682,0.06
25683,0.12
25684,0.06
25686,0.03
25687,0.03
25688,0.03
25689,0.09
25691,0.09
25692,0.03
25693,0.03
25695,0.03
25697,0.03
25698,0.03
25699,0.06
25701,0.03
25702,0.03
25703,0.03
25704,0.09
25705,0.09
25706,0.09
25708,0.09
25709,0.09
25710,0.09
25711,0.09
25712,0.09
25713,0.09
25714,0.09
25715,0.09
25716,0.12
25718,0.09
25721,0.03
25722,0.15
25723,0.21
25724,0.12
25726,0.06
25729,0.03
25730,0.06
25732,0.03
25733,0.18
25735,0.15
25736,0.12
25737,0.12
25739,0.03
25741,0.09
25742,0.03
25745,0.03
25746,0.03
25747,0.03
25749,0.06
25750,0.09
25752,0.09
25754,0.09
25757,0.03
25759,0.03
25760,0.03
25761,0.03
25762,0.12
25765,0.09
25767,0.09
25768,0.12
25769,0.06
25770,0.03
25771,0.09
25772,0.15
25774,0.15
25777,0.09
25780,0.03
25782,0.09
25783,0.21
25784,0.21
25785,0.03
25786,0.03
25787,0.06
25790,0.03
25791,0.03
25792,0.03
25793,0.09
25794,0.18
25795,0.03
25796,0.09
25797,0.09
25798,0.15
25799,0.09
25801,0.09
25802,0.09
25803,0.09
25804,0.09
25806,0.09
25807,0.12
25808,0.09
25809,0.09
25811,0.06
25813,0.09
25814,0.06
25816,0.03
25817,0.06
25819,0.03
25820,0.03
25821,0.03
25822,0.09
25823,0.03
25824,0.03
25826,0.03
25827,0.09
25829,0.03
25830,0.03
25831,0.03
25832,0.03
25833,0.03
25835,0.03
25836,0.09
25837,0.03
25838,0.03
25839,0.09
25841,0.03
25842,0.03
25843,0.03
25844,0.03
25845,0.09
25847,0.03
25848,0.03
25851,0.12
25852,0.09
25853,0.03
25854,0.03
25855,0.03
25856,0.03
25857,0.03
25858,0.06
25861,0.03
25863,0.03
25864,0.09
25866,0.03
25867,0.03
25868,0.03
25869,0.06
25870,0.03
25871,0.06
25873,0.09
25877,0.09
25879,0.09
25881,0.09
25883,0.09
25884,0.15
25885,0.06
25886,0.12
25887,0.09
25889,0.03
25891,0.15
25894,0.12
25895,0.03
25897,0.15
25899,0.03
25902,0.09
25905,0.03
25907,0.03
25911,0.12
25913,0.12
25914,0.06
25917,0.06
25921,0.27
25922,0.03
25924,0.09
25926,0.03
25927,0.12
25929,0.03
25930,0.03
25931,0.03
25932,0.06
25935,0.18
25936,0.03
25937,0.09
25940,0.03
25942,0.03
25943,0.03
25944,0.03
25945,0.18
25946,0.12
25948,0.03
25950,0.12
25951,0.03
25953,0.03
25954,0.03
25955,0.03
25956,0.03
25957,0.09
25958,0.03
25959,0.03
25960,0.03
25962,0.03
25963,0.03
25964,0.03
25965,0.09
25967,0.09
25968,0.03
25969,0.06
25971,0.03
25972,0.03
25973,0.03
25974,0.06
25975,0.03
25978,0.06
25979,0.09
25980,0.03
25981,0.12
25982,0.03
25984,0.09
25985,0.03
25986,0.09
25987,0.03
25988,0.03
25990,0.06
25991,0.03
25992,0.03
25994,0.03
25995,0.03
25996,0.03
25998,0.09
26000,0.03
26002,0.09
26003,0.03
26004,0.03
26005,0.03
26008,0.03
26009,0.03
26010,0.03
26011,0.03
26013,0.03
26015,0.03
26017,0.03
26018,0.09
26019,0.03
26021,0.09
26022,0.03
26024,0.03
26026,0.03
26028,0.06
26030,0.03
26031,0.03
26032,0.03
26033,0.03
26034,0.03
26035,0.06
26036,0.03
26037,0.03
26038,0.03
26039,0.03
26041,0.03
26042,0.06
26043,0.03
26044,0.03
26045,0.03
26046,0.06
26048,0.12
26049,0.03
26051,0.15
26052,0.03
26053,0.18
26054,0.18
26055,0.15
26057,0.15
26058,0.15
26059,0.12
26060,0.15
26063,0.03
26064,0.03
26065,0.03
26066,0.12
26067,0.12
26068,0.12
26069,0.12
26072,0.03
26074,0.09
26076,0.15
26077,0.21
26078,0.18
26079,0.12
26080,0.12
26081,0.12
26082,0.12
26083,0.03
26084,0.03
26085,0.03
26087,0.03
26089,0.03
26090,0.03
26092,0.03
26093,0.03
26094,0.03
26096,0.03
26097,0.03
26098,0.03
26100,0.15
26101,0.12
26102,0.15
26103,0.09
26104,0.18
26105,0.18
26106,0.18
26107,0.18
26108,0.18
26109,0.15
26110,0.12
26111,0.15
26112,0.15
26113,0.12
26115,0.12
26116,0.12
26118,0.12
26120,0.12
26126,0.12
26142,0.03
26146,0.03
26147,0.09
26150,0.06
26152,0.03
26155,0.03
26159,0.03
26162,0.03
26164,0.03
26166,0.03
26168,0.09
26171,0.03
26173,0.03
26175,0.03
26176,0.06
26178,0.03
26179,0.03
26182,0.03
26183,0.03
26186,0.03
26189,0.06
26191,0.03
26195,0.03
26197,0.03
26200,0.06
26202,0.09
26203,0.09
26205,0.03
26207,0.06
26208,0.03
26209,0.03
26210,0.03
26211,0.06
26212,0.03
26214,0.03
26217,0.09
26218,0.06
26219,0.15
26221,0.03
26223,0.06
26224,0.03
26226,0.03
26227,0.06
26230,0.15
26231,0.03
26233,0.09
26235,0.09
26236,0.12
26237,0.06
26239,0.03
26240,0.12
26241,0.09
26242,0.03
26243,0.03
26244,0.09
26245,0.03
26246,0.06
26247,0.09
26248,0.12
26249,0.03
26250,0.03
26251,0.03
26252,0.09
26253,0.03
26255,0.03
26256,0.06
26257,0.12
26259,0.03
26261,0.09
26263,0.03
26264,0.09
26265,0.03
26266,0.09
26267,0.03
26268,0.03
26272,0.03
26273,0.15
26274,0.15
26275,0.12
26276,0.12
26277,0.12
26278,0.09
26280,0.03
26281,0.09
26282,0.12
26283,0.12
26284,0.12
26286,0.09
26288,0.15
26290,0.03
26292,0.06
26293,0.06
26294,0.03
26296,0.06
26297,0.15
26298,0.15
26300,0.18
26301,0.12
26302,0.12
26303,0.12
26304,0.12
26305,0.12
26307,0.12
26308,0.12
26310,0.09
26312,0.06
26316,0.15
26318,0.03
26320,0.03
26321,0.03
26322,0.12
26327,0.09
26328,0.03
26329,0.03
26330,0.09
26332,0.12
26335,0.09
26336,0.03
26337,0.03
26338,0.06
26339,0.03
26340,0.03
26341,0.03
26342,0.09
26343,0.09
26344,0.09
26345,0.03
26346,0.03
26348,0.09
26350,0.03
26352,0.03
26353,0.09
26359,0.03
26362,0.09
26363,0.03
26364,0.06
26366,0.03
26367,0.03
26369,0.03
26371,0.06
26372,0.03
26374,0.06
26376,0.03
26377,0.06
26380,0.03
26382,0.06
26385,0.09
26386,0.03
26387,0.03
26388,0.06
26390,0.03
26391,0.03
26392,0.03
26393,0.03
26398,0.09
26400,0.03
26401,0.06
26403,0.06
26405,0.06
26406,0.03
26407,0.06
26409,0.03
26410,0.03
26411,0.09
26413,0.09
26416,0.12
26418,0.03
26421,0.15
26422,0.12
26424,0.21
26426,0.12
26428,0.06
26430,0.09
26432,0.03
26433,0.03
26434,0.03
26438,0.03
26440,0.15
26442,0.03
26444,0.03
26445,0.09
26446,0.12
26447,0.12
26448,0.09
26449,0.09
26451,0.09
26453,0.06
26456,0.03
26459,0.12
26460,0.03
26462,0.15
26464,0.15
26465,0.03
26466,0.03
26467,0.03
26468,0.15
26470,0.15
26471,0.09
26472,0.09
26473,0.06
26476,0.03
26478,0.03
26480,0.03
26481,0.06
26484,0.03
26485,0.03
26487,0.12
26488,0.03
26490,0.09
26491,0.03
26492,0.03
26493,0.06
26500,0.03
26501,0.03
26502,0.03
26505,0.03
26506,0.12
26509,0.03
26511,0.03
26512,0.03
26513,0.09
26516,0.03
26517,0.03
26519,0.21
26521,0.03
26524,0.09
26525,0.03
26527,0.06
26529,0.06
26531,0.12
26534,0.03
26536,0.09
26537,0.09
26539,0.03
26540,0.06
26542,0.03
26544,0.09
26545,0.03
26546,0.03
26547,0.03
26548,0.12
26550,0.03
26551,0.09
26554,0.09
26555,0.06
26558,0.09
26559,0.06
26561,0.09
26563,0.15
26565,0.06
26566,0.09
26567,0.09
26568,0.03
26569,0.03
26570,0.03
26571,0.03
26572,0.09
26574,0.03
26575,0.09
26576,0.09
26577,0.09
26579,0.15
26582,0.03
26584,0.03
26585,0.03
26587,0.09
26588,0.03
26589,0.03
26591,0.03
26594,0.03
26596,0.03
26597,0.03
26599,0.03
26601,0.15
26603,0.18
26604,0.12
26607,0.18
26611,0.09
26612,0.03
26613,0.03
26615,0.03
26616,0.03
26623,0.21
26624,0.12
26625,0.18
26626,0.18
26627,0.06
26628,0.06
26632,0.03
26633,0.06
26634,0.03
26637,0.06
26638,0.09
26640,0.06
26642,0.06
26645,0.06
26647,0.06
26648,0.12
26649,0.03
26650,0.03
26651,0.03
26652,0.03
26653,0.03
26654,0.06
26656,0.03
26657,0.03
26658,0.03
26659,0.03
26660,0.03
26662,0.09
26664,0.09
26666,0.09
26668,0.03
26669,0.06
26671,0.03
26672,0.06
26673,0.03
26674,0.03
26675,0.03
26676,0.09
26678,0.03
26680,0.06
26682,0.03
26683,0.09
26684,0.03
26685,0.18
26687,0.24
26689,0.12
26697,0.12
26703,0.18
26706,0.09
26707,0.03
26708,0.09
26709,0.09
26712,0.03
26714,0.03
26716,0.09
26717,0.03
26718,0.18
26719,0.06
26720,0.06
26722,0.12
26724,0.03
26726,0.03
26729,0.03
26730,0.03
26731,0.21
26732,0.03
26733,0.12
26735,0.03
26736,0.06
26738,0.06
26740,0.09
26742,0.03
26743,0.12
26745,0.06
26748,0.06
26751,0.06
26753,0.06
26755,0.06
26756,0.03
26758,0.06
26760,0.03
26761,0.03
26765,0.06
26766,0.15
26767,0.15
26769,0.18
26772,0.06
26774,0.12
26775,0.03
26776,0.03
26778,0.06
26780,0.12
26782,0.21
26784,0.15
26787,0.06
26793,0.03
26795,0.18
26797,0.09
26798,0.03
26799,0.03
26800,0.06
26801,0.03
26802,0.03
26804,0.03
26806,0.15
26807,0.09
26809,0.03
26811,0.06
26813,0.03
26814,0.03
26815,0.03
26817,0.03
26818,0.03
26819,0.03
26820,0.03
26822,0.03
26823,0.03
26826,0.09
26827,0.09
26829,0.12
26833,0.09
26836,0.12
26837,0.15
26840,0.12
26842,0.09
26848,0.15
26849,0.06
26850,0.03
26851,0.03
26853,0.12
26855,0.03
26858,0.06
26859,0.06
26860,0.09
26861,0.03
26863,0.09
26865,0.03
26866,0.03
26867,0.03
26869,0.09
26871,0.09
26874,0.12
26875,0.12
26876,0.15
26879,0.03
26882,0.03
26884,0.03
26885,0.03
26887,0.03
26890,0.18
26892,0.03
26893,0.06
26894,0.03
26896,0.03
26897,0.03
26898,0.03
26900,0.03
26902,0.03
26905,0.03
26906,0.03
26907,0.03
26908,0.06
26912,0.09
26913,0.09
26914,0.06
26915,0.03
26917,0.12
26918,0.06
26921,0.03
26922,0.09
26923,0.06
26926,0.03
26927,0.06
26928,0.09
26930,0.03
26932,0.03
26933,0.09
26936,0.03
26937,0.03
26938,0.06
26940,0.03
26941,0.03
26942,0.03
26943,0.09
26945,0.03
26946,0.03
26947,0.03
26948,0.06
26952,0.15
26954,0.12
26955,0.15
26958,0.15
26959,0.03
26961,0.03
26962,0.09
26963,0.09
26964,0.21
26965,0.12
26966,0.03
26967,0.03
26968,0.06
26969,0.12
26970,0.03
26971,0.03
26972,0.03
26973,0.03
26974,0.03
26975,0.03
26976,0.09
26978,0.06
26979,0.18
26980,0.09
26981,0.15
26982,0.15
26984,0.15
26985,0.18
26986,0.21
26987,0.03
26988,0.03
26990,0.09
26992,0.03
26994,0.03
26995,0.03
26997,0.03
26999,0.06
27001,0.03
27003,0.03
27006,0.09
27009,0.03
27010,0.03
27011,0.03
27014,0.03
27015,0.12
27017,0.15
27018,0.03
27019,0.03
27021,0.06
27023,0.03
27025,0.12
27026,0.09
27027,0.06
27029,0.09
27030,0.03
27031,0.03
27032,0.03
27033,0.03
27034,0.03
27036,0.06
27038,0.03
27039,0.03
27040,0.03
27041,0.03
27042,0.09
27044,0.09
27045,0.09
27046,0.03
27048,0.09
27049,0.12
27051,0.03
27052,0.03
27053,0.03
27054,0.06
27056,0.09
27057,0.03
27058,0.06
27060,0.03
27061,0.03
27062,0.03
27063,0.03
27064,0.09
27066,0.03
27067,0.12
27068,0.03
27069,0.03
27070,0.03
27071,0.12
27072,0.03
27074,0.12
27077,0.03
27079,0.09
27080,0.12
27081,0.09
27082,0.03
27083,0.06
27084,0.09
27085,0.15
27086,0.03
27087,0.12
27088,0.12
27089,0.03
27090,0.03
27092,0.12
27093,0.15
27094,0.03
27096,0.12
27097,0.09
27099,0.03
27102,0.03
27104,0.03
27107,0.12
27108,0.06
27109,0.03
27112,0.06
27113,0.03
27116,0.03
27118,0.03
27119,0.03
27120,0.09
27121,0.03
27122,0.03
27123,0.03
27124,0.09
27126,0.03
27128,0.03
27130,0.03
27132,0.03
27133,0.03
27134,0.09
27135,0.03
27136,0.03
27138,0.09
27140,0.03
27141,0.09
27143,0.03
27145,0.03
27146,0.03
27148,0.03
27150,0.03
27151,0.06
27152,0.06
27155,0.09
27156,0.03
27157,0.03
27159,0.03
27162,0.03
27163,0.12
27164,0.03
27165,0.03
27166,0.03
27167,0.03
27168,0.03
27170,0.03
27172,0.15
27174,0.03
27175,0.03
27176,0.03
27177,0.18
27179,0.15
27180,0.12
27182,0.15
27183,0.06
27184,0.15
27185,0.03
27187,0.03
27188,0.06
27189,0.15
27190,0.06
27191,0.12
27192,0.06
27194,0.03
27195,0.06
27196,0.03
27198,0.03
27199,0.03
27200,0.06
27202,0.06
27204,0.09
27206,0.03
27207,0.03
27208,0.12
27210,0.09
27211,0.09
27212,0.15
27213,0.09
27216,0.03
27218,0.09
27219,0.03
27221,0.03
27222,0.03
27223,0.03
27224,0.03
27226,0.06
27229,0.03
27230,0.03
27231,0.15
27232,0.03
27234,0.06
27237,0.03
27238,0.06
27239,0.12
27240,0.06
27241,0.03
27243,0.03
27245,0.03
27247,0.06
27248,0.03
27250,0.03
27252,0.06
27255,0.09
27258,0.03
27259,0.03
27260,0.03
27261,0.03
27263,0.06
27264,0.03
27265,0.03
27266,0.03
27267,0.03
27269,0.03
27270,0.09
27272,0.03
27274,0.09
27275,0.12
27276,0.12
27278,0.03
27279,0.06
27280,0.03
27281,0.15
27282,0.03
27284,0.03
27286,0.03
27288,0.09
27289,0.03
27290,0.03
27292,0.03
27293,0.06
27295,0.03
27297,0.03
27298,0.12
27299,0.09
27301,0.03
27302,0.03
27304,0.06
27307,0.03
27308,0.09
27309,0.03
27310,0.03
27311,0.03
27312,0.09
27314,0.03
27315,0.09
27316,0.03
27317,0.09
27319,0.03
27321,0.03
27323,0.06
27327,0.15
27329,0.09
27331,0.06
27333,0.03
27334,0.03
27336,0.03
27337,0.03
27338,0.03
27339,0.03
27340,0.06
27342,0.06
27343,0.03
27344,0.03
27345,0.12
27346,0.12
27366,0.03
27367,0.03
27368,0.06
27371,0.03
27372,0.12
27373,0.03
27375,0.15
27377,0.03
27378,0.03
27379,0.03
27380,0.06
27381,0.03
27382,0.03
27383,0.06
27384,0.03
27386,0.03
27388,0.03
27389,0.03
27390,0.09
27392,0.03
27393,0.12
27394,0.06
27396,0.03
27398,0.06
27399,0.03
27400,0.03
27401,0.03
27403,0.03
27404,0.03
27406,0.09
27408,0.03
27410,0.09
27413,0.03
27414,0.03
27415,0.12
27417,0.03
27418,0.03
27419,0.03
27422,0.09
27423,0.09
27426,0.06
27427,0.09
27428,0.09
27429,0.09
27431,0.03
27433,0.12
27435,0.06
27437,0.09
27438,0.03
27439,0.03
27440,0.03
27441,0.03
27442,0.15
27443,0.12
27444,0.12
27445,0.12
27446,0.12
27447,0.12
27448,0.12
27449,0.09
27450,0.12
27451,0.03
27452,0.09
27453,0.03
27454,0.03
27455,0.03
27456,0.09
27459,0.03
27460,0.03
27461,0.03
27462,0.03
27463,0.03
27464,0.03
27465,0.03
27466,0.03
27467,0.06
27468,0.06
27469,0.06
27470,0.06
27471,0.12
27472,0.06
27473,0.06
27474,0.06
27475,0.06
27476,0.06
27477,0.06
27478,0.06
27479,0.03
27480,0.03
27481,0.03
27482,0.03
27483,0.03
27484,0.03
27486,0.09
27487,0.03
27489,0.03
27490,0.09
27493,0.03
27495,0.03
27496,0.03
27497,0.09
27498,0.03
27500,0.03
27501,0.03
27503,0.03
27504,0.06
27505,0.03
27507,0.03
27508,0.06
27509,0.03
27510,0.09
27511,0.03
27513,0.03
27514,0.03
27515,0.09
27516,0.03
27517,0.03
27518,0.06
27519,0.06
27520,0.03
27522,0.03
27524,0.03
27525,0.03
27526,0.03
27528,0.03
27530,0.03
27531,0.03
27533,0.03
27534,0.03
27535,0.09
27536,0.15
27537,0.03
27538,0.03
27539,0.03
27541,0.03
27542,0.09
27544,0.03
27546,0.03
27547,0.03
27548,0.06
27549,0.03
27550,0.03
27551,0.06
27553,0.06
27555,0.03
27556,0.06
27558,0.03
27559,0.03
27560,0.12
27562,0.12
27565,0.15
27566,0.03
27568,0.03
27569,0.03
27570,0.03
27575,0.03
27576,0.03
27579,0.03
27580,0.03
27581,0.03
27582,0.03
27583,0.03
27586,0.06
27588,0.15
27590,0.03
27591,0.06
27593,0.03
27595,0.03
27596,0.03
27597,0.03
27600,0.03
27602,0.09
27603,0.09
27604,0.09
27606,0.03
27608,0.03
27609,0.03
27610,0.06
27611,0.06
27613,0.03
27614,0.03
27615,0.09
27616,0.09
27618,0.03
27620,0.03
27621,0.06
27623,0.03
27624,0.03
27625,0.03
27626,0.03
27627,0.03
27629,0.03
27630,0.03
27631,0.03
27632,0.03
27635,0.03
27636,0.12
27638,0.12
27639,0.06
27640,0.03
27642,0.12
27643,0.03
27645,0.12
27647,0.09
27648,0.03
27649,0.06
27651,0.06
27652,0.12
27653,0.03
27656,0.09
27657,0.09
27659,0.09
27660,0.09
27662,0.03
27663,0.03
27664,0.03
27665,0.12
27666,0.03
27667,0.03
27671,0.03
27673,0.03
27675,0.03
27677,0.09
27679,0.03
27681,0.06
27683,0.03
27684,0.03
27691,0.03
27693,0.09
27694,0.03
27697,0.03
27698,0.06
27699,0.06
27700,0.06
27705,0.12
27706,0.03
27708,0.09
27710,0.12
27712,0.12
27714,0.09
27715,0.03
27717,0.03
27718,0.12
27719,0.12
27721,0.03
27722,0.03
27723,0.03
27724,0.03
27727,0.03
27728,0.03
27730,0.03
27731,0.03
27732,0.03
27733,0.03
27734,0.03
27735,0.03
27736,0.03
27738,0.15
27739,0.09
27740,0.03
27742,0.03
27744,0.03
27745,0.06
27746,0.03
27748,0.03
27749,0.03
27751,0.03
27752,0.03
27753,0.03
27754,0.03
27755,0.03
27757,0.03
27758,0.03
27759,0.03
27760,0.03
27762,0.03
27763,0.03
27764,0.03
27765,0.06
27767,0.03
27768,0.03
27769,0.03
27770,0.03
27771,0.03
27773,0.03
27774,0.03
27775,0.03
27776,0.03
27777,0.09
27779,0.12
27785,0.12
27786,0.03
27789,0.18
27790,0.15
27791,0.15
27792,0.15
27793,0.03
27794,0.03
27795,0.03
27796,0.03
27798,0.09
27800,0.03
27802,0.03
27804,0.03
27805,0.03
27806,0.03
27807,0.03
27809,0.06
27812,0.06
27814,0.03
27815,0.03
27817,0.06
27819,0.03
27821,0.06
27823,0.03
27825,0.03
27827,0.03
27828,0.03
27829,0.03
27830,0.03
27831,0.03
27832,0.03
27834,0.09
27835,0.03
27836,0.06
27838,0.03
27839,0.03
27840,0.03
27841,0.12
27842,0.06
27843,0.03
27844,0.03
27845,0.03
27846,0.03
27847,0.03
27848,0.06
27850,0.03
27851,0.03
27852,0.06
27853,0.06
27855,0.03
27856,0.03
27857,0.09
27859,0.03
27860,0.03
27862,0.03
27863,0.03
27864,0.03
27865,0.09
27866,0.12
27868,0.21
27870,0.21
27872,0.09
27873,0.21
27874,0.21
27876,0.21
27877,0.09
27878,0.18
27879,0.21
27881,0.18
27882,0.18
27883,0.12
27886,0.03
27887,0.03
27888,0.18
27890,0.15
27892,0.03
27893,0.03
27894,0.03
27895,0.03
27896,0.03
27897,0.03
27899,0.12
27901,0.03
27903,0.12
27904,0.12
27905,0.12
27907,0.36
27910,0.42
27918,0.12
27920,0.18
27922,0.09
27924,0.12
27925,0.03
27926,0.03
27927,0.12
27930,0.12
27931,0.12
27932,0.03
27934,0.09
27937,0.03
27939,0.03
27940,0.06
27942,0.03
27943,0.03
27946,0.09
27947,0.03
27948,0.03
27950,0.03
27951,0.09
27952,0.03
27953,0.09
27954,0.06
27957,0.06
27959,0.03
27960,0.03
27961,0.03
27963,0.06
27965,0.03
27966,0.06
27968,0.03
27969,0.03
27970,0.03
27971,0.03
27973,0.03
27974,0.03
27975,0.09
27978,0.03
27979,0.03
27980,0.03
27981,0.03
27983,0.03
27985,0.03
27987,0.06
27988,0.03
27990,0.03
27994,0.06
27995,0.15
27996,0.03
27998,0.03
28000,0.06
28002,0.12
28003,0.15
28006,0.12
28008,0.12
28009,0.12
28011,0.09
28012,0.12
28014,0.12
28015,0.12
28016,0.06
28017,0.09
28018,0.15
28021,0.09
28022,0.21
28024,0.18
28025,0.18
28026,0.18
28028,0.09
28030,0.09
28031,0.09
28032,0.09
28035,0.12
28036,0.21
28037,0.15
28038,0.12
28039,0.12
28040,0.09
28041,0.09
28043,0.12
28045,0.12
28047,0.09
28050,0.15
28058,0.03
28067,0.06
28075,0.15
28076,0.03
28078,0.09
28080,0.03
28081,0.03
28082,0.03
28083,0.06
28084,0.03
28086,0.03
28089,0.06
28090,0.03
28091,0.09
28092,0.03
28093,0.03
28094,0.03
28096,0.03
28099,0.03
28101,0.03
28102,0.06
28103,0.03
28106,0.03
28108,0.12
28109,0.03
28111,0.03
28112,0.03
28113,0.15
28115,0.09
28117,0.09
28118,0.03
28120,0.03
28121,0.03
28122,0.03
28123,0.03
28124,0.03
28125,0.09
28127,0.03
28129,0.06
28131,0.03
28132,0.03
28134,0.06
28136,0.03
28139,0.09
28140,0.03
28141,0.03
28142,0.03
28143,0.03
28144,0.03
28145,0.03
28147,0.03
28148,0.09
28150,0.09
28151,0.09
28152,0.03
28153,0.03
28154,0.03
28155,0.03
28156,0.06
28158,0.06
28162,0.03
28163,0.03
28164,0.03
28166,0.03
28167,0.06
28168,0.03
28169,0.03
28171,0.06
28174,0.06
28176,0.03
28178,0.03
28179,0.03
28180,0.03
28181,0.03
28183,0.06
28184,0.03
28186,0.06
28188,0.03
28189,0.03
28191,0.03
28192,0.06
28194,0.03
28195,0.03
28196,0.03
28198,0.03
28199,0.06
28200,0.03
28201,0.03
28202,0.03
28204,0.06
28205,0.03
28206,0.03
28207,0.03
28208,0.09
28209,0.06
28210,0.03
28211,0.06
28214,0.15
28215,0.15
28216,0.03
28218,0.03
28219,0.03
28220,0.06
28222,0.03
28224,0.03
28225,0.03
28226,0.03
28229,0.03
28231,0.03
28232,0.09
28234,0.03
28236,0.03
28237,0.12
28238,0.09
28239,0.06
28241,0.03
28243,0.09
28245,0.03
28246,0.03
28248,0.12
28249,0.12
28250,0.15
28251,0.09
28253,0.12
28255,0.21
28257,0.15
28258,0.03
28259,0.03
28260,0.03
28261,0.03
28262,0.09
28264,0.03
28265,0.03
28266,0.03
28267,0.06
28268,0.03
28269,0.03
28270,0.03
28271,0.03
28272,0.06
28273,0.03
28274,0.03
28275,0.03
28276,0.03
28277,0.03
28278,0.03
28279,0.03
28280,0.03
28281,0.06
28283,0.03
28284,0.03
28286,0.03
28288,0.09
28289,0.09
28291,0.18
28293,0.03
28294,0.03
28295,0.03
28297,0.09
28299,0.03
28301,0.06
28302,0.03
28304,0.03
28306,0.09
28309,0.06
28310,0.09
28311,0.03
28312,0.03
28313,0.09
28315,0.09
28317,0.09
28318,0.15
28319,0.15
28320,0.15
28321,0.15
28322,0.15
28323,0.03
28325,0.03
28327,0.03
28329,0.03
28332,0.03
28333,0.03
28334,0.03
28335,0.03
28336,0.03
28337,0.06
28338,0.15
28339,0.15
28341,0.09
28343,0.06
28344,0.06
28346,0.12
28348,0.09
28349,0.03
28351,0.09
28353,0.03
28354,0.03
28356,0.09
28357,0.15
28358,0.15
28359,0.15
28360,0.15
28361,0.09
28362,0.03
28363,0.12
28367,0.09
28368,0.03
28369,0.09
28371,0.06
28372,0.03
28373,0.09
28374,0.03
28376,0.03
28377,0.09
28378,0.09
28380,0.03
28381,0.09
28383,0.06
28386,0.06
28387,0.06
28388,0.03
28389,0.03
28390,0.03
28392,0.03
28393,0.09
28396,0.03
28397,0.03
28398,0.03
28399,0.09
28400,0.03
28402,0.03
28403,0.06
28405,0.06
28407,0.03
28409,0.03
28410,0.03
28411,0.03
28412,0.03
28413,0.03
28415,0.06
28417,0.03
28419,0.06
28420,0.03
28421,0.03
28423,0.09
28425,0.03
28426,0.15
28427,0.09
28429,0.03
28430,0.03
28431,0.03
28432,0.03
28434,0.06
28435,0.03
28436,0.06
28438,0.12
28439,0.03
28440,0.06
28441,0.03
28443,0.03
28445,0.03
28446,0.03
28447,0.03
28448,0.03
28449,0.03
28450,0.03
28451,0.03
28452,0.03
28453,0.03
28455,0.03
28456,0.03
28457,0.03
28458,0.03
28459,0.09
28461,0.03
28462,0.03
28463,0.03
28464,0.03
28465,0.09
28466,0.15
28468,0.06
28470,0.03
28471,0.12
28472,0.03
28473,0.03
28474,0.15
28476,0.03
28477,0.03
28478,0.03
28479,0.06
28482,0.03
28483,0.06
28485,0.03
28487,0.03
28490,0.03
28491,0.03
28492,0.06
28493,0.03
28494,0.03
28495,0.03
28496,0.03
28497,0.06
28499,0.03
28500,0.03
28501,0.06
28502,0.03
28503,0.03
28504,0.03
28506,0.03
28507,0.09
28509,0.03
28510,0.03
28511,0.03
28512,0.03
28513,0.03
28514,0.03
28515,0.09
28517,0.03
28518,0.03
28521,0.09
28524,0.03
28525,0.03
28526,0.03
28528,0.03
28529,0.09
28532,0.03
28533,0.03
28534,0.03
28535,0.03
28536,0.03
28537,0.03
28538,0.03
28539,0.03
28540,0.09
28542,0.03
28543,0.09
28556,0.03
28557,0.06
28559,0.03
28561,0.03
28562,0.03
28569,0.09
28612,0.06
28613,0.03
28614,0.03
28616,0.18
28617,0.03
28618,0.12
28619,0.12
28621,0.06
28622,0.15
28623,0.15
28624,0.09
28625,0.03
28626,0.09
28628,0.09
28629,0.12
28630,0.12
28631,0.03
28633,0.06
28634,0.03
28635,0.03
28636,0.03
28639,0.03
28641,0.03
28642,0.12
28644,0.06
28646,0.03
28647,0.09
28648,0.09
28651,0.06
28652,0.03
28654,0.09
28655,0.06
28656,0.03
28658,0.03
28659,0.03
28660,0.03
28661,0.03
28662,0.03
28664,0.03
28665,0.03
28666,0.03
28667,0.03
28668,0.03
28672,0.06
28674,0.09
28675,0.09
28677,0.09
28678,0.06
28680,0.06
28682,0.09
28683,0.03
28684,0.03
28686,0.09
28687,0.06
28688,0.09
28690,0.09
28692,0.03
28693,0.03
28696,0.09
28698,0.03
28699,0.09
28700,0.06
28701,0.06
28703,0.03
28705,0.09
28706,0.03
28708,0.03
28710,0.06
28712,0.12
28713,0.09
28714,0.09
28715,0.09
28716,0.09
28718,0.09
28719,0.09
28720,0.03
28722,0.12
28723,0.09
28724,0.12
28726,0.09
28727,0.09
28728,0.09
28729,0.03
28731,0.09
28734,0.03
28735,0.03
28736,0.06
28739,0.03
28740,0.03
28741,0.03
28742,0.03
28743,0.03
28745,0.03
28746,0.03
28747,0.03
28749,0.09
28750,0.12
28752,0.03
28754,0.03
28756,0.03
28758,0.03
28760,0.15
28762,0.03
28763,0.03
28764,0.03
28765,0.03
28767,0.03
28768,0.03
28769,0.03
28770,0.15
28771,0.06
28773,0.03
28774,0.03
28775,0.06
28777,0.09
28779,0.03
28780,0.03
28781,0.03
28783,0.03
28784,0.06
28785,0.12
28786,0.03
28788,0.12
28790,0.06
28792,0.03
28793,0.03
28796,0.09
28797,0.15
28798,0.15
28800,0.12
28804,0.03
28805,0.03
28808,0.12
28809,0.03
28811,0.03
28812,0.21
28813,0.15
28814,0.12
28816,0.03
28818,0.06
28820,0.03
28821,0.15
28822,0.03
28823,0.09
28826,0.09
28827,0.12
28828,0.12
28829,0.15
28831,0.15
28832,0.03
28833,0.03
28834,0.09
28836,0.03
28837,0.12
28839,0.06
28844,0.06
28849,0.03
28850,0.03
28853,0.12
28854,0.12
28855,0.18
28856,0.18
28857,0.03
28858,0.03
28859,0.03
28860,0.03
28861,0.03
28862,0.03
28863,0.03
28864,0.12
28865,0.15
28867,0.15
28869,0.15
28870,0.15
28871,0.15
28873,0.18
28875,0.03
28876,0.15
28877,0.12
28878,0.12
28879,0.12
28882,0.21
28883,0.12
28885,0.03
28886,0.12
28889,0.03
28890,0.03
28892,0.12
28893,0.09
28895,0.09
28896,0.03
28898,0.03
28899,0.09
28900,0.06
28901,0.12
28904,0.03
28905,0.15
28907,0.03
28909,0.06
28911,0.03
28913,0.09
28915,0.03
28917,0.12
28918,0.15
28920,0.15
28922,0.03
28924,0.06
28926,0.03
28927,0.03
28928,0.03
28929,0.03
28930,0.03
28931,0.03
28933,0.03
28935,0.03
28937,0.03
28938,0.09
28939,0.12
28940,0.03
28941,0.03
28942,0.03
28943,0.03
28944,0.03
28945,0.06
28946,0.03
28948,0.06
28950,0.03
28951,0.06
28953,0.03
28955,0.06
28956,0.12
28957,0.15
28959,0.03
28960,0.12
28961,0.06
28962,0.09
28963,0.21
28964,0.03
28966,0.09
28967,0.03
28968,0.18
28969,0.09
28971,0.12
28973,0.12
28975,0.03
28976,0.03
28978,0.03
28979,0.12
28981,0.12
28982,0.09
28985,0.03
28988,0.12
28989,0.09
28990,0.06
28992,0.03
28993,0.03
28994,0.03
28995,0.09
28998,0.18
28999,0.03
29000,0.03
29001,0.06
29002,0.03
29003,0.03
29005,0.06
29008,0.03
29009,0.12
29010,0.09
29011,0.12
29013,0.03
29014,0.03
29015,0.06
29017,0.12
29021,0.21
29022,0.03
29023,0.03
29025,0.09
29027,0.15
29030,0.09
29031,0.03
29032,0.03
29033,0.09
29035,0.18
29036,0.03
29038,0.03
29039,0.03
29040,0.06
29041,0.03
29042,0.03
29044,0.03
29045,0.03
29048,0.03
29051,0.09
29053,0.09
29054,0.03
29055,0.03
29056,0.09
29057,0.03
29059,0.03
29060,0.06
29061,0.03
29064,0.09
29065,0.03
29068,0.03
29070,0.09
29071,0.09
29073,0.03
29074,0.06
29075,0.03
29076,0.03
29078,0.03
29081,0.21
29083,0.15
29084,0.03
29085,0.03
29087,0.15
29088,0.12
29089,0.03
29091,0.03
29093,0.03
29094,0.03
29095,0.03
29097,0.09
29098,0.03
29100,0.03
29114,0.03
29115,0.03
29116,0.12
29119,0.03
29121,0.12
29122,0.09
29123,0.03
29125,0.09
29126,0.03
29128,0.03
29130,0.03
29131,0.03
29133,0.06
29134,0.03
29135,0.03
29136,0.03
29137,0.03
29138,0.03
29139,0.12
29140,0.12
29143,0.12
29146,0.12
29147,0.12
29177,0.03
29178,0.03
29186,0.09
29188,0.09
29190,0.06
29192,0.03
29194,0.12
29195,0.03
29196,0.03
29197,0.03
29199,0.03
29200,0.06
29201,0.12
29203,0.09
29206,0.09
29208,0.03
29209,0.09
29211,0.03
29212,0.03
29214,0.06
29216,0.03
29217,0.03
29219,0.03
29221,0.03
29223,0.09
29224,0.09
29225,0.06
29226,0.03
29227,0.03
29228,0.03
29229,0.03
29230,0.12
29231,0.06
29232,0.03
29233,0.03
29234,0.12
29235,0.12
29236,0.03
29238,0.03
29239,0.03
29240,0.03
29242,0.09
29244,0.03
29245,0.03
29246,0.03
29248,0.03
29250,0.03
29252,0.09
29253,0.03
29254,0.03
29256,0.03
29258,0.03
29260,0.03
29262,0.06
29263,0.03
29265,0.03
29266,0.03
29267,0.03
29269,0.06
29271,0.09
29273,0.03
29274,0.03
29276,0.09
29278,0.03
29281,0.03
29282,0.06
29283,0.03
29285,0.03
29286,0.03
29288,0.03
29289,0.03
29290,0.03
29292,0.03
29293,0.03
29294,0.03
29295,0.03
29296,0.03
29298,0.09
29299,0.03
29300,0.03
29301,0.12
29304,0.03
29305,0.03
29306,0.12
29308,0.03
29309,0.03
29310,0.03
29311,0.03
29312,0.03
29313,0.03
29315,0.09
29316,0.12
29319,0.03
29320,0.03
29321,0.03
29322,0.03
29323,0.03
29324,0.03
29325,0.03
29326,0.09
29327,0.03
29328,0.03
29330,0.06
29331,0.03
29334,0.09
29336,0.03
29338,0.06
29341,0.09
29342,0.03
29343,0.03
29345,0.09
29349,0.09
29350,0.03
29353,0.06
29355,0.09
29357,0.03
29360,0.09
29363,0.03
29364,0.06
29366,0.03
29367,0.03
29368,0.03
29369,0.03
29370,0.03
29371,0.03
29372,0.03
29373,0.06
29375,0.03
29377,0.09
29378,0.09
29379,0.06
29380,0.09
29382,0.03
29383,0.03
29384,0.03
29385,0.03
29386,0.03
29387,0.03
29388,0.03
29389,0.03
29390,0.03
29391,0.03
29392,0.06
29395,0.06
29396,0.06
29397,0.03
29398,0.03
29399,0.03
29401,0.03
29402,0.06
29404,0.03
29405,0.03
29406,0.06
29408,0.03
29410,0.03
29412,0.03
29413,0.03
29415,0.03
29416,0.03
29417,0.03
29419,0.03
29421,0.03
29422,0.03
29423,0.03
29424,0.03
29425,0.03
29426,0.03
29427,0.03
29428,0.03
29429,0.03
29430,0.03
29431,0.03
29432,0.06
29433,0.09
29434,0.06
29435,0.09
29436,0.15
29437,0.12
29438,0.15
29440,0.06
29442,0.06
29443,0.06
29444,0.12
29445,0.12
29446,0.09
29448,0.03
29449,0.15
29450,0.03
29451,0.03
29453,0.03
29455,0.03
29458,0.03
29459,0.03
29460,0.03
29461,0.03
29462,0.03
29463,0.03
29464,0.03
29465,0.03
29467,0.09
29468,0.03
29469,0.03
29471,0.06
29472,0.03
29473,0.15
29474,0.15
29475,0.03
29476,0.06
29478,0.09
29480,0.03
29483,0.03
29484,0.15
29485,0.15
29488,0.03
29489,0.12
29491,0.12
29493,0.09
29494,0.15
29495,0.03
29496,0.03
29497,0.09
29498,0.03
29500,0.03
29501,0.03
29502,0.06
29504,0.06
29506,0.03
29507,0.03
29508,0.03
29509,0.03
29510,0.06
29511,0.03
29513,0.06
29514,0.03
29516,0.06
29519,0.09
29520,0.03
29521,0.03
29522,0.06
29523,0.03
29524,0.06
29528,0.06
29529,0.18
29531,0.12
29532,0.03
29533,0.09
29534,0.09
29536,0.03
29537,0.03
29538,0.03
29539,0.03
29540,0.09
29544,0.06
29546,0.09
29548,0.03
29549,0.03
29551,0.03
29552,0.03
29554,0.03
29555,0.03
29557,0.03
29559,0.09
29561,0.06
29562,0.03
29565,0.03
29566,0.03
29567,0.09
29569,0.03
29571,0.03
29573,0.03
29574,0.03
29575,0.06
29576,0.03
29578,0.03
29579,0.03
29580,0.12
29581,0.03
29582,0.03
29584,0.03
29585,0.03
29586,0.09
29588,0.03
29590,0.03
29591,0.03
29592,0.03
29593,0.03
29595,0.06
29596,0.03
29597,0.09
29598,0.03
29599,0.03
29600,0.09
29602,0.03
29603,0.03
29604,0.09
29606,0.03
29610,0.06
29612,0.06
29614,0.12
29615,0.03
29616,0.06
29617,0.03
29618,0.03
29620,0.15
29621,0.03
29622,0.12
29623,0.03
29625,0.03
29626,0.03
29627,0.09
29628,0.06
29629,0.03
29630,0.03
29632,0.03
29634,0.06
29637,0.03
29638,0.03
29639,0.03
29640,0.03
29641,0.03
29642,0.03
29643,0.03
29644,0.03
29645,0.03
29646,0.06
29648,0.03
29649,0.06
29650,0.09
29651,0.03
29652,0.09
29653,0.03
29654,0.03
29655,0.03
29656,0.03
29657,0.03
29658,0.03
29659,0.03
29660,0.03
29661,0.03
29662,0.03
29663,0.03
29664,0.03
29665,0.03
29666,0.03
29667,0.03
29668,0.03
29669,0.03
29670,0.03
29671,0.03
29672,0.03
29673,0.03
29674,0.03
29675,0.03
29676,0.03
29677,0.03
29678,0.03
29679,0.03
29680,0.03
29702,0.15
29703,0.15
29704,0.15
29705,0.15
29706,0.18
29707,0.18
29708,0.18
29709,0.18
29711,0.21
29712,0.21
29713,0.21
29714,0.15
29715,0.15
29716,0.15
29717,0.15
29719,0.03
29724,0.03
29726,0.03
29732,0.03
29734,0.03
29736,0.03
29738,0.06
29741,0.18
29745,0.09
29747,0.06
29749,0.03
29750,0.03
29752,0.03
29753,0.09
29754,0.03
29755,0.03
29756,0.06
29759,0.12
29760,0.03
29761,0.03
29763,0.09
29764,0.03
29766,0.03
29768,0.09
29769,0.03
29771,0.03
29773,0.03
29775,0.09
29776,0.09
29777,0.06
29778,0.03
29780,0.03
29782,0.03
29784,0.06
29785,0.12
29786,0.06
29787,0.09
29788,0.06
29791,0.03
29794,0.12
29797,0.03
29798,0.03
29800,0.09
29801,0.09
29803,0.06
29805,0.03
29806,0.03
29807,0.03
29809,0.03
29810,0.03
29812,0.03
29814,0.09
29815,0.09
29816,0.03
29817,0.06
29819,0.09
29821,0.03
29823,0.03
29825,0.09
29827,0.03
29828,0.09
29829,0.09
29830,0.03
29832,0.03
29835,0.09
29836,0.06
29837,0.03
29838,0.03
29839,0.03
29840,0.03
29841,0.03
29843,0.03
29845,0.03
29847,0.03
29849,0.03
29850,0.03
29852,0.03
29854,0.06
29855,0.06
29856,0.15
29858,0.09
29859,0.06
29861,0.03
29862,0.03
29863,0.03
29865,0.03
29867,0.03
29868,0.03
29871,0.09
29873,0.06
29876,0.09
29877,0.06
29878,0.03
29880,0.03
29881,0.12
29882,0.03
29884,0.03
29886,0.03
29888,0.03
29890,0.03
29891,0.03
29893,0.03
29895,0.03
29896,0.03
29897,0.03
29898,0.03
29900,0.03
29902,0.09
29903,0.03
29904,0.03
29906,0.03
29907,0.03
29908,0.03
29909,0.03
29911,0.03
29913,0.03
29915,0.03
29917,0.03
29919,0.03
29920,0.03
29921,0.03
29922,0.09
29924,0.03
29927,0.06
29931,0.03
29933,0.03
29934,0.06
29936,0.03
29938,0.03
29939,0.03
29940,0.03
29941,0.03
29942,0.03
29943,0.03
29944,0.12
29945,0.03
29947,0.03
29949,0.03
29950,0.03
29952,0.03
29953,0.12
29954,0.03
29956,0.06
29957,0.03
29959,0.03
29961,0.03
29964,0.03
29965,0.03
29966,0.03
29967,0.15
29968,0.15
29969,0.03
29971,0.03
29973,0.09
29974,0.12
29975,0.09
29979,0.12
29981,0.09
29985,0.03
29986,0.06
29987,0.03
29988,0.09
29989,0.12
29990,0.15
29991,0.15
29992,0.15
29993,0.18
29995,0.03
29996,0.12
29997,0.09
29998,0.03
30003,0.12
30005,0.03
30006,0.03
30007,0.09
30008,0.03
30009,0.15
30010,0.15
30011,0.15
30012,0.12
30013,0.12
30014,0.15
30015,0.06
30016,0.06
30018,0.06
30019,0.03
30020,0.03
30021,0.03
30023,0.09
30024,0.03
30025,0.03
30028,0.09
30029,0.09
30032,0.12
30034,0.06
30036,0.03
30037,0.09
30040,0.03
30041,0.03
30042,0.18
30044,0.03
30046,0.03
30048,0.06
30049,0.03
30051,0.03
30052,0.03
30053,0.03
30054,0.09
30055,0.12
30057,0.03
30058,0.12
30060,0.18
30061,0.15
30063,0.15
30064,0.03
30066,0.03
30067,0.09
30069,0.09
30070,0.15
30071,0.03
30072,0.03
30073,0.06
30074,0.18
30075,0.03
30076,0.03
30077,0.06
30078,0.06
30080,0.06
30081,0.06
30083,0.03
30084,0.03
30086,0.03
30087,0.03
30088,0.03
30089,0.03
30090,0.03
30091,0.09
30093,0.03
30094,0.03
30096,0.03
30097,0.03
30098,0.03
30099,0.06
30101,0.03
30102,0.12
30103,0.03
30105,0.03
30107,0.03
30108,0.03
30110,0.09
30112,0.03
30113,0.06
30116,0.09
30117,0.03
30118,0.03
30119,0.03
30121,0.03
30122,0.06
30123,0.03
30125,0.06
30127,0.03
30128,0.03
30129,0.03
30130,0.03
30131,0.06
30132,0.09
30133,0.09
30134,0.06
30137,0.15
30140,0.12
30141,0.03
30142,0.03
30143,0.03
30144,0.06
30146,0.06
30148,0.15
30149,0.15
30151,0.03
30153,0.09
30154,0.12
30158,0.12
30159,0.21
30160,0.18
30161,0.21
30162,0.24
30163,0.24
30165,0.15
30166,0.03
30167,0.09
30169,0.03
30170,0.06
30171,0.12
30172,0.12
30173,0.09
30174,0.09
30175,0.06
30176,0.03
30178,0.18
30191,0.06
30192,0.06
30193,0.03
30195,0.06
30196,0.15
30197,0.15
30199,0.12
30200,0.03
30201,0.03
30202,0.03
30203,0.03
30204,0.03
30205,0.03
30210,0.09
30211,0.03
30212,0.03
30214,0.03
30216,0.03
30218,0.03
30220,0.06
30223,0.12
30224,0.06
30225,0.09
30227,0.03
30228,0.12
30229,0.09
30232,0.03
30233,0.03
30234,0.06
30236,0.06
30237,0.15
30238,0.03
30239,0.03
30240,0.03
30241,0.03
30242,0.06
30244,0.03
30246,0.12
30247,0.15
30248,0.03
30251,0.03
30252,0.03
30254,0.03
30255,0.03
30256,0.09
30257,0.15
30259,0.03
30261,0.03
30262,0.03
30263,0.03
30264,0.03
30265,0.03
30266,0.03
30267,0.03
30268,0.09
30269,0.03
30270,0.06
30271,0.06
30272,0.06
30275,0.03
30276,0.03
30277,0.03
30278,0.03
30279,0.03
30280,0.03
30281,0.03
30282,0.03
30283,0.03
30284,0.03
30285,0.03
30286,0.03
30287,0.03
30288,0.03
30289,0.03
30290,0.03
30293,0.03
30294,0.03
30295,0.06
30296,0.09
30297,0.03
30298,0.09
30299,0.03
30300,0.03
30302,0.03
30304,0.03
30305,0.06
30307,0.12
30308,0.03
30309,0.03
30310,0.03
30311,0.03
30312,0.15
30313,0.06
30315,0.03
30317,0.12
30318,0.03
30319,0.03
30320,0.09
30321,0.03
30322,0.06
30323,0.09
30325,0.09
30327,0.03
30329,0.03
30331,0.06
30334,0.03
30335,0.09
30337,0.03
30338,0.09
30339,0.03
30340,0.06
30341,0.09
30342,0.06
30344,0.18
30345,0.09
30347,0.15
30348,0.09
30350,0.12
30351,0.12
30353,0.03
30354,0.03
30355,0.06
30358,0.03
30359,0.03
30360,0.06
30362,0.03
30363,0.03
30364,0.03
30366,0.06
30368,0.03
30369,0.03
30371,0.03
30373,0.03
30375,0.03
30378,0.03
30379,0.03
30380,0.03
30381,0.03
30382,0.06
30383,0.03
30384,0.06
30386,0.03
30388,0.03
30389,0.03
30391,0.06
30393,0.09
30395,0.03
30396,0.09
30397,0.09
30399,0.03
30400,0.03
30402,0.03
30403,0.03
30405,0.09
30407,0.09
30409,0.03
30410,0.09
30412,0.03
30415,0.03
30416,0.06
30417,0.06
30418,0.09
30419,0.03
30421,0.03
30422,0.03
30423,0.03
30425,0.09
30426,0.03
30428,0.06
30431,0.03
30432,0.03
30433,0.09
30434,0.15
30435,0.06
30436,0.03
30440,0.03
30441,0.18
30442,0.12
30443,0.09
30444,0.03
30445,0.03
30446,0.03
30447,0.03
30449,0.12
30451,0.03
30452,0.12
30454,0.03
30455,0.06
30456,0.03
30457,0.03
30458,0.03
30459,0.03
30461,0.03
30462,0.12
30463,0.03
30464,0.03
30465,0.03
30466,0.06
30468,0.06
30469,0.03
30470,0.03
30471,0.03
30472,0.03
30474,0.12
30475,0.03
30476,0.06
30477,0.03
30478,0.03
30479,0.03
30480,0.15
30481,0.03
30482,0.06
30483,0.03
30484,0.03
30486,0.03
30489,0.03
30491,0.06
30492,0.03
30494,0.15
30495,0.03
30496,0.03
30497,0.03
30498,0.06
30500,0.03
30501,0.03
30502,0.03
30504,0.06
30506,0.09
30508,0.06
30509,0.03
30510,0.03
30511,0.03
30513,0.03
30515,0.03
30516,0.03
30518,0.03
30520,0.03
30521,0.03
30522,0.03
30524,0.03
30525,0.15
30595,0.15
30597,0.18
30598,0.21
30599,0.21
30600,0.21
30601,0.09
30602,0.09
30603,0.09
30604,0.09
30605,0.09
30606,0.12
30607,0.15
30608,0.18
30609,0.21
30610,0.24
30611,0.24
30612,0.21
30613,0.18
30614,0.21
30615,0.24
30616,0.21
30617,0.24
30618,0.18
30619,0.12
30620,0.03
30621,0.12
30622,0.03
30623,0.03
30628,0.06
30629,0.15
30631,0.15
30633,0.12
30635,0.09
30636,0.15
30637,0.09
30638,0.12
30640,0.03
30641,0.03
30642,0.06
30643,0.03
30644,0.03
30645,0.03
30647,0.03
30648,0.03
30649,0.03
30650,0.06
30651,0.09
30652,0.03
30653,0.03
30655,0.03
30656,0.03
30658,0.15
30660,0.03
30661,0.03
30662,0.03
30663,0.03
30664,0.03
30666,0.15
30667,0.03
30669,0.15
30670,0.15
30673,0.15
30674,0.03
30676,0.03
30677,0.12
30678,0.03
30679,0.15
30680,0.09
30682,0.12
30685,0.03
30687,0.03
30688,0.06
30689,0.03
30690,0.12
30691,0.09
30692,0.12
30693,0.03
30694,0.03
30701,0.09
30703,0.03
30704,0.03
30707,0.03
30708,0.03
30709,0.09
30710,0.09
30711,0.03
30712,0.03
30713,0.06
30714,0.06
30717,0.06
30719,0.03
30720,0.06
30722,0.03
30723,0.06
30724,0.03
30725,0.03
30726,0.03
30727,0.09
30728,0.06
30729,0.09
30731,0.06
30732,0.03
30734,0.12
30736,0.03
30738,0.03
30739,0.18
30740,0.12
30741,0.15
30742,0.15
30744,0.09
30745,0.12
30746,0.06
30747,0.03
30748,0.06
30751,0.12
30753,0.09
30754,0.12
30755,0.03
30756,0.15
30757,0.15
30758,0.18
30760,0.12
30761,0.09
30762,0.18
30763,0.18
30764,0.18
30766,0.15
30768,0.15
30770,0.18
30771,0.15
30772,0.15
30773,0.15
30774,0.03
30779,0.03
30781,0.03
30782,0.06
30783,0.03
30785,0.06
30787,0.21
30788,0.21
30789,0.21
30790,0.18
30791,0.21
30792,0.21
30793,0.12
30795,0.03
30798,0.03
30799,0.03
30800,0.09
30801,0.15
30802,0.06
30805,0.09
30806,0.12
30809,0.06
30811,0.03
30812,0.03
30814,0.21
30815,0.21
30816,0.21
30817,0.21
30818,0.15
30819,0.03
30821,0.03
30825,0.03
30827,0.03
30829,0.03
30831,0.03
30833,0.06
30834,0.15
30836,0.09
30837,0.12
30838,0.12
30839,0.18
30840,0.18
30842,0.12
30845,0.09
30846,0.18
30847,0.03
30849,0.15
30850,0.21
30851,0.21
30853,0.15
30855,0.09
30856,0.21
30857,0.12
30858,0.09
30860,0.15
30867,0.03
30868,0.09
30869,0.15
30874,0.06
30875,0.03
30877,0.03
30879,0.03
30880,0.06
30883,0.15
30885,0.09
30887,0.06
30888,0.06
30890,0.06
30892,0.06
30894,0.03
30896,0.03
30897,0.06
30898,0.06
30899,0.06
30902,0.03
30903,0.03
30904,0.06
30905,0.06
30906,0.03
30907,0.03
30908,0.03
30909,0.06
30910,0.06
30911,0.03
30912,0.06
30913,0.06
30914,0.03
30915,0.03
30916,0.03
30917,0.06
30918,0.06
30919,0.03
30920,0.06
30921,0.03
30922,0.03
30923,0.03
30924,0.03
30925,0.03
30926,0.03
30927,0.03
30928,0.06
30931,0.09
30933,0.03
30934,0.03
30939,0.09
30940,0.03
30942,0.03
30943,0.18
30944,0.21
30945,0.18
30946,0.18
30947,0.18
30948,0.18
30949,0.18
30950,0.12
30951,0.12
30952,0.12
30953,0.09
30955,0.03
30956,0.09
30957,0.12
30959,0.03
30960,0.03
30962,0.09
30963,0.03
30965,0.06
30967,0.03
30968,0.09
30969,0.03
30971,0.03
30973,0.09
30974,0.09
30975,0.18
30976,0.12
30977,0.03
30980,0.06
30983,0.03
30984,0.03
30985,0.03
30986,0.03
30987,0.06
30989,0.03
30991,0.03
30992,0.03
30993,0.12
30994,0.03
30995,0.03
30996,0.03
30997,0.03
30998,0.03
30999,0.09
31000,0.03
31001,0.12
31002,0.03
31003,0.03
31004,0.03
31005,0.03
31006,0.03
31007,0.03
31009,0.03
31010,0.03
31011,0.06
31012,0.03
31013,0.03
31014,0.06
31016,0.03
31017,0.03
31018,0.03
31019,0.06
31020,0.03
31022,0.03
31023,0.06
31025,0.06
31027,0.09
31028,0.03
31030,0.03
31031,0.03
31032,0.03
31034,0.03
31037,0.06
31039,0.06
31040,0.03
31041,0.09
31042,0.09
31043,0.09
31044,0.06
31045,0.06
31046,0.03
31048,0.03
31049,0.03
31050,0.03
31051,0.06
31052,0.06
31053,0.09
31055,0.03
31056,0.09
31057,0.03
31058,0.03
31059,0.03
31061,0.09
31063,0.06
31064,0.09
31067,0.09
31068,0.03
31070,0.12
31071,0.09
31072,0.12
31073,0.09
31075,0.06
31076,0.09
31077,0.03
31079,0.06
31082,0.15
31084,0.12
31086,0.12
31087,0.12
31088,0.12
31089,0.15
31090,0.03
31092,0.03
31094,0.09
31095,0.03
31096,0.03
31098,0.03
31100,0.03
31102,0.03
31103,0.09
31104,0.06
31105,0.06
31108,0.03
31109,0.15
31111,0.06
31112,0.03
31114,0.12
31115,0.03
31116,0.09
31117,0.03
31118,0.12
31120,0.03
31121,0.03
31122,0.09
31123,0.09
31124,0.03
31125,0.03
31127,0.09
31131,0.03
31132,0.03
31133,0.09
31136,0.03
31137,0.06
31138,0.09
31140,0.09
31141,0.03
31142,0.06
31144,0.03
31145,0.03
31147,0.06
31149,0.03
31150,0.03
31151,0.03
31152,0.03
31153,0.03
31154,0.03
31157,0.03
31160,0.06
31162,0.06
31163,0.09
31165,0.06
31166,0.06
31167,0.06
31168,0.03
31170,0.06
31171,0.03
31172,0.09
31173,0.06
31174,0.03
31176,0.03
31177,0.03
31179,0.09
31180,0.06
31182,0.03
31184,0.09
31185,0.03
31186,0.03
31187,0.03
31188,0.12
31190,0.03
31191,0.03
31192,0.06
31193,0.03
31194,0.03
31195,0.09
31196,0.03
31197,0.03
31198,0.09
31199,0.09
31200,0.06
31202,0.06
31204,0.06
31206,0.06
31208,0.18
31216,0.09
31218,0.03
31220,0.03
31222,0.03
31223,0.03
31224,0.03
31225,0.06
31228,0.03
31231,0.03
31232,0.12
31234,0.12
31235,0.06
31237,0.09
31239,0.03
31240,0.09
31242,0.09
31243,0.09
31244,0.06
31245,0.09
31246,0.03
31247,0.03
31248,0.03
31250,0.03
31252,0.03
31253,0.06
31255,0.03
31256,0.09
31290,0.12
31291,0.12
31292,0.12
31293,0.12
31294,0.12
31295,0.12
31296,0.12
31297,0.12
31298,0.12
31299,0.12
31300,0.12
31301,0.12
31302,0.03
31306,0.03
31311,0.12
31312,0.06
31313,0.06
31315,0.03
31316,0.03
31318,0.03
31320,0.03
31321,0.03
31322,0.03
31323,0.06
31325,0.12
31327,0.03
31329,0.03
31330,0.06
31331,0.09
31332,0.06
31333,0.09
31335,0.06
31337,0.12
31339,0.03
31340,0.03
31341,0.03
31343,0.03
31344,0.03
31345,0.03
31346,0.03
31347,0.06
31349,0.03
31351,0.03
31353,0.03
31355,0.09
31358,0.12
31360,0.06
31362,0.03
31364,0.03
31365,0.03
31366,0.03
31367,0.03
31368,0.03
31369,0.09
31371,0.03
31373,0.03
31375,0.03
31377,0.06
31378,0.03
31380,0.03
31383,0.03
31384,0.06
31386,0.03
31387,0.03
31388,0.03
31389,0.06
31390,0.03
31391,0.03
31392,0.03
31394,0.03
31395,0.03
31397,0.03
31398,0.03
31399,0.06
31401,0.03
31403,0.03
31405,0.12
31407,0.06
31409,0.12
31410,0.09
31412,0.09
31413,0.12
31416,0.06
31417,0.06
31419,0.03
31421,0.15
31422,0.03
31423,0.06
31424,0.03
31425,0.09
31429,0.06
31430,0.06
31433,0.09
31434,0.06
31435,0.06
31436,0.09
31437,0.09
31438,0.12
31439,0.06
31440,0.03
31443,0.06
31445,0.03
31446,0.12
31452,0.09
31453,0.03
31454,0.06
31456,0.06
31457,0.09
31458,0.03
31459,0.03
31460,0.06
31461,0.06
31464,0.12
31465,0.06
31466,0.03
31470,0.06
31473,0.09
31475,0.06
31477,0.06
31478,0.03
31480,0.03
31482,0.03
31485,0.12
31487,0.06
31488,0.09
31489,0.06
31490,0.06
31492,0.12
31493,0.09
31494,0.06
31495,0.09
31497,0.03
31498,0.09
31500,0.06
31501,0.09
31503,0.06
31504,0.06
31505,0.06
31506,0.06
31511,0.03
31514,0.09
31516,0.06
31517,0.06
31518,0.09
31519,0.12
31520,0.06
31521,0.06
31522,0.09
31524,0.09
31526,0.06
31527,0.09
31528,0.03
31530,0.03
31532,0.06
31533,0.06
31534,0.09
31536,0.06
31538,0.03
31541,0.06
31542,0.12
31543,0.12
31544,0.12
31545,0.12
31546,0.12
31547,0.12
31550,0.12
31551,0.09
31552,0.09
31553,0.09
31554,0.09
31555,0.09
31556,0.09
31557,0.09
31558,0.09
31559,0.09
31560,0.09
31561,0.12
31563,0.12
31564,0.09
31565,0.09
31585,0.06
31587,0.03
31588,0.06
31589,0.06
31590,0.03
31591,0.03
31592,0.03
31593,0.06
31594,0.06
31595,0.03
31596,0.03
31597,0.06
31598,0.06
31599,0.03
31600,0.03
31601,0.06
31602,0.06
31603,0.03
31604,0.03
31606,0.03
31607,0.06
31608,0.06
31610,0.06
31611,0.06
31612,0.03
31613,0.03
31614,0.06
31615,0.06
31616,0.03
31617,0.03
31619,0.06
31621,0.03
31623,0.03
31624,0.03
31625,0.09
31626,0.03
31627,0.06
31628,0.06
31629,0.12
31631,0.18
31632,0.12
31633,0.12
31636,0.12
31637,0.12
31638,0.03
31639,0.09
31641,0.03
31643,0.03
31644,0.03
31646,0.09
31647,0.09
31648,0.03
31649,0.03
31651,0.09
31653,0.06
31654,0.06
31656,0.03
31658,0.03
31660,0.03
31661,0.15
31662,0.12
31663,0.09
31664,0.03
31665,0.12
31666,0.15
31668,0.06
31670,0.03
31671,0.12
31672,0.12
31673,0.18
31675,0.03
31676,0.21
31677,0.03
31680,0.09
31681,0.15
31682,0.09
31683,0.15
31684,0.09
31685,0.09
31686,0.09
31687,0.06
31688,0.12
31690,0.03
31691,0.06
31694,0.12
31695,0.12
31696,0.09
31697,0.06
31699,0.03
31700,0.09
31703,0.03
31704,0.06
31705,0.03
31706,0.09
31708,0.09
31709,0.09
31712,0.03
31713,0.09
31714,0.06
31715,0.03
31716,0.12
31717,0.06
31719,0.12
31721,0.12
31722,0.12
31723,0.12
31724,0.12
31726,0.15
31728,0.09
31729,0.03
31730,0.03
31731,0.03
31733,0.09
31735,0.03
31738,0.09
31739,0.03
31741,0.06
31743,0.03
31744,0.06
31747,0.03
31748,0.03
31749,0.03
31750,0.03
31751,0.03
31752,0.03
31754,0.03
31755,0.03
31757,0.06
31758,0.09
31760,0.06
31762,0.03
31764,0.03
31765,0.03
31766,0.03
31767,0.03
31768,0.03
31770,0.09
31772,0.03
31775,0.03
31778,0.03
31779,0.03
31780,0.03
31781,0.03
31782,0.03
31783,0.03
31784,0.03
31786,0.03
31787,0.03
31788,0.03
31789,0.03
31790,0.03
31791,0.03
31792,0.03
31793,0.03
31794,0.03
31795,0.03
31796,0.03
31797,0.03
31798,0.03
31799,0.03
31800,0.03
31801,0.03
31802,0.03
31803,0.03
31804,0.03
31805,0.03
31806,0.03
31807,0.03
31808,0.03
31809,0.03
31810,0.03
31811,0.03
31812,0.03
31814,0.06
31818,0.06
31820,0.03
31823,0.03
31824,0.06
31828,0.06
31831,0.03
31836,0.03
31839,0.03
31840,0.03
31841,0.03
31842,0.06
31843,0.06
31844,0.03
31848,0.12
31849,0.12
31856,0.12
31857,0.12
31858,0.12
31859,0.12
31860,0.12
31861,0.12
31862,0.12
31863,0.12
31864,0.12
31865,0.12
31866,0.12
31867,0.12
31868,0.12
31869,0.12
31870,0.12
31871,0.12
31872,0.24
31873,0.24
31874,0.24
31882,0.03
31883,0.03
31884,0.03
31885,0.03
31887,0.03
31888,0.03
31889,0.06
31890,0.03
31892,0.03
31894,0.03
31895,0.03
31897,0.03
31898,0.06
31899,0.03
31901,0.03
31903,0.06
31904,0.06
31905,0.06
31906,0.03
31907,0.03
31908,0.03
31909,0.03
31910,0.03
31911,0.06
31912,0.06
31914,0.03
31915,0.03
31916,0.12
31917,0.03
31919,0.06
31920,0.12
31923,0.03
31924,0.03
31926,0.03
31927,0.06
31928,0.03
31929,0.06
31932,0.09
31935,0.06
31936,0.03
31937,0.06
31938,0.09
31939,0.06
31940,0.03
31942,0.06
31943,0.03
31945,0.03
31946,0.06
31948,0.03
31949,0.09
31951,0.09
31952,0.03
31953,0.03
31954,0.03
31955,0.03
31957,0.03
31958,0.03
31959,0.03
31960,0.03
31961,0.09
31962,0.06
31963,0.03
31964,0.03
31965,0.03
31966,0.03
31967,0.03
31968,0.06
31969,0.09
31970,0.03
31972,0.03
31973,0.06
31976,0.09
31978,0.09
31980,0.03
31981,0.03
31982,0.03
31983,0.03
31984,0.15
31985,0.03
31986,0.03
31987,0.03
31988,0.06
31990,0.03
31991,0.03
31992,0.03
31993,0.03
31994,0.03
31995,0.03
31996,0.09
31997,0.03
31998,0.03
31999,0.09
32000,0.03
32001,0.03
32002,0.03
32003,0.03
32004,0.03
32005,0.03
32006,0.03
32007,0.03
32008,0.03
32009,0.03
32010,0.03
32011,0.03
32012,0.03
32013,0.06
32014,0.03
32015,0.03
32017,0.06
32019,0.06
32020,0.09
32021,0.12
32022,0.03
32025,0.03
32027,0.03
32030,0.09
32033,0.03
32034,0.06
32035,0.06
32036,0.06
32037,0.03
32038,0.03
32039,0.03
32041,0.03
32042,0.03
32043,0.09
32044,0.03
32045,0.03
32046,0.03
32048,0.03
32050,0.06
32051,0.03
32052,0.03
32053,0.09
32054,0.06
32055,0.09
32057,0.09
32058,0.03
32059,0.03
32060,0.09
32062,0.03
32063,0.12
32064,0.03
32065,0.09
32068,0.09
32069,0.03
32070,0.09
32072,0.03
32073,0.03
32074,0.06
32075,0.03
32076,0.03
32077,0.09
32080,0.03
32081,0.06
32082,0.06
32083,0.09
32084,0.12
32085,0.09
32087,0.09
32088,0.09
32089,0.03
32090,0.03
32091,0.03
32092,0.03
32094,0.03
32096,0.03
32097,0.03
32098,0.03
32099,0.09
32101,0.03
32102,0.03
32103,0.06
32105,0.03
32107,0.12
32109,0.03
32110,0.09
32111,0.09
32112,0.06
32113,0.09
32115,0.03
32117,0.09
32118,0.06
32120,0.03
32121,0.06
32122,0.06
32123,0.09
32124,0.06
32125,0.03
32128,0.03
32129,0.06
32130,0.06
32131,0.06
32132,0.06
32133,0.09
32134,0.09
32136,0.09
32138,0.09
32139,0.09
32140,0.06
32141,0.06
32142,0.03
32144,0.03
32146,0.03
32153,0.21
32154,0.21
32155,0.18
32157,0.15
32158,0.15
32159,0.18
32160,0.12
32161,0.12
32162,0.15
32174,0.06
32178,0.03
32182,0.03
32183,0.03
32184,0.03
32185,0.03
32186,0.03
32187,0.06
32188,0.06
32189,0.03
32190,0.03
32191,0.06
32192,0.06
32193,0.03
32194,0.06
32195,0.03
32196,0.06
32200,0.03
32201,0.09
32202,0.03
32203,0.03
32204,0.03
32206,0.03
32207,0.03
32208,0.06
32211,0.03
32212,0.03
32213,0.03
32214,0.03
32215,0.06
32217,0.09
32218,0.03
32219,0.03
32220,0.09
32221,0.09
32222,0.03
32223,0.03
32225,0.03
32227,0.03
32230,0.03
32232,0.09
32233,0.09
32238,0.06
32240,0.15
32241,0.06
32243,0.12
32244,0.06
32245,0.03
32247,0.06
32251,0.06
32252,0.03
32253,0.06
32254,0.09
32255,0.09
32256,0.09
32257,0.03
32259,0.09
32261,0.03
32262,0.03
32263,0.03
32264,0.03
32265,0.03
32266,0.03
32267,0.03
32268,0.09
32269,0.12
32270,0.09
32271,0.06
32272,0.03
32273,0.03
32274,0.03
32275,0.09
32277,0.03
32280,0.03
32282,0.03
32283,0.03
32284,0.03
32286,0.03
32288,0.06
32289,0.06
32290,0.03
32292,0.09
32294,0.06
32295,0.09
32297,0.09
32299,0.03
32300,0.03
32303,0.03
32305,0.09
32306,0.12
32307,0.03
32308,0.06
32309,0.06
32310,0.09
32312,0.03
32314,0.03
32316,0.03
32317,0.03
32318,0.09
32320,0.09
32322,0.03
32323,0.03
32324,0.09
32325,0.09
32326,0.09
32327,0.09
32328,0.03
32329,0.03
32331,0.06
32332,0.09
32333,0.03
32335,0.03
32336,0.03
32337,0.12
32339,0.03
32340,0.03
32341,0.03
32342,0.09
32344,0.03
32345,0.06
32346,0.09
32347,0.03
32349,0.03
32350,0.03
32353,0.03
32354,0.03
32356,0.12
32357,0.12
32358,0.03
32359,0.03
32360,0.03
32361,0.03
32362,0.06
32363,0.03
32364,0.06
32365,0.03
32366,0.03
32367,0.03
32368,0.03
32370,0.09
32371,0.06
32372,0.03
32373,0.15
32375,0.06
32377,0.03
32378,0.03
32379,0.03
32380,0.03
32381,0.03
32382,0.12
32383,0.03
32384,0.09
32385,0.12
32386,0.03
32390,0.36
32391,0.18
32393,0.15
32394,0.15
32396,0.06
32397,0.03
32399,0.06
32401,0.03
32404,0.03
32405,0.03
32407,0.03
32409,0.03
32412,0.06
32415,0.06
32417,0.03
32418,0.03
32420,0.03
32422,0.03
32423,0.03
32424,0.03
32425,0.03
32426,0.03
32427,0.03
32428,0.03
32429,0.03
32430,0.03
32431,0.03
32432,0.03
32433,0.03
32434,0.03
32435,0.03
32436,0.03
32437,0.03
32506,0.06
32507,0.03
32508,0.06
32509,0.03
32511,0.03
32512,0.03
32513,0.03
32514,0.09
32516,0.03
32518,0.03
32520,0.03
32526,0.06
32529,0.06
32530,0.03
32532,0.03
32533,0.03
32534,0.03
32535,0.03
32537,0.03
32538,0.03
32539,0.03
32540,0.09
32541,0.06
32542,0.03
32543,0.03
32544,0.03
32545,0.06
32546,0.03
32547,0.06
32548,0.03
32549,0.06
32552,0.06
32553,0.03
32554,0.06
32555,0.03
32557,0.06
32558,0.06
32560,0.03
32561,0.03
32563,0.06
32565,0.06
32567,0.03
32568,0.03
32570,0.03
32571,0.03
32573,0.09
32574,0.09
32576,0.03
32578,0.09
32579,0.09
32580,0.09
32582,0.03
32583,0.03
32584,0.03
32586,0.09
32587,0.09
32589,0.03
32590,0.03
32591,0.03
32593,0.03
32594,0.03
32595,0.06
32596,0.09
32598,0.03
32599,0.09
32600,0.06
32601,0.06
32602,0.09
32604,0.03
32605,0.03
32606,0.03
32607,0.03
32608,0.06
32609,0.03
32610,0.06
32611,0.06
32612,0.03
32613,0.03
32614,0.03
32615,0.03
32616,0.03
32617,0.06
32618,0.03
32619,0.03
32620,0.06
32622,0.03
32623,0.03
32624,0.12
32626,0.06
32628,0.03
32629,0.09
32631,0.03
32634,0.06
32635,0.03
32636,0.03
32637,0.06
32639,0.06
32640,0.03
32641,0.03
32643,0.03
32644,0.03
32645,0.03
32646,0.03
32647,0.03
32649,0.03
32650,0.03
32652,0.03
32653,0.09
32655,0.03
32656,0.03
32657,0.03
32658,0.03
32659,0.03
32660,0.03
32662,0.03
32663,0.09
32665,0.09
32669,0.03
32670,0.03
32671,0.09
32672,0.09
32674,0.03
32676,0.03
32677,0.03
32679,0.03
32680,0.03
32681,0.03
32682,0.06
32683,0.03
32685,0.09
32687,0.03
32688,0.03
32689,0.03
32690,0.06
32691,0.03
32692,0.09
32693,0.06
32695,0.06
32697,0.09
32699,0.03
32701,0.06
32703,0.03
32704,0.03
32706,0.09
32707,0.12
32709,0.03
32710,0.03
32712,0.06
32713,0.03
32715,0.03
32717,0.06
32719,0.03
32721,0.06
32723,0.06
32724,0.03
32726,0.03
32727,0.06
32729,0.03
32731,0.06
32732,0.03
32733,0.03
32734,0.12
32736,0.03
32737,0.03
32738,0.03
32739,0.03
32740,0.06
32741,0.03
32742,0.06
32743,0.03
32746,0.03
32747,0.03
32748,0.03
32749,0.03
32750,0.03
32752,0.12
32753,0.06
32754,0.03
32756,0.03
32757,0.03
32758,0.03
32760,0.03
32763,0.09
32764,0.03
32765,0.06
32767,0.09
32768,0.03
32769,0.09
32771,0.06
32772,0.06
32773,0.06
32774,0.06
32776,0.03
32777,0.03
32779,0.03
32781,0.03
32783,0.03
32784,0.03
32785,0.06
32787,0.03
32788,0.03
32789,0.03
32791,0.03
32792,0.03
32793,0.03
32795,0.03
32796,0.03
32797,0.03
32798,0.03
32799,0.06
32800,0.06
32801,0.12
32803,0.03
32804,0.06
32805,0.03
32806,0.03
32807,0.03
32809,0.09
32810,0.06
32811,0.03
32812,0.06
32813,0.03
32814,0.06
32815,0.03
32817,0.06
32818,0.03
32819,0.03
32820,0.03
32822,0.03
32824,0.03
32825,0.03
32826,0.03
32827,0.03
32828,0.03
32829,0.12
32831,0.03
32832,0.03
32833,0.03
32834,0.06
32835,0.03
32836,0.03
32837,0.03
32838,0.03
32839,0.03
32840,0.09
32841,0.03
32842,0.06
32844,0.03
32845,0.09
32846,0.03
32847,0.03
32849,0.06
32851,0.06
32853,0.03
32854,0.03
32856,0.03
32857,0.06
32858,0.03
32859,0.03
32862,0.03
32863,0.03
32865,0.03
32866,0.03
32868,0.03
32869,0.03
32870,0.03
32871,0.03
32872,0.03
32874,0.09
32876,0.03
32877,0.03
32878,0.03
32879,0.03
32881,0.03
32882,0.03
32883,0.03
32884,0.03
32885,0.03
32886,0.03
32888,0.03
32890,0.12
32892,0.09
32894,0.03
32895,0.03
32896,0.06
32898,0.03
32899,0.03
32900,0.03
32901,0.06
32902,0.03
32903,0.03
32906,0.03
32907,0.09
32908,0.03
32909,0.03
32911,0.03
32912,0.09
32915,0.09
32918,0.03
32920,0.03
32921,0.03
32924,0.03
32925,0.03
32927,0.03
32928,0.03
32929,0.03
32930,0.03
32932,0.06
32934,0.06
32936,0.03
32938,0.06
32940,0.06
32941,0.03
32942,0.06
32944,0.03
32945,0.09
32947,0.09
32949,0.03
32950,0.03
32951,0.06
32952,0.09
32953,0.03
32954,0.09
32956,0.03
32957,0.03
32958,0.03
32959,0.06
32960,0.03
32961,0.03
32963,0.03
32965,0.03
32967,0.03
32968,0.03
32969,0.03
32970,0.03
32971,0.03
32972,0.06
32974,0.03
32975,0.03
32977,0.03
32978,0.03
32979,0.09
32980,0.03
32988,0.12
32989,0.12
32990,0.12
32991,0.12
32992,0.12
32993,0.12
32994,0.12
32995,0.12
32996,0.12
32997,0.12
32998,0.12
32999,0.12
33000,0.12
33002,0.12
33003,0.12
33004,0.12
33006,0.12
33008,0.12
33009,0.12
33010,0.12
33011,0.12
33012,0.12
33013,0.12
33014,0.12
33015,0.12
33016,0.12
33017,0.12
33018,0.12
33019,0.12
33020,0.12
33021,0.12
33022,0.12
33023,0.12
33024,0.12
33025,0.12
33026,0.12
33027,0.12
33028,0.12
33029,0.12
33030,0.15
33031,0.12
33054,0.06
33061,0.03
33071,0.06
33076,0.15
33077,0.15
33078,0.18
33079,0.15
33082,0.21
33083,0.18
33086,0.15
33087,0.09
33091,0.06
33093,0.03
33095,0.03
33097,0.03
33098,0.12
33099,0.06
33100,0.09
33101,0.03
33102,0.09
33103,0.03
33104,0.03
33105,0.03
33106,0.12
33107,0.09
33108,0.09
33109,0.09
33110,0.09
33111,0.12
33112,0.06
33114,0.09
33117,0.12
33122,0.06
33147,0.03
33149,0.03
33152,0.03
33155,0.09
33158,0.06
33161,0.03
33162,0.06
33165,0.03
33166,0.03
33167,0.03
33168,0.06
33170,0.06
33173,0.03
33175,0.09
33178,0.06
33182,0.06
33186,0.03
33187,0.03
33189,0.03
33190,0.09
33193,0.06
33195,0.06
33197,0.06
33200,0.03
33201,0.03
33203,0.03
33205,0.03
33207,0.06
33210,0.06
33213,0.06
33216,0.03
33217,0.09
33220,0.09
33224,0.03
33226,0.03
33228,0.06
33231,0.03
33232,0.03
33233,0.06
33236,0.03
33237,0.03
33238,0.03
33241,0.06
33243,0.03
33245,0.03
33246,0.12
33250,0.12
33253,0.03
33256,0.03
33258,0.03
33259,0.03
33260,0.03
33261,0.03
33262,0.03
33263,0.06
33264,0.06
33265,0.03
33269,0.03
33272,0.06
33276,0.06
33279,0.03
33281,0.06
33284,0.03
33288,0.06
33291,0.15
33292,0.03
33293,0.09
33296,0.06
33298,0.03
33301,0.06
33304,0.06
33307,0.06
33310,0.06
33311,0.06
33313,0.06
33316,0.03
33319,0.06
33322,0.06
33325,0.03
33327,0.09
33330,0.09
33331,0.09
33334,0.09
33337,0.03
33338,0.06
33341,0.06
33411,0.09
33412,0.03
33413,0.03
33415,0.06
33417,0.03
33418,0.03
33419,0.03
33420,0.03
33421,0.09
33423,0.03
33426,0.06
33428,0.09
33431,0.06
33432,0.12
33434,0.09
33435,0.06
33436,0.03
33437,0.03
33438,0.03
33439,0.06
33440,0.06
33441,0.03
33442,0.03
33443,0.03
33444,0.03
33446,0.03
33447,0.03
33449,0.03
33451,0.03
33452,0.09
33454,0.03
33455,0.09
33456,0.03
33458,0.06
33459,0.03
33460,0.03
33462,0.06
33463,0.03
33465,0.03
33466,0.09
33467,0.03
33468,0.09
33469,0.03
33470,0.06
33472,0.03
33473,0.03
33474,0.03
33475,0.03
33476,0.09
33478,0.03
33479,0.03
33481,0.09
33484,0.09
33486,0.03
33488,0.03
33490,0.03
33491,0.03
33493,0.03
33494,0.03
33495,0.03
33497,0.03
33499,0.03
33500,0.03
33501,0.03
33503,0.03
33504,0.09
33505,0.03
33506,0.03
33507,0.09
33508,0.03
33509,0.09
33510,0.03
33511,0.09
33512,0.03
33514,0.03
33515,0.09
33516,0.03
33517,0.03
33518,0.03
33520,0.03
33521,0.06
33522,0.06
33524,0.06
33525,0.03
33527,0.03
33528,0.03
33529,0.09
33530,0.03
33531,0.03
33532,0.03
33533,0.06
33535,0.03
33536,0.03
33537,0.09
33538,0.03
33539,0.06
33541,0.03
33543,0.03
33544,0.06
33546,0.03
33547,0.03
33549,0.03
33550,0.03
33551,0.09
33552,0.12
33554,0.03
33555,0.03
33556,0.09
33558,0.06
33559,0.09
33562,0.06
33563,0.03
33564,0.06
33565,0.09
33566,0.03
33568,0.03
33569,0.03
33571,0.06
33572,0.09
33573,0.03
33574,0.06
33575,0.09
33576,0.03
33577,0.03
33579,0.03
33580,0.03
33581,0.09
33583,0.09
33584,0.03
33585,0.09
33586,0.03
33587,0.03
33588,0.03
33589,0.03
33590,0.09
33591,0.03
33592,0.03
33593,0.03
33594,0.06
33595,0.03
33597,0.09
33598,0.09
33599,0.03
33600,0.03
33601,0.03
33602,0.03
33603,0.03
33605,0.03
33606,0.03
33607,0.03
33608,0.03
33609,0.09
33610,0.09
33613,0.03
33615,0.09
33617,0.06
33618,0.03
33620,0.03
33623,0.03
33624,0.03
33625,0.03
33627,0.03
33628,0.06
33630,0.03
33631,0.03
33633,0.03
33634,0.03
33635,0.03
33636,0.03
33638,0.03
33639,0.06
33641,0.03
33642,0.03
33643,0.03
33645,0.06
33646,0.09
33648,0.03
33649,0.03
33650,0.06
33651,0.03
33652,0.06
33653,0.03
33655,0.03
33656,0.03
33658,0.03
33659,0.03
33661,0.03
33662,0.03
33663,0.03
33664,0.06
33665,0.03
33667,0.03
33668,0.03
33670,0.03
33671,0.03
33672,0.03
33673,0.03
33674,0.03
33676,0.03
33678,0.15
33680,0.09
33682,0.03
33683,0.09
33684,0.09
33686,0.09
33688,0.06
33689,0.03
33691,0.03
33692,0.09
33695,0.03
33696,0.09
33697,0.03
33698,0.03
33699,0.03
33701,0.06
33703,0.03
33704,0.06
33705,0.03
33707,0.03
33708,0.03
33710,0.06
33711,0.03
33712,0.03
33713,0.03
33715,0.03
33716,0.03
33717,0.03
33718,0.06
33719,0.09
33721,0.06
33722,0.12
33724,0.03
33726,0.03
33727,0.03
33728,0.03
33729,0.03
33731,0.06
33732,0.03
33733,0.03
33734,0.06
33735,0.03
33736,0.03
33737,0.03
33738,0.03
33739,0.06
33740,0.03
33741,0.06
33743,0.03
33744,0.09
33746,0.03
33747,0.03
33748,0.03
33749,0.03
33750,0.03
33751,0.03
33752,0.03
33753,0.03
33754,0.06
33755,0.06
33756,0.03
33757,0.03
33758,0.03
33759,0.03
33760,0.03
33762,0.06
33763,0.06
33765,0.12
33767,0.03
33768,0.03
33769,0.03
33770,0.03
33771,0.03
33772,0.03
33773,0.03
33774,0.03
33775,0.03
33776,0.03
33777,0.09
33779,0.03
33781,0.09
33783,0.03
33784,0.03
33785,0.03
33786,0.03
33788,0.03
33789,0.09
33791,0.03
33793,0.03
33794,0.03
33795,0.03
33796,0.03
33797,0.06
33799,0.03
33800,0.03
33801,0.03
33802,0.03
33803,0.03
33804,0.03
33805,0.09
33806,0.03
33807,0.03
33808,0.03
33809,0.03
33810,0.03
33811,0.03
33812,0.03
33813,0.03
33814,0.03
33815,0.03
33817,0.09
33819,0.09
33820,0.03
33821,0.03
33822,0.09
33824,0.03
33825,0.03
33826,0.03
33827,0.03
33828,0.03
33829,0.06
33830,0.03
33831,0.09
33832,0.09
33833,0.03
33834,0.03
33835,0.09
33836,0.03
33837,0.06
33838,0.03
33840,0.03
33841,0.03
33842,0.03
33843,0.03
33845,0.03
33846,0.09
33848,0.03
33849,0.09
33851,0.09
33852,0.12
33853,0.03
33854,0.09
33855,0.09
33857,0.06
33859,0.03
33860,0.03
33862,0.03
33863,0.03
33864,0.03
33865,0.03
33867,0.03
33869,0.03
33870,0.06
33872,0.03
33873,0.03
33874,0.03
33876,0.06
33877,0.03
33879,0.03
33880,0.03
33881,0.03
33882,0.03
33883,0.03
33884,0.03
33885,0.03
33886,0.06
33887,0.06
33889,0.06
33890,0.03
33892,0.06
33893,0.03
33894,0.03
33895,0.06
33898,0.03
33899,0.03
33900,0.03
33902,0.03
33903,0.03
33904,0.09
33906,0.03
33907,0.03
33908,0.03
33909,0.03
33911,0.03
33912,0.03
33913,0.06
33914,0.06
33916,0.09
33919,0.03
33921,0.03
33922,0.06
33925,0.03
33926,0.03
33928,0.09
33929,0.03
33930,0.03
33931,0.09
33933,0.03
33934,0.06
33935,0.03
33936,0.03
33937,0.06
33938,0.06
33940,0.03
33942,0.03
33944,0.03
33945,0.03
33947,0.09
33949,0.03
33950,0.03
33951,0.03
33952,0.03
33953,0.03
33954,0.09
33958,0.03
33960,0.03
33962,0.03
33963,0.03
33964,0.03
33965,0.03
33966,0.03
33968,0.12
33970,0.06
33971,0.03
33972,0.03
33973,0.03
33974,0.06
33975,0.06
33976,0.03
33977,0.06
33978,0.03
33979,0.03
33980,0.03
33981,0.03
33982,0.03
33984,0.06
33985,0.03
33987,0.03
33989,0.03
33990,0.03
33992,0.03
33993,0.03
33994,0.03
33995,0.03
33997,0.03
33998,0.03
34000,0.03
34001,0.03
34002,0.03
34003,0.03
34004,0.03
34005,0.03
34006,0.03
34007,0.03
34008,0.09
34010,0.03
34011,0.03
34012,0.03
34013,0.09
34015,0.03
34016,0.03
34017,0.03
34018,0.03
34019,0.03
34020,0.03
34021,0.03
34022,0.03
34023,0.03
34025,0.03
34026,0.03
34028,0.03
34030,0.06
34032,0.06
34033,0.03
34034,0.06
34036,0.03
34038,0.06
34040,0.06
34041,0.06
34045,0.03
34046,0.06
34047,0.06
34048,0.03
34050,0.03
34051,0.06
34052,0.06
34053,0.12
34056,0.06
34058,0.09
34059,0.09
34062,0.06
34063,0.03
34065,0.03
34066,0.03
34068,0.03
34070,0.03
34072,0.03
34074,0.03
34075,0.03
34076,0.03
34077,0.03
34078,0.03
34079,0.09
34081,0.03
34083,0.03
34084,0.09
34087,0.03
34088,0.03
34089,0.03
34091,0.03
34092,0.03
34093,0.06
34094,0.03
34095,0.06
34096,0.09
34097,0.03
34098,0.09
34100,0.03
34102,0.03
34103,0.03
34104,0.03
34105,0.03
34107,0.03
34108,0.03
34109,0.03
34111,0.09
34113,0.15
34115,0.03
34116,0.03
34118,0.03
34119,0.03
34120,0.03
34122,0.06
34125,0.03
34126,0.03
34127,0.03
34128,0.03
34129,0.06
34130,0.03
34131,0.03
34132,0.03
34133,0.03
34134,0.03
34136,0.03
34138,0.06
34141,0.03
34143,0.09
34144,0.03
34145,0.03
34146,0.03
34148,0.06
34149,0.09
34151,0.03
34152,0.03
34153,0.06
34155,0.03
34157,0.03
34158,0.03
34159,0.06
34160,0.03
34161,0.03
34162,0.03
34163,0.09
34165,0.03
34167,0.03
34168,0.03
34169,0.03
34170,0.03
34172,0.03
34173,0.06
34174,0.03
34175,0.03
34176,0.12
34177,0.12
34178,0.12
34179,0.12
34180,0.03
34183,0.03
34185,0.12
34186,0.03
34188,0.03
34189,0.03
34190,0.03
34191,0.03
34193,0.06
34194,0.12
34195,0.12
34202,0.03
34203,0.06
34206,0.03
34208,0.03
34210,0.03
34213,0.03
34214,0.09
34217,0.09
34218,0.03
34220,0.03
34221,0.03
34222,0.03
34225,0.09
34226,0.03
34229,0.03
34230,0.09
34232,0.03
34234,0.03
34235,0.03
34236,0.03
34237,0.03
34238,0.03
34239,0.03
34240,0.03
34242,0.03
34243,0.03
34245,0.06
34246,0.03
34247,0.03
34248,0.03
34249,0.03
34250,0.03
34251,0.03
34252,0.06
34253,0.03
34254,0.03
34255,0.03
34257,0.03
34258,0.03
34261,0.03
34262,0.03
34263,0.03
34264,0.03
34266,0.03
34268,0.03
34270,0.03
34272,0.03
34273,0.03
34274,0.03
34276,0.03
34277,0.03
34278,0.03
34280,0.06
34281,0.03
34282,0.03
34285,0.09
34286,0.03
34287,0.12
34288,0.03
34290,0.15
34294,0.03
34306,0.03
34308,0.06
34309,0.03
34312,0.09
34314,0.09
34315,0.03
34317,0.03
34320,0.03
34321,0.03
34323,0.06
34325,0.03
34326,0.06
34327,0.06
34328,0.03
34330,0.03
34331,0.09
34333,0.03
34335,0.03
34338,0.03
34339,0.03
34341,0.03
34344,0.03
34345,0.15
34347,0.15
34348,0.15
34349,0.12
34350,0.12
34351,0.03
34352,0.03
34353,0.06
34354,0.03
34356,0.03
34357,0.03
34358,0.06
34360,0.12
34362,0.09
34364,0.03
34367,0.03
34369,0.06
34370,0.03
34372,0.03
34375,0.06
34379,0.09
34384,0.06
34386,0.03
34388,0.03
34389,0.03
34390,0.09
34391,0.03
34393,0.03
34395,0.03
34397,0.03
34399,0.03
34401,0.06
34402,0.03
34405,0.09
34406,0.06
34408,0.12
34409,0.03
34410,0.12
34411,0.03
34412,0.03
34414,0.06
34416,0.06
34417,0.15
34418,0.06
34421,0.03
34423,0.03
34424,0.03
34425,0.09
34426,0.03
34428,0.06
34430,0.03
34432,0.03
34434,0.03
34436,0.03
34438,0.03
34440,0.03
34446,0.03
34447,0.15
34450,0.03
34453,0.15
34454,0.15
34455,0.15
34459,0.15
34460,0.15
34461,0.15
34462,0.15
34463,0.15
34464,0.15
34465,0.15
34466,0.15
34467,0.15
34469,0.36
34471,0.36
34473,0.36
34475,0.36
34477,0.36
34479,0.36
34480,0.15
34481,0.15
34482,0.15
34485,0.36
34486,0.15
34487,0.15
34488,0.15
34489,0.15
34490,0.15
34491,0.15
34492,0.15
34509,0.06
34512,0.03
34515,0.06
34519,0.03
34521,0.06
34523,0.03
34526,0.03
34528,0.09
34531,0.06
34535,0.06
34539,0.06
34542,0.09
34544,0.06
34547,0.09
34551,0.06
34554,0.09
34558,0.09
34561,0.03
34563,0.03
34565,0.03
34567,0.03
34569,0.03
34572,0.03
34575,0.06
34578,0.06
34580,0.03
34582,0.03
34585,0.03
34587,0.06
34591,0.06
34594,0.06
34597,0.06
34600,0.03
34603,0.03
34606,0.03
34607,0.03
34610,0.06
34614,0.03
34617,0.03
34620,0.03
34623,0.03
34624,0.03
34625,0.03
34628,0.06
34632,0.06
34706,0.06
34707,0.06
34708,0.03
34709,0.03
34711,0.03
34712,0.03
34713,0.03
34714,0.03
34715,0.03
34716,0.06
34717,0.03
34718,0.03
34719,0.03
34720,0.03
34721,0.06
34723,0.06
34724,0.03
34725,0.03
34726,0.03
34727,0.09
34729,0.03
34730,0.12
34732,0.09
34733,0.03
34734,0.03
34735,0.12
34736,0.03
34737,0.03
34738,0.03
34739,0.03
34740,0.03
34741,0.09
34743,0.06
34745,0.03
34746,0.09
34748,0.03
34750,0.03
34751,0.03
34752,0.03
34754,0.06
34756,0.09
34757,0.09
34758,0.03
34759,0.09
34760,0.09
34761,0.03
34764,0.03
34765,0.03
34766,0.03
34768,0.03
34770,0.06
34771,0.06
34772,0.03
34774,0.03
34775,0.06
34776,0.03
34778,0.06
34780,0.03
34782,0.06
34784,0.03
34786,0.09
34788,0.03
34789,0.06
34790,0.03
34791,0.06
34793,0.09
34796,0.03
34798,0.12
34801,0.03
34804,0.03
34805,0.03
34806,0.03
34808,0.09
34809,0.03
34810,0.03
34811,0.03
34812,0.03
34815,0.03
34817,0.03
34818,0.03
34819,0.03
34820,0.03
34821,0.09
34823,0.06
34825,0.09
34827,0.03
34829,0.03
34830,0.03
34831,0.03
34832,0.03
34833,0.03
34835,0.06
34837,0.03
34838,0.09
34840,0.06
34841,0.06
34842,0.03
34843,0.09
34845,0.03
34846,0.03
34847,0.03
34848,0.03
34849,0.03
34850,0.03
34851,0.03
34852,0.03
34854,0.09
34855,0.03
34856,0.09
34858,0.03
34859,0.03
34860,0.03
34861,0.03
34863,0.09
34865,0.03
34867,0.03
34869,0.09
34870,0.03
34871,0.06
34872,0.03
34873,0.06
34875,0.03
34876,0.03
34877,0.03
34878,0.03
34879,0.06
34881,0.03
34884,0.12
34886,0.12
34887,0.09
34888,0.03
34889,0.03
34891,0.03
34893,0.03
34894,0.03
34895,0.09
34896,0.03
34898,0.03
34899,0.03
34900,0.06
34901,0.03
34902,0.03
34903,0.03
34904,0.03
34906,0.03
34908,0.09
34911,0.06
34914,0.03
34916,0.06
34917,0.06
34918,0.03
34920,0.03
34921,0.06
34922,0.03
34924,0.03
34926,0.09
34927,0.03
34930,0.09
34931,0.03
34932,0.03
34933,0.06
34935,0.12
34937,0.03
34939,0.03
34940,0.09
34942,0.03
34943,0.09
34945,0.06
34946,0.06
34947,0.09
34949,0.03
34950,0.03
34951,0.06
34954,0.03
34955,0.06
34956,0.03
34957,0.06
34958,0.03
34959,0.09
34960,0.09
34961,0.06
34963,0.15
34965,0.03
34967,0.03
34969,0.06
34971,0.09
34973,0.03
34975,0.09
34977,0.12
34980,0.03
34982,0.06
34984,0.09
34985,0.03
34987,0.03
34988,0.06
34990,0.09
34993,0.09
34995,0.03
34997,0.03
34998,0.03
35000,0.03
35001,0.03
35003,0.03
35004,0.03
35005,0.03
35006,0.03
35007,0.03
35008,0.06
35010,0.03
35011,0.03
35012,0.03
35013,0.03
35014,0.03
35016,0.03
35017,0.03
35018,0.03
35019,0.03
35020,0.03
35022,0.03
35025,0.03
35027,0.03
35028,0.06
35030,0.03
35031,0.06
35033,0.03
35035,0.03
35036,0.03
35037,0.03
35038,0.03
35039,0.03
35040,0.06
35041,0.12
35043,0.21
35060,0.12
35062,0.03
35064,0.03
35066,0.09
35067,0.09
35069,0.03
35070,0.03
35071,0.09
35072,0.15
35074,0.15
35075,0.06
35078,0.03
35079,0.03
35081,0.03
35082,0.03
35084,0.09
35085,0.03
35086,0.03
35087,0.03
35088,0.03
35089,0.03
35090,0.03
35091,0.06
35094,0.03
35096,0.03
35098,0.03
35100,0.03
35102,0.03
35104,0.03
35106,0.03
35108,0.03
35110,0.03
35112,0.03
35114,0.03
35116,0.03
35118,0.03
35119,0.03
35121,0.03
35123,0.03
35125,0.03
35127,0.03
35129,0.03
35131,0.09
35132,0.03
35133,0.03
35135,0.09
35137,0.03
35140,0.03
35141,0.06
35142,0.03
35144,0.03
35146,0.03
35148,0.09
35149,0.03
35152,0.03
35153,0.03
35155,0.03
35156,0.03
35157,0.06
35159,0.03
35161,0.09
35164,0.03
35166,0.03
35168,0.03
35169,0.06
35170,0.09
35171,0.03
35173,0.03
35175,0.03
35177,0.06
35179,0.03
35180,0.03
35183,0.09
35184,0.03
35186,0.03
35187,0.03
35188,0.03
35189,0.06
35190,0.09
35193,0.09
35194,0.03
35195,0.09
35196,0.12
35198,0.06
35199,0.03
35201,0.03
35202,0.03
35203,0.03
35205,0.03
35207,0.03
35209,0.03
35211,0.03
35213,0.03
35215,0.03
35217,0.03
35219,0.03
35221,0.03
35223,0.03
35225,0.03
35227,0.03
35229,0.03
35231,0.03
35233,0.03
35235,0.03
35237,0.03
35239,0.03
35240,0.03
35241,0.03
35242,0.03
35243,0.09
35246,0.03
35250,0.18
35252,0.18
35255,0.03
35258,0.03
35260,0.03
35261,0.03
35264,0.03
35266,0.12
35267,0.15
35269,0.03
35272,0.09
35273,0.03
35275,0.03
35278,0.06
35280,0.03
35281,0.09
35283,0.09
35285,0.15
35286,0.15
35287,0.15
35288,0.15
35289,0.15
35290,0.15
35291,0.15
35292,0.15
35293,0.15
35294,0.15
35295,0.15
35296,0.15
35297,0.15
35298,0.15
35299,0.15
35300,0.15
35301,0.15
35302,0.15
35303,0.15
35304,0.15
35308,0.15
35309,0.15
35310,0.15
35311,0.15
35312,0.15
35313,0.15
35314,0.15
35315,0.15
35316,0.15
35317,0.15
35318,0.15
35319,0.15
35320,0.15
35321,0.15
35322,0.15
35323,0.15
35324,0.15
35325,0.15
35327,0.12
35329,0.12
35331,0.12
35333,0.12
35335,0.12
35337,0.12
35338,0.15
35339,0.15
35340,0.15
35341,0.15
35342,0.15
35343,0.15
35344,0.15
35345,0.15
35346,0.15
35347,0.15
35348,0.15
35349,0.15
35350,0.15
35351,0.15
35352,0.15
35353,0.15
35354,0.15
35355,0.15
35356,0.15
35357,0.15
35358,0.15
35359,0.15
35360,0.15
35361,0.06
35365,0.06
35368,0.06
35371,0.03
35373,0.03
35374,0.03
35376,0.06
35379,0.03
35381,0.06
35384,0.06
35389,0.03
35391,0.03
35392,0.06
35398,0.03
35453,0.21
35455,0.03
35457,0.21
35458,0.27
35459,0.27
35460,0.21
35462,0.18
35463,0.18
35464,0.18
35465,0.27
35466,0.18
35471,0.09
35473,0.12
35474,0.09
35475,0.09
35476,0.09
35478,0.09
35479,0.09
35480,0.09
35481,0.09
35482,0.06
35484,0.12
35486,0.09
35488,0.09
35489,0.09
35490,0.09
35492,0.06
35493,0.03
35502,0.12
35503,0.03
35504,0.03
35505,0.03
35508,0.09
35512,0.06
35514,0.03
35516,0.12
35518,0.03
35520,0.03
35521,0.03
35524,0.03
35526,0.06
35527,0.03
35530,0.03
35531,0.12
35533,0.03
35534,0.03
35535,0.03
35537,0.03
35538,0.03
35541,0.09
35542,0.03
35544,0.03
35545,0.03
35546,0.03
35547,0.03
35548,0.03
35550,0.03
35551,0.03
35552,0.06
35553,0.06
35555,0.03
35556,0.06
35559,0.03
35560,0.03
35562,0.03
35565,0.09
35567,0.18
35569,0.03
35570,0.06
35571,0.03
35573,0.18
35574,0.06
35575,0.06
35577,0.06
35580,0.06
35582,0.12
35584,0.09
35587,0.03
35588,0.06
35592,0.15
35595,0.03
35598,0.09
35600,0.03
35601,0.06
35603,0.03
35604,0.03
35606,0.09
35607,0.03
35609,0.03
35611,0.03
35612,0.03
35614,0.03
35616,0.12
35618,0.03
35621,0.03
35622,0.12
35624,0.09
35626,0.09
35628,0.09
35630,0.09
35633,0.15
35635,0.03
35637,0.06
35638,0.12
35640,0.21
35643,0.03
35645,0.09
35667,0.03
35670,0.06
35672,0.06
35699,0.12
35703,0.12
35705,0.12
35707,0.12
35708,0.15
35709,0.15
35711,0.15
35712,0.15
35713,0.15
35714,0.15
35715,0.15
35716,0.15
35717,0.15
35718,0.15
35719,0.15
35720,0.15
35721,0.15
35722,0.15
35723,0.15
35724,0.15
35726,0.15
35727,0.15
35728,0.15
35729,0.15
35730,0.15
35731,0.15
35732,0.15
35734,0.15
35735,0.15
35736,0.15
35737,0.15
35738,0.15
35739,0.15
35740,0.15
35741,0.15
35742,0.15
35743,0.15
35744,0.15
35745,0.15
35746,0.15
35748,0.15
35749,0.15
35752,0.15
35759,0.21
35761,0.12
35764,0.12
35766,0.24
35768,0.24
35770,0.24
35771,0.24
35772,0.24
35777,0.03
35787,0.09
35788,0.06
35791,0.03
35792,0.03
35793,0.03
35794,0.06
35795,0.03
35797,0.03
35798,0.03
35799,0.03
35801,0.06
35803,0.03
35804,0.03
35805,0.03
35806,0.03
35807,0.03
35808,0.03
35809,0.03
35810,0.03
35812,0.09
35814,0.03
35815,0.03
35818,0.06
35819,0.06
35821,0.06
35824,0.03
35825,0.12
35827,0.09
35829,0.06
35830,0.03
35831,0.03
35832,0.03
35833,0.03
35834,0.03
35836,0.06
35839,0.06
35841,0.03
35842,0.03
35844,0.03
35845,0.03
35846,0.06
35848,0.03
35850,0.03
35852,0.09
35853,0.06
35855,0.03
35856,0.03
35857,0.03
35859,0.03
35860,0.03
35861,0.03
35862,0.03
35863,0.03
35864,0.03
35865,0.06
35868,0.03
35869,0.03
35870,0.06
35873,0.03
35874,0.06
35875,0.06
35876,0.03
35877,0.03
35879,0.06
35881,0.06
35883,0.06
35885,0.03
35886,0.03
35887,0.03
35889,0.03
35891,0.03
35892,0.09
35894,0.09
35895,0.09
35896,0.03
35897,0.03
35899,0.06
35901,0.03
35902,0.03
35903,0.09
35905,0.06
35907,0.09
35909,0.03
35910,0.06
35911,0.03
35913,0.03
35914,0.03
35915,0.06
35917,0.09
35918,0.06
35920,0.06
35922,0.03
35924,0.06
35925,0.03
35927,0.03
35928,0.03
35929,0.03
35931,0.12
35933,0.03
35935,0.03
35937,0.03
35938,0.09
35940,0.03
35941,0.03
35942,0.03
35944,0.03
35946,0.03
35947,0.03
35948,0.03
35949,0.03
35950,0.09
35953,0.03
35954,0.09
35959,0.06
35961,0.09
35963,0.09
35964,0.09
35965,0.09
35966,0.09
35967,0.09
35968,0.09
35970,0.09
35971,0.03
35972,0.09
35973,0.12
35974,0.09
35976,0.09
35977,0.09
35978,0.09
35979,0.09
35980,0.03
35981,0.03
35982,0.03
35983,0.03
35984,0.03
35985,0.03
35986,0.03
35987,0.03
35988,0.09
35990,0.03
35991,0.03
35992,0.03
35993,0.06
35994,0.03
35995,0.09
35997,0.03
36000,0.03
36003,0.06
36006,0.06
36007,0.03
36009,0.03
36010,0.03
36011,0.03
36012,0.03
36014,0.03
36015,0.03
36016,0.03
36017,0.03
36018,0.09
36020,0.09
36022,0.03
36025,0.06
36029,0.03
36035,0.03
36039,0.03
36043,0.03
36044,0.03
36045,0.03
36046,0.03
36072,0.15
36075,0.03
36078,0.06
36081,0.15
36082,0.03
36083,0.15
36085,0.12
36087,0.06
36090,0.09
36093,0.06
36094,0.06
36096,0.09
36097,0.03
36099,0.06
36101,0.06
36102,0.06
36104,0.09
36106,0.06
36108,0.09
36110,0.03
36120,0.15
36121,0.12
36122,0.06
36126,0.03
36127,0.03
36128,0.09
36131,0.03
36132,0.03
36133,0.03
36134,0.03
36135,0.03
36136,0.03
36137,0.03
36138,0.03
36141,0.06
36148,0.09
36149,0.06
36150,0.09
36151,0.03
36153,0.03
36155,0.03
36156,0.03
36159,0.06
36160,0.12
36162,0.06
36164,0.03
36165,0.03
36166,0.09
36167,0.03
36170,0.03
36171,0.03
36173,0.06
36175,0.03
36177,0.09
36178,0.03
36179,0.03
36180,0.03
36181,0.03
36182,0.03
36184,0.03
36205,0.03
36293,0.06
36317,0.06
36318,0.03
36319,0.03
36321,0.03
36322,0.03
36323,0.03
36324,0.03
36325,0.03
36326,0.03
36327,0.06
36328,0.06
36330,0.03
36331,0.03
36333,0.03
36334,0.03
36335,0.09
36336,0.12
36338,0.06
36339,0.09
36341,0.09
36344,0.03
36345,0.06
36346,0.06
36347,0.03
36349,0.09
36352,0.06
36353,0.06
36354,0.09
36357,0.06
36359,0.03
36360,0.06
36362,0.03
36363,0.06
36364,0.03
36365,0.03
36366,0.03
36367,0.09
36369,0.03
36371,0.09
36373,0.06
36374,0.03
36375,0.03
36377,0.09
36379,0.03
36380,0.03
36381,0.03
36382,0.03
36383,0.03
36385,0.09
36388,0.03
36390,0.06
36391,0.03
36392,0.03
36394,0.09
36399,0.09
36402,0.03
36403,0.03
36404,0.03
36405,0.03
36406,0.03
36407,0.03
36409,0.03
36411,0.06
36413,0.03
36415,0.03
36416,0.03
36417,0.03
36419,0.03
36421,0.06
36424,0.09
36426,0.03
36427,0.06
36429,0.06
36431,0.03
36432,0.09
36434,0.03
36435,0.03
36437,0.03
36438,0.03
36439,0.03
36440,0.03
36441,0.03
36443,0.06
36445,0.03
36447,0.03
36449,0.03
36450,0.03
36452,0.06
36454,0.03
36456,0.03
36457,0.09
36459,0.03
36461,0.03
36462,0.03
36464,0.09
36466,0.06
36468,0.03
36469,0.03
36470,0.03
36472,0.03
36473,0.03
36474,0.09
36476,0.09
36478,0.03
36481,0.03
36482,0.06
36485,0.09
36487,0.03
36488,0.09
36490,0.03
36492,0.06
36493,0.03
36495,0.06
36496,0.06
36497,0.03
36498,0.03
36500,0.03
36501,0.03
36502,0.03
36503,0.06
36504,0.06
36505,0.03
36508,0.09
36511,0.09
36512,0.06
36514,0.03
36515,0.12
36518,0.09
36520,0.06
36522,0.03
36525,0.06
36527,0.06
36530,0.03
36531,0.03
36532,0.03
36534,0.06
36535,0.06
36537,0.03
36538,0.09
36541,0.09
36543,0.06
36545,0.06
36547,0.03
36550,0.03
36551,0.03
36552,0.12
36555,0.03
36556,0.03
36557,0.09
36558,0.03
36559,0.03
36560,0.03
36561,0.03
36562,0.03
36563,0.03
36564,0.06
36566,0.03
36568,0.09
36569,0.03
36570,0.12
36572,0.03
36573,0.03
36574,0.03
36575,0.03
36576,0.03
36577,0.03
36578,0.03
36579,0.03
36580,0.03
36581,0.03
36582,0.03
36583,0.03
36584,0.03
36585,0.03
36586,0.03
36587,0.03
36588,0.03
36589,0.03
36590,0.03
36591,0.03
36592,0.03
36593,0.03
36595,0.09
36596,0.03
36597,0.03
36598,0.03
36599,0.03
36600,0.03
36601,0.03
36602,0.03
36603,0.03
36604,0.03
36605,0.03
36606,0.03
36607,0.03
36608,0.03
36609,0.03
36610,0.03
36611,0.03
36612,0.03
36614,0.09
36615,0.06
36616,0.03
36617,0.03
36618,0.03
36619,0.03
36620,0.03
36621,0.03
36622,0.03
36623,0.03
36624,0.03
36625,0.03
36627,0.03
36628,0.06
36629,0.03
36630,0.03
36631,0.03
36633,0.03
36634,0.03
36635,0.03
36636,0.03
36637,0.03
36638,0.03
36639,0.06
36640,0.03
36641,0.03
36642,0.12
36644,0.03
36645,0.03
36646,0.03
36647,0.06
36649,0.03
36650,0.03
36651,0.03
36652,0.03
36653,0.03
36654,0.03
36656,0.09
36658,0.09
36659,0.09
36660,0.12
36661,0.03
36662,0.03
36664,0.06
36665,0.09
36666,0.06
36667,0.03
36670,0.03
36672,0.06
36673,0.03
36676,0.03
36677,0.03
36679,0.06
36682,0.06
36684,0.06
36685,0.06
36686,0.06
36688,0.06
36689,0.03
36692,0.03
36694,0.03
36695,0.09
36696,0.09
36698,0.09
36731,0.03
36733,0.03
36737,0.06
36740,0.06
36742,0.06
36743,0.03
36744,0.03
36745,0.03
36746,0.03
36749,0.03
36751,0.03
36753,0.06
36755,0.03
36756,0.03
36758,0.06
36760,0.03
36764,0.03
36765,0.03
36769,0.03
36771,0.09
36774,0.03
36777,0.06
36778,0.03
36779,0.03
36780,0.03
36782,0.03
36785,0.03
36788,0.03
36791,0.03
36793,0.06
36796,0.09
36798,0.03
36801,0.06
36803,0.03
36805,0.03
36806,0.03
36808,0.03
36809,0.06
36812,0.03
36816,0.03
36820,0.03
36821,0.03
36822,0.03
36826,0.03
36828,0.03
36830,0.06
36832,0.03
36837,0.06
36838,0.03
36841,0.03
36843,0.03
36845,0.03
36848,0.03
36850,0.03
36854,0.03
36856,0.03
36858,0.03
36860,0.03
36862,0.03
36863,0.03
36864,0.03
36865,0.06
36866,0.03
36868,0.06
36870,0.03
36872,0.03
36873,0.03
36874,0.03
36876,0.03
36878,0.03
36879,0.03
36880,0.03
36882,0.03
36884,0.03
36885,0.06
36887,0.03
36889,0.03
36891,0.06
36893,0.03
36895,0.03
36896,0.03
36897,0.03
36898,0.03
36899,0.03
36900,0.03
36902,0.03
36903,0.03
36904,0.09
36905,0.06
36906,0.03
36964,0.03
36965,0.03
36966,0.06
36968,0.09
36970,0.06
36972,0.06
36974,0.09
36976,0.06
36979,0.06
36981,0.06
36983,0.06
36986,0.06
36987,0.09
36989,0.06
36990,0.03
36991,0.06
36992,0.03
36993,0.03
36994,0.03
36995,0.03
36997,0.03
36999,0.03
37000,0.03
37001,0.03
37003,0.03
37006,0.03
37007,0.03
37008,0.09
37010,0.06
37011,0.06
37016,0.06
37017,0.12
37019,0.03
37020,0.06
37021,0.06
37022,0.09
37024,0.09
37025,0.06
37027,0.03
37028,0.03
37029,0.03
37030,0.03
37031,0.03
37032,0.03
37033,0.03
37034,0.03
37035,0.03
37036,0.09
37038,0.03
37039,0.03
37040,0.03
37041,0.03
37042,0.03
37043,0.03
37044,0.03
37045,0.03
37046,0.03
37047,0.03
37051,0.06
37053,0.06
37055,0.03
37057,0.03
37058,0.06
37059,0.06
37060,0.06
37061,0.03
37062,0.03
37064,0.03
37065,0.03
37066,0.09
37067,0.03
37068,0.03
37070,0.03
37071,0.09
37073,0.03
37074,0.03
37075,0.06
37077,0.03
37078,0.03
37080,0.03
37081,0.09
37082,0.06
37084,0.03
37086,0.09
37088,0.09
37090,0.06
37091,0.09
37093,0.03
37094,0.06
37095,0.09
37097,0.03
37100,0.03
37102,0.09
37104,0.03
37105,0.09
37106,0.03
37107,0.03
37108,0.03
37109,0.06
37111,0.03
37112,0.06
37113,0.03
37115,0.06
37117,0.03
37120,0.09
37122,0.06
37123,0.03
37124,0.03
37125,0.03
37126,0.09
37128,0.09
37130,0.06
37131,0.06
37133,0.06
37134,0.03
37135,0.03
37137,0.03
37138,0.03
37139,0.03
37140,0.03
37141,0.03
37142,0.06
37145,0.09
37147,0.03
37149,0.03
37150,0.03
37152,0.03
37154,0.03
37156,0.03
37158,0.03
37160,0.03
37162,0.09
37163,0.03
37165,0.03
37167,0.03
37170,0.09
37171,0.09
37173,0.12
37175,0.09
37177,0.12
37178,0.03
37180,0.03
37182,0.09
37186,0.03
37187,0.09
37191,0.06
37193,0.03
37195,0.03
37196,0.03
37198,0.06
37200,0.12
37202,0.03
37203,0.03
37204,0.03
37205,0.03
37206,0.03
37207,0.03
37208,0.03
37209,0.12
37210,0.09
37211,0.09
37213,0.03
37215,0.12
37217,0.12
37219,0.12
37221,0.12
37223,0.03
37225,0.12
37227,0.09
37228,0.09
37229,0.03
37232,0.03
37234,0.03
37235,0.03
37237,0.09
37240,0.03
37241,0.03
37243,0.03
37244,0.03
37245,0.03
37246,0.03
37247,0.09
37248,0.03
37250,0.03
37251,0.03
37253,0.03
37255,0.03
37256,0.09
37258,0.03
37259,0.03
37260,0.03
37262,0.03
37264,0.03
37266,0.06
37268,0.06
37271,0.06
37272,0.03
37273,0.06
37274,0.12
37275,0.12
37276,0.12
37277,0.12
37278,0.12
37279,0.18
37280,0.09
37282,0.03
37283,0.09
37285,0.03
37286,0.03
37287,0.03
37288,0.03
37289,0.03
37290,0.03
37291,0.03
37292,0.03
37293,0.03
37294,0.03
37295,0.03
37296,0.03
37297,0.03
37298,0.03
37299,0.03
37300,0.03
37301,0.03
37302,0.09
37304,0.06
37305,0.03
37306,0.03
37307,0.03
37308,0.03
37309,0.03
37310,0.03
37311,0.03
37312,0.03
37313,0.09
37314,0.03
37315,0.03
37316,0.03
37317,0.03
37318,0.12
37319,0.03
37320,0.03
37321,0.03
37322,0.06
37324,0.03
37326,0.03
37328,0.09
37329,0.03
37330,0.03
37331,0.06
37333,0.03
37335,0.06
37336,0.03
37338,0.03
37339,0.06
37341,0.06
37343,0.03
37344,0.03
37346,0.03
37347,0.03
37349,0.03
37351,0.03
37353,0.03
37354,0.06
37355,0.03
37356,0.03
37357,0.03
37358,0.03
37375,0.03
37378,0.03
37382,0.03
37386,0.03
37387,0.03
37389,0.03
37391,0.03
37392,0.06
37394,0.03
37395,0.03
37398,0.03
37399,0.03
37400,0.03
37402,0.03
37403,0.06
37406,0.03
37407,0.06
37411,0.03
37412,0.03
37414,0.03
37416,0.03
37421,0.03
37422,0.03
37424,0.03
37425,0.03
37426,0.03
37429,0.06
37430,0.03
37432,0.03
37436,0.03
37438,0.03
37441,0.03
37443,0.03
37444,0.06
37445,0.03
37446,0.06
37449,0.03
37450,0.03
37452,0.03
37454,0.03
37456,0.03
37457,0.03
37458,0.03
37459,0.03
37460,0.06
37461,0.03
37462,0.06
37464,0.03
37466,0.03
37467,0.03
37469,0.03
37470,0.09
37472,0.03
37474,0.03
37475,0.03
37477,0.03
37478,0.03
37479,0.03
37480,0.03
37481,0.03
37483,0.03
37485,0.03
37487,0.03
37489,0.03
37490,0.03
37491,0.03
37493,0.03
37495,0.03
37497,0.06
37499,0.03
37501,0.03
37502,0.06
37504,0.12
37506,0.03
37507,0.12
37509,0.03
37512,0.03
37514,0.03
37515,0.03
37517,0.03
37520,0.03
37521,0.03
37523,0.06
37541,0.24
37544,0.3
37547,0.33
37550,0.3
37553,0.3
37556,0.3
37558,0.33
37561,0.03
37563,0.03
37564,0.03
37567,0.03
37569,0.06
37570,0.03
37571,0.03
37572,0.03
37574,0.03
37577,0.03
37579,0.03
37581,0.06
37585,0.03
37586,0.03
37587,0.06
37589,0.06
37592,0.06
37593,0.12
37596,0.03
37597,0.03
37598,0.03
37600,0.06
37601,0.03
37603,0.03
37604,0.03
37605,0.06
37606,0.09
37607,0.03
37609,0.06
37610,0.06
37611,0.03
37613,0.03
37614,0.03
37615,0.03
37617,0.06
37618,0.06
37625,0.18
37630,0.09
37632,0.09
37634,0.09
37635,0.09
37636,0.09
37638,0.12
37640,0.09
37642,0.03
37643,0.03
37644,0.03
37645,0.06
37647,0.03
37648,0.03
37649,0.03
37650,0.03
37651,0.06
37652,0.03
37653,0.03
37654,0.03
37655,0.03
37657,0.03
37659,0.03
37660,0.03
37661,0.06
37664,0.03
37665,0.03
37666,0.06
37667,0.03
37668,0.06
37669,0.03
37670,0.03
37671,0.03
37673,0.03
37674,0.03
37676,0.03
37678,0.03
37680,0.03
37682,0.03
37684,0.03
37685,0.06
37686,0.03
37687,0.03
37688,0.03
37690,0.03
37691,0.03
37692,0.09
37695,0.03
37696,0.03
37697,0.06
37700,0.03
37701,0.03
37702,0.06
37704,0.09
37705,0.03
37707,0.03
37709,0.03
37710,0.03
37712,0.03
37713,0.03
37714,0.03
37715,0.03
37716,0.03
37717,0.03
37718,0.06
37720,0.03
37721,0.09
37722,0.03
37723,0.03
37724,0.09
37725,0.06
37726,0.03
37727,0.03
37728,0.03
37729,0.03
37732,0.03
37733,0.06
37734,0.06
37735,0.03
37737,0.06
37739,0.09
37740,0.03
37742,0.06
37743,0.09
37744,0.03
37746,0.03
37748,0.03
37750,0.03
37752,0.03
37754,0.03
37756,0.03
37758,0.03
37760,0.03
37762,0.03
37764,0.03
37766,0.03
37768,0.03
37770,0.03
37773,0.12
37774,0.03
37776,0.03
37778,0.03
37780,0.03
37782,0.03
37784,0.06
37785,0.06
37786,0.03
37788,0.03
37790,0.03
37792,0.03
37793,0.03
37794,0.06
37796,0.03
37798,0.06
37799,0.03
37800,0.03
37801,0.03
37803,0.03
37804,0.03
37806,0.03
37807,0.03
37808,0.06
37809,0.03
37811,0.06
37812,0.03
37813,0.03
37815,0.03
37816,0.15
37818,0.09
37819,0.03
37820,0.03
37821,0.03
37822,0.03
37824,0.03
37826,0.03
37827,0.03
37828,0.03
37829,0.03
37830,0.03
37831,0.03
37832,0.03
37833,0.03
37834,0.06
37835,0.06
37836,0.09
37839,0.03
37840,0.09
37841,0.09
37842,0.09
37843,0.09
37844,0.09
37846,0.06
37847,0.12
37848,0.12
37849,0.12
37850,0.09
37851,0.03
37852,0.03
37854,0.03
37855,0.03
37856,0.06
37859,0.03
37862,0.09
37865,0.06
37867,0.09
37868,0.12
37869,0.12
37870,0.12
37871,0.12
37872,0.12
37873,0.12
37874,0.12
37875,0.12
37877,0.03
37878,0.06
37880,0.03
37883,0.03
37887,0.03
37889,0.03
37892,0.03
37894,0.03
37897,0.03
37901,0.03
37902,0.03
37903,0.03
37905,0.03
37908,0.03
37910,0.03
37911,0.03
37912,0.03
37913,0.03
37914,0.03
37915,0.03
37916,0.06
37918,0.09
37920,0.03
37921,0.09
37923,0.03
37953,0.03
