OBJECTID,YearBuilt1,HEIGHT,UseDescription,GrossFloorArea,orientation,street_width,second_type
1,1961,3,1,105.4,90.0,9.61,33
2,1941,3,1,154.52,90.0,9.63,33
3,1969,3,1,383.83,165.0,0.0,33
4,1968,3,1,176.82,270.0,11.35,33
9,1960,3,1,152.38,90.0,8.21,33
10,1971,3,1,106.14,90.0,8.99,33
13,1973,6,1,206.4,90.0,8.74,33
14,1974,3,1,138.73,90.0,8.52,33
15,1975,3,1,176.0,90.0,8.34,33
17,1970,3,1,105.11,90.0,8.74,33
18,1975,9,1,135.85,270.0,13.15,33
20,1970,3,1,110.33,270.0,13.21,33
23,1971,3,1,45.78,0.0,0.0,33
26,1974,3,1,82.68,270.0,13.3,33
27,1976,6,1,91.77,270.0,13.29,33
29,1968,3,1,114.71,270.0,13.25,33
31,1974,3,1,107.09,270.0,13.23,33
33,2016,9,1,545.82,270.0,13.48,33
34,1971,3,1,104.94,185.0,10.94,33
36,1971,3,1,91.15,180.0,10.84,33
38,1971,3,1,128.43,180.0,10.93,33
40,1971,3,1,120.96,270.0,13.27,33
42,2006,3,1,388.52,270.0,8.65,33
43,1957,3,1,168.59,0.0,8.03,33
45,1991,9,1,110.92,90.0,48.35,33
47,1971,3,1,141.13,90.0,10.76,33
48,2009,9,1,127.86,90.0,10.4,33
50,1976,12,1,244.66,90.0,10.41,33
53,1974,3,1,120.82,270.0,8.86,33
54,1973,3,1,111.91,270.0,9.0,33
55,1971,3,1,121.05,270.0,8.34,33
57,1978,6,1,234.22,0.0,8.45,33
58,1997,3,1,257.54,0.0,8.37,33
60,1985,6,1,97.46,0.0,8.35,33
61,2008,6,1,296.21,90.0,12.64,33
62,1971,3,1,290.2,90.0,10.16,33
63,1971,3,1,268.43,90.0,10.01,33
64,1986,3,1,269.33,90.0,9.93,33
65,1961,3,1,114.29,90.0,10.16,33
66,1969,12,1,58.03,90.0,10.3,33
68,1974,3,1,63.39,180.0,8.07,33
69,1975,3,1,28.93,180.0,8.07,33
70,1961,9,1,42.58,180.0,8.06,33
72,1971,6,1,143.0,180.0,8.03,33
75,1961,3,1,42.95,180.0,11.66,33
76,1987,6,1,170.49,180.0,8.39,33
80,1987,3,1,200.92,180.0,8.06,33
81,1995,6,1,445.34,300.0,22.11,33
84,1971,3,1,87.57,0.0,4.96,33
87,2003,6,1,329.24,310.0,43.72,33
90,2007,6,1,379.42,0.0,29.2,33
91,2000,3,1,197.9,275.0,10.36,33
92,1965,3,1,167.04,355.0,10.08,33
94,1965,3,1,128.57,355.0,10.06,33
95,1970,6,1,130.5,355.0,10.04,33
102,1993,9,1,178.82,130.0,15.26,33
104,1969,3,1,188.36,130.0,15.22,33
106,1990,3,1,212.52,130.0,23.61,33
108,1970,3,1,147.1,180.0,32.54,33
110,1972,3,1,182.23,180.0,42.32,33
111,1970,9,1,158.79,180.0,52.41,33
114,1960,3,1,159.58,275.0,10.35,33
115,1981,6,1,127.22,270.0,10.33,33
117,1970,6,1,168.3,270.0,10.29,33
118,1970,3,1,154.14,275.0,10.26,33
121,1960,3,1,159.16,270.0,10.23,33
123,1985,3,1,169.9,355.0,9.81,33
124,2003,3,1,287.01,355.0,10.04,33
127,1980,3,1,302.52,310.0,15.19,33
128,1988,6,1,138.42,90.0,9.95,33
130,2003,3,1,315.43,90.0,9.93,33
132,1986,3,1,204.88,180.0,8.26,33
133,1973,3,1,96.49,310.0,15.19,33
134,1973,3,1,90.96,310.0,15.14,33
135,1963,3,1,105.48,180.0,8.37,33
136,1960,9,1,182.52,310.0,15.16,33
139,1980,3,1,96.25,350.0,6.8,33
141,2007,3,1,143.25,350.0,6.26,33
142,1967,3,1,100.33,350.0,6.15,33
143,1971,3,1,98.42,350.0,6.17,33
144,2006,3,1,139.26,350.0,6.2,33
145,1965,3,1,64.46,350.0,6.22,33
147,1968,3,1,56.5,350.0,6.24,33
148,1969,3,1,146.15,350.0,5.34,33
149,1960,3,1,142.75,350.0,5.2,33
150,1969,3,1,156.24,350.0,5.12,33
152,1996,3,1,76.65,350.0,5.23,33
153,1969,3,1,63.28,350.0,5.12,33
154,1992,3,1,119.7,350.0,5.06,33
155,1969,3,1,49.98,350.0,4.98,33
156,1969,3,1,76.67,350.0,4.83,33
157,2007,3,1,118.33,350.0,4.65,33
158,2001,3,1,91.96,350.0,10.76,33
159,1970,6,1,160.43,350.0,93.25,33
161,1982,6,1,92.45,350.0,4.94,33
163,1975,3,1,117.42,130.0,10.86,33
164,1982,9,1,86.55,350.0,4.73,33
166,1960,3,1,125.96,155.0,16.59,33
168,1970,3,1,124.48,165.0,47.29,33
171,1971,3,1,111.63,170.0,33.58,33
172,1997,3,1,205.71,170.0,10.04,33
174,1969,3,1,145.8,175.0,10.02,33
175,1981,6,1,174.98,175.0,10.05,33
177,1981,3,1,159.79,175.0,10.08,33
178,2003,6,1,184.24,175.0,10.04,33
179,1969,3,1,166.24,175.0,9.86,33
181,1979,3,1,109.04,175.0,9.75,33
182,2005,3,1,116.41,175.0,9.78,33
184,2008,6,1,199.69,175.0,10.74,33
185,1969,3,1,114.38,175.0,10.0,33
187,1981,3,1,203.11,175.0,9.89,33
188,1992,3,1,123.99,175.0,9.6,33
189,1998,6,1,334.58,260.0,10.17,33
190,1998,3,1,128.18,350.0,6.68,33
192,2006,6,1,98.14,175.0,9.83,33
194,2007,6,1,299.84,130.0,10.78,33
196,2010,9,1,265.99,175.0,20.63,33
199,1971,6,1,145.03,350.0,7.89,33
200,1983,3,1,157.88,350.0,7.58,33
201,1968,6,1,196.66,350.0,7.67,33
202,2006,3,1,201.58,350.0,7.72,33
204,2012,6,1,326.43,350.0,7.89,33
206,1965,6,1,118.59,350.0,7.8,33
207,1999,3,1,238.42,350.0,7.64,33
208,1963,6,1,175.2,355.0,7.68,33
211,1961,3,1,309.19,350.0,7.83,33
212,1976,6,1,209.13,350.0,7.98,33
215,1965,3,1,130.41,80.0,12.53,33
217,1978,3,1,121.43,170.0,4.71,33
218,1971,3,1,117.2,170.0,6.01,33
219,2005,6,1,89.14,170.0,6.21,33
221,1969,3,1,123.67,170.0,6.15,33
222,2005,3,1,100.55,170.0,6.1,33
223,1968,3,1,73.47,170.0,6.12,33
225,1960,3,1,126.68,175.0,6.43,33
228,1977,3,1,160.08,170.0,6.83,33
229,2006,6,1,100.87,170.0,6.96,33
231,1977,3,1,242.92,260.0,9.7,33
234,1909,3,1,106.73,175.0,6.23,33
236,1995,3,1,152.84,350.0,7.57,33
237,2007,3,1,80.47,170.0,5.06,33
239,2005,3,1,230.6,170.0,5.14,33
242,2011,12,1,292.3,85.0,12.39,33
244,2024,9,1,9.85,350.0,7.69,33
246,1996,6,1,324.23,350.0,7.82,33
248,1982,3,1,440.8,325.0,10.27,33
249,1993,3,1,220.22,175.0,8.91,33
250,1959,3,1,76.13,175.0,8.73,33
251,1968,3,1,138.84,175.0,8.53,33
254,1975,6,1,105.69,325.0,10.2,33
256,2005,6,1,460.57,265.0,15.22,33
257,1959,6,1,162.91,175.0,8.64,33
259,2004,6,1,457.38,355.0,9.8,33
260,2002,3,1,269.65,300.0,20.74,33
262,2016,9,1,251.88,355.0,9.18,33
265,2001,3,1,120.03,350.0,9.0,33
267,1974,3,1,160.97,355.0,8.49,33
269,1971,3,1,170.8,355.0,8.81,33
270,1998,6,1,259.78,80.0,9.82,33
271,1978,3,1,120.04,170.0,7.99,33
272,1971,3,1,133.05,175.0,7.65,33
274,2006,3,1,461.72,170.0,7.67,33
275,1971,6,1,120.82,170.0,7.76,33
278,1972,6,1,119.57,170.0,7.89,33
281,2009,6,1,129.07,170.0,7.9,33
282,1974,3,1,109.68,170.0,7.84,33
284,1971,3,1,97.65,170.0,7.8,33
286,1971,6,1,192.94,170.0,7.71,33
289,2000,6,1,143.26,170.0,7.6,33
293,2022,9,1,956.92,260.0,9.74,33
294,1996,6,1,153.36,355.0,9.36,33
295,1989,6,1,98.78,350.0,9.54,33
298,2023,6,1,134.86,350.0,9.6,33
301,2002,6,1,538.95,315.0,23.61,33
302,2003,3,1,145.19,350.0,9.97,33
303,2003,3,1,141.96,350.0,9.7,33
305,1970,3,1,101.69,175.0,8.01,33
306,1977,3,1,126.89,180.0,7.91,33
307,1990,3,1,188.46,180.0,8.02,33
308,1978,3,1,170.59,175.0,7.91,33
309,1995,9,1,81.79,350.0,9.54,33
311,1978,3,1,103.68,175.0,8.16,33
312,2000,3,1,736.68,350.0,9.23,33
315,2001,3,1,269.14,350.0,9.44,33
316,2003,3,1,82.12,175.0,7.92,33
317,2003,3,1,83.18,175.0,7.92,33
318,2005,3,1,71.72,350.0,9.85,33
320,2005,3,1,71.45,350.0,9.75,33
322,2020,9,1,79.81,350.0,9.63,33
324,2021,9,1,79.21,350.0,9.6,33
326,1968,3,1,116.36,90.0,8.89,33
327,1971,3,1,163.03,15.0,26.26,33
328,2010,9,1,362.79,170.0,9.24,33
330,2007,15,1,457.65,170.0,9.49,33
332,2004,3,1,2594.77,310.0,37.39,33
335,2005,6,1,152.05,85.0,8.43,33
336,2005,12,1,75.61,10.0,11.77,33
338,1956,9,1,36.32,10.0,11.75,33
339,1953,3,1,68.72,10.0,11.67,33
340,1951,3,1,98.83,10.0,11.64,33
342,1953,3,1,98.08,10.0,11.63,33
343,1955,3,1,82.27,10.0,11.6,33
344,1956,3,1,79.69,160.0,18.39,33
345,1960,3,1,91.78,10.0,11.55,33
346,1975,3,1,46.13,10.0,11.52,33
347,1975,3,1,30.8,10.0,11.5,33
348,1959,3,1,22.79,10.0,11.48,33
349,1955,6,1,12.56,10.0,11.46,33
351,1960,3,1,41.31,160.0,6.82,33
353,1958,3,1,48.2,280.0,11.95,33
354,1975,6,1,82.93,280.0,11.92,33
355,1956,3,1,80.34,280.0,11.88,33
356,1955,3,1,89.83,280.0,11.83,33
357,1963,3,1,88.81,10.0,11.7,33
359,2004,6,1,108.14,160.0,6.47,33
360,1960,3,1,88.99,280.0,12.06,33
361,2010,12,1,218.78,280.0,12.0,33
363,1960,3,1,42.43,280.0,12.24,33
364,1957,3,1,49.23,340.0,12.1,33
365,1958,3,1,41.64,340.0,12.04,33
367,1970,3,1,63.45,340.0,12.01,33
370,1957,3,1,70.94,340.0,12.0,33
371,2020,9,1,59.91,340.0,27.75,33
373,1960,6,1,180.74,340.0,35.3,33
375,1960,3,1,130.24,190.0,11.62,33
376,1960,3,1,61.9,190.0,11.6,33
377,1970,3,1,116.59,340.0,12.01,33
378,1977,9,1,124.02,340.0,11.89,33
379,1991,9,1,99.13,190.0,11.55,33
380,1956,3,1,79.7,190.0,11.58,33
381,1965,3,1,98.31,190.0,11.66,33
384,1956,3,1,83.66,190.0,11.69,33
385,1950,3,1,77.47,190.0,11.71,33
386,1963,3,1,72.12,190.0,11.75,33
387,1955,3,1,76.78,280.0,12.05,33
388,1955,3,1,88.24,280.0,12.14,33
389,1960,3,1,83.07,280.0,12.22,33
390,1950,3,1,56.86,45.0,8.77,33
391,1958,9,1,39.02,340.0,12.06,33
392,1960,3,1,72.23,45.0,4.76,33
393,2006,6,1,270.03,190.0,11.52,33
394,2000,6,1,177.15,70.0,19.27,33
395,1975,6,1,144.93,150.0,11.91,33
396,1975,6,1,155.05,150.0,11.82,33
397,1975,6,1,148.82,150.0,11.66,33
398,1982,3,1,204.01,150.0,11.54,33
400,1982,3,1,189.57,280.0,15.7,33
402,1989,3,1,63.89,280.0,11.8,33
403,1989,3,1,58.34,280.0,11.8,33
404,1989,6,1,71.13,280.0,11.8,33
405,1989,6,1,69.56,280.0,11.8,33
407,1989,3,1,56.87,280.0,11.8,33
408,1989,3,1,60.7,280.0,11.79,33
410,1992,3,1,315.45,340.0,6.34,33
411,1994,3,1,134.81,70.0,8.73,33
412,1998,3,1,125.82,70.0,8.78,33
413,2000,3,1,80.81,70.0,8.83,33
414,1977,12,1,176.05,305.0,21.43,33
417,2018,9,1,113.01,35.0,6.79,33
419,1984,3,1,263.89,125.0,13.04,33
421,1995,6,1,135.25,210.0,12.31,33
423,1994,6,1,90.18,35.0,6.91,33
424,1993,6,1,199.36,215.0,12.61,33
426,1995,3,1,111.29,35.0,7.11,33
427,2002,3,1,138.04,35.0,7.05,33
428,2008,9,1,130.25,215.0,12.32,33
430,1999,6,1,141.67,35.0,6.79,33
433,1995,3,1,309.76,35.0,7.11,33
434,2009,9,1,492.16,215.0,12.42,33
436,2006,6,1,498.73,160.0,21.61,33
439,1960,6,1,86.24,145.0,26.56,33
441,1980,3,1,87.64,190.0,12.03,33
443,2000,6,1,148.49,305.0,12.12,33
445,1997,6,1,758.11,215.0,12.08,33
446,2003,3,1,91.74,305.0,12.09,33
447,1990,3,1,55.15,35.0,51.54,33
448,1990,3,1,68.64,125.0,42.93,33
449,1990,3,1,62.04,125.0,27.38,33
450,1990,3,1,60.61,125.0,11.86,33
451,1990,3,1,72.07,125.0,11.82,33
453,2000,3,1,81.77,35.0,8.39,33
454,2003,6,1,86.15,35.0,8.38,33
455,2002,6,1,79.94,35.0,8.4,33
456,1995,3,1,59.49,215.0,12.13,33
457,1996,3,1,56.67,215.0,12.16,33
458,1997,3,1,97.39,210.0,12.07,33
459,2002,6,1,341.07,305.0,12.08,33
460,2006,3,1,185.85,35.0,8.41,33
461,2007,9,1,284.82,35.0,12.09,33
463,1998,6,1,98.0,210.0,6.86,33
464,1994,6,1,298.41,35.0,12.08,33
465,1989,3,1,56.68,35.0,12.0,33
466,2006,6,1,98.98,215.0,7.08,33
468,1989,3,1,48.42,125.0,11.86,33
469,1989,6,1,60.83,125.0,11.85,33
471,1989,3,1,59.71,125.0,11.85,33
472,1989,3,1,59.63,125.0,11.86,33
473,1989,3,1,59.55,125.0,11.85,33
474,1989,3,1,59.3,125.0,11.85,33
475,1989,9,1,85.47,125.0,11.85,33
477,1994,3,1,102.62,215.0,6.86,33
478,1991,3,1,101.58,215.0,7.07,33
479,2006,12,1,163.69,305.0,12.08,33
481,2005,6,1,285.57,35.0,12.09,33
482,1996,6,1,96.84,210.0,7.09,33
484,1997,3,1,288.66,305.0,11.98,33
485,1993,3,1,274.16,30.0,12.15,33
486,1995,6,1,242.76,35.0,12.2,33
487,1978,3,1,296.15,305.0,12.01,33
488,2001,9,1,177.94,210.0,8.81,33
490,2001,3,1,150.3,35.0,12.18,33
491,1997,6,1,276.03,35.0,12.19,33
492,1989,3,1,139.65,210.0,8.92,33
493,2009,12,1,211.22,35.0,12.16,33
496,1994,6,1,1059.36,125.0,12.34,33
498,1996,3,1,117.89,35.0,12.18,33
499,1996,3,1,170.99,215.0,8.64,33
500,1995,6,1,516.11,305.0,11.81,33
501,1990,6,1,175.12,215.0,11.87,33
504,1997,3,1,61.79,215.0,11.96,33
505,1997,3,1,60.95,215.0,12.0,33
506,1997,3,1,60.67,215.0,12.05,33
507,1997,3,1,60.54,215.0,12.1,33
508,1997,3,1,58.08,215.0,12.14,33
509,1997,3,1,81.15,35.0,8.64,33
510,1997,3,1,73.56,35.0,8.7,33
511,1997,3,1,73.52,35.0,8.76,33
512,1997,3,1,77.31,35.0,8.84,33
513,1996,3,1,58.34,215.0,12.27,33
514,1996,3,1,57.1,215.0,12.31,33
515,1996,3,1,57.22,215.0,12.34,33
516,1996,3,1,58.19,215.0,12.37,33
517,1996,3,1,57.99,125.0,12.1,33
518,1996,3,1,57.32,125.0,12.07,33
519,1996,3,1,57.35,125.0,12.08,33
520,1996,3,1,57.48,125.0,12.08,33
521,1996,3,1,60.61,90.0,15.34,33
522,1996,6,1,145.46,215.0,12.4,33
523,1997,6,1,134.17,215.0,11.89,33
527,1974,9,1,1663.17,350.0,21.49,33
528,1963,6,1,366.89,305.0,101.09,33
530,1976,3,1,177.17,10.0,7.99,33
531,1976,6,1,84.95,260.0,15.07,33
534,1978,3,1,150.09,65.0,29.61,33
535,1970,3,1,57.32,250.0,13.92,33
536,1970,3,1,76.45,155.0,6.86,33
537,1962,3,1,108.42,50.0,19.77,33
538,1960,3,1,132.63,160.0,4.48,33
539,1960,3,1,89.92,170.0,7.23,33
540,1950,6,1,233.03,280.0,85.36,33
542,1970,9,1,167.87,65.0,8.66,33
544,1965,6,1,273.2,280.0,82.69,33
547,2000,3,1,143.4,295.0,53.15,33
548,1950,3,1,126.23,345.0,13.11,33
549,1950,3,1,27.37,10.0,8.16,33
550,1947,9,1,424.84,200.0,31.73,33
555,1992,3,1,471.31,0.0,16.47,33
558,1960,3,1,165.26,345.0,13.13,33
560,2005,6,1,2048.38,335.0,11.34,33
561,1963,3,1,130.92,195.0,6.54,33
563,1963,6,1,305.71,225.0,7.28,33
567,1970,9,1,224.01,115.0,24.64,33
571,1985,3,1,197.52,140.0,17.21,33
572,1990,3,1,83.45,190.0,9.01,33
573,1965,3,1,164.21,140.0,9.63,33
576,2009,9,1,151.74,110.0,21.51,33
578,2008,3,1,145.52,220.0,37.0,33
579,1965,3,1,72.9,200.0,8.4,33
580,2021,6,1,100.93,195.0,15.78,33
582,2018,6,1,122.87,195.0,7.58,33
586,2018,6,1,119.5,195.0,7.27,33
591,2004,3,1,164.2,325.0,4.75,33
592,2007,3,1,171.97,345.0,47.49,33
594,2004,3,1,108.89,5.0,5.68,33
595,2004,3,1,101.25,20.0,5.51,33
597,2003,3,1,140.15,20.0,14.63,33
600,2004,3,1,137.73,270.0,25.44,33
602,2004,3,1,189.52,260.0,6.07,33
604,2004,3,1,119.31,235.0,6.69,33
606,2005,3,1,167.68,190.0,7.3,33
607,2017,3,1,191.69,165.0,7.38,33
610,2006,3,1,150.13,165.0,7.37,33
611,2016,6,1,129.53,185.0,38.1,33
614,2007,9,1,180.72,220.0,7.48,33
616,2007,9,1,202.14,220.0,7.42,33
618,2007,9,1,181.39,190.0,7.23,33
619,2004,3,1,115.78,310.0,34.56,33
621,2004,3,1,115.78,345.0,7.38,33
623,2010,9,1,115.78,150.0,16.51,33
626,2004,3,1,115.78,260.0,64.9,33
628,1975,15,1,1113.96,215.0,94.2,33
629,1975,15,1,1114.05,125.0,35.56,33
630,1973,15,1,1120.16,125.0,38.68,33
631,1972,15,1,1110.88,35.0,144.1,33
636,1979,15,1,1232.92,270.0,101.08,33
637,1976,15,1,1093.18,275.0,26.92,33
638,1977,15,1,1091.66,185.0,77.56,33
639,1979,15,1,979.56,185.0,46.63,33
640,1978,15,1,1161.16,185.0,85.18,33
641,1977,15,1,980.29,275.0,36.48,33
704,1999,3,1,95.99,270.0,16.81,33
705,1978,9,1,76.28,0.0,8.65,33
707,1969,3,1,67.93,0.0,8.62,33
709,1987,3,1,131.8,0.0,8.51,33
710,1951,6,1,128.46,90.0,3.98,33
711,1949,6,1,101.84,90.0,4.07,33
713,1948,3,1,117.28,180.0,10.73,33
714,1961,3,1,32.27,180.0,10.63,33
715,1962,3,1,103.9,180.0,10.54,33
717,1969,3,1,121.76,270.0,45.71,33
719,1963,3,1,121.51,270.0,10.22,33
720,1960,3,1,100.34,0.0,8.63,33
721,1978,9,1,70.78,355.0,9.57,33
723,1970,3,1,108.13,355.0,9.64,33
725,1977,3,1,111.4,355.0,9.88,33
726,1970,6,1,110.25,355.0,10.41,33
727,1968,3,1,125.1,0.0,10.5,33
729,2007,6,1,263.19,85.0,34.82,33
731,1969,3,1,125.67,180.0,8.57,33
732,1968,3,1,119.75,180.0,8.6,33
733,1962,3,1,133.58,180.0,25.75,33
734,1970,3,1,106.46,180.0,8.62,33
735,1966,9,1,45.37,180.0,8.66,33
736,1962,3,1,138.71,270.0,9.98,33
737,1982,3,1,130.61,270.0,10.1,33
738,2007,6,1,111.77,355.0,10.14,33
740,1997,3,1,106.59,180.0,8.53,33
741,1977,15,1,464.9,85.0,17.74,33
743,2006,6,1,326.84,175.0,9.69,33
744,1987,3,1,252.87,175.0,10.24,33
746,1979,3,1,261.0,175.0,10.49,33
748,1999,6,1,348.43,260.0,12.46,33
749,1973,3,1,441.09,350.0,8.12,33
750,1989,6,1,163.24,170.0,29.88,33
753,2003,3,1,964.39,170.0,22.22,33
755,1990,3,1,104.02,355.0,10.41,33
756,1980,6,1,156.9,355.0,9.14,33
758,1978,6,1,159.28,355.0,9.19,33
760,1979,3,1,59.56,355.0,9.24,33
761,1989,3,1,227.75,355.0,9.3,33
763,2017,6,1,199.97,355.0,9.33,33
765,2000,6,1,199.34,355.0,9.34,33
766,2001,6,1,207.45,355.0,9.39,33
767,1993,6,1,262.68,100.0,54.26,33
768,2007,6,1,168.5,100.0,63.99,33
769,1979,3,1,92.87,170.0,8.13,33
770,2005,3,1,437.69,265.0,8.03,33
772,1960,3,1,149.68,355.0,8.92,33
774,1960,6,1,146.0,0.0,72.81,33
776,1993,3,1,262.1,355.0,9.53,33
779,1950,3,1,169.08,80.0,11.53,33
781,1971,3,1,81.39,80.0,11.5,33
782,2007,6,1,264.54,175.0,11.24,33
783,2003,9,1,274.53,175.0,11.3,33
784,2007,3,1,296.68,265.0,8.01,33
785,2006,3,1,313.49,265.0,7.93,33
786,1968,3,1,172.4,265.0,7.92,33
789,1967,3,1,66.36,80.0,11.46,33
790,1991,3,1,241.07,175.0,11.21,33
791,1970,3,1,151.39,80.0,20.51,33
792,1970,3,1,138.6,80.0,16.96,33
793,1970,3,1,126.46,80.0,14.32,33
795,1970,3,1,149.61,80.0,12.38,33
796,1982,9,1,196.61,80.0,12.02,33
798,1982,12,1,202.7,80.0,11.84,33
800,1971,3,1,204.69,80.0,11.65,33
801,1978,3,1,120.96,80.0,11.55,33
802,2002,3,1,156.54,175.0,8.34,33
804,2004,3,1,107.49,175.0,8.31,33
805,1972,9,1,191.98,175.0,8.19,33
808,1980,3,1,140.34,265.0,8.18,33
810,1970,3,1,158.29,265.0,8.09,33
811,2000,3,1,133.24,265.0,8.08,33
812,1970,3,1,151.78,270.0,8.18,33
813,1967,9,1,163.71,265.0,8.42,33
815,1967,6,1,133.94,270.0,8.49,33
817,1970,3,1,147.3,270.0,8.67,33
819,2001,6,1,109.17,265.0,8.07,33
820,1993,3,1,114.04,270.0,8.08,33
822,2000,6,1,302.56,5.0,53.82,33
823,2001,6,1,229.28,355.0,24.99,33
824,1959,3,1,104.42,80.0,11.52,33
825,1959,3,1,95.57,80.0,11.52,33
826,2006,3,1,292.96,265.0,8.29,33
828,1983,6,1,166.3,175.0,8.13,33
829,2006,6,1,362.44,265.0,53.44,33
831,1969,3,1,169.03,265.0,35.57,33
832,1991,3,1,107.24,90.0,8.37,33
834,1979,3,1,166.61,90.0,8.41,33
837,1991,3,1,110.63,355.0,7.44,33
838,2005,6,1,392.42,85.0,8.3,33
839,2005,6,1,393.85,85.0,8.35,33
840,1971,3,1,113.85,85.0,8.66,33
842,1993,6,1,106.54,85.0,8.46,33
843,2007,6,1,106.57,85.0,8.28,33
844,1964,3,1,64.69,85.0,8.14,33
845,1971,3,1,124.84,90.0,8.08,33
847,1974,3,1,115.02,85.0,8.08,33
848,1971,3,1,103.3,85.0,8.08,33
849,2008,3,1,209.86,85.0,8.17,33
851,1987,3,1,163.77,265.0,9.06,33
852,1971,3,1,204.21,265.0,7.91,33
854,1971,3,1,168.55,265.0,8.39,33
855,1971,3,1,107.66,265.0,8.94,33
857,1971,3,1,160.09,265.0,8.4,33
858,1972,3,1,471.49,350.0,22.52,33
861,2009,9,1,248.54,265.0,8.56,33
863,2004,9,1,183.77,340.0,17.82,33
864,1995,9,1,416.82,345.0,18.54,33
865,1997,9,1,985.18,75.0,41.2,33
867,1997,9,1,1140.74,165.0,21.64,33
869,2004,3,1,1663.36,220.0,42.7,33
871,1980,6,1,105.09,270.0,35.98,33
872,1970,3,1,82.39,30.0,35.64,33
874,1975,3,1,86.96,80.0,19.66,33
876,1987,3,1,104.65,80.0,19.68,33
877,1996,6,1,203.76,80.0,19.64,33
878,1975,6,1,214.62,75.0,19.63,33
879,2003,12,1,781.0,135.0,45.78,33
882,1978,6,1,200.07,255.0,7.06,33
883,2005,6,1,60.21,255.0,7.17,33
884,2006,6,1,107.4,260.0,7.21,33
885,1985,3,1,458.92,75.0,19.68,33
887,1992,6,1,93.81,340.0,17.04,33
889,2012,12,1,199.31,340.0,11.83,33
891,1979,3,1,87.6,75.0,7.06,33
893,1992,3,1,520.48,225.0,16.62,33
894,1991,3,1,103.83,255.0,7.23,33
896,2018,6,1,206.45,255.0,17.24,33
898,1975,6,1,195.57,255.0,7.59,33
900,1979,9,1,103.26,75.0,7.06,33
901,1973,3,1,113.84,305.0,12.18,33
903,1975,3,1,102.26,75.0,7.06,33
905,1975,3,1,91.54,80.0,7.06,33
907,1975,12,1,93.95,80.0,7.05,33
910,1982,6,1,157.71,160.0,20.8,33
912,1975,12,1,142.73,160.0,11.75,33
913,1975,3,1,218.06,255.0,7.25,33
914,1975,3,1,110.73,255.0,9.05,33
916,1975,3,1,200.91,305.0,53.29,33
918,1987,9,1,122.6,305.0,11.86,33
919,1996,9,1,2752.58,210.0,35.61,33
920,1983,3,1,176.49,75.0,19.23,33
922,1970,3,1,95.06,75.0,19.24,33
923,1973,3,1,88.5,75.0,19.25,33
924,1986,3,1,195.91,80.0,19.27,33
926,1988,3,1,87.35,75.0,19.28,33
927,1980,9,1,101.38,80.0,19.28,33
929,1990,9,1,98.86,75.0,19.31,33
931,1983,3,1,101.94,75.0,19.31,33
933,1992,3,1,152.75,120.0,32.12,33
935,2003,6,1,185.82,160.0,12.0,33
936,1984,6,1,102.18,260.0,7.05,33
941,1993,9,1,100.0,260.0,7.07,33
943,1973,3,1,153.65,255.0,7.08,33
944,1974,3,1,92.92,260.0,13.24,33
946,1978,6,1,170.24,305.0,29.51,33
947,1980,3,1,90.79,75.0,19.29,33
948,2002,3,1,131.25,25.0,43.15,33
949,1994,12,1,97.67,80.0,19.55,33
951,1996,3,1,85.98,80.0,19.51,33
952,1995,3,1,79.68,75.0,23.19,33
953,1997,6,1,231.23,145.0,61.24,33
954,1993,6,1,101.02,210.0,8.42,33
956,1998,9,1,163.18,215.0,8.39,33
958,1991,3,1,80.46,215.0,8.47,33
959,1991,3,1,64.3,305.0,12.7,33
960,1992,3,1,75.94,305.0,12.59,33
961,1991,3,1,72.97,305.0,12.47,33
962,1991,3,1,75.74,305.0,12.36,33
963,1990,3,1,70.04,305.0,12.25,33
964,1990,3,1,72.42,305.0,12.14,33
965,1990,3,1,72.01,305.0,13.53,33
966,1990,3,1,71.59,305.0,17.03,33
967,2002,3,1,65.81,310.0,102.28,33
969,1991,3,1,79.04,215.0,8.4,33
970,1995,3,1,216.96,75.0,19.59,33
971,1997,3,1,161.27,80.0,19.59,33
972,1996,3,1,57.44,80.0,19.47,33
973,1994,9,1,1395.32,260.0,25.15,33
977,2003,3,1,3167.37,190.0,48.41,33
979,2004,15,1,4098.51,190.0,33.5,33
980,2004,21,1,680.55,10.0,28.31,33
983,2006,12,1,3169.42,280.0,20.99,33
984,2004,12,1,2775.59,120.0,23.45,33
986,2002,12,1,2381.24,280.0,40.79,33
988,2022,24,1,3495.61,100.0,28.44,33
990,2003,21,1,4862.73,75.0,inf,33
991,1974,3,1,114.64,335.0,6.55,33
994,1949,3,1,99.88,290.0,7.2,33
998,1959,6,1,333.68,125.0,9.04,33
1003,1959,3,1,64.58,150.0,8.42,33
1004,1984,6,1,91.7,340.0,4.55,33
1006,1960,9,1,167.63,120.0,21.14,33
1009,1980,3,1,65.61,260.0,18.9,33
1010,1956,3,1,93.83,245.0,inf,33
1012,1970,3,1,115.45,105.0,6.21,33
1014,1960,9,1,215.15,60.0,20.29,33
1018,1960,3,1,117.77,120.0,8.55,33
1021,1935,6,1,93.19,125.0,6.74,33
1024,2000,6,1,38.12,120.0,5.28,33
1026,1970,3,1,82.5,160.0,10.85,33
1028,2007,6,1,163.68,335.0,6.84,33
1029,1994,3,1,122.84,10.0,9.38,33
1030,1995,6,1,169.27,330.0,6.88,33
1033,1995,3,1,162.14,135.0,6.01,33
1035,2023,3,1,240.42,110.0,5.75,33
1036,2023,6,1,215.93,105.0,5.82,33
1039,2022,3,1,199.23,105.0,5.75,33
1041,2022,3,1,195.27,105.0,5.7,33
1042,2022,6,1,193.27,105.0,5.86,33
1044,2023,6,1,184.41,105.0,5.98,33
1046,2022,3,1,175.05,105.0,5.93,33
1048,2023,6,1,194.63,240.0,inf,33
1051,2023,6,1,185.31,260.0,6.65,33
1053,2023,6,1,195.42,265.0,6.57,33
1056,2023,6,1,187.62,285.0,6.66,33
1059,2023,6,1,182.69,285.0,5.99,33
1061,2024,6,1,166.67,350.0,7.15,33
1063,1970,3,1,130.9,320.0,15.77,33
1065,1960,3,1,208.81,195.0,4.45,33
1066,2004,6,1,154.02,10.0,5.75,33
1067,2010,6,1,233.77,125.0,24.44,33
1071,2001,9,1,132.82,10.0,9.63,33
1075,1997,9,1,151.99,5.0,9.13,33
1079,1975,3,1,197.52,175.0,12.78,33
1082,1995,6,1,313.59,250.0,15.32,33
1087,1970,3,1,269.96,235.0,7.99,33
1089,2004,3,1,119.09,235.0,6.42,33
1090,1980,3,1,143.75,15.0,9.39,33
1093,1998,9,1,322.96,95.0,19.81,33
1096,1997,9,1,102.48,275.0,80.27,33
1100,2008,6,1,193.67,275.0,24.31,33
1103,1989,6,1,230.86,95.0,19.82,33
1107,2019,6,1,130.44,5.0,11.89,33
1111,2023,3,1,146.64,95.0,19.79,33
1112,2023,3,1,244.13,95.0,19.88,33
1114,1981,12,1,1407.27,275.0,116.32,33
1115,1981,15,1,1642.77,185.0,29.13,33
1116,1981,15,1,923.72,60.0,55.54,33
1119,1982,15,1,1469.42,185.0,44.26,33
1123,1880,3,1,1072.08,240.0,19.25,33
1125,1982,3,1,117.25,0.0,8.59,33
1127,2003,9,1,88.3,0.0,8.67,33
1129,1980,3,1,173.46,180.0,11.24,33
1130,1988,3,1,184.61,180.0,11.13,33
1132,1950,3,1,147.01,180.0,10.97,33
1134,1951,3,1,215.66,0.0,8.58,33
1136,1992,6,1,213.23,105.0,12.44,33
1137,1992,6,1,141.63,120.0,11.76,33
1138,1992,6,1,241.85,120.0,41.56,33
1139,1992,6,1,203.87,195.0,64.83,33
1140,1992,6,1,141.97,265.0,15.3,33
1141,1992,6,1,142.66,265.0,15.26,33
1142,1992,6,1,151.68,265.0,15.23,33
1143,1992,6,1,197.77,20.0,10.26,33
1144,1992,6,1,208.71,35.0,9.7,33
1145,1971,3,1,171.76,265.0,14.84,33
1147,1974,3,1,147.18,30.0,11.8,33
1150,1971,3,1,76.01,30.0,11.42,33
1151,1971,3,1,139.53,30.0,11.19,33
1152,1971,3,1,110.41,30.0,10.93,33
1153,1971,3,1,115.16,30.0,10.81,33
1154,2007,12,1,157.11,120.0,35.94,33
1156,2006,12,1,95.71,210.0,9.71,33
1157,1970,3,1,97.97,210.0,9.51,33
1158,1975,3,1,211.44,205.0,43.01,33
1159,1997,6,1,306.83,215.0,9.49,33
1160,2006,6,1,276.42,120.0,13.54,33
1161,1973,3,1,160.07,130.0,39.96,33
1163,1971,3,1,118.89,225.0,7.58,33
1164,1960,3,1,144.89,225.0,7.58,33
1167,1969,3,1,175.19,230.0,16.72,33
1168,1968,3,1,116.86,230.0,16.39,33
1169,1970,3,1,122.15,230.0,20.36,33
1170,1996,6,1,162.92,230.0,48.7,33
1171,1995,6,1,123.92,215.0,7.36,33
1173,2004,12,1,124.07,315.0,10.35,33
1174,1980,6,1,167.21,45.0,8.64,33
1177,2009,18,1,1635.78,280.0,73.32,33
1180,2009,21,1,2055.27,260.0,0.0,33
1183,2009,21,1,1573.48,255.0,0.0,33
1186,2011,18,1,413.71,175.0,26.4,33
1188,2000,9,1,951.75,315.0,46.11,33
1190,1996,9,1,2050.61,190.0,35.75,33
1191,1999,9,1,732.49,290.0,30.62,33
1193,1960,27,1,335.2,130.0,49.14,33
1194,1960,12,1,266.0,260.0,89.14,33
1196,1960,12,1,143.08,265.0,33.18,33
1198,1960,12,1,143.02,355.0,36.05,33
1200,1960,12,1,143.04,175.0,48.37,33
1202,1960,12,1,143.04,175.0,10.9,33
1204,1960,12,1,143.05,275.0,24.02,33
1205,1960,12,1,135.89,355.0,44.13,33
1206,1960,12,1,135.9,175.0,11.01,33
1207,1960,12,1,135.9,175.0,41.67,33
1208,1960,12,1,135.89,355.0,10.79,33
1209,1960,12,1,135.9,265.0,13.78,33
1210,1960,12,1,276.03,85.0,58.76,33
1211,1960,12,1,266.0,260.0,41.89,33
1212,1960,12,1,266.0,125.0,14.36,33
1213,1960,12,1,266.0,125.0,28.6,33
1214,1960,12,1,276.01,280.0,22.71,33
1215,1960,12,1,276.04,100.0,41.49,33
1216,1960,12,1,276.02,280.0,inf,33
1217,1960,12,1,143.05,85.0,31.27,33
1218,1960,12,1,135.9,175.0,49.74,33
1219,1960,12,1,135.9,175.0,11.58,33
1220,1960,12,1,135.89,175.0,14.66,33
1221,1960,12,1,143.05,355.0,57.27,33
1222,1960,12,1,143.05,355.0,11.79,33
1223,1960,12,1,143.05,355.0,33.35,33
1224,1960,12,1,135.89,125.0,19.31,33
1225,1960,12,1,135.89,125.0,18.63,33
1226,1960,12,1,135.9,355.0,25.96,33
1227,1960,12,1,135.89,355.0,20.2,33
1228,1960,12,1,143.05,265.0,19.5,33
1229,1960,12,1,135.89,125.0,22.18,33
1230,1960,12,1,135.89,125.0,69.84,33
1232,1960,48,1,292.32,175.0,73.38,33
1235,1993,9,1,192.14,305.0,9.02,33
1239,2007,3,1,148.7,305.0,9.03,33
1240,2007,3,1,152.0,305.0,9.07,33
1242,2007,3,1,148.56,305.0,21.0,33
1243,2019,3,1,207.13,305.0,8.7,33
1247,2021,6,1,197.41,305.0,8.33,33
1251,2002,9,1,161.67,0.0,19.11,33
1255,1989,3,1,117.46,275.0,82.49,33
1256,1977,3,1,122.48,215.0,18.7,33
1257,2007,6,1,128.25,45.0,10.48,33
1258,2007,6,1,128.25,35.0,33.31,33
1259,2007,6,1,128.25,100.0,6.62,33
1260,2007,6,1,128.25,200.0,31.5,33
1261,2007,6,1,128.25,205.0,18.29,33
1262,2012,6,1,160.74,45.0,10.54,33
1265,2012,6,1,168.11,45.0,10.52,33
1269,1983,3,1,229.34,305.0,37.22,33
1274,1976,3,1,158.64,275.0,19.8,33
1277,1980,3,1,121.73,20.0,12.17,33
1279,1981,3,1,298.91,20.0,12.68,33
1283,1982,3,1,144.98,15.0,12.15,33
1286,1982,3,1,214.75,10.0,12.17,33
1287,2019,6,1,203.93,5.0,12.41,33
1292,1982,3,1,150.13,140.0,10.45,33
1296,1994,9,1,137.15,135.0,10.62,33
1298,2001,9,1,238.51,230.0,10.2,33
1300,1986,9,1,233.26,230.0,9.96,33
1303,1998,9,1,119.31,230.0,10.74,33
1306,1985,9,1,430.66,275.0,inf,33
1309,1983,3,1,206.37,300.0,38.01,33
1313,2008,6,1,169.08,180.0,13.47,33
1314,1996,3,1,140.76,270.0,65.01,33
1316,1988,3,1,153.22,350.0,12.32,33
1319,1983,3,1,163.64,55.0,6.21,33
1322,1978,3,1,88.64,145.0,6.37,33
1325,1984,3,1,144.03,100.0,6.2,33
1327,1990,3,1,98.59,100.0,6.19,33
1329,1994,3,1,141.93,60.0,5.94,33
1330,1982,3,1,151.26,25.0,6.22,33
1334,1980,6,1,152.99,15.0,6.71,33
1338,1999,3,1,132.47,10.0,6.26,33
1339,1988,9,1,153.81,15.0,6.3,33
1343,1991,3,1,135.97,110.0,10.44,33
1344,1982,3,1,164.72,150.0,34.76,33
1346,1982,3,1,150.12,190.0,12.32,33
1349,1992,3,1,120.45,190.0,12.19,33
1350,1982,6,1,105.19,190.0,12.02,33
1352,1991,6,1,116.99,205.0,12.87,33
1354,1995,6,1,154.68,200.0,12.5,33
1357,1991,6,1,120.98,200.0,12.36,33
1360,1982,6,1,172.49,200.0,12.41,33
1364,2007,3,1,128.24,275.0,28.07,33
1365,1980,3,1,119.42,275.0,19.78,33
1366,1983,3,1,155.34,275.0,19.9,33
1367,1984,3,1,174.72,275.0,19.96,33
1370,1987,6,1,110.29,275.0,19.85,33
1372,1981,3,1,163.11,275.0,19.77,33
1375,2000,6,1,138.39,10.0,6.76,33
1376,2007,6,1,251.02,5.0,88.11,33
1379,1985,6,1,264.3,5.0,31.37,33
1381,1980,6,1,143.13,95.0,6.84,33
1384,1983,3,1,184.2,95.0,6.72,33
1386,1982,3,1,134.1,95.0,11.59,33
1389,1982,3,1,172.45,95.0,6.51,33
1391,1983,3,1,122.27,95.0,6.41,33
1393,1982,3,1,204.29,95.0,6.3,33
1395,1980,3,1,158.8,95.0,20.67,33
1397,1980,3,1,171.25,95.0,6.28,33
1399,1985,3,1,183.35,95.0,6.12,33
1401,1988,3,1,107.59,185.0,6.72,33
1403,1991,3,1,187.81,275.0,20.55,33
1404,1980,6,1,183.96,275.0,20.43,33
1407,1982,9,1,199.44,275.0,20.24,33
1410,1980,3,1,226.89,275.0,19.98,33
1411,2000,6,1,89.94,275.0,20.58,33
1415,1982,3,1,129.91,275.0,20.35,33
1418,1985,3,1,207.29,5.0,62.84,33
1420,1980,3,1,168.25,275.0,20.25,33
1424,1993,3,1,200.31,275.0,19.57,33
1425,1983,3,1,148.42,5.0,12.48,33
1429,1983,6,1,238.3,95.0,20.33,33
1432,1983,3,1,225.38,95.0,20.28,33
1434,1988,3,1,236.12,95.0,20.4,33
1437,1970,6,1,288.12,95.0,20.5,33
1439,2002,3,1,207.41,95.0,20.17,33
1442,2004,6,1,155.34,95.0,20.08,33
1443,1987,3,1,247.91,275.0,18.97,33
1445,2000,3,1,192.71,275.0,19.04,33
1446,1999,9,1,297.26,275.0,19.77,33
1447,1991,3,1,236.02,275.0,19.65,33
1461,2010,21,1,1488.68,280.0,0.0,33
1464,2012,18,1,744.82,15.0,0.0,33
1467,2012,21,1,731.73,25.0,0.0,33
1469,1982,3,1,91.21,335.0,30.03,33
1472,1982,6,1,186.16,355.0,6.28,33
1475,1983,3,1,127.12,105.0,10.76,33
1477,1998,3,1,150.35,105.0,10.74,33
1478,1982,3,1,144.62,105.0,10.77,33
1480,2013,6,1,161.54,190.0,6.16,33
1484,1999,3,1,182.43,280.0,35.99,33
1485,2004,6,1,167.7,190.0,6.79,33
1488,1990,3,1,99.01,195.0,6.32,33
1491,1996,3,1,150.77,145.0,14.32,33
1492,1989,3,1,234.1,355.0,6.46,33
1495,1983,6,1,124.39,275.0,20.21,33
1497,2008,3,1,110.35,0.0,6.81,33
1498,2005,9,1,51.94,5.0,6.7,33
1500,1980,6,1,133.83,5.0,91.41,33
1504,1983,3,1,171.17,355.0,6.35,33
1507,2019,6,1,64.53,355.0,6.43,33
1510,1983,3,1,77.0,355.0,6.44,33
1513,2014,6,1,140.32,355.0,6.34,33
1515,1995,3,1,98.67,355.0,6.44,33
1517,1987,6,1,185.83,95.0,12.17,33
1519,1991,3,1,141.08,180.0,48.97,33
1521,1975,3,1,123.42,175.0,12.51,33
1523,2000,12,1,131.45,175.0,12.57,33
1525,1986,6,1,111.47,175.0,12.48,33
1529,1983,3,1,151.69,170.0,12.47,33
1531,1983,3,1,126.51,170.0,12.44,33
1535,1983,3,1,183.77,170.0,12.41,33
1538,1983,3,1,114.02,170.0,12.53,33
1540,1998,3,1,108.27,160.0,12.34,33
1543,1987,6,1,138.62,195.0,126.04,33
1548,1982,3,1,157.93,350.0,12.46,33
1551,1979,3,1,134.46,350.0,12.46,33
1553,2001,3,1,121.97,355.0,12.44,33
1555,1999,6,1,99.56,355.0,12.56,33
1558,1987,6,1,131.64,20.0,52.53,33
1562,1989,3,1,139.93,105.0,10.64,33
1564,1986,3,1,141.32,170.0,24.48,33
1565,1980,3,1,174.49,175.0,6.51,33
1568,2007,3,1,140.24,175.0,6.5,33
1569,1973,3,1,111.53,175.0,6.44,33
1574,1980,3,1,150.25,175.0,6.39,33
1577,1991,6,1,201.48,175.0,6.31,33
1579,1983,3,1,160.49,275.0,6.51,33
1581,1983,6,1,184.88,355.0,6.51,33
1584,1973,3,1,182.96,355.0,6.43,33
1586,1981,3,1,244.3,355.0,6.4,33
1589,2002,3,1,156.68,355.0,6.4,33
1590,1999,3,1,161.13,95.0,12.11,33
1591,1982,3,1,127.88,175.0,6.4,33
1594,1982,3,1,35.3,175.0,6.35,33
1596,1993,6,1,132.94,175.0,6.35,33
1599,1982,3,1,113.07,175.0,6.4,33
1602,1981,3,1,196.29,175.0,6.44,33
1604,1985,9,1,105.78,355.0,6.37,33
1607,1982,3,1,179.48,355.0,9.52,33
1609,1981,3,1,162.34,355.0,6.42,33
1611,1978,3,1,175.68,355.0,6.38,33
1614,2005,3,1,110.03,355.0,6.32,33
1615,1993,3,1,117.45,355.0,6.38,33
1617,2022,3,1,120.44,355.0,6.41,33
1620,1996,3,1,176.18,355.0,6.4,33
1623,2004,9,1,138.8,95.0,12.45,33
1625,1980,3,1,184.6,180.0,6.53,33
1627,1981,3,1,129.03,175.0,6.45,33
1629,2021,6,1,122.32,175.0,6.34,33
1633,1986,3,1,106.63,175.0,6.31,33
1636,1991,3,1,121.48,175.0,6.41,33
1637,1994,3,1,78.19,175.0,6.38,33
1639,1993,3,1,130.35,180.0,6.35,33
1642,2004,6,1,16.04,275.0,7.04,33
1644,1982,3,1,99.37,5.000000000000001,inf,33
1647,1982,3,1,204.57,5.0,66.97,33
1649,1983,3,1,243.08,5.0,27.14,33
1651,1991,3,1,194.28,5.0,65.08,33
1653,1980,6,1,218.95,5.0,66.37,33
1656,1998,3,1,155.56,95.0,12.17,33
1657,2020,3,1,139.56,95.0,25.78,33
1660,2020,6,1,158.54,175.0,6.5,33
1666,1994,6,1,173.3,275.0,6.94,33
1669,1981,3,1,142.99,175.0,6.44,33
1670,2002,3,1,81.27,175.0,6.38,33
1672,1972,15,1,1229.32,170.0,104.79,33
1673,1968,15,1,1229.42,350.0,127.28,33
1675,1972,15,1,1197.08,350.0,129.29,33
1677,1972,15,1,1229.35,170.0,133.9,33
1688,1980,6,1,145.16,325.0,26.85,33
1690,1983,3,1,162.75,5.0,10.19,33
1691,1991,6,1,146.2,5.0,10.24,33
1693,1992,3,1,151.55,5.0,10.32,33
1694,2006,6,1,120.02,5.0,10.24,33
1695,1992,6,1,158.92,0.0,10.42,33
1700,1983,3,1,130.85,350.0,10.29,33
1703,2006,3,1,100.02,345.0,9.97,33
1705,1998,3,1,115.77,335.0,10.03,33
1706,1987,3,1,138.23,330.0,10.35,33
1708,1973,3,1,95.59,20.0,21.28,33
1711,1980,3,1,94.95,80.0,17.11,33
1713,1985,6,1,112.97,155.0,9.14,33
1715,1981,3,1,153.73,155.0,9.17,33
1717,1960,9,1,148.33,170.0,9.38,33
1718,1989,6,1,104.53,170.0,9.24,33
1721,1999,3,1,136.31,170.0,54.08,33
1722,1996,6,1,103.0,170.0,52.65,33
1725,1990,6,1,117.46,175.0,41.55,33
1729,1990,3,1,135.74,175.0,40.27,33
1732,1983,9,1,118.88,180.0,39.99,33
1734,1983,3,1,115.85,185.0,38.43,33
1735,1999,3,1,158.04,185.0,37.63,33
1736,2005,6,1,113.66,185.0,37.41,33
1740,2005,3,1,93.72,335.0,10.25,33
1742,1989,3,1,161.68,335.0,10.18,33
1743,1980,3,1,192.63,145.0,9.35,33
1744,1978,3,1,192.21,345.0,6.48,33
1747,1982,3,1,108.11,345.0,6.22,33
1749,2002,3,1,114.68,345.0,6.3,33
1752,1981,3,1,175.58,345.0,8.85,33
1754,1982,3,1,170.44,345.0,6.34,33
1757,1983,6,1,197.73,345.0,6.32,33
1761,1983,3,1,134.28,25.0,13.16,33
1764,1983,3,1,116.38,130.0,10.42,33
1767,1982,6,1,110.49,140.0,10.31,33
1768,1981,3,1,142.49,140.0,10.27,33
1770,1970,9,1,126.99,140.0,15.71,33
1773,1981,3,1,150.81,150.0,10.34,33
1776,1990,3,1,100.95,160.0,10.18,33
1777,1996,9,1,155.45,155.0,10.2,33
1780,1982,3,1,187.15,170.0,10.34,33
1783,2006,3,1,153.65,180.0,10.38,33
1784,1983,3,1,136.1,185.0,10.2,33
1786,1999,3,1,158.28,185.0,10.28,33
1788,1984,3,1,135.58,205.0,16.81,33
1790,1988,3,1,131.22,315.0,10.64,33
1791,1988,6,1,149.81,315.0,10.45,33
1795,1970,6,1,143.54,0.0,10.27,33
1799,1984,3,1,181.76,0.0,10.05,33
1800,1997,6,1,153.57,10.0,9.9,33
1803,1985,3,1,195.79,340.0,11.27,33
1804,1994,6,1,93.0,185.0,10.23,33
1807,1982,6,1,144.62,340.0,41.81,33
1810,1999,3,1,114.42,345.0,6.58,33
1814,1982,6,1,110.75,340.0,20.59,33
1816,1982,3,1,162.16,355.0,6.37,33
1818,1982,3,1,114.66,355.0,6.32,33
1821,2010,3,1,45.0,65.0,6.58,33
1824,1981,6,1,152.75,65.0,6.2,33
1826,1983,3,1,109.2,65.0,6.32,33
1829,1980,3,1,204.51,65.0,6.39,33
1832,1981,6,1,195.0,80.0,46.6,33
1836,1999,6,1,260.02,235.0,33.31,33
1840,1982,3,1,187.49,235.0,10.27,33
1842,1983,6,1,116.97,235.0,9.98,33
1846,2005,6,1,166.22,235.0,10.0,33
1849,2003,6,1,198.89,240.0,10.08,33
1850,1977,3,1,151.83,275.0,114.84,33
1856,1995,3,1,121.14,355.0,10.6,33
1861,1978,3,1,123.53,175.0,6.32,33
1863,1978,3,1,124.56,175.0,6.37,33
1864,2003,3,1,114.46,175.0,6.37,33
1865,2000,3,1,132.22,185.0,33.92,33
1866,2003,3,1,89.42,75.0,60.65,33
1867,2005,3,1,105.32,345.0,34.33,33
1869,1982,9,1,187.59,90.0,22.75,33
1873,1998,3,1,33.17,105.0,6.42,33
1874,1997,3,1,37.14,110.0,6.68,33
1879,1994,3,1,111.1,105.0,6.8,33
1880,1980,3,1,143.24,105.0,8.47,33
1882,2007,3,1,121.9,105.0,6.47,33
1884,2004,6,1,137.95,225.0,36.49,33
1888,1982,3,1,115.56,285.0,10.41,33
1890,1990,3,1,172.31,285.0,29.74,33
1894,1995,3,1,155.2,285.0,10.73,33
1895,1984,3,1,142.16,285.0,12.61,33
1897,1986,3,1,150.82,285.0,12.35,33
1900,1980,3,1,143.59,285.0,10.44,33
1901,1981,3,1,182.58,285.0,10.64,33
1903,1980,3,1,139.9,285.0,10.65,33
1906,2004,3,1,114.5,105.0,6.47,33
1908,1996,3,1,157.6,95.0,6.32,33
1909,1980,3,1,208.91,95.0,6.33,33
1912,1982,3,1,97.16,95.0,6.34,33
1915,1975,3,1,75.04,95.0,6.4,33
1917,1994,3,1,147.36,95.0,6.47,33
1918,1977,6,1,187.92,95.0,9.61,33
1921,1991,6,1,183.8,275.0,12.45,33
1927,1987,3,1,102.64,275.0,12.1,33
1928,1980,3,1,235.93,275.0,12.3,33
1930,1987,3,1,144.84,275.0,12.2,33
1933,1986,9,1,278.97,350.0,31.75,33
1936,2006,9,1,140.99,95.0,6.4,33
1938,1989,9,1,165.47,270.0,56.9,33
1941,1990,6,1,186.05,70.0,8.97,33
1944,2004,6,1,119.76,70.0,6.43,33
1945,1980,3,1,183.91,70.0,6.5,33
1946,1983,6,1,187.53,70.0,6.57,33
1949,1977,3,1,148.26,70.0,6.1,33
1953,1992,3,1,283.53,355.0,10.63,33
1954,2023,3,1,55.45,355.0,6.39,33
1955,1987,3,1,179.68,355.0,6.28,33
1956,1980,6,1,156.13,355.0,6.16,33
1958,1983,3,1,168.98,355.0,13.57,33
1960,1982,3,1,156.77,175.0,10.41,33
1963,2001,3,1,165.03,175.0,10.36,33
1964,1983,3,1,164.09,170.0,10.34,33
1965,1980,3,1,209.85,170.0,10.27,33
1966,1969,6,1,174.31,170.0,10.18,33
1970,1996,3,1,182.3,170.0,10.05,33
1971,1983,3,1,121.04,190.0,105.0,33
1973,1983,6,1,159.85,245.0,83.69,33
1975,1995,6,1,110.18,245.0,46.9,33
1978,2007,3,1,105.56,245.0,43.92,33
1979,1983,3,1,180.67,245.0,39.52,33
1981,1996,6,1,248.49,250.0,37.42,33
1983,1992,3,1,248.96,260.0,107.87,33
1986,2008,3,1,142.68,260.0,108.3,33
1987,1992,3,1,248.57,270.0,83.33,33
1991,1984,6,1,119.11,15.0,11.02,33
1993,1987,3,1,56.6,15.0,10.84,33
1995,1996,3,1,108.17,15.0,10.81,33
1996,1982,3,1,141.87,15.0,10.8,33
1998,1983,6,1,158.72,70.0,26.84,33
2000,1982,3,1,93.62,190.0,6.85,33
2003,2003,3,1,120.15,195.0,6.71,33
2004,1980,3,1,219.26,195.0,9.63,33
2005,2010,6,1,111.25,195.0,6.2,33
2007,1993,3,1,112.99,195.0,6.22,33
2008,1992,3,1,141.62,275.0,35.2,33
2014,1983,3,1,110.07,330.0,9.08,33
2017,1990,3,1,118.15,325.0,9.49,33
2019,1996,3,1,122.29,325.0,9.37,33
2020,1992,3,1,110.0,20.0,18.32,33
2022,1992,6,1,92.86,80.0,7.3,33
2024,1986,3,1,135.34,335.0,9.19,33
2027,1995,3,1,132.61,80.0,7.66,33
2030,2003,6,1,136.95,340.0,9.03,33
2031,2003,3,1,106.0,340.0,9.43,33
2032,1983,3,1,185.8,260.0,10.83,33
2034,1980,3,1,207.85,10.0,36.67,33
2035,1980,3,1,134.04,110.0,10.54,33
2038,1985,9,1,215.61,345.0,6.55,33
2040,2006,3,1,131.72,195.0,50.0,33
2041,2006,3,1,136.86,110.0,10.6,33
2042,1982,6,1,117.42,0.0,6.68,33
2045,1995,6,1,133.6,5.0,6.88,33
2048,1998,6,1,109.61,40.0,26.48,33
2054,1982,3,1,160.47,40.0,6.55,33
2057,1982,3,1,146.15,40.0,6.5,33
2060,2009,6,1,116.56,165.0,6.32,33
2063,1988,3,1,135.51,245.0,6.34,33
2065,2007,3,1,150.65,245.0,6.36,33
2066,1998,9,1,138.33,245.0,6.27,33
2069,1998,9,1,133.68,355.0,10.54,33
2072,2004,3,1,109.86,355.0,10.41,33
2073,1983,6,1,150.58,180.0,6.16,33
2075,1999,3,1,138.27,160.0,6.66,33
2077,1984,6,1,169.76,170.0,13.93,33
2081,1990,3,1,112.6,175.0,6.72,33
2083,1980,3,1,166.47,245.0,22.89,33
2085,1988,9,1,124.32,70.0,47.4,33
2088,2005,3,1,152.35,140.0,15.67,33
2089,1974,3,1,167.7,345.0,14.48,33
2091,1986,6,1,94.32,355.0,9.56,33
2097,1989,9,1,133.6,355.0,6.19,33
2101,1978,3,1,156.67,70.0,10.12,33
2104,1990,6,1,144.67,75.0,10.22,33
2105,1987,6,1,136.29,175.0,10.24,33
2107,1992,6,1,149.76,175.0,10.4,33
2110,2020,6,1,129.33,175.0,10.51,33
2113,1987,3,1,124.77,175.0,10.84,33
2114,1992,3,1,150.39,175.0,10.3,33
2115,1982,3,1,150.27,355.0,6.4,33
2116,2000,3,1,116.06,175.0,10.64,33
2119,1989,3,1,142.79,355.0,35.47,33
2122,1977,3,1,135.82,85.0,6.39,33
2124,2001,3,1,121.06,85.0,6.42,33
2125,1994,6,1,114.9,85.0,13.05,33
2128,1975,3,1,64.5,285.0,6.8,33
2129,1960,3,1,206.28,285.0,6.69,33
2132,1982,6,1,453.58,265.0,13.36,33
2136,1998,3,1,144.81,355.0,12.36,33
2137,1988,3,1,95.14,85.0,10.56,33
2138,1982,3,1,141.65,80.0,10.31,33
2141,1984,3,1,131.66,80.0,10.29,33
2142,1989,6,1,152.2,75.0,10.39,33
2144,1978,3,1,93.53,80.0,10.23,33
2147,1994,6,1,126.6,80.0,10.34,33
2150,1986,9,1,148.27,265.0,6.44,33
2154,1991,3,1,126.89,265.0,6.39,33
2157,1983,3,1,131.9,265.0,6.36,33
2160,1986,3,1,123.38,265.0,6.33,33
2161,1977,3,1,157.29,265.0,6.29,33
2164,1975,3,1,198.11,345.0,34.53,33
2166,1979,3,1,94.49,355.0,8.4,33
2168,1980,6,1,79.12,355.0,18.04,33
2171,1960,6,1,135.81,355.0,6.32,33
2172,1983,3,1,138.42,25.0,32.41,33
2174,1977,3,1,120.66,95.0,10.34,33
2177,1978,3,1,168.7,175.0,18.86,33
2178,1980,3,1,97.13,175.0,12.38,33
2180,1993,3,1,164.03,175.0,12.35,33
2181,1979,6,1,156.01,175.0,35.45,33
2184,1978,6,1,144.46,175.0,17.44,33
2188,1998,3,1,148.75,175.0,12.21,33
2191,1980,3,1,157.89,175.0,12.14,33
2194,2010,9,1,109.21,355.0,6.12,33
2197,1982,3,1,125.63,285.0,20.67,33
2200,2001,3,1,157.48,355.0,6.37,33
2203,1983,3,1,139.37,35.0,22.65,33
2205,1978,3,1,175.72,95.0,10.52,33
2207,1991,3,1,134.27,95.0,10.35,33
2208,1980,3,1,146.88,95.0,10.47,33
2211,1975,3,1,133.67,95.0,10.29,33
2213,1991,3,1,125.7,95.0,10.12,33
2216,1973,3,1,179.93,175.0,6.24,33
2222,1999,3,1,141.59,275.0,6.36,33
2223,1988,3,1,161.88,275.0,6.33,33
2226,1992,6,1,118.05,275.0,6.34,33
2229,1991,6,1,118.47,315.0,116.14,33
2232,1997,3,1,61.26,350.0,10.1,33
2235,1985,6,1,220.85,350.0,10.29,33
2238,2023,6,1,197.5,350.0,10.37,33
2241,1996,3,1,163.0,0.0,39.05,33
2244,1982,6,1,142.14,95.0,10.35,33
2247,1987,3,1,122.15,175.0,22.31,33
2248,1991,3,1,215.56,175.0,6.39,33
2249,1990,3,1,114.54,175.0,6.36,33
2250,1980,3,1,108.7,175.0,16.29,33
2253,1993,3,1,135.09,175.0,7.87,33
2254,1970,3,1,64.14,175.0,6.36,33
2256,2002,3,1,142.89,275.0,12.21,33
2257,2008,6,1,129.24,15.0,6.78,33
2260,1983,9,1,126.46,105.0,13.46,33
2263,1978,3,1,177.92,175.0,6.22,33
2266,1974,3,1,236.14,175.0,6.34,33
2267,1993,3,1,153.04,175.0,6.43,33
2269,1999,3,1,100.74,250.0,6.35,33
2270,1972,3,1,181.58,250.0,6.57,33
2272,1972,3,1,112.76,70.0,14.51,33
2275,2024,3,1,99.55,70.0,10.06,33
2277,2005,3,1,183.97,25.0,8.58,33
2278,1983,3,1,73.52,295.0,60.5,33
2279,1983,6,1,73.24,20.0,8.57,33
2282,1998,3,1,110.46,115.0,12.11,33
2284,1981,3,1,143.97,180.0,8.47,33
2288,1983,6,1,161.74,180.0,8.78,33
2290,2001,3,1,105.7,205.0,inf,33
2291,1997,9,1,203.91,290.0,13.63,33
2295,1982,3,1,71.71,290.0,13.63,33
2297,1992,6,1,118.39,295.0,13.63,33
2300,1989,3,1,245.23,100.0,31.2,33
2301,1984,6,1,211.27,100.0,44.87,33
2305,1997,3,1,150.82,100.0,50.09,33
2307,1995,6,1,149.67,225.0,13.2,33
2311,1980,3,1,123.39,315.0,10.57,33
2315,2007,3,1,121.64,100.0,33.45,33
2317,2004,3,1,87.56,100.0,37.3,33
2319,1984,3,1,113.09,270.0,126.74,33
2322,2001,3,1,91.64,85.0,49.95,33
2323,1996,3,1,94.41,80.0,inf,33
2324,1983,9,1,99.89,85.0,inf,33
2328,1983,3,1,90.06,85.31329791759389,inf,33
2330,1983,3,1,117.95,90.0,inf,33
2332,1980,9,1,116.52,95.0,44.91,33
2335,1982,3,1,122.05,100.0,47.32,33
2337,1983,3,1,185.46,115.0,11.45,33
2342,1983,3,1,116.08,130.0,11.65,33
2345,1977,3,1,159.42,120.0,11.54,33
2348,1993,3,1,118.52,135.0,10.54,33
2349,2001,9,1,115.97,135.0,10.27,33
2352,1994,9,1,120.45,135.0,9.73,33
2355,1987,6,1,129.03,135.0,27.47,33
2358,1980,3,1,87.87,215.0,13.83,33
2361,1980,3,1,122.48,215.0,6.58,33
2363,1975,3,1,218.74,245.0,106.73,33
2366,1993,3,1,169.76,320.0,10.12,33
2370,1991,3,1,95.52,315.0,10.05,33
2373,1982,3,1,126.88,310.0,10.49,33
2375,2007,3,1,131.98,290.0,18.77,33
2377,1995,3,1,132.71,290.0,9.46,33
2380,1983,6,1,118.92,290.0,11.04,33
2383,2008,6,1,143.99,290.0,11.12,33
2384,2006,6,1,143.05,285.0,10.36,33
2386,2002,9,1,124.15,280.0,10.3,33
2389,1984,6,1,123.13,270.0,40.11,33
2392,1993,6,1,123.07,260.0,10.58,33
2396,1978,3,1,176.49,95.0,29.18,33
2399,1982,3,1,213.5,95.0,31.61,33
2402,1994,3,1,112.63,90.0,32.11,33
2404,1983,3,1,222.1,85.0,31.75,33
2408,1983,3,1,120.26,95.0,30.63,33
2411,1980,3,1,181.74,90.0,33.12,33
2412,1980,6,1,143.15,90.0,30.37,33
2415,1989,9,1,144.62,90.0,30.08,33
2418,1990,9,1,159.14,165.0,44.42,33
2420,1985,3,1,164.08,270.0,76.22,33
2422,1996,6,1,141.73,275.0,10.53,33
2425,1996,3,1,209.89,275.0,10.1,33
2426,1994,3,1,155.88,275.0,9.9,33
2427,1996,9,1,186.86,85.0,30.72,33
2431,1999,3,1,132.38,0.0,34.85,33
2433,2009,3,1,121.27,270.0,10.72,33
2434,2009,6,1,121.27,265.0,10.47,33
2435,1980,3,1,267.69,270.0,13.18,33
2437,1980,3,1,411.79,15.0,53.93,33
2439,2003,3,1,146.66,95.0,10.53,33
2440,1984,3,1,178.59,95.0,10.5,33
2443,1980,6,1,201.03,95.0,10.35,33
2446,1980,3,1,60.18,95.0,10.28,33
2447,1993,3,1,90.25,95.0,9.84,33
2450,1980,3,1,82.3,95.0,9.99,33
2452,1982,3,1,163.96,95.0,10.16,33
2454,2002,6,1,151.77,175.0,18.71,33
2457,1984,3,1,126.43,255.0,85.43,33
2459,1983,3,1,171.42,275.0,10.27,33
2462,1980,3,1,90.74,275.0,16.61,33
2465,1994,3,1,108.46,275.0,11.3,33
2468,1993,3,1,121.04,275.0,10.12,33
2469,1985,6,1,130.26,275.0,10.18,33
2473,1983,3,1,154.84,275.0,10.41,33
2476,1982,3,1,166.43,275.0,10.43,33
2478,1978,6,1,222.48,275.0,10.63,33
2481,1992,6,1,141.87,275.0,13.61,33
2484,1979,3,1,140.13,275.0,10.42,33
2486,1984,3,1,163.92,275.0,10.35,33
2488,2006,3,1,99.35,95.0,10.06,33
2489,2006,3,1,75.55,95.0,10.42,33
2490,1982,3,1,233.81,95.0,10.41,33
2491,1992,3,1,160.2,180.0,0.0,33
2494,1998,3,1,158.73,90.0,10.2,33
2495,2023,3,1,156.08,90.0,10.23,33
2498,1980,3,1,133.3,170.0,31.03,33
2500,1982,3,1,128.64,170.0,10.29,33
2502,1986,3,1,229.23,210.0,16.06,33
2504,1974,6,1,160.42,250.0,9.81,33
2506,1986,9,1,165.6,250.0,16.2,33
2509,2006,6,1,142.11,245.0,10.38,33
2510,1987,6,1,173.51,245.0,10.14,33
2513,1975,3,1,154.28,245.0,10.1,33
2516,1980,9,1,141.55,285.0,23.36,33
2520,1980,3,1,124.0,285.0,13.29,33
2523,1975,3,1,233.73,255.0,10.52,33
2526,1982,3,1,114.02,90.0,32.18,33
2531,1991,6,1,101.38,90.0,30.19,33
2534,1982,3,1,180.09,90.0,34.12,33
2536,1982,6,1,88.05,90.0,25.02,33
2538,1994,3,1,135.0,255.0,10.36,33
2540,1982,3,1,193.59,355.0,15.7,33
2543,1986,9,1,232.09,355.0,12.48,33
2545,2004,3,1,95.97,85.0,39.64,33
2546,1978,3,1,150.37,75.0,10.46,33
2549,1982,3,1,187.47,75.0,10.19,33
2552,1996,6,1,136.67,75.0,10.1,33
2554,1972,3,1,165.7,75.0,10.19,33
2557,1983,3,1,160.96,75.0,10.24,33
2561,1982,6,1,109.78,175.0,10.17,33
2567,1996,3,1,158.75,255.0,23.1,33
2568,1992,3,1,104.12,260.0,10.28,33
2571,1981,3,1,127.71,260.0,10.22,33
2573,1980,6,1,119.41,260.0,10.25,33
2575,2000,6,1,135.86,260.0,10.26,33
2578,1983,3,1,212.51,265.0,10.54,33
2580,1984,6,1,203.14,260.0,10.49,33
2582,1983,3,1,108.62,250.0,10.14,33
2585,2013,6,1,131.23,255.0,10.29,33
2586,1982,3,1,143.2,0.0,8.56,33
2589,1982,3,1,144.52,325.0,8.83,33
2591,1983,6,1,128.42,330.0,10.39,33
2593,1985,3,1,110.36,330.0,18.99,33
2596,1983,3,1,145.66,130.0,8.63,33
2598,1989,6,1,127.89,50.0,66.65,33
2600,1980,3,1,192.76,310.0,60.2,33
2603,1986,3,1,168.91,80.0,8.3,33
2604,1986,3,1,115.01,85.0,8.24,33
2606,1982,3,1,70.39,85.0,8.3,33
2608,1991,3,1,162.2,85.0,8.36,33
2611,1982,3,1,104.92,85.0,8.43,33
2613,1997,6,1,105.52,85.0,8.55,33
2616,1995,3,1,174.36,140.0,45.1,33
2619,2005,3,1,183.89,270.0,46.63,33
2620,1980,3,1,27.99,270.0,42.66,33
2622,1986,3,1,215.71,270.0,38.91,33
2625,1980,6,1,180.26,270.0,35.55,33
2628,1980,3,1,86.61,270.0,30.93,33
2631,1997,3,1,134.54,270.0,90.48,33
2633,2006,3,1,44.63,5.0,7.93,33
2636,2007,9,1,204.08,320.0,8.13,33
2639,1990,3,1,145.09,270.0,32.02,33
2641,1993,3,1,143.66,270.0,30.49,33
2644,2000,6,1,147.97,270.0,32.0,33
2647,1993,6,1,128.94,270.0,30.69,33
2654,1985,3,1,156.61,270.0,30.34,33
2658,1982,3,1,78.26,345.0,7.78,33
2660,1982,3,1,78.17,345.0,7.74,33
2664,1993,3,1,144.62,355.0,8.05,33
2667,1982,3,1,208.64,10.0,8.04,33
2670,2008,3,1,130.84,10.0,8.38,33
2671,1996,6,1,95.49,185.0,7.26,33
2673,1982,6,1,139.05,175.0,7.24,33
2675,1981,6,1,58.39,170.0,6.85,33
2679,1982,3,1,135.66,270.0,39.91,33
2682,1990,3,1,122.08,165.0,6.83,33
2685,1983,9,1,226.52,350.0,7.88,33
2689,1982,3,1,124.37,185.0,7.97,33
2692,1982,3,1,92.32,185.0,7.82,33
2695,1996,3,1,62.0,185.0,7.79,33
2698,2007,3,1,134.88,185.0,7.56,33
2699,1980,9,1,138.3,350.0,7.95,33
2702,1982,9,1,103.41,350.0,7.92,33
2705,2007,6,1,112.92,350.0,8.0,33
2708,1979,6,1,113.59,355.0,8.0,33
2711,2005,9,1,180.87,180.0,6.84,33
2714,2001,3,1,113.11,165.0,6.87,33
2715,1980,3,1,103.32,70.0,13.53,33
2718,1980,3,1,129.65,340.0,78.75,33
2721,1993,3,1,107.18,135.0,8.7,33
2724,1996,3,1,123.03,115.0,8.36,33
2725,1981,3,1,120.54,115.0,8.29,33
2726,1981,6,1,186.23,115.0,8.26,33
2728,1981,3,1,155.05,115.0,8.47,33
2730,1988,6,1,112.78,110.0,6.73,33
2734,1989,9,1,202.29,270.0,30.22,33
2737,1990,3,1,236.73,270.0,38.14,33
2740,1997,6,1,100.14,270.0,30.01,33
2741,1981,3,1,77.51,265.0,30.49,33
2742,1985,3,1,135.02,270.0,30.22,33
2746,1995,9,1,115.4,270.0,30.35,33
2748,1980,3,1,178.55,270.0,30.54,33
2751,1985,3,1,89.4,340.0,44.47,33
2754,1995,3,1,147.93,15.0,8.51,33
2755,1993,3,1,150.35,20.0,20.04,33
2756,1980,3,1,101.98,50.0,39.01,33
2758,1982,3,1,280.74,10.0,8.33,33
2760,1980,3,1,126.31,5.0,8.12,33
2762,2000,3,1,97.04,10.0,8.97,33
2763,2024,6,1,21.49,10.0,8.66,33
2767,1982,3,1,48.0,15.0,8.71,33
2768,1982,3,1,107.62,95.0,8.07,33
2772,1981,3,1,97.77,120.0,8.49,33
2774,1994,6,1,105.94,140.0,8.42,33
2775,2018,9,1,125.38,140.0,8.1,33
2777,1980,6,1,75.0,140.0,8.4,33
2779,1982,3,1,123.54,135.0,8.41,33
2781,1980,3,1,86.2,95.0,8.38,33
2782,1994,3,1,73.0,35.0,8.14,33
2784,1985,3,1,99.28,350.0,8.86,33
2787,1995,9,1,125.43,335.0,9.06,33
2789,1981,6,1,110.96,330.0,8.31,33
2793,1993,6,1,86.4,20.0,13.5,33
2798,1980,6,1,90.07,150.0,inf,33
2801,1985,3,1,143.7,150.0,inf,33
2803,1993,3,1,58.66,151.0158882243138,inf,33
2804,1987,3,1,126.0,190.0,inf,33
2805,1980,6,1,107.67,195.0,17.57,33
2808,1990,6,1,118.48,210.0,8.82,33
2811,2004,3,1,127.24,215.0,8.69,33
2815,1999,3,1,117.32,250.0,9.11,33
2818,1995,3,1,164.26,290.0,8.73,33
2819,1991,3,1,108.31,310.0,8.61,33
2821,1981,6,1,171.66,320.0,8.26,33
2826,1993,3,1,99.94,315.0,8.81,33
2827,1995,3,1,132.25,245.0,8.56,33
2830,1997,9,1,205.69,195.0,9.13,33
2833,1996,6,1,187.91,190.0,14.04,33
2836,1985,6,1,169.93,190.0,10.69,33
2839,1983,3,1,99.84,190.0,8.58,33
2841,1993,6,1,61.0,200.0,8.49,33
2844,1983,3,1,256.19,210.0,8.67,33
2848,1998,6,1,229.94,205.0,8.64,33
2851,1985,9,1,196.91,270.0,28.15,33
2854,2003,3,1,116.6,285.0,8.36,33
2857,1985,6,1,127.47,285.0,8.66,33
2861,2006,6,1,138.03,20.0,10.09,33
2864,2005,6,1,124.53,10.0,8.53,33
2868,1980,3,1,99.72,185.0,8.27,33
2869,1995,3,1,216.94,195.0,8.89,33
2870,1996,6,1,144.76,295.0,72.28,33
2872,1992,9,1,125.16,345.0,97.09,33
2875,1960,9,1,133.55,325.0,15.05,33
2878,1985,3,1,130.53,30.0,19.12,33
2881,1983,3,1,112.01,350.0,0.0,33
2882,1980,3,1,106.38,80.0,inf,33
2884,1980,3,1,119.48,80.0,inf,33
2887,2009,6,1,126.0,175.0,10.72,33
2889,1982,3,1,263.85,260.0,26.8,33
2892,1981,3,1,149.87,260.0,8.61,33
2895,1981,3,1,142.56,265.0,8.47,33
2898,1984,3,1,102.95,265.0,8.4,33
2900,1981,3,1,135.63,265.0,8.34,33
2903,1984,3,1,164.88,270.0,8.35,33
2906,1984,3,1,217.93,265.0,8.24,33
2909,1993,3,1,211.03,325.0,25.26,33
2913,1982,6,1,302.23,125.0,16.34,33
2918,1996,9,1,152.47,115.0,8.23,33
2922,2002,3,1,67.24,115.0,8.28,33
2924,2020,3,1,96.97,115.0,8.23,33
2925,1975,3,1,116.95,115.0,8.15,33
2927,1985,3,1,149.46,115.0,15.89,33
2929,1981,3,1,106.03,120.0,8.06,33
2931,2020,6,1,130.77,115.0,8.14,33
2935,1980,3,1,186.83,115.0,8.16,33
2937,1999,3,1,152.19,115.0,42.52,33
2940,1982,3,1,144.93,300.0,8.25,33
2942,1982,3,1,173.09,300.0,8.28,33
2943,2008,6,1,140.0,295.0,8.42,33
2944,1985,3,1,124.59,295.0,8.26,33
2946,1982,6,1,104.09,200.0,12.09,33
2949,2000,6,1,153.4,300.0,8.51,33
2952,1983,3,1,112.0,300.0,84.71,33
2955,1983,3,1,34.8,30.0,12.33,33
2956,1993,6,1,110.74,295.0,7.71,33
2958,1998,6,1,139.34,295.0,8.31,33
2964,2003,3,1,133.33,15.0,30.72,33
2968,1992,3,1,149.98,15.0,13.64,33
2970,1993,6,1,110.61,15.0,7.65,33
2974,1980,3,1,130.39,10.0,8.55,33
2976,2019,3,1,123.26,355.0,8.14,33
2978,1996,6,1,78.88,175.0,8.12,33
2981,1990,3,1,155.05,185.0,8.32,33
2984,1982,3,1,120.24,190.0,8.03,33
2988,1982,3,1,159.71,190.0,8.06,33
2991,1980,3,1,128.62,175.0,8.13,33
2994,1996,3,1,102.24,165.0,7.79,33
2995,1982,3,1,104.63,165.0,7.72,33
2997,1960,3,1,88.69,165.0,7.77,33
3003,1982,3,1,122.79,170.0,7.89,33
3007,1979,3,1,124.03,170.0,7.98,33
3009,1980,3,1,96.23,170.0,7.96,33
3010,1982,6,1,89.2,170.0,7.91,33
3013,1996,3,1,41.1,350.0,7.87,33
3015,1982,3,1,119.5,350.0,6.92,33
3016,1991,3,1,133.76,350.0,6.9,33
3019,1998,3,1,110.28,345.0,30.8,33
3020,1998,3,1,149.0,240.0,35.34,33
3023,1986,6,1,110.89,0.0,20.51,33
3027,1999,6,1,121.88,175.0,8.15,33
3031,1988,3,1,86.41,190.0,8.05,33
3032,1998,3,1,103.68,215.0,8.43,33
3033,2006,6,1,133.37,295.0,8.14,33
3036,1970,3,1,181.15,355.0,9.25,33
3039,1991,3,1,112.04,345.0,8.71,33
3042,1981,3,1,51.76,345.0,8.64,33
3043,1996,3,1,149.13,170.0,7.59,33
3044,2006,3,1,116.66,170.0,6.68,33
3045,2020,6,1,121.18,170.0,7.85,33
3048,1982,3,1,180.17,300.0,9.9,33
3052,1980,3,1,61.12,100.0,inf,33
3053,1982,3,1,192.52,85.0,inf,33
3058,1980,9,1,149.44,150.0,inf,33
3062,1990,3,1,108.68,150.0,8.51,33
3063,1980,3,1,101.34,150.0,8.41,33
3065,1984,3,1,90.2,150.0,8.31,33
3069,1988,3,1,131.89,310.0,8.4,33
3070,1994,3,1,100.02,315.0,8.36,33
3071,1994,3,1,117.87,325.0,8.23,33
3072,1975,3,1,56.84,320.0,8.46,33
3076,1990,9,1,153.04,300.0,8.51,33
3080,2006,3,1,126.55,290.0,8.29,33
3083,1987,3,1,84.43,295.0,8.17,33
3085,1984,3,1,123.81,295.0,8.19,33
3087,2020,6,1,106.61,70.0,5.84,33
3090,1980,3,1,84.66,70.0,6.34,33
3092,1991,3,1,42.96,70.0,8.68,33
3094,1978,3,1,134.62,165.0,9.05,33
3102,2006,6,1,118.17,290.0,27.24,33
3105,1978,3,1,142.93,350.0,8.29,33
3108,1978,3,1,304.86,45.0,8.4,33
3112,2003,3,1,111.09,115.0,13.88,33
3118,2003,3,1,167.88,115.0,8.48,33
3122,2004,3,1,116.39,40.0,13.55,33
3123,1978,9,1,142.4,20.0,8.0,33
3127,1978,6,1,110.73,25.0,8.02,33
3130,1974,3,1,157.05,130.0,8.53,33
3132,1972,3,1,109.33,175.0,19.55,33
3135,1976,3,1,250.83,175.0,19.63,33
3136,1980,3,1,187.12,175.0,10.46,33
3138,1980,3,1,148.39,175.0,8.25,33
3139,1970,3,1,163.59,175.0,8.34,33
3140,2002,6,1,113.95,170.0,8.24,33
3143,1998,3,1,189.52,215.0,18.75,33
3147,1973,9,1,148.6,175.0,0.0,33
3150,1998,3,1,134.82,25.0,8.04,33
3151,1981,3,1,175.32,45.0,8.0,33
3153,1979,3,1,174.37,135.0,10.2,33
3154,1987,3,1,49.91,55.0,17.63,33
3155,1978,6,1,149.07,55.0,6.88,33
3159,1978,3,1,140.29,50.0,6.83,33
3161,1970,3,1,88.07,225.0,7.94,33
3163,1969,3,1,151.21,120.0,9.85,33
3166,2017,3,1,144.83,295.0,7.69,33
3168,2014,6,1,167.88,290.0,12.52,33
3172,1960,3,1,88.14,30.0,8.24,33
3173,1960,3,1,104.52,140.0,9.84,33
3177,1986,6,1,112.83,145.0,9.73,33
3179,1958,3,1,148.57,115.0,10.16,33
3181,1998,3,1,110.0,115.0,10.22,33
3184,1958,3,1,106.33,330.0,10.59,33
3186,2004,3,1,263.89,300.0,30.0,33
3190,2006,6,1,174.84,235.0,6.88,33
3194,2007,6,1,137.83,125.0,8.46,33
3197,1981,3,1,143.64,120.0,7.72,33
3199,1992,6,1,141.47,125.0,9.25,33
3203,2002,6,1,195.52,205.0,8.29,33
3207,1976,3,1,136.29,205.0,7.98,33
3209,1960,3,1,45.64,205.0,8.01,33
3212,1997,3,1,82.28,205.0,15.43,33
3213,1975,3,1,220.38,300.0,9.96,33
3215,1986,3,1,96.89,350.0,8.25,33
3216,1987,3,1,81.05,20.0,8.0,33
3218,1975,3,1,127.63,20.0,8.57,33
3222,1975,3,1,79.26,140.0,8.22,33
3223,1975,3,1,63.35,145.0,8.51,33
3224,2004,3,1,176.17,315.0,10.1,33
3227,1985,6,1,339.61,145.0,9.0,33
3230,1985,3,1,134.23,145.0,9.65,33
3232,1969,3,1,140.74,165.0,12.01,33
3233,1966,3,1,90.89,150.0,7.02,33
3234,1977,3,1,121.52,310.0,12.95,33
3236,1975,3,1,119.16,350.0,14.32,33
3237,1970,3,1,143.52,335.0,10.24,33
3239,1987,3,1,106.42,135.0,11.06,33
3240,2008,9,1,155.6,335.0,23.35,33
3243,1985,6,1,136.19,300.0,8.48,33
3247,1988,3,1,136.77,120.0,15.67,33
3248,1975,3,1,144.02,150.0,8.27,33
3249,1975,3,1,181.34,140.0,12.01,33
3251,1970,3,1,22.28,170.0,8.82,33
3253,1986,6,1,224.93,300.0,8.0,33
3257,1986,3,1,115.23,65.0,10.48,33
3260,1975,3,1,137.89,35.0,10.35,33
3262,1975,3,1,132.36,40.0,10.22,33
3265,1978,3,1,172.15,55.0,9.89,33
3269,2006,3,1,148.13,65.0,10.43,33
3271,1987,3,1,175.33,80.0,10.05,33
3274,1997,6,1,99.06,90.0,9.47,33
3276,1998,6,1,176.93,160.0,32.42,33
3278,2009,6,1,95.39,275.0,94.9,33
3281,1965,3,1,270.49,5.0,23.04,33
3283,1975,3,1,95.67,190.0,inf,33
3285,1987,6,1,197.39,315.0,8.05,33
3287,1975,3,1,96.17,320.0,8.18,33
3288,1979,3,1,66.51,350.0,15.26,33
3290,1968,3,1,133.37,185.0,8.18,33
3292,1975,3,1,66.85,250.0,31.64,33
3293,1990,6,1,204.18,125.0,17.1,33
3297,1975,3,1,145.99,190.0,7.55,33
3298,1975,3,1,161.79,165.0,8.15,33
3300,1978,3,1,192.01,205.0,12.1,33
3303,1985,3,1,133.06,325.0,9.77,33
3304,1970,3,1,69.98,315.0,9.82,33
3305,1985,6,1,215.44,320.0,13.81,33
3308,1984,6,1,193.23,70.0,6.76,33
3311,1985,3,1,155.44,55.0,5.48,33
3312,1975,3,1,47.67,350.0,6.42,33
3315,1975,3,1,110.19,50.0,23.12,33
3318,1980,3,1,187.87,175.0,inf,33
3321,2017,3,1,211.33,0.0,12.89,33
3325,2005,6,1,119.8,315.0,9.18,33
3328,1984,3,1,178.57,190.0,inf,33
3329,1962,3,1,136.21,70.0,10.18,33
3330,2006,3,1,106.74,250.0,6.61,33
3331,1984,6,1,191.41,170.0,inf,33
3334,1965,3,1,64.25,315.0,9.26,33
3337,2005,3,1,238.15,155.0,30.23,33
3339,1989,9,1,222.55,155.0,8.22,33
3340,1985,6,1,184.77,230.0,20.79,33
3343,1993,6,1,225.09,115.0,10.33,33
3345,2011,6,1,170.65,130.0,10.64,33
3348,1979,3,1,112.75,140.0,12.47,33
3350,1999,3,1,176.42,50.0,18.51,33
3353,1979,3,1,110.65,220.0,19.9,33
3356,2008,3,1,118.63,215.0,9.87,33
3359,2007,3,1,88.06,215.0,8.61,33
3360,2007,3,1,87.11,215.0,8.49,33
3361,1980,3,1,104.39,220.0,8.24,33
3362,2002,3,1,99.51,225.0,8.11,33
3365,2009,9,1,114.75,210.0,8.61,33
3368,2004,9,1,142.63,210.0,8.53,33
3371,1980,3,1,84.2,215.0,9.06,33
3372,2003,3,1,123.21,220.0,9.05,33
3373,2009,6,1,147.48,230.0,8.29,33
3376,2008,6,1,144.19,235.0,8.12,33
3379,1998,3,1,81.67,235.0,8.15,33
3382,2021,6,1,94.11,235.0,11.01,33
3385,1996,3,1,164.8,235.0,22.41,33
3386,1997,3,1,17.39,180.0,17.85,33
3387,1999,3,1,84.47,85.0,8.31,33
3389,2004,6,1,71.38,75.0,8.24,33
3391,1992,6,1,141.81,0.0,37.89,33
3394,1980,6,1,238.04,110.0,12.75,33
3398,1999,3,1,140.92,0.0,9.34,33
3399,1997,9,1,105.59,20.0,8.72,33
3402,2008,6,1,131.64,20.0,8.7,33
3405,2021,6,1,142.52,25.0,8.85,33
3408,2000,3,1,158.1,30.0,8.08,33
3409,2008,3,1,224.19,155.0,8.9,33
3410,1980,3,1,125.73,295.0,9.86,33
3411,1980,3,1,91.39,220.0,7.78,33
3412,1980,6,1,134.79,225.0,8.01,33
3415,2002,3,1,136.64,145.0,15.09,33
3416,2002,3,1,123.55,240.0,9.04,33
3417,2004,3,1,152.62,235.0,36.95,33
3418,1998,3,1,113.51,0.0,18.5,33
3419,2001,6,1,202.81,165.0,8.29,33
3422,2004,6,1,94.8,190.0,9.09,33
3425,2003,9,1,151.52,320.0,13.83,33
3428,2003,9,1,150.75,40.0,8.62,33
3430,2005,6,1,154.48,130.0,8.67,33
3433,2007,3,1,129.17,225.0,9.02,33
3436,1999,6,1,94.29,160.0,8.02,33
3439,1999,3,1,129.51,170.0,8.18,33
3442,2004,3,1,123.95,315.0,8.43,33
3446,2003,6,1,150.42,345.0,8.38,33
3449,2001,6,1,124.89,345.0,8.2,33
3452,1999,6,1,181.82,185.0,8.56,33
3456,2021,3,1,89.95,135.0,8.45,33
3460,2011,6,1,82.39,165.0,8.39,33
3463,2000,3,1,59.35,165.0,8.33,33
3465,2002,3,1,58.89,165.0,8.04,33
3466,2009,3,1,107.34,70.0,19.6,33
3467,2004,3,1,98.61,50.0,8.68,33
3470,2002,6,1,120.74,50.0,8.34,33
3472,2003,3,1,73.17,50.0,8.39,33
3474,2003,3,1,156.23,50.0,8.33,33
3476,2004,6,1,115.23,45.0,8.5,33
3480,2004,6,1,91.07,80.0,8.33,33
3483,2004,6,1,91.01,135.0,8.51,33
3486,2004,6,1,100.64,150.0,8.63,33
3489,2004,6,1,83.29,180.0,8.57,33
3492,2004,6,1,91.65,180.0,8.37,33
3495,2004,6,1,100.76,180.0,8.44,33
3498,2004,6,1,88.75,80.0,32.02,33
3500,2004,6,1,75.27,115.0,37.19,33
3502,2004,6,1,100.75,90.0,10.92,33
3505,2004,6,1,71.7,75.0,20.4,33
3507,2002,3,1,157.99,290.0,10.65,33
3510,1985,3,1,135.78,215.0,8.72,33
3512,2002,3,1,77.81,5.0,13.36,33
3514,2001,3,1,137.01,5.0,16.15,33
3517,2000,3,1,100.3,30.0,8.66,33
3519,2003,3,1,88.43,35.0,8.49,33
3520,2011,6,1,204.08,30.0,8.47,33
3523,2005,6,1,117.91,50.0,7.18,33
3525,2009,9,1,137.04,235.0,7.71,33
3527,2008,3,1,143.91,240.0,8.07,33
3530,2008,6,1,204.98,235.0,8.3,33
3532,1973,3,1,42.47,210.0,8.23,33
3533,1985,3,1,97.44,35.0,8.62,33
3537,1999,6,1,153.71,35.0,8.93,33
3541,1997,3,1,141.12,35.0,8.99,33
3544,1985,3,1,86.88,120.0,58.59,33
3545,1998,3,1,113.38,210.0,8.42,33
3548,2009,6,1,101.47,215.0,8.58,33
3551,2002,3,1,90.32,205.0,8.3,33
3552,2009,3,1,84.72,210.0,8.3,33
3554,2006,3,1,63.49,210.0,8.15,33
3555,1998,3,1,102.97,210.0,8.28,33
3556,1982,6,1,133.89,210.0,8.45,33
3558,1995,3,1,139.06,210.0,8.17,33
3561,2022,6,1,123.1,50.0,8.39,33
3563,2005,3,1,92.85,205.0,8.61,33
3566,2007,3,1,103.16,35.0,8.29,33
3568,1980,3,1,81.54,340.0,18.39,33
3571,1980,3,1,73.36,30.0,8.86,33
3573,2004,3,1,133.17,110.0,50.95,33
3575,2020,3,1,104.37,20.0,20.36,33
3578,2021,6,1,127.76,340.0,8.0,33
3582,2019,6,1,137.92,345.0,8.17,33
3583,2001,3,1,121.48,0.0,8.25,33
3584,2000,3,1,120.15,10.0,8.55,33
3588,2006,6,1,172.1,15.0,8.53,33
3592,1998,6,1,118.8,0.0,33.11,33
3595,2023,3,1,125.12,95.0,8.31,33
3598,2005,3,1,118.83,185.0,72.58,33
3600,2004,3,1,126.53,85.0,8.64,33
3601,2004,6,1,66.79,85.0,8.5,33
3604,2009,3,1,108.47,80.0,8.71,33
3606,2007,6,1,130.9,65.0,8.51,33
3608,1980,6,1,81.79,255.0,43.85,33
3611,1980,3,1,79.03,265.0,8.24,33
3614,1980,6,1,116.52,265.0,8.38,33
3616,1996,3,1,152.99,265.0,21.63,33
3617,1980,3,1,146.01,285.0,11.65,33
3621,2006,3,1,84.14,290.0,27.2,33
3623,1997,6,1,100.57,230.0,8.29,33
3626,2001,3,1,108.9,230.0,8.33,33
3627,2001,6,1,130.54,235.0,8.56,33
3631,1999,3,1,191.09,355.0,8.6,33
3632,2000,3,1,136.44,0.0,8.39,33
3633,2001,3,1,131.87,0.0,9.37,33
3634,1999,3,1,178.44,0.0,40.91,33
3637,2001,6,1,170.05,215.0,37.22,33
3641,1980,3,1,88.34,290.0,9.21,33
3643,2002,6,1,161.16,315.0,9.14,33
3646,2006,6,1,109.13,110.0,27.18,33
3649,2008,6,1,85.88,165.0,99.7,33
3652,2000,3,1,76.08,165.0,97.33,33
3653,2000,3,1,107.99,175.0,86.82,33
3656,1998,6,1,105.51,175.0,88.49,33
3659,2005,3,1,85.76,0.0,46.69,33
3661,1980,3,1,94.29,110.0,9.15,33
3662,2000,3,1,211.38,110.0,9.22,33
3666,2013,9,1,99.46,120.0,9.18,33
3670,1979,6,1,77.16,35.0,8.51,33
3674,1980,6,1,109.42,35.0,7.66,33
3677,2003,6,1,93.04,235.0,101.34,33
3682,1984,3,1,148.1,345.0,24.62,33
3684,2009,3,1,186.32,345.0,22.38,33
3687,1980,3,1,98.29,345.0,10.11,33
3688,1980,3,1,76.68,330.0,10.39,33
3692,1980,3,1,82.32,75.0,8.3,33
3693,1980,3,1,225.97,75.0,8.47,33
3696,1980,3,1,134.71,290.0,15.35,33
3698,1987,3,1,132.88,255.0,8.43,33
3700,1987,3,1,162.21,255.0,8.3,33
3704,1985,3,1,188.36,255.0,8.29,33
3705,1985,3,1,120.55,255.0,8.56,33
3709,1987,3,1,238.52,65.0,10.59,33
3711,1993,6,1,202.37,295.0,22.5,33
3715,1980,3,1,64.83,345.0,9.4,33
3717,1992,3,1,132.54,155.0,8.24,33
3718,1987,3,1,217.43,195.0,23.42,33
3721,2005,6,1,181.56,245.0,10.23,33
3724,1980,3,1,29.93,65.0,10.19,33
3725,1997,3,1,186.56,100.0,15.59,33
3728,1980,3,1,146.6,140.0,9.85,33
3733,1980,3,1,21.62,15.0,20.45,33
3736,1974,3,1,209.44,245.0,10.07,33
3737,1982,6,1,135.44,225.0,5.31,33
3740,2012,3,1,100.8,225.0,5.12,33
3743,1985,3,1,72.78,150.0,18.69,33
3745,1980,6,1,81.86,45.0,5.13,33
3747,1980,3,1,92.34,165.0,10.07,33
3749,1990,6,1,230.81,210.0,15.79,33
3753,2008,9,1,254.42,250.0,7.95,33
3757,2004,3,1,168.73,250.0,7.97,33
3759,1982,3,1,121.32,250.0,8.22,33
3762,2006,3,1,184.93,165.0,9.67,33
3764,1980,3,1,182.02,230.0,14.34,33
3765,1985,3,1,93.01,270.0,9.58,33
3768,1985,3,1,161.22,260.0,10.21,33
3770,1980,3,1,119.18,255.0,10.48,33
3772,1960,9,1,129.76,255.0,11.15,33
3774,1960,3,1,81.99,245.0,10.88,33
3776,2000,3,1,101.09,245.0,10.43,33
3778,1990,9,1,123.66,85.0,9.96,33
3782,1986,3,1,217.43,85.0,11.79,33
3783,1985,3,1,54.69,225.0,4.81,33
3786,1980,3,1,50.18,140.0,9.79,33
3787,1960,9,1,158.88,15.0,27.98,33
3791,2005,3,1,202.33,290.0,10.51,33
3795,2003,6,1,143.74,325.0,8.61,33
3798,1999,3,1,119.81,0.0,8.2,33
3801,1998,3,1,144.03,35.0,7.97,33
3803,2002,9,1,150.76,45.0,7.98,33
3807,2003,3,1,162.32,50.0,8.07,33
3809,2001,3,1,152.81,250.0,22.05,33
3812,1999,3,1,124.09,340.0,134.04,33
3813,2023,3,1,133.58,230.0,34.7,33
3816,2000,6,1,127.15,225.0,10.51,33
3819,1980,3,1,102.03,45.0,10.14,33
3821,1980,6,1,158.98,50.0,10.52,33
3825,1980,3,1,141.2,65.0,10.84,33
3829,1980,6,1,72.87,65.0,10.77,33
3832,2002,3,1,73.65,90.0,10.12,33
3833,2008,3,1,129.14,105.0,10.04,33
3835,2003,6,1,112.11,105.0,9.84,33
3837,2005,3,1,81.44,95.0,10.14,33
3840,1980,3,1,39.67,70.0,39.95,33
3842,2006,6,1,109.05,65.0,43.59,33
3845,2006,9,1,82.77,65.0,10.28,33
3847,2004,9,1,147.8,65.0,9.95,33
3850,2006,3,1,112.74,130.0,30.88,33
3854,2003,6,1,86.26,260.0,8.68,33
3856,2006,6,1,241.42,265.0,8.72,33
3859,2006,6,1,125.32,260.0,8.86,33
3861,2001,3,1,187.2,260.0,8.39,33
3862,2006,3,1,224.16,275.0,8.18,33
3865,2008,6,1,203.99,275.0,8.34,33
3866,1997,3,1,150.83,270.0,8.5,33
3870,1980,3,1,121.64,255.0,87.66,33
3875,1999,3,1,183.17,220.0,13.92,33
3879,2004,6,1,182.59,225.0,14.31,33
3883,2001,3,1,136.5,225.0,14.14,33
3885,1993,6,1,102.92,220.0,12.79,33
3887,1980,3,1,131.67,220.0,10.07,33
3890,1980,3,1,84.16,225.0,10.53,33
3891,1989,3,1,81.0,225.0,10.24,33
3894,2001,3,1,73.51,225.0,10.51,33
3898,2006,3,1,94.02,230.0,10.64,33
3900,1997,3,1,97.97,250.0,10.52,33
3901,1989,3,1,36.99,250.0,10.58,33
3905,2007,6,1,95.13,175.0,45.98,33
3908,1997,6,1,181.42,295.0,10.33,33
3911,2022,3,1,110.87,280.0,10.09,33
3912,1980,9,1,80.01,215.0,44.67,33
3915,2001,3,1,147.06,210.0,10.53,33
3918,2002,3,1,135.91,85.0,14.76,33
3919,2003,6,1,137.55,90.0,11.74,33
3922,2007,6,1,152.84,145.0,27.16,33
3927,2007,3,1,117.78,205.0,8.28,33
3929,2003,3,1,170.0,330.0,15.49,33
3930,1980,3,1,94.36,5.0,50.95,33
3934,1980,6,1,110.42,10.0,22.64,33
3936,1980,3,1,112.89,5.0,19.7,33
3937,2002,3,1,152.46,340.0,20.07,33
3940,1980,3,1,40.92,175.0,86.3,33
3941,2005,6,1,135.9,245.0,37.61,33
3944,1998,3,1,186.31,155.0,117.18,33
3946,1998,3,1,162.39,305.0,39.54,33
3948,2006,6,1,191.25,0.0,10.15,33
3950,1997,3,1,144.31,15.0,81.38,33
3951,1996,3,1,194.9,90.0,19.19,33
3955,1995,3,1,193.89,265.0,10.32,33
3956,1999,3,1,472.34,90.0,16.9,33
3959,1996,3,1,12.05,355.0,22.41,33
3960,1994,3,1,108.55,355.0,9.56,33
3961,2001,3,1,115.17,55.0,63.06,33
3964,1996,6,1,113.4,90.0,20.3,33
3967,1996,3,1,52.14,90.0,33.7,33
3968,1997,6,1,81.33,90.0,19.95,33
3971,2001,3,1,122.85,90.0,19.88,33
3972,2007,6,1,68.73,90.0,19.88,33
3974,2017,9,1,121.5,90.0,19.73,33
3977,1997,3,1,78.47,180.0,10.21,33
3979,1980,6,1,103.19,320.0,13.47,33
3983,1980,3,1,193.97,305.0,8.38,33
3986,1997,3,1,148.79,265.0,8.32,33
3987,2004,6,1,88.2,260.0,8.13,33
3988,1998,6,1,132.98,185.0,12.16,33
3991,2006,6,1,138.74,260.0,8.25,33
3993,2002,6,1,148.18,150.0,40.8,33
3999,1980,3,1,139.61,35.0,27.4,33
4002,1980,6,1,86.85,105.0,8.5,33
4004,2006,3,1,107.76,130.0,8.18,33
4006,2007,6,1,102.79,130.0,8.19,33
4009,1997,3,1,120.97,130.0,8.32,33
4010,1980,3,1,89.2,130.0,8.22,33
4012,1975,3,1,3.98,115.0,8.08,33
4014,1980,6,1,167.88,245.0,12.8,33
4017,1980,3,1,140.46,180.0,36.57,33
4018,2009,9,1,141.84,250.0,10.05,33
4022,2005,6,1,128.27,305.0,25.17,33
4025,2001,3,1,134.92,280.0,64.49,33
4028,2009,6,1,135.54,305.0,136.74,33
4031,1999,3,1,94.03,315.0,15.68,33
4032,2003,3,1,135.21,325.0,8.49,33
4033,2001,3,1,111.12,290.0,8.64,33
4035,2002,3,1,66.58,275.0,10.42,33
4037,2000,3,1,69.19,290.0,8.62,33
4039,2002,3,1,134.99,295.0,8.68,33
4040,2000,3,1,77.11,325.0,8.48,33
4043,2000,3,1,146.83,120.0,11.47,33
4045,2000,3,1,153.43,110.0,19.3,33
4047,2000,3,1,158.84,315.0,90.24,33
4049,2009,6,1,134.66,115.0,7.99,33
4052,1980,3,1,130.35,50.0,8.89,33
4054,2005,9,1,170.81,85.0,27.54,33
4057,2007,3,1,92.18,140.0,8.52,33
4058,2001,3,1,222.26,40.0,8.08,33
4060,2001,3,1,259.37,45.0,23.97,33
4061,2001,3,1,177.99,135.0,8.59,33
4063,1980,3,1,82.56,120.0,8.67,33
4064,1981,3,1,127.0,315.0,8.25,33
4068,1993,3,1,125.69,320.0,7.94,33
4069,2001,6,1,79.49,330.0,44.13,33
4073,2009,6,1,106.15,305.0,10.11,33
4076,2003,3,1,124.47,140.0,34.39,33
4078,2003,3,1,135.88,305.0,10.66,33
4080,2008,3,1,98.45,330.0,10.01,33
4081,2008,3,1,109.62,340.0,10.38,33
4082,2003,3,1,65.22,345.0,10.33,33
4083,1997,3,1,96.17,355.0,12.0,33
4086,2004,3,1,93.5,0.0,10.2,33
4087,1997,3,1,156.03,180.0,13.1,33
4089,2021,6,1,124.06,170.0,18.99,33
4092,1998,3,1,163.53,165.0,21.36,33
4094,1999,9,1,152.02,150.0,34.94,33
4096,2001,6,1,119.8,145.0,35.5,33
4099,2002,3,1,148.37,145.0,35.52,33
4100,2003,3,1,77.42,145.0,35.17,33
4101,2001,9,1,141.92,105.0,27.44,33
4103,2001,9,1,139.92,100.0,19.54,33
4105,2001,3,1,151.67,150.0,27.92,33
4107,1990,3,1,147.49,160.0,10.52,33
4109,1979,3,1,66.04,155.0,10.22,33
4111,2005,3,1,92.41,150.0,10.03,33
4113,1979,3,1,94.97,145.0,8.44,33
4116,1979,3,1,98.29,140.0,8.03,33
4118,2004,6,1,101.81,105.0,11.33,33
4122,2001,3,1,128.77,270.0,19.88,33
4124,2008,3,1,40.09,270.0,19.62,33
4126,2002,3,1,164.72,270.0,19.87,33
4127,1993,3,1,59.15,300.0,23.93,33
4129,2007,9,1,122.53,320.0,8.56,33
4130,2003,3,1,141.75,325.0,8.54,33
4132,2000,3,1,173.84,330.0,8.3,33
4133,1996,6,1,109.76,330.0,8.16,33
4137,1979,3,1,111.85,25.0,9.84,33
4138,2006,3,1,86.11,35.0,8.67,33
4140,2001,3,1,175.47,135.0,8.95,33
4142,1980,3,1,52.77,175.0,15.86,33
4143,1979,3,1,121.94,225.0,39.93,33
4146,1979,9,1,143.35,135.0,8.8,33
4149,1999,3,1,117.22,65.0,8.84,33
4150,1980,3,1,157.23,335.0,13.54,33
4151,1980,3,1,117.34,55.0,8.9,33
4154,1989,3,1,73.93,50.0,8.28,33
4157,1980,3,1,137.04,45.0,8.29,33
4159,1980,3,1,126.71,35.0,8.45,33
4161,1979,3,1,56.85,25.0,10.05,33
4164,2007,9,1,82.6,10.0,8.33,33
4165,1979,3,1,79.59,10.0,8.59,33
4167,1997,3,1,33.15,70.0,9.28,33
4169,1980,3,1,128.02,90.0,8.88,33
4171,1980,3,1,131.91,35.0,9.19,33
4173,1980,3,1,48.18,45.0,9.14,33
4175,1979,3,1,131.62,10.0,8.84,33
4176,1997,3,1,135.41,25.0,8.5,33
4177,1979,3,1,102.7,100.0,46.66,33
4180,1997,3,1,124.62,175.0,8.38,33
4182,2001,3,1,131.83,185.0,8.07,33
4186,1999,3,1,141.08,190.0,7.97,33
4188,2004,3,1,142.46,210.0,7.86,33
4190,2002,6,1,107.78,220.0,12.96,33
4192,2007,6,1,104.72,235.0,7.89,33
4196,1980,3,1,77.02,235.0,8.35,33
4197,1980,3,1,108.43,225.0,8.78,33
4198,2008,3,1,113.97,205.0,8.3,33
4201,2005,3,1,106.02,210.0,8.38,33
4204,2008,6,1,107.87,210.0,8.24,33
4207,2003,6,1,240.52,205.0,8.38,33
4208,2006,6,1,130.17,90.0,8.91,33
4212,2007,6,1,203.32,210.0,8.14,33
4213,1997,3,1,112.94,0.0,19.53,33
4215,1986,3,1,108.2,325.0,10.89,33
4217,1978,3,1,76.49,80.0,8.54,33
4218,1989,3,1,88.22,85.0,8.33,33
4220,2001,3,1,88.35,105.0,7.96,33
4221,2001,3,1,129.29,75.0,8.3,33
4223,1994,3,1,137.49,40.0,8.25,33
4225,1995,3,1,145.28,310.0,16.58,33
4226,1994,3,1,109.69,10.0,8.01,33
4227,1998,3,1,106.68,350.0,8.66,33
4228,2004,6,1,98.81,25.0,8.19,33
4230,1989,3,1,76.86,230.0,8.73,33
4231,1989,3,1,45.45,200.0,57.68,33
4232,2008,3,1,111.06,190.0,9.1,33
4236,1988,6,1,108.78,185.0,8.46,33
4238,2003,3,1,92.56,130.0,15.82,33
4240,1960,3,1,132.15,215.0,8.33,33
4242,1979,3,1,111.91,225.0,8.29,33
4243,1979,12,1,122.66,235.0,8.69,33
4246,1997,3,1,137.66,230.0,8.87,33
4249,1997,6,1,106.81,245.0,8.84,33
4251,1980,3,1,124.8,265.0,8.91,33
4254,1999,6,1,289.3,70.0,9.23,33
4258,1995,3,1,154.55,95.0,8.26,33
4262,1968,6,1,98.74,10.0,11.56,33
4264,1961,6,1,171.04,15.0,12.07,33
4265,2009,12,1,92.12,100.0,11.78,33
4266,1995,3,1,71.21,100.0,11.79,33
4267,1955,3,1,73.21,100.0,11.78,33
4268,1955,3,1,92.26,100.0,11.78,33
4269,1987,3,1,128.9,100.0,11.78,33
4270,1955,3,1,104.0,100.0,15.21,33
4272,1970,3,1,194.43,10.0,12.37,33
4274,1970,3,1,112.32,10.0,12.21,33
4275,1967,3,1,108.45,55.0,18.02,33
4276,1970,3,1,57.04,100.0,11.93,33
4277,1965,3,1,86.57,15.0,11.71,33
4278,1961,3,1,90.77,15.0,11.73,33
4279,1965,3,1,103.81,15.0,11.73,33
4280,1970,3,1,94.52,15.0,11.74,33
4281,2000,12,1,77.82,15.0,11.75,33
4284,1980,3,1,121.41,15.0,11.78,33
4285,1955,3,1,127.54,55.0,23.98,33
4286,1997,3,1,209.56,100.0,11.85,33
4287,1990,6,1,116.59,100.0,11.84,33
4289,1960,3,1,120.01,100.0,11.82,33
4291,1968,3,1,67.44,100.0,11.82,33
4292,1983,6,1,160.38,100.0,11.81,33
4294,1965,3,1,121.37,190.0,11.68,33
4295,1965,3,1,109.25,190.0,11.52,33
4296,1965,3,1,117.2,190.0,11.57,33
4297,1965,9,1,101.02,190.0,11.66,33
4299,1975,3,1,60.16,100.0,12.0,33
4300,1965,3,1,81.59,200.0,12.21,33
4301,1969,3,1,83.95,190.0,12.04,33
4302,1974,9,1,117.61,195.0,11.93,33
4305,1960,3,1,95.2,195.0,11.88,33
4306,1962,3,1,183.62,195.0,11.79,33
4308,2005,9,1,101.69,280.0,11.93,33
4309,2000,3,1,130.81,280.0,12.06,33
4310,1998,3,1,143.38,280.0,12.01,33
4312,1995,6,1,178.78,100.0,12.01,33
4314,2007,9,1,143.87,100.0,12.23,33
4316,1993,3,1,170.0,100.0,12.16,33
4318,1994,3,1,154.88,100.0,19.62,33
4320,2004,6,1,253.69,100.0,53.78,33
4321,1998,9,1,165.51,280.0,12.23,33
4323,2000,6,1,392.29,325.0,23.74,33
4325,1970,3,1,150.44,100.0,11.84,33
4327,1966,3,1,138.59,195.0,11.79,33
4328,1957,3,1,96.01,195.0,11.75,33
4330,1979,3,1,100.38,190.0,11.73,33
4331,1965,3,1,105.59,190.0,11.72,33
4332,1964,3,1,114.91,195.0,11.71,33
4334,1963,3,1,112.99,195.0,11.73,33
4335,1955,3,1,112.59,195.0,11.73,33
4336,2001,3,1,110.72,195.0,11.74,33
4337,1953,3,1,108.07,195.0,11.76,33
4338,1964,9,1,118.83,195.0,11.77,33
4340,1962,3,1,119.35,195.0,11.78,33
4342,1973,3,1,124.54,195.0,11.78,33
4344,1962,6,1,79.47,190.0,146.34,33
4346,2005,6,1,276.06,195.0,93.36,33
4348,2001,12,1,781.14,105.0,12.34,33
4349,2002,3,1,108.72,220.0,35.42,33
4355,2019,3,1,83.43,344.93822107249355,inf,33
4356,2007,3,1,135.69,345.0,9.49,33
4357,2005,6,1,121.78,335.0,8.35,33
4359,2007,6,1,106.49,325.0,8.27,33
4361,2000,3,1,165.73,320.0,13.42,33
4363,2001,3,1,137.07,325.0,8.36,33
4367,1998,6,1,95.06,330.0,8.77,33
4370,1999,9,1,261.02,330.0,8.14,33
4374,1980,3,1,165.36,315.0,8.9,33
4375,1980,3,1,72.9,85.0,8.13,33
4378,1996,3,1,93.3,85.0,8.18,33
4380,1999,6,1,125.01,85.0,8.05,33
4383,2009,6,1,121.42,75.0,7.73,33
4385,2002,3,1,85.51,155.0,8.48,33
4386,1984,3,1,73.72,250.0,8.33,33
4387,2007,3,1,144.14,300.0,8.15,33
4388,2004,3,1,98.2,245.0,8.24,33
4389,1998,6,1,175.57,235.0,8.24,33
4392,1996,3,1,125.31,225.0,35.71,33
4395,1987,3,1,309.96,30.0,8.38,33
4397,1999,3,1,116.46,25.0,8.45,33
4398,2003,3,1,112.89,25.0,8.44,33
4399,1980,9,1,133.16,20.0,8.4,33
4402,1999,3,1,97.31,25.0,8.36,33
4403,2003,3,1,124.08,25.0,8.16,33
4404,1980,3,1,130.73,55.0,8.96,33
4405,2005,3,1,100.4,55.0,8.2,33
4407,1980,3,1,77.27,95.0,11.84,33
4409,2008,3,1,93.34,40.0,8.03,33
4411,1980,3,1,83.29,25.0,7.91,33
4412,2002,3,1,111.09,10.0,8.08,33
4413,1992,3,1,128.9,0.0,8.13,33
4415,2010,9,1,111.99,350.0,8.36,33
4417,1997,3,1,326.03,295.0,8.55,33
4418,1999,3,1,157.05,5.0,47.91,33
4419,2004,6,1,66.64,135.0,8.58,33
4421,1980,3,1,84.73,155.0,8.13,33
4422,1980,3,1,15.32,190.0,8.49,33
4425,1980,3,1,105.25,185.0,8.45,33
4426,2000,3,1,81.87,190.0,8.11,33
4428,2006,6,1,94.74,195.0,14.7,33
4431,2009,6,1,89.48,205.0,8.19,33
4433,2007,6,1,82.96,215.0,8.28,33
4435,2007,6,1,83.02,215.0,8.37,33
4438,2006,3,1,140.38,220.0,6.77,33
4440,2009,6,1,129.72,30.0,14.72,33
4442,2013,3,1,101.42,40.0,6.33,33
4445,1990,3,1,176.16,105.0,30.9,33
4448,2002,6,1,126.35,115.0,8.46,33
4450,2009,6,1,121.15,120.0,8.17,33
4453,2005,6,1,165.7,270.0,22.22,33
4457,1980,3,1,154.35,330.0,24.34,33
4459,1998,3,1,166.19,280.0,8.0,33
4460,1979,3,1,99.12,49.812355811029875,inf,33
4463,1979,3,1,236.48,205.0,8.23,33
4465,1999,3,1,107.37,45.0,11.88,33
4467,1979,6,1,123.62,55.0,16.4,33
4469,1996,3,1,119.1,65.0,9.3,33
4471,1996,6,1,101.86,70.0,8.31,33
4473,1996,3,1,75.96,50.0,8.36,33
4475,1999,3,1,136.11,50.0,8.3,33
4477,1978,6,1,88.94,165.0,43.19,33
4480,1997,3,1,201.48,170.0,8.55,33
4482,1978,3,1,99.2,170.0,44.39,33
4484,2011,6,1,107.69,260.0,8.61,33
4487,1999,3,1,127.9,240.0,8.6,33
4490,1978,6,1,116.02,225.0,8.43,33
4494,1973,3,1,97.5,275.0,8.98,33
4495,2000,3,1,137.96,250.0,8.26,33
4498,2006,6,1,103.95,240.0,8.16,33
4502,1980,3,1,53.48,190.0,8.01,33
4503,1998,6,1,115.41,200.0,10.72,33
4507,2001,6,1,133.67,200.0,15.69,33
4509,1992,6,1,97.0,190.0,7.97,33
4511,1979,9,1,130.0,280.0,7.81,33
4517,1960,3,1,143.75,184.99999999999997,inf,33
4519,1960,3,1,188.56,10.0,0.0,33
4520,1975,9,1,237.12,10.0,0.5,33
4523,1964,6,1,127.25,0.0,4.55,33
4526,1954,3,1,91.1,0.0,4.66,33
4527,1965,3,1,142.92,0.0,4.58,33
4528,1950,3,1,83.92,0.0,4.39,33
4529,1973,3,1,145.39,10.0,4.37,33
4530,1951,6,1,127.92,10.0,4.51,33
4531,2009,9,1,138.28,100.0,12.29,33
4532,1983,3,1,120.09,100.0,12.3,33
4534,1977,6,1,157.22,100.0,12.76,33
4535,2006,6,1,360.36,195.0,4.91,33
4537,1999,6,1,968.07,105.0,52.07,33
4539,1961,3,1,79.43,190.0,12.06,33
4540,1979,6,1,96.76,190.0,12.01,33
4542,1979,6,1,107.34,195.0,11.92,33
4543,1964,6,1,89.49,190.0,11.88,33
4544,1983,3,1,138.06,195.0,11.83,33
4545,2023,6,1,78.49,190.0,11.81,33
4547,1973,3,1,110.0,190.0,11.76,33
4548,1965,3,1,84.62,190.0,11.73,33
4549,1972,6,1,141.11,195.0,11.7,33
4550,1970,9,1,118.46,200.0,13.3,33
4553,2005,6,1,77.8,235.0,25.95,33
4554,1976,3,1,67.81,280.0,11.82,33
4556,1966,3,1,135.58,280.0,11.82,33
4557,1996,3,1,107.11,10.0,15.2,33
4558,1968,3,1,91.93,280.0,11.84,33
4559,1963,3,1,87.64,280.0,11.84,33
4563,1999,6,1,2412.52,100.0,52.26,33
4565,1961,6,1,133.95,325.0,27.72,33
4566,1962,3,1,78.88,15.0,11.66,33
4567,1953,3,1,81.22,15.0,11.69,33
4568,1953,3,1,103.72,15.0,11.74,33
4569,1966,3,1,107.03,15.0,11.77,33
4570,1993,9,1,64.76,15.0,11.81,33
4572,1950,3,1,91.37,15.0,11.87,33
4573,1971,3,1,95.56,15.0,11.94,33
4574,1999,6,1,137.97,95.0,52.61,33
4575,2003,6,1,167.34,280.0,11.78,33
4576,1980,3,1,82.81,215.0,8.44,33
4578,1998,3,1,137.6,245.0,8.03,33
4579,2002,3,1,151.22,265.0,8.14,33
4582,1998,3,1,117.9,265.0,8.02,33
4583,1980,3,1,94.8,180.0,30.55,33
4584,2000,3,1,100.73,250.0,8.44,33
4585,1999,3,1,128.84,215.0,34.28,33
4588,1980,6,1,81.49,110.0,8.25,33
4589,1999,3,1,117.73,115.0,8.17,33
4592,2000,3,1,103.0,135.0,15.48,33
4593,1981,3,1,135.14,95.0,0.0,33
4594,2005,3,1,175.81,250.0,23.26,33
4596,1990,6,1,101.51,110.0,0.0,33
4602,2003,6,1,131.01,115.0,0.0,33
4606,1990,3,1,223.64,125.0,0.0,33
4609,1988,3,1,64.8,125.0,0.0,33
4611,1988,3,1,103.19,125.0,0.0,33
4614,1992,6,1,216.21,125.0,0.0,33
4617,1982,3,1,61.64,130.0,15.6,33
4619,2011,6,1,90.98,150.0,8.16,33
4622,1980,3,1,180.4,145.0,8.84,33
4623,1990,6,1,170.08,140.0,8.52,33
4626,1990,3,1,93.76,215.0,34.38,33
4629,1999,3,1,110.0,310.0,8.27,33
4630,1997,3,1,80.13,310.0,8.19,33
4633,1982,3,1,256.19,285.0,8.37,33
4638,1997,3,1,117.19,330.0,24.96,33
4639,1992,3,1,68.48,340.0,9.45,33
4640,1997,6,1,89.74,340.0,8.22,33
4643,1999,3,1,107.49,285.0,8.33,33
4646,1990,3,1,136.64,15.0,14.35,33
4648,2004,3,1,156.33,330.0,8.1,33
4650,2008,3,1,155.59,0.0,15.92,33
4653,2003,9,1,141.54,130.0,8.57,33
4655,2006,3,1,132.47,90.0,8.57,33
4656,1987,3,1,83.02,125.0,8.26,33
4658,2006,6,1,81.98,130.0,8.24,33
4661,1985,6,1,80.13,220.0,27.87,33
4664,1982,9,1,153.12,290.0,18.92,33
4667,2023,6,1,92.83,225.0,10.34,33
4668,2000,6,1,133.8,150.0,11.13,33
4672,2021,6,1,99.43,140.0,8.63,33
4676,1980,3,1,86.59,135.0,8.64,33
4677,2017,3,1,107.99,170.0,35.59,33
4680,1984,6,1,105.2,165.0,12.59,33
4683,1982,3,1,112.21,235.0,9.0,33
4686,1999,3,1,141.55,355.0,8.27,33
4687,2005,3,1,134.17,325.0,13.96,33
4688,2000,3,1,128.66,335.0,8.47,33
4693,2004,3,1,178.39,345.0,8.02,33
4696,2016,6,1,144.47,155.0,8.15,33
4699,2004,6,1,107.07,310.0,8.3,33
4703,2006,6,1,144.98,330.0,8.24,33
4706,1986,6,1,138.85,300.0,136.02,33
4709,1979,3,1,121.25,310.0,114.75,33
4711,1975,3,1,91.57,35.0,8.98,33
4712,1975,3,1,147.1,55.0,12.42,33
4714,1993,3,1,97.19,55.0,63.03,33
4715,1975,3,1,157.66,110.0,7.52,33
4716,1976,3,1,83.96,205.0,11.94,33
4718,1975,3,1,187.36,235.0,8.33,33
4721,2004,3,1,167.34,230.0,8.26,33
4723,1993,12,1,4256.76,15.0,15.35,33
4726,1980,3,1,34.82,35.0,8.62,33
4727,1980,3,1,57.01,35.0,8.42,33
4728,1979,3,1,115.5,35.0,8.35,33
4730,1979,6,1,189.91,30.0,8.27,33
4733,2005,3,1,57.81,30.0,10.44,33
4734,2007,3,1,101.4,20.0,7.93,33
4735,1997,3,1,213.95,50.0,9.89,33
4738,1988,3,1,112.89,15.0,8.2,33
4739,1980,3,1,117.7,10.0,8.52,33
4743,1997,3,1,106.59,0.0,8.33,33
4744,1999,3,1,112.49,295.0,8.3,33
4745,1999,3,1,113.07,265.0,8.58,33
4747,1993,3,1,95.61,40.0,37.83,33
4748,1993,3,1,109.63,95.0,11.68,33
4750,1979,3,1,52.16,145.0,9.95,33
4751,1960,3,1,100.13,140.0,29.81,33
4755,1997,3,1,111.01,175.0,11.31,33
4756,1996,3,1,121.0,175.0,11.26,33
4757,1995,6,1,94.94,180.0,10.31,33
4759,2007,3,1,129.9,180.0,10.08,33
4762,2003,6,1,88.24,220.0,8.48,33
4765,1990,3,1,42.09,220.0,8.67,33
4766,1993,3,1,102.49,185.0,9.33,33
4768,2005,3,1,105.31,155.0,8.12,33
4769,1999,3,1,146.29,150.0,8.31,33
4770,2003,3,1,126.94,150.0,8.74,33
4773,2004,3,1,78.82,195.0,92.13,33
4774,1998,3,1,127.91,270.0,37.15,33
4775,1979,3,1,162.72,315.0,8.14,33
4777,1980,3,1,118.82,305.0,8.29,33
4780,2006,3,1,126.13,305.0,8.2,33
4782,1979,6,1,104.35,295.0,8.26,33
4784,1979,3,1,108.94,295.0,8.54,33
4786,1989,3,1,72.09,165.0,10.96,33
4789,1980,6,1,147.3,5.0,0.0,33
4792,1996,9,1,173.23,75.0,8.77,33
4796,2002,3,1,124.19,10.0,112.05,33
4798,1970,3,1,98.74,190.0,4.28,33
4799,1971,3,1,91.49,280.0,11.92,33
4801,1957,3,1,97.26,280.0,11.92,33
4802,1955,3,1,155.29,280.0,11.92,33
4803,1960,9,1,117.14,280.0,16.68,33
4805,1970,3,1,92.21,0.0,0.0,33
4806,2002,6,1,338.46,105.0,25.28,33
4807,1960,3,1,17.15,0.0,0.0,33
4808,2001,6,1,583.15,15.0,52.35,33
4810,2005,3,1,95.4,190.0,3.73,33
4813,2005,3,1,107.29,190.0,3.73,33
4815,1995,3,1,129.58,10.0,17.05,33
4816,2021,3,1,113.17,10.0,17.07,33
4817,1962,3,1,77.67,10.0,17.13,33
4819,1969,6,1,134.84,15.0,17.21,33
4822,1952,3,1,122.46,10.0,17.24,33
4823,2003,3,1,132.65,10.0,17.26,33
4825,1978,3,1,139.15,100.0,11.92,33
4827,1953,3,1,134.77,100.0,11.92,33
4828,1959,3,1,91.18,100.0,11.93,33
4829,1966,3,1,104.1,100.0,11.92,33
4830,1959,3,1,58.21,100.0,1.03,33
4831,1962,3,1,54.52,195.0,5.85,33
4832,1973,3,1,126.69,195.0,5.92,33
4833,1960,3,1,124.49,195.0,5.95,33
4834,1966,3,1,121.36,195.0,5.97,33
4836,1950,3,1,114.17,10.0,13.17,33
4837,1965,9,1,126.67,190.0,6.04,33
4839,2007,12,1,305.75,195.0,6.07,33
4843,1982,3,1,98.98,5.0,4.76,33
4845,1960,3,1,75.78,195.0,6.23,33
4846,1961,3,1,93.98,5.0,5.98,33
4847,1978,3,1,117.34,240.0,14.8,33
4848,1957,3,1,106.26,280.0,16.18,33
4849,1999,6,1,1183.0,10.0,50.57,33
4851,1950,3,1,56.62,15.0,17.02,33
4852,1959,3,1,74.48,185.0,3.91,33
4853,1958,3,1,78.83,100.0,11.93,33
4854,1951,9,1,107.83,195.0,6.03,33
4857,1994,12,1,2396.82,105.0,17.7,33
4860,1997,12,1,931.54,280.0,19.67,33
4862,1998,15,1,739.08,285.0,19.63,33
4864,1996,15,1,4115.1,285.0,17.32,33
4865,1993,9,1,1167.31,285.0,22.27,33
4866,1998,3,1,1246.28,280.0,21.46,33
4868,1996,12,1,3586.37,15.0,15.38,33
4869,1996,12,1,2080.98,105.0,23.81,33
4871,1994,6,1,2432.49,285.0,16.08,33
4873,1997,3,1,2431.29,90.0,13.39,33
4875,1998,3,1,55.43,105.0,47.36,33
4876,1998,3,1,55.71,195.0,10.03,33
4877,1998,3,1,55.77,195.0,10.03,33
4878,1998,3,1,55.77,285.0,11.0,33
4879,1999,3,1,54.21,105.0,11.01,33
4880,1999,3,1,55.55,195.0,9.96,33
4881,1999,3,1,55.52,195.0,9.95,33
4882,1999,3,1,61.63,190.0,9.94,33
4883,1999,3,1,57.46,195.0,10.14,33
4884,1999,3,1,51.78,195.0,10.17,33
4885,1999,3,1,52.92,195.0,10.2,33
4886,1996,3,1,691.79,285.0,21.33,33
4887,1998,9,1,361.19,15.0,33.86,33
4888,1998,6,1,321.2,105.0,22.14,33
4890,1996,12,1,4343.54,285.0,23.83,33
4894,2008,15,1,598.24,90.0,81.08,60
4897,1999,12,1,533.21,285.0,13.07,33
4900,1996,3,1,1215.03,195.0,11.55,33
4902,2002,3,1,629.08,15.0,74.02,33
4904,2001,3,1,101.48,15.0,19.89,33
4906,1980,3,1,164.36,15.0,75.02,33
4909,1996,6,1,118.84,15.0,16.02,33
4910,1983,6,1,166.6,15.0,11.88,33
4912,1970,3,1,161.03,15.0,11.87,33
4914,1970,3,1,168.57,15.0,11.87,33
4916,1991,3,1,157.47,15.0,11.86,33
4917,1970,3,1,166.9,15.0,62.3,33
4919,1989,6,1,234.3,15.0,25.61,33
4920,1970,9,1,206.08,15.0,11.82,33
4921,1960,3,1,124.63,105.0,11.83,33
4923,1978,3,1,121.31,105.0,11.84,33
4925,1960,3,1,105.25,105.0,11.84,33
4926,1960,9,1,126.61,105.0,11.86,33
4928,1950,3,1,111.36,105.0,11.87,33
4929,1940,3,1,108.4,105.0,11.88,33
4931,1950,3,1,70.46,105.0,11.97,33
4932,2005,6,1,169.53,195.0,18.43,33
4933,2005,6,1,523.89,240.0,79.16,33
4936,1980,3,1,390.37,245.0,131.47,33
4938,1987,6,1,131.94,245.0,141.1,33
4940,1994,6,1,145.47,235.0,51.21,33
4941,1970,9,1,46.76,15.0,12.05,33
4942,1940,6,1,74.02,60.0,27.03,33
4943,1970,3,1,68.15,235.0,45.94,33
4945,1985,3,1,42.34,225.0,47.31,33
4947,1960,3,1,83.07,15.0,11.98,33
4948,1970,3,1,51.65,15.0,15.0,33
4949,1966,3,1,46.85,15.0,13.61,33
4950,1950,3,1,72.9,100.0,7.66,33
4952,1950,3,1,60.39,100.0,7.72,33
4953,1950,3,1,71.62,100.0,7.78,33
4955,1960,3,1,83.74,100.0,7.81,33
4957,1969,6,1,85.11,100.0,7.84,33
4958,1960,3,1,69.51,100.0,7.87,33
4960,1960,3,1,83.45,100.0,7.9,33
4961,1960,6,1,86.93,100.0,7.92,33
4962,1989,9,1,63.38,100.0,7.95,33
4963,1960,3,1,82.46,100.0,7.98,33
4964,1998,6,1,87.68,100.0,8.02,33
4966,1970,3,1,98.71,195.0,11.86,33
4967,1998,3,1,85.49,190.0,11.88,33
4968,1977,9,1,97.81,195.0,11.88,33
4969,1974,3,1,76.94,280.0,8.01,33
4970,1970,3,1,95.33,280.0,8.05,33
4971,1996,3,1,51.27,285.0,8.09,33
4972,1962,3,1,85.39,280.0,8.1,33
4973,1948,3,1,83.75,280.0,8.12,33
4974,1955,3,1,84.44,280.0,8.16,33
4975,1960,3,1,84.15,280.0,8.18,33
4976,1959,6,1,68.07,285.0,8.22,33
4977,1950,3,1,70.61,280.0,8.24,33
4978,1967,3,1,82.34,280.0,8.28,33
4979,1955,3,1,64.52,285.0,8.31,33
4980,1950,3,1,41.54,280.0,8.32,33
4981,1960,6,1,51.14,15.0,0.0,33
4983,1957,3,1,74.21,15.0,12.0,33
4984,1953,3,1,83.05,100.0,12.31,33
4985,2005,6,1,128.63,100.0,11.96,33
4986,1956,6,1,84.08,100.0,11.95,33
4987,1982,3,1,83.56,100.0,11.95,33
4989,1962,3,1,81.73,100.0,11.95,33
4990,1950,3,1,73.11,100.0,11.95,33
4992,1955,3,1,80.12,100.0,11.95,33
4994,1958,3,1,85.79,100.0,11.94,33
4996,1970,6,1,248.05,150.0,26.79,33
4997,1979,6,1,145.15,320.0,35.2,33
4999,1982,6,1,263.43,255.0,13.74,33
5001,1979,3,1,189.24,15.0,12.08,33
5002,1950,3,1,133.13,15.0,12.11,33
5003,1950,3,1,65.08,100.0,8.33,33
5004,1975,3,1,77.68,100.0,8.29,33
5005,1950,3,1,108.15,100.0,8.25,33
5006,1956,3,1,107.34,100.0,8.23,33
5007,1958,6,1,108.03,100.0,8.2,33
5008,1965,3,1,99.33,100.0,8.17,33
5009,1964,6,1,60.0,100.0,8.13,33
5011,1977,3,1,69.39,100.0,8.09,33
5012,1964,3,1,100.06,100.0,8.07,33
5013,1974,6,1,139.21,195.0,11.9,33
5014,1980,3,1,70.25,195.0,13.73,33
5016,2001,6,1,349.88,195.0,120.5,33
5017,1970,6,1,150.27,255.0,14.35,33
5019,1991,3,1,176.02,255.0,14.37,33
5021,1978,6,1,127.32,255.0,14.3,33
5022,1982,6,1,129.14,255.0,14.12,33
5024,1992,9,1,720.42,280.0,19.16,33
5026,1958,3,1,108.93,285.0,27.91,33
5027,1964,9,1,87.58,15.0,12.12,33
5029,1958,3,1,114.75,15.0,11.93,33
5030,1955,3,1,69.99,10.0,11.97,33
5032,1962,3,1,140.89,10.0,11.98,33
5033,1959,3,1,87.84,10.0,12.02,33
5035,1958,3,1,110.8,10.0,12.04,33
5037,1970,6,1,112.39,10.0,12.07,33
5039,1957,3,1,119.94,10.0,12.09,33
5041,1959,3,1,81.6,10.0,12.13,33
5042,1988,6,1,77.51,10.0,12.15,33
5044,1957,3,1,39.92,10.0,12.17,33
5045,1960,3,1,49.91,10.0,12.2,33
5046,1954,3,1,47.34,10.0,12.22,33
5048,1961,3,1,47.82,10.0,12.25,33
5050,1960,3,1,30.81,10.0,12.28,33
5051,1958,3,1,31.88,15.0,12.38,33
5053,1960,3,1,34.01,100.0,29.14,33
5054,1969,3,1,49.81,100.0,19.64,33
5055,1959,6,1,32.16,10.0,0.92,33
5057,2006,6,1,78.45,100.0,31.17,33
5060,1960,3,1,59.71,95.0,1.83,33
5061,1954,3,1,59.89,15.0,1.22,33
5062,1970,3,1,42.09,100.0,32.18,33
5063,1959,3,1,116.97,100.0,32.92,33
5064,1950,3,1,92.23,100.0,33.97,33
5065,1951,3,1,131.01,100.0,34.9,33
5067,1950,3,1,112.93,100.0,36.12,33
5068,1955,3,1,104.72,100.0,36.92,33
5071,1960,3,1,43.71,100.0,37.56,33
5072,1962,3,1,55.47,195.0,63.61,33
5073,1959,3,1,39.88,285.0,0.9,33
5075,1962,3,1,66.9,195.0,14.8,33
5076,1955,3,1,72.04,190.0,0.7,33
5077,1953,3,1,45.66,195.0,12.13,33
5078,1956,3,1,73.37,190.0,25.13,33
5080,1974,3,1,69.34,195.0,12.07,33
5082,1969,3,1,123.55,195.0,11.95,33
5083,1958,3,1,121.29,195.0,51.84,33
5084,1961,3,1,148.82,195.0,81.65,33
5085,1975,3,1,92.92,195.0,21.18,33
5086,1957,9,1,10.92,280.0,1.5,33
5088,1961,3,1,54.37,190.0,28.0,33
5090,1973,3,1,121.0,195.0,12.12,33
5092,1960,3,1,133.13,195.0,12.11,33
5094,1951,3,1,84.21,195.0,12.1,33
5095,1966,6,1,94.36,195.0,12.09,33
5097,1963,3,1,98.02,195.0,12.08,33
5098,2010,12,1,31.74,100.0,30.15,33
5099,1964,9,1,6.32,15.0,0.0,33
5101,1999,6,1,183.12,195.0,32.91,33
5104,1958,6,1,122.61,105.0,0.0,33
5105,1960,3,1,51.77,195.0,39.45,33
5106,1930,3,1,35.39,195.0,12.17,33
5107,1960,3,1,52.67,285.0,1.04,33
5108,1960,3,1,71.85,190.0,1.11,33
5110,1960,3,1,114.7,195.0,11.99,33
5111,1975,3,1,145.61,195.0,12.04,33
5114,1999,3,1,114.39,65.0,17.22,33
5115,1950,3,1,26.12,65.0,22.54,33
5116,1970,6,1,64.0,5.0,0.0,33
5118,1951,6,1,44.11,10.0,0.18,33
5119,1956,3,1,23.97,10.0,10.73,33
5121,1960,3,1,44.21,105.0,17.05,33
5124,1960,6,1,40.59,105.0,24.5,33
5126,1958,3,1,122.21,105.0,29.3,33
5128,1958,3,1,73.8,105.0,26.44,33
5129,1957,3,1,81.08,105.0,29.89,33
5131,1956,3,1,36.78,190.0,12.32,33
5133,1955,3,1,49.61,190.0,12.24,33
5134,2004,3,1,61.76,190.0,12.21,33
5135,1960,3,1,159.24,190.0,12.18,33
5137,1952,3,1,161.21,190.0,12.16,33
5138,1959,3,1,119.39,190.0,12.1,33
5139,1950,3,1,107.45,190.0,12.07,33
5141,1951,3,1,64.53,190.0,12.04,33
5142,1959,3,1,53.5,190.0,12.02,33
5143,1961,3,1,53.51,190.0,11.99,33
5144,1962,3,1,66.27,190.0,11.96,33
5146,1995,3,1,54.6,195.0,12.04,33
5147,1952,3,1,54.37,190.0,11.95,33
5150,1960,3,1,58.84,10.0,0.0,33
5151,1958,12,1,32.12,10.0,0.0,33
5152,1970,6,1,166.72,190.0,12.13,33
5156,1970,9,1,170.38,195.0,31.95,33
5157,1970,9,1,173.28,195.0,12.13,33
5158,1970,9,1,174.23,195.0,12.16,33
5159,1970,9,1,174.03,195.0,12.19,33
5160,1970,9,1,178.62,280.0,16.97,33
5162,1998,15,1,4165.8,190.0,19.26,33
5165,1968,3,1,51.48,15.0,11.95,33
5167,1958,3,1,70.28,15.0,11.96,33
5169,1970,6,1,118.25,10.0,11.98,33
5171,1958,3,1,101.3,15.0,11.97,33
5172,1970,12,1,108.17,15.0,11.97,33
5173,1958,3,1,213.68,15.0,11.97,33
5175,1958,6,1,101.33,15.0,27.6,33
5176,1963,6,1,194.9,15.0,12.01,33
5177,1963,3,1,87.31,15.0,12.0,33
5178,1968,3,1,104.2,15.0,11.99,33
5180,1963,3,1,121.49,15.0,11.97,33
5182,1963,3,1,108.68,15.0,11.95,33
5184,2001,6,1,108.51,15.0,11.94,33
5185,1958,3,1,118.88,15.0,11.92,33
5186,1958,9,1,115.91,15.0,11.91,33
5188,1958,3,1,78.51,15.0,11.9,33
5189,2002,6,1,249.03,225.0,18.9,33
5192,1963,3,1,322.6,285.0,94.7,33
5194,1958,3,1,125.84,285.0,inf,33
5195,1958,3,1,116.84,285.0,11.92,33
5197,1960,6,1,89.77,285.0,11.79,33
5198,1958,6,1,105.96,285.0,11.82,33
5199,1958,3,1,77.78,285.0,11.85,33
5200,1997,3,1,93.37,100.0,12.1,33
5201,1995,3,1,114.74,100.0,12.11,33
5202,1998,3,1,102.19,100.0,12.12,33
5203,1996,9,1,331.77,220.0,46.1,33
5204,1960,3,1,96.53,15.0,0.0,33
5206,1998,6,1,397.42,220.0,46.72,33
5207,1998,6,1,309.02,100.0,12.15,33
5208,1999,6,1,305.28,100.0,12.08,33
5210,1957,9,1,152.24,285.0,11.84,33
5213,1956,3,1,118.68,330.0,27.0,33
5214,1958,6,1,113.2,15.0,11.83,33
5215,1958,3,1,95.24,15.0,11.84,33
5217,1950,3,1,90.53,15.0,11.84,33
5219,1950,3,1,83.93,15.0,11.85,33
5221,1958,6,1,77.29,15.0,11.86,33
5223,1958,3,1,62.72,15.0,14.5,33
5224,1962,3,1,108.15,15.0,11.82,33
5226,1970,3,1,167.35,15.0,11.81,33
5227,1968,3,1,103.3,15.0,11.81,33
5229,1980,3,1,156.07,15.0,11.82,33
5231,1968,6,1,126.39,15.0,11.82,33
5232,1968,3,1,96.7,15.0,11.83,33
5233,1963,3,1,141.44,15.0,11.83,33
5234,1950,3,1,148.08,15.0,11.83,33
5235,1972,9,1,104.17,15.0,11.84,33
5236,1960,9,1,85.53,15.0,11.84,33
5239,1975,3,1,109.59,100.0,11.66,33
5240,1968,9,1,128.85,100.0,11.66,33
5242,1968,6,1,104.9,100.0,11.66,33
5243,1968,15,1,94.98,90.0,11.92,33
5244,1963,9,1,139.04,100.0,11.65,33
5246,1960,9,1,155.53,100.0,11.63,33
5247,1970,15,1,171.84,195.0,11.9,33
5248,1968,3,1,120.28,195.0,11.97,33
5249,1982,12,1,152.83,195.0,11.99,33
5251,1968,3,1,158.16,195.0,12.0,33
5252,1950,6,1,154.16,195.0,12.0,33
5254,1970,3,1,119.46,195.0,12.02,33
5255,1968,9,1,64.8,195.0,11.98,33
5256,1958,3,1,140.41,195.0,11.98,33
5258,1960,3,1,128.99,195.0,11.98,33
5260,1979,12,1,147.81,195.0,11.97,33
5261,1980,6,1,162.79,195.0,11.97,33
5263,1965,3,1,119.62,195.0,11.97,33
5264,1979,3,1,125.21,195.0,11.95,33
5266,1940,3,1,51.73,195.0,11.99,33
5268,1962,3,1,82.22,285.0,11.89,33
5270,1965,3,1,147.03,285.0,11.88,33
5271,1978,6,1,92.18,285.0,11.86,33
5272,1968,3,1,92.78,285.0,11.86,33
5273,1957,9,1,92.75,285.0,11.85,33
5274,1947,6,1,95.23,275.0,2.03,33
5275,1940,3,1,82.78,100.0,3.24,33
5277,1963,3,1,61.15,100.0,11.68,33
5278,1950,3,1,38.8,105.0,3.27,33
5279,1960,3,1,89.72,10.0,96.93,33
5280,1962,3,1,46.15,190.0,16.68,33
5282,1959,3,1,37.74,15.0,13.72,33
5284,1960,3,1,134.72,15.0,13.69,33
5286,1963,3,1,136.68,15.0,13.65,33
5288,1957,3,1,104.25,15.0,13.64,33
5289,1960,3,1,330.18,15.0,16.86,33
5290,1968,9,1,158.68,15.0,33.51,33
5291,1968,6,1,111.2,15.0,29.05,33
5292,1960,3,1,157.33,40.0,17.66,33
5294,1959,3,1,83.36,65.0,42.83,33
5295,1962,6,1,134.09,65.0,64.69,33
5296,1957,3,1,56.58,65.0,38.42,33
5297,1959,3,1,111.21,65.0,37.36,33
5299,1958,3,1,90.62,65.0,27.87,33
5300,1955,3,1,126.6,65.0,18.88,33
5302,1959,3,1,100.66,150.0,27.23,33
5303,1958,3,1,102.32,195.0,11.84,33
5304,1995,9,1,119.23,195.0,11.83,33
5306,1959,3,1,102.97,195.0,11.83,33
5307,1971,9,1,255.49,195.0,11.83,33
5308,1959,3,1,125.32,195.0,11.83,33
5310,1960,3,1,97.75,195.0,11.83,33
5311,1958,3,1,95.22,195.0,11.83,33
5312,1969,3,1,125.71,195.0,11.82,33
5313,1959,3,1,123.67,195.0,11.82,33
5314,1962,3,1,185.8,195.0,11.81,33
5317,1962,6,1,81.89,195.0,11.86,33
5318,1960,12,1,152.45,195.0,11.84,33
5319,1961,6,1,177.48,280.0,12.24,33
5320,1959,9,1,122.15,95.0,2.58,33
5322,1959,3,1,128.27,95.0,2.48,33
5323,1960,3,1,111.97,95.0,2.37,33
5325,1951,6,1,94.71,280.0,11.95,33
5326,1952,3,1,147.72,280.0,11.95,33
5328,1953,3,1,90.95,280.0,11.95,33
5329,1971,6,1,101.79,285.0,11.96,33
5331,1958,3,1,73.17,280.0,11.96,33
5333,1959,3,1,69.88,285.0,11.96,33
5335,1958,3,1,92.31,280.0,11.96,33
5337,1952,3,1,21.75,285.0,3.58,33
5339,1959,3,1,18.22,275.0,3.02,33
5341,1960,3,1,52.49,280.0,2.46,33
5342,1959,3,1,56.96,15.0,0.0,33
5343,1966,6,1,56.8,95.0,2.47,33
5345,1950,3,1,74.22,245.0,42.83,33
5346,1987,6,1,94.23,325.0,7.81,33
5347,1969,6,1,104.41,325.0,7.83,33
5348,1960,6,1,99.72,325.0,7.86,33
5350,1957,6,1,102.9,325.0,7.88,33
5352,1950,3,1,175.97,325.0,7.9,33
5354,1950,3,1,94.08,325.0,7.94,33
5356,1950,3,1,90.11,325.0,7.96,33
5358,1996,6,1,72.47,325.0,7.99,33
5361,1964,3,1,88.07,325.0,8.3,33
5363,1953,9,1,69.2,325.0,8.03,33
5365,1950,3,1,59.37,325.0,9.2,33
5367,1960,3,1,79.23,55.0,9.56,33
5369,1959,3,1,60.29,100.0,4.94,33
5370,1950,3,1,35.46,100.0,4.91,33
5372,1981,3,1,54.84,100.0,5.03,33
5373,1957,3,1,71.09,90.0,5.16,33
5376,1965,3,1,96.14,100.0,5.33,33
5377,1965,3,1,76.31,95.0,5.6,33
5378,1965,3,1,86.05,100.0,5.72,33
5379,1959,3,1,68.65,70.0,5.08,33
5380,1940,3,1,150.79,245.0,12.26,33
5382,1965,3,1,63.85,80.0,5.8,33
5383,1960,3,1,70.88,85.0,5.29,33
5384,1960,3,1,133.26,245.0,12.28,33
5386,1964,3,1,49.07,90.0,3.64,33
5387,1955,3,1,38.99,85.0,2.78,33
5390,1959,3,1,75.96,245.0,12.31,33
5393,1980,3,1,220.62,245.0,20.62,33
5395,1975,3,1,48.29,210.0,18.12,33
5396,1960,3,1,84.52,245.0,12.3,33
5398,1970,9,1,79.73,245.0,12.29,33
5399,1959,9,1,80.69,245.0,12.28,33
5400,1956,3,1,72.64,245.0,12.27,33
5402,1957,6,1,85.56,245.0,12.26,33
5403,1956,3,1,75.72,245.0,12.25,33
5405,1979,3,1,92.2,245.0,12.24,33
5407,1978,6,1,120.69,245.0,12.23,33
5409,1957,3,1,115.11,245.0,12.17,33
5412,1972,3,1,195.85,245.0,47.18,33
5414,1956,3,1,58.77,245.0,43.85,33
5416,1964,3,1,69.4,285.0,12.26,33
5418,1963,3,1,44.25,45.0,8.48,33
5419,1968,3,1,66.49,45.0,8.43,33
5421,1964,6,1,90.83,45.0,8.37,33
5422,1964,6,1,64.39,45.0,8.31,33
5423,1964,3,1,81.06,45.0,8.25,33
5425,1967,3,1,63.61,45.0,8.17,33
5426,1977,3,1,51.2,45.0,8.11,33
5427,1958,9,1,71.11,45.0,7.95,33
5429,1959,3,1,177.8,145.0,8.65,33
5431,1958,3,1,60.12,145.0,13.48,33
5433,1962,3,1,203.25,145.0,10.17,33
5434,1961,3,1,57.59,120.0,12.83,33
5436,1958,3,1,72.03,145.0,8.06,33
5439,1960,3,1,101.79,145.0,8.02,33
5440,2005,3,1,53.69,145.0,8.0,33
5442,1950,3,1,71.41,145.0,7.98,33
5444,1973,3,1,78.9,145.0,7.95,33
5445,1964,3,1,80.56,145.0,7.93,33
5447,1983,3,1,54.94,145.0,7.91,33
5449,1980,6,1,60.27,145.0,7.89,33
5450,1960,3,1,105.2,285.0,18.74,33
5451,1957,6,1,96.71,245.0,18.47,33
5453,1968,3,1,59.3,285.0,24.6,33
5455,1948,3,1,57.06,285.0,27.96,33
5457,1955,6,1,44.56,285.0,23.27,33
5458,1950,3,1,62.99,285.0,11.79,33
5460,1953,3,1,82.1,285.0,11.82,33
5461,1955,3,1,61.28,285.0,11.85,33
5464,1972,3,1,73.33,285.0,11.88,33
5466,1982,3,1,101.67,285.0,11.91,33
5468,1952,3,1,89.3,285.0,11.94,33
5469,1960,3,1,108.23,285.0,11.97,33
5470,1953,3,1,90.43,285.0,12.0,33
5471,1953,3,1,101.63,285.0,12.03,33
5473,1965,6,1,171.24,285.0,12.06,33
5476,1986,3,1,96.12,285.0,12.09,33
5477,1960,3,1,63.7,285.0,12.12,33
5479,1962,3,1,47.34,285.0,12.16,33
5480,1959,3,1,72.48,285.0,12.2,33
5482,1961,3,1,39.36,130.0,3.4,33
5483,1962,3,1,45.33,120.0,0.0,33
5484,1945,6,1,46.89,120.0,9.02,33
5486,1958,3,1,53.62,120.0,6.26,33
5487,2005,3,1,136.03,65.0,28.22,33
5489,1949,9,1,124.78,65.0,28.25,33
5490,1990,9,1,128.75,65.0,28.31,33
5491,1967,3,1,117.38,65.0,28.36,33
5493,1975,9,1,129.21,70.0,28.47,33
5494,1979,9,1,421.3,105.0,12.12,33
5495,1996,3,1,132.58,105.0,12.31,33
5497,1952,3,1,77.31,105.0,12.37,33
5499,1959,3,1,89.29,100.0,12.36,33
5500,1960,3,1,106.81,105.0,12.35,33
5502,1961,3,1,120.37,105.0,12.34,33
5503,1963,3,1,157.14,105.0,12.33,33
5504,1959,3,1,133.54,100.0,12.32,33
5505,1962,6,1,146.96,105.0,12.32,33
5507,1961,3,1,130.06,105.0,12.33,33
5508,1960,3,1,103.25,100.0,12.33,33
5509,1958,6,1,120.51,105.0,19.21,33
5510,1945,6,1,95.92,105.0,25.03,33
5513,1966,3,1,84.29,105.0,12.25,33
5516,1949,3,1,72.39,105.0,12.23,33
5518,1978,3,1,88.43,105.0,12.2,33
5519,1969,3,1,61.85,105.0,12.16,33
5520,1983,3,1,89.78,300.0,1.61,33
5522,1962,3,1,83.47,100.0,12.12,33
5523,1962,3,1,94.1,100.0,12.09,33
5524,1959,3,1,82.68,300.0,1.38,33
5525,1979,3,1,116.12,295.0,1.54,33
5526,1957,3,1,55.0,100.0,12.0,33
5527,1961,3,1,101.4,275.0,13.32,33
5528,1963,3,1,93.05,250.0,12.25,33
5529,1959,3,1,92.47,250.0,12.02,33
5531,1958,3,1,100.64,245.0,11.95,33
5533,1955,3,1,46.94,195.0,21.51,33
5535,1999,12,1,1317.46,285.0,90.24,33
5537,2004,3,1,223.67,245.0,12.29,33
5539,2005,6,1,134.58,245.0,12.27,33
5540,2006,9,1,141.15,245.0,12.26,33
5542,2003,6,1,117.33,245.0,12.24,33
5544,1998,6,1,1506.65,325.0,26.67,33
5546,1962,3,1,192.99,105.0,12.32,33
5547,1986,3,1,85.67,65.0,0.0,33
5549,1982,3,1,62.18,345.0,2.65,33
5551,1973,6,1,116.93,345.0,5.65,33
5553,1970,3,1,89.32,250.0,1.24,33
5555,1976,6,1,174.62,230.0,3.51,33
5557,1979,3,1,227.18,330.0,23.38,33
5559,1975,3,1,87.57,305.0,14.1,33
5560,2003,9,1,140.33,295.0,5.4,33
5562,2008,6,1,79.31,295.0,4.65,33
5563,2000,3,1,116.47,300.0,9.44,33
5566,1970,3,1,86.36,205.0,11.01,33
5569,2005,3,1,116.55,310.0,5.38,33
5572,1970,3,1,42.77,165.0,5.57,33
5574,1963,6,1,114.15,110.0,10.93,33
5577,1975,3,1,73.86,50.0,6.22,33
5579,1958,3,1,72.0,5.0,4.71,33
5580,2004,3,1,72.81,295.0,21.33,33
5582,1969,3,1,103.17,115.0,5.11,33
5583,1989,3,1,155.07,205.0,5.73,33
5586,1976,3,1,94.69,0.0,0.0,33
5587,1986,6,1,99.36,35.0,3.03,33
5590,2004,9,1,172.61,135.0,4.92,33
5591,1960,3,1,91.87,95.0,12.13,33
5595,1960,3,1,53.52,260.0,12.76,33
5597,1985,3,1,50.71,285.0,4.45,33
5598,1985,3,1,86.32,275.0,5.97,33
5600,1965,6,1,126.4,280.0,6.18,33
5603,1962,3,1,159.13,290.0,5.87,33
5606,1965,6,1,665.8,290.0,5.93,33
5608,1965,6,1,150.69,335.0,3.78,33
5610,1970,3,1,190.43,140.0,3.52,33
5614,1996,3,1,182.11,35.0,9.55,33
5617,1995,3,1,137.6,230.0,24.44,33
5618,1958,3,1,120.99,280.0,6.16,33
5619,1972,3,1,128.96,225.0,9.92,33
5620,1962,12,1,194.46,325.0,19.63,33
5621,1954,3,1,89.73,10.0,11.92,33
5622,1960,9,1,110.7,10.0,11.92,33
5624,2000,3,1,80.17,10.0,11.95,33
5626,1964,3,1,82.18,10.0,11.97,33
5627,1956,3,1,79.44,10.0,11.99,33
5628,1970,6,1,86.95,10.0,12.02,33
5630,1957,6,1,160.5,10.0,12.05,33
5631,1963,6,1,176.28,15.0,12.19,33
5632,1989,3,1,89.1,10.0,12.21,33
5633,1991,6,1,274.0,105.0,11.52,33
5634,1968,9,1,156.04,100.0,11.59,33
5635,1968,9,1,158.61,105.0,11.68,33
5637,1967,6,1,144.33,100.0,11.79,33
5640,1969,3,1,133.12,100.0,13.33,33
5641,1968,3,1,99.58,190.0,19.63,33
5642,1964,3,1,154.0,190.0,19.58,33
5643,1966,3,1,126.09,190.0,19.58,33
5644,2000,6,1,827.32,190.0,19.59,33
5645,1972,12,1,1119.66,240.0,37.03,33
5646,2007,6,1,871.41,285.0,13.31,33
5647,1968,3,1,55.11,100.0,11.67,33
5648,1992,6,1,188.95,105.0,11.4,33
5649,1994,3,1,104.2,10.0,12.23,33
5651,1994,6,1,92.6,10.0,12.26,33
5652,1989,3,1,63.19,55.0,27.09,33
5653,1989,3,1,92.56,100.0,11.33,33
5654,2010,9,1,321.97,10.0,12.12,33
5656,1960,3,1,157.53,15.0,12.21,33
5657,1964,3,1,127.45,15.0,12.21,33
5659,1988,3,1,268.08,10.0,12.21,33
5660,1987,9,1,223.91,10.0,12.21,33
5663,2000,9,1,217.23,15.0,12.2,33
5665,2007,6,1,152.43,15.0,12.2,33
5666,2005,6,1,248.9,60.0,61.36,33
5667,2001,3,1,117.93,105.0,11.72,33
5668,1973,3,1,97.88,105.0,11.81,33
5669,1984,3,1,130.84,105.0,11.91,33
5670,1966,3,1,108.52,145.0,26.7,33
5671,1957,6,1,114.99,190.0,12.26,33
5673,1960,3,1,159.16,190.0,12.23,33
5675,1975,6,1,179.08,190.0,12.21,33
5676,1974,6,1,165.79,190.0,12.19,33
5677,1956,3,1,322.35,180.0,12.38,33
5679,1971,3,1,148.96,190.0,12.1,33
5681,1958,3,1,130.0,190.0,12.08,33
5682,1980,3,1,160.87,190.0,12.05,33
5683,1960,3,1,117.89,190.0,12.02,33
5685,2004,12,1,114.06,190.0,11.98,33
5687,2007,6,1,127.19,190.0,11.95,33
5688,2006,6,1,136.14,190.0,11.91,33
5689,1967,6,1,115.49,285.0,12.61,33
5690,1962,3,1,145.12,285.0,12.54,33
5691,1968,6,1,152.59,285.0,12.5,33
5692,1989,3,1,154.58,285.0,12.46,33
5693,2003,6,1,744.81,330.0,22.93,33
5695,2012,18,1,507.01,10.0,0.0,33
5699,1977,3,1,59.34,330.0,28.04,33
5700,1974,9,1,79.9,15.0,13.84,33
5701,1965,6,1,156.91,15.0,12.01,33
5702,1963,6,1,133.79,15.0,12.04,33
5703,1968,3,1,136.84,15.0,12.06,33
5705,1966,3,1,90.98,15.0,12.06,33
5706,1973,6,1,113.7,15.0,12.02,33
5708,1978,6,1,145.8,15.0,11.98,33
5711,1977,3,1,103.37,15.0,11.95,33
5713,1988,9,1,226.5,15.0,11.91,33
5714,1965,3,1,114.55,15.0,11.84,33
5716,1966,15,1,147.41,100.0,11.94,33
5717,1965,6,1,147.51,100.0,11.95,33
5718,1970,3,1,123.01,100.0,11.99,33
5719,1966,6,1,145.37,100.0,12.02,33
5720,1969,3,1,171.76,100.0,12.07,33
5722,1965,15,1,260.34,100.0,12.22,33
5723,1985,6,1,133.72,195.0,12.12,33
5724,1969,3,1,167.4,195.0,12.11,33
5726,2008,9,1,79.4,195.0,12.11,33
5728,1965,3,1,148.81,195.0,12.1,33
5730,1967,3,1,132.15,195.0,12.09,33
5731,2001,6,1,227.07,195.0,12.09,33
5732,1991,12,1,106.33,195.0,12.08,33
5734,1970,3,1,150.15,195.0,12.08,33
5736,1960,6,1,141.97,195.0,12.07,33
5738,1965,9,1,117.71,195.0,12.06,33
5739,1966,3,1,114.69,280.0,11.67,33
5741,1966,3,1,111.18,280.0,11.64,33
5743,1976,3,1,123.47,280.0,11.65,33
5745,1976,9,1,107.12,280.0,11.65,33
5746,1964,6,1,114.92,280.0,11.66,33
5747,1966,3,1,104.03,280.0,11.66,33
5748,1998,3,1,96.41,280.0,11.66,33
5749,1970,3,1,104.46,280.0,11.67,33
5750,1968,3,1,114.87,280.0,11.68,33
5752,1958,3,1,65.12,280.0,43.05,33
5754,1953,3,1,86.93,195.0,7.8,33
5756,1960,3,1,104.62,195.0,7.81,33
5758,1952,3,1,58.89,340.0,7.9,33
5759,1953,3,1,63.24,340.0,7.88,33
5761,1945,3,1,148.83,340.0,7.88,33
5763,1956,3,1,153.06,340.0,7.88,33
5765,1970,3,1,146.13,340.0,7.87,33
5767,1991,9,1,227.6,105.0,11.85,33
5768,1999,3,1,161.0,340.0,7.85,33
5769,2004,3,1,292.1,105.0,11.94,33
5771,1970,12,1,566.25,105.0,25.08,33
5772,1961,3,1,104.0,105.0,11.92,33
5774,1959,3,1,119.61,105.0,11.96,33
5775,1955,3,1,106.16,105.0,11.99,33
5776,1960,3,1,67.52,195.0,7.83,33
5777,1958,6,1,84.4,195.0,7.83,33
5778,1980,6,1,58.48,195.0,7.83,33
5779,1950,3,1,61.64,195.0,7.83,33
5780,1954,3,1,108.19,195.0,7.82,33
5781,1960,3,1,64.06,195.0,7.82,33
5783,1954,6,1,60.36,195.0,7.81,33
5785,1955,3,1,68.82,195.0,7.83,33
5786,1955,3,1,83.64,195.0,7.83,33
5787,1955,3,1,123.61,280.0,33.66,33
5788,1958,6,1,136.91,15.0,7.82,33
5790,1975,6,1,124.38,15.0,7.83,33
5791,1970,3,1,85.79,15.0,7.83,33
5792,2008,9,1,52.48,15.0,7.83,33
5794,1955,3,1,85.26,15.0,7.83,33
5796,1965,3,1,72.59,15.0,7.83,33
5798,1955,6,1,79.84,15.0,7.84,33
5799,1968,3,1,76.44,15.0,7.84,33
5800,1955,6,1,82.54,15.0,7.85,33
5801,1958,3,1,72.96,105.0,12.09,33
5802,2008,6,1,82.74,105.0,12.11,33
5803,1965,9,1,113.35,105.0,12.22,33
5805,1955,6,1,107.29,150.0,27.64,33
5806,1968,6,1,98.07,195.0,11.85,33
5807,1965,9,1,98.7,195.0,11.88,33
5809,1955,3,1,111.62,195.0,11.95,33
5811,1955,6,1,115.38,195.0,11.99,33
5813,1955,3,1,108.5,195.0,12.02,33
5815,1963,3,1,115.52,195.0,12.07,33
5816,1963,3,1,95.9,195.0,12.06,33
5818,1969,3,1,76.56,195.0,12.04,33
5820,1959,6,1,94.52,195.0,11.99,33
5823,1955,3,1,108.21,245.0,39.13,33
5824,1955,3,1,82.65,245.0,45.49,33
5825,1955,3,1,117.33,245.0,16.62,33
5827,1955,3,1,45.18,280.0,22.93,33
5828,1955,3,1,111.09,280.0,26.14,33
5829,1955,3,1,107.26,280.0,30.0,33
5831,1955,3,1,124.27,245.0,35.88,33
5832,1968,9,1,244.26,105.0,12.11,33
5834,1972,9,1,207.78,65.0,11.65,33
5837,1972,9,1,309.46,65.0,11.67,33
5838,1972,9,1,374.17,65.0,11.71,33
5840,1970,3,1,144.72,65.0,11.73,33
5842,1965,3,1,65.8,65.0,11.74,33
5843,1962,3,1,60.41,65.0,11.75,33
5846,1960,3,1,,65.0,11.76,33
5847,1963,3,1,155.33,65.0,11.78,33
5850,1969,15,1,192.36,65.0,11.8,33
5851,1960,9,1,99.61,65.0,11.82,33
5852,1950,3,1,125.88,65.0,11.83,33
5853,1969,3,1,97.99,65.0,12.81,33
5854,1960,15,1,401.92,65.0,28.23,33
5855,1960,3,1,133.76,160.0,7.81,33
5857,1960,3,1,150.25,160.0,7.82,33
5858,1960,9,1,153.85,160.0,7.83,33
5860,1955,3,1,231.34,160.0,7.84,33
5862,1954,3,1,115.26,160.0,7.85,33
5863,1958,3,1,46.65,160.0,7.86,33
5864,1972,3,1,133.72,280.0,11.53,33
5866,1968,3,1,181.26,280.0,12.52,33
5867,1973,6,1,151.87,280.0,11.5,33
5868,1976,9,1,149.01,280.0,11.47,33
5869,1965,3,1,151.92,280.0,11.43,33
5871,1968,3,1,148.19,280.0,11.4,33
5873,1953,3,1,110.79,280.0,11.38,33
5875,1969,3,1,124.26,280.0,11.36,33
5877,1951,3,1,127.03,280.0,11.34,33
5878,1968,3,1,112.15,280.0,11.31,33
5879,1969,3,1,155.88,280.0,14.73,33
5880,1956,3,1,110.59,280.0,11.25,33
5881,1950,6,1,146.55,280.0,11.23,33
5882,1953,3,1,192.86,280.0,11.21,33
5884,1950,9,1,212.01,280.0,11.19,33
5887,1950,3,1,42.23,280.0,11.16,33
5889,1960,3,1,76.38,280.0,11.15,33
5890,1950,3,1,84.93,280.0,11.1,33
5892,1960,3,1,55.67,50.0,0.0,33
5893,1940,6,1,85.96,280.0,11.12,33
5896,1965,9,1,95.41,280.0,11.05,33
5898,1954,9,1,65.04,280.0,11.45,33
5899,1963,12,1,66.13,270.0,13.44,33
5901,1967,6,1,65.0,10.0,7.9,33
5902,1966,9,1,92.56,10.0,7.88,33
5904,1964,3,1,72.07,105.0,13.17,33
5905,1966,9,1,75.65,100.0,10.89,33
5906,1962,3,1,90.65,100.0,10.92,33
5907,1960,3,1,114.63,100.0,10.94,33
5908,1954,6,1,88.64,100.0,10.97,33
5910,1954,3,1,99.98,100.0,10.99,33
5911,1979,6,1,71.84,100.0,11.02,33
5912,1962,6,1,96.98,100.0,11.05,33
5913,1959,3,1,78.4,100.0,11.07,33
5915,1961,3,1,87.0,100.0,11.1,33
5916,1964,6,1,82.36,100.0,11.12,33
5918,1960,3,1,77.04,100.0,11.14,33
5919,1962,3,1,85.85,100.0,11.17,33
5920,2009,12,1,53.94,100.0,11.19,33
5921,1951,3,1,79.35,100.0,11.22,33
5922,1958,3,1,75.12,100.0,11.24,33
5923,1956,3,1,49.26,100.0,11.27,33
5924,1956,3,1,41.73,190.0,0.59,33
5925,1957,3,1,58.98,100.0,11.3,33
5926,1960,3,1,106.39,100.0,11.32,33
5927,2000,6,1,124.8,100.0,11.34,33
5929,1956,6,1,132.39,100.0,11.39,33
5930,1959,3,1,63.64,100.0,11.41,33
5931,1959,3,1,118.18,100.0,11.43,33
5932,1958,6,1,90.16,100.0,11.46,33
5934,1956,3,1,121.53,100.0,11.48,33
5935,1954,3,1,120.43,100.0,11.5,33
5936,1955,3,1,92.4,100.0,11.54,33
5937,1953,3,1,68.06,100.0,11.57,33
5938,1953,3,1,121.2,100.0,11.58,33
5939,1961,3,1,29.22,285.0,2.44,33
5941,1959,12,1,45.47,280.0,3.11,33
5943,1952,3,1,88.16,100.0,25.06,33
5945,1960,3,1,64.77,280.0,5.1,33
5946,1956,6,1,84.09,280.0,5.67,33
5947,1959,3,1,85.59,280.0,5.52,33
5948,1955,6,1,84.0,280.0,5.41,33
5949,1979,6,1,87.19,280.0,5.3,33
5950,1959,3,1,86.43,280.0,5.17,33
5951,1958,3,1,82.61,280.0,5.08,33
5953,1954,3,1,78.46,280.0,4.94,33
5955,1966,3,1,88.97,280.0,4.91,33
5956,1956,3,1,60.84,280.0,4.94,33
5957,1958,3,1,75.84,280.0,4.94,33
5958,1959,3,1,75.88,280.0,4.92,33
5959,1960,3,1,75.73,280.0,4.91,33
5961,1957,3,1,40.59,280.0,4.91,33
5963,1956,9,1,70.24,280.0,5.93,33
5965,1980,3,1,82.75,280.0,16.33,33
5967,1960,3,1,,285.0,2.01,33
5968,1994,3,1,68.49,100.0,11.37,33
5969,1957,6,1,53.1,275.0,4.34,33
5974,1960,9,1,67.9,340.0,6.03,33
5975,1965,15,1,148.24,100.0,28.65,33
5976,1970,3,1,97.14,190.0,7.88,33
5978,1972,3,1,141.23,225.0,43.98,33
5980,1960,9,1,97.51,225.0,23.29,33
5981,2022,3,1,45.99,225.0,7.89,33
5983,1977,9,1,99.93,225.0,7.94,33
5985,1961,3,1,91.75,225.0,7.99,33
5986,1960,3,1,221.51,225.0,8.06,33
5988,1970,9,1,117.4,225.0,8.14,33
5989,1960,9,1,103.98,50.0,9.6,33
5990,1961,6,1,114.02,50.0,10.95,33
5991,1970,9,1,85.05,225.0,8.27,33
5993,1963,6,1,114.35,225.0,8.31,33
5994,1965,3,1,165.75,55.0,11.68,33
5995,1960,9,1,98.07,225.0,8.42,33
5996,1975,6,1,94.29,225.0,8.47,33
5997,1963,3,1,144.55,225.0,8.51,33
5999,1960,3,1,133.86,225.0,8.56,33
6001,1953,6,1,74.18,225.0,8.61,33
6003,1960,3,1,38.89,230.0,22.0,33
6005,1967,9,1,257.96,280.0,12.33,33
6006,2005,9,1,162.52,285.0,12.32,33
6008,1996,6,1,258.91,280.0,12.35,33
6009,1968,12,1,72.92,65.0,22.05,33
6010,1955,12,1,106.94,100.0,18.54,33
6011,1970,3,1,75.54,320.0,37.95,33
6014,1965,15,1,289.98,245.0,12.0,33
6015,1965,15,1,281.37,245.0,29.08,33
6016,1965,15,1,282.83,245.0,11.85,33
6017,1965,15,1,282.54,65.0,30.68,33
6018,1965,15,1,280.64,65.0,20.38,33
6019,1962,15,1,236.01,245.0,10.3,33
6020,1965,15,1,234.29,245.0,9.78,33
6021,1965,15,1,229.61,245.0,9.76,33
6022,1965,15,1,232.77,245.0,9.73,33
6023,1965,15,1,231.1,245.0,13.12,33
6024,1965,15,1,240.26,245.0,19.44,33
6025,1965,15,1,236.67,245.0,16.82,33
6026,1965,15,1,236.23,65.0,11.9,33
6027,1965,15,1,232.97,65.0,15.2,33
6028,1965,15,1,234.74,65.0,35.04,33
6029,1956,3,1,131.63,285.0,40.11,33
6030,2000,6,1,198.45,325.0,27.23,33
6032,1980,6,1,120.54,325.0,27.7,33
6033,1971,6,1,138.43,325.0,29.64,33
6034,1972,3,1,98.21,325.0,32.18,33
6036,1973,3,1,101.05,325.0,35.97,33
6038,1977,12,1,208.81,155.0,8.31,33
6039,1969,12,1,209.7,155.0,10.41,33
6040,1969,12,1,207.48,155.0,inf,33
6041,1967,3,1,110.45,245.0,30.27,33
6042,1992,3,1,107.07,245.0,28.38,33
6043,1973,3,1,102.15,245.0,28.32,33
6045,1969,6,1,95.31,245.0,28.27,33
6047,1954,3,1,96.49,245.0,29.22,33
6050,1995,3,1,488.63,155.0,13.18,33
6051,1955,3,1,55.59,250.0,18.89,33
6054,1960,3,1,116.53,45.0,4.53,33
6057,1970,3,1,134.68,245.0,2.8,33
6059,1978,3,1,96.06,265.0,3.9,33
6064,1992,3,1,128.43,240.0,3.13,33
6065,1970,3,1,65.33,230.0,3.9,33
6067,1970,6,1,52.34,240.0,3.8,33
6069,1969,6,1,57.87,245.0,3.64,33
6071,1971,3,1,112.26,240.0,4.7,33
6075,1970,3,1,42.46,245.0,8.34,33
6076,1970,3,1,97.59,240.0,4.74,33
6080,1982,6,1,52.99,290.0,6.73,33
6083,1997,6,1,109.97,340.0,40.69,33
6087,1960,3,1,99.96,50.0,3.87,33
6089,1992,9,1,174.81,215.0,9.67,33
6093,1961,3,1,96.33,305.0,9.2,33
6096,1992,6,1,198.89,305.0,11.12,33
6099,1993,6,1,261.68,50.0,5.84,33
6102,1970,6,1,56.42,160.0,52.31,33
6104,1978,6,1,134.39,130.0,7.89,33
6107,1980,6,1,35.87,305.0,5.59,33
6110,1980,6,1,134.33,310.0,8.84,33
6113,2007,3,1,86.85,5.0,8.24,33
6116,2021,6,1,86.55,5.0,8.07,33
6118,2016,9,1,114.34,10.0,7.98,33
6120,2007,3,1,163.69,5.0,8.04,33
6122,2007,3,1,160.99,335.0,8.07,33
6123,2007,3,1,161.1,315.0,8.02,33
6125,2007,3,1,161.04,310.0,7.8,33
6126,2007,3,1,161.0,320.0,22.65,33
6127,2007,3,1,161.01,355.0,20.75,33
6128,1968,3,1,87.18,10.0,12.26,33
6130,1956,12,1,81.72,10.0,12.29,33
6132,1954,6,1,112.22,280.0,11.32,33
6134,1964,3,1,75.15,325.0,27.31,33
6135,2001,3,1,132.25,10.0,12.35,33
6136,2008,15,1,833.82,10.0,12.22,33
6138,1995,12,1,369.61,330.0,124.18,33
6139,1999,6,1,494.73,40.0,37.49,33
6140,1956,3,1,162.05,190.0,12.39,33
6141,1955,3,1,99.42,190.0,12.38,33
6143,1957,3,1,115.34,190.0,12.34,33
6144,1977,6,1,116.2,280.0,12.0,33
6145,1971,9,1,132.04,285.0,11.96,33
6147,1950,3,1,120.59,285.0,11.9,33
6148,1955,3,1,135.54,285.0,11.86,33
6149,1973,3,1,133.5,285.0,11.83,33
6151,1963,9,1,113.05,280.0,11.82,33
6153,1969,3,1,86.61,280.0,11.76,33
6154,1950,3,1,129.9,285.0,11.72,33
6155,2008,15,1,914.29,40.0,37.76,33
6156,2008,15,1,294.38,40.0,0.0,33
6157,2006,9,1,249.16,235.0,27.05,33
6162,1948,3,1,96.48,330.0,20.98,33
6163,1957,3,1,128.11,10.0,11.98,33
6165,1959,3,1,136.54,15.0,11.94,33
6167,1966,3,1,137.91,15.0,11.92,33
6169,1960,3,1,136.48,15.0,11.9,33
6171,1960,3,1,75.62,15.0,11.82,33
6172,1961,3,1,144.41,15.0,11.78,33
6174,1970,6,1,114.6,15.0,11.76,33
6176,1958,3,1,87.63,15.0,11.71,33
6177,1959,3,1,108.35,15.0,11.68,33
6178,1961,3,1,102.45,15.0,11.65,33
6180,1962,9,1,76.0,15.0,11.68,33
6182,1991,3,1,125.76,60.0,27.4,33
6183,1977,6,1,128.28,105.0,13.0,33
6184,1993,3,1,243.84,105.0,12.08,33
6186,1991,3,1,104.42,105.0,11.61,33
6187,1965,3,1,84.4,285.0,14.2,33
6189,1999,3,1,101.72,285.0,14.3,33
6190,1997,6,1,96.87,285.0,14.41,33
6191,1958,3,1,71.05,285.0,14.57,33
6192,1981,3,1,96.02,285.0,14.73,33
6194,1991,6,1,319.49,285.0,15.94,33
6197,1991,3,1,97.48,105.0,11.59,33
6198,1991,3,1,110.67,105.0,11.57,33
6199,1991,3,1,97.27,105.0,11.54,33
6200,1991,3,1,102.69,105.0,11.56,33
6201,2003,6,1,262.86,15.0,11.85,33
6203,2010,18,1,560.22,280.0,inf,33
6205,1993,3,1,132.68,105.0,11.66,33
6206,1969,3,1,110.79,285.0,11.77,33
6207,1958,9,1,125.54,15.0,12.12,33
6208,1970,3,1,115.33,15.0,12.12,33
6210,2005,9,1,84.68,15.0,12.13,33
6211,1954,9,1,90.33,15.0,12.14,33
6212,1957,3,1,124.14,15.0,12.16,33
6214,1959,3,1,82.73,15.0,12.16,33
6216,1960,3,1,70.09,15.0,12.17,33
6217,1968,3,1,62.88,15.0,12.18,33
6218,1958,3,1,78.65,15.0,12.19,33
6220,1956,3,1,126.36,15.0,12.19,33
6222,1977,3,1,98.71,15.0,12.2,33
6224,2003,3,1,119.89,15.0,12.23,33
6226,1958,3,1,82.03,105.0,11.96,33
6227,1950,3,1,146.52,105.0,11.92,33
6228,1962,3,1,111.92,105.0,11.89,33
6229,1940,3,1,116.96,105.0,11.87,33
6231,1968,3,1,101.6,105.0,11.84,33
6232,1940,3,1,119.44,105.0,11.82,33
6235,1950,3,1,79.57,105.0,11.78,33
6236,1950,3,1,131.19,105.0,11.77,33
6238,1940,3,1,111.59,105.0,11.74,33
6240,1945,3,1,85.33,100.0,11.73,33
6241,1948,6,1,135.65,105.0,11.7,33
6242,1977,3,1,112.54,195.0,11.66,33
6244,1950,3,1,103.67,195.0,11.73,33
6245,1958,3,1,104.72,195.0,11.76,33
6247,1950,3,1,97.36,195.0,11.78,33
6249,1950,3,1,96.11,195.0,11.81,33
6252,1940,3,1,299.58,195.0,11.88,33
6254,1950,9,1,141.07,195.0,11.92,33
6256,1954,3,1,135.64,195.0,11.94,33
6258,1974,3,1,117.29,195.0,11.96,33
6259,1968,3,1,154.62,195.0,11.99,33
6261,1950,3,1,131.16,195.0,12.02,33
6263,1960,3,1,81.7,285.0,11.52,33
6265,1981,3,1,86.59,285.0,11.62,33
6267,1970,3,1,42.08,285.0,11.71,33
6268,1957,3,1,209.39,355.0,72.28,33
6270,1992,6,1,164.35,285.0,11.86,33
6271,1974,6,1,189.85,285.0,11.92,33
6273,1948,6,1,50.62,285.0,11.97,33
6274,1968,9,1,95.72,65.0,11.76,33
6275,1960,9,1,166.25,65.0,11.76,33
6276,1966,3,1,108.77,65.0,11.75,33
6278,1982,3,1,119.41,65.0,11.75,33
6281,2000,6,1,242.95,65.0,11.75,33
6282,1975,9,1,184.42,65.0,11.75,33
6283,1973,12,1,105.46,70.0,11.76,33
6284,1988,6,1,424.73,130.0,33.97,33
6285,1972,12,1,94.66,190.0,11.89,33
6286,1971,9,1,96.79,190.0,11.88,33
6287,1971,12,1,94.18,190.0,11.89,33
6288,1970,12,1,107.78,190.0,11.88,33
6289,1969,9,1,129.11,190.0,11.87,33
6291,1981,6,1,152.52,190.0,11.86,33
6292,1964,9,1,150.42,190.0,11.85,33
6293,1974,3,1,126.62,200.0,13.46,33
6295,1980,9,1,495.66,285.0,12.11,33
6296,1965,6,1,124.93,285.0,12.1,33
6298,1964,3,1,81.52,85.0,0.0,33
6301,1945,6,1,67.68,285.0,63.68,33
6302,2009,6,1,291.01,325.0,26.81,33
6303,1981,3,1,196.68,10.0,11.86,33
6305,1983,3,1,205.51,10.0,11.87,33
6306,1986,6,1,384.66,10.0,11.88,33
6308,1980,3,1,394.62,10.0,11.88,33
6309,1977,9,1,542.82,15.0,11.9,33
6310,1966,12,1,121.67,10.0,11.9,33
6311,1971,12,1,240.4,60.0,58.26,33
6312,1967,12,1,251.61,100.0,24.14,33
6313,1970,6,1,126.19,105.0,21.28,33
6314,1960,9,1,99.63,100.0,12.37,33
6316,1965,3,1,150.98,100.0,12.33,33
6318,1960,6,1,151.42,105.0,12.3,33
6319,1962,3,1,152.48,105.0,12.26,33
6321,1959,3,1,91.08,105.0,12.23,33
6322,1966,6,1,107.12,105.0,12.2,33
6324,1967,3,1,139.13,100.0,12.17,33
6327,1960,3,1,66.02,195.0,12.22,33
6329,1953,3,1,110.28,195.0,12.2,33
6331,1968,3,1,85.05,195.0,12.18,33
6333,1956,3,1,114.63,195.0,12.17,33
6335,1970,3,1,98.38,195.0,12.15,33
6336,1976,9,1,129.28,190.0,12.14,33
6338,1962,3,1,74.96,195.0,12.15,33
6340,1964,3,1,102.81,280.0,12.14,33
6341,1962,3,1,113.75,280.0,12.11,33
6342,1976,3,1,158.9,280.0,12.08,33
6344,1966,3,1,139.79,280.0,12.03,33
6346,1966,3,1,120.15,280.0,11.98,33
6347,1978,6,1,128.52,280.0,11.95,33
6349,2006,6,1,109.26,245.0,11.76,33
6350,1968,3,1,145.31,335.0,7.76,33
6352,1958,3,1,110.17,335.0,7.73,33
6354,1958,6,1,144.33,335.0,7.73,33
6355,1950,3,1,149.38,335.0,7.73,33
6357,1958,3,1,131.85,335.0,7.73,33
6358,1960,9,1,138.19,335.0,7.73,33
6360,1962,3,1,105.73,335.0,7.74,33
6361,1963,3,1,118.69,335.0,7.74,33
6362,1960,3,1,128.55,105.0,12.11,33
6363,1962,3,1,108.27,105.0,14.03,33
6364,1950,3,1,100.64,105.0,59.11,33
6365,1980,3,1,229.67,105.0,12.25,33
6367,1982,3,1,114.78,105.0,12.34,33
6368,1982,9,1,153.49,105.0,12.35,33
6370,1990,9,1,182.42,105.0,12.34,33
6371,1960,3,1,146.6,245.0,11.75,33
6372,1980,3,1,73.18,105.0,12.12,33
6375,1963,12,1,175.43,245.0,11.75,33
6379,1973,3,1,180.75,105.0,12.18,33
6380,1965,3,1,105.57,245.0,11.75,33
6381,1968,6,1,126.96,245.0,11.75,33
6383,1965,3,1,132.64,245.0,11.76,33
6384,1968,3,1,146.2,245.0,11.76,33
6385,1980,12,1,133.84,245.0,11.76,33
6386,1965,3,1,140.89,245.0,11.76,33
6387,1953,3,1,150.93,245.0,11.76,33
6389,1996,3,1,93.64,245.0,11.77,33
6390,1989,3,1,74.54,105.0,12.3,33
6392,1968,3,1,104.58,245.0,11.75,33
6393,2018,6,1,72.28,105.0,12.23,33
6395,1963,3,1,101.41,245.0,11.76,33
6396,2008,9,1,54.59,105.0,12.12,33
6398,1975,9,1,442.22,280.0,11.87,33
6399,1981,6,1,167.3,65.0,19.53,33
6400,1981,9,1,142.46,65.0,19.2,33
6401,1996,3,1,219.32,65.0,19.01,33
6402,1968,3,1,71.17,65.0,19.18,33
6403,1979,3,1,147.5,65.0,19.43,33
6405,1990,3,1,95.49,65.0,19.75,33
6406,1960,3,1,125.43,65.0,20.23,33
6407,1968,3,1,135.4,65.0,20.78,33
6408,1978,9,1,149.25,65.0,21.3,33
6410,1968,6,1,109.72,65.0,21.94,33
6411,1968,6,1,148.04,65.0,22.52,33
6412,1968,6,1,148.65,65.0,23.16,33
6413,1958,6,1,143.93,65.0,24.0,33
6414,1980,3,1,129.65,65.0,25.21,33
6415,1974,9,1,118.64,65.0,26.19,33
6417,1968,6,1,145.98,65.0,28.01,33
6419,1958,3,1,137.21,155.0,7.74,33
6420,1963,3,1,119.51,155.0,7.73,33
6422,1977,9,1,87.83,155.0,7.73,33
6424,1979,3,1,126.93,155.0,7.73,33
6425,1958,9,1,70.04,155.0,7.73,33
6427,1958,6,1,83.25,245.0,30.39,33
6429,1958,3,1,115.45,245.0,26.95,33
6431,1958,3,1,115.99,245.0,21.73,33
6434,1958,9,1,111.66,280.0,20.74,33
6436,1958,6,1,136.87,280.0,22.2,33
6438,1958,3,1,112.11,280.0,24.65,33
6440,1962,3,1,114.57,280.0,28.1,33
6441,1958,3,1,103.01,280.0,30.75,33
6443,1952,9,1,144.4,280.0,30.92,33
6444,1958,3,1,140.74,280.0,12.19,33
6446,1958,3,1,86.95,280.0,11.9,33
6448,1958,3,1,95.94,280.0,11.9,33
6450,1958,3,1,92.45,280.0,11.9,33
6452,1963,3,1,85.68,280.0,11.9,33
6454,1963,3,1,62.14,280.0,11.9,33
6456,2007,6,1,118.27,280.0,11.89,33
6457,1963,3,1,113.09,280.0,11.88,33
6459,1985,3,1,183.29,65.0,19.03,33
6461,1976,21,1,174.2,245.0,19.69,33
6462,1952,6,1,78.55,345.0,6.89,33
6463,1961,3,1,124.15,345.0,6.9,33
6464,1969,3,1,156.74,75.0,11.57,33
6465,1955,3,1,150.87,75.0,11.59,33
6467,1955,3,1,148.69,75.0,11.61,33
6468,1962,3,1,103.32,75.0,11.63,33
6469,1960,3,1,93.08,75.0,11.65,33
6470,1959,3,1,112.21,75.0,11.66,33
6472,1962,3,1,146.85,75.0,11.68,33
6473,1956,3,1,70.71,165.0,8.05,33
6474,1956,3,1,59.86,165.0,7.98,33
6475,1956,3,1,57.93,165.0,7.9,33
6476,1956,3,1,87.69,165.0,7.82,33
6477,1964,3,1,126.4,165.0,7.76,33
6479,1956,3,1,23.17,165.0,8.35,33
6480,1975,3,1,111.21,165.0,132.88,33
6482,2005,9,1,160.06,75.0,11.72,33
6490,1984,12,1,113.95,100.0,11.89,33
6491,1983,3,1,102.46,100.0,11.89,33
6494,1990,6,1,188.21,100.0,11.9,33
6495,1980,9,1,182.38,100.0,11.9,33
6496,1992,6,1,443.39,245.0,11.78,33
6500,1975,21,1,237.35,0.0,9.49,33
6502,1970,15,1,309.24,5.0,9.43,33
6503,1968,3,1,148.79,0.0,9.41,33
6505,1971,6,1,152.41,5.0,9.43,33
6508,1962,6,1,238.92,5.0,27.03,33
6511,1943,3,1,163.37,75.0,13.21,33
6513,1959,3,1,146.27,75.0,11.8,33
6514,1960,3,1,107.67,75.0,12.25,33
6516,1965,6,1,103.57,75.0,29.72,33
6518,1987,3,1,248.12,75.0,11.51,33
6520,1978,18,1,544.91,245.0,19.69,33
6521,1975,21,1,520.63,245.0,19.56,33
6522,1981,18,1,297.99,245.0,19.38,33
6523,2014,15,1,168.39,0.0,9.44,33
6528,1975,12,1,174.16,40.0,13.44,33
6529,1965,3,1,47.7,40.0,13.47,33
6530,1963,3,1,83.34,40.0,13.5,33
6531,1970,6,1,75.75,40.0,13.53,33
6532,1958,9,1,75.07,40.0,14.29,33
6533,1965,9,1,88.27,40.0,17.87,33
6535,1950,3,1,89.09,40.0,21.04,33
6537,1962,9,1,99.27,40.0,25.92,33
6540,1970,3,1,90.45,40.0,29.36,33
6541,1970,3,1,98.74,40.0,33.08,33
6543,1977,6,1,91.48,130.0,7.96,33
6544,1958,3,1,100.01,130.0,7.97,33
6545,1957,3,1,95.5,130.0,7.98,33
6546,1961,6,1,94.0,130.0,7.98,33
6547,1958,3,1,91.95,130.0,7.98,33
6548,1962,3,1,89.85,130.0,7.99,33
6550,1959,3,1,69.74,255.0,12.11,33
6551,1962,3,1,79.67,255.0,12.01,33
6552,1983,9,1,149.85,0.0,0.0,33
6554,1950,3,1,100.07,255.0,45.74,33
6555,1963,6,1,76.54,255.0,15.45,33
6556,1959,6,1,87.71,255.0,12.08,33
6557,1958,3,1,78.02,255.0,12.08,33
6558,1959,9,1,60.21,255.0,12.08,33
6563,2006,3,1,113.5,325.0,7.85,33
6564,1994,12,1,72.74,325.0,7.86,33
6566,1960,6,1,112.68,325.0,7.88,33
6568,1960,6,1,113.79,325.0,7.88,33
6569,1960,3,1,96.27,325.0,7.89,33
6571,1960,3,1,111.36,325.0,7.9,33
6573,1960,3,1,99.09,325.0,7.92,33
6574,1960,3,1,105.37,325.0,7.92,33
6576,1960,3,1,90.37,325.0,7.94,33
6577,1960,3,1,82.15,325.0,7.96,33
6578,1960,3,1,92.38,325.0,7.96,33
6579,1960,3,1,54.22,325.0,7.97,33
6580,1955,6,1,101.01,70.0,11.84,33
6581,1955,9,1,96.38,75.0,11.83,33
6583,1955,3,1,143.82,75.0,11.84,33
6585,1960,3,1,72.21,75.0,11.85,33
6586,1960,3,1,105.5,75.0,11.86,33
6587,1960,6,1,99.5,75.0,11.86,33
6588,1960,3,1,67.39,75.0,14.78,33
6590,1960,3,1,48.04,105.0,65.69,33
6591,1960,3,1,48.09,145.0,43.3,33
6592,1960,6,1,95.94,145.0,43.29,33
6593,1960,3,1,34.7,145.0,50.35,33
6594,1960,3,1,59.33,145.0,43.28,33
6595,1960,3,1,105.75,145.0,43.27,33
6597,1940,3,1,87.26,145.0,43.26,33
6598,2007,9,1,65.21,145.0,43.22,33
6599,1989,9,1,82.75,145.0,43.12,33
6601,1967,6,1,81.39,145.0,43.04,33
6603,1960,3,1,66.82,145.0,42.97,33
6604,2005,6,1,151.27,145.0,42.92,33
6605,2001,12,1,388.57,145.0,42.71,33
6607,1960,6,1,122.66,205.0,93.73,33
6609,1960,3,1,32.02,75.0,11.85,33
6610,1960,6,1,29.15,145.0,36.88,33
6611,2008,9,1,358.14,255.0,10.22,33
6613,1994,9,1,451.95,255.0,10.29,33
6614,2007,9,1,115.51,310.0,7.24,33
6615,1983,12,1,138.92,310.0,7.28,33
6619,1975,3,1,124.22,310.0,7.31,33
6620,1975,3,1,200.31,310.0,7.36,33
6622,1975,3,1,208.73,310.0,9.78,33
6624,1960,6,1,199.3,310.0,10.68,33
6625,1997,9,1,209.42,310.0,7.17,33
6626,1960,3,1,69.43,30.0,13.48,33
6627,1995,3,1,61.56,30.0,30.96,33
6628,1960,3,1,123.07,145.0,7.96,33
6630,1960,3,1,121.46,145.0,7.95,33
6631,1960,3,1,125.36,145.0,7.94,33
6632,1960,6,1,137.89,145.0,7.92,33
6633,1960,3,1,130.1,145.0,7.91,33
6634,1960,6,1,130.35,145.0,7.9,33
6636,1960,3,1,124.1,145.0,7.88,33
6637,1960,3,1,195.44,145.0,7.88,33
6638,1984,6,1,188.56,145.0,7.86,33
6639,1960,9,1,132.71,145.0,7.84,33
6641,2003,9,1,300.03,255.0,10.29,33
6642,1996,3,1,66.29,30.0,34.35,33
6643,2006,6,1,195.5,145.0,7.99,33
6644,2006,9,1,461.35,145.0,16.24,33
6646,2008,9,1,324.9,30.0,29.38,33
6649,1960,3,1,91.38,350.0,9.74,33
6650,1982,6,1,99.1,80.0,0.0,33
6651,1982,3,1,133.43,80.0,0.0,33
6652,1950,3,1,92.53,80.0,0.0,33
6654,1958,3,1,90.09,80.0,0.0,33
6656,1960,3,1,99.0,80.0,0.0,33
6659,1960,3,1,70.64,80.0,0.0,33
6661,1976,24,1,2867.79,165.0,120.0,33
6662,1979,3,1,191.72,115.0,11.36,33
6663,1980,6,1,463.04,190.0,7.17,33
6667,1980,6,1,175.77,165.0,5.92,33
6669,1959,3,1,235.1,90.0,72.34,33
6670,1952,9,1,306.68,290.0,12.99,33
6673,1960,9,1,96.19,280.0,6.13,33
6674,1960,3,1,91.57,95.0,9.16,33
6675,1988,6,1,157.2,350.0,4.89,33
6678,2009,6,1,49.79,345.0,5.41,33
6680,2005,3,1,85.5,345.0,5.25,33
6684,1959,6,1,152.89,350.0,4.71,33
6688,1965,3,1,111.23,50.0,8.26,33
6689,2020,3,1,149.91,10.0,6.2,33
6692,1940,3,1,35.69,75.0,3.35,33
6693,1979,3,1,96.1,75.0,3.47,33
6694,1965,3,1,72.47,75.0,11.83,33
6695,1950,3,1,79.67,160.0,11.8,33
6697,1968,3,1,79.05,190.0,12.46,33
6698,1940,3,1,102.87,205.0,11.06,33
6699,1960,6,1,164.03,240.0,35.25,33
6703,2022,6,1,106.42,10.0,3.99,33
6707,2021,6,1,93.49,10.0,24.98,33
6711,2022,3,1,85.84,205.0,12.15,33
6712,2012,9,1,138.02,120.0,7.95,33
6715,2009,3,1,104.43,150.0,6.79,33
6720,1971,3,1,140.57,105.0,9.68,33
6721,1970,3,1,133.03,105.0,9.66,33
6722,1959,3,1,136.04,105.0,9.65,33
6725,1967,3,1,40.99,105.0,9.6,33
6727,1960,3,1,117.21,195.0,16.91,33
6728,1975,3,1,348.2,195.0,16.31,33
6730,2000,3,1,105.6,195.0,15.7,33
6732,1971,3,1,133.84,290.0,9.82,33
6736,2007,15,1,1533.43,105.0,64.44,33
6737,2009,9,1,170.28,150.0,31.03,33
6739,1998,3,1,105.8,280.0,10.29,33
6740,1965,9,1,103.13,15.0,10.38,33
6741,1963,3,1,78.85,15.0,10.68,33
6742,2003,6,1,159.65,60.0,55.32,33
6743,1970,3,1,43.53,70.0,10.65,33
6745,1960,6,1,102.0,190.0,6.2,33
6746,1976,3,1,87.33,190.0,6.25,33
6747,1963,6,1,103.7,190.0,6.3,33
6748,1968,6,1,99.93,190.0,6.35,33
6749,1963,3,1,107.49,280.0,10.26,33
6750,1960,9,1,185.23,285.0,10.41,33
6751,1960,3,1,90.33,10.0,6.26,33
6752,1960,3,1,103.92,10.0,6.22,33
6753,1960,9,1,122.1,10.0,6.19,33
6754,1960,6,1,210.98,10.0,12.37,33
6755,2000,6,1,153.04,70.0,10.32,33
6756,2008,6,1,303.07,280.0,10.23,33
6759,2008,15,1,293.37,10.0,0.0,33
6761,1960,9,1,104.07,355.0,51.72,33
6762,1985,6,1,83.71,5.0,13.05,33
6764,1956,3,1,107.85,10.0,12.68,33
6765,1945,3,1,102.77,10.0,12.61,33
6766,1955,3,1,99.34,10.0,12.56,33
6767,1955,3,1,104.71,10.0,12.66,33
6769,1954,3,1,121.18,10.0,30.4,33
6770,2002,6,1,184.49,75.0,9.49,33
6771,1954,3,1,89.94,75.0,9.19,33
6774,1955,9,1,80.26,75.0,9.23,33
6775,1957,6,1,117.51,75.0,9.27,33
6776,1959,3,1,122.93,75.0,9.31,33
6778,1959,6,1,86.67,75.0,9.34,33
6779,1960,3,1,104.08,75.0,9.38,33
6781,1960,9,1,96.16,75.0,9.43,33
6782,1967,6,1,169.09,190.0,13.8,33
6784,1961,6,1,113.46,195.0,11.59,33
6785,1985,3,1,283.51,195.0,11.5,33
6787,1990,3,1,108.87,195.0,13.9,33
6788,1987,3,1,121.04,235.0,26.57,33
6789,1975,9,1,109.57,285.0,11.72,33
6790,1989,9,1,242.3,285.0,11.76,33
6792,1962,3,1,123.12,285.0,11.81,33
6793,1951,3,1,101.33,285.0,11.84,33
6795,1960,3,1,58.43,285.0,11.87,33
6798,1969,9,1,153.36,345.0,35.9,33
6799,1974,9,1,115.81,345.0,16.17,33
6800,1988,9,1,187.57,345.0,10.82,33
6802,1991,3,1,189.57,25.0,44.64,33
6803,1955,3,1,84.88,75.0,24.72,33
6805,1959,3,1,88.38,75.0,24.73,33
6808,1962,3,1,69.86,75.0,24.74,33
6810,1960,3,1,101.7,75.0,24.72,33
6812,1960,3,1,93.97,75.0,24.74,33
6814,2023,6,1,82.99,75.0,24.76,33
6816,1958,6,1,104.21,75.0,24.76,33
6817,1961,3,1,112.25,75.0,24.77,33
6819,1958,3,1,104.3,75.0,24.78,33
6821,1958,3,1,111.44,75.0,24.78,33
6823,1984,9,1,145.12,75.0,24.79,33
6824,1970,9,1,97.57,75.0,24.79,33
6825,1970,9,1,222.11,160.0,12.0,33
6826,1971,9,1,162.59,165.0,12.93,33
6827,1969,9,1,304.67,255.0,9.79,33
6828,1961,9,1,303.63,255.0,12.96,33
6829,1990,6,1,151.5,345.0,10.58,33
6832,1993,6,1,709.25,165.0,11.92,33
6834,2006,6,1,557.13,165.0,11.82,33
6835,1991,6,1,141.0,345.0,12.36,33
6836,1988,3,1,136.8,345.0,12.92,33
6837,2003,6,1,271.26,345.0,13.13,33
6839,1992,12,1,1459.09,85.0,61.83,33
6841,1979,9,1,98.75,285.0,32.39,33
6842,1979,3,1,86.63,285.0,24.53,33
6844,1967,3,1,79.38,285.0,12.16,33
6846,1993,9,1,715.2,285.0,12.11,33
6847,1956,3,1,108.65,0.0,9.69,33
6848,1956,3,1,68.7,0.0,11.16,33
6849,1955,3,1,53.82,0.0,15.71,33
6850,1956,3,1,57.99,45.0,22.87,33
6851,1956,3,1,61.52,75.0,11.76,33
6852,1956,3,1,73.4,75.0,11.75,33
6853,1956,3,1,73.61,75.0,11.74,33
6854,1956,3,1,78.48,75.0,11.73,33
6855,1956,3,1,56.87,75.0,11.72,33
6856,1956,3,1,57.0,75.0,11.71,33
6858,1965,3,1,161.74,75.0,11.69,33
6859,1982,3,1,163.18,75.0,11.68,33
6860,1964,3,1,111.19,75.0,11.67,33
6861,2005,12,1,466.12,255.0,17.57,33
6862,1950,3,1,125.21,75.0,11.63,33
6863,1972,12,1,337.62,75.0,11.61,33
6865,2002,9,1,171.1,165.0,11.96,33
6866,1967,9,1,105.85,165.0,11.89,33
6868,1970,3,1,117.95,165.0,11.83,33
6870,1988,3,1,133.44,345.0,80.29,33
6871,1970,6,1,100.81,255.0,11.84,33
6873,1968,12,1,165.86,345.0,80.15,33
6874,1981,6,1,79.74,255.0,87.98,33
6876,1956,3,1,79.96,255.0,14.81,33
6877,1956,3,1,84.15,255.0,11.7,33
6878,1956,3,1,70.65,255.0,11.67,33
6879,1956,3,1,97.99,255.0,11.65,33
6880,1973,6,1,80.98,255.0,11.62,33
6882,1956,3,1,95.69,255.0,11.59,33
6883,1956,3,1,81.56,255.0,68.03,33
6884,1956,3,1,79.1,255.0,27.8,33
6885,1956,3,1,60.5,255.0,11.51,33
6886,1956,3,1,87.95,255.0,11.49,33
6887,1956,3,1,85.59,255.0,8.87,33
6888,1956,6,1,66.91,255.0,18.26,33
6890,1956,3,1,89.53,255.0,17.32,33
6891,1956,3,1,67.1,255.0,17.35,33
6892,1956,3,1,81.89,255.0,17.39,33
6893,1956,3,1,59.45,255.0,17.42,33
6894,1956,3,1,60.69,255.0,17.46,33
6895,1956,3,1,65.28,75.0,17.43,33
6896,1956,3,1,65.49,75.0,17.56,33
6897,1956,3,1,67.57,75.0,17.53,33
6898,1956,3,1,70.71,75.0,17.51,33
6899,1956,3,1,75.4,75.0,17.48,33
6900,1956,3,1,62.02,75.0,17.45,33
6901,1956,3,1,76.02,75.0,17.41,33
6902,1956,3,1,71.19,75.0,17.38,33
6903,1956,3,1,50.9,75.0,17.35,33
6904,1956,3,1,59.28,75.0,17.32,33
6905,1956,3,1,81.3,75.0,17.3,33
6906,1988,3,1,54.04,165.0,11.6,33
6907,1988,3,1,48.28,165.0,11.64,33
6908,1988,3,1,54.7,165.0,11.71,33
6909,1993,3,1,90.45,255.0,11.79,33
6910,2004,3,1,86.69,345.0,63.52,33
6911,1986,6,1,73.13,260.0,30.94,33
6913,1956,3,1,104.55,345.0,7.82,33
6914,1956,6,1,46.35,345.0,7.91,33
6916,1956,3,1,61.81,345.0,7.98,33
6917,1956,3,1,83.15,345.0,8.05,33
6918,1956,3,1,89.43,75.0,11.86,33
6919,1950,3,1,64.7,75.0,11.83,33
6920,1959,6,1,189.73,75.0,11.79,33
6921,1982,6,1,239.72,120.0,27.25,33
6922,1978,18,1,213.81,165.0,30.95,33
6923,1973,12,1,104.92,245.0,39.43,33
6924,1975,6,1,111.88,300.0,32.74,33
6926,1956,3,1,61.96,0.0,9.73,33
6927,1956,3,1,76.64,0.0,9.72,33
6928,1956,3,1,63.72,0.0,9.7,33
6929,1956,3,1,61.34,0.0,9.69,33
6930,1956,3,1,60.96,0.0,9.68,33
6931,1956,3,1,83.17,180.0,22.87,33
6932,1956,3,1,71.02,180.0,6.81,33
6933,1956,3,1,58.34,180.0,5.8,33
6934,1956,3,1,71.9,180.0,5.77,33
6935,1956,3,1,57.33,180.0,5.76,33
6936,1956,3,1,62.02,255.0,11.8,33
6937,1964,9,1,104.21,40.0,13.71,33
6939,1960,3,1,101.18,40.0,13.75,33
6941,2017,6,1,76.55,40.0,13.81,33
6943,1961,3,1,80.2,40.0,13.86,33
6945,1955,3,1,78.4,75.0,19.45,33
6946,1955,3,1,64.7,75.0,24.37,33
6947,1956,3,1,114.18,75.0,12.24,33
6948,1954,3,1,110.42,75.0,12.27,33
6949,1955,3,1,115.8,75.0,12.28,33
6950,1957,9,1,148.02,75.0,12.29,33
6952,1957,3,1,108.26,75.0,12.3,33
6953,1992,3,1,142.38,75.0,12.32,33
6954,1946,3,1,58.92,90.0,12.83,33
6955,1945,3,1,46.02,75.0,12.37,33
6956,1954,6,1,89.51,75.0,12.38,33
6957,1997,9,1,104.32,75.0,12.39,33
6960,1950,3,1,84.77,185.0,9.68,33
6962,1999,3,1,93.92,180.0,9.69,33
6963,1955,3,1,120.41,180.0,9.7,33
6964,1955,9,1,123.66,180.0,9.7,33
6967,1957,3,1,66.49,180.0,9.72,33
6968,2007,9,1,495.62,180.0,9.73,33
6969,1951,3,1,85.54,255.0,11.79,33
6970,1962,3,1,102.73,310.0,25.2,33
6971,1955,6,1,113.33,310.0,8.01,33
6972,1966,6,1,118.93,310.0,8.0,33
6974,1974,6,1,102.82,310.0,8.0,33
6976,1951,3,1,176.47,310.0,7.99,33
6978,1979,6,1,109.5,310.0,7.98,33
6979,1958,3,1,169.37,310.0,7.98,33
6980,1963,3,1,170.84,310.0,7.98,33
6981,1967,3,1,112.54,310.0,7.97,33
6982,1967,9,1,104.26,310.0,7.96,33
6984,2003,3,1,262.45,180.0,39.29,33
6986,2004,3,1,316.76,75.0,29.06,33
6988,2008,12,1,733.56,180.0,13.28,33
6989,1965,6,1,111.84,325.0,44.88,33
6990,1966,9,1,96.14,330.0,42.66,33
6991,1952,3,1,151.18,325.0,42.67,33
6992,1960,3,1,144.43,325.0,42.75,33
6994,2006,15,1,162.68,325.0,42.98,33
6996,1962,3,1,94.33,325.0,43.12,33
6997,1959,3,1,62.16,325.0,43.21,33
6998,1969,3,1,84.85,325.0,43.31,33
7000,1970,3,1,92.32,325.0,47.7,33
7001,1950,6,1,84.46,325.0,59.06,33
7003,2021,15,1,56.82,325.0,69.98,33
7005,1965,3,1,92.16,325.0,77.51,33
7006,1965,3,1,109.14,325.0,46.2,33
7007,1975,9,1,86.31,325.0,44.23,33
7008,1976,3,1,114.47,325.0,44.68,33
7009,1990,6,1,118.45,325.0,46.62,33
7010,1977,6,1,102.62,20.0,106.47,33
7011,1972,9,1,184.92,80.0,9.38,33
7012,1962,3,1,89.81,80.0,9.5,33
7013,2008,12,1,69.47,80.0,9.55,33
7015,1978,12,1,577.94,80.0,9.71,33
7017,1959,6,1,224.54,80.0,9.85,33
7018,1963,3,1,138.76,170.0,7.69,33
7019,1957,3,1,107.15,170.0,7.66,33
7020,2022,9,1,83.26,170.0,7.63,33
7021,1959,3,1,114.97,170.0,7.59,33
7022,1960,3,1,102.68,170.0,7.56,33
7023,1965,6,1,111.72,170.0,8.31,33
7024,1957,6,1,103.82,140.0,7.67,33
7025,1957,3,1,132.38,140.0,7.66,33
7026,1973,6,1,73.89,140.0,7.64,33
7029,1962,3,1,101.22,140.0,7.63,33
7030,1963,6,1,105.59,140.0,7.61,33
7031,1958,6,1,83.09,140.0,7.59,33
7033,1967,3,1,161.31,140.0,8.34,33
7034,1984,9,1,269.14,140.0,12.32,33
7035,1983,3,1,111.41,90.0,3.98,33
7036,1994,3,1,113.12,90.0,7.96,33
7037,1964,3,1,51.47,90.0,7.95,33
7038,1958,3,1,59.24,180.0,31.91,33
7039,1968,3,1,97.67,180.0,27.38,33
7041,1961,3,1,60.7,180.0,24.28,33
7042,1962,3,1,110.56,180.0,19.16,33
7044,1960,3,1,70.05,220.0,13.49,33
7045,1984,3,1,76.1,220.0,13.47,33
7046,1973,9,1,76.01,325.0,42.83,33
7047,1979,3,1,30.52,55.0,0.0,33
7048,1957,6,1,52.52,140.0,7.66,33
7049,1963,6,1,78.5,140.0,7.62,33
7050,2001,12,1,190.29,325.0,45.55,33
7051,1965,6,1,90.41,185.0,16.42,33
7053,1977,6,1,257.9,220.0,20.33,33
7054,2009,15,1,300.06,325.0,44.3,33
7056,1956,3,1,54.92,275.0,7.98,33
7057,1958,3,1,50.85,320.0,7.59,33
7058,1960,3,1,91.51,320.0,7.61,33
7059,1960,6,1,104.04,320.0,7.63,33
7060,1958,3,1,85.85,320.0,7.64,33
7061,1960,3,1,115.4,320.0,7.65,33
7062,1962,3,1,101.04,320.0,7.66,33
7063,1960,3,1,104.5,320.0,7.68,33
7064,1959,6,1,102.66,350.0,7.59,33
7066,1958,3,1,76.61,350.0,7.63,33
7067,1968,3,1,61.41,350.0,7.66,33
7068,2005,6,1,72.77,350.0,7.7,33
7069,1962,6,1,152.11,350.0,7.73,33
7070,1959,3,1,238.29,350.0,7.78,33
7071,1955,3,1,108.72,350.0,7.83,33
7072,1960,3,1,77.35,80.0,36.47,33
7073,1961,3,1,120.91,180.0,10.46,33
7074,1964,3,1,123.33,180.0,10.41,33
7075,1950,3,1,85.78,180.0,10.38,33
7076,2006,3,1,92.34,180.0,10.35,33
7077,1963,9,1,115.69,180.0,10.32,33
7078,1947,9,1,210.63,180.0,10.25,33
7079,1930,3,1,104.87,180.0,10.22,33
7080,1940,3,1,46.02,180.0,10.19,33
7081,1963,3,1,88.2,180.0,10.16,33
7082,1955,3,1,74.09,180.0,10.12,33
7083,1950,3,1,82.64,180.0,10.09,33
7084,1954,3,1,79.07,180.0,10.06,33
7085,1958,3,1,75.3,180.0,10.02,33
7086,1956,3,1,86.42,180.0,10.0,33
7088,1993,3,1,79.23,180.0,9.96,33
7089,1959,3,1,88.82,180.0,9.94,33
7090,1930,3,1,75.22,15.0,0.0,33
7092,1960,3,1,205.29,30.0,98.74,33
7093,1960,3,1,92.24,30.0,90.07,33
7095,1960,3,1,87.32,30.0,61.6,33
7096,1960,3,1,108.74,30.0,57.28,33
7097,1989,9,1,55.7,30.0,52.46,33
7098,1960,3,1,98.87,30.0,44.1,33
7099,1970,3,1,40.56,30.0,37.16,33
7100,1960,3,1,154.46,30.0,29.51,33
7101,1960,6,1,119.22,30.0,26.02,33
7103,1930,3,1,176.32,30.0,17.01,33
7104,1960,3,1,98.74,30.0,12.69,33
7105,1960,6,1,189.72,30.0,11.94,33
7107,1960,9,1,198.22,30.0,11.94,33
7109,1960,3,1,175.6,30.0,11.95,33
7110,1960,6,1,87.21,30.0,11.96,33
7111,1960,3,1,90.67,30.0,11.97,33
7112,1960,3,1,112.38,30.0,11.98,33
7113,1960,3,1,71.84,30.0,11.99,33
7114,1960,3,1,84.03,30.0,11.99,33
7115,1994,12,1,377.07,140.0,60.64,33
7116,1960,3,1,79.97,215.0,7.8,33
7117,1960,3,1,83.13,210.0,7.78,33
7118,1955,3,1,85.36,210.0,7.78,33
7121,1960,3,1,94.72,210.0,7.75,33
7122,1960,6,1,104.63,210.0,7.73,33
7124,1957,9,1,85.19,210.0,7.72,33
7125,1960,3,1,97.61,210.0,7.71,33
7126,1960,3,1,96.36,210.0,7.71,33
7127,1973,3,1,120.42,210.0,7.7,33
7128,1983,9,1,91.21,210.0,7.72,33
7129,1960,3,1,36.54,30.0,0.0,33
7130,2006,12,1,243.85,140.0,56.33,33
7131,1960,12,1,48.64,305.0,16.55,33
7133,1950,3,1,70.12,30.0,45.86,33
7134,1960,3,1,93.62,30.0,7.69,33
7135,1978,6,1,101.23,255.0,11.96,33
7137,1960,9,1,100.49,30.0,7.71,33
7139,1960,3,1,83.52,30.0,7.72,33
7140,1950,6,1,89.34,30.0,7.72,33
7141,1960,3,1,89.58,30.0,7.73,33
7142,1960,12,1,81.67,30.0,7.73,33
7144,1960,3,1,89.13,30.0,7.73,33
7145,1960,3,1,191.69,30.0,7.74,33
7147,1960,3,1,160.42,30.0,7.75,33
7148,1960,3,1,120.32,30.0,7.76,33
7150,1940,3,1,107.68,30.0,7.76,33
7152,1960,3,1,113.19,30.0,7.76,33
7153,1960,3,1,109.57,30.0,7.77,33
7155,1960,3,1,90.24,30.0,7.77,33
7156,1960,3,1,82.24,30.0,7.78,33
7157,1960,9,1,73.6,30.0,7.78,33
7159,1960,3,1,71.25,30.0,7.79,33
7160,1959,3,1,66.48,140.0,49.46,33
7162,1960,3,1,48.87,140.0,50.57,33
7163,1960,3,1,82.54,140.0,68.33,33
7164,1960,3,1,70.9,140.0,55.59,33
7165,1960,3,1,96.33,140.0,48.22,33
7166,1960,3,1,86.61,140.0,47.33,33
7167,1988,9,1,51.0,140.0,46.99,33
7169,1951,3,1,85.52,140.0,46.57,33
7171,1960,3,1,82.48,140.0,46.17,33
7172,1955,3,1,94.6,255.0,11.84,33
7173,1960,3,1,84.09,255.0,11.83,33
7175,1949,3,1,112.73,255.0,13.45,33
7176,1960,6,1,45.11,255.0,20.03,33
7177,1970,3,1,83.98,255.0,11.84,33
7180,1960,3,1,92.01,255.0,11.87,33
7181,1987,6,1,75.27,255.0,11.9,33
7183,2007,9,1,75.78,255.0,11.92,33
7184,1960,3,1,55.54,255.0,11.94,33
7185,2006,9,1,112.0,140.0,45.62,33
7186,1992,6,1,113.11,140.0,44.63,33
7187,1958,6,1,308.4,255.0,11.86,33
7189,1999,9,1,145.3,80.0,9.85,33
7191,2004,6,1,137.81,80.0,9.92,33
7193,1975,9,1,130.94,80.0,9.97,33
7194,1987,3,1,123.57,80.0,9.9,33
7195,2002,9,1,136.27,80.0,9.82,33
7196,1990,3,1,120.96,80.0,9.85,33
7197,2005,9,1,186.42,75.0,10.04,33
7198,2010,9,1,174.65,80.0,9.95,33
7200,2006,12,1,161.26,80.0,9.91,33
7203,2000,12,1,390.49,305.0,18.61,33
7204,1966,3,1,150.22,80.0,0.02,33
7206,1966,3,1,100.28,80.0,0.0,33
7208,1973,3,1,65.86,80.0,0.0,33
7210,1975,3,1,166.24,80.0,0.0,33
7211,1973,6,1,153.12,80.0,0.0,33
7212,1966,9,1,153.3,80.0,0.0,33
7214,1966,3,1,150.65,80.0,0.0,33
7216,1967,3,1,148.8,80.0,0.0,33
7217,1967,3,1,142.05,80.0,0.0,33
7219,1971,3,1,74.02,80.0,0.0,33
7220,1978,3,1,91.37,170.0,9.88,33
7222,2004,6,1,152.42,260.0,9.89,33
7223,1969,9,1,148.02,270.0,10.02,33
7224,1970,6,1,150.13,260.0,9.83,33
7226,1980,6,1,148.87,260.0,9.87,33
7228,1990,3,1,149.66,260.0,9.93,33
7231,1990,9,1,118.15,255.0,9.86,33
7233,1969,9,1,147.32,260.0,9.87,33
7234,1973,3,1,150.66,260.0,9.9,33
7236,1973,9,1,126.95,260.0,9.93,33
7238,1973,6,1,147.49,180.0,50.04,33
7239,1973,6,1,114.16,260.0,9.99,33
7240,1973,3,1,82.75,80.0,0.0,33
7243,1960,6,1,49.99,130.0,10.18,33
7244,1960,3,1,109.91,135.0,12.2,33
7246,1960,6,1,136.67,210.0,11.54,33
7249,1960,6,1,336.24,200.0,3.58,33
7251,1959,3,1,239.24,285.0,40.19,33
7252,1980,3,1,100.08,95.0,8.21,33
7254,1960,3,1,131.49,350.0,4.48,33
7257,1977,3,1,212.01,355.0,12.25,33
7258,1980,6,1,96.77,220.0,8.18,33
7261,1960,3,1,88.09,65.0,6.06,33
7263,1960,3,1,84.64,345.0,22.04,33
7265,1970,3,1,104.03,85.0,15.31,33
7269,1960,3,1,61.64,0.0,5.65,33
7270,1960,3,1,36.0,165.0,0.0,33
7271,1960,6,1,92.27,315.0,8.08,33
7274,1960,3,1,35.82,160.0,0.0,33
7275,1959,3,1,66.46,160.0,0.0,33
7276,1958,3,1,178.63,50.0,8.09,33
7277,1978,6,1,44.78,115.0,5.22,33
7279,1960,3,1,78.48,0.0,10.76,33
7280,1960,6,1,223.07,335.0,18.68,33
7283,1960,3,1,41.11,80.0,43.26,33
7284,1990,3,1,90.0,290.0,10.56,33
7287,1959,6,1,97.51,125.0,27.86,33
7289,2019,3,1,144.9,50.0,17.77,33
7292,1960,3,1,54.12,245.0,5.6,33
7294,2015,3,1,104.17,310.0,15.68,33
7295,2024,6,1,185.66,5.0,8.13,33
7298,2011,9,1,158.29,160.0,7.77,33
7302,2023,3,1,128.48,160.0,7.74,33
7303,2007,6,1,118.4,180.0,7.97,33
7305,1950,3,1,113.57,75.0,14.18,33
7308,2014,6,1,100.18,10.0,7.97,33
7311,1950,6,1,110.84,95.0,49.92,33
7312,1957,3,1,234.73,70.0,45.79,33
7315,1930,6,1,120.78,70.0,53.62,33
7316,1970,3,1,103.89,70.0,56.34,33
7317,1930,3,1,102.17,70.0,60.26,33
7318,1947,3,1,102.22,70.0,72.04,33
7319,1961,3,1,76.59,70.0,10.11,33
7320,1970,3,1,106.68,70.0,10.09,33
7322,1971,12,1,212.66,355.0,32.76,33
7325,1999,9,1,104.17,190.0,19.98,33
7328,2007,6,1,284.29,195.0,20.25,33
7330,1958,3,1,136.11,200.0,18.79,33
7332,1960,3,1,194.95,240.0,26.91,33
7333,1963,3,1,104.86,285.0,9.62,33
7334,1910,3,1,68.38,285.0,9.65,33
7335,1999,6,1,620.63,285.0,9.72,33
7336,1998,6,1,219.11,285.0,9.68,33
7341,2001,18,1,2311.89,345.0,22.63,33
7342,1979,9,1,1035.3,75.0,24.82,33
7344,1976,3,1,144.29,165.0,10.3,33
7345,1974,6,1,134.72,165.0,10.28,33
7346,1959,3,1,113.2,165.0,10.27,33
7347,1979,3,1,136.63,165.0,10.26,33
7349,1931,3,1,102.48,165.0,10.25,33
7350,1980,3,1,94.89,165.0,10.23,33
7351,1978,3,1,135.09,165.0,10.22,33
7352,1934,3,1,90.06,165.0,10.21,33
7353,1947,6,1,113.62,165.0,10.2,33
7356,1940,6,1,123.69,165.0,10.12,33
7357,2001,6,1,281.74,165.0,10.1,33
7358,1943,3,1,203.87,165.0,37.7,33
7359,1928,9,1,113.63,165.0,79.12,33
7361,1991,3,1,130.5,165.0,79.15,33
7362,2009,6,1,339.99,165.0,10.16,33
7363,1975,6,1,240.84,300.0,40.35,33
7364,1980,6,1,130.18,345.0,9.54,33
7365,2016,9,1,98.96,345.0,9.58,33
7368,1974,3,1,178.3,345.0,9.6,33
7370,1930,6,1,141.82,340.0,9.64,33
7372,1989,6,1,135.38,345.0,9.64,33
7374,1982,3,1,124.7,345.0,9.65,33
7376,1996,3,1,102.86,345.0,9.67,33
7377,1955,3,1,96.71,345.0,9.69,33
7379,1931,3,1,116.74,345.0,9.71,33
7381,1960,3,1,142.31,345.0,9.73,33
7383,1965,3,1,145.35,345.0,9.75,33
7384,1945,3,1,65.91,345.0,9.79,33
7385,1960,3,1,74.88,75.0,28.66,33
7387,1960,3,1,90.53,75.0,26.97,33
7391,1945,12,1,136.57,75.0,30.62,33
7393,1945,3,1,119.59,75.0,30.54,33
7394,1945,3,1,129.99,75.0,29.84,33
7395,1975,9,1,136.21,75.0,31.68,33
7396,1991,3,1,135.04,75.0,32.85,33
7398,1935,6,1,104.48,75.0,34.25,33
7400,1963,6,1,207.32,165.0,10.53,33
7402,1975,6,1,339.53,165.0,10.4,33
7403,1950,3,1,149.59,165.0,10.39,33
7404,1950,3,1,150.95,165.0,10.39,33
7405,1993,3,1,98.34,165.0,10.38,33
7406,1975,3,1,100.91,165.0,10.37,33
7407,1982,9,1,159.29,165.0,10.4,33
7410,1970,15,1,245.82,165.0,10.44,33
7411,1965,15,1,145.74,165.0,10.41,33
7412,1975,15,1,156.54,165.0,10.38,33
7413,1965,15,1,149.58,165.0,10.35,33
7414,1965,18,1,165.96,250.0,10.82,33
7415,1965,18,1,305.48,250.0,10.76,33
7416,1994,6,1,431.19,250.0,10.5,33
7417,1980,6,1,124.53,345.0,9.56,33
7419,2006,12,1,202.26,75.0,26.27,33
7421,2007,12,1,322.84,75.0,26.99,33
7425,1981,15,1,323.65,295.0,36.79,33
7427,1959,3,1,83.28,75.0,11.93,33
7428,1957,3,1,95.0,75.0,11.92,33
7429,1992,6,1,114.8,75.0,11.91,33
7431,1961,6,1,122.02,75.0,11.9,33
7432,1957,6,1,110.27,75.0,11.9,33
7435,1986,9,1,73.58,75.0,11.89,33
7437,1957,6,1,112.83,75.0,11.88,33
7438,1957,3,1,109.3,75.0,11.88,33
7441,1965,3,1,152.51,75.0,11.86,33
7443,1961,3,1,121.55,75.0,11.86,33
7445,1957,3,1,74.73,75.0,11.85,33
7446,1957,6,1,147.57,75.0,11.83,33
7448,1967,12,1,279.06,165.0,11.49,33
7449,1981,21,1,499.08,250.0,24.65,33
7450,1982,15,1,319.11,250.0,24.59,33
7451,1999,9,1,168.94,345.0,9.94,33
7452,1943,3,1,240.4,345.0,13.61,33
7455,2024,18,1,,165.0,10.39,33
7457,1960,9,1,193.86,300.0,33.28,33
7458,2001,6,1,402.49,345.0,11.84,33
7459,1993,6,1,385.78,345.0,11.9,33
7461,1970,9,1,453.01,75.0,24.61,33
7462,1977,9,1,453.14,70.0,24.65,33
7464,1970,12,1,209.56,75.0,24.67,33
7465,1980,9,1,223.71,75.0,24.7,33
7466,1972,9,1,218.96,75.0,24.72,33
7467,1970,3,1,191.95,75.0,24.74,33
7468,1950,6,1,131.99,75.0,24.76,33
7470,1951,6,1,52.44,75.0,24.78,33
7471,1943,3,1,78.64,165.0,9.79,33
7473,1977,9,1,146.26,165.0,9.75,33
7474,1973,12,1,271.08,165.0,9.72,33
7477,1966,9,1,148.25,165.0,9.64,33
7478,1990,9,1,485.15,165.0,9.61,33
7479,1965,9,1,170.89,165.0,9.56,33
7480,1965,9,1,125.58,255.0,41.35,33
7481,1960,9,1,305.84,250.0,23.52,33
7482,1960,9,1,306.33,250.0,9.37,33
7483,1960,9,1,295.21,270.0,9.58,33
7484,1978,18,1,207.18,295.0,44.49,33
7486,1959,3,1,66.23,345.0,9.93,33
7487,1963,9,1,111.46,25.0,28.86,33
7488,1957,3,1,93.79,25.0,25.33,33
7490,1957,3,1,129.95,75.0,12.17,33
7492,1954,6,1,90.7,75.0,12.16,33
7494,1959,3,1,82.27,75.0,12.14,33
7496,1963,3,1,93.72,75.0,12.11,33
7499,1961,6,1,76.65,75.0,12.09,33
7501,2003,3,1,128.74,75.0,12.07,33
7503,1963,6,1,142.55,75.0,12.02,33
7504,1990,3,1,143.08,165.0,9.68,33
7506,1976,12,1,267.67,165.0,9.79,33
7507,1989,9,1,452.13,165.0,9.91,33
7509,1969,6,1,278.38,210.0,38.42,33
7510,1959,3,1,128.31,255.0,24.78,33
7512,1997,9,1,62.46,255.0,24.77,33
7514,1968,3,1,125.63,255.0,24.76,33
7515,1965,6,1,143.85,255.0,24.76,33
7517,1960,3,1,111.69,250.0,24.74,33
7518,1958,3,1,98.41,255.0,24.72,33
7521,1958,3,1,76.29,255.0,24.74,33
7522,1960,3,1,107.0,255.0,24.73,33
7524,1961,3,1,155.88,255.0,24.72,33
7525,1960,3,1,49.72,225.0,2.26,33
7526,1989,3,1,82.03,165.0,9.98,33
7527,1989,3,1,79.52,165.0,10.02,33
7528,1989,3,1,78.64,165.0,10.06,33
7529,1989,3,1,79.46,165.0,10.09,33
7532,2003,3,1,428.08,300.0,103.96,33
7534,1957,3,1,157.09,345.0,13.83,33
7536,1997,12,1,433.39,75.0,11.71,33
7537,1963,3,1,135.45,75.0,11.84,33
7538,2006,9,1,128.84,75.0,11.87,33
7540,1960,3,1,123.83,75.0,11.9,33
7541,1965,3,1,158.74,75.0,11.92,33
7542,1975,3,1,263.99,75.0,11.94,33
7544,1979,3,1,118.27,75.0,11.98,33
7545,1970,3,1,107.31,165.0,9.92,33
7546,1958,3,1,122.17,165.0,9.93,33
7547,1963,6,1,124.77,165.0,9.93,33
7548,2023,15,1,152.49,165.0,9.93,33
7549,1987,15,1,422.0,210.0,38.19,33
7550,1987,15,1,601.71,255.0,26.67,33
7553,1991,18,1,145.2,255.0,29.49,33
7554,1998,15,1,612.56,255.0,31.84,33
7556,1996,9,1,307.3,75.0,11.78,33
7557,2006,9,1,428.45,120.0,26.41,33
7563,1965,3,1,128.03,255.0,12.27,33
7569,1965,6,1,,165.0,13.62,33
7573,1965,3,1,,255.0,12.23,33
7583,1962,3,1,113.06,75.0,12.25,33
7599,1956,6,1,110.43,0.0,9.93,33
7601,2001,9,1,217.59,0.0,9.79,33
7603,1979,18,1,149.36,0.0,9.76,33
7604,2004,9,1,202.46,0.0,53.21,33
7606,1990,9,1,279.49,75.0,10.13,33
7607,1969,3,1,117.02,75.0,10.12,33
7608,1959,3,1,169.31,75.0,10.11,33
7610,1971,6,1,109.27,75.0,10.11,33
7614,1964,3,1,154.62,75.0,10.11,33
7619,1971,3,1,153.51,165.0,11.74,33
7621,1965,3,1,107.13,255.0,11.6,33
7624,1980,15,1,239.65,255.0,11.63,33
7626,1954,3,1,125.54,255.0,11.64,33
7628,1971,3,1,107.79,255.0,11.65,33
7635,2001,9,1,259.51,0.0,9.82,33
7636,2002,9,1,527.68,255.0,11.7,33
7637,2007,9,1,325.92,0.0,9.88,33
7638,1968,3,1,150.67,255.0,11.71,33
7639,1953,6,1,503.62,255.0,11.75,33
7642,1991,9,1,265.91,0.0,10.12,33
7643,1954,3,1,95.99,0.0,10.08,33
7644,1954,3,1,77.01,0.0,10.05,33
7645,1964,6,1,114.63,0.0,10.04,33
7646,2007,15,1,76.13,0.0,10.0,33
7649,1934,3,1,114.18,0.0,9.97,33
7651,1934,3,1,121.88,0.0,9.95,33
7653,1934,3,1,75.83,0.0,9.92,33
7654,2022,6,1,68.58,0.0,9.9,33
7656,2002,3,1,198.46,0.0,25.6,33
7657,2008,9,1,160.89,80.0,9.88,33
7658,1972,12,1,81.51,75.0,9.87,33
7659,1969,15,1,212.52,180.0,9.53,33
7660,1977,12,1,293.85,180.0,9.47,33
7661,2003,3,1,131.42,180.0,9.43,33
7662,1965,3,1,167.02,180.0,9.38,33
7664,1931,3,1,143.41,180.0,9.35,33
7665,1933,3,1,137.05,180.0,9.28,33
7667,1935,3,1,87.37,180.0,9.25,33
7668,1963,12,1,264.33,180.0,10.0,33
7669,1964,12,1,152.01,260.0,9.7,33
7670,1964,9,1,156.19,260.0,9.7,33
7671,1965,6,1,107.93,260.0,9.7,33
7673,2005,9,1,327.03,80.0,9.86,33
7674,1977,9,1,135.76,40.0,13.64,33
7675,1954,3,1,107.7,40.0,13.68,33
7676,2003,3,1,122.62,40.0,13.69,33
7678,1956,3,1,99.91,40.0,13.7,33
7679,1961,3,1,76.1,40.0,13.71,33
7680,1962,3,1,97.68,40.0,13.72,33
7682,2015,6,1,70.43,40.0,13.73,33
7684,2001,9,1,171.93,40.0,13.75,33
7685,1964,6,1,109.61,40.0,13.77,33
7688,1948,3,1,167.4,40.0,29.88,33
7690,1934,3,1,125.28,180.0,9.8,33
7693,1958,3,1,132.95,180.0,9.91,33
7695,1955,3,1,94.43,255.0,12.37,33
7696,1972,6,1,87.48,255.0,12.36,33
7698,1960,3,1,100.34,255.0,12.34,33
7699,1976,3,1,97.66,255.0,12.32,33
7700,1956,9,1,74.87,255.0,12.3,33
7701,2000,9,1,324.05,180.0,12.55,33
7703,2007,9,1,234.84,255.0,15.44,33
7704,2005,6,1,56.0,40.0,13.66,33
7705,2005,6,1,60.89,255.0,12.28,33
7707,1995,9,1,242.03,0.0,21.03,33
7708,1978,9,1,118.08,220.0,94.74,33
7710,1960,3,1,120.46,220.0,30.42,33
7711,1960,3,1,78.56,0.0,10.04,33
7713,1977,3,1,164.02,0.0,10.11,33
7714,1979,15,1,1653.71,0.0,10.26,33
7715,1974,15,1,372.28,80.0,26.02,33
7716,1974,15,1,325.0,80.0,9.7,33
7717,1974,15,1,511.01,80.0,9.7,33
7719,1964,6,1,275.28,80.0,23.14,33
7721,1963,3,1,100.18,80.0,12.66,33
7722,1968,3,1,97.69,80.0,9.73,33
7724,1972,9,1,109.7,80.0,9.75,33
7725,1972,12,1,269.38,190.0,16.99,33
7726,1964,12,1,101.08,220.0,13.72,33
7729,1964,3,1,235.52,220.0,13.7,33
7730,1997,9,1,102.04,220.0,13.68,33
7731,1978,15,1,184.35,220.0,13.67,33
7732,1945,3,1,117.92,220.0,13.65,33
7733,1977,9,1,389.85,220.0,22.97,33
7735,1994,12,1,332.32,220.0,20.15,33
7736,1965,3,1,110.22,220.0,13.84,33
7737,1955,3,1,87.22,220.0,13.8,33
7739,1990,3,1,131.31,220.0,13.74,33
7740,1994,9,1,270.23,310.0,23.72,33
7741,1961,3,1,88.48,0.0,10.14,33
7742,1960,6,1,211.64,0.0,10.15,33
7743,1973,6,1,121.89,0.0,10.15,33
7744,1960,3,1,124.92,0.0,10.16,33
7747,1971,9,1,199.63,0.0,10.17,33
7748,1986,9,1,234.44,180.0,9.95,33
7749,1954,3,1,97.55,0.0,29.38,33
7750,1979,12,1,159.05,80.0,9.63,33
7752,1970,3,1,88.97,80.0,34.06,33
7754,1981,3,1,82.12,180.0,9.88,33
7756,2016,9,1,80.9,180.0,9.91,33
7758,1936,3,1,102.31,180.0,10.0,33
7759,1935,3,1,95.2,180.0,10.03,33
7760,1968,3,1,138.68,180.0,10.07,33
7762,1993,9,1,257.62,180.0,14.91,33
7765,2016,9,1,77.57,180.0,9.89,33
7767,2022,15,1,383.32,0.0,10.12,33
7769,1972,12,1,302.82,300.0,53.05,33
7770,1962,3,1,132.94,50.0,10.17,33
7771,1965,3,1,84.82,50.0,10.15,33
7773,1965,3,1,96.1,50.0,10.14,33
7774,1957,3,1,96.87,50.0,10.12,33
7776,1957,3,1,111.15,50.0,10.11,33
7778,1957,3,1,81.18,50.0,10.1,33
7780,1996,12,1,121.31,50.0,10.07,33
7781,2003,9,1,92.39,50.0,10.05,33
7782,1950,3,1,103.31,50.0,10.03,33
7783,1950,3,1,127.34,115.0,31.16,33
7785,1967,6,1,131.51,180.0,10.15,33
7788,1960,3,1,81.01,180.0,10.13,33
7789,1957,3,1,93.06,180.0,10.12,33
7790,1975,6,1,84.45,180.0,10.11,33
7791,1967,6,1,146.06,260.0,53.95,33
7792,1996,12,1,65.47,260.0,9.86,33
7794,1960,3,1,135.41,260.0,9.8,33
7795,1960,3,1,101.27,260.0,9.72,33
7796,1960,3,1,116.89,260.0,9.65,33
7797,1963,3,1,80.92,260.0,9.56,33
7798,2004,3,1,347.36,50.0,10.21,33
7800,1960,6,1,36.83,260.0,51.52,33
7802,1960,3,1,81.73,35.0,7.82,33
7804,1960,3,1,78.06,270.0,34.55,33
7805,1970,3,1,91.78,260.0,21.47,33
7806,1971,3,1,116.56,210.0,11.94,33
7807,2002,6,1,125.97,210.0,11.95,33
7809,2006,9,1,178.84,210.0,11.96,33
7810,1960,6,1,105.14,210.0,11.97,33
7812,1960,3,1,104.08,210.0,11.98,33
7813,1960,3,1,116.25,210.0,11.99,33
7815,1939,3,1,114.53,210.0,12.0,33
7817,1960,3,1,110.38,210.0,12.01,33
7818,1960,3,1,108.96,210.0,12.01,33
7819,1960,3,1,102.94,210.0,14.69,33
7821,1960,3,1,178.89,35.0,10.2,33
7822,1960,3,1,92.81,35.0,10.5,33
7824,1960,3,1,83.46,35.0,31.68,33
7825,1955,3,1,75.42,35.0,28.36,33
7826,1960,3,1,74.14,35.0,23.27,33
7828,1971,12,1,70.83,30.0,21.37,33
7829,1960,3,1,99.86,35.0,11.96,33
7831,1962,3,1,85.72,35.0,11.98,33
7832,1950,3,1,150.69,30.0,11.96,33
7834,1981,6,1,154.55,30.0,11.93,33
7835,1970,3,1,157.54,30.0,11.92,33
7836,1970,12,1,115.94,30.0,11.9,33
7838,1960,3,1,96.15,30.0,11.89,33
7839,1960,3,1,92.6,30.0,11.87,33
7841,1985,6,1,99.08,30.0,11.84,33
7843,1992,3,1,74.59,30.0,11.82,33
7844,1960,3,1,89.88,30.0,11.81,33
7845,1960,3,1,112.93,30.0,11.79,33
7846,1960,6,1,180.66,120.0,48.41,33
7848,2005,12,1,132.54,120.0,47.8,33
7849,1995,6,1,94.27,155.0,45.35,33
7851,1960,3,1,59.19,155.0,47.13,33
7853,1961,3,1,51.78,155.0,56.58,33
7854,1960,3,1,89.8,215.0,8.0,33
7856,1960,3,1,127.83,210.0,7.99,33
7857,1993,3,1,132.05,210.0,7.98,33
7858,1960,3,1,74.46,215.0,7.96,33
7860,1950,3,1,105.31,210.0,7.95,33
7862,1960,3,1,99.84,215.0,7.94,33
7863,1960,3,1,83.8,215.0,7.94,33
7864,2005,3,1,72.07,210.0,7.93,33
7866,1960,3,1,79.83,215.0,7.91,33
7867,1960,3,1,125.6,215.0,7.9,33
7868,1993,3,1,87.17,215.0,7.88,33
7869,1973,3,1,134.63,215.0,7.85,33
7870,2003,3,1,112.51,210.0,7.85,33
7871,1960,3,1,147.34,210.0,7.82,33
7872,1960,9,1,145.02,215.0,7.81,33
7874,1960,6,1,146.07,215.0,44.16,33
7875,1960,3,1,79.25,125.0,2.35,33
7877,1960,6,1,164.24,260.0,12.97,33
7879,1996,6,1,171.75,300.0,8.5,33
7880,1960,3,1,59.4,340.0,3.79,33
7881,1960,3,1,61.27,30.0,1.8,33
7882,1960,3,1,37.38,120.0,4.21,33
7883,1960,3,1,68.93,35.0,1.84,33
7884,1960,3,1,49.65,125.0,2.32,33
7886,2003,12,1,296.13,155.0,51.67,33
7887,1955,3,1,67.51,40.0,59.6,33
7888,1955,3,1,87.55,35.0,8.36,33
7890,1955,3,1,60.93,35.0,8.32,33
7891,1955,6,1,82.37,30.0,8.32,33
7893,1960,3,1,94.02,35.0,8.32,33
7895,1955,3,1,112.65,30.0,8.32,33
7897,1960,9,1,79.28,30.0,8.31,33
7899,1955,6,1,80.74,30.0,8.31,33
7901,1955,3,1,84.16,30.0,8.31,33
7903,1955,3,1,57.49,30.0,8.3,33
7904,1955,3,1,55.74,120.0,31.66,33
7905,1955,3,1,58.98,120.0,9.89,33
7906,1955,3,1,68.59,120.0,9.9,33
7907,1955,3,1,60.64,210.0,11.31,33
7908,1955,3,1,59.23,210.0,11.32,33
7909,1955,3,1,81.74,215.0,11.34,33
7911,1955,3,1,60.67,210.0,11.33,33
7912,1960,6,1,88.84,210.0,11.34,33
7914,1955,3,1,92.93,210.0,11.36,33
7916,1955,6,1,83.31,210.0,11.37,33
7918,1970,3,1,64.75,210.0,11.37,33
7919,1955,3,1,67.44,210.0,11.38,33
7920,1955,3,1,90.64,210.0,11.39,33
7922,1955,3,1,88.55,300.0,15.33,33
7925,1974,18,1,3301.51,120.0,0.0,33
7932,1960,3,1,161.62,160.0,26.29,33
7934,1969,6,1,345.76,165.0,3.66,33
7938,2005,6,1,152.91,95.0,16.63,33
7940,1972,3,1,151.28,155.0,4.81,33
7944,1983,6,1,222.14,155.0,4.9,33
7947,1989,3,1,234.63,155.0,4.52,33
7951,1980,6,1,220.07,245.0,55.68,33
7954,2009,3,1,103.81,185.0,16.42,33
7956,1970,6,1,107.84,70.0,38.13,33
7958,1977,9,1,112.67,5.0,7.24,33
7960,1998,3,1,172.62,165.0,8.3,33
7963,1968,15,1,564.04,165.0,20.26,33
7967,1980,3,1,117.9,275.0,7.61,33
7968,2004,3,1,100.72,275.0,6.03,33
7970,2003,3,1,115.48,275.0,6.03,33
7973,1980,3,1,191.65,275.0,6.64,33
7974,1999,6,1,73.24,145.0,35.33,33
7976,1985,6,1,122.2,90.0,6.12,33
7979,2006,6,1,208.01,70.0,9.16,33
7980,1981,3,1,163.55,210.0,inf,33
7984,1979,3,1,147.88,234.99999999999991,inf,33
7986,1983,6,1,352.42,275.0,45.23,33
7989,2006,3,1,130.99,270.0,21.4,33
7991,1960,3,1,192.95,320.0,7.09,33
7993,1980,3,1,54.31,350.0,3.99,33
7994,1968,6,1,162.27,310.0,15.3,33
7995,1990,6,1,509.91,240.0,11.05,33
7999,1994,3,1,59.09,335.0,3.93,33
8001,2012,6,1,111.01,200.0,7.74,33
8004,1978,3,1,105.93,155.0,12.29,33
8008,1979,6,1,271.31,340.0,11.86,33
8012,1950,3,1,219.1,230.0,104.04,33
8013,1960,3,1,81.39,355.0,51.35,33
8014,1960,6,1,158.63,75.0,43.91,33
8017,1970,3,1,398.12,295.0,33.81,33
8019,1987,9,1,218.83,95.0,11.96,33
8021,1983,6,1,326.12,95.0,11.85,33
8025,1981,3,1,168.19,135.0,23.14,33
8028,2000,6,1,701.5,100.0,11.8,33
8029,2005,6,1,222.01,100.0,13.9,33
8030,2005,6,1,401.43,100.0,14.06,33
8031,2009,12,1,592.48,280.0,0.0,33
8032,2006,9,1,687.67,130.0,26.94,33
8037,1949,3,1,87.36,345.0,79.15,33
8038,1973,6,1,100.71,345.0,79.12,33
8040,2001,6,1,137.88,40.0,33.97,33
8042,1975,3,1,152.94,160.0,40.92,33
8044,1930,3,1,151.08,165.0,20.45,33
8045,1978,6,1,361.32,165.0,20.08,33
8046,1945,3,1,50.84,250.0,9.93,33
8047,1976,3,1,125.12,160.0,35.69,33
8049,1970,3,1,146.27,155.0,40.52,33
8054,1968,3,1,224.34,255.0,43.54,33
8056,1930,3,1,93.0,345.0,10.08,33
8057,1930,3,1,94.61,345.0,10.1,33
8058,2005,3,1,112.14,345.0,10.11,33
8059,1920,3,1,112.22,345.0,10.13,33
8061,1939,3,1,102.07,345.0,10.14,33
8062,1952,3,1,117.98,345.0,10.15,33
8063,1952,3,1,134.13,345.0,10.16,33
8065,1950,3,1,103.96,345.0,10.18,33
8066,1960,3,1,135.22,345.0,10.19,33
8068,1957,6,1,87.97,345.0,10.2,33
8069,1972,3,1,116.78,345.0,10.21,33
8070,1980,9,1,169.75,345.0,10.23,33
8071,1979,3,1,137.67,345.0,10.25,33
8073,1950,3,1,80.35,345.0,10.26,33
8075,1950,3,1,120.87,345.0,10.27,33
8077,1949,3,1,191.94,345.0,10.3,33
8080,1945,3,1,27.32,75.0,25.11,33
8083,1947,3,1,86.41,70.0,25.07,33
8086,1930,3,1,77.14,165.0,8.58,33
8087,1945,3,1,133.09,165.0,inf,33
8089,1970,3,1,123.53,165.0,inf,33
8091,1932,3,1,135.32,165.0,63.08,33
8093,1932,3,1,130.3,165.0,59.17,33
8097,1978,21,1,228.08,345.0,9.74,33
8098,1920,3,1,137.01,345.0,9.7,33
8099,2022,6,1,84.85,345.0,9.68,33
8102,1973,3,1,138.59,345.0,9.67,33
8104,1987,3,1,80.48,345.0,9.65,33
8105,2024,6,1,51.48,345.0,9.64,33
8107,1965,15,1,157.2,75.0,11.75,33
8109,1980,3,1,111.47,75.0,11.77,33
8111,1965,3,1,111.47,75.0,11.78,33
8112,1999,9,1,290.61,75.0,11.81,33
8114,1952,3,1,128.0,75.0,11.84,33
8115,1964,3,1,107.28,75.0,11.88,33
8116,1930,3,1,89.65,75.0,11.9,33
8117,1921,3,1,78.64,75.0,11.93,33
8118,1980,15,1,253.51,75.0,11.98,33
8119,1968,3,1,125.75,165.0,9.94,33
8121,1983,3,1,260.22,165.0,9.95,33
8122,1960,3,1,178.22,165.0,9.97,33
8124,2008,9,1,59.33,165.0,9.98,33
8125,1920,3,1,141.77,165.0,9.99,33
8126,1960,3,1,126.79,165.0,10.0,33
8129,1922,3,1,27.6,165.0,10.0,33
8130,2017,6,1,73.91,165.0,10.01,33
8132,1955,3,1,130.63,165.0,10.02,33
8133,1986,3,1,91.64,165.0,10.04,33
8135,1920,3,1,127.59,255.0,25.08,33
8137,2002,15,1,115.98,250.0,25.03,33
8138,1920,3,1,116.87,255.0,24.89,33
8140,1973,3,1,113.87,255.0,24.87,33
8141,1958,3,1,115.92,255.0,24.84,33
8142,1940,3,1,131.61,255.0,24.78,33
8144,1940,3,1,143.32,250.0,24.84,33
8147,2008,18,1,135.47,255.0,24.05,33
8148,1975,21,1,512.33,345.0,16.23,33
8149,1960,15,1,126.45,345.0,9.86,33
8150,1965,3,1,135.15,345.0,10.27,33
8151,1973,15,1,229.44,345.0,29.28,33
8152,1928,3,1,67.56,345.0,9.51,33
8154,1960,3,1,216.32,75.0,12.37,33
8156,1929,6,1,124.12,75.0,12.33,33
8158,1970,9,1,114.78,75.0,12.32,33
8160,2008,9,1,84.11,75.0,12.3,33
8161,1973,6,1,144.1,75.0,12.28,33
8164,1930,3,1,120.03,75.0,12.27,33
8166,1966,9,1,145.16,75.0,12.26,33
8167,1920,3,1,86.71,75.0,12.24,33
8168,2005,18,1,74.0,75.0,12.23,33
8170,1924,3,1,144.29,75.0,12.21,33
8172,1960,9,1,88.47,75.0,12.18,33
8174,1970,3,1,107.53,75.0,12.17,33
8176,1970,9,1,99.37,75.0,12.15,33
8178,1924,3,1,218.36,75.0,12.13,33
8180,2005,9,1,122.78,165.0,9.63,33
8181,2001,3,1,67.8,165.0,9.65,33
8183,1914,3,1,97.09,165.0,9.68,33
8184,1970,6,1,100.28,165.0,9.71,33
8186,2000,6,1,209.42,165.0,9.73,33
8187,1930,3,1,106.88,165.0,9.74,33
8188,1970,3,1,144.09,165.0,9.76,33
8191,1994,12,1,196.1,255.0,24.77,33
8193,1999,15,1,255.56,255.0,24.8,33
8194,1990,3,1,64.43,345.0,9.57,33
8195,1990,3,1,40.56,75.0,0.0,33
8196,1990,3,1,194.86,345.0,9.53,33
8197,1973,21,1,286.2,255.0,27.33,33
8198,1963,3,1,77.8,0.0,10.14,33
8199,1961,3,1,114.35,345.0,9.75,33
8200,1952,3,1,83.92,345.0,11.88,33
8202,1963,3,1,90.94,75.0,12.04,33
8203,1965,9,1,203.02,75.0,12.05,33
8205,1940,3,1,150.14,75.0,12.17,33
8206,1949,3,1,180.88,75.0,12.18,33
8207,1967,3,1,47.41,255.0,3.22,33
8208,1962,3,1,199.0,165.0,9.53,33
8210,1988,9,1,222.77,165.0,9.57,33
8212,1958,3,1,129.56,165.0,9.6,33
8214,1971,15,1,273.97,165.0,9.83,33
8215,1972,24,1,597.56,165.0,43.57,33
8216,2002,3,1,99.21,75.0,12.2,33
8217,2001,9,1,398.55,75.0,12.25,33
8218,1957,3,1,137.81,255.0,11.92,33
8219,1960,3,1,140.44,255.0,11.9,33
8220,1958,6,1,128.65,345.0,9.94,33
8221,1922,3,1,110.17,345.0,9.97,33
8222,1960,3,1,126.83,345.0,10.02,33
8224,1961,3,1,127.4,345.0,10.06,33
8226,1973,3,1,115.51,345.0,10.09,33
8227,1961,3,1,196.4,345.0,10.15,33
8229,1973,3,1,216.34,345.0,10.19,33
8230,1958,6,1,179.2,345.0,10.27,33
8231,1926,3,1,196.4,345.0,10.31,33
8232,1957,3,1,192.87,345.0,10.38,33
8233,1961,3,1,140.8,75.0,10.01,33
8234,1966,3,1,133.23,75.0,10.04,33
8235,1993,9,1,197.5,75.0,10.07,33
8236,1978,15,1,190.18,75.0,10.12,33
8237,1978,9,1,129.57,75.0,10.17,33
8239,1986,6,1,127.39,75.0,10.24,33
8240,1972,3,1,89.95,165.0,9.93,33
8242,1959,3,1,121.18,165.0,9.91,33
8243,1961,3,1,109.25,165.0,9.9,33
8245,1963,3,1,98.28,165.0,9.84,33
8246,1961,3,1,153.65,165.0,9.82,33
8247,1961,3,1,194.59,165.0,9.8,33
8249,1957,6,1,107.49,165.0,9.77,33
8250,1975,15,1,160.19,255.0,11.85,33
8251,2003,6,1,107.01,255.0,11.87,33
8253,1961,3,1,122.91,255.0,11.88,33
8255,1995,12,1,87.91,255.0,11.88,33
8256,1969,12,1,126.82,255.0,11.89,33
8258,2010,12,1,110.41,255.0,11.9,33
8260,1989,3,1,133.68,75.0,10.3,33
8261,2008,9,1,227.02,165.0,9.87,33
8262,1999,9,1,264.8,75.0,10.05,33
8263,1993,9,1,141.82,165.0,10.39,33
8264,1968,3,1,144.81,165.0,10.34,33
8266,1963,3,1,79.61,165.0,10.3,33
8267,1973,3,1,104.23,165.0,10.26,33
8268,2002,6,1,88.19,165.0,10.22,33
8270,1968,3,1,100.76,165.0,10.19,33
8271,1970,3,1,133.12,165.0,10.14,33
8273,2007,9,1,92.38,165.0,10.1,33
8274,1953,3,1,93.64,165.0,10.04,33
8276,1990,6,1,94.14,165.0,9.97,33
8278,1965,3,1,237.18,255.0,12.0,33
8279,2024,15,1,3363.81,300.0,25.61,33
8281,1975,3,1,112.51,345.0,13.73,33
8283,1964,3,1,210.68,345.0,13.76,33
8284,1950,6,1,222.38,345.0,13.82,33
8286,1989,3,1,64.79,345.0,13.86,33
8287,1962,3,1,122.57,345.0,13.89,33
8289,1950,3,1,126.34,345.0,13.92,33
8290,1962,9,1,135.71,340.0,13.94,33
8291,2019,9,1,74.49,165.0,9.16,33
8293,1964,6,1,215.96,165.0,9.09,33
8294,1989,3,1,55.49,165.0,9.14,33
8295,1981,9,1,118.59,75.0,9.92,33
8297,1945,6,1,125.48,165.0,9.17,33
8299,2006,9,1,446.09,345.0,13.66,33
8300,1936,3,1,174.53,255.0,9.71,33
8303,1975,12,1,252.92,300.0,28.35,33
8305,1966,9,1,137.12,345.0,13.81,33
8306,1952,3,1,123.04,345.0,13.72,33
8307,1979,3,1,156.39,345.0,13.61,33
8309,1965,9,1,99.41,345.0,13.55,33
8311,1971,9,1,158.91,345.0,13.46,33
8314,1964,3,1,243.43,30.0,28.11,33
8316,1975,12,1,133.56,75.0,9.74,33
8317,1971,6,1,109.8,75.0,9.72,33
8318,1957,3,1,137.57,75.0,9.71,33
8319,1955,12,1,154.33,75.0,47.73,33
8320,1984,3,1,141.95,75.0,9.62,33
8321,1961,9,1,132.81,75.0,9.59,33
8323,1971,9,1,166.71,75.0,9.57,33
8324,1970,15,1,331.01,75.0,9.52,33
8325,1974,9,1,210.36,120.0,24.04,33
8326,1960,3,1,131.34,165.0,9.73,33
8327,1970,12,1,148.64,180.0,10.13,33
8328,1982,15,1,148.53,165.0,9.74,33
8329,1975,15,1,165.49,165.0,9.74,33
8331,1972,15,1,222.49,210.0,25.53,33
8332,1978,12,1,339.45,255.0,12.0,33
8333,1976,3,1,176.11,255.0,11.96,33
8335,1976,9,1,172.94,255.0,11.94,33
8337,1977,3,1,169.63,75.0,1.82,33
8339,1957,3,1,99.74,255.0,11.9,33
8340,1973,12,1,182.04,255.0,11.87,33
8341,1955,6,1,127.59,255.0,11.84,33
8343,1939,3,1,130.39,65.0,1.16,33
8344,1949,3,1,75.77,255.0,11.8,33
8345,1950,3,1,130.79,255.0,11.78,33
8346,1976,9,1,68.57,255.0,11.75,33
8348,1935,3,1,146.62,255.0,11.73,33
8349,1962,3,1,96.2,65.0,0.87,33
8350,1940,3,1,76.4,65.0,0.98,33
8351,2006,9,1,215.7,345.0,11.94,33
8352,1995,9,1,806.98,345.0,11.92,33
8354,2000,9,1,274.6,345.0,11.92,33
8355,1963,3,1,144.1,75.0,10.08,33
8357,1957,3,1,136.19,75.0,10.05,33
8358,1966,3,1,134.4,75.0,10.04,33
8359,1957,3,1,145.21,75.0,10.02,33
8360,1958,9,1,164.91,75.0,10.01,33
8362,1971,12,1,190.37,75.0,9.99,33
8363,1960,6,1,191.84,75.0,9.99,33
8364,1961,3,1,144.92,75.0,9.99,33
8365,1962,3,1,195.7,75.0,9.99,33
8367,1963,12,1,450.49,75.0,10.0,33
8368,1968,15,1,356.08,75.0,10.0,33
8369,1968,15,1,370.27,75.0,10.01,33
8370,1968,15,1,546.79,75.0,10.02,33
8371,1968,21,1,381.53,160.0,14.0,33
8372,1950,6,1,136.32,160.0,13.8,33
8373,1950,6,1,137.44,160.0,13.73,33
8374,1988,3,1,91.14,160.0,13.68,33
8376,2014,15,1,137.74,255.0,9.66,33
8378,1936,3,1,131.0,255.0,9.68,33
8379,1969,3,1,156.69,255.0,9.7,33
8381,1962,3,1,152.11,255.0,9.72,33
8382,1969,3,1,148.74,255.0,9.73,33
8383,1970,3,1,323.18,255.0,9.75,33
8385,1986,9,1,116.83,255.0,9.77,33
8387,1960,3,1,175.0,255.0,9.79,33
8388,1990,9,1,264.22,255.0,9.8,33
8389,1982,3,1,147.26,255.0,9.83,33
8390,1991,6,1,144.0,255.0,9.86,33
8392,2007,9,1,394.31,75.0,21.11,33
8393,2007,9,1,491.42,160.0,13.62,33
8395,1966,3,1,223.06,220.0,12.99,33
8397,1961,3,1,74.22,0.0,19.08,33
8398,1930,3,1,77.61,40.0,20.85,33
8399,1957,6,1,104.43,40.0,29.25,33
8400,1971,21,1,108.23,40.0,15.1,33
8402,1946,6,1,131.79,40.0,13.91,33
8405,1956,3,1,145.02,40.0,13.74,33
8407,1965,12,1,700.3,40.0,13.4,33
8408,1979,15,1,178.88,40.0,13.08,33
8409,1950,6,1,186.13,40.0,12.25,33
8410,1950,6,1,189.84,40.0,22.81,33
8411,1950,9,1,192.07,40.0,15.08,33
8412,1982,12,1,503.47,165.0,11.92,33
8413,1989,9,1,489.03,165.0,11.94,33
8415,1978,18,1,194.47,255.0,10.11,33
8416,1982,6,1,113.74,255.0,10.11,33
8417,1971,6,1,104.13,40.0,26.18,33
8418,1931,3,1,36.89,255.0,10.12,33
8419,2000,9,1,282.55,0.0,32.84,33
8420,1962,3,1,136.37,0.0,31.92,33
8421,1960,3,1,72.44,0.0,11.3,33
8423,1950,3,1,116.09,0.0,9.86,33
8425,1960,3,1,119.38,0.0,9.84,33
8427,1995,9,1,116.09,0.0,9.83,33
8430,1956,3,1,209.74,0.0,9.8,33
8432,1976,3,1,131.99,255.0,9.87,33
8435,1961,6,1,80.39,260.0,9.86,33
8438,1998,9,1,351.51,260.0,9.87,33
8439,1997,9,1,486.03,65.0,9.93,33
8441,1997,9,1,301.62,180.0,9.89,33
8442,1998,12,1,658.59,180.0,9.81,33
8443,2007,9,1,280.34,260.0,21.9,33
8444,1990,9,1,243.28,260.0,15.56,33
8445,1933,3,1,141.37,0.0,9.21,33
8446,1956,3,1,113.48,5.0,9.22,33
8447,1935,3,1,144.85,0.0,9.25,33
8448,2018,9,1,100.81,0.0,9.28,33
8450,2005,9,1,138.09,0.0,9.34,33
8451,1970,9,1,150.18,5.0,9.43,33
8453,1987,9,1,166.33,0.0,9.43,33
8455,1942,9,1,136.98,0.0,4.74,33
8457,1977,3,1,238.51,0.0,9.52,33
8459,1994,3,1,149.65,0.0,9.55,33
8460,1991,3,1,115.81,0.0,9.65,33
8461,1963,3,1,122.72,80.0,9.91,33
8462,1962,3,1,99.05,80.0,9.47,33
8467,1963,6,1,198.42,180.0,10.02,33
8468,2008,9,1,177.7,185.0,10.13,33
8469,1960,3,1,129.64,180.0,10.15,33
8470,1952,6,1,194.15,180.0,10.23,33
8471,2024,6,1,94.17,180.0,10.99,33
8474,2003,9,1,191.19,180.0,27.38,33
8476,1945,3,1,116.44,180.0,25.27,33
8479,1950,6,1,98.22,220.0,28.11,33
8482,1980,3,1,36.62,220.0,24.3,33
8484,1977,9,1,149.7,220.0,30.48,33
8486,1970,18,1,335.92,45.0,10.15,33
8487,1959,3,1,130.0,40.0,9.82,33
8488,1946,3,1,201.34,270.0,4.36,33
8489,1968,3,1,88.93,40.0,9.99,33
8490,1983,12,1,208.43,35.0,9.97,33
8491,1970,3,1,176.48,25.0,10.03,33
8492,1941,3,1,173.3,20.0,10.16,33
8493,1991,3,1,153.3,15.0,10.15,33
8494,1978,6,1,136.51,15.0,10.09,33
8495,2002,9,1,290.49,20.0,43.51,33
8496,1925,3,1,177.69,90.0,9.97,33
8499,1979,9,1,237.51,90.0,9.96,33
8502,1929,3,1,285.5,250.0,37.22,33
8504,1975,18,1,355.64,180.0,11.79,33
8505,1998,9,1,736.52,260.0,47.73,33
8506,1966,15,1,259.93,260.0,9.66,33
8507,1974,3,1,160.71,255.0,9.62,33
8508,1986,6,1,121.99,260.0,9.57,33
8510,1962,3,1,158.57,260.0,9.87,33
8511,1960,3,1,168.21,310.0,49.38,33
8514,1962,3,1,85.34,95.0,0.0,33
8518,1960,12,1,103.91,310.0,10.0,33
8519,1965,6,1,217.63,315.0,9.95,33
8520,2000,9,1,167.07,180.0,9.85,33
8521,1956,3,1,171.27,180.0,9.83,33
8522,2017,3,1,148.89,90.0,9.95,33
8524,1935,3,1,143.2,270.0,20.05,33
8525,1953,3,1,90.31,320.0,62.65,33
8526,1966,6,1,94.04,320.0,60.22,33
8527,1951,3,1,56.89,320.0,77.52,33
8528,1935,3,1,81.37,320.0,46.16,33
8529,1965,3,1,85.97,320.0,43.31,33
8530,1955,3,1,81.78,50.0,9.66,33
8531,2002,3,1,81.77,50.0,9.65,33
8533,1994,9,1,235.66,50.0,9.65,33
8534,1954,3,1,82.97,50.0,9.64,33
8536,1939,3,1,76.02,50.0,9.64,33
8537,2002,9,1,125.69,50.0,9.63,33
8538,1952,3,1,157.21,50.0,9.62,33
8539,1954,9,1,116.03,50.0,9.61,33
8541,1965,6,1,122.11,50.0,9.63,33
8543,1966,12,1,364.23,50.0,22.23,33
8544,1964,6,1,102.59,50.0,23.36,33
8546,1934,3,1,96.76,50.0,19.38,33
8547,1950,3,1,146.47,90.0,63.64,33
8548,1978,3,1,122.4,90.0,9.87,33
8549,1973,3,1,108.17,90.0,9.89,33
8550,1940,12,1,308.95,90.0,9.91,33
8552,1935,3,1,133.54,90.0,9.92,33
8554,1950,3,1,136.21,90.0,9.94,33
8555,1957,6,1,207.91,90.0,9.96,33
8556,1986,3,1,112.07,90.0,10.03,33
8557,1961,3,1,109.61,165.0,22.81,33
8559,1964,3,1,103.86,230.0,49.7,33
8561,1996,6,1,86.33,230.0,24.91,33
8562,1934,3,1,99.64,230.0,9.86,33
8564,1962,3,1,115.5,225.0,9.86,33
8565,1969,3,1,173.03,225.0,9.82,33
8567,1962,3,1,102.74,225.0,9.77,33
8569,1958,3,1,171.44,225.0,9.71,33
8571,1974,6,1,118.06,225.0,9.67,33
8573,1961,9,1,156.29,225.0,9.67,33
8577,1997,9,1,214.17,225.0,9.72,33
8580,1954,6,1,71.86,225.0,9.67,33
8582,1952,3,1,109.17,225.0,9.64,33
8583,1953,3,1,104.84,225.0,9.61,33
8585,2000,12,1,171.04,320.0,58.42,33
8586,2002,12,1,556.63,230.0,10.05,33
8588,2005,9,1,334.23,50.0,9.62,33
8589,2007,12,1,260.17,320.0,49.78,33
8590,1997,12,1,600.95,335.0,68.14,33
8591,2011,18,1,108.38,45.0,11.27,33
8593,1949,6,1,131.3,45.0,9.61,33
8595,1985,12,1,132.09,45.0,9.63,33
8596,1985,3,1,87.98,45.0,9.68,33
8598,1970,3,1,136.3,45.0,9.71,33
8599,1995,6,1,105.11,45.0,9.73,33
8601,1954,3,1,123.37,45.0,9.77,33
8602,1963,3,1,138.39,45.0,9.75,33
8604,1970,12,1,277.54,45.0,9.71,33
8605,1983,3,1,151.62,45.0,9.68,33
8606,1955,3,1,86.49,135.0,9.87,33
8607,1960,6,1,139.62,135.0,11.55,33
8608,1960,9,1,103.39,130.0,9.88,33
8609,1969,3,1,348.38,135.0,9.92,33
8611,1960,3,1,377.01,135.0,9.95,33
8612,1950,3,1,94.67,135.0,9.99,33
8613,1958,3,1,116.29,135.0,10.01,33
8614,2018,6,1,85.42,135.0,10.02,33
8616,1960,3,1,116.53,135.0,10.04,33
8617,1972,3,1,85.51,180.0,49.2,33
8618,1935,3,1,119.25,180.0,28.98,33
8619,1961,3,1,86.44,230.0,10.03,33
8621,1928,3,1,169.96,230.0,10.06,33
8622,1952,3,1,98.55,230.0,10.07,33
8623,2003,9,1,79.18,230.0,10.13,33
8625,1998,3,1,136.54,230.0,10.14,33
8626,2006,9,1,74.89,230.0,10.15,33
8628,1970,15,1,115.3,230.0,10.19,33
8629,1990,3,1,120.65,230.0,10.21,33
8630,1994,3,1,125.67,230.0,10.22,33
8631,2005,6,1,143.0,250.0,12.77,33
8633,1952,3,1,77.88,35.0,8.35,33
8634,2023,6,1,106.54,35.0,8.6,33
8637,1940,3,1,42.82,250.0,27.37,33
8638,1960,6,1,140.29,25.0,8.77,33
8639,1960,9,1,84.76,30.0,8.62,33
8640,1970,9,1,83.76,30.0,8.57,33
8642,1960,6,1,108.74,30.0,8.5,33
8643,1965,12,1,244.33,30.0,8.42,33
8644,2001,3,1,81.74,30.0,8.3,33
8645,1960,12,1,105.95,30.0,8.21,33
8646,1960,9,1,108.03,30.0,8.14,33
8647,1960,12,1,110.84,30.0,8.07,33
8648,1994,9,1,125.48,30.0,7.99,33
8652,1960,3,1,75.4,35.0,8.01,33
8653,1970,3,1,73.5,35.0,8.15,33
8655,1960,15,1,360.53,145.0,39.89,33
8656,1960,3,1,134.15,145.0,39.91,33
8657,1970,6,1,154.6,145.0,39.92,33
8658,1965,3,1,127.82,210.0,11.74,33
8659,1960,12,1,137.36,210.0,11.77,33
8660,1960,12,1,226.02,210.0,11.79,33
8661,1965,9,1,123.49,210.0,11.83,33
8662,1960,12,1,254.91,210.0,11.86,33
8663,1947,12,1,132.07,210.0,11.88,33
8664,1960,6,1,94.7,210.0,11.9,33
8665,1960,12,1,96.59,210.0,11.92,33
8666,1960,12,1,123.81,215.0,11.96,33
8667,1960,3,1,123.72,210.0,11.97,33
8669,1996,12,1,132.33,215.0,11.98,33
8670,1955,15,1,202.94,210.0,11.94,33
8671,1960,3,1,84.11,250.0,17.53,33
8672,1955,3,1,71.9,300.0,9.89,33
8673,1955,3,1,52.72,35.0,8.12,33
8674,1955,3,1,58.25,35.0,8.14,33
8675,1955,3,1,81.88,35.0,8.17,33
8677,1955,3,1,67.88,35.0,8.2,33
8678,1955,3,1,63.95,35.0,8.23,33
8679,1955,3,1,80.66,35.0,8.26,33
8680,1955,3,1,49.67,35.0,8.28,33
8681,1955,3,1,70.17,65.0,87.74,33
8683,1955,3,1,88.07,90.0,24.7,33
8685,1955,3,1,68.51,85.0,26.68,33
8687,1955,3,1,112.87,90.0,23.33,33
8688,1955,6,1,41.99,210.0,11.34,33
8689,1955,6,1,46.0,210.0,11.34,33
8690,1955,3,1,92.22,210.0,11.34,33
8691,1955,3,1,58.67,210.0,11.34,33
8692,1955,3,1,92.78,210.0,11.35,33
8694,1955,3,1,88.69,210.0,11.34,33
8696,1955,3,1,86.78,210.0,11.35,33
8698,1955,3,1,56.02,210.0,11.35,33
8699,1976,3,1,53.17,210.0,11.35,33
8701,1976,3,1,69.18,295.0,128.18,33
8703,1955,3,1,78.56,300.0,9.9,33
8704,1955,3,1,61.53,300.0,9.9,33
8706,1960,21,1,230.76,255.0,52.54,33
8707,1960,3,1,94.01,255.0,12.06,33
8708,1957,3,1,107.61,255.0,12.14,33
8709,1960,6,1,183.27,30.0,11.36,33
8711,1960,3,1,55.68,30.0,11.35,33
8712,1960,3,1,66.53,30.0,11.34,33
8714,1960,3,1,78.07,30.0,11.33,33
8715,1952,3,1,95.29,30.0,11.32,33
8716,1960,3,1,61.36,30.0,11.32,33
8718,1960,3,1,63.88,30.0,11.31,33
8720,1950,3,1,134.07,30.0,33.09,33
8721,1950,6,1,46.13,30.0,54.85,33
8722,1993,3,1,498.72,30.0,11.35,33
8723,1970,12,1,463.56,30.0,11.34,33
8724,1960,12,1,439.04,30.0,11.34,33
8725,1971,9,1,133.18,30.0,11.34,33
8726,1975,12,1,140.03,30.0,36.66,33
8727,1965,9,1,140.44,30.0,90.01,33
8728,1960,12,1,400.09,30.0,48.91,33
8729,1960,3,1,128.11,30.0,32.8,33
8730,1960,15,1,267.7,55.0,31.05,33
8731,1950,3,1,124.3,145.0,40.63,33
8732,1960,3,1,125.75,145.0,39.92,33
8733,1960,6,1,146.04,145.0,39.95,33
8736,1987,6,1,128.52,215.0,8.02,33
8739,1980,9,1,114.28,215.0,7.98,33
8740,1980,9,1,103.66,215.0,8.03,33
8741,1980,9,1,113.36,215.0,8.1,33
8742,1980,6,1,121.09,215.0,8.2,33
8744,1975,9,1,103.22,215.0,8.3,33
8745,1988,3,1,107.98,215.0,8.36,33
8747,1980,9,1,105.61,215.0,8.46,33
8748,1980,6,1,102.41,215.0,8.64,33
8750,1974,3,1,67.79,215.0,8.63,33
8751,1950,3,1,59.24,215.0,8.51,33
8753,1992,6,1,75.92,215.0,8.35,33
8754,2002,3,1,68.85,215.0,8.19,33
8755,1960,3,1,100.07,215.0,8.05,33
8756,1950,3,1,67.52,255.0,12.13,33
8757,1960,3,1,77.54,255.0,12.14,33
8759,1970,9,1,86.18,255.0,12.15,33
8762,2004,12,1,300.67,145.0,39.98,33
8763,1940,3,1,91.4,160.0,11.75,33
8765,1981,9,1,75.86,255.0,12.11,33
8768,1970,9,1,91.99,255.0,12.13,33
8770,1999,12,1,448.82,210.0,11.98,33
8772,1970,15,1,714.33,55.0,18.16,33
8774,1995,12,1,437.14,60.0,12.46,33
8775,1994,15,1,713.49,215.0,11.93,33
8779,1996,15,1,473.13,145.0,28.09,33
8780,2006,9,1,256.44,35.0,11.58,33
8783,1960,3,1,164.15,35.0,11.96,33
8785,1960,3,1,120.54,35.0,11.96,33
8786,1973,3,1,140.46,35.0,11.97,33
8787,1960,3,1,141.16,35.0,11.97,33
8789,1960,3,1,105.79,215.0,8.12,33
8790,1960,3,1,74.72,35.0,11.97,33
8791,1960,3,1,70.94,35.0,11.98,33
8793,1980,3,1,142.74,35.0,11.98,33
8796,1960,6,1,6.96,35.0,15.12,33
8798,1960,6,1,72.13,35.0,12.36,33
8801,1960,3,1,68.62,30.0,12.19,33
8802,1996,3,1,104.07,90.0,17.22,33
8803,1960,3,1,144.53,110.0,30.78,33
8804,1960,3,1,98.03,215.0,8.27,33
8805,1960,3,1,66.79,215.0,8.25,33
8807,1960,3,1,72.35,215.0,8.24,33
8809,1960,3,1,64.42,210.0,8.23,33
8811,1960,6,1,66.9,215.0,8.2,33
8812,1975,6,1,121.93,210.0,8.19,33
8814,1960,3,1,67.18,215.0,8.16,33
8815,1960,3,1,70.95,215.0,8.15,33
8817,1960,3,1,100.53,210.0,8.09,33
8818,2003,3,1,106.9,210.0,54.86,33
8819,1960,3,1,97.47,215.0,8.3,33
8820,1970,3,1,82.78,215.0,8.31,33
8822,1970,3,1,92.52,215.0,8.31,33
8823,1960,3,1,113.6,210.0,8.31,33
8824,1973,3,1,84.46,215.0,8.32,33
8825,2007,9,1,130.16,210.0,8.32,33
8826,1960,3,1,89.4,295.0,75.13,33
8827,1960,6,1,89.02,335.0,41.08,33
8828,1960,3,1,43.49,335.0,34.2,33
8829,1960,3,1,59.05,335.0,30.85,33
8830,1960,3,1,75.63,335.0,33.8,33
8831,1992,3,1,135.86,35.0,11.97,33
8832,2009,9,1,121.97,35.0,11.96,33
8834,2001,6,1,994.91,315.0,11.83,33
8835,1994,3,1,85.74,45.0,11.84,33
8836,1996,3,1,95.16,45.0,11.87,33
8837,1993,3,1,110.68,45.0,11.89,33
8838,1969,3,1,86.68,45.0,11.91,33
8839,1960,3,1,87.69,135.0,4.73,33
8840,1976,3,1,85.61,135.0,4.74,33
8842,1967,3,1,85.56,135.0,4.76,33
8843,1963,3,1,74.3,135.0,4.78,33
8844,1967,3,1,89.49,135.0,4.81,33
8845,1965,6,1,100.59,135.0,4.83,33
8846,1966,3,1,85.9,135.0,4.85,33
8847,1976,3,1,96.32,135.0,4.88,33
8848,1961,3,1,100.58,135.0,4.9,33
8849,1972,3,1,93.64,135.0,4.93,33
8851,1979,3,1,94.22,135.0,4.95,33
8852,1969,6,1,101.36,135.0,5.0,33
8853,1972,12,1,83.1,180.0,19.69,33
8854,2008,6,1,99.7,225.0,13.9,33
8856,1973,9,1,147.44,225.0,100.3,33
8857,1974,3,1,156.1,225.0,115.69,33
8859,1973,6,1,106.1,225.0,135.09,33
8861,1963,6,1,98.33,315.0,11.82,33
8863,1978,3,1,87.99,315.0,11.82,33
8864,1968,3,1,100.26,315.0,11.82,33
8866,2023,9,1,79.95,315.0,11.83,33
8868,1970,3,1,285.03,290.0,0.0,33
8871,1982,3,1,74.7,315.0,6.18,33
8874,2015,6,1,182.81,80.0,7.24,33
8877,2007,3,1,192.61,120.0,6.17,33
8879,1994,3,1,187.14,325.0,7.37,33
8881,1992,3,1,183.64,100.0,5.85,33
8883,1960,3,1,76.87,120.0,5.99,33
8884,1982,6,1,403.13,260.0,19.12,33
8887,2023,3,1,185.11,255.0,10.1,33
8889,1960,3,1,135.7,150.0,45.88,33
8891,1982,6,1,142.74,110.0,28.29,33
8893,1988,6,1,85.53,225.0,21.17,33
8895,2001,3,1,109.12,120.0,6.63,33
8896,1987,3,1,149.78,25.0,23.79,33
8897,2008,6,1,136.71,300.0,8.13,33
8899,2019,6,1,128.17,65.0,15.89,33
8903,2020,6,1,118.69,240.0,21.76,33
8907,2022,3,1,155.89,295.0,8.33,33
8909,2010,9,1,202.75,335.0,7.76,33
8913,1967,3,1,163.6,165.0,26.6,33
8917,1978,3,1,161.96,10.0,9.58,33
8918,1975,3,1,106.32,220.0,46.61,33
8919,1950,3,1,106.54,220.0,50.32,33
8921,1975,9,1,99.19,10.0,9.64,33
8922,1984,9,1,162.93,10.0,9.67,33
8923,1999,3,1,69.78,10.0,9.68,33
8924,1970,3,1,106.54,10.0,9.69,33
8926,1962,3,1,110.93,10.0,9.71,33
8928,1960,3,1,113.74,10.0,9.73,33
8930,1969,3,1,122.9,10.0,9.74,33
8932,2010,9,1,125.82,10.0,9.77,33
8933,1983,3,1,148.73,10.0,9.78,33
8935,1958,9,1,116.45,10.0,9.79,33
8939,1960,3,1,263.74,10.0,9.88,33
8941,1962,3,1,134.62,10.0,9.9,33
8943,1975,9,1,196.2,10.0,9.91,33
8944,1960,9,1,134.89,10.0,9.93,33
8946,1974,3,1,133.78,100.0,11.77,33
8948,1961,6,1,117.56,95.0,11.83,33
8950,1950,6,1,107.08,100.0,11.84,33
8952,1978,6,1,135.96,100.0,11.85,33
8955,1967,12,1,146.12,100.0,11.88,33
8957,1965,3,1,115.91,100.0,11.9,33
8959,1960,9,1,145.1,205.0,74.98,33
8960,1970,3,1,117.26,205.0,72.01,33
8962,1973,3,1,124.55,205.0,67.9,33
8964,1968,6,1,153.43,205.0,64.41,33
8965,1960,3,1,129.86,205.0,61.43,33
8967,1955,9,1,133.24,205.0,58.17,33
8968,1990,6,1,170.5,205.0,56.08,33
8969,1958,3,1,121.84,205.0,51.3,33
8971,1956,3,1,185.16,180.0,67.8,33
8972,1955,3,1,99.08,205.0,40.94,33
8973,1950,3,1,111.4,205.0,42.33,33
8974,1952,3,1,122.5,205.0,45.22,33
8975,1997,6,1,110.65,205.0,48.62,33
8977,2005,6,1,73.38,205.0,27.9,33
8979,1950,3,1,76.19,205.0,24.27,33
8980,1993,9,1,125.64,205.0,21.2,33
8981,1980,6,1,152.76,225.0,18.65,33
8983,1992,6,1,93.15,225.0,19.09,33
8984,1994,9,1,141.16,225.0,24.11,33
8986,1983,3,1,261.08,205.0,63.14,33
8989,1994,6,1,83.41,275.0,12.0,33
8991,1962,9,1,96.31,10.0,11.85,33
8993,1948,3,1,125.52,10.0,11.87,33
8994,1964,3,1,139.92,10.0,11.88,33
8995,1970,3,1,123.2,10.0,11.89,33
8996,1951,3,1,128.71,10.0,11.92,33
8998,2004,9,1,93.34,10.0,11.96,33
8999,1970,9,1,202.24,10.0,11.98,33
9000,1962,6,1,206.58,10.0,12.0,33
9001,2024,3,1,202.87,10.0,12.01,33
9003,1958,3,1,109.11,10.0,12.04,33
9004,1953,3,1,79.08,10.0,12.07,33
9006,1970,3,1,193.67,10.0,12.28,33
9008,1954,3,1,87.46,190.0,9.89,33
9009,1965,6,1,80.06,190.0,9.87,33
9011,1961,3,1,128.55,190.0,9.86,33
9012,1967,3,1,86.88,190.0,9.84,33
9014,1969,3,1,114.33,190.0,9.83,33
9015,1962,3,1,106.66,190.0,9.82,33
9016,1972,3,1,119.09,190.0,9.8,33
9018,1976,3,1,171.7,190.0,9.79,33
9020,1979,3,1,166.14,190.0,9.78,33
9022,1996,3,1,179.94,190.0,9.75,33
9023,1978,9,1,168.44,190.0,9.74,33
9025,1971,3,1,84.09,190.0,9.73,33
9026,1954,3,1,99.91,190.0,9.7,33
9027,1980,9,1,161.15,185.0,9.7,33
9029,1970,3,1,140.5,185.0,9.69,33
9031,1973,3,1,146.72,185.0,9.67,33
9033,1970,3,1,142.61,180.0,9.73,33
9034,1970,12,1,96.58,190.0,9.64,33
9036,1974,9,1,229.39,190.0,9.61,33
9037,1969,3,1,134.74,190.0,9.58,33
9038,1969,3,1,133.07,235.0,56.11,33
9040,1984,9,1,144.81,275.0,11.84,33
9041,1987,3,1,171.61,275.0,11.79,33
9042,1968,6,1,188.67,280.0,11.82,33
9044,1967,3,1,24.66,275.0,11.94,33
9045,1967,3,1,38.88,10.0,0.0,33
9047,2003,3,1,492.35,10.0,12.32,33
9049,2004,3,1,501.75,10.0,11.93,33
9051,2006,6,1,507.45,100.0,11.85,33
9053,1950,3,1,38.94,310.0,22.3,33
9055,1960,9,1,146.62,350.0,19.44,33
9056,1967,9,1,141.19,350.0,14.02,33
9060,1939,3,1,110.56,350.0,14.05,33
9061,1962,3,1,159.05,350.0,14.18,33
9063,1994,6,1,340.27,350.0,14.59,33
9064,1930,3,1,41.1,350.0,14.97,33
9065,1964,3,1,145.89,350.0,84.65,33
9067,1973,3,1,106.74,350.0,80.58,33
9069,1995,3,1,149.01,350.0,75.92,33
9070,1944,3,1,280.13,35.0,40.0,33
9073,2001,3,1,387.76,100.0,12.43,33
9075,1997,6,1,167.57,190.0,12.29,33
9076,2002,3,1,281.37,190.0,12.05,33
9079,1957,6,1,418.33,190.0,11.95,33
9080,2009,9,1,104.99,190.0,11.89,33
9081,1958,6,1,100.71,190.0,11.87,33
9082,1960,3,1,95.98,190.0,11.86,33
9083,1952,3,1,93.84,275.0,11.86,33
9085,1970,9,1,264.16,275.0,11.78,33
9087,1986,3,1,118.69,190.0,12.02,33
9089,2010,9,1,687.18,190.0,12.16,33
9092,1920,3,1,143.38,255.0,25.2,33
9095,1952,12,1,103.61,345.0,10.04,33
9096,2011,9,1,111.85,345.0,10.03,33
9098,1978,9,1,197.28,345.0,10.02,33
9100,1920,12,1,122.31,345.0,10.0,33
9103,1972,9,1,110.22,345.0,10.0,33
9104,1996,9,1,176.26,345.0,9.99,33
9105,1923,3,1,98.52,345.0,9.98,33
9106,1972,9,1,75.86,345.0,9.95,33
9108,1934,6,1,116.2,345.0,9.94,33
9112,1925,3,1,73.05,345.0,9.93,33
9113,2000,9,1,154.82,75.0,12.01,33
9114,1924,9,1,132.67,75.0,11.99,33
9116,1926,3,1,138.34,75.0,11.99,33
9117,1926,3,1,120.34,75.0,11.99,33
9118,1927,3,1,89.77,75.0,11.99,33
9121,1968,12,1,114.99,75.0,11.98,33
9123,1923,3,1,82.1,75.0,11.97,33
9124,1950,6,1,107.55,70.0,11.97,33
9125,1968,3,1,154.48,75.0,11.96,33
9127,1988,3,1,89.67,75.0,11.96,33
9128,2006,12,1,114.83,75.0,11.95,33
9129,1992,9,1,129.73,75.0,11.95,33
9130,1970,9,1,135.91,65.0,12.05,33
9131,1930,3,1,136.8,165.0,15.17,33
9132,1923,3,1,67.11,165.0,15.18,33
9134,1918,3,1,112.96,165.0,15.19,33
9135,1970,15,1,255.87,165.0,15.21,33
9136,1965,9,1,131.05,165.0,16.28,33
9137,1977,12,1,142.95,255.0,24.96,33
9139,1925,6,1,121.81,255.0,24.99,33
9141,1972,6,1,85.5,255.0,118.82,33
9146,1928,3,1,110.88,255.0,25.12,33
9148,1996,18,1,293.8,255.0,68.41,33
9149,1999,9,1,270.69,345.0,9.96,33
9151,2002,9,1,189.79,75.0,11.96,33
9153,2005,12,1,140.03,165.0,15.2,33
9154,2007,15,1,496.72,165.0,79.06,33
9156,1970,12,1,224.61,75.0,10.13,33
9157,1924,3,1,104.32,75.0,9.55,33
9158,1923,3,1,91.0,75.0,7.29,33
9159,2005,6,1,111.06,70.0,7.28,33
9160,1945,3,1,145.22,75.0,7.26,33
9161,1951,3,1,146.92,75.0,7.25,33
9162,1967,3,1,138.38,75.0,7.24,33
9164,1971,6,1,146.16,75.0,7.23,33
9165,2024,6,1,79.96,75.0,7.21,33
9167,1950,3,1,273.02,70.0,7.21,33
9168,1946,6,1,128.55,75.0,7.17,33
9169,1945,3,1,141.78,75.0,7.15,33
9170,1930,9,1,90.81,75.0,7.14,33
9172,1955,3,1,151.3,75.0,7.69,33
9174,1960,3,1,151.77,75.0,9.93,33
9176,1930,3,1,118.82,75.0,9.91,33
9177,1962,3,1,148.58,75.0,9.89,33
9179,1971,9,1,105.9,75.0,80.06,33
9184,1996,12,1,136.08,165.0,15.66,33
9185,1940,3,1,110.83,165.0,15.64,33
9186,1968,6,1,129.18,165.0,15.61,33
9187,1960,3,1,92.91,165.0,15.59,33
9188,1957,6,1,51.24,165.0,15.57,33
9190,1900,3,1,104.53,165.0,15.56,33
9192,1969,3,1,52.95,165.0,15.54,33
9194,1918,6,1,69.65,165.0,15.52,33
9195,1918,3,1,95.39,165.0,15.49,33
9199,1923,3,1,62.75,165.0,15.46,33
9200,1942,3,1,117.76,165.0,15.44,33
9202,1957,3,1,176.92,255.0,11.96,33
9203,1923,3,1,174.71,255.0,11.96,33
9204,1968,3,1,150.71,255.0,11.97,33
9206,1975,3,1,143.37,255.0,11.97,33
9208,1960,3,1,141.56,255.0,11.99,33
9210,1979,3,1,144.77,255.0,11.99,33
9212,1928,3,1,101.88,255.0,12.0,33
9213,1963,3,1,81.17,255.0,12.0,33
9215,1918,3,1,101.64,255.0,12.0,33
9216,1918,3,1,118.94,255.0,12.0,33
9219,1924,3,1,57.22,75.0,9.91,33
9220,1999,9,1,400.18,255.0,11.99,33
9221,1924,6,1,77.18,70.0,7.5,33
9223,1974,6,1,103.19,345.0,9.79,33
9227,1926,6,1,142.63,345.0,9.92,33
9229,1991,9,1,157.36,345.0,9.97,33
9230,1920,6,1,102.7,345.0,10.01,33
9231,1924,3,1,107.05,345.0,10.03,33
9232,1916,9,1,106.5,345.0,10.05,33
9234,1926,3,1,74.92,75.0,10.1,33
9236,2023,3,1,96.3,75.0,10.19,33
9237,1923,3,1,112.58,75.0,10.21,33
9238,1954,6,1,145.23,75.0,10.23,33
9241,1964,3,1,95.46,75.0,10.29,33
9242,1920,3,1,135.38,75.0,10.32,33
9243,1960,3,1,91.51,75.0,10.34,33
9244,1924,3,1,190.96,75.0,10.35,33
9247,1919,3,1,94.18,165.0,9.78,33
9248,1920,3,1,130.19,165.0,9.77,33
9249,1970,3,1,145.74,165.0,9.77,33
9251,1960,6,1,128.22,160.0,9.77,33
9252,1935,3,1,104.5,255.0,11.91,33
9254,1926,3,1,117.73,255.0,11.89,33
9255,2006,9,1,81.63,255.0,11.87,33
9257,1989,9,1,189.2,255.0,11.85,33
9258,1989,3,1,81.97,75.0,10.16,33
9259,2005,9,1,151.91,255.0,11.78,33
9260,2006,9,1,352.28,270.0,12.54,33
9261,2006,9,1,268.83,345.0,9.85,33
9262,2005,12,1,150.65,345.0,9.97,33
9263,1974,3,1,136.4,75.0,9.9,33
9266,1970,3,1,87.86,75.0,9.9,33
9268,1993,12,1,148.26,75.0,9.91,33
9270,1989,9,1,279.31,70.0,9.92,33
9271,1964,3,1,141.13,75.0,9.93,33
9273,1966,3,1,157.91,75.0,9.94,33
9274,1981,3,1,125.47,75.0,9.94,33
9276,2008,9,1,85.43,75.0,9.95,33
9278,1978,3,1,90.58,75.0,9.96,33
9279,1975,9,1,277.48,75.0,9.96,33
9281,1915,6,1,204.27,75.0,9.97,33
9284,1936,6,1,155.45,165.0,10.02,33
9285,1926,9,1,152.37,165.0,9.89,33
9287,1917,6,1,128.33,165.0,9.86,33
9288,1925,3,1,141.93,165.0,9.83,33
9290,1924,3,1,96.84,165.0,9.8,33
9292,1945,3,1,108.49,165.0,9.78,33
9293,1924,3,1,81.81,165.0,9.77,33
9296,2001,9,1,179.95,270.0,12.73,33
9298,1917,3,1,100.44,255.0,12.24,33
9300,1972,12,1,146.91,255.0,12.26,33
9301,1934,3,1,107.17,255.0,12.29,33
9303,1932,3,1,119.83,255.0,12.31,33
9304,1957,3,1,121.55,255.0,12.32,33
9306,1954,3,1,132.58,255.0,12.33,33
9307,1945,6,1,128.76,255.0,12.35,33
9309,1938,6,1,102.26,255.0,12.37,33
9311,1960,9,1,373.1,255.0,12.38,33
9312,1960,6,1,106.37,255.0,12.28,33
9314,1947,3,1,79.58,345.0,9.77,33
9315,1966,3,1,87.05,345.0,9.79,33
9316,1963,3,1,113.08,345.0,9.81,33
9317,2020,9,1,74.83,345.0,9.83,33
9319,1961,3,1,92.74,345.0,9.84,33
9320,2014,6,1,75.86,345.0,9.85,33
9322,1972,3,1,91.12,345.0,9.87,33
9323,1962,3,1,88.85,345.0,9.89,33
9324,1959,6,1,129.1,345.0,9.9,33
9326,1963,9,1,134.33,345.0,9.91,33
9328,1957,3,1,134.48,345.0,9.93,33
9330,1967,3,1,137.04,345.0,9.94,33
9332,1992,6,1,111.8,345.0,9.96,33
9334,2021,9,1,136.32,345.0,9.98,33
9336,1962,3,1,90.1,75.0,9.9,33
9337,1970,12,1,181.61,75.0,9.92,33
9338,1970,12,1,165.99,75.0,9.94,33
9339,1968,3,1,95.25,75.0,9.97,33
9340,1996,3,1,109.77,75.0,10.0,33
9341,1959,6,1,115.25,165.0,9.97,33
9343,1959,3,1,104.68,165.0,9.91,33
9345,2001,6,1,78.81,165.0,9.86,33
9346,1920,3,1,85.11,165.0,9.81,33
9348,1999,3,1,54.65,165.0,9.76,33
9349,2005,9,1,83.45,165.0,9.71,33
9350,1932,3,1,99.93,165.0,9.67,33
9351,1924,9,1,130.69,255.0,12.2,33
9353,1958,3,1,130.95,255.0,12.18,33
9354,1988,9,1,120.71,255.0,12.17,33
9357,1971,9,1,107.92,255.0,12.14,33
9358,2005,3,1,55.48,255.0,12.13,33
9359,1957,3,1,81.01,255.0,12.08,33
9360,2005,9,1,362.61,255.0,12.25,33
9362,2007,9,1,404.91,75.0,10.07,33
9364,1963,3,1,113.98,345.0,9.91,33
9365,1961,3,1,138.63,345.0,9.94,33
9367,1970,15,1,266.1,345.0,9.97,33
9369,1975,6,1,121.22,345.0,10.03,33
9370,1959,9,1,64.02,345.0,10.06,33
9371,1972,9,1,76.75,345.0,10.1,33
9373,1957,3,1,120.42,75.0,10.15,33
9374,1994,9,1,79.33,75.0,10.13,33
9375,1975,3,1,123.4,75.0,10.07,33
9377,1970,18,1,276.49,75.0,10.04,33
9378,1959,6,1,137.66,75.0,10.03,33
9380,1966,6,1,116.27,165.0,9.76,33
9382,1970,9,1,103.19,165.0,9.76,33
9384,1998,3,1,148.38,165.0,9.76,33
9385,1973,12,1,85.33,165.0,9.76,33
9386,1920,3,1,88.0,165.0,9.77,33
9387,2006,6,1,104.18,165.0,9.77,33
9388,1988,6,1,96.82,165.0,9.77,33
9391,1967,12,1,277.25,255.0,10.25,33
9393,1957,3,1,65.83,255.0,10.13,33
9394,2008,12,1,73.35,255.0,10.1,33
9396,1972,3,1,55.91,270.0,2.4,33
9398,1957,3,1,45.34,340.0,13.44,33
9399,2002,9,1,111.8,75.0,10.1,33
9400,2008,9,1,360.27,255.0,9.91,33
9401,2021,12,1,623.68,75.0,9.93,33
9402,1998,9,1,139.73,255.0,9.84,33
9404,1929,3,1,66.55,345.0,9.76,33
9405,2000,6,1,77.6,345.0,9.77,33
9406,1977,3,1,73.22,345.0,9.76,33
9408,1931,3,1,125.91,345.0,9.76,33
9409,2007,9,1,76.92,345.0,9.76,33
9411,1961,3,1,132.15,345.0,9.76,33
9413,1951,12,1,107.6,75.0,9.97,33
9415,1960,3,1,132.62,75.0,9.98,33
9417,1959,3,1,120.96,70.0,9.99,33
9418,1967,3,1,94.76,75.0,9.99,33
9419,1960,6,1,123.26,75.0,9.98,33
9421,1951,9,1,72.06,75.0,9.98,33
9423,1931,3,1,126.62,75.0,9.98,33
9425,1960,15,1,158.76,75.0,14.34,33
9426,1961,6,1,122.07,165.0,9.92,33
9428,1960,3,1,68.67,165.0,9.92,33
9429,1955,3,1,107.56,165.0,9.9,33
9431,1966,3,1,115.57,165.0,9.9,33
9432,1968,3,1,151.23,165.0,9.9,33
9434,1962,3,1,88.64,255.0,10.1,33
9435,1993,3,1,87.24,255.0,10.05,33
9436,1950,6,1,86.85,255.0,10.01,33
9438,1990,9,1,206.92,255.0,9.97,33
9439,1951,3,1,82.4,255.0,9.94,33
9440,1951,3,1,91.49,255.0,9.92,33
9441,1961,3,1,97.59,255.0,9.9,33
9442,2004,3,1,411.64,70.0,9.97,33
9444,2020,15,1,364.41,345.0,9.77,33
9446,2001,9,1,436.31,300.0,23.99,33
9447,1998,9,1,255.78,70.0,63.64,33
9448,1977,9,1,84.56,75.0,9.94,33
9450,2013,6,1,80.82,75.0,9.96,33
9452,1961,3,1,100.48,75.0,9.97,33
9453,1970,3,1,98.1,75.0,9.98,33
9454,1960,3,1,110.97,75.0,10.01,33
9456,1968,3,1,113.42,70.0,10.02,33
9457,1995,9,1,93.17,75.0,10.03,33
9459,1957,3,1,100.5,75.0,10.04,33
9460,1957,3,1,113.07,75.0,10.06,33
9461,1934,3,1,94.54,75.0,10.08,33
9462,1986,9,1,170.29,75.0,10.16,33
9463,1957,3,1,73.55,75.0,10.18,33
9464,1959,3,1,131.54,165.0,10.06,33
9465,1978,15,1,215.64,165.0,11.17,33
9467,1957,3,1,116.66,165.0,10.0,33
9468,1960,6,1,112.63,165.0,9.97,33
9469,1933,3,1,130.56,165.0,9.94,33
9470,1991,3,1,88.71,165.0,9.91,33
9471,1957,3,1,109.2,255.0,10.03,33
9473,1957,3,1,104.38,255.0,10.05,33
9474,1968,3,1,146.99,255.0,10.06,33
9476,1976,9,1,141.43,255.0,10.08,33
9478,2001,3,1,88.67,250.0,10.11,33
9480,1957,3,1,120.45,255.0,10.11,33
9481,1959,3,1,125.13,255.0,10.13,33
9483,1959,3,1,140.13,255.0,10.14,33
9484,1994,3,1,107.13,75.0,10.1,33
9485,1993,3,1,170.5,75.0,10.13,33
9486,2007,9,1,389.37,255.0,10.04,33
9492,1963,3,1,210.96,165.0,9.86,33
9494,1949,3,1,161.91,345.0,8.69,33
9495,2011,12,1,257.48,165.0,9.81,33
9497,1950,6,1,207.9,345.0,8.59,33
9500,1989,3,1,193.2,165.0,9.84,33
9502,2004,3,1,94.79,255.0,9.57,33
9504,1965,3,1,138.37,345.0,8.96,33
9505,1986,12,1,117.72,345.0,8.99,33
9508,1955,3,1,118.71,345.0,9.04,33
9510,1968,6,1,82.86,345.0,9.06,33
9512,2007,9,1,276.52,165.0,10.06,33
9514,1961,3,1,214.51,165.0,9.99,33
9515,1954,3,1,130.87,165.0,9.93,33
9516,1956,9,1,88.19,345.0,9.18,33
9519,1953,3,1,133.61,75.0,9.91,33
9520,1967,3,1,90.44,165.0,9.89,33
9521,1978,12,1,78.95,165.0,10.11,33
9523,1949,6,1,147.52,210.0,24.16,33
9524,2007,9,1,96.55,165.0,10.13,33
9526,1938,3,1,149.64,255.0,9.87,33
9527,1964,6,1,255.85,345.0,14.05,33
9528,1962,3,1,268.32,345.0,14.09,33
9529,1970,3,1,195.09,345.0,14.13,33
9530,2004,6,1,185.36,165.0,8.71,33
9531,1950,3,1,152.98,165.0,8.83,33
9532,1943,9,1,131.42,165.0,8.92,33
9534,1993,3,1,104.76,255.0,12.42,33
9536,2021,15,1,1681.95,80.0,17.45,33
9538,2022,12,1,143.47,220.0,13.44,33
9540,1960,3,1,99.5,215.0,13.56,33
9541,2017,15,1,178.71,220.0,13.57,33
9542,2007,9,1,165.71,0.0,9.94,33
9543,1986,9,1,232.63,160.0,15.97,33
9545,1991,9,1,547.55,220.0,13.65,33
9546,1985,9,1,247.15,75.0,13.01,33
9548,2004,9,1,1414.94,0.0,21.23,33
9549,2017,9,1,85.06,220.0,13.64,33
9552,2017,9,1,78.73,0.0,9.94,33
9557,1986,9,1,363.82,165.0,14.1,33
9558,1984,9,1,214.73,165.0,14.11,33
9559,1960,9,1,328.49,255.0,10.01,33
9560,2001,9,1,261.6,40.0,13.61,33
9562,1988,6,1,480.44,40.0,13.64,33
9563,1988,3,1,75.06,40.0,13.65,33
9565,1992,3,1,84.74,40.0,13.65,33
9566,1996,15,1,76.85,40.0,13.65,33
9570,1988,3,1,83.58,40.0,13.65,33
9572,1985,9,1,149.18,165.0,14.05,33
9573,1985,9,1,257.98,255.0,10.02,33
9574,1996,12,1,414.51,40.0,13.66,33
9575,1996,12,1,447.36,165.0,14.02,33
9576,1952,6,1,242.49,0.0,9.93,33
9578,2006,9,1,139.96,0.0,9.94,33
9579,2000,3,1,130.47,0.0,9.94,33
9580,1952,3,1,116.3,0.0,9.95,33
9582,1962,3,1,145.3,0.0,9.96,33
9583,1965,3,1,335.93,0.0,9.97,33
9586,1961,3,1,103.0,0.0,9.98,33
9589,1961,3,1,172.31,0.0,9.99,33
9591,1989,9,1,456.38,0.0,10.03,33
9593,1997,9,1,214.25,0.0,12.64,33
9595,1967,3,1,135.11,65.0,12.58,33
9597,1978,12,1,127.18,180.0,9.95,33
9598,1989,9,1,362.41,180.0,9.94,33
9599,1950,3,1,104.45,180.0,9.94,33
9600,1953,3,1,69.26,180.0,9.93,33
9601,1956,3,1,119.45,180.0,4.96,33
9604,1988,9,1,367.75,180.0,15.89,33
9606,1972,18,1,219.1,220.0,29.82,33
9607,1996,12,1,263.38,220.0,32.93,33
9608,1953,3,1,155.58,260.0,20.23,33
9609,1965,3,1,160.35,260.0,24.35,33
9611,1958,3,1,146.48,260.0,20.72,33
9612,1975,3,1,208.49,260.0,8.24,33
9614,1966,9,1,119.01,260.0,8.4,33
9616,2000,9,1,463.97,125.0,31.91,33
9617,2001,9,1,335.7,65.0,12.72,33
9633,1950,3,1,104.97,260.0,9.47,33
9635,2006,9,1,475.34,180.0,14.58,33
9646,1951,6,1,86.11,325.0,42.12,33
9647,1952,3,1,102.52,325.0,39.9,33
9648,1964,6,1,78.95,325.0,39.89,33
9649,1956,3,1,83.05,325.0,49.03,33
9651,1956,3,1,129.84,325.0,62.84,33
9653,1981,9,1,110.25,325.0,39.95,33
9654,1965,6,1,131.11,325.0,39.9,33
9655,1961,3,1,121.77,90.0,9.62,33
9656,1945,3,1,96.31,90.0,9.62,33
9657,1954,3,1,98.85,90.0,9.64,33
9658,1962,6,1,111.6,90.0,9.66,33
9659,1960,6,1,145.38,90.0,9.67,33
9662,1981,6,1,106.58,90.0,9.7,33
9663,1960,3,1,94.99,90.0,9.71,33
9664,1954,3,1,93.07,90.0,9.72,33
9665,1992,3,1,95.46,90.0,9.75,33
9667,1950,3,1,140.46,90.0,9.76,33
9668,1971,3,1,147.42,90.0,9.78,33
9669,1950,6,1,104.99,90.0,9.79,33
9672,1950,3,1,95.86,90.0,9.8,33
9674,1992,3,1,158.1,140.0,17.69,33
9675,1935,3,1,98.26,230.0,9.65,33
9676,1957,3,1,93.07,230.0,9.65,33
9677,1935,6,1,85.57,230.0,9.66,33
9679,1950,3,1,82.58,230.0,9.66,33
9680,1952,3,1,96.9,230.0,9.65,33
9681,1984,3,1,100.26,230.0,9.66,33
9682,1992,3,1,93.89,90.0,9.73,33
9684,1992,3,1,147.39,230.0,9.65,33
9686,1996,12,1,249.91,55.0,9.89,33
9688,1970,15,1,337.54,55.0,10.17,33
9689,2006,6,1,313.65,315.0,31.54,60
9690,1999,12,1,496.86,55.0,10.06,33
9692,1999,15,1,1957.9,325.0,19.74,33
9694,1970,15,1,334.33,235.0,10.08,33
9695,1971,15,1,310.34,170.0,51.0,33
9696,1965,18,1,310.35,350.0,11.52,33
9697,1971,18,1,310.36,350.0,12.51,33
9698,1971,18,1,310.35,170.0,59.1,33
9700,1971,18,1,324.35,260.0,91.32,33
9701,1971,18,1,310.37,260.0,36.92,33
9702,1971,18,1,324.32,260.0,42.54,33
9703,1971,18,1,310.34,65.0,25.75,33
9704,1965,18,1,310.34,335.0,12.39,33
9705,1971,18,1,310.37,335.0,31.9,33
9706,1971,15,1,299.17,335.0,99.17,33
9707,1971,18,1,310.34,260.0,56.91,33
9708,1971,18,1,310.34,350.0,7.53,33
9709,1965,18,1,310.35,80.0,8.13,33
9710,1971,18,1,310.32,170.0,8.35,33
9711,1971,18,1,310.35,350.0,7.11,33
9712,1971,18,1,310.35,260.0,34.23,33
9713,1994,9,1,289.12,75.0,13.24,33
9715,1973,21,1,1735.5,85.0,93.51,33
9717,1996,18,1,187.2,300.0,23.45,33
9718,1995,18,1,179.75,300.0,23.68,33
9719,1996,21,1,322.09,295.0,23.57,33
9720,1995,12,1,229.84,75.0,13.29,33
9721,1958,3,1,84.96,25.0,0.67,33
9722,1965,3,1,78.72,85.0,39.17,33
9723,1959,3,1,50.05,85.0,18.42,33
9724,1952,3,1,141.67,85.0,11.8,33
9725,1956,3,1,120.62,85.0,11.82,33
9726,1958,3,1,125.5,85.0,11.82,33
9727,1979,6,1,121.42,85.0,11.83,33
9728,1970,3,1,144.45,85.0,11.84,33
9729,1956,3,1,130.4,85.0,11.85,33
9730,1958,3,1,107.07,85.0,11.86,33
9731,1961,3,1,125.95,85.0,11.86,33
9732,1968,3,1,108.07,85.0,11.87,33
9733,1954,3,1,133.74,85.0,11.88,33
9734,1956,3,1,138.3,85.0,11.89,33
9735,1965,12,1,113.71,85.0,11.9,33
9738,1956,3,1,147.73,85.0,11.9,33
9739,1968,3,1,150.61,85.0,11.9,33
9740,1956,3,1,140.54,85.0,11.92,33
9741,1971,3,1,147.12,85.0,11.93,33
9742,1960,3,1,134.72,85.0,11.93,33
9743,1950,3,1,134.94,85.0,11.94,33
9744,1960,3,1,117.94,85.0,12.0,33
9745,1967,3,1,126.01,85.0,12.03,33
9746,1979,3,1,139.81,85.0,12.05,33
9747,1982,3,1,146.51,85.0,12.08,33
9748,1993,6,1,155.13,85.0,48.17,33
9749,1979,3,1,131.79,85.0,61.92,33
9750,1956,3,1,135.51,85.0,58.83,33
9751,1962,3,1,146.99,260.0,0.0,33
9752,1966,3,1,131.85,265.0,0.0,33
9754,1971,3,1,169.77,260.0,0.0,33
9755,1960,3,1,131.01,75.0,52.4,33
9756,1998,3,1,121.74,80.0,56.84,33
9757,2002,6,1,347.25,80.0,11.97,33
9759,1975,6,1,144.53,45.0,12.0,33
9760,1968,9,1,24.42,45.0,11.84,33
9762,1974,6,1,58.11,45.0,11.77,33
9763,1950,3,1,94.15,45.0,11.75,33
9764,1953,3,1,176.15,135.0,11.99,33
9765,1967,3,1,164.62,135.0,11.98,33
9767,1965,3,1,125.85,135.0,11.96,33
9768,1955,3,1,88.47,135.0,11.94,33
9769,1953,6,1,96.0,135.0,11.92,33
9772,1956,3,1,62.11,135.0,11.9,33
9773,1960,3,1,94.05,135.0,11.88,33
9774,1945,3,1,125.18,135.0,11.85,33
9776,1951,3,1,109.7,135.0,11.83,33
9777,1972,3,1,86.64,135.0,11.81,33
9778,1999,9,1,67.96,135.0,11.79,33
9779,1959,3,1,75.43,135.0,11.77,33
9780,2002,3,1,177.19,135.0,11.86,33
9782,1963,3,1,130.67,200.0,25.09,33
9783,1949,3,1,107.88,200.0,26.7,33
9785,1951,3,1,122.73,290.0,7.92,33
9786,1960,3,1,80.23,290.0,7.93,33
9788,1960,3,1,96.28,290.0,7.94,33
9789,2016,6,1,208.67,290.0,7.94,33
9791,1962,6,1,214.42,290.0,7.96,33
9794,1951,3,1,113.06,290.0,7.98,33
9795,1946,9,1,84.47,290.0,7.99,33
9798,2006,6,1,65.27,290.0,7.99,33
9801,1965,3,1,81.66,20.0,25.04,33
9803,1958,3,1,92.04,20.0,25.12,33
9804,1950,3,1,68.25,20.0,25.2,33
9805,1964,3,1,99.54,295.0,4.32,33
9806,1964,6,1,123.76,20.0,29.77,33
9807,1972,6,1,113.02,20.0,24.97,33
9810,1964,6,1,45.03,20.0,25.02,33
9812,1964,6,1,37.37,115.0,0.91,33
9813,1959,6,1,128.47,20.0,25.08,33
9815,1950,3,1,40.19,20.0,25.14,33
9817,1964,3,1,127.49,80.0,12.43,33
9818,1958,3,1,132.87,80.0,11.83,33
9819,1949,3,1,163.04,80.0,11.88,33
9820,1973,3,1,200.71,80.0,11.93,33
9821,1973,3,1,77.27,80.0,11.98,33
9822,1963,3,1,216.89,80.0,12.02,33
9823,1964,3,1,100.25,80.0,12.07,33
9824,1964,3,1,120.88,80.0,12.12,33
9825,1964,3,1,24.83,25.0,0.0,33
9826,1964,6,1,53.85,25.0,12.8,33
9828,1970,9,1,109.37,0.0,50.48,33
9830,1963,3,1,52.44,110.0,8.0,33
9831,1964,9,1,118.51,110.0,8.0,33
9833,1960,3,1,127.87,110.0,7.99,33
9834,1952,3,1,126.17,315.0,20.49,33
9835,2004,6,1,152.11,315.0,18.65,33
9836,1968,3,1,62.79,110.0,7.98,33
9837,1953,3,1,49.3,110.0,7.97,33
9838,1950,3,1,126.09,285.0,17.48,33
9840,1990,9,1,102.8,285.0,20.54,33
9842,2020,6,1,123.21,285.0,23.61,33
9844,1983,3,1,142.79,285.0,25.85,33
9845,1983,3,1,133.05,285.0,29.98,33
9847,1958,3,1,140.22,285.0,54.12,33
9848,2008,6,1,122.36,110.0,7.92,33
9849,1983,3,1,123.78,200.0,25.06,33
9851,1997,6,1,123.08,200.0,24.95,33
9853,2003,6,1,93.55,285.0,29.19,33
9854,1963,3,1,81.59,285.0,42.88,33
9855,1958,3,1,10.79,285.0,51.89,33
9856,1967,6,1,63.83,285.0,32.58,33
9858,1955,3,1,18.4,285.0,15.39,33
9859,1963,3,1,25.26,20.0,128.25,33
9860,1953,3,1,29.19,20.0,0.0,33
9861,1953,3,1,19.57,20.0,0.0,33
9862,2000,3,1,53.55,45.0,11.85,33
9863,1979,9,1,103.81,45.0,11.88,33
9864,2003,3,1,59.36,135.0,20.77,33
9865,1960,6,1,66.99,135.0,27.65,33
9866,1962,6,1,103.13,135.0,34.66,33
9867,1968,3,1,94.45,225.0,14.06,33
9869,1969,3,1,99.88,225.0,13.68,33
9871,1967,3,1,107.65,225.0,13.66,33
9872,1968,3,1,114.31,225.0,13.62,33
9874,1968,3,1,104.54,225.0,13.54,33
9875,1971,3,1,93.45,315.0,4.95,33
9876,1980,3,1,90.41,315.0,4.93,33
9878,1968,3,1,137.96,315.0,4.9,33
9879,1980,6,1,99.04,315.0,4.88,33
9880,1970,3,1,92.73,315.0,4.85,33
9881,1987,3,1,180.52,315.0,4.83,33
9882,1971,3,1,155.03,315.0,4.82,33
9883,1984,3,1,148.34,135.0,20.52,33
9884,1971,6,1,128.99,135.0,20.5,33
9885,1972,9,1,101.26,135.0,20.45,33
9887,1971,3,1,101.45,135.0,20.53,33
9888,1957,3,1,50.09,315.0,4.67,33
9889,2005,9,1,52.79,135.0,18.87,33
9890,2001,6,1,243.47,45.0,59.17,33
9894,2000,6,1,689.93,45.0,38.71,33
9895,1957,3,1,102.43,60.0,15.96,33
9896,1990,6,1,350.72,60.0,25.11,33
9898,1973,3,1,295.12,60.0,16.64,33
9901,1974,9,1,76.87,135.0,11.49,33
9902,1921,9,1,53.62,135.0,11.61,33
9903,2007,6,1,190.74,135.0,11.69,33
9904,1968,12,1,335.58,135.0,11.89,33
9906,1957,3,1,350.33,225.0,12.37,33
9907,1985,3,1,140.0,45.0,54.97,33
9908,1979,6,1,136.88,45.0,56.28,33
9909,1980,3,1,135.49,45.0,57.19,33
9911,1980,6,1,111.74,225.0,11.86,33
9912,1950,3,1,71.63,225.0,90.96,33
9913,1968,3,1,111.72,225.0,11.91,33
9914,1956,3,1,137.34,225.0,11.89,33
9915,1975,3,1,140.68,225.0,11.87,33
9916,1954,3,1,133.13,225.0,11.83,33
9917,1974,3,1,126.22,225.0,11.81,33
9918,2002,9,1,269.27,45.0,11.94,33
9919,1960,3,1,102.21,45.0,11.87,33
9920,1955,6,1,96.41,45.0,11.89,33
9921,1960,3,1,75.56,45.0,11.9,33
9924,1969,3,1,24.27,135.0,11.83,33
9925,1970,9,1,85.12,135.0,11.83,33
9927,1964,3,1,101.54,135.0,11.83,33
9929,1978,3,1,99.43,135.0,11.83,33
9930,1969,3,1,97.81,135.0,11.83,33
9931,1980,3,1,100.06,135.0,11.83,33
9932,1968,3,1,93.31,135.0,11.82,33
9933,1970,3,1,99.6,135.0,11.82,33
9935,1970,3,1,98.1,135.0,11.82,33
9937,1972,3,1,102.4,135.0,11.82,33
9938,1969,3,1,101.51,135.0,11.82,33
9939,1975,3,1,100.16,135.0,11.82,33
9941,1969,6,1,103.91,135.0,11.82,33
9944,1994,9,1,147.76,135.0,11.81,33
9945,1987,9,1,204.61,225.0,11.89,33
9949,1993,6,1,516.85,225.0,11.96,33
9950,1989,3,1,265.24,225.0,12.39,33
9951,2004,3,1,232.63,270.0,21.55,33
9953,1987,6,1,104.74,45.0,11.98,33
9954,2001,3,1,77.83,310.0,14.25,33
9955,2005,3,1,70.22,310.0,14.25,33
9956,2003,9,1,79.27,310.0,14.25,33
9958,2002,3,1,202.53,310.0,14.26,33
9959,1999,3,1,98.04,310.0,14.26,33
9960,2006,6,1,267.69,310.0,14.26,33
9961,1999,3,1,82.03,310.0,14.26,33
9962,1999,3,1,81.96,310.0,14.27,33
9968,1955,3,1,,60.0,15.89,33
9970,2002,6,1,803.2,45.0,64.22,33
9971,2001,6,1,273.0,0.0,28.46,33
9975,2002,6,1,1202.05,315.0,40.66,33
9976,2002,6,1,317.17,310.0,14.24,33
9977,2002,3,1,72.54,45.0,10.82,33
9978,2002,3,1,70.29,225.0,11.85,33
9979,1975,3,1,28.79,45.0,0.0,33
9981,1972,6,1,263.23,315.0,11.8,33
9983,1970,3,1,312.67,195.0,6.15,33
9986,1971,9,1,204.75,200.0,6.06,33
9989,1970,6,1,222.65,0.0,9.33,33
9991,2007,3,1,129.06,15.0,4.68,33
9994,1970,9,1,278.11,15.0,4.01,33
9997,1980,6,1,207.07,30.0,6.52,33
10001,1975,6,1,213.93,35.0,5.84,33
10004,1980,6,1,103.42,10.0,5.55,33
10008,1972,3,1,165.79,90.0,27.77,33
10011,1994,3,1,128.4,5.0,10.19,33
10012,1984,6,1,136.81,100.0,12.65,33
10014,1991,3,1,193.05,95.0,12.62,33
10015,1959,3,1,92.95,95.0,12.59,33
10016,1957,6,1,146.97,95.0,12.57,33
10017,1950,3,1,211.21,95.0,12.54,33
10019,1955,3,1,131.51,95.0,12.51,33
10021,1948,9,1,116.45,95.0,12.49,33
10023,1950,3,1,127.03,100.0,12.47,33
10024,1976,3,1,125.84,95.0,12.45,33
10026,1973,3,1,74.29,100.0,12.44,33
10027,1970,3,1,104.6,95.0,12.42,33
10029,1960,3,1,74.09,95.0,12.4,33
10030,1946,3,1,78.66,100.0,12.38,33
10031,1950,3,1,26.05,95.0,12.37,33
10032,1978,9,1,201.53,150.0,20.03,33
10033,1989,3,1,101.77,205.0,7.51,33
10034,2002,6,1,250.08,205.0,7.5,33
10035,1960,3,1,111.63,205.0,7.39,33
10037,1946,9,1,106.53,280.0,11.86,33
10039,1964,3,1,100.21,280.0,11.84,33
10040,1990,9,1,94.06,275.0,11.83,33
10041,1963,3,1,93.21,280.0,11.82,33
10043,1960,3,1,117.56,280.0,11.81,33
10045,1964,3,1,93.72,275.0,11.8,33
10047,1998,6,1,263.33,280.0,11.77,33
10048,1990,3,1,132.34,5.0,10.13,33
10050,1942,3,1,137.15,95.0,12.34,33
10051,2003,3,1,296.68,280.0,11.89,33
10053,2005,6,1,273.56,285.0,29.89,33
10059,1950,3,1,113.76,100.0,80.54,33
10060,1956,3,1,150.52,100.0,17.02,33
10062,1963,3,1,108.11,100.0,12.65,33
10064,1956,6,1,126.81,100.0,12.69,33
10066,1971,3,1,147.51,100.0,12.71,33
10067,1954,3,1,127.13,100.0,12.74,33
10068,1989,3,1,60.22,100.0,12.76,33
10069,1958,3,1,113.59,100.0,12.82,33
10071,1960,3,1,181.18,100.0,12.84,33
10073,1980,3,1,152.3,95.0,12.87,33
10074,1978,9,1,156.77,100.0,12.87,33
10075,1961,3,1,37.98,190.0,10.13,33
10076,1969,6,1,106.17,280.0,11.86,33
10077,1975,3,1,92.35,280.0,11.86,33
10078,2024,6,1,87.68,280.0,11.86,33
10080,1984,3,1,136.48,280.0,17.47,33
10082,1956,3,1,270.71,280.0,111.08,33
10084,1989,3,1,59.96,100.0,12.77,33
10085,1989,3,1,106.22,100.0,12.79,33
10090,2000,6,1,282.73,280.0,12.1,33
10091,2008,6,1,426.63,280.0,11.85,33
10093,2000,3,1,136.61,75.0,9.95,33
10095,1950,3,1,140.18,75.0,25.43,33
10097,1984,9,1,92.66,235.0,40.42,33
10099,1999,15,1,192.96,345.0,9.85,33
10100,2010,12,1,285.51,345.0,9.83,33
10102,1974,9,1,194.04,345.0,15.2,33
10103,1974,18,1,480.74,345.0,15.19,33
10104,1974,18,1,476.43,345.0,15.17,33
10105,1974,18,1,473.17,345.0,30.75,33
10106,1974,21,1,486.09,345.0,15.46,33
10107,1937,3,1,106.1,345.0,15.72,33
10108,1960,3,1,137.25,75.0,9.81,33
10110,2007,9,1,107.02,75.0,9.85,33
10111,1950,3,1,69.9,75.0,9.87,33
10112,1940,3,1,53.5,165.0,2.78,33
10113,1940,3,1,56.83,165.0,2.8,33
10114,1941,3,1,77.2,180.0,2.96,33
10115,1965,3,1,51.57,165.0,2.64,33
10116,1991,9,1,48.9,345.0,2.84,33
10117,1940,3,1,61.78,345.0,2.83,33
10118,1940,3,1,54.33,345.0,2.82,33
10119,1950,3,1,49.82,345.0,2.81,33
10120,1945,3,1,43.08,345.0,2.79,33
10121,1944,3,1,59.26,345.0,2.78,33
10122,1945,3,1,64.72,345.0,2.76,33
10123,1955,3,1,78.42,75.0,9.91,33
10124,1960,3,1,64.85,75.0,9.93,33
10125,1955,3,1,107.57,75.0,9.94,33
10127,1999,6,1,108.85,75.0,9.96,33
10128,1929,3,1,150.7,75.0,9.97,33
10130,1950,6,1,135.65,75.0,9.99,33
10132,1949,9,1,111.54,75.0,9.97,33
10134,1960,3,1,115.74,75.0,9.96,33
10135,2000,9,1,120.17,75.0,9.91,33
10136,2022,6,1,98.84,165.0,9.83,33
10137,1968,3,1,99.85,165.0,9.85,33
10138,1940,3,1,75.07,165.0,9.86,33
10139,1962,3,1,113.54,165.0,9.86,33
10140,1943,6,1,134.34,165.0,10.28,33
10141,1991,3,1,105.98,165.0,45.55,33
10144,1979,21,1,2101.16,290.0,149.58,33
10145,1974,6,1,297.64,70.0,9.95,33
10146,2001,15,1,403.46,290.0,51.3,33
10147,2008,12,1,318.73,345.0,15.67,33
10148,2005,9,1,242.97,75.0,9.98,33
10149,2007,9,1,419.44,70.0,9.95,33
10150,1944,3,1,349.07,165.0,77.37,33
10152,2009,9,1,212.86,75.0,9.92,33
10155,2009,15,1,367.61,345.0,15.58,33
10159,1898,3,1,135.92,165.0,15.85,33
10161,2000,9,1,121.81,165.0,15.86,33
10162,2001,12,1,213.22,165.0,15.73,33
10164,1993,12,1,284.12,70.0,23.18,33
10165,2001,12,1,587.21,165.0,15.63,33
10167,1941,6,1,209.52,165.0,15.83,33
10169,1970,18,1,784.46,345.0,15.63,33
10170,1971,21,1,363.33,345.0,22.24,33
10173,2004,3,1,1587.09,95.0,16.09,33
10175,1972,3,1,104.17,255.0,10.13,33
10177,1983,6,1,51.06,345.0,9.94,33
10180,1965,9,1,117.37,345.0,9.96,33
10182,1968,9,1,116.9,345.0,9.96,33
10185,1987,3,1,136.09,345.0,9.98,33
10190,1990,3,1,304.97,255.0,9.91,33
10192,1935,3,1,99.53,255.0,7.14,33
10193,1915,6,1,130.93,255.0,7.2,33
10194,1994,6,1,179.74,255.0,7.22,33
10195,1944,6,1,113.51,255.0,7.26,33
10196,1931,3,1,124.01,255.0,7.28,33
10197,1918,3,1,125.98,255.0,7.29,33
10198,1972,6,1,153.64,255.0,10.12,33
10199,1988,9,1,268.58,75.0,9.99,60
10201,1950,3,1,409.53,255.0,7.16,33
10202,2004,6,1,86.36,165.0,3.98,33
10203,2008,9,1,293.58,75.0,9.96,33
10204,2020,12,1,187.93,255.0,7.24,33
10206,1970,6,1,129.75,5.0,9.93,33
10210,1990,12,1,251.27,255.0,9.99,33
10213,2003,9,1,362.31,5.0,23.88,33
10214,1924,3,1,88.29,255.0,10.07,33
10215,1963,3,1,117.57,345.0,9.71,33
10216,1935,3,1,116.57,345.0,9.69,33
10218,2023,6,1,144.52,345.0,9.67,33
10220,1918,3,1,133.23,345.0,9.65,33
10221,1928,3,1,208.55,345.0,9.62,33
10222,1928,3,1,136.94,345.0,9.59,33
10224,1954,6,1,183.93,345.0,9.56,33
10227,2002,3,1,230.91,345.0,9.53,33
10228,1920,3,1,93.96,345.0,9.5,33
10230,1994,6,1,203.56,75.0,9.98,33
10231,1918,3,1,138.2,75.0,9.98,33
10233,1928,6,1,70.4,75.0,9.98,33
10235,1964,3,1,68.94,75.0,9.98,33
10238,1922,3,1,91.11,165.0,14.24,33
10239,1922,6,1,183.87,165.0,9.97,33
10242,1994,3,1,97.49,165.0,9.97,33
10244,2006,6,1,80.15,165.0,9.96,33
10246,1958,3,1,55.34,165.0,9.94,33
10248,1964,3,1,101.09,165.0,10.42,33
10249,1978,3,1,112.23,255.0,10.34,33
10251,1977,3,1,139.52,255.0,10.32,33
10253,2007,9,1,174.15,255.0,10.29,33
10254,2016,3,1,120.26,255.0,10.26,33
10256,2021,6,1,93.47,255.0,10.24,33
10258,1920,3,1,89.54,255.0,10.23,33
10259,1922,3,1,114.35,255.0,10.2,33
10260,1968,3,1,115.52,255.0,10.19,33
10262,1924,3,1,60.25,255.0,10.15,33
10263,2018,6,1,59.61,250.0,10.14,33
10265,1968,12,1,137.22,75.0,12.01,33
10267,1963,12,1,157.98,255.0,10.0,33
10268,1997,3,1,92.01,345.0,9.85,33
10270,1965,3,1,79.67,345.0,9.76,33
10271,2019,3,1,72.85,345.0,9.68,33
10274,1948,3,1,91.24,345.0,9.59,33
10275,1999,3,1,58.6,345.0,9.58,33
10276,1951,3,1,135.25,345.0,9.6,33
10277,1951,3,1,90.19,345.0,9.65,33
10278,1975,12,1,238.99,80.0,13.9,33
10279,2006,9,1,170.46,80.0,13.9,33
10281,1965,3,1,201.58,80.0,13.9,33
10282,1972,6,1,90.29,80.0,13.91,33
10284,1990,9,1,470.81,80.0,13.91,33
10286,1989,3,1,92.88,185.0,9.88,33
10287,1986,15,1,163.6,255.0,33.35,33
10288,1958,3,1,116.67,255.0,9.97,33
10289,1930,3,1,83.46,255.0,9.97,33
10290,1920,3,1,112.56,255.0,9.97,33
10292,1951,3,1,109.14,255.0,9.97,33
10293,2003,3,1,231.78,255.0,9.98,33
10295,2005,9,1,311.5,255.0,9.96,33
10296,1924,3,1,92.8,345.0,9.9,33
10297,1962,3,1,122.99,345.0,9.9,33
10299,1984,3,1,129.02,345.0,9.91,33
10301,1953,3,1,131.24,345.0,9.92,33
10303,1979,3,1,115.01,345.0,9.92,33
10305,2020,9,1,76.31,345.0,9.93,33
10307,1999,12,1,129.67,345.0,9.93,33
10309,1982,9,1,126.97,345.0,9.93,33
10312,1949,9,1,131.13,75.0,9.98,33
10314,2003,9,1,119.2,75.0,9.98,33
10315,1997,9,1,137.75,75.0,9.98,33
10317,1990,12,1,68.17,75.0,9.97,33
10319,1987,3,1,94.16,75.0,9.97,33
10320,2004,12,1,80.35,75.0,9.97,33
10321,1928,6,1,111.45,75.0,9.97,33
10323,1963,9,1,132.81,75.0,9.97,33
10325,1928,3,1,102.74,75.0,9.96,33
10327,1960,3,1,104.14,75.0,9.96,33
10328,1928,3,1,101.56,75.0,9.95,33
10329,1932,3,1,96.92,75.0,9.95,33
10331,1988,3,1,136.74,75.0,9.95,33
10332,1921,3,1,101.13,165.0,9.62,33
10333,1922,3,1,101.0,165.0,9.64,33
10334,1931,3,1,116.88,165.0,9.66,33
10335,2009,9,1,94.15,165.0,9.68,33
10337,1922,3,1,95.48,165.0,9.7,33
10338,1971,3,1,83.25,165.0,9.72,33
10339,1948,3,1,120.11,270.0,10.42,33
10340,2023,6,1,111.53,255.0,9.96,33
10342,1990,3,1,82.24,255.0,9.94,33
10344,1972,6,1,142.14,255.0,9.94,33
10346,1972,6,1,139.89,255.0,9.93,33
10348,1971,3,1,120.68,255.0,9.93,33
10350,1915,3,1,129.52,255.0,9.93,33
10351,1962,3,1,137.61,255.0,9.93,33
10353,2004,3,1,385.43,75.0,10.0,33
10355,2023,15,1,391.11,250.0,9.91,33
10358,1920,3,1,137.35,345.0,9.94,33
10361,1966,9,1,102.5,345.0,9.96,33
10363,1971,3,1,130.49,345.0,9.99,33
10365,1998,9,1,63.19,345.0,10.0,33
10366,1951,3,1,89.34,345.0,10.03,33
10367,1961,6,1,89.6,345.0,10.05,33
10370,1959,3,1,83.66,345.0,10.06,33
10371,1977,3,1,154.28,345.0,10.08,33
10372,1987,9,1,236.68,345.0,10.12,33
10374,1967,15,1,215.42,345.0,10.15,33
10375,2017,6,1,122.94,345.0,10.18,33
10378,1972,18,1,221.26,80.0,13.8,33
10379,2016,9,1,219.24,80.0,13.89,33
10381,1959,3,1,76.33,80.0,13.94,33
10382,1961,6,1,61.35,80.0,14.05,33
10383,1959,3,1,119.95,80.0,14.09,33
10386,1955,3,1,143.53,80.0,14.13,33
10388,1960,3,1,284.13,80.0,14.25,33
10390,1977,6,1,113.65,180.0,9.97,33
10391,1950,3,1,118.61,180.0,4.97,33
10393,1979,6,1,134.21,180.0,9.89,33
10394,1954,12,1,131.89,180.0,9.84,33
10395,1978,3,1,131.81,180.0,9.79,33
10396,1991,3,1,62.0,180.0,4.88,33
10397,1967,3,1,175.77,180.0,9.73,33
10399,2021,6,1,85.58,180.0,9.69,33
10402,1956,3,1,546.57,180.0,18.38,33
10404,1969,12,1,137.39,255.0,10.0,33
10405,1953,3,1,169.85,255.0,10.01,33
10406,2003,12,1,165.6,255.0,10.04,33
10407,1983,6,1,104.64,255.0,10.05,33
10408,1961,3,1,68.0,80.0,14.02,33
10409,1999,12,1,275.54,255.0,10.11,33
10411,1990,3,1,119.39,255.0,9.99,33
10413,1963,3,1,123.49,0.0,9.79,33
10414,2000,3,1,186.85,0.0,9.86,33
10415,1968,3,1,179.63,0.0,9.92,33
10417,1967,12,1,164.46,80.0,41.8,33
10418,1963,6,1,53.75,80.0,11.93,33
10421,1979,18,1,141.25,80.0,11.94,33
10424,1951,3,1,107.0,80.0,21.09,33
10426,1928,3,1,91.13,165.0,9.7,33
10427,1920,6,1,89.67,165.0,9.67,33
10430,1951,3,1,111.94,165.0,9.64,33
10432,1976,3,1,87.63,165.0,9.61,33
10433,1950,3,1,99.88,165.0,9.57,33
10434,1992,12,1,470.01,255.0,9.98,33
10435,1961,3,1,132.0,255.0,9.97,33
10437,1951,3,1,207.41,255.0,9.96,33
10440,2010,12,1,111.89,255.0,9.97,33
10443,1981,15,1,308.44,280.0,28.88,33
10444,1980,12,1,371.28,260.0,13.59,33
10445,1978,15,1,213.62,260.0,13.8,33
10446,2001,9,1,277.79,325.0,63.72,33
10447,1960,3,1,88.17,5.0,7.69,33
10448,1929,3,1,86.59,5.0,7.7,33
10449,1954,3,1,67.99,5.0,7.71,33
10450,2006,9,1,126.88,95.0,9.99,33
10451,1957,3,1,207.77,95.0,9.94,33
10452,2004,3,1,169.0,95.0,9.88,33
10454,1988,3,1,68.16,95.0,9.85,33
10455,1993,3,1,269.17,95.0,9.81,33
10456,1998,9,1,109.77,185.0,9.84,33
10457,1979,6,1,127.97,185.0,9.94,33
10459,1987,3,1,109.98,185.0,10.04,33
10460,1970,3,1,127.6,185.0,10.29,33
10461,2002,9,1,286.01,225.0,28.93,33
10462,2004,3,1,78.21,185.0,10.1,33
10463,1965,3,1,113.27,5.0,7.66,33
10464,2000,6,1,195.61,5.0,7.74,33
10467,2002,3,1,170.45,5.0,7.79,33
10469,1982,3,1,249.93,315.0,33.95,33
10472,1992,9,1,379.65,5.0,9.9,33
10474,1999,3,1,153.4,95.0,9.26,33
10475,2017,9,1,76.52,95.0,9.3,33
10477,1983,6,1,214.46,95.0,9.34,33
10478,1929,3,1,98.3,95.0,9.42,33
10480,1960,3,1,79.21,95.0,9.47,33
10481,1960,3,1,103.96,95.0,9.52,33
10483,1944,6,1,92.84,95.0,9.59,33
10485,1960,3,1,98.55,95.0,9.64,33
10486,1980,15,1,272.88,185.0,9.83,33
10489,1998,9,1,253.85,245.0,69.23,33
10490,1960,3,1,203.07,260.0,13.74,33
10493,1960,3,1,89.85,260.0,13.7,33
10496,1986,6,1,126.55,260.0,13.65,33
10499,2020,15,1,122.49,260.0,13.61,33
10503,1993,9,1,149.4,260.0,13.76,33
10504,1982,9,1,153.64,255.0,9.93,33
10505,1981,9,1,118.2,345.0,9.87,33
10508,1994,6,1,139.58,345.0,9.85,33
10509,2003,3,1,836.74,345.0,9.81,33
10513,1957,6,1,231.64,30.0,28.66,33
10515,1960,3,1,156.11,80.0,13.6,33
10517,1960,12,1,216.88,80.0,13.63,33
10518,1953,6,1,130.72,80.0,13.67,33
10520,1943,3,1,98.59,80.0,13.69,33
10522,1970,3,1,144.91,80.0,13.73,33
10523,1934,3,1,220.94,80.0,13.84,33
10524,1950,3,1,140.5,165.0,10.18,33
10525,1940,3,1,124.96,165.0,10.15,33
10526,1997,9,1,81.11,165.0,10.12,33
10528,1929,3,1,104.46,165.0,10.1,33
10530,1960,3,1,144.0,165.0,10.08,33
10531,1965,6,1,145.25,165.0,10.05,33
10533,1999,9,1,83.28,165.0,10.03,33
10535,1972,9,1,95.52,165.0,10.01,33
10537,1923,3,1,93.92,165.0,9.99,33
10538,1925,3,1,101.48,165.0,9.97,33
10539,1953,3,1,122.63,255.0,10.07,33
10541,1963,3,1,191.42,255.0,10.05,33
10543,1965,3,1,190.06,255.0,10.02,33
10544,2004,3,1,94.64,255.0,10.01,33
10546,1959,6,1,89.6,255.0,9.96,33
10548,1999,9,1,415.07,255.0,10.12,33
10550,1966,18,1,531.3,300.0,19.18,33
10552,1968,15,1,471.45,55.0,9.22,33
10553,1929,6,1,128.26,180.0,7.79,33
10554,1972,9,1,73.76,180.0,7.77,33
10556,1932,3,1,158.32,180.0,7.75,33
10558,1969,3,1,136.37,185.0,7.72,33
10560,1979,3,1,103.77,185.0,7.71,33
10561,1966,3,1,133.48,185.0,7.64,33
10562,1963,3,1,85.35,180.0,7.69,33
10563,1962,9,1,104.92,180.0,34.65,33
10565,1964,9,1,105.24,260.0,13.98,33
10567,1948,3,1,88.78,260.0,13.97,33
10568,1961,3,1,98.81,260.0,15.24,33
10569,2001,3,1,268.46,180.0,7.68,33
10570,2009,9,1,454.47,95.0,9.88,33
10572,2002,12,1,594.58,95.0,15.29,33
10575,1999,3,1,158.56,95.0,8.91,33
10576,1922,3,1,140.35,95.0,8.95,33
10577,1922,3,1,163.8,95.0,8.98,33
10578,1998,9,1,149.36,95.0,9.01,33
10579,1970,3,1,97.44,95.0,9.06,33
10581,1989,12,1,441.53,180.0,9.91,33
10583,1971,15,1,342.4,185.0,9.96,33
10584,1971,15,1,287.83,180.0,9.98,33
10585,1971,15,1,231.8,180.0,10.04,33
10587,1920,3,1,99.65,270.0,9.88,33
10588,1997,3,1,93.39,0.0,7.95,33
10589,1920,6,1,67.8,0.0,7.93,33
10590,1920,3,1,67.41,0.0,7.9,33
10595,1998,3,1,148.25,270.0,10.0,33
10596,1970,3,1,179.87,270.0,9.99,33
10597,1960,3,1,90.62,270.0,9.97,33
10598,1960,3,1,126.06,270.0,9.96,33
10599,1920,6,1,190.89,270.0,9.95,33
10601,1920,3,1,176.0,270.0,9.92,33
10603,1920,3,1,217.98,270.0,9.91,33
10623,1960,3,1,124.05,325.0,131.82,33
10625,1940,3,1,80.72,330.0,64.42,33
10627,1960,3,1,122.37,330.0,51.88,33
10628,1940,3,1,152.59,330.0,47.72,33
10631,1984,3,1,103.67,0.0,70.21,33
10633,1999,9,1,144.74,90.0,10.01,33
10634,1960,3,1,91.67,90.0,10.02,33
10635,1957,6,1,91.0,90.0,10.03,33
10636,1993,3,1,89.16,90.0,8.03,33
10637,1960,3,1,114.24,90.0,8.04,33
10638,1960,3,1,109.02,90.0,6.09,33
10639,1960,3,1,100.78,90.0,5.76,33
10640,1960,3,1,109.71,90.0,7.2,33
10641,1960,6,1,94.63,90.0,7.22,33
10642,1960,3,1,113.79,90.0,7.24,33
10643,1960,3,1,112.39,90.0,7.25,33
10645,1960,3,1,117.9,90.0,7.25,33
10647,1997,9,1,95.79,90.0,6.06,33
10649,1960,3,1,103.58,95.0,5.19,33
10650,1960,3,1,105.03,90.0,6.95,33
10654,1960,3,1,99.21,90.0,9.34,33
10659,2010,9,1,67.69,270.0,15.09,33
10660,1950,6,1,212.51,270.0,19.36,33
10662,1950,3,1,138.57,270.0,23.56,33
10663,1940,3,1,151.57,270.0,27.42,33
10665,2006,3,1,251.94,270.0,12.49,33
10667,1955,3,1,160.59,270.0,9.81,33
10669,1960,3,1,147.05,270.0,9.81,33
10671,1982,12,1,169.46,270.0,9.79,33
10672,1965,6,1,116.69,270.0,9.78,33
10674,1940,3,1,139.86,270.0,9.76,33
10676,1996,3,1,101.41,270.0,9.74,33
10677,1978,6,1,81.74,270.0,9.73,33
10678,1940,6,1,73.37,270.0,9.72,33
10680,1950,3,1,106.82,270.0,9.71,33
10681,1988,9,1,94.93,270.0,9.69,33
10684,1950,3,1,108.21,270.0,9.67,33
10685,1950,9,1,101.09,270.0,9.66,33
10687,1981,3,1,136.89,270.0,9.64,33
10689,1940,3,1,82.68,270.0,9.63,33
10692,1940,3,1,95.94,270.0,9.62,33
10694,1950,9,1,81.22,270.0,9.62,33
10696,1940,6,1,99.8,270.0,9.63,33
10697,1940,6,1,99.77,270.0,11.86,33
10699,1963,3,1,90.61,270.0,89.54,33
10701,1998,12,1,538.38,270.0,11.28,33
10703,1999,12,1,1028.53,235.0,38.26,33
10704,1993,15,1,837.13,20.0,25.95,33
10705,1999,15,1,1070.5,285.0,25.51,33
10706,1942,12,1,2350.05,195.0,51.05,33
10707,1990,18,1,624.97,65.0,12.17,33
10708,1990,18,1,489.73,335.0,31.31,33
10709,1996,12,1,948.17,335.0,13.31,33
10711,1996,12,1,607.86,335.0,11.66,33
10714,1994,12,1,247.74,340.0,12.41,33
10716,1999,12,1,1089.25,285.0,28.11,33
10719,1995,18,1,384.65,65.0,12.03,33
10721,1994,18,1,464.9,110.0,28.2,33
10722,1997,15,1,392.89,160.0,12.41,33
10723,1997,15,1,400.54,160.0,12.4,33
10724,1970,18,1,318.17,345.0,20.6,33
10725,1979,12,1,559.97,260.0,36.62,33
10727,1975,21,1,333.82,35.0,45.14,33
10728,1976,21,1,290.3,80.0,24.69,33
10729,1976,21,1,317.87,80.0,25.81,33
10730,1976,21,1,420.82,115.0,36.95,33
10732,1975,15,1,286.08,155.0,9.31,33
10733,1970,18,1,304.98,165.0,13.78,33
10734,1970,18,1,231.1,170.0,19.46,33
10735,1970,18,1,297.52,260.0,11.09,33
10736,1970,18,1,303.84,260.0,11.13,33
10737,1994,15,1,507.43,260.0,33.16,33
10738,1979,15,1,361.11,20.0,10.54,33
10740,1979,15,1,343.31,0.0,11.33,33
10741,1979,18,1,199.69,30.0,46.86,33
10742,1979,21,1,369.9,75.0,31.38,33
10743,1979,21,1,365.94,80.0,24.82,33
10744,1979,24,1,1065.82,90.0,50.79,33
10745,1979,12,1,303.95,165.0,37.79,33
10746,1978,12,1,530.22,210.0,38.06,33
10748,1988,9,1,231.83,260.0,12.92,33
10750,1988,9,1,210.81,260.0,13.25,33
10752,1989,9,1,208.8,260.0,13.3,33
10754,1990,9,1,210.77,260.0,13.33,33
10755,1992,9,1,250.41,260.0,24.73,33
10757,1993,9,1,216.58,260.0,41.26,33
10758,1980,15,1,279.46,320.0,92.13,33
10760,1982,18,1,667.32,350.0,69.41,33
10762,2002,3,1,150.49,80.0,11.71,33
10763,1958,3,1,111.32,80.0,11.73,33
10765,2005,3,1,85.25,80.0,11.75,33
10766,1950,3,1,139.93,80.0,11.77,33
10767,2021,3,1,256.87,80.0,39.26,33
10769,1984,9,1,84.03,80.0,13.59,33
10771,1992,3,1,81.5,80.0,11.98,33
10772,1964,6,1,254.73,135.0,34.25,33
10774,1954,9,1,117.84,185.0,9.84,33
10777,1977,12,1,153.79,185.0,9.8,33
10779,2023,3,1,139.09,185.0,9.79,33
10782,1978,21,1,135.99,255.0,35.46,33
10783,1979,21,1,240.49,255.0,35.55,33
10784,1979,21,1,254.23,255.0,20.39,33
10785,1979,21,1,248.6,260.0,20.62,33
10786,1980,15,1,312.46,280.0,25.1,33
10787,2008,9,1,253.3,80.0,14.03,33
10789,1960,3,1,67.33,5.0,9.85,33
10791,1962,3,1,100.43,5.0,9.86,33
10792,1960,3,1,131.99,5.0,9.88,33
10794,1958,3,1,103.56,80.0,11.96,33
10796,1973,6,1,112.41,80.0,11.95,33
10797,1986,6,1,182.43,80.0,11.95,33
10798,1975,9,1,137.87,135.0,34.17,33
10799,1958,6,1,131.75,185.0,9.92,33
10802,1984,18,1,708.08,220.0,47.89,33
10804,1980,18,1,733.39,310.0,44.64,33
10805,2007,9,1,245.0,45.0,20.99,33
10806,1994,6,1,811.66,230.0,81.22,33
10808,1974,3,1,110.95,350.0,9.95,33
10810,1959,3,1,106.81,350.0,9.97,33
10811,1971,3,1,119.05,350.0,9.99,33
10812,1964,3,1,113.49,350.0,10.05,33
10814,1974,12,1,965.7,170.0,69.37,33
10815,1960,3,1,50.36,30.0,12.02,33
10816,1969,3,1,110.31,30.0,12.03,33
10817,1980,3,1,317.2,30.0,12.03,33
10818,1972,3,1,79.89,30.0,12.04,33
10821,1960,3,1,143.61,30.0,12.0,33
10823,1960,3,1,136.05,30.0,12.01,33
10824,1960,3,1,86.73,30.0,12.0,33
10825,1962,3,1,140.85,30.0,12.02,33
10826,1956,3,1,114.09,75.0,58.44,33
10828,1971,6,1,145.52,120.0,60.77,33
10829,1963,3,1,137.24,120.0,54.97,33
10830,1953,3,1,133.14,115.0,54.88,33
10833,1960,3,1,125.83,115.0,48.09,33
10834,1960,3,1,96.04,115.0,46.19,33
10836,1986,3,1,301.2,120.0,50.08,33
10837,1958,3,1,131.4,115.0,46.22,33
10838,1962,3,1,147.7,120.0,35.76,33
10839,1968,3,1,93.5,120.0,35.94,33
10841,1967,6,1,183.74,265.0,11.92,33
10843,1963,3,1,123.36,265.0,11.93,33
10845,1969,3,1,89.51,120.0,36.42,33
10846,2002,9,1,142.71,115.0,36.52,33
10847,1961,3,1,85.63,120.0,36.84,33
10849,1968,3,1,105.91,115.0,36.86,33
10850,1958,3,1,130.05,115.0,37.06,33
10851,1993,6,1,117.55,265.0,12.08,33
10853,1972,3,1,70.65,265.0,11.93,33
10854,1979,3,1,112.69,265.0,11.9,33
10855,1956,3,1,121.12,265.0,11.87,33
10857,1951,3,1,61.51,265.0,11.86,33
10858,2004,6,1,73.32,265.0,11.86,33
10859,1960,3,1,63.65,265.0,11.81,33
10860,1960,3,1,35.0,265.0,11.96,33
10861,1963,3,1,78.46,30.0,12.13,33
10863,1954,3,1,47.43,30.0,12.1,33
10865,1953,3,1,98.03,30.0,12.09,33
10866,1999,3,1,150.86,30.0,12.08,33
10867,1966,3,1,86.66,30.0,12.07,33
10868,1967,3,1,182.8,205.0,27.26,33
10870,1963,3,1,192.95,30.0,12.03,33
10871,1954,3,1,174.69,30.0,12.02,33
10872,1954,6,1,179.62,30.0,12.0,33
10874,1976,3,1,124.1,30.0,11.98,33
10875,1954,3,1,110.94,30.0,11.96,33
10876,2022,6,1,116.42,30.0,12.1,33
10878,1954,3,1,126.73,30.0,12.1,33
10879,1959,3,1,168.35,30.0,12.09,33
10881,2007,9,1,126.67,30.0,12.09,33
10882,1970,9,1,118.98,30.0,12.05,33
10884,1954,3,1,93.4,210.0,12.8,33
10885,1999,9,1,144.8,210.0,13.38,33
10888,1993,3,1,108.93,210.0,14.73,33
10889,1954,3,1,133.61,215.0,14.96,33
10890,1954,3,1,120.78,30.0,11.94,33
10891,1953,3,1,88.34,75.0,56.89,33
10892,1950,3,1,111.65,115.0,40.75,33
10894,1997,3,1,162.62,115.0,40.95,33
10895,1956,6,1,72.71,115.0,42.28,33
10896,1970,3,1,68.09,210.0,12.08,33
10897,1962,3,1,104.15,210.0,12.05,33
10898,1962,3,1,96.89,210.0,12.01,33
10899,1958,3,1,67.38,210.0,11.99,33
10900,1958,3,1,67.72,210.0,12.0,33
10901,1997,3,1,178.26,210.0,12.04,33
10903,1957,9,1,197.63,210.0,12.03,33
10905,2003,6,1,170.11,210.0,14.26,33
10906,1960,3,1,76.76,210.0,35.23,33
10907,1973,3,1,110.56,210.0,26.7,33
10908,1970,3,1,80.16,260.0,12.22,33
10909,1956,3,1,32.92,260.0,12.05,33
10910,2003,3,1,60.95,260.0,11.97,33
10913,2007,6,1,60.6,195.0,9.06,33
10914,2007,6,1,83.47,30.0,12.01,33
10915,2008,6,1,33.2,210.0,12.48,33
10916,2000,3,1,82.42,30.0,12.03,33
10917,2009,6,1,496.52,30.0,12.1,33
10918,1958,3,1,238.6,65.0,15.74,33
10919,1958,6,1,205.14,65.0,16.11,33
10925,1950,6,1,74.07,55.0,16.19,33
10927,1992,3,1,151.74,50.0,15.83,33
10929,1970,3,1,97.4,45.0,15.75,33
10931,1968,6,1,93.52,45.0,15.7,33
10932,1965,6,1,104.83,45.0,15.64,33
10933,1934,3,1,81.9,40.0,15.64,33
10935,1996,6,1,315.91,40.0,15.6,33
10936,1998,3,1,172.96,115.0,37.38,33
10938,1950,3,1,54.57,225.0,12.18,33
10939,1950,3,1,89.58,225.0,12.17,33
10940,1946,3,1,73.1,225.0,12.15,33
10941,1953,3,1,87.33,225.0,12.14,33
10942,2009,6,1,62.98,225.0,12.13,33
10945,1973,3,1,73.94,225.0,12.12,33
10946,1956,3,1,106.58,225.0,12.1,33
10947,1960,3,1,90.48,225.0,12.09,33
10948,1968,3,1,91.44,225.0,12.08,33
10949,1954,6,1,104.0,225.0,12.07,33
10951,1958,3,1,111.13,225.0,12.06,33
10952,1956,3,1,148.39,225.0,12.04,33
10953,1960,3,1,84.91,225.0,12.03,33
10955,1965,3,1,122.0,225.0,12.02,33
10956,1966,3,1,84.75,225.0,12.01,33
10958,1965,12,1,178.45,225.0,12.0,33
10959,1965,12,1,204.32,225.0,11.96,33
10960,2004,9,1,81.86,225.0,11.94,33
10961,1956,3,1,46.12,225.0,11.92,33
10962,1965,3,1,93.42,315.0,12.0,33
10963,1992,6,1,210.2,315.0,11.88,33
10965,1997,6,1,86.98,315.0,11.72,33
10968,1950,3,1,80.72,45.0,11.93,33
10969,1977,3,1,139.06,45.0,12.0,33
10971,1963,3,1,132.89,45.0,12.0,33
10972,1977,9,1,267.77,45.0,12.02,33
10973,1991,3,1,91.4,45.0,12.05,33
10974,1950,3,1,109.55,45.0,12.06,33
10975,1953,3,1,135.65,45.0,12.07,33
10976,2007,3,1,269.57,45.0,12.08,33
10977,2004,3,1,92.72,45.0,12.11,33
10978,1959,3,1,143.46,45.0,12.15,33
10980,1946,3,1,67.56,45.0,12.17,33
10982,1940,3,1,66.37,45.0,12.18,33
10983,1993,3,1,72.69,45.0,12.2,33
10984,1950,3,1,89.37,80.0,44.61,33
10985,1945,3,1,86.34,120.0,37.55,33
10986,1966,3,1,109.47,120.0,38.08,33
10987,1982,6,1,134.25,115.0,40.55,33
10988,1946,3,1,90.18,115.0,41.06,33
10989,1963,3,1,116.24,120.0,40.78,33
10990,2000,3,1,98.2,120.0,44.81,33
10991,1999,3,1,113.14,120.0,47.63,33
10992,1952,3,1,111.28,210.0,11.96,33
10993,1964,3,1,55.24,210.0,12.01,33
10994,1968,3,1,101.32,210.0,12.03,33
10995,1952,3,1,96.09,210.0,12.06,33
10996,1967,3,1,84.08,210.0,12.09,33
10997,1966,3,1,94.46,210.0,12.09,33
10998,2004,6,1,92.35,210.0,12.09,33
10999,1990,12,1,99.5,210.0,12.1,33
11002,1955,3,1,84.14,210.0,12.1,33
11003,1955,3,1,110.38,210.0,12.1,33
11004,1960,3,1,120.53,210.0,12.1,33
11006,1968,3,1,149.09,210.0,12.1,33
11007,1966,3,1,116.44,210.0,11.97,33
11008,1965,6,1,157.16,210.0,11.97,33
11009,1980,3,1,115.51,210.0,11.98,33
11011,1958,6,1,128.84,210.0,12.02,33
11013,1959,9,1,132.16,210.0,12.04,33
11015,1960,3,1,102.05,210.0,12.06,33
11016,1964,3,1,180.5,210.0,12.07,33
11017,1955,3,1,133.54,210.0,12.08,33
11018,1955,3,1,170.97,210.0,12.09,33
11019,2000,3,1,196.33,210.0,12.1,33
11020,1950,3,1,148.05,210.0,12.11,33
11022,1975,3,1,88.08,210.0,12.13,33
11023,1945,3,1,55.38,210.0,14.99,33
11025,1943,3,1,,315.0,11.76,33
11026,1944,3,1,63.77,315.0,11.8,33
11027,2002,6,1,116.01,315.0,11.93,33
11029,1975,3,1,96.59,315.0,11.96,33
11030,1960,3,1,103.02,320.0,12.01,33
11031,1999,3,1,98.35,315.0,11.99,33
11032,1977,3,1,78.31,315.0,11.83,33
11033,2004,3,1,300.19,210.0,12.01,33
11035,1946,6,1,252.19,45.0,12.13,33
11037,1942,6,1,79.0,315.0,11.86,33
11038,1951,9,1,53.19,315.0,11.89,33
11039,2020,6,1,62.83,315.0,11.9,33
11040,1975,9,1,96.03,45.0,12.0,33
11041,1977,3,1,130.19,45.0,11.98,33
11042,1968,3,1,108.29,45.0,11.95,33
11044,1979,9,1,132.36,45.0,11.92,33
11045,1969,9,1,126.78,45.0,33.2,33
11046,1980,6,1,137.06,135.0,7.92,33
11047,1984,9,1,140.65,135.0,7.92,33
11048,1964,6,1,141.95,135.0,7.92,33
11049,1975,3,1,139.31,135.0,7.93,33
11050,1976,6,1,142.15,135.0,7.92,33
11051,1969,3,1,104.49,240.0,15.96,33
11052,1966,3,1,89.61,240.0,15.92,33
11054,1965,6,1,140.64,315.0,16.77,33
11060,1967,3,1,147.74,280.0,12.65,33
11062,1957,9,1,59.28,5.0,10.05,33
11063,1998,3,1,126.26,5.0,10.09,33
11064,1974,3,1,129.08,5.0,10.11,33
11065,1960,3,1,128.97,5.0,10.12,33
11066,1954,3,1,118.49,5.0,10.14,33
11067,1964,3,1,129.86,5.0,10.17,33
11068,1948,3,1,157.12,95.0,12.4,33
11070,1955,3,1,111.45,95.0,12.3,33
11071,1958,3,1,76.64,100.0,12.33,33
11072,1982,9,1,140.28,100.0,47.03,33
11073,1972,3,1,116.2,280.0,12.38,33
11075,1968,3,1,119.82,280.0,12.35,33
11077,1966,3,1,128.71,280.0,12.37,33
11079,1966,3,1,138.01,280.0,12.39,33
11080,2008,6,1,366.81,280.0,12.42,33
11081,1982,3,1,269.63,280.0,12.47,33
11083,1954,3,1,129.4,280.0,12.5,33
11084,1950,3,1,118.45,280.0,12.51,33
11085,2001,3,1,98.4,280.0,12.52,33
11086,1953,3,1,111.72,280.0,12.54,33
11088,2007,6,1,159.15,280.0,12.57,33
11089,1990,9,1,203.34,280.0,12.6,33
11091,1968,3,1,115.76,280.0,12.62,33
11092,2001,6,1,878.27,110.0,59.47,33
11094,1954,6,1,111.1,95.0,12.55,33
11096,2002,6,1,213.42,95.0,13.09,33
11098,1950,3,1,185.49,215.0,37.01,33
11104,1965,3,1,240.73,215.0,29.31,33
11106,1935,6,1,222.32,215.0,29.75,33
11108,1968,3,1,95.1,345.0,9.89,33
11109,1935,3,1,92.05,350.0,9.89,33
11110,1975,9,1,131.06,345.0,9.88,33
11112,1962,3,1,121.9,345.0,9.88,33
11113,1935,3,1,113.97,350.0,9.89,33
11114,1955,3,1,118.7,75.0,10.3,33
11116,1955,3,1,104.4,75.0,10.32,33
11117,1970,3,1,117.83,75.0,10.34,33
11118,1955,3,1,112.23,75.0,10.36,33
11119,1940,3,1,76.35,75.0,10.38,33
11120,1950,3,1,93.41,75.0,10.4,33
11121,1980,3,1,114.09,75.0,10.43,33
11122,1935,3,1,163.48,215.0,30.42,33
11124,1997,3,1,69.58,215.0,30.18,33
11125,2009,15,1,349.65,75.0,10.23,33
11127,1967,3,1,144.33,35.0,28.18,33
11129,1972,3,1,243.15,40.0,28.86,33
11131,1970,3,1,105.62,35.0,29.09,33
11133,1958,3,1,128.98,35.0,29.27,33
11134,1960,3,1,86.21,35.0,29.44,33
11135,1974,3,1,44.63,35.0,29.59,33
11137,1980,9,1,101.64,35.0,30.03,33
11139,1966,3,1,145.58,185.0,10.3,33
11140,1970,3,1,83.1,35.0,30.74,33
11141,1976,3,1,88.05,50.0,67.32,33
11143,1979,3,1,85.55,130.0,20.39,33
11145,1972,3,1,99.16,185.0,10.9,33
11146,1982,3,1,86.47,185.0,10.22,33
11148,1949,3,1,122.39,185.0,10.14,33
11150,1960,3,1,66.63,185.0,10.12,33
11152,1935,3,1,63.61,185.0,10.11,33
11154,1978,3,1,98.94,185.0,10.09,33
11156,1944,3,1,36.35,185.0,10.07,33
11158,1930,3,1,95.83,280.0,12.87,33
11161,1972,9,1,199.68,280.0,12.83,33
11162,2009,6,1,110.85,280.0,12.81,33
11163,1936,3,1,143.26,280.0,12.77,33
11164,1960,3,1,159.67,280.0,12.74,33
11166,1969,3,1,106.67,280.0,12.72,33
11168,1977,9,1,112.1,280.0,12.68,33
11169,1944,6,1,48.34,185.0,10.17,33
11170,1987,3,1,101.55,35.0,29.91,33
11179,1957,3,1,125.22,10.0,9.85,33
11180,2007,6,1,97.96,5.0,9.86,33
11181,1969,3,1,149.33,10.0,9.89,33
11183,2002,6,1,114.48,10.0,9.91,33
11184,1951,6,1,89.3,5.0,9.92,33
11186,1976,3,1,174.3,10.0,9.94,33
11189,1920,3,1,150.38,95.0,9.96,33
11191,2024,6,1,90.55,90.0,9.95,33
11193,1990,3,1,145.34,90.0,9.94,33
11195,1960,6,1,104.18,90.0,9.93,33
11197,1961,3,1,149.39,90.0,9.92,33
11199,1949,3,1,212.59,90.0,9.91,33
11201,1998,6,1,212.77,90.0,9.89,33
11202,1994,3,1,99.05,90.0,9.88,33
11203,1965,9,1,128.57,90.0,9.88,33
11204,1951,6,1,207.42,90.0,9.86,33
11205,1951,6,1,255.56,90.0,9.82,33
11206,2023,12,1,304.77,95.0,26.45,33
11209,1931,3,1,239.28,230.0,50.21,33
11211,1949,9,1,118.77,275.0,36.95,33
11212,1961,9,1,120.76,275.0,15.39,33
11213,2021,6,1,84.32,275.0,8.88,33
11216,2017,6,1,60.08,275.0,8.91,33
11217,1966,3,1,137.23,275.0,8.93,33
11219,1951,6,1,175.68,275.0,8.95,33
11222,1965,6,1,108.16,275.0,8.97,33
11224,1950,3,1,146.57,275.0,8.99,33
11226,2019,6,1,93.52,275.0,9.11,33
11229,1951,6,1,149.5,90.0,9.84,33
11230,1941,9,1,123.92,90.0,9.87,33
11232,2023,6,1,322.59,275.0,9.02,33
11236,1953,3,1,204.02,275.0,11.27,33
11239,1951,3,1,135.63,5.0,7.53,33
11240,1963,6,1,93.8,5.0,7.58,33
11242,1956,3,1,50.48,5.0,7.65,33
11243,1964,6,1,121.16,5.0,7.74,33
11244,1989,3,1,114.9,95.0,8.92,33
11246,1950,6,1,112.66,160.0,10.23,33
11247,1960,3,1,93.57,160.0,10.09,33
11249,2021,6,1,62.4,160.0,10.01,33
11251,1997,9,1,600.64,260.0,14.04,33
11252,1969,9,1,202.82,275.0,8.91,33
11253,1918,3,1,85.42,0.0,7.85,33
11255,1973,3,1,75.88,0.0,7.86,33
11256,1915,3,1,373.41,0.0,7.89,33
11257,1951,3,1,84.56,0.0,7.92,33
11258,1948,3,1,90.45,0.0,7.94,33
11259,1942,3,1,54.24,0.0,7.94,33
11260,1953,3,1,34.15,0.0,7.95,33
11261,1894,3,1,260.36,95.0,9.96,33
11264,1920,3,1,129.96,95.0,10.07,33
11265,1989,3,1,144.46,95.0,10.14,33
11267,1950,3,1,55.44,185.0,8.02,33
11268,1946,3,1,71.72,185.0,8.01,33
11269,1993,9,1,53.72,185.0,8.0,33
11271,1995,9,1,46.52,185.0,7.99,33
11272,1890,3,1,63.03,185.0,7.98,33
11273,1948,3,1,128.56,185.0,7.97,33
11275,2001,6,1,103.06,185.0,7.97,33
11277,1961,3,1,99.06,185.0,7.96,33
11279,1950,3,1,96.04,185.0,7.95,33
11280,1937,3,1,124.51,185.0,7.94,33
11281,1961,12,1,231.26,185.0,7.93,33
11282,2014,9,1,173.61,180.0,7.92,33
11283,1966,9,1,80.29,275.0,8.94,33
11286,1997,9,1,274.2,95.0,9.89,33
11288,1976,9,1,168.64,275.0,8.93,33
11290,1951,3,1,109.03,275.0,8.94,33
11291,1928,3,1,78.92,5.0,7.89,33
11293,1918,3,1,85.21,5.0,7.91,33
11294,1933,3,1,92.71,5.0,7.91,33
11295,1922,3,1,87.27,5.0,7.92,33
11296,1903,3,1,108.77,5.0,7.93,33
11297,1950,3,1,185.58,0.0,7.97,33
11298,1951,3,1,82.47,5.0,7.97,33
11299,1981,9,1,83.89,5.0,7.98,33
11301,1912,3,1,92.53,5.0,7.99,33
11302,1960,6,1,100.59,5.0,8.0,33
11303,1999,3,1,101.43,5.0,8.01,33
11304,2019,9,1,65.11,5.0,8.02,33
11306,2019,9,1,92.27,5.0,8.03,33
11307,2000,9,1,116.45,0.0,11.62,33
11308,1978,12,1,359.06,90.0,10.05,33
11309,1949,3,1,106.38,185.0,10.01,33
11310,2005,9,1,64.69,185.0,9.94,33
11312,2009,12,1,59.44,275.0,8.97,33
11314,1950,3,1,197.99,185.0,9.91,33
11315,1921,3,1,61.0,0.0,7.95,33
11316,2005,9,1,339.77,185.0,9.84,33
11317,2012,15,1,186.49,185.0,9.98,33
11319,1958,3,1,111.53,305.0,21.37,33
11322,2000,6,1,125.56,0.0,9.85,33
11323,1961,3,1,101.63,0.0,9.85,33
11324,1941,3,1,116.19,0.0,9.83,33
11326,2017,9,1,287.96,95.0,8.75,33
11329,1900,9,1,98.78,95.0,8.77,33
11330,1999,3,1,79.91,90.0,8.78,33
11331,2008,6,1,360.56,95.0,8.8,33
11332,1950,6,1,111.54,95.0,77.84,33
11335,1992,3,1,123.27,95.0,55.52,33
11336,1987,6,1,87.0,95.0,8.9,33
11338,1951,3,1,89.36,95.0,8.91,33
11340,1971,3,1,79.32,95.0,8.91,33
11341,1963,3,1,114.44,95.0,8.92,33
11343,1966,6,1,75.45,95.0,8.92,33
11345,1905,3,1,86.64,95.0,8.93,33
11347,1988,3,1,52.57,95.0,8.93,33
11348,1961,9,1,208.52,95.0,8.94,33
11349,2006,6,1,93.7,180.0,7.7,33
11350,1963,6,1,76.32,180.0,7.65,33
11351,1961,3,1,103.9,185.0,7.56,33
11352,1950,3,1,90.67,185.0,7.5,33
11353,1996,3,1,56.66,185.0,7.44,33
11354,1981,12,1,220.07,260.0,13.91,33
11356,1959,3,1,103.85,260.0,13.91,33
11357,1970,18,1,189.88,260.0,13.91,33
11359,1963,3,1,169.06,260.0,13.91,33
11361,1960,3,1,407.65,260.0,13.9,33
11363,2006,9,1,126.88,270.0,14.13,33
11364,1961,3,1,107.13,260.0,13.9,33
11368,1999,9,1,276.62,260.0,21.79,33
11369,2022,12,1,519.44,0.0,9.77,33
11370,1998,3,1,122.95,355.0,22.6,33
11371,1927,3,1,89.85,0.0,9.95,33
11373,1944,3,1,86.98,0.0,9.83,33
11374,1934,3,1,105.93,0.0,9.77,33
11375,1970,3,1,135.73,0.0,9.73,33
11377,1900,3,1,95.42,0.0,9.66,33
11379,1982,3,1,132.89,0.0,9.61,33
11380,1968,3,1,135.12,0.0,9.56,33
11382,1974,3,1,114.58,355.0,9.48,33
11383,1941,6,1,66.93,95.0,8.89,33
11386,1940,3,1,80.41,95.0,8.89,33
11387,1973,3,1,88.6,95.0,8.89,33
11389,1954,3,1,86.75,95.0,8.89,33
11390,1968,3,1,138.01,95.0,8.89,33
11391,2010,9,1,60.25,95.0,8.89,33
11393,1975,15,1,242.62,180.0,9.74,33
11394,1970,3,1,102.79,180.0,9.76,33
11395,1970,3,1,157.87,180.0,9.78,33
11397,1948,3,1,182.59,180.0,9.81,33
11399,1998,3,1,142.93,180.0,9.82,33
11401,1948,6,1,91.54,275.0,18.97,33
11402,2020,9,1,102.38,275.0,8.39,33
11407,2001,9,1,356.11,225.0,28.04,33
11408,1977,9,1,102.28,5.0,9.97,33
11411,1959,3,1,125.9,5.0,9.97,33
11412,1961,3,1,123.86,5.0,9.98,33
11413,1998,3,1,106.07,5.0,9.99,33
11414,1971,15,1,289.41,5.0,10.0,33
11416,1960,3,1,197.93,95.0,8.33,33
11417,1995,3,1,82.82,95.0,8.4,33
11418,1956,3,1,121.37,95.0,8.44,33
11420,1960,6,1,136.95,95.0,8.47,33
11422,1951,3,1,129.88,95.0,8.51,33
11423,1926,3,1,125.5,95.0,8.55,33
11424,2002,3,1,105.6,95.0,8.6,33
11425,1948,3,1,127.52,95.0,8.64,33
11427,1931,3,1,111.9,95.0,8.68,33
11429,1930,3,1,107.43,95.0,8.71,33
11431,1932,3,1,119.22,95.0,8.75,33
11432,1965,3,1,118.5,95.0,8.79,33
11433,1964,6,1,88.32,95.0,8.88,33
11435,1961,9,1,81.88,95.0,8.86,33
11437,1977,6,1,147.48,180.0,9.43,33
11439,1941,6,1,76.84,180.0,9.56,33
11441,1941,6,1,86.27,180.0,9.6,33
11443,2006,6,1,90.2,180.0,9.66,33
11444,1970,3,1,143.05,180.0,9.72,33
11445,1963,12,1,101.64,180.0,9.76,33
11446,1955,6,1,129.9,180.0,9.83,33
11448,1971,3,1,153.31,180.0,9.88,33
11450,1939,3,1,118.6,180.0,9.94,33
11452,1961,3,1,106.93,180.0,10.0,33
11453,2002,12,1,201.24,180.0,10.07,33
11456,1961,9,1,124.11,275.0,9.87,33
11458,1948,3,1,81.59,275.0,9.85,33
11459,1951,3,1,101.99,275.0,9.84,33
11461,1982,6,1,103.3,275.0,9.84,33
11462,1987,3,1,134.04,275.0,9.83,33
11464,1948,6,1,78.05,275.0,9.84,33
11465,2003,9,1,413.5,275.0,14.26,33
11466,2008,12,1,233.69,270.0,9.95,33
11468,1949,9,1,124.2,5.0,7.81,33
11470,1967,3,1,170.04,5.0,7.82,33
11471,1966,3,1,122.12,5.0,7.83,33
11474,2014,6,1,100.33,5.0,7.84,33
11476,1966,3,1,130.47,0.0,7.85,33
11477,1956,9,1,148.68,5.0,7.85,33
11478,1960,3,1,149.6,95.0,9.0,33
11480,1994,6,1,221.02,95.0,9.05,33
11481,1968,3,1,120.41,95.0,9.09,33
11482,1970,3,1,245.29,185.0,9.5,33
11485,1964,3,1,123.8,185.0,9.6,33
11486,1969,12,1,382.8,185.0,9.69,33
11487,1971,15,1,276.66,275.0,9.82,33
11489,1999,9,1,155.39,275.0,10.41,33
11490,1963,6,1,110.7,5.0,9.76,33
11491,1919,9,1,95.37,5.0,9.73,33
11492,1910,6,1,92.63,5.0,9.67,33
11493,1999,12,1,138.77,5.0,9.48,33
11494,1999,9,1,114.95,95.0,9.19,33
11495,2007,6,1,87.02,90.0,9.17,33
11497,1953,3,1,91.12,95.0,9.15,33
11499,1976,6,1,314.76,95.0,9.11,33
11500,1960,6,1,106.96,95.0,9.09,33
11502,1960,3,1,90.78,90.0,9.08,33
11503,1930,3,1,105.37,90.0,9.06,33
11504,1921,3,1,115.57,95.0,9.03,33
11505,1916,9,1,115.77,95.0,9.02,33
11507,1961,27,1,956.25,185.0,9.99,33
11508,1960,15,1,512.27,185.0,9.95,33
11509,2008,12,1,94.44,270.0,9.41,33
11512,1950,3,1,136.92,275.0,9.33,33
11514,1939,6,1,128.17,275.0,9.31,33
11515,2007,9,1,241.89,275.0,9.48,33
11516,1951,6,1,122.15,90.0,9.14,33
11521,1997,6,1,59.49,0.0,10.02,33
11524,1930,9,1,108.13,0.0,10.0,33
11525,1930,3,1,110.98,0.0,9.98,33
11526,1931,6,1,260.45,0.0,9.96,33
11528,1930,9,1,111.15,0.0,9.91,33
11531,1934,3,1,66.57,0.0,9.9,33
11533,1930,6,1,92.86,275.0,41.44,33
11535,1940,6,1,125.89,0.0,7.88,33
11536,1919,6,1,367.01,0.0,7.88,33
11537,1970,9,1,110.16,0.0,7.88,33
11539,1916,3,1,169.83,0.0,42.68,33
11540,1914,3,1,419.27,0.0,8.03,33
11541,1924,3,1,90.08,5.0,8.0,33
11542,1930,3,1,114.08,0.0,7.97,33
11544,1971,9,1,129.65,0.0,7.93,33
11545,1940,6,1,103.1,0.0,7.91,33
11547,1919,3,1,139.76,0.0,7.88,33
11548,1921,3,1,80.67,0.0,7.86,33
11550,2005,6,1,190.92,0.0,7.8,33
11552,1931,3,1,75.58,0.0,7.77,33
11553,1919,3,1,109.64,0.0,7.73,33
11554,1939,6,1,151.11,0.0,7.71,33
11557,1926,3,1,71.17,5.0,120.3,33
11559,1948,6,1,112.09,90.0,9.39,33
11560,1985,9,1,661.26,90.0,9.43,33
11562,1965,3,1,174.2,90.0,10.04,33
11565,1967,15,1,253.0,160.0,31.64,33
11567,1976,21,1,400.74,185.0,10.42,33
11570,1965,21,1,405.05,180.0,10.32,33
11572,1965,21,1,253.5,180.0,32.51,33
11575,1965,15,1,418.25,275.0,8.82,33
11576,1965,12,1,754.66,260.0,8.89,33
11578,1965,21,1,568.41,340.0,19.62,33
11579,1975,18,1,284.34,340.0,7.92,33
11582,1959,6,1,253.46,340.0,8.02,33
11584,1969,27,1,184.23,340.0,8.16,33
11587,2011,12,1,186.95,340.0,9.82,33
11589,1939,3,1,149.62,170.0,4.32,33
11591,1945,9,1,169.95,50.0,37.63,33
11593,1990,9,1,624.57,95.0,22.59,33
11594,1955,3,1,363.09,95.0,9.54,33
11596,1992,9,1,209.29,95.0,9.7,33
11599,1956,15,1,308.5,180.0,7.86,33
11600,1914,6,1,150.07,185.0,7.86,33
11601,1968,3,1,118.31,185.0,7.86,33
11603,1938,3,1,114.53,185.0,7.86,33
11604,1913,3,1,189.2,185.0,7.86,33
11606,1945,9,1,140.85,5.0,0.0,33
11608,1930,3,1,108.32,0.0,9.93,33
11609,1921,9,1,94.74,0.0,7.84,33
11612,2001,9,1,1343.06,5.0,10.05,33
11615,2000,9,1,277.69,95.0,9.65,33
11616,2001,9,1,232.22,0.0,10.05,33
11619,2023,15,1,360.08,275.0,8.92,33
11620,1912,3,1,90.75,0.0,26.56,33
11622,1959,3,1,113.95,0.0,9.29,33
11623,1965,3,1,115.57,0.0,9.96,33
11624,1958,3,1,105.63,0.0,10.05,33
11625,1971,3,1,103.04,95.0,15.4,33
11626,1958,3,1,133.09,95.0,13.15,33
11629,2019,9,1,128.71,180.0,7.77,33
11632,1940,3,1,101.29,180.0,7.72,33
11633,2018,3,1,107.33,180.0,7.69,33
11636,1996,6,1,117.41,180.0,7.64,33
11637,2013,9,1,230.07,0.0,9.59,33
11638,1936,9,1,182.72,0.0,43.92,33
11641,1951,9,1,86.51,0.0,94.66,33
11644,1950,3,1,84.75,0.0,9.72,33
11645,1939,3,1,81.95,0.0,9.72,33
11646,1939,3,1,85.37,0.0,9.73,33
11647,1997,3,1,53.03,0.0,9.74,33
11649,1940,3,1,94.48,0.0,9.74,33
11650,1931,3,1,85.04,0.0,9.76,33
11651,1939,3,1,91.8,0.0,9.77,33
11656,1966,9,1,136.5,95.0,9.08,33
11657,1929,3,1,249.88,95.0,9.04,33
11659,1999,6,1,238.25,180.0,21.24,33
11660,1989,3,1,93.47,180.0,7.87,33
11661,1989,3,1,93.53,180.0,7.87,33
11662,1989,3,1,93.72,180.0,7.87,33
11663,1989,3,1,92.3,180.0,7.86,33
11664,1989,3,1,94.32,180.0,7.86,33
11665,1989,12,1,71.57,255.0,38.93,33
11670,1982,3,1,78.49,275.0,9.12,33
11672,1982,9,1,71.0,275.0,9.09,33
11673,1970,3,1,71.56,270.0,9.07,33
11675,1934,3,1,84.45,270.0,9.06,33
11676,1998,3,1,92.64,275.0,9.0,33
11677,1990,3,1,86.38,0.0,9.0,33
11678,1990,6,1,85.65,95.0,8.96,33
11680,1990,3,1,58.0,95.0,8.97,33
11681,1990,3,1,59.86,95.0,8.98,33
11682,1990,3,1,55.75,95.0,8.99,33
11683,2021,6,1,74.45,180.0,7.88,33
11685,1993,6,1,79.9,0.0,9.78,33
11686,1934,3,1,93.45,5.0,7.83,33
11688,1909,3,1,89.83,0.0,7.82,33
11689,2020,6,1,89.49,5.0,7.83,33
11692,1970,3,1,123.03,5.0,7.83,33
11694,1934,3,1,114.75,0.0,7.82,33
11696,1956,3,1,120.27,5.0,7.83,33
11699,1967,3,1,121.78,95.0,8.66,33
11700,1971,3,1,119.56,95.0,8.72,33
11701,1911,3,1,92.68,95.0,8.77,33
11702,1973,9,1,117.05,95.0,8.81,33
11704,1919,3,1,120.57,95.0,8.85,33
11705,1991,3,1,276.72,95.0,8.93,33
11706,1990,3,1,55.79,95.0,8.99,33
11707,2002,3,1,78.16,95.0,9.04,33
11709,2004,9,1,106.66,95.0,9.18,33
11711,1946,3,1,114.25,180.0,9.75,33
11712,1949,3,1,114.73,180.0,7.78,33
11713,1924,9,1,130.17,180.0,7.73,33
11716,1931,3,1,109.09,180.0,7.68,33
11717,1939,6,1,120.6,180.0,7.65,33
11720,1947,3,1,145.62,180.0,7.61,33
11721,1967,3,1,142.64,275.0,11.51,33
11722,1919,3,1,97.21,275.0,10.26,33
11723,1946,6,1,219.42,275.0,10.24,33
11724,1970,3,1,107.01,275.0,10.23,33
11726,1942,3,1,81.86,275.0,10.2,33
11727,1943,3,1,104.45,275.0,10.19,33
11728,1928,3,1,107.65,275.0,10.18,33
11729,1988,6,1,72.07,275.0,10.17,33
11731,1996,9,1,278.95,275.0,10.12,33
11732,1936,3,1,241.55,95.0,9.1,33
11733,1950,6,1,98.67,310.0,31.56,33
11736,1930,3,1,112.49,5.0,9.82,33
11737,1996,3,1,87.16,5.0,9.83,33
11738,1930,3,1,106.07,5.0,9.83,33
11739,1930,3,1,107.97,5.0,9.84,33
11740,1930,6,1,116.03,5.0,9.84,33
11741,1930,3,1,155.4,5.0,9.84,33
11744,1930,3,1,140.92,5.0,9.84,33
11745,1930,6,1,140.47,100.0,9.86,33
11746,1975,12,1,184.95,95.0,38.18,33
11747,1950,3,1,143.78,170.0,9.84,33
11750,1992,3,1,114.98,170.0,9.81,33
11751,1950,9,1,149.52,215.0,19.88,33
11753,1943,3,1,117.9,90.0,8.92,33
11754,1969,3,1,155.82,95.0,8.93,33
11755,1910,3,1,118.0,95.0,8.93,33
11757,2016,9,1,104.21,90.0,8.93,33
11759,1966,3,1,109.35,90.0,8.93,33
11760,1970,3,1,145.78,95.0,8.93,33
11762,1958,3,1,159.8,90.0,8.93,33
11763,1966,3,1,167.02,95.0,8.93,33
11764,2006,6,1,311.62,95.0,8.93,33
11765,1996,3,1,93.59,90.0,8.94,33
11767,1959,3,1,93.93,95.0,8.94,33
11768,1956,3,1,172.65,275.0,10.02,33
11769,1959,3,1,138.29,275.0,10.03,33
11770,1949,6,1,119.24,275.0,10.03,33
11772,1988,9,1,115.51,275.0,10.04,33
11775,1998,9,1,88.51,275.0,10.05,33
11777,1987,3,1,93.2,275.0,10.06,33
11779,1946,3,1,99.39,275.0,10.06,33
11780,1955,9,1,100.35,275.0,10.07,33
11781,1922,12,1,110.62,275.0,10.08,33
11784,1960,6,1,144.93,275.0,10.09,33
11786,1930,6,1,128.64,275.0,87.41,33
11788,1941,6,1,128.71,275.0,61.34,33
11791,1952,3,1,102.42,275.0,11.43,33
11793,2002,6,1,326.85,180.0,15.38,33
11795,2003,3,1,1737.45,5.0,14.82,33
11797,2006,6,1,152.7,185.0,7.83,33
11802,1987,18,1,244.64,115.0,77.45,33
11803,1985,18,1,451.83,70.0,24.87,33
11804,1985,18,1,455.51,70.0,24.89,33
11807,1988,18,1,455.72,155.0,50.04,33
11809,1986,18,1,401.53,25.0,37.9,33
11810,1987,18,1,451.32,70.0,25.77,33
11812,1991,18,1,456.79,200.0,59.93,33
11814,1991,12,1,474.02,245.0,11.95,33
11816,1992,12,1,711.51,245.0,11.91,33
11817,1988,18,1,472.96,340.0,10.13,33
11819,1992,18,1,343.18,290.0,28.15,33
11820,1973,24,1,555.47,305.0,40.18,33
11822,1953,3,1,132.81,350.0,9.87,33
11823,1953,3,1,74.0,350.0,9.84,33
11825,1965,9,1,78.45,350.0,9.82,33
11827,1936,3,1,175.05,170.0,9.93,33
11828,1996,9,1,150.64,350.0,13.42,33
11831,1972,9,1,64.37,350.0,9.84,33
11833,1976,12,1,103.44,350.0,9.79,33
11834,1976,3,1,179.17,175.0,10.11,33
11835,2019,9,1,120.27,170.0,10.11,33
11839,1929,3,1,138.39,80.0,10.12,33
11840,2020,6,1,111.15,80.0,10.15,33
11843,1973,6,1,104.25,80.0,10.17,33
11844,1949,6,1,114.38,80.0,10.19,33
11847,1940,3,1,121.08,80.0,10.21,33
11848,2020,9,1,108.58,80.0,10.24,33
11850,1930,3,1,120.14,80.0,10.26,33
11851,1929,3,1,107.68,80.0,10.3,33
11852,1977,3,1,141.82,80.0,10.31,33
11853,1928,6,1,159.9,170.0,10.1,33
11855,1973,9,1,101.96,170.0,10.04,33
11856,1960,6,1,89.56,170.0,10.03,33
11857,1960,3,1,106.54,170.0,9.88,33
11859,1970,9,1,171.47,170.0,9.83,33
11861,2002,3,1,62.49,350.0,9.79,33
11862,2001,3,1,69.24,170.0,10.07,33
11864,2005,9,1,58.77,350.0,9.81,33
11866,1975,18,1,839.22,300.0,51.58,33
11867,2002,9,1,291.73,350.0,9.9,33
11868,1940,3,1,224.41,350.0,9.93,33
11870,1978,15,1,213.17,350.0,9.96,33
11872,1977,3,1,119.22,350.0,9.99,33
11873,1950,3,1,112.15,350.0,10.03,33
11874,1932,3,1,69.65,350.0,10.05,33
11876,1983,3,1,131.29,350.0,10.07,33
11877,1988,6,1,176.89,350.0,10.09,33
11878,1940,3,1,84.44,350.0,10.11,33
11879,1930,3,1,128.85,350.0,10.12,33
11880,1962,3,1,98.4,80.0,9.67,33
11882,2000,3,1,96.96,80.0,9.7,33
11883,1986,6,1,101.44,80.0,9.72,33
11885,2021,6,1,86.34,80.0,9.76,33
11887,1930,3,1,121.98,80.0,9.77,33
11888,1930,3,1,125.11,80.0,9.81,33
11889,1930,3,1,115.89,80.0,9.84,33
11890,1950,3,1,122.32,80.0,9.86,33
11891,1930,3,1,124.76,80.0,9.88,33
11892,1942,3,1,99.75,80.0,9.91,33
11893,1930,3,1,138.32,80.0,9.94,33
11894,1980,6,1,102.73,80.0,9.96,33
11898,1940,3,1,98.01,80.0,9.99,33
11899,2021,12,1,206.85,80.0,10.04,33
11900,1975,12,1,95.52,170.0,9.61,33
11901,1960,3,1,119.45,170.0,9.61,33
11902,1950,3,1,161.8,170.0,9.6,33
11903,1988,6,1,330.39,170.0,9.6,33
11904,1988,3,1,147.99,170.0,9.61,33
11905,1997,6,1,112.69,170.0,9.61,33
11906,1935,3,1,119.2,170.0,9.61,33
11907,1947,6,1,129.69,170.0,9.61,33
11909,1962,18,1,718.0,170.0,9.75,33
11911,1998,9,1,163.11,170.0,9.61,33
11912,2008,9,1,292.49,350.0,10.2,33
11913,1975,3,1,125.7,305.0,38.01,33
11914,1999,9,1,97.24,5.0,9.83,33
11915,1994,3,1,106.71,5.0,9.94,33
11916,1916,3,1,166.65,5.0,9.95,33
11918,1970,15,1,182.16,185.0,15.28,33
11920,1996,3,1,87.97,185.0,9.84,33
11921,1955,3,1,76.51,185.0,9.84,33
11922,1950,3,1,96.01,185.0,9.84,33
11924,2023,6,1,89.08,185.0,9.84,33
11926,2023,6,1,86.47,185.0,9.84,33
11928,2000,9,1,249.63,195.0,14.18,33
11929,1990,3,1,185.37,220.0,22.26,33
11930,1958,9,1,119.98,260.0,11.95,33
11932,1957,3,1,111.87,260.0,11.95,33
11933,1954,3,1,256.84,260.0,11.95,33
11934,2001,9,1,694.54,5.0,9.91,33
11935,2003,3,1,316.61,185.0,9.83,33
11938,2006,9,1,216.12,5.0,9.8,33
11939,2017,9,1,146.95,5.0,9.86,33
11942,2017,6,1,79.36,5.0,9.87,33
11945,2018,9,1,96.08,5.0,9.88,33
11948,2016,6,1,83.11,185.0,9.83,33
11950,2017,6,1,115.25,5.0,9.83,33
11953,2017,6,1,116.43,5.0,9.84,33
11956,1978,21,1,372.04,255.0,60.82,33
11957,1975,15,1,369.67,5.0,12.07,33
11958,1991,3,1,126.98,50.0,22.32,33
11960,1978,15,1,209.93,170.0,9.83,33
11961,1979,21,1,256.98,215.0,52.24,33
11962,1978,24,1,521.53,255.0,24.69,33
11963,2006,9,1,136.46,305.0,18.22,33
11964,1984,6,1,64.39,350.0,11.98,33
11965,1960,3,1,91.77,350.0,11.97,33
11966,1960,3,1,86.27,350.0,11.97,33
11967,1963,6,1,94.27,350.0,11.97,33
11968,1959,3,1,113.13,350.0,11.96,33
11969,1991,3,1,82.39,350.0,11.69,33
11971,1972,9,1,138.15,350.0,11.73,33
11972,1985,12,1,119.81,350.0,11.77,33
11974,1973,9,1,111.13,45.0,33.55,33
11975,1990,3,1,98.55,100.0,9.79,33
11976,1976,12,1,189.39,100.0,9.81,33
11979,1975,12,1,247.74,95.0,9.84,33
11982,1985,9,1,187.43,185.0,9.95,33
11983,1983,9,1,229.78,185.0,9.91,33
11984,1983,9,1,227.55,185.0,9.88,33
11985,1983,9,1,274.63,185.0,9.86,33
11986,1983,9,1,239.04,185.0,9.84,33
11987,1980,9,1,311.42,185.0,9.81,33
11989,1979,9,1,313.47,220.0,21.63,33
11990,1985,9,1,231.51,185.0,9.93,33
11992,1991,6,1,173.4,350.0,11.95,33
11994,1989,3,1,104.89,350.0,11.9,33
11995,1989,3,1,108.23,350.0,11.86,33
11996,1990,6,1,105.19,350.0,11.82,33
11997,1989,3,1,104.47,350.0,11.78,33
11998,1989,3,1,104.06,350.0,11.74,33
11999,1989,9,1,182.99,350.0,11.69,33
12001,1989,3,1,101.39,350.0,11.92,33
12003,1989,18,1,133.49,260.0,96.75,33
12005,2003,15,1,153.3,350.0,29.57,33
12006,1971,12,1,327.66,350.0,29.65,33
12007,1977,21,1,355.83,350.0,29.73,33
12009,1975,21,1,366.86,350.0,29.81,33
12010,1974,21,1,537.35,350.0,31.4,33
12011,1970,21,1,364.32,350.0,31.51,33
12013,1988,15,1,844.33,345.0,29.75,33
12015,1960,21,1,519.13,45.0,62.34,33
12016,2007,9,1,126.66,100.0,9.78,33
12017,1999,9,1,175.94,100.0,9.8,33
12018,1980,15,1,175.63,100.0,9.83,33
12019,1970,12,1,226.97,170.0,22.87,33
12020,1960,15,1,154.92,170.0,11.81,33
12022,1991,9,1,359.19,170.0,11.73,33
12024,1960,3,1,108.89,215.0,19.15,33
12026,1965,3,1,134.65,260.0,16.17,33
12027,1965,3,1,80.11,260.0,90.31,33
12028,1963,3,1,106.65,260.0,93.76,33
12029,1984,15,1,426.13,350.0,29.72,33
12030,1989,6,1,232.21,170.0,11.69,33
12034,1995,6,1,231.7,170.0,11.82,33
12036,2004,3,1,118.33,170.0,11.87,33
12038,1992,3,1,181.44,170.0,11.75,33
12040,1998,12,1,259.83,170.0,11.96,33
12044,2009,9,1,937.68,170.0,11.97,33
12045,2009,9,1,165.35,260.0,11.81,33
12046,1998,6,1,148.63,270.0,50.8,33
12047,2005,9,1,90.44,350.0,12.0,33
12048,1963,3,1,103.58,350.0,12.02,33
12049,1945,3,1,154.2,350.0,12.04,33
12050,1970,3,1,148.19,350.0,12.05,33
12051,1970,9,1,129.73,350.0,38.22,33
12052,1967,6,1,142.35,350.0,12.05,33
12054,1963,3,1,127.07,350.0,12.06,33
12056,1970,3,1,162.81,350.0,12.08,33
12058,1961,3,1,126.07,350.0,12.11,33
12059,1970,3,1,121.5,350.0,12.14,33
12060,1961,3,1,110.47,350.0,12.17,33
12061,1980,9,1,60.93,35.0,26.68,33
12062,1963,3,1,67.22,80.0,11.98,33
12063,1965,3,1,68.24,80.0,12.12,33
12065,1986,3,1,101.39,80.0,12.19,33
12067,1986,6,1,290.7,125.0,43.75,33
12068,1978,6,1,645.75,170.0,29.82,33
12070,1990,6,1,386.7,170.0,29.68,33
12071,1967,6,1,138.57,170.0,29.59,33
12073,1970,3,1,147.73,215.0,78.0,33
12075,1985,3,1,101.91,260.0,inf,33
12076,1961,3,1,83.66,260.0,20.92,33
12077,1967,3,1,109.17,260.0,13.18,33
12078,1964,3,1,93.79,260.0,11.85,33
12079,1968,3,1,99.26,260.0,11.86,33
12080,1970,6,1,113.94,260.0,11.87,33
12082,1988,3,1,140.61,260.0,11.88,33
12083,1968,6,1,108.8,350.0,61.7,33
12084,1967,9,1,84.16,350.0,10.03,33
12086,1987,6,1,100.16,350.0,9.97,33
12088,1970,6,1,92.81,350.0,9.94,33
12090,1971,3,1,91.57,350.0,9.89,33
12091,1970,6,1,69.22,350.0,9.86,33
12092,2006,9,1,65.4,350.0,9.83,33
12094,1990,9,1,47.59,40.0,25.64,33
12095,1962,3,1,124.67,80.0,11.84,33
12096,1974,6,1,112.13,80.0,11.89,33
12099,1971,3,1,127.39,80.0,11.93,33
12100,1968,3,1,103.7,80.0,11.99,33
12101,2006,6,1,79.49,80.0,12.04,33
12104,2017,9,1,74.1,80.0,12.08,33
12107,2020,9,1,80.58,80.0,12.09,33
12109,1971,3,1,124.35,80.0,12.05,33
12110,1985,6,1,94.18,80.0,12.0,33
12112,1970,3,1,124.86,125.0,26.62,33
12113,1968,3,1,87.12,170.0,12.13,33
12114,1954,3,1,137.88,170.0,12.08,33
12116,1950,3,1,125.02,170.0,12.06,33
12117,1969,3,1,136.97,170.0,12.04,33
12119,1985,3,1,194.58,170.0,12.05,33
12120,1998,6,1,166.39,215.0,27.49,33
12121,1970,3,1,137.99,185.0,47.74,33
12123,1963,6,1,122.52,260.0,8.95,33
12124,1978,3,1,129.75,75.0,0.0,33
12125,1976,3,1,129.05,80.0,18.28,33
12126,1992,6,1,98.62,260.0,44.41,33
12128,1992,3,1,79.77,260.0,7.45,33
12130,1992,3,1,80.28,260.0,8.76,33
12132,1992,3,1,86.28,260.0,9.18,33
12134,1992,9,1,86.51,260.0,9.14,33
12136,1992,3,1,81.56,260.0,9.09,33
12138,1992,9,1,89.02,260.0,9.04,33
12140,1992,9,1,84.53,260.0,9.0,33
12143,1959,3,1,111.37,295.0,39.25,33
12144,1966,3,1,89.55,295.0,39.87,33
12145,1967,3,1,99.43,80.0,11.95,33
12146,1963,3,1,108.3,350.0,47.04,33
12148,1970,3,1,148.12,80.0,12.01,33
12149,1961,6,1,168.65,80.0,12.04,33
12151,1994,3,1,99.17,80.0,12.07,33
12152,1989,6,1,180.96,350.0,85.6,33
12153,1965,3,1,78.52,80.0,12.2,33
12154,1970,6,1,89.41,125.0,25.84,33
12156,1981,6,1,92.86,170.0,9.83,33
12157,1957,3,1,87.42,170.0,9.86,33
12158,1967,3,1,82.06,170.0,9.87,33
12159,1955,3,1,103.53,170.0,9.91,33
12160,1961,3,1,113.41,170.0,9.96,33
12162,1987,3,1,115.83,170.0,10.0,33
12163,1967,3,1,111.95,260.0,59.5,33
12164,1966,3,1,55.42,260.0,54.96,33
12165,1950,3,1,97.38,40.0,14.9,33
12166,1960,3,1,90.16,40.0,14.88,33
12167,1966,3,1,90.0,40.0,14.85,33
12168,1962,3,1,88.22,80.0,19.83,33
12169,1960,3,1,69.7,80.0,34.53,33
12170,1945,3,1,88.14,80.0,94.49,33
12172,1960,3,1,24.34,80.0,75.35,33
12174,1960,3,1,102.52,80.0,58.9,33
12176,1940,3,1,83.47,80.0,14.13,33
12177,2007,12,1,70.03,80.0,12.19,33
12179,2006,12,1,65.5,80.0,12.19,33
12181,2001,3,1,197.39,80.0,12.18,33
12182,1944,3,1,97.66,80.0,12.18,33
12183,1964,3,1,72.2,80.0,12.18,33
12185,1967,9,1,105.41,80.0,12.18,33
12187,2008,9,1,79.12,80.0,12.18,33
12189,1960,3,1,109.61,80.0,12.18,33
12190,1956,3,1,58.09,180.0,8.08,33
12191,1960,3,1,68.83,180.0,9.28,33
12192,1960,3,1,97.39,260.0,7.89,33
12193,1950,3,1,90.22,260.0,7.91,33
12194,1950,3,1,81.05,260.0,7.93,33
12196,1950,3,1,92.09,260.0,7.95,33
12197,1970,3,1,97.84,260.0,7.96,33
12199,1960,3,1,86.01,260.0,7.99,33
12200,1964,6,1,87.72,260.0,8.01,33
12201,1966,6,1,96.45,260.0,8.03,33
12202,1953,3,1,110.6,260.0,9.56,33
12203,1940,3,1,92.86,220.0,8.71,33
12204,1940,3,1,75.71,219.99999999999997,inf,33
12206,2023,6,1,55.39,225.0,113.03,33
12207,1930,12,1,38.47,40.0,8.29,33
12208,1967,3,1,49.62,290.0,37.02,33
12209,1940,3,1,63.37,80.0,7.99,33
12211,1950,3,1,75.61,290.0,40.85,33
12212,1948,3,1,64.63,80.0,7.95,33
12213,1951,3,1,98.65,255.0,54.9,33
12214,1955,3,1,98.99,255.0,57.69,33
12215,1955,3,1,95.73,260.0,42.45,33
12216,1972,3,1,89.81,260.0,9.94,33
12217,1945,3,1,69.95,260.0,9.9,33
12218,1946,3,1,88.81,80.0,34.28,33
12220,1953,3,1,74.83,80.0,62.86,33
12221,1948,3,1,159.97,260.0,11.8,33
12223,1967,3,1,82.32,350.0,65.3,33
12224,1955,3,1,78.27,350.0,48.21,33
12225,1955,3,1,97.46,330.0,32.5,33
12226,1956,3,1,81.79,0.0,8.1,33
12227,1961,6,1,68.43,0.0,8.08,33
12228,1955,3,1,35.6,0.0,8.07,33
12229,1972,3,1,63.07,0.0,26.77,33
12230,1942,3,1,101.8,80.0,12.15,33
12231,1945,3,1,109.32,80.0,12.14,33
12233,1972,3,1,113.51,80.0,12.13,33
12234,1972,3,1,117.28,80.0,12.13,33
12235,1964,12,1,408.05,80.0,12.12,33
12236,1934,3,1,96.09,80.0,12.12,33
12238,1960,3,1,82.18,80.0,12.11,33
12240,1978,9,1,189.28,80.0,12.1,33
12242,1958,3,1,67.58,80.0,12.1,33
12243,1944,3,1,48.36,170.0,10.05,33
12244,1970,3,1,120.05,170.0,10.03,33
12245,1950,3,1,134.16,170.0,10.02,33
12246,2019,6,1,99.75,170.0,9.98,33
12249,1968,3,1,92.87,170.0,9.97,33
12250,1979,12,1,253.21,170.0,9.94,33
12251,1962,3,1,136.61,165.0,9.94,33
12252,1920,3,1,111.29,170.0,9.9,33
12254,1936,3,1,96.82,170.0,9.9,33
12255,2004,6,1,111.22,215.0,25.7,33
12256,1966,3,1,94.94,260.0,12.12,33
12257,1940,3,1,83.33,260.0,12.08,33
12258,2006,6,1,97.6,260.0,12.03,33
12259,1945,3,1,75.53,260.0,12.0,33
12260,1958,3,1,66.09,260.0,11.97,33
12261,1992,9,1,100.06,260.0,11.94,33
12263,1970,3,1,74.8,260.0,11.92,33
12264,1940,3,1,82.28,260.0,11.91,33
12268,1964,3,1,103.42,315.0,12.07,33
12270,1970,3,1,103.09,45.0,7.94,33
12271,1970,3,1,92.9,45.0,7.94,33
12272,1970,3,1,100.37,45.0,7.95,33
12274,1974,9,1,106.13,45.0,7.96,33
12276,1992,6,1,77.54,45.0,7.96,33
12277,1966,3,1,87.47,45.0,7.96,33
12279,1964,6,1,101.94,45.0,7.97,33
12280,1963,3,1,87.01,45.0,7.98,33
12281,1970,3,1,93.64,45.0,8.0,33
12283,2006,9,1,176.11,230.0,15.79,33
12284,1968,3,1,115.68,230.0,15.86,33
12286,1971,3,1,106.22,230.0,15.92,33
12290,2020,6,1,89.72,235.0,16.21,33
12292,2020,6,1,90.52,240.0,16.44,33
12295,1920,3,1,213.56,240.0,16.53,33
12297,2023,3,1,108.45,240.0,16.46,33
12299,1960,6,1,165.82,240.0,16.09,33
12300,1970,3,1,98.49,240.0,15.58,33
12303,1960,3,1,90.61,280.0,25.76,33
12305,1970,6,1,124.91,315.0,12.39,33
12307,1970,3,1,107.51,315.0,11.99,33
12309,1950,6,1,113.84,315.0,12.01,33
12311,1975,3,1,120.88,315.0,12.03,33
12313,2003,6,1,121.08,130.0,63.0,33
12314,2001,3,1,195.91,120.0,54.59,33
12317,1960,6,1,98.82,315.0,12.13,33
12318,1972,3,1,94.87,45.0,14.52,33
12319,1973,6,1,96.97,45.0,23.36,33
12321,1964,3,1,98.33,45.0,19.21,33
12323,1964,3,1,106.85,45.0,11.79,33
12325,1965,3,1,114.26,45.0,11.73,33
12326,1970,9,1,101.79,45.0,11.69,33
12328,1976,6,1,87.54,45.0,11.77,33
12329,1970,3,1,92.27,45.0,11.89,33
12330,1958,3,1,93.7,130.0,45.57,33
12332,1959,6,1,90.59,130.0,44.75,33
12333,1970,6,1,119.39,130.0,44.25,33
12334,1973,6,1,94.48,225.0,7.97,33
12335,1970,3,1,99.13,225.0,7.96,33
12337,1970,3,1,114.32,225.0,7.96,33
12338,1969,3,1,101.04,225.0,7.96,33
12340,1968,3,1,113.57,225.0,7.95,33
12341,1965,3,1,87.22,225.0,7.94,33
12342,1970,3,1,112.59,225.0,7.94,33
12345,1983,6,1,198.09,315.0,12.04,33
12346,1977,9,1,101.23,315.0,12.11,33
12347,1968,3,1,126.86,45.0,11.91,33
12348,1967,12,1,110.18,45.0,11.92,33
12350,1982,9,1,127.48,45.0,11.92,33
12351,1973,9,1,123.52,45.0,11.93,33
12353,1969,3,1,84.7,135.0,12.1,33
12354,1968,6,1,100.98,135.0,12.05,33
12356,1979,9,1,137.85,135.0,14.46,33
12358,1996,9,1,84.44,135.0,12.08,33
12359,1988,9,1,135.12,135.0,12.07,33
12361,1972,9,1,133.28,135.0,12.0,33
12362,1973,6,1,266.52,135.0,11.98,33
12363,1982,3,1,138.45,240.0,15.92,33
12365,1980,3,1,156.65,275.0,21.03,33
12366,1963,9,1,146.43,315.0,7.91,33
12367,1978,3,1,118.05,315.0,7.95,33
12368,1974,9,1,139.92,315.0,7.92,33
12369,1970,3,1,141.66,315.0,7.92,33
12371,1970,9,1,147.75,315.0,7.92,33
12372,1973,9,1,144.3,315.0,47.62,33
12373,1972,9,1,105.08,5.0,31.53,33
12374,1971,3,1,131.68,5.0,31.54,33
12375,1980,3,1,111.09,5.0,31.54,33
12377,1974,6,1,135.59,90.0,11.43,33
12379,1970,3,1,136.95,135.0,8.0,33
12380,1970,9,1,168.32,135.0,8.0,33
12382,1970,6,1,158.22,135.0,7.99,33
12383,1990,3,1,98.77,135.0,7.99,33
12384,1973,3,1,154.0,135.0,7.98,33
12385,1979,12,1,161.17,135.0,7.98,33
12387,1973,3,1,96.37,135.0,7.97,33
12388,1970,9,1,161.97,135.0,7.98,33
12389,1970,3,1,159.22,135.0,7.97,33
12391,1971,3,1,157.43,135.0,7.95,33
12393,2007,6,1,108.69,225.0,11.9,33
12394,1970,3,1,93.36,225.0,11.93,33
12395,1971,3,1,111.02,225.0,11.96,33
12398,1972,3,1,111.77,225.0,11.99,33
12400,1974,3,1,165.38,315.0,14.98,33
12402,1972,9,1,165.18,315.0,14.94,33
12403,1983,3,1,161.14,315.0,14.85,33
12404,1970,3,1,158.02,315.0,14.81,33
12407,1971,3,1,160.05,315.0,14.73,33
12408,1975,3,1,164.79,315.0,23.34,33
12409,1978,3,1,161.58,315.0,51.53,33
12412,1985,9,1,126.71,315.0,14.89,33
12413,1975,9,1,2095.84,35.0,37.14,33
12415,2000,6,1,312.97,40.0,47.33,33
12417,1956,3,1,122.97,125.0,7.95,33
12418,1956,3,1,121.41,125.0,7.95,33
12421,1996,3,1,,125.0,7.99,33
12426,2007,6,1,643.9,215.0,10.46,33
12427,1930,9,1,134.3,350.0,10.04,33
12428,1960,3,1,86.16,350.0,9.99,33
12430,1970,3,1,86.93,350.0,9.98,33
12433,1986,6,1,117.31,350.0,9.9,33
12435,2005,9,1,390.45,350.0,9.87,33
12436,1960,3,1,127.94,80.0,9.74,33
12437,2004,9,1,211.35,80.0,9.78,33
12439,1971,3,1,161.6,80.0,9.82,33
12440,1999,15,1,380.02,165.0,71.83,33
12441,1960,3,1,69.85,165.0,67.39,33
12442,1960,12,1,70.89,165.0,63.8,33
12444,1940,3,1,110.43,215.0,34.16,33
12445,1940,3,1,138.84,215.0,33.99,33
12447,1956,3,1,124.81,215.0,33.8,33
12448,1954,3,1,213.51,225.0,33.82,33
12449,1940,6,1,126.35,210.0,32.63,33
12450,1950,3,1,130.74,215.0,33.18,33
12452,1940,3,1,112.35,255.0,57.17,33
12453,1940,3,1,78.98,255.0,61.05,33
12454,1989,15,1,259.71,80.0,9.87,60
12455,1991,3,1,270.21,350.0,9.94,33
12457,2007,6,1,141.08,350.0,9.97,33
12458,1950,3,1,220.37,345.0,9.83,33
12460,1981,9,1,137.37,345.0,9.83,33
12464,1950,3,1,111.5,345.0,9.8,33
12466,1935,3,1,213.64,345.0,9.79,33
12468,1951,9,1,200.89,345.0,9.78,33
12470,2002,3,1,148.59,345.0,9.77,33
12471,1950,3,1,203.11,75.0,10.01,33
12472,1929,3,1,121.08,80.0,9.96,33
12474,2001,9,1,140.99,345.0,9.84,33
12475,1950,3,1,62.2,255.0,10.27,33
12476,2008,9,1,633.87,170.0,10.59,33
12477,1950,9,1,124.19,345.0,45.11,33
12478,1950,3,1,105.06,345.0,11.12,33
12479,1940,3,1,99.96,345.0,9.37,33
12481,1940,3,1,104.84,345.0,9.42,33
12482,1940,3,1,107.27,345.0,9.43,33
12483,1940,3,1,88.15,345.0,9.45,33
12484,1960,3,1,101.79,345.0,9.47,33
12485,1940,6,1,107.42,345.0,9.55,33
12487,1940,3,1,131.56,345.0,9.56,33
12488,1978,3,1,131.81,80.0,10.03,33
12490,1920,3,1,111.28,80.0,10.11,33
12491,1920,3,1,108.01,80.0,10.14,33
12492,1940,3,1,96.75,80.0,10.18,33
12494,1940,3,1,115.17,80.0,10.2,33
12496,2004,3,1,223.68,260.0,10.22,33
12498,1976,3,1,128.2,345.0,9.49,33
12500,1925,3,1,112.27,345.0,9.51,33
12504,2021,6,1,90.27,345.0,9.6,33
12506,1960,3,1,124.85,345.0,9.62,33
12508,1999,3,1,240.09,345.0,9.7,33
12509,1967,9,1,224.75,345.0,9.71,33
12511,1946,3,1,177.39,345.0,9.74,33
12513,1992,9,1,329.67,75.0,10.04,33
12514,1977,15,1,378.4,75.0,9.93,33
12516,1977,12,1,419.85,70.0,9.9,33
12517,1976,9,1,280.02,165.0,9.8,33
12518,1970,3,1,136.73,165.0,9.8,33
12520,1989,6,1,447.57,170.0,9.82,33
12521,1965,12,1,138.68,170.0,9.83,33
12522,1950,3,1,139.66,165.0,9.83,33
12524,1940,3,1,132.57,165.0,9.83,33
12525,1998,3,1,149.55,165.0,13.89,33
12528,1940,3,1,105.9,165.0,82.56,33
12529,1955,6,1,136.23,165.0,9.89,33
12532,1950,3,1,136.46,165.0,9.89,33
12533,1940,3,1,131.1,165.0,9.88,33
12535,1994,9,1,274.31,165.0,9.88,33
12536,1966,3,1,133.11,165.0,9.88,33
12537,1940,3,1,101.44,165.0,9.88,33
12539,1940,6,1,106.25,165.0,9.88,33
12541,1970,3,1,113.38,165.0,9.89,33
12542,1940,3,1,112.49,165.0,9.89,33
12543,2017,3,1,77.63,165.0,9.89,33
12546,1940,3,1,112.73,165.0,9.89,33
12548,1940,3,1,115.9,165.0,9.89,33
12549,1940,3,1,124.18,165.0,9.89,33
12550,1967,3,1,147.48,165.0,9.89,33
12551,1950,3,1,89.55,165.0,9.89,33
12552,1940,3,1,115.5,165.0,9.89,33
12553,1940,3,1,100.95,275.0,98.76,33
12554,1960,3,1,343.21,275.0,19.73,33
12556,1965,3,1,301.52,275.0,22.65,33
12557,1940,3,1,93.05,275.0,29.28,33
12558,1949,3,1,88.33,275.0,28.05,33
12559,1984,3,1,133.97,275.0,13.05,33
12561,1960,3,1,215.17,345.0,9.65,33
12563,1967,3,1,40.24,75.0,0.0,33
12564,2000,9,1,140.01,260.0,12.5,33
12565,2000,6,1,219.02,260.0,10.07,33
12566,2007,9,1,266.97,345.0,9.51,33
12567,1960,3,1,301.03,275.0,27.12,33
12568,2007,12,1,181.37,165.0,9.83,33
12571,1965,12,1,176.54,75.0,10.15,33
12572,2002,9,1,160.7,350.0,57.24,33
12573,2008,3,1,96.09,345.0,7.69,33
12578,1950,3,1,143.14,345.0,7.88,33
12579,1948,3,1,143.72,345.0,7.93,33
12581,1955,3,1,117.8,345.0,7.96,33
12582,1955,9,1,112.09,345.0,7.96,33
12584,1950,3,1,93.58,345.0,7.96,33
12587,2016,6,1,73.24,345.0,7.95,33
12589,1965,3,1,97.76,345.0,7.95,33
12590,1960,3,1,119.67,345.0,7.95,33
12591,1950,3,1,103.4,345.0,7.95,33
12592,1999,6,1,118.26,345.0,7.95,33
12593,1961,3,1,116.05,345.0,7.95,33
12594,2003,3,1,74.16,345.0,7.95,33
12595,1964,9,1,122.13,345.0,7.95,33
12597,1930,3,1,98.67,345.0,7.95,33
12598,1982,12,1,160.06,75.0,9.87,33
12599,1953,3,1,123.64,75.0,9.89,33
12601,1952,3,1,114.45,165.0,9.78,33
12602,2015,6,1,98.49,165.0,9.76,33
12604,1931,3,1,92.77,165.0,9.73,33
12605,1965,3,1,97.83,165.0,9.71,33
12607,1941,3,1,104.68,165.0,9.64,33
12608,1930,3,1,102.92,165.0,9.61,33
12610,1960,3,1,113.25,165.0,9.59,33
12612,1950,3,1,104.85,165.0,9.56,33
12613,1960,3,1,115.23,165.0,9.54,33
12615,1955,3,1,91.72,165.0,9.49,33
12616,1940,3,1,129.24,165.0,9.47,33
12617,1955,3,1,83.52,165.0,27.86,33
12619,1960,9,1,115.95,165.0,63.74,33
12621,1988,6,1,110.24,165.0,9.57,33
12623,2007,12,1,84.27,165.0,9.54,33
12624,1960,3,1,109.47,165.0,9.5,33
12625,1950,6,1,66.52,165.0,9.48,33
12627,2017,12,1,53.16,165.0,9.46,33
12630,2017,12,1,53.44,165.0,9.44,33
12633,1953,3,1,98.02,165.0,9.42,33
12634,1955,3,1,112.49,165.0,9.38,33
12636,2006,9,1,164.78,275.0,12.55,33
12637,1960,3,1,104.9,275.0,12.63,33
12638,1965,6,1,141.73,275.0,12.7,33
12639,1950,3,1,86.86,275.0,12.75,33
12640,1965,12,1,218.65,165.0,9.67,33
12645,1980,18,1,3454.04,345.0,16.4,33
12646,1972,3,1,221.19,160.0,7.94,33
12647,1970,6,1,283.76,160.0,7.85,33
12648,1991,3,1,1430.56,340.0,49.73,33
12650,1963,3,1,132.0,5.0,9.98,33
12651,1967,9,1,83.67,5.0,9.95,33
12654,2004,9,1,77.87,5.0,9.94,33
12655,1962,9,1,268.71,5.0,9.93,33
12658,1979,12,1,214.96,95.0,8.86,33
12663,1933,3,1,74.88,165.0,71.08,33
12664,1963,3,1,103.69,165.0,16.02,33
12665,1948,3,1,114.02,165.0,16.02,33
12666,1947,3,1,108.81,165.0,16.01,33
12667,1953,3,1,136.9,165.0,16.0,33
12668,1939,9,1,143.79,240.0,75.26,33
12670,1968,12,1,185.67,275.0,9.86,33
12671,1999,9,1,238.26,275.0,9.88,33
12673,1920,6,1,285.17,275.0,9.9,33
12675,1957,3,1,70.06,275.0,9.92,33
12676,1953,3,1,109.03,275.0,9.92,33
12677,1960,6,1,133.76,275.0,9.94,33
12678,1965,3,1,131.81,275.0,9.96,33
12680,1922,6,1,89.44,275.0,9.96,33
12682,1998,3,1,172.71,165.0,16.0,33
12683,2009,9,1,395.54,90.0,15.84,33
12685,1985,9,1,184.9,270.0,9.86,33
12686,1907,3,1,105.82,0.0,7.88,33
12687,1962,6,1,74.82,0.0,7.89,33
12688,1956,3,1,74.89,0.0,7.89,33
12689,1966,3,1,113.98,0.0,7.9,33
12690,1979,3,1,92.96,0.0,7.9,33
12691,1930,6,1,87.08,0.0,7.9,33
12693,1960,3,1,94.02,0.0,7.9,33
12694,1960,3,1,93.14,5.0,7.92,33
12695,1961,3,1,148.31,95.0,8.97,33
12697,1974,3,1,76.49,90.0,9.01,33
12698,1936,6,1,68.01,90.0,8.95,33
12700,1960,3,1,105.96,90.0,8.89,33
12701,1961,3,1,103.71,90.0,8.87,33
12703,1961,3,1,89.37,90.0,8.86,33
12705,1961,3,1,105.05,95.0,8.84,33
12707,1960,9,1,266.5,185.0,7.84,33
12709,1960,3,1,73.46,185.0,7.86,33
12712,1960,6,1,313.91,270.0,10.16,33
12716,1960,3,1,77.08,270.0,10.04,33
12718,1960,9,1,87.29,270.0,10.0,33
12720,1963,3,1,108.46,270.0,9.98,33
12721,2014,6,1,197.54,270.0,9.92,33
12723,1970,3,1,112.18,0.0,7.84,33
12725,1990,3,1,79.53,95.0,8.89,33
12726,1960,3,1,115.47,95.0,8.85,33
12727,1963,3,1,119.56,95.0,8.85,33
12728,1961,3,1,125.42,185.0,9.92,33
12729,1961,9,1,113.47,190.0,9.94,33
12731,1960,12,1,277.12,190.0,9.96,33
12734,1960,3,1,174.43,275.0,10.04,33
12736,1962,3,1,230.71,275.0,10.0,33
12738,2001,6,1,116.17,275.0,9.67,33
12740,1986,3,1,71.6,95.0,8.88,33
12743,2007,6,1,125.68,5.0,7.86,33
12744,2007,6,1,430.41,95.0,8.9,33
12745,2007,9,1,391.28,275.0,9.85,33
12747,1994,9,1,525.11,270.0,9.93,33
12748,2016,15,1,162.81,0.0,7.86,33
12750,1960,3,1,100.31,0.0,7.87,33
12751,1978,6,1,177.7,5.0,7.89,33
12753,1966,3,1,131.14,95.0,9.05,33
12755,2002,12,1,66.83,95.0,9.08,33
12758,1961,3,1,92.22,95.0,9.13,33
12760,1970,9,1,126.12,90.0,9.18,33
12762,1961,9,1,107.21,95.0,9.19,33
12764,1910,3,1,110.79,95.0,9.21,33
12766,1969,3,1,103.95,90.0,9.23,33
12768,2005,9,1,67.99,95.0,9.25,33
12769,2005,3,1,91.03,95.0,9.26,33
12770,1885,3,1,81.75,95.0,9.28,33
12771,1927,6,1,83.75,90.0,9.38,33
12773,1963,3,1,102.72,180.0,7.9,33
12774,1990,3,1,361.41,180.0,7.89,33
12775,1970,12,1,253.58,270.0,44.02,33
12776,2006,9,1,169.98,270.0,10.13,33
12778,2005,9,1,134.59,270.0,10.08,33
12779,1981,15,1,273.45,270.0,10.03,33
12780,1950,6,1,110.21,275.0,54.14,33
12782,1949,3,1,293.83,0.0,7.87,33
12784,1920,3,1,83.06,0.0,7.85,33
12785,2004,6,1,68.31,0.0,7.82,33
12787,1951,3,1,80.92,0.0,7.82,33
12789,1991,3,1,62.98,0.0,7.8,33
12791,1961,3,1,48.46,0.0,7.78,33
12792,1991,12,1,190.95,95.0,9.91,33
12793,1951,3,1,86.66,95.0,9.94,33
12794,2005,9,1,143.33,95.0,10.01,33
12795,1950,3,1,155.96,95.0,10.04,33
12797,1950,9,1,105.29,95.0,10.09,33
12798,1950,3,1,118.44,95.0,10.11,33
12800,1963,3,1,291.48,95.0,10.15,33
12801,1952,3,1,108.51,180.0,7.94,33
12803,1960,3,1,108.1,180.0,7.94,33
12805,1934,3,1,108.93,180.0,7.92,33
12806,1979,9,1,1006.08,275.0,8.81,33
12807,1951,9,1,260.62,275.0,8.77,33
12808,1952,3,1,131.07,275.0,8.75,33
12809,1958,6,1,141.33,275.0,8.73,33
12812,1949,3,1,114.69,275.0,8.72,33
12814,1950,3,1,128.8,95.0,10.07,33
12815,1913,9,1,208.04,95.0,9.97,33
12819,1977,9,1,207.56,95.0,8.79,33
12820,1977,9,1,242.27,180.0,7.9,33
12821,1977,9,1,246.69,180.0,7.87,33
12822,1988,3,1,184.04,180.0,7.85,33
12823,1982,12,1,313.35,270.0,9.75,33
12825,1988,3,1,199.85,90.0,8.84,33
12826,1974,15,1,449.66,275.0,14.03,33
12827,1950,3,1,134.57,0.0,9.65,33
12829,1951,3,1,172.09,0.0,9.67,33
12830,1912,3,1,181.72,0.0,9.69,33
12832,1949,3,1,125.95,0.0,9.7,33
12833,1950,3,1,88.95,0.0,9.72,33
12835,1949,3,1,106.85,0.0,9.73,33
12836,1952,3,1,76.02,0.0,9.74,33
12838,1922,3,1,62.18,0.0,9.75,33
12839,1963,6,1,63.15,0.0,9.77,33
12843,1919,3,1,91.86,95.0,14.85,33
12844,1959,9,1,90.52,95.0,15.05,33
12846,1992,3,1,50.68,95.0,10.01,33
12847,1968,9,1,76.7,95.0,9.73,33
12848,1978,3,1,194.62,90.0,9.75,33
12850,1961,6,1,56.6,95.0,9.77,33
12852,1973,6,1,52.9,95.0,9.78,33
12854,1961,3,1,67.17,90.0,9.79,33
12856,1961,3,1,69.42,95.0,45.48,33
12858,2021,12,1,100.7,180.0,7.77,33
12860,1963,3,1,90.66,180.0,7.79,33
12863,1972,3,1,68.87,180.0,7.82,33
12864,1991,3,1,61.47,180.0,7.82,33
12865,1983,9,1,70.49,180.0,7.83,33
12866,2006,9,1,54.25,180.0,7.85,33
12868,2023,12,1,283.2,275.0,8.87,33
12870,2004,9,1,249.82,275.0,8.89,33
12871,1900,9,1,96.18,275.0,8.89,33
12874,1967,3,1,171.91,275.0,8.89,33
12875,1955,3,1,168.01,0.0,9.63,33
12877,1988,3,1,241.4,180.0,17.88,33
12880,1961,6,1,93.52,5.0,10.28,33
12882,1962,9,1,99.64,5.0,12.18,33
12885,2019,6,1,93.47,5.0,12.2,33
12888,1971,3,1,77.28,5.0,12.22,33
12892,1970,3,1,95.2,95.0,8.79,33
12896,1977,9,1,79.03,95.0,8.78,33
12898,1973,15,1,498.26,180.0,14.64,33
12899,1971,15,1,254.92,180.0,14.98,33
12902,1968,3,1,203.12,5.0,12.1,33
12903,1983,9,1,1339.4,5.0,9.32,33
12906,1979,9,1,133.23,5.0,9.57,33
12910,1990,6,1,395.02,90.0,11.3,33
12912,1983,9,1,430.49,90.0,10.02,33
12913,1983,9,1,247.85,95.0,9.97,33
12915,1950,3,1,127.65,90.0,9.93,33
12918,1991,9,1,349.73,90.0,9.99,33
12919,1983,9,1,201.8,180.0,9.71,33
12920,1991,9,1,439.54,175.0,9.65,33
12921,1950,3,1,126.3,270.0,8.85,33
12923,1981,9,1,645.82,270.0,9.92,33
12924,1990,9,1,89.89,10.0,9.69,33
12926,1956,6,1,126.03,10.0,7.82,33
12928,1920,9,1,105.33,10.0,7.84,33
12932,1963,9,1,104.19,180.0,12.72,33
12933,1991,6,1,69.26,180.0,10.19,33
12934,1951,3,1,106.43,180.0,9.25,33
12935,1934,3,1,89.19,180.0,9.32,33
12936,1970,3,1,129.21,180.0,10.95,33
12938,1890,6,1,120.42,180.0,12.65,33
12940,1954,3,1,88.13,180.0,9.64,33
12942,1961,9,1,94.69,180.0,7.59,33
12944,1953,9,1,252.22,180.0,7.6,33
12946,1960,6,1,113.56,185.0,7.62,33
12948,1960,3,1,76.36,180.0,7.62,33
12949,1945,3,1,98.63,185.0,7.63,33
12951,1960,3,1,77.17,180.0,7.63,33
12952,1953,3,1,146.77,270.0,9.95,33
12954,1999,9,1,401.26,95.0,11.7,33
12955,1998,12,1,144.83,5.0,9.74,33
12956,1990,3,1,84.05,5.0,9.75,33
12958,1948,3,1,77.04,5.0,9.78,33
12960,1941,3,1,121.6,5.0,9.78,33
12962,1989,15,1,252.96,5.0,9.83,33
12964,1951,3,1,127.15,5.0,9.85,33
12965,1948,3,1,207.91,95.0,9.93,33
12968,1950,6,1,154.72,90.0,9.94,33
12970,1942,3,1,143.09,90.0,9.95,33
12971,1971,18,1,386.61,90.0,9.96,33
12972,1948,9,1,203.27,90.0,9.97,33
12973,1945,18,1,268.59,95.0,50.42,33
12974,1958,6,1,235.45,90.0,10.89,33
12976,1952,6,1,142.95,185.0,9.78,33
12977,1971,15,1,263.52,185.0,9.56,33
12978,1960,3,1,262.44,185.0,9.46,33
12980,1978,15,1,282.35,185.0,9.32,33
12982,2024,9,1,105.61,275.0,9.09,33
12984,2024,15,1,566.85,5.0,9.81,33
12986,1999,6,1,219.02,275.0,8.97,33
12987,1992,3,1,64.05,5.0,7.86,33
12989,1914,3,1,115.52,5.0,7.86,33
12990,1933,3,1,100.17,5.0,7.86,33
12991,1957,9,1,102.07,5.0,7.86,33
12994,2017,9,1,76.45,90.0,9.72,33
12996,1943,3,1,142.01,95.0,9.73,33
12998,1920,9,1,167.9,95.0,9.78,33
13001,1922,12,1,250.37,95.0,9.8,33
13002,1948,6,1,197.83,185.0,9.84,33
13004,1940,3,1,75.82,185.0,9.81,33
13006,1934,3,1,105.65,185.0,9.8,33
13007,1911,3,1,92.3,185.0,9.8,33
13008,1949,3,1,104.55,185.0,9.78,33
13009,1938,3,1,371.67,185.0,9.76,33
13010,1971,12,1,121.59,275.0,9.03,33
13011,2019,12,1,461.85,95.0,9.7,33
13013,1946,6,1,204.87,5.0,7.87,33
13016,1911,3,1,82.78,5.0,7.91,33
13018,1942,3,1,114.49,0.0,7.88,33
13019,1997,3,1,124.19,0.0,7.86,33
13020,1941,3,1,96.46,0.0,7.84,33
13021,1960,3,1,115.29,0.0,7.82,33
13023,1964,3,1,55.61,95.0,9.86,33
13025,1993,9,1,231.2,100.0,9.96,33
13026,1905,6,1,160.21,90.0,9.94,33
13028,1956,3,1,138.67,185.0,7.77,33
13030,1959,6,1,110.49,185.0,7.8,33
13031,1997,3,1,128.94,180.0,7.83,33
13033,1995,3,1,120.08,185.0,7.87,33
13034,1921,6,1,150.25,185.0,7.91,33
13036,1998,3,1,138.66,270.0,9.02,33
13039,2000,9,1,396.01,95.0,9.82,33
13040,2000,6,1,732.56,275.0,9.07,33
13042,2004,3,1,361.49,90.0,9.98,33
13044,2004,6,1,391.44,275.0,8.98,33
13046,1997,18,1,1714.17,185.0,19.89,33
13048,1996,3,1,2226.84,185.0,15.75,33
13051,1997,15,1,772.23,185.0,19.88,33
13052,1999,15,1,874.15,275.0,13.12,33
13053,2000,21,1,756.57,185.0,22.76,33
13054,2000,15,1,436.54,185.0,12.25,33
13057,2001,18,1,723.04,180.0,11.9,33
13058,1984,6,1,267.96,5.0,7.76,33
13059,1949,3,1,380.01,90.0,9.92,33
13060,1979,3,1,156.32,185.0,11.94,33
13063,1965,9,1,246.36,275.0,9.22,33
13065,1995,3,1,62.75,270.0,9.12,33
13066,1996,3,1,150.81,270.0,9.03,33
13067,1992,6,1,699.19,270.0,8.89,33
13068,1984,9,1,377.42,90.0,18.26,33
13069,1984,6,1,174.48,270.0,8.73,33
13070,1984,9,1,353.71,90.0,9.91,33
13072,1998,12,1,451.46,185.0,14.91,33
13073,1965,21,1,394.57,0.0,72.36,33
13075,1975,3,1,190.47,60.0,57.77,33
13076,1977,18,1,303.39,60.0,26.13,33
13077,1974,6,1,313.52,60.0,24.76,33
13078,1984,15,1,436.98,90.0,38.19,33
13080,1944,3,1,131.05,95.0,42.36,33
13083,1975,18,1,436.19,95.0,51.73,33
13085,1979,9,1,262.02,185.0,7.78,33
13086,1929,3,1,117.46,180.0,7.78,33
13087,1970,3,1,83.03,185.0,7.77,33
13088,1926,9,1,135.45,275.0,8.95,33
13091,1918,3,1,133.28,275.0,8.94,33
13093,1922,3,1,97.02,275.0,8.94,33
13094,2017,9,1,123.61,275.0,8.94,33
13097,1946,6,1,145.8,270.0,8.93,33
13099,1918,3,1,88.73,275.0,8.92,33
13100,2019,9,1,153.42,275.0,8.93,33
13102,1916,3,1,97.96,270.0,8.93,33
13103,1978,3,1,168.78,275.0,8.92,33
13105,2006,9,1,174.92,270.0,8.93,33
13106,1983,12,1,199.04,275.0,8.93,33
13109,1976,6,1,94.43,270.0,8.92,33
13110,1992,9,1,112.38,275.0,8.91,33
13113,1918,3,1,93.12,275.0,8.91,33
13115,1975,3,1,268.14,275.0,8.91,33
13117,2009,18,1,391.43,95.0,31.57,33
13120,1996,18,1,751.73,315.0,103.21,33
13121,1960,6,1,154.88,65.0,12.06,33
13122,1960,9,1,228.04,65.0,22.85,33
13124,1977,18,1,480.6,205.0,79.11,33
13127,1970,24,1,1203.75,240.0,25.21,33
13129,1995,15,1,758.58,335.0,44.7,33
13131,1998,15,1,421.2,20.0,73.58,33
13132,1998,12,1,283.31,65.0,12.1,33
13134,2004,9,1,1647.54,65.0,28.28,33
13140,1991,3,1,92.33,5.0,9.86,33
13141,1958,3,1,64.04,5.0,9.82,33
13142,1958,3,1,58.54,5.0,9.76,33
13144,1925,3,1,56.38,100.0,9.56,33
13145,1997,3,1,95.77,280.0,9.81,33
13146,1969,9,1,52.81,100.0,9.53,33
13148,1950,6,1,120.0,280.0,9.8,33
13149,1915,3,1,114.56,280.0,9.8,33
13151,1915,3,1,106.05,280.0,9.79,33
13153,1915,3,1,124.8,280.0,9.79,33
13155,1915,3,1,138.52,280.0,9.78,33
13157,1915,3,1,125.46,280.0,9.77,33
13158,1915,3,1,112.18,280.0,9.77,33
13160,1950,3,1,117.09,100.0,12.34,33
13161,1924,3,1,127.72,170.0,9.69,33
13162,2021,15,1,146.89,170.0,9.74,33
13165,1945,3,1,56.65,280.0,9.82,33
13166,1965,3,1,37.22,280.0,9.81,33
13167,2007,12,1,52.11,100.0,9.41,33
13168,2007,12,1,76.06,280.0,9.77,33
13170,1964,9,1,58.06,260.0,11.84,33
13172,1934,3,1,65.27,305.0,26.72,33
13173,1971,9,1,114.83,350.0,11.8,33
13174,1974,3,1,117.2,350.0,11.77,33
13176,1968,6,1,108.18,350.0,11.76,33
13177,1965,6,1,113.78,350.0,11.73,33
13178,1950,3,1,148.31,350.0,11.7,33
13179,1960,3,1,126.97,35.0,27.38,33
13181,1976,3,1,188.32,80.0,12.0,33
13184,1961,3,1,704.14,215.0,48.32,33
13185,1994,6,1,127.55,260.0,12.12,33
13187,1961,3,1,98.32,350.0,9.08,33
13189,1970,3,1,88.02,350.0,9.16,33
13190,1930,3,1,93.6,350.0,9.2,33
13191,1930,3,1,105.68,350.0,9.25,33
13192,1964,3,1,118.02,350.0,9.29,33
13193,1984,3,1,125.12,350.0,9.32,33
13195,1934,6,1,83.96,350.0,9.37,33
13198,1950,3,1,126.85,350.0,9.41,33
13200,1983,3,1,143.3,55.0,15.85,33
13202,2001,6,1,121.53,60.0,15.88,33
13203,1982,3,1,128.8,60.0,15.91,33
13204,1934,3,1,108.6,60.0,15.94,33
13205,1930,3,1,121.43,60.0,15.95,33
13206,1930,3,1,102.19,60.0,15.97,33
13207,1950,3,1,102.07,60.0,15.99,33
13208,1934,3,1,120.78,60.0,16.01,33
13209,1930,3,1,89.0,60.0,16.04,33
13210,1930,3,1,111.77,60.0,16.05,33
13212,1940,3,1,125.01,60.0,16.07,33
13214,2023,3,1,225.49,115.0,36.35,33
13215,1920,3,1,88.84,170.0,12.08,33
13216,1920,6,1,83.9,170.0,12.06,33
13217,1960,3,1,165.46,170.0,12.03,33
13218,1993,3,1,123.95,170.0,12.0,33
13219,1960,3,1,136.26,170.0,11.98,33
13221,1955,3,1,136.48,170.0,11.96,33
13222,1930,3,1,120.55,170.0,11.94,33
13223,1982,6,1,106.13,170.0,11.91,33
13225,1945,3,1,120.75,170.0,11.89,33
13226,1945,3,1,116.9,170.0,11.86,33
13228,1930,3,1,99.93,210.0,28.23,33
13229,1998,9,1,128.85,260.0,11.92,33
13232,1989,3,1,142.91,260.0,12.06,33
13233,1940,6,1,151.09,260.0,12.02,33
13234,1963,3,1,115.17,305.0,25.36,33
13235,1967,3,1,117.15,350.0,9.89,33
13236,1960,3,1,114.09,350.0,9.91,33
13237,1960,3,1,117.5,350.0,9.95,33
13238,1989,6,1,123.19,350.0,9.98,33
13240,1982,3,1,215.84,350.0,10.01,33
13241,1959,3,1,159.03,350.0,10.04,33
13242,1946,3,1,110.21,350.0,10.07,33
13244,1940,3,1,132.88,350.0,10.1,33
13245,2019,9,1,93.41,80.0,12.14,33
13248,2006,9,1,110.55,80.0,12.07,33
13250,1953,3,1,85.91,80.0,12.02,33
13251,1991,6,1,144.44,125.0,26.71,33
13253,1965,3,1,96.66,170.0,11.72,33
13254,1960,3,1,198.12,170.0,11.72,33
13256,1970,9,1,204.69,170.0,11.74,33
13258,1985,3,1,375.64,170.0,11.75,33
13259,1968,3,1,130.03,170.0,11.77,33
13260,1960,3,1,125.34,170.0,11.79,33
13262,1970,3,1,256.15,170.0,11.8,33
13263,1980,9,1,234.01,210.0,26.92,33
13264,1960,3,1,150.2,260.0,12.09,33
13265,1962,3,1,126.23,260.0,12.04,33
13266,1960,3,1,136.84,260.0,11.99,33
13267,1962,3,1,154.9,260.0,11.95,33
13268,1962,3,1,146.29,260.0,11.89,33
13271,1991,6,1,85.03,320.0,63.18,33
13273,2007,6,1,124.4,45.0,101.91,33
13275,1943,3,1,115.1,50.0,79.12,33
13276,1971,3,1,105.54,50.0,28.38,33
13277,2004,9,1,225.58,55.0,16.56,33
13279,1997,3,1,96.38,55.0,16.32,33
13280,1965,3,1,150.38,55.0,16.48,33
13281,1996,3,1,170.59,55.0,22.46,33
13282,1993,3,1,54.66,60.0,28.67,33
13284,2009,12,1,105.48,60.0,20.45,33
13285,1923,3,1,92.75,60.0,15.93,33
13287,2007,9,1,120.38,60.0,15.83,33
13289,1951,9,1,74.57,60.0,15.81,33
13291,1995,3,1,417.39,60.0,15.75,33
13292,1938,3,1,156.6,60.0,15.66,33
13293,1980,3,1,105.21,60.0,15.65,33
13295,1956,3,1,115.4,60.0,15.68,33
13296,2003,3,1,97.82,60.0,15.71,33
13299,1960,9,1,43.22,170.0,9.19,33
13300,1960,3,1,40.61,170.0,9.15,33
13302,1951,3,1,43.01,170.0,9.11,33
13303,1940,3,1,41.1,170.0,9.07,33
13305,1932,3,1,41.9,260.0,12.1,33
13307,1969,6,1,88.85,260.0,12.11,33
13308,1977,6,1,213.71,260.0,12.12,33
13311,1943,3,1,80.45,260.0,12.11,33
13312,1948,3,1,105.53,60.0,0.0,33
13313,1956,3,1,81.0,260.0,12.13,33
13314,1950,3,1,140.35,260.0,12.13,33
13315,1940,3,1,90.01,260.0,12.14,33
13316,1968,3,1,46.67,260.0,12.18,33
13317,1998,3,1,135.62,170.0,9.34,33
13318,1954,3,1,111.14,260.0,12.15,33
13319,1930,9,1,80.69,55.0,16.87,33
13321,1957,6,1,79.33,260.0,41.86,33
13323,1965,9,1,66.15,20.0,132.71,33
13324,1960,6,1,40.84,45.0,11.52,33
13326,2001,6,1,85.37,45.0,11.49,33
13327,1950,3,1,108.75,45.0,11.5,33
13328,1950,3,1,109.48,45.0,11.54,33
13329,2002,3,1,98.65,45.0,11.59,33
13330,1993,9,1,64.99,45.0,11.63,33
13332,1945,3,1,106.72,45.0,11.67,33
13333,1959,3,1,100.71,45.0,11.71,33
13334,1974,6,1,102.24,45.0,11.75,33
13335,1972,3,1,97.38,45.0,11.8,33
13336,1942,3,1,91.94,45.0,11.84,33
13337,2000,6,1,272.7,135.0,27.93,33
13338,1994,9,1,74.18,220.0,7.08,33
13340,1961,3,1,110.27,220.0,7.1,33
13341,1940,6,1,89.05,220.0,7.13,33
13342,1950,3,1,104.01,220.0,7.15,33
13344,2001,3,1,114.23,220.0,7.19,33
13345,1970,3,1,103.51,220.0,7.23,33
13347,1936,3,1,91.8,220.0,7.26,33
13349,2000,3,1,94.32,220.0,7.29,33
13351,1940,3,1,90.4,220.0,7.32,33
13352,1965,6,1,177.68,220.0,7.38,33
13353,1942,3,1,49.32,220.0,7.43,33
13354,1942,3,1,81.88,310.0,60.74,33
13355,1966,9,1,118.17,325.0,112.29,33
13356,2001,6,1,317.87,315.0,44.42,33
13357,1970,6,1,176.45,305.0,44.54,33
13358,1970,3,1,137.04,315.0,47.57,33
13361,2004,6,1,177.03,220.0,14.93,33
13362,1970,3,1,95.54,40.0,7.3,33
13363,1930,3,1,92.7,220.0,14.85,33
13365,1981,3,1,304.79,220.0,15.4,33
13366,1960,3,1,184.4,220.0,18.96,33
13367,1990,9,1,91.82,40.0,7.14,33
13369,1976,3,1,81.82,40.0,7.11,33
13370,1960,3,1,141.21,40.0,7.08,33
13372,1992,3,1,77.95,135.0,29.63,33
13373,1965,6,1,108.91,180.0,31.03,33
13375,1999,6,1,205.71,220.0,31.58,33
13376,1981,6,1,90.98,220.0,26.31,33
13378,1975,3,1,84.09,220.0,22.94,33
13380,1970,3,1,83.66,220.0,14.9,33
13383,1964,3,1,75.68,220.0,14.95,33
13385,1988,6,1,164.9,220.0,14.88,33
13386,1983,3,1,124.92,45.0,11.9,33
13388,1977,6,1,129.44,45.0,11.87,33
13389,1992,6,1,128.51,85.0,93.72,33
13390,1973,9,1,170.33,315.0,7.95,33
13391,1977,3,1,133.8,315.0,7.96,33
13392,1976,12,1,155.46,225.0,20.83,33
13394,1980,3,1,124.74,45.0,11.85,33
13395,1980,6,1,210.99,315.0,11.99,33
13396,1969,6,1,100.32,45.0,11.98,33
13399,1980,9,1,105.09,45.0,12.0,33
13400,1976,6,1,132.76,45.0,12.01,33
13401,1977,3,1,138.69,135.0,7.95,33
13403,1977,6,1,133.49,135.0,7.96,33
13404,1973,3,1,132.58,135.0,7.96,33
13406,1969,12,1,137.47,135.0,7.97,33
13408,1978,9,1,121.78,135.0,21.0,33
13409,1970,3,1,134.93,135.0,17.79,33
13410,1969,9,1,704.22,225.0,17.2,33
13411,1979,3,1,131.09,315.0,11.97,33
13412,1969,6,1,125.56,315.0,11.98,33
13413,1972,6,1,133.95,315.0,11.98,33
13414,1976,3,1,131.36,315.0,11.98,33
13417,1970,3,1,127.0,315.0,11.99,33
13418,1973,3,1,129.81,315.0,11.99,33
13420,2005,9,1,156.89,315.0,49.76,33
13421,1973,9,1,166.7,5.0,31.07,33
13422,1984,9,1,139.35,5.0,31.02,33
13425,1972,3,1,152.33,135.0,7.93,33
13427,1977,9,1,132.83,135.0,7.94,33
13432,1976,9,1,114.36,135.0,7.97,33
13433,1970,6,1,131.54,135.0,7.98,33
13434,1973,6,1,125.24,220.0,85.15,33
13435,1970,9,1,126.04,225.0,11.99,33
13437,1973,6,1,127.02,225.0,11.98,33
13438,1970,9,1,198.22,315.0,12.04,33
13440,1979,6,1,126.18,315.0,12.06,33
13441,1997,9,1,81.74,315.0,12.1,33
13443,2007,9,1,264.18,315.0,12.15,33
13445,1996,3,1,273.72,310.0,68.21,33
13446,1970,3,1,86.87,315.0,47.54,33
13448,1984,3,1,121.33,5.0,31.5,33
13450,1970,12,1,120.71,5.0,31.51,33
13451,1981,6,1,160.88,5.0,62.49,33
13452,1985,6,1,126.16,135.0,12.12,33
13454,1971,3,1,142.0,135.0,12.1,33
13456,1992,3,1,136.11,135.0,12.08,33
13457,1970,3,1,142.64,135.0,12.05,33
13458,1994,3,1,147.97,135.0,12.1,33
13459,1970,6,1,150.66,135.0,18.79,33
13460,1976,12,1,147.99,135.0,inf,33
13461,2000,9,1,152.1,135.0,15.57,33
13462,1972,3,1,154.31,135.0,12.11,33
13464,1969,3,1,137.26,135.0,11.99,33
13465,2004,3,1,150.93,135.0,11.99,33
13467,1989,9,1,150.59,135.0,11.99,33
13468,1978,3,1,124.76,135.0,11.98,33
13469,1974,3,1,139.97,135.0,11.98,33
13471,1973,6,1,154.68,135.0,11.98,33
13473,1972,3,1,149.72,135.0,11.97,33
13475,1969,3,1,156.51,135.0,11.97,33
13477,1964,9,1,158.65,135.0,11.96,33
13478,1970,3,1,120.96,225.0,11.93,33
13479,1975,3,1,128.25,225.0,11.92,33
13481,1970,3,1,124.25,225.0,11.92,33
13483,1970,3,1,133.11,225.0,55.39,33
13484,1971,3,1,151.65,315.0,7.95,33
13486,1975,3,1,142.59,315.0,7.97,33
13487,1988,6,1,117.04,315.0,7.98,33
13488,1968,3,1,130.91,315.0,7.98,33
13489,1970,3,1,136.13,315.0,7.98,33
13490,1977,3,1,156.32,315.0,7.99,33
13492,1988,6,1,150.86,315.0,7.99,33
13493,1984,6,1,154.5,325.0,8.11,33
13494,1975,3,1,101.0,315.0,8.0,33
13495,1971,3,1,126.33,315.0,8.01,33
13497,1972,9,1,126.33,315.0,8.01,33
13499,1974,3,1,152.04,315.0,8.11,33
13500,1970,3,1,139.92,315.0,8.06,33
13501,1972,3,1,152.76,315.0,8.04,33
13502,1979,9,1,151.35,315.0,51.36,33
13504,1980,6,1,129.26,15.0,21.64,33
13507,1980,6,1,114.03,25.0,3.57,33
13511,1968,3,1,140.67,25.0,8.36,33
13513,1980,3,1,112.58,10.0,8.67,33
13515,2002,6,1,194.0,50.0,8.24,33
13518,1980,3,1,177.19,280.0,6.37,33
13519,2007,6,1,77.98,270.0,4.65,33
13522,1962,6,1,170.31,270.0,5.22,33
13525,1962,3,1,67.35,140.0,7.07,33
13527,1962,6,1,114.12,140.0,6.68,33
13529,1964,3,1,101.82,135.0,6.83,33
13532,1964,3,1,97.49,140.0,8.9,33
13534,1964,6,1,72.81,320.0,7.37,33
13535,1989,6,1,108.66,130.0,0.0,33
13537,1964,3,1,125.66,320.0,6.98,33
13539,1964,3,1,143.74,320.0,6.7,33
13541,1961,6,1,108.08,320.0,6.61,33
13543,1964,6,1,156.64,315.0,6.66,33
13545,1964,9,1,140.43,300.0,8.3,33
13546,1963,3,1,133.31,310.0,11.99,33
13549,1960,6,1,90.25,265.0,4.33,33
13550,1991,3,1,81.43,20.0,27.96,33
13551,1962,3,1,81.74,10.0,11.18,33
13552,1990,6,1,106.24,325.0,4.81,33
13554,1980,6,1,102.22,335.0,5.09,33
13556,1980,9,1,112.94,265.0,23.25,33
13560,1979,3,1,58.11,340.0,7.08,33
13563,2008,3,1,174.87,335.0,7.16,33
13566,1961,3,1,77.62,320.0,8.06,33
13568,1962,3,1,166.62,10.0,11.58,33
13570,1993,9,1,212.11,70.0,6.8,33
13573,1980,3,1,90.85,105.0,4.86,33
13574,1964,9,1,55.57,140.0,6.61,33
13575,1964,9,1,55.56,140.0,6.57,33
13576,1975,3,1,34.27,140.0,6.61,33
13578,1995,9,1,145.43,140.0,6.72,33
13581,2020,3,1,125.45,135.0,6.79,33
13582,1960,3,1,260.2,345.0,9.86,33
13583,1975,6,1,129.33,80.0,9.95,33
13585,1933,3,1,63.2,75.0,9.95,33
13587,1940,3,1,467.01,75.0,9.98,33
13589,1934,3,1,173.94,75.0,10.02,33
13590,1928,9,1,195.27,75.0,10.03,33
13593,1960,3,1,110.43,75.0,10.04,33
13594,1961,3,1,87.63,75.0,10.07,33
13595,1936,3,1,63.95,170.0,11.25,33
13596,1940,3,1,59.3,120.0,15.88,33
13598,2001,9,1,98.94,260.0,9.92,33
13599,1954,9,1,116.13,260.0,9.94,33
13601,1955,6,1,118.08,255.0,9.96,33
13603,1951,3,1,122.63,260.0,9.96,33
13604,2008,9,1,238.35,260.0,9.98,33
13605,2005,6,1,183.25,260.0,10.0,33
13607,1998,9,1,207.38,345.0,10.04,33
13612,1937,6,1,106.33,75.0,10.05,33
13614,2007,9,1,179.68,345.0,10.05,33
13616,1960,3,1,114.59,75.0,9.84,33
13617,1924,3,1,115.49,75.0,9.84,33
13619,1950,3,1,109.23,75.0,9.84,33
13620,1960,3,1,111.15,75.0,9.84,33
13621,1935,3,1,110.06,75.0,9.83,33
13622,1935,3,1,106.18,75.0,9.82,33
13624,1935,6,1,153.76,75.0,9.82,33
13627,1935,3,1,151.21,75.0,9.82,33
13629,1935,3,1,108.31,75.0,9.82,33
13630,2001,3,1,79.58,75.0,9.82,33
13631,1968,3,1,89.1,75.0,9.82,33
13632,1950,3,1,100.2,75.0,9.81,33
13633,1950,3,1,98.56,75.0,9.81,33
13635,1934,3,1,104.8,165.0,9.97,33
13638,1950,3,1,43.18,165.0,9.84,33
13639,1965,9,1,125.15,165.0,10.01,33
13640,1950,9,1,142.74,255.0,9.87,33
13642,1935,3,1,107.65,255.0,9.89,33
13643,1950,3,1,119.89,255.0,9.9,33
13644,1956,3,1,119.68,255.0,9.92,33
13645,1971,3,1,153.14,255.0,9.93,33
13646,2008,9,1,146.43,255.0,9.94,33
13649,2023,6,1,106.86,255.0,9.97,33
13652,1950,3,1,124.75,255.0,10.0,33
13654,1950,3,1,144.13,255.0,10.02,33
13655,1936,3,1,135.9,255.0,10.05,33
13656,1950,3,1,133.33,255.0,10.08,33
13657,1950,3,1,99.47,255.0,10.1,33
13658,1950,3,1,109.27,255.0,10.12,33
13659,1962,3,1,107.87,255.0,10.15,33
13660,1997,3,1,110.23,255.0,10.18,33
13661,1998,9,1,272.25,165.0,11.53,33
13662,2001,3,1,256.34,255.0,10.21,33
13663,1940,9,1,221.55,70.0,9.84,33
13687,2002,21,1,1077.35,255.0,9.91,33
13688,1958,3,1,141.45,5.0,9.93,33
13689,1949,3,1,127.69,5.0,9.92,33
13690,1948,3,1,93.38,5.0,9.91,33
13691,1940,3,1,84.79,5.0,9.9,33
13693,1972,3,1,77.17,5.0,9.89,33
13695,1953,3,1,91.85,5.0,9.88,33
13697,1960,6,1,105.08,165.0,21.04,33
13698,2002,12,1,614.91,165.0,29.64,33
13702,1951,6,1,209.3,165.0,20.98,33
13706,2021,15,1,399.36,165.0,18.14,33
13710,1941,3,1,91.18,0.0,8.18,33
13712,1960,3,1,91.15,0.0,8.16,33
13714,1949,3,1,208.27,0.0,8.13,33
13717,1950,3,1,166.13,0.0,8.09,33
13718,1949,3,1,69.51,0.0,8.07,33
13720,1962,3,1,140.03,5.0,8.09,33
13722,1951,3,1,89.25,0.0,8.0,33
13723,1951,3,1,71.06,95.0,23.83,33
13725,1960,3,1,59.82,95.0,23.83,33
13727,1958,3,1,70.48,95.0,23.82,33
13729,1958,3,1,95.78,95.0,23.82,33
13732,1955,6,1,70.64,95.0,23.8,33
13735,1950,3,1,83.33,95.0,23.79,33
13737,1960,6,1,90.92,95.0,23.78,33
13739,1962,21,1,554.7,180.0,7.97,33
13741,1961,3,1,123.38,185.0,7.97,33
13743,1961,3,1,112.19,185.0,7.97,33
13744,1961,3,1,111.15,185.0,7.97,33
13745,1951,3,1,113.13,185.0,7.97,33
13746,1961,3,1,108.14,275.0,8.84,33
13747,1950,3,1,119.8,275.0,8.86,33
13749,1951,6,1,94.5,275.0,8.87,33
13751,1978,9,1,64.59,275.0,8.88,33
13755,1961,3,1,93.81,270.0,8.91,33
13757,1961,9,1,85.77,275.0,8.92,33
13759,1991,3,1,126.98,275.0,8.95,33
13761,1973,21,1,323.3,5.0,7.96,33
13763,1978,21,1,610.03,95.0,52.36,33
13765,1981,18,1,362.55,185.0,9.79,33
13767,1980,15,1,512.37,185.0,9.85,33
13769,1999,12,1,387.3,190.0,46.12,33
13770,1953,3,1,144.51,270.0,9.04,33
13771,2021,6,1,85.49,0.0,7.86,33
13773,1961,3,1,126.13,0.0,7.86,33
13774,1998,3,1,140.38,0.0,7.86,33
13775,1931,6,1,183.37,0.0,7.86,33
13779,2002,12,1,140.45,0.0,7.87,33
13781,1951,6,1,96.84,95.0,30.68,33
13784,1931,9,1,81.16,95.0,30.23,33
13786,1993,15,1,141.53,95.0,29.66,33
13788,1918,3,1,207.87,95.0,28.69,33
13790,1951,3,1,94.63,95.0,27.85,33
13793,1921,3,1,187.02,95.0,27.08,33
13794,1991,15,1,277.14,95.0,25.84,33
13797,1971,6,1,113.74,95.0,25.2,33
13799,1957,6,1,197.37,180.0,8.03,33
13800,1963,6,1,97.9,180.0,8.06,33
13801,1951,3,1,147.87,180.0,8.08,33
13803,1965,9,1,198.95,180.0,8.12,33
13805,2019,9,1,141.66,275.0,9.25,33
13807,1926,6,1,207.38,270.0,9.21,33
13808,2017,9,1,73.99,270.0,9.18,33
13811,1976,3,1,126.74,270.0,9.17,33
13813,2022,6,1,95.87,275.0,9.15,33
13815,2019,6,1,82.84,275.0,9.13,33
13817,1973,9,1,256.93,275.0,9.11,33
13819,1923,3,1,79.59,275.0,9.08,33
13821,1961,3,1,95.1,275.0,9.06,33
13823,1964,9,1,250.13,270.0,9.28,33
13826,1941,9,1,105.05,275.0,25.2,33
13827,1931,12,1,105.14,5.0,7.8,33
13829,1959,6,1,124.55,5.0,7.81,33
13830,1980,9,1,95.48,5.0,7.82,33
13832,1983,9,1,79.95,5.0,7.83,33
13834,1961,3,1,147.0,5.0,7.84,33
13835,2012,12,1,96.59,5.0,7.85,33
13838,1961,3,1,144.91,5.0,7.86,33
13840,1950,6,1,120.6,5.0,7.88,33
13843,1953,6,1,80.4,0.0,7.9,33
13845,1950,6,1,103.11,95.0,30.93,33
13847,1975,6,1,88.45,95.0,31.23,33
13848,1984,9,1,74.12,95.0,31.55,33
13851,1904,3,1,69.58,95.0,31.89,33
13852,1950,3,1,91.87,95.0,32.18,33
13855,1994,12,1,119.43,95.0,32.68,33
13856,1961,3,1,90.6,185.0,7.92,33
13858,1953,9,1,71.07,95.0,33.16,33
13861,1955,9,1,82.78,95.0,33.48,33
13864,1974,18,1,685.72,95.0,48.09,33
13865,1951,3,1,148.38,185.0,7.87,33
13866,1961,6,1,93.23,180.0,7.89,33
13867,1951,3,1,115.46,180.0,7.94,33
13868,1959,3,1,116.05,180.0,7.95,33
13870,1968,6,1,114.12,180.0,7.99,33
13873,1950,3,1,97.33,270.0,8.75,33
13875,1943,9,1,74.26,270.0,8.75,33
13877,1951,3,1,72.77,275.0,8.79,33
13880,1960,9,1,81.43,275.0,8.79,33
13882,1953,6,1,61.0,270.0,8.79,33
13886,1986,3,1,58.47,275.0,8.81,33
13888,2003,6,1,275.22,270.0,8.77,33
13889,1982,6,1,346.39,275.0,11.23,33
13890,1982,6,1,222.0,0.0,8.01,33
13891,1982,6,1,221.34,0.0,7.91,33
13892,1982,6,1,220.27,0.0,7.83,33
13893,1981,15,1,148.27,95.0,33.43,33
13894,1981,15,1,219.29,95.0,33.49,33
13895,1985,15,1,282.02,95.0,33.19,33
13897,1987,15,1,179.64,95.0,32.37,33
13898,1985,6,1,461.83,180.0,7.87,33
13899,1984,6,1,216.17,180.0,7.86,33
13900,1984,6,1,217.58,180.0,7.86,33
13902,1984,6,1,327.77,275.0,8.79,33
13905,1956,12,1,113.76,345.0,9.87,33
13906,1935,6,1,62.05,345.0,9.87,33
13907,1887,3,1,151.67,345.0,9.87,33
13909,1940,3,1,62.2,345.0,9.87,33
13911,1990,3,1,44.57,345.0,9.87,33
13914,1940,3,1,110.75,345.0,9.88,33
13917,1893,9,1,100.21,345.0,9.88,33
13920,1900,3,1,133.09,345.0,9.88,33
13922,2000,3,1,142.91,345.0,9.88,33
13929,1951,3,1,71.63,185.0,7.83,33
13931,1993,3,1,76.88,185.0,7.8,33
13933,1920,3,1,118.53,270.0,32.27,33
13935,2002,3,1,102.93,345.0,9.88,33
13937,1991,6,1,162.67,270.0,8.52,33
13939,1961,3,1,84.3,5.0,7.96,33
13941,1932,3,1,90.06,5.0,7.99,33
13942,1961,3,1,86.51,5.0,7.99,33
13943,1992,6,1,234.51,5.0,8.01,33
13944,1941,12,1,89.03,5.0,8.03,33
13946,1965,12,1,82.09,5.0,8.03,33
13950,1931,3,1,159.95,5.0,8.04,33
13951,1992,9,1,151.61,5.0,8.06,33
13953,1931,9,1,95.06,95.0,24.87,33
13955,2014,9,1,109.15,95.0,24.84,33
13958,1997,12,1,73.04,95.0,24.77,33
13963,1943,6,1,72.54,270.0,8.65,33
13967,2022,6,1,124.26,5.0,7.98,33
13969,1971,12,1,111.51,190.0,10.17,33
13970,1938,3,1,104.93,190.0,10.23,33
13973,1947,3,1,129.22,190.0,10.35,33
13974,1932,3,1,136.57,190.0,10.58,33
13975,2018,12,1,135.11,190.0,10.64,33
13980,2022,15,1,64.86,190.0,10.7,33
13982,1900,9,1,147.33,190.0,10.96,33
13985,1978,18,1,358.24,140.0,48.22,33
13987,1942,3,1,61.5,275.0,8.77,33
13989,2002,12,1,442.97,190.0,18.67,33
13991,2004,3,1,309.66,190.0,10.83,33
13993,2020,12,1,419.42,190.0,10.44,33
13995,1989,9,1,246.67,10.0,10.02,33
13997,1957,9,1,78.67,10.0,10.22,33
13999,1976,6,1,318.34,10.0,10.37,33
14002,1925,3,1,103.16,10.0,10.46,33
14003,1951,3,1,202.87,10.0,10.54,33
14005,1972,24,1,274.02,10.0,10.71,33
14006,1970,24,1,553.87,150.0,57.49,33
14007,1973,24,1,446.08,180.0,10.23,33
14009,1968,12,1,94.52,165.0,9.88,33
14011,1967,3,1,100.43,165.0,9.87,33
14012,1910,3,1,107.53,165.0,9.88,33
14014,1961,3,1,129.36,165.0,9.88,33
14016,1960,3,1,108.18,165.0,9.88,33
14017,1951,3,1,105.81,165.0,9.88,33
14019,1957,9,1,119.41,165.0,9.87,33
14022,1959,3,1,84.16,165.0,9.87,33
14023,1956,3,1,75.4,165.0,9.87,33
14024,1956,3,1,107.0,270.0,42.82,33
14026,1961,9,1,232.04,10.0,10.14,33
14028,1972,9,1,497.35,270.0,9.69,33
14029,1960,3,1,82.34,0.0,7.91,33
14030,1940,3,1,115.96,5.0,7.91,33
14031,1984,6,1,101.86,5.0,7.91,33
14034,1926,3,1,142.34,5.0,7.91,33
14036,1940,9,1,99.7,5.0,7.91,33
14038,1950,3,1,126.76,0.0,7.92,33
14039,1940,3,1,77.58,0.0,7.92,33
14041,1970,6,1,111.6,95.0,8.55,33
14043,1962,3,1,84.18,95.0,16.05,33
14045,1960,3,1,210.13,95.0,8.77,33
14048,1890,6,1,72.89,95.0,8.78,33
14049,2020,12,1,151.32,95.0,8.8,33
14052,1942,9,1,95.68,190.0,9.84,33
14054,1960,6,1,88.85,190.0,7.86,33
14055,1968,15,1,499.94,190.0,9.7,33
14056,1968,15,1,389.99,190.0,37.54,33
14057,1948,3,1,124.16,270.0,9.76,33
14058,1958,3,1,129.63,270.0,9.73,33
14061,1890,3,1,59.84,95.0,8.78,33
14062,1968,12,1,264.97,275.0,10.73,33
14063,1995,3,1,73.03,0.0,7.95,33
14064,1962,3,1,64.52,0.0,7.95,33
14065,1986,9,1,76.76,0.0,7.92,33
14067,1958,9,1,114.39,0.0,7.91,33
14069,1974,3,1,81.56,0.0,7.9,33
14070,1970,9,1,81.01,5.0,7.9,33
14072,1935,6,1,83.01,5.0,7.89,33
14074,1900,3,1,107.58,0.0,7.88,33
14075,1978,6,1,62.8,0.0,7.87,33
14076,1970,6,1,117.89,0.0,7.86,33
14079,1970,18,1,220.56,95.0,24.9,33
14080,1976,18,1,353.76,95.0,24.94,33
14083,1946,9,1,190.45,95.0,24.99,33
14086,1940,3,1,243.4,95.0,25.04,33
14088,1983,6,1,57.6,95.0,25.09,33
14091,2024,3,1,64.25,95.0,44.6,33
14093,1977,3,1,131.83,185.0,8.05,33
14095,1999,6,1,113.85,185.0,8.04,33
14096,2002,3,1,263.43,185.0,8.03,33
14097,2007,3,1,153.62,185.0,8.01,33
14098,1976,9,1,73.86,185.0,8.0,33
14100,1970,9,1,71.18,185.0,7.99,33
14102,2010,12,1,54.44,180.0,7.99,33
14103,1909,3,1,63.45,185.0,7.98,33
14104,1970,12,1,88.98,270.0,8.49,33
14106,1968,3,1,59.99,275.0,8.51,33
14107,1962,3,1,57.41,275.0,8.54,33
14109,1965,3,1,63.17,275.0,8.57,33
14110,1995,6,1,556.21,275.0,8.67,33
14111,2011,12,1,140.93,0.0,7.93,33
14116,1954,3,1,117.24,5.0,7.88,33
14117,1945,3,1,256.04,5.0,7.88,33
14118,2000,3,1,121.27,0.0,7.87,33
14119,1979,3,1,123.59,0.0,7.87,33
14120,1936,3,1,115.64,0.0,7.87,33
14121,1999,3,1,195.05,90.0,8.74,33
14122,1997,9,1,76.49,200.0,8.28,33
14123,1940,3,1,84.25,180.0,7.91,33
14126,1940,9,1,74.71,185.0,7.91,33
14128,1930,3,1,96.05,185.0,7.91,33
14129,1956,3,1,126.25,185.0,7.91,33
14130,1936,6,1,102.32,185.0,7.91,33
14132,1993,12,1,75.62,185.0,7.91,33
14134,1961,9,1,86.89,185.0,7.91,33
14135,1959,3,1,110.57,185.0,7.91,33
14136,1905,3,1,115.19,275.0,9.65,33
14137,1933,3,1,219.77,270.0,9.57,33
14138,2006,9,1,76.49,270.0,9.54,33
14139,1965,6,1,101.88,270.0,9.53,33
14140,1986,3,1,145.91,185.0,7.91,33
14142,2002,6,1,456.39,95.0,8.66,33
14143,2008,9,1,158.23,0.0,7.87,33
14146,1920,3,1,22.19,270.0,9.5,33
14148,2007,9,1,143.4,270.0,8.9,33
14151,1939,3,1,53.85,0.0,7.84,33
14152,1946,3,1,58.58,5.0,7.82,33
14153,1994,3,1,102.3,5.0,7.79,33
14154,1940,9,1,128.69,5.0,7.77,33
14155,1946,3,1,129.14,5.0,7.74,33
14157,1926,3,1,79.0,0.0,7.73,33
14158,1970,9,1,77.02,0.0,7.72,33
14160,1895,3,1,120.36,0.0,7.7,33
14161,1960,3,1,217.48,5.0,7.64,33
14162,1948,9,1,67.66,0.0,7.62,33
14164,1974,6,1,86.65,5.0,7.6,33
14167,1930,3,1,64.02,95.0,31.82,33
14169,1945,3,1,258.28,95.0,26.27,33
14172,1934,3,1,116.45,180.0,7.89,33
14173,2012,12,1,71.45,180.0,7.9,33
14175,2007,9,1,75.67,180.0,7.91,33
14176,1939,3,1,120.44,275.0,8.68,33
14177,1934,3,1,95.44,275.0,8.7,33
14179,1995,6,1,250.27,275.0,8.72,33
14181,1999,3,1,261.39,270.0,8.82,33
14182,1914,3,1,129.69,275.0,8.84,33
14183,1959,6,1,70.21,275.0,8.86,33
14185,1974,3,1,102.74,95.0,36.13,33
14186,1940,3,1,209.06,270.0,8.67,33
14187,1991,6,1,262.77,270.0,8.77,33
14189,2003,6,1,190.79,180.0,7.87,33
14191,2014,15,1,590.77,95.0,24.94,33
14193,1968,9,1,127.94,340.0,9.81,33
14194,1940,9,1,180.98,340.0,9.81,33
14196,1945,6,1,97.87,340.0,9.81,33
14197,1977,6,1,118.59,340.0,9.81,33
14199,2021,9,1,123.29,340.0,9.81,33
14200,2022,15,1,124.76,340.0,9.81,33
14202,1955,3,1,112.27,345.0,9.82,33
14204,1914,3,1,108.79,340.0,9.81,33
14205,1916,3,1,116.74,345.0,9.82,33
14206,1917,3,1,94.75,340.0,9.81,33
14208,1962,15,1,261.69,95.0,33.45,33
14209,2008,9,1,79.15,90.0,31.25,33
14211,1987,3,1,91.81,90.0,8.88,33
14213,1928,3,1,97.89,90.0,8.85,33
14215,1932,9,1,106.44,90.0,8.83,33
14216,1939,3,1,84.02,90.0,8.81,33
14218,1939,3,1,83.82,90.0,8.78,33
14219,1940,6,1,75.65,90.0,8.77,33
14221,1927,3,1,85.32,90.0,8.75,33
14222,1940,3,1,114.79,95.0,8.71,33
14223,1959,9,1,80.42,90.0,8.68,33
14225,1949,3,1,96.31,90.0,8.66,33
14226,1985,3,1,136.71,90.0,8.64,33
14227,1993,9,1,268.17,180.0,7.87,33
14228,1940,3,1,237.8,180.0,7.87,33
14229,1991,9,1,233.81,270.0,9.38,33
14230,1945,3,1,119.14,270.0,13.36,33
14231,2004,3,1,63.36,270.0,18.13,33
14233,1945,9,1,115.99,270.0,9.31,33
14235,2023,9,1,75.73,270.0,9.28,33
14237,1945,6,1,118.95,275.0,9.26,33
14239,1956,3,1,83.22,275.0,9.23,33
14241,2002,9,1,465.98,340.0,16.17,33
14243,1963,3,1,131.26,275.0,8.92,33
14245,1963,3,1,85.19,5.0,7.9,33
14247,1961,3,1,168.37,0.0,7.9,33
14248,1960,6,1,263.77,0.0,7.91,33
14250,1993,3,1,54.3,0.0,7.91,33
14252,1960,3,1,73.68,0.0,7.91,33
14254,1960,3,1,303.42,160.0,10.15,33
14255,1960,9,1,201.79,0.0,7.91,33
14256,1960,9,1,92.64,0.0,7.93,33
14258,1965,12,1,161.37,160.0,10.05,33
14259,1975,6,1,168.34,160.0,10.05,33
14261,1960,3,1,166.65,160.0,10.02,33
14262,1903,3,1,135.22,160.0,9.94,33
14263,1972,12,1,270.29,160.0,9.92,33
14265,1960,12,1,85.17,160.0,10.08,33
14267,1973,12,1,277.37,160.0,10.11,33
14269,1962,6,1,150.01,160.0,10.18,33
14271,1966,21,1,810.96,165.0,10.32,33
14273,1994,9,1,284.08,270.0,9.35,33
14274,1960,9,1,125.6,0.0,7.62,33
14275,1956,3,1,83.4,0.0,7.62,33
14276,2005,3,1,76.85,5.0,7.64,33
14277,1965,3,1,59.84,0.0,7.68,33
14278,1965,3,1,57.05,0.0,7.68,33
14279,1930,3,1,102.52,0.0,7.7,33
14280,2018,12,1,116.87,0.0,7.72,33
14283,1962,6,1,140.84,0.0,7.73,33
14285,1962,3,1,83.03,0.0,7.75,33
14287,1981,9,1,87.07,0.0,7.77,33
14288,1906,9,1,119.08,0.0,7.8,33
14292,1995,9,1,1047.48,95.0,11.94,33
14294,2016,18,1,84.2,160.0,9.81,33
14298,1956,3,1,395.51,160.0,9.81,33
14299,1924,3,1,196.45,160.0,9.81,33
14300,1920,3,1,94.98,160.0,9.81,33
14301,1924,3,1,104.22,160.0,9.81,33
14302,1975,12,1,109.6,160.0,9.81,33
14304,1906,3,1,123.49,160.0,9.81,33
14305,1969,9,1,242.15,270.0,10.07,33
14306,1993,9,1,639.75,270.0,9.43,33
14308,2008,9,1,370.84,90.0,8.91,33
14312,1979,9,1,749.45,90.0,9.3,33
14313,1964,18,1,492.21,90.0,9.01,33
14314,1989,6,1,428.76,180.0,7.72,33
14317,1967,15,1,212.78,270.0,10.01,33
14319,1949,3,1,91.9,60.0,24.82,33
14321,1954,6,1,123.57,60.0,24.82,33
14323,1987,9,1,251.98,60.0,24.81,33
14325,1956,6,1,170.27,60.0,24.82,33
14328,1931,3,1,90.88,60.0,24.83,33
14329,1949,9,1,128.62,60.0,24.83,33
14331,1956,6,1,107.62,60.0,24.84,33
14333,1961,3,1,121.19,60.0,24.84,33
14334,1947,3,1,155.17,270.0,0.0,33
14336,1942,3,1,115.0,60.0,24.85,33
14337,1969,3,1,186.8,80.0,26.59,33
14340,1920,6,1,99.32,125.0,64.62,33
14343,1950,3,1,84.79,270.0,9.03,33
14344,1961,3,1,95.81,275.0,9.03,33
14346,1992,12,1,75.59,270.0,9.04,33
14348,1968,12,1,56.96,270.0,9.04,33
14351,1966,9,1,72.55,275.0,9.04,33
14353,1959,3,1,162.04,270.0,9.05,33
14355,1930,3,1,90.16,90.0,9.06,33
14356,1959,9,1,66.55,95.0,9.06,33
14358,1959,9,1,64.82,90.0,9.05,33
14360,1930,3,1,53.4,95.0,9.04,33
14361,1930,3,1,75.97,90.0,9.05,33
14363,1930,6,1,82.31,90.0,9.05,33
14372,1967,27,1,347.32,50.0,61.17,33
14375,1975,12,1,1066.52,270.0,19.99,33
14376,1973,18,1,363.45,0.0,46.16,33
14378,1974,18,1,427.34,95.0,41.21,33
14380,1974,21,1,186.94,95.0,24.49,33
14381,2008,9,1,787.57,90.0,8.89,33
14382,1983,9,1,699.08,270.0,17.89,33
14384,1973,21,1,857.06,0.0,72.33,33
14386,1990,9,1,422.14,65.0,25.33,33
14388,1965,3,1,110.71,60.0,25.28,33
14389,1990,3,1,68.07,185.0,8.05,33
14390,1974,12,1,138.42,270.0,9.95,33
14391,1984,6,1,246.9,270.0,9.94,33
14393,1895,3,1,116.6,270.0,9.93,33
14394,1916,9,1,90.51,270.0,9.92,33
14396,1990,3,1,79.59,180.0,8.02,33
14398,2012,12,1,52.12,270.0,9.91,33
14400,2012,18,1,61.05,60.0,28.13,33
14402,2019,18,1,257.91,60.0,25.14,33
14408,1978,21,1,460.78,245.0,55.56,33
14409,1970,18,1,579.02,335.0,11.47,33
14410,1999,12,1,1240.4,115.0,27.94,33
14411,1982,12,1,391.73,175.0,22.9,33
14412,1978,21,1,354.07,245.0,33.8,33
14413,2000,9,1,1727.38,335.0,11.52,33
14414,1999,6,1,173.98,75.0,8.36,33
14415,1900,3,1,78.27,250.0,5.61,33
14416,1900,6,1,135.86,75.0,8.29,33
14417,1900,3,1,139.81,75.0,8.28,33
14419,1910,3,1,98.26,75.0,8.26,33
14420,1940,6,1,110.58,75.0,8.23,33
14421,2003,3,1,74.86,75.0,8.22,33
14422,1916,3,1,126.94,75.0,8.3,33
14424,1914,3,1,106.42,75.0,8.32,33
14428,1952,6,1,109.69,70.0,8.19,33
14430,1900,6,1,97.7,70.0,8.15,33
14432,2000,6,1,133.18,70.0,8.09,33
14433,1900,6,1,54.58,70.0,8.03,33
14435,1900,3,1,73.16,75.0,7.96,33
14436,1898,3,1,73.86,70.0,7.94,33
14437,2004,3,1,77.27,75.0,7.89,33
14439,2004,6,1,90.78,170.0,7.64,33
14440,1880,3,1,109.99,170.0,7.66,33
14443,2008,9,1,309.11,245.0,12.12,33
14446,2004,3,1,292.73,205.0,23.04,33
14448,1947,9,1,202.5,245.0,12.14,33
14449,1947,3,1,206.95,245.0,12.18,33
14454,1988,9,1,754.95,245.0,17.74,33
14456,1950,3,1,434.69,245.0,33.57,33
14457,1963,3,1,439.56,250.0,42.23,33
14458,2019,9,1,65.26,250.0,5.63,33
14461,2019,9,1,60.63,250.0,5.67,33
14463,1994,3,1,135.79,250.0,6.01,33
14464,1993,9,1,340.37,75.0,8.19,33
14466,2000,12,1,771.73,345.0,47.54,33
14467,2003,6,1,671.93,70.0,7.91,33
14468,2001,6,1,570.14,75.0,8.12,33
14469,1930,3,1,134.0,75.0,8.31,33
14471,2003,6,1,595.03,170.0,7.85,33
14472,2011,12,1,697.94,75.0,8.38,33
14475,2006,6,1,370.87,170.0,7.75,33
14479,2011,9,1,372.28,75.0,7.96,33
14480,2020,12,1,374.91,70.0,7.99,33
14483,2002,18,1,3252.21,165.0,48.98,33
14484,2022,21,1,1589.24,170.0,21.31,33
14487,1947,6,1,144.73,350.0,10.09,33
14488,1950,3,1,268.01,350.0,10.02,33
14489,1960,6,1,162.47,170.0,21.53,33
14490,1930,3,1,109.17,170.0,21.55,33
14492,1974,15,1,158.56,170.0,21.58,33
14493,1993,6,1,113.38,260.0,9.94,33
14494,1928,3,1,101.42,260.0,9.91,33
14495,1990,6,1,87.48,260.0,9.89,33
14497,1931,3,1,110.35,260.0,9.86,33
14498,1928,3,1,116.48,260.0,9.84,33
14499,2005,9,1,159.05,260.0,9.81,33
14500,1983,12,1,150.46,260.0,9.78,33
14502,1925,9,1,100.6,260.0,9.75,33
14504,1930,3,1,103.26,260.0,9.73,33
14505,1930,3,1,95.91,260.0,9.7,33
14506,2004,3,1,77.09,260.0,9.67,33
14507,1947,3,1,138.31,260.0,9.64,33
14508,2004,3,1,444.56,170.0,23.92,33
14510,2019,12,1,225.38,170.0,21.49,33
14512,1968,3,1,116.13,285.0,69.95,33
14513,1998,9,1,103.38,5.0,9.67,33
14514,2019,12,1,77.29,5.0,9.64,33
14516,1958,3,1,122.04,170.0,9.82,33
14517,1958,3,1,71.66,170.0,9.81,33
14518,2001,3,1,88.0,170.0,9.81,33
14519,1962,9,1,80.88,170.0,9.81,33
14521,1960,3,1,95.58,170.0,9.81,33
14522,1960,3,1,97.72,170.0,9.8,33
14523,1958,3,1,129.11,280.0,9.46,33
14524,2000,3,1,77.18,280.0,9.48,33
14525,1958,3,1,239.89,280.0,9.5,33
14526,1966,3,1,124.74,280.0,9.52,33
14527,1966,3,1,119.15,280.0,9.53,33
14529,1989,18,1,1001.68,350.0,11.33,33
14531,2006,9,1,138.81,80.0,9.89,33
14532,1987,3,1,458.55,170.0,9.82,33
14533,2007,9,1,403.42,170.0,9.9,33
14534,1958,6,1,154.8,5.0,9.61,33
14536,1927,3,1,117.21,350.0,23.48,33
14538,1940,3,1,132.06,170.0,10.13,33
14539,1981,3,1,140.04,350.0,10.44,33
14540,2002,3,1,128.79,350.0,17.4,33
14541,2021,6,1,59.87,350.0,29.7,33
14542,1950,3,1,100.31,350.0,9.8,33
14544,1950,3,1,110.15,350.0,9.81,33
14545,2004,3,1,75.43,350.0,9.81,33
14546,1930,3,1,111.75,170.0,10.02,33
14547,1947,3,1,129.82,170.0,88.22,33
14549,1950,3,1,162.37,170.0,107.87,33
14551,1970,3,1,163.69,170.0,107.93,33
14552,2022,3,1,66.96,350.0,9.83,33
14554,1970,3,1,119.36,350.0,9.83,33
14555,1975,3,1,101.64,350.0,9.85,33
14558,1960,3,1,103.19,80.0,10.16,33
14559,1961,3,1,119.8,80.0,9.77,33
14560,2001,9,1,134.19,170.0,9.87,33
14561,1968,3,1,92.91,170.0,10.03,33
14562,1960,3,1,78.54,170.0,61.79,33
14563,1970,3,1,100.96,170.0,10.01,33
14565,1965,3,1,100.85,170.0,10.01,33
14566,1976,6,1,73.21,170.0,10.04,33
14568,1991,12,1,745.68,170.0,27.57,33
14571,2004,9,1,228.05,170.0,10.02,33
14572,2008,9,1,400.71,170.0,10.11,33
14573,2001,3,1,86.86,350.0,9.64,33
14575,2005,12,1,138.5,350.0,11.99,33
14576,1949,3,1,212.31,80.0,11.06,33
14578,1995,12,1,171.87,80.0,10.42,33
14580,1939,6,1,94.91,80.0,10.28,33
14582,1937,3,1,117.46,80.0,10.18,33
14583,1937,3,1,88.08,80.0,10.1,33
14584,1979,12,1,1137.26,0.0,55.44,33
14587,1995,6,1,310.62,180.0,11.68,33
14588,1937,3,1,85.72,185.0,9.62,33
14589,1940,3,1,96.72,185.0,9.63,33
14591,1937,3,1,79.69,185.0,9.65,33
14592,1970,3,1,78.43,185.0,9.67,33
14593,1937,3,1,70.62,185.0,9.69,33
14594,1996,3,1,45.58,185.0,28.83,33
14595,1966,3,1,71.43,185.0,58.36,33
14596,1937,9,1,86.0,185.0,9.77,33
14598,1935,3,1,134.62,185.0,9.8,33
14600,1981,9,1,301.28,185.0,9.83,33
14603,1937,3,1,92.28,180.0,5.79,33
14604,1954,3,1,119.97,180.0,5.75,33
14605,1940,3,1,56.0,180.0,5.72,33
14606,1975,3,1,78.81,180.0,5.7,33
14608,1940,9,1,119.42,180.0,5.66,33
14610,1940,3,1,93.91,180.0,5.63,33
14612,1988,3,1,93.13,180.0,5.61,33
14614,1967,3,1,42.96,0.0,5.58,33
14615,1940,6,1,45.98,0.0,5.6,33
14617,1938,9,1,44.6,0.0,5.61,33
14618,1940,6,1,47.5,0.0,5.62,33
14620,1940,3,1,50.89,0.0,5.71,33
14621,1940,3,1,62.43,0.0,5.75,33
14622,1999,6,1,363.15,300.0,3.5,33
14625,1988,3,1,119.5,180.0,5.59,33
14626,1988,3,1,107.59,180.0,5.56,33
14627,1988,3,1,83.73,180.0,5.53,33
14629,2004,9,1,198.28,350.0,11.82,33
14630,2005,9,1,251.99,350.0,11.81,33
14631,2000,6,1,51.55,0.0,5.56,33
14632,1937,3,1,51.58,0.0,5.68,33
14633,1952,6,1,134.5,185.0,9.71,33
14636,1980,21,1,272.34,310.0,46.17,33
14638,1988,15,1,427.22,350.0,29.92,33
14639,1980,18,1,393.69,40.0,52.17,33
14640,1980,3,1,722.59,80.0,9.92,33
14642,1990,3,1,201.16,170.0,11.81,33
14643,1975,12,1,289.6,225.0,33.64,33
14644,1976,9,1,151.35,280.0,9.83,33
14646,1950,9,1,177.22,280.0,9.8,33
14647,1978,15,1,255.88,280.0,9.76,33
14649,1990,9,1,464.36,80.0,9.9,33
14651,1989,3,1,72.97,90.0,72.08,33
14652,1989,3,1,82.03,90.0,59.13,33
14653,1989,3,1,87.27,170.0,11.82,33
14654,1989,3,1,88.73,170.0,11.81,33
14655,1989,3,1,89.68,170.0,11.82,33
14656,1989,3,1,87.91,170.0,11.82,33
14657,1989,3,1,95.55,170.0,11.82,33
14659,1988,9,1,244.18,170.0,11.81,33
14660,2016,6,1,135.53,350.0,11.94,33
14662,1985,6,1,74.93,350.0,11.99,33
14665,1985,9,1,84.09,350.0,12.04,33
14668,1934,3,1,101.11,350.0,12.07,33
14669,1968,9,1,104.62,350.0,12.09,33
14671,1956,3,1,160.0,350.0,12.12,33
14672,2007,6,1,301.24,20.0,23.54,33
14673,1970,3,1,168.09,55.0,15.72,33
14674,1930,3,1,181.44,55.0,15.68,33
14676,1953,3,1,147.59,55.0,24.51,33
14677,1940,3,1,135.27,55.0,35.07,33
14679,2005,9,1,78.2,55.0,30.41,33
14681,1940,6,1,119.47,55.0,27.59,33
14682,2024,9,1,82.76,55.0,23.11,33
14685,1955,3,1,115.41,55.0,20.36,33
14687,1960,3,1,214.52,55.0,29.52,33
14690,1967,6,1,133.81,165.0,29.73,33
14691,1935,3,1,123.3,170.0,inf,33
14693,1987,3,1,126.96,170.0,57.48,33
14695,2004,9,1,815.4,260.0,11.98,33
14697,1963,6,1,100.28,170.0,29.92,33
14699,1973,3,1,114.62,170.0,29.86,33
14700,1989,3,1,119.91,170.0,29.77,33
14701,1987,9,1,84.04,170.0,29.79,33
14703,1985,9,1,74.9,350.0,11.97,33
14705,1985,9,1,80.53,350.0,12.01,33
14708,2000,15,1,99.19,170.0,29.67,33
14710,2003,3,1,438.31,305.0,26.79,33
14713,2023,18,1,316.64,170.0,29.71,33
14716,1970,6,1,155.5,215.0,47.8,33
14717,2023,15,1,306.38,170.0,31.3,33
14718,2015,12,1,71.09,320.0,36.71,33
14721,1950,3,1,64.11,5.0,68.19,33
14722,1950,3,1,60.95,10.0,16.5,33
14723,1960,3,1,70.17,10.0,13.71,33
14725,1950,3,1,63.69,10.0,13.77,33
14727,2013,12,1,54.08,10.0,13.83,33
14731,1965,9,1,144.65,10.0,13.96,33
14732,1950,9,1,104.24,10.0,14.02,33
14735,1996,15,1,1447.95,240.0,11.76,33
14736,1929,3,1,119.16,95.0,9.92,33
14737,1925,3,1,110.18,95.0,9.89,33
14739,1995,6,1,320.05,95.0,9.87,33
14741,1967,3,1,137.15,95.0,9.85,33
14742,1960,3,1,136.75,270.0,0.0,33
14744,1965,6,1,129.32,270.0,0.0,33
14745,2006,9,1,88.0,270.0,0.0,33
14747,1968,3,1,102.89,270.0,0.0,33
14748,1960,3,1,117.85,270.0,0.0,33
14749,1983,3,1,224.19,95.0,10.16,33
14750,1940,6,1,125.24,95.0,10.22,33
14751,2000,9,1,256.71,95.0,10.31,33
14753,1940,3,1,112.15,95.0,10.24,33
14754,1982,9,1,114.72,95.0,10.23,33
14755,1920,3,1,100.92,95.0,10.23,33
14757,1977,3,1,97.87,100.0,10.26,33
14759,1960,3,1,112.96,95.0,10.2,33
14761,1979,3,1,99.36,95.0,10.19,33
14762,1991,3,1,75.27,95.0,10.2,33
14765,1960,3,1,55.12,240.0,51.11,33
14766,1960,6,1,281.42,165.0,82.83,33
14767,1960,3,1,92.55,240.0,16.02,33
14768,1993,3,1,110.64,240.0,15.95,33
14769,1999,6,1,125.29,235.0,19.27,33
14770,1930,3,1,133.82,5.0,0.0,33
14772,1998,12,1,1054.35,315.0,29.06,33
14775,1996,6,1,269.6,240.0,28.3,33
14776,1977,6,1,124.45,95.0,10.22,33
14778,2004,3,1,577.72,235.0,16.09,33
14780,2009,6,1,714.07,235.0,15.91,33
14781,2011,12,1,362.87,240.0,22.06,33
14784,2010,9,1,285.9,240.0,15.99,33
14786,2023,3,1,102.53,265.0,0.0,33
14788,2023,12,1,90.36,270.0,0.0,33
14791,1978,9,1,110.67,280.0,47.23,33
14792,1975,15,1,145.46,345.0,11.81,33
14793,1978,6,1,138.5,280.0,10.31,33
14794,2006,9,1,126.19,280.0,9.79,33
14795,1974,9,1,113.18,280.0,9.8,33
14796,1974,12,1,126.32,280.0,9.83,33
14797,1977,3,1,101.19,335.0,14.21,33
14799,1962,6,1,94.52,315.0,12.95,33
14802,1933,6,1,163.98,95.0,10.28,33
14804,1934,3,1,121.21,95.0,10.28,33
14805,1929,3,1,161.59,95.0,10.29,33
14806,1960,6,1,320.62,95.0,10.3,33
14807,2004,3,1,745.69,95.0,10.31,33
14809,1950,9,1,224.97,95.0,10.32,33
14810,1950,3,1,139.03,95.0,10.32,33
14811,1950,3,1,117.96,95.0,10.32,33
14812,1930,3,1,106.76,95.0,10.32,33
14813,1960,3,1,99.49,95.0,10.33,33
14814,1940,3,1,116.21,95.0,10.34,33
14815,1940,3,1,86.26,175.0,77.42,33
14817,1940,9,1,87.5,190.0,14.11,33
14820,2005,6,1,188.15,190.0,14.01,33
14821,1920,6,1,100.73,190.0,14.02,33
14822,1920,6,1,112.78,190.0,14.02,33
14823,1930,3,1,111.72,190.0,14.02,33
14824,1930,3,1,49.66,190.0,13.99,33
14826,1962,9,1,70.24,190.0,13.93,33
14828,1975,9,1,299.12,240.0,92.58,33
14829,1950,3,1,137.01,295.0,17.62,33
14830,1957,3,1,119.33,295.0,16.53,33
14831,2003,6,1,183.9,315.0,56.4,33
14833,1975,3,1,99.57,0.0,0.0,33
14834,1910,6,1,80.07,315.0,17.47,33
14835,1988,3,1,226.24,115.0,15.87,33
14836,1930,3,1,87.72,315.0,12.03,33
14838,1920,3,1,128.71,315.0,12.26,33
14839,1950,3,1,32.99,20.0,0.0,33
14840,1950,3,1,35.3,110.0,1.23,33
14841,1950,3,1,34.26,200.0,9.58,33
14842,1950,3,1,35.17,290.0,12.63,33
14844,1950,3,1,42.76,200.0,7.04,33
14847,1950,3,1,35.64,5.0,5.65,33
14848,1950,3,1,35.07,275.0,8.85,33
14849,1950,3,1,77.12,95.0,21.25,33
14850,1953,3,1,76.18,315.0,12.08,33
14851,1934,3,1,105.18,315.0,17.58,33
14852,1994,3,1,262.88,95.0,10.34,33
14855,2003,3,1,838.39,315.0,12.5,33
14857,2005,6,1,344.53,190.0,14.04,33
14858,1964,6,1,76.55,315.0,12.62,33
14860,1929,3,1,111.18,95.0,10.29,33
14863,1923,3,1,106.79,315.0,12.33,33
14865,2022,9,1,86.63,315.0,12.36,33
14867,2010,18,1,2887.87,5.0,100.55,33
14869,1953,3,1,69.53,135.0,12.27,33
14871,1958,6,1,51.54,135.0,12.18,33
14873,1948,3,1,40.31,135.0,12.12,33
14875,1948,3,1,49.02,135.0,12.05,33
14877,2022,9,1,47.56,180.0,19.01,33
14880,1957,3,1,105.62,225.0,11.84,33
14881,1980,3,1,111.56,225.0,11.79,33
14883,1957,3,1,135.79,225.0,11.75,33
14884,1990,3,1,122.6,225.0,11.71,33
14887,1964,6,1,119.87,225.0,11.67,33
14889,1998,3,1,93.43,225.0,11.64,33
14891,1930,3,1,74.67,225.0,11.59,33
14893,1976,3,1,82.47,225.0,11.5,33
14895,2001,6,1,596.0,310.0,52.11,33
14896,2004,3,1,104.09,270.0,84.02,33
14897,1955,6,1,65.85,315.0,56.78,33
14898,1974,3,1,64.1,315.0,57.22,33
14899,1967,3,1,63.28,315.0,57.45,33
14900,1975,3,1,65.39,315.0,57.7,33
14901,1954,9,1,63.97,315.0,58.03,33
14903,1961,3,1,64.24,315.0,58.24,33
14904,1975,3,1,66.28,315.0,58.56,33
14905,1958,9,1,63.35,315.0,58.8,33
14907,1959,3,1,66.74,315.0,59.06,33
14908,1976,3,1,66.08,315.0,59.32,33
14909,1961,3,1,73.86,315.0,59.65,33
14910,1963,3,1,65.32,315.0,59.93,33
14911,1970,3,1,48.39,315.0,60.13,33
14912,1959,3,1,64.74,315.0,60.36,33
14913,1968,9,1,62.33,315.0,64.83,33
14914,1966,3,1,82.84,45.0,84.45,33
14915,1956,3,1,106.3,45.0,92.93,33
14917,1956,3,1,78.44,135.0,7.86,33
14918,1966,6,1,72.36,135.0,7.88,33
14919,1966,3,1,82.01,135.0,7.88,33
14920,1966,3,1,59.94,135.0,7.9,33
14921,1972,3,1,73.03,135.0,7.91,33
14922,1964,3,1,74.41,135.0,7.92,33
14923,1954,9,1,71.72,135.0,7.93,33
14924,1961,3,1,53.54,135.0,7.95,33
14925,1990,3,1,74.72,135.0,7.98,33
14927,1959,9,1,75.64,135.0,7.99,33
14929,1954,3,1,70.35,135.0,8.0,33
14930,1962,3,1,78.45,135.0,8.02,33
14931,1954,3,1,85.57,135.0,8.03,33
14932,2006,12,1,44.59,225.0,12.41,33
14934,1959,6,1,41.21,225.0,12.28,33
14935,1968,3,1,131.06,135.0,7.96,33
14936,1975,3,1,129.08,315.0,7.92,33
14937,1960,6,1,327.45,135.0,59.91,33
14938,1975,6,1,113.4,135.0,59.34,33
14939,1975,3,1,101.13,130.0,59.35,33
14940,1974,6,1,98.02,130.0,58.82,33
14941,1983,6,1,133.04,130.0,58.5,33
14942,1978,3,1,109.44,130.0,57.87,33
14944,1979,9,1,176.54,130.0,57.16,33
14945,1976,9,1,99.26,225.0,11.86,33
14946,1976,9,1,112.23,225.0,11.87,33
14947,1980,9,1,130.2,225.0,11.9,33
14948,1976,3,1,116.9,315.0,7.98,33
14950,1971,3,1,112.45,315.0,7.97,33
14952,1971,9,1,79.27,315.0,7.96,33
14954,1978,3,1,113.46,315.0,7.95,33
14955,1977,3,1,111.98,315.0,7.95,33
14956,1976,6,1,87.7,315.0,7.94,33
14958,1976,3,1,113.78,315.0,7.94,33
14959,1976,9,1,112.38,315.0,7.93,33
14960,1936,6,1,331.06,245.0,8.95,33
14964,1979,3,1,209.57,335.0,3.06,33
14967,1980,9,1,124.56,65.0,5.89,33
14970,1960,6,1,143.83,285.0,4.24,33
14973,1970,3,1,281.13,295.0,5.29,33
14977,1983,6,1,252.26,275.0,9.85,33
14980,1979,6,1,257.9,50.0,14.46,33
14984,1985,6,1,189.1,165.0,3.94,33
14989,2000,6,1,215.7,165.0,6.22,33
14993,1978,3,1,159.92,75.0,5.56,33
14994,1985,9,1,187.05,260.0,18.94,33
14996,1980,3,1,107.0,170.0,44.02,33
14997,1965,6,1,81.5,260.0,5.2,33
14998,1960,3,1,90.61,25.0,14.98,33
15001,1980,6,1,161.69,50.0,12.11,33
15005,1918,6,1,89.61,260.0,2.15,33
15006,1965,3,1,94.5,260.0,0.0,33
15008,1965,6,1,96.13,260.0,0.0,33
15009,1985,3,1,106.62,260.0,0.0,33
15012,1960,6,1,105.47,260.0,0.0,33
15015,1960,6,1,158.75,85.0,0.0,33
15017,1985,6,1,103.47,80.0,0.0,33
15018,1960,3,1,99.6,80.0,0.0,33
15020,1965,6,1,82.59,80.0,0.0,33
15022,2006,3,1,143.45,260.0,0.0,33
15025,1942,9,1,107.68,295.0,18.97,33
15030,1968,9,1,147.13,255.0,9.59,33
15032,2002,9,1,1682.37,170.0,14.14,33
15035,1933,3,1,98.65,255.0,9.64,33
15038,1993,9,1,658.88,170.0,12.55,33
15039,1996,15,1,578.77,260.0,75.3,33
15041,1996,15,1,523.01,260.0,65.65,33
15043,1996,18,1,731.1,260.0,58.87,33
15048,1972,6,1,76.38,75.0,12.69,33
15049,1928,9,1,70.67,75.0,12.74,33
15050,1915,6,1,141.69,75.0,12.84,33
15053,1996,9,1,146.86,75.0,12.95,33
15056,2002,15,1,144.66,75.0,13.07,33
15057,1948,9,1,192.35,75.0,13.2,33
15059,1950,3,1,116.02,345.0,9.86,33
15061,1950,3,1,117.46,345.0,9.87,33
15062,1976,21,1,1365.26,75.0,25.05,33
15063,1980,6,1,221.52,170.0,16.32,33
15065,1908,3,1,89.44,255.0,10.08,33
15067,1925,3,1,111.35,255.0,10.05,33
15068,1925,3,1,154.01,255.0,10.03,33
15069,1925,3,1,148.32,255.0,10.01,33
15071,1929,6,1,101.78,255.0,9.99,33
15072,1925,3,1,85.94,255.0,9.97,33
15074,1929,6,1,132.25,255.0,9.96,33
15075,2007,15,1,676.53,75.0,25.06,33
15077,1954,9,1,68.8,255.0,25.05,33
15079,1945,12,1,66.22,255.0,25.02,33
15080,1942,3,1,64.65,255.0,25.02,33
15082,1927,3,1,65.46,255.0,25.02,33
15083,1997,15,1,135.15,260.0,25.03,33
15084,1924,3,1,136.32,255.0,24.99,33
15085,1940,3,1,137.38,255.0,24.98,33
15087,2003,15,1,145.31,255.0,24.97,33
15088,1999,15,1,146.95,255.0,24.96,33
15089,1929,6,1,141.28,255.0,25.01,33
15091,1930,6,1,78.89,345.0,10.09,33
15092,1940,6,1,111.47,345.0,10.09,33
15093,1999,6,1,120.56,345.0,10.08,33
15095,1915,6,1,71.04,345.0,10.07,33
15096,1935,3,1,71.96,345.0,10.05,33
15097,1884,3,1,108.08,345.0,10.04,33
15099,1992,9,1,72.69,345.0,10.03,33
15100,2020,18,1,190.15,80.0,25.06,33
15101,1940,12,1,194.9,80.0,25.04,33
15104,2021,9,1,76.79,255.0,9.83,33
15106,1945,3,1,192.12,75.0,25.01,33
15108,1945,9,1,415.18,75.0,25.01,33
15109,1940,3,1,112.65,75.0,24.97,33
15110,1940,6,1,129.29,75.0,24.97,33
15112,1940,3,1,73.82,75.0,24.96,33
15115,2019,9,1,71.38,165.0,9.85,33
15117,2020,15,1,107.42,165.0,9.84,33
15118,1959,3,1,75.62,255.0,9.8,33
15119,1940,6,1,91.27,255.0,9.8,33
15120,1940,9,1,88.04,255.0,9.81,33
15122,1940,6,1,109.16,255.0,9.81,33
15123,1940,6,1,95.5,255.0,9.81,33
15125,1940,6,1,86.58,255.0,9.82,33
15126,1880,6,1,89.38,255.0,9.81,33
15128,1884,6,1,109.6,255.0,9.82,33
15129,1940,3,1,100.47,255.0,9.82,33
15130,1911,3,1,85.67,255.0,9.82,33
15131,1945,6,1,95.11,255.0,9.82,33
15134,2007,15,1,282.17,80.0,25.0,33
15135,2008,9,1,450.99,345.0,10.12,33
15139,1944,9,1,113.76,80.0,13.28,33
15141,1998,15,1,268.28,75.0,13.04,33
15142,1955,9,1,158.12,265.0,50.32,33
15144,1989,9,1,99.98,265.0,51.24,33
15145,1950,9,1,92.41,265.0,52.02,33
15147,1900,9,1,105.86,265.0,52.83,33
15148,1900,6,1,95.41,265.0,53.52,33
15150,1900,6,1,77.38,265.0,54.37,33
15152,1900,6,1,134.48,265.0,55.45,33
15153,1900,9,1,86.2,265.0,56.09,33
15157,1900,6,1,98.83,265.0,56.95,33
15158,1939,9,1,138.65,265.0,92.95,33
15162,2001,12,1,783.41,225.0,71.94,33
15166,1997,24,1,1527.41,270.0,62.26,33
15169,1990,9,1,257.83,340.0,25.3,33
15170,1947,9,1,128.8,185.0,7.92,33
15173,1940,9,1,76.15,340.0,10.31,33
15176,1940,12,1,90.94,340.0,10.29,33
15178,1938,6,1,70.9,345.0,10.28,33
15181,1954,3,1,140.28,345.0,10.23,33
15182,1950,3,1,67.44,345.0,10.18,33
15184,1950,3,1,83.39,340.0,10.16,33
15185,1925,6,1,198.0,340.0,10.09,33
15186,1904,6,1,83.49,340.0,10.05,33
15188,1960,3,1,87.36,340.0,10.05,33
15190,1949,9,1,101.54,95.0,24.99,33
15191,1949,12,1,113.45,95.0,25.0,33
15193,1963,9,1,157.61,95.0,25.01,33
15195,1911,9,1,77.47,95.0,25.02,33
15197,1940,9,1,64.11,95.0,25.03,33
15200,1924,3,1,76.77,95.0,25.04,33
15201,1959,9,1,103.55,95.0,25.06,33
15203,1924,6,1,63.14,95.0,26.45,33
15204,1934,6,1,115.97,95.0,31.7,33
15205,1965,15,1,156.12,185.0,7.74,33
15206,1910,6,1,81.75,185.0,7.78,33
15207,1945,3,1,86.35,185.0,7.8,33
15208,2005,9,1,182.73,185.0,7.86,33
15209,1938,9,1,99.99,340.0,10.24,33
15212,2010,15,1,313.47,95.0,25.05,33
15214,2016,9,1,183.14,340.0,10.12,33
15219,1900,12,1,181.45,260.0,24.61,33
15221,1969,15,1,260.72,70.0,8.77,33
15223,1900,9,1,138.57,165.0,28.44,33
15228,1900,9,1,116.73,260.0,24.7,33
15230,1980,12,1,465.15,275.0,9.44,33
15231,1949,6,1,147.18,0.0,8.36,33
15233,1962,3,1,185.79,0.0,8.28,33
15237,1927,9,1,132.62,60.0,24.87,33
15238,1927,6,1,129.51,60.0,24.89,33
15240,1961,3,1,103.18,65.0,24.91,33
15243,1976,21,1,426.19,65.0,24.9,33
15245,1946,9,1,142.66,65.0,24.79,33
15246,1943,9,1,121.89,65.0,28.9,33
15247,1954,6,1,135.06,75.0,24.62,33
15249,1955,12,1,133.36,80.0,24.55,33
15251,1962,9,1,299.26,80.0,24.66,33
15253,1969,3,1,148.23,180.0,7.92,33
15255,1969,3,1,135.65,180.0,7.91,33
15257,1965,6,1,119.88,180.0,7.91,33
15260,1947,3,1,92.24,275.0,9.15,33
15262,1962,3,1,134.71,0.0,8.31,33
15264,1940,9,1,214.37,90.0,28.87,33
15265,1947,3,1,100.26,275.0,9.22,33
15267,2006,6,1,368.93,275.0,9.06,33
15273,1980,21,1,403.15,25.0,10.58,33
15275,1980,21,1,416.77,65.0,6.67,33
15277,1980,21,1,417.95,80.0,6.19,33
15279,1980,21,1,417.3,70.0,20.94,33
15280,1907,6,1,116.2,350.0,7.8,33
15283,1920,6,1,25.72,350.0,7.78,33
15284,1880,9,1,103.98,350.0,7.76,33
15286,1989,3,1,143.73,350.0,7.74,33
15287,1994,3,1,56.8,355.0,7.72,33
15288,1987,9,1,60.4,350.0,7.69,33
15289,1924,6,1,95.37,350.0,7.67,33
15290,1920,6,1,88.79,350.0,7.65,33
15291,2007,9,1,71.47,350.0,7.64,33
15292,1920,9,1,86.12,350.0,7.62,33
15294,1920,6,1,111.83,350.0,7.6,33
15296,1895,6,1,85.3,350.0,7.58,33
15297,2003,3,1,206.44,350.0,38.28,33
15299,1900,9,1,90.5,350.0,9.48,33
15301,1908,3,1,97.48,350.0,7.71,33
15302,1900,9,1,71.17,350.0,7.71,33
15304,1900,9,1,99.99,350.0,7.72,33
15306,2021,9,1,72.36,350.0,7.72,33
15308,1903,6,1,106.29,350.0,7.72,33
15309,1890,3,1,116.05,85.0,7.78,33
15310,1964,21,1,179.78,85.0,8.03,33
15312,1910,9,1,86.34,80.0,7.96,33
15313,1981,12,1,129.25,85.0,7.92,33
15315,1922,9,1,111.38,85.0,7.92,33
15316,1900,6,1,78.3,85.0,7.93,33
15317,1900,6,1,91.95,85.0,7.95,33
15318,1975,9,1,235.27,85.0,7.97,33
15319,1900,9,1,86.53,85.0,7.98,33
15322,1976,3,1,104.09,85.0,8.0,33
15324,1920,9,1,209.82,85.0,8.01,33
15326,1969,12,1,111.75,85.0,8.05,33
15328,1900,9,1,116.84,85.0,8.06,33
15330,1900,12,1,106.4,85.0,8.08,33
15332,1900,6,1,80.81,85.0,8.09,33
15333,1968,12,1,126.46,85.0,8.11,33
15334,1900,6,1,103.31,85.0,8.12,33
15336,1900,6,1,133.06,85.0,8.13,33
15337,1900,6,1,78.54,85.0,8.16,33
15340,1973,15,1,586.03,240.0,24.92,33
15341,1964,21,1,1002.35,240.0,25.12,33
15342,1998,6,1,316.46,350.0,7.82,33
15343,2002,12,1,707.01,275.0,26.12,33
15344,2002,15,1,518.95,245.0,13.86,33
15345,2002,15,1,512.06,260.0,14.36,33
15346,2002,12,1,235.62,150.0,14.7,33
15347,2001,27,1,592.96,85.0,0.0,33
15348,2001,18,1,556.1,85.0,0.0,33
15349,2001,6,1,571.7,85.0,7.85,33
15350,2001,6,1,309.77,80.0,8.08,33
15353,1998,15,1,1710.02,85.0,0.0,33
15354,1999,12,1,676.6,85.0,0.0,33
15355,1991,3,1,50.11,80.0,9.91,33
15356,1930,9,1,97.19,80.0,9.92,33
15359,1930,3,1,105.46,80.0,9.93,33
15360,1930,3,1,96.65,80.0,9.95,33
15362,1930,3,1,100.1,80.0,9.96,33
15363,2001,3,1,69.91,80.0,9.98,33
15364,1960,9,1,103.61,80.0,9.99,33
15367,1952,6,1,93.94,80.0,10.0,33
15368,1930,3,1,95.27,80.0,10.02,33
15369,1930,3,1,106.27,80.0,10.04,33
15371,1982,3,1,109.73,80.0,10.05,33
15372,1930,3,1,89.13,80.0,10.06,33
15373,1930,3,1,117.87,80.0,10.09,33
15374,1930,9,1,75.38,170.0,9.87,33
15376,2004,3,1,329.66,350.0,10.09,33
15378,2023,21,1,535.97,260.0,14.01,33
15380,2012,18,1,310.03,260.0,13.98,33
15382,2005,9,1,142.89,170.0,45.4,33
15385,1973,9,1,180.51,170.0,9.94,33
15386,1930,3,1,150.86,170.0,9.99,33
15387,1920,3,1,92.94,350.0,9.84,33
15388,1989,3,1,116.76,350.0,9.83,33
15390,1920,6,1,102.86,350.0,9.83,33
15391,1930,9,1,137.16,350.0,9.83,33
15393,2006,12,1,122.9,80.0,15.02,33
15395,1930,9,1,67.71,80.0,10.15,33
15398,1930,3,1,56.91,170.0,10.1,33
15400,1993,3,1,79.07,170.0,10.08,33
15404,1930,3,1,,170.0,10.04,33
15406,1930,3,1,92.9,170.0,10.02,33
15409,1930,6,1,152.88,170.0,10.11,33
15410,2001,3,1,107.57,350.0,9.85,33
15411,2002,9,1,360.23,170.0,10.0,33
15412,1981,18,1,347.53,170.0,98.72,33
15414,1960,12,1,240.33,350.0,44.41,33
15415,1950,3,1,179.65,260.0,10.14,33
15417,1988,9,1,262.68,55.0,12.03,33
15419,1975,12,1,144.57,55.0,11.97,33
15420,1986,3,1,79.72,60.0,11.94,33
15421,1996,9,1,180.27,60.0,11.91,33
15423,1985,3,1,254.43,60.0,11.88,33
15425,1965,3,1,113.31,60.0,11.92,33
15426,1974,9,1,137.18,60.0,11.96,33
15428,1951,3,1,108.08,60.0,12.0,33
15429,1958,3,1,103.69,60.0,12.04,33
15430,1978,3,1,154.69,60.0,12.06,33
15431,1965,9,1,92.41,60.0,12.11,33
15432,1989,6,1,173.27,60.0,12.17,33
15434,1998,9,1,386.05,260.0,10.09,33
15435,1986,3,1,70.39,260.0,10.31,33
15436,1986,3,1,76.76,260.0,10.28,33
15437,1987,3,1,73.96,260.0,10.27,33
15438,1986,3,1,73.33,260.0,10.26,33
15439,1988,3,1,73.89,260.0,10.25,33
15440,1988,3,1,73.97,260.0,10.23,33
15441,1988,3,1,72.59,260.0,10.22,33
15442,1987,3,1,72.91,260.0,10.21,33
15443,1965,6,1,199.98,55.0,12.11,33
15446,1993,6,1,182.91,60.0,12.07,33
15448,1989,12,1,450.6,310.0,27.69,33
15450,1987,12,1,360.63,345.0,12.21,33
15456,1986,9,1,465.13,30.0,47.24,33
15457,1987,9,1,232.82,80.0,10.18,33
15458,2007,6,1,110.13,80.0,10.21,33
15459,1969,3,1,64.61,80.0,10.22,33
15460,1975,9,1,91.61,80.0,10.23,33
15462,1960,3,1,184.68,80.0,10.25,33
15463,1960,3,1,110.82,80.0,10.26,33
15464,1955,9,1,435.57,80.0,10.08,33
15466,2001,9,1,224.88,80.0,11.19,33
15468,2020,9,1,155.51,170.0,9.84,33
15471,1972,3,1,126.54,170.0,9.81,33
15473,1950,9,1,113.02,170.0,9.75,33
15474,2010,9,1,118.19,170.0,9.69,33
15475,1987,6,1,151.65,170.0,9.63,33
15476,1996,3,1,91.25,170.0,9.59,33
15477,1993,9,1,236.86,260.0,9.88,33
15478,1970,15,1,726.86,260.0,29.01,33
15479,1979,6,1,147.18,270.0,10.05,33
15481,1979,6,1,133.59,260.0,9.98,33
15482,1979,6,1,226.81,260.0,10.06,33
15484,1971,6,1,86.47,260.0,10.17,33
15485,1984,3,1,110.56,260.0,10.27,33
15488,1979,3,1,141.86,260.0,10.34,33
15490,1954,6,1,190.68,260.0,10.42,33
15492,1988,9,1,415.23,260.0,10.72,33
15493,1960,3,1,95.48,0.0,2.44,33
15494,1924,3,1,85.61,355.0,3.5,33
15496,2004,6,1,651.92,170.0,10.36,33
15499,2022,12,1,438.45,170.0,9.85,33
15500,1924,3,1,553.36,170.0,9.83,33
15502,2020,6,1,77.79,80.0,10.27,33
15504,2021,9,1,159.14,80.0,10.29,33
15509,1976,21,1,260.13,300.0,51.35,33
15510,1965,3,1,45.38,350.0,29.69,33
15512,1963,3,1,59.43,350.0,29.66,33
15513,1986,15,1,421.72,350.0,30.27,33
15514,1980,15,1,208.72,350.0,79.97,33
15515,1980,3,1,101.94,55.0,20.23,33
15516,1980,9,1,313.62,60.0,12.71,33
15519,1980,9,1,274.21,55.0,12.03,33
15520,1980,9,1,407.12,165.0,115.3,33
15521,1980,9,1,507.26,170.0,12.0,33
15526,1955,3,1,115.12,275.0,10.18,33
15527,1962,12,1,115.35,275.0,10.19,33
15529,1953,3,1,135.04,275.0,10.19,33
15530,1929,3,1,141.98,275.0,10.2,33
15531,1929,3,1,97.7,275.0,10.19,33
15532,1929,3,1,98.14,275.0,10.2,33
15533,1929,3,1,95.5,275.0,10.22,33
15534,1929,6,1,91.95,275.0,10.22,33
15536,1929,3,1,128.34,275.0,10.23,33
15537,1944,3,1,157.28,275.0,10.23,33
15538,1958,3,1,147.4,105.0,13.63,33
15539,1979,6,1,140.57,105.0,13.46,33
15541,2004,6,1,103.99,105.0,12.08,33
15542,1975,6,1,133.17,105.0,21.12,33
15543,1955,3,1,146.95,105.0,25.76,33
15544,1929,3,1,139.24,105.0,24.27,33
15545,1965,3,1,201.49,105.0,22.74,33
15546,1925,6,1,168.44,105.0,21.28,33
15550,1987,6,1,180.01,105.0,16.89,33
15551,1929,3,1,199.49,105.0,15.96,33
15552,1990,3,1,71.51,275.0,9.88,33
15553,1914,3,1,212.61,85.0,15.17,33
15555,1981,6,1,122.57,275.0,9.93,33
15557,1932,3,1,110.53,90.0,15.18,33
15558,1991,3,1,56.78,90.0,15.17,33
15559,1965,3,1,60.52,275.0,10.19,33
15560,1965,3,1,53.32,105.0,10.16,33
15561,2000,6,1,1054.72,355.0,31.93,33
15563,2000,6,1,377.86,275.0,10.17,33
15564,1998,3,1,112.08,275.0,10.19,33
15565,2004,3,1,53.16,110.0,10.22,33
15566,2004,3,1,51.47,105.0,10.16,33
15567,2002,9,1,58.97,275.0,10.23,33
15569,2004,12,1,53.21,105.0,15.54,33
15571,1991,9,1,309.64,100.0,27.43,33
15572,2009,9,1,55.02,275.0,10.26,33
15574,2009,9,1,55.46,105.0,11.2,33
15576,1988,3,1,96.88,0.0,12.26,33
15577,1971,3,1,109.49,355.0,11.97,33
15578,1959,3,1,88.6,0.0,13.1,33
15579,1954,3,1,95.78,0.0,11.98,33
15581,1954,3,1,77.29,0.0,11.95,33
15582,1960,3,1,133.29,355.0,11.94,33
15583,2001,3,1,85.82,0.0,11.89,33
15584,2019,9,1,124.09,0.0,11.85,33
15586,1958,3,1,86.33,0.0,11.86,33
15587,1959,3,1,132.14,0.0,11.91,33
15588,1966,3,1,112.41,0.0,11.96,33
15589,1967,3,1,143.48,40.0,26.81,33
15590,2011,9,1,121.38,85.0,12.03,33
15593,1914,9,1,111.37,90.0,14.55,33
15595,1914,9,1,133.82,90.0,14.45,33
15598,1920,3,1,147.96,90.0,14.35,33
15599,1929,6,1,169.34,90.0,14.24,33
15600,1950,6,1,162.62,90.0,14.12,33
15603,2008,6,1,270.65,85.0,14.16,33
15604,1964,3,1,131.1,85.0,14.18,33
15605,1986,3,1,101.84,85.0,14.18,33
15607,1930,3,1,104.25,85.0,14.18,33
15608,1996,3,1,103.52,90.0,14.16,33
15609,1930,3,1,107.33,90.0,14.12,33
15610,1930,3,1,137.96,90.0,14.07,33
15612,1925,6,1,132.93,90.0,12.86,33
15614,1954,6,1,101.64,90.0,12.64,33
15615,1944,9,1,125.11,90.0,12.36,33
15617,1929,3,1,87.68,90.0,12.1,33
15618,1940,3,1,118.09,275.0,10.28,33
15619,1956,6,1,94.43,85.0,127.97,33
15621,1941,3,1,93.02,275.0,12.56,33
15623,1946,3,1,76.18,275.0,31.44,33
15624,2018,6,1,94.59,275.0,26.68,33
15626,1959,3,1,80.72,275.0,22.73,33
15628,1974,3,1,93.57,275.0,18.82,33
15630,1978,3,1,109.72,275.0,15.16,33
15632,1969,3,1,110.48,275.0,11.44,33
15633,1990,3,1,100.68,315.0,15.23,33
15635,1931,3,1,75.81,275.0,10.28,33
15636,1998,3,1,77.09,100.0,45.6,33
15637,1998,3,1,80.73,180.0,13.97,33
15638,1958,3,1,105.45,90.0,13.5,33
15640,1999,6,1,891.52,180.0,13.96,33
15641,1966,3,1,110.4,275.0,10.29,33
15642,2007,6,1,258.49,85.0,14.19,33
15643,2011,12,1,511.22,0.0,14.36,33
15646,2009,3,1,71.12,90.0,13.56,33
15647,1960,3,1,118.14,315.0,19.23,33
15649,1966,6,1,80.94,95.0,10.41,33
15650,1958,3,1,80.03,95.0,13.02,33
15651,1978,6,1,78.21,95.0,68.24,33
15652,1960,3,1,89.92,95.0,61.62,33
15654,1995,9,1,174.21,95.0,19.57,33
15656,1947,3,1,58.51,135.0,20.73,33
15658,1966,3,1,79.73,135.0,24.87,33
15659,1960,6,1,75.44,135.0,28.93,33
15661,1945,3,1,74.3,135.0,32.84,33
15663,1955,3,1,78.14,135.0,26.9,33
15664,1950,6,1,59.25,135.0,13.4,33
15666,1970,3,1,75.98,135.0,12.99,33
15668,1958,3,1,75.65,135.0,12.97,33
15669,1954,3,1,77.03,180.0,18.9,33
15670,1960,3,1,23.65,180.0,24.84,33
15671,2008,6,1,161.46,225.0,12.47,33
15672,1975,3,1,75.56,315.0,8.02,33
15674,1965,3,1,62.69,315.0,8.0,33
15676,1953,3,1,76.32,315.0,7.99,33
15678,1953,9,1,74.32,315.0,7.98,33
15680,1956,3,1,70.71,315.0,7.97,33
15682,1960,3,1,78.6,315.0,7.95,33
15684,1961,3,1,76.18,315.0,7.95,33
15686,1962,3,1,77.62,315.0,7.93,33
15687,1960,3,1,67.74,315.0,7.92,33
15688,1920,3,1,67.45,315.0,7.91,33
15689,1964,3,1,92.52,355.0,25.64,33
15690,1966,6,1,119.14,355.0,25.59,33
15691,1965,3,1,159.12,355.0,25.56,33
15692,1964,3,1,168.94,355.0,25.52,33
15693,1964,3,1,200.76,355.0,25.5,33
15694,1972,9,1,179.72,355.0,25.47,33
15696,1961,3,1,68.05,355.0,25.44,33
15697,1970,9,1,81.33,355.0,25.42,33
15699,1971,3,1,131.6,355.0,25.39,33
15701,1964,3,1,125.94,175.0,9.03,33
15702,2000,9,1,79.32,175.0,6.06,33
15704,1968,9,1,68.78,175.0,6.38,33
15705,1966,3,1,98.07,220.0,6.12,33
15706,1968,6,1,165.37,175.0,6.36,33
15708,1964,6,1,124.9,305.0,inf,33
15711,1974,3,1,100.9,305.0,inf,33
15712,1988,3,1,89.25,175.0,6.07,33
15714,1980,9,1,149.55,305.0,122.85,33
15717,1967,3,1,81.68,35.0,6.11,33
15718,1955,3,1,151.64,175.0,11.9,33
15719,1954,3,1,132.51,175.0,11.95,33
15720,1949,6,1,133.88,175.0,11.97,33
15721,1946,3,1,147.35,175.0,11.98,33
15722,1967,6,1,127.69,175.0,11.99,33
15724,1954,3,1,139.31,175.0,12.01,33
15726,1974,6,1,95.56,355.0,6.34,33
15727,1969,3,1,109.49,355.0,6.24,33
15728,1966,3,1,99.32,50.0,17.01,33
15730,1980,3,1,142.65,175.0,12.07,33
15731,1959,3,1,82.28,175.0,11.84,33
15732,1966,3,1,200.62,225.0,22.94,33
15773,1990,9,1,1684.59,5.0,14.1,33
15774,1991,3,1,592.54,105.0,9.14,33
15775,2001,9,1,1501.21,5.0,14.08,33
15778,1997,6,1,431.8,105.0,8.94,33
15779,1935,3,1,107.37,105.0,8.95,33
15780,2006,9,1,131.31,105.0,8.98,33
15781,1934,3,1,124.51,105.0,9.0,33
15782,1935,3,1,125.13,105.0,9.03,33
15783,1992,3,1,103.13,105.0,9.05,33
15784,1992,9,1,1248.49,255.0,15.62,33
15785,2004,9,1,1066.22,5.0,15.72,33
15787,1953,6,1,92.28,345.0,9.89,33
15788,1934,3,1,139.84,345.0,9.88,33
15789,1935,9,1,165.64,80.0,20.02,33
15792,1965,9,1,98.62,80.0,8.53,33
15794,1910,6,1,122.7,80.0,8.52,33
15796,1962,6,1,100.81,80.0,8.48,33
15798,2021,3,1,78.95,80.0,8.47,33
15799,1956,6,1,95.38,80.0,8.45,33
15801,1923,6,1,108.67,80.0,8.43,33
15803,1922,3,1,119.47,80.0,8.42,33
15804,1925,3,1,123.37,80.0,8.4,33
15806,1931,3,1,102.61,80.0,8.38,33
15807,1953,3,1,120.1,80.0,8.36,33
15808,1936,3,1,168.67,80.0,8.33,33
15810,1885,3,1,106.36,80.0,8.3,33
15811,1915,3,1,81.9,80.0,8.28,33
15813,1989,6,1,107.14,80.0,8.27,33
15815,1942,3,1,57.0,80.0,8.53,33
15816,1936,3,1,101.33,185.0,14.1,33
15817,1937,3,1,137.54,185.0,14.1,33
15818,1960,3,1,130.56,185.0,14.1,33
15819,1940,3,1,100.75,185.0,14.09,33
15823,1936,9,1,,185.0,14.07,33
15827,1994,9,1,117.4,185.0,14.09,33
15828,1900,3,1,151.6,185.0,14.1,33
15829,1900,3,1,93.34,185.0,14.12,33
15833,1920,6,1,65.8,185.0,14.14,33
15835,1960,3,1,166.36,270.0,7.98,33
15837,1976,9,1,177.81,270.0,8.0,33
15839,1920,6,1,254.67,270.0,8.06,33
15840,1931,6,1,121.71,270.0,8.07,33
15841,1931,6,1,128.75,270.0,8.09,33
15842,1928,3,1,93.88,270.0,8.1,33
15843,1935,3,1,104.09,270.0,8.12,33
15846,1965,3,1,75.67,270.0,8.03,33
15847,1953,3,1,100.55,270.0,8.02,33
15849,2004,3,1,450.82,350.0,41.08,33
15852,1910,3,1,114.75,80.0,8.49,33
15855,2021,15,1,471.93,185.0,35.19,33
15858,1960,3,1,93.34,270.0,62.31,33
15860,1960,3,1,85.09,355.0,7.85,33
15862,1960,3,1,91.35,270.0,6.82,33
15867,2011,6,1,451.5,270.0,6.72,33
15869,2012,3,1,2485.35,125.0,30.09,33
15875,1965,9,1,321.65,270.0,10.51,33
15877,1965,12,1,342.22,345.0,3.38,33
15880,1968,21,1,484.12,90.0,7.77,33
15881,1920,3,1,160.53,90.0,7.77,33
15883,1936,9,1,94.21,90.0,7.84,33
15884,2015,9,1,163.92,90.0,7.85,33
15889,2004,9,1,218.04,270.0,9.17,33
15891,1890,12,1,201.19,95.0,8.18,33
15894,1973,3,1,382.28,135.0,19.7,33
15897,1936,3,1,150.62,270.0,8.86,33
15898,1935,6,1,178.09,270.0,8.95,33
15901,1895,6,1,90.48,270.0,9.02,33
15902,1900,3,1,97.59,270.0,9.09,33
15904,1935,3,1,79.62,270.0,9.23,33
15905,1900,3,1,106.32,270.0,9.28,33
15912,1978,6,1,120.62,270.0,9.67,33
15914,1987,6,1,1004.91,260.0,11.32,33
15915,1959,3,1,186.79,350.0,7.78,33
15917,1968,9,1,437.7,70.0,8.1,33
15920,1959,6,1,127.59,70.0,8.14,33
15922,1959,3,1,115.37,70.0,8.16,33
15923,1959,3,1,207.66,70.0,8.24,33
15924,1959,6,1,178.61,65.0,8.22,33
15926,1959,3,1,122.71,140.0,4.05,33
15927,1970,21,1,269.56,70.0,21.45,33
15929,1959,15,1,129.17,145.0,6.83,33
15930,1959,9,1,151.85,150.0,13.42,33
15932,1959,3,1,90.38,150.0,15.23,33
15934,1959,18,1,1158.29,320.0,19.43,33
15936,1959,15,1,388.47,155.0,16.38,33
15938,1959,9,1,408.12,165.0,18.4,33
15941,1955,24,1,411.22,275.0,38.36,33
15944,1936,3,1,152.59,345.0,7.98,33
15946,2006,6,1,418.54,345.0,7.96,33
15948,1936,6,1,363.77,275.0,24.79,33
15950,1936,12,1,115.68,75.0,7.9,33
15953,1936,9,1,166.32,75.0,11.16,33
15955,1936,12,1,411.12,165.0,3.19,33
15959,1936,9,1,113.82,165.0,5.64,33
15961,2022,12,1,78.32,165.0,6.09,33
15963,1936,3,1,88.57,165.0,5.94,33
15967,1969,6,1,114.27,165.0,3.91,33
15969,1936,6,1,114.34,165.0,2.94,33
15971,1957,3,1,79.53,165.0,2.88,33
15975,1961,21,1,205.66,165.0,3.03,33
15978,2000,3,1,256.8,275.0,40.84,33
15980,1968,15,1,153.4,275.0,24.57,33
15981,1950,21,1,254.25,275.0,24.85,33
15982,1943,3,1,230.53,75.0,7.73,33
15984,1995,12,1,1736.3,275.0,24.78,33
15986,1968,12,1,37.17,0.0,0.0,33
15988,1945,6,1,293.68,0.0,8.14,33
15989,1957,15,1,577.6,355.0,8.0,33
15991,2021,6,1,120.64,355.0,7.87,33
15995,1993,9,1,81.97,355.0,3.73,33
15999,1942,3,1,78.07,355.0,3.57,33
16006,1942,9,1,147.55,0.0,3.31,33
16009,1963,24,1,733.54,85.0,6.43,33
16011,1986,9,1,525.92,85.0,8.13,33
16014,2000,9,1,209.39,250.0,27.85,33
16016,1960,3,1,177.91,275.0,25.04,33
16019,1960,6,1,330.04,275.0,24.96,33
16020,2011,9,1,209.82,275.0,24.88,33
16022,1960,9,1,94.46,275.0,70.76,33
16025,1960,3,1,156.09,275.0,24.94,33
16026,1962,9,1,225.77,275.0,24.92,33
16029,2022,12,1,126.99,275.0,24.89,33
16031,1942,9,1,238.43,275.0,24.88,33
16036,1942,3,1,87.43,275.0,24.84,33
16038,1985,12,1,384.31,175.0,0.0,33
16041,1985,9,1,255.15,175.0,0.0,33
16043,1985,9,1,249.88,170.0,0.0,33
16047,1986,9,1,742.92,165.0,8.85,33
16049,1991,6,1,373.47,165.0,22.69,33
16055,1900,3,1,231.84,250.0,8.77,33
16057,1900,3,1,73.93,340.0,6.92,33
16058,1900,3,1,62.65,340.0,6.94,33
16059,1900,3,1,73.91,340.0,6.96,33
16060,2006,6,1,111.61,70.0,7.06,33
16062,1900,3,1,97.99,70.0,7.04,33
16063,1900,3,1,105.28,70.0,7.03,33
16065,1977,6,1,321.86,70.0,7.02,33
16067,1977,9,1,607.24,160.0,8.96,33
16069,1900,3,1,78.84,160.0,8.96,33
16071,1998,3,1,62.56,160.0,8.87,33
16073,1900,3,1,77.7,160.0,8.68,33
16075,1940,12,1,110.27,160.0,8.64,33
16077,1925,3,1,90.19,265.0,7.93,33
16078,1900,3,1,61.98,355.0,6.94,33
16080,1900,3,1,69.97,355.0,6.92,33
16081,1889,3,1,213.87,355.0,6.91,33
16082,1900,3,1,64.98,355.0,6.88,33
16084,1880,3,1,89.36,355.0,6.86,33
16085,1880,3,1,106.73,355.0,6.85,33
16087,1900,3,1,119.32,355.0,6.84,33
16088,1900,3,1,90.27,355.0,6.82,33
16089,1880,3,1,126.22,355.0,6.81,33
16090,1900,3,1,67.64,355.0,6.8,33
16091,1961,9,1,71.33,85.0,7.87,33
16092,2000,3,1,39.9,85.0,7.91,33
16093,2009,9,1,95.02,85.0,7.94,33
16095,1954,6,1,91.97,85.0,7.98,33
16096,1910,3,1,100.67,85.0,8.0,33
16097,2014,9,1,172.22,85.0,8.03,33
16101,1984,3,1,162.69,85.0,8.09,33
16102,1997,6,1,1451.38,85.0,12.08,33
16103,1999,6,1,607.94,260.0,7.9,33
16105,1971,12,1,275.74,265.0,7.85,33
16106,1990,3,1,207.86,85.0,8.12,33
16107,1985,3,1,107.49,85.0,8.07,33
16110,1900,3,1,32.22,85.0,8.18,33
16111,2004,6,1,79.69,85.0,8.17,33
16112,1900,3,1,107.99,340.0,16.86,33
16113,1998,3,1,88.68,340.0,6.89,33
16114,1900,6,1,126.94,345.0,6.9,33
16116,1900,3,1,119.05,340.0,6.9,33
16117,1900,3,1,107.36,340.0,6.9,33
16118,1900,3,1,111.22,340.0,6.91,33
16120,1900,3,1,109.73,340.0,6.9,33
16122,1959,9,1,71.39,340.0,6.91,33
16123,1900,3,1,125.47,340.0,6.91,33
16124,1900,3,1,73.25,345.0,6.92,33
16125,1900,3,1,101.23,340.0,6.91,33
16126,1900,3,1,82.9,340.0,6.92,33
16127,1960,3,1,112.04,340.0,6.92,33
16128,1900,3,1,81.38,340.0,6.92,33
16129,1900,3,1,97.26,40.0,13.57,33
16130,1964,12,1,70.99,85.0,7.83,33
16132,1900,3,1,121.29,85.0,7.78,33
16133,1900,3,1,85.1,85.0,7.74,33
16135,1900,3,1,95.35,85.0,7.73,33
16136,1940,3,1,92.71,85.0,7.75,33
16137,2017,9,1,153.89,85.0,7.76,33
16141,1900,3,1,95.0,85.0,7.77,33
16142,1900,9,1,95.16,85.0,7.73,33
16144,1900,3,1,103.12,85.0,7.73,33
16146,1900,3,1,128.79,85.0,7.72,33
16147,1900,3,1,85.79,85.0,7.72,33
16148,1997,12,1,186.54,85.0,7.71,33
16150,1980,3,1,143.99,175.0,6.9,33
16151,2017,9,1,420.31,270.0,8.21,33
16153,2004,6,1,115.26,265.0,8.06,33
16155,1900,3,1,107.5,265.0,8.03,33
16156,1900,3,1,171.14,265.0,8.01,33
16159,1900,3,1,50.16,160.0,6.9,33
16160,1900,3,1,47.24,165.0,6.91,33
16161,1900,3,1,55.98,160.0,6.9,33
16162,1900,3,1,52.95,160.0,6.9,33
16163,1900,3,1,43.93,165.0,6.9,33
16164,1900,3,1,50.81,160.0,6.89,33
16165,1900,3,1,76.89,265.0,7.99,33
16166,1928,3,1,207.51,355.0,33.74,33
16167,1928,6,1,106.97,355.0,38.07,33
16178,1940,3,1,77.41,85.0,11.24,33
16181,1919,3,1,296.09,85.0,11.19,33
16192,1926,6,1,312.87,265.0,7.97,33
16198,2007,12,1,634.31,355.0,37.94,33
16199,1950,3,1,172.28,350.0,10.19,33
16200,1957,3,1,131.27,350.0,10.26,33
16201,1983,3,1,172.44,350.0,10.31,33
16203,1934,3,1,142.19,350.0,10.37,33
16204,1945,9,1,130.99,350.0,10.42,33
16207,1955,3,1,179.15,350.0,10.5,33
16208,2017,6,1,126.34,60.0,20.66,33
16212,1975,3,1,78.08,75.0,19.94,33
16215,1943,3,1,138.61,75.0,19.86,33
16216,1967,3,1,154.5,75.0,19.84,33
16217,1953,3,1,113.85,75.0,19.83,33
16219,1952,3,1,109.27,75.0,45.58,33
16220,1951,3,1,184.24,95.0,61.21,33
16221,1948,3,1,61.51,175.0,39.3,33
16223,1955,3,1,149.18,175.0,38.62,33
16224,1950,3,1,167.3,175.0,38.05,33
16225,1955,6,1,165.13,175.0,37.51,33
16226,1940,3,1,134.75,175.0,35.68,33
16228,2003,12,1,458.96,75.0,19.9,33
16229,2009,12,1,133.38,350.0,10.1,33
16231,2010,15,1,760.97,350.0,9.96,33
16233,2023,6,1,112.59,350.0,10.58,33
16236,1950,6,1,216.47,30.0,31.35,33
16237,1974,3,1,121.68,350.0,10.0,33
16239,1964,3,1,113.16,350.0,9.98,33
16240,1945,3,1,106.25,350.0,9.97,33
16241,1940,3,1,122.05,350.0,9.96,33
16242,1965,3,1,107.92,350.0,9.95,33
16243,1932,3,1,120.49,350.0,9.94,33
16244,1930,3,1,109.15,350.0,9.93,33
16245,2001,3,1,109.56,350.0,9.92,33
16247,2018,12,1,175.52,350.0,9.91,33
16251,1994,15,1,205.49,75.0,12.27,33
16252,1955,3,1,126.44,75.0,12.26,33
16253,1949,3,1,140.38,75.0,12.25,33
16254,1940,3,1,142.84,75.0,12.23,33
16257,2013,15,1,99.34,75.0,53.85,33
16259,1930,6,1,142.29,75.0,inf,33
16261,1920,3,1,118.73,75.0,12.73,33
16263,1945,3,1,122.01,75.0,12.18,33
16264,1940,3,1,151.86,75.0,12.16,33
16265,1940,3,1,170.29,75.0,12.15,33
16266,2004,6,1,132.02,75.0,12.13,33
16267,1934,3,1,106.88,170.0,10.35,33
16268,2014,9,1,127.35,170.0,10.28,33
16271,1925,3,1,96.44,170.0,10.23,33
16272,1920,6,1,169.93,170.0,10.18,33
16274,1930,3,1,109.85,170.0,10.13,33
16275,2013,9,1,62.81,170.0,10.08,33
16276,1920,3,1,104.5,260.0,9.98,33
16277,1956,3,1,109.56,260.0,9.96,33
16278,1990,3,1,125.71,260.0,9.96,33
16279,1945,6,1,123.18,260.0,9.94,33
16280,1955,3,1,116.05,260.0,9.93,33
16281,1950,6,1,98.42,260.0,9.91,33
16282,1940,3,1,93.84,260.0,9.9,33
16283,1995,3,1,119.36,260.0,9.88,33
16284,2001,9,1,430.36,260.0,10.06,33
16285,1956,3,1,244.24,170.0,10.44,33
16286,2012,15,1,350.5,260.0,10.02,33
16289,1996,9,1,155.07,170.0,10.55,33
16292,2022,3,1,94.82,350.0,9.97,33
16294,2022,3,1,72.87,350.0,9.98,33
16296,2022,3,1,84.25,350.0,10.0,33
16298,1915,3,1,109.55,350.0,10.02,33
16299,2019,12,1,53.19,350.0,10.04,33
16301,1973,3,1,93.12,350.0,10.09,33
16303,1968,9,1,67.8,350.0,10.08,33
16306,1956,3,1,173.82,65.0,34.59,33
16307,1945,3,1,120.58,65.0,12.32,33
16308,1910,3,1,136.36,65.0,12.32,33
16309,2004,12,1,134.81,75.0,12.2,33
16311,1990,3,1,90.7,170.0,9.89,33
16312,1990,9,1,215.51,75.0,12.23,33
16313,1910,3,1,108.61,170.0,9.91,33
16315,1915,3,1,77.93,170.0,9.92,33
16316,1915,3,1,90.08,170.0,9.94,33
16317,1915,3,1,86.41,170.0,9.99,33
16318,1915,3,1,64.97,170.0,10.01,33
16319,1915,3,1,83.71,170.0,10.01,33
16320,1915,3,1,79.13,170.0,10.02,33
16321,1915,3,1,96.2,260.0,10.1,33
16322,2001,9,1,215.78,65.0,12.31,33
16323,2004,3,1,379.23,350.0,10.08,33
16325,2020,9,1,66.66,170.0,9.95,33
16327,2020,9,1,85.4,350.0,10.09,33
16330,2001,9,1,417.71,170.0,9.98,33
16331,2006,6,1,174.61,170.0,10.0,33
16332,2006,15,1,142.63,170.0,10.02,33
16334,1920,3,1,185.02,60.0,12.17,33
16336,1920,6,1,76.21,65.0,11.72,33
16338,2001,9,1,187.19,170.0,10.08,33
16340,2004,3,1,255.47,65.0,12.08,33
16342,2006,9,1,496.1,170.0,10.07,33
16344,2017,12,1,334.84,60.0,12.2,33
16350,1962,12,1,115.41,0.0,9.7,33
16351,1931,3,1,132.82,240.0,0.0,33
16354,1930,3,1,111.52,0.0,9.75,33
16355,1930,3,1,101.15,0.0,9.77,33
16356,1930,3,1,92.53,0.0,9.78,33
16357,1950,3,1,117.66,0.0,9.79,33
16358,1934,3,1,82.2,0.0,9.81,33
16359,1996,3,1,94.4,0.0,9.83,33
16361,1990,3,1,168.19,0.0,9.87,33
16363,1968,18,1,534.42,85.0,9.74,33
16365,1991,6,1,111.72,85.0,9.54,33
16367,1982,15,1,543.69,85.0,9.5,33
16368,1952,3,1,129.28,85.0,9.46,33
16370,1928,3,1,191.75,85.0,9.43,33
16372,1940,3,1,199.18,165.0,9.96,33
16373,2000,9,1,93.5,240.0,12.22,33
16376,1925,6,1,117.18,235.0,12.21,33
16378,1928,3,1,118.22,235.0,13.34,33
16379,1940,3,1,94.13,235.0,12.18,33
16380,1945,3,1,33.07,170.0,0.0,33
16381,1941,3,1,115.79,235.0,12.04,33
16382,1978,3,1,153.51,235.0,12.02,33
16383,1970,3,1,239.94,235.0,11.97,33
16384,1970,6,1,136.03,235.0,11.9,33
16385,1979,12,1,471.01,240.0,12.01,33
16386,1996,12,1,422.72,240.0,12.07,33
16388,1929,6,1,120.4,240.0,12.11,33
16390,2007,9,1,897.52,235.0,12.32,33
16391,1969,24,1,184.46,295.0,65.18,33
16392,1991,15,1,108.27,355.0,31.47,33
16393,2008,15,1,90.21,355.0,31.35,33
16395,1978,18,1,220.84,355.0,30.77,33
16396,1981,18,1,489.12,355.0,29.93,33
16397,1964,6,1,185.92,355.0,29.95,33
16398,1940,6,1,347.45,355.0,29.96,33
16399,1974,24,1,1278.9,355.0,30.13,33
16400,1976,21,1,532.29,355.0,32.58,33
16402,1978,21,1,508.88,40.0,45.29,33
16403,1962,3,1,87.86,85.0,9.79,33
16405,1962,3,1,158.53,180.0,9.91,33
16406,1930,3,1,124.03,180.0,9.89,33
16407,1930,3,1,108.21,180.0,9.87,33
16408,2020,6,1,118.76,180.0,9.86,33
16410,1935,3,1,131.64,180.0,9.84,33
16411,1930,3,1,118.73,180.0,9.83,33
16412,1938,3,1,155.53,180.0,9.82,33
16413,1955,6,1,108.4,180.0,9.81,33
16414,1950,3,1,115.48,180.0,9.79,33
16415,1942,9,1,109.48,180.0,9.71,33
16418,1925,3,1,106.34,235.0,52.15,33
16419,1950,3,1,83.6,235.0,44.54,33
16421,1930,3,1,81.97,235.0,20.28,33
16423,1936,6,1,84.93,235.0,12.38,33
16426,1988,9,1,512.18,240.0,12.03,33
16427,1950,3,1,227.64,235.0,11.96,33
16428,1945,6,1,113.94,235.0,11.93,33
16432,1945,3,1,116.39,235.0,11.92,33
16434,1940,6,1,107.8,235.0,11.88,33
16435,2011,9,1,246.49,180.0,33.7,33
16438,1920,3,1,111.48,265.0,5.31,33
16439,2002,6,1,79.59,265.0,5.23,33
16440,2006,3,1,134.47,265.0,5.21,33
16442,1945,3,1,111.86,270.0,5.19,33
16443,1977,21,1,409.89,310.0,51.41,33
16444,1982,18,1,380.52,355.0,29.78,33
16445,1993,12,1,263.29,355.0,29.62,33
16446,1979,21,1,491.17,355.0,39.81,33
16447,1944,3,1,111.44,80.0,9.89,33
16448,1925,3,1,98.6,80.0,9.89,33
16450,2023,6,1,140.92,80.0,9.87,33
16452,1930,3,1,102.41,80.0,9.88,33
16453,1930,3,1,108.41,80.0,9.88,33
16454,1930,6,1,94.13,80.0,9.89,33
16455,1982,3,1,133.46,80.0,9.89,33
16456,1978,15,1,249.29,180.0,9.93,33
16457,2007,9,1,66.72,180.0,9.94,33
16458,1945,3,1,59.05,180.0,9.94,33
16459,1930,9,1,136.38,180.0,9.94,33
16461,1932,3,1,117.76,180.0,9.93,33
16463,2007,12,1,149.47,180.0,9.93,33
16465,1930,3,1,120.9,180.0,9.94,33
16466,1970,3,1,130.85,180.0,9.94,33
16468,1940,6,1,106.63,180.0,9.94,33
16469,1976,6,1,108.64,265.0,9.79,33
16470,1960,9,1,141.37,265.0,9.8,33
16472,1973,15,1,369.84,265.0,9.8,33
16474,2004,15,1,214.15,355.0,29.67,33
16475,2005,6,1,329.35,180.0,9.94,33
16476,2023,9,1,79.38,180.0,9.94,33
16478,1940,6,1,95.65,265.0,9.8,33
16479,1980,21,1,374.26,195.0,51.16,33
16485,1983,18,1,746.67,270.0,32.58,33
16486,1997,3,1,54.02,305.0,18.29,33
16488,1995,3,1,50.67,175.0,73.42,33
16489,1995,3,1,51.09,265.0,14.35,33
16490,1999,3,1,51.76,265.0,14.23,33
16491,2004,9,1,87.25,265.0,14.12,33
16492,2001,3,1,101.44,265.0,14.11,33
16493,1997,3,1,86.82,265.0,14.18,33
16494,1999,12,1,93.92,265.0,14.18,33
16496,2002,3,1,99.83,265.0,14.18,33
16497,1994,3,1,108.67,265.0,14.03,33
16498,2010,9,1,94.99,265.0,13.61,33
16500,2008,3,1,97.3,265.0,13.23,33
16501,1997,3,1,87.83,265.0,12.73,33
16502,1998,3,1,87.98,265.0,12.42,33
16503,2001,9,1,87.25,265.0,12.13,33
16505,2001,3,1,144.63,265.0,13.37,33
16506,1997,6,1,157.67,265.0,14.14,33
16508,1997,6,1,84.25,355.0,25.25,33
16509,1959,6,1,84.27,355.0,25.17,33
16510,1959,9,1,127.28,85.0,12.37,33
16511,1955,6,1,133.38,85.0,12.26,33
16512,1970,3,1,87.42,85.0,12.16,33
16513,2012,6,1,107.07,85.0,12.07,33
16516,1959,6,1,96.41,85.0,11.96,33
16517,1963,3,1,93.19,85.0,11.96,33
16518,1954,3,1,135.56,265.0,69.1,33
16519,1952,3,1,135.55,265.0,68.85,33
16520,1972,3,1,92.35,85.0,12.02,33
16521,1999,3,1,88.15,85.0,12.04,33
16522,1966,6,1,101.22,85.0,12.05,33
16523,1954,3,1,92.81,85.0,12.07,33
16524,1958,3,1,100.78,85.0,12.09,33
16525,1959,3,1,129.86,135.0,27.48,33
16526,1954,3,1,80.53,180.0,11.98,33
16527,1959,3,1,32.79,175.0,11.86,33
16528,1954,3,1,116.25,180.0,11.85,33
16529,1954,3,1,138.76,180.0,11.87,33
16530,1995,3,1,108.16,180.0,11.9,33
16531,2016,6,1,76.49,180.0,11.91,33
16533,1954,3,1,77.68,180.0,11.94,33
16534,1960,3,1,134.18,180.0,11.98,33
16535,1999,9,1,1133.46,300.0,118.88,33
16537,2020,9,1,111.48,300.0,115.81,33
16541,1998,3,1,116.52,300.0,111.3,33
16542,2001,9,1,111.13,300.0,105.1,33
16546,2005,3,1,110.22,105.0,0.0,33
16547,1999,3,1,108.3,300.0,58.23,33
16548,2002,3,1,128.65,0.0,0.0,33
16549,2000,3,1,115.62,300.0,58.19,33
16550,2005,6,1,71.7,0.0,inf,33
16551,2006,6,1,116.77,85.0,12.92,33
16552,2007,6,1,111.73,85.0,12.0,33
16553,1999,3,1,104.18,85.0,11.97,33
16554,2004,3,1,106.24,85.0,11.92,33
16555,2018,9,1,105.6,85.0,11.74,33
16558,2021,9,1,102.91,85.0,11.69,33
16560,1998,6,1,546.21,215.0,30.76,33
16561,2004,3,1,104.65,305.0,7.14,33
16562,2003,6,1,316.48,125.0,8.2,33
16563,1980,6,1,149.05,125.0,8.22,33
16565,1975,6,1,196.09,305.0,37.84,33
16568,2004,6,1,554.49,140.0,6.39,33
16572,1980,3,1,387.75,225.0,9.91,33
16575,1984,6,1,385.28,285.0,8.97,33
16578,1979,3,1,82.89,50.0,13.99,33
16580,1980,6,1,415.57,315.0,5.64,33
16583,1990,3,1,79.0,105.0,14.59,33
16619,1959,3,1,104.43,345.0,9.61,33
16620,1968,3,1,104.02,345.0,9.61,33
16622,1968,3,1,131.47,345.0,9.61,33
16624,1962,9,1,150.94,345.0,9.76,33
16626,1952,3,1,129.95,345.0,9.77,33
16627,2007,9,1,391.92,80.0,11.77,33
16633,1970,3,1,110.21,255.0,12.02,33
16639,2000,6,1,153.0,345.0,9.73,33
16640,2006,9,1,419.0,345.0,9.73,33
16642,1960,6,1,190.91,10.0,13.78,33
16644,1880,3,1,69.16,5.0,13.64,33
16646,1900,3,1,117.2,10.0,13.63,33
16648,1936,3,1,99.42,5.0,13.7,33
16649,1900,3,1,93.13,5.0,13.88,33
16650,1933,3,1,105.67,0.0,13.83,33
16652,1930,3,1,94.77,0.0,13.78,33
16657,1889,3,1,75.32,345.0,13.81,33
16658,1900,9,1,82.99,345.0,13.95,33
16660,1910,3,1,103.53,345.0,14.14,33
16661,1969,3,1,143.62,65.0,14.71,33
16662,1906,3,1,179.59,65.0,7.81,33
16663,1900,6,1,113.25,65.0,7.81,33
16664,1900,3,1,70.16,65.0,7.81,33
16665,1960,3,1,118.1,65.0,7.81,33
16666,2018,9,1,79.15,65.0,7.8,33
16669,1912,3,1,100.2,65.0,7.8,33
16670,1967,3,1,89.03,65.0,7.8,60
16671,2018,9,1,130.29,65.0,7.78,33
16675,1971,9,1,143.44,80.0,128.28,33
16677,1970,3,1,130.0,165.0,6.82,33
16682,2017,9,1,238.35,165.0,9.75,33
16685,1920,12,1,271.04,285.0,9.1,33
16686,2007,6,1,89.74,285.0,125.97,33
16687,1945,3,1,131.66,285.0,9.07,33
16688,1914,3,1,209.52,285.0,9.04,33
16689,1979,12,1,341.43,285.0,9.01,33
16690,2006,9,1,94.45,285.0,8.97,33
16691,1997,3,1,94.28,285.0,8.95,33
16692,1998,6,1,1008.54,285.0,8.94,33
16695,1955,12,1,70.74,285.0,8.89,33
16696,1992,9,1,1422.38,165.0,12.69,33
16697,1979,3,1,476.76,355.0,13.43,33
16699,2000,9,1,269.52,285.0,113.37,33
16700,2001,3,1,1341.86,165.0,7.0,33
16701,2004,3,1,349.88,165.0,6.79,33
16703,2001,9,1,247.94,5.0,13.98,33
16704,1956,6,1,129.17,165.0,9.73,33
16706,2008,9,1,651.16,5.0,13.82,33
16708,2011,15,1,121.58,65.0,7.79,33
16711,2012,15,1,549.56,285.0,63.06,33
16713,1998,9,1,710.87,350.0,34.96,33
16714,1986,9,1,137.53,345.0,7.86,33
16716,1980,3,1,150.92,345.0,7.72,33
16718,1979,9,1,215.17,75.0,8.09,33
16720,1880,9,1,88.48,70.0,8.08,33
16722,1900,6,1,98.17,70.0,8.07,33
16723,1960,3,1,104.69,70.0,8.08,33
16724,1919,3,1,99.28,70.0,68.54,33
16725,1946,3,1,93.43,70.0,7.77,33
16726,1900,3,1,107.64,70.0,7.8,33
16728,1970,6,1,104.53,70.0,7.83,33
16732,2022,3,1,139.32,70.0,7.91,33
16733,1967,3,1,86.04,70.0,7.95,33
16734,1941,3,1,107.45,70.0,7.99,33
16735,1932,3,1,67.16,70.0,8.02,33
16737,1929,3,1,71.2,70.0,8.06,33
16738,1959,6,1,80.46,155.0,11.86,33
16740,1880,3,1,55.14,155.0,7.85,33
16742,1880,9,1,43.21,155.0,7.84,33
16743,1992,6,1,335.51,155.0,7.82,33
16744,1987,9,1,770.71,170.0,0.0,33
16746,1965,3,1,145.47,260.0,8.69,33
16748,1960,3,1,158.22,260.0,8.65,33
16749,1986,3,1,93.58,260.0,8.34,33
16750,1958,3,1,116.04,260.0,8.36,33
16751,1930,6,1,106.8,260.0,8.38,33
16753,1966,6,1,156.05,260.0,8.4,33
16754,1940,3,1,123.12,260.0,8.42,33
16756,1956,3,1,128.92,260.0,8.43,33
16760,1989,9,1,242.53,335.0,0.0,33
16761,1995,3,1,101.21,260.0,8.26,33
16762,1996,3,1,123.14,260.0,8.28,33
16763,1996,3,1,94.21,260.0,8.31,33
16764,1988,9,1,516.25,65.0,0.0,33
16766,1989,9,1,486.17,65.0,0.0,33
16767,1989,9,1,488.82,335.0,0.0,33
16768,1989,9,1,481.22,245.0,0.0,33
16770,1988,3,1,135.79,345.0,8.1,33
16772,1987,3,1,140.46,345.0,8.34,33
16774,1959,6,1,209.34,70.0,16.19,33
16775,1949,6,1,191.73,155.0,7.79,33
16778,2008,9,1,852.15,155.0,26.71,33
16781,1987,6,1,192.08,265.0,7.8,33
16784,1900,3,1,114.73,355.0,5.16,33
16785,1888,3,1,121.2,0.0,5.21,33
16789,1999,3,1,201.66,355.0,5.83,33
16790,2001,3,1,168.71,355.0,6.02,33
16794,1940,9,1,1118.22,165.0,6.73,33
16797,1962,9,1,248.86,350.0,9.52,33
16799,1960,9,1,382.57,140.0,24.73,33
16801,1969,15,1,262.52,165.0,6.96,33
16803,2008,6,1,469.71,175.0,5.58,33
16804,1954,3,1,280.99,230.0,21.88,33
16806,1971,12,1,1644.91,175.0,6.27,33
16807,1880,3,1,258.85,165.0,6.94,33
16812,2002,3,1,230.02,5.0,6.1,33
16815,2004,6,1,371.46,270.0,7.83,33
16817,1940,12,1,491.1,330.0,15.09,33
16819,1963,21,1,635.23,330.0,15.02,33
16821,1967,21,1,659.08,175.0,5.77,33
16823,1943,9,1,197.77,160.0,2.93,33
16826,1941,6,1,283.81,60.0,8.48,33
16828,1989,12,1,238.25,70.0,16.33,33
16829,2000,3,1,83.85,175.0,6.21,33
16831,2006,9,1,226.19,265.0,5.78,33
16833,1900,3,1,65.77,15.0,1.5,33
16835,1900,9,1,215.62,15.0,1.47,33
16841,1939,6,1,95.36,335.0,9.71,33
16846,1900,3,1,126.0,65.0,3.35,33
16848,1900,12,1,60.69,75.0,5.95,33
16853,1900,6,1,82.98,155.0,2.93,33
16855,2020,6,1,142.65,145.0,4.99,33
16857,1900,6,1,307.6,150.0,5.6,33
16858,1900,3,1,78.51,140.0,4.4,33
16859,2008,6,1,106.25,140.0,4.29,33
16860,1942,3,1,225.66,245.0,8.29,33
16862,1900,9,1,103.74,240.0,7.99,33
16864,2008,12,1,76.46,245.0,8.2,33
16869,1999,12,1,269.53,260.0,27.29,33
16872,2004,6,1,300.52,70.0,6.28,33
16874,1900,9,1,92.72,270.0,3.86,33
16877,1900,3,1,95.5,15.0,1.8,33
16878,1900,3,1,290.18,65.0,4.07,33
16880,1900,3,1,75.8,65.0,4.04,33
16882,1900,9,1,123.88,65.0,4.03,33
16883,1900,6,1,124.21,155.0,8.71,33
16884,2018,12,1,215.29,180.0,11.5,33
16887,1950,6,1,94.14,225.0,7.84,33
16889,1950,15,1,522.01,320.0,4.52,33
16892,1950,15,1,377.66,145.0,3.51,33
16893,1940,6,1,135.93,50.0,16.66,33
16895,1921,3,1,58.23,145.0,3.87,33
16897,1940,3,1,52.74,50.0,5.19,33
16900,1950,3,1,130.46,225.0,7.81,33
16901,1921,3,1,46.25,145.0,3.64,33
16905,1890,9,1,70.48,340.0,8.65,33
16906,1919,9,1,95.93,345.0,8.75,33
16908,1947,9,1,71.67,345.0,8.86,33
16909,1919,15,1,261.63,340.0,8.96,33
16911,1919,6,1,81.69,340.0,8.96,33
16913,1984,6,1,336.92,345.0,8.79,33
16918,1919,9,1,306.21,35.0,8.42,33
16920,1919,9,1,98.35,125.0,4.99,33
16923,1919,3,1,91.69,125.0,4.94,33
16925,1919,9,1,210.42,125.0,4.9,33
16927,2023,6,1,201.76,295.0,9.76,33
16929,1919,9,1,74.42,125.0,4.89,33
16931,1919,6,1,91.01,125.0,4.99,33
16933,1919,9,1,97.66,125.0,5.46,33
16937,1919,3,1,65.94,115.0,6.43,33
16938,1898,6,1,100.34,120.0,7.14,33
16942,1999,3,1,100.55,195.0,8.15,33
16944,1919,9,1,79.03,195.0,9.95,33
16948,1966,21,1,506.79,190.0,2.67,33
16950,1919,9,1,92.57,190.0,1.8,33
16952,1919,9,1,108.06,190.0,1.8,33
16953,1919,6,1,202.65,205.0,1.8,33
16954,1895,3,1,148.9,205.0,1.8,33
16958,1919,3,1,73.22,220.0,12.08,33
16959,1919,3,1,104.37,215.0,12.83,33
16961,1919,6,1,136.93,210.0,15.84,33
16963,1919,3,1,75.4,210.0,18.42,33
16965,1890,3,1,229.84,230.0,5.9,33
16971,1919,9,1,98.15,235.0,14.23,33
16973,1919,3,1,91.74,275.0,13.34,33
16974,2002,9,1,289.68,190.0,1.8,33
16976,1919,6,1,348.68,215.0,2.64,33
16979,1990,6,1,131.11,125.0,4.77,33
16982,1919,6,1,164.89,110.0,5.19,33
16983,1919,3,1,621.48,120.0,11.91,33
16986,1919,3,1,174.49,35.0,7.79,33
16988,2023,12,1,338.08,190.0,1.8,33
16989,1928,3,1,345.51,160.0,8.67,33
16997,1900,6,1,82.19,340.0,6.87,33
16998,2002,12,1,172.56,340.0,6.88,33
17000,1890,3,1,65.72,340.0,6.89,33
17001,1900,3,1,75.58,340.0,6.89,33
17002,1900,6,1,100.4,345.0,6.9,33
17005,1910,3,1,255.99,85.0,6.95,33
17007,1910,6,1,137.26,160.0,9.0,33
17010,1910,3,1,117.88,145.0,41.87,33
17012,1945,3,1,170.79,160.0,9.01,33
17013,1958,9,1,76.33,160.0,9.01,33
17015,1962,3,1,83.45,160.0,9.01,33
17016,1880,3,1,94.39,160.0,9.02,33
17017,1919,3,1,228.18,345.0,28.27,33
17018,1931,3,1,113.58,345.0,31.87,33
17019,1890,3,1,101.24,345.0,7.77,33
17020,1880,9,1,104.46,345.0,7.83,33
17022,1891,3,1,96.57,345.0,7.89,33
17023,1998,3,1,150.99,345.0,7.95,33
17024,2009,9,1,154.39,345.0,7.99,33
17026,1920,6,1,114.19,345.0,8.18,33
17027,1900,6,1,116.3,340.0,8.4,33
17028,1900,3,1,85.7,345.0,26.61,33
17029,1900,9,1,105.82,340.0,29.25,33
17031,1894,6,1,99.02,345.0,8.25,33
17032,1945,3,1,218.09,345.0,8.19,33
17033,1880,6,1,209.3,345.0,8.1,33
17035,1916,3,1,106.02,345.0,7.92,33
17038,1900,3,1,73.53,85.0,6.74,33
17039,1880,3,1,117.81,85.0,6.72,33
17041,1900,3,1,70.4,85.0,6.7,33
17043,2022,9,1,72.42,85.0,6.68,33
17045,1964,3,1,140.46,85.0,6.66,33
17046,1932,6,1,71.26,85.0,6.63,33
17048,1900,3,1,64.34,85.0,6.65,33
17049,1920,3,1,99.95,85.0,6.7,33
17050,1962,3,1,121.09,85.0,6.8,33
17051,1890,3,1,109.24,85.0,6.88,33
17052,1900,3,1,97.44,160.0,6.9,33
17053,1987,3,1,127.17,160.0,6.88,33
17054,1890,6,1,90.18,85.0,6.96,33
17055,1919,3,1,90.44,165.0,6.98,33
17056,2003,3,1,436.28,165.0,6.9,33
17058,2007,3,1,943.83,165.0,6.9,33
17059,2010,9,1,273.05,340.0,8.31,33
17061,2012,9,1,183.8,345.0,8.09,33
17063,1929,6,1,83.72,85.0,6.76,33
17064,1929,3,1,42.88,340.0,8.06,33
17065,1992,3,1,121.02,265.0,7.86,33
17066,1950,9,1,118.89,355.0,6.75,33
17068,1906,3,1,118.61,355.0,6.76,33
17069,1970,3,1,78.71,355.0,6.76,33
17071,1923,3,1,74.2,355.0,6.76,33
17072,1900,3,1,91.42,355.0,6.77,33
17073,1900,3,1,88.71,355.0,6.77,33
17074,1900,3,1,122.35,355.0,6.78,33
17075,1880,9,1,82.1,355.0,6.78,33
17076,1900,6,1,103.18,355.0,6.8,33
17078,1997,3,1,285.41,355.0,7.38,33
17079,1900,9,1,83.67,85.0,6.54,33
17082,1936,3,1,102.8,85.0,6.55,33
17084,1900,3,1,88.06,85.0,6.55,33
17085,1900,3,1,100.8,85.0,6.56,33
17087,1900,3,1,321.87,85.0,6.58,33
17088,1900,3,1,201.9,85.0,6.59,33
17089,1900,3,1,77.12,85.0,6.59,33
17090,1900,3,1,102.09,85.0,6.54,33
17092,1960,3,1,107.78,85.0,6.54,33
17093,1930,6,1,90.29,85.0,6.57,33
17094,1910,3,1,100.52,85.0,6.56,33
17096,2003,6,1,111.57,165.0,7.81,33
17097,1925,3,1,150.29,165.0,7.92,33
17098,1995,3,1,152.98,165.0,7.98,33
17099,1910,3,1,108.15,165.0,8.03,33
17100,1905,3,1,85.46,165.0,8.07,33
17101,2012,12,1,77.84,165.0,8.11,33
17103,1910,3,1,74.16,165.0,8.23,33
17105,1900,3,1,113.88,165.0,8.27,33
17107,1991,9,1,158.0,265.0,8.11,33
17109,1960,3,1,158.75,255.0,8.08,33
17110,1910,3,1,107.45,265.0,7.93,33
17111,1987,3,1,120.99,265.0,8.08,33
17112,1987,3,1,116.08,265.0,8.05,33
17113,1987,3,1,131.15,265.0,8.03,33
17114,2017,12,1,224.52,165.0,8.19,33
17118,1951,6,1,88.72,340.0,6.65,33
17119,1998,3,1,78.03,345.0,6.63,33
17120,1900,3,1,138.0,345.0,6.66,33
17121,1900,12,1,150.0,345.0,6.73,33
17122,1900,3,1,63.0,345.0,6.84,33
17123,1940,6,1,104.13,35.0,11.68,33
17124,1900,3,1,123.43,85.0,6.51,33
17125,1900,3,1,108.34,85.0,6.53,33
17126,1900,3,1,123.79,85.0,6.54,33
17127,1900,9,1,86.61,85.0,6.56,33
17130,1900,6,1,126.73,85.0,6.58,33
17132,1900,9,1,84.96,85.0,6.6,33
17134,1900,3,1,103.58,85.0,6.61,33
17135,1960,12,1,98.13,85.0,6.63,33
17136,1900,3,1,95.67,85.0,6.65,33
17137,1960,9,1,191.64,85.0,6.66,33
17138,1900,3,1,113.13,85.0,6.69,33
17139,1940,9,1,148.46,85.0,6.7,33
17142,1900,9,1,95.95,85.0,6.72,33
17144,1900,3,1,104.86,85.0,6.74,33
17145,2009,6,1,101.03,85.0,6.76,33
17149,1963,15,1,433.91,85.0,7.14,33
17151,1965,27,1,454.68,175.0,6.78,33
17155,1963,18,1,478.01,265.0,7.74,33
17157,2016,9,1,84.98,265.0,7.76,33
17159,1900,3,1,115.39,265.0,7.75,33
17161,1950,6,1,105.48,265.0,7.74,33
17164,1900,3,1,102.96,265.0,7.74,33
17165,1993,3,1,79.99,265.0,7.76,33
17166,1900,9,1,93.13,265.0,7.78,33
17168,1970,9,1,90.9,265.0,7.8,33
17171,1900,6,1,84.12,265.0,7.82,33
17173,1940,3,1,25.07,345.0,6.96,33
17177,2000,6,1,406.04,340.0,42.19,33
17178,2004,3,1,150.39,340.0,12.29,33
17180,1900,6,1,95.61,340.0,12.31,33
17182,1930,6,1,104.79,340.0,12.33,33
17184,1963,3,1,122.53,340.0,12.34,33
17185,1910,3,1,96.67,340.0,12.38,33
17186,1939,3,1,87.53,340.0,12.39,33
17188,1936,3,1,105.29,340.0,12.43,33
17190,1936,3,1,96.58,80.0,7.89,33
17192,1930,3,1,92.55,80.0,7.86,33
17193,1912,9,1,72.7,80.0,7.79,33
17195,1900,9,1,68.96,80.0,7.75,33
17196,1880,9,1,86.8,80.0,7.73,33
17199,1995,6,1,76.65,80.0,7.7,33
17200,1932,3,1,114.1,80.0,7.69,33
17202,1900,3,1,84.55,80.0,7.66,33
17204,1900,3,1,131.27,80.0,7.63,33
17205,1940,3,1,105.99,80.0,7.61,33
17209,1963,12,1,345.79,265.0,8.13,33
17210,1958,6,1,209.19,265.0,8.15,33
17213,1952,3,1,64.57,80.0,7.81,33
17214,1942,3,1,83.11,80.0,7.83,33
17216,1900,3,1,74.51,260.0,15.99,33
17218,2018,9,1,57.75,340.0,6.35,33
17220,1900,3,1,70.99,340.0,6.37,33
17222,1900,3,1,67.62,340.0,6.38,33
17223,1900,3,1,78.53,340.0,6.39,33
17226,1900,3,1,60.61,75.0,6.58,33
17228,1900,3,1,46.02,70.0,6.34,33
17229,1900,3,1,47.49,75.0,6.3,33
17231,1900,3,1,44.5,75.0,6.26,33
17232,1962,9,1,114.54,75.0,6.22,33
17233,1950,3,1,81.12,75.0,6.18,33
17234,1900,12,1,127.71,260.0,7.73,33
17236,1966,3,1,130.55,260.0,7.71,33
17237,1948,9,1,127.77,260.0,7.68,33
17239,1900,9,1,142.29,260.0,7.65,33
17241,1990,3,1,107.7,260.0,7.62,33
17242,1930,3,1,100.59,75.0,5.99,33
17243,1920,3,1,98.4,75.0,5.96,33
17244,1950,9,1,85.58,75.0,5.93,33
17246,1900,3,1,68.33,75.0,5.9,33
17248,1950,3,1,52.43,260.0,7.76,33
17249,1960,6,1,215.2,260.0,7.81,33
17250,1920,3,1,86.17,75.0,6.01,33
17251,1987,3,1,90.2,260.0,7.6,33
17254,2003,3,1,3548.1,165.0,132.26,33
17258,1960,15,1,282.99,300.0,18.86,33
17260,2022,6,1,85.33,345.0,11.98,33
17263,1958,3,1,152.62,345.0,11.98,33
17264,1952,3,1,108.36,345.0,11.99,33
17265,2000,9,1,129.68,60.0,42.42,33
17267,1955,6,1,59.59,345.0,12.0,33
17269,1970,3,1,162.07,60.0,42.78,33
17271,1975,12,1,153.59,105.0,15.15,33
17272,1979,6,1,156.65,105.0,11.62,33
17274,1958,3,1,146.77,105.0,10.17,33
17275,1959,6,1,90.81,105.0,9.77,33
17277,1962,9,1,97.44,105.0,9.72,33
17279,2023,6,1,103.39,105.0,9.67,33
17281,1993,9,1,127.48,105.0,9.5,33
17282,1888,3,1,495.28,255.0,19.86,33
17283,2021,6,1,128.39,255.0,19.9,33
17286,1982,3,1,100.74,255.0,19.92,33
17287,1917,3,1,70.33,255.0,19.94,33
17288,1960,3,1,174.79,255.0,20.2,33
17290,1950,3,1,109.89,255.0,21.76,33
17292,1931,3,1,91.4,255.0,43.8,33
17293,1997,9,1,76.35,255.0,82.04,33
17296,2002,9,1,129.04,255.0,12.16,33
17297,1990,3,1,126.37,105.0,9.63,33
17299,1990,3,1,114.42,105.0,9.58,33
17302,2008,9,1,455.27,255.0,32.92,33
17303,1979,9,1,461.55,345.0,30.84,33
17305,2005,6,1,101.69,345.0,9.98,33
17306,2011,6,1,155.35,345.0,9.87,33
17308,2020,6,1,132.86,345.0,9.82,33
17311,1994,9,1,957.81,90.0,9.86,33
17312,1984,9,1,160.32,90.0,9.82,33
17315,1997,9,1,144.56,165.0,12.01,33
17316,1975,3,1,226.44,165.0,11.99,33
17319,1970,3,1,151.51,165.0,11.98,33
17320,1978,15,1,132.39,165.0,11.98,33
17321,1991,9,1,292.77,255.0,12.23,33
17322,1950,3,1,115.53,255.0,12.25,33
17324,1920,3,1,168.2,255.0,12.27,33
17325,2002,6,1,168.52,255.0,83.34,33
17326,1970,6,1,593.08,255.0,12.23,33
17328,1973,9,1,100.82,250.0,12.2,33
17330,1948,3,1,149.1,245.0,12.31,33
17331,1984,3,1,147.21,245.0,12.32,33
17332,1953,6,1,152.09,255.0,12.26,33
17333,2009,15,1,179.37,345.0,9.94,33
17335,1924,6,1,136.42,255.0,41.39,33
17337,2016,9,1,133.45,90.0,9.81,33
17340,1975,12,1,406.93,130.0,48.53,33
17341,1978,15,1,469.56,0.0,9.94,33
17342,1965,15,1,184.12,0.0,9.93,33
17343,1995,9,1,241.62,0.0,9.94,33
17345,1927,3,1,107.39,0.0,9.93,33
17346,1994,9,1,161.68,0.0,32.19,33
17347,1946,9,1,125.2,80.0,10.0,33
17350,1946,3,1,86.83,80.0,9.97,33
17351,1975,6,1,133.4,80.0,9.83,33
17352,1942,3,1,126.3,80.0,9.8,33
17354,1944,3,1,103.56,80.0,9.77,33
17356,1946,3,1,293.87,90.0,10.1,33
17357,1930,3,1,174.99,170.0,9.75,33
17359,1930,3,1,161.49,165.0,9.77,33
17360,1930,3,1,104.27,170.0,9.81,33
17361,1955,3,1,102.97,165.0,9.83,33
17362,1945,3,1,127.9,170.0,10.0,33
17364,1942,3,1,94.24,265.0,9.6,33
17365,1929,3,1,88.96,265.0,9.62,33
17367,1940,3,1,87.08,265.0,9.64,33
17369,1973,18,1,195.47,265.0,10.81,33
17370,1976,15,1,423.78,265.0,9.71,33
17372,2001,9,1,489.39,170.0,29.44,33
17373,2002,9,1,838.1,265.0,9.54,33
17374,2008,9,1,412.19,80.0,47.33,33
17376,1943,9,1,220.7,0.0,9.94,33
17379,2023,12,1,450.79,80.0,9.9,33
17384,1950,3,1,,170.0,9.7,33
17385,2023,15,1,1073.65,165.0,9.97,33
17389,1960,3,1,198.86,175.0,12.48,33
17391,1962,6,1,141.38,175.0,12.36,33
17393,1962,6,1,157.91,175.0,12.27,33
17395,1962,12,1,166.39,175.0,12.14,33
17398,1993,6,1,135.86,220.0,26.42,33
17399,1990,3,1,216.93,265.0,12.04,33
17400,2003,9,1,95.64,265.0,12.0,33
17401,1961,3,1,230.83,265.0,11.97,33
17402,1996,15,1,557.85,0.0,25.08,33
17404,1999,6,1,945.54,85.0,15.6,33
17405,1999,15,1,507.72,0.0,25.01,33
17407,1962,3,1,130.61,0.0,12.25,33
17408,1960,3,1,86.09,265.0,11.95,33
17409,1965,3,1,94.2,265.0,11.95,33
17410,1961,3,1,113.08,265.0,11.94,33
17411,1961,3,1,123.89,265.0,11.93,33
17412,1963,6,1,130.96,315.0,27.49,33
17413,1999,6,1,1677.01,10.0,72.35,33
17415,1990,3,1,145.35,175.0,24.87,33
17416,1950,3,1,129.64,175.0,24.81,33
17417,1950,3,1,128.85,175.0,24.77,33
17419,1950,3,1,154.26,180.0,24.77,33
17421,1950,6,1,127.45,175.0,24.77,33
17422,1950,3,1,152.17,175.0,24.77,33
17423,1950,12,1,144.94,180.0,24.77,33
17425,1950,3,1,128.53,220.0,35.76,33
17426,1950,3,1,129.17,220.0,43.45,33
17427,1960,3,1,79.95,265.0,11.76,33
17428,1960,3,1,111.21,265.0,11.81,33
17429,1963,3,1,150.0,265.0,11.85,33
17430,1960,3,1,150.21,265.0,11.9,33
17431,2006,6,1,220.66,265.0,11.96,33
17432,1960,6,1,134.58,265.0,11.99,33
17434,1960,3,1,112.48,265.0,12.0,33
17435,1960,3,1,90.17,265.0,12.01,33
17437,2000,12,1,1302.19,0.0,23.63,33
17438,2003,3,1,70.59,85.0,17.02,33
17439,1998,3,1,71.76,85.0,17.02,33
17440,1998,3,1,94.29,85.0,17.01,33
17441,2004,6,1,71.81,85.0,8.96,33
17444,2003,9,1,520.96,180.0,25.13,33
17446,2000,9,1,353.09,265.0,54.28,33
17449,2000,3,1,73.44,265.0,48.32,33
17450,2016,12,1,72.4,265.0,43.8,33
17452,2002,3,1,72.26,265.0,42.23,33
17454,2008,6,1,71.98,265.0,40.75,33
17455,2000,3,1,73.02,265.0,40.07,33
17456,1999,6,1,446.72,265.0,38.28,33
17458,2003,9,1,96.12,85.0,18.17,33
17461,2000,9,1,505.64,85.0,11.72,33
17462,2000,9,1,326.96,85.0,10.73,33
17463,1999,12,1,446.05,180.0,24.03,33
17465,2001,3,1,150.22,215.0,10.74,33
17467,1983,9,1,149.43,305.0,8.18,33
17469,1983,12,1,156.89,125.0,30.18,33
17471,1981,12,1,149.05,125.0,37.87,33
17473,1996,3,1,150.5,125.0,20.77,33
17474,2006,6,1,255.39,125.0,27.24,33
17475,1969,12,1,323.27,35.0,17.17,33
17476,1969,12,1,275.31,35.0,17.11,33
17477,1969,12,1,276.4,35.0,17.06,33
17478,1969,12,1,317.5,35.0,28.73,33
17479,1969,12,1,327.34,125.0,15.74,33
17480,1969,12,1,315.74,215.0,24.61,33
17481,1969,9,1,278.69,215.0,10.13,33
17482,1969,6,1,298.84,215.0,55.92,33
17483,1969,12,1,310.11,215.0,12.4,33
17484,1969,12,1,320.91,305.0,10.59,33
17486,2005,12,1,799.98,215.0,30.81,33
17487,2005,12,1,1460.65,0.0,28.88,33
17489,1975,6,1,165.57,5.0,0.0,33
17491,1970,9,1,180.37,125.0,0.0,33
17493,2008,6,1,157.58,230.0,8.57,33
17496,1980,3,1,61.39,215.0,9.25,33
17498,2010,3,1,255.16,225.0,9.48,33
17499,2000,9,1,219.98,215.0,4.56,33
17502,1970,6,1,274.9,0.0,11.6,33
17506,2008,3,1,151.98,35.0,8.72,33
17509,1970,3,1,310.95,40.0,3.06,33
17511,1970,6,1,170.59,40.0,3.45,33
17513,1974,3,1,547.5,50.0,0.0,33
17515,1970,3,1,262.97,40.0,0.0,33
17518,1980,3,1,544.09,35.0,0.0,33
17521,2017,3,1,122.03,25.0,0.0,33
17524,2020,3,1,93.26,30.0,0.0,33
17526,2006,9,1,1108.06,345.0,12.33,33
17528,1991,12,1,1284.42,80.0,41.26,33
17530,1975,12,1,248.18,75.0,89.42,33
17531,1998,6,1,123.64,80.0,12.12,33
17532,1964,3,1,99.42,170.0,6.99,33
17533,1960,3,1,97.99,170.0,6.97,33
17534,1960,3,1,102.53,170.0,6.96,33
17535,1973,6,1,234.01,165.0,6.79,33
17536,1994,3,1,129.84,170.0,6.92,33
17537,2003,3,1,198.94,170.0,6.73,33
17540,1976,9,1,126.64,350.0,6.73,33
17543,1962,3,1,97.02,350.0,6.82,33
17544,1971,3,1,103.51,350.0,6.96,33
17545,1961,3,1,111.27,350.0,6.98,33
17546,2000,3,1,94.82,350.0,6.99,33
17547,2006,6,1,83.72,80.0,12.14,33
17548,1960,3,1,94.55,80.0,12.09,33
17549,2002,6,1,80.8,80.0,12.05,33
17550,1960,3,1,122.1,80.0,11.98,33
17552,2001,9,1,88.68,170.0,11.89,33
17553,1972,3,1,108.95,170.0,12.27,33
17554,1966,3,1,129.88,165.0,12.35,33
17555,1958,3,1,89.57,170.0,12.25,33
17557,1996,12,1,65.36,170.0,12.33,33
17559,1966,3,1,134.05,165.0,11.89,33
17560,1954,3,1,142.98,255.0,12.47,33
17562,2007,9,1,91.56,125.0,25.43,33
17563,2007,3,1,333.61,350.0,6.9,33
17564,1964,3,1,196.03,170.0,12.27,33
17565,1942,6,1,150.01,345.0,10.02,33
17567,1962,6,1,100.61,345.0,9.95,33
17569,1930,3,1,107.18,85.0,9.94,33
17570,1990,3,1,74.65,85.0,9.93,33
17571,2022,3,1,56.9,85.0,9.92,33
17573,2022,6,1,84.9,85.0,9.9,33
17574,1930,3,1,86.69,85.0,9.9,33
17575,1926,3,1,103.89,85.0,9.89,33
17600,2008,9,1,1140.31,170.0,17.07,33
17602,2007,9,1,173.35,255.0,14.1,33
17605,1934,3,1,163.6,345.0,6.79,33
17607,1958,6,1,425.7,345.0,6.78,33
17608,1920,3,1,223.27,345.0,6.79,33
17610,1891,9,1,80.41,345.0,6.81,33
17612,1923,3,1,70.94,65.0,7.73,33
17613,1968,3,1,110.36,65.0,7.85,33
17614,1956,3,1,122.04,65.0,9.79,33
17617,1924,3,1,119.74,65.0,9.78,33
17619,1920,3,1,122.09,65.0,9.77,33
17620,1920,3,1,98.73,65.0,9.76,33
17621,1965,3,1,127.5,65.0,9.76,33
17622,1971,12,1,357.36,65.0,9.76,33
17623,1934,3,1,202.43,65.0,9.76,33
17625,1936,3,1,123.09,65.0,9.73,33
17626,2008,15,1,125.74,165.0,9.96,33
17627,1950,3,1,136.08,255.0,11.99,33
17630,1970,3,1,193.44,255.0,11.95,33
17631,1960,12,1,74.44,255.0,11.81,33
17633,1995,3,1,141.93,255.0,11.78,33
17634,1950,3,1,137.93,255.0,11.74,33
17635,1956,3,1,96.57,255.0,11.71,33
17636,1955,3,1,139.85,255.0,12.09,33
17637,2000,9,1,370.91,65.0,9.75,33
17638,2007,9,1,407.57,255.0,11.88,33
17639,2008,12,1,255.01,165.0,10.01,33
17642,1940,3,1,46.56,185.0,14.02,33
17643,1991,9,1,53.54,185.0,13.97,33
17644,1996,3,1,56.15,185.0,13.91,33
17645,1943,6,1,79.8,185.0,13.86,33
17646,1948,3,1,85.99,185.0,13.78,33
17647,1972,12,1,260.15,190.0,13.76,33
17648,1973,12,1,157.56,335.0,7.47,33
17649,1938,3,1,334.84,190.0,13.65,33
17650,1961,18,1,381.34,180.0,13.81,33
17651,1949,3,1,112.71,335.0,7.56,33
17653,1990,3,1,62.45,335.0,7.57,33
17654,1949,9,1,77.53,335.0,7.59,33
17656,1999,9,1,94.24,335.0,7.61,33
17657,2005,6,1,324.38,335.0,7.65,33
17658,1900,3,1,85.16,335.0,7.71,33
17659,1947,6,1,101.79,335.0,7.73,33
17661,1963,6,1,117.49,335.0,7.76,33
17662,1929,3,1,108.16,335.0,7.78,33
17663,1930,9,1,76.82,335.0,7.79,33
17665,1927,3,1,79.66,335.0,7.8,33
17666,1947,12,1,122.19,335.0,7.82,33
17667,1915,9,1,77.49,335.0,7.84,33
17669,1898,6,1,79.56,335.0,7.85,33
17671,1898,3,1,73.38,335.0,7.86,33
17673,1939,3,1,105.13,335.0,7.88,33
17674,1931,3,1,100.5,335.0,7.89,33
17675,1973,9,1,95.38,70.0,7.91,33
17677,1931,3,1,60.71,70.0,7.91,33
17678,1938,3,1,83.93,165.0,48.36,33
17679,1880,3,1,85.27,165.0,19.41,33
17680,1913,3,1,73.45,170.0,13.99,33
17681,1951,3,1,88.09,165.0,13.99,33
17682,1948,3,1,70.59,165.0,14.0,33
17683,1979,9,1,123.04,165.0,14.01,33
17684,1946,3,1,116.49,165.0,14.03,33
17686,1942,3,1,89.88,165.0,14.05,33
17688,1943,9,1,73.09,165.0,14.07,33
17690,1951,9,1,184.83,165.0,14.11,33
17694,1941,3,1,72.01,165.0,14.13,33
17697,1951,12,1,83.21,165.0,14.16,33
17701,1941,3,1,76.91,165.0,38.5,33
17702,1959,6,1,84.05,165.0,34.61,33
17703,1967,6,1,242.43,165.0,14.16,33
17705,1943,3,1,75.87,170.0,13.45,33
17706,1920,3,1,90.72,170.0,13.43,33
17709,1950,3,1,81.09,175.0,13.44,33
17711,1928,3,1,95.93,180.0,13.61,33
17714,1958,6,1,57.44,70.0,7.91,33
17718,1975,12,1,157.08,70.0,11.93,33
17719,1941,3,1,60.98,70.0,7.98,33
17720,2017,6,1,55.02,70.0,7.97,33
17722,1932,9,1,131.13,70.0,7.95,33
17724,1942,6,1,49.15,70.0,7.94,33
17725,1953,3,1,98.61,70.0,7.91,33
17726,2000,9,1,83.93,70.0,7.89,33
17728,1900,3,1,108.43,70.0,7.87,33
17729,1974,9,1,83.36,70.0,7.86,33
17732,1935,3,1,109.19,70.0,7.84,33
17734,1941,3,1,134.73,70.0,7.81,33
17735,1950,3,1,57.58,70.0,7.79,33
17736,1918,3,1,59.6,170.0,7.8,33
17737,1996,9,1,100.13,235.0,26.66,33
17740,1951,3,1,92.0,235.0,23.97,33
17741,1936,3,1,85.5,235.0,9.93,33
17742,1921,3,1,92.19,235.0,7.31,33
17743,2017,9,1,72.55,235.0,7.41,33
17745,1990,3,1,55.68,235.0,7.46,33
17746,1963,3,1,115.53,235.0,7.45,33
17747,1986,3,1,134.18,235.0,7.43,33
17748,1975,3,1,218.21,235.0,7.39,33
17750,1939,3,1,131.48,235.0,7.37,33
17751,1960,6,1,116.01,345.0,6.0,33
17752,2010,9,1,80.55,345.0,5.99,33
17753,1956,3,1,99.24,345.0,5.99,33
17754,1964,9,1,107.31,345.0,5.99,33
17756,1929,3,1,83.58,345.0,6.0,33
17757,1925,6,1,79.16,345.0,6.0,33
17758,1951,9,1,125.16,345.0,6.0,33
17761,1980,3,1,160.54,345.0,6.01,33
17762,1941,3,1,163.63,345.0,6.01,33
17763,1940,3,1,175.23,345.0,6.01,33
17764,1931,3,1,91.79,345.0,6.02,33
17765,1931,3,1,124.39,65.0,0.0,33
17767,1971,6,1,317.59,250.0,19.76,33
17768,1991,3,1,116.26,345.0,5.38,33
17769,1941,6,1,155.32,165.0,5.74,33
17771,1952,6,1,116.44,345.0,5.41,33
17773,2022,6,1,79.43,345.0,5.39,33
17775,1961,3,1,90.37,345.0,5.36,33
17776,1943,3,1,85.24,345.0,5.34,33
17778,1958,9,1,161.37,345.0,5.28,33
17781,1930,3,1,86.06,345.0,5.28,33
17782,1921,6,1,102.06,345.0,5.31,33
17783,2002,3,1,45.47,345.0,5.32,33
17784,2004,9,1,233.22,75.0,34.82,33
17785,1946,9,1,108.28,75.0,7.9,33
17786,2014,9,1,90.41,75.0,8.01,33
17788,2003,3,1,436.02,165.0,5.45,33
17789,1931,3,1,154.33,165.0,5.55,33
17790,1951,3,1,76.61,165.0,5.59,33
17792,1951,6,1,101.08,165.0,5.61,33
17793,2001,3,1,113.74,165.0,5.64,33
17795,1921,3,1,79.67,165.0,5.66,33
17797,1923,3,1,60.08,165.0,5.69,33
17798,1991,3,1,60.09,165.0,5.77,33
17800,1927,3,1,154.57,75.0,8.88,33
17802,2007,6,1,439.7,75.0,8.36,33
17804,2001,3,1,214.43,345.0,31.23,33
17810,2019,15,1,108.01,345.0,5.34,33
17813,1959,9,1,105.06,345.0,5.36,33
17817,1927,3,1,68.66,345.0,5.39,33
17820,1880,12,1,206.56,345.0,38.49,33
17824,2002,3,1,71.29,345.0,5.97,33
17826,1935,6,1,127.84,345.0,6.03,33
17829,1992,3,1,170.73,75.0,9.82,33
17830,1927,9,1,96.07,70.0,7.9,33
17834,1917,6,1,169.58,90.0,6.86,33
17835,1890,3,1,86.85,85.0,6.88,33
17837,1893,12,1,75.17,80.0,6.76,33
17840,1929,3,1,110.85,80.0,6.55,33
17841,1921,3,1,105.13,80.0,6.44,33
17842,1927,3,1,113.24,80.0,6.32,33
17845,1941,3,1,91.15,75.0,6.11,33
17847,2007,12,1,83.14,75.0,5.77,33
17848,2019,12,1,311.91,75.0,5.6,33
17853,2006,3,1,91.78,75.0,5.87,33
17855,1910,6,1,82.45,75.0,6.0,33
17858,1927,3,1,203.79,75.0,6.52,33
17861,1990,3,1,92.26,75.0,6.73,33
17862,2001,12,1,109.35,75.0,6.83,33
17865,1923,12,1,205.97,75.0,7.13,33
17868,1939,3,1,141.34,70.0,7.27,33
17869,2021,6,1,207.35,70.0,7.39,33
17871,1913,3,1,112.69,165.0,5.31,33
17873,1943,3,1,119.64,165.0,5.3,33
17874,1943,3,1,90.25,165.0,5.28,33
17875,1931,3,1,111.4,165.0,5.27,33
17877,1991,9,1,95.53,165.0,5.27,33
17879,1922,3,1,110.28,165.0,5.3,33
17880,1941,9,1,85.74,165.0,5.32,33
17882,1947,3,1,106.66,165.0,5.41,33
17884,1996,3,1,96.55,165.0,5.38,33
17885,1947,9,1,161.72,255.0,14.77,33
17886,1977,3,1,90.63,255.0,42.28,33
17887,1916,6,1,98.59,255.0,7.53,33
17889,1978,9,1,98.34,255.0,7.49,33
17890,1917,3,1,75.36,255.0,7.49,33
17891,1988,3,1,104.39,255.0,7.48,33
17893,1956,9,1,663.04,75.0,19.55,33
17895,1900,3,1,135.52,335.0,3.36,33
17896,2006,6,1,90.34,70.0,3.31,33
17898,2000,3,1,31.22,70.0,3.85,33
17900,1900,3,1,146.97,70.0,4.04,33
17901,1900,3,1,58.25,165.0,3.69,33
17903,1900,3,1,59.49,260.0,23.72,33
17905,1900,3,1,53.7,260.0,2.71,33
17906,1900,3,1,93.44,255.0,3.59,33
17909,2009,9,1,93.82,250.0,3.87,33
17911,2003,3,1,191.85,245.0,6.06,33
17914,1900,9,1,126.39,65.0,2.83,33
17915,1995,9,1,228.4,90.0,6.24,33
17918,1966,6,1,101.67,70.0,5.95,33
17919,1900,9,1,98.08,70.0,5.88,33
17921,1900,3,1,52.99,95.0,8.21,33
17923,2003,9,1,103.04,185.0,24.15,33
17927,1959,9,1,771.06,250.0,22.0,33
17929,1959,6,1,317.44,155.0,16.05,33
17931,1880,12,1,254.11,255.0,18.84,33
17933,1910,9,1,196.21,165.0,4.81,33
17936,1910,12,1,244.98,165.0,5.02,33
17937,2007,6,1,219.81,165.0,5.33,33
17939,1910,3,1,187.84,165.0,5.37,33
17940,1940,3,1,59.24,75.0,9.61,33
17943,1997,9,1,476.34,260.0,7.44,33
17945,2010,12,1,351.67,60.0,21.72,33
17947,1912,3,1,83.49,75.0,3.22,33
17948,1912,6,1,75.27,170.0,4.05,33
17949,2005,9,1,266.86,230.0,13.81,33
17950,1912,3,1,46.48,245.0,2.05,33
17953,1999,9,1,278.9,75.0,3.7,33
17956,2022,6,1,149.51,10.0,5.94,33
17958,1898,3,1,74.72,10.0,5.32,33
17960,1898,3,1,85.07,10.0,5.15,33
17965,1898,3,1,58.84,75.0,5.13,33
17968,1898,12,1,112.18,75.0,5.23,33
17970,1898,3,1,71.08,75.0,5.27,33
17971,1898,3,1,84.98,75.0,5.36,33
17973,2003,3,1,132.07,75.0,5.59,33
17976,1898,3,1,85.53,75.0,5.8,33
17977,1898,3,1,94.6,75.0,32.05,33
17979,1898,3,1,155.4,245.0,39.87,33
17981,2021,12,1,128.76,160.0,19.47,33
17982,1898,12,1,140.18,340.0,34.35,33
17983,1992,6,1,311.02,245.0,3.69,33
17985,1992,9,1,418.58,245.0,13.74,33
17988,1997,3,1,161.43,245.0,4.02,33
17993,1898,9,1,227.26,340.0,21.89,33
17995,1969,15,1,195.04,295.0,6.22,33
17997,1912,12,1,158.03,305.0,4.93,33
18002,1900,3,1,105.33,305.0,4.73,33
18004,1900,12,1,90.45,305.0,4.66,33
18006,1900,3,1,125.55,15.0,11.36,33
18008,1900,9,1,84.59,60.0,5.55,33
18010,1900,6,1,108.03,65.0,5.06,33
18011,1935,3,1,83.97,65.0,4.87,33
18012,1900,3,1,208.22,65.0,4.56,33
18014,2002,9,1,68.24,65.0,4.34,33
18016,1900,3,1,76.08,65.0,4.14,33
18018,1923,3,1,83.23,65.0,4.02,33
18020,1923,6,1,104.03,65.0,3.85,33
18022,1900,3,1,88.89,65.0,3.58,33
18023,1955,6,1,57.39,65.0,3.38,33
18024,2001,6,1,264.23,65.0,5.4,33
18025,1997,9,1,212.05,150.0,4.63,33
18027,1920,9,1,84.57,150.0,4.76,33
18031,1900,3,1,36.72,150.0,4.92,33
18034,2024,9,1,110.31,150.0,4.65,33
18037,1900,3,1,94.02,150.0,4.56,33
18040,2016,9,1,139.19,255.0,12.38,33
18043,1960,3,1,53.79,255.0,5.28,33
18045,1961,6,1,182.33,255.0,5.25,33
18047,1900,3,1,156.04,255.0,5.21,33
18049,1900,3,1,116.81,255.0,5.18,33
18055,1900,3,1,89.44,255.0,5.31,33
18058,1900,9,1,148.76,255.0,11.87,33
18060,1934,3,1,102.67,255.0,26.87,33
18063,1880,3,1,93.65,295.0,6.69,33
18065,2008,9,1,141.58,295.0,5.54,33
18067,1947,3,1,118.48,65.0,65.01,33
18069,1947,3,1,72.67,340.0,8.82,33
18071,1947,3,1,107.91,340.0,8.83,33
18075,1975,9,1,118.89,340.0,8.85,33
18077,1947,3,1,334.43,340.0,8.91,33
18079,1991,6,1,71.31,125.0,7.94,33
18083,1988,3,1,174.71,125.0,42.43,33
18085,1947,3,1,106.29,125.0,30.01,33
18087,2019,9,1,231.38,120.0,5.53,33
18090,1944,9,1,104.93,125.0,5.37,33
18095,1947,3,1,67.02,125.0,4.8,33
18097,1995,9,1,320.01,215.0,7.86,33
18098,1947,6,1,172.97,215.0,8.5,33
18099,1946,6,1,325.15,340.0,9.05,33
18102,1890,6,1,55.81,340.0,9.13,33
18103,1895,6,1,216.49,355.0,6.93,33
18105,1928,6,1,125.24,75.0,31.51,33
18107,1964,3,1,155.44,75.0,5.58,33
18108,1936,3,1,130.49,75.0,5.56,33
18109,1950,3,1,130.48,75.0,5.55,33
18110,2016,6,1,101.66,75.0,5.54,33
18112,1994,3,1,123.29,75.0,5.53,33
18113,1900,3,1,175.78,75.0,5.5,33
18114,1900,9,1,87.61,75.0,5.43,33
18116,1890,9,1,243.8,75.0,5.4,33
18121,1927,6,1,242.39,265.0,6.58,33
18122,1900,6,1,91.5,265.0,6.59,33
18125,1900,3,1,113.85,265.0,6.59,33
18127,1890,3,1,95.04,265.0,6.58,33
18128,1880,3,1,121.0,265.0,6.57,33
18131,1972,12,1,290.1,265.0,6.55,33
18134,1900,6,1,116.11,265.0,6.55,33
18135,1900,9,1,98.36,265.0,6.54,33
18137,1880,3,1,97.37,265.0,6.53,33
18138,2002,12,1,1635.54,265.0,6.57,33
18141,2003,3,1,1339.88,165.0,8.9,33
18143,1976,9,1,918.83,265.0,6.58,33
18145,1904,3,1,119.75,265.0,13.75,33
18146,1904,6,1,138.3,345.0,5.54,33
18147,1904,3,1,62.42,75.0,5.0,33
18148,1880,3,1,68.51,75.0,5.02,33
18149,1900,6,1,120.23,75.0,5.06,33
18151,2019,6,1,174.14,75.0,5.08,33
18153,1954,3,1,197.04,75.0,5.1,33
18154,1955,6,1,192.47,75.0,5.12,33
18155,1920,3,1,54.16,75.0,5.14,33
18156,1880,6,1,53.53,75.0,5.16,33
18158,1880,3,1,55.06,75.0,5.16,33
18159,1880,6,1,51.2,75.0,22.09,33
18162,1940,3,1,53.02,75.0,90.58,33
18163,1934,3,1,58.73,75.0,5.48,33
18164,1928,3,1,56.85,75.0,5.43,33
18165,1900,3,1,44.02,75.0,5.39,33
18168,1900,3,1,60.86,75.0,5.3,33
18170,1931,3,1,54.94,75.0,5.25,33
18171,1918,3,1,55.71,75.0,5.22,33
18172,2005,6,1,232.84,75.0,5.12,33
18173,1920,3,1,55.88,75.0,5.05,33
18174,1920,3,1,59.44,175.0,6.98,33
18176,1900,6,1,529.88,265.0,7.14,33
18177,1997,3,1,118.76,265.0,6.62,33
18179,1895,3,1,83.97,265.0,6.59,33
18180,2001,6,1,161.99,265.0,6.56,33
18182,1996,3,1,85.76,265.0,6.5,33
18183,2024,9,1,125.06,265.0,6.49,33
18185,1997,3,1,167.8,265.0,6.61,33
18186,1994,6,1,100.31,265.0,6.65,33
18187,1987,9,1,91.28,175.0,6.99,33
18189,1987,6,1,89.08,175.0,6.97,33
18192,1988,3,1,88.39,175.0,6.95,33
18193,1988,3,1,104.95,175.0,6.93,33
18194,1991,3,1,229.77,265.0,6.67,33
18195,1992,3,1,146.76,265.0,6.69,33
18199,2023,15,1,139.43,175.0,7.0,33
18202,1987,3,1,150.82,265.0,6.54,33
18203,2002,3,1,181.1,75.0,5.04,33
18204,1880,3,1,71.78,255.0,20.16,33
18205,1998,3,1,72.44,340.0,5.82,33
18206,1973,3,1,85.14,345.0,5.82,33
18208,1930,9,1,143.04,345.0,5.83,33
18210,1920,3,1,159.82,340.0,5.83,33
18211,1900,3,1,92.51,340.0,5.85,33
18212,1880,6,1,98.67,340.0,5.85,33
18213,1880,9,1,64.42,345.0,5.85,33
18215,1930,3,1,59.8,340.0,5.87,33
18216,1890,3,1,95.46,340.0,5.87,33
18217,1940,3,1,138.83,340.0,5.88,33
18218,1960,9,1,133.59,340.0,5.88,33
18220,2006,6,1,62.63,340.0,5.88,33
18221,1994,3,1,174.62,340.0,5.9,33
18223,2009,3,1,1922.51,80.0,8.66,33
18224,1930,3,1,60.47,160.0,5.81,33
18225,1960,3,1,84.22,160.0,5.8,33
18227,1900,3,1,68.58,160.0,5.78,33
18228,1900,3,1,59.79,160.0,5.78,33
18229,1904,6,1,55.99,160.0,5.77,33
18231,2005,3,1,50.32,160.0,5.77,33
18232,1930,3,1,91.4,160.0,5.76,33
18234,1960,9,1,167.84,160.0,5.75,33
18237,1920,3,1,79.21,160.0,5.73,33
18239,1920,3,1,68.72,255.0,5.75,33
18240,1930,3,1,60.71,255.0,5.79,33
18241,1890,6,1,64.61,255.0,5.82,33
18243,1896,3,1,70.14,255.0,5.85,33
18244,1964,12,1,201.5,255.0,5.91,33
18245,1915,3,1,94.62,255.0,5.99,33
18247,1987,3,1,77.95,75.0,5.97,33
18249,1900,3,1,80.44,75.0,5.9,33
18251,1970,12,1,99.59,75.0,5.86,33
18253,1958,6,1,152.52,75.0,5.81,33
18254,1880,3,1,113.61,75.0,18.02,33
18256,1900,3,1,46.61,160.0,5.52,33
18258,1900,6,1,52.19,160.0,5.5,33
18259,1900,3,1,56.65,160.0,5.49,33
18260,1960,3,1,66.17,160.0,5.46,33
18261,1900,3,1,73.8,160.0,5.44,33
18262,1900,3,1,58.05,165.0,5.44,33
18263,1900,3,1,100.35,215.0,11.77,33
18264,1930,9,1,77.94,265.0,6.9,33
18265,1987,3,1,94.07,305.0,21.87,33
18266,1987,3,1,73.11,340.0,5.58,33
18268,1987,3,1,79.37,345.0,5.59,33
18270,1987,3,1,84.8,340.0,5.59,33
18272,1987,3,1,76.58,340.0,5.59,33
18275,2003,3,1,760.2,340.0,23.17,33
18277,2001,6,1,1965.21,340.0,23.16,33
18279,1900,3,1,84.37,340.0,23.16,33
18282,1930,3,1,64.7,80.0,8.38,33
18283,1900,3,1,104.04,80.0,8.33,33
18284,1950,3,1,87.66,80.0,8.29,33
18285,1972,9,1,94.66,80.0,8.22,33
18287,1990,3,1,66.9,80.0,8.16,33
18288,1900,6,1,74.75,160.0,5.88,33
18290,1900,6,1,175.03,160.0,5.88,33
18292,1959,9,1,112.52,165.0,5.88,33
18295,1900,3,1,86.61,160.0,5.87,33
18296,1923,9,1,161.08,160.0,5.86,33
18299,1900,9,1,104.3,160.0,5.85,33
18301,1900,3,1,116.15,160.0,5.85,33
18302,1948,6,1,100.46,160.0,5.83,33
18305,2003,6,1,200.17,255.0,5.92,33
18307,1900,3,1,54.46,255.0,5.96,33
18308,2008,6,1,53.32,255.0,5.99,33
18309,1930,3,1,71.12,250.0,6.02,33
18310,1960,6,1,65.54,255.0,6.04,33
18311,1960,3,1,216.5,255.0,6.15,33
18313,1900,6,1,494.68,340.0,23.16,33
18314,2003,12,1,1957.84,80.0,8.8,33
18315,2009,9,1,184.14,255.0,6.09,33
18317,2018,9,1,151.54,160.0,5.83,33
18320,2018,3,1,130.21,160.0,5.82,33
18323,2018,3,1,130.24,160.0,5.82,33
18330,1998,21,1,1166.39,255.0,11.92,33
18332,2000,21,1,647.08,340.0,64.75,33
18335,2001,15,1,810.84,5.0,46.06,33
18338,2003,3,1,747.79,5.0,50.3,33
18341,2001,3,1,1162.13,20.0,106.32,33
18344,1950,3,1,160.17,330.0,41.23,33
18347,1979,12,1,192.82,0.0,11.87,33
18348,1994,12,1,171.75,90.0,9.79,33
18349,1920,3,1,76.12,90.0,9.79,33
18350,1979,6,1,248.23,90.0,10.04,33
18353,1995,9,1,218.77,90.0,10.03,33
18356,1997,12,1,1265.53,180.0,45.95,33
18358,1900,3,1,108.37,285.0,43.1,33
18359,1900,3,1,117.42,285.0,45.67,33
18360,1900,3,1,120.29,285.0,28.72,33
18362,1962,6,1,121.69,285.0,11.36,33
18363,1900,3,1,102.29,285.0,9.73,33
18365,1900,3,1,102.21,285.0,9.68,33
18367,1900,3,1,68.13,285.0,9.6,33
18368,1900,3,1,106.04,285.0,9.5,33
18369,1900,3,1,83.16,285.0,9.43,33
18370,1900,3,1,83.2,285.0,9.44,33
18372,1900,3,1,79.0,285.0,9.46,33
18373,1900,3,1,120.86,285.0,9.5,33
18374,1900,6,1,96.05,285.0,9.52,33
18376,1991,3,1,75.98,285.0,9.56,33
18377,1971,9,1,74.04,285.0,9.6,33
18379,1920,6,1,77.78,285.0,9.63,33
18382,1938,9,1,80.87,285.0,9.65,33
18384,2006,9,1,82.52,285.0,9.69,33
18385,1920,3,1,55.63,285.0,9.71,33
18387,1920,3,1,120.79,285.0,9.75,33
18389,1920,3,1,110.18,285.0,9.77,33
18390,1940,9,1,894.68,285.0,9.81,33
18391,1970,3,1,92.54,285.0,9.85,33
18393,1935,12,1,93.42,300.0,10.88,33
18395,1998,9,1,257.55,90.0,10.06,33
18396,1996,9,1,325.59,90.0,10.07,33
18399,2000,9,1,360.21,95.0,9.86,33
18400,1998,9,1,356.44,330.0,46.72,33
18401,2001,9,1,466.16,90.0,9.95,33
18403,1957,6,1,250.49,320.0,18.71,33
18404,1986,3,1,75.87,345.0,9.91,33
18405,1986,3,1,79.03,345.0,9.92,33
18406,1988,3,1,162.85,345.0,9.93,33
18408,2001,12,1,432.07,350.0,10.19,33
18410,1994,9,1,346.73,350.0,10.26,33
18411,1986,9,1,422.31,90.0,11.88,33
18413,1963,6,1,177.87,90.0,18.56,33
18416,1936,3,1,319.29,180.0,16.38,33
18421,1892,9,1,194.28,185.0,11.88,33
18425,1970,15,1,303.83,240.0,42.73,33
18426,1962,3,1,175.89,240.0,13.29,33
18428,1941,3,1,122.07,270.0,9.79,33
18429,1957,6,1,102.15,270.0,9.8,33
18430,1922,3,1,100.12,270.0,9.8,33
18432,1940,3,1,117.37,270.0,9.81,33
18434,1940,9,1,110.7,270.0,9.83,33
18436,1938,6,1,108.21,270.0,9.83,33
18438,1931,6,1,123.53,270.0,9.84,33
18439,1940,3,1,233.08,270.0,9.85,33
18441,1989,9,1,302.15,270.0,17.29,33
18442,1997,9,1,894.47,90.0,29.78,33
18444,2004,3,1,220.17,90.0,32.39,33
18446,2003,9,1,407.98,350.0,10.04,33
18449,2005,9,1,273.58,90.0,36.03,33
18450,2024,12,1,287.81,270.0,9.85,33
18453,1994,15,1,537.47,260.0,9.89,33
18454,1986,9,1,79.48,355.0,inf,33
18457,2002,15,1,373.76,355.0,inf,33
18458,1989,6,1,101.47,355.0,inf,33
18461,2000,9,1,113.51,355.0,inf,33
18463,1979,21,1,732.1,355.0,inf,33
18466,1962,6,1,106.79,355.0,inf,33
18468,1976,21,1,404.93,355.0,inf,33
18469,1974,21,1,401.1,355.0,inf,33
18471,1977,21,1,386.65,355.0,inf,33
18473,1977,21,1,656.56,45.0,49.52,33
18475,1976,15,1,383.99,90.0,11.22,33
18476,1980,15,1,308.04,90.0,11.4,33
18477,1980,3,1,125.65,90.0,13.16,33
18478,1928,3,1,85.01,175.0,10.11,33
18480,1930,3,1,93.61,175.0,10.09,33
18481,1929,3,1,163.24,175.0,10.06,33
18482,1929,3,1,127.5,175.0,10.02,33
18483,1932,6,1,115.18,175.0,9.99,33
18485,1988,9,1,209.09,175.0,9.97,33
18486,1971,3,1,83.2,355.0,9.99,33
18487,1934,3,1,78.14,355.0,10.01,33
18488,1934,3,1,89.3,355.0,10.04,33
18490,1932,6,1,91.11,355.0,10.06,33
18491,1958,6,1,91.63,355.0,10.08,33
18492,1956,3,1,90.58,90.0,11.72,33
18495,1930,3,1,128.15,90.0,11.67,33
18496,2006,3,1,75.26,90.0,11.66,33
18497,1922,3,1,88.9,90.0,11.66,33
18498,1957,3,1,110.44,90.0,11.63,33
18501,1970,12,1,378.67,90.0,11.62,33
18503,1960,3,1,99.34,90.0,11.6,33
18504,1954,3,1,184.98,90.0,11.6,33
18505,1930,3,1,113.83,90.0,11.59,33
18506,1958,9,1,104.25,90.0,11.57,33
18509,2007,9,1,98.93,90.0,37.36,33
18511,2000,3,1,125.98,180.0,10.23,33
18513,2000,9,1,81.41,165.0,10.03,33
18514,1973,6,1,85.04,165.0,10.06,33
18516,1900,3,1,104.12,260.0,9.75,33
18518,1910,3,1,103.28,260.0,9.78,33
18520,1956,6,1,112.84,260.0,9.81,33
18522,1981,6,1,114.63,260.0,9.84,33
18523,1971,3,1,84.77,260.0,9.86,33
18525,1992,9,1,345.38,260.0,9.99,33
18526,1996,9,1,760.38,175.0,9.92,33
18527,1991,9,1,605.41,180.0,9.97,33
18528,1930,3,1,104.67,260.0,9.86,33
18529,1928,3,1,127.79,260.0,11.52,33
18530,1954,3,1,155.69,260.0,54.47,33
18531,1992,3,1,345.33,260.0,9.89,33
18533,2021,6,1,92.95,260.0,9.89,33
18536,2000,9,1,116.61,260.0,9.89,33
18537,1998,12,1,109.55,260.0,9.88,33
18540,1928,6,1,266.46,260.0,9.88,33
18542,1930,3,1,107.1,260.0,9.87,33
18543,1990,12,1,76.75,355.0,9.88,33
18545,1989,6,1,91.75,355.0,9.91,33
18547,1989,6,1,91.51,355.0,9.95,33
18549,1991,9,1,289.22,175.0,9.88,33
18550,1988,3,1,83.8,355.0,9.97,33
18551,1970,9,1,942.81,270.0,10.1,33
18552,1981,9,1,1073.41,165.0,9.98,33
18553,2003,9,1,239.69,260.0,9.91,33
18555,2003,18,1,209.44,355.0,inf,33
18560,1930,3,1,111.84,90.0,12.16,33
18561,2018,12,1,59.15,90.0,12.24,33
18564,2004,3,1,69.27,90.0,12.26,33
18565,1996,3,1,177.47,130.0,21.3,33
18566,2003,3,1,94.85,180.0,10.97,33
18568,1998,9,1,119.55,180.0,10.95,33
18571,2002,3,1,90.99,180.0,10.94,33
18572,2002,3,1,121.54,90.0,12.19,33
18574,2003,9,1,1695.38,280.0,68.66,33
18579,1999,12,1,1172.18,180.0,24.48,33
18581,1999,15,1,617.75,0.0,23.72,33
18582,1999,3,1,69.97,85.0,11.19,33
18583,2021,9,1,75.61,85.0,11.25,33
18586,1999,3,1,72.49,85.0,11.25,33
18587,2003,3,1,72.79,85.0,11.23,33
18588,2000,3,1,74.54,85.0,11.22,33
18591,2000,12,1,586.09,0.0,23.73,33
18592,2001,6,1,432.15,265.0,17.18,33
18593,1960,3,1,121.64,85.0,10.77,33
18594,1960,3,1,160.65,85.0,10.79,33
18595,1960,3,1,128.36,85.0,10.82,33
18596,1957,9,1,103.47,85.0,10.86,33
18598,1957,6,1,111.66,125.0,43.86,33
18600,1971,9,1,108.24,175.0,24.34,33
18601,1960,3,1,117.99,175.0,24.3,33
18602,1960,6,1,110.68,175.0,24.27,33
18603,1960,3,1,95.81,175.0,24.22,33
18604,1960,6,1,110.83,175.0,24.18,33
18605,1960,3,1,112.04,175.0,24.14,33
18607,2007,9,1,174.53,175.0,24.07,33
18610,1970,3,1,237.79,225.0,39.45,33
18611,1960,3,1,132.54,270.0,11.22,33
18612,1960,3,1,143.99,265.0,11.25,33
18613,1960,3,1,101.68,0.0,23.15,33
18614,1960,3,1,102.38,45.0,31.79,33
18615,1960,3,1,101.58,90.0,10.73,33
18617,1960,3,1,135.89,90.0,10.68,33
18619,1960,3,1,139.21,90.0,10.72,33
18620,1996,6,1,170.35,85.0,10.74,33
18622,2003,9,1,335.45,0.0,23.34,33
18623,2003,9,1,826.96,355.0,23.36,33
18624,2002,9,1,499.24,315.0,36.41,33
18625,2008,6,1,259.2,265.0,11.23,33
18626,1960,6,1,89.99,265.0,11.19,33
18628,1960,6,1,91.27,265.0,11.2,33
18633,2007,12,1,1372.03,35.0,39.32,33
18634,2019,15,1,2044.07,35.0,39.99,33
18636,2007,12,1,463.4,35.0,20.01,33
18637,2007,12,1,450.01,35.0,20.01,33
18638,2006,12,1,562.57,305.0,38.74,33
18639,2005,15,1,1162.55,305.0,48.87,33
18641,2005,12,1,1554.82,215.0,32.8,33
18714,1984,3,1,143.25,255.0,12.11,33
18716,1970,6,1,106.97,350.0,12.08,33
18717,1963,6,1,294.91,350.0,12.31,33
18719,2001,9,1,210.42,350.0,12.26,33
18720,1948,3,1,148.61,350.0,12.35,33
18721,1964,6,1,147.5,345.0,12.31,33
18722,1975,6,1,331.72,350.0,11.98,33
18724,1983,3,1,125.71,350.0,12.36,33
18726,1965,3,1,132.92,300.0,25.69,33
18728,1965,9,1,82.29,350.0,11.92,33
18729,1950,15,1,186.75,350.0,11.95,33
18731,1940,3,1,73.26,350.0,11.97,33
18733,1995,3,1,65.39,350.0,11.99,33
18734,1960,3,1,96.58,350.0,12.02,33
18736,1957,3,1,86.78,350.0,12.04,33
18738,1955,6,1,95.08,350.0,12.07,33
18739,1945,3,1,80.43,350.0,12.08,33
18743,1930,3,1,108.71,350.0,9.8,33
18744,1933,3,1,100.76,350.0,9.8,33
18745,1955,3,1,111.67,350.0,9.79,33
18746,1953,3,1,103.28,350.0,9.79,33
18748,1958,3,1,118.26,350.0,9.79,33
18749,1930,3,1,100.85,350.0,9.79,33
18750,1930,3,1,103.1,345.0,9.8,33
18752,2001,9,1,1768.98,170.0,18.23,33
18753,2006,9,1,158.17,170.0,17.98,33
18754,2001,6,1,83.27,170.0,11.9,33
18755,1997,3,1,111.46,170.0,11.94,33
18756,1990,3,1,171.68,80.0,12.06,33
18759,1965,9,1,104.73,255.0,12.12,33
18760,1964,3,1,61.59,255.0,12.12,33
18762,1971,3,1,122.93,80.0,12.08,33
18764,1968,9,1,137.14,80.0,12.08,33
18766,1990,3,1,84.86,165.0,12.71,33
18767,1990,3,1,84.97,165.0,12.38,33
18768,1990,3,1,85.08,165.0,12.28,33
18770,1997,3,1,84.65,165.0,12.08,33
18771,1996,3,1,85.49,165.0,11.97,33
18772,1998,3,1,84.77,165.0,11.96,33
18773,2000,9,1,84.64,165.0,11.95,33
18776,1994,9,1,72.09,125.0,26.62,33
18780,1999,9,1,247.67,165.0,11.8,33
18781,1998,9,1,726.77,165.0,12.15,33
18783,1963,3,1,95.38,350.0,12.1,33
18784,2002,9,1,562.0,170.0,11.84,33
18786,1998,9,1,533.32,260.0,11.98,33
18787,2000,9,1,782.41,255.0,12.22,33
18788,1998,12,1,591.1,75.0,11.87,33
18789,2002,9,1,162.15,170.0,12.03,33
18790,2007,9,1,154.2,255.0,12.13,33
18791,1999,9,1,616.93,80.0,11.76,33
18792,1955,3,1,131.32,80.0,11.6,33
18793,1955,9,1,114.54,80.0,11.83,33
18796,1961,3,1,155.46,170.0,12.07,33
18798,1950,3,1,26.6,170.0,12.02,33
18799,1950,3,1,58.08,170.0,12.01,33
18800,1950,3,1,77.56,170.0,11.99,33
18801,1960,6,1,115.15,170.0,11.97,33
18802,1956,3,1,74.9,170.0,11.94,33
18803,1954,3,1,84.0,170.0,11.93,33
18805,1997,3,1,161.9,260.0,11.98,33
18806,1941,3,1,100.18,260.0,12.05,33
18807,1967,3,1,132.08,260.0,12.09,33
18809,1999,6,1,114.02,260.0,12.14,33
18810,2004,3,1,109.19,260.0,73.08,33
18814,1929,3,1,194.36,350.0,9.94,33
18815,1941,3,1,105.16,350.0,9.94,33
18817,1979,6,1,98.92,350.0,9.93,33
18820,2009,9,1,159.65,350.0,9.92,33
18822,1997,3,1,172.52,85.0,9.78,33
18823,1945,3,1,126.59,85.0,9.8,33
18824,1929,3,1,126.71,85.0,9.83,33
18825,1945,3,1,170.26,85.0,9.86,33
18826,1985,3,1,110.31,85.0,9.88,33
18828,1970,3,1,113.26,180.0,10.02,33
18830,1960,3,1,77.13,170.0,9.93,33
18832,1950,3,1,57.84,170.0,10.7,33
18833,1933,3,1,104.8,265.0,9.94,33
18834,1954,3,1,160.98,265.0,9.93,33
18835,1935,3,1,111.27,265.0,9.93,33
18836,1935,3,1,108.36,265.0,9.93,33
18837,2001,3,1,136.11,350.0,9.91,33
18839,2006,9,1,117.03,85.0,9.75,33
18840,1926,3,1,215.9,265.0,9.94,33
18843,2010,12,1,394.39,260.0,74.25,33
18845,2019,15,1,197.03,265.0,9.93,33
18847,1983,12,1,283.65,265.0,10.73,33
18849,1958,9,1,139.38,350.0,9.7,33
18851,1950,3,1,137.49,350.0,9.41,33
18852,1910,3,1,154.85,350.0,9.73,33
18853,1950,3,1,175.85,85.0,9.83,33
18855,1950,3,1,100.21,85.0,9.73,33
18857,1999,6,1,381.71,85.0,9.7,33
18859,1955,9,1,137.32,170.0,9.94,33
18860,2000,9,1,249.26,170.0,9.95,33
18861,1930,3,1,162.33,265.0,9.84,33
18863,1989,3,1,80.51,265.0,9.84,33
18864,1992,9,1,766.29,265.0,9.88,33
18865,1940,3,1,116.17,265.0,9.91,33
18866,1950,3,1,110.22,265.0,9.92,33
18867,1950,3,1,117.56,265.0,9.93,33
18868,1989,3,1,79.56,265.0,9.85,33
18869,1999,12,1,83.64,265.0,9.85,33
18871,2002,9,1,466.15,170.0,9.93,33
18872,2019,12,1,397.48,350.0,9.67,33
18875,1900,3,1,180.1,245.0,9.79,33
18877,1900,3,1,276.24,345.0,6.96,33
18880,1900,3,1,262.12,345.0,15.64,33
18881,1992,3,1,120.35,345.0,6.96,33
18883,1900,3,1,80.1,345.0,7.0,33
18887,1900,3,1,144.67,345.0,7.09,33
18889,1979,6,1,145.19,345.0,7.13,33
18891,2016,6,1,141.14,75.0,10.12,33
18893,1999,3,1,57.78,75.0,10.13,33
18895,1960,3,1,252.93,75.0,10.13,33
18896,1960,3,1,189.13,75.0,10.13,33
18897,1900,6,1,129.67,170.0,9.34,33
18898,1957,3,1,145.1,170.0,9.69,33
18900,1900,3,1,219.6,205.0,18.57,33
18903,1970,15,1,164.91,245.0,9.73,33
18904,1963,6,1,169.47,245.0,9.74,33
18906,1943,3,1,115.68,245.0,9.75,33
18907,1936,3,1,127.28,245.0,9.75,33
18908,1900,3,1,144.37,245.0,9.76,33
18909,1935,6,1,419.54,245.0,9.76,33
18912,1900,3,1,119.84,245.0,9.76,33
18913,1998,3,1,119.39,245.0,9.77,33
18914,1930,3,1,118.42,245.0,9.77,33
18915,1900,3,1,122.7,245.0,9.77,33
18916,1952,3,1,101.65,245.0,9.78,33
18918,2010,12,1,559.73,75.0,10.15,33
18921,1905,3,1,145.37,345.0,13.96,33
18922,1905,3,1,74.22,345.0,13.95,33
18923,1905,3,1,51.81,345.0,13.95,33
18925,1905,3,1,58.58,345.0,13.94,33
18927,1905,3,1,78.58,345.0,13.93,33
18928,1905,3,1,85.23,345.0,13.93,33
18929,1905,3,1,128.55,75.0,6.95,33
18931,1987,3,1,191.16,75.0,6.99,33
18933,2013,6,1,230.76,75.0,6.82,33
18935,2023,9,1,184.04,75.0,6.8,33
18937,1910,3,1,104.5,75.0,6.78,33
18939,1998,3,1,72.12,75.0,6.76,33
18940,1908,3,1,103.1,75.0,6.75,33
18942,1908,3,1,101.29,75.0,6.75,33
18944,2001,3,1,191.67,165.0,10.27,33
18946,1900,3,1,147.57,245.0,11.13,33
18947,1905,3,1,64.38,245.0,7.81,33
18948,1941,3,1,62.62,245.0,7.82,33
18949,1900,3,1,66.06,245.0,7.83,33
18950,1900,3,1,72.8,245.0,7.84,33
18952,1905,3,1,72.36,245.0,7.85,33
18953,1905,3,1,48.65,245.0,7.86,33
18954,1905,3,1,57.92,245.0,7.87,33
18955,1905,6,1,53.4,245.0,7.88,33
18956,1905,9,1,75.58,245.0,7.88,33
18958,1905,3,1,74.12,245.0,7.89,33
18960,1934,12,1,52.94,245.0,7.28,33
18963,1990,3,1,58.88,245.0,7.91,33
18965,1905,3,1,73.81,245.0,7.93,33
18966,1905,3,1,76.1,245.0,7.94,33
18969,2001,9,1,635.83,345.0,22.52,33
18971,1930,6,1,80.19,345.0,14.17,33
18974,1950,9,1,92.45,345.0,14.13,33
18975,1883,3,1,133.32,345.0,14.12,33
18979,1900,3,1,86.98,345.0,14.08,33
18981,1880,3,1,55.3,345.0,14.06,33
18984,1880,3,1,95.18,65.0,27.67,33
18986,1990,3,1,46.08,65.0,7.99,33
18988,1880,3,1,68.07,60.0,8.01,33
18989,1900,3,1,71.4,65.0,7.96,33
18990,1900,3,1,73.03,65.0,7.96,33
18991,1900,3,1,63.79,65.0,7.94,33
18993,1985,3,1,73.13,65.0,7.94,33
18994,2004,9,1,44.82,65.0,7.93,33
18996,1900,6,1,69.23,65.0,7.92,33
18997,1900,9,1,71.67,65.0,7.64,33
18999,1932,3,1,60.24,65.0,7.89,33
19001,1936,3,1,53.63,65.0,7.88,33
19003,1953,6,1,69.35,65.0,7.88,33
19005,1900,3,1,49.23,65.0,7.86,33
19006,1900,3,1,65.59,65.0,7.86,33
19008,1900,12,1,64.12,65.0,7.85,33
19010,2018,12,1,56.11,65.0,7.84,33
19012,1900,3,1,66.11,65.0,7.83,33
19013,1900,3,1,61.06,65.0,7.82,33
19015,1900,3,1,61.79,65.0,7.81,33
19016,1900,3,1,68.72,65.0,7.8,33
19017,2018,9,1,334.0,165.0,6.93,33
19021,1880,3,1,138.56,245.0,11.0,33
19024,1880,3,1,188.64,245.0,7.78,33
19027,1880,3,1,95.32,245.0,7.8,33
19029,1880,3,1,75.16,245.0,7.8,33
19030,1919,3,1,99.22,245.0,7.8,33
19032,2022,6,1,84.55,245.0,7.8,33
19036,1880,3,1,94.63,245.0,7.81,33
19037,1880,6,1,131.55,245.0,7.81,33
19038,1936,3,1,118.88,250.0,17.43,33
19040,2004,3,1,68.83,335.0,5.81,33
19041,2004,9,1,122.58,335.0,5.78,33
19043,2004,9,1,111.47,335.0,5.73,33
19045,2004,3,1,1103.66,335.0,5.61,33
19047,1998,9,1,86.0,335.0,5.46,33
19048,1999,3,1,163.52,335.0,5.41,33
19049,1933,3,1,129.26,335.0,5.38,33
19050,1933,3,1,142.91,335.0,5.34,33
19051,1933,3,1,92.32,335.0,5.29,33
19053,1943,9,1,184.12,335.0,5.25,33
19055,2007,6,1,107.58,335.0,5.22,33
19056,1900,6,1,148.36,335.0,5.17,33
19058,1933,6,1,72.96,65.0,8.34,33
19060,2019,6,1,117.55,65.0,7.41,33
19061,1957,3,1,114.17,65.0,7.43,33
19063,1967,12,1,106.16,65.0,7.44,33
19065,1912,9,1,103.13,65.0,7.46,33
19067,1953,3,1,112.26,65.0,7.47,33
19069,1910,3,1,145.26,65.0,7.48,33
19070,2019,9,1,155.52,65.0,7.49,33
19073,1956,9,1,251.26,65.0,7.51,33
19074,1994,3,1,120.8,65.0,7.54,33
19075,1895,6,1,80.86,65.0,7.55,33
19076,1919,3,1,122.09,65.0,7.56,33
19077,1931,3,1,109.96,170.0,14.01,33
19078,1926,3,1,64.33,165.0,13.99,33
19080,1994,3,1,75.37,165.0,13.97,33
19082,1923,6,1,92.41,165.0,13.96,33
19083,1960,6,1,103.25,165.0,13.97,33
19085,1951,6,1,81.97,165.0,13.95,33
19087,1886,3,1,104.79,165.0,13.94,33
19090,1920,3,1,66.73,165.0,13.94,33
19092,1931,3,1,91.48,165.0,13.92,33
19093,1917,3,1,102.06,165.0,82.0,33
19094,1952,6,1,77.26,165.0,13.93,33
19096,1916,6,1,79.09,165.0,13.93,33
19098,1946,3,1,103.99,165.0,13.93,33
19101,1928,6,1,96.54,165.0,13.95,33
19102,1900,9,1,101.55,165.0,13.95,33
19104,1935,3,1,97.49,165.0,13.96,33
19106,1953,9,1,97.08,165.0,13.97,33
19108,2023,9,1,68.73,165.0,13.97,33
19110,2007,6,1,86.58,165.0,13.98,33
19111,1931,9,1,84.65,165.0,13.99,33
19113,1951,3,1,98.85,165.0,14.0,33
19115,1920,3,1,94.35,165.0,14.0,33
19117,1935,3,1,129.56,250.0,7.91,33
19119,1930,3,1,84.0,250.0,7.91,33
19121,1927,6,1,81.34,250.0,7.91,33
19123,1931,6,1,111.75,250.0,7.91,33
19124,1976,6,1,88.74,250.0,7.91,33
19125,1995,3,1,143.16,250.0,7.91,33
19126,2015,9,1,66.27,250.0,7.91,33
19128,1931,3,1,74.78,250.0,7.91,33
19130,2000,9,1,45.45,335.0,5.1,33
19133,2002,3,1,476.54,65.0,28.15,33
19135,2003,6,1,714.58,250.0,7.82,33
19136,2008,6,1,942.31,335.0,7.75,33
19137,2010,6,1,124.9,335.0,7.83,33
19138,1945,3,1,92.42,65.0,7.55,33
19139,1910,3,1,91.2,65.0,7.58,33
19140,1950,3,1,93.35,65.0,7.61,33
19141,2022,9,1,405.04,65.0,7.79,33
19143,1945,3,1,104.22,155.0,5.36,33
19144,1992,9,1,397.39,250.0,7.97,33
19145,1950,3,1,208.2,250.0,8.47,33
19146,1945,6,1,104.0,155.0,5.4,33
19150,1995,6,1,267.76,250.0,8.06,33
19151,1901,3,1,146.32,345.0,5.75,33
19153,2009,9,1,174.56,345.0,5.71,33
19155,2018,6,1,205.88,345.0,5.67,33
19158,1909,6,1,127.62,345.0,5.63,33
19159,1923,3,1,236.37,345.0,5.61,33
19161,1931,3,1,366.78,345.0,5.57,33
19162,1957,6,1,129.07,345.0,5.49,33
19164,2012,3,1,122.31,65.0,8.13,33
19166,1941,3,1,136.26,65.0,7.84,33
19167,1952,3,1,129.33,65.0,7.54,33
19168,1943,3,1,116.71,65.0,12.81,33
19171,1941,3,1,122.5,65.0,32.65,33
19172,1941,3,1,151.84,65.0,6.68,33
19175,1930,3,1,133.65,65.0,6.77,33
19176,1931,3,1,106.69,65.0,6.86,33
19179,1900,9,1,69.92,65.0,6.9,33
19180,1880,3,1,126.05,65.0,6.94,33
19181,1929,3,1,68.71,65.0,6.99,33
19183,1943,3,1,59.55,65.0,7.04,33
19185,1904,3,1,208.22,65.0,7.09,33
19187,1931,3,1,54.81,65.0,7.15,33
19188,1904,3,1,164.82,155.0,7.77,33
19190,2003,3,1,312.94,155.0,7.84,33
19193,1987,9,1,227.7,65.0,29.4,33
19195,2004,9,1,3219.1,250.0,11.22,33
19196,1926,6,1,347.9,155.0,7.8,33
19200,1957,6,1,74.68,330.0,4.68,33
19203,1925,3,1,87.49,330.0,4.85,33
19204,1957,3,1,118.33,330.0,4.79,33
19205,1928,3,1,137.32,330.0,4.48,33
19208,1958,6,1,49.08,330.0,4.43,33
19211,1957,3,1,126.85,330.0,4.62,33
19213,1957,6,1,151.06,335.0,4.76,33
19216,1938,3,1,148.24,335.0,4.9,33
19219,1957,3,1,75.27,340.0,4.32,33
19221,1957,15,1,289.09,345.0,4.11,33
19226,1957,3,1,80.9,350.0,5.09,33
19228,1957,9,1,160.19,350.0,5.45,33
19230,1900,3,1,100.97,350.0,5.68,33
19231,1957,3,1,176.69,350.0,5.8,33
19234,1976,9,1,107.19,350.0,9.73,33
19235,1957,3,1,80.25,355.0,9.78,33
19237,1957,3,1,177.85,355.0,10.24,33
19241,1963,12,1,340.2,0.0,10.76,33
19243,1900,3,1,133.03,355.0,10.98,33
19245,1996,3,1,91.42,355.0,18.78,33
19247,1947,3,1,128.7,55.0,7.43,33
19249,1900,3,1,112.0,55.0,7.44,33
19251,1947,3,1,466.18,90.0,13.86,33
19255,1956,9,1,99.21,115.0,4.63,33
19256,1900,3,1,83.74,115.0,4.6,33
19263,1957,3,1,357.8,275.0,8.88,33
19265,1957,3,1,70.46,245.0,8.94,33
19267,1986,9,1,2004.9,245.0,6.68,60
19270,1957,9,1,77.7,245.0,6.08,33
19280,2001,9,1,183.71,330.0,4.77,33
19286,1947,3,1,86.58,305.0,4.84,33
19288,1947,12,1,218.47,305.0,4.89,33
19291,1947,3,1,109.04,305.0,4.97,33
19300,1947,3,1,1416.57,45.0,9.49,33
19301,2002,12,1,118.21,45.0,9.8,33
19304,1947,3,1,83.71,45.0,9.78,33
19307,1947,3,1,99.91,45.0,10.31,33
19309,1880,3,1,84.62,50.0,34.85,33
19311,1947,15,1,335.96,175.0,10.34,33
19313,1947,3,1,144.26,175.0,10.6,33
19316,1947,3,1,39.37,175.0,11.08,33
19317,2005,6,1,43.58,175.0,10.97,33
19320,1881,6,1,100.49,175.0,10.36,33
19324,1876,3,1,120.42,180.0,10.08,33
19326,1947,6,1,67.51,175.0,10.15,33
19328,1980,12,1,794.89,165.0,7.4,33
19330,1947,3,1,146.62,165.0,5.26,33
19331,1947,12,1,75.6,165.0,4.92,33
19334,1947,3,1,114.78,165.0,4.64,33
19337,1947,3,1,159.79,150.0,4.98,33
19338,1918,3,1,112.69,150.0,4.65,33
19340,1900,3,1,108.54,150.0,4.63,33
19341,1880,3,1,23.62,245.0,3.4,33
19344,1947,6,1,96.3,245.0,3.58,33
19346,1947,9,1,125.89,245.0,3.81,33
19349,1926,9,1,75.15,245.0,4.0,33
19351,1951,9,1,220.58,245.0,4.26,33
19353,1967,12,1,155.12,245.0,4.52,33
19355,1947,6,1,101.73,245.0,4.65,33
19356,1947,3,1,164.15,245.0,4.89,33
19357,1947,3,1,159.77,245.0,5.27,33
19359,1930,3,1,162.07,245.0,5.62,33
19362,1947,3,1,53.3,235.0,5.36,33
19364,1905,6,1,376.4,305.0,28.0,33
19365,2009,9,1,579.06,40.0,9.32,33
19369,1994,9,1,135.05,310.0,37.55,33
19377,1979,12,1,411.53,40.0,13.85,33
19379,1961,9,1,136.86,340.0,43.83,33
19381,1928,3,1,118.31,75.0,5.21,33
19382,1927,3,1,240.84,75.0,5.13,33
19384,1988,6,1,131.41,75.0,5.12,33
19385,1947,3,1,127.75,75.0,5.14,33
19387,1942,9,1,71.36,75.0,5.15,33
19388,1943,12,1,83.97,80.0,32.86,33
19391,2012,12,1,76.66,95.0,9.21,33
19393,1983,9,1,701.92,90.0,7.21,33
19395,1976,9,1,205.93,345.0,22.58,33
19399,1930,3,1,118.33,240.0,3.36,33
19403,1957,6,1,113.16,90.0,5.31,33
19404,1965,9,1,118.93,90.0,25.25,33
19406,1946,3,1,166.61,90.0,5.54,33
19408,1978,6,1,123.94,85.0,5.56,33
19409,1977,12,1,370.84,225.0,9.59,33
19411,1979,12,1,367.04,225.0,9.26,33
19412,1979,12,1,349.41,225.0,9.18,33
19413,1979,12,1,347.54,225.0,9.2,33
19414,1979,12,1,356.65,225.0,9.31,33
19417,1979,12,1,353.62,225.0,12.46,33
19423,2007,9,1,95.87,240.0,3.47,33
19430,1900,6,1,175.82,335.0,32.37,33
19432,1969,15,1,166.36,330.0,10.02,33
19436,1991,6,1,151.41,350.0,6.99,33
19439,1910,3,1,150.07,350.0,6.91,33
19440,1934,3,1,106.56,350.0,6.89,33
19441,1936,6,1,91.0,350.0,6.89,33
19442,1904,3,1,146.92,350.0,6.89,33
19444,1972,15,1,334.94,110.0,12.04,33
19452,2020,12,1,91.13,120.0,10.01,33
19455,2023,15,1,298.0,115.0,9.94,33
19457,1970,12,1,135.07,115.0,4.8,33
19459,1972,15,1,177.81,115.0,10.63,33
19460,1972,6,1,73.5,115.0,32.56,33
19462,1936,6,1,99.58,125.0,25.15,33
19464,1936,3,1,97.14,125.0,22.48,33
19466,1936,3,1,70.88,120.0,22.32,33
19472,1922,9,1,136.94,255.0,5.18,33
19475,1956,9,1,136.47,255.0,5.2,33
19476,1895,3,1,89.54,255.0,5.22,33
19479,1950,3,1,125.44,255.0,5.26,33
19480,1997,6,1,98.34,255.0,5.27,33
19482,1987,3,1,112.48,255.0,5.28,33
19483,2006,6,1,89.84,250.0,5.3,33
19484,1900,3,1,126.91,255.0,5.3,33
19485,1930,6,1,87.58,250.0,5.32,33
19488,1945,12,1,144.9,255.0,5.3,33
19490,1900,6,1,120.71,255.0,5.3,33
19491,1900,6,1,135.74,255.0,5.31,33
19493,2000,12,1,557.68,255.0,5.37,33
19494,1900,3,1,92.04,255.0,5.43,33
19495,1900,6,1,85.72,255.0,5.47,33
19496,1900,3,1,100.68,255.0,5.5,33
19497,1952,3,1,96.37,255.0,5.52,33
19499,1935,6,1,112.9,255.0,5.53,33
19501,1900,3,1,222.67,255.0,5.15,33
19503,1936,3,1,104.28,255.0,5.42,33
19504,1997,3,1,175.15,255.0,5.45,33
19508,2006,9,1,185.86,115.0,9.89,33
19509,2021,9,1,131.47,350.0,6.88,33
19511,2021,9,1,126.45,350.0,6.88,33
19513,1930,9,1,78.0,345.0,5.52,33
19516,2009,9,1,1842.95,35.0,16.03,60
19519,2001,6,1,203.12,80.0,8.66,33
19521,1954,12,1,464.1,80.0,8.67,33
19524,1902,6,1,144.46,80.0,8.67,33
19525,1984,3,1,176.67,170.0,6.87,33
19526,1890,3,1,51.72,170.0,6.93,33
19527,1927,3,1,74.32,170.0,6.94,33
19528,1910,3,1,67.0,170.0,6.95,33
19529,1890,6,1,77.65,170.0,6.96,33
19530,1900,3,1,63.12,170.0,6.98,33
19532,1900,3,1,78.43,170.0,6.99,33
19533,1900,6,1,86.15,170.0,25.25,33
19535,1991,6,1,257.04,255.0,5.17,33
19537,1957,15,1,493.54,255.0,5.33,33
19538,1900,3,1,90.81,255.0,5.41,33
19539,1991,6,1,252.66,255.0,5.23,33
19541,2018,6,1,109.74,170.0,6.87,33
19544,2019,9,1,141.63,170.0,6.87,33
19547,2019,6,1,140.06,170.0,6.88,33
19550,2018,6,1,142.67,170.0,6.88,33
19553,2019,6,1,140.98,170.0,6.88,33
19556,2018,6,1,126.76,170.0,6.89,33
19558,2018,6,1,144.01,170.0,6.89,33
19561,2018,6,1,121.1,170.0,6.91,33
19564,2008,9,1,294.13,340.0,15.08,33
19567,1880,3,1,57.1,340.0,5.87,33
19568,1880,6,1,52.75,340.0,5.88,33
19570,1900,3,1,56.32,340.0,5.88,33
19571,1903,3,1,61.6,340.0,5.88,33
19573,1982,6,1,408.67,80.0,17.31,33
19574,1934,6,1,108.1,80.0,8.09,33
19576,1953,6,1,270.35,80.0,9.19,33
19577,1897,6,1,156.53,80.0,10.42,33
19578,1930,3,1,101.89,165.0,5.58,33
19579,1926,3,1,98.77,165.0,5.58,33
19580,1927,3,1,109.84,165.0,5.57,33
19581,1928,3,1,100.0,165.0,5.56,33
19582,1996,3,1,1254.22,165.0,5.54,33
19583,2001,6,1,203.65,80.0,8.55,33
19585,1990,9,1,858.73,0.0,18.16,33
19586,1990,3,1,80.71,90.0,14.58,33
19587,1990,3,1,87.04,90.0,31.38,33
19589,1990,3,1,81.69,90.0,66.29,33
19590,1990,3,1,86.17,90.0,116.78,33
19591,1990,3,1,82.27,90.0,17.35,33
19592,1990,3,1,88.96,90.0,19.07,33
19593,1990,3,1,84.73,90.0,20.1,33
19594,1990,3,1,80.49,90.0,20.4,33
19595,1990,3,1,85.71,90.0,20.24,33
19596,1990,3,1,84.65,90.0,20.38,33
19597,1990,3,1,83.74,90.0,20.78,33
19598,1990,3,1,85.33,90.0,20.33,33
19601,1990,3,1,78.27,270.0,10.01,33
19602,1990,3,1,69.48,270.0,10.02,33
19603,1990,3,1,75.33,270.0,10.04,33
19604,1990,3,1,69.24,270.0,10.06,33
19605,1990,3,1,71.48,270.0,10.08,33
19606,1990,3,1,74.35,270.0,10.1,33
19607,1990,3,1,69.46,270.0,10.08,33
19608,1990,3,1,74.78,270.0,10.04,33
19609,1990,3,1,78.99,270.0,9.99,33
19610,1990,3,1,72.79,270.0,9.96,33
19611,1990,3,1,69.48,270.0,9.91,33
19612,1990,3,1,71.52,270.0,9.88,33
19613,1990,3,1,116.9,270.0,9.83,33
19614,1990,3,1,72.15,270.0,9.79,33
19617,1968,9,1,120.39,350.0,73.85,33
19620,1930,3,1,73.69,350.0,78.59,33
19622,1930,3,1,94.94,350.0,28.45,33
19623,1960,6,1,121.01,350.0,10.91,33
19625,1970,12,1,306.05,350.0,10.91,33
19626,1970,12,1,302.28,350.0,10.89,33
19627,1975,12,1,556.55,350.0,10.87,33
19628,1960,3,1,143.26,350.0,10.85,33
19629,1965,6,1,118.02,350.0,10.85,33
19630,1950,3,1,254.29,350.0,25.46,33
19631,1930,3,1,270.46,85.0,9.88,33
19635,1965,18,1,349.88,140.0,18.97,33
19637,1971,15,1,527.03,180.0,13.72,33
19638,1930,3,1,193.48,180.0,14.39,33
19639,2003,3,1,56.47,180.0,14.41,33
19640,1943,3,1,341.8,180.0,14.43,33
19641,1985,9,1,287.54,270.0,12.03,33
19643,1970,21,1,348.95,350.0,27.42,33
19648,1960,15,1,172.65,350.0,11.86,33
19649,1972,3,1,205.78,350.0,11.72,33
19651,2010,9,1,539.89,170.0,13.98,33
19655,1970,15,1,243.02,170.0,10.68,33
19656,1980,12,1,374.95,350.0,11.85,33
19657,1998,12,1,355.36,270.0,15.72,33
19659,1982,9,1,309.69,355.0,9.81,33
19660,1984,9,1,425.07,355.0,9.79,33
19661,1950,9,1,178.88,355.0,9.76,33
19662,1938,3,1,147.88,355.0,9.75,33
19663,2007,6,1,158.33,355.0,9.74,33
19665,1979,15,1,199.02,80.0,125.84,33
19666,1980,9,1,417.68,85.0,9.93,33
19667,1980,12,1,402.94,85.0,9.82,33
19671,1959,3,1,152.85,85.0,9.53,33
19674,1938,3,1,97.23,85.0,9.47,33
19675,1991,9,1,182.15,175.0,11.95,33
19676,1938,3,1,149.87,170.0,11.85,33
19677,1978,6,1,101.48,170.0,11.86,33
19681,1980,12,1,155.09,170.0,11.85,33
19682,1930,3,1,150.49,230.0,21.84,33
19683,1993,3,1,148.18,270.0,11.59,33
19684,1990,9,1,209.86,270.0,11.6,33
19686,1930,6,1,86.31,270.0,11.66,33
19687,1930,6,1,133.37,270.0,11.66,33
19689,2004,9,1,119.35,270.0,11.68,33
19690,2020,15,1,467.04,270.0,11.63,33
19702,2008,3,1,1923.2,85.0,19.08,60
19704,2020,15,1,123.41,355.0,11.59,33
19707,2018,15,1,104.69,355.0,11.55,33
19711,2002,6,1,101.04,355.0,11.48,33
19712,1930,6,1,150.68,90.0,12.02,33
19713,1940,6,1,146.42,85.0,12.04,33
19714,1940,3,1,115.58,85.0,12.05,33
19716,1997,3,1,97.36,175.0,11.8,33
19717,2014,12,1,94.75,175.0,11.62,33
19720,2000,6,1,83.05,180.0,11.54,33
19722,1998,9,1,163.67,225.0,22.4,33
19725,1999,3,1,64.1,265.0,12.24,33
19726,1998,3,1,137.85,265.0,12.2,33
19727,1997,3,1,90.34,265.0,12.16,33
19728,1999,3,1,193.93,15.0,53.59,33
19729,1997,3,1,99.48,0.0,11.45,33
19730,2004,9,1,77.2,355.0,11.43,33
19731,1999,3,1,85.75,355.0,11.4,33
19732,2004,9,1,107.7,0.0,11.38,33
19733,2001,6,1,329.88,90.0,12.02,33
19735,2006,6,1,371.14,130.0,45.63,33
19737,2019,18,1,1419.35,90.0,44.98,33
19739,2007,30,1,1380.13,180.0,33.82,33
19740,2008,18,1,1110.84,90.0,59.32,33
19742,2008,18,1,804.65,85.0,87.17,33
19744,2008,18,1,598.66,180.0,24.33,33
19745,2006,18,1,565.46,90.0,29.51,33
19746,2006,18,1,797.58,90.0,52.2,33
19747,1935,3,1,74.37,350.0,9.92,33
19748,2020,9,1,202.96,350.0,9.93,33
19752,2020,6,1,79.32,350.0,9.92,33
19754,1925,6,1,88.91,350.0,9.92,33
19757,1925,3,1,110.81,350.0,9.92,33
19758,1989,3,1,65.16,350.0,9.93,33
19759,1925,6,1,75.08,350.0,9.93,33
19761,1930,3,1,159.73,350.0,9.93,33
19763,1925,3,1,119.54,85.0,9.84,33
19765,1951,9,1,123.27,85.0,9.85,33
19767,1957,3,1,122.89,85.0,9.85,33
19769,1930,6,1,127.67,85.0,9.85,33
19770,1978,9,1,489.11,85.0,9.86,33
19773,1950,3,1,97.74,85.0,9.88,33
19774,1996,3,1,107.02,85.0,9.88,33
19775,2016,9,1,74.78,85.0,9.88,33
19777,1998,3,1,83.9,170.0,9.8,33
19778,1931,3,1,73.16,170.0,9.8,33
19779,1996,3,1,75.15,170.0,9.8,33
19780,1970,12,1,122.99,165.0,9.8,33
19781,1954,3,1,103.37,170.0,9.79,33
19783,1930,3,1,127.5,170.0,9.79,33
19785,1930,3,1,107.62,170.0,9.79,33
19786,1925,6,1,79.75,170.0,9.79,33
19787,1998,9,1,854.37,350.0,66.22,33
19790,1960,3,1,63.96,250.0,77.15,33
19791,1963,12,1,71.76,250.0,43.28,33
19792,1958,12,1,53.32,250.0,20.05,33
19794,1955,3,1,104.96,250.0,19.99,33
19795,2021,9,1,87.03,265.0,9.84,33
19797,1965,3,1,79.08,265.0,9.82,33
19798,1930,3,1,102.11,265.0,9.8,33
19800,1947,3,1,96.0,265.0,9.78,33
19802,1991,3,1,63.29,265.0,9.76,33
19805,2006,9,1,196.87,170.0,9.93,33
19807,2006,9,1,339.53,270.0,47.1,33
19812,1992,6,1,1632.44,265.0,10.67,33
19814,1910,3,1,77.64,350.0,8.42,33
19815,1920,3,1,65.53,350.0,8.51,33
19816,1920,3,1,60.01,350.0,8.57,33
19817,1920,3,1,63.83,350.0,8.62,33
19818,1910,3,1,64.25,350.0,8.68,33
19819,1920,3,1,68.93,350.0,8.74,33
19820,1968,3,1,74.2,350.0,27.59,33
19821,1945,3,1,117.89,75.0,7.67,33
19822,1940,3,1,99.38,75.0,7.67,33
19823,1910,3,1,87.94,75.0,7.67,33
19824,1910,3,1,89.84,75.0,7.66,33
19825,1910,3,1,98.64,75.0,7.66,33
19826,1880,6,1,99.21,75.0,7.66,33
19828,1945,3,1,67.18,75.0,7.66,33
19829,2017,6,1,62.93,75.0,7.65,33
19830,1991,3,1,67.23,75.0,7.64,33
19832,1940,3,1,73.61,75.0,7.64,33
19833,1940,3,1,85.7,75.0,7.64,33
19835,2022,9,1,86.27,75.0,7.64,33
19837,1930,3,1,75.98,75.0,7.64,33
19838,1920,3,1,94.84,170.0,8.25,33
19839,1930,3,1,210.35,170.0,8.21,33
19841,1920,3,1,55.19,265.0,9.87,33
19842,1920,3,1,56.62,265.0,9.89,33
19843,2020,12,1,84.59,265.0,9.79,33
19846,2020,12,1,84.6,265.0,9.82,33
19849,2020,12,1,84.6,265.0,9.84,33
19853,1993,3,1,252.09,75.0,7.76,33
19856,2019,9,1,156.23,75.0,7.74,33
19859,1930,9,1,107.57,75.0,7.74,33
19861,1930,9,1,66.18,75.0,7.73,33
19863,1930,3,1,97.32,75.0,7.72,33
19864,1930,3,1,100.35,75.0,7.72,33
19866,1930,3,1,122.99,75.0,7.68,33
19867,1930,3,1,108.23,75.0,7.67,33
19868,1940,9,1,192.41,75.0,7.66,33
19870,1940,9,1,88.17,75.0,7.65,33
19871,1940,12,1,182.51,75.0,7.64,33
19872,1903,3,1,132.58,75.0,7.63,33
19873,1973,9,1,174.36,170.0,8.62,33
19874,1958,3,1,151.42,170.0,8.43,33
19876,1920,3,1,113.42,170.0,8.46,33
19877,1946,6,1,108.72,170.0,8.49,33
19879,1940,3,1,120.27,170.0,8.52,33
19880,1921,3,1,112.77,170.0,8.57,33
19881,1943,3,1,111.29,170.0,8.6,33
19882,1977,9,1,110.72,170.0,8.63,33
19884,1900,3,1,94.54,170.0,8.67,33
19885,1990,9,1,136.69,170.0,8.7,33
19888,1910,6,1,81.99,345.0,13.92,33
19889,1910,3,1,58.93,345.0,13.94,33
19891,1910,3,1,156.75,345.0,13.98,33
19893,1910,3,1,140.21,345.0,14.01,33
19896,1939,3,1,252.14,345.0,23.91,33
19897,1910,6,1,80.36,160.0,6.25,33
19899,1980,3,1,663.08,255.0,6.97,33
19902,2008,9,1,258.85,345.0,14.0,33
19904,1970,12,1,153.97,345.0,13.06,33
19905,1921,3,1,129.42,345.0,11.18,33
19907,1932,3,1,61.44,345.0,10.26,33
19908,1965,3,1,164.97,345.0,9.43,33
19911,1935,3,1,113.82,155.0,5.5,33
19912,1950,3,1,111.77,245.0,7.82,33
19913,1920,3,1,83.96,245.0,7.77,33
19914,2012,9,1,105.26,245.0,7.75,33
19915,1900,6,1,151.81,245.0,7.71,33
19918,2020,6,1,211.4,245.0,7.59,33
19919,1979,6,1,69.13,245.0,7.55,33
19921,1951,9,1,91.03,245.0,27.14,33
19923,1940,6,1,122.56,245.0,102.17,33
19925,1945,3,1,145.16,245.0,7.29,33
19926,1968,9,1,113.52,245.0,7.25,33
19928,1889,3,1,88.33,245.0,7.2,33
19929,1960,3,1,102.77,245.0,7.15,33
19931,1960,9,1,169.28,245.0,7.09,33
19934,1930,3,1,406.25,245.0,7.0,33
19935,1937,6,1,119.67,80.0,0.0,33
19937,1925,9,1,196.07,245.0,6.84,33
19939,1955,9,1,88.41,80.0,0.0,33
19942,1936,6,1,218.54,245.0,6.72,33
19943,2022,9,1,83.88,345.0,8.26,33
19947,2022,9,1,84.19,345.0,7.68,33
19950,1990,6,1,190.88,245.0,7.4,33
19952,1932,12,1,163.6,245.0,7.51,33
19953,2023,9,1,103.9,245.0,7.5,33
19955,1900,6,1,114.03,245.0,7.45,33
19957,1940,6,1,177.57,245.0,7.43,33
19958,1900,3,1,105.43,245.0,7.42,33
19959,1900,6,1,125.27,245.0,7.41,33
19962,2008,9,1,354.56,335.0,5.6,33
19964,2009,15,1,750.15,335.0,0.0,33
19966,2008,15,1,710.46,85.0,0.0,33
19969,2010,15,1,384.72,155.0,5.59,33
19970,2011,6,1,682.46,155.0,5.69,33
19974,2010,12,1,291.29,155.0,5.71,33
19977,2005,12,1,1840.54,260.0,6.52,33
19980,2007,6,1,523.59,20.0,14.1,60
19983,2006,15,1,604.26,85.0,18.32,33
19988,2006,12,1,1274.57,85.0,18.6,33
19991,2007,24,1,903.32,265.0,0.0,33
19992,2004,15,1,1276.86,170.0,8.25,33
19995,2005,12,1,1083.75,260.0,68.12,33
20002,2003,3,1,857.17,155.0,0.0,33
20005,2004,30,1,1392.74,350.0,21.65,33
20008,1900,3,1,260.47,275.0,18.46,33
20009,1900,6,1,101.5,5.0,7.18,33
20010,1965,6,1,205.91,5.0,7.18,33
20012,1958,12,1,88.46,5.0,7.14,33
20013,1960,12,1,266.55,5.0,7.1,33
20014,1936,3,1,95.8,5.0,7.04,33
20016,1927,6,1,110.96,5.0,6.98,33
20017,1900,3,1,157.55,175.0,8.05,33
20019,1996,3,1,68.19,175.0,8.79,33
20020,1980,3,1,90.87,170.0,8.93,33
20024,1992,6,1,478.95,250.0,9.23,33
20025,1905,3,1,176.08,250.0,22.63,33
20026,1931,3,1,94.32,250.0,8.72,33
20028,1930,3,1,129.17,250.0,8.59,33
20029,2003,6,1,201.4,250.0,8.37,33
20030,2000,3,1,158.83,250.0,8.24,33
20032,1930,3,1,130.14,250.0,8.14,33
20033,1930,3,1,209.92,250.0,8.0,33
20034,2011,12,1,101.91,250.0,7.96,33
20039,1900,9,1,94.91,250.0,7.75,33
20041,1992,6,1,296.69,250.0,7.1,33
20044,2007,12,1,277.92,80.0,6.61,33
20046,1958,3,1,222.35,80.0,6.74,33
20047,2004,9,1,250.07,80.0,6.71,33
20049,1987,6,1,358.69,80.0,6.68,33
20052,1890,3,1,151.22,80.0,6.63,33
20054,1900,3,1,168.8,80.0,6.6,33
20057,1900,6,1,136.97,260.0,5.74,33
20058,1900,3,1,177.39,260.0,6.21,33
20060,1980,9,1,287.12,80.0,6.53,33
20061,1896,9,1,89.45,265.0,6.74,33
20064,1979,9,1,779.94,270.0,8.65,33
20065,1998,6,1,292.48,270.0,20.34,33
20067,1936,12,1,245.06,275.0,14.84,33
20070,1997,9,1,115.55,80.0,18.46,33
20072,2000,9,1,627.77,75.0,29.68,33
20073,1900,9,1,292.01,265.0,6.84,33
20075,2007,6,1,339.97,85.0,6.51,33
20077,2014,12,1,75.1,80.0,6.55,33
20080,1994,9,1,95.23,250.0,6.73,33
20083,1942,9,1,238.08,50.0,6.45,33
20085,2006,12,1,84.11,50.0,6.2,33
20087,1942,3,1,105.53,50.0,6.22,33
20088,1918,6,1,194.36,50.0,6.17,33
20090,1991,6,1,398.19,200.0,14.03,33
20091,1942,6,1,167.81,50.0,5.95,33
20092,1942,3,1,165.03,50.0,5.88,33
20094,1910,6,1,103.0,50.0,5.74,33
20095,2005,6,1,141.37,295.0,4.75,33
20098,1979,3,1,479.66,215.0,66.86,33
20099,1997,6,1,337.4,295.0,4.59,33
20100,2004,3,1,78.35,200.0,14.09,33
20102,1992,12,1,72.76,200.0,14.07,33
20104,2000,6,1,131.89,50.0,5.77,33
20106,2000,3,1,65.05,200.0,14.14,33
20108,2020,15,1,602.19,295.0,9.21,60
20111,2020,15,1,290.16,195.0,60.28,33
20114,1989,3,1,98.84,255.0,5.19,33
20115,1959,9,1,58.41,335.0,5.04,33
20116,1940,3,1,89.41,335.0,5.0,33
20117,1975,9,1,90.97,335.0,4.91,33
20119,1939,3,1,65.35,335.0,4.85,33
20121,1939,3,1,81.51,335.0,4.78,33
20122,1939,3,1,92.91,335.0,4.73,33
20123,1940,3,1,125.86,335.0,4.59,33
20125,1911,3,1,174.32,160.0,7.88,33
20127,1940,3,1,65.66,160.0,7.79,33
20129,1940,3,1,107.72,335.0,4.35,33
20130,1940,3,1,93.32,335.0,4.28,33
20131,2014,12,1,68.44,160.0,7.61,33
20133,1939,3,1,81.02,160.0,7.69,33
20136,1935,3,1,48.41,160.0,7.97,33
20137,1939,6,1,75.53,160.0,8.04,33
20139,1970,9,1,125.55,160.0,8.32,33
20141,1935,3,1,88.91,160.0,8.38,33
20142,1939,3,1,68.58,160.0,8.45,33
20144,1939,3,1,64.86,160.0,8.47,33
20146,1958,9,1,157.77,160.0,8.57,33
20147,1939,3,1,114.9,335.0,4.44,33
20150,2009,9,1,275.75,160.0,7.73,33
20152,2016,9,1,329.74,65.0,5.35,33
20156,1951,3,1,117.79,340.0,7.62,33
20157,1921,3,1,153.09,340.0,7.74,33
20159,1920,3,1,87.26,75.0,4.93,33
20160,1931,3,1,50.42,75.0,4.87,33
20163,1922,3,1,269.31,165.0,5.62,33
20164,1931,3,1,57.14,75.0,4.9,33
20166,1910,3,1,66.31,325.0,10.08,33
20168,1910,3,1,43.73,330.0,9.9,33
20170,1900,3,1,38.33,330.0,9.82,33
20172,1950,12,1,142.24,325.0,9.88,33
20174,1984,9,1,83.2,325.0,9.93,33
20175,1963,12,1,133.32,325.0,10.04,33
20178,1940,3,1,207.96,315.0,10.28,33
20179,1880,3,1,135.92,325.0,10.15,33
20180,1910,3,1,141.65,325.0,10.16,33
20182,1910,6,1,110.19,325.0,10.2,33
20185,1940,12,1,102.64,325.0,10.43,33
20188,1956,9,1,80.57,325.0,10.57,33
20189,1890,3,1,81.39,145.0,8.23,33
20190,1890,9,1,70.46,145.0,3.73,33
20191,1970,9,1,95.47,145.0,3.68,33
20194,1890,3,1,69.49,145.0,3.62,33
20195,1920,6,1,76.32,145.0,3.7,33
20196,1989,3,1,59.53,145.0,3.82,33
20197,1963,3,1,84.65,145.0,3.91,33
20200,1920,3,1,110.82,145.0,4.02,33
20201,1920,3,1,56.08,250.0,2.82,33
20202,1930,3,1,57.01,255.0,2.83,33
20203,1930,3,1,61.05,250.0,2.85,33
20205,1979,12,1,496.25,240.0,14.96,33
20206,1900,3,1,128.67,155.0,4.83,33
20207,1938,3,1,74.87,325.0,3.66,33
20208,1984,3,1,99.64,155.0,4.57,33
20210,1945,3,1,91.84,325.0,3.6,33
20211,1940,3,1,79.82,325.0,3.59,33
20212,1933,3,1,100.06,325.0,3.59,33
20214,1929,6,1,200.95,325.0,3.64,33
20215,1938,3,1,73.94,155.0,4.33,33
20216,1990,3,1,79.72,155.0,4.42,33
20217,2007,9,1,64.18,155.0,4.51,33
20220,1922,6,1,284.01,155.0,4.74,33
20221,1967,15,1,234.57,245.0,11.91,33
20223,1916,9,1,72.91,335.0,6.15,33
20224,1948,9,1,105.67,335.0,6.04,33
20228,2021,9,1,107.76,335.0,5.75,33
20230,1917,3,1,116.76,335.0,5.64,33
20231,1970,12,1,430.79,335.0,5.58,33
20233,1968,12,1,104.59,155.0,10.8,33
20234,1988,3,1,105.35,155.0,10.71,33
20235,2005,9,1,290.56,155.0,10.59,33
20236,1990,3,1,441.5,335.0,5.27,33
20237,1880,3,1,43.02,65.0,5.76,33
20238,1902,6,1,305.09,155.0,36.45,33
20239,1880,9,1,314.93,80.0,41.14,33
20240,1963,15,1,289.57,155.0,10.84,33
20241,1978,6,1,142.19,145.0,10.19,33
20243,1990,3,1,184.45,150.0,9.86,33
20246,1987,3,1,117.63,145.0,9.6,33
20248,1978,12,1,138.38,140.0,10.46,33
20250,1939,3,1,103.32,140.0,10.26,33
20251,1967,21,1,256.93,155.0,11.92,33
20252,1967,21,1,382.27,245.0,8.25,33
20253,1988,3,1,85.16,330.0,5.26,33
20255,1880,3,1,44.71,65.0,5.74,33
20256,1997,3,1,93.86,330.0,5.5,33
20261,1966,18,1,232.67,145.0,10.16,33
20262,1900,3,1,103.12,145.0,10.15,33
20263,1900,3,1,131.29,145.0,10.14,33
20265,1900,3,1,57.62,145.0,10.0,33
20266,1940,6,1,223.57,145.0,9.84,33
20270,1984,9,1,78.53,295.0,9.97,33
20272,1969,12,1,353.34,150.0,10.1,33
20275,1970,12,1,145.93,220.0,55.88,33
20276,1968,18,1,313.75,295.0,9.42,33
20278,1962,9,1,80.03,295.0,4.74,33
20281,1962,9,1,79.77,295.0,4.82,33
20284,2019,12,1,92.55,295.0,4.87,33
20288,2003,3,1,50.97,295.0,5.09,33
20290,1900,3,1,77.16,295.0,5.16,33
20291,1930,3,1,83.54,295.0,9.05,33
20294,2002,3,1,162.69,335.0,30.63,33
20297,1890,3,1,88.37,335.0,5.78,33
20298,1900,3,1,91.62,335.0,5.72,33
20299,1880,3,1,135.6,335.0,5.67,33
20300,1892,9,1,327.08,335.0,5.56,33
20303,2006,3,1,283.22,65.0,5.92,33
20304,1970,12,1,228.77,65.0,5.83,33
20306,2008,3,1,162.07,65.0,5.78,33
20307,1900,3,1,93.31,65.0,5.7,33
20308,1900,3,1,70.37,155.0,5.3,33
20309,1900,3,1,110.08,155.0,5.57,33
20311,1975,6,1,91.1,155.0,5.6,33
20315,1988,3,1,104.96,155.0,5.8,33
20317,1964,9,1,176.95,225.0,34.08,33
20321,1960,12,1,118.71,285.0,20.45,33
20324,1988,3,1,97.53,155.0,6.08,33
20325,2010,9,1,489.09,335.0,5.41,33
20327,2012,12,1,192.22,285.0,42.33,33
20331,1972,33,1,406.66,260.0,9.47,33
20333,1969,36,1,221.1,345.0,5.84,33
20334,1973,36,1,246.96,35.0,33.97,33
20336,1880,3,1,296.35,105.0,9.77,33
20338,1891,3,1,109.99,105.0,9.8,33
20339,1880,3,1,99.1,105.0,9.82,33
20341,1986,15,1,128.48,105.0,15.56,33
20343,1978,3,1,253.73,105.0,12.24,33
20347,1930,3,1,171.86,285.0,9.51,33
20349,1900,3,1,104.31,285.0,9.41,33
20351,1996,6,1,994.4,155.0,5.47,33
20352,1976,12,1,306.61,270.0,10.34,33
20353,1970,18,1,362.46,285.0,9.66,33
20354,1887,3,1,95.76,285.0,9.53,33
20355,1890,3,1,61.6,285.0,9.51,33
20356,1900,3,1,83.41,285.0,9.5,33
20357,2016,6,1,82.68,285.0,9.48,33
20359,1930,9,1,94.0,285.0,9.47,33
20361,1900,3,1,104.29,285.0,9.43,33
20362,1988,3,1,108.83,345.0,26.71,33
20365,1905,12,1,178.29,165.0,17.18,33
20367,1930,3,1,131.57,260.0,8.41,33
20370,1932,9,1,116.02,260.0,8.44,33
20371,1905,3,1,90.75,260.0,8.48,33
20373,1905,6,1,103.29,260.0,8.52,33
20375,1988,3,1,112.28,345.0,5.65,33
20377,1988,3,1,115.56,350.0,5.67,33
20379,1988,6,1,92.86,345.0,5.61,33
20381,2000,3,1,101.5,165.0,5.85,33
20383,2001,9,1,252.8,50.0,18.38,33
20384,1905,3,1,159.18,105.0,9.55,33
20386,1965,18,1,560.16,260.0,9.14,33
20388,1990,3,1,80.12,345.0,5.85,33
20389,1900,3,1,117.07,340.0,5.87,33
20390,2018,12,1,83.85,345.0,5.88,33
20392,2017,12,1,56.11,340.0,5.88,33
20394,1983,3,1,113.96,340.0,5.88,33
20397,2005,9,1,214.9,105.0,9.64,33
20400,1973,3,1,466.7,260.0,8.52,33
20401,1990,3,1,78.57,345.0,5.82,33
20402,1990,3,1,80.54,345.0,5.78,33
20403,1990,3,1,82.81,345.0,5.74,33
20404,1990,3,1,108.48,345.0,5.7,33
20405,1988,6,1,170.08,105.0,9.48,33
20408,1915,3,1,90.7,340.0,7.79,33
20410,1991,12,1,161.68,340.0,7.8,33
20414,1991,3,1,97.47,340.0,7.8,33
20415,1914,3,1,85.65,340.0,7.8,33
20416,2013,12,1,92.28,340.0,7.81,33
20420,1885,3,1,92.95,340.0,7.81,33
20421,1936,3,1,110.3,340.0,7.81,33
20422,1954,3,1,104.5,340.0,7.81,33
20423,1936,3,1,91.22,340.0,7.82,33
20425,1936,3,1,81.72,340.0,7.82,33
20426,1898,3,1,96.89,340.0,7.82,33
20428,1886,3,1,114.91,340.0,7.83,33
20429,1987,6,1,89.22,340.0,7.83,33
20430,1974,6,1,85.08,340.0,7.83,33
20432,1919,3,1,118.71,340.0,7.83,33
20434,1999,15,1,1285.15,30.0,12.94,33
20436,1963,9,1,852.08,105.0,9.55,33
20439,2002,9,1,344.35,105.0,9.52,33
20440,1917,3,1,88.15,160.0,5.88,33
20441,1900,3,1,80.63,160.0,5.88,33
20443,1900,6,1,84.67,160.0,5.87,33
20445,1908,3,1,98.07,165.0,5.88,33
20447,1936,3,1,108.54,160.0,5.88,33
20448,1910,6,1,68.27,165.0,5.87,33
20449,1900,6,1,75.26,160.0,5.87,33
20452,1919,3,1,231.97,260.0,8.26,33
20453,1936,3,1,97.66,260.0,8.13,33
20454,1936,3,1,92.96,260.0,8.2,33
20455,1900,6,1,67.99,260.0,8.23,33
20456,1900,3,1,83.81,260.0,8.31,33
20457,1974,9,1,72.57,260.0,8.36,33
20459,1936,3,1,99.79,260.0,8.41,33
20460,1991,3,1,174.62,345.0,7.8,33
20461,2004,9,1,427.83,105.0,9.53,33
20463,2007,12,1,562.04,315.0,118.0,33
20464,1928,9,1,82.89,10.0,50.24,33
20466,1900,3,1,100.02,10.0,50.65,33
20467,1900,3,1,95.62,10.0,51.61,33
20468,1900,3,1,84.36,10.0,53.53,33
20469,1900,12,1,110.16,10.0,54.04,33
20470,1966,3,1,129.78,10.0,54.08,33
20471,1900,3,1,96.62,5.0,54.21,33
20472,1970,9,1,127.55,90.0,72.56,33
20473,1910,3,1,103.61,160.0,7.81,33
20474,1900,3,1,122.38,160.0,7.81,33
20476,1900,3,1,132.6,160.0,7.8,33
20478,2001,3,1,69.69,160.0,7.8,33
20479,1937,3,1,97.32,160.0,7.81,33
20480,1900,3,1,81.87,160.0,7.8,33
20481,1900,3,1,141.04,160.0,7.79,33
20482,1930,3,1,361.56,160.0,7.8,33
20485,1992,6,1,349.68,260.0,61.25,33
20486,1933,3,1,89.47,260.0,12.19,33
20487,1997,3,1,85.26,260.0,12.19,33
20488,1915,3,1,85.66,260.0,12.18,33
20489,1900,3,1,92.5,260.0,12.18,33
20490,1900,9,1,77.25,260.0,12.18,33
20492,1900,3,1,87.19,260.0,12.17,33
20493,1940,9,1,71.4,260.0,12.17,33
20494,1900,3,1,88.71,260.0,12.17,33
20495,1900,9,1,72.84,260.0,12.16,33
20497,2009,12,1,198.91,15.0,57.79,33
20501,1998,12,1,1378.2,15.0,63.23,33
20502,2002,12,1,167.82,0.0,11.88,33
20504,1950,3,1,132.18,0.0,11.9,33
20506,1955,3,1,91.42,0.0,11.91,33
20507,1940,3,1,74.66,0.0,11.92,33
20508,1945,3,1,94.52,0.0,11.93,33
20509,1921,3,1,104.58,0.0,11.94,33
20510,1940,3,1,109.41,0.0,11.95,33
20511,1945,3,1,105.71,0.0,11.96,33
20512,1945,3,1,171.17,0.0,11.97,33
20514,1960,15,1,159.47,0.0,13.37,33
20515,1999,12,1,98.21,260.0,9.89,33
20517,1990,3,1,69.79,260.0,9.89,33
20518,1985,6,1,86.43,260.0,9.89,33
20520,1920,3,1,95.26,260.0,9.89,33
20521,1985,3,1,85.64,260.0,9.89,33
20523,2001,9,1,172.58,260.0,44.52,33
20525,2004,3,1,577.76,170.0,15.5,33
20528,2018,9,1,213.41,90.0,26.35,33
20531,1985,18,1,358.03,5.0,14.46,33
20533,1970,12,1,209.6,90.0,12.97,33
20534,1930,3,1,98.95,0.0,11.84,33
20535,1930,3,1,197.51,0.0,11.86,33
20536,1943,6,1,202.84,0.0,11.89,33
20537,1935,3,1,96.4,0.0,11.9,33
20538,1960,3,1,125.98,0.0,11.92,33
20539,1930,6,1,104.02,0.0,11.92,33
20541,1985,6,1,222.16,0.0,22.46,33
20542,1943,6,1,119.16,190.0,14.29,33
20543,1930,3,1,82.76,190.0,13.95,33
20545,1987,15,1,630.49,270.0,15.88,33
20546,1986,12,1,751.56,0.0,14.39,33
20548,2003,3,1,625.38,5.0,0.0,33
20550,2021,6,1,78.98,190.0,14.91,33
20552,2022,6,1,84.25,0.0,11.91,33
20554,1970,3,1,76.5,190.0,14.71,33
20555,1998,9,1,147.3,190.0,15.0,33
20556,2001,3,1,105.66,190.0,14.66,33
20557,2001,3,1,92.59,190.0,14.48,33
20558,1930,3,1,96.6,0.0,11.85,33
20559,2000,9,1,729.22,280.0,20.72,33
20560,1960,6,1,102.57,0.0,11.88,33
20562,2003,3,1,70.38,190.0,14.9,33
20563,2006,9,1,269.28,190.0,26.47,33
20564,2003,9,1,76.19,0.0,11.89,33
20565,2003,9,1,81.74,190.0,15.0,33
20566,2022,9,1,75.6,0.0,11.86,33
20568,2022,6,1,77.17,190.0,14.8,33
20570,2022,9,1,122.34,265.0,15.16,33
20573,1930,3,1,253.11,265.0,51.51,33
20574,1935,3,1,217.27,350.0,13.65,33
20577,1935,6,1,109.93,350.0,13.68,33
20578,1930,6,1,323.9,350.0,13.72,33
20581,1950,9,1,81.91,350.0,13.76,33
20583,1935,9,1,85.86,350.0,13.78,33
20584,1930,3,1,161.01,350.0,13.81,33
20585,1997,3,1,61.61,350.0,13.84,33
20588,1950,3,1,82.66,80.0,10.03,33
20590,1978,12,1,88.86,80.0,10.03,33
20591,2021,12,1,82.79,80.0,10.02,33
20593,2020,6,1,57.88,80.0,10.01,33
20594,1935,6,1,116.64,80.0,10.01,33
20595,1930,3,1,116.85,80.0,10.0,33
20597,1948,3,1,114.25,80.0,9.99,33
20598,1930,3,1,148.35,80.0,9.98,33
20600,2019,9,1,116.36,180.0,11.93,33
20602,1930,3,1,112.7,180.0,11.92,33
20603,1975,12,1,297.44,180.0,11.9,33
20604,1930,3,1,63.52,180.0,11.89,33
20605,1935,3,1,94.67,180.0,11.89,33
20607,1930,9,1,85.01,180.0,11.89,33
20609,2022,9,1,614.57,180.0,11.87,33
20611,1975,12,1,368.47,180.0,14.76,33
20613,1935,3,1,169.13,265.0,9.91,33
20614,2004,9,1,254.79,350.0,13.9,33
20617,2006,9,1,375.74,180.0,11.85,33
20618,1955,3,1,224.95,350.0,12.07,33
20620,2017,6,1,152.57,350.0,12.06,33
20623,1975,3,1,44.01,350.0,12.06,33
20625,1933,6,1,103.85,350.0,12.07,33
20627,2016,9,1,100.7,80.0,9.82,33
20630,1930,3,1,114.51,80.0,9.85,33
20631,1953,3,1,105.7,80.0,9.87,33
20632,1965,12,1,136.83,80.0,9.9,33
20634,1933,3,1,93.03,80.0,9.91,33
20635,1939,3,1,128.62,80.0,9.93,33
20636,1933,3,1,127.43,80.0,9.96,33
20637,1975,12,1,239.42,170.0,13.87,33
20638,1943,9,1,73.64,170.0,13.8,33
20640,1970,3,1,127.86,170.0,13.76,33
20642,1952,9,1,347.41,265.0,64.55,33
20644,1950,3,1,98.22,265.0,19.99,33
20645,1964,3,1,99.34,265.0,10.07,33
20647,1960,6,1,170.39,265.0,10.11,33
20648,1933,6,1,166.1,265.0,10.16,33
20649,1932,3,1,137.98,265.0,10.19,33
20652,2001,9,1,285.21,350.0,12.08,33
20656,1945,9,1,161.43,80.0,9.9,33
20658,1945,6,1,118.36,80.0,9.9,33
20659,1936,3,1,100.23,80.0,9.9,33
20660,1930,3,1,151.05,80.0,9.87,33
20662,1930,9,1,115.09,80.0,9.86,33
20663,1930,9,1,105.73,80.0,9.86,33
20665,1930,9,1,63.59,175.0,12.07,33
20667,1930,3,1,112.72,170.0,12.06,33
20670,1979,15,1,324.57,170.0,12.07,33
20671,1980,15,1,444.19,170.0,12.07,33
20672,1982,9,1,301.1,265.0,9.72,33
20673,1982,9,1,355.9,265.0,9.91,33
20675,2000,9,1,274.76,170.0,12.07,33
20676,2021,6,1,86.44,80.0,9.89,33
20678,2020,9,1,91.42,80.0,9.88,33
20680,2022,9,1,87.71,80.0,9.88,33
20682,1996,6,1,292.78,50.0,39.19,33
20683,1930,3,1,132.84,85.0,12.02,33
20685,1955,3,1,110.5,85.0,12.05,33
20686,1957,3,1,101.72,85.0,12.08,33
20688,1991,6,1,189.26,175.0,11.89,33
20690,1930,3,1,191.79,180.0,12.05,33
20691,1930,6,1,136.4,180.0,12.19,33
20692,2013,6,1,242.5,175.0,11.94,33
20696,1930,6,1,190.42,180.0,12.29,33
20698,1990,3,1,96.92,180.0,12.32,33
20700,1995,12,1,480.35,270.0,15.48,33
20702,1994,12,1,264.75,0.0,19.9,33
20704,1992,12,1,640.28,225.0,23.19,33
20705,1993,9,1,693.63,180.0,12.49,33
20707,1994,12,1,503.82,310.0,23.34,33
20708,1995,12,1,682.01,0.0,19.76,33
20709,1998,12,1,246.76,355.0,19.75,33
20710,1995,3,1,222.44,355.0,19.68,33
20712,2002,3,1,251.76,180.0,12.37,33
20714,2022,9,1,105.31,85.0,12.12,33
20717,2019,9,1,105.16,85.0,12.15,33
20720,2020,9,1,93.32,85.0,12.17,33
20722,1950,9,1,261.84,0.0,13.06,33
20723,2000,21,1,322.15,85.0,20.99,33
20726,2001,9,1,639.43,85.0,21.1,33
20728,1940,6,1,104.06,175.0,26.74,33
20729,1940,3,1,88.87,265.0,12.06,33
20730,2014,9,1,91.74,265.0,12.04,33
20733,1940,3,1,123.31,265.0,12.02,33
20734,1943,6,1,107.08,265.0,12.01,33
20736,1945,3,1,147.56,265.0,12.01,33
20738,2001,3,1,106.12,265.0,12.02,33
20739,1950,3,1,147.45,265.0,12.01,33
20741,1996,3,1,55.58,265.0,12.02,33
20742,1999,3,1,72.89,0.0,13.37,33
20743,1999,3,1,73.33,0.0,13.38,33
20744,2006,6,1,75.58,0.0,13.2,33
20745,2006,3,1,75.65,355.0,13.42,33
20746,2010,9,1,323.44,80.0,87.25,33
20747,2007,6,1,163.14,0.0,13.05,33
20748,2011,9,1,417.57,0.0,13.41,33
20751,1999,9,1,931.63,355.0,34.85,33
20753,1995,15,1,440.73,175.0,19.76,33
20755,1994,21,1,930.75,85.0,20.58,33
20758,1996,18,1,1098.45,355.0,32.77,33
20760,2004,9,1,82.85,85.0,13.22,33
20761,2001,3,1,96.97,85.0,13.42,33
20762,1999,3,1,81.36,85.0,13.36,33
20763,1970,3,1,829.77,265.0,13.64,33
20764,2003,3,1,65.22,180.0,13.05,33
20766,1996,9,1,71.18,270.0,13.84,33
20768,2012,9,1,79.89,265.0,13.84,33
20769,2000,3,1,82.83,85.0,13.37,33
20770,1998,3,1,82.65,85.0,14.21,33
20771,1998,3,1,82.12,85.0,14.27,33
20772,1996,3,1,79.9,130.0,24.56,33
20775,2020,12,1,74.33,180.0,13.06,33
20777,2000,3,1,169.06,220.0,22.03,33
20780,2002,12,1,88.0,265.0,13.69,33
20784,1996,15,1,1387.71,0.0,33.77,33
20787,2007,30,1,780.57,270.0,42.37,33
20789,2006,30,1,400.57,270.0,37.13,33
20791,2006,30,1,784.51,270.0,37.65,33
20831,1950,3,1,125.21,265.0,9.82,33
20841,2007,9,1,861.25,265.0,9.87,33
20842,2007,9,1,244.52,170.0,11.14,33
20843,1950,3,1,2611.59,350.0,9.91,33
20858,1950,3,1,124.56,255.0,7.64,33
20860,1950,3,1,137.81,255.0,7.64,33
20861,1953,3,1,127.4,255.0,7.64,33
20863,2020,6,1,146.19,255.0,7.65,33
20865,2008,6,1,260.43,255.0,7.66,33
20866,1999,3,1,67.19,255.0,7.66,33
20867,1940,3,1,272.85,255.0,7.67,33
20873,2003,3,1,478.89,350.0,8.94,33
20875,1915,3,1,113.44,255.0,7.74,33
20876,1913,6,1,74.23,345.0,7.0,33
20878,1937,9,1,77.04,345.0,6.98,33
20880,1890,6,1,126.04,345.0,6.96,33
20881,1913,9,1,104.65,345.0,6.93,33
20883,1912,9,1,72.81,345.0,6.91,33
20886,1937,9,1,68.09,345.0,6.88,33
20888,1935,9,1,123.23,345.0,6.86,33
20890,1910,6,1,147.32,345.0,6.83,33
20892,1907,3,1,105.56,345.0,6.81,33
20894,2017,9,1,95.48,345.0,6.8,33
20896,1913,3,1,139.1,345.0,6.84,33
20897,1900,9,1,89.76,345.0,6.89,33
20899,1900,9,1,89.31,345.0,6.94,33
20900,1900,9,1,86.0,345.0,6.99,33
20901,1900,3,1,64.25,345.0,7.04,33
20902,1900,3,1,22.55,75.0,6.94,33
20904,1910,6,1,146.65,75.0,6.9,33
20907,2006,21,1,1910.81,170.0,22.02,33
20908,1900,3,1,94.52,255.0,7.68,33
20909,1920,3,1,153.04,255.0,7.68,33
20910,1920,3,1,150.49,255.0,7.7,33
20912,1910,9,1,86.03,255.0,7.7,33
20913,1912,3,1,180.94,255.0,7.7,33
20914,1913,9,1,73.13,255.0,7.72,33
20918,2002,9,1,2361.17,90.0,16.15,33
20919,1981,9,1,291.36,75.0,15.83,33
20921,1967,3,1,112.55,165.0,7.14,33
20922,2015,9,1,84.89,165.0,7.08,33
20923,1953,3,1,110.76,165.0,7.05,33
20924,1930,9,1,90.15,165.0,7.0,33
20927,1950,3,1,86.07,165.0,6.9,33
20928,1950,3,1,91.72,165.0,6.85,33
20929,2006,6,1,85.49,165.0,6.8,33
20930,1900,6,1,82.65,165.0,6.8,33
20932,1960,6,1,111.75,165.0,6.82,33
20933,1977,3,1,111.69,165.0,6.85,33
20934,1958,3,1,108.64,165.0,6.87,33
20935,2023,9,1,121.04,245.0,23.06,33
20938,1940,9,1,126.12,245.0,7.39,33
20940,1890,6,1,102.28,245.0,7.39,33
20942,1884,12,1,125.67,245.0,7.39,33
20944,2022,9,1,78.86,245.0,7.38,33
20946,1946,3,1,129.23,245.0,7.38,33
20947,1950,3,1,82.94,245.0,7.38,33
20949,1890,6,1,66.56,245.0,7.38,33
20950,2001,3,1,70.85,245.0,7.38,33
20952,1978,15,1,247.16,165.0,33.77,33
20953,1965,9,1,183.69,335.0,5.65,33
20954,2002,9,1,119.68,165.0,14.19,33
20955,1987,3,1,49.98,165.0,14.12,33
20956,1987,3,1,48.57,165.0,14.12,33
20957,1987,3,1,50.51,165.0,14.13,33
20958,1987,3,1,49.29,165.0,14.14,33
20959,1987,3,1,48.99,165.0,14.14,33
20960,1993,12,1,588.21,165.0,14.07,33
20961,1986,3,1,66.56,335.0,5.67,33
20962,1986,6,1,62.33,335.0,5.69,33
20964,1986,3,1,57.96,335.0,5.71,33
20965,1986,9,1,58.53,335.0,5.72,33
20966,1986,3,1,55.12,335.0,5.71,33
20967,1986,3,1,55.64,335.0,5.7,33
20968,1986,3,1,56.05,335.0,5.68,33
20969,1992,3,1,84.34,335.0,5.68,33
20970,1986,3,1,56.82,335.0,5.67,33
20971,1986,3,1,54.28,335.0,5.65,33
20972,1986,6,1,55.77,335.0,5.64,33
20973,1986,3,1,58.13,335.0,5.62,33
20974,1986,3,1,51.78,335.0,5.62,33
20975,1986,6,1,61.37,335.0,5.61,33
20976,1994,6,1,176.4,165.0,14.21,33
20980,2001,6,1,100.69,165.0,14.15,33
20982,2000,9,1,181.58,165.0,14.17,33
20983,1932,9,1,152.76,355.0,10.19,33
20985,1941,3,1,124.69,355.0,9.97,33
20991,1999,3,1,310.15,355.0,9.05,33
20993,1986,6,1,85.82,355.0,9.79,33
20994,1997,9,1,257.38,355.0,10.99,33
20997,1900,3,1,115.36,355.0,12.21,33
20998,1956,6,1,354.33,355.0,13.4,33
21001,1900,3,1,121.83,355.0,14.63,33
21004,1933,6,1,125.53,355.0,15.47,33
21007,1941,3,1,342.5,5.0,26.03,33
21008,1973,24,1,613.46,0.0,19.19,33
21009,1949,9,1,224.13,0.0,9.24,33
21011,1951,3,1,105.25,0.0,9.22,33
21012,1941,9,1,385.69,0.0,9.16,33
21014,1941,3,1,244.2,0.0,9.11,33
21016,1951,9,1,282.9,0.0,9.04,33
21018,1949,9,1,346.55,0.0,8.99,33
21020,1943,3,1,209.39,0.0,8.96,33
21021,1950,9,1,382.49,0.0,8.98,33
21023,1974,24,1,582.02,90.0,28.06,33
21025,1931,3,1,100.15,165.0,4.75,33
21026,1931,3,1,114.85,170.0,4.88,33
21029,1947,9,1,209.13,165.0,5.08,33
21030,1943,3,1,90.41,165.0,5.41,33
21033,1942,3,1,143.51,235.0,7.95,33
21035,1951,3,1,123.1,165.0,4.86,33
21037,1941,12,1,120.58,165.0,5.55,33
21039,1908,6,1,84.88,165.0,5.32,33
21042,2024,9,1,36.73,165.0,4.93,33
21045,1908,6,1,73.79,170.0,5.2,33
21048,2000,12,1,599.46,355.0,17.76,33
21049,2000,3,1,181.2,165.0,5.38,33
21051,1947,9,1,105.48,355.0,16.45,33
21054,2024,12,1,92.86,355.0,18.14,33
21057,1923,12,1,128.97,175.0,10.49,33
21063,1923,6,1,95.25,175.0,9.86,33
21065,1923,6,1,83.95,175.0,9.49,33
21067,1923,12,1,295.67,165.0,9.45,33
21070,1972,3,1,144.17,165.0,10.42,33
21072,1923,6,1,82.11,165.0,11.87,33
21074,1948,12,1,165.87,165.0,13.07,33
21079,2007,9,1,106.63,165.0,14.7,33
21082,1928,6,1,166.01,345.0,5.18,33
21083,2000,6,1,163.99,160.0,22.08,33
21085,1928,6,1,64.1,160.0,17.23,33
21090,2001,3,1,143.2,265.0,14.01,33
21091,1923,9,1,78.99,175.0,10.03,33
21092,2005,3,1,45.47,355.0,4.3,33
21093,1900,6,1,59.85,255.0,58.83,33
21094,1900,3,1,128.01,335.0,5.07,33
21096,1900,6,1,64.03,335.0,5.03,33
21097,1900,6,1,63.66,335.0,5.07,33
21098,1936,9,1,60.71,335.0,5.11,33
21099,1949,3,1,75.54,335.0,5.15,33
21100,1900,6,1,75.27,335.0,5.19,33
21101,1900,6,1,73.37,335.0,5.24,33
21102,1900,3,1,58.96,335.0,5.27,33
21103,1900,6,1,57.3,335.0,5.28,33
21104,1900,6,1,57.18,335.0,5.3,33
21105,1954,9,1,85.26,335.0,5.32,33
21107,1958,12,1,270.96,335.0,5.35,33
21109,1988,3,1,139.32,335.0,5.37,33
21113,2002,3,1,334.16,70.0,5.39,33
21115,1900,6,1,80.28,160.0,3.76,33
21116,1900,9,1,70.78,160.0,3.67,33
21117,1900,9,1,64.16,160.0,3.59,33
21118,1900,9,1,76.68,160.0,3.63,33
21119,1900,9,1,60.95,160.0,3.74,33
21120,1900,9,1,53.25,160.0,3.84,33
21121,1944,9,1,59.22,160.0,3.81,33
21123,2009,9,1,115.62,160.0,3.62,33
21124,1914,9,1,160.13,340.0,3.62,33
21126,1959,6,1,263.37,160.0,15.43,33
21130,1936,12,1,154.3,160.0,10.33,33
21132,1936,12,1,147.78,160.0,9.98,33
21133,1936,9,1,222.6,160.0,10.3,33
21135,1964,21,1,817.76,155.0,10.72,33
21136,1980,18,1,1725.05,160.0,10.63,33
21137,1975,12,1,385.96,155.0,9.87,33
21143,1988,3,1,195.33,155.0,28.36,33
21145,1900,3,1,65.2,255.0,4.72,33
21146,1900,6,1,62.75,255.0,4.75,33
21147,1900,9,1,70.17,255.0,4.78,33
21148,1900,6,1,70.86,255.0,4.8,33
21149,1900,6,1,66.74,255.0,4.82,33
21150,1900,6,1,75.99,255.0,4.84,33
21151,1906,6,1,68.02,255.0,4.86,33
21152,1993,3,1,69.55,255.0,4.9,33
21153,1900,3,1,65.27,255.0,4.92,33
21154,1900,6,1,62.85,255.0,4.94,33
21155,2000,6,1,67.32,255.0,4.97,33
21156,1900,6,1,62.0,255.0,4.99,33
21157,1900,6,1,60.72,255.0,5.01,33
21158,1900,6,1,59.03,255.0,5.04,33
21159,1900,6,1,78.07,255.0,5.06,33
21160,1900,6,1,74.89,255.0,5.08,33
21161,1900,6,1,79.7,255.0,5.11,33
21162,1988,3,1,117.57,335.0,5.39,33
21163,1988,6,1,116.71,335.0,5.41,33
21165,1988,3,1,153.1,70.0,5.78,33
21168,2002,3,1,492.11,155.0,11.44,33
21170,2010,9,1,90.13,255.0,4.71,33
21172,1889,3,1,158.34,155.0,4.34,33
21174,1915,9,1,217.6,155.0,4.35,33
21177,1960,6,1,123.9,325.0,4.22,33
21178,2004,12,1,98.06,325.0,4.22,33
21180,1937,3,1,96.39,330.0,4.25,33
21181,1880,3,1,89.02,330.0,4.4,33
21182,1970,3,1,95.31,330.0,4.52,33
21183,2019,9,1,168.32,325.0,4.56,33
21186,1890,6,1,101.55,325.0,4.52,33
21188,1928,9,1,87.25,335.0,4.72,33
21190,1995,3,1,266.48,155.0,4.43,33
21191,1918,3,1,180.28,335.0,4.85,33
21192,1960,3,1,130.35,335.0,4.88,33
21193,1945,3,1,71.67,335.0,4.94,33
21195,1880,3,1,109.36,70.0,6.12,33
21196,1900,12,1,74.63,70.0,6.11,33
21198,1916,9,1,113.01,70.0,6.1,33
21201,1880,6,1,130.12,65.0,6.08,33
21202,1940,3,1,94.35,70.0,6.05,33
21203,2007,3,1,205.73,70.0,8.44,33
21205,1952,9,1,80.24,155.0,4.48,33
21208,1950,6,1,104.85,155.0,4.32,33
21210,1928,9,1,112.13,155.0,4.17,33
21213,1914,6,1,113.8,155.0,4.04,33
21215,1918,9,1,77.37,155.0,4.25,33
21217,2023,9,1,72.8,155.0,4.35,33
21219,1921,3,1,90.82,155.0,4.37,33
21220,1996,9,1,102.12,155.0,3.92,33
21222,1996,3,1,270.03,335.0,4.88,33
21223,1925,9,1,110.02,325.0,24.95,33
21224,1893,3,1,82.15,325.0,4.24,33
21225,2009,6,1,145.7,245.0,5.48,33
21228,2020,9,1,98.54,335.0,20.8,33
21230,1900,3,1,90.63,335.0,4.3,33
21231,1994,3,1,275.31,155.0,5.12,33
21233,1880,3,1,86.59,335.0,4.36,33
21234,1925,6,1,98.44,335.0,4.37,33
21236,1910,6,1,100.77,335.0,4.39,33
21237,1910,6,1,92.77,330.0,4.17,33
21238,1910,6,1,64.14,330.0,3.99,33
21239,1915,12,1,111.33,335.0,3.92,33
21241,1910,9,1,96.07,335.0,4.06,33
21242,1998,3,1,82.43,335.0,4.22,33
21244,1912,9,1,111.56,335.0,4.44,33
21245,1905,9,1,72.94,335.0,4.44,33
21246,1905,9,1,85.79,335.0,4.45,33
21247,1880,9,1,987.34,70.0,5.98,33
21248,1910,3,1,88.54,155.0,5.36,33
21249,1910,9,1,70.34,155.0,5.35,33
21251,1910,6,1,99.62,155.0,5.33,33
21253,1880,6,1,115.06,155.0,5.31,33
21254,1900,3,1,120.46,155.0,5.28,33
21256,1910,3,1,100.11,155.0,5.15,33
21258,1910,3,1,136.12,155.0,5.04,33
21261,1900,6,1,116.91,155.0,5.05,33
21262,1880,3,1,80.93,155.0,5.19,33
21263,1880,6,1,113.75,245.0,5.57,33
21264,2009,9,1,78.68,155.0,5.24,33
21267,1885,3,1,82.31,335.0,4.33,33
21269,1943,6,1,100.67,325.0,12.28,33
21270,1945,3,1,172.88,320.0,11.73,33
21271,1942,3,1,67.84,325.0,10.57,33
21273,1880,9,1,131.58,325.0,10.26,33
21274,1881,3,1,106.9,325.0,10.06,33
21275,1918,3,1,131.72,325.0,10.25,33
21277,1975,15,1,207.9,325.0,10.21,33
21278,1946,15,1,260.7,335.0,10.38,33
21281,1915,12,1,165.42,335.0,10.8,33
21283,1948,6,1,140.89,335.0,10.79,33
21286,1953,6,1,105.42,335.0,10.71,33
21288,1953,12,1,137.89,335.0,10.64,33
21290,2004,9,1,84.86,335.0,10.56,33
21292,1963,3,1,111.44,335.0,10.57,33
21293,1993,9,1,390.25,65.0,27.86,33
21295,1972,3,1,311.09,335.0,37.09,33
21296,1962,3,1,225.3,155.0,4.93,33
21298,1962,12,1,89.3,155.0,4.87,33
21299,1963,9,1,155.35,150.0,4.79,33
21300,1971,9,1,243.8,145.0,4.47,33
21302,1885,9,1,83.28,145.0,4.27,33
21303,1956,3,1,104.82,145.0,4.23,33
21305,1947,6,1,98.5,325.0,10.41,33
21307,2008,9,1,51.17,145.0,4.22,33
21308,1885,9,1,69.26,245.0,5.89,33
21309,1945,3,1,67.35,335.0,5.22,33
21310,1898,9,1,63.45,335.0,5.2,33
21312,1900,9,1,63.55,335.0,5.18,33
21313,1980,3,1,57.92,335.0,5.17,33
21315,1900,6,1,55.5,335.0,5.15,33
21316,1984,3,1,81.66,335.0,5.14,33
21317,1984,3,1,79.58,335.0,5.12,33
21318,1984,3,1,79.11,335.0,5.1,33
21319,1900,6,1,78.41,335.0,5.08,33
21320,1900,6,1,71.05,335.0,5.07,33
21321,1900,6,1,108.33,335.0,5.06,33
21322,2021,9,1,77.52,335.0,5.04,33
21324,1900,6,1,103.72,335.0,5.04,33
21327,1900,9,1,135.63,335.0,5.1,33
21329,1985,3,1,105.22,335.0,5.12,33
21330,1880,6,1,87.65,335.0,5.14,33
21331,1948,6,1,76.52,335.0,5.16,33
21333,1957,3,1,94.18,335.0,5.17,33
21334,1880,6,1,163.71,70.0,5.8,33
21335,1986,3,1,90.84,70.0,5.72,33
21337,1995,6,1,247.49,155.0,7.16,33
21338,1942,3,1,248.76,155.0,5.14,33
21340,1880,3,1,126.63,155.0,5.17,33
21341,1900,6,1,144.21,155.0,5.18,33
21343,1985,3,1,66.26,155.0,5.21,33
21345,1880,9,1,80.67,155.0,5.23,33
21347,1890,6,1,94.03,155.0,5.24,33
21348,1900,6,1,120.37,155.0,5.26,33
21350,1900,3,1,81.22,155.0,5.28,33
21351,1900,6,1,82.71,155.0,5.29,33
21352,1949,6,1,64.22,155.0,5.31,33
21353,1900,3,1,92.82,155.0,5.33,33
21354,1900,6,1,83.53,155.0,5.34,33
21355,1900,6,1,75.18,155.0,5.36,33
21356,1900,3,1,84.89,155.0,5.38,33
21358,1900,9,1,64.1,155.0,5.39,33
21359,2018,6,1,58.2,155.0,5.39,33
21361,1880,9,1,66.32,155.0,5.42,33
21362,1900,6,1,65.17,155.0,5.44,33
21363,1940,6,1,48.89,155.0,5.46,33
21364,1924,9,1,60.85,155.0,5.48,33
21366,1910,9,1,57.13,245.0,5.68,33
21367,1900,6,1,74.53,245.0,5.73,33
21369,1900,3,1,62.17,245.0,5.76,33
21370,1880,6,1,97.63,245.0,5.78,33
21371,2021,6,1,86.04,245.0,5.8,33
21373,1900,6,1,96.26,245.0,5.83,33
21374,1880,3,1,101.69,245.0,5.84,33
21375,1986,3,1,92.54,70.0,5.67,33
21377,1986,3,1,99.33,70.0,5.63,33
21382,2021,9,1,93.31,340.0,5.39,33
21383,1942,6,1,133.61,340.0,5.39,33
21385,1897,3,1,98.83,340.0,5.37,33
21386,1915,3,1,93.52,340.0,5.37,33
21387,1930,3,1,97.57,70.0,56.88,33
21388,1913,3,1,73.54,70.0,5.4,33
21389,1939,6,1,117.79,70.0,5.53,33
21390,1880,3,1,174.56,70.0,5.55,33
21391,2015,9,1,99.77,70.0,5.56,33
21393,2000,3,1,76.08,70.0,5.58,33
21394,1919,3,1,181.17,70.0,5.59,33
21395,1999,3,1,158.13,70.0,5.61,33
21396,1920,3,1,169.32,70.0,5.63,33
21397,1880,9,1,132.54,70.0,5.64,33
21398,1900,3,1,188.62,70.0,5.66,33
21400,1932,6,1,127.49,70.0,5.68,33
21401,1993,3,1,114.5,70.0,5.69,33
21402,1936,6,1,91.06,70.0,5.71,33
21404,1900,6,1,149.87,70.0,5.73,33
21406,1880,3,1,136.6,70.0,5.76,33
21408,1932,6,1,62.81,155.0,5.18,33
21410,1987,6,1,58.44,155.0,5.17,33
21412,1900,3,1,77.88,155.0,5.15,33
21414,1900,3,1,69.38,155.0,5.1,33
21415,1940,3,1,132.7,155.0,5.07,33
21416,2022,9,1,133.98,155.0,5.06,33
21419,2017,6,1,88.5,155.0,5.04,33
21421,2017,9,1,96.17,155.0,5.04,33
21425,2005,6,1,102.73,155.0,5.06,33
21426,1936,6,1,119.09,155.0,5.07,33
21427,1940,3,1,138.8,155.0,5.09,33
21428,1936,6,1,81.05,155.0,5.1,33
21429,1900,3,1,95.16,155.0,5.11,33
21430,1880,9,1,117.55,155.0,5.13,33
21433,1964,3,1,125.44,155.0,5.14,33
21434,1998,3,1,132.66,155.0,5.16,33
21435,1900,3,1,135.26,155.0,5.17,33
21437,1900,3,1,132.04,155.0,5.18,33
21439,1880,6,1,125.83,155.0,5.2,33
21440,1927,6,1,136.7,155.0,5.22,33
21443,1898,3,1,148.86,245.0,5.38,33
21444,1965,18,1,336.06,195.0,13.66,33
21448,1895,6,1,96.69,280.0,9.56,33
21449,1967,3,1,107.57,285.0,9.56,33
21451,1900,3,1,105.33,285.0,9.55,33
21453,1939,6,1,89.43,285.0,9.54,33
21456,1900,3,1,94.12,285.0,9.53,33
21457,1900,3,1,74.14,285.0,9.53,33
21458,1953,6,1,61.75,155.0,5.13,33
21459,1900,3,1,68.79,155.0,5.12,33
21461,2009,9,1,301.37,280.0,22.64,33
21462,2009,3,1,235.67,340.0,5.43,33
21464,2011,9,1,299.09,70.0,5.45,33
21465,1996,15,1,907.16,0.0,12.6,33
21466,1982,9,1,359.65,70.0,11.57,33
21467,2001,6,1,219.97,285.0,9.37,33
21469,1900,3,1,142.18,285.0,9.43,33
21471,1900,3,1,169.52,285.0,9.48,33
21472,1950,9,1,585.77,285.0,9.52,33
21475,1900,3,1,78.15,285.0,9.55,33
21476,1936,3,1,59.15,285.0,9.56,33
21477,1985,3,1,121.54,70.0,10.32,33
21480,1985,3,1,95.24,70.0,10.32,33
21482,1985,3,1,93.19,70.0,22.15,33
21484,1985,3,1,90.9,70.0,91.83,33
21486,1985,3,1,92.72,70.0,13.01,33
21488,1985,3,1,125.44,70.0,12.46,33
21490,1985,3,1,82.2,160.0,5.38,33
21492,1985,3,1,81.74,160.0,5.39,33
21494,1985,3,1,80.78,160.0,5.39,33
21497,1989,9,1,332.43,285.0,11.95,33
21501,2007,3,1,258.22,65.0,33.46,33
21504,1995,12,1,649.05,350.0,40.06,33
21506,1900,3,1,227.5,350.0,69.08,33
21507,1900,3,1,89.51,350.0,67.22,33
21508,1900,3,1,97.1,350.0,65.67,33
21509,1900,6,1,153.77,10.0,50.82,33
21512,2002,9,1,1273.43,250.0,10.32,33
21515,2005,12,1,198.25,350.0,59.08,33
21516,2008,12,1,266.37,350.0,63.29,33
21519,2001,27,1,559.6,290.0,4.35,33
21521,2002,27,1,513.69,190.0,50.86,33
21522,1943,3,1,114.49,350.0,13.83,33
21524,1950,3,1,87.45,350.0,13.86,33
21526,1962,3,1,89.18,350.0,13.89,33
21527,1931,3,1,102.39,350.0,13.92,33
21528,1961,3,1,119.15,350.0,13.95,33
21530,1957,6,1,112.33,350.0,13.99,33
21533,1958,6,1,116.38,350.0,14.03,33
21536,2015,9,1,99.32,350.0,14.06,33
21538,1971,3,1,160.56,350.0,14.09,33
21540,1922,3,1,94.36,350.0,14.12,33
21541,1937,3,1,44.84,90.0,9.97,33
21542,2017,6,1,205.6,90.0,9.97,33
21544,1912,3,1,90.7,90.0,9.96,33
21546,1967,3,1,136.47,180.0,24.84,33
21547,1900,3,1,97.06,180.0,11.96,33
21548,1910,3,1,86.86,180.0,11.95,33
21549,1943,3,1,104.13,180.0,11.94,33
21550,1917,6,1,116.21,180.0,11.93,33
21553,1910,3,1,213.41,180.0,11.92,33
21555,1958,3,1,137.06,180.0,11.9,33
21556,1934,3,1,108.53,180.0,11.9,33
21557,1955,3,1,118.53,180.0,11.88,33
21558,1998,3,1,144.07,180.0,35.53,33
21559,1954,3,1,89.94,260.0,9.96,33
21560,1912,6,1,116.48,260.0,9.98,33
21563,1999,3,1,172.98,260.0,10.0,33
21564,1938,3,1,116.35,260.0,10.02,33
21565,1931,3,1,112.88,260.0,10.03,33
21566,1931,3,1,77.25,260.0,10.04,33
21568,1991,3,1,87.68,90.0,9.98,33
21569,2017,15,1,401.11,90.0,9.93,33
21572,2017,12,1,221.9,350.0,13.78,33
21574,1941,3,1,115.09,260.0,10.01,33
21575,2023,6,1,84.85,260.0,10.01,33
21576,1946,6,1,157.37,350.0,11.98,33
21579,1941,3,1,131.18,350.0,12.01,33
21580,1963,3,1,80.98,350.0,12.03,33
21581,1944,3,1,121.31,350.0,12.06,33
21582,1951,6,1,150.43,350.0,12.08,33
21585,1935,3,1,126.44,350.0,12.1,33
21586,1929,3,1,96.7,350.0,12.12,33
21587,2006,9,1,145.86,350.0,12.15,33
21589,1941,3,1,56.4,350.0,12.17,33
21591,1949,6,1,239.35,350.0,12.19,33
21592,1915,6,1,151.31,350.0,12.21,33
21594,1931,3,1,176.83,170.0,14.1,33
21597,1979,6,1,207.09,170.0,14.01,33
21599,1946,3,1,69.8,170.0,13.96,33
21600,1946,3,1,132.33,170.0,13.92,33
21603,1935,3,1,82.44,170.0,13.89,33
21605,2003,9,1,397.58,170.0,13.83,33
21607,1921,6,1,243.22,170.0,14.17,33
21608,2008,9,1,76.73,85.0,11.84,33
21610,1936,6,1,187.71,355.0,11.65,33
21612,1951,3,1,105.42,355.0,11.64,33
21613,2011,12,1,166.29,355.0,11.63,33
21616,1950,6,1,120.96,355.0,11.63,33
21617,1936,3,1,137.37,355.0,11.62,33
21618,1951,6,1,121.38,355.0,11.61,33
21620,1937,6,1,160.21,355.0,11.6,33
21621,1915,3,1,109.69,355.0,11.59,33
21622,1990,9,1,124.91,0.0,11.59,33
21624,1935,3,1,126.43,355.0,11.58,33
21625,1952,3,1,149.46,355.0,11.57,33
21626,1957,3,1,130.34,355.0,11.56,33
21627,1961,12,1,110.18,355.0,11.56,33
21630,1921,3,1,68.64,85.0,11.62,33
21631,1949,9,1,521.76,85.0,11.67,33
21633,1949,9,1,474.62,85.0,11.72,33
21634,1992,6,1,165.5,130.0,23.55,33
21636,1931,3,1,115.73,170.0,12.21,33
21637,1939,3,1,148.08,170.0,12.19,33
21639,1980,3,1,152.62,170.0,12.17,33
21640,1913,3,1,118.46,170.0,12.16,33
21641,1919,3,1,120.63,170.0,12.14,33
21643,1970,6,1,123.47,170.0,12.11,33
21645,1973,15,1,261.2,170.0,12.09,33
21646,1946,3,1,78.8,170.0,12.06,33
21648,1947,6,1,153.52,170.0,12.0,33
21650,1931,9,1,143.62,260.0,9.86,33
21651,2023,3,1,116.43,260.0,9.86,33
21652,1968,9,1,278.67,260.0,9.86,33
21653,1956,3,1,132.81,260.0,9.88,33
21654,1913,3,1,141.37,260.0,9.88,33
21655,1912,3,1,122.59,260.0,9.89,33
21656,1992,9,1,138.17,85.0,11.79,33
21660,2009,15,1,220.65,0.0,29.02,33
21663,1977,21,1,1742.87,355.0,29.13,33
21664,1980,18,1,404.46,40.0,45.03,33
21665,1979,18,1,398.54,85.0,11.78,33
21666,1979,18,1,401.83,85.0,11.7,33
21667,1978,15,1,647.65,130.0,26.37,33
21668,1978,15,1,671.28,175.0,11.61,33
21669,1940,3,1,132.4,175.0,11.63,33
21671,1954,3,1,99.12,180.0,25.68,33
21672,1930,6,1,253.28,175.0,11.64,33
21674,1973,3,1,114.95,260.0,9.99,33
21675,1930,6,1,115.43,260.0,9.97,33
21677,1930,6,1,105.34,260.0,9.96,33
21678,1930,3,1,108.38,260.0,9.96,33
21680,2022,6,1,115.32,260.0,9.95,33
21681,1930,9,1,158.86,260.0,9.94,33
21682,1980,3,1,134.22,315.0,23.69,33
21684,1980,3,1,107.85,355.0,11.17,33
21685,1980,3,1,113.97,355.0,11.17,33
21686,1980,3,1,106.05,355.0,11.17,33
21687,1980,3,1,118.31,355.0,11.17,33
21690,1980,3,1,106.22,355.0,11.17,33
21693,1980,3,1,129.89,355.0,11.17,33
21694,1980,3,1,110.78,355.0,11.17,33
21695,1980,3,1,112.57,355.0,11.16,33
21696,1980,3,1,113.96,355.0,11.17,33
21697,1980,3,1,115.41,355.0,11.16,33
21698,1980,3,1,124.07,355.0,11.16,33
21699,1980,3,1,106.26,355.0,11.16,33
21700,1980,3,1,201.16,40.0,26.41,33
21701,1980,3,1,113.37,85.0,12.19,33
21702,1983,3,1,105.82,85.0,12.27,33
21703,1980,3,1,115.48,85.0,12.37,33
21704,1980,3,1,95.71,85.0,12.44,33
21705,1980,9,1,82.12,85.0,12.53,33
21707,1980,9,1,77.9,85.0,12.58,33
21709,1980,3,1,95.54,130.0,45.46,33
21711,1982,3,1,126.9,175.0,29.2,33
21712,1982,3,1,126.35,175.0,29.15,33
21713,1982,3,1,126.99,175.0,29.11,33
21714,1982,3,1,128.31,175.0,28.99,33
21715,1980,3,1,85.42,220.0,39.67,33
21716,1980,3,1,84.89,215.0,45.33,33
21717,1980,3,1,81.32,265.0,12.55,33
21718,1980,3,1,91.09,265.0,12.48,33
21719,1980,3,1,89.28,265.0,12.42,33
21720,1980,3,1,87.7,265.0,12.37,33
21721,1980,3,1,84.73,265.0,12.3,33
21722,1980,3,1,93.03,265.0,12.25,33
21723,1982,3,1,125.88,175.0,29.07,33
21724,1982,3,1,129.57,175.0,29.03,33
21727,1998,12,1,787.13,0.0,11.29,33
21731,1989,9,1,223.02,40.0,26.87,33
21733,1990,9,1,214.89,85.0,11.95,33
21734,1979,12,1,311.56,85.0,11.97,33
21735,1981,15,1,229.61,85.0,11.98,33
21736,1978,12,1,255.66,130.0,25.88,33
21737,1978,12,1,227.82,175.0,11.16,33
21738,2024,15,1,230.92,220.0,22.63,33
21740,1975,15,1,265.32,265.0,12.12,33
21741,1976,15,1,294.51,265.0,12.04,33
21742,1977,15,1,264.8,265.0,11.83,33
21743,1989,9,1,224.44,310.0,26.7,33
21744,1988,9,1,376.31,355.0,11.35,33
21745,1986,9,1,382.3,355.0,11.36,33
21746,1988,9,1,418.18,355.0,11.34,33
21748,1985,9,1,388.82,175.0,11.16,33
21749,1986,9,1,727.86,175.0,11.17,33
21753,1995,21,1,1516.27,175.0,25.09,33
21755,2004,3,1,128.12,180.0,15.34,33
21756,1996,3,1,72.99,180.0,15.41,33
21757,1997,3,1,146.54,220.0,25.13,33
21758,1997,3,1,96.76,265.0,13.36,33
21759,1995,3,1,126.26,180.0,15.5,33
21760,1998,3,1,470.64,180.0,12.61,33
21761,1998,6,1,160.55,265.0,13.39,33
21763,1999,15,1,1325.97,0.0,47.26,33
21764,1996,6,1,354.64,55.0,28.58,33
21765,2003,3,1,107.57,0.0,12.44,33
21766,1999,3,1,108.36,0.0,12.39,33
21767,2002,6,1,105.5,0.0,12.35,33
21769,1996,3,1,147.05,0.0,12.29,33
21772,2001,6,1,165.32,265.0,14.19,33
21773,1998,21,1,2345.43,265.0,20.98,33
21775,1975,30,1,330.64,180.0,43.36,33
21776,1975,30,1,330.63,180.0,43.11,33
21777,1975,30,1,330.63,0.0,40.87,33
21778,1975,30,1,330.63,0.0,41.91,33
21779,1975,39,1,698.98,180.0,73.99,33
21780,1975,39,1,695.56,180.0,63.2,33
21781,1975,39,1,698.95,180.0,46.04,33
21783,1975,39,1,392.36,355.0,18.95,33
21785,1975,39,1,388.61,355.0,43.46,33
21786,1975,30,1,330.63,180.0,48.25,33
21787,1975,30,1,330.63,180.0,42.61,33
21788,1975,39,1,458.5,175.0,27.79,33
21792,1994,27,1,454.7,85.0,122.65,33
21798,1975,15,1,169.53,80.0,124.91,33
21799,1975,15,1,169.18,85.0,58.04,33
21800,1975,45,1,591.67,85.0,94.48,33
21804,1975,15,1,633.77,80.0,58.04,33
21806,1975,15,1,160.94,260.0,37.44,33
21808,1975,15,1,330.55,80.0,128.2,33
21809,1975,15,1,169.06,260.0,36.66,33
21810,1975,15,1,169.13,80.0,15.72,33
21811,1975,45,1,493.68,85.0,148.5,33
21825,1940,6,1,152.82,80.0,9.93,33
21834,1930,3,1,82.58,350.0,20.03,33
21835,1920,3,1,77.52,350.0,20.02,33
21836,1984,3,1,99.05,350.0,20.01,33
21837,1900,3,1,86.08,350.0,20.0,33
21839,1900,3,1,77.77,350.0,19.99,33
21840,1970,15,1,178.15,350.0,19.97,33
21841,1915,3,1,68.09,350.0,19.95,33
21843,1908,3,1,179.4,350.0,19.94,33
21845,1930,12,1,112.56,350.0,12.47,33
21847,1930,3,1,88.59,100.0,12.28,33
21848,1945,3,1,72.06,105.0,12.3,33
21849,2003,6,1,82.54,100.0,12.3,33
21850,1930,3,1,81.48,100.0,12.3,33
21855,2007,12,1,224.52,350.0,25.73,33
21856,1920,3,1,140.44,350.0,12.09,33
21857,1912,3,1,113.99,350.0,10.92,33
21858,1995,3,1,146.1,350.0,9.94,33
21859,1928,3,1,163.13,350.0,9.93,33
21860,1931,3,1,105.59,350.0,9.93,33
21861,1994,3,1,85.35,350.0,9.93,33
21864,1930,3,1,77.56,350.0,9.92,33
21866,1905,3,1,115.89,350.0,9.92,33
21867,1930,3,1,113.51,350.0,9.92,33
21869,1925,3,1,84.36,350.0,9.91,33
21870,1933,3,1,125.28,350.0,9.91,33
21871,1996,3,1,91.24,350.0,9.9,33
21872,1930,3,1,109.27,350.0,9.9,33
21873,2010,6,1,107.81,350.0,9.89,33
21876,1931,3,1,76.03,350.0,9.89,33
21877,1950,6,1,350.74,100.0,12.14,33
21878,1920,3,1,190.03,100.0,12.14,33
21880,1963,6,1,349.98,350.0,9.91,33
21883,2009,18,1,2589.9,170.0,15.95,33
21885,2021,12,1,459.23,110.0,12.22,33
21887,1930,3,1,94.27,350.0,6.89,33
21888,1930,3,1,85.29,350.0,6.89,33
21889,1930,3,1,68.85,350.0,6.89,33
21890,1930,3,1,69.76,350.0,6.89,33
21891,1930,3,1,87.24,350.0,6.89,33
21892,1930,3,1,93.83,350.0,6.89,33
21893,1930,3,1,115.82,350.0,6.88,33
21894,1930,3,1,122.96,350.0,6.88,33
21895,1930,3,1,90.27,350.0,6.88,33
21896,1930,3,1,89.66,350.0,6.88,33
21897,1930,3,1,95.84,350.0,6.88,33
21898,1930,3,1,100.59,350.0,6.87,33
21899,1930,3,1,85.69,350.0,6.87,33
21901,1958,3,1,166.91,100.0,11.74,33
21904,1930,3,1,121.55,100.0,11.76,33
21906,1930,3,1,147.74,100.0,11.73,33
21907,1944,6,1,157.59,170.0,14.57,33
21908,1930,3,1,103.66,170.0,9.87,33
21909,1930,3,1,63.05,170.0,9.89,33
21910,1930,3,1,93.23,170.0,9.9,33
21911,1930,3,1,81.69,170.0,9.9,33
21912,1930,3,1,103.32,170.0,9.91,33
21913,2021,9,1,83.21,170.0,9.91,33
21915,1930,3,1,95.88,170.0,9.91,33
21917,1950,3,1,94.35,170.0,9.91,33
21918,1940,3,1,111.91,170.0,9.92,33
21919,1972,3,1,132.29,170.0,9.92,33
21921,1986,3,1,107.44,170.0,9.92,33
21922,1950,9,1,124.09,170.0,9.92,33
21925,1929,3,1,118.39,170.0,9.93,33
21926,1940,3,1,140.4,170.0,9.93,33
21927,2002,9,1,443.98,170.0,9.89,33
21928,2005,9,1,195.72,350.0,6.87,33
21929,2007,9,1,174.93,170.0,9.81,33
21948,1999,12,1,701.39,255.0,15.82,33
21953,2003,3,1,1911.88,165.0,0.0,33
21956,1995,12,1,1117.71,255.0,15.78,33
21957,1975,3,1,74.17,335.0,5.89,33
21958,1935,3,1,69.97,335.0,5.88,33
21959,2022,6,1,43.38,335.0,5.87,33
21960,2022,9,1,94.33,335.0,5.86,33
21961,2006,3,1,245.87,335.0,5.84,33
21962,2008,3,1,422.71,335.0,5.81,33
21963,1999,3,1,298.45,335.0,5.78,33
21966,1950,3,1,172.26,335.0,5.76,33
21967,1975,3,1,166.69,335.0,5.75,33
21968,2022,9,1,80.29,80.0,6.53,33
21970,1950,3,1,155.09,80.0,6.55,33
21972,2000,3,1,102.28,80.0,6.56,33
21973,2009,9,1,324.44,80.0,6.57,33
21976,1905,3,1,130.71,80.0,6.58,33
21977,1937,9,1,182.41,80.0,6.58,33
21978,1910,6,1,101.09,80.0,6.58,33
21982,1955,3,1,80.32,155.0,0.0,33
21983,1976,3,1,49.52,155.0,5.77,33
21984,2016,9,1,65.47,155.0,5.81,33
21987,1960,3,1,96.99,155.0,5.85,33
21991,2012,21,1,446.48,65.0,0.0,33
21995,2010,15,1,559.14,335.0,0.0,33
21998,2011,12,1,244.68,335.0,0.0,33
22000,2018,9,1,123.23,80.0,6.54,33
22002,1986,9,1,82.56,155.0,10.32,33
22005,1923,3,1,268.53,265.0,17.66,33
22008,1910,3,1,69.6,335.0,6.07,33
22009,1910,3,1,63.93,335.0,6.05,33
22010,1931,3,1,122.71,335.0,6.04,33
22011,1950,6,1,75.97,335.0,6.03,33
22014,2018,6,1,108.06,335.0,6.02,33
22016,1910,3,1,170.96,335.0,6.01,33
22018,1890,3,1,187.86,335.0,6.0,33
22020,1900,3,1,115.69,335.0,5.98,33
22022,1926,3,1,171.06,335.0,5.97,33
22024,1900,6,1,118.55,335.0,5.96,33
22025,1900,3,1,124.5,335.0,5.95,33
22026,1991,6,1,98.32,335.0,5.94,33
22028,2016,9,1,116.34,335.0,5.92,33
22031,1958,9,1,117.06,335.0,5.9,33
22033,1900,3,1,126.74,335.0,5.9,33
22035,1964,3,1,192.3,335.0,5.89,33
22037,1940,3,1,101.7,335.0,5.88,33
22038,1950,3,1,111.09,335.0,5.86,33
22039,1910,3,1,111.14,335.0,5.83,33
22040,1905,9,1,137.76,335.0,5.8,33
22042,2003,6,1,113.53,335.0,5.77,33
22043,1955,6,1,129.12,335.0,5.74,33
22044,1966,6,1,82.21,335.0,5.71,33
22045,1890,6,1,83.39,335.0,5.69,33
22048,1935,3,1,99.89,80.0,20.52,33
22050,1924,3,1,49.76,80.0,19.21,33
22051,1930,3,1,142.96,80.0,19.27,33
22053,1880,3,1,124.95,80.0,19.33,33
22055,1920,9,1,124.44,80.0,20.35,33
22057,1900,9,1,130.16,80.0,21.79,33
22059,1900,3,1,112.99,80.0,27.98,33
22060,1973,9,1,104.72,80.0,36.44,33
22064,1935,9,1,75.5,80.0,95.0,33
22066,1920,9,1,108.48,165.0,23.77,33
22068,1964,3,1,85.13,80.0,6.69,33
22070,1898,3,1,74.27,80.0,6.74,33
22071,1967,6,1,96.42,165.0,42.42,33
22072,1965,9,1,92.14,170.0,27.8,33
22073,1942,3,1,139.09,165.0,23.03,33
22074,1989,3,1,197.35,165.0,21.95,33
22075,1890,3,1,98.68,165.0,17.99,33
22076,1880,3,1,100.24,165.0,17.28,33
22077,1954,9,1,98.54,165.0,16.83,33
22079,1990,3,1,70.93,165.0,14.89,33
22080,1880,3,1,66.11,165.0,14.55,33
22081,1905,3,1,102.72,165.0,16.72,33
22082,1910,3,1,83.62,265.0,7.01,33
22083,1980,3,1,46.5,80.0,0.0,33
22085,2001,9,1,520.23,165.0,19.44,33
22086,1900,3,1,50.66,80.0,79.3,33
22087,1937,3,1,283.68,80.0,54.67,33
22090,2006,9,1,241.3,165.0,15.76,33
22091,2008,9,1,358.86,265.0,6.78,33
22093,1961,9,1,101.86,265.0,23.04,33
22094,1900,6,1,183.37,350.0,5.7,33
22096,1960,3,1,111.51,350.0,5.71,33
22097,1880,3,1,100.34,350.0,5.6,33
22099,1880,3,1,94.66,350.0,5.58,33
22101,1936,3,1,76.85,350.0,5.58,33
22102,1900,3,1,92.92,350.0,5.57,33
22104,1900,3,1,79.03,350.0,5.53,33
22105,1900,3,1,89.36,350.0,5.54,33
22106,1895,3,1,83.27,350.0,5.54,33
22107,1895,3,1,89.27,350.0,5.54,33
22108,1976,3,1,196.73,350.0,5.54,33
22110,1930,3,1,87.62,350.0,5.53,33
22112,1900,9,1,80.33,350.0,5.49,33
22114,1900,6,1,96.69,350.0,5.45,33
22115,1900,3,1,165.04,350.0,5.42,33
22117,1900,3,1,73.76,350.0,5.39,33
22118,1900,3,1,108.45,350.0,5.32,33
22121,1900,9,1,121.29,350.0,5.28,33
22122,1936,3,1,148.93,350.0,5.24,33
22124,1900,3,1,193.19,155.0,5.76,33
22125,1900,3,1,113.31,155.0,5.75,33
22127,2003,3,1,182.7,80.0,8.76,33
22129,2023,9,1,193.03,155.0,6.38,33
22131,1936,9,1,57.87,155.0,5.84,33
22133,1940,3,1,80.65,155.0,5.86,33
22135,1915,6,1,111.74,155.0,5.88,33
22138,1968,3,1,214.46,155.0,5.89,33
22143,1957,9,1,207.23,265.0,7.18,33
22144,1880,6,1,87.7,265.0,7.2,33
22145,1900,3,1,271.89,265.0,7.21,33
22146,1930,9,1,59.59,265.0,7.23,33
22148,1965,9,1,40.84,265.0,7.25,33
22149,2001,6,1,130.23,350.0,5.69,33
22150,2001,3,1,133.85,350.0,5.55,33
22151,2005,6,1,61.77,155.0,5.83,33
22152,2005,6,1,59.72,350.0,5.36,33
22153,2006,3,1,316.29,350.0,5.62,33
22154,2022,9,1,100.24,350.0,5.55,33
22156,2023,6,1,66.08,155.0,5.92,33
22157,1885,6,1,86.18,20.0,13.7,33
22158,1990,9,1,235.56,20.0,10.33,33
22162,1940,6,1,270.21,20.0,7.07,33
22164,1880,6,1,81.69,20.0,7.05,33
22165,1880,3,1,264.94,20.0,7.05,33
22168,1880,3,1,240.71,20.0,7.09,33
22169,1936,9,1,397.55,20.0,7.08,33
22170,1985,3,1,184.27,20.0,7.04,33
22171,1900,3,1,66.77,20.0,7.01,33
22172,1900,3,1,52.62,15.0,7.01,33
22173,1900,6,1,180.1,20.0,6.99,33
22174,2000,6,1,90.56,20.0,6.97,33
22175,1940,6,1,59.67,20.0,6.96,33
22177,1880,3,1,55.52,20.0,6.95,33
22179,1880,3,1,213.83,80.0,11.34,33
22180,2002,9,1,90.64,80.0,6.84,33
22182,1900,9,1,98.13,80.0,6.8,33
22185,1931,12,1,79.64,80.0,6.76,33
22187,1900,9,1,92.49,80.0,6.73,33
22189,1900,9,1,83.28,80.0,6.7,33
22191,1880,3,1,65.9,170.0,5.09,33
22192,1936,6,1,69.78,170.0,5.13,33
22194,1880,3,1,77.48,170.0,5.14,33
22195,1900,3,1,76.02,170.0,5.18,33
22196,1922,9,1,65.76,170.0,5.21,33
22197,1900,9,1,70.65,170.0,5.24,33
22199,2008,9,1,61.45,170.0,5.27,33
22201,1900,3,1,75.16,170.0,5.31,33
22202,1900,3,1,76.99,170.0,5.35,33
22203,1900,9,1,50.14,170.0,5.37,33
22205,1900,3,1,66.0,170.0,5.41,33
22207,1991,3,1,1089.02,170.0,5.56,33
22208,1926,6,1,104.53,170.0,5.62,33
22209,2019,9,1,117.66,170.0,5.67,33
22211,1997,6,1,81.63,170.0,5.69,33
22213,1900,3,1,79.42,170.0,5.7,33
22214,1900,6,1,95.7,170.0,5.71,33
22216,1900,3,1,139.89,170.0,5.71,33
22217,1890,3,1,133.15,265.0,19.01,33
22219,1885,12,1,62.35,265.0,18.93,33
22222,1900,9,1,44.18,265.0,18.93,33
22224,1972,9,1,48.93,265.0,18.93,33
22225,1900,3,1,61.08,265.0,18.93,33
22226,1962,6,1,84.94,265.0,18.94,33
22228,1900,3,1,87.28,265.0,18.93,33
22230,2020,6,1,66.87,265.0,18.93,33
22231,2023,6,1,64.71,265.0,18.93,33
22233,1905,3,1,145.99,265.0,18.88,33
22235,1892,3,1,67.68,265.0,18.86,33
22236,1905,3,1,64.41,265.0,18.82,33
22237,2002,6,1,59.79,265.0,18.79,33
22238,1938,9,1,69.74,265.0,18.77,33
22239,1925,9,1,88.41,265.0,18.73,33
22241,1900,3,1,81.24,265.0,18.72,33
22242,1936,9,1,86.24,265.0,18.69,33
22244,1950,3,1,110.66,265.0,18.65,33
22246,1986,6,1,138.36,170.0,5.45,33
22248,1986,6,1,133.3,170.0,5.5,33
22250,2012,6,1,30.94,170.0,5.53,33
22252,1992,6,1,187.23,170.0,5.66,33
22254,2005,3,1,359.26,20.0,7.08,33
22257,2004,3,1,199.36,20.0,7.04,33
22258,2001,6,1,148.78,20.0,7.04,33
22261,1900,6,1,267.09,325.0,92.59,33
22263,1900,3,1,89.88,345.0,5.47,33
22264,1900,9,1,225.05,345.0,5.43,33
22265,1900,9,1,118.91,345.0,5.4,33
22266,1900,9,1,108.09,345.0,5.37,33
22267,1900,3,1,170.8,345.0,5.37,33
22271,1954,6,1,299.96,345.0,5.14,60
22272,1900,3,1,179.59,345.0,4.95,33
22273,1900,6,1,162.14,345.0,4.83,60
22274,1934,12,1,300.37,345.0,4.74,33
22278,1946,3,1,726.03,40.0,37.51,33
22279,2006,6,1,110.36,80.0,6.94,33
22283,1920,3,1,100.69,80.0,6.93,33
22285,1900,3,1,89.4,80.0,6.93,33
22286,1900,12,1,217.14,75.0,6.94,33
22288,1963,3,1,218.74,80.0,6.92,33
22289,1900,6,1,95.76,80.0,6.93,33
22290,1945,3,1,75.22,80.0,6.93,33
22291,1974,9,1,60.03,80.0,6.93,33
22292,1900,3,1,421.55,80.0,6.93,33
22295,1900,3,1,76.44,200.0,7.08,33
22296,1900,3,1,69.53,200.0,7.09,33
22297,1900,3,1,70.53,200.0,7.1,33
22299,2002,3,1,42.74,200.0,7.1,33
22302,1997,3,1,54.67,200.0,7.09,33
22304,2006,9,1,67.33,200.0,7.09,33
22306,1900,12,1,88.7,200.0,7.08,33
22308,1976,12,1,472.95,200.0,7.07,33
22311,1900,3,1,193.17,200.0,7.04,33
22313,1900,9,1,141.71,200.0,7.04,33
22317,1900,6,1,146.73,200.0,7.06,33
22319,1993,6,1,101.78,235.0,5.8,33
22321,1890,9,1,137.74,235.0,5.68,33
22322,1900,9,1,137.16,235.0,5.71,33
22323,1915,9,1,106.16,235.0,5.73,33
22325,1900,9,1,112.08,235.0,5.82,33
22327,1900,9,1,361.19,235.0,5.93,33
22329,1910,3,1,56.6,230.0,6.18,33
22333,1900,3,1,99.49,230.0,5.76,33
22334,1989,3,1,79.61,80.0,6.93,33
22336,1989,3,1,116.43,80.0,6.94,33
22337,1989,3,1,115.78,80.0,6.94,33
22339,1900,9,1,64.11,80.0,6.93,33
22341,1994,3,1,879.83,200.0,7.05,33
22342,2000,3,1,148.15,250.0,7.04,33
22343,2000,3,1,117.82,245.0,7.3,33
22344,2003,3,1,743.24,270.0,65.24,33
22345,2005,6,1,139.99,245.0,6.95,33
22346,1900,3,1,210.63,345.0,5.5,33
22347,2003,3,1,302.73,235.0,6.06,33
22348,2005,6,1,887.56,345.0,4.85,33
22349,2020,9,1,102.61,80.0,6.94,33
22352,1880,3,1,116.29,80.0,5.51,33
22353,1900,6,1,85.77,80.0,5.41,33
22355,1890,3,1,60.06,80.0,5.34,33
22361,2009,9,1,183.67,80.0,5.5,33
22362,2009,9,1,85.17,80.0,5.54,33
22363,1910,9,1,126.11,80.0,5.58,33
22364,1936,9,1,128.29,80.0,5.62,33
22365,1900,3,1,122.64,80.0,5.71,33
22366,1890,3,1,108.04,80.0,5.75,33
22368,1936,3,1,73.43,80.0,5.8,33
22369,1936,3,1,68.01,80.0,5.85,33
22370,1936,3,1,356.92,80.0,5.91,33
22372,1936,3,1,261.74,250.0,17.99,33
22374,1927,3,1,69.8,250.0,5.23,33
22376,1900,3,1,107.67,250.0,5.29,33
22378,1962,12,1,42.33,335.0,5.07,33
22381,1900,3,1,38.33,335.0,5.09,33
22382,1900,9,1,45.4,335.0,5.11,33
22384,1990,9,1,47.21,335.0,5.13,33
22385,1905,3,1,118.17,80.0,5.88,33
22386,1880,6,1,64.64,80.0,5.85,33
22388,1990,9,1,194.21,80.0,5.85,33
22390,1900,3,1,71.3,80.0,5.8,33
22391,1920,9,1,96.76,80.0,5.76,33
22393,1936,9,1,198.21,80.0,5.72,33
22395,1997,6,1,85.84,80.0,9.7,33
22396,1927,9,1,46.27,155.0,4.75,33
22397,1954,3,1,93.22,155.0,4.95,33
22399,1965,12,1,441.18,250.0,5.92,33
22400,1900,3,1,88.66,250.0,5.96,33
22401,1900,9,1,112.77,250.0,5.96,33
22403,1944,6,1,114.88,250.0,5.97,33
22405,1880,3,1,109.12,250.0,5.98,33
22406,1880,9,1,142.62,250.0,5.99,33
22407,1959,9,1,148.25,250.0,5.99,33
22409,1910,12,1,99.07,250.0,6.0,33
22411,1880,3,1,34.03,335.0,5.06,33
22412,2002,3,1,243.31,155.0,4.83,33
22415,1980,6,1,217.78,335.0,11.94,33
22416,1938,3,1,64.62,335.0,5.23,33
22417,1880,9,1,78.41,335.0,5.23,33
22418,1880,3,1,91.36,335.0,5.24,33
22419,1924,3,1,83.8,335.0,5.25,33
22420,1942,6,1,54.42,335.0,5.25,33
22421,1910,3,1,64.76,335.0,5.25,33
22422,1945,3,1,72.44,335.0,5.25,33
22424,1980,12,1,151.76,335.0,5.26,33
22426,1952,3,1,232.57,80.0,6.56,33
22427,1900,3,1,91.0,80.0,6.52,33
22428,1920,3,1,119.01,80.0,6.44,33
22430,1926,3,1,278.37,80.0,6.29,33
22431,1880,3,1,101.57,80.0,6.26,33
22432,1945,9,1,121.1,80.0,6.23,33
22435,1943,6,1,210.68,80.0,6.15,33
22437,2020,6,1,57.21,155.0,5.16,33
22439,2007,9,1,43.31,155.0,5.15,33
22440,1962,3,1,61.27,155.0,5.14,33
22441,1900,3,1,60.81,155.0,5.12,33
22443,1900,3,1,55.18,155.0,5.11,33
22444,2001,9,1,49.65,155.0,5.1,33
22446,1880,3,1,78.85,155.0,5.09,33
22447,1880,6,1,44.78,155.0,5.08,33
22449,1930,3,1,97.95,155.0,5.06,33
22450,1942,6,1,63.63,155.0,5.06,33
22452,1946,6,1,69.23,155.0,5.04,33
22453,1967,3,1,57.32,250.0,6.04,33
22454,1960,6,1,43.2,250.0,6.05,33
22455,1900,6,1,44.34,250.0,6.06,33
22456,1900,6,1,52.81,250.0,6.06,33
22460,1965,6,1,77.41,250.0,6.08,33
22461,1900,9,1,92.27,250.0,6.09,33
22463,1920,3,1,58.3,250.0,6.1,33
22464,1998,9,1,121.92,250.0,6.12,33
22466,1900,6,1,144.57,80.0,6.38,33
22468,1936,3,1,75.71,335.0,36.99,33
22470,1936,3,1,71.75,335.0,37.03,33
22471,1880,3,1,72.83,335.0,37.02,33
22473,2023,9,1,258.05,245.0,38.68,33
22475,1900,3,1,125.05,335.0,10.7,33
22476,1918,15,1,181.0,335.0,10.69,33
22479,1896,9,1,87.32,335.0,10.67,33
22480,1900,3,1,171.9,335.0,10.66,33
22482,1945,3,1,202.61,335.0,10.65,33
22484,1923,12,1,131.65,335.0,10.64,33
22486,1942,6,1,63.11,155.0,5.26,33
22489,1900,3,1,99.77,335.0,10.61,33
22490,1902,3,1,110.09,335.0,10.6,33
22491,1966,12,1,145.29,335.0,10.58,33
22494,1936,9,1,109.16,335.0,10.56,33
22495,1936,3,1,91.51,335.0,10.56,33
22496,1880,12,1,143.4,335.0,10.54,33
22498,1987,15,1,270.62,350.0,37.43,33
22500,1936,3,1,76.26,155.0,5.29,33
22501,1936,6,1,67.37,155.0,5.31,33
22502,1960,3,1,64.44,155.0,5.25,33
22503,1976,3,1,85.57,155.0,5.23,33
22504,1936,3,1,185.45,250.0,6.19,33
22505,1902,3,1,100.92,335.0,10.6,33
22506,1902,3,1,95.66,155.0,5.3,33
22508,1902,9,1,94.4,155.0,5.3,33
22510,1880,3,1,135.44,335.0,10.62,33
22512,1939,9,1,112.75,245.0,5.75,33
22515,1900,6,1,195.89,335.0,5.37,33
22517,1930,3,1,203.15,335.0,5.34,33
22518,1930,9,1,101.09,335.0,5.3,33
22520,1900,3,1,94.01,335.0,5.26,33
22522,1993,12,1,1081.65,155.0,10.56,33
22523,1992,3,1,116.98,335.0,5.15,33
22524,1987,3,1,93.3,70.0,6.1,33
22525,1987,3,1,93.98,335.0,5.1,33
22526,1987,3,1,86.68,335.0,5.12,33
22528,1936,9,1,119.3,155.0,10.61,33
22529,1955,6,1,186.81,155.0,10.62,33
22530,1900,6,1,104.62,155.0,10.64,33
22531,1920,12,1,75.25,155.0,10.65,33
22532,1948,6,1,329.9,155.0,10.67,33
22534,1968,12,1,96.5,155.0,10.7,33
22535,1968,12,1,277.31,245.0,26.78,33
22537,1880,3,1,86.86,155.0,37.06,33
22538,1880,3,1,77.99,150.0,37.05,33
22540,1880,3,1,61.19,150.0,37.01,33
22542,1900,3,1,54.01,245.0,5.72,33
22543,1994,3,1,163.87,345.0,14.16,33
22544,1993,12,1,216.5,165.0,10.54,33
22547,1900,9,1,115.31,170.0,10.38,33
22549,2003,9,1,97.67,170.0,10.39,33
22551,1996,3,1,70.75,170.0,10.39,33
22552,1964,3,1,156.87,170.0,10.4,33
22554,2000,3,1,98.67,170.0,10.38,33
22555,2000,12,1,72.05,170.0,10.37,33
22556,1925,3,1,184.77,250.0,6.05,33
22557,1880,9,1,154.09,250.0,6.08,33
22560,1900,3,1,137.33,250.0,6.1,33
22562,1900,6,1,283.43,335.0,8.34,33
22563,1956,3,1,266.56,330.0,17.85,33
22565,1980,3,1,105.17,335.0,0.0,33
22567,2006,3,1,103.84,155.0,4.84,33
22568,1900,3,1,84.81,155.0,4.82,33
22569,1920,3,1,91.35,155.0,4.85,33
22570,1900,3,1,77.49,155.0,4.87,33
22571,1900,3,1,88.43,155.0,4.89,33
22572,1992,6,1,104.34,155.0,4.93,33
22574,1992,6,1,123.15,250.0,5.63,33
22576,1900,6,1,121.66,250.0,5.69,33
22578,1900,6,1,90.2,250.0,5.72,33
22580,1900,6,1,156.26,250.0,5.74,33
22581,2021,9,1,144.22,245.0,5.78,33
22582,1900,9,1,100.02,250.0,5.8,33
22583,2021,9,1,64.24,250.0,5.83,33
22585,1900,3,1,80.76,250.0,5.85,33
22586,1900,3,1,120.76,250.0,10.7,33
22587,1900,6,1,90.56,250.0,15.58,33
22589,1900,3,1,74.88,250.0,5.79,33
22590,1900,3,1,118.94,250.0,5.77,33
22591,1900,3,1,112.68,250.0,5.76,33
22592,2001,9,1,135.73,250.0,5.74,33
22594,2011,9,1,61.13,250.0,5.73,33
22597,1901,3,1,114.99,250.0,5.64,33
22599,1900,3,1,101.05,250.0,5.63,33
22600,1880,3,1,101.98,250.0,5.61,33
22601,1900,3,1,107.17,250.0,5.59,33
22602,1900,3,1,101.9,250.0,5.58,33
22603,1923,6,1,78.06,250.0,5.57,33
22604,1914,3,1,101.64,250.0,5.55,33
22605,1890,3,1,75.29,250.0,5.53,33
22606,1900,3,1,92.32,250.0,5.52,33
22607,1900,9,1,55.01,250.0,5.5,33
22609,1900,3,1,71.21,250.0,5.49,33
22610,1900,3,1,64.86,250.0,5.47,33
22611,1900,3,1,73.77,250.0,5.46,33
22613,1900,9,1,192.37,250.0,5.44,33
22615,1997,12,1,573.93,170.0,18.96,33
22617,2011,15,1,870.86,345.0,10.28,33
22620,2009,18,1,307.87,150.0,0.0,33
22623,2010,18,1,702.03,340.0,8.3,33
22628,2000,9,1,1609.45,255.0,12.96,33
22631,2007,15,1,1978.85,10.0,45.88,33
22632,2002,12,1,506.01,45.0,15.54,33
22634,1950,3,1,26.67,350.0,13.84,33
22638,1960,3,1,202.15,350.0,67.57,33
22640,1950,3,1,43.2,255.0,2.3,33
22641,2023,6,1,157.9,80.0,9.88,33
22643,1950,3,1,52.55,250.0,3.17,33
22644,1950,6,1,206.63,350.0,13.85,33
22646,1955,6,1,75.06,80.0,9.87,33
22648,1973,9,1,85.62,80.0,9.88,33
22650,1955,3,1,146.18,80.0,9.87,33
22651,1920,3,1,145.49,80.0,9.88,33
22652,2004,6,1,88.4,80.0,9.88,33
22654,1955,3,1,85.25,80.0,9.88,33
22655,1955,3,1,80.89,80.0,9.88,33
22656,1965,15,1,542.53,80.0,9.89,33
22657,2007,9,1,231.63,80.0,9.89,33
22658,1960,3,1,102.74,80.0,9.9,33
22659,1955,3,1,120.99,80.0,9.91,33
22660,1950,3,1,87.32,80.0,11.17,33
22661,1932,3,1,127.67,80.0,99.68,33
22663,1996,6,1,119.47,80.0,inf,33
22664,1915,3,1,155.89,80.0,9.95,33
22666,1960,18,1,105.61,80.0,9.91,33
22667,1965,6,1,250.27,80.0,9.78,33
22668,1965,6,1,231.33,80.0,25.06,33
22669,1990,12,1,95.69,80.0,19.06,33
22671,1990,3,1,97.81,80.0,10.06,33
22672,1947,3,1,112.61,80.0,10.06,33
22673,1955,3,1,181.73,80.0,10.07,33
22675,2006,9,1,204.2,80.0,10.08,33
22676,1973,3,1,142.58,80.0,10.08,33
22677,1955,3,1,99.19,80.0,10.09,33
22678,2007,9,1,186.38,80.0,9.72,33
22679,1976,9,1,140.21,80.0,9.72,33
22681,1950,3,1,226.83,260.0,21.48,33
22682,2020,6,1,97.7,270.0,16.93,33
22685,1955,3,1,111.56,270.0,16.26,33
22686,1998,3,1,127.26,265.0,15.56,33
22687,1915,3,1,108.44,265.0,15.18,33
22688,1986,3,1,133.58,260.0,15.05,33
22689,1960,6,1,165.62,260.0,15.22,33
22691,1921,3,1,197.42,255.0,15.66,33
22693,1965,3,1,238.54,80.0,102.65,33
22694,1906,3,1,141.67,80.0,71.69,33
22696,2005,3,1,100.53,80.0,9.78,33
22697,1917,3,1,143.91,250.0,19.94,33
22699,1920,3,1,134.03,80.0,9.8,33
22702,1972,9,1,280.75,250.0,17.26,33
22704,2003,12,1,305.55,80.0,9.86,33
22706,1996,6,1,196.11,195.0,58.84,33
22707,1970,6,1,118.43,270.0,9.94,33
22708,1945,3,1,77.19,270.0,9.94,33
22709,1960,3,1,79.07,275.0,9.97,33
22710,1988,9,1,130.51,270.0,9.96,33
22712,1988,3,1,114.91,270.0,9.98,33
22713,2021,12,1,94.33,270.0,9.98,33
22716,1996,12,1,80.98,270.0,9.97,33
22718,2023,3,1,63.35,80.0,0.0,33
22719,1950,6,1,85.21,270.0,9.96,33
22722,1950,3,1,83.87,270.0,9.94,33
22723,1975,3,1,133.14,270.0,9.94,33
22725,1998,9,1,223.23,350.0,47.6,33
22726,2001,9,1,317.8,80.0,9.87,33
22727,1955,3,1,105.22,80.0,9.81,33
22728,1950,3,1,95.52,255.0,19.12,33
22729,1970,3,1,62.9,285.0,0.0,33
22730,2005,3,1,189.28,185.0,12.01,33
22731,2006,9,1,339.18,255.0,13.0,33
22732,2008,6,1,41.73,350.0,0.0,33
22733,2007,12,1,269.0,270.0,9.91,33
22735,1950,3,1,80.11,350.0,13.82,33
22736,1900,3,1,178.81,255.0,22.27,33
22737,2022,6,1,127.34,80.0,9.72,33
22738,2022,9,1,55.89,175.0,9.31,33
22740,2002,12,1,505.95,80.0,0.0,33
22741,1965,6,1,137.68,355.0,11.71,33
22742,1960,3,1,109.14,355.0,11.71,33
22743,1950,3,1,120.62,80.0,9.69,33
22745,1945,6,1,107.97,265.0,10.88,33
22747,1945,3,1,84.27,265.0,13.69,33
22748,1933,3,1,87.85,265.0,18.21,33
22749,1945,3,1,93.92,265.0,18.97,33
22751,2003,6,1,107.04,80.0,9.87,33
22752,1945,3,1,148.59,80.0,9.9,33
22753,1945,3,1,98.25,80.0,9.93,33
22754,1923,3,1,107.3,265.0,16.99,33
22755,1945,3,1,83.08,265.0,14.02,33
22756,1950,9,1,185.5,80.0,16.31,33
22758,1950,3,1,183.5,80.0,87.36,33
22759,1945,3,1,122.04,80.0,inf,33
22760,1960,3,1,160.0,80.0,9.82,33
22761,1945,3,1,122.18,80.0,9.84,33
22762,1945,3,1,142.4,80.0,9.84,33
22763,1950,3,1,159.26,80.0,9.85,33
22764,1945,6,1,141.41,80.0,9.87,33
22766,1950,6,1,194.0,80.0,9.88,33
22768,1950,3,1,92.3,80.0,9.89,33
22769,1931,3,1,73.0,80.0,9.9,33
22771,1980,12,1,130.4,80.0,9.91,33
22774,1975,12,1,520.73,170.0,13.86,33
22775,1965,3,1,140.02,170.0,13.89,33
22778,1950,6,1,93.97,260.0,3.56,33
22779,1945,3,1,64.84,265.0,16.83,33
22780,1945,3,1,60.62,260.0,3.54,33
22781,1960,3,1,117.74,320.0,27.41,33
22783,1960,3,1,62.62,355.0,11.46,33
22784,1960,3,1,96.52,355.0,11.57,33
22785,1960,3,1,79.71,355.0,57.43,33
22786,1960,6,1,51.6,355.0,100.64,33
22789,1950,3,1,80.95,355.0,11.7,33
22791,1955,12,1,131.09,105.0,9.01,33
22793,1950,3,1,83.89,100.0,11.04,33
22794,1945,3,1,79.9,100.0,12.9,33
22795,1955,6,1,162.65,105.0,15.14,33
22797,1950,9,1,228.6,85.0,18.96,33
22799,1990,3,1,118.71,265.0,11.76,33
22800,1955,3,1,162.78,265.0,11.82,33
22801,1955,6,1,97.24,265.0,11.84,33
22803,1940,3,1,83.02,80.0,6.05,33
22804,1940,3,1,65.94,80.0,3.69,33
22805,1945,3,1,89.71,80.0,3.54,33
22806,1945,3,1,96.74,80.0,3.54,33
22807,1940,3,1,72.42,80.0,3.55,33
22808,1940,3,1,64.23,80.0,3.55,33
22809,1958,3,1,54.82,80.0,3.56,33
22810,1940,3,1,74.03,80.0,3.56,33
22811,1960,6,1,63.05,170.0,13.86,33
22813,1984,6,1,100.78,170.0,13.84,33
22815,1979,12,1,223.07,170.0,13.83,33
22817,1976,6,1,79.84,170.0,13.81,33
22819,1950,9,1,157.29,170.0,13.8,33
22821,1950,6,1,112.22,170.0,13.79,33
22822,1945,3,1,116.22,170.0,13.79,33
22825,2000,9,1,124.02,220.0,22.97,33
22827,2002,3,1,51.27,265.0,11.84,33
22828,1965,6,1,129.37,265.0,11.79,33
22831,1950,9,1,86.33,265.0,11.76,33
22833,1945,3,1,86.97,265.0,11.92,33
22835,1945,6,1,105.44,265.0,15.89,33
22837,1945,6,1,106.11,265.0,inf,33
22839,1950,3,1,105.57,265.0,105.4,33
22840,1965,3,1,107.92,265.0,17.7,33
22841,1950,3,1,91.94,265.0,12.75,33
22842,1960,3,1,57.66,265.0,11.74,33
22843,1960,3,1,60.68,265.0,11.7,33
22844,1960,3,1,51.86,265.0,11.68,33
22845,1960,3,1,83.57,265.0,11.65,33
22846,1960,3,1,84.69,265.0,11.62,33
22847,1960,3,1,81.52,265.0,11.6,33
22848,1990,3,1,108.39,265.0,11.79,33
22849,1978,3,1,61.79,80.0,3.57,33
22850,1950,6,1,112.09,355.0,29.54,33
22851,1950,6,1,116.42,355.0,30.94,33
22852,1950,3,1,81.89,85.0,16.77,33
22853,1950,3,1,68.64,175.0,6.48,33
22854,1950,3,1,70.45,175.0,6.55,33
22855,1950,3,1,74.72,265.0,8.02,33
22856,1950,3,1,64.5,355.0,8.33,33
22857,1950,3,1,54.29,355.0,6.54,33
22861,1975,15,1,230.86,80.0,9.79,33
22862,1960,6,1,127.9,80.0,9.74,33
22863,1966,3,1,100.58,175.0,11.71,33
22864,1950,3,1,16.44,175.0,55.31,33
22865,1950,6,1,160.42,175.0,18.89,33
22866,1950,6,1,203.74,265.0,7.52,33
22867,1950,3,1,72.29,265.0,7.58,33
22868,1950,3,1,39.75,265.0,7.6,33
22869,1950,3,1,26.58,175.0,11.7,33
22870,2008,12,1,124.31,80.0,9.87,33
22872,1950,6,1,53.41,305.0,50.18,33
22873,1950,6,1,59.81,355.0,29.5,33
22874,1950,3,1,58.2,85.0,8.0,33
22875,1978,6,1,64.64,85.0,8.02,33
22876,1950,3,1,79.54,85.0,37.17,33
22877,1950,3,1,83.73,85.0,26.94,33
22878,1950,3,1,77.65,85.0,7.61,33
22879,1950,3,1,76.61,85.0,7.58,33
22880,1950,3,1,70.42,85.0,7.54,33
22881,1950,3,1,82.11,85.0,7.51,33
22882,1950,3,1,81.51,85.0,7.48,33
22883,1950,3,1,68.94,85.0,7.45,33
22884,1950,3,1,75.65,175.0,11.55,33
22885,1955,3,1,63.49,225.0,26.41,33
22886,1950,3,1,82.37,265.0,11.64,33
22887,1950,3,1,72.68,265.0,11.66,33
22888,1950,3,1,86.1,265.0,11.68,33
22889,1958,3,1,58.04,265.0,11.71,33
22890,1968,6,1,71.13,265.0,11.72,33
22891,1958,3,1,60.09,265.0,11.75,33
22892,1950,3,1,56.51,265.0,11.78,33
22893,1959,3,1,76.41,265.0,11.79,33
22894,1958,3,1,69.96,265.0,11.82,33
22895,1950,6,1,89.5,265.0,11.84,33
22896,1972,15,1,313.4,310.0,25.95,33
22897,1978,21,1,220.35,355.0,11.88,33
22900,2008,9,1,601.45,355.0,11.91,33
22902,1998,12,1,280.88,355.0,11.94,33
22904,1974,9,1,254.82,40.0,27.12,33
22906,1950,9,1,140.05,85.0,11.97,33
22907,1984,15,1,480.29,130.0,48.01,33
22908,2007,15,1,1563.17,220.0,42.83,33
22909,2021,6,1,84.25,90.0,12.03,33
22911,2022,6,1,87.91,90.0,12.08,33
22914,1939,3,1,101.74,315.0,27.85,33
22915,1957,6,1,135.77,0.0,11.81,33
22917,1994,9,1,90.6,0.0,11.82,33
22919,1960,9,1,111.93,0.0,11.83,33
22922,2021,6,1,84.47,0.0,11.85,33
22924,1942,3,1,139.98,0.0,11.86,33
22925,1999,3,1,79.49,0.0,11.88,33
22926,2000,9,1,174.31,85.0,12.01,33
22927,1998,3,1,93.81,85.0,11.99,33
22928,1991,9,1,288.15,85.0,11.96,33
22929,1989,9,1,226.16,85.0,11.94,33
22931,1992,3,1,230.19,85.0,11.92,33
22932,2008,9,1,204.82,135.0,27.26,33
22934,1983,9,1,196.92,180.0,11.96,33
22935,1959,21,1,368.13,220.0,26.46,33
22936,1986,6,1,268.89,265.0,11.98,33
22938,2005,9,1,209.52,45.0,26.81,33
22939,1941,3,1,32.65,265.0,11.96,33
22940,1941,3,1,105.67,265.0,11.95,33
22942,2004,3,1,223.84,265.0,11.99,33
22945,1930,3,1,128.99,265.0,12.11,33
22947,1930,3,1,131.33,265.0,12.11,33
22948,1930,3,1,108.78,265.0,12.11,33
22949,2023,12,1,85.7,265.0,12.11,33
22951,1930,3,1,121.02,265.0,12.1,33
22952,1930,3,1,134.08,180.0,11.92,33
22954,1984,3,1,162.49,180.0,11.9,33
22956,1930,3,1,144.12,180.0,11.89,33
22958,1930,3,1,149.35,180.0,11.87,33
22959,2008,9,1,149.62,180.0,11.86,33
22960,1930,3,1,120.12,180.0,11.83,33
22961,1997,9,1,121.64,220.0,26.96,33
22962,1943,3,1,134.34,265.0,12.07,33
22963,1961,6,1,126.9,265.0,12.08,33
22966,1930,6,1,128.0,265.0,12.08,33
22967,2005,3,1,84.92,265.0,12.09,33
22968,2004,3,1,87.48,265.0,12.1,33
22969,1991,3,1,131.74,85.0,12.13,33
22971,1995,9,1,164.52,135.0,27.46,33
22973,1996,15,1,1189.89,355.0,19.71,33
22977,2002,12,1,382.76,310.0,31.5,33
22978,1996,6,1,177.95,45.0,34.02,33
22980,2001,9,1,287.12,0.0,21.16,33
22981,2000,21,1,335.3,355.0,26.73,33
22982,1994,12,1,993.83,175.0,20.89,33
22983,2007,12,1,127.84,0.0,27.55,33
22984,1995,6,1,88.56,0.0,54.75,33
22985,1962,3,1,91.67,0.0,53.21,33
22986,1963,3,1,130.34,0.0,35.17,33
22987,2001,3,1,120.76,0.0,35.17,33
22988,1999,3,1,240.19,175.0,13.72,33
22989,1957,3,1,110.48,180.0,13.55,33
22992,1963,3,1,88.03,265.0,23.69,33
22993,2005,3,1,85.09,265.0,11.79,33
22994,2004,3,1,82.85,265.0,11.82,33
22995,1963,3,1,112.51,265.0,11.85,33
22996,2002,6,1,56.63,265.0,11.88,33
22998,1998,9,1,409.74,140.0,25.6,33
23000,1999,6,1,240.18,180.0,13.78,33
23003,2000,9,1,740.93,175.0,32.71,33
23005,2000,21,1,337.6,175.0,22.31,33
23006,2001,3,1,928.08,25.0,42.1,33
23007,1972,39,1,409.96,90.0,41.42,33
23010,1994,27,1,715.23,265.0,22.77,33
23012,1975,30,1,330.63,45.0,51.1,33
23013,1975,30,1,330.63,45.0,51.06,33
23016,1978,3,1,230.15,120.0,7.31,33
23019,1980,3,1,178.55,145.0,10.08,33
23021,2012,6,1,200.39,330.0,23.54,33
23025,1970,6,1,57.86,50.0,5.16,33
23028,1970,6,1,80.69,25.0,6.92,33
23030,1970,3,1,350.75,200.0,3.52,33
23036,1982,6,1,97.2,200.0,4.22,33
23039,2007,3,1,221.51,20.0,4.36,33
23041,2009,6,1,171.72,20.0,3.88,33
23042,1979,6,1,124.28,25.0,3.39,33
23045,1998,3,1,215.51,15.0,1.19,33
23049,1900,3,1,223.35,330.0,0.0,33
23054,1984,15,1,181.17,280.0,30.91,33
23056,1969,3,1,151.16,350.0,9.57,33
23057,1935,3,1,92.78,350.0,9.65,33
23058,1935,6,1,118.41,350.0,9.7,33
23060,1936,3,1,102.63,110.0,0.0,33
23063,1958,3,1,112.61,350.0,9.88,33
23064,1936,3,1,396.6,285.0,11.56,33
23067,2006,9,1,162.87,295.0,11.45,33
23072,1932,3,1,103.79,285.0,23.06,33
23074,1900,3,1,117.93,260.0,6.88,33
23075,1948,3,1,48.99,15.0,6.64,33
23076,1920,3,1,49.97,15.0,6.6,33
23077,1880,6,1,130.06,15.0,6.55,33
23080,2006,9,1,67.69,15.0,6.51,33
23083,1931,9,1,69.72,15.0,6.45,33
23085,2009,6,1,183.66,15.0,10.58,33
23086,1920,6,1,102.99,15.0,10.92,33
23088,2020,9,1,65.38,15.0,6.3,33
23091,1952,3,1,210.64,15.0,6.38,33
23092,1980,6,1,116.58,15.0,6.46,33
23093,1936,3,1,120.15,15.0,6.52,33
23095,1900,3,1,153.84,15.0,6.64,33
23096,1880,3,1,116.51,15.0,6.69,33
23098,2004,3,1,328.83,15.0,11.98,33
23100,2024,9,1,45.98,190.0,5.48,33
23102,1926,3,1,47.65,190.0,5.45,33
23103,1900,3,1,58.47,190.0,5.39,33
23104,1900,6,1,40.15,190.0,5.36,33
23105,1941,3,1,38.71,190.0,5.32,33
23107,1900,3,1,48.26,260.0,35.98,33
23109,1900,3,1,47.81,260.0,6.64,33
23110,1900,3,1,65.75,260.0,6.66,33
23112,1890,3,1,63.15,260.0,6.7,33
23113,1900,3,1,87.5,260.0,6.73,33
23115,1890,3,1,75.07,260.0,6.76,33
23116,1907,6,1,80.33,260.0,6.8,33
23117,1936,6,1,86.41,260.0,6.82,33
23119,1934,3,1,107.65,190.0,5.28,33
23120,2008,6,1,38.9,15.0,6.58,33
23121,2008,3,1,52.48,190.0,5.5,33
23122,1947,6,1,340.52,330.0,40.62,33
23124,2009,9,1,415.35,40.0,10.99,33
23125,1975,3,1,204.89,40.0,12.76,33
23126,1900,9,1,122.16,255.0,6.95,33
23128,1955,9,1,117.43,260.0,6.94,33
23130,1970,3,1,88.96,40.0,8.84,33
23132,1987,3,1,109.33,90.0,7.68,33
23133,1955,3,1,123.22,90.0,5.55,33
23135,1920,6,1,107.69,90.0,5.55,33
23137,1950,3,1,114.27,90.0,5.56,33
23140,1942,3,1,86.52,195.0,6.37,33
23141,1882,6,1,87.19,195.0,6.42,33
23142,1960,3,1,108.85,195.0,6.46,33
23143,1960,12,1,64.32,195.0,6.5,33
23146,1900,3,1,88.89,195.0,6.55,33
23148,1950,3,1,85.63,195.0,6.6,33
23149,1880,6,1,90.08,195.0,6.65,33
23150,1945,3,1,90.56,195.0,6.69,33
23152,2023,9,1,48.32,195.0,6.73,33
23153,1920,6,1,51.13,195.0,6.77,33
23154,1960,6,1,55.78,195.0,6.82,33
23155,1954,3,1,75.33,260.0,6.93,33
23156,1955,3,1,102.29,260.0,6.93,33
23157,1973,3,1,299.94,260.0,6.93,33
23158,1968,3,1,151.99,260.0,6.93,33
23159,1954,3,1,91.5,260.0,6.93,33
23160,1880,6,1,96.76,260.0,6.93,33
23162,2000,3,1,275.63,260.0,6.92,33
23163,1974,15,1,302.06,260.0,6.92,33
23168,2003,6,1,111.85,260.0,6.88,33
23169,1911,3,1,117.85,260.0,6.9,33
23170,2022,9,1,93.31,260.0,6.91,33
23174,2008,6,1,75.94,260.0,6.91,33
23176,2002,3,1,190.88,260.0,6.94,33
23177,1950,9,1,126.16,260.0,6.94,33
23179,1952,9,1,99.6,260.0,6.94,33
23180,2017,12,1,78.82,260.0,6.94,33
23181,1987,6,1,179.11,90.0,5.55,33
23182,1987,3,1,111.71,90.0,7.64,33
23183,1987,3,1,109.74,90.0,7.33,33
23184,1987,9,1,106.4,90.0,5.92,33
23186,1987,3,1,109.74,90.0,5.59,33
23187,1987,3,1,108.24,90.0,5.58,33
23188,1987,3,1,108.31,90.0,5.57,33
23189,1987,3,1,106.62,90.0,5.56,33
23190,1987,3,1,114.45,90.0,5.56,33
23191,1987,3,1,111.07,90.0,5.56,33
23192,1987,3,1,108.95,90.0,5.56,33
23193,1987,3,1,110.45,90.0,5.63,33
23194,1996,12,1,650.96,50.0,9.76,33
23195,1987,9,1,124.52,260.0,12.95,33
23197,2009,6,1,190.8,90.0,5.56,33
23198,1955,3,1,68.22,40.0,9.22,33
23203,2010,6,1,163.46,260.0,15.61,33
23204,1930,3,1,42.71,350.0,10.39,33
23205,1920,3,1,99.97,350.0,10.4,33
23206,1948,6,1,105.67,350.0,10.39,33
23207,1900,3,1,113.85,350.0,10.38,33
23208,1900,9,1,236.94,260.0,6.47,60
23210,1900,3,1,393.82,260.0,6.37,33
23211,1918,9,1,123.17,260.0,6.28,33
23213,1994,3,1,77.94,260.0,16.1,33
23214,2002,6,1,112.36,245.0,6.8,33
23216,1994,3,1,73.96,260.0,6.54,33
23217,1936,3,1,227.59,260.0,6.5,33
23219,1902,3,1,206.4,260.0,6.41,33
23221,2005,12,1,217.3,100.0,8.72,33
23222,1890,3,1,259.46,260.0,5.58,33
23224,1945,3,1,168.78,110.0,8.46,33
23225,1955,6,1,156.33,110.0,8.86,33
23230,1945,3,1,166.65,260.0,5.85,33
23233,2001,3,1,110.0,260.0,5.79,33
23234,1957,9,1,372.61,260.0,5.73,33
23235,1910,3,1,214.54,260.0,5.66,33
23237,1900,6,1,251.88,260.0,5.44,33
23238,1900,3,1,139.29,260.0,5.41,33
23239,1900,3,1,210.32,260.0,5.38,33
23240,1920,3,1,142.22,260.0,5.37,33
23241,1900,3,1,121.39,260.0,5.34,33
23242,1900,3,1,262.17,260.0,5.31,33
23243,1900,3,1,97.11,260.0,5.32,33
23248,1880,3,1,79.7,260.0,5.69,33
23249,1880,6,1,110.12,260.0,5.76,33
23252,1910,6,1,392.5,255.0,5.88,33
23253,1998,3,1,77.01,260.0,6.55,33
23254,1936,6,1,114.11,260.0,6.62,33
23258,1900,3,1,141.21,260.0,6.71,33
23262,2001,9,1,232.25,350.0,9.99,33
23263,1968,12,1,275.61,110.0,8.13,33
23265,2008,3,1,287.04,110.0,8.58,33
23267,2009,6,1,154.42,350.0,10.45,33
23269,2006,12,1,238.04,250.0,40.68,33
23270,2023,15,1,578.78,140.0,43.41,33
23274,2000,3,1,74.84,190.0,53.92,33
23277,2004,3,1,253.0,135.0,0.5,33
23279,1901,3,1,101.63,350.0,14.26,33
23280,1919,3,1,117.75,350.0,14.0,33
23283,1967,6,1,78.43,355.0,13.99,33
23284,1919,3,1,83.03,350.0,13.96,33
23285,1969,3,1,110.24,350.0,13.95,33
23287,1975,9,1,117.98,350.0,13.94,33
23288,1942,3,1,114.62,350.0,13.92,33
23290,1955,3,1,110.58,350.0,13.9,33
23291,1931,3,1,110.15,350.0,13.89,33
23293,1936,6,1,112.12,350.0,13.88,33
23294,1923,3,1,87.21,350.0,13.87,33
23295,2007,3,1,96.74,350.0,13.85,33
23297,1908,3,1,151.83,80.0,10.07,33
23298,1907,6,1,137.49,80.0,10.06,33
23299,1949,12,1,183.45,80.0,10.04,33
23300,1926,3,1,173.62,80.0,10.04,33
23302,1919,3,1,126.67,80.0,10.03,33
23308,1971,18,1,289.62,80.0,9.99,33
23309,1956,15,1,282.76,170.0,9.95,33
23311,1928,3,1,114.71,170.0,9.91,33
23312,1994,9,1,62.49,170.0,9.88,33
23315,1931,3,1,84.31,170.0,9.87,33
23316,1949,6,1,183.66,170.0,9.84,33
23317,1993,6,1,104.96,170.0,9.83,33
23319,1919,6,1,83.7,170.0,9.81,33
23322,1938,3,1,80.33,170.0,9.79,33
23324,1931,3,1,110.28,170.0,9.77,33
23326,1921,9,1,92.12,170.0,9.76,33
23327,2021,9,1,85.28,255.0,9.91,33
23329,1936,3,1,187.1,260.0,9.88,33
23331,1987,3,1,185.58,260.0,9.88,33
23335,2020,9,1,64.87,260.0,9.89,33
23338,2002,12,1,331.42,260.0,9.89,33
23340,2004,9,1,88.21,350.0,13.78,33
23341,2018,12,1,299.99,350.0,13.81,33
23342,1940,3,1,108.97,260.0,9.96,33
23343,1940,3,1,112.24,350.0,9.83,33
23344,1971,3,1,74.54,350.0,9.85,33
23346,1940,3,1,263.9,350.0,9.87,33
23348,1999,9,1,189.97,350.0,9.94,33
23349,1940,6,1,71.88,80.0,9.84,33
23352,1940,3,1,64.72,80.0,9.83,33
23353,1940,3,1,72.94,80.0,9.83,33
23354,1957,3,1,95.14,80.0,9.82,33
23355,1950,9,1,151.31,80.0,9.82,33
23357,1940,3,1,90.29,80.0,9.79,33
23359,1936,3,1,143.33,80.0,9.78,33
23360,1936,3,1,67.03,80.0,9.78,33
23361,1940,3,1,104.24,80.0,9.75,33
23362,1943,3,1,158.03,170.0,7.96,33
23363,1946,3,1,181.78,170.0,7.95,33
23364,1950,3,1,165.28,170.0,7.95,33
23365,1950,6,1,122.04,170.0,7.95,33
23367,1930,6,1,117.42,170.0,7.94,33
23368,1940,3,1,167.94,170.0,7.94,33
23369,1950,3,1,119.44,170.0,7.94,33
23370,1992,6,1,85.55,170.0,7.94,33
23372,1948,3,1,84.82,170.0,7.93,33
23374,1950,3,1,124.97,260.0,10.06,33
23375,1973,9,1,125.19,260.0,10.06,33
23378,1964,9,1,118.67,260.0,10.05,33
23379,2001,3,1,140.47,260.0,9.77,33
23380,1940,3,1,122.49,260.0,9.79,33
23381,1991,3,1,265.61,260.0,9.83,33
23382,1950,3,1,131.8,260.0,9.87,33
23383,1950,3,1,126.23,260.0,9.9,33
23385,1920,3,1,113.12,260.0,9.93,33
23386,1940,3,1,68.21,170.0,4.4,33
23390,2000,6,1,116.27,80.0,9.77,33
23392,1936,3,1,60.66,75.0,9.79,33
23393,1930,3,1,47.01,345.0,4.45,33
23394,2008,9,1,227.02,80.0,9.86,33
23395,2009,9,1,421.43,260.0,10.51,33
23396,1965,9,1,186.8,350.0,10.26,33
23397,2007,9,1,160.4,355.0,10.02,33
23398,1992,3,1,163.08,80.0,10.05,33
23399,1960,3,1,118.13,80.0,10.06,33
23401,1930,6,1,122.26,80.0,10.07,33
23404,2003,9,1,224.0,80.0,10.1,33
23405,1974,15,1,421.04,80.0,10.09,33
23407,1940,3,1,138.86,170.0,13.77,33
23409,1960,3,1,104.48,170.0,13.84,33
23411,1940,3,1,120.24,170.0,13.85,33
23412,2015,6,1,130.32,170.0,13.87,33
23414,1945,3,1,119.59,170.0,13.89,33
23416,1920,3,1,20.42,170.0,13.89,33
23419,1991,9,1,89.43,170.0,13.91,33
23422,1960,9,1,107.4,260.0,9.96,33
23424,1991,3,1,132.64,260.0,9.94,33
23425,1960,3,1,97.11,260.0,9.93,33
23426,1955,3,1,79.93,260.0,9.92,33
23427,1955,3,1,102.35,260.0,9.91,33
23428,1960,3,1,100.75,260.0,9.89,33
23430,1960,3,1,98.79,260.0,9.89,33
23431,1960,3,1,133.94,260.0,9.87,33
23433,1940,3,1,135.74,260.0,9.85,33
23435,1941,6,1,130.0,260.0,9.84,33
23436,1945,6,1,135.57,170.0,13.95,33
23437,2015,12,1,259.24,350.0,10.08,33
23439,1990,12,1,592.8,350.0,11.85,33
23441,1960,9,1,163.28,350.0,11.76,33
23443,1965,12,1,253.09,80.0,13.85,33
23444,1950,3,1,217.63,80.0,13.85,33
23445,1953,3,1,111.07,80.0,13.85,33
23446,1955,6,1,176.19,80.0,13.85,33
23447,1950,3,1,160.65,80.0,13.86,33
23448,1960,9,1,169.92,170.0,10.01,33
23450,2002,6,1,92.7,170.0,10.18,33
23451,1987,9,1,96.81,260.0,9.89,33
23452,1925,3,1,113.18,260.0,9.87,33
23454,1955,3,1,66.75,260.0,9.85,33
23455,1955,9,1,100.96,260.0,9.82,33
23457,1915,3,1,91.94,260.0,9.79,33
23458,1945,3,1,346.21,260.0,9.75,33
23460,2004,3,1,443.3,80.0,13.85,33
23462,2006,9,1,334.45,170.0,10.08,33
23463,1940,3,1,83.66,260.0,9.97,33
23465,1945,3,1,97.75,260.0,9.94,33
23466,1960,3,1,84.71,260.0,9.92,33
23468,1974,12,1,83.98,80.0,13.85,33
23470,1999,3,1,81.9,80.0,13.86,33
23472,2007,15,1,216.29,20.0,112.58,33
23474,1980,18,1,392.33,45.0,29.61,33
23475,1979,18,1,296.82,45.0,27.52,33
23477,1996,9,1,146.88,155.0,12.87,33
23480,1987,3,1,357.0,260.0,13.74,33
23483,1989,15,1,602.6,310.0,50.61,33
23485,1947,3,1,110.1,355.0,29.83,33
23486,1970,24,1,210.23,25.0,89.32,33
23487,1950,3,1,114.07,265.0,0.0,33
23488,1977,3,1,133.77,80.0,47.26,33
23489,1971,3,1,160.94,80.0,15.32,33
23491,2020,6,1,133.33,80.0,13.78,33
23494,1955,3,1,161.72,80.0,13.78,33
23496,1940,3,1,123.86,80.0,13.74,33
23499,1975,6,1,254.35,80.0,13.72,33
23501,1965,3,1,139.45,170.0,11.77,33
23502,1945,3,1,136.11,170.0,11.79,33
23503,1940,3,1,117.17,170.0,11.81,33
23504,1960,6,1,164.72,170.0,11.82,33
23506,1900,3,1,108.94,170.0,11.83,33
23507,1945,3,1,88.61,170.0,11.86,33
23508,1965,15,1,156.69,175.0,94.72,33
23509,1997,9,1,74.64,260.0,9.77,33
23510,1968,12,1,84.86,260.0,9.87,33
23511,1965,15,1,241.28,260.0,9.91,33
23513,1968,3,1,97.28,80.0,0.0,33
23514,1950,3,1,107.41,170.0,11.88,33
23516,2011,12,1,183.85,260.0,9.82,33
23519,1945,6,1,182.31,80.0,13.76,33
23520,1989,3,1,93.77,315.0,27.36,33
23521,1992,15,1,1764.47,355.0,11.81,33
23523,1990,12,1,1472.23,45.0,57.57,33
23525,1999,12,1,307.88,45.0,42.7,33
23526,1998,3,1,279.92,45.0,31.44,33
23527,1998,3,1,276.23,100.0,19.94,33
23528,1912,3,1,138.2,95.0,19.83,33
23530,2002,15,1,607.83,95.0,23.26,33
23533,2012,18,1,203.55,220.0,45.21,33
23535,2008,9,1,598.42,265.0,11.98,33
23536,1979,3,1,176.32,265.0,11.99,33
23538,1984,6,1,268.22,310.0,27.04,33
23539,1990,3,1,186.71,175.0,11.8,33
23540,1984,6,1,192.1,175.0,11.8,33
23541,1984,9,1,200.99,220.0,26.84,33
23542,1966,3,1,183.33,265.0,11.9,33
23546,1988,12,1,181.84,265.0,11.94,33
23548,1985,6,1,253.24,265.0,11.96,33
23549,1986,6,1,149.25,265.0,11.97,33
23551,1990,3,1,74.64,265.0,12.0,33
23552,1985,9,1,150.7,175.0,11.8,33
23553,1995,3,1,133.0,265.0,11.95,33
23554,1987,9,1,262.86,355.0,11.8,33
23555,1990,3,1,95.3,315.0,29.33,33
23560,1988,6,1,127.86,355.0,11.78,33
23563,1989,3,1,98.3,355.0,11.77,33
23564,1989,3,1,114.93,355.0,11.77,33
23566,2004,15,1,427.61,95.0,66.71,33
23569,2002,15,1,568.86,175.0,29.96,33
23571,2000,12,1,2953.74,315.0,34.61,33
23573,1984,15,1,441.5,175.0,11.81,33
23574,1992,3,1,186.72,175.0,11.79,33
23575,1994,6,1,157.94,175.0,11.77,33
23577,1988,3,1,157.74,180.0,11.77,33
23578,1990,9,1,219.17,220.0,26.64,33
23580,1991,15,1,979.56,95.0,64.86,33
23582,1988,9,1,186.79,265.0,12.09,33
23585,2000,21,1,361.22,0.0,28.69,33
23587,2002,12,1,798.76,265.0,26.23,33
23590,2021,15,1,2270.93,175.0,20.21,33
23593,1995,15,1,866.42,0.0,27.42,33
23594,1996,21,1,2247.28,15.0,122.48,33
23596,1997,21,1,883.48,175.0,34.37,33
23599,1999,21,1,885.17,125.0,90.77,33
23600,1975,39,1,1115.71,270.0,55.46,33
23601,1975,39,1,702.32,270.0,39.68,33
23602,1975,39,1,413.25,45.0,37.25,33
23603,1975,39,1,415.97,225.0,35.33,33
23604,1975,39,1,397.87,225.0,33.09,33
23605,1975,39,1,417.66,45.0,20.84,33
23606,1960,6,1,116.67,275.0,13.4,33
23608,2003,3,1,158.78,355.0,9.68,33
23612,2006,3,1,149.49,355.0,9.93,33
23615,2021,6,1,173.43,355.0,9.94,33
23619,1978,3,1,272.75,355.0,9.01,33
23621,2000,3,1,170.41,0.0,9.97,33
23625,1940,3,1,301.64,55.0,10.6,33
23629,1960,3,1,191.38,60.0,9.46,33
23632,1965,3,1,128.25,175.0,9.94,33
23634,1949,3,1,201.91,180.0,9.97,33
23635,1956,6,1,877.56,175.0,11.96,33
23638,2012,6,1,139.49,175.0,9.7,33
23642,1990,6,1,257.48,95.0,5.63,33
23644,1975,6,1,313.57,280.0,10.05,33
23647,1958,6,1,314.72,55.0,40.9,33
23650,1975,9,1,587.43,355.0,15.83,60
23653,1991,9,1,370.99,325.0,34.01,33
23656,1979,3,1,397.08,175.0,22.11,33
23659,1968,3,1,1313.3,205.0,0.0,33
23673,1984,3,1,119.4,100.0,6.73,33
23675,1980,3,1,402.78,95.0,23.81,33
23677,1980,3,1,131.55,55.0,9.55,33
23681,1989,3,1,101.46,200.0,7.39,33
23685,1984,3,1,131.41,95.0,7.05,33
23688,2008,3,1,150.34,15.0,7.37,33
23691,2003,3,1,113.37,25.0,19.76,33
23694,1970,3,1,263.36,105.0,9.89,33
23695,1999,3,1,245.16,10.0,6.46,33
23698,1975,3,1,154.0,5.0,10.03,33
23702,1982,3,1,156.29,105.0,47.7,33
23704,1980,3,1,142.24,210.0,9.0,33
23706,1968,3,1,111.68,85.0,18.57,33
23708,1994,6,1,241.19,280.0,48.54,33
23712,1984,3,1,277.58,170.0,5.96,33
23715,1992,3,1,180.3,190.0,6.44,33
23718,1994,6,1,179.67,190.0,9.49,33
23720,1980,6,1,326.11,185.0,52.64,33
23724,1984,6,1,165.24,335.0,22.26,33
23725,1980,6,1,257.7,285.0,6.26,33
23729,1976,3,1,163.75,15.0,0.0,33
23731,1975,42,1,407.73,350.0,36.87,33
23732,1975,42,1,405.73,260.0,139.71,33
23733,1975,45,1,400.77,260.0,109.01,33
23734,1975,45,1,403.97,260.0,83.3,33
23735,1975,45,1,402.35,80.0,24.45,33
23736,1975,45,1,403.22,80.0,20.88,33
23737,1975,45,1,400.62,350.0,70.96,33
23738,1975,42,1,402.56,170.0,94.27,33
23739,1975,42,1,405.47,350.0,136.3,33
23740,1975,42,1,408.89,350.0,63.16,33
23743,1997,12,1,264.26,10.0,52.52,33
23745,1978,3,1,140.65,305.0,12.86,33
23747,1960,3,1,96.35,75.0,11.94,33
23749,1960,3,1,89.79,75.0,11.93,33
23751,1955,3,1,116.91,75.0,11.93,33
23753,1962,3,1,116.01,75.0,11.92,33
23755,1965,3,1,89.06,75.0,11.92,33
23756,1955,3,1,151.66,75.0,11.92,33
23757,2001,9,1,216.83,75.0,11.91,33
23759,2007,9,1,111.83,75.0,11.9,33
23760,1961,3,1,130.18,165.0,30.38,33
23761,2000,3,1,89.31,165.0,30.32,33
23762,1965,6,1,162.35,165.0,30.34,33
23763,2004,3,1,142.83,210.0,65.77,33
23765,1958,3,1,133.58,255.0,49.9,33
23766,1980,6,1,101.63,255.0,46.75,33
23767,1960,3,1,123.44,255.0,46.45,33
23768,1960,6,1,131.06,255.0,43.62,33
23770,1960,3,1,117.49,255.0,40.83,33
23771,1960,3,1,72.58,255.0,39.65,33
23772,1960,3,1,100.12,305.0,58.2,33
23773,1957,3,1,101.48,305.0,55.49,33
23774,1985,3,1,143.79,305.0,40.67,33
23775,1958,3,1,113.58,300.0,18.9,33
23776,1975,3,1,127.61,300.0,12.77,33
23777,1969,3,1,97.55,305.0,12.79,33
23778,1960,3,1,114.43,300.0,12.8,33
23779,1963,3,1,99.78,305.0,12.82,33
23780,1970,6,1,122.41,305.0,12.83,33
23782,2005,18,1,370.12,165.0,30.33,33
23783,2006,12,1,235.84,305.0,12.85,33
23784,2008,21,1,263.92,165.0,30.33,33
23786,1980,9,1,75.82,165.0,9.7,33
23788,1975,3,1,72.28,165.0,9.63,33
23789,1948,3,1,140.88,265.0,13.11,33
23790,1934,3,1,99.52,280.0,12.36,33
23791,1927,3,1,112.62,280.0,12.35,33
23792,1900,3,1,74.01,280.0,12.34,33
23793,1900,3,1,70.27,280.0,12.33,33
23794,1900,3,1,73.38,280.0,12.33,33
23795,1900,3,1,72.18,100.0,24.93,33
23796,1900,3,1,73.22,100.0,22.14,33
23797,1900,3,1,73.85,280.0,12.31,33
23798,1900,3,1,71.96,280.0,12.3,33
23799,1900,3,1,77.1,280.0,12.29,33
23800,1900,3,1,71.37,280.0,12.28,33
23801,1900,3,1,77.63,280.0,12.28,33
23802,1900,3,1,68.6,280.0,12.27,33
23803,1956,3,1,68.85,10.0,51.31,33
23804,1956,3,1,48.91,10.0,30.98,33
23805,1956,3,1,55.4,10.0,10.56,33
23806,1956,3,1,78.54,10.0,9.53,33
23807,1956,3,1,54.86,270.0,20.56,33
23808,1956,3,1,73.3,280.0,12.01,33
23809,1956,3,1,58.99,260.0,11.51,33
23810,1956,3,1,53.83,260.0,8.55,33
23811,1956,3,1,70.0,260.0,6.53,33
23812,1956,3,1,72.57,350.0,19.56,33
23813,1960,6,1,141.87,350.0,35.68,33
23814,1952,3,1,115.04,350.0,47.25,33
23816,1955,3,1,96.72,350.0,68.91,33
23817,1965,9,1,156.76,350.0,78.26,33
23819,1955,6,1,187.45,350.0,77.61,33
23822,1978,12,1,158.18,75.0,10.35,33
23823,1980,15,1,158.54,75.0,10.44,33
23825,2002,12,1,597.38,280.0,24.86,33
23827,2003,12,1,363.78,165.0,9.86,33
23829,1890,3,1,124.51,280.0,11.89,33
23831,1890,3,1,81.21,10.0,9.12,33
23832,1927,3,1,94.42,10.0,9.1,33
23833,1962,6,1,76.17,10.0,9.07,33
23835,1890,6,1,92.96,10.0,9.05,33
23836,1890,6,1,105.81,285.0,11.82,33
23837,1975,12,1,349.4,100.0,7.83,33
23838,1953,9,1,3315.27,170.0,28.44,33
23839,1890,3,1,61.5,280.0,17.82,33
23840,1890,3,1,90.68,280.0,11.98,33
23841,1890,3,1,70.8,280.0,11.94,33
23842,1890,3,1,58.16,280.0,11.89,33
23843,1890,3,1,62.8,280.0,11.85,33
23844,1890,3,1,87.79,280.0,11.81,33
23845,1975,18,1,766.83,280.0,11.77,33
23846,1908,3,1,271.87,280.0,11.82,33
23847,1890,9,1,91.33,285.0,11.85,33
23850,1890,3,1,103.2,280.0,11.86,33
23853,1890,3,1,66.98,280.0,11.87,33
23855,1890,6,1,122.19,280.0,11.88,33
23857,1890,3,1,81.28,280.0,11.77,33
23858,2000,9,1,76.81,100.0,7.86,33
23860,2008,6,1,359.01,10.0,9.01,33
23861,2006,9,1,278.33,280.0,29.99,33
23862,1961,6,1,133.12,10.0,8.8,33
23863,1978,9,1,72.52,10.0,8.82,33
23866,1916,3,1,93.03,10.0,8.82,33
23867,1920,3,1,111.49,10.0,8.83,33
23868,1918,3,1,98.38,10.0,8.83,33
23869,1916,3,1,123.76,10.0,8.84,33
23870,1915,3,1,95.26,15.0,8.86,33
23871,1960,3,1,98.1,10.0,8.86,33
23872,1939,6,1,106.87,100.0,10.45,33
23873,1908,3,1,81.41,100.0,3.97,33
23874,1906,3,1,99.56,280.0,7.82,33
23875,1920,3,1,83.5,280.0,7.82,33
23878,1918,3,1,107.37,280.0,17.49,33
23879,1920,3,1,89.86,280.0,40.06,33
23880,1918,3,1,101.03,280.0,40.07,33
23881,2003,3,1,113.92,280.0,44.03,33
23882,1920,3,1,76.18,280.0,49.31,33
23883,1902,6,1,100.15,280.0,49.51,33
23885,1920,3,1,93.96,280.0,50.02,33
23886,1920,3,1,111.71,225.0,26.11,33
23887,1908,3,1,78.0,280.0,7.8,33
23888,1999,6,1,126.5,280.0,7.84,33
23889,1920,12,1,138.15,280.0,49.22,33
23891,2021,9,1,79.12,280.0,40.17,33
23894,2020,6,1,88.23,280.0,40.14,33
23898,2023,6,1,88.34,280.0,40.08,33
23900,1910,3,1,114.28,190.0,8.85,33
23901,1910,3,1,95.48,190.0,8.84,33
23902,1918,3,1,101.49,190.0,8.84,33
23903,1918,12,1,104.92,190.0,8.82,33
23905,1909,3,1,121.29,190.0,8.81,33
23907,1970,3,1,128.42,280.0,7.86,33
23908,1930,3,1,97.03,280.0,7.86,33
23909,1898,6,1,108.67,280.0,7.86,33
23910,2012,12,1,135.88,280.0,7.86,33
23913,1934,6,1,114.13,280.0,7.86,33
23914,1920,3,1,75.3,280.0,7.85,33
23915,1911,3,1,77.47,280.0,7.85,33
23916,1930,3,1,73.58,280.0,7.85,33
23917,1920,6,1,119.02,280.0,7.86,33
23918,1982,9,1,145.02,280.0,7.86,33
23920,2016,12,1,90.95,280.0,7.9,33
23922,2007,6,1,418.67,280.0,7.88,33
23923,2007,6,1,268.69,280.0,7.91,33
23925,1918,3,1,85.25,190.0,8.82,33
23927,1918,3,1,63.63,190.0,8.83,33
23928,1900,3,1,66.98,5.0,29.24,33
23929,1930,6,1,137.81,5.0,29.32,33
23931,1901,6,1,92.64,5.0,29.38,33
23933,1900,3,1,89.13,5.0,29.48,33
23935,1900,3,1,108.51,5.0,30.48,33
23936,1900,3,1,111.23,5.0,30.46,33
23937,1900,6,1,81.45,5.0,30.44,33
23940,1890,3,1,108.71,5.0,30.43,33
23941,1885,6,1,139.59,5.0,30.42,33
23942,1900,3,1,88.25,5.0,30.4,33
23943,1900,6,1,89.73,5.0,30.38,33
23944,1953,9,1,97.41,5.0,30.37,33
23946,1955,9,1,226.92,5.0,30.34,33
23947,1905,3,1,111.82,5.0,30.33,33
23949,1900,6,1,113.57,5.0,30.31,33
23951,2000,12,1,626.67,210.0,19.98,33
23952,2008,12,1,316.37,5.0,30.28,33
23953,1970,9,1,344.26,170.0,8.58,33
23954,1906,9,1,174.35,260.0,11.17,33
23956,1890,3,1,83.75,260.0,11.19,33
23957,1890,3,1,121.7,260.0,11.2,33
23958,1890,3,1,56.26,260.0,11.21,33
23959,1951,6,1,78.29,260.0,11.22,33
23961,1890,3,1,97.52,260.0,11.23,33
23962,1993,6,1,94.69,260.0,11.25,33
23964,1890,3,1,64.03,260.0,11.26,33
23965,1890,3,1,53.17,260.0,11.27,33
23967,2008,9,1,215.29,260.0,11.15,33
23969,2010,21,1,1951.51,5.0,28.42,33
23972,1993,9,1,570.25,5.0,7.6,33
23973,1900,3,1,87.13,5.0,6.12,33
23974,1900,3,1,86.75,5.0,6.07,33
23975,1900,3,1,77.65,5.0,6.03,33
23976,1900,3,1,91.7,5.0,5.99,33
23977,1900,3,1,82.11,5.0,5.95,33
23978,1955,6,1,106.5,5.0,5.9,33
23979,2001,18,1,559.82,100.0,16.54,33
23981,1994,9,1,430.93,100.0,17.9,33
23983,1995,9,1,428.33,185.0,30.32,33
23985,1994,9,1,282.37,185.0,30.44,33
23987,1994,9,1,339.27,185.0,29.3,33
23989,1993,12,1,568.01,170.0,40.69,33
23990,2002,3,1,75.03,5.0,6.13,33
23991,2003,3,1,87.61,5.0,6.12,33
23992,2001,6,1,186.61,5.0,6.07,33
23993,2010,9,1,73.97,5.0,6.04,33
23996,1956,6,1,276.17,260.0,6.27,33
23997,1987,3,1,71.45,10.0,5.38,33
23998,1987,6,1,78.63,10.0,5.4,33
24000,2016,9,1,144.87,10.0,5.42,33
24003,1930,3,1,114.78,10.0,5.44,33
24004,1930,3,1,162.82,10.0,5.47,33
24006,1920,3,1,134.52,10.0,5.5,33
24007,1920,9,1,141.36,10.0,5.52,33
24009,1960,3,1,151.71,10.0,5.56,33
24011,2000,6,1,134.85,10.0,5.58,33
24012,1967,3,1,229.91,15.0,5.6,33
24014,2016,9,1,104.79,10.0,5.62,33
24016,2019,6,1,112.62,10.0,5.64,33
24019,1880,3,1,73.34,10.0,18.95,33
24020,1920,6,1,94.27,10.0,10.18,33
24022,1900,3,1,139.35,10.0,5.7,33
24023,1995,3,1,103.37,10.0,5.74,33
24024,1900,3,1,108.79,10.0,5.75,33
24025,1900,6,1,114.58,15.0,5.79,33
24027,1920,3,1,116.4,15.0,5.81,33
24028,1880,3,1,63.63,185.0,6.06,33
24029,1913,3,1,100.21,185.0,6.05,33
24031,1910,3,1,81.32,185.0,6.04,33
24032,2005,6,1,94.4,185.0,6.13,33
24034,1970,3,1,167.97,185.0,8.5,33
24035,1906,6,1,88.0,185.0,8.75,33
24037,1900,6,1,101.8,185.0,8.74,33
24038,1910,3,1,104.08,185.0,8.71,33
24040,1900,3,1,169.67,185.0,11.78,33
24041,2001,6,1,248.48,185.0,47.52,33
24042,1910,3,1,96.62,260.0,6.58,33
24043,1900,3,1,96.54,260.0,6.58,33
24044,1905,3,1,82.89,260.0,6.57,33
24046,1910,6,1,102.18,260.0,6.57,33
24048,1880,3,1,80.78,260.0,6.57,33
24049,1910,9,1,93.79,260.0,6.56,33
24051,2017,9,1,66.55,260.0,6.56,33
24052,1900,9,1,106.63,260.0,6.56,33
24054,2019,6,1,127.6,260.0,6.54,33
24055,1991,3,1,99.2,260.0,11.07,33
24057,1987,6,1,82.72,10.0,5.32,33
24059,1987,6,1,100.27,10.0,5.35,33
24061,1991,3,1,88.34,10.0,5.31,33
24062,1992,3,1,94.1,260.0,6.54,33
24063,1996,9,1,205.12,185.0,7.1,33
24067,2004,15,1,2625.09,130.0,20.28,33
24069,1935,9,1,110.11,15.0,6.68,33
24072,1998,3,1,105.03,15.0,6.7,33
24073,1900,3,1,421.72,15.0,47.9,33
24074,2001,6,1,245.75,15.0,6.63,33
24075,1970,6,1,309.55,75.0,24.15,33
24076,1885,9,1,93.74,75.0,25.12,33
24078,1946,9,1,89.86,75.0,23.48,33
24080,1947,3,1,103.21,75.0,22.64,33
24081,1996,3,1,95.24,75.0,20.52,33
24082,1946,3,1,96.87,75.0,18.99,33
24083,2001,15,1,378.56,140.0,27.2,33
24085,1968,6,1,133.55,85.0,4.03,33
24087,1951,3,1,83.19,0.0,30.75,33
24088,1984,6,1,167.45,270.0,5.56,33
24090,2022,6,1,113.0,85.0,5.61,33
24093,1940,3,1,42.19,85.0,5.59,33
24094,1945,3,1,46.08,85.0,5.57,33
24095,1880,9,1,90.63,195.0,6.74,33
24097,1885,3,1,66.19,195.0,6.62,33
24098,1890,3,1,104.94,195.0,6.57,33
24099,1948,3,1,106.58,195.0,6.5,33
24100,1880,3,1,78.3,270.0,5.55,33
24101,1970,3,1,70.23,65.0,13.44,33
24102,1965,3,1,78.91,65.0,11.66,33
24103,1940,15,1,107.15,70.0,12.35,33
24104,1900,9,1,126.06,270.0,5.56,33
24106,1958,3,1,102.5,95.0,9.79,33
24107,2002,3,1,309.2,80.0,7.95,33
24108,1959,9,1,244.89,75.0,7.52,33
24110,1945,3,1,88.99,75.0,7.64,33
24111,1945,3,1,69.18,195.0,6.67,33
24112,2000,9,1,247.39,50.0,9.1,33
24113,2018,6,1,110.55,270.0,13.12,33
24115,2020,9,1,112.55,270.0,5.61,33
24117,2020,9,1,110.44,270.0,5.59,33
24120,2020,9,1,114.6,270.0,5.58,33
24131,1907,3,1,111.13,190.0,13.63,33
24132,2005,9,1,187.92,190.0,7.95,33
24134,1967,9,1,125.76,95.0,6.59,33
24136,1930,6,1,127.34,95.0,6.26,33
24138,2016,9,1,127.69,275.0,6.01,33
24140,1941,12,1,428.27,275.0,5.72,33
24142,1948,3,1,163.7,10.0,20.44,33
24145,1888,6,1,168.71,205.0,0.0,33
24147,1953,6,1,121.79,25.0,0.69,33
24148,1880,3,1,87.67,25.0,0.7,33
24150,2004,3,1,211.25,15.0,16.29,33
24151,1880,3,1,111.57,15.0,4.56,33
24152,1880,3,1,97.55,15.0,4.56,33
24153,1914,6,1,86.8,20.0,4.56,33
24154,1880,3,1,87.42,20.0,4.58,33
24155,1949,6,1,81.39,20.0,4.6,33
24157,1993,6,1,322.5,320.0,35.84,33
24158,1890,6,1,137.06,5.0,5.06,33
24161,1901,3,1,145.82,5.0,5.07,33
24162,1901,3,1,140.77,5.0,5.09,33
24163,1901,3,1,76.12,5.0,5.1,33
24164,1901,3,1,138.71,5.0,5.11,33
24166,1895,3,1,139.25,5.0,5.12,33
24167,1895,9,1,118.72,5.0,5.13,33
24170,1970,6,1,111.49,5.0,5.13,33
24171,1941,3,1,156.11,5.0,5.14,33
24172,1978,6,1,182.85,5.0,5.16,33
24173,1967,6,1,138.75,5.0,5.17,33
24175,1955,3,1,79.14,5.0,5.21,33
24176,2017,6,1,68.41,5.0,5.22,33
24179,2017,6,1,69.46,5.0,5.23,33
24181,2002,3,1,82.45,5.0,5.24,33
24182,1901,6,1,94.74,105.0,6.68,33
24185,1933,3,1,77.42,105.0,6.67,33
24186,1901,6,1,72.61,105.0,6.65,33
24187,1901,3,1,79.79,105.0,6.64,33
24188,1880,3,1,161.76,105.0,6.63,33
24189,1971,9,1,134.37,105.0,6.64,33
24190,2013,9,1,118.98,100.0,6.7,33
24193,1880,6,1,210.73,105.0,6.76,33
24194,2020,9,1,101.11,105.0,6.81,33
24196,1880,6,1,105.63,105.0,6.87,33
24199,1880,9,1,272.5,105.0,6.94,60
24207,2019,9,1,157.69,105.0,7.22,33
24210,2017,12,1,316.13,105.0,7.28,33
24212,1880,9,1,150.5,105.0,7.37,33
24214,1880,9,1,147.68,100.0,7.39,33
24215,2006,12,1,426.55,100.0,7.2,33
24218,2006,9,1,347.49,100.0,7.01,33
24219,2012,12,1,182.06,260.0,7.47,33
24221,2002,9,1,189.84,260.0,7.99,33
24223,1880,9,1,151.42,260.0,8.24,33
24225,1880,9,1,138.5,100.0,28.12,33
24227,2007,9,1,185.27,100.0,11.16,33
24230,1995,3,1,68.19,100.0,5.93,33
24231,2010,12,1,118.86,95.0,5.99,33
24233,1880,3,1,86.43,265.0,6.95,33
24234,1900,6,1,144.57,95.0,5.81,33
24236,1901,6,1,109.38,95.0,5.76,33
24238,1880,12,1,141.57,95.0,7.42,33
24240,1880,3,1,249.59,95.0,14.5,33
24241,1901,3,1,139.21,5.0,5.18,33
24242,1901,3,1,142.49,5.0,5.19,33
24244,2019,9,1,98.52,260.0,7.75,33
24248,2014,12,1,86.1,100.0,6.7,33
24252,1901,6,1,106.25,100.0,73.05,33
24254,2018,9,1,92.18,260.0,8.9,33
24257,2020,9,1,112.36,260.0,6.32,33
24261,2023,12,1,96.69,260.0,6.26,33
24263,2023,12,1,103.23,260.0,6.26,33
24265,2020,9,1,124.83,105.0,7.45,33
24267,1975,12,1,194.34,260.0,9.7,33
24268,2007,9,1,55.84,350.0,7.65,33
24270,1960,3,1,55.55,350.0,7.64,33
24271,1960,3,1,53.37,350.0,7.64,33
24272,1955,3,1,56.3,350.0,7.63,33
24273,1950,3,1,53.45,350.0,7.62,33
24275,1955,3,1,55.44,350.0,7.61,33
24276,1960,3,1,99.19,350.0,7.59,33
24278,1898,3,1,195.78,190.0,27.14,33
24279,1972,3,1,134.1,350.0,7.57,33
24281,1920,3,1,85.58,350.0,7.56,33
24284,1960,3,1,64.69,80.0,9.61,33
24285,1998,3,1,85.72,80.0,13.09,33
24286,1975,3,1,59.28,80.0,23.99,33
24289,1989,12,1,418.05,190.0,27.2,33
24292,1950,3,1,151.16,190.0,27.16,33
24296,1880,3,1,113.38,190.0,27.12,33
24298,1931,9,1,106.79,185.0,27.13,33
24300,1968,9,1,91.57,190.0,27.09,33
24302,1955,3,1,88.27,190.0,27.09,33
24303,1955,3,1,97.6,190.0,27.08,33
24304,1882,3,1,137.1,190.0,27.07,33
24305,1949,3,1,112.02,260.0,39.78,33
24306,1986,3,1,79.98,260.0,9.68,33
24308,2023,6,1,94.67,190.0,27.16,33
24311,2009,12,1,329.8,80.0,9.58,33
24313,1955,3,1,64.82,350.0,7.6,33
24314,1955,3,1,102.25,190.0,27.11,33
24315,1990,3,1,121.16,220.0,18.27,33
24316,1888,3,1,80.85,10.0,30.06,33
24317,2006,9,1,129.82,10.0,49.36,33
24318,1888,3,1,173.16,10.0,34.99,33
24319,2006,6,1,253.04,10.0,27.11,33
24321,1970,9,1,101.5,10.0,27.12,33
24322,1970,3,1,88.73,10.0,27.14,33
24323,1960,3,1,103.51,10.0,27.15,33
24324,1946,6,1,47.58,10.0,27.15,33
24325,1960,3,1,46.88,10.0,27.16,33
24326,1960,9,1,60.38,10.0,27.17,33
24329,1948,3,1,148.5,10.0,29.07,33
24331,1885,9,1,169.14,100.0,6.81,33
24333,1956,3,1,109.67,100.0,6.79,33
24334,1855,6,1,130.1,100.0,6.73,33
24336,2007,6,1,99.4,10.0,27.15,33
24337,1880,3,1,109.0,10.0,27.13,33
24338,2006,6,1,77.04,185.0,5.23,33
24340,1948,3,1,80.25,100.0,6.87,33
24342,1993,3,1,176.02,0.0,27.35,33
24344,2002,3,1,78.75,10.0,27.07,33
24346,1880,3,1,87.4,185.0,5.1,33
24349,1941,9,1,65.31,10.0,27.08,33
24351,1901,6,1,63.78,185.0,5.11,33
24355,1998,15,1,231.2,260.0,9.59,33
24356,1956,3,1,78.96,350.0,7.83,33
24357,1955,3,1,99.91,10.0,63.55,33
24359,1938,3,1,108.31,170.0,2.52,33
24360,1953,12,1,140.44,350.0,7.84,33
24361,1930,6,1,131.52,350.0,7.85,33
24362,1949,3,1,74.26,350.0,7.71,33
24363,1923,6,1,91.93,350.0,7.68,33
24365,1900,3,1,55.82,80.0,9.18,33
24367,1880,3,1,126.89,80.0,9.19,33
24368,1880,3,1,104.81,80.0,9.19,33
24370,1931,3,1,494.72,80.0,9.2,33
24371,1922,3,1,59.87,80.0,9.22,33
24373,1926,3,1,87.86,80.0,9.23,33
24374,1914,3,1,173.1,80.0,9.24,33
24375,1989,3,1,54.11,170.0,7.6,33
24377,1912,3,1,125.15,260.0,9.84,33
24378,1905,3,1,130.21,260.0,9.83,33
24380,1992,15,1,112.21,260.0,9.82,33
24382,1901,3,1,114.0,260.0,9.82,33
24383,1970,6,1,106.95,260.0,9.81,33
24384,1919,9,1,96.46,260.0,9.8,33
24385,1989,3,1,54.54,180.0,7.71,33
24386,1989,3,1,54.2,170.0,7.58,33
24387,1989,3,1,51.93,170.0,7.57,33
24388,2001,9,1,343.83,260.0,9.79,33
24389,2004,9,1,304.32,35.0,14.41,33
24390,1956,3,1,107.52,260.0,9.75,33
24391,1972,6,1,152.29,350.0,7.92,33
24392,2021,6,1,67.44,350.0,7.93,33
24394,1962,3,1,108.28,350.0,7.93,33
24396,1969,3,1,89.52,350.0,7.94,33
24397,1961,6,1,87.22,350.0,7.94,33
24399,1968,3,1,93.67,350.0,7.94,33
24401,2021,12,1,77.14,350.0,7.94,33
24405,1959,3,1,110.1,350.0,7.94,33
24406,1959,3,1,95.09,350.0,7.95,33
24408,1960,3,1,144.3,350.0,7.96,33
24410,1961,3,1,126.27,350.0,7.96,33
24411,1950,3,1,135.52,350.0,7.96,33
24414,1956,3,1,71.12,80.0,9.85,33
24416,1960,6,1,63.58,80.0,9.83,33
24417,1956,3,1,90.19,80.0,9.8,33
24418,1980,12,1,283.11,80.0,9.75,33
24419,2020,15,1,171.76,80.0,9.63,33
24421,1950,3,1,110.79,170.0,7.51,33
24422,1994,3,1,277.6,170.0,7.55,33
24424,1938,3,1,111.92,170.0,7.6,33
24425,1969,3,1,129.12,170.0,7.62,33
24428,1970,3,1,285.8,170.0,7.65,33
24429,1969,6,1,111.27,170.0,7.72,33
24430,1952,3,1,85.84,260.0,9.74,33
24431,1995,3,1,83.85,260.0,9.75,33
24432,2016,9,1,78.83,260.0,9.78,33
24434,2009,9,1,352.29,260.0,9.76,33
24436,2002,9,1,377.53,350.0,9.91,33
24439,1961,6,1,98.81,350.0,9.94,33
24441,1966,9,1,260.43,350.0,9.91,33
24444,1948,3,1,96.55,350.0,9.89,33
24446,1951,3,1,86.42,90.0,7.69,33
24448,1971,3,1,89.5,90.0,7.68,33
24449,1991,3,1,178.6,90.0,7.68,33
24452,1948,3,1,107.63,90.0,7.65,33
24454,1934,3,1,115.26,90.0,7.64,33
24456,1993,6,1,134.75,90.0,17.56,33
24458,1943,3,1,61.29,170.0,7.86,33
24459,1965,3,1,124.87,260.0,9.82,33
24460,1918,3,1,91.05,260.0,9.82,33
24461,1918,3,1,158.38,260.0,9.82,33
24462,1960,3,1,212.38,260.0,9.83,33
24464,1959,3,1,152.08,260.0,9.84,33
24465,1997,3,1,97.95,260.0,9.85,33
24466,1958,3,1,28.87,90.0,7.68,33
24468,1999,9,1,385.56,260.0,9.75,33
24470,2002,9,1,293.75,350.0,9.87,33
24472,1975,9,1,211.71,255.0,10.05,33
24474,1930,3,1,80.89,350.0,9.7,33
24476,1930,3,1,113.65,350.0,9.7,33
24477,1930,3,1,112.58,350.0,9.7,33
24480,1930,3,1,84.92,350.0,9.7,33
24481,1930,3,1,78.65,350.0,9.69,33
24482,1936,3,1,97.93,350.0,9.69,33
24484,1930,3,1,158.75,350.0,9.69,33
24485,1930,3,1,93.39,350.0,9.69,33
24486,1930,3,1,90.3,350.0,9.68,33
24489,1930,3,1,239.21,355.0,9.69,33
24492,1978,18,1,281.31,350.0,39.34,33
24493,1978,18,1,372.45,350.0,60.39,33
24494,1978,18,1,421.64,50.0,39.87,33
24495,1930,3,1,180.04,50.0,29.69,33
24497,1930,3,1,116.64,110.0,78.18,33
24498,1962,3,1,96.58,170.0,13.6,33
24499,1975,15,1,191.13,170.0,19.28,33
24500,1930,3,1,420.93,90.0,117.98,33
24501,1930,6,1,111.91,170.0,13.8,33
24503,1930,3,1,312.74,170.0,13.91,33
24505,1967,3,1,249.8,170.0,13.94,33
24507,1974,15,1,560.53,170.0,13.97,33
24509,1950,3,1,139.79,260.0,10.1,33
24511,1930,3,1,136.1,260.0,10.07,33
24513,2005,9,1,185.52,170.0,13.83,33
24515,2008,9,1,195.52,255.0,10.15,33
24518,2024,15,1,160.76,270.0,105.42,33
24521,1974,3,1,137.4,350.0,15.4,33
24522,1972,21,1,1027.21,350.0,13.92,33
24523,1970,3,1,294.56,350.0,13.9,33
24525,2001,6,1,75.51,350.0,13.88,33
24527,1930,6,1,120.43,350.0,13.87,33
24529,1930,3,1,129.36,350.0,13.84,33
24531,1963,3,1,110.76,350.0,13.82,33
24532,1982,12,1,121.15,350.0,13.79,33
24535,2000,9,1,128.75,45.0,33.61,33
24537,1976,6,1,198.58,90.0,7.84,33
24538,1973,6,1,77.59,90.0,7.83,33
24539,1970,9,1,101.55,90.0,7.82,33
24541,2020,15,1,383.4,170.0,11.5,33
24543,1961,3,1,98.44,170.0,9.91,33
24545,1930,3,1,141.23,170.0,9.92,33
24547,2007,12,1,71.63,170.0,9.94,33
24550,1978,18,1,364.73,260.0,19.25,33
24551,1923,3,1,108.66,260.0,9.96,33
24553,1961,3,1,85.53,260.0,10.03,33
24556,2007,9,1,269.94,260.0,10.05,33
24557,1958,9,1,263.78,260.0,10.06,33
24558,1960,3,1,168.89,350.0,13.75,33
24560,2005,9,1,206.77,170.0,9.94,33
24562,2006,9,1,214.25,260.0,10.0,33
24563,2022,15,1,385.42,170.0,9.89,33
24566,1939,3,1,102.09,260.0,14.09,33
24567,1951,9,1,148.32,350.0,12.47,33
24569,1969,9,1,293.93,350.0,13.79,33
24570,1942,3,1,147.15,350.0,15.14,33
24571,1992,3,1,280.39,350.0,32.07,33
24572,1972,18,1,567.1,350.0,58.42,33
24574,1969,18,1,381.28,45.0,29.22,33
24576,1973,18,1,284.33,110.0,78.06,33
24577,1972,12,1,180.2,175.0,9.7,33
24579,1963,3,1,83.28,170.0,9.69,33
24581,1910,6,1,127.86,170.0,9.69,33
24583,1999,3,1,158.6,170.0,9.69,33
24584,1917,3,1,110.04,170.0,9.7,33
24585,1936,3,1,165.61,170.0,9.7,33
24587,1908,6,1,121.57,260.0,13.86,33
24588,2017,9,1,219.17,260.0,13.85,33
24592,1951,3,1,107.42,260.0,13.85,33
24594,2001,9,1,323.02,260.0,13.85,33
24595,2018,12,1,85.59,260.0,13.85,33
24597,2016,9,1,86.42,260.0,13.86,33
24599,2019,12,1,72.61,170.0,9.7,33
24601,2020,12,1,69.69,170.0,9.7,33
24604,2017,6,1,117.33,260.0,13.85,33
24607,1997,18,1,361.04,170.0,112.61,33
24610,1957,3,1,,145.0,25.22,33
24611,1956,3,1,96.22,145.0,25.08,33
24613,1958,3,1,49.15,145.0,25.02,33
24614,1960,6,1,96.8,145.0,25.06,33
24618,2003,3,1,122.82,145.0,25.27,33
24619,1945,3,1,119.65,145.0,25.32,33
24621,1953,9,1,119.33,145.0,25.38,33
24623,1997,6,1,107.37,145.0,25.33,33
24625,1989,6,1,105.12,145.0,25.29,33
24626,1988,3,1,67.36,145.0,25.27,33
24627,1955,3,1,104.72,145.0,25.27,33
24629,1995,15,1,157.55,145.0,25.16,33
24631,1984,6,1,177.52,145.0,25.61,33
24632,1994,3,1,114.35,145.0,25.37,33
24633,1997,3,1,178.36,145.0,25.2,33
24635,2009,15,1,216.98,145.0,25.24,33
24637,1952,3,1,93.33,150.0,6.94,33
24638,1900,3,1,87.79,150.0,6.93,33
24639,1967,3,1,104.43,150.0,6.93,33
24640,1995,3,1,91.37,150.0,6.93,33
24641,1947,3,1,93.93,150.0,6.93,33
24642,1998,9,1,210.4,150.0,6.92,33
24643,1900,3,1,39.35,150.0,6.92,33
24644,1998,6,1,85.24,150.0,6.92,33
24646,1951,3,1,99.22,150.0,6.92,33
24647,1951,3,1,78.75,150.0,6.91,33
24648,1988,3,1,93.86,150.0,6.91,33
24649,1959,3,1,61.39,330.0,3.5,33
24651,1952,3,1,95.42,150.0,6.88,33
24652,2003,6,1,108.43,150.0,6.86,33
24654,1999,3,1,94.6,150.0,6.79,33
24656,1949,3,1,57.83,150.0,6.73,33
24657,1969,3,1,87.46,155.0,6.74,33
24658,1900,3,1,125.54,150.0,6.73,33
24659,1959,6,1,105.85,150.0,13.88,33
24660,1961,6,1,140.87,330.0,9.62,33
24662,1957,6,1,124.14,150.0,6.91,33
24665,1997,3,1,224.56,150.0,6.82,33
24666,2006,12,1,412.35,275.0,44.62,33
24668,1960,6,1,181.64,150.0,6.95,33
24672,1967,6,1,117.85,350.0,13.39,33
24676,1978,6,1,326.55,350.0,13.39,33
24677,1961,6,1,148.55,350.0,13.39,33
24678,2005,9,1,114.49,350.0,13.39,33
24682,2004,3,1,291.17,275.0,19.89,33
24684,1989,9,1,312.32,275.0,19.94,33
24685,1988,3,1,802.76,275.0,20.97,33
24687,1968,3,1,121.01,275.0,88.23,33
24688,2007,9,1,269.16,350.0,13.39,33
24689,1985,12,1,1655.36,280.0,112.4,33
24695,1985,15,1,3441.72,270.0,108.2,33
24698,1985,15,1,2981.05,275.0,33.98,33
24700,1936,3,1,96.07,355.0,8.3,33
24701,1958,3,1,250.97,100.0,16.55,33
24705,1956,3,1,143.97,95.0,19.38,33
24707,1933,3,1,77.28,355.0,9.17,33
24708,1933,3,1,109.11,355.0,8.85,33
24709,1936,3,1,131.6,180.0,0.0,33
24710,2020,3,1,636.25,350.0,8.11,33
24714,1978,3,1,96.09,95.0,60.68,33
24717,1979,3,1,403.54,270.0,11.57,33
24719,2008,9,1,181.67,95.0,52.8,33
24721,2008,9,1,181.66,185.0,6.51,33
24723,2008,9,1,181.66,185.0,6.43,33
24725,2008,9,1,181.66,185.0,6.36,33
24727,2008,9,1,175.41,275.0,17.48,33
24729,2021,9,1,178.29,5.0,14.57,33
24732,2021,9,1,178.31,5.0,6.4,33
24735,2021,9,1,191.09,5.0,6.49,33
24738,2021,9,1,190.38,100.0,26.84,33
24741,1978,3,1,83.31,205.0,0.0,33
24742,1975,3,1,156.63,205.0,0.0,33
24743,1979,3,1,87.7,25.0,0.0,33
24744,1978,15,1,105.2,300.0,12.72,33
24745,1960,15,1,118.95,75.0,12.21,33
24746,1960,12,1,105.81,75.0,12.05,33
24747,1973,12,1,113.8,75.0,11.96,33
24748,1968,12,1,137.0,75.0,18.81,33
24749,1974,3,1,106.54,75.0,99.88,33
24751,1970,9,1,125.14,75.0,12.0,33
24752,1977,3,1,115.68,65.0,12.18,33
24754,1973,3,1,142.84,75.0,11.97,33
24756,1962,12,1,173.28,75.0,11.96,33
24757,1969,15,1,155.44,75.0,18.87,33
24759,1968,3,1,218.02,75.0,98.71,33
24761,1970,9,1,377.39,75.0,16.0,33
24763,1989,3,1,90.6,75.0,13.22,33
24766,1999,6,1,94.47,75.0,12.14,33
24769,1963,3,1,154.13,75.0,12.18,33
24771,1972,3,1,128.06,75.0,12.21,33
24772,1955,3,1,115.57,165.0,30.31,33
24773,1969,3,1,231.59,165.0,30.33,33
24775,1974,9,1,105.0,165.0,30.36,33
24777,1963,6,1,124.29,165.0,30.38,33
24778,1966,3,1,117.08,165.0,30.39,33
24780,1981,3,1,80.77,165.0,30.41,33
24782,1963,6,1,184.26,165.0,30.43,33
24783,1970,12,1,166.44,165.0,30.45,33
24784,2005,15,1,142.29,255.0,11.93,33
24786,1963,6,1,140.17,255.0,11.9,33
24787,1958,3,1,118.47,255.0,11.9,33
24788,1966,3,1,102.29,255.0,11.91,33
24789,1971,3,1,183.65,255.0,11.91,33
24790,1956,3,1,141.29,255.0,11.92,33
24791,1966,3,1,139.26,255.0,11.92,33
24792,1956,6,1,179.91,255.0,11.92,33
24793,1961,3,1,156.52,255.0,11.93,33
24795,1956,3,1,151.31,255.0,11.93,33
24796,1969,6,1,152.76,255.0,11.94,33
24798,1957,3,1,147.43,255.0,11.94,33
24799,1969,3,1,137.39,255.0,11.95,33
24801,1965,3,1,121.33,255.0,15.24,33
24802,1966,6,1,132.5,255.0,36.72,33
24804,1975,3,1,188.49,255.0,32.74,33
24805,1963,3,1,127.66,255.0,26.3,33
24806,1962,9,1,112.79,300.0,12.68,33
24808,1956,3,1,130.56,305.0,12.7,33
24809,1997,3,1,123.65,300.0,12.7,33
24810,2003,6,1,152.14,300.0,12.71,33
24811,1968,3,1,109.42,300.0,12.71,33
24812,1957,3,1,140.75,305.0,12.72,33
24813,1958,6,1,154.57,300.0,12.71,33
24814,1964,3,1,73.75,300.0,12.71,33
24815,1975,9,1,103.1,300.0,12.71,33
24816,1974,9,1,124.18,300.0,12.71,33
24817,1973,9,1,93.59,300.0,12.71,33
24818,1963,9,1,142.37,305.0,12.71,33
24819,1979,9,1,110.32,300.0,12.71,33
24820,1967,12,1,108.45,305.0,12.72,33
24821,1989,3,1,84.95,75.0,11.89,33
24822,2001,15,1,233.3,165.0,46.25,33
24823,2002,9,1,411.97,255.0,11.95,33
24824,1962,3,1,189.45,250.0,11.99,33
24825,2006,9,1,261.93,255.0,19.94,33
24826,2008,9,1,430.86,75.0,11.93,33
24827,2012,12,1,767.01,75.0,12.05,33
24828,1957,9,1,150.16,255.0,11.94,33
24830,1984,12,1,142.63,255.0,11.96,33
24831,1964,3,1,133.4,345.0,8.06,33
24832,1953,3,1,100.28,345.0,8.07,33
24833,1959,3,1,93.9,345.0,8.08,33
24834,1962,9,1,282.9,345.0,8.11,33
24837,1962,3,1,66.64,345.0,8.13,33
24838,1965,6,1,129.4,345.0,8.14,33
24839,1972,6,1,134.79,345.0,8.15,33
24841,1952,3,1,123.35,345.0,8.17,33
24842,1955,3,1,105.49,345.0,8.19,33
24843,1975,3,1,86.33,75.0,11.89,33
24844,1960,3,1,111.63,75.0,11.89,33
24845,1959,12,1,178.04,75.0,11.88,33
24846,1970,9,1,130.54,165.0,11.93,33
24849,1960,6,1,149.18,165.0,11.92,33
24850,1959,3,1,161.35,165.0,11.92,33
24851,1960,6,1,62.19,165.0,11.91,33
24853,1980,3,1,77.05,165.0,11.91,33
24855,1952,3,1,79.8,165.0,11.91,33
24856,1961,3,1,63.71,165.0,11.91,33
24857,1985,3,1,174.68,165.0,11.9,33
24858,2001,9,1,172.02,270.0,12.33,33
24859,1975,3,1,79.65,75.0,11.9,33
24860,1997,12,1,926.34,310.0,12.61,33
24862,2010,12,1,419.76,75.0,18.56,33
24864,1971,3,1,189.85,75.0,11.87,33
24866,1961,6,1,123.42,75.0,11.9,33
24868,1963,6,1,111.64,75.0,11.92,33
24869,1960,3,1,107.06,75.0,11.95,33
24870,1968,3,1,102.74,75.0,11.97,33
24871,1961,3,1,104.68,75.0,12.0,33
24872,1965,3,1,115.67,75.0,12.02,33
24873,1969,6,1,131.55,165.0,8.14,33
24874,1958,3,1,116.5,165.0,8.14,33
24875,1950,9,1,108.65,165.0,8.13,33
24876,1952,3,1,118.6,165.0,8.12,33
24877,1960,3,1,139.1,165.0,8.11,33
24878,1969,3,1,153.88,165.0,8.09,33
24879,1959,3,1,161.38,165.0,8.07,33
24881,1962,3,1,77.25,255.0,11.9,33
24882,1962,9,1,83.02,255.0,12.01,33
24885,1978,3,1,106.8,255.0,12.1,33
24886,1962,3,1,86.7,255.0,12.17,33
24887,1961,12,1,310.43,255.0,17.8,33
24888,1960,3,1,113.89,255.0,36.74,33
24889,1971,9,1,177.86,255.0,31.19,33
24890,1963,3,1,97.5,255.0,25.6,33
24892,1961,3,1,49.45,300.0,12.81,33
24893,1975,9,1,110.38,300.0,12.8,33
24894,1960,3,1,140.66,300.0,12.79,33
24895,1961,3,1,131.78,300.0,12.75,33
24896,1952,3,1,116.21,300.0,12.74,33
24897,1958,3,1,95.37,300.0,12.74,33
24898,1958,9,1,100.66,300.0,12.74,33
24899,2003,12,1,301.2,300.0,12.69,33
24905,1997,24,1,640.6,75.0,28.89,33
24906,1998,27,1,1130.37,170.0,10.49,33
24910,1999,24,1,396.19,170.0,10.28,33
24912,2001,39,1,510.83,350.0,29.88,33
24917,1924,3,1,138.4,285.0,10.08,33
24918,1981,9,1,234.78,15.0,9.96,33
24920,1986,9,1,357.59,170.0,28.41,33
24922,2000,9,1,151.85,105.0,13.97,33
24924,1950,6,1,135.69,105.0,21.31,33
24927,1981,12,1,614.31,170.0,22.32,33
24929,1924,3,1,174.46,170.0,22.32,33
24931,1967,6,1,124.64,170.0,22.32,33
24933,1978,21,1,205.57,285.0,7.94,33
24934,1990,9,1,283.26,285.0,7.04,33
24936,1923,3,1,138.65,285.0,8.17,33
24939,1992,12,1,474.13,170.0,22.32,33
24940,1992,12,1,554.08,170.0,22.32,33
24941,1992,9,1,479.72,15.0,9.92,33
24945,1995,15,1,247.26,105.0,12.05,33
24946,1991,6,1,196.43,110.0,27.02,33
24948,2007,9,1,256.06,105.0,12.1,33
24951,1960,3,1,66.17,10.0,27.24,33
24953,1956,3,1,93.36,5.0,27.19,33
24956,1960,3,1,85.77,10.0,27.18,33
24957,1956,3,1,94.97,10.0,27.2,33
24958,1959,9,1,95.74,10.0,27.22,33
24960,1960,3,1,83.9,10.0,27.22,33
24961,1907,3,1,84.24,10.0,27.22,33
24962,2002,9,1,77.74,10.0,27.35,33
24964,2003,3,1,98.87,100.0,32.77,33
24966,1960,21,1,331.43,100.0,29.48,33
24968,1981,3,1,148.65,100.0,29.48,33
24969,2006,12,1,356.17,100.0,29.47,33
24971,1919,3,1,142.15,100.0,29.5,33
24972,1890,6,1,135.59,100.0,29.52,33
24973,1907,3,1,136.88,280.0,6.91,33
24975,1931,6,1,111.38,100.0,29.55,33
24977,1931,3,1,104.2,100.0,29.54,33
24979,1978,3,1,236.7,100.0,29.48,33
24980,1951,6,1,505.77,100.0,28.73,33
24981,1907,3,1,152.23,100.0,26.26,33
24982,2003,9,1,109.91,100.0,24.97,33
24985,1998,3,1,79.75,280.0,7.43,33
24986,1998,3,1,131.54,280.0,7.34,33
24988,1919,6,1,129.47,280.0,7.23,33
24991,1925,3,1,117.19,115.0,17.72,33
24993,1954,3,1,148.67,280.0,6.85,33
24994,1880,6,1,124.65,280.0,6.73,33
24997,1990,6,1,314.75,180.0,23.83,33
25001,1931,3,1,86.24,280.0,7.41,33
25004,1961,9,1,124.94,280.0,7.03,33
25007,1880,6,1,148.18,280.0,6.97,33
25008,1890,3,1,180.45,285.0,6.64,33
25009,1914,3,1,148.56,285.0,6.63,33
25011,1970,18,1,279.85,285.0,6.65,33
25012,1970,6,1,130.8,285.0,6.67,33
25013,1880,3,1,99.47,285.0,6.78,33
25014,1961,6,1,69.26,285.0,6.82,33
25015,1997,6,1,137.19,100.0,29.55,33
25017,1999,6,1,108.94,140.0,15.51,33
25018,1986,3,1,94.67,100.0,29.53,33
25019,1955,3,1,178.31,280.0,7.08,33
25020,1979,6,1,375.91,280.0,6.99,33
25021,2004,6,1,627.5,100.0,29.48,33
25023,1923,9,1,125.05,280.0,7.2,33
25024,2019,9,1,98.11,100.0,29.31,33
25027,2012,9,1,92.49,100.0,21.75,33
25029,1970,12,1,490.64,270.0,9.65,33
25030,1930,6,1,173.47,350.0,7.86,33
25032,1930,3,1,91.91,350.0,7.85,33
25033,1930,3,1,100.22,350.0,7.84,33
25034,1970,9,1,412.45,135.0,9.21,33
25035,1930,3,1,65.94,135.0,9.21,33
25036,1930,3,1,78.78,135.0,9.03,33
25038,1930,3,1,118.03,135.0,9.36,33
25039,2005,6,1,202.33,120.0,9.1,33
25040,1950,3,1,72.5,125.0,8.69,33
25041,1969,6,1,101.2,125.0,8.61,33
25044,1930,6,1,71.02,140.0,9.46,33
25045,2005,6,1,141.46,135.0,9.13,33
25046,1970,12,1,309.05,270.0,7.81,33
25047,1964,12,1,371.11,40.0,68.24,33
25049,1945,6,1,104.7,260.0,9.86,33
25050,2010,9,1,216.3,350.0,7.95,33
25052,2004,3,1,150.72,350.0,8.12,33
25055,1938,6,1,212.04,260.0,9.84,33
25059,1952,3,1,139.79,90.0,8.01,33
25060,2007,12,1,128.93,90.0,8.02,33
25062,1973,3,1,116.39,90.0,8.01,33
25064,1930,3,1,114.0,90.0,22.32,33
25066,2004,9,1,128.73,90.0,19.25,33
25067,1970,6,1,161.3,90.0,12.84,33
25068,1952,3,1,124.14,90.0,9.97,33
25070,1975,9,1,207.34,260.0,9.2,33
25071,1950,3,1,94.18,260.0,9.22,33
25072,1940,3,1,191.03,260.0,9.22,33
25074,1961,3,1,143.02,260.0,9.23,33
25075,1945,6,1,130.68,260.0,9.23,33
25077,1939,3,1,117.29,260.0,9.24,33
25078,1956,6,1,73.77,260.0,9.19,33
25080,1945,6,1,463.48,260.0,9.18,33
25081,1994,3,1,122.28,260.0,93.49,33
25082,1940,3,1,122.9,260.0,9.58,33
25083,1940,6,1,80.65,260.0,9.65,33
25085,1978,3,1,65.51,260.0,9.67,33
25086,1942,3,1,187.89,260.0,9.78,33
25088,1900,3,1,168.16,260.0,9.81,33
25090,1991,3,1,88.86,90.0,8.13,33
25091,2007,9,1,167.1,90.0,7.9,33
25092,2000,3,1,129.89,90.0,7.81,33
25093,2006,9,1,346.91,260.0,46.79,33
25094,2022,12,1,384.93,260.0,9.72,33
25096,1880,6,1,107.45,260.0,9.62,33
25098,2019,9,1,76.7,90.0,8.02,33
25101,1953,3,1,134.92,350.0,9.82,33
25102,2023,9,1,356.17,350.0,9.82,33
25104,1974,15,1,686.28,350.0,9.83,33
25105,1989,3,1,92.32,350.0,9.83,33
25106,1922,6,1,143.13,350.0,9.83,33
25108,1950,3,1,135.76,350.0,9.84,33
25109,1950,3,1,98.39,350.0,9.84,33
25110,1955,3,1,118.88,350.0,9.85,33
25111,1960,15,1,104.23,350.0,9.85,33
25112,1989,3,1,104.19,350.0,9.85,33
25113,1972,15,1,203.96,350.0,9.85,33
25114,1965,3,1,136.97,105.0,20.2,33
25117,1996,15,1,513.41,170.0,32.14,33
25118,1989,3,1,100.32,170.0,22.72,33
25119,1989,9,1,101.41,170.0,8.14,33
25121,1926,3,1,113.38,170.0,7.96,33
25123,1910,3,1,82.9,170.0,7.92,33
25124,1900,3,1,88.93,170.0,7.9,33
25125,2021,9,1,83.64,170.0,7.87,33
25127,1900,6,1,123.94,170.0,7.82,33
25129,1963,3,1,103.3,170.0,7.84,33
25130,1957,3,1,128.36,170.0,7.84,33
25131,1957,3,1,81.68,170.0,7.85,33
25132,1957,3,1,92.01,170.0,7.86,33
25133,1950,3,1,75.01,170.0,7.92,33
25134,2021,9,1,69.91,270.0,7.65,33
25136,2021,9,1,70.63,270.0,7.65,33
25138,1975,9,1,228.04,270.0,7.66,33
25139,1953,3,1,92.03,270.0,7.68,33
25141,1960,3,1,153.76,270.0,7.68,33
25143,1960,12,1,162.19,270.0,7.69,33
25144,1999,15,1,226.74,80.0,45.56,33
25145,2004,3,1,461.42,270.0,20.02,33
25147,1961,6,1,282.24,270.0,7.67,33
25150,1997,9,1,107.32,270.0,7.95,33
25151,1939,3,1,127.65,310.0,18.55,33
25152,1978,18,1,309.73,350.0,37.43,33
25153,1984,3,1,91.5,350.0,82.09,33
25155,1984,3,1,127.34,350.0,82.18,33
25156,1970,6,1,147.49,50.0,56.57,33
25157,1979,21,1,132.04,50.0,32.94,33
25158,1937,3,1,157.8,45.0,31.03,33
25160,1931,3,1,128.05,50.0,29.67,33
25161,1996,3,1,79.17,170.0,9.85,33
25164,1929,3,1,126.22,170.0,9.85,33
25166,1918,3,1,102.21,170.0,9.84,33
25168,1960,6,1,105.08,170.0,9.83,33
25169,1915,3,1,129.16,170.0,9.83,33
25170,1913,6,1,253.53,170.0,9.82,33
25173,1942,3,1,131.33,170.0,9.83,33
25175,1943,3,1,100.88,170.0,9.82,33
25176,1922,3,1,114.41,170.0,9.82,33
25177,1942,3,1,124.62,170.0,9.82,33
25178,1921,3,1,101.45,170.0,9.82,33
25180,1930,3,1,108.28,170.0,9.81,33
25182,1986,9,1,356.88,170.0,9.8,33
25183,1940,6,1,148.88,270.0,7.84,33
25185,1921,3,1,152.37,270.0,7.86,33
25187,1948,3,1,98.4,270.0,7.87,33
25188,1950,3,1,92.99,270.0,7.87,33
25190,1951,6,1,76.99,270.0,7.88,33
25192,1995,6,1,250.73,50.0,68.11,33
25193,2009,12,1,152.58,170.0,9.84,33
25195,1965,3,1,210.0,290.0,71.88,33
25197,1997,18,1,285.78,225.0,29.2,33
25198,2003,9,1,366.83,350.0,9.77,33
25199,1963,3,1,104.13,350.0,9.76,33
25201,1955,3,1,111.57,350.0,9.75,33
25202,1963,3,1,141.29,350.0,9.74,33
25203,1963,6,1,134.23,350.0,9.73,33
25206,1963,6,1,131.11,350.0,9.72,33
25209,1955,6,1,213.62,350.0,9.71,33
25211,1950,3,1,91.65,80.0,9.85,33
25212,2023,9,1,93.87,80.0,9.84,33
25213,1945,3,1,112.8,80.0,9.84,33
25216,1984,9,1,92.7,80.0,9.84,33
25218,1955,3,1,128.74,80.0,9.84,33
25220,2003,9,1,131.63,170.0,9.97,33
25222,1960,3,1,193.83,170.0,9.96,33
25223,1950,3,1,117.44,170.0,9.94,33
25225,1950,3,1,149.75,170.0,9.92,33
25226,1955,3,1,360.22,170.0,9.9,33
25228,1965,9,1,187.79,170.0,9.87,33
25229,1981,6,1,215.09,170.0,18.32,33
25232,1950,3,1,131.97,225.0,35.06,33
25233,1955,6,1,289.9,225.0,43.15,33
25234,2000,15,1,119.42,230.0,37.74,33
25235,1981,15,1,477.44,225.0,29.38,33
25238,1940,9,1,22.32,80.0,9.86,33
25239,1931,3,1,83.02,290.0,72.77,33
25240,1931,3,1,68.39,350.0,9.88,33
25242,1931,3,1,62.48,350.0,9.89,33
25244,1931,3,1,55.89,355.0,9.92,33
25245,1931,3,1,63.49,350.0,9.94,33
25246,1931,3,1,57.04,350.0,9.95,33
25247,1950,3,1,64.44,350.0,9.96,33
25248,2001,3,1,78.1,80.0,9.97,33
25249,1985,3,1,90.42,80.0,10.08,33
25251,1931,6,1,55.98,225.0,66.54,33
25252,1947,3,1,56.6,230.0,64.02,33
25253,1931,6,1,69.66,230.0,49.55,33
25255,1931,6,1,59.41,165.0,76.44,33
25257,1931,3,1,85.03,230.0,30.54,33
25259,1931,6,1,84.53,230.0,29.71,33
25261,1931,3,1,65.69,230.0,29.68,33
25262,1931,3,1,47.35,225.0,29.69,33
25267,1947,3,1,72.99,80.0,10.21,33
25269,1931,3,1,79.86,230.0,29.73,33
25271,2001,15,1,135.66,285.0,31.46,33
25274,1994,9,1,357.6,350.0,10.08,33
25275,2007,9,1,121.42,350.0,10.1,33
25276,2001,9,1,341.95,350.0,10.08,33
25277,1987,3,1,130.2,350.0,10.07,33
25278,1968,15,1,97.53,350.0,10.07,33
25280,1982,3,1,500.21,350.0,10.05,33
25281,1951,3,1,136.82,350.0,10.04,33
25282,1959,3,1,132.76,80.0,9.74,33
25284,1939,3,1,100.11,80.0,9.75,33
25286,1952,3,1,84.0,80.0,9.74,33
25287,1963,12,1,105.71,80.0,9.75,33
25289,1963,6,1,110.74,80.0,9.75,33
25291,1987,9,1,186.45,170.0,9.71,33
25293,1990,6,1,131.62,170.0,9.74,33
25295,1990,6,1,109.0,350.0,10.06,33
25298,1965,3,1,254.47,170.0,9.79,33
25299,1952,6,1,224.53,170.0,9.81,33
25301,1969,12,1,161.48,170.0,9.82,33
25302,1970,12,1,163.18,170.0,11.55,33
25303,1964,21,1,259.76,170.0,66.94,33
25304,1976,21,1,517.13,225.0,42.53,33
25305,1976,21,1,185.48,230.0,27.48,33
25306,1997,15,1,208.47,225.0,27.5,33
25307,1995,15,1,238.02,285.0,33.62,33
25308,1992,9,1,146.64,350.0,10.02,33
25309,1997,9,1,208.96,350.0,10.05,33
25310,2002,9,1,410.79,80.0,9.75,33
25312,1987,15,1,723.63,325.0,25.27,33
25313,1971,12,1,608.28,170.0,10.05,33
25314,1975,18,1,1019.65,290.0,58.08,33
25316,1978,18,1,663.0,325.0,25.15,33
25318,1986,15,1,664.79,325.0,25.34,33
25320,1989,15,1,1128.97,40.0,46.15,33
25324,2001,15,1,1540.67,170.0,27.43,33
25326,1984,9,1,978.07,80.0,19.34,33
25327,1997,9,1,180.8,80.0,19.18,33
25328,1997,12,1,234.57,170.0,38.73,33
25329,1997,12,1,181.53,170.0,20.89,33
25330,1997,12,1,181.77,170.0,20.63,33
25331,1998,12,1,221.83,170.0,20.37,33
25332,1997,9,1,180.8,260.0,19.12,33
25338,1984,9,1,4094.16,180.0,63.75,33
25342,1960,6,1,187.4,95.0,23.88,33
25359,1973,6,1,138.0,345.0,11.98,33
25360,1952,6,1,141.32,345.0,11.99,33
25361,1954,3,1,133.0,345.0,11.99,33
25362,1981,9,1,170.27,345.0,12.0,33
25363,1957,3,1,103.47,345.0,12.01,33
25364,1964,3,1,165.99,345.0,12.03,33
25365,1958,9,1,93.01,345.0,12.03,33
25367,1986,3,1,116.65,345.0,12.03,33
25368,1974,6,1,231.33,345.0,12.07,33
25369,1979,3,1,114.26,75.0,11.9,33
25370,1960,3,1,83.36,75.0,11.9,33
25371,1965,3,1,79.1,75.0,11.82,33
25373,1950,9,1,136.1,75.0,11.75,33
25375,1950,3,1,87.77,75.0,11.75,33
25377,1983,9,1,121.75,75.0,11.78,33
25378,1964,3,1,116.93,75.0,11.8,33
25380,1967,9,1,170.39,75.0,11.82,33
25381,1996,6,1,371.79,75.0,11.85,33
25382,1950,9,1,172.57,75.0,11.89,33
25383,1962,3,1,103.7,75.0,0.0,33
25384,1977,3,1,138.03,165.0,inf,33
25385,1963,6,1,97.09,165.0,inf,33
25386,1974,6,1,107.63,165.0,40.82,33
25387,1956,3,1,84.89,255.0,12.0,33
25388,1958,3,1,161.0,255.0,12.0,33
25389,1960,3,1,161.89,255.0,12.0,33
25391,1964,3,1,161.28,255.0,11.99,33
25392,1950,3,1,155.3,255.0,11.99,33
25394,2001,6,1,173.02,255.0,11.98,33
25396,1964,3,1,107.54,255.0,11.98,33
25397,1970,9,1,139.54,255.0,11.97,33
25398,1950,3,1,93.68,255.0,11.96,33
25400,2002,15,1,224.98,75.0,11.99,33
25401,1954,3,1,116.04,75.0,11.93,33
25402,1959,3,1,127.41,345.0,11.92,33
25403,1974,3,1,167.04,345.0,11.92,33
25405,1972,3,1,167.11,345.0,11.92,33
25407,1963,6,1,132.11,345.0,11.92,33
25408,1982,6,1,118.8,345.0,11.93,33
25409,1957,3,1,166.49,345.0,11.93,33
25411,1972,3,1,137.55,345.0,11.95,33
25412,1998,9,1,144.26,75.0,11.95,33
25413,1957,3,1,122.24,75.0,11.96,33
25415,1974,3,1,57.84,75.0,11.97,33
25416,1963,3,1,71.53,75.0,11.98,33
25417,1975,9,1,157.32,75.0,11.98,33
25419,1957,3,1,428.83,75.0,11.99,33
25420,1960,3,1,142.99,75.0,11.99,33
25422,1977,3,1,141.68,75.0,12.0,33
25423,1973,3,1,134.35,165.0,30.09,33
25424,1979,6,1,124.88,165.0,30.09,33
25426,1969,3,1,149.8,165.0,30.13,33
25427,1969,6,1,138.09,165.0,30.18,33
25429,1967,9,1,127.26,165.0,30.23,33
25432,1965,3,1,107.25,165.0,30.3,33
25433,1957,3,1,327.21,165.0,30.33,33
25435,2005,15,1,130.22,165.0,30.44,33
25436,2008,9,1,209.21,255.0,12.13,33
25437,1968,3,1,134.13,255.0,12.1,33
25438,1983,6,1,183.63,270.0,12.49,33
25440,1964,3,1,62.3,255.0,11.97,33
25441,1979,3,1,77.59,255.0,11.93,33
25442,2005,9,1,297.64,345.0,11.91,33
25444,2006,9,1,125.53,75.0,12.01,33
25445,1964,6,1,152.0,255.0,11.99,33
25446,1964,6,1,165.0,255.0,12.02,33
25447,1964,3,1,210.94,255.0,12.05,33
25448,1962,3,1,117.43,255.0,11.89,33
25449,1970,9,1,119.17,345.0,7.94,33
25451,1963,3,1,123.15,345.0,7.95,33
25452,1964,6,1,150.07,345.0,7.96,33
25453,1964,3,1,148.67,345.0,7.96,33
25454,2004,3,1,149.89,345.0,7.96,33
25455,1970,3,1,122.82,75.0,11.96,33
25456,1966,3,1,108.67,75.0,11.98,33
25457,1965,3,1,104.29,75.0,12.0,33
25458,1968,6,1,103.71,75.0,12.01,33
25460,1969,3,1,116.01,75.0,12.03,33
25461,1958,3,1,111.37,75.0,12.04,33
25462,1958,3,1,139.58,75.0,12.06,33
25465,1972,6,1,79.16,165.0,12.05,33
25468,1958,6,1,78.63,165.0,12.04,33
25469,1954,6,1,89.0,165.0,12.03,33
25470,1953,3,1,87.32,165.0,12.03,33
25471,1948,3,1,83.8,165.0,12.03,33
25472,1972,3,1,120.73,165.0,12.01,33
25473,1960,6,1,119.97,165.0,11.99,33
25475,1958,12,1,170.95,165.0,11.98,33
25476,1972,6,1,86.06,165.0,11.97,33
25477,2008,9,1,136.93,165.0,11.96,33
25479,1964,3,1,124.48,255.0,11.88,33
25480,1950,3,1,97.62,255.0,11.89,33
25481,1983,3,1,101.68,255.0,11.89,33
25482,1977,3,1,92.78,255.0,11.89,33
25483,1966,3,1,116.46,255.0,11.9,33
25485,1965,6,1,1635.34,75.0,11.9,33
25486,1992,3,1,113.87,165.0,9.91,33
25487,1994,3,1,186.82,255.0,11.83,33
25488,1993,3,1,160.31,255.0,11.78,33
25489,1995,9,1,624.33,255.0,11.82,33
25490,2002,9,1,310.03,255.0,11.9,33
25494,1996,9,1,174.78,255.0,12.26,33
25496,1992,12,1,292.42,255.0,26.14,33
25498,1992,3,1,112.42,345.0,10.36,33
25499,1989,6,1,226.44,345.0,10.31,33
25501,2005,9,1,465.28,165.0,9.92,33
25502,1974,9,1,170.32,255.0,11.86,33
25503,1974,12,1,87.52,345.0,9.92,33
25504,1974,12,1,126.28,345.0,9.93,33
25505,1975,9,1,234.25,345.0,9.95,33
25508,1978,3,1,136.12,345.0,9.96,33
25510,1974,12,1,384.13,350.0,12.56,33
25511,1953,3,1,115.74,75.0,12.0,33
25512,1976,3,1,94.84,75.0,12.02,33
25513,1973,3,1,94.81,75.0,12.02,33
25514,1954,3,1,115.89,75.0,12.03,33
25516,1954,3,1,121.94,75.0,12.05,33
25517,1980,3,1,203.03,165.0,7.96,33
25519,1966,6,1,110.74,165.0,7.95,33
25520,1982,6,1,97.25,165.0,7.95,33
25521,1955,3,1,121.9,165.0,7.94,33
25522,1977,6,1,115.38,255.0,12.02,33
25524,1966,9,1,125.5,255.0,12.0,33
25526,1950,3,1,113.6,255.0,11.98,33
25527,1961,3,1,113.33,255.0,11.95,33
25528,1957,6,1,235.81,255.0,11.92,33
25529,1970,6,1,131.73,255.0,11.88,33
25532,1962,9,1,1135.34,90.0,46.66,33
25534,1965,18,1,288.0,255.0,10.05,33
25535,1965,18,1,248.81,345.0,9.81,33
25536,1964,18,1,250.01,345.0,9.85,33
25537,1966,18,1,246.59,345.0,9.9,33
25538,1965,21,1,273.42,345.0,9.93,33
25539,1965,18,1,250.78,75.0,9.86,33
25541,2005,9,1,264.63,80.0,9.76,33
25543,1965,18,1,234.75,165.0,10.31,33
25544,1966,18,1,274.59,165.0,11.11,33
25545,1965,18,1,276.29,255.0,10.05,33
25547,1964,18,1,249.54,255.0,9.97,33
25549,1991,3,1,115.34,165.0,10.33,33
25551,2002,9,1,118.35,165.0,10.29,33
25553,2008,9,1,154.97,80.0,9.8,33
25555,1988,6,1,120.07,80.0,9.86,33
25557,1991,3,1,176.0,75.0,9.84,33
25559,1996,9,1,173.33,165.0,10.27,33
25560,2000,9,1,136.05,170.0,10.35,33
25561,1970,6,1,119.7,345.0,9.76,33
25562,1960,3,1,99.66,345.0,9.76,33
25563,1986,6,1,240.84,345.0,9.74,33
25565,2000,9,1,237.95,75.0,19.35,33
25567,1930,3,1,111.79,75.0,10.44,33
25568,1979,3,1,69.13,75.0,10.42,33
25569,1999,12,1,476.81,75.0,10.4,33
25570,1963,3,1,80.74,165.0,9.88,33
25571,1965,3,1,88.78,165.0,9.86,33
25572,2024,9,1,106.75,165.0,9.85,33
25574,1950,3,1,127.2,165.0,9.84,33
25575,1940,3,1,102.08,165.0,9.82,33
25576,2006,9,1,69.44,165.0,9.81,33
25577,1963,6,1,112.79,165.0,9.79,33
25579,1974,6,1,127.3,255.0,10.33,33
25580,1978,3,1,127.54,255.0,10.42,33
25581,1971,3,1,107.81,255.0,10.48,33
25582,1960,3,1,196.87,255.0,10.52,33
25583,1978,9,1,193.63,255.0,10.45,33
25585,2005,9,1,287.0,255.0,10.31,33
25586,1930,3,1,102.39,40.0,9.86,33
25587,1930,3,1,165.39,40.0,9.86,33
25589,1971,3,1,132.25,40.0,9.85,33
25590,1999,3,1,127.36,40.0,9.82,33
25592,1993,9,1,181.82,40.0,9.81,33
25593,1930,3,1,117.46,95.0,9.7,33
25594,1944,6,1,144.88,95.0,9.69,33
25595,1920,3,1,145.61,100.0,10.2,33
25597,1939,3,1,85.68,80.0,10.63,33
25598,1961,3,1,180.57,80.0,44.01,33
25599,1930,9,1,81.93,80.0,11.75,33
25601,2002,9,1,99.0,80.0,9.65,33
25602,1956,9,1,96.93,75.0,9.72,33
25603,2002,9,1,99.43,75.0,9.74,33
25604,1920,3,1,82.43,75.0,9.76,33
25605,2007,9,1,91.9,75.0,9.78,33
25606,1992,3,1,92.49,75.0,9.81,33
25607,1930,3,1,86.14,75.0,9.82,33
25610,1930,3,1,154.69,75.0,9.85,33
25612,1934,3,1,84.16,75.0,9.84,33
25613,1993,9,1,79.7,75.0,9.85,33
25615,1933,3,1,81.31,75.0,9.85,33
25617,1993,3,1,83.46,75.0,9.85,33
25618,1948,3,1,64.54,75.0,9.85,33
25619,1951,3,1,127.27,75.0,9.84,33
25621,1938,3,1,93.93,75.0,9.84,33
25622,1964,6,1,150.14,75.0,40.03,33
25625,1930,3,1,238.62,250.0,23.67,33
25627,2022,15,1,371.06,40.0,9.84,33
25628,2020,9,1,65.86,75.0,9.84,33
25632,2021,9,1,65.94,75.0,9.84,33
25634,2020,9,1,64.85,75.0,9.84,33
25639,2003,3,1,181.53,40.0,10.4,33
25641,1972,9,1,292.2,40.0,10.47,33
25642,2003,15,1,141.91,40.0,10.66,33
25647,2010,21,1,300.72,40.0,10.43,33
25650,2006,15,1,217.4,35.0,71.76,33
25656,1989,15,1,368.23,345.0,16.08,33
25657,1981,12,1,378.7,345.0,16.11,33
25659,1925,6,1,95.26,345.0,16.12,33
25660,1925,3,1,82.12,345.0,16.13,33
25661,1971,3,1,117.91,345.0,16.12,33
25662,1983,6,1,134.58,345.0,16.1,33
25663,2002,15,1,1091.69,345.0,16.03,33
25666,1998,15,1,474.42,85.0,25.47,33
25670,2005,15,1,605.04,345.0,16.03,33
25671,2007,24,1,1184.6,75.0,25.0,33
25673,2000,27,1,808.43,255.0,20.44,33
25674,1965,30,1,4431.57,285.0,55.92,33
25675,1980,12,1,265.53,15.0,11.39,33
25676,1980,15,1,193.03,15.0,11.29,33
25677,1935,3,1,118.04,15.0,11.21,33
25678,1947,3,1,101.31,15.0,11.18,33
25679,1960,3,1,178.59,15.0,12.15,33
25681,1963,12,1,200.21,15.0,13.12,33
25682,1963,6,1,127.2,15.0,12.98,33
25683,1996,12,1,239.06,15.0,39.72,33
25684,1936,6,1,98.03,105.0,13.75,33
25686,1936,3,1,98.4,105.0,13.73,33
25687,1930,3,1,150.71,105.0,13.78,33
25688,1952,3,1,130.69,195.0,9.96,33
25689,2007,9,1,131.42,195.0,9.96,33
25691,1978,9,1,157.24,285.0,10.25,33
25692,1927,3,1,128.32,285.0,10.21,33
25693,1972,3,1,110.07,285.0,10.2,33
25695,1936,3,1,146.73,285.0,10.18,33
25697,1936,3,1,108.41,285.0,10.34,33
25698,1936,3,1,97.95,285.0,10.7,33
25699,1993,6,1,118.69,285.0,10.72,33
25701,1936,3,1,303.08,105.0,13.84,33
25702,1936,3,1,303.06,110.0,13.85,33
25703,2006,3,1,192.24,105.0,22.14,33
25704,1957,9,1,377.48,105.0,25.45,33
25705,1957,9,1,190.7,195.0,51.79,33
25706,1957,9,1,190.93,195.0,51.65,33
25708,1957,9,1,396.17,285.0,21.59,33
25709,1957,9,1,387.92,105.0,16.0,33
25710,1957,9,1,394.73,105.0,16.03,33
25711,1957,9,1,198.33,195.0,18.25,33
25712,1957,9,1,183.18,195.0,18.07,33
25713,1957,9,1,185.78,195.0,26.29,33
25714,1957,9,1,378.08,285.0,12.27,33
25715,1957,9,1,371.0,285.0,12.08,33
25716,2022,12,1,231.58,285.0,38.67,33
25718,1962,9,1,144.7,0.0,15.82,33
25721,1965,3,1,188.3,0.0,15.83,33
25722,1975,15,1,150.77,195.0,29.16,33
25723,1975,21,1,325.57,0.0,15.84,33
25724,1967,12,1,377.26,0.0,15.84,33
25726,1963,6,1,195.04,0.0,15.84,33
25729,1940,3,1,88.04,0.0,15.85,33
25730,1932,6,1,101.04,45.0,44.41,33
25732,1923,3,1,,75.0,95.56,33
25733,1976,18,1,219.97,105.0,23.04,33
25735,1968,15,1,188.29,105.0,13.88,33
25736,2001,12,1,130.35,5.0,29.66,33
25737,2001,12,1,104.28,10.0,29.63,33
25739,1880,3,1,154.31,10.0,29.62,33
25741,2004,9,1,124.78,320.0,17.13,33
25742,2022,3,1,55.89,105.0,10.19,33
25745,1936,3,1,138.94,275.0,32.9,33
25746,1979,3,1,68.62,240.0,12.04,33
25747,1937,3,1,117.35,240.0,13.1,33
25749,1923,6,1,110.97,105.0,11.67,33
25750,1954,9,1,93.29,105.0,10.15,33
25752,1993,9,1,111.47,275.0,18.1,33
25754,2008,9,1,120.82,105.0,9.99,33
25757,1950,3,1,334.75,105.0,10.04,33
25759,1936,3,1,123.39,105.0,10.04,33
25760,1994,3,1,71.18,280.0,17.71,33
25761,1952,3,1,153.69,105.0,10.1,33
25762,2022,12,1,110.47,105.0,10.11,33
25765,2001,9,1,216.42,180.0,20.66,33
25767,1997,9,1,384.16,105.0,10.0,33
25768,1998,12,1,268.39,105.0,10.02,33
25769,1982,6,1,344.64,180.0,14.47,33
25770,2006,3,1,202.88,105.0,10.05,33
25771,2008,9,1,161.65,105.0,10.06,33
25772,2020,15,1,298.37,0.0,29.3,33
25774,2024,15,1,240.68,105.0,10.09,33
25777,1959,9,1,108.76,95.0,14.14,33
25780,1920,3,1,97.39,95.0,14.16,33
25782,1989,9,1,771.14,95.0,14.12,33
25783,1971,21,1,416.92,95.0,14.13,33
25784,1971,21,1,648.76,180.0,41.29,33
25785,2003,3,1,108.57,180.0,15.88,33
25786,2000,3,1,90.26,180.0,15.85,33
25787,1998,6,1,110.6,180.0,15.85,33
25790,1994,3,1,83.34,180.0,15.85,33
25791,1932,3,1,93.77,180.0,15.85,33
25792,1930,3,1,126.04,180.0,15.84,33
25793,1963,9,1,171.82,180.0,15.83,33
25794,1966,18,1,525.14,285.0,10.1,33
25795,1932,3,1,159.88,285.0,10.09,33
25796,2006,9,1,1026.21,285.0,10.07,33
25797,2006,9,1,1078.5,285.0,10.03,33
25798,1981,15,1,924.92,290.0,10.02,33
25799,1965,9,1,138.92,285.0,10.0,33
25801,1984,9,1,409.33,285.0,10.06,33
25802,1984,9,1,343.02,0.0,13.09,33
25803,1985,9,1,471.86,0.0,9.45,33
25804,1986,9,1,241.24,0.0,9.19,33
25806,1988,9,1,671.44,95.0,13.96,33
25807,2003,12,1,341.6,180.0,15.84,33
25808,2000,9,1,299.47,95.0,14.07,33
25809,2021,9,1,107.22,180.0,15.84,33
25811,2021,6,1,106.0,180.0,15.84,33
25813,1998,9,1,561.37,95.0,10.24,33
25814,1993,6,1,146.33,95.0,10.28,33
25816,1950,3,1,110.41,95.0,10.29,33
25817,1970,6,1,107.88,95.0,68.42,33
25819,1990,3,1,80.8,95.0,83.0,33
25820,1930,3,1,277.9,95.0,21.18,33
25821,1962,3,1,91.45,95.0,10.11,33
25822,2007,9,1,148.3,95.0,10.09,33
25823,1924,3,1,115.79,95.0,9.92,33
25824,1962,3,1,94.86,95.0,9.93,33
25826,1959,3,1,117.05,95.0,9.95,33
25827,2005,9,1,286.8,95.0,9.98,33
25829,1958,3,1,59.37,185.0,4.74,33
25830,1991,3,1,59.07,185.0,4.75,33
25831,1960,3,1,52.97,185.0,4.76,33
25832,1968,3,1,72.62,185.0,4.78,33
25833,1963,3,1,65.91,185.0,4.79,33
25835,1950,3,1,123.48,5.0,4.77,33
25836,1964,9,1,101.62,5.0,4.75,33
25837,1960,3,1,117.67,5.0,4.74,33
25838,1955,3,1,94.81,5.0,4.75,33
25839,1982,9,1,116.17,95.0,25.03,33
25841,1965,3,1,142.58,95.0,9.82,33
25842,1964,3,1,124.53,95.0,9.83,33
25843,1960,3,1,114.06,95.0,9.84,33
25844,1993,3,1,145.71,95.0,9.84,33
25845,1963,9,1,109.65,95.0,9.84,33
25847,1940,3,1,122.31,190.0,34.75,33
25848,1935,3,1,133.29,190.0,29.62,33
25851,1997,12,1,435.17,225.0,139.82,33
25852,1979,9,1,97.0,295.0,7.39,33
25853,1957,3,1,106.5,290.0,7.39,33
25854,1993,3,1,65.5,290.0,7.37,33
25855,1950,3,1,85.21,290.0,7.36,33
25856,1955,3,1,89.32,295.0,7.34,33
25857,1950,3,1,83.51,295.0,8.43,33
25858,2022,6,1,217.54,295.0,8.02,33
25861,1953,3,1,111.98,100.0,18.95,33
25863,1963,3,1,81.48,170.0,1.88,33
25864,1950,9,1,69.96,270.0,8.15,33
25866,2001,3,1,56.89,270.0,7.75,33
25867,1955,3,1,82.39,270.0,7.75,33
25868,1958,3,1,125.21,270.0,32.36,33
25869,1957,6,1,97.67,270.0,9.17,33
25870,1955,3,1,106.59,270.0,7.69,33
25871,1957,6,1,111.14,275.0,7.8,33
25873,2023,9,1,80.83,275.0,7.98,33
25877,2022,9,1,72.68,290.0,10.83,33
25879,1992,9,1,87.84,295.0,12.6,33
25881,2001,9,1,90.97,300.0,15.3,33
25883,1967,9,1,113.77,300.0,19.12,33
25884,1086,15,1,131.91,35.0,5.24,33
25885,1985,6,1,287.94,55.0,27.55,33
25886,1965,12,1,453.01,210.0,5.28,33
25887,2024,9,1,198.44,210.0,5.22,33
25889,1900,3,1,106.04,305.0,8.57,33
25891,1993,15,1,665.98,30.0,40.55,33
25894,1998,12,1,589.99,190.0,50.99,33
25895,1942,3,1,165.84,315.0,8.82,33
25897,2001,15,1,1239.91,105.0,10.17,33
25899,1945,3,1,125.87,100.0,6.76,33
25902,2005,9,1,224.96,100.0,20.05,33
25905,2003,3,1,915.05,95.0,11.03,33
25907,1954,3,1,150.11,270.0,7.75,33
25911,2009,12,1,1225.42,100.0,27.46,33
25913,2007,12,1,374.96,5.0,4.79,33
25914,2020,6,1,119.55,270.0,20.46,33
25917,2021,6,1,151.67,100.0,16.74,33
25921,1975,27,1,327.51,275.0,104.98,33
25922,1970,3,1,149.51,350.0,14.16,33
25924,2021,9,1,92.41,350.0,14.14,33
25926,1950,3,1,226.28,350.0,14.09,33
25927,2005,12,1,120.04,350.0,14.06,33
25929,1969,3,1,127.29,350.0,14.03,33
25930,1958,3,1,119.94,350.0,14.02,33
25931,1963,3,1,102.65,35.0,24.91,33
25932,1965,6,1,66.22,80.0,8.52,33
25935,1983,18,1,264.78,170.0,9.79,33
25936,1957,3,1,167.72,170.0,9.79,33
25937,1977,9,1,73.58,170.0,9.77,33
25940,1966,3,1,119.66,170.0,80.78,33
25942,1964,3,1,69.1,170.0,98.45,33
25943,1958,3,1,90.07,135.0,3.1,33
25944,1992,3,1,58.44,135.0,4.33,33
25945,1999,18,1,773.56,230.0,35.95,33
25946,2009,12,1,317.92,350.0,13.99,33
25948,2004,3,1,148.18,350.0,9.88,33
25950,1964,12,1,406.29,350.0,9.88,33
25951,1961,3,1,76.41,350.0,9.89,33
25953,1961,3,1,87.85,350.0,9.89,33
25954,1961,3,1,121.9,350.0,9.89,33
25955,1962,3,1,95.94,350.0,9.9,33
25956,1961,3,1,111.76,350.0,9.9,33
25957,2006,9,1,147.32,350.0,9.9,33
25958,1961,3,1,109.95,350.0,9.9,33
25959,1962,3,1,109.78,350.0,9.9,33
25960,1962,3,1,118.33,350.0,9.9,33
25962,1962,3,1,114.43,350.0,9.9,33
25963,1961,3,1,123.7,80.0,9.64,33
25964,1961,3,1,89.17,80.0,9.65,33
25965,1961,9,1,132.65,170.0,9.96,33
25967,1988,9,1,264.59,170.0,9.93,33
25968,1963,3,1,131.08,170.0,9.86,33
25969,1937,6,1,106.97,170.0,9.84,33
25971,1963,3,1,105.33,170.0,9.82,33
25972,1961,3,1,102.63,170.0,9.81,33
25973,1961,3,1,101.02,170.0,9.8,33
25974,1960,6,1,165.78,260.0,9.84,33
25975,1960,3,1,167.31,260.0,9.84,33
25978,1997,6,1,261.82,260.0,9.83,33
25979,2006,9,1,333.05,170.0,9.89,33
25980,1959,3,1,38.11,80.0,0.0,33
25981,2021,12,1,160.96,260.0,9.99,33
25982,1955,3,1,103.51,350.0,9.8,33
25984,2007,9,1,95.33,350.0,9.81,33
25985,1950,3,1,119.73,350.0,9.82,33
25986,1992,9,1,652.65,350.0,9.86,33
25987,1950,3,1,109.0,350.0,9.89,33
25988,1995,3,1,96.87,350.0,9.91,33
25990,1955,6,1,113.85,350.0,9.92,33
25991,1955,3,1,112.34,350.0,9.93,33
25992,1955,3,1,115.85,350.0,9.94,33
25994,1994,3,1,136.06,350.0,9.96,33
25995,1950,3,1,107.06,80.0,9.79,33
25996,1960,3,1,99.98,80.0,9.79,33
25998,2001,9,1,127.24,80.0,9.79,33
26000,1970,3,1,137.42,170.0,14.02,33
26002,2004,9,1,84.97,170.0,14.05,33
26003,1950,3,1,107.74,170.0,14.08,33
26004,1950,3,1,85.81,170.0,14.1,33
26005,2005,3,1,115.33,170.0,14.14,33
26008,1967,3,1,116.95,170.0,14.17,33
26009,1973,3,1,73.89,170.0,14.19,33
26010,1961,3,1,87.35,185.0,17.67,33
26011,1984,3,1,69.94,190.0,72.16,33
26013,1950,3,1,107.54,240.0,59.74,33
26015,1989,3,1,144.06,260.0,10.15,33
26017,1970,3,1,138.91,350.0,9.76,33
26018,1965,9,1,110.66,350.0,9.78,33
26019,1955,3,1,115.81,350.0,9.81,33
26021,2002,9,1,86.23,350.0,9.83,33
26022,1953,3,1,84.91,350.0,9.86,33
26024,1953,3,1,94.54,350.0,9.88,33
26026,1976,3,1,94.23,350.0,9.9,33
26028,1995,6,1,95.82,350.0,9.91,33
26030,1959,3,1,110.84,350.0,9.93,33
26031,1963,3,1,98.21,350.0,9.94,33
26032,1969,3,1,120.03,350.0,9.96,33
26033,1990,3,1,140.81,80.0,9.87,33
26034,1995,3,1,182.28,80.0,9.86,33
26035,1961,6,1,268.92,80.0,9.86,33
26036,1963,3,1,97.28,80.0,9.85,33
26037,1957,3,1,109.06,80.0,9.84,33
26038,1960,3,1,74.42,80.0,9.84,33
26039,1958,3,1,146.96,170.0,9.9,33
26041,1968,3,1,104.02,170.0,9.9,33
26042,1969,6,1,98.05,170.0,9.89,33
26043,1972,3,1,104.1,170.0,9.89,33
26044,1972,3,1,112.54,170.0,9.89,33
26045,1962,3,1,111.59,170.0,9.88,33
26046,2008,6,1,109.02,170.0,9.88,33
26048,1967,12,1,146.74,260.0,9.75,33
26049,1973,3,1,126.4,260.0,9.75,33
26051,1967,15,1,379.16,260.0,9.74,33
26052,1960,3,1,63.86,80.0,0.0,33
26053,1979,18,1,592.27,305.0,45.33,33
26054,1979,18,1,362.3,350.0,27.79,33
26055,1991,15,1,814.45,35.0,39.49,33
26057,1970,15,1,183.24,80.0,10.69,33
26058,1970,15,1,302.55,80.0,10.73,33
26059,1970,12,1,300.81,80.0,10.8,33
26060,1972,15,1,300.11,80.0,10.86,33
26063,1930,3,1,93.72,170.0,9.82,33
26064,1930,3,1,56.44,170.0,9.83,33
26065,1930,3,1,61.08,170.0,9.84,33
26066,1970,12,1,331.03,260.0,10.05,33
26067,1970,12,1,306.94,260.0,10.02,33
26068,1970,12,1,298.86,260.0,9.98,33
26069,1970,12,1,304.93,260.0,9.95,33
26072,2004,3,1,143.88,170.0,9.84,33
26074,2008,9,1,372.26,260.0,10.08,33
26076,1991,15,1,454.07,305.0,40.51,33
26077,1979,21,1,409.25,350.0,27.41,33
26078,1979,18,1,390.51,35.0,42.93,33
26079,1970,12,1,295.42,80.0,9.94,33
26080,1970,12,1,292.32,80.0,9.98,33
26081,1974,12,1,317.4,90.0,10.11,33
26082,1970,12,1,284.12,80.0,10.05,33
26083,1930,3,1,116.82,170.0,9.91,33
26084,1930,3,1,94.21,170.0,9.9,33
26085,1930,3,1,113.27,170.0,9.88,33
26087,1930,3,1,104.5,170.0,9.87,33
26089,1930,3,1,115.79,170.0,9.85,33
26090,1930,3,1,125.07,170.0,9.84,33
26092,1957,3,1,107.38,170.0,9.82,33
26093,1930,3,1,123.29,170.0,9.79,33
26094,1956,3,1,118.74,170.0,9.79,33
26096,1930,3,1,96.62,170.0,9.77,33
26097,1930,3,1,67.49,170.0,9.76,33
26098,1930,3,1,71.14,260.0,9.64,33
26100,1970,15,1,357.75,260.0,9.74,33
26101,1970,12,1,314.38,260.0,9.86,33
26102,1970,15,1,324.0,260.0,9.96,33
26103,2007,9,1,331.31,80.0,10.07,33
26104,1996,18,1,217.57,170.0,27.81,33
26105,1996,18,1,189.37,170.0,27.77,33
26106,1997,18,1,160.85,170.0,27.79,33
26107,1997,18,1,189.13,170.0,27.81,33
26108,1997,18,1,216.04,260.0,32.96,33
26109,1997,15,1,192.6,260.0,20.55,33
26110,1997,12,1,265.23,260.0,20.55,33
26111,1998,15,1,222.31,350.0,20.01,33
26112,1998,15,1,222.72,350.0,20.01,33
26113,1998,12,1,265.08,350.0,20.02,33
26115,1998,12,1,192.4,80.0,16.27,33
26116,2000,12,1,717.68,170.0,20.01,33
26118,2005,12,1,630.53,350.0,29.35,33
26120,2001,12,1,1866.17,350.0,29.82,33
26126,1985,12,1,3005.72,90.0,12.67,33
26142,1959,3,1,425.39,100.0,0.0,33
26146,1956,3,1,48.09,10.0,1.87,33
26147,1956,9,1,72.75,10.0,2.75,33
26150,1960,6,1,146.04,275.0,0.0,33
26152,1979,3,1,141.3,275.0,49.68,33
26155,1978,3,1,332.92,10.0,3.31,33
26159,1964,3,1,432.7,350.0,5.14,33
26162,1975,3,1,349.92,170.0,28.28,33
26164,1979,3,1,215.58,195.0,2.15,33
26166,1975,3,1,487.25,205.0,7.45,33
26168,2012,9,1,197.73,185.0,3.41,33
26171,1971,3,1,78.67,275.0,16.63,33
26173,1961,3,1,127.06,90.0,56.93,33
26175,1957,3,1,156.97,190.0,3.77,33
26176,1969,6,1,137.68,190.0,3.16,33
26178,1972,3,1,201.26,285.0,16.52,33
26179,1979,3,1,204.18,310.0,32.72,33
26182,1979,3,1,105.34,315.0,63.79,33
26183,1949,3,1,418.09,315.0,71.02,33
26186,1975,3,1,799.75,140.0,112.66,33
26189,1978,6,1,419.39,25.0,0.0,33
26191,1949,3,1,324.75,210.0,37.02,33
26195,1986,3,1,91.28,345.0,11.81,33
26197,1968,3,1,131.13,345.0,11.82,33
26200,1972,6,1,130.26,345.0,11.78,33
26202,1970,9,1,93.1,345.0,11.75,33
26203,1963,9,1,189.55,345.0,11.78,33
26205,1965,3,1,106.85,345.0,11.81,33
26207,1960,6,1,121.58,80.0,9.97,33
26208,1965,3,1,80.54,75.0,9.98,33
26209,1971,3,1,104.29,75.0,9.97,33
26210,1963,3,1,101.4,75.0,11.17,33
26211,1973,6,1,157.06,75.0,18.15,33
26212,1967,3,1,113.85,75.0,79.18,33
26214,1965,3,1,152.72,75.0,41.17,33
26217,1967,9,1,92.12,75.0,10.03,33
26218,1969,6,1,147.12,75.0,10.02,33
26219,2009,15,1,221.03,75.0,9.99,33
26221,1966,3,1,84.92,75.0,9.96,33
26223,1970,6,1,75.45,75.0,9.92,33
26224,1960,3,1,114.9,170.0,29.31,33
26226,1960,3,1,73.72,170.0,29.34,33
26227,1965,6,1,111.65,170.0,29.47,33
26230,1993,15,1,257.23,165.0,31.35,33
26231,1963,3,1,111.53,210.0,95.7,33
26233,1977,9,1,87.17,255.0,11.96,33
26235,1965,9,1,253.33,255.0,11.93,33
26236,1968,12,1,264.68,255.0,11.89,33
26237,1970,6,1,161.24,255.0,11.85,33
26239,1972,3,1,154.29,255.0,11.84,33
26240,1969,12,1,143.38,255.0,11.81,33
26241,1966,9,1,103.86,255.0,11.8,33
26242,1960,3,1,124.28,255.0,11.77,33
26243,1970,3,1,123.97,255.0,11.75,33
26244,1968,9,1,173.89,255.0,11.9,33
26245,1958,3,1,113.01,255.0,11.9,33
26246,1963,6,1,84.95,80.0,9.95,33
26247,1967,9,1,95.81,75.0,12.02,33
26248,2006,12,1,76.1,345.0,9.92,33
26249,1958,3,1,90.47,345.0,9.92,33
26250,1920,3,1,95.7,345.0,9.92,33
26251,2007,3,1,94.3,345.0,9.92,33
26252,2008,9,1,105.07,345.0,9.91,33
26253,1978,3,1,134.58,345.0,9.91,33
26255,1910,3,1,106.47,345.0,9.91,33
26256,1975,6,1,140.14,345.0,9.9,33
26257,2008,12,1,179.45,75.0,10.08,33
26259,1978,3,1,113.43,75.0,10.06,33
26261,1972,9,1,94.48,75.0,10.05,33
26263,1969,3,1,90.8,75.0,14.43,33
26264,1972,9,1,91.73,75.0,10.4,33
26265,1957,3,1,90.96,75.0,9.99,33
26266,1997,9,1,148.17,75.0,9.98,33
26267,1930,3,1,116.67,75.0,9.96,33
26268,1980,3,1,78.31,165.0,11.82,33
26272,1970,3,1,116.75,165.0,11.74,33
26273,1973,15,1,456.29,255.0,12.04,33
26274,1973,15,1,410.12,255.0,12.02,33
26275,1973,12,1,272.58,255.0,12.0,33
26276,1971,12,1,152.69,255.0,11.99,33
26277,1960,12,1,123.2,255.0,12.17,33
26278,2019,9,1,94.23,165.0,11.77,33
26280,1972,3,1,100.66,165.0,11.79,33
26281,2007,9,1,518.36,75.0,28.88,33
26282,1965,12,1,140.21,300.0,26.11,33
26283,1965,12,1,102.46,345.0,9.93,33
26284,1965,12,1,195.05,345.0,9.92,33
26286,1992,9,1,431.8,345.0,9.9,33
26288,1973,15,1,271.66,75.0,9.85,33
26290,1976,3,1,67.5,75.0,9.84,33
26292,1950,6,1,144.17,80.0,9.84,33
26293,1950,6,1,111.15,75.0,9.83,33
26294,1955,3,1,113.95,100.0,0.0,33
26296,1992,6,1,239.77,75.0,9.82,33
26297,1973,15,1,91.39,165.0,9.9,33
26298,1973,15,1,143.63,165.0,9.9,33
26300,1976,18,1,153.78,165.0,9.92,33
26301,1965,12,1,62.05,165.0,9.92,33
26302,1965,12,1,156.5,255.0,11.91,33
26303,1965,12,1,344.68,255.0,11.9,33
26304,1965,12,1,342.59,255.0,11.9,33
26305,1965,12,1,338.31,255.0,11.89,33
26307,1974,12,1,523.69,255.0,12.63,33
26308,1980,12,1,1693.26,350.0,10.27,33
26310,2003,9,1,170.42,170.0,9.89,33
26312,1970,6,1,95.11,165.0,9.89,33
26316,1978,15,1,1715.3,255.0,12.06,33
26318,1960,3,1,139.28,345.0,10.06,33
26320,1935,3,1,97.22,345.0,10.04,33
26321,1950,3,1,102.17,345.0,10.03,33
26322,2020,12,1,82.61,345.0,10.01,33
26327,2001,9,1,626.64,75.0,10.16,33
26328,1989,3,1,72.32,75.0,10.19,33
26329,1989,3,1,68.72,75.0,10.19,33
26330,2005,9,1,762.51,75.0,10.15,33
26332,2011,12,1,524.01,165.0,10.06,33
26335,1960,9,1,133.5,165.0,10.01,33
26336,1990,3,1,81.14,255.0,9.87,33
26337,1985,3,1,137.39,255.0,9.81,33
26338,1997,6,1,267.14,255.0,9.86,33
26339,1989,3,1,68.57,75.0,10.18,33
26340,1989,3,1,70.73,75.0,10.18,33
26341,1989,3,1,73.01,75.0,10.17,33
26342,1990,9,1,254.44,255.0,9.89,33
26343,1999,9,1,258.31,345.0,9.95,33
26344,2000,9,1,394.75,345.0,10.09,33
26345,1900,3,1,92.2,345.0,14.99,33
26346,1900,3,1,85.46,345.0,15.05,33
26348,1900,9,1,118.3,345.0,15.02,33
26350,1932,3,1,151.7,345.0,14.95,33
26352,1900,3,1,201.68,345.0,14.87,33
26353,1999,9,1,140.83,345.0,15.23,33
26359,1900,3,1,74.02,345.0,14.87,33
26362,1930,9,1,304.04,345.0,14.99,33
26363,1926,3,1,161.5,345.0,15.03,33
26364,1900,6,1,92.26,345.0,15.11,33
26366,1900,3,1,262.96,345.0,15.19,33
26367,1900,3,1,240.79,345.0,15.25,33
26369,1900,3,1,52.57,345.0,15.32,33
26371,1900,6,1,111.45,5.0,25.9,33
26372,1982,3,1,138.07,10.0,36.08,33
26374,1932,6,1,192.95,10.0,42.94,33
26376,2000,3,1,180.57,10.0,27.0,33
26377,1930,6,1,141.7,10.0,9.89,33
26380,1925,3,1,90.42,10.0,9.9,33
26382,1965,6,1,329.91,10.0,9.91,33
26385,1915,9,1,158.03,10.0,9.91,33
26386,1988,3,1,140.33,10.0,9.92,33
26387,1930,3,1,89.4,75.0,10.08,33
26388,2019,6,1,92.61,75.0,10.09,33
26390,1996,3,1,215.36,75.0,10.1,33
26391,1934,3,1,83.67,75.0,10.11,33
26392,1925,3,1,119.09,80.0,10.14,33
26393,1930,3,1,105.85,75.0,10.14,33
26398,1993,9,1,1481.97,165.0,12.01,33
26400,1966,3,1,124.64,165.0,9.71,33
26401,1965,6,1,202.91,165.0,9.72,33
26403,1950,6,1,150.84,165.0,9.73,33
26405,1970,6,1,113.64,165.0,9.74,33
26406,1950,3,1,144.52,165.0,9.76,33
26407,1962,6,1,112.5,165.0,9.76,33
26409,1964,3,1,102.59,165.0,9.77,33
26410,1960,3,1,119.0,165.0,9.78,33
26411,2000,9,1,217.4,75.0,10.12,33
26413,2005,9,1,325.46,165.0,9.74,33
26416,2003,12,1,739.28,250.0,10.57,33
26418,2003,3,1,288.28,75.0,12.11,33
26421,2006,15,1,281.24,340.0,14.83,33
26422,2006,12,1,644.84,345.0,45.65,33
26424,2023,21,1,851.63,350.0,15.13,33
26426,2013,12,1,538.69,165.0,10.28,33
26428,1900,6,1,445.29,10.0,26.67,33
26430,1948,9,1,98.0,255.0,11.14,33
26432,1960,3,1,85.73,345.0,9.93,33
26433,1960,3,1,101.02,345.0,10.06,33
26434,1960,3,1,116.26,345.0,10.07,33
26438,1969,3,1,134.57,75.0,9.93,33
26440,1976,15,1,129.21,75.0,9.95,33
26442,2003,3,1,270.01,75.0,10.0,33
26444,1935,3,1,208.76,80.0,10.03,33
26445,1992,9,1,844.63,165.0,9.94,33
26446,1968,12,1,411.82,165.0,10.07,33
26447,1968,12,1,399.6,255.0,9.82,33
26448,2007,9,1,348.28,345.0,10.07,33
26449,2005,9,1,403.06,75.0,10.04,33
26451,2005,9,1,244.21,75.0,9.98,33
26453,2003,6,1,193.6,345.0,10.07,33
26456,1966,3,1,121.67,260.0,104.31,33
26459,2009,12,1,265.01,345.0,10.17,33
26460,1954,3,1,220.51,345.0,10.23,33
26462,1970,15,1,175.38,345.0,10.27,33
26464,1974,15,1,166.71,345.0,10.33,33
26465,1990,3,1,98.44,75.0,10.23,33
26466,1934,3,1,147.8,75.0,10.19,33
26467,1934,3,1,207.33,75.0,10.13,33
26468,1979,15,1,375.71,165.0,10.03,33
26470,1975,15,1,245.7,255.0,15.99,33
26471,2006,9,1,229.51,165.0,10.07,33
26472,2006,9,1,465.3,165.0,10.07,33
26473,1981,6,1,226.32,325.0,21.16,33
26476,1935,3,1,145.68,335.0,13.86,33
26478,1915,3,1,143.06,340.0,13.85,33
26480,1918,3,1,,350.0,14.14,33
26481,1935,6,1,212.99,340.0,13.87,33
26484,1975,3,1,140.55,340.0,13.88,33
26485,1962,3,1,90.51,340.0,13.88,33
26487,1992,12,1,144.74,75.0,9.87,33
26488,1943,3,1,83.62,190.0,9.9,33
26490,1943,9,1,126.28,75.0,9.9,33
26491,1918,3,1,90.86,190.0,9.9,33
26492,2002,3,1,79.73,190.0,9.9,33
26493,1937,6,1,166.5,190.0,9.91,33
26500,1928,3,1,79.06,190.0,9.91,33
26501,1936,3,1,120.73,190.0,9.91,33
26502,1920,3,1,89.12,190.0,9.93,33
26505,1974,3,1,17.72,190.0,9.93,33
26506,1992,12,1,125.69,190.0,9.93,33
26509,1920,3,1,118.84,190.0,9.94,33
26511,1915,3,1,116.6,190.0,9.94,33
26512,1910,3,1,97.38,190.0,9.95,33
26513,1910,9,1,108.31,190.0,23.34,33
26516,1989,3,1,74.38,190.0,24.35,33
26517,1910,3,1,83.51,190.0,14.87,33
26519,1970,21,1,267.81,300.0,18.96,33
26521,2003,3,1,525.93,325.0,15.3,33
26524,2006,9,1,340.13,340.0,13.93,33
26525,1947,3,1,208.82,340.0,13.92,33
26527,1968,6,1,162.49,350.0,9.73,33
26529,1998,6,1,302.66,350.0,9.69,33
26531,1975,12,1,721.88,350.0,9.69,33
26534,1990,3,1,71.58,75.0,9.82,33
26536,1960,9,1,123.49,160.0,13.93,33
26537,1998,9,1,1196.51,160.0,13.9,33
26539,1994,3,1,77.03,255.0,9.85,33
26540,1998,6,1,72.11,255.0,9.85,33
26542,1975,3,1,156.47,255.0,9.85,33
26544,1940,9,1,119.92,255.0,9.84,33
26545,2002,3,1,90.5,255.0,9.85,33
26546,1968,3,1,144.4,255.0,9.85,33
26547,1963,3,1,141.27,255.0,9.84,33
26548,2023,12,1,97.02,255.0,9.82,33
26550,1924,3,1,91.07,255.0,9.81,33
26551,1947,9,1,85.34,255.0,9.8,33
26554,1969,9,1,163.9,255.0,9.75,33
26555,1965,6,1,129.85,255.0,9.73,33
26558,2007,9,1,85.71,75.0,9.85,33
26559,1979,6,1,104.98,160.0,37.13,33
26561,2006,9,1,261.63,255.0,9.77,33
26563,2012,15,1,240.32,75.0,9.76,33
26565,1953,6,1,111.34,0.0,43.97,33
26566,1997,9,1,415.87,75.0,9.95,33
26567,2004,9,1,459.22,75.0,9.88,33
26568,1950,3,1,60.68,75.0,9.83,33
26569,1950,3,1,50.47,75.0,9.81,33
26570,1958,3,1,157.2,75.0,9.77,33
26571,1991,3,1,103.9,75.0,9.72,33
26572,2005,9,1,235.59,170.0,9.69,33
26574,1976,3,1,146.13,280.0,11.21,33
26575,2005,9,1,252.28,280.0,18.3,33
26576,2000,9,1,872.57,280.0,9.75,33
26577,2008,9,1,273.23,170.0,9.68,33
26579,1994,15,1,651.44,345.0,60.68,33
26582,1972,3,1,296.11,125.0,21.54,33
26584,1987,3,1,93.43,125.0,9.99,33
26585,1954,3,1,127.39,125.0,9.95,33
26587,1995,9,1,403.2,125.0,9.83,33
26588,1930,3,1,77.74,220.0,9.82,33
26589,1970,3,1,102.44,220.0,9.83,33
26591,1930,3,1,114.34,220.0,9.84,33
26594,1930,3,1,89.48,220.0,9.85,33
26596,1930,3,1,96.72,220.0,9.84,33
26597,1930,3,1,89.38,220.0,9.85,33
26599,1971,3,1,76.69,220.0,9.85,33
26601,1994,15,1,651.13,220.0,11.48,33
26603,1981,18,1,292.14,270.0,60.59,33
26604,1981,12,1,203.47,350.0,9.94,33
26607,1993,18,1,2794.94,215.0,99.94,33
26611,1993,9,1,410.78,275.0,70.65,33
26612,1935,3,1,103.89,75.0,57.82,33
26613,1935,3,1,218.14,75.0,13.86,33
26615,1935,3,1,166.32,75.0,13.82,33
26616,1918,3,1,88.69,75.0,13.79,33
26623,1979,21,1,290.31,205.0,30.17,33
26624,1979,12,1,242.94,85.0,10.26,33
26625,1979,18,1,208.09,280.0,25.48,33
26626,1979,18,1,213.59,265.0,25.46,33
26627,1935,6,1,123.2,75.0,13.92,33
26628,1970,6,1,101.62,75.0,13.92,33
26632,1919,3,1,73.83,75.0,13.91,33
26633,1930,6,1,111.68,75.0,13.9,33
26634,1959,3,1,97.77,75.0,13.89,33
26637,2006,6,1,170.27,75.0,13.82,33
26638,2018,9,1,71.13,75.0,13.64,33
26640,1922,6,1,70.84,75.0,13.53,33
26642,1932,6,1,118.68,75.0,13.43,33
26645,1934,6,1,83.25,75.0,13.34,33
26647,1936,6,1,268.94,75.0,13.13,33
26648,1969,12,1,159.35,75.0,12.98,33
26649,1993,3,1,91.96,220.0,17.61,33
26650,1964,3,1,57.29,255.0,9.81,33
26651,1945,3,1,68.36,255.0,9.83,33
26652,1999,3,1,59.72,255.0,9.87,33
26653,1936,3,1,58.9,255.0,9.92,33
26654,1930,6,1,58.65,255.0,9.95,33
26656,1951,3,1,63.46,255.0,9.97,33
26657,1930,3,1,63.6,255.0,9.98,33
26658,1935,3,1,57.78,255.0,9.98,33
26659,1967,3,1,58.78,255.0,9.98,33
26660,1935,3,1,52.17,255.0,9.98,33
26662,2005,9,1,552.29,75.0,13.94,33
26664,2019,9,1,94.28,75.0,13.89,33
26666,2019,9,1,173.32,75.0,13.88,33
26668,1935,3,1,47.78,75.0,9.98,33
26669,2020,6,1,59.0,75.0,9.98,33
26671,1935,3,1,86.46,75.0,9.98,33
26672,1935,6,1,78.33,75.0,9.98,33
26673,1941,3,1,92.97,75.0,9.98,33
26674,1935,3,1,87.57,75.0,9.97,33
26675,1966,3,1,70.82,75.0,9.96,33
26676,2021,9,1,83.82,75.0,9.93,33
26678,1932,3,1,112.67,75.0,9.89,33
26680,1932,6,1,87.81,75.0,9.86,33
26682,1986,3,1,110.92,75.0,9.83,33
26683,2003,9,1,365.25,170.0,10.03,33
26684,1996,3,1,198.43,95.0,50.55,33
26685,1999,18,1,418.89,260.0,42.91,33
26687,2020,24,1,469.8,255.0,26.78,33
26689,2020,12,1,424.5,75.0,11.81,33
26697,1996,12,1,1306.45,350.0,16.01,33
26703,2021,18,1,1664.68,165.0,16.91,33
26706,1993,9,1,513.69,235.0,9.93,33
26707,1971,3,1,123.96,325.0,9.91,33
26708,1930,9,1,346.75,325.0,9.93,33
26709,2018,9,1,84.27,325.0,9.95,33
26712,1960,3,1,95.38,325.0,9.96,33
26714,1997,3,1,136.69,325.0,9.99,33
26716,1996,9,1,125.24,55.0,15.9,33
26717,1993,3,1,125.66,55.0,15.87,33
26718,1977,18,1,425.58,55.0,15.85,33
26719,1964,6,1,387.31,55.0,15.56,33
26720,1957,6,1,185.86,55.0,15.83,33
26722,1989,12,1,137.46,125.0,29.29,33
26724,1920,3,1,142.38,120.0,19.85,33
26726,1922,3,1,75.66,125.0,19.77,33
26729,1993,3,1,131.31,125.0,19.69,33
26730,1910,3,1,150.77,120.0,19.68,33
26731,1978,21,1,734.23,180.0,34.75,33
26732,1921,3,1,120.53,235.0,10.12,33
26733,2020,12,1,86.15,235.0,10.1,33
26735,1998,3,1,83.53,235.0,10.07,33
26736,2024,6,1,90.03,235.0,10.06,33
26738,1920,6,1,204.25,235.0,10.05,33
26740,2019,9,1,114.41,235.0,10.03,33
26742,1944,3,1,246.58,235.0,10.0,33
26743,2003,12,1,228.86,55.0,15.88,33
26745,1945,6,1,144.12,55.0,49.8,33
26748,2008,6,1,391.85,125.0,42.05,33
26751,1981,6,1,286.59,55.0,9.95,33
26753,1950,6,1,286.98,55.0,10.01,33
26755,1949,6,1,306.38,55.0,10.07,33
26756,1956,3,1,105.98,55.0,10.13,33
26758,2000,6,1,204.23,100.0,49.34,33
26760,1962,3,1,89.6,125.0,21.45,33
26761,1923,3,1,249.92,125.0,17.61,33
26765,1959,6,1,389.59,130.0,17.16,33
26766,1992,15,1,723.65,150.0,55.38,33
26767,1994,15,1,674.73,160.0,32.59,33
26769,1975,18,1,718.0,170.0,19.43,33
26772,1968,6,1,108.78,170.0,24.68,33
26774,1993,12,1,155.13,170.0,24.7,33
26775,1965,3,1,195.45,285.0,13.84,33
26776,1967,3,1,173.72,285.0,13.86,33
26778,1961,6,1,226.81,270.0,14.28,33
26780,1970,12,1,360.15,285.0,21.62,33
26782,1972,21,1,629.31,285.0,17.1,33
26784,1996,15,1,618.92,330.0,24.4,33
26787,1960,6,1,163.64,50.0,68.39,33
26793,2003,3,1,355.01,55.0,9.9,33
26795,1981,18,1,214.98,10.0,130.45,33
26797,1974,9,1,158.95,55.0,15.93,33
26798,1925,3,1,73.15,55.0,15.9,33
26799,1936,3,1,86.73,55.0,15.87,33
26800,1964,6,1,92.22,55.0,15.85,33
26801,1945,3,1,129.72,55.0,15.76,33
26802,1946,3,1,130.48,55.0,15.73,33
26804,1978,3,1,144.71,55.0,24.34,33
26806,1977,15,1,143.17,55.0,15.84,33
26807,1968,9,1,121.46,145.0,10.0,33
26809,1934,3,1,125.41,145.0,9.98,33
26811,1930,6,1,154.22,145.0,9.97,33
26813,1940,3,1,111.34,145.0,9.93,33
26814,1927,3,1,108.18,145.0,9.91,33
26815,1920,3,1,110.73,145.0,9.9,33
26817,1925,3,1,63.85,285.0,90.82,33
26818,2003,3,1,78.22,285.0,62.74,33
26819,1921,3,1,203.88,285.0,16.03,33
26820,1932,3,1,144.0,285.0,16.02,33
26822,1941,3,1,183.84,285.0,15.98,33
26823,1960,3,1,204.64,285.0,19.23,33
26826,2002,9,1,414.09,285.0,41.13,33
26827,2007,9,1,182.87,145.0,9.94,33
26829,2010,12,1,393.13,285.0,16.0,33
26833,1998,9,1,459.34,50.0,25.19,33
26836,1980,12,1,429.07,5.0,15.55,33
26837,1983,15,1,529.35,95.0,10.02,33
26840,1977,12,1,427.45,275.0,14.08,33
26842,1990,9,1,562.51,10.0,17.4,33
26848,1996,15,1,1220.35,75.0,137.61,33
26849,1967,6,1,127.29,10.0,29.74,33
26850,1930,3,1,78.52,10.0,29.76,33
26851,1931,3,1,71.7,10.0,29.77,33
26853,2003,12,1,125.08,10.0,29.78,33
26855,1930,3,1,11.64,10.0,29.8,33
26858,1969,6,1,98.36,10.0,29.83,33
26859,2003,6,1,183.77,110.0,45.23,33
26860,1991,9,1,120.83,180.0,9.5,33
26861,1978,3,1,81.02,180.0,9.23,33
26863,1978,9,1,99.85,180.0,9.13,33
26865,1978,3,1,83.75,180.0,9.15,33
26866,1948,3,1,91.71,180.0,9.19,33
26867,1949,3,1,93.21,180.0,9.25,33
26869,1989,9,1,381.1,285.0,10.26,33
26871,1989,9,1,468.79,285.0,10.18,33
26874,2000,12,1,362.32,10.0,29.68,33
26875,2002,12,1,285.0,10.0,80.26,33
26876,2009,15,1,501.63,95.0,16.75,33
26879,1994,3,1,119.85,10.0,29.73,33
26882,1962,3,1,103.08,180.0,9.34,33
26884,1961,3,1,255.17,5.0,9.97,33
26885,1965,3,1,168.26,5.0,9.94,33
26887,1960,3,1,130.0,5.0,9.93,33
26890,1967,18,1,527.75,190.0,29.8,33
26892,1968,3,1,183.46,190.0,29.77,33
26893,1970,6,1,160.27,190.0,29.76,33
26894,1932,3,1,253.73,190.0,29.74,33
26896,1940,3,1,109.66,190.0,29.72,33
26897,1995,3,1,84.86,190.0,29.7,33
26898,1930,3,1,122.75,190.0,29.69,33
26900,2004,3,1,257.07,190.0,31.44,33
26902,2018,3,1,67.0,275.0,10.06,33
26905,1945,3,1,83.68,275.0,10.07,33
26906,1963,3,1,90.86,275.0,10.08,33
26907,1961,3,1,87.68,275.0,10.09,33
26908,1954,6,1,108.44,275.0,10.09,33
26912,2002,9,1,204.65,275.0,10.0,33
26913,2004,9,1,372.17,275.0,10.11,33
26914,1960,6,1,192.13,275.0,10.2,33
26915,1955,3,1,31.14,5.0,9.96,33
26917,1975,12,1,147.87,50.0,26.9,33
26918,1992,6,1,124.8,50.0,26.52,33
26921,1950,3,1,120.46,95.0,14.2,33
26922,1978,9,1,148.03,90.0,14.24,33
26923,2018,6,1,87.64,95.0,14.27,33
26926,1960,3,1,137.72,90.0,14.27,33
26927,1955,6,1,153.94,140.0,29.95,33
26928,1990,9,1,120.05,185.0,9.85,33
26930,1955,3,1,156.96,185.0,9.86,33
26932,1992,3,1,115.28,185.0,9.87,33
26933,1973,9,1,162.36,185.0,9.89,33
26936,1965,3,1,93.66,185.0,9.93,33
26937,1950,3,1,96.52,185.0,9.94,33
26938,1955,6,1,89.85,275.0,9.97,33
26940,1977,3,1,47.26,275.0,9.94,33
26941,1955,3,1,46.94,275.0,9.93,33
26942,1960,3,1,48.52,275.0,9.92,33
26943,2005,9,1,58.04,275.0,9.94,33
26945,1955,3,1,148.92,275.0,9.99,33
26946,1955,3,1,99.47,275.0,10.04,33
26947,1950,3,1,91.54,275.0,10.09,33
26948,2021,6,1,116.28,275.0,10.14,33
26952,2005,15,1,674.37,335.0,81.33,33
26954,1988,12,1,344.88,95.0,58.39,33
26955,1950,15,1,125.55,95.0,33.68,33
26958,1978,15,1,186.95,95.0,14.03,33
26959,1949,3,1,84.97,185.0,9.83,33
26961,2004,3,1,295.59,275.0,10.24,33
26962,2002,9,1,392.04,270.0,10.31,33
26963,2005,9,1,447.3,275.0,10.19,33
26964,1962,21,1,311.2,270.0,98.77,33
26965,1962,12,1,110.05,355.0,10.0,33
26966,1948,3,1,86.5,355.0,10.05,33
26967,1991,3,1,83.67,355.0,10.09,33
26968,2004,6,1,83.49,355.0,10.12,33
26969,2009,12,1,76.49,355.0,10.15,33
26970,1948,3,1,95.49,355.0,10.17,33
26971,1999,3,1,99.01,355.0,10.19,33
26972,1983,3,1,92.14,355.0,10.22,33
26973,1929,3,1,90.48,355.0,10.25,33
26974,1948,3,1,78.44,80.0,9.87,33
26975,1948,3,1,97.45,80.0,9.85,33
26976,1948,9,1,224.51,80.0,9.83,33
26978,1973,6,1,139.92,130.0,33.17,33
26979,1962,18,1,245.03,215.0,46.55,33
26980,2000,9,1,234.41,355.0,10.29,33
26981,2001,15,1,263.23,220.0,31.63,33
26982,2005,15,1,768.28,220.0,29.88,33
26984,2006,15,1,153.63,220.0,29.91,33
26985,1999,18,1,82.32,220.0,121.95,33
26986,1979,21,1,138.72,235.0,96.8,33
26987,1995,3,1,115.55,350.0,9.79,33
26988,1930,3,1,101.55,350.0,69.95,33
26990,1930,9,1,112.91,175.0,110.29,33
26992,1930,3,1,114.06,175.0,89.92,33
26994,1999,3,1,114.24,175.0,52.86,33
26995,1910,3,1,79.07,175.0,10.26,33
26997,1930,3,1,113.09,175.0,9.94,33
26999,1930,6,1,111.55,175.0,9.96,33
27001,1930,3,1,40.26,175.0,9.98,33
27003,1930,3,1,119.32,175.0,10.01,33
27006,1930,9,1,116.82,175.0,10.06,33
27009,1930,3,1,61.33,175.0,10.08,33
27010,1991,3,1,124.28,175.0,10.17,33
27011,1930,3,1,171.9,350.0,10.21,33
27014,1930,3,1,193.93,175.0,10.27,33
27015,1991,12,1,138.96,350.0,10.67,33
27017,1979,15,1,249.22,175.0,10.14,33
27018,1930,3,1,51.01,350.0,9.82,33
27019,1961,3,1,81.83,305.0,27.26,33
27021,1964,6,1,69.86,350.0,13.65,33
27023,1963,3,1,462.87,350.0,13.68,33
27025,1962,12,1,484.53,355.0,13.78,33
27026,2007,9,1,178.08,350.0,13.78,33
27027,1950,6,1,109.53,350.0,13.88,33
27029,2002,9,1,147.59,350.0,13.91,33
27030,1965,3,1,114.89,80.0,9.77,33
27031,1964,3,1,123.94,80.0,9.79,33
27032,1964,3,1,109.46,80.0,9.81,33
27033,1964,3,1,101.53,80.0,9.83,33
27034,1964,3,1,89.96,80.0,9.85,33
27036,1963,6,1,106.18,80.0,9.88,33
27038,1963,3,1,148.02,80.0,9.9,33
27039,1963,3,1,220.27,170.0,10.16,33
27040,1958,3,1,63.3,170.0,10.0,33
27041,1960,3,1,86.52,170.0,9.96,33
27042,1960,9,1,59.23,170.0,9.91,33
27044,1999,9,1,317.06,170.0,9.81,33
27045,2005,9,1,192.93,170.0,9.77,33
27046,1961,3,1,137.6,170.0,9.74,33
27048,1999,9,1,131.55,170.0,9.72,33
27049,1962,12,1,407.21,260.0,8.54,33
27051,1960,3,1,103.23,350.0,10.06,33
27052,1960,3,1,104.85,350.0,10.06,33
27053,1958,3,1,100.34,350.0,10.06,33
27054,1942,6,1,103.18,350.0,10.06,33
27056,2005,9,1,136.99,350.0,10.05,33
27057,1999,3,1,78.64,350.0,10.06,33
27058,1971,6,1,97.56,80.0,10.09,33
27060,1937,3,1,119.87,170.0,13.82,33
27061,1950,3,1,158.92,170.0,13.79,33
27062,1977,3,1,53.64,170.0,13.77,33
27063,1950,3,1,221.71,200.0,29.12,33
27064,1944,9,1,93.79,260.0,9.79,33
27066,1930,3,1,90.13,260.0,9.79,33
27067,2006,12,1,74.02,260.0,9.79,33
27068,1950,3,1,134.19,260.0,9.79,33
27069,1950,3,1,96.43,260.0,9.79,33
27070,1950,3,1,80.78,260.0,9.8,33
27071,1960,12,1,262.52,260.0,9.8,33
27072,1950,3,1,106.95,260.0,9.8,33
27074,2011,12,1,543.47,170.0,13.69,33
27077,1950,3,1,281.36,350.0,10.07,33
27079,2008,9,1,590.71,170.0,13.87,33
27080,1966,12,1,140.99,355.0,9.5,33
27081,1950,9,1,132.62,350.0,9.49,33
27082,1961,3,1,145.41,40.0,25.32,33
27083,1959,6,1,177.75,80.0,11.8,33
27084,1997,9,1,212.27,80.0,11.77,33
27085,1970,15,1,327.15,80.0,11.74,33
27086,1938,3,1,85.33,125.0,24.79,33
27087,1965,12,1,200.08,170.0,9.56,33
27088,1964,12,1,195.2,170.0,9.6,33
27089,1966,3,1,271.35,170.0,9.63,33
27090,1963,3,1,144.23,170.0,9.67,33
27092,1981,12,1,508.92,110.0,11.58,33
27093,1970,15,1,188.55,260.0,9.88,33
27094,1945,3,1,121.45,205.0,27.76,33
27096,2007,12,1,493.23,260.0,9.93,33
27097,2009,9,1,861.51,350.0,9.52,33
27099,1984,3,1,286.75,350.0,9.27,33
27102,1969,3,1,145.65,350.0,9.35,33
27104,1958,3,1,149.63,350.0,9.38,33
27107,1971,12,1,196.71,350.0,9.44,33
27108,1982,6,1,193.5,80.0,10.01,33
27109,1953,3,1,97.46,80.0,10.0,33
27112,1965,6,1,69.65,80.0,9.99,33
27113,1954,3,1,220.32,80.0,9.97,33
27116,1957,3,1,203.0,80.0,9.97,33
27118,1959,3,1,111.78,80.0,9.96,33
27119,1968,3,1,130.74,80.0,9.95,33
27120,1957,9,1,118.13,170.0,10.05,33
27121,2003,3,1,90.57,170.0,10.06,33
27122,1959,3,1,85.83,170.0,10.06,33
27123,1966,3,1,94.47,170.0,10.05,33
27124,1996,9,1,274.08,170.0,10.06,33
27126,1959,3,1,121.03,170.0,10.07,33
27128,1994,3,1,80.72,170.0,10.07,33
27130,1960,3,1,89.89,170.0,10.05,33
27132,1959,3,1,125.12,80.0,9.99,33
27133,1959,3,1,149.9,80.0,9.98,33
27134,2008,9,1,448.15,170.0,10.07,33
27135,1995,3,1,91.96,350.0,9.87,33
27136,1959,3,1,135.04,350.0,9.85,33
27138,1952,9,1,140.22,350.0,9.85,33
27140,1931,3,1,96.12,350.0,9.84,33
27141,1932,9,1,87.61,350.0,9.83,33
27143,1948,3,1,102.81,350.0,9.83,33
27145,1942,3,1,97.35,350.0,9.82,33
27146,1931,3,1,91.89,350.0,9.82,33
27148,1942,3,1,122.26,350.0,9.81,33
27150,1954,3,1,100.81,350.0,9.8,33
27151,1956,6,1,121.35,350.0,9.79,33
27152,1952,6,1,178.99,350.0,9.79,33
27155,2005,9,1,323.54,80.0,9.93,33
27156,1936,3,1,206.56,80.0,9.84,33
27157,1951,3,1,84.65,170.0,9.52,33
27159,1960,3,1,141.99,170.0,9.5,33
27162,1948,3,1,129.5,170.0,9.48,33
27163,1970,12,1,1207.4,170.0,9.4,33
27164,1928,3,1,83.14,170.0,9.26,33
27165,1935,3,1,77.01,170.0,9.23,33
27166,1939,3,1,64.49,170.0,9.21,33
27167,1941,3,1,67.97,260.0,9.83,33
27168,1966,3,1,117.5,260.0,9.85,33
27170,1949,3,1,156.97,260.0,9.85,33
27172,2011,15,1,89.2,260.0,9.86,33
27174,1957,3,1,133.82,260.0,9.87,33
27175,1958,3,1,69.79,260.0,9.88,33
27176,1958,3,1,67.34,260.0,9.88,33
27177,1965,18,1,275.17,305.0,43.85,33
27179,1993,15,1,208.88,350.0,25.2,33
27180,1995,12,1,187.97,350.0,25.28,33
27182,1995,15,1,157.75,40.0,44.26,33
27183,1989,6,1,142.86,80.0,11.74,33
27184,1970,15,1,228.33,75.0,11.82,33
27185,1950,3,1,375.85,80.0,11.77,33
27187,1955,3,1,181.48,80.0,11.79,33
27188,1955,6,1,338.83,80.0,11.81,33
27189,1965,15,1,363.2,80.0,11.83,33
27190,1965,6,1,117.31,80.0,11.87,33
27191,1960,12,1,90.62,170.0,9.61,33
27192,1965,6,1,146.2,170.0,9.6,33
27194,1955,3,1,138.13,170.0,9.58,33
27195,1955,6,1,177.11,170.0,9.56,33
27196,1950,3,1,193.38,170.0,9.5,33
27198,1955,3,1,66.47,170.0,9.47,33
27199,1963,3,1,74.09,260.0,10.94,33
27200,1955,6,1,140.31,260.0,10.9,33
27202,1960,6,1,137.18,260.0,10.84,33
27204,1955,9,1,183.46,260.0,10.82,33
27206,2003,3,1,184.74,260.0,10.8,33
27207,1960,3,1,317.62,260.0,10.73,33
27208,1994,12,1,216.8,350.0,25.38,33
27210,1990,9,1,135.08,350.0,25.18,33
27211,1998,9,1,297.63,260.0,10.77,33
27212,2007,15,1,397.73,350.0,25.28,33
27213,2008,9,1,254.17,80.0,11.84,33
27216,1966,3,1,153.93,305.0,36.69,33
27218,2000,9,1,136.95,350.0,13.51,33
27219,1964,3,1,243.32,350.0,13.55,33
27221,1980,3,1,97.55,350.0,13.58,33
27222,1958,3,1,108.33,350.0,13.6,33
27223,1963,3,1,111.95,350.0,13.62,33
27224,1964,3,1,104.35,350.0,13.64,33
27226,1965,6,1,153.95,80.0,12.18,33
27229,1975,3,1,74.56,80.0,12.22,33
27230,1960,3,1,156.33,80.0,12.29,33
27231,1999,15,1,2480.18,220.0,31.94,33
27232,1962,3,1,189.94,260.0,16.43,33
27234,1966,6,1,115.8,260.0,16.41,33
27237,1965,3,1,154.36,260.0,16.39,33
27238,1988,6,1,129.88,305.0,22.2,33
27239,1996,12,1,178.63,350.0,11.93,33
27240,1978,6,1,177.26,350.0,11.93,33
27241,1976,3,1,97.71,350.0,11.93,33
27243,1974,3,1,177.76,350.0,11.93,33
27245,1976,3,1,177.26,350.0,11.92,33
27247,1972,6,1,125.51,350.0,11.92,33
27248,1969,3,1,100.47,350.0,11.91,33
27250,1973,3,1,145.43,355.0,11.92,33
27252,1976,6,1,143.46,350.0,11.91,33
27255,1976,9,1,100.22,350.0,11.9,33
27258,1998,3,1,115.96,80.0,11.89,33
27259,2001,3,1,166.24,80.0,12.02,33
27260,1955,3,1,131.37,80.0,12.04,33
27261,1962,3,1,126.82,80.0,12.06,33
27263,2023,6,1,133.39,80.0,12.08,33
27264,1969,3,1,90.34,80.0,12.11,33
27265,1969,3,1,66.4,85.0,0.0,33
27266,1969,3,1,66.13,170.0,0.0,33
27267,1969,3,1,77.07,80.0,12.14,33
27269,1970,3,1,76.77,80.0,12.16,33
27270,1966,9,1,47.63,80.0,12.2,33
27272,1965,3,1,51.36,130.0,28.46,33
27274,2000,9,1,141.06,170.0,13.69,33
27275,1978,12,1,156.69,170.0,13.63,33
27276,1971,12,1,141.16,170.0,13.6,33
27278,1965,3,1,94.69,170.0,13.57,33
27279,1969,6,1,146.22,170.0,13.54,33
27280,1987,3,1,153.88,170.0,13.51,33
27281,1972,15,1,180.16,260.0,42.53,33
27282,1976,3,1,47.39,260.0,15.62,33
27284,1961,3,1,103.74,260.0,15.6,33
27286,1972,3,1,153.52,260.0,15.54,33
27288,1979,9,1,161.62,260.0,15.52,33
27289,1981,3,1,196.44,260.0,13.46,33
27290,1976,3,1,174.93,260.0,12.23,33
27292,1965,3,1,102.53,85.0,0.0,33
27293,1968,6,1,108.69,260.0,12.15,33
27295,1972,3,1,87.57,350.0,7.82,33
27297,1970,3,1,98.65,350.0,7.82,33
27298,1965,12,1,95.8,350.0,7.82,33
27299,1965,9,1,94.63,350.0,7.84,33
27301,1961,3,1,101.65,350.0,8.0,33
27302,1972,3,1,93.49,350.0,8.02,33
27304,1961,6,1,109.86,350.0,8.05,33
27307,1958,3,1,148.88,80.0,11.84,33
27308,2006,9,1,144.89,170.0,12.08,33
27309,1959,3,1,81.79,170.0,11.9,33
27310,1962,3,1,84.13,170.0,11.91,33
27311,1973,3,1,68.37,170.0,11.91,33
27312,1965,9,1,60.15,170.0,11.92,33
27314,1959,3,1,129.05,170.0,11.92,33
27315,2006,9,1,83.9,170.0,11.93,33
27316,1964,3,1,83.55,170.0,11.93,33
27317,2023,9,1,66.45,170.0,11.93,33
27319,1962,3,1,99.05,170.0,11.93,33
27321,1967,3,1,83.48,260.0,12.21,33
27323,1994,6,1,398.5,350.0,7.9,33
27327,1991,15,1,549.98,300.0,26.27,33
27329,2017,9,1,54.38,80.0,11.94,33
27331,1962,6,1,70.7,80.0,11.93,33
27333,1962,3,1,103.61,80.0,11.92,33
27334,1962,3,1,88.15,170.0,8.0,33
27336,1969,3,1,72.05,170.0,7.98,33
27337,1969,3,1,78.58,170.0,7.94,33
27338,1969,3,1,71.11,170.0,7.92,33
27339,1970,3,1,80.73,170.0,7.9,33
27340,1971,6,1,77.82,170.0,7.88,33
27342,1972,6,1,79.49,170.0,7.86,33
27343,2001,3,1,93.46,350.0,9.08,33
27344,1991,3,1,155.96,350.0,12.17,33
27345,1991,12,1,165.01,350.0,12.12,33
27346,1996,12,1,268.22,35.0,21.31,33
27366,1972,3,1,121.88,90.0,3.67,33
27367,1989,3,1,121.33,350.0,10.15,33
27368,1981,6,1,85.33,355.0,10.07,33
27371,1950,3,1,72.81,355.0,10.05,33
27372,1970,12,1,80.37,130.0,15.88,33
27373,1955,3,1,80.17,135.0,15.9,33
27375,1970,15,1,228.47,225.0,62.44,33
27377,1960,3,1,99.56,260.0,9.78,33
27378,1944,3,1,98.38,260.0,9.79,33
27379,1950,3,1,95.64,260.0,9.82,33
27380,1960,6,1,121.45,260.0,9.85,33
27381,2003,3,1,101.75,260.0,9.87,33
27382,1987,3,1,106.08,260.0,9.89,33
27383,1960,6,1,62.66,260.0,9.9,33
27384,1955,3,1,95.29,260.0,9.92,33
27386,1955,3,1,125.37,260.0,9.93,33
27388,1991,3,1,122.36,135.0,15.9,33
27389,1990,3,1,105.28,135.0,15.89,33
27390,1988,9,1,134.99,355.0,10.1,33
27392,1962,3,1,175.54,355.0,10.09,33
27393,2009,12,1,338.18,135.0,15.92,33
27394,1950,6,1,103.73,170.0,10.17,33
27396,1993,3,1,130.29,175.0,10.12,33
27398,1955,6,1,153.65,350.0,9.91,33
27399,1955,3,1,84.15,350.0,9.92,33
27400,1933,3,1,118.95,175.0,10.12,33
27401,1950,3,1,104.57,175.0,10.11,33
27403,1967,3,1,97.83,175.0,10.1,33
27404,1979,3,1,142.81,175.0,10.08,33
27406,1965,9,1,140.06,175.0,10.07,33
27408,1994,3,1,130.18,175.0,10.06,33
27410,1960,9,1,133.1,175.0,10.05,33
27413,1955,3,1,137.55,175.0,10.04,33
27414,1955,3,1,70.56,350.0,10.0,33
27415,2021,12,1,101.24,80.0,10.19,33
27417,1955,3,1,36.14,80.0,10.2,33
27418,1955,3,1,45.65,175.0,10.04,33
27419,2003,3,1,100.91,175.0,10.11,33
27422,1981,9,1,297.75,260.0,10.04,33
27423,1990,9,1,253.81,345.0,7.94,33
27426,1988,6,1,247.47,345.0,7.91,33
27427,1978,9,1,301.77,75.0,9.85,33
27428,1975,9,1,187.81,75.0,9.88,33
27429,1978,9,1,206.55,75.0,9.92,33
27431,1988,3,1,247.61,170.0,29.55,33
27433,1983,12,1,303.27,165.0,29.32,33
27435,1977,6,1,195.49,260.0,9.96,33
27437,1975,9,1,154.69,255.0,10.0,33
27438,1999,3,1,72.88,345.0,7.93,33
27439,1999,3,1,72.88,345.0,7.94,33
27440,1999,3,1,75.67,345.0,7.92,33
27441,1999,3,1,75.53,345.0,7.93,33
27442,2000,15,1,725.1,165.0,29.6,33
27443,1972,12,1,185.76,345.0,12.42,33
27444,1968,12,1,174.34,345.0,12.23,33
27445,1968,12,1,183.51,345.0,12.1,33
27446,1968,12,1,175.33,345.0,11.97,33
27447,1961,12,1,173.15,345.0,11.79,33
27448,1961,12,1,192.52,345.0,11.6,33
27449,1984,9,1,285.11,75.0,9.76,33
27450,1978,12,1,283.51,255.0,9.97,33
27451,1978,3,1,205.02,255.0,9.98,33
27452,1980,9,1,224.53,255.0,9.97,33
27453,1988,3,1,73.25,165.0,7.94,33
27454,1988,3,1,66.24,75.0,9.78,33
27455,1988,3,1,67.94,75.0,9.77,33
27456,1988,9,1,69.35,80.0,9.78,33
27459,1988,3,1,67.45,75.0,9.77,33
27460,1988,3,1,67.72,165.0,7.9,33
27461,1988,3,1,72.97,165.0,7.92,33
27462,1988,3,1,65.42,165.0,7.93,33
27463,1988,3,1,70.03,165.0,7.94,33
27464,1988,3,1,69.66,165.0,7.94,33
27465,1988,3,1,69.14,165.0,7.93,33
27466,1988,3,1,71.34,165.0,7.93,33
27467,1964,6,1,88.5,255.0,9.99,33
27468,1964,6,1,236.22,345.0,6.81,33
27469,1964,6,1,229.93,345.0,6.98,33
27470,1964,6,1,172.76,345.0,7.11,33
27471,1964,12,1,155.04,75.0,9.62,33
27472,1964,6,1,157.73,75.0,9.66,33
27473,1961,6,1,88.12,165.0,11.54,33
27474,1964,6,1,227.41,165.0,11.72,33
27475,1964,6,1,225.04,165.0,12.01,33
27476,1964,6,1,223.12,165.0,12.31,33
27477,1964,6,1,80.79,165.0,12.48,33
27478,1964,6,1,184.5,255.0,9.97,33
27479,1965,3,1,135.26,255.0,10.07,33
27480,1983,3,1,125.31,345.0,9.74,33
27481,1950,3,1,124.77,345.0,9.72,33
27482,1936,3,1,101.96,345.0,9.7,33
27483,1993,3,1,197.63,345.0,9.68,33
27484,1978,3,1,200.18,345.0,9.66,33
27486,1993,9,1,207.24,345.0,9.64,33
27487,1925,3,1,148.34,345.0,9.63,33
27489,1955,3,1,141.05,345.0,9.61,33
27490,1970,9,1,118.45,345.0,9.55,33
27493,2004,3,1,191.3,75.0,9.84,33
27495,1968,3,1,150.41,75.0,9.88,33
27496,1930,3,1,111.52,75.0,9.91,33
27497,1963,9,1,150.13,75.0,9.92,33
27498,1956,3,1,94.22,165.0,7.13,33
27500,1957,3,1,90.13,165.0,7.09,33
27501,1959,3,1,84.75,165.0,7.05,33
27503,1958,3,1,93.15,165.0,6.96,33
27504,1960,6,1,117.71,165.0,6.92,33
27505,1957,3,1,95.28,165.0,6.87,33
27507,1958,3,1,97.69,165.0,6.83,33
27508,2000,6,1,106.55,255.0,10.0,33
27509,1955,3,1,78.25,255.0,10.01,33
27510,1977,9,1,102.19,255.0,10.02,33
27511,1993,3,1,100.02,255.0,10.04,33
27513,1960,3,1,86.58,255.0,10.05,33
27514,1969,3,1,60.95,255.0,10.06,33
27515,2009,9,1,234.05,345.0,9.57,33
27516,2001,3,1,203.82,75.0,9.94,33
27517,1945,3,1,140.29,255.0,10.05,33
27518,1960,6,1,88.46,345.0,9.9,33
27519,1968,6,1,90.13,345.0,9.89,33
27520,1930,3,1,59.9,345.0,9.86,33
27522,1955,3,1,80.02,75.0,15.63,33
27524,1982,3,1,267.46,75.0,9.98,33
27525,1960,3,1,176.56,75.0,9.97,33
27526,1950,3,1,115.65,75.0,9.97,33
27528,1960,3,1,130.84,75.0,9.96,33
27530,1960,3,1,112.48,75.0,9.96,33
27531,1965,3,1,116.29,75.0,9.95,33
27533,1970,3,1,86.67,75.0,9.94,33
27534,1968,3,1,121.05,75.0,9.93,33
27535,2006,9,1,134.52,75.0,9.93,33
27536,2010,15,1,134.77,75.0,9.92,33
27537,1977,3,1,153.72,165.0,9.79,33
27538,1968,3,1,81.4,165.0,9.78,33
27539,1958,3,1,111.02,165.0,9.77,33
27541,1957,3,1,108.92,165.0,9.77,33
27542,2019,9,1,87.81,165.0,9.76,33
27544,1970,3,1,87.49,165.0,9.75,33
27546,1950,3,1,106.1,165.0,9.74,33
27547,1975,3,1,68.92,255.0,10.02,33
27548,1970,6,1,114.7,255.0,10.03,33
27549,1999,3,1,109.24,255.0,10.02,33
27550,1968,3,1,93.81,255.0,10.03,33
27551,1969,6,1,115.49,255.0,10.03,33
27553,1989,6,1,97.79,255.0,10.03,33
27555,1930,3,1,102.41,255.0,10.04,33
27556,1930,6,1,117.35,255.0,10.04,33
27558,1960,3,1,79.72,255.0,10.04,33
27559,1920,3,1,102.45,255.0,10.05,33
27560,2011,12,1,437.49,345.0,9.93,33
27562,2008,12,1,209.56,345.0,9.88,33
27565,2001,15,1,138.08,75.0,10.04,33
27566,2001,3,1,136.45,75.0,10.04,33
27568,1931,3,1,73.82,75.0,10.03,33
27569,1900,3,1,132.65,75.0,10.03,33
27570,1971,3,1,117.31,80.0,10.04,33
27575,1930,3,1,108.44,165.0,9.59,33
27576,1973,3,1,142.27,165.0,9.61,33
27579,1920,3,1,,165.0,9.63,33
27580,1984,3,1,197.55,165.0,9.64,33
27581,1930,3,1,103.05,165.0,9.66,33
27582,1920,3,1,131.46,165.0,9.68,33
27583,2006,3,1,92.67,165.0,9.71,33
27586,1992,6,1,138.28,165.0,9.72,33
27588,2009,15,1,60.86,255.0,9.81,33
27590,1983,3,1,113.78,255.0,15.76,33
27591,1900,6,1,111.44,255.0,9.84,33
27593,1973,3,1,170.74,255.0,9.84,33
27595,1975,3,1,120.28,255.0,9.85,33
27596,1960,3,1,107.31,255.0,9.86,33
27597,1930,3,1,105.34,255.0,9.87,33
27600,1930,3,1,108.19,255.0,9.88,33
27602,2000,9,1,1046.31,345.0,10.12,33
27603,2006,9,1,480.74,345.0,10.03,33
27604,1975,9,1,251.42,255.0,9.86,33
27606,1948,3,1,92.37,255.0,9.87,33
27608,1956,3,1,191.09,345.0,9.91,33
27609,1963,3,1,116.96,345.0,9.92,33
27610,1988,6,1,319.43,350.0,9.93,33
27611,2023,6,1,120.31,345.0,9.92,33
27613,1954,3,1,110.06,345.0,9.92,33
27614,1950,3,1,120.51,345.0,9.93,33
27615,2008,9,1,84.04,345.0,9.92,33
27616,2009,9,1,175.96,75.0,10.16,33
27618,1980,3,1,109.31,75.0,10.18,33
27620,1960,3,1,89.86,75.0,10.18,33
27621,1959,6,1,114.75,75.0,10.18,33
27623,1947,3,1,90.02,75.0,10.19,33
27624,1963,3,1,116.53,75.0,10.19,33
27625,1962,3,1,75.38,75.0,10.2,33
27626,1984,3,1,98.66,75.0,10.2,33
27627,1950,3,1,142.0,170.0,9.9,33
27629,1956,3,1,89.47,165.0,9.91,33
27630,1972,3,1,142.14,255.0,10.15,33
27631,1961,3,1,146.21,255.0,10.14,33
27632,1935,3,1,125.73,255.0,10.16,33
27635,1973,3,1,126.59,255.0,10.16,33
27636,2011,12,1,421.41,255.0,10.15,33
27638,1970,12,1,658.68,345.0,9.96,33
27639,1970,6,1,211.21,345.0,9.93,33
27640,1950,3,1,114.56,345.0,9.92,33
27642,2006,12,1,80.93,345.0,10.18,33
27643,1960,3,1,74.78,345.0,9.9,33
27645,1974,12,1,293.94,345.0,9.89,33
27647,1990,9,1,684.79,75.0,10.1,33
27648,1930,3,1,136.51,75.0,10.15,33
27649,1958,6,1,91.63,75.0,10.18,33
27651,1975,6,1,309.7,75.0,10.19,33
27652,1970,12,1,503.71,75.0,10.12,33
27653,1975,3,1,172.24,75.0,10.08,33
27656,2002,9,1,297.57,75.0,10.04,33
27657,1999,9,1,286.13,165.0,9.91,33
27659,1995,9,1,458.75,255.0,10.02,33
27660,1990,9,1,90.14,255.0,10.0,33
27662,1992,3,1,95.13,255.0,9.97,33
27663,2003,3,1,79.98,255.0,9.96,33
27664,1992,3,1,157.96,255.0,9.98,33
27665,1997,12,1,281.31,255.0,10.06,33
27666,1924,3,1,80.19,10.0,9.93,33
27667,1935,3,1,104.67,10.0,9.93,33
27671,1950,3,1,,10.0,9.91,33
27673,1930,3,1,105.25,10.0,9.91,33
27675,1964,3,1,137.24,10.0,9.92,33
27677,1983,9,1,134.89,10.0,9.91,33
27679,1950,3,1,146.87,10.0,9.9,33
27681,1935,6,1,100.1,10.0,9.9,33
27683,1920,3,1,105.37,10.0,9.9,33
27684,1973,3,1,148.31,5.0,9.91,33
27691,1958,3,1,21.97,10.0,31.21,33
27693,1961,9,1,115.25,75.0,9.92,33
27694,1942,3,1,219.13,75.0,9.97,33
27697,1980,3,1,258.06,75.0,9.99,33
27698,1969,6,1,154.99,75.0,10.0,33
27699,1960,6,1,297.95,75.0,10.02,33
27700,1992,6,1,72.73,255.0,10.0,33
27705,2020,12,1,84.12,255.0,10.11,33
27706,1999,3,1,199.96,255.0,10.27,33
27708,2005,9,1,725.3,75.0,9.94,33
27710,2010,12,1,564.87,255.0,10.05,33
27712,2010,12,1,328.79,255.0,45.95,33
27714,2009,9,1,676.54,75.0,10.05,33
27715,1984,3,1,99.51,340.0,31.43,33
27717,1943,3,1,47.56,75.0,0.0,33
27718,1975,12,1,438.32,340.0,14.19,33
27719,1970,12,1,221.57,75.0,13.71,33
27721,1970,3,1,79.56,75.0,13.76,33
27722,1968,3,1,124.83,75.0,13.77,33
27723,1910,3,1,126.38,75.0,13.79,33
27724,1939,3,1,64.41,75.0,13.81,33
27727,1948,3,1,104.48,75.0,13.83,33
27728,1910,3,1,128.1,75.0,13.85,33
27730,2006,3,1,90.11,75.0,106.59,33
27731,1998,3,1,131.32,75.0,14.04,33
27732,1968,3,1,80.94,75.0,14.03,33
27733,1930,3,1,114.53,75.0,14.0,33
27734,1958,3,1,65.44,75.0,13.97,33
27735,1940,3,1,75.42,75.0,13.94,33
27736,1930,3,1,52.04,75.0,13.91,33
27738,1970,15,1,338.42,75.0,13.81,33
27739,1975,9,1,159.03,195.0,9.94,33
27740,1929,3,1,117.21,190.0,9.87,33
27742,1905,3,1,124.49,190.0,9.86,33
27744,1909,3,1,114.92,190.0,9.85,33
27745,1960,6,1,100.77,190.0,9.85,33
27746,1974,3,1,150.05,190.0,9.85,33
27748,1908,3,1,125.64,190.0,9.84,33
27749,1930,3,1,107.19,190.0,9.84,33
27751,1920,3,1,,190.0,9.84,33
27752,1941,3,1,97.61,190.0,12.34,33
27753,1912,3,1,80.31,190.0,29.76,33
27754,1912,3,1,58.29,255.0,9.9,33
27755,1940,3,1,115.6,255.0,9.89,33
27757,1975,3,1,97.87,255.0,9.89,33
27758,1938,3,1,115.25,255.0,9.89,33
27759,1952,3,1,137.42,255.0,9.88,33
27760,1914,3,1,105.64,255.0,9.87,33
27762,1917,3,1,108.28,255.0,9.86,33
27763,1920,3,1,113.88,255.0,9.86,33
27764,1920,3,1,83.5,255.0,9.85,33
27765,2016,6,1,87.76,255.0,9.84,33
27767,1912,3,1,69.03,255.0,15.07,33
27768,1987,3,1,90.47,255.0,9.81,33
27769,1987,3,1,68.2,255.0,9.82,33
27770,1987,3,1,65.35,255.0,9.83,33
27771,1987,3,1,65.54,255.0,9.82,33
27773,1987,3,1,80.13,255.0,9.83,33
27774,1943,3,1,48.38,75.0,0.0,33
27775,1943,3,1,64.55,75.0,0.0,33
27776,1942,3,1,143.4,75.0,13.74,33
27777,2006,9,1,468.61,340.0,14.52,33
27779,2010,12,1,165.41,340.0,14.11,33
27785,1978,12,1,144.36,160.0,14.15,33
27786,1913,3,1,211.65,160.0,14.07,33
27789,1962,18,1,165.65,285.0,16.21,33
27790,1962,15,1,164.73,350.0,8.65,33
27791,1962,15,1,208.2,350.0,8.62,33
27792,1962,15,1,257.34,350.0,8.58,33
27793,1890,3,1,78.08,350.0,8.58,33
27794,1890,3,1,61.9,350.0,8.65,33
27795,1890,3,1,58.99,350.0,8.73,33
27796,1883,3,1,84.48,350.0,8.83,33
27798,2020,9,1,70.39,100.0,7.9,33
27800,1895,3,1,90.81,100.0,7.89,33
27802,1890,3,1,93.14,100.0,7.89,33
27804,1890,3,1,99.6,100.0,7.89,33
27805,1890,3,1,84.9,100.0,7.87,33
27806,1881,3,1,96.12,100.0,7.87,33
27807,1883,3,1,118.85,100.0,7.86,33
27809,1975,6,1,126.33,100.0,7.86,33
27812,2017,6,1,87.38,100.0,7.85,33
27814,1890,3,1,88.19,100.0,7.85,33
27815,1995,3,1,157.24,105.0,7.87,33
27817,1880,6,1,167.02,100.0,7.86,33
27819,1890,3,1,58.62,100.0,7.85,33
27821,1883,6,1,116.21,100.0,7.86,33
27823,1883,3,1,106.91,100.0,7.85,33
27825,1890,3,1,118.1,100.0,7.86,33
27827,1905,3,1,95.5,100.0,7.86,33
27828,1890,3,1,100.14,100.0,7.86,33
27829,1890,3,1,74.32,105.0,7.86,33
27830,1883,3,1,87.88,100.0,7.85,33
27831,1903,3,1,83.0,105.0,7.87,33
27832,1983,3,1,93.93,100.0,7.86,33
27834,1986,9,1,118.89,190.0,9.04,33
27835,1883,3,1,92.69,190.0,9.11,33
27836,1883,6,1,67.2,190.0,9.13,33
27838,1905,3,1,43.17,190.0,9.15,33
27839,1883,3,1,48.77,190.0,9.17,33
27840,1880,3,1,41.91,190.0,9.19,33
27841,2007,12,1,67.95,285.0,11.68,33
27842,2015,6,1,83.14,280.0,11.68,33
27843,1890,3,1,109.24,280.0,11.69,33
27844,1890,3,1,86.62,280.0,11.7,33
27845,1890,3,1,88.93,280.0,11.7,33
27846,1890,3,1,79.17,280.0,11.7,33
27847,1880,3,1,96.14,280.0,11.71,33
27848,1883,6,1,113.26,280.0,11.71,33
27850,1883,3,1,121.22,280.0,11.72,33
27851,1893,3,1,54.92,280.0,11.71,33
27852,1905,6,1,109.12,280.0,11.71,33
27853,1931,6,1,68.94,280.0,11.72,33
27855,1890,3,1,72.04,280.0,11.73,33
27856,1880,3,1,60.76,280.0,11.73,33
27857,1923,9,1,56.52,280.0,11.74,33
27859,1890,3,1,93.51,285.0,11.76,33
27860,1882,3,1,85.96,285.0,11.76,33
27862,1882,3,1,69.37,280.0,11.75,33
27863,1890,3,1,110.17,280.0,11.76,33
27864,1997,3,1,275.2,285.0,11.7,33
27865,2005,9,1,248.3,285.0,11.74,33
27866,2009,12,1,117.47,285.0,11.69,33
27868,2019,21,1,1116.32,345.0,10.16,33
27870,1970,21,1,330.19,75.0,13.69,33
27872,2010,9,1,139.56,75.0,13.68,33
27873,1970,21,1,446.28,75.0,13.66,33
27874,1970,21,1,440.84,75.0,13.63,33
27876,1970,21,1,354.44,75.0,13.6,33
27877,1994,9,1,873.4,75.0,13.57,33
27878,1972,18,1,317.19,165.0,9.53,33
27879,1980,21,1,258.81,255.0,9.68,33
27881,1972,18,1,346.9,255.0,9.7,33
27882,1972,18,1,324.31,255.0,9.79,33
27883,1996,12,1,133.95,350.0,9.79,33
27886,1955,3,1,138.29,350.0,9.8,33
27887,1970,3,1,104.25,350.0,9.87,33
27888,1971,18,1,355.67,75.0,16.06,33
27890,1960,15,1,177.52,75.0,16.1,33
27892,1950,3,1,107.66,75.0,16.14,33
27893,1960,3,1,109.37,75.0,16.16,33
27894,1977,3,1,140.54,75.0,16.18,33
27895,1960,3,1,281.27,0.0,72.51,33
27896,1960,3,1,155.22,75.0,16.26,33
27897,2003,3,1,397.86,165.0,9.59,33
27899,2010,12,1,204.66,165.0,9.62,33
27901,2003,3,1,208.85,75.0,16.02,33
27903,2005,12,1,279.08,165.0,9.55,33
27904,2007,12,1,572.1,350.0,9.77,33
27905,2007,12,1,390.04,350.0,9.78,33
27907,2008,36,1,450.12,165.0,0.0,33
27910,2008,42,1,1522.81,165.0,9.76,33
27918,1960,12,1,289.86,340.0,26.28,33
27920,1972,18,1,582.18,305.0,19.63,33
27922,1962,9,1,265.36,230.0,112.66,33
27924,2007,12,1,227.76,305.0,19.79,33
27925,1966,3,1,234.0,295.0,57.47,33
27926,1931,3,1,77.43,340.0,56.15,33
27927,1986,12,1,187.48,0.0,16.26,33
27930,1986,12,1,158.99,235.0,15.94,33
27931,1987,12,1,254.74,0.0,16.12,33
27932,1920,3,1,116.62,0.0,16.08,33
27934,1975,9,1,166.73,0.0,16.08,33
27937,1925,3,1,116.92,0.0,16.07,33
27939,1905,3,1,164.96,0.0,16.06,33
27940,1924,6,1,149.61,0.0,16.06,33
27942,1930,3,1,81.51,0.0,16.31,33
27943,1922,3,1,163.69,0.0,20.14,33
27946,1989,9,1,100.81,0.0,16.0,33
27947,2005,3,1,107.76,0.0,16.0,33
27948,1920,3,1,155.76,125.0,19.84,33
27950,1920,3,1,118.3,125.0,19.78,33
27951,1939,9,1,211.9,80.0,144.88,33
27952,1956,3,1,92.19,125.0,19.96,33
27953,1964,9,1,279.79,125.0,19.89,33
27954,1950,6,1,127.2,125.0,19.87,33
27957,2024,6,1,106.15,125.0,19.85,33
27959,1948,3,1,115.07,125.0,25.33,33
27960,1930,3,1,106.9,125.0,33.37,33
27961,1930,3,1,121.08,125.0,29.77,33
27963,1936,6,1,70.83,125.0,26.18,33
27965,1962,3,1,177.22,125.0,22.17,33
27966,1971,6,1,171.28,125.0,19.76,33
27968,1925,3,1,73.97,125.0,19.77,33
27969,1940,3,1,147.36,125.0,19.79,33
27970,1984,3,1,157.84,125.0,19.8,33
27971,1939,3,1,112.01,125.0,19.82,33
27973,1922,3,1,125.15,125.0,19.85,33
27974,1915,3,1,115.24,235.0,15.86,33
27975,1995,9,1,99.78,235.0,15.87,33
27978,1955,3,1,138.75,235.0,15.87,33
27979,1920,3,1,128.62,235.0,15.88,33
27980,1968,3,1,87.71,235.0,15.85,33
27981,1969,3,1,120.13,235.0,15.84,33
27983,1970,3,1,55.07,55.0,38.67,33
27985,1923,3,1,55.9,55.0,6.01,33
27987,1947,6,1,90.94,330.0,6.74,33
27988,1971,3,1,175.08,330.0,6.15,33
27990,1969,3,1,86.64,330.0,6.16,33
27994,2017,6,1,66.64,235.0,5.62,33
27995,1972,15,1,443.19,225.0,16.01,33
27996,1986,3,1,166.1,235.0,15.79,33
27998,1976,3,1,165.12,125.0,19.9,33
28000,2022,6,1,101.06,150.0,6.17,33
28002,2000,12,1,420.39,125.0,19.94,33
28003,2002,15,1,454.75,235.0,15.89,33
28006,2002,12,1,616.83,125.0,22.12,33
28008,2003,12,1,317.72,125.0,38.66,33
28009,2005,12,1,281.45,125.0,20.2,33
28011,1970,9,1,96.08,235.0,101.68,33
28012,2008,12,1,52.54,55.0,5.88,33
28014,2007,12,1,172.48,0.0,20.41,33
28015,2007,12,1,626.12,235.0,15.86,33
28016,1975,6,1,77.63,235.0,15.77,33
28017,2022,9,1,53.8,55.0,5.52,33
28018,1976,15,1,2212.99,50.0,27.66,33
28021,1991,9,1,445.74,95.0,13.78,33
28022,1988,21,1,275.81,135.0,27.26,33
28024,1987,18,1,236.95,180.0,15.96,33
28025,1973,18,1,305.41,180.0,15.98,33
28026,1975,18,1,318.36,225.0,26.02,33
28028,1990,9,1,447.21,95.0,13.89,33
28030,1989,9,1,455.39,275.0,9.85,33
28031,1991,9,1,972.81,95.0,13.82,33
28032,1987,9,1,456.55,275.0,9.97,33
28035,1994,12,1,469.24,125.0,16.24,33
28036,1980,21,1,665.7,50.0,75.28,33
28037,1989,15,1,465.43,45.0,29.46,33
28038,1991,12,1,242.02,125.0,16.2,33
28039,1991,12,1,244.9,125.0,16.16,33
28040,1990,9,1,462.01,275.0,13.96,33
28041,1990,9,1,252.44,275.0,16.06,33
28043,1993,12,1,327.93,140.0,102.45,33
28045,1995,12,1,330.98,145.0,106.51,33
28047,1993,9,1,462.56,275.0,12.36,33
28050,1992,15,1,810.0,330.0,97.05,33
28058,1946,3,1,180.54,340.0,63.4,33
28067,1964,6,1,95.91,355.0,107.54,33
28075,1970,15,1,505.77,350.0,13.59,33
28076,1955,3,1,136.84,350.0,13.63,33
28078,2015,9,1,94.49,350.0,13.68,33
28080,1950,3,1,119.05,350.0,13.71,33
28081,1950,3,1,121.22,350.0,13.74,33
28082,1950,3,1,123.47,350.0,13.76,33
28083,1960,6,1,127.57,350.0,13.8,33
28084,1955,3,1,102.36,350.0,13.83,33
28086,1950,3,1,147.32,350.0,13.86,33
28089,2000,6,1,110.67,350.0,13.91,33
28090,1955,3,1,81.57,80.0,9.94,33
28091,2006,9,1,92.26,80.0,9.94,33
28092,1997,3,1,96.11,80.0,9.94,33
28093,1955,3,1,168.41,80.0,9.94,33
28094,1955,3,1,79.85,80.0,9.93,33
28096,1955,3,1,93.49,80.0,9.93,33
28099,1975,3,1,85.04,80.0,9.92,33
28101,1955,3,1,123.0,170.0,10.0,33
28102,1955,6,1,123.93,170.0,10.0,33
28103,1950,3,1,109.43,170.0,10.0,33
28106,1975,3,1,118.19,170.0,9.99,33
28108,1965,12,1,167.09,170.0,9.98,33
28109,1960,3,1,110.37,170.0,9.98,33
28111,1980,3,1,152.55,170.0,9.96,33
28112,1926,3,1,112.19,170.0,9.96,33
28113,1970,15,1,478.09,170.0,9.91,33
28115,1965,9,1,185.49,270.0,10.03,33
28117,2008,9,1,230.96,170.0,9.94,33
28118,1988,3,1,115.08,270.0,10.15,33
28120,1958,3,1,90.9,350.0,9.92,33
28121,1958,3,1,135.64,350.0,9.92,33
28122,1958,3,1,104.97,350.0,9.93,33
28123,1958,3,1,121.51,350.0,9.94,33
28124,1960,3,1,136.63,350.0,9.95,33
28125,1994,9,1,444.05,80.0,10.03,33
28127,1958,3,1,69.46,80.0,10.02,33
28129,2000,6,1,136.45,80.0,10.0,33
28131,1958,3,1,125.57,80.0,10.0,33
28132,1960,3,1,85.08,80.0,9.99,33
28134,1960,6,1,124.86,80.0,9.98,33
28136,1958,3,1,130.32,80.0,9.97,33
28139,1993,9,1,260.46,170.0,13.9,33
28140,1958,3,1,174.91,170.0,13.8,33
28141,1958,3,1,105.44,170.0,13.77,33
28142,1950,3,1,61.15,170.0,13.74,33
28143,1958,3,1,61.18,170.0,13.71,33
28144,1958,3,1,97.56,170.0,13.68,33
28145,1958,3,1,85.68,170.0,13.67,33
28147,1960,3,1,104.26,170.0,13.63,33
28148,2002,9,1,90.73,170.0,13.6,33
28150,2001,9,1,278.56,170.0,13.57,33
28151,2007,9,1,346.51,350.0,9.97,33
28152,1960,3,1,55.35,350.0,10.84,33
28153,1993,3,1,108.67,350.0,9.98,33
28154,1966,3,1,86.85,350.0,9.96,33
28155,1958,3,1,93.25,350.0,9.96,33
28156,2019,6,1,78.84,350.0,9.98,33
28158,1958,6,1,83.81,350.0,9.98,33
28162,1950,3,1,30.09,350.0,9.99,33
28163,1950,3,1,124.84,350.0,10.0,33
28164,2009,3,1,70.57,350.0,10.02,33
28166,1955,3,1,113.47,350.0,10.02,33
28167,1959,6,1,76.95,350.0,10.03,33
28168,1956,3,1,99.5,350.0,10.04,33
28169,2020,3,1,120.1,350.0,10.07,33
28171,1962,6,1,133.76,350.0,10.06,33
28174,1960,6,1,90.46,35.0,23.76,33
28176,1959,3,1,95.27,80.0,9.86,33
28178,1955,3,1,58.12,80.0,9.89,33
28179,1959,3,1,88.76,80.0,9.9,33
28180,1961,3,1,105.29,80.0,9.91,33
28181,1958,3,1,135.71,85.0,9.93,33
28183,1961,6,1,121.78,125.0,24.04,33
28184,1957,3,1,85.95,170.0,9.9,33
28186,1958,6,1,126.06,170.0,9.91,33
28188,1961,3,1,62.81,170.0,9.92,33
28189,1994,3,1,278.54,170.0,9.93,33
28191,1955,3,1,154.44,170.0,9.93,33
28192,1979,6,1,93.86,175.0,9.97,33
28194,1960,3,1,101.62,170.0,9.96,33
28195,1960,3,1,111.74,170.0,9.97,33
28196,1958,3,1,112.69,170.0,9.97,33
28198,1958,3,1,80.38,170.0,9.98,33
28199,1963,6,1,135.83,260.0,9.85,33
28200,1960,3,1,145.34,260.0,9.84,33
28201,1995,3,1,130.46,260.0,9.84,33
28202,1962,3,1,84.39,260.0,9.81,33
28204,1972,6,1,30.2,170.0,0.86,33
28205,1950,3,1,32.14,170.0,0.82,33
28206,1959,3,1,31.76,80.0,9.88,33
28207,1950,3,1,74.48,85.0,4.63,33
28208,2005,9,1,209.86,170.0,9.94,33
28209,1961,6,1,97.41,350.0,10.06,33
28210,1961,3,1,20.9,170.0,0.95,33
28211,1955,6,1,426.1,170.0,9.99,33
28214,1960,15,1,178.47,350.0,10.1,33
28215,1970,15,1,284.8,350.0,9.66,33
28216,1932,3,1,164.84,350.0,9.64,33
28218,1922,3,1,102.52,350.0,9.63,33
28219,1999,3,1,282.3,350.0,9.6,33
28220,1948,6,1,123.82,350.0,9.58,33
28222,1952,3,1,109.33,350.0,9.56,33
28224,1946,3,1,60.6,350.0,9.54,33
28225,1953,3,1,47.24,35.0,24.37,33
28226,1979,3,1,112.47,80.0,9.8,33
28229,1949,3,1,112.91,80.0,9.82,33
28231,1957,3,1,78.15,80.0,9.84,33
28232,2019,9,1,87.39,80.0,9.85,33
28234,1923,3,1,150.88,80.0,9.86,33
28236,2000,3,1,69.11,80.0,9.88,33
28237,2003,12,1,78.04,80.0,9.9,33
28238,1993,9,1,161.82,170.0,10.03,33
28239,1953,6,1,118.06,170.0,10.02,33
28241,1958,3,1,152.34,170.0,10.02,33
28243,2017,9,1,106.73,170.0,10.0,33
28245,1941,3,1,128.21,170.0,10.0,33
28246,1947,3,1,156.35,170.0,9.98,33
28248,1967,12,1,188.62,260.0,9.94,33
28249,1958,12,1,203.23,260.0,9.96,33
28250,1971,15,1,268.08,260.0,9.98,33
28251,1969,9,1,88.55,260.0,9.99,33
28253,1967,12,1,178.37,260.0,10.0,33
28255,1985,21,1,333.61,305.0,42.76,33
28257,1990,15,1,585.06,355.0,25.6,33
28258,1956,3,1,126.49,80.0,8.48,33
28259,1960,3,1,132.4,80.0,8.42,33
28260,1953,3,1,81.01,85.0,8.38,33
28261,1950,3,1,80.51,80.0,8.33,33
28262,1950,9,1,82.13,80.0,8.3,33
28264,1950,3,1,88.4,80.0,8.27,33
28265,1950,3,1,66.63,80.0,8.24,33
28266,1950,3,1,104.24,80.0,8.19,33
28267,2006,6,1,81.17,80.0,8.16,33
28268,1950,3,1,90.64,80.0,8.13,33
28269,1950,3,1,93.99,170.0,9.95,33
28270,1950,3,1,83.44,170.0,9.95,33
28271,1950,3,1,105.22,170.0,9.98,33
28272,1947,6,1,127.29,170.0,9.99,33
28273,1964,3,1,114.45,170.0,9.99,33
28274,1950,3,1,57.18,170.0,10.0,33
28275,1953,3,1,104.19,260.0,11.83,33
28276,1950,3,1,110.78,260.0,11.84,33
28277,1954,3,1,157.16,260.0,11.82,33
28278,1950,3,1,112.39,260.0,11.81,33
28279,1950,3,1,101.49,260.0,11.8,33
28280,1950,3,1,100.97,260.0,11.79,33
28281,1953,6,1,350.35,260.0,11.77,33
28283,1950,3,1,134.41,260.0,11.75,33
28284,1950,3,1,76.17,260.0,11.84,33
28286,1950,3,1,58.89,260.0,11.89,33
28288,2000,9,1,236.19,170.0,9.97,33
28289,1992,9,1,152.89,350.0,24.91,33
28291,1975,18,1,201.68,35.0,37.99,33
28293,1953,3,1,117.57,80.0,11.91,33
28294,1953,3,1,121.06,80.0,11.91,33
28295,1953,3,1,112.75,80.0,11.9,33
28297,2016,9,1,97.48,80.0,11.9,33
28299,1950,3,1,130.88,80.0,11.9,33
28301,1953,6,1,137.26,80.0,11.88,33
28302,1950,3,1,24.77,80.0,11.87,33
28304,1953,3,1,66.01,80.0,11.87,33
28306,1955,9,1,104.92,80.0,11.87,33
28309,1953,6,1,99.43,265.0,8.04,33
28310,1981,9,1,284.06,125.0,25.52,33
28311,1950,3,1,67.64,265.0,8.1,33
28312,1954,3,1,98.36,265.0,8.14,33
28313,2009,9,1,207.59,80.0,11.89,33
28315,1952,9,1,119.01,80.0,11.87,33
28317,1995,9,1,422.21,305.0,25.74,33
28318,1970,15,1,235.79,350.0,37.24,33
28319,1979,15,1,207.39,350.0,9.97,33
28320,1979,15,1,220.11,350.0,9.96,33
28321,1979,15,1,228.56,350.0,9.94,33
28322,1979,15,1,228.0,350.0,10.02,33
28323,1930,3,1,1664.29,130.0,23.66,33
28325,1930,3,1,67.2,170.0,10.08,33
28327,1930,3,1,73.6,170.0,10.05,33
28329,1930,3,1,61.6,170.0,10.03,33
28332,1930,3,1,54.55,170.0,10.01,33
28333,1930,3,1,55.19,170.0,10.0,33
28334,1930,3,1,60.59,170.0,9.99,33
28335,1930,3,1,91.49,170.0,9.98,33
28336,1930,3,1,69.33,170.0,9.97,33
28337,1962,6,1,79.89,170.0,9.96,33
28338,1970,15,1,362.87,260.0,11.75,33
28339,1979,15,1,304.83,260.0,11.79,33
28341,2007,9,1,171.95,215.0,25.29,33
28343,2022,6,1,79.17,35.0,24.92,33
28344,2022,6,1,68.79,35.0,24.54,33
28346,1994,12,1,315.62,350.0,11.91,33
28348,1986,9,1,139.27,80.0,12.16,33
28349,1960,3,1,99.92,80.0,12.17,33
28351,1965,9,1,103.05,80.0,12.17,33
28353,1960,3,1,99.33,80.0,12.18,33
28354,1959,3,1,98.79,80.0,12.18,33
28356,2003,9,1,235.37,80.0,12.19,33
28357,1991,15,1,589.27,170.0,38.07,33
28358,1991,15,1,542.49,170.0,25.7,33
28359,1993,15,1,924.75,170.0,25.3,33
28360,1991,15,1,852.55,310.0,26.84,33
28361,1994,9,1,659.97,350.0,11.95,33
28362,1992,3,1,71.04,125.0,38.29,33
28363,1992,12,1,78.8,170.0,24.92,33
28367,2000,9,1,263.88,35.0,26.95,33
28368,1959,3,1,67.04,305.0,28.23,33
28369,1963,9,1,67.88,350.0,13.87,33
28371,1964,6,1,132.6,350.0,13.81,33
28372,1965,3,1,164.24,350.0,13.8,33
28373,1962,9,1,180.18,350.0,13.78,33
28374,1969,3,1,184.9,350.0,13.76,33
28376,1965,3,1,129.67,350.0,13.74,33
28377,1973,9,1,162.5,350.0,13.72,33
28378,2006,9,1,83.0,350.0,13.69,33
28380,1962,3,1,80.8,35.0,28.5,33
28381,1965,9,1,112.88,80.0,12.02,33
28383,2020,6,1,108.11,80.0,12.03,33
28386,1969,6,1,122.97,80.0,12.03,33
28387,1966,6,1,142.5,80.0,12.04,33
28388,1961,3,1,120.74,80.0,12.04,33
28389,1960,3,1,137.58,80.0,12.05,33
28390,1960,3,1,142.66,80.0,12.05,33
28392,1959,3,1,90.26,80.0,12.06,33
28393,1965,9,1,119.73,80.0,12.07,33
28396,1970,3,1,113.99,80.0,12.07,33
28397,1969,3,1,108.22,80.0,12.07,33
28398,1969,3,1,116.59,80.0,12.08,33
28399,2002,9,1,171.21,80.0,12.08,33
28400,1969,3,1,125.08,170.0,11.95,33
28402,1973,3,1,146.83,170.0,11.94,33
28403,1964,6,1,153.15,170.0,11.92,33
28405,1964,6,1,172.73,170.0,11.92,33
28407,1964,3,1,109.98,170.0,11.91,33
28409,2002,3,1,100.47,170.0,11.91,33
28410,1965,3,1,108.58,170.0,11.9,33
28411,1959,3,1,104.78,170.0,11.9,33
28412,1964,3,1,91.09,260.0,12.74,33
28413,1964,3,1,156.51,260.0,12.37,33
28415,1963,6,1,95.99,260.0,12.34,33
28417,1960,3,1,144.05,260.0,12.32,33
28419,1963,6,1,162.57,260.0,12.16,33
28420,1959,3,1,126.42,260.0,12.08,33
28421,1974,3,1,124.21,260.0,11.98,33
28423,1964,9,1,104.23,310.0,27.48,33
28425,1964,3,1,150.38,350.0,11.76,33
28426,1970,15,1,349.27,350.0,11.78,33
28427,1957,9,1,175.42,350.0,11.78,33
28429,1960,3,1,156.63,350.0,11.78,33
28430,1962,3,1,175.13,350.0,11.78,33
28431,1965,3,1,121.96,350.0,11.78,33
28432,1966,3,1,149.56,350.0,11.78,33
28434,1965,6,1,132.61,350.0,11.79,33
28435,1964,3,1,145.16,350.0,11.79,33
28436,1967,6,1,141.55,350.0,11.79,33
28438,1970,12,1,160.06,85.0,12.03,33
28439,1960,3,1,80.24,80.0,12.01,33
28440,1974,6,1,77.79,80.0,12.02,33
28441,1962,3,1,81.44,80.0,12.03,33
28443,1967,3,1,184.97,80.0,44.96,33
28445,1999,3,1,183.1,80.0,12.22,33
28446,1983,3,1,69.26,80.0,12.25,33
28447,1995,3,1,69.69,80.0,12.28,33
28448,1962,3,1,71.53,80.0,12.29,33
28449,1997,3,1,74.62,125.0,28.37,33
28450,1958,3,1,130.14,170.0,13.67,33
28451,1960,3,1,144.26,170.0,13.69,33
28452,1958,3,1,131.27,170.0,13.71,33
28453,1963,3,1,129.71,170.0,13.73,33
28455,1964,3,1,120.09,170.0,13.74,33
28456,1960,3,1,147.59,170.0,13.76,33
28457,1959,3,1,142.34,170.0,13.79,33
28458,1962,3,1,235.18,170.0,13.81,33
28459,1995,9,1,148.6,170.0,13.84,33
28461,1975,3,1,146.62,170.0,13.86,33
28462,1960,3,1,88.36,170.0,13.89,33
28463,1964,3,1,61.4,170.0,13.9,33
28464,1983,3,1,61.27,260.0,12.17,33
28465,1970,9,1,119.15,260.0,12.14,33
28466,1960,15,1,495.62,260.0,12.1,33
28468,1965,6,1,201.55,260.0,12.06,33
28470,1962,3,1,135.83,260.0,12.04,33
28471,1963,12,1,99.92,260.0,12.02,33
28472,1976,3,1,110.83,260.0,11.97,33
28473,1967,3,1,92.72,260.0,11.94,33
28474,2012,15,1,212.12,350.0,11.76,33
28476,1962,3,1,98.21,305.0,25.15,33
28477,1958,3,1,70.31,350.0,12.26,33
28478,1960,3,1,75.86,350.0,12.33,33
28479,1959,6,1,95.83,350.0,12.42,33
28482,1965,3,1,100.6,350.0,12.47,33
28483,1960,6,1,77.46,350.0,12.57,33
28485,1958,3,1,65.07,350.0,12.68,33
28487,1989,3,1,80.02,350.0,12.75,33
28490,1965,3,1,66.64,80.0,11.97,33
28491,1963,3,1,72.51,170.0,11.8,33
28492,1963,6,1,60.07,170.0,11.79,33
28493,1959,3,1,67.33,170.0,11.79,33
28494,1971,3,1,72.97,170.0,11.79,33
28495,1961,3,1,61.43,170.0,11.78,33
28496,1962,3,1,54.65,170.0,11.78,33
28497,1972,6,1,115.69,170.0,11.78,33
28499,1966,3,1,63.61,170.0,11.78,33
28500,1965,3,1,68.07,170.0,11.78,33
28501,1966,6,1,60.06,170.0,11.78,33
28502,1958,3,1,63.36,170.0,11.77,33
28503,1957,3,1,71.73,170.0,11.77,33
28504,1964,3,1,74.11,170.0,11.76,33
28506,1958,3,1,74.06,170.0,11.76,33
28507,1965,9,1,79.11,170.0,11.76,33
28509,1962,3,1,69.81,260.0,11.84,33
28510,1971,3,1,78.97,260.0,11.84,33
28511,1965,3,1,101.28,260.0,11.83,33
28512,1957,3,1,120.73,260.0,88.05,33
28513,1988,3,1,154.81,260.0,11.92,33
28514,1955,3,1,114.52,260.0,11.93,33
28515,1967,9,1,85.0,260.0,11.94,33
28517,1989,3,1,53.27,350.0,12.84,33
28518,1989,3,1,55.35,350.0,12.91,33
28521,1989,9,1,55.73,350.0,13.0,33
28524,1989,3,1,54.63,350.0,13.13,33
28525,1989,3,1,61.41,0.0,57.98,33
28526,1989,3,1,69.86,355.0,57.36,33
28528,1989,3,1,71.02,35.0,72.8,33
28529,1997,9,1,86.74,80.0,11.88,33
28532,1989,3,1,54.66,80.0,11.93,33
28533,1989,3,1,64.94,80.0,11.94,33
28534,1989,3,1,62.4,80.0,11.96,33
28535,1989,3,1,57.84,80.0,11.98,33
28536,1989,3,1,58.54,80.0,11.99,33
28537,1989,3,1,60.07,80.0,12.0,33
28538,1989,3,1,59.53,80.0,12.01,33
28539,1989,3,1,54.39,80.0,12.02,33
28540,1989,9,1,108.7,80.0,12.02,33
28542,1979,3,1,161.03,215.0,26.96,33
28543,2008,9,1,233.53,260.0,33.21,33
28556,1969,3,1,110.74,270.0,12.38,33
28557,1978,6,1,329.49,65.0,21.79,33
28559,1978,3,1,193.3,270.0,21.3,33
28561,1969,3,1,184.86,270.0,11.64,33
28562,1969,3,1,121.05,270.0,6.77,33
28569,1800,9,1,446.23,340.0,37.53,33
28612,1974,6,1,127.68,345.0,10.0,33
28613,1953,3,1,88.58,345.0,9.89,33
28614,1994,3,1,129.21,345.0,9.76,33
28616,1980,18,1,356.42,75.0,14.09,33
28617,1975,3,1,231.79,75.0,14.02,33
28618,1990,12,1,305.6,75.0,14.04,33
28619,1991,12,1,352.08,75.0,14.06,33
28621,1977,6,1,184.91,75.0,14.08,33
28622,1975,15,1,667.69,75.0,14.11,33
28623,1974,15,1,211.14,75.0,14.16,33
28624,1973,9,1,347.35,75.0,14.23,33
28625,1981,3,1,215.71,165.0,11.96,33
28626,1975,9,1,209.56,165.0,11.96,33
28628,1983,9,1,1145.57,165.0,11.95,33
28629,1981,12,1,405.64,165.0,11.94,33
28630,1997,12,1,349.48,255.0,9.76,33
28631,1992,3,1,259.39,255.0,9.76,33
28633,1960,6,1,149.91,255.0,9.78,33
28634,1957,3,1,145.9,255.0,9.79,33
28635,1965,3,1,132.1,255.0,9.8,33
28636,1968,3,1,175.27,255.0,9.8,33
28639,1963,3,1,84.1,255.0,9.81,33
28641,1957,3,1,119.93,255.0,9.82,33
28642,1965,12,1,210.69,255.0,9.84,33
28644,2006,6,1,110.77,345.0,9.73,33
28646,1994,3,1,202.74,345.0,9.74,33
28647,1964,9,1,120.51,345.0,9.78,33
28648,1989,9,1,119.14,75.0,9.84,33
28651,1968,6,1,159.43,75.0,9.79,33
28652,1961,3,1,130.53,75.0,9.78,33
28654,1980,9,1,3197.2,165.0,11.88,33
28655,1964,6,1,120.65,165.0,12.02,33
28656,1969,3,1,93.21,255.0,9.69,33
28658,1966,3,1,80.66,260.0,9.69,33
28659,1964,3,1,96.07,255.0,9.66,33
28660,1962,3,1,94.89,255.0,9.64,33
28661,1961,3,1,78.04,255.0,9.63,33
28662,1957,3,1,82.39,255.0,9.62,33
28664,1974,3,1,84.5,255.0,71.88,33
28665,1958,3,1,75.1,255.0,46.33,33
28666,1956,3,1,68.39,255.0,9.93,33
28667,1954,3,1,65.07,255.0,9.92,33
28668,1965,3,1,167.91,260.0,9.92,33
28672,2000,6,1,343.81,345.0,9.76,33
28674,2008,9,1,292.28,75.0,9.81,33
28675,2006,9,1,348.03,350.0,10.06,33
28677,1980,9,1,281.21,350.0,10.07,33
28678,1994,6,1,154.16,345.0,10.08,33
28680,1996,6,1,147.27,350.0,10.03,33
28682,2008,9,1,341.23,75.0,14.13,33
28683,1985,3,1,157.98,75.0,14.14,33
28684,1983,3,1,119.35,75.0,14.16,33
28686,1983,9,1,151.68,75.0,14.18,33
28687,1989,6,1,149.7,75.0,14.2,33
28688,1985,9,1,155.22,75.0,14.22,33
28690,2001,9,1,117.99,75.0,14.25,33
28692,1999,3,1,199.93,75.0,14.26,33
28693,1982,3,1,154.29,165.0,9.77,33
28696,1985,9,1,92.84,165.0,9.81,33
28698,1990,3,1,130.11,165.0,9.84,33
28699,1979,9,1,154.44,165.0,9.88,33
28700,1985,6,1,209.54,165.0,9.98,33
28701,1988,6,1,109.67,255.0,9.92,33
28703,1978,3,1,155.35,255.0,9.93,33
28705,1980,9,1,215.32,255.0,9.94,33
28706,1983,3,1,157.75,255.0,9.96,33
28708,1983,3,1,153.57,255.0,9.97,33
28710,1990,6,1,151.79,255.0,9.98,33
28712,1980,12,1,290.31,255.0,10.16,33
28713,1994,9,1,1539.15,345.0,9.89,33
28714,1973,9,1,339.44,75.0,13.9,33
28715,1974,9,1,340.1,75.0,14.01,33
28716,1975,9,1,324.0,75.0,14.09,33
28718,1989,9,1,223.06,75.0,14.17,33
28719,1991,9,1,113.92,170.0,10.02,33
28720,1987,3,1,155.05,170.0,10.04,33
28722,2004,12,1,282.19,170.0,10.07,33
28723,1996,9,1,305.92,255.0,10.2,33
28724,1976,12,1,290.12,255.0,10.18,33
28726,1976,9,1,306.64,255.0,10.18,33
28727,1975,9,1,330.76,255.0,10.17,33
28728,2000,9,1,414.77,75.0,13.77,33
28729,1984,3,1,121.33,250.0,10.19,33
28731,1961,9,1,117.25,345.0,10.01,33
28734,1935,3,1,112.14,345.0,10.0,33
28735,1935,3,1,83.8,345.0,9.99,33
28736,2023,6,1,79.42,345.0,9.98,33
28739,1940,3,1,106.1,345.0,9.98,33
28740,1946,3,1,103.06,345.0,9.98,33
28741,1950,3,1,108.39,345.0,9.97,33
28742,2023,3,1,80.35,345.0,9.96,33
28743,1979,3,1,92.0,345.0,9.95,33
28745,1971,3,1,127.51,345.0,9.94,33
28746,1920,3,1,102.5,345.0,9.94,33
28747,1960,3,1,100.86,345.0,9.93,33
28749,1998,9,1,273.87,345.0,9.92,33
28750,2023,12,1,137.17,75.0,13.69,33
28752,1983,3,1,307.3,75.0,13.61,33
28754,1953,3,1,150.78,75.0,13.59,33
28756,1970,3,1,140.25,75.0,13.58,33
28758,1970,3,1,166.74,255.0,10.19,33
28760,1970,15,1,298.05,255.0,10.15,33
28762,1951,3,1,104.33,10.0,9.85,33
28763,1920,3,1,102.95,10.0,9.86,33
28764,1929,3,1,90.82,10.0,9.86,33
28765,1970,3,1,154.09,10.0,9.86,33
28767,1991,3,1,68.59,10.0,9.87,33
28768,1910,3,1,150.87,10.0,9.87,33
28769,1910,3,1,152.44,10.0,9.87,33
28770,1970,15,1,295.86,10.0,9.89,33
28771,2020,6,1,88.45,75.0,13.65,33
28773,1910,3,1,93.47,80.0,13.68,33
28774,1900,3,1,75.08,75.0,13.68,33
28775,1978,6,1,137.87,75.0,13.7,33
28777,2010,9,1,67.01,75.0,13.77,33
28779,1940,3,1,67.87,75.0,13.79,33
28780,1994,3,1,88.9,75.0,13.8,33
28781,1993,3,1,101.06,165.0,9.94,33
28783,1943,3,1,115.8,165.0,9.96,33
28784,1993,6,1,161.42,255.0,10.06,33
28785,2006,12,1,79.12,255.0,10.05,33
28786,1984,3,1,262.65,255.0,10.01,33
28788,1980,12,1,519.87,255.0,9.98,33
28790,1977,6,1,126.54,260.0,9.96,33
28792,1965,3,1,40.81,255.0,9.93,33
28793,1984,3,1,51.66,255.0,9.92,33
28796,1996,9,1,245.62,255.0,10.04,33
28797,1970,15,1,290.08,75.0,13.61,33
28798,1970,15,1,298.88,75.0,21.67,33
28800,2007,12,1,118.43,75.0,13.75,33
28804,1924,3,1,201.76,165.0,10.16,33
28805,1930,3,1,96.44,165.0,10.14,33
28808,1989,12,1,91.6,165.0,10.12,33
28809,1974,3,1,151.5,340.0,21.23,33
28811,1927,3,1,281.96,170.0,10.02,33
28812,1975,21,1,1279.52,30.0,31.36,33
28813,1967,15,1,205.27,75.0,9.72,33
28814,1985,12,1,104.48,165.0,9.95,33
28816,1930,3,1,191.26,165.0,9.98,33
28818,1952,6,1,132.09,160.0,10.15,33
28820,1925,3,1,96.68,165.0,10.18,33
28821,1972,15,1,1047.32,255.0,13.74,33
28822,1996,3,1,253.52,340.0,21.12,33
28823,2004,9,1,817.82,165.0,9.89,33
28826,2005,9,1,685.71,255.0,13.83,33
28827,1970,12,1,236.18,255.0,13.17,33
28828,1971,12,1,531.16,345.0,9.56,33
28829,1972,15,1,520.87,350.0,9.43,33
28831,1972,15,1,380.79,345.0,9.29,33
28832,1968,3,1,235.09,350.0,9.22,33
28833,1967,3,1,192.58,350.0,9.19,33
28834,2018,9,1,190.66,345.0,9.14,33
28836,1968,3,1,148.41,345.0,9.11,33
28837,1968,12,1,116.17,350.0,9.06,33
28839,1986,6,1,342.74,345.0,8.93,33
28844,1940,6,1,82.87,160.0,21.33,33
28849,1965,3,1,393.64,255.0,13.32,33
28850,2000,3,1,348.2,75.0,16.15,33
28853,1977,12,1,445.86,345.0,9.65,33
28854,1977,12,1,451.19,345.0,9.6,33
28855,1970,18,1,334.55,345.0,9.54,33
28856,1972,18,1,436.73,75.0,15.69,33
28857,1962,3,1,92.27,75.0,15.69,33
28858,1965,3,1,105.5,75.0,15.68,33
28859,1967,3,1,141.15,75.0,15.69,33
28860,1966,3,1,147.3,75.0,15.69,33
28861,1971,3,1,173.6,75.0,15.68,33
28862,1988,3,1,258.51,75.0,15.69,33
28863,1966,3,1,174.32,75.0,15.68,33
28864,1962,12,1,177.02,75.0,15.69,33
28865,1990,15,1,800.01,75.0,15.71,33
28867,1979,15,1,428.76,170.0,9.09,33
28869,1984,15,1,708.67,170.0,9.24,33
28870,1983,15,1,680.83,170.0,9.37,33
28871,1971,15,1,333.86,170.0,9.48,33
28873,1971,18,1,331.47,255.0,13.56,33
28875,1965,3,1,355.36,255.0,13.57,33
28876,1978,15,1,369.55,255.0,13.59,33
28877,1972,12,1,385.72,255.0,13.61,33
28878,1978,12,1,347.69,255.0,13.63,33
28879,1978,12,1,399.27,255.0,13.65,33
28882,1969,21,1,435.5,255.0,16.19,33
28883,1961,12,1,97.75,345.0,10.24,33
28885,1954,3,1,99.95,345.0,10.25,33
28886,2000,12,1,89.98,345.0,10.25,33
28889,1960,3,1,232.7,345.0,10.25,33
28890,1967,3,1,94.25,80.0,10.02,33
28892,1962,12,1,102.7,80.0,10.06,33
28893,1970,9,1,107.14,80.0,10.08,33
28895,2006,9,1,121.5,80.0,10.1,33
28896,1970,3,1,95.78,80.0,10.13,33
28898,1966,3,1,94.03,80.0,10.16,33
28899,1970,9,1,106.17,80.0,10.19,33
28900,1968,6,1,175.1,120.0,26.07,33
28901,1985,12,1,75.39,165.0,11.99,33
28904,1925,3,1,245.69,210.0,29.68,33
28905,1971,15,1,366.96,255.0,16.02,33
28907,1985,3,1,74.43,165.0,11.97,33
28909,1936,6,1,201.67,30.0,23.95,33
28911,1985,3,1,72.61,165.0,12.0,33
28913,2000,9,1,488.97,75.0,10.01,33
28915,2004,3,1,323.8,345.0,10.24,33
28917,2006,12,1,302.75,255.0,16.05,33
28918,2007,15,1,200.61,345.0,10.24,33
28920,1977,15,1,352.89,255.0,18.38,33
28922,2004,3,1,157.7,345.0,16.0,33
28924,2016,6,1,100.68,345.0,16.02,33
28926,1935,3,1,114.78,345.0,16.02,33
28927,1942,3,1,117.11,345.0,16.05,33
28928,1965,3,1,128.52,345.0,16.06,33
28929,1958,3,1,118.99,345.0,16.06,33
28930,1993,3,1,116.02,345.0,16.08,33
28931,1966,3,1,92.33,80.0,10.16,33
28933,1967,3,1,147.31,80.0,10.17,33
28935,1953,3,1,119.23,80.0,10.18,33
28937,1967,3,1,317.75,80.0,10.2,33
28938,1995,9,1,1396.35,120.0,24.3,33
28939,2002,12,1,207.17,255.0,16.23,33
28940,1997,3,1,110.7,255.0,16.24,33
28941,1977,3,1,206.59,255.0,16.25,33
28942,1959,3,1,135.57,255.0,16.26,33
28943,1959,3,1,103.63,255.0,16.27,33
28944,1969,3,1,144.42,255.0,16.28,33
28945,2023,6,1,110.58,255.0,16.31,33
28946,1932,3,1,97.42,255.0,16.32,33
28948,2004,6,1,135.72,255.0,16.33,33
28950,2001,3,1,87.77,80.0,10.16,33
28951,2023,6,1,93.57,255.0,16.31,33
28953,2004,3,1,141.27,255.0,16.29,33
28955,1992,6,1,132.25,345.0,9.85,33
28956,1998,12,1,379.88,345.0,9.87,33
28957,1973,15,1,260.4,340.0,9.91,33
28959,1970,3,1,146.93,340.0,9.93,33
28960,1973,12,1,257.59,75.0,9.94,33
28961,1989,6,1,185.77,75.0,9.95,33
28962,2007,9,1,149.84,75.0,9.96,33
28963,1967,21,1,258.17,75.0,9.97,33
28964,1964,3,1,179.97,75.0,9.98,33
28966,1991,9,1,140.09,165.0,16.15,33
28967,1951,3,1,149.6,165.0,16.14,33
28968,1973,18,1,281.81,165.0,16.12,33
28969,2002,9,1,186.89,165.0,16.07,33
28971,1994,12,1,99.42,165.0,16.06,33
28973,1990,12,1,85.57,165.0,16.04,33
28975,1933,3,1,103.16,165.0,16.02,33
28976,1955,3,1,86.89,165.0,16.02,33
28978,1961,3,1,117.61,165.0,16.01,33
28979,1995,12,1,786.27,250.0,16.0,33
28981,1992,12,1,381.5,250.0,15.8,33
28982,2001,9,1,225.58,75.0,9.94,33
28985,2003,3,1,417.66,250.0,16.22,33
28988,2007,12,1,186.08,165.0,16.09,33
28989,1947,9,1,152.63,335.0,33.4,33
28990,1951,6,1,238.77,335.0,13.45,33
28992,1988,3,1,62.93,305.0,19.78,33
28993,1968,3,1,82.58,70.0,9.92,33
28994,1959,3,1,87.5,75.0,9.91,33
28995,1982,9,1,104.04,70.0,9.92,33
28998,1973,18,1,415.75,90.0,10.36,33
28999,1950,3,1,83.6,160.0,9.9,33
29000,1948,3,1,110.45,165.0,9.88,33
29001,1949,6,1,162.73,165.0,9.9,33
29002,1947,3,1,128.73,160.0,9.86,33
29003,1935,3,1,276.55,165.0,9.84,33
29005,1933,6,1,108.8,165.0,9.85,33
29008,1970,3,1,155.68,250.0,25.81,33
29009,1992,12,1,167.13,250.0,15.96,33
29010,1952,9,1,426.49,250.0,15.97,33
29011,1988,12,1,135.23,250.0,26.02,33
29013,1947,3,1,135.5,305.0,40.58,33
29014,1953,3,1,120.37,305.0,52.66,33
29015,1923,6,1,138.71,305.0,28.15,33
29017,2002,12,1,157.77,305.0,19.88,33
29021,1967,21,1,306.14,305.0,19.79,33
29022,1988,3,1,55.32,305.0,19.77,33
29023,1988,3,1,57.46,75.0,9.96,33
29025,1988,9,1,58.41,75.0,9.95,33
29027,2019,15,1,349.05,55.0,10.42,33
29030,1936,9,1,231.05,300.0,19.88,33
29031,2003,3,1,84.56,345.0,29.76,33
29032,1948,3,1,89.74,345.0,32.75,33
29033,2004,9,1,314.38,90.0,10.4,33
29035,1975,18,1,639.66,255.0,12.02,33
29036,1993,3,1,89.27,345.0,9.91,33
29038,1949,3,1,102.41,345.0,9.92,33
29039,1924,3,1,124.78,345.0,9.92,33
29040,1923,6,1,132.95,345.0,9.93,33
29041,1954,3,1,108.19,345.0,9.94,33
29042,1966,3,1,152.82,345.0,9.94,33
29044,1967,3,1,173.95,345.0,9.95,33
29045,1932,3,1,146.6,345.0,9.95,33
29048,1965,3,1,218.9,70.0,9.85,33
29051,1968,9,1,129.11,70.0,9.83,33
29053,1991,9,1,437.99,160.0,9.9,33
29054,1967,3,1,184.46,160.0,9.92,33
29055,2001,3,1,102.49,160.0,9.92,33
29056,2007,9,1,322.86,165.0,9.95,33
29057,1966,3,1,145.76,255.0,9.92,33
29059,1963,3,1,111.66,255.0,9.93,33
29060,1969,6,1,117.53,255.0,9.92,33
29061,1990,3,1,129.51,160.0,9.93,33
29064,2002,9,1,326.86,70.0,9.81,33
29065,2004,3,1,313.5,255.0,9.92,33
29068,2004,3,1,628.69,165.0,9.97,33
29070,2008,9,1,305.84,345.0,9.94,33
29071,2008,9,1,234.04,160.0,9.91,33
29073,1969,3,1,,305.0,19.85,33
29074,1972,6,1,192.28,165.0,9.92,33
29075,1961,3,1,95.52,305.0,19.9,33
29076,1922,3,1,223.34,165.0,9.92,33
29078,1956,3,1,265.55,165.0,9.92,33
29081,1972,21,1,438.54,305.0,19.88,33
29083,1989,15,1,672.86,20.0,92.39,33
29084,1977,3,1,138.46,75.0,10.45,33
29085,1980,3,1,85.34,75.0,10.46,33
29087,1989,15,1,151.27,75.0,10.48,33
29088,1971,12,1,152.18,75.0,10.51,33
29089,1969,3,1,113.66,165.0,9.94,33
29091,1929,3,1,127.6,165.0,9.94,33
29093,1963,3,1,116.16,165.0,9.94,33
29094,1965,3,1,150.23,165.0,9.94,33
29095,1966,3,1,84.67,165.0,9.93,33
29097,2002,9,1,87.98,165.0,9.92,33
29098,1931,3,1,66.99,165.0,9.91,33
29100,1933,3,1,124.05,305.0,19.97,33
29114,1955,3,1,91.99,10.0,59.75,33
29115,2002,3,1,81.03,10.0,59.72,33
29116,1989,12,1,63.68,185.0,54.48,33
29119,2004,3,1,100.19,185.0,11.8,33
29121,1988,12,1,78.26,185.0,11.81,33
29122,1963,9,1,153.7,185.0,11.83,33
29123,2004,3,1,84.09,185.0,11.84,33
29125,2007,9,1,594.52,230.0,27.68,33
29126,1988,3,1,59.77,275.0,14.22,33
29128,1988,3,1,57.48,275.0,14.26,33
29130,1988,3,1,69.5,275.0,14.28,33
29131,1988,3,1,79.07,325.0,99.8,33
29133,1990,6,1,108.78,325.0,101.32,33
29134,1988,3,1,66.33,10.0,59.82,33
29135,1988,3,1,64.42,10.0,59.79,33
29136,1988,3,1,55.25,10.0,59.78,33
29137,1988,3,1,56.97,10.0,59.78,33
29138,1993,3,1,97.04,10.0,59.76,33
29139,1991,12,1,904.82,90.0,121.23,33
29140,1989,12,1,66.03,185.0,11.78,33
29143,1989,12,1,69.67,185.0,11.79,33
29146,2000,12,1,214.04,10.0,59.72,33
29147,2005,12,1,281.26,10.0,59.76,33
29177,1959,3,1,107.68,305.0,12.24,33
29178,1959,3,1,136.8,305.0,12.23,33
29186,1965,9,1,315.07,175.0,14.03,33
29188,1955,9,1,151.12,175.0,32.18,33
29190,1984,6,1,151.8,175.0,36.61,33
29192,1950,3,1,193.35,175.0,45.99,33
29194,1965,12,1,154.32,175.0,61.17,33
29195,1983,3,1,149.99,175.0,62.81,33
29196,1965,3,1,150.36,175.0,62.4,33
29197,1955,3,1,77.78,175.0,17.43,33
29199,1955,3,1,90.93,355.0,10.13,33
29200,1969,6,1,188.23,175.0,24.88,33
29201,2005,12,1,247.52,175.0,14.38,33
29203,1956,9,1,146.17,260.0,9.76,33
29206,1981,9,1,173.9,260.0,9.77,33
29208,1956,3,1,101.81,80.0,6.9,33
29209,1956,9,1,132.04,80.0,6.91,33
29211,1956,3,1,141.35,80.0,6.92,33
29212,1956,3,1,143.43,260.0,9.8,33
29214,1976,6,1,105.86,80.0,6.93,33
29216,1956,3,1,124.2,80.0,6.93,33
29217,1956,3,1,133.76,170.0,9.91,33
29219,1991,3,1,67.01,260.0,9.77,33
29221,1957,3,1,59.91,350.0,13.93,33
29223,1973,9,1,116.33,350.0,14.03,33
29224,2003,9,1,143.43,260.0,9.98,33
29225,1939,6,1,123.99,350.0,9.89,33
29226,1945,3,1,108.15,80.0,6.95,33
29227,2006,3,1,104.78,80.0,6.95,33
29228,2009,3,1,108.44,80.0,6.95,33
29229,1943,3,1,89.13,80.0,6.94,33
29230,1966,12,1,90.87,80.0,6.89,33
29231,1975,6,1,133.2,260.0,11.55,33
29232,1974,3,1,102.21,260.0,9.88,33
29233,1974,3,1,86.71,80.0,6.94,33
29234,1965,12,1,314.59,175.0,15.81,33
29235,1965,12,1,69.0,260.0,88.67,33
29236,1936,3,1,79.08,260.0,10.05,33
29238,2000,3,1,85.01,260.0,9.84,33
29239,1950,3,1,78.85,260.0,10.19,33
29240,1950,3,1,61.72,350.0,9.7,33
29242,1971,9,1,66.98,350.0,9.71,33
29244,1955,3,1,113.18,175.0,10.18,33
29245,1950,3,1,100.66,175.0,10.16,33
29246,1945,3,1,96.03,175.0,10.16,33
29248,1945,3,1,177.81,350.0,9.78,33
29250,1955,3,1,186.9,175.0,10.13,33
29252,2002,9,1,264.92,175.0,10.08,33
29253,1950,3,1,63.54,350.0,9.89,33
29254,1945,3,1,101.33,350.0,9.91,33
29256,1955,3,1,87.19,75.0,10.15,33
29258,1960,3,1,60.76,175.0,10.05,33
29260,1960,3,1,76.96,175.0,10.07,33
29262,1948,6,1,63.86,175.0,10.19,33
29263,1930,3,1,76.26,175.0,10.2,33
29265,1950,3,1,55.13,175.0,10.2,33
29266,1950,3,1,186.45,335.0,10.23,33
29267,1942,3,1,116.19,175.0,10.07,33
29269,2007,6,1,111.15,175.0,10.16,33
29271,1951,9,1,202.15,175.0,10.12,33
29273,1953,3,1,92.42,270.0,96.01,33
29274,1950,3,1,77.91,350.0,14.03,33
29276,1949,9,1,210.52,350.0,14.03,33
29278,2005,3,1,112.09,350.0,14.03,33
29281,1951,3,1,95.9,350.0,14.04,33
29282,1970,6,1,129.83,350.0,14.04,33
29283,1947,3,1,86.13,350.0,14.04,33
29285,1952,3,1,96.72,350.0,14.05,33
29286,1951,3,1,129.53,350.0,14.05,33
29288,1954,3,1,90.9,350.0,14.06,33
29289,1956,3,1,118.95,350.0,14.06,33
29290,1951,3,1,117.48,350.0,14.06,33
29292,1956,3,1,113.64,350.0,14.06,33
29293,1950,3,1,172.84,350.0,14.07,33
29294,1955,3,1,113.29,350.0,14.07,33
29295,1963,3,1,56.05,80.0,9.77,33
29296,1950,3,1,54.72,80.0,9.78,33
29298,1973,9,1,107.58,170.0,9.94,33
29299,1953,3,1,113.01,170.0,9.92,33
29300,1952,3,1,93.99,170.0,9.91,33
29301,2017,12,1,82.16,170.0,9.9,33
29304,1993,3,1,110.46,170.0,9.89,33
29305,1955,3,1,111.04,170.0,9.87,33
29306,2022,12,1,76.16,170.0,9.86,33
29308,1955,3,1,96.08,170.0,9.85,33
29309,1951,3,1,113.63,170.0,9.83,33
29310,1950,3,1,94.23,170.0,9.83,33
29311,2002,3,1,78.03,170.0,9.81,33
29312,1994,3,1,69.09,170.0,9.79,33
29313,1953,3,1,118.56,170.0,9.78,33
29315,1994,9,1,274.78,260.0,9.91,33
29316,1972,12,1,101.27,260.0,9.91,33
29319,1954,3,1,101.33,260.0,9.92,33
29320,1953,3,1,95.41,260.0,9.92,33
29321,1951,3,1,99.34,260.0,9.92,33
29322,1949,3,1,115.49,260.0,9.93,33
29323,2001,3,1,71.01,260.0,9.93,33
29324,1950,3,1,123.9,260.0,9.93,33
29325,1989,3,1,137.96,260.0,9.94,33
29326,2001,9,1,229.4,260.0,9.94,33
29327,1930,3,1,94.69,305.0,24.01,33
29328,1930,3,1,95.89,350.0,9.91,33
29330,1930,6,1,171.38,80.0,6.92,33
29331,1930,3,1,148.67,80.0,6.91,33
29334,1930,9,1,119.79,80.0,6.9,33
29336,1930,3,1,119.78,80.0,6.88,33
29338,1977,6,1,132.0,170.0,14.0,33
29341,1996,9,1,135.18,170.0,14.06,33
29342,1998,3,1,55.08,260.0,9.92,33
29343,1930,3,1,83.59,260.0,9.94,33
29345,1977,9,1,122.93,80.0,6.89,33
29349,1993,9,1,430.41,260.0,10.02,33
29350,1962,3,1,240.25,35.0,23.33,33
29353,1981,6,1,142.2,80.0,9.94,33
29355,1949,9,1,144.13,80.0,9.93,33
29357,1964,3,1,152.12,80.0,9.92,33
29360,1984,9,1,118.0,170.0,14.06,33
29363,1969,3,1,228.58,170.0,14.07,33
29364,2006,6,1,177.7,170.0,14.06,33
29366,1955,3,1,117.51,170.0,14.06,33
29367,1955,3,1,129.06,170.0,14.05,33
29368,1989,3,1,136.76,170.0,14.05,33
29369,1955,3,1,104.27,170.0,14.04,33
29370,1955,3,1,260.09,170.0,14.04,33
29371,1951,3,1,122.01,170.0,14.03,33
29372,1993,3,1,80.22,170.0,14.03,33
29373,1947,6,1,104.86,170.0,14.03,33
29375,1948,3,1,115.79,170.0,14.03,33
29377,1992,9,1,272.85,350.0,9.94,33
29378,1993,9,1,288.16,350.0,9.96,33
29379,1976,6,1,142.99,80.0,9.93,33
29380,2006,9,1,233.41,170.0,14.03,33
29382,1946,3,1,95.4,260.0,9.86,33
29383,1966,3,1,128.95,305.0,23.59,33
29384,1954,3,1,111.92,350.0,9.81,33
29385,1954,3,1,125.16,350.0,9.8,33
29386,1954,3,1,124.29,350.0,9.8,33
29387,1954,3,1,158.35,350.0,9.79,33
29388,1954,3,1,58.16,350.0,9.77,33
29389,1954,3,1,70.34,350.0,9.76,33
29390,1954,3,1,67.2,350.0,9.76,33
29391,1954,3,1,72.07,350.0,9.76,33
29392,1954,6,1,63.9,350.0,9.75,33
29395,1954,6,1,65.2,35.0,27.92,33
29396,1954,6,1,72.8,80.0,15.9,33
29397,1954,3,1,65.43,80.0,15.86,33
29398,1954,3,1,59.11,80.0,15.82,33
29399,1954,3,1,64.27,80.0,15.9,33
29401,1954,3,1,72.51,260.0,40.6,33
29402,1954,6,1,64.64,260.0,36.92,33
29404,1954,3,1,50.9,75.0,16.03,33
29405,1954,3,1,66.93,350.0,44.06,33
29406,1975,6,1,61.31,350.0,43.21,33
29408,1954,3,1,61.57,350.0,13.64,33
29410,1954,3,1,59.49,170.0,60.42,33
29412,1954,3,1,60.24,350.0,13.2,33
29413,1954,3,1,68.33,350.0,13.26,33
29415,1954,3,1,90.16,215.0,23.3,33
29416,1954,3,1,58.93,355.0,13.3,33
29417,1954,3,1,75.42,260.0,9.93,33
29419,1954,3,1,76.14,260.0,9.92,33
29421,1954,3,1,79.51,170.0,13.28,33
29422,1954,3,1,79.05,260.0,9.89,33
29423,1954,3,1,69.33,260.0,10.37,33
29424,1954,3,1,70.74,80.0,7.76,33
29425,1954,3,1,71.24,80.0,7.94,33
29426,1954,3,1,66.91,85.0,11.08,33
29427,1954,3,1,55.26,80.0,35.73,33
29428,1954,3,1,51.76,170.0,36.06,33
29429,1954,3,1,59.35,170.0,17.74,33
29430,1951,3,1,63.99,170.0,13.19,33
29431,1954,3,1,85.82,170.0,13.25,33
29432,1971,6,1,210.09,305.0,25.52,33
29433,1986,9,1,219.3,350.0,9.87,33
29434,1979,6,1,336.52,350.0,9.85,33
29435,1970,9,1,167.07,350.0,9.84,33
29436,1974,15,1,347.2,35.0,28.84,33
29437,1970,12,1,303.39,80.0,15.85,33
29438,1970,15,1,148.75,80.0,15.89,33
29440,1976,6,1,127.63,80.0,15.91,33
29442,1998,6,1,95.22,125.0,28.52,33
29443,1972,6,1,251.97,175.0,9.78,33
29444,1970,12,1,274.5,170.0,9.78,33
29445,1979,12,1,833.9,215.0,23.74,33
29446,1979,9,1,433.46,260.0,10.76,33
29448,1964,3,1,98.62,170.0,9.76,33
29449,1970,15,1,147.98,305.0,41.07,33
29450,1955,3,1,101.97,350.0,24.94,33
29451,1955,3,1,120.67,350.0,25.39,33
29453,1997,3,1,87.56,350.0,24.93,33
29455,1960,3,1,84.53,350.0,24.95,33
29458,1965,3,1,101.65,350.0,24.98,33
29459,1955,3,1,104.98,350.0,24.98,33
29460,1984,3,1,121.25,40.0,48.51,33
29461,1955,3,1,73.89,80.0,15.67,33
29462,1960,3,1,148.44,80.0,15.68,33
29463,1965,3,1,148.87,80.0,15.68,33
29464,1968,3,1,152.64,80.0,15.68,33
29465,1960,3,1,145.13,80.0,15.67,33
29467,1955,9,1,98.95,80.0,15.68,33
29468,1955,3,1,153.18,80.0,15.68,33
29469,1955,3,1,153.93,80.0,15.68,33
29471,1955,6,1,106.61,80.0,15.68,33
29472,1955,3,1,167.38,80.0,59.13,33
29473,1965,15,1,340.58,80.0,46.05,33
29474,1965,15,1,348.3,80.0,15.7,33
29475,1965,3,1,133.51,125.0,28.39,33
29476,1993,6,1,164.04,175.0,9.85,33
29478,2000,9,1,272.91,170.0,9.85,33
29480,1973,3,1,121.11,170.0,9.89,33
29483,1970,3,1,161.74,215.0,24.62,33
29484,1965,15,1,328.41,260.0,11.87,33
29485,1965,15,1,322.02,260.0,11.87,33
29488,1955,3,1,131.13,260.0,11.9,33
29489,1960,12,1,357.19,260.0,11.91,33
29491,2015,12,1,72.47,260.0,11.91,33
29493,1960,9,1,109.55,260.0,11.92,33
29494,2007,15,1,210.46,350.0,24.96,33
29495,1960,3,1,99.16,260.0,12.16,33
29496,1957,3,1,106.07,310.0,27.38,33
29497,1971,9,1,109.68,350.0,11.72,33
29498,1963,3,1,125.58,350.0,11.73,33
29500,1956,3,1,98.2,350.0,11.74,33
29501,1998,3,1,76.44,350.0,11.76,33
29502,1959,6,1,130.45,350.0,11.77,33
29504,1969,6,1,122.75,350.0,11.78,33
29506,1962,3,1,125.57,350.0,11.79,33
29507,1980,3,1,124.0,350.0,11.79,33
29508,1965,3,1,112.85,350.0,11.81,33
29509,1968,3,1,130.88,35.0,29.43,33
29510,1974,6,1,153.85,80.0,16.08,33
29511,1965,3,1,135.12,80.0,16.02,33
29513,2007,6,1,63.37,80.0,15.94,33
29514,1960,3,1,112.01,80.0,15.84,33
29516,1986,6,1,123.96,175.0,24.95,33
29519,1980,9,1,87.6,170.0,24.94,33
29520,1996,3,1,119.95,215.0,41.91,33
29521,1963,3,1,130.32,260.0,12.19,33
29522,1958,6,1,147.61,260.0,12.18,33
29523,1960,3,1,134.23,260.0,12.18,33
29524,1959,6,1,181.55,260.0,12.18,33
29528,1967,6,1,280.13,260.0,12.17,33
29529,1998,18,1,404.74,120.0,45.08,33
29531,2003,12,1,174.24,80.0,16.14,33
29532,1956,3,1,69.89,305.0,28.31,33
29533,2004,9,1,69.33,350.0,14.07,33
29534,1980,9,1,129.53,350.0,14.05,33
29536,1961,3,1,148.5,350.0,14.03,33
29537,1964,3,1,131.18,350.0,14.01,33
29538,1967,3,1,110.04,80.0,16.03,33
29539,1962,3,1,113.42,80.0,16.03,33
29540,1955,9,1,102.74,80.0,16.03,33
29544,1973,6,1,115.29,80.0,16.04,33
29546,1991,9,1,112.72,80.0,16.04,33
29548,1955,3,1,95.73,80.0,16.05,33
29549,1970,3,1,119.55,80.0,16.05,33
29551,1965,3,1,105.72,125.0,29.34,33
29552,1954,3,1,153.15,170.0,11.79,33
29554,1954,3,1,129.55,170.0,11.79,33
29555,1961,3,1,107.62,170.0,11.78,33
29557,1962,3,1,154.71,170.0,11.76,33
29559,1960,9,1,105.15,170.0,11.76,33
29561,1992,6,1,121.96,175.0,12.46,33
29562,1955,3,1,116.13,215.0,26.96,33
29565,1957,3,1,108.93,260.0,12.07,33
29566,1955,3,1,119.28,260.0,12.07,33
29567,1984,9,1,123.05,260.0,12.07,33
29569,1960,3,1,104.8,260.0,12.06,33
29571,1955,3,1,140.41,260.0,12.05,33
29573,1956,3,1,157.44,260.0,12.05,33
29574,1954,3,1,136.89,260.0,12.04,33
29575,1971,6,1,107.55,260.0,12.04,33
29576,1962,3,1,115.79,260.0,12.04,33
29578,1959,3,1,109.02,260.0,12.03,33
29579,1966,3,1,194.17,260.0,12.02,33
29580,2007,12,1,487.97,35.0,31.4,33
29581,1965,3,1,96.87,350.0,8.09,33
29582,1959,3,1,84.06,350.0,8.1,33
29584,1958,3,1,86.34,350.0,8.1,33
29585,1959,3,1,84.86,350.0,8.1,33
29586,1967,9,1,114.34,80.0,15.83,33
29588,1958,3,1,113.84,80.0,15.8,33
29590,1959,3,1,107.03,80.0,15.78,33
29591,1965,3,1,115.56,80.0,15.75,33
29592,1965,3,1,97.86,80.0,15.72,33
29593,1962,3,1,118.95,80.0,15.69,33
29595,1957,6,1,100.57,125.0,30.38,33
29596,1970,3,1,59.99,170.0,13.98,33
29597,2005,9,1,54.4,170.0,14.0,33
29598,1977,3,1,91.62,170.0,14.01,33
29599,1969,3,1,90.43,170.0,14.03,33
29600,1962,9,1,89.94,170.0,14.05,33
29602,1962,3,1,62.37,170.0,14.07,33
29603,1986,3,1,94.37,220.0,28.59,33
29604,1972,9,1,99.92,260.0,12.3,33
29606,1970,3,1,96.62,260.0,12.28,33
29610,1966,6,1,93.59,260.0,12.24,33
29612,1973,6,1,115.27,260.0,12.23,33
29614,1999,12,1,163.5,305.0,27.0,33
29615,1963,3,1,94.71,350.0,11.8,33
29616,1967,6,1,95.39,350.0,11.82,33
29617,1962,3,1,95.79,350.0,11.84,33
29618,1966,3,1,92.22,350.0,11.86,33
29620,1974,15,1,362.32,35.0,26.81,33
29621,1959,3,1,111.48,80.0,15.85,33
29622,1964,12,1,113.2,80.0,15.86,33
29623,1979,3,1,104.96,80.0,15.87,33
29625,1960,3,1,57.59,80.0,15.89,33
29626,1958,3,1,57.78,170.0,8.1,33
29627,1962,9,1,84.05,170.0,8.1,33
29628,1959,6,1,96.27,170.0,8.1,33
29629,1960,3,1,84.27,170.0,8.1,33
29630,1965,3,1,80.16,170.0,8.09,33
29632,1972,3,1,111.48,260.0,12.04,33
29634,1973,6,1,116.61,260.0,12.03,33
29637,1970,3,1,99.92,260.0,12.02,33
29638,1965,3,1,90.03,260.0,12.01,33
29639,1961,3,1,98.99,260.0,12.01,33
29640,1958,3,1,101.12,260.0,12.01,33
29641,1989,3,1,71.45,80.0,16.18,33
29642,1960,3,1,90.46,125.0,27.92,33
29643,1960,3,1,71.16,170.0,11.91,33
29644,1960,3,1,79.94,170.0,11.88,33
29645,1993,3,1,68.1,170.0,11.85,33
29646,1960,6,1,71.52,170.0,11.82,33
29648,1960,3,1,84.76,165.0,11.87,33
29649,1980,6,1,70.45,170.0,11.78,33
29650,1981,9,1,88.6,170.0,11.77,33
29651,1960,3,1,76.04,215.0,26.92,33
29652,2001,9,1,94.1,180.0,79.33,33
29653,1988,3,1,75.29,260.0,12.02,33
29654,1988,3,1,65.63,260.0,12.03,33
29655,1988,3,1,67.51,260.0,12.01,33
29656,1988,3,1,70.77,260.0,11.99,33
29657,1988,3,1,68.49,260.0,11.98,33
29658,1988,3,1,65.37,260.0,11.97,33
29659,1988,3,1,67.55,260.0,11.96,33
29660,1988,3,1,68.67,260.0,11.94,33
29661,1989,3,1,82.16,0.0,51.39,33
29662,1989,3,1,56.9,350.0,51.53,33
29663,1989,3,1,55.03,350.0,51.18,33
29664,1989,3,1,58.25,350.0,50.59,33
29665,1989,3,1,57.85,350.0,50.13,33
29666,1989,3,1,56.9,350.0,49.66,33
29667,1989,3,1,58.67,350.0,49.11,33
29668,1989,3,1,56.11,350.0,48.62,33
29669,1989,3,1,59.04,350.0,48.12,33
29670,1989,3,1,53.72,350.0,47.62,33
29671,1989,3,1,50.13,350.0,47.23,33
29672,1989,3,1,72.3,355.0,46.62,33
29673,1989,3,1,63.92,80.0,16.21,33
29674,1989,3,1,63.59,80.0,16.21,33
29675,1989,3,1,60.83,80.0,16.21,33
29676,1989,3,1,62.05,80.0,16.2,33
29677,1989,3,1,60.96,80.0,16.19,33
29678,1989,3,1,62.11,80.0,16.19,33
29679,1989,3,1,60.66,80.0,16.19,33
29680,1989,3,1,61.07,80.0,16.18,33
29702,1970,15,1,141.75,345.0,11.93,33
29703,1968,15,1,296.05,345.0,11.95,33
29704,1969,15,1,290.43,345.0,11.96,33
29705,1971,15,1,155.77,345.0,11.97,33
29706,1968,18,1,317.02,75.0,14.29,33
29707,1969,18,1,305.0,75.0,14.27,33
29708,1967,18,1,305.96,75.0,14.25,33
29709,1967,18,1,304.64,75.0,50.25,33
29711,1968,21,1,326.3,165.0,30.01,33
29712,1967,21,1,294.95,165.0,29.86,33
29713,1970,21,1,147.44,165.0,29.86,33
29714,1967,15,1,287.63,255.0,9.8,33
29715,1967,15,1,291.15,255.0,9.8,33
29716,1967,15,1,291.47,255.0,9.78,33
29717,1967,15,1,285.28,255.0,9.78,33
29719,1975,3,1,344.19,255.0,13.98,33
29724,1970,3,1,806.72,100.0,56.33,33
29726,1970,3,1,650.16,100.0,34.36,33
29732,1995,3,1,659.12,255.0,14.18,33
29734,1968,3,1,160.17,345.0,9.75,33
29736,1965,3,1,313.19,345.0,9.71,33
29738,1965,6,1,266.91,30.0,21.12,33
29741,2009,18,1,224.67,75.0,8.54,33
29745,1984,9,1,125.01,255.0,13.71,33
29747,1958,6,1,173.4,345.0,9.92,33
29749,1930,3,1,85.16,345.0,9.91,33
29750,1978,3,1,106.62,345.0,9.9,33
29752,1969,3,1,86.35,345.0,9.89,33
29753,2007,9,1,116.67,80.0,9.93,33
29754,1954,3,1,98.3,80.0,9.92,33
29755,2003,3,1,103.38,80.0,9.93,33
29756,1978,6,1,302.54,75.0,9.92,33
29759,1974,12,1,663.56,75.0,9.92,33
29760,1964,3,1,130.0,80.0,9.92,33
29761,1970,3,1,118.09,75.0,9.93,33
29763,1970,9,1,118.81,80.0,9.92,33
29764,1970,3,1,173.59,80.0,9.93,33
29766,1970,3,1,108.55,75.0,9.93,33
29768,1993,9,1,127.47,80.0,9.93,33
29769,1974,3,1,128.76,75.0,9.93,33
29771,1978,3,1,174.64,75.0,9.93,33
29773,1982,3,1,177.71,75.0,9.93,33
29775,1974,9,1,167.18,75.0,9.93,33
29776,2003,9,1,193.67,80.0,9.93,33
29777,1981,6,1,171.6,170.0,10.03,33
29778,1967,3,1,117.39,165.0,10.02,33
29780,1963,3,1,115.69,165.0,9.96,33
29782,1977,3,1,125.07,165.0,9.93,33
29784,1972,6,1,162.82,165.0,9.9,33
29785,1970,12,1,157.78,165.0,9.84,33
29786,1982,6,1,105.09,255.0,14.26,33
29787,1994,9,1,103.82,255.0,14.16,33
29788,2014,6,1,95.24,255.0,14.14,33
29791,1982,3,1,139.65,255.0,14.13,33
29794,1998,12,1,102.81,255.0,14.11,33
29797,1965,3,1,103.88,255.0,39.54,33
29798,1982,3,1,167.4,255.0,114.75,33
29800,2001,9,1,108.69,255.0,14.19,33
29801,2007,9,1,126.65,255.0,14.16,33
29803,1930,6,1,128.2,255.0,14.01,33
29805,1934,3,1,189.9,255.0,13.99,33
29806,1934,3,1,121.69,255.0,13.96,33
29807,1988,3,1,83.13,255.0,13.93,33
29809,1988,3,1,83.14,255.0,13.88,33
29810,1988,3,1,100.53,255.0,13.81,33
29812,1988,3,1,94.91,255.0,13.76,33
29814,2007,9,1,227.33,255.0,14.19,33
29815,2007,9,1,231.02,255.0,14.23,33
29816,1930,3,1,113.74,255.0,13.73,33
29817,1992,6,1,131.1,345.0,10.1,33
29819,2010,9,1,90.9,345.0,10.08,33
29821,1983,3,1,127.18,345.0,10.06,33
29823,1983,3,1,265.28,345.0,10.05,33
29825,2008,9,1,144.2,345.0,10.01,33
29827,1954,3,1,143.92,345.0,9.96,33
29828,2007,9,1,219.87,345.0,9.92,33
29829,1987,9,1,337.42,345.0,9.82,33
29830,1960,3,1,90.16,345.0,9.81,33
29832,1960,3,1,101.29,345.0,9.77,33
29835,1996,9,1,380.54,120.0,20.64,33
29836,1980,6,1,240.85,165.0,9.7,33
29837,2003,3,1,112.2,165.0,9.7,33
29838,1940,3,1,171.67,165.0,9.71,33
29839,1987,3,1,144.21,165.0,9.71,33
29840,1957,3,1,188.16,165.0,9.72,33
29841,1983,3,1,151.23,165.0,9.86,33
29843,1961,3,1,73.64,165.0,9.87,33
29845,1975,3,1,103.06,165.0,9.89,33
29847,1960,3,1,67.25,165.0,9.9,33
29849,1960,3,1,104.67,165.0,9.91,33
29850,1925,3,1,87.32,165.0,9.93,33
29852,1930,3,1,143.88,255.0,13.63,33
29854,2018,6,1,82.07,255.0,13.61,33
29855,1973,6,1,165.02,255.0,13.59,33
29856,2015,15,1,155.64,255.0,13.58,33
29858,2007,9,1,100.55,255.0,13.58,33
29859,2022,6,1,77.25,255.0,13.59,33
29861,1960,3,1,109.25,255.0,13.61,33
29862,1975,3,1,95.25,255.0,13.62,33
29863,1980,3,1,59.38,255.0,13.64,33
29865,1997,3,1,52.67,255.0,13.67,33
29867,2011,3,1,68.03,255.0,13.69,33
29868,1985,3,1,57.83,255.0,13.71,33
29871,2003,9,1,559.5,165.0,26.02,33
29873,1960,6,1,8.9,345.0,9.77,33
29876,1993,9,1,207.03,255.0,13.6,33
29877,1964,6,1,114.49,10.0,9.67,33
29878,1947,3,1,121.04,10.0,9.67,33
29880,1970,3,1,90.81,10.0,9.67,33
29881,1978,12,1,715.41,10.0,8.87,33
29882,1961,3,1,135.16,10.0,9.65,33
29884,1958,3,1,115.99,10.0,9.65,33
29886,1968,3,1,107.47,10.0,9.66,33
29888,1978,3,1,105.41,10.0,9.66,33
29890,1964,3,1,90.95,10.0,9.65,33
29891,1961,3,1,89.51,10.0,9.65,33
29893,1958,3,1,174.66,165.0,9.8,33
29895,1990,3,1,156.96,165.0,9.79,33
29896,1951,3,1,144.42,165.0,9.77,33
29897,1969,3,1,90.49,10.0,11.47,33
29898,1954,3,1,284.36,70.0,33.16,33
29900,1969,3,1,44.37,165.0,9.76,33
29902,1992,9,1,357.85,165.0,9.82,33
29903,1930,3,1,108.06,165.0,9.84,33
29904,1945,3,1,124.89,165.0,9.85,33
29906,1991,3,1,196.33,165.0,9.88,33
29907,1949,3,1,72.25,165.0,9.89,33
29908,1952,3,1,80.04,165.0,9.9,33
29909,1962,3,1,97.13,165.0,9.93,33
29911,1972,3,1,370.65,165.0,9.97,33
29913,1964,3,1,71.12,165.0,10.06,33
29915,1964,3,1,222.0,255.0,13.79,33
29917,1964,3,1,140.84,255.0,13.77,33
29919,1957,3,1,110.94,255.0,13.76,33
29920,1956,3,1,130.78,255.0,13.75,33
29921,2005,3,1,209.91,255.0,13.72,33
29922,2011,9,1,111.34,255.0,13.7,33
29924,1984,3,1,164.53,255.0,13.66,33
29927,1970,6,1,106.71,10.0,9.66,33
29931,1964,3,1,94.94,345.0,10.13,33
29933,1920,3,1,148.0,345.0,10.09,33
29934,2021,6,1,99.64,345.0,10.08,33
29936,1930,3,1,134.25,345.0,10.05,33
29938,1930,3,1,121.42,345.0,10.04,33
29939,1937,3,1,123.82,345.0,10.02,33
29940,1930,3,1,112.61,345.0,10.01,33
29941,1925,3,1,102.03,345.0,9.99,33
29942,1945,3,1,107.17,345.0,9.98,33
29943,1930,3,1,191.54,345.0,9.95,33
29944,1972,12,1,306.5,345.0,9.92,33
29945,1970,3,1,352.8,75.0,9.86,33
29947,1973,3,1,120.18,75.0,9.38,33
29949,1948,3,1,88.92,75.0,9.84,33
29950,1930,3,1,126.34,75.0,9.83,33
29952,1950,3,1,67.05,75.0,9.82,33
29953,1976,12,1,156.44,75.0,9.79,33
29954,1960,3,1,264.69,190.0,9.64,33
29956,1940,6,1,151.56,190.0,9.64,33
29957,1970,3,1,160.2,190.0,9.65,33
29959,1933,3,1,135.42,190.0,9.66,33
29961,1920,3,1,85.99,190.0,9.65,33
29964,1920,3,1,102.04,190.0,8.73,33
29965,1920,3,1,126.38,190.0,8.71,33
29966,1920,3,1,96.63,190.0,8.68,33
29967,1972,15,1,311.09,190.0,9.33,33
29968,1972,15,1,267.33,190.0,9.67,33
29969,1920,3,1,244.87,255.0,13.86,33
29971,1940,3,1,116.75,255.0,13.91,33
29973,1996,9,1,201.33,190.0,9.65,33
29974,1999,12,1,360.3,190.0,9.65,33
29975,2002,9,1,643.73,75.0,9.9,33
29979,1998,12,1,402.31,190.0,17.42,33
29981,2007,9,1,189.5,75.0,9.8,33
29985,1960,3,1,91.68,345.0,11.89,33
29986,1955,6,1,174.42,345.0,11.83,33
29987,1954,3,1,239.92,345.0,11.73,33
29988,1983,9,1,121.79,80.0,12.2,33
29989,1975,12,1,68.01,80.0,12.21,33
29990,1973,15,1,479.16,80.0,12.24,33
29991,1973,15,1,421.92,75.0,12.3,33
29992,1978,15,1,400.51,80.0,12.32,33
29993,1964,18,1,345.39,75.0,12.36,33
29995,1973,3,1,137.51,80.0,12.39,33
29996,2009,12,1,88.87,80.0,12.41,33
29997,1960,9,1,157.79,170.0,11.74,33
29998,1960,3,1,161.46,170.0,11.72,33
30003,2018,12,1,362.94,345.0,11.9,60
30005,1963,3,1,104.29,345.0,11.96,33
30006,1962,3,1,103.75,345.0,12.0,33
30007,1994,9,1,697.1,80.0,12.33,33
30008,1960,3,1,259.26,80.0,12.2,33
30009,1971,15,1,120.34,80.0,12.18,33
30010,1974,15,1,467.8,80.0,12.13,33
30011,1970,15,1,483.3,80.0,12.04,33
30012,1969,12,1,105.58,80.0,12.04,33
30013,1968,12,1,171.21,165.0,11.79,33
30014,1970,15,1,405.03,255.0,16.29,33
30015,1940,6,1,130.37,255.0,16.26,33
30016,1974,6,1,180.22,255.0,16.24,33
30018,1979,6,1,114.86,255.0,16.21,33
30019,1932,3,1,195.91,255.0,16.19,33
30020,1968,3,1,230.17,255.0,16.15,33
30021,1970,3,1,184.83,255.0,16.11,33
30023,1978,9,1,128.48,255.0,16.1,33
30024,1978,3,1,188.47,255.0,16.08,33
30025,1991,3,1,296.54,255.0,16.06,33
30028,1993,9,1,378.09,80.0,12.53,33
30029,1963,9,1,440.84,80.0,12.24,33
30032,2006,12,1,750.88,255.0,15.98,33
30034,1969,6,1,81.74,260.0,9.76,33
30036,1960,3,1,100.84,300.0,24.1,33
30037,1968,9,1,98.75,345.0,10.18,33
30040,1969,3,1,198.06,345.0,10.18,33
30041,2005,3,1,127.29,345.0,10.17,33
30042,1994,18,1,277.24,345.0,10.17,33
30044,1967,3,1,124.2,345.0,10.16,33
30046,1975,3,1,105.42,345.0,10.17,33
30048,1983,6,1,110.32,345.0,10.17,33
30049,1932,3,1,135.33,345.0,10.16,33
30051,1966,3,1,153.17,345.0,10.16,33
30052,1969,3,1,130.59,80.0,10.16,33
30053,1975,3,1,111.53,80.0,10.15,33
30054,2007,9,1,245.48,80.0,10.14,33
30055,1978,12,1,484.32,80.0,10.11,33
30057,1975,3,1,1240.13,120.0,25.68,33
30058,1977,12,1,172.78,165.0,12.58,33
30060,1974,18,1,439.55,260.0,10.14,33
30061,1978,15,1,195.35,260.0,10.08,33
30063,1972,15,1,541.24,260.0,10.0,33
30064,1970,3,1,68.56,260.0,9.8,33
30066,1970,3,1,141.75,260.0,9.9,33
30067,2005,9,1,280.86,260.0,9.85,33
30069,2004,9,1,259.78,80.0,10.18,33
30070,1982,15,1,695.11,345.0,15.98,33
30071,1961,3,1,75.56,345.0,16.06,33
30072,1967,3,1,95.18,345.0,16.1,33
30073,1967,6,1,121.81,345.0,16.14,33
30074,1973,18,1,232.87,345.0,16.19,33
30075,1935,3,1,76.97,345.0,16.29,33
30076,1935,3,1,79.21,345.0,16.32,33
30077,1960,6,1,220.59,345.0,16.38,33
30078,1982,6,1,232.6,345.0,5.5,33
30080,1953,6,1,80.01,345.0,16.54,33
30081,2004,6,1,95.4,345.0,16.58,33
30083,1966,3,1,91.53,345.0,16.64,33
30084,1964,3,1,249.1,345.0,16.7,33
30086,1963,3,1,49.13,80.0,9.95,33
30087,1958,3,1,128.78,80.0,9.96,33
30088,1963,3,1,69.92,80.0,9.96,33
30089,1954,3,1,80.32,80.0,9.96,33
30090,1992,3,1,147.6,80.0,9.97,33
30091,2022,9,1,78.87,80.0,9.99,33
30093,1954,3,1,120.59,80.0,10.03,33
30094,1942,3,1,117.94,165.0,10.15,33
30096,1963,3,1,137.21,165.0,10.16,33
30097,1998,3,1,99.22,165.0,10.16,33
30098,1953,3,1,111.77,165.0,10.16,33
30099,1966,6,1,257.59,165.0,10.17,33
30101,1991,3,1,76.49,165.0,10.16,33
30102,1975,12,1,324.35,260.0,10.26,33
30103,1959,3,1,97.46,260.0,10.25,33
30105,1987,3,1,125.87,260.0,10.25,33
30107,1969,3,1,148.21,255.0,10.26,33
30108,1955,3,1,111.98,260.0,10.23,33
30110,2002,9,1,111.46,260.0,10.22,33
30112,1961,3,1,136.01,260.0,10.21,33
30113,1991,6,1,402.07,260.0,10.19,33
30116,2002,9,1,410.94,260.0,10.16,33
30117,1994,3,1,74.06,80.0,10.0,33
30118,1996,3,1,160.44,80.0,10.0,33
30119,1951,3,1,177.37,340.0,9.95,33
30121,1965,3,1,121.85,340.0,9.95,33
30122,1951,6,1,91.71,340.0,9.94,33
30123,1886,3,1,111.11,340.0,9.93,33
30125,1972,6,1,171.02,340.0,9.93,33
30127,1945,3,1,127.56,340.0,9.92,33
30128,1945,3,1,141.68,340.0,9.92,33
30129,1956,3,1,174.17,340.0,9.92,33
30130,1932,3,1,150.49,340.0,9.91,33
30131,1997,6,1,249.21,345.0,9.91,33
30132,1982,9,1,300.01,75.0,10.0,33
30133,1982,9,1,415.76,70.0,10.12,33
30134,2001,6,1,80.07,70.0,10.15,33
30137,1974,15,1,94.29,160.0,80.59,33
30140,1992,12,1,515.6,165.0,16.53,33
30141,1980,3,1,173.35,165.0,16.4,33
30142,1930,3,1,108.71,165.0,16.35,33
30143,1946,3,1,231.72,165.0,16.31,33
30144,1954,6,1,150.4,165.0,16.26,33
30146,1968,6,1,113.2,165.0,15.99,33
30148,1972,15,1,181.64,165.0,18.14,33
30149,1967,15,1,125.57,255.0,9.98,33
30151,2004,3,1,287.64,165.0,16.15,33
30153,2005,9,1,256.54,255.0,9.96,33
30154,2008,12,1,354.64,340.0,9.96,33
30158,1974,12,1,1176.44,345.0,10.34,33
30159,1976,21,1,532.68,30.0,18.71,33
30160,1975,18,1,547.99,80.0,7.72,33
30161,1973,21,1,522.76,80.0,7.59,33
30162,1970,24,1,368.53,75.0,7.51,33
30163,1968,24,1,324.81,80.0,7.42,33
30165,1981,15,1,282.62,125.0,14.78,33
30166,1986,3,1,348.73,160.0,9.72,33
30167,1958,9,1,206.23,160.0,9.74,33
30169,1973,3,1,160.85,165.0,9.75,33
30170,1958,6,1,87.2,255.0,9.77,33
30171,1979,12,1,382.63,250.0,9.8,33
30172,1998,12,1,605.85,255.0,9.82,33
30173,2000,9,1,294.46,255.0,9.78,33
30174,2004,9,1,370.6,165.0,9.73,33
30175,1961,6,1,69.54,160.0,9.78,33
30176,2006,3,1,61.38,165.0,9.76,33
30178,2008,18,1,620.79,345.0,10.14,33
30191,1979,6,1,126.69,350.0,15.34,33
30192,1979,6,1,138.12,355.0,89.9,33
30193,1958,3,1,112.83,355.0,15.13,33
30195,1958,6,1,154.5,355.0,15.04,33
30196,1979,15,1,627.28,35.0,35.12,33
30197,1962,15,1,574.57,35.0,34.71,33
30199,2005,12,1,669.76,170.0,30.4,33
30200,1958,3,1,113.74,215.0,11.82,33
30201,1958,3,1,119.25,215.0,11.81,33
30202,1958,3,1,149.93,215.0,11.8,33
30203,1958,3,1,146.68,215.0,11.79,33
30204,1958,3,1,129.9,215.0,11.78,33
30205,1967,3,1,140.29,295.0,102.79,33
30210,2001,9,1,280.34,305.0,35.56,33
30211,2002,3,1,130.38,260.0,15.92,33
30212,1948,3,1,143.56,350.0,9.96,33
30214,1960,3,1,156.5,350.0,9.98,33
30216,1948,3,1,150.26,350.0,43.85,33
30218,1970,3,1,113.06,80.0,13.34,33
30220,1948,6,1,128.04,80.0,13.48,33
30223,1960,12,1,192.06,350.0,75.77,33
30224,1962,6,1,129.17,260.0,13.48,33
30225,1956,9,1,129.6,260.0,13.35,33
30227,1952,3,1,152.75,350.0,9.93,33
30228,1979,12,1,89.54,350.0,9.9,33
30229,1962,9,1,99.12,350.0,9.88,33
30232,1948,3,1,119.78,125.0,18.22,33
30233,1968,3,1,138.74,125.0,15.84,33
30234,1991,6,1,312.39,215.0,34.71,33
30236,1987,6,1,246.91,215.0,34.67,33
30237,1952,15,1,279.97,215.0,34.62,33
30238,1952,3,1,137.33,260.0,15.97,33
30239,1948,3,1,127.15,260.0,15.96,33
30240,1952,3,1,100.1,260.0,15.94,33
30241,1948,3,1,107.97,260.0,15.93,33
30242,1952,6,1,201.13,260.0,15.96,33
30244,1948,3,1,130.74,350.0,9.87,33
30246,1996,12,1,130.8,80.0,15.92,33
30247,1977,15,1,249.4,80.0,15.93,33
30248,1960,3,1,99.02,80.0,15.95,33
30251,1948,3,1,130.86,80.0,15.96,33
30252,1948,3,1,102.54,80.0,15.97,33
30254,1978,3,1,92.5,80.0,15.97,33
30255,1948,3,1,104.68,80.0,15.98,33
30256,1970,9,1,76.01,115.0,65.55,33
30257,1960,15,1,144.78,85.0,39.6,33
30259,1957,3,1,104.3,260.0,6.94,33
30261,1948,3,1,105.12,260.0,6.94,33
30262,1965,3,1,72.4,260.0,6.76,33
30263,1956,3,1,114.44,260.0,6.95,33
30264,1948,3,1,113.77,260.0,6.95,33
30265,1948,3,1,100.88,260.0,6.95,33
30266,1948,3,1,92.65,260.0,6.95,33
30267,1948,3,1,100.85,260.0,6.95,33
30268,2007,9,1,250.5,175.0,15.05,33
30269,1959,3,1,125.74,350.0,13.93,33
30270,1958,6,1,115.14,80.0,35.07,33
30271,2000,6,1,118.1,80.0,15.88,33
30272,1958,6,1,85.2,80.0,15.88,33
30275,1958,3,1,91.69,80.0,15.88,33
30276,1959,3,1,94.6,80.0,15.88,33
30277,1958,3,1,120.11,80.0,15.89,33
30278,1958,3,1,129.54,80.0,15.89,33
30279,1956,3,1,96.09,80.0,15.89,33
30280,1956,3,1,133.08,80.0,15.89,33
30281,1961,3,1,133.49,170.0,9.86,33
30282,1969,3,1,108.78,260.0,6.93,33
30283,1959,3,1,106.78,260.0,6.93,33
30284,1959,3,1,107.17,260.0,6.93,33
30285,1959,3,1,102.86,260.0,6.92,33
30286,1960,3,1,105.7,260.0,6.91,33
30287,2000,3,1,105.33,260.0,6.9,33
30288,1959,3,1,123.98,260.0,6.89,33
30289,1956,3,1,103.65,260.0,6.88,33
30290,1960,3,1,48.82,350.0,33.8,33
30293,1961,3,1,73.2,305.0,29.62,33
30294,1965,3,1,70.38,350.0,9.92,33
30295,1965,6,1,60.01,350.0,9.92,33
30296,2000,9,1,250.3,350.0,9.91,33
30297,1965,3,1,139.72,350.0,9.9,33
30298,1999,9,1,260.4,350.0,9.9,33
30299,1963,3,1,112.45,350.0,9.89,33
30300,1967,3,1,81.83,35.0,26.1,33
30302,1968,3,1,65.25,90.0,12.16,33
30304,1961,3,1,199.92,170.0,48.94,33
30305,1962,6,1,169.06,170.0,117.21,33
30307,1965,12,1,227.25,170.0,13.92,33
30308,1990,3,1,109.54,260.0,35.44,33
30309,1989,3,1,98.98,260.0,35.61,33
30310,1958,3,1,151.6,170.0,33.78,33
30311,1960,3,1,141.31,260.0,15.89,33
30312,1965,15,1,327.85,260.0,15.88,33
30313,1961,6,1,212.22,260.0,15.88,33
30315,1950,3,1,90.97,260.0,31.58,33
30317,1969,12,1,161.89,350.0,13.95,33
30318,1990,3,1,135.71,350.0,13.93,33
30319,1950,3,1,120.31,85.0,7.04,33
30320,1955,9,1,139.69,80.0,7.04,33
30321,1955,3,1,125.73,85.0,7.03,33
30322,1955,6,1,128.59,85.0,6.99,33
30323,1965,9,1,162.99,170.0,9.99,33
30325,1960,9,1,92.24,170.0,9.96,33
30327,1965,3,1,146.26,170.0,9.96,33
30329,1990,3,1,147.56,260.0,15.89,33
30331,2003,6,1,117.55,260.0,15.89,33
30334,1950,3,1,134.71,260.0,15.89,33
30335,1976,9,1,129.06,260.0,15.88,33
30337,1963,3,1,134.37,260.0,15.88,33
30338,2002,9,1,122.59,260.0,15.88,33
30339,1950,3,1,134.13,350.0,33.78,33
30340,1930,6,1,125.66,350.0,33.45,33
30341,2007,9,1,95.83,350.0,12.5,33
30342,1952,6,1,91.74,350.0,9.73,33
30344,1979,18,1,253.66,35.0,29.68,33
30345,1930,9,1,128.27,85.0,15.9,33
30347,1950,15,1,120.45,80.0,15.89,33
30348,2002,9,1,71.53,170.0,33.81,33
30350,1989,12,1,118.52,80.0,35.5,33
30351,1930,12,1,41.97,170.0,13.92,33
30353,1930,3,1,94.3,170.0,13.94,33
30354,1997,3,1,130.83,260.0,6.88,33
30355,1930,6,1,110.87,260.0,6.89,33
30358,1930,3,1,95.17,260.0,6.91,33
30359,1930,3,1,64.52,260.0,6.91,33
30360,1990,6,1,104.02,305.0,29.4,33
30362,1960,3,1,123.29,350.0,10.25,33
30363,1950,3,1,168.87,350.0,10.29,33
30364,1950,3,1,245.77,350.0,10.38,33
30366,1950,6,1,127.5,350.0,10.46,33
30368,1950,3,1,100.78,80.0,11.93,33
30369,1950,3,1,110.88,80.0,11.93,33
30371,1950,3,1,101.71,80.0,11.91,33
30373,1950,3,1,135.35,80.0,24.87,33
30375,1950,3,1,128.53,80.0,11.87,33
30378,1950,3,1,125.85,80.0,11.88,33
30379,1950,3,1,109.08,80.0,11.89,33
30380,1965,3,1,114.12,80.0,11.9,33
30381,1950,3,1,119.3,80.0,11.92,33
30382,1960,6,1,234.96,130.0,28.65,33
30383,1956,3,1,95.65,170.0,9.9,33
30384,2008,6,1,168.16,170.0,9.9,33
30386,1954,3,1,141.19,170.0,9.91,33
30388,1958,3,1,87.45,170.0,9.91,33
30389,1958,3,1,104.29,170.0,9.91,33
30391,2010,6,1,102.5,170.0,9.92,33
30393,1999,9,1,115.38,215.0,28.06,33
30395,2003,3,1,127.6,260.0,15.93,33
30396,1962,9,1,108.28,260.0,15.92,33
30397,1950,9,1,101.18,260.0,15.91,33
30399,1950,3,1,115.64,260.0,15.9,33
30400,1950,3,1,98.19,260.0,20.16,33
30402,1950,3,1,129.68,260.0,24.35,33
30403,1950,3,1,86.1,260.0,15.82,33
30405,1950,9,1,124.4,260.0,15.89,33
30407,2008,9,1,307.57,35.0,25.43,33
30409,1930,3,1,93.91,260.0,15.68,33
30410,1930,9,1,110.2,350.0,7.99,33
30412,1930,3,1,113.41,350.0,7.98,33
30415,1930,3,1,127.36,350.0,7.97,33
30416,1930,6,1,97.05,350.0,7.97,33
30417,1930,6,1,106.4,350.0,7.96,33
30418,1930,9,1,133.31,350.0,7.96,33
30419,1930,3,1,96.9,350.0,7.95,33
30421,1999,3,1,101.07,350.0,7.95,33
30422,1964,3,1,103.37,80.0,68.09,33
30423,1930,3,1,93.7,80.0,11.89,33
30425,2003,9,1,97.37,80.0,11.85,33
30426,1970,3,1,138.78,80.0,11.83,33
30428,1930,6,1,104.05,80.0,11.82,33
30431,1930,3,1,75.86,120.0,25.59,33
30432,1930,3,1,67.41,170.0,9.91,33
30433,1965,9,1,103.82,170.0,9.88,33
30434,1979,15,1,143.57,170.0,9.85,33
30435,1930,6,1,163.42,215.0,28.17,33
30436,1964,3,1,128.67,260.0,15.72,33
30440,1930,3,1,77.21,270.0,15.87,33
30441,1964,18,1,464.72,305.0,29.34,33
30442,1962,12,1,190.97,350.0,9.85,33
30443,1962,9,1,182.09,350.0,9.86,33
30444,1963,3,1,131.97,350.0,9.87,33
30445,1963,3,1,131.23,350.0,9.88,33
30446,1963,3,1,133.14,350.0,9.89,33
30447,1963,3,1,100.59,350.0,9.91,33
30449,1981,12,1,102.12,35.0,25.21,33
30451,1962,3,1,109.15,80.0,11.92,33
30452,1962,12,1,113.43,80.0,11.91,33
30454,1962,3,1,103.17,80.0,11.9,33
30455,1962,6,1,99.09,80.0,11.9,33
30456,1975,3,1,285.58,80.0,42.2,33
30457,1963,3,1,102.32,80.0,11.87,33
30458,1958,3,1,109.64,80.0,11.86,33
30459,1963,3,1,131.2,80.0,11.83,33
30461,1963,3,1,119.38,80.0,11.82,33
30462,1963,12,1,74.45,130.0,27.46,33
30463,1963,3,1,81.02,170.0,10.7,33
30464,1963,3,1,46.78,170.0,10.59,33
30465,1953,3,1,123.69,170.0,10.52,33
30466,2003,6,1,95.95,170.0,10.44,33
30468,2009,6,1,60.17,170.0,10.38,33
30469,1954,3,1,120.75,170.0,10.31,33
30470,1944,3,1,132.83,170.0,10.25,33
30471,1964,3,1,78.07,170.0,10.18,33
30472,1964,3,1,74.23,170.0,10.04,33
30474,1992,12,1,86.07,215.0,28.32,33
30475,1963,3,1,101.4,260.0,15.91,33
30476,1963,6,1,108.48,260.0,15.91,33
30477,1964,3,1,121.31,260.0,15.89,33
30478,1964,3,1,98.12,260.0,15.87,33
30479,1964,3,1,91.86,260.0,15.86,33
30480,1999,15,1,256.45,260.0,15.84,33
30481,1962,3,1,113.43,350.0,25.33,33
30482,1960,6,1,102.05,350.0,25.26,33
30483,1955,3,1,126.31,350.0,25.25,33
30484,1955,3,1,116.81,350.0,25.27,33
30486,1955,3,1,108.48,350.0,25.3,33
30489,1960,3,1,141.22,350.0,25.34,33
30491,1950,6,1,104.78,350.0,25.36,33
30492,1955,3,1,103.3,350.0,25.4,33
30494,2008,15,1,110.98,40.0,42.98,33
30495,1955,3,1,93.85,80.0,11.72,33
30496,1955,3,1,129.38,80.0,11.76,33
30497,1950,3,1,96.09,80.0,11.81,33
30498,1955,6,1,136.6,80.0,53.54,33
30500,1955,3,1,120.8,80.0,38.74,33
30501,1955,3,1,106.06,80.0,11.86,33
30502,1979,3,1,127.79,80.0,11.86,33
30504,1983,6,1,113.13,170.0,7.94,33
30506,1955,9,1,107.03,170.0,7.95,33
30508,1969,6,1,109.84,170.0,7.96,33
30509,1945,3,1,119.48,170.0,7.96,33
30510,1950,3,1,117.14,170.0,7.97,33
30511,1955,3,1,131.24,170.0,7.97,33
30513,1955,3,1,97.08,170.0,7.98,33
30515,1955,3,1,79.73,170.0,7.99,33
30516,1955,3,1,56.69,170.0,8.0,33
30518,1955,3,1,74.28,260.0,15.68,33
30520,1955,3,1,110.28,260.0,15.68,33
30521,1950,3,1,123.42,260.0,15.68,33
30522,1955,3,1,131.54,260.0,15.67,33
30524,1950,3,1,111.52,260.0,15.68,33
30525,2005,15,1,132.86,270.0,15.84,33
30595,1974,15,1,372.8,10.0,79.73,33
30597,1974,18,1,380.29,0.0,40.81,33
30598,1978,21,1,271.0,270.0,8.91,33
30599,1978,21,1,270.62,0.0,28.17,33
30600,1978,21,1,270.42,180.0,35.79,33
30601,1976,9,1,189.1,180.0,31.7,33
30602,1976,9,1,210.38,270.0,52.15,33
30603,1977,9,1,197.78,180.0,31.61,33
30604,1976,9,1,198.72,180.0,31.87,33
30605,1976,9,1,198.24,180.0,32.16,33
30606,1976,12,1,184.68,180.0,46.99,33
30607,1974,15,1,327.43,270.0,57.06,33
30608,1974,18,1,342.0,180.0,57.28,33
30609,1974,21,1,340.8,275.0,33.61,33
30610,1974,24,1,351.02,0.0,141.34,33
30611,1974,24,1,352.39,270.0,57.95,33
30612,1974,21,1,373.5,270.0,39.27,33
30613,1974,18,1,369.51,270.0,35.86,33
30614,1976,21,1,380.79,0.0,70.48,33
30615,1974,24,1,378.96,180.0,49.12,33
30616,1976,21,1,397.44,185.0,73.44,33
30617,1976,24,1,385.37,270.0,99.03,33
30618,1977,18,1,393.42,0.0,77.45,33
30619,1976,12,1,210.71,90.0,77.64,33
30620,1978,3,1,155.32,10.0,9.76,33
30621,1971,12,1,381.34,10.0,9.81,33
30622,1961,3,1,138.46,10.0,9.88,33
30623,1962,3,1,115.3,10.0,9.91,33
30628,1983,6,1,171.68,100.0,33.86,33
30629,1993,15,1,1257.18,100.0,33.36,33
30631,1993,15,1,1977.87,100.0,29.96,33
30633,1968,12,1,228.58,255.0,9.94,33
30635,1993,9,1,317.46,255.0,9.98,33
30636,2021,15,1,127.22,10.0,10.02,33
30637,2002,9,1,84.03,5.0,10.23,33
30638,1992,12,1,146.14,5.0,10.22,33
30640,1975,3,1,105.13,5.0,10.2,33
30641,1959,3,1,97.53,5.0,10.19,33
30642,1951,6,1,113.02,5.0,10.18,33
30643,1950,3,1,98.24,5.0,10.17,33
30644,1968,3,1,155.39,5.0,10.14,33
30645,1978,3,1,149.26,5.0,10.13,33
30647,1920,3,1,98.89,5.0,10.12,33
30648,1914,3,1,98.9,5.0,10.11,33
30649,1914,3,1,96.73,5.0,10.1,33
30650,1970,6,1,112.13,5.0,10.09,33
30651,1998,9,1,312.41,5.0,10.07,33
30652,1990,3,1,307.54,5.0,10.03,33
30653,2001,3,1,180.3,5.0,10.01,33
30655,1999,3,1,88.25,5.0,9.99,33
30656,1968,3,1,102.2,5.0,9.98,33
30658,2000,15,1,1895.79,100.0,34.43,33
30660,1961,3,1,78.01,100.0,34.22,33
30661,1970,3,1,96.14,100.0,34.2,33
30662,1966,3,1,101.44,100.0,34.17,33
30663,1961,3,1,81.23,100.0,34.14,33
30664,1960,3,1,84.09,100.0,34.12,33
30666,2007,15,1,105.14,100.0,34.09,33
30667,1960,3,1,72.27,100.0,34.05,33
30669,2003,15,1,105.83,100.0,34.01,33
30670,2001,15,1,155.61,190.0,10.15,33
30673,1975,15,1,569.32,190.0,10.02,33
30674,1960,3,1,125.93,190.0,9.97,33
30676,1930,3,1,131.24,85.0,0.0,33
30677,1963,12,1,208.01,190.0,9.92,33
30678,1930,3,1,74.97,190.0,9.87,33
30679,1970,15,1,510.28,190.0,9.77,33
30680,1970,9,1,418.21,190.0,20.09,33
30682,2017,12,1,255.96,260.0,9.83,33
30685,1997,3,1,160.54,255.0,9.65,33
30687,1956,3,1,117.81,255.0,9.86,33
30688,1963,6,1,177.18,255.0,9.87,33
30689,1970,3,1,135.31,255.0,9.28,33
30690,1973,12,1,364.05,190.0,9.65,33
30691,2007,9,1,279.04,190.0,10.12,33
30692,1970,12,1,320.88,255.0,9.76,33
30693,1920,3,1,126.17,185.0,10.23,33
30694,1949,3,1,64.84,5.0,22.9,33
30701,1960,9,1,203.01,185.0,10.15,33
30703,1951,3,1,176.17,185.0,10.16,33
30704,1923,3,1,121.83,185.0,10.18,33
30707,1920,3,1,138.61,185.0,10.21,33
30708,1920,3,1,96.41,185.0,20.32,33
30709,1995,9,1,64.06,255.0,9.89,33
30710,1965,9,1,104.04,255.0,12.2,33
30711,1968,3,1,85.56,345.0,11.81,33
30712,1970,3,1,74.68,345.0,11.81,33
30713,1953,6,1,107.22,345.0,11.81,33
30714,1964,6,1,143.24,345.0,11.81,33
30717,1960,6,1,102.37,345.0,11.81,33
30719,1950,3,1,132.52,345.0,11.82,33
30720,1950,6,1,154.66,345.0,11.82,33
30722,1963,3,1,111.21,345.0,11.82,33
30723,1944,6,1,307.55,345.0,11.83,33
30724,1962,3,1,79.91,345.0,11.83,33
30725,1960,3,1,69.64,345.0,11.84,33
30726,1958,3,1,77.75,345.0,11.84,33
30727,1958,9,1,94.19,80.0,12.09,33
30728,1962,6,1,70.2,80.0,12.1,33
30729,1948,9,1,84.04,80.0,12.11,33
30731,1961,6,1,174.69,80.0,12.12,33
30732,1959,3,1,135.65,80.0,12.12,33
30734,2007,12,1,67.26,80.0,12.12,33
30736,2004,3,1,2085.32,255.0,16.19,33
30738,1989,3,1,300.61,255.0,16.14,33
30739,1972,18,1,291.24,260.0,16.04,33
30740,1977,12,1,305.07,350.0,11.71,33
30741,1970,15,1,501.09,350.0,11.79,33
30742,1978,15,1,219.16,260.0,12.43,33
30744,1979,9,1,110.8,255.0,12.33,33
30745,1980,12,1,98.71,255.0,12.29,33
30746,1958,6,1,196.6,255.0,12.24,33
30747,1955,3,1,109.53,260.0,12.22,33
30748,1964,6,1,73.97,255.0,12.22,33
30751,1993,12,1,2876.06,125.0,26.37,33
30753,2007,9,1,377.27,350.0,11.68,33
30754,1991,12,1,126.02,255.0,16.15,33
30755,1989,3,1,300.82,80.0,11.69,33
30756,2007,15,1,594.43,130.0,89.29,33
30757,1970,15,1,172.57,300.0,26.61,33
30758,1978,18,1,158.6,345.0,11.87,33
30760,1970,12,1,157.96,345.0,11.85,33
30761,1970,9,1,161.74,345.0,11.84,33
30762,1971,18,1,200.4,80.0,29.43,33
30763,1971,18,1,207.97,80.0,29.44,33
30764,1971,18,1,211.91,80.0,29.44,33
30766,1989,15,1,733.46,260.0,12.01,33
30768,1996,15,1,355.54,165.0,12.22,33
30770,1967,18,1,250.5,260.0,11.92,33
30771,1972,15,1,198.5,260.0,12.1,33
30772,1972,15,1,193.24,270.0,12.37,33
30773,1972,15,1,198.11,270.0,12.36,33
30774,2004,3,1,554.0,165.0,12.16,33
30779,1965,3,1,251.46,260.0,10.19,33
30781,1972,3,1,262.33,345.0,9.71,33
30782,1965,6,1,108.96,345.0,9.72,33
30783,1960,3,1,144.16,345.0,9.81,33
30785,1968,6,1,143.66,345.0,9.84,33
30787,1979,21,1,354.16,80.0,30.01,33
30788,1974,21,1,316.94,80.0,29.99,33
30789,1974,21,1,313.03,80.0,57.43,33
30790,1971,18,1,921.35,80.0,29.94,33
30791,1972,21,1,299.13,80.0,29.86,33
30792,1976,21,1,600.32,120.0,42.63,33
30793,1970,12,1,325.57,210.0,26.91,33
30795,1972,3,1,269.68,260.0,10.1,33
30798,1972,3,1,258.67,260.0,10.12,33
30799,1970,3,1,137.22,260.0,10.14,33
30800,1973,9,1,278.34,260.0,10.15,33
30801,1977,15,1,331.59,260.0,10.16,33
30802,1989,6,1,79.19,260.0,10.17,33
30805,2003,9,1,311.25,345.0,9.76,33
30806,1973,12,1,143.12,260.0,22.54,33
30809,1974,6,1,133.05,345.0,15.75,33
30811,1956,3,1,126.69,340.0,15.75,33
30812,1935,3,1,101.67,345.0,15.71,33
30814,1974,21,1,346.59,80.0,29.71,33
30815,1978,21,1,431.45,80.0,29.72,33
30816,1979,21,1,438.15,80.0,29.74,33
30817,1979,21,1,392.4,125.0,45.09,33
30818,1979,15,1,577.82,165.0,9.85,33
30819,1978,3,1,145.11,165.0,9.7,33
30821,1986,3,1,158.94,260.0,10.04,33
30825,1979,3,1,81.05,260.0,10.0,33
30827,1960,3,1,179.34,260.0,10.0,33
30829,1962,3,1,110.4,260.0,9.99,33
30831,2003,3,1,150.31,260.0,9.97,33
30833,2001,6,1,299.89,260.0,9.96,33
30834,1980,15,1,465.33,255.0,9.96,33
30836,1999,9,1,292.21,165.0,9.74,33
30837,2001,12,1,288.19,345.0,15.74,33
30838,2007,12,1,344.75,345.0,15.76,33
30839,2023,18,1,640.02,80.0,29.69,33
30840,2013,18,1,324.33,345.0,15.72,33
30842,1991,12,1,253.08,260.0,10.02,33
30845,1980,9,1,387.57,340.0,9.73,33
30846,1974,18,1,239.76,345.0,9.72,33
30847,1937,3,1,115.3,80.0,7.37,33
30849,1997,15,1,141.04,80.0,7.38,33
30850,1980,21,1,581.36,80.0,7.41,33
30851,1977,21,1,840.39,80.0,7.41,33
30853,1990,15,1,157.89,80.0,7.41,33
30855,2001,9,1,92.85,80.0,7.41,33
30856,1973,21,1,198.58,120.0,21.89,33
30857,2005,12,1,182.81,165.0,15.72,33
30858,1978,9,1,108.88,165.0,15.74,33
30860,1977,15,1,322.19,165.0,15.75,33
30867,1981,3,1,56.08,70.0,0.0,33
30868,2003,9,1,543.09,250.0,10.03,33
30869,2014,15,1,648.51,250.0,10.09,33
30874,1979,6,1,131.11,315.0,70.59,33
30875,2002,3,1,192.93,75.0,12.78,33
30877,1984,3,1,118.15,75.0,12.51,33
30879,1984,3,1,117.81,75.0,12.46,33
30880,1984,6,1,129.39,80.0,12.38,33
30883,2010,15,1,293.65,90.0,12.58,33
30885,2006,9,1,283.18,75.0,12.08,33
30887,1947,6,1,158.42,130.0,33.85,33
30888,1964,6,1,165.01,180.0,15.99,33
30890,1984,6,1,207.37,180.0,15.97,33
30892,1984,6,1,270.66,180.0,15.97,33
30894,2001,3,1,,75.0,12.43,33
30896,1988,3,1,132.18,75.0,12.42,33
30897,1994,6,1,539.38,285.0,39.34,33
30898,1995,6,1,481.72,295.0,96.73,33
30899,1987,6,1,292.04,75.0,12.63,33
30902,1953,3,1,98.56,305.0,35.03,33
30903,1953,3,1,108.32,305.0,15.93,33
30904,1953,6,1,246.56,305.0,15.87,33
30905,1953,6,1,245.84,125.0,22.66,33
30906,1953,3,1,101.77,305.0,15.75,33
30907,1953,3,1,109.76,35.0,21.28,33
30908,1953,3,1,106.63,35.0,19.01,33
30909,1953,6,1,276.97,35.0,19.01,33
30910,1953,6,1,278.85,35.0,22.62,33
30911,1953,3,1,140.68,35.0,19.01,33
30912,1953,6,1,278.66,215.0,14.78,33
30913,1953,6,1,247.38,215.0,14.92,33
30914,1953,3,1,125.38,35.0,8.0,33
30915,1953,3,1,125.75,125.0,20.68,33
30916,1953,3,1,129.87,215.0,16.43,33
30917,1953,6,1,253.26,215.0,16.41,33
30918,1953,6,1,242.13,215.0,16.39,33
30919,1953,3,1,134.27,215.0,16.38,33
30920,1985,6,1,119.72,260.0,16.1,33
30921,1989,3,1,120.06,70.0,14.56,33
30922,1958,3,1,87.72,70.0,6.95,33
30923,1958,3,1,83.71,70.0,6.98,33
30924,1959,3,1,91.48,70.0,7.01,33
30925,1960,3,1,107.26,70.0,7.04,33
30926,2022,3,1,93.5,70.0,7.08,33
30927,1989,3,1,115.17,75.0,7.12,33
30928,1990,6,1,127.57,170.0,13.93,33
30931,1986,9,1,306.53,175.0,14.04,33
30933,2004,3,1,271.2,260.0,12.06,33
30934,1965,3,1,130.16,260.0,12.05,33
30939,1996,9,1,433.53,170.0,14.28,33
30940,1962,3,1,125.26,350.0,9.86,33
30942,1958,3,1,103.55,350.0,14.03,33
30943,1979,18,1,487.85,350.0,14.03,33
30944,1969,21,1,380.77,70.0,30.62,33
30945,1970,18,1,279.09,125.0,44.49,33
30946,1971,18,1,419.17,125.0,16.31,33
30947,1975,18,1,407.32,125.0,15.7,33
30948,1975,18,1,179.05,125.0,17.2,33
30949,1975,18,1,280.92,170.0,29.98,33
30950,1975,12,1,181.65,255.0,12.12,33
30951,1975,12,1,220.83,260.0,12.06,33
30952,1975,12,1,227.87,255.0,12.14,33
30953,1988,9,1,95.08,260.0,12.08,33
30955,1975,3,1,136.78,260.0,12.09,33
30956,1968,9,1,128.05,305.0,28.95,33
30957,2006,12,1,80.56,350.0,13.88,33
30959,1955,3,1,93.86,350.0,13.85,33
30960,1960,3,1,119.14,35.0,27.6,33
30962,2005,9,1,235.67,35.0,25.38,33
30963,1960,3,1,118.29,80.0,12.06,33
30965,1960,6,1,57.23,80.0,12.05,33
30967,1960,3,1,111.36,125.0,45.71,33
30968,1960,9,1,163.63,170.0,9.94,33
30969,1964,3,1,129.53,170.0,9.91,33
30971,1955,3,1,142.99,170.0,21.08,33
30973,1960,9,1,114.0,265.0,6.98,33
30974,1960,9,1,156.46,270.0,7.09,33
30975,1960,18,1,173.15,265.0,7.04,33
30976,1960,12,1,161.59,265.0,7.04,33
30977,1950,3,1,58.1,260.0,7.0,33
30980,1961,6,1,114.32,260.0,11.9,33
30983,1961,3,1,101.65,350.0,6.92,33
30984,1965,3,1,144.01,350.0,6.92,33
30985,1964,3,1,142.65,350.0,6.92,33
30986,1978,3,1,165.38,350.0,6.92,33
30987,1978,6,1,96.08,350.0,6.92,33
30989,1983,3,1,108.31,350.0,6.92,33
30991,1988,3,1,121.54,350.0,6.92,33
30992,1984,3,1,118.75,350.0,6.92,33
30993,1965,12,1,190.62,80.0,52.78,33
30994,1963,3,1,93.26,80.0,11.9,33
30995,1960,3,1,82.91,170.0,14.27,33
30996,1962,3,1,138.49,170.0,9.86,33
30997,2002,3,1,103.48,170.0,9.86,33
30998,1965,3,1,120.24,170.0,9.86,33
30999,1997,9,1,152.16,260.0,15.65,33
31000,1960,3,1,115.6,260.0,11.92,33
31001,2015,12,1,246.03,170.0,18.33,33
31002,1950,3,1,81.56,350.0,9.92,33
31003,1950,3,1,97.31,350.0,9.94,33
31004,1961,3,1,89.92,350.0,9.99,33
31005,1971,3,1,104.27,350.0,10.0,33
31006,1953,3,1,93.87,350.0,10.02,33
31007,1958,3,1,86.5,35.0,27.33,33
31009,1950,3,1,60.7,80.0,12.01,33
31010,1950,3,1,62.21,80.0,12.02,33
31011,2002,6,1,68.84,170.0,6.84,33
31012,1960,3,1,81.77,170.0,6.84,33
31013,1960,3,1,90.7,170.0,6.83,33
31014,1950,6,1,98.49,170.0,6.83,33
31016,1950,3,1,88.78,170.0,6.83,33
31017,1950,3,1,88.93,170.0,6.82,33
31018,1950,3,1,32.28,170.0,6.82,33
31019,1960,6,1,107.52,260.0,11.89,33
31020,1952,3,1,134.97,260.0,11.9,33
31022,1950,3,1,117.19,260.0,11.91,33
31023,1961,6,1,85.03,260.0,11.91,33
31025,1950,6,1,81.03,305.0,25.47,33
31027,2005,9,1,194.72,350.0,9.96,33
31028,1939,3,1,99.04,350.0,6.87,33
31030,1990,3,1,108.4,350.0,6.87,33
31031,1930,3,1,100.53,350.0,6.87,33
31032,1930,3,1,100.68,350.0,6.87,33
31034,1930,3,1,106.61,350.0,6.88,33
31037,1930,6,1,109.68,350.0,6.88,33
31039,1930,6,1,88.6,350.0,6.89,33
31040,1930,3,1,83.07,350.0,6.9,33
31041,1964,9,1,101.05,80.0,11.95,33
31042,1930,9,1,78.18,125.0,25.45,33
31043,1930,9,1,78.34,145.0,42.81,33
31044,1930,6,1,101.16,170.0,10.02,33
31045,1930,6,1,107.64,170.0,10.01,33
31046,1950,3,1,88.05,170.0,9.98,33
31048,1992,3,1,87.96,170.0,9.97,33
31049,1959,3,1,88.95,170.0,9.96,33
31050,1962,3,1,96.35,170.0,9.94,33
31051,1930,6,1,105.07,170.0,9.93,33
31052,1930,6,1,85.35,225.0,25.47,33
31053,1930,9,1,82.69,260.0,11.83,33
31055,1930,3,1,88.25,260.0,11.85,33
31056,1930,9,1,95.89,260.0,11.89,33
31057,1966,3,1,105.81,260.0,11.96,33
31058,1968,3,1,90.81,350.0,6.92,33
31059,1968,3,1,177.54,170.0,10.04,33
31061,1968,9,1,98.73,350.0,6.94,33
31063,1975,6,1,109.08,350.0,70.96,33
31064,2021,9,1,114.07,350.0,32.19,33
31067,1968,9,1,88.7,350.0,6.9,33
31068,1968,3,1,103.04,350.0,6.9,33
31070,1989,12,1,113.75,350.0,6.89,33
31071,1960,9,1,105.26,155.0,42.75,33
31072,1983,12,1,105.28,125.0,25.15,33
31073,1960,9,1,101.7,170.0,9.99,33
31075,1966,6,1,203.24,170.0,10.0,33
31076,1965,9,1,95.33,170.0,10.02,33
31077,1960,3,1,82.0,260.0,11.86,33
31079,1988,6,1,98.72,170.0,10.04,33
31082,2004,15,1,192.85,170.0,10.01,33
31084,2009,12,1,134.6,350.0,10.02,33
31086,1965,12,1,166.74,350.0,10.01,33
31087,1965,12,1,166.04,355.0,10.01,33
31088,1965,12,1,192.43,350.0,9.98,33
31089,1965,15,1,249.66,35.0,22.59,33
31090,1955,3,1,92.58,170.0,6.91,33
31092,1985,3,1,106.7,170.0,6.91,33
31094,1975,9,1,105.43,170.0,6.91,33
31095,1993,3,1,151.25,170.0,6.92,33
31096,1985,3,1,117.38,170.0,6.91,33
31098,2003,3,1,386.48,305.0,25.48,33
31100,2004,3,1,210.1,350.0,10.04,33
31102,1963,3,1,106.27,260.0,11.84,33
31103,1964,9,1,90.49,350.0,6.81,33
31104,1950,6,1,102.62,350.0,6.82,33
31105,1950,6,1,99.0,350.0,6.82,33
31108,1950,3,1,103.97,350.0,6.82,33
31109,1973,15,1,105.49,350.0,6.83,33
31111,1960,6,1,106.59,350.0,6.83,33
31112,1965,3,1,94.7,350.0,6.83,33
31114,1950,12,1,100.1,170.0,9.99,33
31115,1950,3,1,74.2,170.0,9.97,33
31116,1962,9,1,102.14,170.0,9.95,33
31117,1950,3,1,103.1,170.0,9.92,33
31118,1959,12,1,82.16,170.0,9.9,33
31120,1969,3,1,88.23,170.0,9.87,33
31121,1948,3,1,77.56,170.0,9.85,33
31122,1976,9,1,186.77,215.0,25.24,33
31123,2002,9,1,306.87,80.0,12.01,33
31124,1998,3,1,141.79,305.0,41.09,33
31125,1967,3,1,72.75,350.0,25.2,33
31127,1970,9,1,81.99,350.0,25.19,33
31131,1992,3,1,78.92,350.0,25.2,33
31132,1962,3,1,74.99,80.0,8.0,33
31133,2022,9,1,88.95,80.0,7.98,33
31136,1968,3,1,85.93,80.0,7.97,33
31137,1965,6,1,85.41,80.0,7.96,33
31138,2007,9,1,86.63,80.0,7.95,33
31140,2004,9,1,55.28,80.0,7.94,33
31141,1961,3,1,81.23,80.0,7.94,33
31142,1961,6,1,85.23,80.0,7.92,33
31144,1972,3,1,84.69,80.0,7.91,33
31145,1971,3,1,94.79,170.0,6.93,33
31147,1969,6,1,107.8,170.0,6.92,33
31149,1971,3,1,109.67,260.0,12.02,33
31150,1967,3,1,91.85,260.0,12.08,33
31151,1978,3,1,87.44,260.0,12.11,33
31152,1979,3,1,82.78,260.0,12.13,33
31153,1982,3,1,90.67,260.0,88.72,33
31154,1970,3,1,88.27,260.0,48.0,33
31157,1970,3,1,84.37,260.0,12.32,33
31160,1930,6,1,108.46,260.0,11.86,33
31162,1963,6,1,91.65,350.0,7.0,33
31163,1930,9,1,93.92,350.0,7.01,33
31165,1930,6,1,112.1,350.0,7.04,33
31166,1930,6,1,106.84,350.0,7.05,33
31167,1930,6,1,96.68,350.0,7.06,33
31168,1930,3,1,74.25,350.0,7.08,33
31170,1930,6,1,81.97,350.0,7.1,33
31171,2001,3,1,98.48,350.0,7.12,33
31172,1930,9,1,54.05,80.0,12.13,33
31173,1930,6,1,55.07,80.0,12.09,33
31174,1930,3,1,86.65,80.0,12.03,33
31176,1966,3,1,72.23,170.0,6.9,33
31177,1930,3,1,78.9,170.0,6.89,33
31179,1930,9,1,88.57,170.0,6.88,33
31180,1930,6,1,102.44,180.0,6.95,33
31182,1930,3,1,75.77,170.0,6.88,33
31184,1930,9,1,102.26,170.0,6.87,33
31185,1930,3,1,97.51,170.0,6.87,33
31186,2001,3,1,151.68,260.0,39.04,33
31187,1951,3,1,52.91,260.0,73.79,33
31188,1963,12,1,107.33,350.0,25.7,33
31190,1930,3,1,112.86,350.0,25.89,33
31191,1972,3,1,113.15,350.0,26.75,33
31192,1930,6,1,84.17,350.0,30.02,33
31193,2001,3,1,50.88,80.0,12.31,33
31194,1965,3,1,51.41,90.0,17.81,33
31195,1971,9,1,98.96,170.0,7.12,33
31196,1951,3,1,100.66,170.0,7.1,33
31197,1983,3,1,110.54,170.0,7.08,33
31198,1930,9,1,111.5,170.0,7.06,33
31199,1930,9,1,98.09,170.0,7.05,33
31200,1930,6,1,83.65,170.0,7.03,33
31202,1965,6,1,110.08,170.0,7.02,33
31204,1930,6,1,106.03,170.0,6.99,33
31206,1930,6,1,86.76,260.0,11.77,33
31208,2024,18,1,293.25,305.0,42.79,33
31216,2007,9,1,177.42,155.0,6.28,33
31218,2003,3,1,124.41,145.0,6.97,33
31220,1999,3,1,129.97,140.0,7.39,33
31222,1999,3,1,135.77,30.0,11.05,33
31223,2002,3,1,82.69,95.0,36.52,33
31224,1998,3,1,161.96,40.0,16.99,33
31225,1996,6,1,241.47,115.0,10.24,33
31228,1982,3,1,248.5,115.0,17.87,33
31231,1965,3,1,91.74,260.0,11.95,33
31232,2019,12,1,100.03,350.0,9.82,33
31234,1965,12,1,110.22,170.0,6.92,33
31235,1960,6,1,111.7,350.0,9.88,33
31237,2009,9,1,175.35,350.0,9.91,33
31239,1960,3,1,93.28,350.0,9.95,33
31240,1975,9,1,110.48,350.0,9.97,33
31242,1967,9,1,97.37,350.0,9.99,33
31243,1968,9,1,110.07,40.0,26.2,33
31244,1962,6,1,84.57,35.0,25.93,33
31245,1963,9,1,55.55,80.0,11.89,33
31246,1961,3,1,58.0,170.0,16.07,33
31247,1965,3,1,94.11,170.0,6.92,33
31248,1963,3,1,115.06,170.0,6.92,33
31250,1961,3,1,117.18,170.0,6.92,33
31252,1968,3,1,85.34,170.0,6.92,33
31253,1967,6,1,110.18,170.0,6.92,33
31255,1960,3,1,107.88,170.0,6.92,33
31256,2006,9,1,115.69,260.0,11.93,33
31290,1976,12,1,158.83,295.0,25.37,33
31291,1976,12,1,159.08,135.0,6.21,33
31292,1976,12,1,158.81,35.0,45.34,33
31293,1976,12,1,158.28,300.0,36.86,33
31294,1976,12,1,158.06,135.0,6.33,33
31295,1976,12,1,158.28,125.0,117.37,33
31296,1976,12,1,156.92,300.0,36.7,33
31297,1976,12,1,156.54,315.0,5.85,33
31298,1974,12,1,156.31,45.0,59.37,33
31299,1976,12,1,158.06,210.0,9.33,33
31300,1976,12,1,158.68,315.0,7.02,33
31301,1976,12,1,159.13,55.0,128.72,33
31302,1880,3,1,775.71,165.0,57.32,33
31306,1955,3,1,92.87,345.0,11.84,33
31311,1980,12,1,495.17,310.0,51.04,33
31312,1980,6,1,423.18,345.0,11.89,33
31313,1977,6,1,103.05,345.0,11.96,33
31315,1969,3,1,153.04,345.0,12.0,33
31316,1969,3,1,99.4,80.0,8.06,33
31318,1972,3,1,109.92,80.0,8.06,33
31320,1975,3,1,109.43,80.0,8.07,33
31321,1960,3,1,112.75,80.0,8.07,33
31322,1969,3,1,114.08,80.0,8.08,33
31323,1976,6,1,106.43,80.0,8.08,33
31325,1974,12,1,95.08,75.0,8.07,33
31327,1985,3,1,149.15,80.0,8.06,33
31329,1984,3,1,164.23,80.0,8.07,33
31330,1960,6,1,156.44,165.0,11.86,33
31331,2009,9,1,160.44,165.0,11.9,33
31332,1967,6,1,186.17,165.0,11.92,33
31333,2007,9,1,382.52,165.0,11.96,33
31335,1981,6,1,618.23,215.0,48.41,33
31337,2023,12,1,1097.34,260.0,30.21,33
31339,1964,3,1,350.87,305.0,44.86,33
31340,1980,3,1,96.95,345.0,11.92,33
31341,1994,3,1,68.06,345.0,11.91,33
31343,1968,3,1,90.25,345.0,11.91,33
31344,1970,3,1,82.69,345.0,11.9,33
31345,1964,3,1,80.8,345.0,11.91,33
31346,1965,3,1,87.16,345.0,11.91,33
31347,1972,6,1,97.79,345.0,11.91,33
31349,1974,3,1,90.57,345.0,11.9,33
31351,1969,3,1,84.95,345.0,11.9,33
31353,1967,3,1,75.43,345.0,11.9,33
31355,1950,9,1,118.16,345.0,11.89,33
31358,1978,12,1,113.52,345.0,11.88,33
31360,1974,6,1,278.35,75.0,11.98,33
31362,1976,3,1,75.61,30.0,27.04,33
31364,1972,3,1,111.39,75.0,11.97,33
31365,1994,3,1,113.56,75.0,11.97,33
31366,1956,3,1,181.02,75.0,11.95,33
31367,1968,3,1,76.76,165.0,7.76,33
31368,1968,3,1,77.33,165.0,7.78,33
31369,1971,9,1,97.09,165.0,7.79,33
31371,1970,3,1,98.48,165.0,7.79,33
31373,1969,3,1,85.05,165.0,7.8,33
31375,1969,3,1,100.13,165.0,7.81,33
31377,1974,6,1,94.54,165.0,7.82,33
31378,1972,3,1,196.99,165.0,7.84,33
31380,1968,3,1,96.73,165.0,7.86,33
31383,1963,3,1,105.64,345.0,7.87,33
31384,1969,6,1,100.1,345.0,7.85,33
31386,1968,3,1,55.35,345.0,7.83,33
31387,1963,3,1,51.78,345.0,7.82,33
31388,1994,3,1,93.96,345.0,7.8,33
31389,1977,6,1,102.81,345.0,7.79,33
31390,1968,3,1,97.52,345.0,7.78,33
31391,1957,3,1,105.46,345.0,7.76,33
31392,1957,3,1,97.81,80.0,11.98,33
31394,1973,3,1,96.54,80.0,12.0,33
31395,1971,3,1,122.07,80.0,12.0,33
31397,1963,3,1,128.07,80.0,12.01,33
31398,1959,3,1,115.16,80.0,12.02,33
31399,1957,6,1,96.0,80.0,12.03,33
31401,1980,3,1,47.29,120.0,26.5,33
31403,1991,3,1,90.34,165.0,11.97,33
31405,1959,12,1,283.27,165.0,11.87,33
31407,1990,6,1,174.53,165.0,38.12,33
31409,1966,12,1,96.94,165.0,104.54,33
31410,1968,9,1,211.42,165.0,11.98,33
31412,1968,9,1,762.36,165.0,11.93,33
31413,1968,12,1,182.49,165.0,11.88,33
31416,1963,6,1,,215.0,45.12,33
31417,1977,6,1,198.12,260.0,29.86,33
31419,1980,3,1,177.72,265.0,29.94,33
31421,1968,15,1,164.01,260.0,29.94,33
31422,1978,3,1,148.5,260.0,29.95,33
31423,1977,6,1,153.18,260.0,29.96,33
31424,1991,3,1,161.48,165.0,11.92,33
31425,1968,9,1,161.68,260.0,29.92,33
31429,1960,6,1,287.39,345.0,15.76,33
31430,1960,6,1,609.95,340.0,15.72,33
31433,2006,9,1,452.83,345.0,15.67,33
31434,2001,6,1,106.78,75.0,11.93,33
31435,1974,6,1,202.99,75.0,11.95,33
31436,1974,9,1,236.17,75.0,11.95,33
31437,1973,9,1,169.38,75.0,11.95,33
31438,1973,12,1,117.42,75.0,11.96,33
31439,1965,6,1,138.37,120.0,26.81,33
31440,1960,3,1,84.25,165.0,11.86,33
31443,1970,6,1,100.32,165.0,11.87,33
31445,1964,3,1,94.25,165.0,11.88,33
31446,1970,12,1,682.89,165.0,11.89,33
31452,2008,9,1,591.35,75.0,11.93,33
31453,1957,3,1,124.23,345.0,9.99,33
31454,1972,6,1,620.46,345.0,9.99,33
31456,1944,6,1,159.06,345.0,9.95,33
31457,2007,9,1,147.67,30.0,27.1,33
31458,1958,3,1,147.64,75.0,11.81,33
31459,1972,3,1,122.26,75.0,11.29,33
31460,1976,6,1,192.59,75.0,11.45,33
31461,1977,6,1,167.24,75.0,11.77,33
31464,1970,12,1,412.03,75.0,11.75,33
31465,1979,6,1,794.16,120.0,28.3,33
31466,1960,3,1,154.39,165.0,15.76,33
31470,1990,6,1,306.34,210.0,10.25,33
31473,1982,9,1,248.78,260.0,5.56,33
31475,1965,6,1,155.85,260.0,5.55,33
31477,1989,6,1,238.24,260.0,5.55,33
31478,1936,3,1,106.56,260.0,5.54,33
31480,1955,3,1,195.47,260.0,5.54,33
31482,1957,3,1,226.52,260.0,5.53,33
31485,2005,12,1,822.59,300.0,11.89,33
31487,1978,6,1,187.49,300.0,24.54,33
31488,1976,9,1,179.3,340.0,11.2,33
31489,1977,6,1,171.28,345.0,11.25,33
31490,1975,6,1,197.35,345.0,11.31,33
31492,1971,12,1,172.65,75.0,11.85,33
31493,1971,9,1,189.46,75.0,11.86,33
31494,1974,6,1,311.84,75.0,11.88,33
31495,1970,9,1,223.52,165.0,15.76,33
31497,1975,3,1,88.39,165.0,15.76,33
31498,1969,9,1,102.61,165.0,15.72,33
31500,1977,6,1,170.27,165.0,15.7,33
31501,1970,9,1,215.47,155.0,15.83,33
31503,1977,6,1,178.33,255.0,11.75,33
31504,1970,6,1,176.89,255.0,11.76,33
31505,1977,6,1,177.59,255.0,11.59,33
31506,1977,6,1,171.03,255.0,11.8,33
31511,1981,3,1,158.53,160.0,11.2,33
31514,1974,9,1,301.52,310.0,37.9,33
31516,2002,6,1,933.44,0.0,15.98,33
31517,1978,6,1,624.43,0.0,17.12,33
31518,1973,9,1,522.85,75.0,11.31,33
31519,1967,12,1,468.92,75.0,11.25,33
31520,1975,6,1,143.11,75.0,11.21,33
31521,1984,6,1,300.61,75.0,11.19,33
31522,1973,9,1,328.86,80.0,11.18,33
31524,1973,9,1,271.23,70.0,11.2,33
31526,1983,6,1,165.73,75.0,11.12,33
31527,1969,9,1,156.7,120.0,24.58,33
31528,1984,3,1,115.43,165.0,9.95,33
31530,1983,3,1,202.67,165.0,9.96,33
31532,1975,6,1,198.57,165.0,9.98,33
31533,1967,6,1,122.04,165.0,9.99,33
31534,1972,9,1,461.98,215.0,18.5,33
31536,1987,6,1,342.27,280.0,5.76,33
31538,1990,3,1,596.15,260.0,5.49,33
31541,1986,6,1,718.09,260.0,5.49,33
31542,1972,12,1,1127.4,260.0,5.51,33
31543,1977,12,1,308.7,260.0,5.52,33
31544,1977,12,1,257.24,260.0,5.52,33
31545,1977,12,1,255.53,260.0,5.53,33
31546,1977,12,1,254.7,260.0,5.58,33
31547,1974,12,1,150.42,260.0,14.2,33
31550,2005,12,1,271.26,260.0,5.48,33
31551,1971,9,1,746.73,10.0,48.47,33
31552,2008,9,1,650.38,45.0,62.96,33
31553,1971,9,1,288.05,75.0,37.61,33
31554,1971,9,1,281.43,75.0,31.1,33
31555,1971,9,1,239.5,75.0,27.84,33
31556,1971,9,1,301.11,75.0,15.72,33
31557,1971,9,1,271.17,75.0,17.78,33
31558,1971,9,1,284.38,75.0,28.75,33
31559,1969,9,1,211.93,180.0,15.64,33
31560,1971,9,1,202.34,180.0,15.88,33
31561,1970,12,1,274.87,180.0,17.35,33
31563,1975,12,1,277.28,260.0,12.01,33
31564,1971,9,1,277.02,255.0,12.09,33
31565,1971,9,1,857.6,255.0,12.38,33
31585,1953,6,1,118.12,125.0,92.32,33
31587,1953,3,1,116.02,125.0,29.22,33
31588,1953,6,1,248.49,125.0,27.06,33
31589,1953,6,1,231.42,125.0,27.08,33
31590,1953,3,1,121.65,125.0,27.12,33
31591,1953,3,1,101.6,125.0,27.76,33
31592,1953,3,1,119.63,305.0,19.51,33
31593,1953,6,1,337.89,215.0,16.33,33
31594,1953,6,1,216.66,215.0,16.3,33
31595,1953,3,1,153.4,125.0,20.65,33
31596,1953,3,1,135.55,35.0,23.91,33
31597,1953,6,1,265.14,35.0,19.01,33
31598,1953,6,1,291.79,35.0,19.01,33
31599,1953,3,1,102.37,35.0,19.01,33
31600,1953,3,1,137.05,305.0,19.51,33
31601,1953,6,1,240.73,215.0,14.95,33
31602,1953,6,1,199.29,215.0,14.67,33
31603,1953,3,1,98.38,35.0,8.0,33
31604,1953,3,1,110.1,215.0,19.01,33
31606,1953,3,1,92.1,35.0,22.36,33
31607,1953,6,1,286.46,35.0,9.93,33
31608,1953,6,1,233.36,35.0,32.86,33
31610,1953,6,1,206.45,215.0,20.61,33
31611,1953,6,1,247.39,215.0,19.01,33
31612,1953,3,1,111.72,305.0,49.72,33
31613,1953,3,1,81.02,305.0,45.74,33
31614,1953,6,1,205.73,125.0,31.57,33
31615,1953,6,1,221.33,125.0,24.01,33
31616,1953,3,1,99.05,305.0,15.7,33
31617,1953,3,1,138.32,305.0,15.71,33
31619,1977,6,1,80.17,30.0,15.86,33
31621,1970,3,1,79.65,30.0,15.84,33
31623,1963,3,1,59.62,30.0,15.8,33
31624,1970,3,1,52.93,125.0,6.49,33
31625,1983,9,1,238.33,125.0,6.44,33
31626,1978,3,1,124.3,125.0,6.41,33
31627,1971,6,1,120.88,125.0,6.38,33
31628,2006,6,1,97.55,125.0,6.35,33
31629,1965,12,1,599.27,305.0,20.74,33
31631,1965,18,1,523.49,215.0,18.3,33
31632,1965,12,1,106.93,305.0,39.91,33
31633,1971,12,1,98.74,305.0,32.1,33
31636,2009,12,1,263.47,305.0,17.63,33
31637,1965,12,1,453.97,30.0,17.25,33
31638,1963,3,1,120.91,125.0,6.62,33
31639,1964,9,1,407.27,215.0,9.98,33
31641,1965,3,1,84.73,215.0,9.95,33
31643,1965,3,1,88.06,215.0,9.93,33
31644,1977,3,1,134.82,215.0,9.92,33
31646,1969,9,1,87.33,305.0,6.3,33
31647,1965,9,1,880.23,125.0,6.71,33
31648,1964,3,1,113.72,305.0,6.44,33
31649,1980,3,1,168.74,305.0,6.47,33
31651,1964,9,1,175.2,125.0,6.66,33
31653,1955,6,1,131.45,35.0,18.2,33
31654,1930,6,1,134.51,35.0,15.62,33
31656,2004,3,1,131.49,35.0,15.64,33
31658,1950,3,1,86.26,35.0,15.67,33
31660,1930,3,1,120.94,35.0,15.69,33
31661,1979,15,1,347.66,75.0,32.73,33
31662,1991,12,1,94.49,125.0,15.87,33
31663,1930,9,1,100.94,250.0,7.08,33
31664,1965,3,1,119.03,250.0,7.04,33
31665,2007,12,1,261.36,175.0,44.48,33
31666,1979,15,1,186.61,260.0,11.87,33
31668,1957,6,1,129.25,350.0,7.04,33
31670,1957,3,1,70.69,350.0,7.06,33
31671,1985,12,1,483.26,125.0,15.82,33
31672,1968,12,1,340.38,125.0,15.82,33
31673,1970,18,1,237.29,125.0,15.82,33
31675,1930,3,1,116.76,130.0,15.92,33
31676,1971,21,1,362.85,170.0,32.35,33
31677,1957,3,1,191.65,215.0,15.7,33
31680,1972,9,1,199.5,215.0,15.65,33
31681,1978,15,1,192.54,215.0,15.62,33
31682,1964,9,1,239.03,215.0,15.61,33
31683,1930,15,1,168.35,260.0,11.88,33
31684,2005,9,1,105.03,310.0,27.08,33
31685,1994,9,1,245.75,350.0,9.82,33
31686,2006,9,1,344.42,350.0,9.84,33
31687,1960,6,1,142.78,350.0,9.86,33
31688,2009,12,1,73.36,350.0,9.87,33
31690,1979,3,1,69.41,350.0,9.88,33
31691,1953,6,1,139.42,350.0,9.89,33
31694,1992,12,1,799.99,350.0,31.16,33
31695,1950,12,1,72.74,260.0,26.78,33
31696,1967,9,1,76.35,260.0,11.89,33
31697,1993,6,1,131.42,170.0,6.96,33
31699,1997,3,1,70.39,170.0,7.08,33
31700,2014,9,1,70.38,170.0,7.09,33
31703,1994,3,1,139.51,170.0,7.04,33
31704,1970,6,1,111.36,180.0,80.35,33
31705,1967,3,1,85.17,350.0,6.91,33
31706,2007,9,1,210.14,170.0,9.83,33
31708,1966,9,1,114.91,350.0,6.91,33
31709,2001,9,1,120.41,350.0,6.91,33
31712,1975,3,1,150.11,350.0,6.91,33
31713,2003,9,1,159.2,80.0,11.97,33
31714,1986,6,1,137.13,125.0,60.61,33
31715,1950,3,1,102.93,160.0,10.06,33
31716,1960,12,1,136.04,170.0,9.84,33
31717,1990,6,1,103.7,175.0,9.83,33
31719,2010,12,1,636.62,170.0,9.89,33
31721,1969,12,1,301.07,80.0,128.5,33
31722,1970,12,1,320.27,260.0,7.97,33
31723,1970,12,1,335.06,55.0,131.24,33
31724,1969,12,1,254.5,55.0,121.28,33
31726,2007,15,1,492.51,170.0,9.72,33
31728,1992,9,1,364.68,210.0,22.73,33
31729,1990,3,1,59.0,260.0,8.07,33
31730,1990,3,1,58.01,260.0,7.92,33
31731,1990,3,1,59.05,260.0,49.68,33
31733,1978,9,1,126.47,350.0,25.25,33
31735,1969,3,1,75.21,350.0,25.29,33
31738,1952,9,1,78.17,350.0,25.31,33
31739,1959,3,1,77.66,350.0,25.34,33
31741,1955,6,1,77.43,80.0,7.96,33
31743,1956,3,1,74.13,80.0,7.96,33
31744,1959,6,1,78.08,80.0,7.96,33
31747,1956,3,1,73.91,80.0,7.97,33
31748,1960,3,1,67.58,80.0,11.96,33
31749,1953,3,1,87.58,80.0,15.91,33
31750,1969,3,1,88.88,80.0,17.64,33
31751,1972,3,1,80.32,80.0,23.91,33
31752,1959,3,1,67.87,170.0,6.88,33
31754,1958,3,1,67.45,170.0,6.89,33
31755,1959,3,1,76.08,170.0,6.9,33
31757,1961,6,1,71.3,170.0,6.9,33
31758,1969,9,1,71.93,170.0,6.91,33
31760,1959,6,1,83.1,260.0,7.92,33
31762,1969,3,1,88.86,260.0,7.94,33
31764,1968,3,1,79.54,260.0,7.95,33
31765,1968,3,1,87.61,260.0,7.95,33
31766,1968,3,1,85.21,260.0,7.96,33
31767,1969,3,1,85.03,260.0,7.97,33
31768,1969,3,1,87.23,260.0,7.98,33
31770,2019,9,1,88.04,260.0,8.0,33
31772,2000,3,1,97.55,255.0,6.95,33
31775,1998,3,1,137.35,255.0,6.3,33
31778,1994,3,1,110.18,40.0,15.96,33
31779,1965,3,1,73.2,295.0,25.51,33
31780,1965,3,1,63.27,295.0,7.72,33
31781,1965,3,1,41.1,295.0,7.85,33
31782,1965,3,1,42.78,295.0,7.93,33
31783,1965,3,1,45.86,295.0,7.93,33
31784,1965,3,1,66.01,290.0,7.93,33
31786,1965,3,1,52.42,295.0,7.93,33
31787,1965,3,1,47.61,295.0,7.94,33
31788,1965,3,1,52.33,295.0,7.94,33
31789,1965,3,1,51.81,290.0,7.94,33
31790,1965,3,1,40.59,295.0,7.94,33
31791,1965,3,1,55.41,295.0,7.94,33
31792,1965,3,1,48.42,290.0,7.96,33
31793,1965,3,1,51.02,290.0,7.99,33
31794,1965,3,1,55.57,295.0,8.01,33
31795,1965,3,1,67.0,215.0,10.08,33
31796,1965,3,1,62.55,295.0,10.07,33
31797,1965,3,1,60.82,115.0,8.12,33
31798,1965,3,1,51.44,115.0,8.11,33
31799,1965,3,1,53.47,115.0,8.1,33
31800,1965,3,1,43.36,115.0,8.09,33
31801,1965,3,1,56.26,115.0,8.09,33
31802,1965,3,1,42.59,115.0,8.1,33
31803,1965,3,1,42.71,115.0,8.12,33
31804,1965,3,1,50.16,115.0,8.14,33
31805,1965,3,1,54.62,115.0,8.16,33
31806,1965,3,1,53.91,115.0,8.18,33
31807,1965,3,1,52.74,115.0,8.21,33
31808,1965,3,1,54.19,115.0,8.23,33
31809,1965,3,1,43.65,115.0,8.26,33
31810,1965,3,1,49.9,115.0,8.28,33
31811,1965,3,1,63.75,115.0,23.69,33
31812,2004,3,1,196.43,0.0,21.0,33
31814,2020,6,1,206.57,355.0,21.36,33
31818,1999,6,1,193.74,355.0,8.79,33
31820,1998,3,1,123.41,5.0,8.92,33
31823,2003,3,1,130.56,10.0,35.55,33
31824,2018,6,1,111.35,0.0,11.96,33
31828,2006,6,1,161.29,10.0,28.4,33
31831,1988,3,1,170.21,295.0,9.67,33
31836,1995,3,1,105.83,110.0,8.03,33
31839,1995,3,1,87.36,295.0,10.13,33
31840,1991,3,1,192.53,115.0,7.94,33
31841,2006,3,1,172.44,295.0,9.89,33
31842,2001,6,1,173.47,240.0,63.33,33
31843,2002,6,1,154.89,120.0,21.57,33
31844,1983,3,1,240.73,0.0,0.0,33
31848,1974,12,1,158.66,300.0,30.47,33
31849,1974,12,1,159.92,45.0,35.15,33
31856,1974,12,1,158.33,45.0,0.0,33
31857,1974,12,1,157.27,300.0,36.79,33
31858,1974,12,1,157.94,315.0,6.63,33
31859,1974,12,1,158.86,330.0,100.08,33
31860,1974,12,1,157.5,300.0,36.41,33
31861,1974,12,1,157.87,135.0,6.22,33
31862,1974,12,1,158.28,330.0,87.11,33
31863,1974,12,1,157.29,300.0,21.54,33
31864,1974,12,1,158.39,135.0,6.28,33
31865,1974,12,1,159.2,30.0,112.49,33
31866,1974,12,1,158.41,300.0,36.94,33
31867,1974,12,1,158.12,135.0,6.19,33
31868,1974,12,1,158.77,35.0,122.69,33
31869,1974,12,1,154.52,210.0,9.35,33
31870,1974,12,1,157.16,135.0,5.49,33
31871,1974,12,1,158.48,35.0,79.66,33
31872,1975,24,1,376.87,225.0,47.1,33
31873,1975,24,1,377.49,45.0,77.39,33
31874,1975,24,1,378.28,45.0,100.7,33
31882,1950,3,1,103.8,345.0,12.19,33
31883,1972,3,1,102.93,345.0,12.22,33
31884,1983,3,1,83.55,345.0,12.24,33
31885,1982,3,1,208.08,345.0,12.27,33
31887,1954,3,1,115.53,345.0,12.33,33
31888,1950,3,1,96.01,345.0,12.36,33
31889,1994,6,1,149.17,345.0,12.37,33
31890,1955,3,1,80.3,75.0,12.16,33
31892,1960,3,1,112.32,80.0,12.16,33
31894,1950,3,1,128.14,80.0,12.14,33
31895,1960,3,1,126.93,75.0,12.16,33
31897,1960,3,1,145.78,90.0,12.47,33
31898,1971,6,1,102.7,125.0,26.75,33
31899,1960,3,1,85.38,170.0,11.89,33
31901,1960,3,1,84.25,165.0,11.89,33
31903,2001,6,1,946.0,165.0,11.9,33
31904,1975,6,1,394.47,305.0,44.87,33
31905,1966,6,1,93.74,345.0,11.73,33
31906,1958,3,1,86.33,345.0,11.78,33
31907,1950,3,1,88.76,345.0,11.84,33
31908,1954,3,1,131.99,345.0,11.91,33
31909,1950,3,1,119.97,345.0,12.0,33
31910,2006,3,1,101.74,345.0,12.08,33
31911,1958,6,1,99.83,345.0,12.12,33
31912,1996,6,1,1214.11,260.0,29.66,33
31914,1960,3,1,91.97,170.0,12.65,33
31915,1961,3,1,92.67,170.0,12.7,33
31916,1971,12,1,611.54,260.0,30.03,33
31917,1970,3,1,89.89,345.0,11.62,33
31919,1970,6,1,90.86,350.0,11.72,33
31920,2008,12,1,408.04,170.0,12.44,33
31923,1964,3,1,98.09,345.0,11.84,33
31924,1966,3,1,101.82,345.0,11.8,33
31926,1963,3,1,77.73,345.0,11.75,33
31927,1966,6,1,84.71,345.0,11.69,33
31928,1968,3,1,94.61,345.0,11.65,33
31929,1967,6,1,165.28,345.0,11.58,33
31932,1968,9,1,85.17,345.0,11.53,33
31935,1967,6,1,130.45,75.0,12.09,33
31936,1971,3,1,177.86,80.0,12.1,33
31937,1977,6,1,131.6,75.0,12.15,33
31938,1973,9,1,132.37,75.0,12.16,33
31939,1975,6,1,112.51,80.0,12.17,33
31940,1970,3,1,112.03,80.0,12.17,33
31942,1950,6,1,136.93,80.0,12.2,33
31943,1969,3,1,170.15,80.0,12.24,33
31945,1973,3,1,100.7,80.0,12.27,33
31946,1960,6,1,112.04,80.0,12.3,33
31948,1959,3,1,107.69,80.0,12.32,33
31949,1969,9,1,373.17,120.0,26.72,33
31951,1960,9,1,95.9,165.0,12.34,33
31952,1960,3,1,99.97,165.0,12.31,33
31953,1967,3,1,159.88,165.0,12.27,33
31954,1978,3,1,85.4,165.0,12.24,33
31955,1979,3,1,80.94,165.0,12.22,33
31957,1966,3,1,48.33,255.0,8.05,33
31958,1972,3,1,113.03,255.0,8.04,33
31959,1964,3,1,115.67,260.0,8.03,33
31960,1981,3,1,139.23,260.0,8.03,33
31961,1980,9,1,127.28,260.0,8.03,33
31962,1955,6,1,99.14,260.0,8.01,33
31963,1965,3,1,114.92,260.0,8.01,33
31964,1950,3,1,104.07,260.0,8.0,33
31965,1961,3,1,77.57,255.0,8.0,33
31966,1953,3,1,99.78,255.0,7.98,33
31967,1964,3,1,89.25,255.0,7.98,33
31968,1960,6,1,100.05,255.0,7.96,33
31969,1960,9,1,151.29,260.0,7.94,33
31970,1966,3,1,48.77,165.0,12.19,33
31972,1950,3,1,40.14,80.0,0.0,33
31973,1965,6,1,113.52,345.0,11.8,33
31976,1961,9,1,96.48,350.0,11.84,33
31978,1960,9,1,112.2,350.0,11.87,33
31980,1958,3,1,201.21,345.0,11.92,33
31981,1996,3,1,75.96,345.0,11.96,33
31982,1950,3,1,104.21,350.0,12.0,33
31983,1955,3,1,102.51,345.0,12.03,33
31984,2010,15,1,79.21,345.0,12.04,33
31985,1960,3,1,72.28,75.0,11.68,33
31986,1957,3,1,107.35,75.0,11.69,33
31987,2003,3,1,127.01,80.0,11.7,33
31988,1971,6,1,107.19,75.0,11.72,33
31990,1985,3,1,105.14,80.0,11.73,33
31991,1958,3,1,111.88,75.0,11.76,33
31992,1997,3,1,79.35,80.0,11.81,33
31993,1953,3,1,101.5,75.0,11.82,33
31994,1963,3,1,105.44,80.0,11.83,33
31995,1965,3,1,106.12,75.0,11.84,33
31996,1953,9,1,129.47,80.0,12.17,33
31997,1961,3,1,108.28,165.0,11.52,33
31998,1960,3,1,95.37,165.0,11.56,33
31999,1978,9,1,98.58,165.0,11.61,33
32000,1949,3,1,104.76,165.0,11.66,33
32001,1958,3,1,105.93,165.0,11.71,33
32002,1960,3,1,65.52,165.0,11.78,33
32003,2000,3,1,83.67,165.0,11.84,33
32004,2021,3,1,17.33,260.0,8.1,33
32005,1958,3,1,71.97,260.0,8.09,33
32006,1949,3,1,95.57,260.0,8.07,33
32007,1958,3,1,110.41,260.0,8.05,33
32008,1960,3,1,111.17,260.0,8.06,33
32009,1958,3,1,89.65,260.0,8.06,33
32010,1993,3,1,58.96,260.0,8.06,33
32011,1948,3,1,229.07,260.0,8.06,33
32012,1950,3,1,84.79,260.0,8.08,33
32013,1963,6,1,179.48,260.0,8.08,33
32014,1950,3,1,94.74,260.0,8.07,33
32015,1967,3,1,103.09,260.0,8.07,33
32017,1960,6,1,96.16,255.0,8.06,33
32019,2002,6,1,278.12,75.0,11.78,33
32020,1980,9,1,117.87,300.0,26.75,33
32021,1970,12,1,180.54,345.0,12.06,33
32022,1986,3,1,122.26,80.0,8.0,33
32025,1975,3,1,78.59,75.0,8.06,33
32027,1970,3,1,44.94,80.0,8.07,33
32030,1994,9,1,156.14,80.0,8.09,33
32033,1965,3,1,72.63,165.0,12.15,33
32034,1999,6,1,171.53,215.0,28.08,33
32035,1970,6,1,149.1,255.0,12.03,33
32036,1960,6,1,131.16,255.0,12.01,33
32037,1976,3,1,156.6,260.0,12.0,33
32038,1952,3,1,92.81,255.0,11.97,33
32039,1955,3,1,63.33,255.0,11.96,33
32041,1969,3,1,65.9,255.0,11.97,33
32042,1960,3,1,133.07,255.0,11.96,33
32043,2005,9,1,117.77,255.0,33.23,33
32044,1953,3,1,62.38,255.0,11.96,33
32045,1975,3,1,115.25,260.0,11.98,33
32046,1950,3,1,95.6,255.0,11.97,33
32048,1998,3,1,85.28,255.0,11.97,33
32050,1965,6,1,192.44,345.0,12.14,33
32051,1959,3,1,87.44,345.0,11.97,33
32052,1960,3,1,117.04,345.0,11.98,33
32053,1970,9,1,116.49,75.0,13.89,33
32054,1971,6,1,213.22,75.0,22.28,33
32055,1972,9,1,138.36,75.0,65.14,33
32057,1973,9,1,110.26,75.0,14.74,33
32058,1959,3,1,106.91,75.0,12.16,33
32059,1956,3,1,66.65,75.0,12.15,33
32060,1971,9,1,103.07,75.0,12.14,33
32062,2001,3,1,105.24,75.0,12.14,33
32063,2007,12,1,75.51,165.0,11.67,33
32064,1960,3,1,61.83,260.0,8.11,33
32065,1992,9,1,117.23,255.0,8.1,33
32068,1971,9,1,94.71,260.0,8.09,33
32069,1960,3,1,120.92,255.0,8.08,33
32070,2011,9,1,119.88,255.0,8.06,33
32072,2000,3,1,86.13,255.0,8.04,33
32073,2003,3,1,95.27,260.0,8.03,33
32074,1970,6,1,119.17,255.0,8.02,33
32075,1953,3,1,105.42,255.0,8.0,33
32076,1958,3,1,51.03,255.0,7.98,33
32077,2009,9,1,348.52,110.0,32.22,33
32080,1978,3,1,240.79,300.0,28.23,33
32081,1973,6,1,196.53,345.0,15.68,33
32082,1973,6,1,176.54,345.0,15.69,33
32083,1973,9,1,180.52,345.0,15.72,33
32084,1970,12,1,209.85,30.0,31.0,33
32085,1973,9,1,137.0,75.0,11.43,33
32087,1968,9,1,148.94,75.0,11.47,33
32088,1970,9,1,225.99,75.0,11.51,33
32089,1975,3,1,172.66,75.0,11.57,33
32090,1978,3,1,633.16,75.0,40.83,33
32091,1952,3,1,100.17,75.0,13.72,33
32092,1955,3,1,158.22,75.0,13.73,33
32094,1995,3,1,194.78,120.0,19.9,33
32096,1978,3,1,35.7,165.0,12.26,33
32097,1978,3,1,55.03,165.0,12.0,33
32098,1979,3,1,76.0,165.0,11.99,33
32099,1982,9,1,99.54,165.0,11.97,33
32101,1977,3,1,100.89,165.0,11.97,33
32102,1950,3,1,86.74,165.0,13.27,33
32103,1975,6,1,147.8,165.0,92.53,33
32105,1958,3,1,84.61,165.0,21.04,33
32107,1992,12,1,126.12,165.0,12.12,33
32109,1958,3,1,109.31,165.0,12.07,33
32110,1976,9,1,181.83,255.0,11.95,33
32111,1970,9,1,184.47,255.0,11.95,33
32112,1977,6,1,331.43,255.0,44.71,33
32113,1970,9,1,378.68,255.0,11.93,33
32115,1974,3,1,134.64,255.0,11.93,33
32117,1970,9,1,241.93,255.0,11.94,33
32118,1968,6,1,163.13,255.0,11.93,33
32120,1978,3,1,121.68,255.0,11.92,33
32121,1957,6,1,485.92,210.0,27.12,33
32122,1977,6,1,233.67,300.0,24.37,33
32123,1978,9,1,182.44,345.0,11.87,33
32124,1973,6,1,194.06,345.0,11.83,33
32125,1983,3,1,203.26,345.0,11.85,33
32128,1976,3,1,161.78,30.0,33.35,33
32129,1973,6,1,146.12,75.0,11.86,33
32130,1973,6,1,149.85,75.0,11.83,33
32131,1973,6,1,151.95,75.0,11.79,33
32132,1973,6,1,164.25,75.0,19.17,33
32133,1973,9,1,240.26,75.0,36.47,33
32134,1973,9,1,158.45,165.0,15.69,33
32136,1973,9,1,159.22,165.0,15.71,33
32138,1973,9,1,161.78,165.0,15.73,33
32139,1972,9,1,205.07,210.0,31.95,33
32140,1973,6,1,143.97,255.0,11.89,33
32141,1973,6,1,154.51,255.0,11.87,33
32142,1979,3,1,95.77,255.0,11.87,33
32144,1979,3,1,82.92,255.0,11.86,33
32146,2002,3,1,174.55,255.0,11.85,33
32153,1974,21,1,3104.72,115.0,41.98,33
32154,1968,21,1,278.79,255.0,13.02,33
32155,1968,18,1,274.86,75.0,134.48,33
32157,1968,15,1,265.62,75.0,12.82,33
32158,1968,15,1,275.06,75.0,11.85,33
32159,1968,18,1,565.06,75.0,8.73,33
32160,1968,12,1,571.5,165.0,24.87,33
32161,1968,12,1,473.76,255.0,15.06,33
32162,1968,15,1,283.15,255.0,12.85,33
32174,1965,6,1,120.83,35.0,11.89,33
32178,1961,3,1,162.19,125.0,11.88,33
32182,1960,3,1,144.07,305.0,27.06,33
32183,1954,3,1,146.2,305.0,27.06,33
32184,1963,3,1,138.28,350.0,47.63,33
32185,1953,3,1,107.1,125.0,29.28,33
32186,1953,3,1,105.15,125.0,94.43,33
32187,1953,6,1,179.25,125.0,28.38,33
32188,1953,6,1,292.59,125.0,27.11,33
32189,1953,3,1,97.24,125.0,27.1,33
32190,1953,3,1,90.33,125.0,27.09,33
32191,1953,6,1,265.89,35.0,18.14,33
32192,1953,6,1,214.68,35.0,10.08,33
32193,1953,3,1,144.17,35.0,35.05,33
32194,1953,6,1,241.11,215.0,20.77,33
32195,1953,3,1,100.85,215.0,19.01,33
32196,1953,6,1,212.42,215.0,19.41,33
32200,1964,3,1,112.58,30.0,46.34,33
32201,1963,9,1,118.22,30.0,15.76,33
32202,2002,3,1,121.07,30.0,15.83,33
32203,1963,3,1,100.75,125.0,6.97,33
32204,1959,3,1,118.39,125.0,6.97,33
32206,1958,3,1,104.65,125.0,6.97,33
32207,1970,3,1,111.06,125.0,6.98,33
32208,1961,6,1,105.27,125.0,6.99,33
32211,1965,3,1,97.07,125.0,7.0,33
32212,1960,3,1,101.34,125.0,7.0,33
32213,1960,3,1,107.44,125.0,6.99,33
32214,1950,3,1,98.51,125.0,7.0,33
32215,1971,6,1,119.49,125.0,7.0,33
32217,1960,9,1,121.95,125.0,13.32,33
32218,1960,3,1,121.09,215.0,10.06,33
32219,2006,3,1,112.84,305.0,6.92,33
32220,1971,9,1,86.6,305.0,6.92,33
32221,1968,9,1,122.47,310.0,6.97,33
32222,1960,3,1,90.69,305.0,6.93,33
32223,1983,3,1,116.96,305.0,6.94,33
32225,1983,3,1,121.09,305.0,6.94,33
32227,1983,3,1,120.2,305.0,6.94,33
32230,1964,3,1,93.2,305.0,6.96,33
32232,1970,9,1,341.16,30.0,19.94,33
32233,1969,9,1,271.75,75.0,45.75,33
32238,1999,6,1,79.2,125.0,26.8,33
32240,1989,15,1,126.07,125.0,26.83,33
32241,1971,6,1,149.99,125.0,26.88,33
32243,1969,12,1,179.07,125.0,26.91,33
32244,1979,6,1,540.15,125.0,26.95,33
32245,1971,3,1,112.66,305.0,7.0,33
32247,1970,6,1,106.29,305.0,6.99,33
32251,2006,6,1,119.06,305.0,6.98,33
32252,1975,3,1,111.66,305.0,6.98,33
32253,1969,6,1,121.1,305.0,6.97,33
32254,1965,9,1,139.3,30.0,25.4,33
32255,1965,9,1,125.53,30.0,15.68,33
32256,1965,9,1,135.21,30.0,15.67,33
32257,1982,3,1,116.64,125.0,6.96,33
32259,1974,9,1,119.86,125.0,6.94,33
32261,1968,3,1,97.21,125.0,6.94,33
32262,1955,3,1,74.48,125.0,6.94,33
32263,1968,3,1,87.25,125.0,6.94,33
32264,1960,3,1,83.62,120.0,6.95,33
32265,1965,3,1,72.35,125.0,6.94,33
32266,1969,3,1,79.35,125.0,6.93,33
32267,1963,3,1,70.78,125.0,6.93,33
32268,1968,9,1,90.4,125.0,6.92,33
32269,1967,12,1,204.34,215.0,10.07,33
32270,1970,9,1,286.05,215.0,18.66,33
32271,2008,6,1,63.89,305.0,6.78,33
32272,1968,3,1,80.8,305.0,6.77,33
32273,1962,3,1,75.4,305.0,6.76,33
32274,1963,3,1,81.47,305.0,6.73,33
32275,1975,9,1,56.95,305.0,6.72,33
32277,1967,3,1,86.6,305.0,6.71,33
32280,1960,3,1,74.65,305.0,6.7,33
32282,1965,3,1,99.27,305.0,6.68,33
32283,1975,3,1,86.49,305.0,6.67,33
32284,1973,3,1,116.93,305.0,6.65,33
32286,1970,3,1,121.61,125.0,6.96,33
32288,1971,6,1,154.7,30.0,8.51,33
32289,1971,6,1,148.82,30.0,8.47,33
32290,1968,3,1,136.26,30.0,8.33,33
32292,1968,9,1,151.86,30.0,8.37,33
32294,1970,6,1,96.09,125.0,6.9,33
32295,1971,9,1,100.62,125.0,6.89,33
32297,2002,9,1,123.61,125.0,6.87,33
32299,1991,3,1,188.28,125.0,6.86,33
32300,1980,3,1,114.8,125.0,6.84,33
32303,1971,3,1,235.32,125.0,6.82,33
32305,1956,9,1,124.93,125.0,6.8,33
32306,1965,12,1,444.91,210.0,19.7,33
32307,1990,3,1,122.43,305.0,6.56,33
32308,1971,6,1,124.94,305.0,6.56,33
32309,1968,6,1,107.51,305.0,6.57,33
32310,1971,9,1,124.82,305.0,6.57,33
32312,1971,3,1,122.75,305.0,6.57,33
32314,1969,3,1,113.5,305.0,6.58,33
32316,1990,3,1,122.66,305.0,6.56,33
32317,1990,3,1,124.54,305.0,6.55,33
32318,1999,9,1,163.18,305.0,6.57,33
32320,1990,9,1,164.1,305.0,6.57,33
32322,1989,3,1,163.16,305.0,6.57,33
32323,1990,3,1,182.2,125.0,6.85,33
32324,1980,9,1,306.03,305.0,8.66,33
32325,1970,9,1,147.46,30.0,8.52,33
32326,1970,9,1,157.66,30.0,8.52,33
32327,1969,9,1,104.41,125.0,6.58,33
32328,1985,3,1,129.71,125.0,6.57,33
32329,1986,3,1,124.5,125.0,6.57,33
32331,1968,6,1,106.89,125.0,6.57,33
32332,1971,9,1,98.19,125.0,6.57,33
32333,1975,3,1,122.8,125.0,6.56,33
32335,1994,3,1,119.87,125.0,6.56,33
32336,1910,3,1,222.68,125.0,6.56,33
32337,1965,12,1,458.06,210.0,19.92,33
32339,1970,3,1,109.18,305.0,6.88,33
32340,1970,3,1,82.9,305.0,6.88,33
32341,1959,3,1,124.98,305.0,6.88,33
32342,1981,9,1,123.17,305.0,6.88,33
32344,1972,3,1,86.06,305.0,6.88,33
32345,1966,6,1,122.66,305.0,6.88,33
32346,1971,9,1,112.24,305.0,6.88,33
32347,1968,3,1,128.91,305.0,6.89,33
32349,1970,3,1,112.78,305.0,6.89,33
32350,1970,3,1,123.78,305.0,6.89,33
32353,1995,3,1,127.57,305.0,6.89,33
32354,1987,3,1,122.72,125.0,6.57,33
32356,1966,12,1,312.57,305.0,45.29,33
32357,1966,12,1,306.18,30.0,8.59,33
32358,1993,3,1,122.62,125.0,6.89,33
32359,1968,3,1,113.83,125.0,6.89,33
32360,1965,3,1,123.42,125.0,6.89,33
32361,1970,3,1,125.15,125.0,6.88,33
32362,1975,6,1,120.78,125.0,6.89,33
32363,1965,3,1,112.47,125.0,6.88,33
32364,1965,6,1,62.5,125.0,6.88,33
32365,1964,3,1,57.0,125.0,6.88,33
32366,1960,3,1,108.6,125.0,6.88,33
32367,1960,3,1,104.37,125.0,6.88,33
32368,1966,3,1,106.8,125.0,6.88,33
32370,1960,9,1,94.22,210.0,25.51,33
32371,1965,6,1,64.5,210.0,15.82,33
32372,1961,3,1,71.7,210.0,15.86,33
32373,1960,15,1,314.2,260.0,32.68,33
32375,1990,6,1,80.18,305.0,15.81,33
32377,1962,3,1,118.4,305.0,15.82,33
32378,1968,3,1,122.64,305.0,15.83,33
32379,1967,3,1,121.12,305.0,15.82,33
32380,1967,3,1,105.33,305.0,15.82,33
32381,1968,3,1,123.9,305.0,15.82,33
32382,1979,12,1,217.21,305.0,15.82,33
32383,1976,3,1,119.39,305.0,16.44,33
32384,1987,9,1,116.03,305.0,27.29,33
32385,2007,12,1,111.18,305.0,23.4,33
32386,1965,3,1,212.5,125.0,6.88,33
32390,1982,36,1,796.38,180.0,34.45,33
32391,1970,18,1,525.95,300.0,24.8,33
32393,1995,15,1,1511.17,125.0,36.43,33
32394,1994,15,1,1545.62,125.0,28.64,33
32396,1975,6,1,286.67,5.0,18.23,33
32397,1971,3,1,210.81,90.0,6.57,33
32399,1973,6,1,136.23,265.0,6.37,33
32401,1977,3,1,128.04,265.0,6.4,33
32404,1973,3,1,140.36,85.0,10.43,33
32405,1971,3,1,161.05,85.0,6.6,33
32407,1970,3,1,80.78,265.0,6.21,33
32409,1957,3,1,199.47,220.0,11.47,33
32412,2001,6,1,172.52,295.0,13.1,33
32415,2001,6,1,180.91,110.0,8.59,33
32417,1970,3,1,109.19,70.0,38.14,33
32418,1972,3,1,157.2,110.0,11.74,33
32420,1971,3,1,122.15,100.0,11.32,33
32422,1965,3,1,48.61,295.0,23.86,33
32423,1965,3,1,60.05,110.0,8.26,33
32424,1965,3,1,58.71,115.0,8.26,33
32425,1965,3,1,56.06,115.0,8.26,33
32426,1965,3,1,58.83,110.0,8.26,33
32427,1965,3,1,54.24,115.0,8.25,33
32428,1965,3,1,56.49,115.0,8.26,33
32429,1965,3,1,56.16,115.0,8.26,33
32430,1965,3,1,56.79,115.0,8.26,33
32431,1965,3,1,62.38,115.0,8.26,33
32432,1965,3,1,39.28,115.0,8.26,33
32433,1965,3,1,55.6,115.0,8.26,33
32434,1965,3,1,43.87,115.0,8.26,33
32435,1965,3,1,42.47,115.0,8.26,33
32436,1965,3,1,51.99,115.0,8.26,33
32437,1960,3,1,43.98,115.0,11.91,33
32506,1958,6,1,80.96,255.0,12.18,33
32507,1950,3,1,69.61,350.0,11.79,33
32508,1957,6,1,73.6,350.0,11.85,33
32509,1965,3,1,72.82,345.0,11.94,33
32511,1958,3,1,91.73,350.0,12.0,33
32512,1961,3,1,109.72,350.0,85.04,33
32513,1956,3,1,68.78,350.0,12.06,33
32514,1975,9,1,78.29,350.0,12.12,33
32516,1959,3,1,73.32,350.0,12.19,33
32518,1961,3,1,60.09,350.0,12.82,33
32520,1940,3,1,28.32,75.0,11.61,33
32526,1960,6,1,165.22,75.0,11.68,33
32529,1973,6,1,155.16,260.0,62.27,33
32530,1972,3,1,92.87,350.0,12.06,33
32532,1950,3,1,59.13,350.0,12.14,33
32533,1950,3,1,54.99,350.0,12.18,33
32534,1950,3,1,97.76,350.0,12.28,33
32535,1966,3,1,282.31,205.0,31.1,33
32537,1950,3,1,104.38,345.0,12.1,33
32538,1948,3,1,98.66,345.0,11.99,33
32539,1950,3,1,124.32,345.0,11.95,33
32540,2006,9,1,62.83,80.0,8.18,33
32541,1970,6,1,93.97,75.0,8.18,33
32542,1952,3,1,90.45,80.0,8.16,33
32543,1950,3,1,111.05,80.0,8.14,33
32544,1951,3,1,84.53,80.0,8.13,33
32545,1963,6,1,95.03,80.0,8.12,33
32546,1950,3,1,101.21,80.0,8.1,33
32547,1948,6,1,93.36,80.0,8.09,33
32548,1950,3,1,63.14,80.0,8.08,33
32549,1948,6,1,70.26,80.0,8.08,33
32552,1960,6,1,67.33,80.0,8.07,33
32553,1960,3,1,67.98,75.0,8.06,33
32554,1960,6,1,72.63,75.0,8.05,33
32555,1967,3,1,100.35,165.0,12.02,33
32557,1968,6,1,89.43,165.0,11.95,33
32558,1966,6,1,91.95,165.0,11.89,33
32560,1964,3,1,91.18,165.0,11.81,33
32561,1975,3,1,172.64,260.0,12.34,33
32563,1974,6,1,119.27,255.0,12.34,33
32565,1978,6,1,124.15,260.0,12.32,33
32567,1999,3,1,172.13,260.0,12.31,33
32568,1964,3,1,104.0,260.0,12.29,33
32570,1950,3,1,65.55,260.0,12.27,33
32571,1970,3,1,72.84,255.0,12.27,33
32573,1972,9,1,101.51,260.0,12.26,33
32574,1972,9,1,109.31,255.0,12.26,33
32576,1977,3,1,54.21,260.0,12.24,33
32578,1970,9,1,108.26,260.0,12.23,33
32579,1970,9,1,73.69,255.0,12.22,33
32580,2022,9,1,89.52,345.0,12.37,33
32582,1972,3,1,106.52,345.0,12.31,33
32583,1950,3,1,86.73,345.0,12.26,33
32584,1973,3,1,88.57,345.0,12.22,33
32586,2006,9,1,94.23,75.0,12.03,33
32587,1973,9,1,97.91,75.0,12.02,33
32589,1950,3,1,100.42,75.0,12.0,33
32590,1952,3,1,102.21,75.0,11.98,33
32591,1952,3,1,94.68,75.0,11.97,33
32593,1950,3,1,86.52,75.0,11.97,33
32594,1950,3,1,47.05,75.0,11.96,33
32595,1967,6,1,128.56,75.0,11.94,33
32596,1968,9,1,86.8,75.0,11.93,33
32598,1948,3,1,81.19,75.0,11.92,33
32599,2007,9,1,172.65,75.0,11.92,33
32600,1950,6,1,93.71,75.0,11.9,33
32601,1952,6,1,80.6,75.0,11.89,33
32602,2007,9,1,92.83,75.0,11.87,33
32604,1997,3,1,101.44,165.0,12.25,33
32605,1953,3,1,81.53,165.0,12.21,33
32606,1960,3,1,82.17,165.0,12.17,33
32607,1960,3,1,76.88,165.0,12.13,33
32608,1959,6,1,91.9,165.0,12.1,33
32609,1960,3,1,103.48,165.0,12.05,33
32610,1948,6,1,63.83,260.0,8.05,33
32611,1967,6,1,81.95,260.0,8.06,33
32612,1995,3,1,130.21,260.0,8.07,33
32613,1950,3,1,68.9,260.0,8.08,33
32614,1957,3,1,69.95,260.0,8.09,33
32615,1987,3,1,100.66,260.0,8.09,33
32616,1950,3,1,73.45,260.0,8.12,33
32617,1960,6,1,132.29,260.0,8.13,33
32618,1951,3,1,129.32,260.0,8.14,33
32619,1950,3,1,101.23,260.0,8.15,33
32620,1948,6,1,79.52,260.0,8.16,33
32622,1948,3,1,107.2,260.0,8.18,33
32623,1949,3,1,47.92,260.0,8.18,33
32624,2008,12,1,211.84,75.0,12.2,33
32626,1948,6,1,107.97,345.0,11.86,33
32628,1947,3,1,84.66,345.0,11.93,33
32629,1952,9,1,104.39,345.0,12.05,33
32631,1950,3,1,90.41,345.0,12.13,33
32634,1951,6,1,95.44,345.0,12.22,33
32635,1950,3,1,49.55,345.0,12.27,33
32636,1949,3,1,61.61,75.0,12.02,33
32637,1954,6,1,94.5,75.0,11.99,33
32639,1951,6,1,93.86,75.0,11.96,33
32640,1950,3,1,82.55,75.0,11.92,33
32641,1951,3,1,87.17,75.0,11.9,33
32643,1948,3,1,96.3,80.0,11.9,33
32644,1955,3,1,90.19,165.0,12.41,33
32645,1950,3,1,103.96,165.0,12.19,33
32646,1953,3,1,115.93,165.0,12.28,33
32647,1961,3,1,76.64,165.0,12.33,33
32649,1962,3,1,76.21,165.0,12.37,33
32650,1983,3,1,94.2,260.0,8.29,33
32652,1950,3,1,80.4,260.0,8.24,33
32653,1950,9,1,50.15,260.0,8.24,33
32655,1950,3,1,107.99,260.0,8.21,33
32656,1956,3,1,105.28,300.0,27.05,33
32657,1955,3,1,72.16,345.0,12.23,33
32658,1954,3,1,74.29,345.0,12.21,33
32659,1955,3,1,86.17,345.0,12.17,33
32660,1953,3,1,83.7,345.0,12.14,33
32662,1956,3,1,96.88,80.0,8.2,33
32663,2008,9,1,68.11,80.0,8.23,33
32665,1998,9,1,65.24,75.0,8.24,33
32669,1943,3,1,62.53,80.0,8.25,33
32670,1944,3,1,76.72,80.0,8.29,33
32671,2007,9,1,124.17,165.0,11.95,33
32672,1960,9,1,83.41,165.0,11.99,33
32674,1988,3,1,82.92,165.0,12.02,33
32676,1961,3,1,122.84,255.0,12.2,33
32677,1960,3,1,60.17,255.0,12.19,33
32679,1951,3,1,73.96,255.0,12.17,33
32680,1950,3,1,71.4,255.0,12.15,33
32681,1966,3,1,69.87,260.0,12.14,33
32682,1960,6,1,74.2,255.0,12.16,33
32683,1952,3,1,88.99,255.0,12.16,33
32685,1960,9,1,104.67,345.0,12.17,33
32687,1960,3,1,85.92,345.0,12.1,33
32688,1958,3,1,106.99,345.0,12.0,33
32689,1976,3,1,72.89,75.0,11.71,33
32690,1960,6,1,77.08,80.0,11.75,33
32691,1943,3,1,69.64,75.0,11.75,33
32692,1978,9,1,106.41,75.0,11.77,33
32693,1966,6,1,121.39,75.0,11.8,33
32695,1970,6,1,136.61,75.0,11.84,33
32697,2008,9,1,105.46,75.0,11.9,33
32699,1970,3,1,144.28,165.0,12.61,33
32701,1958,6,1,98.2,165.0,12.23,33
32703,1953,3,1,81.5,180.0,12.41,33
32704,1979,3,1,86.28,165.0,12.05,33
32706,1960,9,1,93.69,165.0,11.94,33
32707,2017,12,1,115.85,165.0,11.86,33
32709,1970,3,1,122.07,260.0,7.24,33
32710,1950,3,1,86.11,260.0,8.19,33
32712,1970,6,1,81.68,260.0,8.19,33
32713,1970,3,1,129.1,260.0,8.19,33
32715,1952,3,1,79.59,260.0,8.22,33
32717,1962,6,1,86.54,260.0,8.24,33
32719,1950,3,1,106.61,260.0,8.25,33
32721,1971,6,1,84.11,260.0,8.26,33
32723,1990,6,1,159.69,75.0,11.87,33
32724,1967,3,1,131.06,345.0,11.96,33
32726,1958,3,1,91.15,345.0,11.91,33
32727,1969,6,1,102.42,345.0,11.88,33
32729,1990,3,1,56.23,345.0,11.85,33
32731,1974,6,1,72.35,345.0,11.82,33
32732,1994,3,1,100.04,345.0,11.8,33
32733,1965,3,1,97.86,75.0,7.86,33
32734,1958,12,1,77.31,75.0,7.89,33
32736,1970,3,1,77.09,75.0,7.91,33
32737,1970,3,1,94.78,75.0,7.94,33
32738,1953,3,1,56.43,75.0,7.96,33
32739,1967,3,1,69.21,75.0,7.99,33
32740,1954,6,1,70.96,75.0,8.05,33
32741,1960,3,1,73.47,75.0,8.07,33
32742,1956,6,1,117.24,75.0,8.1,33
32743,1971,3,1,82.81,165.0,11.96,33
32746,1979,3,1,84.76,165.0,11.86,33
32747,1971,3,1,171.26,165.0,11.74,33
32748,1969,3,1,46.61,165.0,11.64,33
32749,1950,3,1,34.33,260.0,11.98,33
32750,1979,3,1,66.77,255.0,11.96,33
32752,1971,12,1,114.1,255.0,11.93,33
32753,1975,6,1,117.36,255.0,11.9,33
32754,1959,3,1,63.38,255.0,11.88,33
32756,1968,3,1,65.83,255.0,11.85,33
32757,1954,3,1,67.66,255.0,11.84,33
32758,1961,3,1,59.26,255.0,11.82,33
32760,1961,3,1,59.51,255.0,11.81,33
32763,2004,9,1,54.78,255.0,11.78,33
32764,1958,3,1,95.36,255.0,11.76,33
32765,1982,6,1,73.65,255.0,11.72,33
32767,1960,9,1,68.22,255.0,11.71,33
32768,1995,3,1,58.61,255.0,11.69,33
32769,1992,9,1,133.51,75.0,8.02,33
32771,1965,6,1,266.75,305.0,26.26,33
32772,1968,6,1,598.47,260.0,12.13,33
32773,1970,6,1,239.41,260.0,12.16,33
32774,1956,6,1,90.38,75.0,8.24,33
32776,1994,3,1,112.08,255.0,12.16,33
32777,1910,3,1,741.63,255.0,12.34,33
32779,1975,3,1,93.34,75.0,7.93,33
32781,1963,3,1,64.37,75.0,7.91,33
32783,1959,3,1,78.44,75.0,7.87,33
32784,1954,3,1,66.39,75.0,7.85,33
32785,1956,6,1,72.72,75.0,7.84,33
32787,1992,3,1,65.35,75.0,7.82,33
32788,1950,3,1,89.93,75.0,7.8,33
32789,1953,3,1,108.8,75.0,7.78,33
32791,1953,3,1,104.73,165.0,11.87,33
32792,1963,3,1,102.68,165.0,11.89,33
32793,1954,3,1,96.15,165.0,11.91,33
32795,1954,3,1,74.19,255.0,12.03,33
32796,1955,3,1,78.24,255.0,12.02,33
32797,1959,3,1,59.38,260.0,12.04,33
32798,1957,3,1,94.04,255.0,12.03,33
32799,1958,6,1,96.7,255.0,12.03,33
32800,1958,6,1,75.7,255.0,12.04,33
32801,1987,12,1,69.6,255.0,12.04,33
32803,1951,3,1,110.46,255.0,12.06,33
32804,1959,6,1,66.68,255.0,12.06,33
32805,1957,3,1,81.01,255.0,12.06,33
32806,1961,3,1,111.49,255.0,12.07,33
32807,1957,3,1,89.58,255.0,12.08,33
32809,2006,9,1,259.73,165.0,11.81,33
32810,1977,6,1,196.23,345.0,12.05,33
32811,1959,3,1,121.63,345.0,12.07,33
32812,1970,6,1,96.57,270.0,72.84,33
32813,1968,3,1,130.1,345.0,12.09,33
32814,1970,6,1,74.25,75.0,12.04,33
32815,1968,3,1,74.51,75.0,12.08,33
32817,1991,6,1,310.59,75.0,12.12,33
32818,1968,3,1,67.03,75.0,12.18,33
32819,1967,3,1,72.14,75.0,12.21,33
32820,1970,3,1,67.35,75.0,12.24,33
32822,1970,3,1,69.85,75.0,12.28,33
32824,1976,3,1,71.49,75.0,12.32,33
32825,1969,3,1,71.91,75.0,12.34,33
32826,1972,3,1,70.33,75.0,12.39,33
32827,1966,3,1,73.8,75.0,12.42,33
32828,1965,3,1,106.96,75.0,12.47,33
32829,1988,12,1,100.93,165.0,11.73,33
32831,1954,3,1,51.59,255.0,7.75,33
32832,1953,3,1,47.64,255.0,7.77,33
32833,1956,3,1,65.84,255.0,7.78,33
32834,1956,6,1,67.62,255.0,7.8,33
32835,1963,3,1,76.89,255.0,7.86,33
32836,1953,3,1,77.37,255.0,7.88,33
32837,1958,3,1,67.14,255.0,7.89,33
32838,1973,3,1,79.37,255.0,7.95,33
32839,1958,3,1,60.1,255.0,7.96,33
32840,2008,9,1,296.91,165.0,11.75,33
32841,1954,3,1,86.46,255.0,7.82,33
32842,1987,6,1,93.99,255.0,7.84,33
32844,1956,3,1,96.49,345.0,11.34,33
32845,2006,9,1,155.39,345.0,11.81,33
32846,1972,3,1,91.66,345.0,11.86,33
32847,1969,3,1,82.39,345.0,11.91,33
32849,1964,6,1,148.05,75.0,12.08,33
32851,1968,6,1,111.44,75.0,12.08,33
32853,1965,3,1,105.38,75.0,12.07,33
32854,1969,3,1,88.57,75.0,12.06,33
32856,1966,3,1,78.48,75.0,12.06,33
32857,2006,6,1,96.18,75.0,12.06,33
32858,1968,3,1,82.75,75.0,12.04,33
32859,1967,3,1,84.19,75.0,12.04,33
32862,1967,3,1,126.29,75.0,12.03,33
32863,1967,3,1,74.89,75.0,12.02,33
32865,1964,3,1,84.69,75.0,12.02,33
32866,1966,3,1,82.88,75.0,12.02,33
32868,1969,3,1,82.13,165.0,11.82,33
32869,1972,3,1,92.85,170.0,11.92,33
32870,1964,3,1,85.31,165.0,12.0,33
32871,1965,3,1,85.66,165.0,12.11,33
32872,1970,3,1,96.09,170.0,12.18,33
32874,2019,9,1,59.33,255.0,8.28,33
32876,1967,3,1,67.59,255.0,8.28,33
32877,1968,3,1,89.1,255.0,8.26,33
32878,1967,3,1,58.03,255.0,8.25,33
32879,1969,3,1,70.17,255.0,8.25,33
32881,1995,3,1,67.12,255.0,8.24,33
32882,1970,3,1,59.69,255.0,8.23,33
32883,1969,3,1,69.51,255.0,7.99,33
32884,1969,3,1,61.47,255.0,8.15,33
32885,1968,3,1,73.46,255.0,8.21,33
32886,1999,3,1,54.98,255.0,8.2,33
32888,1969,3,1,69.1,260.0,8.2,33
32890,2010,12,1,58.09,255.0,8.19,33
32892,1963,9,1,118.34,305.0,25.98,33
32894,1962,3,1,119.91,345.0,11.89,33
32895,1958,3,1,132.33,345.0,11.91,33
32896,1958,6,1,181.44,345.0,11.99,33
32898,1959,3,1,106.04,345.0,12.02,33
32899,1956,3,1,108.51,30.0,22.81,33
32900,1960,3,1,109.1,75.0,12.0,33
32901,1970,6,1,101.6,75.0,12.0,33
32902,1955,3,1,79.41,75.0,12.02,33
32903,1962,3,1,187.62,165.0,11.97,33
32906,1954,3,1,94.29,165.0,12.0,33
32907,2007,9,1,156.52,210.0,27.11,33
32908,1960,3,1,89.99,255.0,12.13,33
32909,1960,3,1,108.56,255.0,12.14,33
32911,1970,3,1,108.63,255.0,12.16,33
32912,2005,9,1,780.71,120.0,26.96,33
32915,2010,9,1,202.53,345.0,11.94,33
32918,1970,3,1,101.72,345.0,35.03,33
32920,1968,3,1,64.01,345.0,34.82,33
32921,1969,3,1,153.65,345.0,53.06,33
32924,1968,3,1,83.69,345.0,45.4,33
32925,1978,3,1,69.23,75.0,7.89,33
32927,1970,3,1,62.81,75.0,7.89,33
32928,2001,3,1,76.24,75.0,7.9,33
32929,1966,3,1,74.13,75.0,7.9,33
32930,1972,3,1,76.82,75.0,7.9,33
32932,2008,6,1,76.51,80.0,7.92,33
32934,1998,6,1,55.01,75.0,7.91,33
32936,1984,3,1,96.38,75.0,7.92,33
32938,1970,6,1,69.28,75.0,7.92,33
32940,1969,6,1,94.63,80.0,7.94,33
32941,1968,3,1,66.18,75.0,7.94,33
32942,1976,6,1,114.46,75.0,7.94,33
32944,1969,3,1,56.84,75.0,7.95,33
32945,1969,9,1,74.64,75.0,7.96,33
32947,1970,9,1,71.25,75.0,7.96,33
32949,1962,3,1,70.32,75.0,7.96,33
32950,1965,3,1,64.17,75.0,7.97,33
32951,1966,6,1,72.67,75.0,7.97,33
32952,1980,9,1,99.7,165.0,12.01,33
32953,1962,3,1,97.18,165.0,12.0,33
32954,1986,9,1,85.65,165.0,12.0,33
32956,1969,3,1,91.24,165.0,12.0,33
32957,1994,3,1,115.97,165.0,12.0,33
32958,1969,3,1,61.12,255.0,10.53,33
32959,1970,6,1,98.21,255.0,10.17,33
32960,1969,3,1,71.38,255.0,9.83,33
32961,1970,3,1,61.51,255.0,9.55,33
32963,1986,3,1,56.05,255.0,25.18,33
32965,1965,3,1,76.56,255.0,91.19,33
32967,1968,3,1,73.24,255.0,91.15,33
32968,1963,3,1,73.72,255.0,35.7,33
32969,1987,3,1,110.87,255.0,11.95,33
32970,1968,3,1,71.82,255.0,11.95,33
32971,1962,3,1,84.09,255.0,11.95,33
32972,1998,6,1,76.96,255.0,11.96,33
32974,1967,3,1,65.28,255.0,11.96,33
32975,1994,3,1,55.82,255.0,11.96,33
32977,1975,3,1,79.1,255.0,11.96,33
32978,1952,3,1,76.41,255.0,11.95,33
32979,1977,9,1,76.22,260.0,11.98,33
32980,1975,3,1,71.91,255.0,11.95,33
32988,1969,12,1,264.25,255.0,40.54,33
32989,1962,12,1,259.46,75.0,12.03,33
32990,1969,12,1,253.75,75.0,12.04,33
32991,1962,12,1,258.5,75.0,12.04,33
32992,1969,12,1,263.45,255.0,37.08,33
32993,1969,12,1,264.65,255.0,11.78,33
32994,1969,12,1,258.2,255.0,11.82,33
32995,1969,12,1,267.8,345.0,27.45,33
32996,1969,12,1,276.49,255.0,11.9,33
32997,1969,12,1,277.99,75.0,58.67,33
32998,1969,12,1,297.97,75.0,61.75,33
32999,1964,12,1,292.08,255.0,27.36,33
33000,1969,12,1,299.47,165.0,48.08,33
33002,1969,12,1,260.37,165.0,39.76,33
33003,1969,12,1,269.97,165.0,27.46,33
33004,1971,12,1,270.95,15.0,25.19,33
33006,1973,12,1,270.25,255.0,17.99,33
33008,1973,12,1,273.97,255.0,22.46,33
33009,1969,12,1,304.19,10.0,47.49,33
33010,1969,12,1,291.51,10.0,47.56,33
33011,1969,12,1,296.15,45.0,74.39,33
33012,1969,12,1,276.77,75.0,12.32,33
33013,1969,12,1,285.51,75.0,12.35,33
33014,1962,12,1,286.33,125.0,35.93,33
33015,1969,12,1,276.97,165.0,51.39,33
33016,1969,12,1,261.01,255.0,65.34,33
33017,1969,12,1,301.57,165.0,23.98,33
33018,1969,12,1,303.16,255.0,11.47,33
33019,1969,12,1,309.73,350.0,31.89,33
33020,1969,12,1,304.16,170.0,21.31,33
33021,1968,12,1,264.78,165.0,19.24,33
33022,1968,12,1,260.83,345.0,55.59,33
33023,1968,12,1,264.6,345.0,46.44,33
33024,1968,12,1,256.35,75.0,14.9,33
33025,1968,12,1,258.23,255.0,12.27,33
33026,1968,12,1,254.83,165.0,48.92,33
33027,1968,12,1,287.23,165.0,31.29,33
33028,1968,12,1,286.25,75.0,13.76,33
33029,1968,12,1,291.85,255.0,13.7,33
33030,1968,15,1,284.99,75.0,42.3,33
33031,1968,12,1,285.25,345.0,75.05,33
33054,1959,6,1,102.25,305.0,11.87,33
33061,1966,3,1,74.44,35.0,15.79,33
33071,1972,6,1,201.86,305.0,26.9,33
33076,1970,15,1,188.89,105.0,9.1,33
33077,1970,15,1,112.77,105.0,9.18,33
33078,1970,18,1,210.19,270.0,9.18,33
33079,1970,15,1,248.06,105.0,9.15,33
33082,1970,21,1,459.92,105.0,37.28,33
33083,1999,18,1,597.68,170.0,44.18,33
33086,2003,15,1,231.87,110.0,27.58,33
33087,1983,9,1,204.8,30.0,8.44,33
33091,1976,6,1,168.38,125.0,7.6,33
33093,2005,3,1,89.44,125.0,7.62,33
33095,1955,3,1,115.77,125.0,7.64,33
33097,1983,3,1,114.9,125.0,7.67,33
33098,1970,12,1,121.49,125.0,7.68,33
33099,1964,6,1,110.55,125.0,7.71,33
33100,2004,9,1,120.99,125.0,7.73,33
33101,1988,3,1,121.25,125.0,7.75,33
33102,1976,9,1,122.69,125.0,7.77,33
33103,1966,3,1,125.38,125.0,7.79,33
33104,1965,3,1,119.16,125.0,7.81,33
33105,1964,3,1,110.71,125.0,7.83,33
33106,1968,12,1,243.47,210.0,15.74,33
33107,1969,9,1,132.35,300.0,6.83,33
33108,1969,9,1,133.91,305.0,6.84,33
33109,1950,9,1,249.37,305.0,6.84,33
33110,1969,9,1,213.64,305.0,6.86,33
33111,1969,12,1,124.71,305.0,6.87,33
33112,2007,6,1,89.61,305.0,6.88,33
33114,2008,9,1,89.98,305.0,6.89,33
33117,2005,12,1,205.14,210.0,15.83,33
33122,1965,6,1,182.59,125.0,43.05,33
33147,1979,3,1,254.57,115.0,0.0,33
33149,2004,3,1,403.88,25.0,12.4,33
33152,1983,3,1,231.71,120.0,5.59,33
33155,1990,9,1,133.49,115.0,3.65,33
33158,1983,6,1,183.4,295.0,6.65,33
33161,1980,3,1,164.91,295.0,6.8,33
33162,2000,6,1,487.05,115.0,6.18,33
33165,2005,3,1,106.92,295.0,2.68,33
33166,1989,3,1,43.19,295.0,3.27,33
33167,1996,3,1,72.66,295.0,61.63,33
33168,2017,6,1,136.74,295.0,25.71,33
33170,1991,6,1,394.4,115.0,6.52,33
33173,1979,3,1,192.75,25.0,13.08,33
33175,2015,9,1,111.59,95.0,17.6,33
33178,1973,6,1,212.1,15.0,7.88,33
33182,1948,6,1,274.09,15.0,8.85,33
33186,1995,3,1,210.46,100.0,inf,33
33187,2001,3,1,150.28,65.55371700775147,inf,33
33189,1996,3,1,114.86,100.0,inf,33
33190,1998,9,1,155.23,100.0,inf,33
33193,2002,6,1,157.11,100.0,inf,33
33195,2008,6,1,193.68,15.0,8.56,33
33197,2010,6,1,252.76,100.0,inf,33
33200,1994,3,1,146.27,110.0,10.25,33
33201,1994,3,1,118.38,290.0,9.97,33
33203,1995,3,1,135.78,295.0,24.42,33
33205,1981,3,1,157.03,110.0,10.05,33
33207,1974,6,1,156.43,5.0,39.29,33
33210,1971,6,1,168.64,75.0,10.16,33
33213,1990,6,1,69.33,75.0,10.21,33
33216,1994,3,1,119.41,75.0,13.31,33
33217,1989,9,1,89.6,115.0,14.04,33
33220,1989,9,1,67.49,115.0,9.43,33
33224,1989,3,1,71.3,110.0,9.52,33
33226,1993,3,1,144.78,250.0,11.24,33
33228,1992,6,1,148.77,250.0,10.72,33
33231,1992,3,1,86.88,255.0,11.32,33
33232,1992,3,1,83.07,260.0,10.66,33
33233,1991,6,1,76.95,260.0,9.91,33
33236,1990,3,1,68.02,270.0,10.42,33
33237,1991,3,1,55.0,265.0,10.6,33
33238,2021,3,1,117.42,75.0,10.03,33
33241,2003,6,1,130.99,265.0,12.2,33
33243,1996,3,1,122.16,265.0,10.9,33
33245,1990,3,1,78.76,75.0,10.21,33
33246,1989,12,1,69.52,115.0,9.34,33
33250,1989,12,1,97.44,115.0,9.5,33
33253,1989,3,1,50.09,115.0,9.46,33
33256,1992,3,1,57.41,255.0,11.29,33
33258,1992,3,1,63.85,260.0,11.23,33
33259,1991,3,1,59.18,265.0,10.39,33
33260,1990,3,1,70.48,270.0,10.1,33
33261,1991,3,1,77.07,265.0,10.44,33
33262,1999,3,1,127.42,275.0,10.08,33
33263,2005,6,1,124.25,275.0,32.44,33
33264,2005,6,1,124.34,75.0,9.94,33
33265,2005,3,1,214.56,275.0,10.36,33
33269,1971,3,1,147.19,75.0,10.8,33
33272,2007,6,1,234.37,255.0,9.84,33
33276,1978,6,1,282.23,75.0,10.78,33
33279,1953,3,1,249.67,255.0,10.14,33
33281,1983,6,1,183.78,255.0,9.79,33
33284,1996,3,1,104.4,115.0,14.02,33
33288,2008,6,1,212.11,75.0,10.85,33
33291,1983,15,1,547.29,75.0,10.81,60
33292,1987,3,1,173.33,335.0,50.03,33
33293,1963,9,1,83.98,60.0,8.34,33
33296,1964,6,1,195.94,60.0,8.37,33
33298,1989,3,1,82.48,60.0,8.32,33
33301,1960,6,1,94.07,60.0,8.71,33
33304,1999,6,1,251.84,180.0,31.62,33
33307,2008,6,1,93.61,55.0,8.38,33
33310,2005,6,1,372.25,90.0,50.02,33
33311,1968,6,1,162.62,65.0,8.34,33
33313,2008,6,1,123.28,60.0,8.38,33
33316,1963,3,1,241.03,240.0,8.35,33
33319,2002,6,1,140.67,220.0,35.1,33
33322,2017,6,1,192.93,210.0,8.27,33
33325,1970,3,1,72.0,240.0,8.32,33
33327,2004,9,1,99.67,225.0,9.85,33
33330,2015,9,1,57.99,240.0,8.31,33
33331,2001,9,1,287.44,240.0,8.37,33
33334,2001,9,1,286.35,240.0,8.36,33
33337,2000,3,1,146.59,240.0,8.33,33
33338,2001,6,1,231.4,240.0,8.29,33
33341,2000,6,1,143.5,320.0,48.48,33
33411,1960,9,1,85.79,345.0,12.23,33
33412,1965,3,1,90.92,345.0,12.14,33
33413,1968,3,1,67.71,345.0,12.11,33
33415,1950,6,1,72.11,345.0,12.09,33
33417,1958,3,1,82.4,345.0,28.44,33
33418,1960,3,1,84.15,350.0,12.1,33
33419,1957,3,1,80.95,345.0,12.11,33
33420,1955,3,1,98.75,345.0,12.13,33
33421,1970,9,1,249.0,345.0,12.19,33
33423,2004,3,1,571.93,75.0,11.4,33
33426,1998,6,1,959.17,260.0,11.97,33
33428,2006,9,1,1913.18,75.0,11.51,33
33431,2000,6,1,925.43,185.0,38.5,33
33432,2008,12,1,642.92,185.0,32.13,33
33434,1971,9,1,201.39,345.0,12.12,33
33435,1960,6,1,151.49,345.0,12.1,33
33436,1971,3,1,129.52,345.0,12.11,33
33437,1960,3,1,75.74,345.0,12.13,33
33438,1952,3,1,70.26,75.0,11.75,33
33439,1967,6,1,104.64,75.0,11.73,33
33440,1950,6,1,104.61,75.0,11.74,33
33441,1953,3,1,115.16,75.0,11.74,33
33442,1950,3,1,64.38,75.0,11.76,33
33443,1972,3,1,120.13,75.0,11.77,33
33444,1950,3,1,70.3,75.0,11.78,33
33446,1950,3,1,72.88,75.0,11.79,33
33447,1948,3,1,96.52,75.0,11.81,33
33449,1950,3,1,72.66,75.0,11.82,33
33451,1947,3,1,67.53,75.0,11.82,33
33452,1946,9,1,68.13,75.0,11.82,33
33454,1970,3,1,57.19,75.0,11.84,33
33455,1950,9,1,94.13,75.0,11.86,33
33456,1968,3,1,96.89,75.0,11.86,33
33458,1960,6,1,116.12,165.0,12.19,33
33459,1960,3,1,75.48,165.0,12.17,33
33460,1963,3,1,70.95,165.0,12.12,33
33462,1964,6,1,97.07,165.0,12.11,33
33463,1960,3,1,156.99,165.0,12.08,33
33465,1960,3,1,76.28,255.0,8.02,33
33466,1960,9,1,114.63,255.0,8.04,33
33467,1963,3,1,130.23,255.0,8.04,33
33468,1970,9,1,70.59,255.0,8.04,33
33469,1950,3,1,80.74,255.0,8.04,33
33470,1964,6,1,93.88,255.0,8.04,33
33472,1970,3,1,95.06,255.0,8.03,33
33473,1971,3,1,77.7,255.0,8.03,33
33474,2005,3,1,78.96,255.0,8.03,33
33475,1963,3,1,77.46,255.0,8.02,33
33476,1968,9,1,75.86,255.0,8.01,33
33478,1950,3,1,82.94,255.0,8.01,33
33479,1953,3,1,117.66,255.0,8.03,33
33481,1952,9,1,180.9,255.0,12.06,33
33484,1947,9,1,85.62,345.0,11.92,33
33486,1954,3,1,89.34,345.0,11.94,33
33488,1946,3,1,96.76,75.0,8.03,33
33490,1967,3,1,99.83,70.0,8.08,33
33491,1947,3,1,118.13,75.0,8.01,33
33493,1945,3,1,80.47,75.0,8.03,33
33494,1954,3,1,72.25,75.0,8.03,33
33495,1956,3,1,108.27,75.0,8.03,33
33497,1944,3,1,75.47,75.0,8.04,33
33499,1964,3,1,73.03,75.0,8.04,33
33500,1946,3,1,77.33,75.0,8.04,33
33501,1946,3,1,68.55,75.0,8.04,33
33503,1951,3,1,67.88,75.0,8.03,33
33504,1999,9,1,98.2,165.0,12.09,33
33505,1947,3,1,93.3,165.0,12.1,33
33506,1948,3,1,98.49,165.0,12.11,33
33507,2006,9,1,86.03,165.0,12.14,33
33508,1991,3,1,164.36,260.0,11.88,33
33509,1953,9,1,107.45,255.0,11.89,33
33510,1948,3,1,67.39,255.0,11.9,33
33511,1952,9,1,102.98,255.0,11.91,33
33512,1955,3,1,78.2,255.0,11.92,33
33514,1949,3,1,75.9,255.0,11.93,33
33515,1959,9,1,98.21,255.0,11.95,33
33516,1965,3,1,52.59,255.0,11.96,33
33517,1953,3,1,80.63,255.0,11.97,33
33518,1954,3,1,87.89,255.0,11.98,33
33520,1950,3,1,77.03,255.0,11.99,33
33521,1950,6,1,95.21,255.0,12.01,33
33522,1950,6,1,74.71,255.0,12.02,33
33524,1965,6,1,72.84,255.0,12.03,33
33525,1969,3,1,83.67,255.0,12.05,33
33527,1945,3,1,60.44,75.0,8.02,33
33528,1945,3,1,99.76,345.0,11.7,33
33529,1944,9,1,85.4,345.0,11.76,33
33530,1943,3,1,75.91,345.0,11.85,33
33531,1949,3,1,102.23,345.0,11.93,33
33532,1958,3,1,76.13,75.0,12.15,33
33533,1950,6,1,73.9,75.0,12.1,33
33535,1952,3,1,71.05,75.0,12.07,33
33536,1954,3,1,67.46,75.0,11.92,33
33537,2006,9,1,152.17,165.0,12.25,33
33538,1947,3,1,119.56,165.0,12.1,33
33539,1944,6,1,89.54,165.0,12.1,33
33541,1943,3,1,88.07,165.0,12.11,33
33543,1947,3,1,93.43,165.0,12.12,33
33544,1941,6,1,68.78,255.0,8.23,33
33546,1940,3,1,74.89,255.0,8.25,33
33547,1943,3,1,67.71,255.0,8.28,33
33549,1943,3,1,58.2,255.0,8.31,33
33550,1945,3,1,73.31,255.0,8.34,33
33551,2006,9,1,178.59,75.0,12.05,33
33552,2003,12,1,133.95,255.0,12.1,33
33554,1949,3,1,91.32,345.0,12.04,33
33555,1950,3,1,75.11,345.0,12.04,33
33556,1973,9,1,98.98,345.0,12.04,33
33558,1992,6,1,88.74,345.0,12.03,33
33559,2012,9,1,41.06,75.0,8.1,33
33562,1948,6,1,60.82,75.0,8.12,33
33563,1949,3,1,72.85,75.0,8.13,33
33564,1948,6,1,92.74,75.0,8.14,33
33565,2008,9,1,94.77,165.0,12.19,33
33566,1950,3,1,102.18,165.0,12.18,33
33568,1999,3,1,88.96,165.0,12.18,33
33569,1952,3,1,87.08,165.0,12.18,33
33571,1958,6,1,138.61,165.0,12.19,33
33572,1977,9,1,49.17,255.0,11.88,33
33573,1966,3,1,60.88,255.0,11.94,33
33574,1995,6,1,107.93,255.0,12.0,33
33575,2007,9,1,104.22,255.0,12.07,33
33576,1948,3,1,168.75,255.0,12.03,33
33577,1950,3,1,78.71,345.0,11.69,33
33579,1952,3,1,70.34,345.0,11.77,33
33580,1950,3,1,93.61,345.0,11.9,33
33581,1951,9,1,43.12,75.0,8.36,33
33583,1967,9,1,41.71,75.0,8.38,33
33584,1948,3,1,57.92,75.0,8.34,33
33585,2015,9,1,57.29,75.0,8.31,33
33586,1953,3,1,49.15,75.0,8.28,33
33587,1948,3,1,56.88,75.0,8.26,33
33588,1948,3,1,61.58,75.0,8.24,33
33589,1949,3,1,89.35,165.0,11.9,33
33590,2008,9,1,122.23,255.0,11.85,33
33591,1949,3,1,83.7,255.0,11.91,33
33592,1953,3,1,47.31,255.0,11.93,33
33593,1954,3,1,73.23,255.0,11.96,33
33594,1954,6,1,79.85,255.0,11.98,33
33595,1972,3,1,46.88,255.0,12.0,33
33597,1946,9,1,263.08,165.0,11.93,33
33598,1980,9,1,100.97,345.0,11.96,33
33599,1960,3,1,88.23,345.0,11.9,33
33600,1964,3,1,99.54,345.0,11.95,33
33601,1962,3,1,100.56,345.0,11.91,33
33602,1975,3,1,53.03,75.0,7.92,33
33603,1942,3,1,62.83,75.0,7.92,33
33605,1944,3,1,68.66,75.0,7.92,33
33606,1970,3,1,66.61,75.0,7.94,33
33607,1941,3,1,67.13,75.0,7.94,33
33608,1962,3,1,66.48,75.0,7.96,33
33609,1950,9,1,75.54,75.0,7.96,33
33610,1963,9,1,75.91,75.0,7.97,33
33613,1942,3,1,74.48,75.0,7.98,33
33615,1992,9,1,85.32,75.0,7.99,33
33617,1950,6,1,60.43,75.0,8.0,33
33618,1960,3,1,75.39,75.0,8.07,33
33620,1948,3,1,137.67,165.0,12.03,33
33623,1950,3,1,96.99,165.0,12.04,33
33624,1960,3,1,92.33,165.0,12.04,33
33625,1960,3,1,99.52,165.0,12.05,33
33627,1970,3,1,123.32,165.0,12.05,33
33628,1960,6,1,70.56,255.0,12.02,33
33630,1950,3,1,63.99,255.0,12.03,33
33631,1948,3,1,64.62,255.0,12.03,33
33633,1949,3,1,60.69,255.0,12.03,33
33634,1950,3,1,73.89,260.0,12.06,33
33635,1966,3,1,72.77,255.0,12.04,33
33636,1961,3,1,73.37,255.0,12.04,33
33638,1962,3,1,67.54,255.0,12.05,33
33639,1960,6,1,100.63,255.0,12.06,33
33641,1960,3,1,73.08,255.0,12.07,33
33642,1955,3,1,66.41,255.0,12.07,33
33643,1958,3,1,97.28,255.0,12.07,33
33645,1980,6,1,90.39,345.0,12.1,33
33646,1950,9,1,101.63,345.0,11.93,33
33648,1950,3,1,90.89,345.0,11.9,33
33649,1950,3,1,91.88,345.0,11.88,33
33650,1960,6,1,63.75,70.0,12.1,33
33651,1956,3,1,183.91,75.0,12.0,33
33652,1956,6,1,174.32,75.0,11.95,33
33653,1996,3,1,89.35,75.0,11.9,33
33655,1940,3,1,64.89,75.0,12.4,33
33656,1950,3,1,97.12,75.0,inf,33
33658,1930,3,1,72.69,165.0,11.66,33
33659,1957,3,1,143.91,165.0,11.64,33
33661,1955,3,1,92.95,165.0,11.76,33
33662,1973,3,1,74.02,165.0,11.82,33
33663,1960,3,1,100.15,255.0,8.04,33
33664,1955,6,1,73.87,255.0,7.99,33
33665,1973,3,1,76.28,255.0,7.98,33
33667,1960,3,1,111.66,255.0,7.97,33
33668,1960,3,1,75.16,255.0,7.96,33
33670,2000,3,1,69.59,255.0,7.96,33
33671,1958,3,1,67.81,255.0,7.94,33
33672,1960,3,1,73.14,255.0,7.94,33
33673,1940,3,1,59.47,255.0,7.92,33
33674,1973,3,1,71.14,255.0,7.92,33
33676,1949,3,1,71.3,255.0,7.92,33
33678,2012,15,1,392.12,75.0,12.08,33
33680,1952,9,1,264.33,345.0,11.75,33
33682,1950,3,1,82.45,345.0,11.73,33
33683,1952,9,1,75.8,75.0,12.02,33
33684,2009,9,1,97.17,75.0,12.04,33
33686,1951,9,1,61.24,75.0,12.07,33
33688,1949,6,1,77.7,75.0,12.07,33
33689,1946,3,1,78.32,75.0,12.07,33
33691,1947,3,1,79.87,75.0,12.04,33
33692,1951,9,1,73.1,75.0,12.04,33
33695,1949,3,1,75.13,75.0,12.03,33
33696,1946,9,1,74.11,75.0,12.03,33
33697,1951,3,1,94.87,75.0,12.03,33
33698,1948,3,1,64.28,75.0,12.02,33
33699,1953,3,1,83.98,75.0,12.02,33
33701,1948,6,1,82.47,75.0,12.01,33
33703,1954,3,1,84.9,165.0,11.85,33
33704,1956,6,1,82.72,165.0,11.78,33
33705,1981,3,1,98.79,165.0,11.73,33
33707,1950,3,1,68.77,255.0,8.11,33
33708,1949,3,1,72.11,255.0,8.09,33
33710,1949,6,1,73.59,255.0,8.06,33
33711,1961,3,1,71.61,255.0,8.04,33
33712,1958,3,1,63.1,255.0,8.02,33
33713,1947,3,1,59.02,255.0,8.01,33
33715,1968,3,1,107.34,255.0,7.98,33
33716,1956,3,1,95.24,255.0,7.95,33
33717,1947,3,1,81.65,255.0,7.92,33
33718,2005,6,1,97.1,255.0,7.88,33
33719,1955,9,1,101.79,255.0,7.85,33
33721,1957,6,1,134.36,75.0,12.01,33
33722,2010,12,1,207.62,75.0,12.05,33
33724,1960,3,1,137.93,345.0,11.92,33
33726,1955,3,1,102.79,345.0,11.91,33
33727,1964,3,1,147.31,75.0,12.07,33
33728,1958,3,1,57.73,75.0,12.09,33
33729,1958,3,1,40.01,75.0,12.1,33
33731,1960,6,1,73.89,75.0,12.11,33
33732,1955,3,1,64.43,75.0,12.12,33
33733,1952,3,1,51.9,75.0,12.14,33
33734,1956,6,1,47.73,75.0,12.14,33
33735,1955,3,1,66.01,75.0,12.15,33
33736,1979,3,1,68.63,75.0,12.12,33
33737,2002,3,1,62.82,75.0,12.09,33
33738,1957,3,1,67.01,75.0,12.05,33
33739,1978,6,1,67.45,75.0,12.05,33
33740,1957,3,1,65.31,75.0,12.04,33
33741,1960,6,1,61.38,75.0,12.04,33
33743,1957,3,1,69.53,75.0,12.03,33
33744,2006,9,1,122.7,75.0,12.02,33
33746,1997,3,1,72.93,165.0,11.78,33
33747,1957,3,1,93.72,165.0,11.82,33
33748,1959,3,1,86.82,165.0,11.87,33
33749,1958,3,1,65.7,165.0,11.91,33
33750,1961,3,1,79.67,255.0,8.18,33
33751,1958,3,1,120.09,255.0,8.14,33
33752,1958,3,1,78.27,255.0,8.12,33
33753,1954,3,1,76.39,255.0,8.09,33
33754,2001,6,1,55.05,255.0,8.09,33
33755,1955,6,1,69.64,255.0,8.06,33
33756,1952,3,1,68.32,255.0,8.04,33
33757,1959,3,1,70.65,255.0,8.02,33
33758,1950,3,1,70.13,255.0,8.0,33
33759,1957,3,1,73.01,255.0,8.0,33
33760,1975,3,1,104.1,255.0,7.98,33
33762,1988,6,1,98.24,255.0,7.97,33
33763,1988,6,1,154.28,255.0,7.95,33
33765,2007,12,1,123.91,300.0,27.12,33
33767,1961,3,1,39.03,345.0,11.86,33
33768,1959,3,1,39.05,345.0,11.91,33
33769,1960,3,1,64.76,75.0,7.93,33
33770,1975,3,1,154.67,255.0,11.98,33
33771,1953,3,1,91.66,75.0,7.96,33
33772,1980,3,1,73.25,75.0,7.96,33
33773,1952,3,1,76.26,75.0,7.97,33
33774,1959,3,1,69.18,75.0,7.97,33
33775,1957,3,1,76.93,75.0,7.99,33
33776,1962,3,1,60.77,75.0,8.0,33
33777,1970,9,1,75.04,75.0,8.01,33
33779,2022,3,1,62.77,75.0,8.03,33
33781,1989,9,1,58.67,75.0,8.05,33
33783,1958,3,1,69.73,75.0,8.07,33
33784,1951,3,1,64.68,75.0,8.09,33
33785,1952,3,1,73.39,75.0,8.1,33
33786,1972,3,1,85.01,75.0,8.12,33
33788,1958,3,1,77.26,75.0,8.14,33
33789,1970,9,1,101.02,165.0,11.91,33
33791,1968,3,1,103.65,165.0,11.96,33
33793,1967,3,1,95.08,165.0,11.91,33
33794,1960,3,1,93.34,170.0,12.02,33
33795,1986,3,1,174.57,255.0,12.54,33
33796,1951,3,1,84.61,255.0,12.47,33
33797,2003,6,1,73.77,255.0,12.42,33
33799,1958,3,1,68.07,255.0,12.39,33
33800,1952,3,1,66.37,255.0,12.35,33
33801,1957,3,1,73.08,255.0,12.32,33
33802,1955,3,1,70.64,255.0,12.29,33
33803,1975,3,1,55.38,255.0,12.25,33
33804,1956,3,1,66.91,255.0,12.22,33
33805,2003,9,1,54.2,255.0,12.19,33
33806,1989,3,1,116.17,255.0,12.15,33
33807,1957,3,1,68.67,255.0,12.1,33
33808,1950,3,1,83.13,255.0,12.07,33
33809,1974,3,1,94.32,255.0,12.02,33
33810,1974,3,1,74.99,345.0,11.86,33
33811,2001,3,1,77.37,345.0,11.81,33
33812,2002,3,1,58.33,75.0,12.02,33
33813,1965,3,1,33.8,75.0,12.02,33
33814,1970,3,1,61.88,75.0,12.02,33
33815,1971,3,1,69.6,75.0,12.01,33
33817,2008,9,1,75.52,75.0,12.01,33
33819,1978,9,1,75.66,80.0,12.02,33
33820,1981,3,1,104.18,75.0,12.02,33
33821,1970,3,1,73.18,75.0,12.01,33
33822,1969,9,1,66.22,75.0,12.01,33
33824,1969,3,1,75.51,75.0,12.01,33
33825,1969,3,1,57.83,75.0,12.01,33
33826,1970,3,1,61.44,75.0,12.01,33
33827,1972,3,1,74.67,75.0,12.0,33
33828,2000,3,1,56.98,75.0,12.01,33
33829,1976,6,1,70.47,75.0,12.01,33
33830,1974,3,1,75.79,75.0,12.01,33
33831,1972,9,1,75.24,75.0,12.01,33
33832,1968,9,1,68.64,125.0,27.1,33
33833,1968,3,1,79.56,165.0,11.93,33
33834,1972,3,1,82.29,255.0,7.86,33
33835,2008,9,1,52.94,255.0,7.87,33
33836,1963,3,1,60.19,255.0,7.87,33
33837,1970,6,1,67.8,255.0,7.87,33
33838,1969,3,1,74.21,255.0,7.89,33
33840,1975,3,1,121.22,255.0,7.89,33
33841,1969,3,1,64.85,255.0,7.92,33
33842,1955,3,1,75.03,255.0,7.92,33
33843,1972,3,1,69.19,255.0,7.94,33
33845,1970,3,1,90.21,255.0,7.94,33
33846,1976,9,1,116.73,255.0,7.96,33
33848,1968,3,1,62.38,255.0,7.97,33
33849,2009,9,1,62.55,75.0,12.0,33
33851,2009,9,1,74.84,255.0,7.91,33
33852,2015,12,1,128.07,125.0,26.95,33
33853,1964,3,1,54.98,345.0,12.0,33
33854,2005,9,1,74.5,345.0,12.0,33
33855,2006,9,1,74.88,345.0,12.01,33
33857,1964,6,1,103.05,255.0,12.43,33
33859,1965,3,1,56.54,75.0,7.97,33
33860,1964,3,1,88.81,75.0,7.96,33
33862,1962,3,1,105.75,75.0,7.94,33
33863,1969,3,1,103.84,75.0,7.93,33
33864,1949,3,1,93.06,75.0,7.92,33
33865,1976,3,1,77.77,75.0,7.91,33
33867,1968,3,1,74.33,75.0,7.9,33
33869,1969,3,1,65.43,75.0,7.88,33
33870,1930,6,1,79.32,75.0,7.87,33
33872,1968,3,1,59.55,75.0,7.87,33
33873,1972,3,1,64.1,75.0,7.87,33
33874,2004,3,1,81.33,75.0,7.86,33
33876,1968,6,1,59.89,75.0,7.85,33
33877,1963,3,1,161.95,210.0,26.91,33
33879,1969,3,1,119.76,255.0,12.06,33
33880,1968,3,1,67.52,255.0,12.04,33
33881,1969,3,1,62.49,255.0,12.03,33
33882,1967,3,1,65.73,255.0,12.02,33
33883,1969,3,1,64.97,255.0,12.02,33
33884,1967,3,1,70.33,255.0,12.0,33
33885,1949,3,1,118.89,255.0,12.0,33
33886,1965,6,1,67.94,255.0,12.14,33
33887,1966,6,1,65.88,255.0,15.26,33
33889,1978,6,1,135.12,255.0,81.25,33
33890,1972,3,1,60.78,255.0,69.96,33
33892,1962,6,1,61.39,255.0,15.72,33
33893,1967,3,1,70.64,255.0,13.44,33
33894,1966,3,1,72.94,255.0,13.24,33
33895,1964,6,1,140.48,255.0,12.96,33
33898,2000,3,1,58.65,255.0,12.63,33
33899,1964,3,1,162.58,255.0,12.01,33
33900,1972,3,1,98.31,345.0,11.91,33
33902,1963,3,1,87.21,345.0,11.95,33
33903,1956,3,1,99.23,345.0,11.98,33
33904,1966,9,1,122.05,345.0,12.01,33
33906,1974,3,1,60.48,75.0,7.89,33
33907,1970,3,1,54.07,75.0,7.89,33
33908,1963,3,1,52.06,75.0,7.89,33
33909,1969,3,1,62.6,75.0,7.89,33
33911,1953,3,1,89.07,75.0,7.89,33
33912,1991,3,1,96.36,75.0,7.89,33
33913,1953,6,1,82.54,75.0,7.89,33
33914,1970,6,1,94.47,75.0,7.88,33
33916,1995,9,1,134.35,75.0,7.88,33
33919,1968,3,1,55.46,75.0,7.88,33
33921,1967,3,1,108.74,165.0,11.97,33
33922,1970,6,1,58.62,165.0,11.95,33
33925,1964,3,1,73.15,165.0,11.95,33
33926,2005,3,1,115.27,165.0,11.93,33
33928,2002,9,1,88.19,255.0,12.05,33
33929,1964,3,1,74.05,255.0,12.01,33
33930,2006,3,1,56.15,255.0,12.01,33
33931,1988,9,1,76.63,255.0,12.01,33
33933,1964,3,1,61.63,255.0,12.01,33
33934,1965,6,1,57.78,255.0,12.0,33
33935,1967,3,1,39.78,255.0,12.01,33
33936,1966,3,1,62.83,255.0,12.01,33
33937,1970,6,1,60.56,255.0,12.0,33
33938,1962,6,1,58.21,255.0,12.01,33
33940,1969,3,1,55.45,255.0,12.02,33
33942,1967,3,1,61.75,255.0,12.01,33
33944,1968,3,1,69.78,255.0,12.02,33
33945,1975,3,1,72.86,255.0,12.01,33
33947,1977,9,1,121.17,255.0,12.01,33
33949,1997,3,1,89.23,255.0,12.01,33
33950,1967,3,1,103.15,340.0,32.89,33
33951,1969,3,1,118.69,340.0,12.0,33
33952,1960,3,1,84.22,340.0,11.98,33
33953,1960,3,1,97.08,340.0,11.97,33
33954,1967,9,1,147.47,340.0,11.96,33
33958,1978,3,1,66.63,75.0,11.99,33
33960,1967,3,1,73.64,75.0,26.99,33
33962,1963,3,1,97.27,75.0,16.24,33
33963,1961,3,1,61.16,75.0,12.21,33
33964,1972,3,1,95.14,75.0,12.18,33
33965,1969,3,1,94.35,75.0,12.16,33
33966,1966,3,1,76.75,75.0,12.04,33
33968,2007,12,1,83.79,165.0,15.88,33
33970,1969,6,1,73.89,165.0,15.88,33
33971,1968,3,1,77.5,165.0,15.9,33
33972,1958,3,1,90.39,165.0,15.92,33
33973,1978,3,1,100.78,165.0,15.95,33
33974,2006,6,1,88.49,255.0,8.05,33
33975,1965,6,1,85.93,255.0,8.04,33
33976,1963,3,1,74.79,255.0,8.03,33
33977,1959,6,1,99.22,255.0,8.03,33
33978,1963,3,1,64.94,255.0,8.03,33
33979,1963,3,1,70.86,255.0,8.03,33
33980,1966,3,1,94.42,255.0,8.03,33
33981,1997,3,1,53.39,300.0,57.34,33
33982,1972,3,1,67.66,345.0,15.58,33
33984,1970,6,1,78.79,345.0,15.66,33
33985,1970,3,1,119.54,345.0,15.8,33
33987,1968,3,1,82.72,345.0,15.92,33
33989,1969,3,1,88.06,75.0,7.9,33
33990,1968,3,1,71.43,75.0,7.9,33
33992,1969,3,1,52.6,75.0,7.89,33
33993,1973,3,1,54.36,75.0,7.89,33
33994,1976,3,1,71.2,75.0,7.89,33
33995,1970,3,1,72.36,75.0,7.89,33
33997,1970,3,1,85.91,75.0,7.89,33
33998,1970,3,1,98.21,75.0,7.89,33
34000,1971,3,1,68.96,75.0,7.88,33
34001,1982,3,1,66.31,75.0,7.89,33
34002,2000,3,1,75.8,75.0,7.88,33
34003,1970,3,1,68.73,75.0,7.88,33
34004,1968,3,1,68.9,75.0,7.87,33
34005,2000,3,1,79.43,75.0,7.87,33
34006,1969,3,1,63.24,75.0,7.87,33
34007,1975,3,1,68.26,75.0,7.87,33
34008,2010,9,1,52.81,75.0,7.87,33
34010,1976,3,1,68.69,75.0,7.87,33
34011,1972,3,1,39.87,75.0,7.86,33
34012,1961,3,1,149.54,165.0,11.97,33
34013,2006,9,1,138.11,165.0,11.92,33
34015,1963,3,1,132.73,215.0,26.92,33
34016,1970,3,1,127.24,255.0,12.19,33
34017,1969,3,1,71.59,255.0,12.16,33
34018,1970,3,1,115.83,255.0,12.12,33
34019,1969,3,1,71.82,255.0,12.09,33
34020,1970,3,1,68.28,255.0,12.06,33
34021,1962,3,1,69.09,255.0,12.04,33
34022,1962,3,1,47.23,255.0,12.01,33
34023,1970,3,1,71.09,255.0,11.99,33
34025,1970,3,1,78.62,255.0,11.96,33
34026,1966,3,1,125.87,255.0,11.91,33
34028,1969,3,1,105.74,255.0,11.87,33
34030,1973,6,1,51.22,255.0,11.84,33
34032,1970,6,1,74.38,255.0,11.82,33
34033,1967,3,1,77.5,255.0,11.79,33
34034,1968,6,1,73.58,255.0,11.77,33
34036,1964,3,1,72.24,255.0,11.74,33
34038,1969,6,1,105.14,255.0,11.71,33
34040,1970,6,1,53.4,260.0,11.68,33
34041,1954,6,1,159.25,345.0,15.94,33
34045,1970,3,1,93.79,345.0,15.89,33
34046,1971,6,1,88.95,345.0,15.87,33
34047,1986,6,1,129.26,30.0,31.56,33
34048,1970,3,1,94.96,75.0,11.9,33
34050,1974,3,1,55.01,75.0,11.88,33
34051,1966,6,1,74.91,75.0,11.88,33
34052,2023,6,1,74.27,75.0,11.86,33
34053,1992,12,1,72.33,75.0,11.86,33
34056,1950,6,1,65.64,75.0,11.86,33
34058,1970,9,1,71.98,75.0,11.85,33
34059,1967,9,1,76.99,75.0,11.84,33
34062,1980,6,1,73.44,75.0,11.83,33
34063,1969,3,1,71.76,75.0,11.83,33
34065,1962,3,1,64.98,75.0,11.82,33
34066,1967,3,1,68.6,75.0,11.82,33
34068,1969,3,1,76.29,75.0,11.81,33
34070,1967,3,1,75.96,75.0,11.81,33
34072,1966,3,1,75.68,75.0,11.8,33
34074,1961,3,1,76.84,75.0,11.79,33
34075,1970,3,1,70.6,75.0,11.79,33
34076,1962,3,1,82.46,75.0,11.78,33
34077,1960,3,1,76.19,75.0,11.78,33
34078,1953,3,1,67.46,75.0,11.76,33
34079,1982,9,1,75.16,75.0,11.76,33
34081,1958,3,1,102.87,75.0,11.77,33
34083,1964,3,1,90.95,120.0,26.06,33
34084,1965,9,1,101.1,165.0,12.19,33
34087,1959,3,1,70.7,255.0,7.86,33
34088,1965,3,1,58.45,255.0,7.87,33
34089,1957,3,1,74.61,255.0,7.87,33
34091,1953,3,1,63.91,255.0,7.87,33
34092,1955,3,1,70.29,255.0,7.87,33
34093,1998,6,1,186.84,255.0,7.87,33
34094,1958,3,1,76.55,255.0,7.87,33
34095,1959,6,1,108.87,255.0,7.88,33
34096,2008,9,1,76.62,255.0,7.89,33
34097,1960,3,1,75.91,255.0,7.88,33
34098,1956,9,1,77.94,255.0,7.89,33
34100,1971,3,1,121.54,255.0,7.88,33
34102,1962,3,1,98.24,255.0,7.89,33
34103,1960,3,1,67.95,255.0,7.89,33
34104,1999,3,1,54.78,255.0,7.89,33
34105,1968,3,1,67.52,255.0,7.9,33
34107,1965,3,1,71.59,255.0,7.9,33
34108,1969,3,1,117.42,340.0,18.75,33
34109,1968,3,1,49.6,340.0,83.2,33
34111,1979,9,1,60.22,340.0,66.33,33
34113,2010,15,1,104.97,30.0,30.96,33
34115,1969,3,1,71.23,75.0,11.69,33
34116,1966,3,1,55.1,75.0,11.73,33
34118,1966,3,1,54.39,75.0,11.74,33
34119,1964,3,1,104.16,75.0,11.78,33
34120,1975,3,1,103.49,75.0,11.81,33
34122,1968,6,1,77.65,75.0,11.85,33
34125,1969,3,1,76.18,75.0,11.87,33
34126,1970,3,1,116.97,75.0,11.9,33
34127,1968,3,1,111.75,75.0,11.95,33
34128,1970,3,1,61.32,75.0,11.98,33
34129,2000,6,1,77.12,75.0,12.0,33
34130,1965,3,1,117.3,75.0,12.04,33
34131,1965,3,1,65.86,75.0,12.07,33
34132,1963,3,1,75.7,75.0,12.1,33
34133,1966,3,1,65.47,75.0,12.12,33
34134,1970,3,1,77.12,75.0,12.14,33
34136,1958,3,1,63.82,75.0,12.17,33
34138,1965,6,1,74.38,75.0,12.19,33
34141,1969,3,1,45.7,75.0,12.22,33
34143,1965,9,1,93.09,120.0,26.85,33
34144,1966,3,1,81.49,165.0,11.81,33
34145,1963,3,1,80.12,165.0,11.86,33
34146,1968,3,1,100.74,165.0,11.91,33
34148,1969,6,1,74.89,165.0,11.97,33
34149,1965,9,1,75.38,255.0,7.99,33
34151,1962,3,1,57.32,255.0,7.98,33
34152,1966,3,1,58.09,255.0,7.97,33
34153,1978,6,1,108.87,255.0,7.96,33
34155,1974,3,1,68.36,255.0,7.96,33
34157,1978,3,1,92.46,260.0,7.97,33
34158,1968,3,1,94.15,255.0,7.95,33
34159,1970,6,1,73.21,255.0,7.94,33
34160,1986,3,1,100.44,255.0,7.94,33
34161,1965,3,1,50.26,255.0,7.93,33
34162,1965,3,1,51.41,255.0,7.93,33
34163,1964,9,1,76.64,255.0,7.92,33
34165,1966,3,1,66.65,255.0,7.91,33
34167,1972,3,1,59.61,255.0,7.91,33
34168,1965,3,1,66.94,255.0,7.9,33
34169,1960,3,1,60.2,255.0,7.9,33
34170,1953,3,1,69.61,255.0,7.9,33
34172,1968,3,1,58.13,255.0,7.9,33
34173,2005,6,1,76.55,255.0,7.89,33
34174,1976,3,1,65.19,255.0,7.89,33
34175,1964,3,1,69.17,255.0,7.88,33
34176,1969,12,1,289.52,255.0,19.18,33
34177,1963,12,1,284.48,255.0,12.03,33
34178,1969,12,1,269.8,255.0,12.04,33
34179,1969,12,1,285.81,255.0,24.0,33
34180,1962,3,1,91.31,0.0,42.16,33
34183,1960,3,1,145.52,0.0,15.06,33
34185,1972,12,1,211.18,75.0,21.14,33
34186,1960,3,1,77.0,75.0,11.5,33
34188,1991,3,1,80.49,120.0,25.14,33
34189,2004,3,1,148.76,165.0,11.96,33
34190,1965,3,1,126.3,160.0,11.98,33
34191,1963,3,1,96.07,165.0,11.99,33
34193,1981,6,1,127.1,165.0,12.01,33
34194,1969,12,1,369.92,200.0,31.67,33
34195,1969,12,1,366.26,345.0,16.74,33
34202,1961,3,1,112.92,35.0,11.87,33
34203,1961,6,1,80.19,35.0,11.9,33
34206,1964,3,1,122.11,35.0,11.89,33
34208,1964,3,1,125.74,35.0,11.9,33
34210,1970,3,1,393.65,125.0,11.95,33
34213,1962,3,1,137.27,170.0,30.21,33
34214,1998,9,1,98.36,215.0,15.98,33
34217,1965,9,1,139.39,260.0,30.33,33
34218,1963,3,1,133.65,305.0,11.87,33
34220,1991,3,1,67.07,35.0,11.9,33
34221,1991,3,1,67.42,35.0,11.89,33
34222,1991,3,1,66.89,35.0,11.89,33
34225,2000,9,1,525.35,305.0,59.93,33
34226,1962,3,1,528.94,215.0,15.94,33
34229,1962,3,1,63.06,35.0,12.29,33
34230,1962,9,1,67.94,125.0,12.09,33
34232,1957,3,1,73.59,35.0,18.59,33
34234,1957,3,1,64.6,35.0,8.98,33
34235,1957,3,1,54.96,35.0,9.12,33
34236,1974,3,1,55.58,35.0,9.66,33
34237,1957,3,1,57.37,35.0,10.12,33
34238,1964,3,1,56.44,35.0,10.75,33
34239,1964,3,1,54.28,35.0,11.21,33
34240,1957,3,1,74.64,35.0,12.17,33
34242,1957,3,1,64.91,125.0,11.88,33
34243,1957,3,1,78.99,125.0,11.87,33
34245,1959,6,1,250.26,170.0,29.89,33
34246,1957,3,1,67.32,215.0,16.03,33
34247,1955,3,1,50.14,215.0,16.01,33
34248,1954,3,1,60.31,215.0,16.0,33
34249,1955,3,1,53.47,215.0,15.98,33
34250,1959,3,1,68.16,215.0,15.96,33
34251,1955,3,1,70.39,215.0,15.94,33
34252,1959,6,1,252.89,260.0,30.68,33
34253,1957,3,1,56.44,305.0,11.98,33
34254,1957,3,1,53.62,305.0,11.96,33
34255,1962,3,1,159.7,350.0,26.74,33
34257,1962,3,1,163.71,35.0,11.98,33
34258,1994,3,1,167.1,35.0,11.97,33
34261,1964,3,1,124.26,35.0,11.98,33
34262,1964,3,1,136.95,35.0,11.98,33
34263,1961,3,1,132.72,125.0,11.95,33
34264,1966,3,1,99.57,125.0,11.95,33
34266,1966,3,1,171.24,125.0,11.95,33
34268,1964,3,1,94.68,125.0,11.94,33
34270,1964,3,1,98.23,125.0,11.94,33
34272,1974,3,1,71.63,125.0,11.94,33
34273,1968,3,1,62.08,170.0,26.76,33
34274,1962,3,1,71.95,170.0,27.02,33
34276,1962,3,1,73.42,215.0,12.56,33
34277,1970,3,1,35.17,215.0,12.58,33
34278,2004,3,1,230.61,260.0,26.8,33
34280,1965,6,1,128.22,305.0,11.8,33
34281,1975,3,1,120.59,305.0,11.78,33
34282,1963,3,1,170.76,305.0,11.77,33
34285,2007,9,1,248.7,305.0,11.75,33
34286,1958,3,1,149.33,305.0,11.73,33
34287,2002,12,1,23.94,35.0,0.0,33
34288,1990,3,1,242.7,215.0,12.64,33
34290,2016,15,1,577.88,215.0,12.62,33
34294,1978,3,1,274.33,35.0,12.96,33
34306,1970,3,1,153.24,125.0,11.94,33
34308,1985,6,1,526.79,125.0,11.98,33
34309,1966,3,1,105.88,125.0,12.03,33
34312,2008,9,1,119.11,125.0,12.07,33
34314,1990,9,1,145.63,125.0,12.09,33
34315,1960,3,1,187.48,170.0,26.78,33
34317,1964,3,1,197.91,215.0,11.94,33
34320,1966,3,1,136.38,215.0,11.93,33
34321,1964,3,1,158.31,215.0,11.94,33
34323,1970,6,1,120.13,305.0,31.48,33
34325,1958,3,1,154.62,215.0,31.95,33
34326,1970,6,1,139.67,305.0,12.0,33
34327,1973,6,1,155.58,305.0,12.0,33
34328,1975,3,1,163.91,305.0,11.99,33
34330,1968,3,1,135.01,305.0,11.99,33
34331,1968,9,1,159.94,305.0,11.98,33
34333,1970,3,1,165.69,305.0,11.97,33
34335,1970,3,1,146.62,305.0,11.97,33
34338,1969,3,1,104.65,305.0,11.97,33
34339,1965,3,1,154.52,305.0,11.96,33
34341,1965,3,1,172.52,305.0,11.95,33
34344,1967,3,1,134.95,305.0,11.95,33
34345,2005,15,1,292.5,35.0,3.16,33
34347,2005,15,1,407.0,35.0,7.95,33
34348,2005,15,1,696.8,350.0,30.36,33
34349,2003,12,1,662.53,350.0,29.69,33
34350,2003,12,1,198.06,35.0,16.05,33
34351,1970,3,1,156.47,35.0,16.07,33
34352,1967,3,1,124.79,35.0,16.12,33
34353,1965,6,1,76.1,35.0,16.15,33
34354,1964,3,1,91.67,80.0,22.66,33
34356,1969,3,1,159.19,125.0,11.92,33
34357,1965,3,1,102.84,125.0,11.93,33
34358,1983,6,1,181.83,125.0,11.94,33
34360,2009,12,1,74.87,125.0,11.95,33
34362,2003,9,1,99.91,125.0,11.95,33
34364,1971,3,1,168.63,125.0,11.96,33
34367,1970,3,1,170.58,125.0,11.96,33
34369,1965,6,1,146.63,125.0,11.97,33
34370,1962,3,1,145.77,125.0,11.97,33
34372,1965,3,1,119.72,125.0,11.98,33
34375,2007,6,1,73.5,125.0,11.98,33
34379,2007,9,1,571.55,275.0,27.74,33
34384,1977,6,1,26.86,305.0,11.78,33
34386,1964,3,1,155.16,305.0,11.78,33
34388,1964,3,1,139.99,305.0,11.77,33
34389,1969,3,1,138.4,305.0,11.77,33
34390,1963,9,1,122.48,305.0,11.77,33
34391,1962,3,1,173.04,305.0,11.76,33
34393,1974,3,1,126.0,305.0,11.76,33
34395,1963,3,1,140.64,305.0,11.76,33
34397,1970,3,1,169.06,305.0,11.76,33
34399,1969,3,1,174.51,305.0,11.76,33
34401,1988,6,1,80.5,60.0,106.21,33
34402,1962,3,1,90.69,60.0,106.11,33
34405,1978,9,1,103.15,125.0,11.85,33
34406,1970,6,1,111.99,125.0,21.5,33
34408,2000,12,1,121.31,210.0,16.2,33
34409,1967,3,1,107.36,215.0,16.07,33
34410,1996,12,1,647.63,260.0,30.27,33
34411,1966,3,1,123.06,305.0,11.99,33
34412,1964,3,1,109.56,305.0,11.98,33
34414,1958,6,1,128.41,305.0,11.98,33
34416,1958,6,1,130.12,305.0,11.99,33
34417,2007,15,1,440.36,60.0,108.35,33
34418,1967,6,1,118.14,125.0,11.99,33
34421,1963,3,1,132.63,125.0,11.99,33
34423,1998,3,1,146.48,125.0,11.99,33
34424,1979,3,1,132.6,125.0,11.98,33
34425,1963,9,1,117.15,125.0,11.98,33
34426,1970,3,1,116.68,125.0,11.98,33
34428,1986,6,1,126.17,125.0,11.99,33
34430,1968,3,1,221.91,125.0,11.99,33
34432,1963,3,1,121.44,125.0,11.98,33
34434,1963,3,1,136.2,165.0,33.55,33
34436,1963,3,1,249.56,165.0,29.37,33
34438,1980,3,1,243.22,260.0,39.94,33
34440,1964,3,1,188.54,310.0,28.65,33
34446,1968,3,1,118.72,325.0,8.3,33
34447,2000,15,1,288.36,345.0,8.98,33
34450,2003,3,1,429.85,60.0,117.83,33
34453,1960,15,1,170.75,305.0,16.9,33
34454,1960,15,1,170.74,35.0,20.01,33
34455,1960,15,1,170.75,35.0,20.01,33
34459,1960,15,1,170.73,35.0,20.01,33
34460,1960,15,1,170.74,125.0,20.01,33
34461,1960,15,1,170.75,215.0,22.75,33
34462,1960,15,1,170.73,305.0,22.0,33
34463,1960,15,1,170.76,305.0,20.01,33
34464,1960,15,1,170.76,215.0,63.11,33
34465,1960,15,1,170.75,305.0,2.96,33
34466,1960,15,1,170.74,35.0,44.63,33
34467,1960,15,1,170.75,35.0,44.63,33
34469,1960,36,1,347.54,305.0,26.51,33
34471,1960,36,1,357.19,125.0,28.63,33
34473,1960,36,1,347.15,125.0,29.4,33
34475,1960,36,1,347.5,305.0,30.38,33
34477,1960,36,1,357.75,35.0,29.91,33
34479,1960,36,1,357.34,305.0,41.26,33
34480,1960,15,1,170.75,215.0,47.52,33
34481,1960,15,1,170.74,215.0,60.9,33
34482,1960,15,1,170.74,215.0,64.79,33
34485,1960,36,1,347.5,35.0,47.42,33
34486,1960,15,1,170.75,35.0,52.06,33
34487,1960,15,1,170.75,305.0,60.19,33
34488,1960,15,1,170.75,305.0,69.79,33
34489,1960,15,1,170.75,305.0,21.14,33
34490,1960,15,1,170.74,35.0,87.47,33
34491,1960,15,1,170.74,35.0,81.53,33
34492,1960,15,1,170.75,215.0,36.6,33
34509,2023,6,1,233.85,75.0,7.97,33
34512,1981,3,1,223.42,75.0,7.75,33
34515,2011,6,1,277.36,205.0,12.37,33
34519,1983,3,1,199.23,225.0,12.42,33
34521,1981,6,1,120.24,315.0,3.51,33
34523,1980,3,1,197.37,235.0,12.92,33
34526,1997,3,1,416.17,225.0,12.17,60
34528,1988,9,1,228.09,230.0,16.77,33
34531,2007,6,1,557.69,205.0,23.18,33
34535,1986,6,1,286.21,205.0,13.02,33
34539,1980,6,1,210.61,205.0,12.18,33
34542,2022,9,1,306.29,230.0,13.4,60
34544,2008,6,1,200.77,205.0,12.66,33
34547,2018,9,1,581.68,205.0,18.29,33
34551,2003,6,1,374.0,230.0,12.22,33
34554,1965,9,1,306.06,205.0,12.44,33
34558,2016,9,1,240.02,205.0,30.47,33
34561,1999,3,1,135.81,290.0,10.05,33
34563,1999,3,1,127.99,0.0,35.91,33
34565,2000,3,1,122.14,65.0,9.97,33
34567,2002,3,1,142.72,290.0,10.02,33
34569,1942,3,1,253.21,100.0,inf,33
34572,1976,3,1,93.03,245.0,10.16,33
34575,1997,6,1,146.97,295.0,10.32,33
34578,1997,6,1,156.48,295.0,14.95,33
34580,1996,3,1,110.3,100.0,inf,33
34582,1989,3,1,149.06,245.0,9.95,33
34585,1972,3,1,119.08,100.0,inf,33
34587,1991,6,1,266.42,295.0,10.2,33
34591,2011,6,1,146.3,55.0,10.16,33
34594,2010,6,1,150.5,100.0,inf,33
34597,1975,6,1,173.27,295.0,10.16,33
34600,1977,3,1,208.62,245.0,9.43,33
34603,2020,3,1,182.5,245.0,17.65,33
34606,1996,3,1,420.45,115.0,20.18,33
34607,1955,3,1,178.03,115.0,10.14,33
34610,1988,6,1,108.82,115.0,10.2,33
34614,1997,3,1,156.67,115.0,10.29,33
34617,1998,3,1,126.68,295.0,9.74,33
34620,1998,3,1,121.25,115.0,10.17,33
34623,1970,3,1,100.59,290.0,43.73,33
34624,1924,3,1,150.33,50.0,44.31,33
34625,1930,3,1,132.59,50.0,40.79,33
34628,1927,6,1,123.9,50.0,36.87,33
34632,1975,6,1,228.65,205.0,11.71,33
34706,2002,6,1,147.83,255.0,11.46,33
34707,1961,6,1,127.6,345.0,11.89,33
34708,1959,3,1,125.32,345.0,11.9,33
34709,1949,3,1,122.45,345.0,15.48,33
34711,1996,3,1,181.12,255.0,11.22,33
34712,1992,3,1,68.28,255.0,11.39,33
34713,1991,3,1,74.58,255.0,11.34,33
34714,1991,3,1,74.68,255.0,11.43,33
34715,1993,3,1,89.38,255.0,11.28,33
34716,1973,6,1,121.72,345.0,12.37,33
34717,1961,3,1,102.58,345.0,12.18,33
34718,2001,3,1,64.26,75.0,8.17,33
34719,1947,3,1,57.09,75.0,8.18,33
34720,1957,3,1,57.83,75.0,8.18,33
34721,1973,6,1,102.96,80.0,8.21,33
34723,1980,6,1,69.93,75.0,8.21,33
34724,2001,3,1,70.42,75.0,8.21,33
34725,1948,3,1,67.25,75.0,8.21,33
34726,1946,3,1,54.98,75.0,8.22,33
34727,2008,9,1,102.85,75.0,8.23,33
34729,1949,3,1,52.48,75.0,8.25,33
34730,2008,12,1,247.96,255.0,11.82,33
34732,1949,9,1,63.29,75.0,8.27,33
34733,1967,3,1,50.82,75.0,8.27,33
34734,1962,3,1,47.16,75.0,8.27,33
34735,1973,12,1,96.51,75.0,66.25,33
34736,1950,3,1,93.07,165.0,11.9,33
34737,1949,3,1,92.27,165.0,11.89,33
34738,1947,3,1,92.98,165.0,11.88,33
34739,1950,3,1,131.26,165.0,11.87,33
34740,1948,3,1,75.46,255.0,11.86,33
34741,1959,9,1,70.09,255.0,11.85,33
34743,1959,6,1,73.19,255.0,11.83,33
34745,1964,3,1,82.41,255.0,11.81,33
34746,1960,9,1,88.54,255.0,11.8,33
34748,1962,3,1,63.07,255.0,11.79,33
34750,1948,3,1,59.56,255.0,11.78,33
34751,1957,3,1,53.55,255.0,11.77,33
34752,1961,3,1,103.34,255.0,11.76,33
34754,1977,6,1,96.51,255.0,11.74,33
34756,2007,9,1,104.28,255.0,11.73,33
34757,1959,9,1,50.02,255.0,11.75,33
34758,1948,3,1,45.92,255.0,11.75,33
34759,2008,9,1,185.13,345.0,12.19,33
34760,2004,9,1,66.2,255.0,8.19,33
34761,1948,3,1,57.28,255.0,8.2,33
34764,1980,3,1,133.19,255.0,8.21,33
34765,1957,3,1,45.02,255.0,8.22,33
34766,2004,3,1,81.56,255.0,8.24,33
34768,1966,3,1,29.18,255.0,8.26,33
34770,1983,6,1,42.98,85.0,98.53,33
34771,2000,6,1,303.48,350.0,12.19,33
34772,2003,3,1,173.34,255.0,8.18,33
34774,1963,3,1,95.61,345.0,11.83,33
34775,1942,6,1,133.79,345.0,11.74,33
34776,1992,3,1,66.87,345.0,11.67,33
34778,1958,6,1,178.25,345.0,11.6,33
34780,1956,3,1,71.36,75.0,inf,33
34782,1960,6,1,82.81,94.89224655417526,inf,33
34784,1950,3,1,95.11,165.0,12.18,33
34786,1950,9,1,96.32,165.0,12.17,33
34788,1953,3,1,115.73,255.0,8.14,33
34789,1958,6,1,102.49,255.0,8.12,33
34790,1950,3,1,65.4,255.0,8.12,33
34791,1962,6,1,75.4,255.0,8.11,33
34793,1954,9,1,180.59,95.0,inf,33
34796,1942,3,1,168.37,255.0,12.08,33
34798,1987,12,1,101.75,345.0,11.87,33
34801,1990,3,1,99.07,345.0,11.84,33
34804,1997,3,1,104.8,255.0,12.04,33
34805,1972,3,1,83.57,255.0,11.9,33
34806,1970,3,1,55.47,255.0,11.92,33
34808,1970,9,1,60.99,255.0,11.94,33
34809,1950,3,1,80.66,255.0,11.97,33
34810,1950,3,1,76.79,255.0,11.99,33
34811,1958,3,1,76.73,255.0,12.0,33
34812,1960,3,1,65.57,255.0,12.02,33
34815,1966,3,1,62.79,305.0,27.1,33
34817,1959,3,1,94.44,345.0,11.93,33
34818,1960,3,1,87.03,345.0,11.94,33
34819,1958,3,1,143.53,345.0,11.96,33
34820,1989,3,1,87.03,345.0,11.98,33
34821,1999,9,1,55.02,75.0,8.13,33
34823,1972,6,1,111.75,75.0,8.09,33
34825,1965,9,1,97.47,75.0,8.02,33
34827,1973,3,1,61.99,90.0,8.18,33
34829,1967,3,1,78.16,75.0,7.96,33
34830,1962,3,1,77.28,75.0,7.93,33
34831,2000,3,1,64.62,75.0,7.87,33
34832,1959,3,1,64.38,75.0,7.84,33
34833,1958,3,1,80.38,75.0,7.81,33
34835,1983,6,1,135.21,75.0,7.78,33
34837,1960,3,1,77.66,75.0,inf,33
34838,1971,9,1,55.83,75.0,inf,33
34840,1964,6,1,60.31,165.0,19.25,33
34841,1969,6,1,90.46,165.0,11.84,33
34842,1957,3,1,100.43,165.0,11.87,33
34843,1951,9,1,86.73,165.0,11.9,33
34845,1960,3,1,67.29,255.0,12.02,33
34846,1958,3,1,70.46,255.0,12.03,33
34847,1955,3,1,65.43,255.0,12.03,33
34848,1960,3,1,66.41,255.0,12.04,33
34849,1956,3,1,52.37,255.0,12.04,33
34850,1950,3,1,69.86,255.0,12.05,33
34851,1958,3,1,79.77,255.0,12.06,33
34852,1958,3,1,93.78,255.0,12.08,33
34854,2011,9,1,67.66,255.0,12.13,33
34855,1962,3,1,82.38,255.0,12.15,33
34856,1963,9,1,78.33,255.0,12.14,33
34858,1961,3,1,77.65,255.0,12.11,33
34859,1960,3,1,71.2,255.0,12.1,33
34860,1999,3,1,47.4,255.0,12.09,33
34861,1975,3,1,74.12,260.0,12.09,33
34863,2006,9,1,259.53,270.0,53.32,33
34865,1970,3,1,137.35,255.0,11.66,33
34867,1960,3,1,126.63,75.0,8.2,33
34869,1975,9,1,138.27,70.0,8.27,33
34870,1951,3,1,64.27,255.0,11.75,33
34871,1962,6,1,70.88,255.0,11.76,33
34872,2008,3,1,71.59,75.0,8.24,33
34873,1973,6,1,131.43,255.0,11.79,33
34875,1956,3,1,75.96,75.0,8.26,33
34876,1999,3,1,77.54,75.0,8.27,33
34877,2002,3,1,75.3,75.0,8.28,33
34878,1958,3,1,76.01,75.0,8.28,33
34879,1973,6,1,150.51,165.0,12.09,33
34881,1981,3,1,88.15,165.0,12.01,33
34884,2008,12,1,103.79,165.0,11.93,33
34886,1984,12,1,39.63,260.0,11.88,33
34887,1971,9,1,93.67,255.0,11.87,33
34888,1954,3,1,60.68,255.0,11.84,33
34889,1984,3,1,74.3,255.0,11.83,33
34891,1958,3,1,74.22,255.0,11.82,33
34893,1958,3,1,63.79,255.0,11.82,33
34894,1958,3,1,74.71,255.0,11.8,33
34895,1970,9,1,135.03,255.0,11.73,33
34896,1960,3,1,107.2,255.0,11.7,33
34898,1997,3,1,58.06,75.0,7.99,33
34899,1960,3,1,57.9,255.0,11.77,33
34900,1962,6,1,63.83,75.0,7.42,33
34901,1948,3,1,101.44,345.0,11.87,33
34902,1965,3,1,108.98,345.0,12.08,33
34903,1966,3,1,90.05,345.0,12.14,33
34904,1974,3,1,103.06,345.0,12.19,33
34906,1970,3,1,103.57,345.0,12.24,33
34908,1976,9,1,109.69,35.0,26.72,33
34911,1965,6,1,87.72,75.0,11.84,33
34914,1970,3,1,105.23,75.0,11.86,33
34916,1968,6,1,87.61,75.0,11.86,33
34917,1968,6,1,74.89,75.0,11.87,33
34918,1967,3,1,75.22,75.0,11.88,33
34920,1967,3,1,70.18,75.0,11.89,33
34921,1967,6,1,76.33,75.0,11.9,33
34922,1972,3,1,72.54,75.0,11.9,33
34924,1976,3,1,75.23,75.0,11.94,33
34926,1979,9,1,78.36,75.0,11.83,33
34927,1992,3,1,56.33,75.0,11.83,33
34930,2007,9,1,226.38,165.0,11.76,33
34931,1972,3,1,80.53,255.0,7.87,33
34932,1970,3,1,66.56,255.0,7.88,33
34933,1968,6,1,83.0,255.0,7.88,33
34935,1968,12,1,77.78,255.0,7.88,33
34937,1969,3,1,76.34,255.0,7.88,33
34939,1958,3,1,77.26,255.0,7.89,33
34940,2005,9,1,73.55,255.0,7.89,33
34942,1969,3,1,69.56,255.0,7.89,33
34943,1970,9,1,75.2,255.0,7.89,33
34945,1968,6,1,73.7,255.0,7.88,33
34946,1967,6,1,76.48,255.0,7.89,33
34947,1968,9,1,75.81,255.0,7.89,33
34949,1998,3,1,54.61,255.0,7.89,33
34950,1970,3,1,110.65,255.0,7.89,33
34951,1972,6,1,244.23,300.0,29.22,33
34954,1964,3,1,95.33,345.0,15.81,33
34955,1967,6,1,102.52,345.0,15.87,33
34956,1967,3,1,95.73,345.0,15.92,33
34957,1970,6,1,107.22,345.0,16.01,33
34958,1987,3,1,111.08,345.0,16.08,33
34959,1973,9,1,202.56,75.0,8.1,33
34960,1969,9,1,109.76,75.0,8.09,33
34961,1972,6,1,170.68,75.0,8.09,33
34963,1968,15,1,193.3,75.0,8.07,33
34965,1975,3,1,177.34,75.0,8.07,33
34967,1972,3,1,90.99,75.0,8.06,33
34969,1972,6,1,114.31,75.0,8.05,33
34971,2007,9,1,227.75,75.0,8.05,33
34973,1968,3,1,99.32,75.0,8.03,33
34975,1973,9,1,113.21,75.0,8.34,33
34977,1960,12,1,114.32,75.270175195177,inf,33
34980,1976,3,1,189.44,75.2998372594663,inf,33
34982,1976,6,1,116.18,75.0,inf,33
34984,1972,9,1,43.42,94.96250445569667,inf,33
34985,1972,3,1,73.74,125.0,inf,33
34987,1965,3,1,82.84,165.0,19.12,33
34988,1973,6,1,89.9,165.0,14.5,33
34990,1962,9,1,80.6,165.0,12.08,33
34993,1969,9,1,83.41,165.0,12.13,33
34995,1976,3,1,102.07,210.0,26.72,33
34997,1970,3,1,73.19,255.0,11.76,33
34998,1966,3,1,76.7,255.0,11.77,33
35000,1963,3,1,77.59,255.0,11.78,33
35001,1960,3,1,75.02,255.0,11.79,33
35003,1965,3,1,76.03,255.0,11.79,33
35004,1963,3,1,74.28,255.0,11.8,33
35005,1960,3,1,68.09,255.0,11.8,33
35006,1968,3,1,79.18,255.0,11.81,33
35007,1962,3,1,64.48,255.0,11.82,33
35008,2022,6,1,60.15,255.0,11.83,33
35010,1962,3,1,59.62,255.0,11.84,33
35011,1961,3,1,73.99,255.0,11.83,33
35012,1960,3,1,64.6,255.0,11.85,33
35013,1965,3,1,79.3,255.0,11.86,33
35014,1960,3,1,75.79,255.0,11.86,33
35016,1971,3,1,91.92,255.0,11.87,33
35017,1994,3,1,75.24,255.0,11.88,33
35018,1960,3,1,73.24,255.0,11.89,33
35019,1961,3,1,69.64,255.0,11.9,33
35020,1974,3,1,188.94,255.0,11.81,33
35022,1993,3,1,273.48,345.0,16.39,33
35025,1960,3,1,171.55,300.0,25.19,33
35027,1978,3,1,100.47,340.0,12.57,33
35028,1980,6,1,114.45,340.0,12.06,33
35030,1940,3,1,110.38,340.0,11.82,33
35031,1980,6,1,101.46,340.0,11.92,33
35033,1994,3,1,62.3,165.0,15.95,33
35035,1960,3,1,103.36,210.0,31.38,33
35036,1964,3,1,101.3,255.0,12.2,33
35037,1993,3,1,100.56,255.0,12.22,33
35038,1962,3,1,102.16,255.0,12.0,33
35039,1960,3,1,98.08,255.0,11.96,33
35040,1950,6,1,84.94,255.0,11.91,33
35041,2011,12,1,328.6,255.0,12.16,33
35043,1974,21,1,1478.62,10.0,57.72,33
35060,1994,12,1,138.53,350.0,29.53,33
35062,1970,3,1,112.42,80.0,7.05,33
35064,1967,3,1,127.56,80.0,7.07,33
35066,1960,9,1,96.77,80.0,7.08,33
35067,1969,9,1,112.31,80.0,7.07,33
35069,1964,3,1,129.69,80.0,7.1,33
35070,1974,3,1,114.76,80.0,7.1,33
35071,2005,9,1,132.39,80.0,7.14,33
35072,2009,15,1,77.39,80.0,7.1,33
35074,1980,15,1,464.28,80.0,23.04,33
35075,1967,6,1,101.87,215.0,16.0,33
35078,1970,3,1,98.11,215.0,15.98,33
35079,1959,3,1,183.04,215.0,15.97,33
35081,1959,3,1,194.29,215.0,15.96,33
35082,2003,3,1,140.99,215.0,15.96,33
35084,1975,9,1,112.06,260.0,33.57,33
35085,1968,3,1,148.71,305.0,11.93,33
35086,1963,3,1,65.16,305.0,11.93,33
35087,1966,3,1,77.55,305.0,11.93,33
35088,1973,3,1,115.69,305.0,11.94,33
35089,1966,3,1,99.55,305.0,11.94,33
35090,1963,3,1,85.15,305.0,11.94,33
35091,1966,6,1,92.6,305.0,11.95,33
35094,1956,3,1,90.04,305.0,11.95,33
35096,1963,3,1,100.97,305.0,11.95,33
35098,1986,3,1,62.85,80.0,111.77,33
35100,1986,3,1,60.93,80.0,111.54,33
35102,1986,3,1,61.72,80.0,111.21,33
35104,1986,3,1,59.51,80.0,111.0,33
35106,1986,3,1,60.16,80.0,110.71,33
35108,1986,3,1,61.7,80.0,110.48,33
35110,1986,3,1,60.96,80.0,112.05,33
35112,1986,3,1,59.8,80.0,111.84,33
35114,1986,3,1,59.26,80.0,140.59,33
35116,1986,3,1,58.91,260.0,13.59,33
35118,1986,3,1,56.17,80.0,111.17,33
35119,1986,3,1,61.8,80.0,110.78,33
35121,1986,3,1,59.82,80.0,112.16,33
35123,1986,3,1,60.32,80.0,111.8,33
35125,1986,3,1,60.04,80.0,111.42,33
35127,1986,3,1,60.51,80.0,111.07,33
35129,1986,3,1,60.49,170.0,31.54,33
35131,1967,9,1,169.4,350.0,29.97,33
35132,1962,3,1,49.76,80.0,15.39,33
35133,1962,3,1,65.82,80.0,15.36,33
35135,1994,9,1,99.37,80.0,14.49,33
35137,1965,3,1,126.99,80.0,13.65,33
35140,1960,3,1,81.57,80.0,13.59,33
35141,1966,6,1,97.53,80.0,13.57,33
35142,1967,3,1,105.05,80.0,13.55,33
35144,1960,3,1,131.75,80.0,11.85,33
35146,1964,3,1,107.68,80.0,11.42,33
35148,1970,9,1,116.58,90.0,11.66,33
35149,1962,3,1,156.52,170.0,29.56,33
35152,1962,3,1,62.75,215.0,11.9,33
35153,1969,3,1,62.84,215.0,11.89,33
35155,1980,3,1,69.38,215.0,11.89,33
35156,2003,3,1,134.01,215.0,11.89,33
35157,1961,6,1,93.88,215.0,11.9,33
35159,1960,3,1,99.27,215.0,11.91,33
35161,1967,9,1,109.4,215.0,11.89,33
35164,1965,3,1,86.99,215.0,11.87,33
35166,1964,3,1,201.86,305.0,11.94,33
35168,1964,3,1,105.15,305.0,11.94,33
35169,1965,6,1,85.49,305.0,11.95,33
35170,2007,9,1,85.57,305.0,11.95,33
35171,1976,3,1,119.71,305.0,11.95,33
35173,1987,3,1,96.38,305.0,11.95,33
35175,2004,3,1,117.32,10.0,37.39,33
35177,2007,6,1,117.12,10.0,31.44,33
35179,1992,3,1,93.89,80.0,13.12,33
35180,1972,3,1,118.56,80.0,13.72,33
35183,1985,9,1,100.0,80.0,13.74,33
35184,1979,3,1,108.47,80.0,15.77,33
35186,1960,3,1,122.84,80.0,15.78,33
35187,1960,3,1,126.37,170.0,29.96,33
35188,1964,3,1,106.09,215.0,11.98,33
35189,1999,6,1,101.93,215.0,11.98,33
35190,1965,9,1,120.05,215.0,11.97,33
35193,1963,9,1,120.37,260.0,26.98,33
35194,1980,3,1,115.77,305.0,12.1,33
35195,2006,9,1,93.63,305.0,12.07,33
35196,1969,12,1,141.87,305.0,12.05,33
35198,1967,6,1,107.81,300.0,12.06,33
35199,1962,3,1,118.61,305.0,11.99,33
35201,2003,3,1,77.61,80.0,14.55,33
35202,2003,3,1,78.87,80.0,13.75,33
35203,1986,3,1,60.28,80.0,114.7,33
35205,1986,3,1,59.88,80.0,114.9,33
35207,1986,3,1,60.33,80.0,115.17,33
35209,1986,3,1,59.56,80.0,115.39,33
35211,1986,3,1,60.74,80.0,115.57,33
35213,1986,3,1,62.64,80.0,115.84,33
35215,1986,3,1,60.64,75.0,115.64,33
35217,1986,3,1,58.75,80.0,114.12,33
35219,1986,3,1,61.38,80.0,114.37,33
35221,1986,3,1,60.43,80.0,114.55,33
35223,1986,3,1,60.51,80.0,114.72,33
35225,1986,3,1,61.82,80.0,114.95,33
35227,1986,3,1,60.45,80.0,113.16,33
35229,1986,3,1,60.33,80.0,113.34,33
35231,1986,3,1,60.86,80.0,113.53,33
35233,1986,3,1,60.55,80.0,113.79,33
35235,1986,3,1,58.82,80.0,114.0,33
35237,1986,3,1,63.96,80.0,114.54,33
35239,1960,3,1,309.55,305.0,12.21,33
35240,1975,3,1,96.41,35.0,11.4,33
35241,1958,3,1,65.31,35.0,11.42,33
35242,1958,3,1,44.79,125.0,0.93,33
35243,1960,9,1,49.36,125.0,0.97,33
35246,1984,3,1,120.5,305.0,30.44,33
35250,2013,18,1,727.85,240.0,107.57,33
35252,1983,18,1,461.23,35.0,11.8,33
35255,1970,3,1,128.43,45.0,12.1,33
35258,1959,3,1,93.38,35.0,11.86,33
35260,1947,3,1,294.16,35.0,11.91,33
35261,1965,3,1,86.23,35.0,11.92,33
35264,1961,3,1,94.52,125.0,12.17,33
35266,2007,12,1,59.98,125.0,12.15,33
35267,2013,15,1,75.69,125.0,12.12,33
35269,1962,3,1,151.4,125.0,12.07,33
35272,1976,9,1,114.58,305.0,9.46,33
35273,1969,3,1,132.27,280.0,7.57,33
35275,1978,3,1,129.56,285.0,7.99,33
35278,1981,6,1,236.41,295.0,27.89,33
35280,1988,3,1,186.23,125.0,11.92,33
35281,2008,9,1,144.2,125.0,12.09,33
35283,2009,9,1,343.01,35.0,11.87,33
35285,1960,15,1,170.76,35.0,26.68,33
35286,1960,15,1,170.75,35.0,30.52,33
35287,1960,15,1,170.65,35.0,37.34,33
35288,1960,15,1,170.84,35.0,15.34,33
35289,1960,15,1,170.75,305.0,51.54,33
35290,1960,15,1,170.75,305.0,58.37,33
35291,1960,15,1,170.74,125.0,24.86,33
35292,1960,15,1,170.75,35.0,50.54,33
35293,1960,15,1,170.76,35.0,68.57,33
35294,1960,15,1,170.75,35.0,30.77,33
35295,1960,15,1,170.75,125.0,51.54,33
35296,1960,15,1,170.75,125.0,77.69,33
35297,1960,15,1,262.38,305.0,29.83,33
35298,1960,15,1,119.55,215.0,82.0,33
35299,1960,15,1,262.38,230.0,79.02,33
35300,1960,15,1,129.52,305.0,13.45,33
35301,1960,15,1,129.52,305.0,76.63,33
35302,1960,15,1,262.38,215.0,87.78,33
35303,1960,15,1,129.51,215.0,21.26,33
35304,1960,15,1,129.51,305.0,11.95,33
35308,1960,15,1,129.51,125.0,12.09,33
35309,1960,15,1,129.51,215.0,18.9,33
35310,1960,15,1,262.38,125.0,97.8,33
35311,1960,15,1,129.52,215.0,18.9,33
35312,1960,15,1,129.51,125.0,44.09,33
35313,1960,15,1,262.38,215.0,53.63,33
35314,1960,15,1,129.52,215.0,65.19,33
35315,1960,15,1,127.19,35.0,80.13,33
35316,1960,15,1,141.56,215.0,12.98,33
35317,1960,15,1,262.37,305.0,82.35,33
35318,1960,15,1,262.38,305.0,85.03,33
35319,1960,15,1,262.38,305.0,24.66,33
35320,1960,15,1,119.55,35.0,50.11,33
35321,1960,15,1,262.37,50.0,85.54,33
35322,1960,15,1,129.51,125.0,15.55,33
35323,1960,15,1,129.51,125.0,79.02,33
35324,1960,15,1,129.51,35.0,21.23,33
35325,1960,15,1,129.51,215.0,14.74,33
35327,1960,12,1,119.54,215.0,76.28,33
35329,1960,12,1,119.54,215.0,31.66,33
35331,1960,12,1,119.54,215.0,105.74,33
35333,1960,12,1,119.54,215.0,15.77,33
35335,1960,12,1,119.54,215.0,15.74,33
35337,1960,12,1,119.54,215.0,15.78,33
35338,1960,15,1,129.51,215.0,76.28,33
35339,1960,15,1,129.52,35.0,49.02,33
35340,1960,15,1,127.19,35.0,23.0,33
35341,1960,15,1,129.51,215.0,76.28,33
35342,1960,15,1,262.38,35.0,55.73,33
35343,1960,15,1,129.52,35.0,76.99,33
35344,1960,15,1,129.51,125.0,44.11,33
35345,1960,15,1,141.56,125.0,12.95,33
35346,1960,15,1,262.38,125.0,84.01,33
35347,1960,15,1,262.38,125.0,82.59,33
35348,1960,15,1,170.75,35.0,15.3,33
35349,1960,15,1,170.75,35.0,33.91,33
35350,1960,15,1,170.74,125.0,15.19,33
35351,1960,15,1,170.74,305.0,15.19,33
35352,1960,15,1,170.75,35.0,41.13,33
35353,1960,15,1,170.74,305.0,15.19,33
35354,1960,15,1,170.74,305.0,15.19,33
35355,1960,15,1,170.75,35.0,17.51,33
35356,1960,15,1,170.74,35.0,93.99,33
35357,1960,15,1,170.75,35.0,55.0,33
35358,1960,15,1,170.75,35.0,30.82,33
35359,1960,15,1,170.75,125.0,17.57,33
35360,1960,15,1,170.74,125.0,15.19,33
35361,1981,6,1,106.31,320.0,95.52,33
35365,2023,6,1,183.03,45.0,22.75,33
35368,2001,6,1,161.72,50.0,12.51,33
35371,1968,3,1,141.85,50.0,12.71,33
35373,2004,3,1,137.42,50.0,13.12,33
35374,1978,3,1,220.63,50.0,12.6,33
35376,2012,6,1,344.54,50.0,12.28,33
35379,1955,3,1,366.14,50.0,16.95,33
35381,1975,6,1,189.76,50.0,12.52,33
35384,1983,6,1,315.62,90.0,8.62,33
35389,2004,3,1,352.0,70.0,18.95,33
35391,2004,3,1,149.56,350.0,25.78,33
35392,1920,6,1,256.19,50.0,8.17,33
35398,1982,3,1,161.86,50.0,12.13,33
35453,1981,21,1,383.08,75.0,107.39,33
35455,2003,3,1,365.0,75.0,112.86,33
35457,1973,21,1,354.72,165.0,55.05,33
35458,1978,27,1,336.73,75.0,inf,33
35459,1977,27,1,373.69,75.0,inf,33
35460,2003,21,1,331.42,45.0,109.68,33
35462,1973,18,1,318.56,160.0,133.1,33
35463,1973,18,1,631.32,180.0,136.05,33
35464,1974,18,1,633.08,340.0,116.78,33
35465,1975,27,1,343.22,165.0,16.82,33
35466,2001,18,1,311.85,35.0,49.28,33
35471,1982,9,1,329.54,255.0,114.99,33
35473,1984,12,1,354.85,75.0,6.93,33
35474,1982,9,1,328.01,255.0,6.94,33
35475,1984,9,1,317.02,255.0,7.26,33
35476,1985,9,1,293.99,270.0,7.54,33
35478,1985,9,1,336.35,70.0,7.36,33
35479,1985,9,1,318.29,255.0,113.99,33
35480,1984,9,1,322.33,255.0,114.16,33
35481,1984,9,1,344.9,90.0,7.51,33
35482,2000,6,1,1390.45,260.0,111.36,33
35484,1994,12,1,2226.14,325.0,81.52,33
35486,1999,9,1,1478.73,245.0,112.92,33
35488,1983,9,1,348.1,155.0,24.62,33
35489,1983,9,1,346.99,325.0,31.31,33
35490,1983,9,1,346.8,245.0,113.54,33
35492,1970,6,1,180.05,35.0,11.9,33
35493,1960,3,1,174.23,35.0,11.88,33
35502,1970,12,1,150.63,305.0,11.87,33
35503,1970,3,1,280.4,305.0,11.91,33
35504,1976,3,1,161.57,305.0,11.95,33
35505,1958,3,1,182.39,305.0,11.98,33
35508,1970,9,1,75.82,305.0,12.07,33
35512,1996,6,1,88.03,305.0,12.15,33
35514,1970,3,1,155.22,35.0,11.92,33
35516,2009,12,1,93.64,35.0,11.93,33
35518,1994,3,1,113.49,35.0,11.93,33
35520,1958,3,1,218.51,35.0,11.94,33
35521,1970,3,1,162.5,35.0,11.94,33
35524,1958,3,1,72.99,35.0,11.95,33
35526,1958,6,1,74.09,35.0,11.96,33
35527,1960,3,1,149.77,35.0,11.96,33
35530,1958,3,1,107.66,35.0,11.96,33
35531,1958,12,1,126.78,35.0,11.97,33
35533,2001,3,1,119.15,35.0,11.99,33
35534,1958,3,1,48.29,125.0,11.94,33
35535,1958,3,1,32.05,125.0,11.95,33
35537,1958,3,1,73.68,125.0,11.97,33
35538,1958,3,1,106.79,125.0,11.98,33
35541,1993,9,1,345.07,125.0,12.02,33
35542,1958,3,1,116.84,125.0,12.04,33
35544,1958,3,1,87.77,125.0,12.07,33
35545,2024,3,1,141.14,125.0,12.05,33
35546,1948,3,1,36.47,125.0,12.1,33
35547,1958,3,1,35.87,125.0,12.11,33
35548,1958,3,1,98.17,125.0,12.12,33
35550,1991,3,1,152.47,215.0,11.93,33
35551,2000,3,1,148.39,215.0,11.91,33
35552,2024,6,1,120.51,215.0,11.9,33
35553,2024,6,1,129.11,215.0,11.9,33
35555,1964,3,1,131.27,215.0,11.88,33
35556,1958,6,1,211.09,215.0,11.87,33
35559,1958,3,1,140.98,215.0,11.86,33
35560,1958,3,1,224.73,215.0,11.85,33
35562,1958,3,1,183.34,215.0,11.84,33
35565,1983,9,1,74.41,215.0,11.82,33
35567,1974,18,1,220.67,215.0,11.8,33
35569,1958,3,1,,305.0,inf,33
35570,1989,6,1,127.75,305.0,inf,33
35571,1958,3,1,174.05,305.0,36.98,33
35573,1970,18,1,452.05,305.0,24.85,33
35574,1958,6,1,225.37,305.0,24.83,33
35575,1968,6,1,210.05,305.0,34.84,33
35577,1970,6,1,144.09,305.0,26.45,33
35580,1958,6,1,100.57,305.0,26.45,33
35582,1958,12,1,162.45,305.0,26.45,33
35584,1958,9,1,118.3,305.0,26.44,33
35587,1958,3,1,98.1,305.0,26.44,33
35588,1958,6,1,216.92,305.0,24.81,33
35592,1968,15,1,238.91,35.0,11.97,33
35595,1970,3,1,118.93,35.0,11.91,33
35598,1970,9,1,250.25,35.0,11.92,33
35600,2006,3,1,100.05,125.0,11.73,33
35601,1980,6,1,59.95,125.0,11.82,33
35603,1970,3,1,48.79,125.0,11.83,33
35604,1957,3,1,87.95,125.0,11.86,33
35606,1963,9,1,47.05,125.0,11.94,33
35607,1970,3,1,48.33,215.0,11.97,33
35609,1956,3,1,119.8,215.0,11.97,33
35611,1958,3,1,82.01,215.0,11.96,33
35612,1957,3,1,126.41,215.0,11.96,33
35614,1957,3,1,20.72,215.0,11.96,33
35616,2022,12,1,151.54,215.0,11.95,33
35618,1958,3,1,119.6,215.0,11.94,33
35621,1970,3,1,105.12,215.0,11.94,33
35622,2008,12,1,268.3,215.0,11.94,33
35624,2002,9,1,81.78,215.0,11.93,33
35626,1975,9,1,83.2,215.0,11.93,33
35628,1970,9,1,95.77,215.0,11.92,33
35630,1970,9,1,77.18,215.0,11.94,33
35633,2007,15,1,168.73,305.0,24.78,33
35635,1978,3,1,226.42,305.0,inf,33
35637,1968,6,1,133.47,305.0,inf,33
35638,1973,12,1,389.74,305.0,44.47,33
35640,2013,21,1,249.82,305.0,24.93,33
35643,2000,3,1,150.0,215.0,11.94,33
35645,2001,9,1,692.25,125.0,11.78,33
35667,1925,3,1,143.2,40.0,70.11,33
35670,1976,6,1,209.08,115.0,134.39,33
35672,1920,6,1,384.18,215.0,inf,33
35699,2001,12,1,2309.52,255.0,25.18,33
35703,1956,12,1,118.6,235.0,11.8,33
35705,1956,12,1,113.74,235.0,11.83,33
35707,1956,12,1,112.26,55.0,11.83,33
35708,1956,15,1,118.11,55.0,11.77,33
35709,1956,15,1,121.96,10.0,20.01,33
35711,1956,15,1,243.1,190.0,83.59,33
35712,1956,15,1,257.48,190.0,84.35,33
35713,1956,15,1,125.17,10.0,20.15,33
35714,1956,15,1,255.58,200.0,133.09,33
35715,1956,15,1,111.33,200.0,109.49,33
35716,1956,15,1,112.46,195.0,118.38,33
35717,1956,15,1,253.46,195.0,113.36,33
35718,1956,15,1,122.08,195.0,72.9,33
35719,1956,15,1,254.67,295.0,49.5,33
35720,1956,15,1,122.95,280.0,37.07,33
35721,1956,15,1,254.81,190.0,48.04,33
35722,1956,15,1,111.61,290.0,39.02,33
35723,1956,15,1,122.48,290.0,70.92,33
35724,1956,15,1,135.13,50.0,36.46,33
35726,1956,15,1,261.91,55.0,31.29,33
35727,1956,15,1,136.66,15.0,100.48,33
35728,1956,15,1,108.92,15.0,94.84,33
35729,1956,15,1,114.11,15.0,72.4,33
35730,1956,15,1,255.77,10.0,57.39,33
35731,1956,15,1,111.89,100.0,60.23,33
35732,1956,15,1,139.64,190.0,77.57,33
35734,1956,15,1,136.13,100.0,16.62,33
35735,1956,15,1,111.35,180.0,71.2,33
35736,1956,15,1,123.16,0.0,59.58,33
35737,1956,15,1,126.58,185.0,103.93,33
35738,1956,15,1,254.1,280.0,26.41,33
35739,1956,15,1,258.57,5.0,124.15,33
35740,1956,15,1,125.14,280.0,31.34,33
35741,1956,15,1,111.81,280.0,31.58,33
35742,1956,15,1,110.25,100.0,41.99,33
35743,1956,15,1,255.99,0.0,101.46,33
35744,1956,15,1,126.0,190.0,47.74,33
35745,1956,15,1,260.26,190.0,37.98,33
35746,1956,15,1,260.4,195.0,69.6,33
35748,1956,15,1,137.5,200.0,131.78,33
35749,1956,15,1,138.1,100.0,18.66,33
35752,1956,15,1,121.86,280.0,21.76,33
35759,2004,21,1,2474.55,0.0,49.45,33
35761,2002,12,1,2864.62,100.0,22.93,33
35764,2002,12,1,829.14,350.0,20.0,33
35766,2001,24,1,458.89,315.0,56.33,33
35768,2001,24,1,486.91,90.0,26.03,33
35770,2001,24,1,460.39,90.0,15.54,33
35771,2003,24,1,467.57,95.0,27.28,33
35772,2003,24,1,455.75,115.0,13.22,33
35777,2003,3,1,1217.02,145.0,13.1,33
35787,2009,9,1,92.69,10.0,12.08,33
35788,1977,6,1,72.85,10.0,11.9,33
35791,1950,3,1,83.29,10.0,11.88,33
35792,1960,3,1,57.55,10.0,14.94,33
35793,1955,3,1,53.17,10.0,16.95,33
35794,1978,6,1,116.51,9.999999999999998,inf,33
35795,1970,3,1,86.27,10.0,109.92,33
35797,1969,3,1,76.22,10.0,23.21,33
35798,1972,3,1,102.32,10.0,14.33,33
35799,1958,3,1,103.94,10.0,11.86,33
35801,2005,6,1,318.75,10.0,11.8,33
35803,1960,3,1,69.23,100.0,8.03,33
35804,1958,3,1,74.7,100.0,8.03,33
35805,1955,3,1,72.89,100.0,8.05,33
35806,1955,3,1,91.98,100.0,8.04,33
35807,1957,3,1,79.04,100.0,8.03,33
35808,1953,3,1,60.16,190.0,49.91,33
35809,1960,3,1,97.38,185.0,49.96,33
35810,1951,3,1,76.46,260.0,12.46,33
35812,1958,9,1,90.25,260.0,11.84,33
35814,1957,3,1,66.0,260.0,11.84,33
35815,1959,3,1,142.71,260.0,11.83,33
35818,1964,6,1,136.25,260.0,11.83,33
35819,1950,6,1,94.03,260.0,11.83,33
35821,1955,6,1,109.95,260.0,11.82,33
35824,1987,3,1,81.75,260.0,11.82,33
35825,1958,12,1,120.32,260.0,11.81,33
35827,1967,9,1,97.4,260.0,11.81,33
35829,1948,6,1,141.91,260.0,11.8,33
35830,1949,3,1,91.69,260.0,11.8,33
35831,1955,3,1,144.91,260.0,11.8,33
35832,1958,3,1,122.41,260.0,11.8,33
35833,1951,3,1,132.98,260.0,11.79,33
35834,1957,3,1,77.33,260.0,11.79,33
35836,1952,6,1,116.0,260.0,11.78,33
35839,1958,6,1,122.07,10.0,11.97,33
35841,1999,3,1,245.82,100.0,8.03,33
35842,1958,3,1,54.9,270.0,106.02,33
35844,2003,3,1,132.82,350.0,11.89,33
35845,1953,3,1,147.23,270.0,118.01,33
35846,1968,6,1,119.59,80.0,11.8,33
35848,1953,3,1,113.82,80.0,11.8,33
35850,1960,3,1,139.34,80.0,11.81,33
35852,1978,9,1,197.82,80.0,11.82,33
35853,1950,6,1,140.38,80.0,11.82,33
35855,1988,3,1,112.04,80.0,11.83,33
35856,1995,3,1,87.91,80.0,11.83,33
35857,1955,3,1,83.43,80.0,11.84,33
35859,1968,3,1,88.19,80.0,11.84,33
35860,1989,3,1,141.51,200.0,53.28,33
35861,1978,3,1,105.43,220.0,inf,33
35862,1974,3,1,40.22,260.0,inf,33
35863,1963,3,1,109.87,80.0,11.79,33
35864,1963,3,1,34.66,270.0,inf,33
35865,1956,6,1,104.08,75.0,16.66,33
35868,1999,3,1,72.27,80.0,11.78,33
35869,2002,3,1,58.11,275.0,124.76,33
35870,1994,6,1,101.73,80.0,11.8,33
35873,1965,3,1,112.08,80.0,11.81,33
35874,2007,6,1,200.51,200.0,51.96,33
35875,2007,6,1,341.98,275.0,119.75,33
35876,1950,3,1,142.11,260.0,11.69,33
35877,2004,3,1,465.71,100.0,11.83,33
35879,1954,6,1,139.18,100.0,11.79,33
35881,1953,6,1,146.29,100.0,11.78,33
35883,1963,6,1,161.15,100.0,31.23,33
35885,1998,3,1,217.74,100.0,11.84,33
35886,1951,3,1,131.35,100.0,11.85,33
35887,1960,3,1,148.33,100.0,11.85,33
35889,1967,3,1,210.71,100.0,11.89,33
35891,1950,3,1,128.47,190.0,11.88,33
35892,1955,9,1,109.79,190.0,11.91,33
35894,1950,9,1,105.08,190.0,11.97,33
35895,1987,9,1,89.68,190.0,12.02,33
35896,1952,3,1,66.32,190.0,12.06,33
35897,1952,3,1,84.51,190.0,23.25,33
35899,1958,6,1,72.87,190.0,51.39,33
35901,1950,3,1,125.38,260.0,11.84,33
35902,1960,3,1,126.81,260.0,11.82,33
35903,1955,9,1,140.13,260.0,11.8,33
35905,1950,6,1,114.0,260.0,11.78,33
35907,1955,9,1,97.94,260.0,11.76,33
35909,2002,3,1,230.1,260.0,11.74,33
35910,2007,6,1,127.76,260.0,11.72,33
35911,1953,3,1,254.96,260.0,11.69,33
35913,1952,3,1,110.7,260.0,11.65,33
35914,1950,3,1,172.99,260.0,104.36,33
35915,1952,6,1,141.53,260.0,125.53,33
35917,2000,9,1,122.71,260.0,42.63,33
35918,1960,6,1,142.81,100.0,11.85,33
35920,2007,6,1,153.47,100.0,11.77,33
35922,1959,3,1,92.35,270.0,105.14,33
35924,1962,6,1,41.74,80.0,11.71,33
35925,1964,3,1,54.18,265.0,104.99,33
35927,1980,3,1,45.65,265.0,105.09,33
35928,1960,3,1,41.22,80.0,11.77,33
35929,1979,3,1,127.87,275.0,104.88,33
35931,2005,12,1,123.14,270.0,103.65,33
35933,1960,3,1,57.61,80.0,11.84,33
35935,1950,3,1,116.17,265.0,103.83,33
35937,1955,3,1,42.92,265.0,104.73,33
35938,1965,9,1,65.05,265.0,104.72,33
35940,1980,3,1,21.1,275.0,105.27,33
35941,1960,3,1,12.1,270.0,104.66,33
35942,1993,3,1,68.1,255.0,11.94,33
35944,1992,3,1,1027.85,255.0,15.24,33
35946,1993,3,1,62.15,185.0,7.22,33
35947,1993,3,1,65.46,185.0,7.23,33
35948,1993,3,1,66.51,185.0,7.25,33
35949,1993,3,1,65.71,185.0,7.28,33
35950,1993,9,1,63.74,185.0,7.19,33
35953,1993,3,1,72.66,170.0,7.01,33
35954,1993,9,1,65.85,170.0,17.23,33
35959,1970,6,1,63.28,100.0,12.08,33
35961,1992,9,1,1175.62,10.0,32.61,33
35963,1981,9,1,410.01,10.0,36.9,33
35964,1981,9,1,410.44,10.0,28.58,33
35965,1981,9,1,412.36,190.0,20.5,33
35966,1981,9,1,340.65,15.0,71.95,33
35967,1981,9,1,391.82,145.0,32.39,33
35968,1981,9,1,331.56,100.0,27.08,33
35970,1981,9,1,1074.21,190.0,23.99,33
35971,1990,3,1,1450.34,125.0,23.34,33
35972,1977,9,1,310.77,35.0,16.91,33
35973,1977,12,1,350.45,35.0,20.31,33
35974,1977,9,1,305.89,125.0,16.62,33
35976,1977,9,1,340.36,305.0,16.91,33
35977,1977,9,1,326.51,125.0,15.79,33
35978,1977,9,1,353.48,215.0,25.48,33
35979,1977,9,1,316.66,125.0,45.99,33
35980,1995,3,1,61.13,125.0,15.15,33
35981,1995,3,1,61.29,125.0,15.2,33
35982,1995,3,1,61.38,125.0,15.27,33
35983,1995,3,1,61.65,125.0,15.32,33
35984,1995,3,1,61.59,125.0,15.38,33
35985,1995,3,1,61.87,125.0,15.43,33
35986,1995,3,1,62.06,125.0,15.48,33
35987,1995,3,1,59.76,125.0,59.19,33
35988,1995,9,1,48.15,305.0,29.4,33
35990,1995,3,1,60.79,305.0,35.89,33
35991,1995,3,1,60.83,305.0,38.86,33
35992,1995,3,1,60.67,305.0,12.76,33
35993,1995,6,1,60.77,305.0,12.53,33
35994,1992,3,1,311.34,305.0,14.41,33
35995,1993,9,1,191.11,125.0,11.95,33
35997,1989,3,1,210.71,215.0,20.06,33
36000,1990,3,1,107.83,215.0,16.9,33
36003,1988,6,1,224.3,215.0,57.72,33
36006,1988,6,1,301.67,215.0,10.44,33
36007,1984,3,1,202.36,305.0,14.53,33
36009,1990,3,1,75.81,35.0,7.46,33
36010,1990,3,1,75.25,35.0,7.42,33
36011,1990,3,1,75.31,35.0,7.39,33
36012,1990,3,1,75.28,35.0,7.35,33
36014,1990,3,1,75.32,30.0,7.34,33
36015,1990,3,1,75.39,30.0,7.3,33
36016,1990,3,1,75.44,30.0,7.28,33
36017,1990,3,1,75.45,35.0,7.25,33
36018,1990,9,1,76.91,35.0,7.42,33
36020,2004,9,1,187.69,120.0,12.1,33
36022,2005,3,1,170.06,120.0,11.98,33
36025,1993,6,1,178.04,305.0,14.29,33
36029,1975,3,1,2705.39,165.0,24.99,33
36035,1970,3,1,91.52,35.0,12.11,33
36039,1970,3,1,128.28,215.0,11.89,33
36043,1970,3,1,120.86,305.0,12.0,33
36044,1960,3,1,69.6,305.0,11.98,33
36045,1960,3,1,126.77,305.0,11.95,33
36046,1968,3,1,76.71,305.0,11.93,33
36072,1995,15,1,784.07,35.0,8.09,33
36075,1969,3,1,492.28,215.0,12.02,33
36078,1965,6,1,225.95,305.0,69.26,33
36081,1996,15,1,724.52,215.0,11.91,33
36082,1990,3,1,104.75,215.0,11.9,33
36083,1992,15,1,411.16,300.0,25.12,33
36085,1997,12,1,1087.09,125.0,12.2,33
36087,1991,6,1,206.52,215.0,11.93,33
36090,2005,9,1,537.67,35.0,8.08,33
36093,2006,6,1,914.17,65.0,17.04,33
36094,2003,6,1,911.14,65.0,14.61,33
36096,2003,9,1,888.7,155.0,24.9,33
36097,2003,3,1,783.16,230.0,70.51,33
36099,2008,6,1,400.81,275.0,13.56,33
36101,2007,6,1,374.73,65.0,13.97,33
36102,2004,6,1,434.53,265.0,13.58,33
36104,2009,9,1,382.08,65.0,12.69,33
36106,2007,6,1,880.63,320.0,40.91,33
36108,2007,9,1,839.9,155.0,24.47,33
36110,2003,3,1,2229.06,350.0,82.04,33
36120,2006,15,1,432.09,70.0,9.91,33
36121,2007,12,1,439.97,65.0,2.5,33
36122,2007,6,1,750.36,55.0,63.14,33
36126,1969,3,1,200.36,65.0,7.28,33
36127,1963,3,1,55.37,65.0,7.28,33
36128,1968,9,1,62.95,65.0,7.29,33
36131,1968,3,1,75.41,65.0,7.3,33
36132,1965,3,1,73.56,65.0,7.29,33
36133,1960,3,1,116.02,65.0,7.25,33
36134,1965,3,1,198.35,65.0,7.23,33
36135,1965,3,1,106.1,65.0,7.13,33
36136,1963,3,1,107.59,175.0,9.85,33
36137,1963,3,1,142.62,240.0,98.14,33
36138,1963,3,1,169.75,245.0,18.44,33
36141,1969,6,1,130.28,245.0,20.59,33
36148,1964,9,1,216.0,65.0,14.57,33
36149,1966,6,1,197.78,225.0,13.18,33
36150,1960,9,1,218.12,60.0,8.38,33
36151,1933,3,1,113.36,60.0,8.37,33
36153,1930,3,1,128.54,60.0,8.37,33
36155,1930,3,1,110.91,135.0,5.27,33
36156,2004,3,1,371.88,270.0,11.92,33
36159,1968,6,1,280.98,245.0,10.9,33
36160,2011,12,1,785.17,60.0,8.38,33
36162,2024,6,1,305.36,145.0,5.12,33
36164,1992,3,1,96.3,245.0,10.84,33
36165,1992,3,1,60.38,325.0,4.99,33
36166,1963,9,1,56.22,325.0,2.51,33
36167,1965,3,1,139.13,325.0,5.06,33
36170,2008,3,1,196.65,325.0,5.1,33
36171,1960,3,1,111.21,325.0,5.15,33
36173,1981,6,1,130.58,60.0,9.76,33
36175,1963,3,1,150.7,60.0,7.85,33
36177,1979,9,1,55.65,60.0,7.83,33
36178,2005,3,1,434.75,145.0,12.93,33
36179,2006,3,1,148.01,145.0,8.01,33
36180,1959,3,1,82.73,145.0,8.07,33
36181,1962,3,1,82.07,245.0,10.59,33
36182,1964,3,1,104.01,245.0,10.73,33
36184,1965,3,1,100.61,245.0,10.58,33
36205,1880,3,1,1169.17,175.0,20.94,33
36293,1970,6,1,,345.0,96.34,33
36317,2006,6,1,56.13,280.0,13.66,33
36318,1971,3,1,111.18,10.0,11.57,33
36319,1958,3,1,114.56,10.0,11.51,33
36321,1959,3,1,104.1,10.0,11.4,33
36322,1958,3,1,62.99,10.0,11.35,33
36323,1955,3,1,77.83,10.0,11.29,33
36324,1958,3,1,75.35,280.0,8.03,33
36325,1953,3,1,148.5,280.0,8.03,33
36326,1956,3,1,143.36,280.0,8.04,33
36327,2006,6,1,60.44,280.0,8.05,33
36328,1950,6,1,131.57,280.0,8.03,33
36330,1955,3,1,104.58,280.0,8.03,33
36331,1960,3,1,57.9,280.0,8.03,33
36333,1955,3,1,48.31,105.0,0.0,33
36334,1968,3,1,88.67,95.0,0.0,33
36335,2008,9,1,63.56,100.0,10.77,33
36336,2009,12,1,67.11,100.0,10.75,33
36338,1999,6,1,566.56,190.0,49.97,33
36339,2022,9,1,86.51,280.0,7.68,33
36341,2013,9,1,86.24,280.0,8.09,33
36344,2003,3,1,97.34,280.0,8.05,33
36345,2002,6,1,263.43,100.0,10.66,33
36346,2002,6,1,216.42,100.0,10.88,33
36347,2004,3,1,194.36,280.0,7.53,33
36349,1955,9,1,104.38,100.0,10.79,33
36352,1955,6,1,54.6,10.0,11.39,33
36353,1955,6,1,55.36,10.0,0.0,33
36354,1962,9,1,71.27,10.0,11.22,33
36357,1999,6,1,2193.75,10.0,11.8,33
36359,1960,3,1,91.6,10.0,14.9,33
36360,1960,6,1,90.93,10.0,12.35,33
36362,1953,3,1,77.47,10.0,12.32,33
36363,1951,6,1,81.01,10.0,12.29,33
36364,1960,3,1,109.61,10.0,12.27,33
36365,1952,3,1,86.54,10.0,12.24,33
36366,1980,3,1,117.51,10.0,12.22,33
36367,1979,9,1,125.01,10.0,12.2,33
36369,1958,3,1,92.09,10.0,12.16,33
36371,1971,9,1,164.21,10.0,12.14,33
36373,2007,6,1,167.87,10.0,12.11,33
36374,2001,3,1,178.91,190.0,7.73,33
36375,1958,3,1,89.47,190.0,7.77,33
36377,1955,9,1,86.2,190.0,7.79,33
36379,1952,3,1,94.65,190.0,7.8,33
36380,1955,3,1,105.01,190.0,7.83,33
36381,1950,3,1,97.32,190.0,7.85,33
36382,1950,3,1,69.29,190.0,7.87,33
36383,1950,3,1,90.74,190.0,7.88,33
36385,2022,9,1,70.75,190.0,7.9,33
36388,1950,3,1,116.25,190.0,7.93,33
36390,2006,6,1,200.93,280.0,11.77,33
36391,1971,3,1,199.54,280.0,11.8,33
36392,1952,3,1,87.31,280.0,11.81,33
36394,1953,9,1,92.23,280.0,11.83,33
36399,2023,9,1,189.79,280.0,11.72,33
36402,1960,3,1,48.34,280.0,11.84,33
36403,1958,3,1,49.69,10.0,7.95,33
36404,1960,3,1,78.97,10.0,7.93,33
36405,1965,3,1,106.33,10.0,7.91,33
36406,1955,3,1,105.34,10.0,7.88,33
36407,1951,3,1,95.83,10.0,7.87,33
36409,1955,3,1,97.08,10.0,7.85,33
36411,1960,6,1,95.12,10.0,7.83,33
36413,1955,3,1,93.34,10.0,7.81,33
36415,1960,3,1,92.73,10.0,7.79,33
36416,1960,3,1,108.58,10.0,7.78,33
36417,2004,3,1,74.81,10.0,7.76,33
36419,1950,3,1,96.26,10.0,7.73,33
36421,2000,6,1,67.72,10.0,7.72,33
36424,1995,9,1,78.44,100.0,10.86,33
36426,1960,3,1,115.01,190.0,11.29,33
36427,1952,6,1,78.34,190.0,11.37,33
36429,1955,6,1,85.48,190.0,11.38,33
36431,1954,3,1,79.37,190.0,11.46,33
36432,1958,9,1,95.35,190.0,11.55,33
36434,1955,3,1,89.91,190.0,11.61,33
36435,1955,3,1,100.88,190.0,11.66,33
36437,1955,3,1,73.4,190.0,93.39,33
36438,1953,3,1,92.96,190.0,15.19,33
36439,1955,3,1,125.17,190.0,11.78,33
36440,1955,3,1,72.77,190.0,11.82,33
36441,1954,3,1,63.73,190.0,11.85,33
36443,1971,6,1,143.41,190.0,11.88,33
36445,1970,3,1,219.0,280.0,11.85,33
36447,1975,3,1,97.49,280.0,11.85,33
36449,1975,3,1,95.92,280.0,11.85,33
36450,1958,3,1,100.5,280.0,11.84,33
36452,2002,6,1,167.29,190.0,11.86,33
36454,1997,3,1,210.46,100.0,10.96,33
36456,1960,3,1,138.69,10.0,9.03,33
36457,1960,9,1,59.95,10.0,9.03,33
36459,1955,3,1,143.66,10.0,9.02,33
36461,1950,3,1,89.1,10.0,9.02,33
36462,1965,3,1,100.53,10.0,9.02,33
36464,1975,9,1,98.99,10.0,9.0,33
36466,1974,6,1,119.11,10.0,9.0,33
36468,1965,3,1,32.19,10.0,9.0,33
36469,1963,3,1,23.16,10.0,8.99,33
36470,1995,3,1,59.4,10.0,8.99,33
36472,1961,3,1,57.79,10.0,8.98,33
36473,1960,3,1,33.26,100.0,11.99,33
36474,1960,9,1,66.61,100.0,48.71,33
36476,1960,9,1,60.19,100.0,92.41,33
36478,1962,3,1,110.99,100.0,11.33,33
36481,1955,3,1,61.15,140.0,3.44,33
36482,1973,6,1,76.6,10.0,25.14,33
36485,1967,9,1,45.85,190.0,12.34,33
36487,1958,3,1,42.01,190.0,12.31,33
36488,1951,9,1,89.13,190.0,12.28,33
36490,1960,3,1,101.19,190.0,12.25,33
36492,1965,6,1,66.48,190.0,12.23,33
36493,1965,3,1,92.7,190.0,12.2,33
36495,2007,6,1,108.84,190.0,12.18,33
36496,2006,6,1,53.1,190.0,12.15,33
36497,1965,3,1,122.97,190.0,12.1,33
36498,1965,3,1,59.95,0.0,4.57,33
36500,1965,3,1,39.85,0.0,3.66,33
36501,1970,3,1,65.11,180.0,12.29,33
36502,1970,3,1,37.78,5.0,4.13,33
36503,1977,6,1,130.28,280.0,17.37,33
36504,1979,6,1,159.74,10.0,7.64,33
36505,1980,3,1,151.57,10.0,7.67,33
36508,1980,9,1,110.88,10.0,7.7,33
36511,1981,9,1,96.71,100.0,11.91,33
36512,1991,6,1,133.38,100.0,11.94,33
36514,1991,3,1,264.55,145.0,26.94,33
36515,1984,12,1,186.46,190.0,11.95,33
36518,1989,9,1,113.11,190.0,11.93,33
36520,1985,6,1,153.88,195.0,11.93,33
36522,1987,3,1,153.67,190.0,11.86,33
36525,1983,6,1,115.84,190.0,11.84,33
36527,1979,6,1,142.22,190.0,11.81,33
36530,1971,3,1,200.64,280.0,17.84,33
36531,1972,3,1,124.59,280.0,17.61,33
36532,1978,3,1,122.89,280.0,38.16,33
36534,1999,6,1,132.23,280.0,17.53,33
36535,1990,6,1,100.96,10.0,7.8,33
36537,1987,3,1,151.43,10.0,7.81,33
36538,2008,9,1,123.68,10.0,7.88,33
36541,1997,9,1,128.93,100.0,13.01,33
36543,1991,6,1,131.55,100.0,11.87,33
36545,1985,6,1,112.68,190.0,11.88,33
36547,1973,3,1,114.34,100.0,11.96,33
36550,1965,3,1,40.74,10.0,11.86,33
36551,1928,3,1,108.42,10.0,11.87,33
36552,1973,12,1,141.27,10.0,11.89,33
36555,1965,3,1,113.59,100.0,11.93,33
36556,1960,3,1,110.02,100.0,11.94,33
36557,2006,9,1,84.54,100.0,11.95,33
36558,1949,3,1,92.72,100.0,11.96,33
36559,1949,3,1,56.07,100.0,11.97,33
36560,1955,3,1,53.33,190.0,8.99,33
36561,1968,3,1,71.03,190.0,9.0,33
36562,1950,3,1,73.21,190.0,9.0,33
36563,1971,3,1,67.54,190.0,9.02,33
36564,1951,6,1,75.94,190.0,9.03,33
36566,1981,3,1,125.54,190.0,9.03,33
36568,1972,9,1,102.54,10.0,11.92,33
36569,1998,3,1,60.69,10.0,11.95,33
36570,2008,12,1,99.11,10.0,11.88,33
36572,1991,3,1,110.67,125.0,44.32,33
36573,1991,3,1,87.39,125.0,47.3,33
36574,1991,3,1,87.69,125.0,57.7,33
36575,1991,3,1,88.57,125.0,31.59,33
36576,1991,3,1,88.67,125.0,10.73,33
36577,1991,3,1,88.52,125.0,9.93,33
36578,1992,3,1,86.94,125.0,9.95,33
36579,1992,3,1,87.93,125.0,9.98,33
36580,1992,3,1,86.96,125.0,10.01,33
36581,1992,3,1,86.36,125.0,10.04,33
36582,1992,3,1,89.55,125.0,10.07,33
36583,1992,3,1,85.95,125.0,10.09,33
36584,1992,3,1,87.08,125.0,10.11,33
36585,1992,3,1,88.92,125.0,10.14,33
36586,1990,3,1,89.35,305.0,16.62,33
36587,1990,3,1,88.44,305.0,16.65,33
36588,1990,3,1,90.51,305.0,16.66,33
36589,1990,3,1,91.76,305.0,16.69,33
36590,1990,3,1,86.74,305.0,25.6,33
36591,1990,3,1,88.43,305.0,36.02,33
36592,1990,3,1,90.0,305.0,16.73,33
36593,1990,3,1,91.08,305.0,16.76,33
36595,1992,9,1,362.49,305.0,43.4,33
36596,1990,3,1,88.61,305.0,16.8,33
36597,1990,3,1,90.06,305.0,16.84,33
36598,1990,3,1,88.41,305.0,27.56,33
36599,1990,3,1,90.94,305.0,37.37,33
36600,1990,3,1,87.89,305.0,16.8,33
36601,1990,3,1,88.58,305.0,16.78,33
36602,1990,3,1,92.85,215.0,18.66,33
36603,1993,3,1,88.9,30.0,10.74,33
36604,1993,3,1,86.52,305.0,10.17,33
36605,1993,3,1,86.56,305.0,10.14,33
36606,1993,3,1,86.77,315.0,10.33,33
36607,1993,3,1,86.85,305.0,10.08,33
36608,1993,3,1,87.07,305.0,10.06,33
36609,1993,3,1,87.19,305.0,10.03,33
36610,1993,3,1,87.34,305.0,10.01,33
36611,1993,3,1,87.49,305.0,9.98,33
36612,1993,3,1,87.64,305.0,9.96,33
36614,1994,9,1,418.4,205.0,71.46,33
36615,1994,6,1,152.12,125.0,12.36,33
36616,1994,3,1,83.55,125.0,12.36,33
36617,1994,3,1,83.62,125.0,12.36,33
36618,1994,3,1,83.68,125.0,12.36,33
36619,1994,3,1,83.86,125.0,12.36,33
36620,1994,3,1,83.82,125.0,12.36,33
36621,1994,3,1,83.91,125.0,12.35,33
36622,1994,3,1,84.09,125.0,12.35,33
36623,1994,3,1,84.03,125.0,12.35,33
36624,1990,3,1,92.32,10.0,12.91,33
36625,1994,3,1,150.06,10.0,13.16,33
36627,1999,3,1,122.69,100.0,12.32,33
36628,2007,6,1,105.66,100.0,12.39,33
36629,1991,3,1,120.49,100.0,12.46,33
36630,1994,3,1,146.81,100.0,12.45,33
36631,1991,3,1,200.71,190.0,7.85,33
36633,1990,3,1,63.67,10.0,12.92,33
36634,1990,3,1,83.2,185.0,7.83,33
36635,1990,3,1,80.74,190.0,7.78,33
36636,1990,3,1,80.74,190.0,7.72,33
36637,1990,3,1,81.09,190.0,7.68,33
36638,1990,3,1,80.41,190.0,7.65,33
36639,1993,6,1,120.25,280.0,32.39,33
36640,1990,3,1,64.06,280.0,17.83,33
36641,1990,3,1,60.48,280.0,17.87,33
36642,1992,12,1,62.05,280.0,79.91,33
36644,1990,3,1,63.58,280.0,42.28,33
36645,1990,3,1,61.63,280.0,20.43,33
36646,1990,3,1,63.8,280.0,31.02,33
36647,1999,6,1,108.34,10.0,18.33,33
36649,1990,3,1,71.11,10.0,36.72,33
36650,1990,3,1,62.52,10.0,12.98,33
36651,1990,3,1,70.54,10.0,12.97,33
36652,1990,3,1,60.14,10.0,12.96,33
36653,1990,3,1,61.71,10.0,12.94,33
36654,1990,3,1,66.48,10.0,12.94,33
36656,1997,9,1,606.39,305.0,24.47,33
36658,1969,9,1,575.14,40.0,55.35,33
36659,1969,9,1,579.11,35.0,28.95,33
36660,2002,12,1,158.57,35.0,20.7,60
36661,1982,3,1,304.88,30.0,23.45,33
36662,1981,3,1,151.44,35.0,32.33,33
36664,2002,6,1,364.54,35.0,113.6,33
36665,1982,9,1,177.02,35.0,49.41,33
36666,1969,6,1,173.61,35.0,15.62,33
36667,1982,3,1,139.28,125.0,12.2,33
36670,1976,3,1,103.76,125.0,12.19,33
36672,1985,6,1,97.61,125.0,12.19,33
36673,1978,3,1,141.11,125.0,12.18,33
36676,1978,3,1,116.47,125.0,12.16,33
36677,1990,3,1,138.24,210.0,7.36,33
36679,1973,6,1,140.74,215.0,7.26,33
36682,1976,6,1,146.7,215.0,7.3,33
36684,1974,6,1,124.46,215.0,7.34,33
36685,1975,6,1,149.07,215.0,7.38,33
36686,1996,6,1,147.5,215.0,7.42,33
36688,2022,6,1,129.78,215.0,7.47,33
36689,1978,3,1,143.8,215.0,7.52,33
36692,1983,3,1,147.58,215.0,7.56,33
36694,1974,3,1,127.41,35.0,65.69,33
36695,1969,9,1,582.46,0.0,28.08,33
36696,1969,9,1,580.13,35.0,26.78,33
36698,1969,9,1,596.57,215.0,12.07,33
36731,1976,3,1,428.27,90.0,10.74,33
36733,1908,3,1,238.66,75.0,10.07,33
36737,2002,6,1,243.91,75.0,10.06,33
36740,2005,6,1,128.43,250.0,inf,33
36742,2005,6,1,128.34,250.0,inf,33
36743,2005,3,1,125.28,255.0,inf,33
36744,2005,3,1,125.28,255.000582908485,inf,33
36745,2005,3,1,118.94,130.0,inf,33
36746,1968,3,1,238.57,65.0,15.09,33
36749,1962,3,1,178.91,245.0,14.67,33
36751,1978,3,1,187.76,165.0,18.91,33
36753,2010,6,1,106.37,65.0,16.21,33
36755,2001,3,1,134.7,90.0,22.11,33
36756,1981,3,1,1355.61,235.0,74.56,33
36758,1992,6,1,335.25,245.0,9.25,33
36760,1972,3,1,205.96,155.0,8.24,33
36764,1927,3,1,146.91,65.0,21.38,33
36765,1965,3,1,162.16,65.0,8.09,33
36769,1985,3,1,144.0,65.0,8.15,33
36771,1994,9,1,263.8,65.0,8.12,60
36774,1996,3,1,191.56,245.0,15.19,33
36777,1969,6,1,186.85,245.0,15.91,60
36778,1994,3,1,135.26,245.0,16.33,33
36779,1928,3,1,84.64,355.0,10.02,33
36780,1963,3,1,158.67,245.0,8.03,33
36782,1960,3,1,136.08,155.0,19.97,33
36785,1960,3,1,97.72,155.0,19.98,33
36788,1964,3,1,111.56,245.0,7.93,33
36791,1970,3,1,209.82,245.0,18.63,33
36793,1980,6,1,188.33,245.0,18.45,33
36796,1980,9,1,261.4,245.0,18.36,33
36798,1991,3,1,406.94,245.0,18.1,33
36801,1997,6,1,206.06,245.0,16.8,33
36803,1965,3,1,202.15,325.0,12.07,33
36805,1963,3,1,261.04,70.0,14.07,33
36806,1965,3,1,95.7,255.0,8.07,33
36808,1965,3,1,94.91,255.0,8.14,33
36809,1961,6,1,155.81,255.0,8.16,33
36812,1968,3,1,111.28,255.0,8.12,33
36816,1970,3,1,204.07,255.0,8.12,33
36820,1962,3,1,137.91,70.0,6.83,33
36821,1960,3,1,141.9,255.0,8.03,33
36822,1964,3,1,265.84,175.0,9.91,33
36826,1963,3,1,118.54,255.0,23.74,33
36828,1963,3,1,177.62,255.0,8.07,33
36830,1963,6,1,188.96,75.0,8.13,33
36832,1963,3,1,131.11,70.0,8.2,33
36837,1960,6,1,375.35,75.0,8.07,33
36838,1976,3,1,189.78,75.0,8.08,33
36841,2004,3,1,119.83,325.0,8.11,33
36843,2004,3,1,126.48,325.0,10.89,33
36845,2004,3,1,119.95,245.0,7.61,33
36848,1992,3,1,158.26,245.0,7.11,33
36850,1979,3,1,157.3,75.0,8.02,33
36854,1963,3,1,153.53,175.0,10.03,33
36856,1964,3,1,,0.0,31.86,33
36858,1962,3,1,146.38,65.0,4.42,33
36860,1964,3,1,142.36,50.0,5.03,33
36862,1960,3,1,47.77,50.0,5.22,33
36863,1960,3,1,54.96,50.0,4.77,33
36864,1965,3,1,57.45,130.0,7.41,33
36865,1963,6,1,32.78,195.0,6.31,33
36866,1963,3,1,98.19,195.0,6.25,33
36868,1961,6,1,131.36,205.0,6.1,33
36870,1963,3,1,170.38,195.0,6.04,33
36872,1961,3,1,62.05,210.0,6.38,33
36873,1961,3,1,145.2,230.0,58.75,33
36874,1965,3,1,100.44,260.0,5.56,33
36876,1964,3,1,105.83,260.0,5.37,33
36878,1969,3,1,44.76,0.0,0.0,33
36879,1969,3,1,35.51,80.0,0.0,33
36880,1961,3,1,57.37,235.0,5.64,33
36882,1960,3,1,290.5,55.0,67.39,33
36884,1958,3,1,119.52,80.0,5.14,33
36885,1960,6,1,47.63,80.0,5.18,33
36887,1950,3,1,210.39,75.0,5.52,33
36889,1959,3,1,116.56,60.0,5.9,33
36891,1982,6,1,83.14,145.0,9.29,33
36893,2005,3,1,115.52,145.0,13.61,33
36895,1960,3,1,37.57,145.0,8.1,33
36896,1958,3,1,123.55,270.0,8.99,33
36897,1958,3,1,109.95,240.0,7.85,33
36898,1998,3,1,187.48,240.0,18.2,33
36899,1960,3,1,92.53,240.0,8.36,33
36900,1961,3,1,89.73,240.0,8.37,33
36902,1962,3,1,95.38,240.0,8.37,33
36903,1961,3,1,85.57,240.0,8.38,33
36904,2008,9,1,348.59,240.0,8.38,33
36905,1950,6,1,127.96,240.0,7.83,33
36906,1960,3,1,55.23,240.0,7.81,33
36964,1987,3,1,438.48,275.0,90.45,33
36965,1964,3,1,190.11,350.0,15.07,33
36966,1996,6,1,298.1,350.0,15.06,33
36968,1976,9,1,340.73,95.0,10.98,33
36970,1992,6,1,121.76,95.0,10.97,33
36972,1988,6,1,119.1,95.0,12.99,33
36974,1971,9,1,120.26,90.0,43.53,33
36976,1992,6,1,236.59,95.0,35.15,33
36979,2003,6,1,397.22,95.0,13.95,33
36981,2008,6,1,257.07,255.0,51.89,33
36983,1977,6,1,160.39,355.0,10.02,33
36986,2003,6,1,124.35,355.0,10.06,33
36987,1977,9,1,232.64,125.0,10.15,33
36989,2000,6,1,153.17,120.0,10.13,33
36990,1981,3,1,299.32,100.0,54.94,33
36991,1985,6,1,235.87,95.0,81.71,33
36992,1986,3,1,125.67,95.0,24.71,33
36993,1984,3,1,125.93,95.0,13.09,33
36994,1971,3,1,151.97,90.0,13.11,33
36995,1976,3,1,143.99,95.0,13.11,33
36997,1975,3,1,161.03,95.0,13.12,33
36999,1975,3,1,164.77,95.0,13.14,33
37000,1976,3,1,156.56,95.0,13.15,33
37001,1976,3,1,181.98,110.0,37.63,33
37003,1971,3,1,194.13,170.0,15.19,33
37006,1971,3,1,142.05,170.0,15.06,33
37007,1976,3,1,190.56,170.0,15.08,33
37008,2000,9,1,298.42,170.0,15.11,33
37010,1971,6,1,161.25,280.0,20.01,33
37011,2004,6,1,597.97,280.0,20.01,33
37016,1994,6,1,115.19,355.0,9.97,33
37017,1999,12,1,191.23,355.0,9.81,33
37019,1998,3,1,164.83,355.0,10.08,33
37020,2004,6,1,1539.47,70.0,55.33,33
37021,2006,6,1,3198.76,130.0,19.44,33
37022,1998,9,1,1079.74,10.0,12.21,33
37024,2002,9,1,908.49,280.0,11.95,33
37025,1999,6,1,1187.86,100.0,11.96,33
37027,1998,3,1,60.52,280.0,7.63,33
37028,1998,3,1,58.47,280.0,7.53,33
37029,1998,3,1,58.63,280.0,7.42,33
37030,1998,3,1,58.97,280.0,7.33,33
37031,1998,3,1,59.16,280.0,7.24,33
37032,1998,3,1,59.41,280.0,7.14,33
37033,1998,3,1,59.72,280.0,7.05,33
37034,1998,3,1,59.87,280.0,6.96,33
37035,1998,3,1,58.9,280.0,6.86,33
37036,1998,9,1,61.27,10.0,11.38,33
37038,1998,3,1,120.64,100.0,12.26,33
37039,1999,3,1,104.42,100.0,12.25,33
37040,1999,3,1,60.14,100.0,12.19,33
37041,1999,3,1,60.33,100.0,12.15,33
37042,1999,3,1,60.35,100.0,12.1,33
37043,1999,3,1,60.44,100.0,12.06,33
37044,1999,3,1,60.56,100.0,12.0,33
37045,1999,3,1,60.65,100.0,11.97,33
37046,1999,3,1,60.74,100.0,11.92,33
37047,1999,3,1,60.35,100.0,11.88,33
37051,1999,6,1,3100.82,190.0,11.55,33
37053,1971,6,1,187.87,10.0,11.96,33
37055,1968,3,1,51.48,10.0,11.95,33
37057,1953,3,1,66.09,10.0,11.96,33
37058,1972,6,1,153.56,100.0,10.53,33
37059,1971,6,1,178.1,100.0,10.53,33
37060,1971,6,1,151.81,100.0,10.53,33
37061,1975,3,1,250.79,190.0,5.37,33
37062,1999,3,1,292.14,190.0,5.37,33
37064,1990,3,1,732.08,10.0,11.96,33
37065,2000,3,1,113.34,280.0,11.97,33
37066,2005,9,1,171.75,280.0,11.99,33
37067,1995,3,1,92.09,280.0,11.95,33
37068,1989,3,1,258.46,10.0,11.95,33
37070,1992,3,1,107.41,280.0,11.96,33
37071,2003,9,1,137.2,280.0,32.99,33
37073,1953,3,1,53.97,10.0,11.96,33
37074,1953,3,1,59.14,55.0,27.08,33
37075,1991,6,1,111.32,190.0,5.37,33
37077,2001,3,1,217.95,15.0,16.41,33
37078,1992,3,1,154.9,10.0,16.14,33
37080,1989,3,1,143.92,10.0,24.45,33
37081,1998,9,1,84.44,10.0,29.12,33
37082,1994,6,1,120.48,10.0,26.13,33
37084,1988,3,1,112.74,10.0,24.05,33
37086,1985,9,1,33.84,100.0,11.5,33
37088,1960,9,1,80.77,100.0,11.66,33
37090,2004,6,1,82.09,190.0,7.89,33
37091,1961,9,1,103.45,190.0,7.9,33
37093,1964,3,1,102.26,190.0,7.92,33
37094,1965,6,1,83.73,190.0,7.94,33
37095,1960,9,1,61.46,190.0,7.95,33
37097,1957,3,1,85.96,190.0,7.96,33
37100,1955,3,1,92.33,190.0,7.97,33
37102,1995,9,1,160.06,190.0,7.79,33
37104,1996,3,1,229.64,280.0,12.73,33
37105,1995,9,1,111.4,280.0,12.39,33
37106,1991,3,1,69.8,10.0,16.34,33
37107,1991,3,1,70.46,10.0,16.3,33
37108,1991,3,1,69.34,10.0,16.25,33
37109,1994,6,1,260.83,10.0,16.18,33
37111,1995,3,1,312.8,190.0,7.81,33
37112,2001,6,1,237.61,190.0,7.92,33
37113,1989,3,1,882.1,180.0,12.17,33
37115,1973,6,1,54.23,10.0,7.98,33
37117,1965,3,1,84.19,10.0,7.96,33
37120,1965,9,1,77.97,10.0,7.94,33
37122,1962,6,1,76.61,10.0,7.92,33
37123,1959,3,1,86.64,100.0,11.84,33
37124,1955,3,1,70.96,100.0,11.85,33
37125,1962,3,1,88.76,100.0,11.88,33
37126,1955,9,1,80.3,100.0,11.92,33
37128,1960,9,1,80.22,100.0,11.97,33
37130,1960,6,1,82.38,100.0,12.02,33
37131,1963,6,1,57.04,100.0,12.07,33
37133,1996,6,1,159.86,150.0,28.14,33
37134,1960,3,1,64.93,190.0,11.96,33
37135,1956,3,1,138.19,190.0,11.95,33
37137,1990,3,1,147.79,205.0,12.33,33
37138,1989,3,1,141.95,280.0,11.97,33
37139,1990,3,1,71.63,280.0,11.91,33
37140,1990,3,1,54.27,280.0,11.94,33
37141,1990,3,1,55.71,280.0,11.89,33
37142,1994,6,1,197.21,280.0,11.9,33
37145,1996,9,1,197.8,35.0,11.48,33
37147,1990,3,1,82.93,125.0,inf,33
37149,1990,3,1,84.69,125.0,65.27,33
37150,1990,3,1,81.3,125.0,12.21,33
37152,1990,3,1,82.9,125.0,12.2,33
37154,1990,3,1,80.22,125.0,12.2,33
37156,1990,3,1,84.43,125.0,12.2,33
37158,1990,3,1,82.96,125.0,12.19,33
37160,1990,3,1,85.41,125.0,12.2,33
37162,1994,9,1,225.46,215.0,12.21,33
37163,1990,3,1,653.6,305.0,10.16,33
37165,1993,3,1,477.77,125.0,12.19,33
37167,1992,3,1,468.69,305.0,10.13,33
37170,1996,9,1,185.67,125.0,12.18,33
37171,1994,9,1,219.25,125.0,12.22,33
37173,1999,12,1,1305.83,215.0,47.27,33
37175,2000,9,1,1852.32,315.0,70.94,33
37177,1982,12,1,471.01,305.0,22.96,33
37178,1975,3,1,150.39,35.0,11.88,33
37180,1970,3,1,151.09,35.0,11.88,33
37182,1980,9,1,154.03,35.0,11.88,33
37186,1992,3,1,135.98,35.0,11.9,33
37187,1987,9,1,142.07,215.0,7.92,33
37191,1980,6,1,194.48,215.0,23.7,33
37193,1975,3,1,111.06,215.0,17.26,33
37195,1990,3,1,179.03,125.0,12.01,33
37196,1988,3,1,174.67,125.0,12.0,33
37198,1998,6,1,138.44,125.0,11.99,33
37200,1990,12,1,108.93,125.0,11.98,33
37202,1988,3,1,92.92,305.0,21.6,33
37203,1988,3,1,92.25,305.0,22.44,33
37204,1988,3,1,92.02,305.0,22.48,33
37205,1988,3,1,88.74,305.0,21.81,33
37206,1988,3,1,90.29,305.0,21.76,33
37207,1988,3,1,93.35,305.0,22.02,33
37208,1988,3,1,90.78,305.0,59.57,33
37209,1991,12,1,252.85,305.0,12.02,33
37210,2001,9,1,249.15,35.0,11.74,33
37211,1987,9,1,68.16,125.0,11.05,33
37213,1987,3,1,68.16,125.0,11.04,33
37215,1987,12,1,67.98,125.0,11.04,33
37217,1987,12,1,68.75,125.0,11.03,33
37219,1987,12,1,68.66,125.0,11.03,33
37221,1987,12,1,67.9,125.0,11.03,33
37223,1987,3,1,70.99,125.0,117.2,33
37225,1987,12,1,67.86,125.0,11.82,33
37227,1987,9,1,109.43,125.0,11.82,33
37228,1987,9,1,113.34,125.0,11.82,33
37229,1993,3,1,187.47,125.0,12.07,33
37232,1991,3,1,449.0,125.0,12.17,33
37234,1990,3,1,70.89,305.0,12.22,33
37235,1998,3,1,188.09,305.0,64.63,33
37237,1991,9,1,197.79,305.0,11.98,33
37240,1988,3,1,187.7,305.0,12.0,33
37241,1989,3,1,186.05,305.0,12.0,33
37243,1990,3,1,68.65,305.0,12.34,33
37244,1990,3,1,68.66,305.0,12.41,33
37245,1990,3,1,68.48,305.0,12.53,33
37246,1990,3,1,68.52,305.0,12.64,33
37247,1982,9,1,149.92,215.0,11.91,33
37248,1986,3,1,145.11,215.0,11.91,33
37250,1994,3,1,259.7,215.0,11.9,33
37251,1979,3,1,173.04,215.0,11.9,33
37253,1976,3,1,148.71,215.0,11.9,33
37255,1977,3,1,151.42,215.0,11.89,33
37256,1980,9,1,125.03,215.0,11.89,33
37258,1982,3,1,148.91,215.0,11.88,33
37259,1974,3,1,151.88,215.0,11.88,33
37260,1980,3,1,115.98,215.0,11.88,33
37262,1983,3,1,219.99,215.0,11.91,33
37264,1995,3,1,240.52,35.0,7.47,33
37266,1992,6,1,236.94,35.0,7.69,33
37268,1992,6,1,231.46,35.0,7.73,33
37271,2009,6,1,61.82,35.0,7.74,33
37272,2004,3,1,233.84,35.0,7.77,33
37273,2000,6,1,371.35,125.0,11.86,33
37274,1974,12,1,276.28,35.0,22.64,33
37275,1974,12,1,276.28,305.0,42.53,33
37276,1974,12,1,276.31,125.0,27.35,33
37277,1974,12,1,276.28,305.0,29.12,33
37278,1974,12,1,276.28,305.0,28.4,33
37279,1974,18,1,150.89,125.0,47.5,33
37280,1991,9,1,90.95,215.0,6.06,33
37282,1991,3,1,96.45,215.0,6.07,33
37283,1991,9,1,96.85,35.0,18.54,33
37285,1991,3,1,96.56,35.0,18.51,33
37286,1991,3,1,94.15,35.0,18.48,33
37287,1991,3,1,99.93,125.0,35.76,33
37288,1991,3,1,107.57,35.0,18.61,33
37289,1995,3,1,99.33,305.0,14.37,33
37290,1995,3,1,95.4,215.0,6.0,33
37291,1995,3,1,95.41,215.0,6.01,33
37292,1995,3,1,96.5,215.0,6.01,33
37293,1995,3,1,96.64,215.0,6.0,33
37294,1995,3,1,95.41,215.0,6.0,33
37295,1995,3,1,99.31,125.0,12.82,33
37296,1997,3,1,92.85,35.0,12.97,33
37297,1997,3,1,97.31,215.0,11.99,33
37298,1997,3,1,97.09,215.0,11.97,33
37299,1998,3,1,96.54,215.0,11.95,33
37300,1998,3,1,96.23,215.0,11.93,33
37301,1998,3,1,98.81,215.0,12.16,33
37302,1994,9,1,112.41,215.0,12.43,33
37304,1996,6,1,250.83,125.0,12.04,33
37305,1990,3,1,84.55,35.0,11.93,33
37306,1990,3,1,83.55,35.0,11.95,33
37307,1990,3,1,85.21,35.0,11.95,33
37308,1990,3,1,82.87,35.0,11.98,33
37309,1990,3,1,84.63,35.0,11.99,33
37310,1990,3,1,86.87,35.0,91.65,33
37311,1990,3,1,85.14,35.0,111.57,33
37312,1990,3,1,83.02,35.0,49.75,33
37313,2007,9,1,504.1,305.0,14.34,33
37314,1990,3,1,87.41,35.0,17.0,33
37315,1990,3,1,79.36,35.0,16.98,33
37316,1990,3,1,86.97,35.0,16.98,33
37317,1990,3,1,82.11,35.0,16.96,33
37318,1994,12,1,47.83,35.0,108.54,33
37319,1990,3,1,41.36,125.0,12.26,33
37320,1990,3,1,74.67,120.0,12.1,33
37321,1990,3,1,74.44,125.0,12.0,33
37322,1992,6,1,245.92,350.0,28.62,33
37324,1992,3,1,167.52,215.0,7.99,33
37326,1992,3,1,165.65,215.0,7.85,33
37328,1999,9,1,157.51,215.0,7.92,33
37329,2000,3,1,221.98,215.0,7.76,33
37330,1993,3,1,232.31,215.0,7.76,33
37331,1991,6,1,164.83,35.0,8.08,33
37333,1989,3,1,122.47,215.0,113.64,33
37335,1980,6,1,153.31,215.0,47.82,33
37336,1978,3,1,146.84,210.0,18.65,33
37338,1960,3,1,149.73,210.0,18.6,33
37339,1983,6,1,296.31,215.0,64.1,33
37341,1980,6,1,151.65,215.0,113.6,33
37343,1983,3,1,147.96,215.0,108.55,33
37344,1983,3,1,173.99,215.0,22.9,33
37346,1984,3,1,147.95,215.0,17.84,33
37347,1983,3,1,149.45,215.0,17.82,33
37349,1984,3,1,195.36,215.0,50.15,33
37351,1995,3,1,242.84,30.0,8.08,33
37353,1994,3,1,166.84,30.0,7.92,33
37354,1992,6,1,268.58,30.0,7.77,33
37355,1991,3,1,246.19,35.0,7.82,33
37356,1990,3,1,169.9,40.0,133.5,33
37357,1999,3,1,243.72,30.0,7.85,33
37358,1993,3,1,179.92,30.0,8.01,33
37375,1975,3,1,97.68,335.0,7.09,33
37378,2018,3,1,144.57,30.0,10.69,33
37382,1980,3,1,215.89,245.0,82.24,33
37386,1985,3,1,329.75,245.0,16.06,33
37387,1959,3,1,194.82,335.0,7.15,33
37389,1972,3,1,162.2,60.0,9.94,33
37391,1963,3,1,178.55,245.0,15.1,33
37392,1970,6,1,200.77,60.0,10.1,33
37394,2000,3,1,171.33,160.0,6.81,33
37395,1922,3,1,306.77,245.0,27.27,33
37398,1958,3,1,165.57,340.0,46.76,33
37399,1959,3,1,92.87,55.0,10.32,33
37400,1952,3,1,192.61,245.0,15.28,33
37402,1932,3,1,157.82,335.0,19.96,33
37403,1960,6,1,137.5,330.0,20.13,33
37406,1968,3,1,135.28,65.0,8.07,33
37407,1999,6,1,353.19,155.0,14.18,33
37411,1960,3,1,146.06,245.0,8.16,33
37412,1960,3,1,213.09,355.0,9.94,33
37414,1942,3,1,153.96,355.0,14.05,33
37416,1996,3,1,191.11,85.0,10.23,33
37421,1922,3,1,117.93,245.0,21.04,33
37422,1960,3,1,126.36,70.0,9.36,33
37424,1963,3,1,117.32,155.0,12.79,33
37425,1965,3,1,112.1,155.0,12.02,33
37426,1964,3,1,129.77,245.0,7.96,33
37429,2007,6,1,147.0,160.0,60.54,33
37430,2021,3,1,108.15,80.0,9.21,33
37432,1963,3,1,131.08,65.0,9.15,33
37436,1968,3,1,169.01,240.0,6.48,33
37438,1965,3,1,170.45,240.0,6.22,33
37441,1972,3,1,205.34,270.0,6.0,33
37443,1970,3,1,137.37,90.0,41.47,33
37444,2005,6,1,100.69,90.0,49.41,33
37445,1965,3,1,130.21,100.0,92.75,33
37446,1960,6,1,224.07,280.0,5.88,33
37449,1969,3,1,241.26,280.0,9.47,33
37450,2007,3,1,144.67,220.0,6.15,33
37452,1964,3,1,59.82,270.0,6.39,33
37454,1960,3,1,155.89,225.0,6.28,33
37456,1960,3,1,160.12,10.0,14.07,33
37457,1959,3,1,157.16,55.0,8.32,33
37458,2005,3,1,227.95,55.0,6.49,33
37459,1959,3,1,61.09,60.0,6.29,33
37460,1960,6,1,144.84,270.0,14.89,33
37461,1960,3,1,151.07,210.0,12.71,33
37462,1962,6,1,133.76,270.0,7.46,33
37464,1961,3,1,204.27,255.0,6.25,33
37466,1960,3,1,83.31,175.0,10.87,33
37467,1961,3,1,104.32,75.0,6.34,33
37469,1961,3,1,87.25,255.0,25.76,33
37470,1962,9,1,119.62,170.0,0.0,33
37472,1962,3,1,113.07,170.0,0.0,33
37474,1961,3,1,122.38,260.0,0.0,33
37475,1963,3,1,172.3,15.0,6.18,33
37477,1960,3,1,115.24,15.0,6.31,33
37478,2002,3,1,87.32,15.0,8.68,33
37479,1970,3,1,232.23,250.0,30.48,33
37480,1939,3,1,56.01,10.0,2.69,33
37481,1963,3,1,81.52,90.0,5.72,33
37483,1963,3,1,150.13,90.0,5.19,33
37485,1960,3,1,96.25,100.0,8.29,33
37487,1960,3,1,108.78,50.0,6.4,33
37489,1968,3,1,107.22,50.0,7.03,33
37490,1968,3,1,72.35,40.0,7.27,33
37491,1968,3,1,203.57,0.0,9.81,33
37493,1975,3,1,96.06,45.0,6.4,33
37495,1930,3,1,145.3,240.0,7.56,33
37497,1935,6,1,163.55,250.0,7.09,33
37499,1969,3,1,114.17,250.0,7.04,33
37501,1970,3,1,84.35,250.0,7.0,33
37502,1970,6,1,60.0,250.0,7.14,33
37504,1968,12,1,120.09,250.0,7.22,33
37506,1969,3,1,108.49,250.0,7.36,33
37507,1969,12,1,150.36,250.0,6.99,33
37509,1960,3,1,88.92,255.0,7.15,33
37512,1968,3,1,74.9,255.0,7.18,33
37514,1968,3,1,78.76,255.0,7.04,33
37515,1920,3,1,164.48,175.0,9.76,33
37517,1998,3,1,366.09,175.0,18.68,33
37520,2023,3,1,140.02,250.0,23.47,33
37521,1975,3,1,125.13,250.0,6.98,33
37523,1960,6,1,108.71,255.0,7.11,33
37541,1976,24,1,340.16,5.0,14.54,33
37544,1976,30,1,341.62,5.0,14.34,33
37547,1976,33,1,340.69,90.0,10.94,33
37550,1976,30,1,340.48,90.0,9.65,33
37553,1976,30,1,346.51,80.0,15.31,33
37556,1976,30,1,340.96,245.0,14.34,33
37558,1976,33,1,340.2,250.0,14.99,33
37561,1957,3,1,232.89,95.0,26.6,33
37563,2003,3,1,313.72,300.0,23.4,33
37564,1996,3,1,243.14,355.0,9.65,33
37567,1991,3,1,210.45,95.0,10.27,33
37569,1998,6,1,212.8,95.0,10.3,33
37570,1998,3,1,276.52,95.0,10.35,33
37571,2002,3,1,193.48,90.0,10.24,33
37572,1976,3,1,348.79,180.0,12.46,33
37574,1985,3,1,486.1,180.0,12.51,33
37577,1971,3,1,192.9,180.0,12.53,33
37579,1971,3,1,214.87,185.0,12.61,33
37581,1976,6,1,204.66,180.0,12.6,33
37585,1983,3,1,164.02,305.0,10.03,33
37586,1991,3,1,241.45,355.0,9.91,33
37587,1988,6,1,201.8,355.0,9.88,33
37589,1980,6,1,142.55,355.0,9.86,33
37592,2007,6,1,396.96,355.0,10.25,33
37593,2011,12,1,406.5,180.0,12.46,33
37596,2006,3,1,603.9,355.0,7.92,33
37597,1967,3,1,54.22,355.0,7.96,33
37598,1971,3,1,71.38,85.0,7.91,33
37600,2010,6,1,350.11,175.0,9.89,33
37601,1971,3,1,147.82,160.0,9.93,33
37603,1961,3,1,36.66,155.0,10.1,33
37604,1968,3,1,118.84,145.0,10.21,33
37605,2001,6,1,704.5,325.0,13.1,33
37606,2021,9,1,141.78,145.0,10.25,33
37607,1967,3,1,226.67,145.0,10.23,33
37609,2004,6,1,433.92,130.0,17.7,33
37610,2008,6,1,701.42,310.0,18.28,33
37611,2002,3,1,815.82,355.0,8.15,33
37613,1971,3,1,73.55,155.0,10.32,33
37614,2003,3,1,462.03,315.0,13.13,33
37615,2003,3,1,896.77,130.0,21.52,33
37617,2005,6,1,425.68,320.0,13.15,33
37618,2007,6,1,438.62,315.0,13.33,33
37625,2013,18,1,4482.67,100.0,31.42,33
37630,1995,9,1,1991.19,100.0,17.05,33
37632,1998,9,1,743.06,10.0,11.97,33
37634,2001,9,1,1188.62,245.0,103.6,33
37635,2002,9,1,540.63,345.0,26.37,33
37636,2003,9,1,589.4,100.0,38.83,33
37638,1994,12,1,564.84,130.0,51.5,33
37640,2001,9,1,348.57,280.0,50.38,33
37642,1970,3,1,87.46,280.0,11.84,33
37643,1955,3,1,118.53,10.0,7.79,33
37644,1959,3,1,44.53,10.0,7.74,33
37645,1952,6,1,97.66,10.0,7.7,33
37647,1960,3,1,63.44,95.0,3.61,33
37648,1968,3,1,41.6,90.0,3.02,33
37649,1960,3,1,79.57,190.0,10.52,33
37650,1960,3,1,63.3,190.0,10.51,33
37651,1955,6,1,55.25,190.0,10.51,33
37652,1965,3,1,67.3,190.0,10.49,33
37653,2000,3,1,59.28,280.0,12.14,33
37654,1965,3,1,81.47,280.0,12.08,33
37655,1965,3,1,71.32,280.0,12.01,33
37657,1976,3,1,75.29,280.0,11.97,33
37659,1968,3,1,84.53,280.0,11.92,33
37660,1970,3,1,41.01,280.0,11.86,33
37661,2001,6,1,110.35,10.0,12.2,33
37664,1975,3,1,102.18,10.0,12.19,33
37665,1958,3,1,52.33,100.0,4.2,33
37666,1956,6,1,37.0,100.0,4.13,33
37667,1955,3,1,96.49,280.0,11.54,33
37668,2005,6,1,29.07,100.0,3.91,33
37669,1956,3,1,72.35,190.0,12.68,33
37670,1990,3,1,88.36,190.0,7.74,33
37671,1960,3,1,76.85,190.0,7.78,33
37673,1958,3,1,78.15,280.0,11.74,33
37674,1960,3,1,83.94,280.0,11.63,33
37676,1958,3,1,53.99,280.0,11.49,33
37678,1987,3,1,59.62,280.0,11.4,33
37680,1959,3,1,93.73,10.0,12.15,33
37682,1965,3,1,94.4,10.0,12.12,33
37684,1955,3,1,73.33,10.0,12.1,33
37685,1956,6,1,80.24,10.0,12.08,33
37686,1959,3,1,91.84,10.0,12.05,33
37687,1968,3,1,81.81,10.0,12.03,33
37688,1943,3,1,64.09,10.0,12.01,33
37690,1955,3,1,64.69,10.0,12.0,33
37691,1950,3,1,76.82,10.0,12.01,33
37692,1961,9,1,95.1,10.0,12.03,33
37695,2004,3,1,71.39,10.0,12.05,33
37696,1963,3,1,61.33,10.0,12.06,33
37697,1958,6,1,71.71,100.0,11.87,33
37700,1957,3,1,66.52,100.0,11.94,33
37701,1972,3,1,56.77,100.0,12.04,33
37702,1953,6,1,56.73,190.0,7.45,33
37704,1953,9,1,91.04,190.0,7.47,33
37705,1955,3,1,95.16,190.0,7.48,33
37707,1969,3,1,93.36,190.0,7.51,33
37709,1963,3,1,86.89,190.0,7.52,33
37710,1972,3,1,93.59,190.0,7.54,33
37712,1955,3,1,79.59,190.0,7.56,33
37713,1950,3,1,83.52,190.0,7.58,33
37714,1955,3,1,74.66,190.0,7.61,33
37715,1958,3,1,82.73,190.0,7.64,33
37716,1953,3,1,82.89,190.0,7.66,33
37717,1952,3,1,93.59,190.0,7.69,33
37718,1955,6,1,114.36,10.0,7.69,33
37720,1958,3,1,88.06,10.0,7.66,33
37721,1965,9,1,83.33,10.0,7.64,33
37722,1960,3,1,86.37,10.0,7.61,33
37723,1974,3,1,84.11,10.0,7.58,33
37724,1968,9,1,74.37,10.0,7.56,33
37725,1958,6,1,94.65,10.0,7.53,33
37726,1970,3,1,72.3,10.0,7.5,33
37727,1996,3,1,87.58,100.0,17.78,33
37728,2000,3,1,91.22,100.0,12.72,33
37729,1980,3,1,143.49,100.0,11.79,33
37732,1975,3,1,115.33,100.0,11.8,33
37733,1980,6,1,149.49,100.0,11.8,33
37734,1979,6,1,132.91,100.0,11.8,33
37735,1975,3,1,125.34,100.0,11.8,33
37737,2007,6,1,242.0,190.0,10.32,33
37739,2008,9,1,81.32,190.0,10.33,33
37740,1975,3,1,193.91,190.0,10.35,33
37742,1980,6,1,166.86,190.0,10.37,33
37743,1979,9,1,172.12,270.0,25.24,33
37744,1989,3,1,59.27,305.0,12.21,33
37746,1989,3,1,109.93,215.0,12.19,33
37748,1989,3,1,107.55,215.0,12.18,33
37750,1989,3,1,109.18,215.0,12.17,33
37752,1989,3,1,110.69,215.0,12.16,33
37754,1989,3,1,106.9,215.0,12.15,33
37756,1989,3,1,107.61,215.0,12.14,33
37758,1989,3,1,111.93,215.0,22.39,33
37760,1989,3,1,61.43,125.0,12.02,33
37762,1989,3,1,60.88,125.0,12.11,33
37764,1989,3,1,59.75,125.0,12.22,33
37766,1989,3,1,61.43,125.0,12.3,33
37768,1989,3,1,72.81,125.0,12.41,33
37770,1989,3,1,62.65,125.0,12.5,33
37773,2003,12,1,51.46,305.0,12.22,33
37774,1989,3,1,75.55,305.0,12.2,33
37776,1989,3,1,58.08,305.0,12.2,33
37778,1989,3,1,57.93,305.0,12.19,33
37780,1989,3,1,63.18,305.0,12.2,33
37782,1989,3,1,55.74,305.0,12.2,33
37784,2008,6,1,137.87,215.0,29.05,33
37785,2007,6,1,88.09,215.0,12.21,33
37786,1987,3,1,619.07,305.0,12.19,33
37788,1987,3,1,593.84,35.0,11.87,33
37790,1987,3,1,616.1,125.0,12.28,33
37792,1999,3,1,242.8,305.0,11.94,33
37793,1992,3,1,245.6,25.0,7.42,33
37794,2010,6,1,244.53,35.0,7.42,33
37796,1990,3,1,361.97,30.0,7.29,33
37798,1999,6,1,241.36,125.0,11.86,33
37799,1989,3,1,81.81,35.0,6.97,33
37800,1989,3,1,84.25,35.0,7.0,33
37801,1991,3,1,243.37,215.0,11.87,33
37803,1999,3,1,82.2,215.0,11.83,33
37804,1989,3,1,240.08,215.0,11.8,33
37806,1988,3,1,68.07,215.0,12.02,33
37807,1988,3,1,66.11,215.0,12.14,33
37808,1991,6,1,234.22,305.0,12.21,33
37809,1997,3,1,81.2,215.0,11.76,33
37811,1993,6,1,588.45,35.0,11.91,33
37812,1994,3,1,58.69,35.0,12.17,33
37813,1993,3,1,56.17,35.0,11.94,33
37815,1993,3,1,268.12,35.0,12.1,33
37816,1985,15,1,121.94,125.0,12.02,33
37818,1985,9,1,149.25,125.0,11.96,33
37819,1992,3,1,74.44,215.0,7.44,33
37820,1992,3,1,73.6,215.0,7.41,33
37821,1992,3,1,75.52,215.0,7.37,33
37822,1993,3,1,57.26,35.0,11.97,33
37824,1993,3,1,56.33,35.0,12.01,33
37826,1994,3,1,56.98,35.0,12.22,33
37827,1994,3,1,59.89,35.0,12.24,33
37828,1994,3,1,59.22,35.0,12.29,33
37829,1994,3,1,69.7,215.0,7.02,33
37830,1994,3,1,66.1,215.0,7.12,33
37831,1994,3,1,75.88,215.0,7.21,33
37832,1994,3,1,72.9,215.0,7.29,33
37833,1994,3,1,72.11,215.0,7.41,33
37834,1989,6,1,315.63,305.0,11.79,33
37835,1994,6,1,616.33,125.0,12.08,33
37836,1988,9,1,1376.08,305.0,15.48,33
37839,1994,3,1,103.07,305.0,11.86,33
37840,1984,9,1,272.89,305.0,11.79,33
37841,1974,9,1,300.44,305.0,10.83,33
37842,1974,9,1,291.56,305.0,7.14,33
37843,1974,9,1,288.43,305.0,7.15,33
37844,1974,9,1,296.34,30.0,12.33,33
37846,1991,6,1,115.51,305.0,12.04,33
37847,1973,12,1,219.64,35.0,41.52,33
37848,1973,12,1,217.89,35.0,43.57,33
37849,1973,12,1,219.17,35.0,54.09,33
37850,1973,9,1,217.21,35.0,25.84,33
37851,1993,3,1,163.92,35.0,20.11,33
37852,1988,3,1,149.8,125.0,11.79,33
37854,1990,3,1,138.57,125.0,11.87,33
37855,1993,3,1,306.77,215.0,7.72,33
37856,1994,6,1,315.3,215.0,7.77,33
37859,1987,3,1,204.01,215.0,7.75,33
37862,1993,9,1,204.93,215.0,7.66,33
37865,2008,6,1,248.3,305.0,12.07,33
37867,1992,9,1,119.11,35.0,20.31,33
37868,1974,12,1,288.66,125.0,10.43,33
37869,1974,12,1,289.32,125.0,7.13,33
37870,1974,12,1,288.88,125.0,7.09,33
37871,1974,12,1,292.45,305.0,82.01,33
37872,1974,12,1,302.16,305.0,19.49,33
37873,1974,12,1,310.45,125.0,7.15,33
37874,1974,12,1,306.46,305.0,7.7,33
37875,1974,12,1,325.54,125.0,16.99,33
37877,1900,3,1,910.53,70.0,0.0,33
37878,1925,6,1,147.46,255.0,134.37,33
37880,1968,3,1,161.51,45.0,8.63,33
37883,1925,3,1,177.44,240.0,27.59,33
37887,1979,3,1,207.35,240.0,9.98,33
37889,1962,3,1,110.13,240.0,18.6,33
37892,1920,3,1,136.92,320.0,23.15,33
37894,1964,3,1,140.23,125.0,30.57,33
37897,1963,3,1,96.83,240.0,10.12,33
37901,1968,3,1,167.9,335.0,12.03,33
37902,1995,3,1,81.73,45.0,7.48,33
37903,1991,3,1,148.81,105.0,7.14,33
37905,1991,3,1,608.94,290.0,28.97,33
37908,2000,3,1,207.02,30.0,34.55,33
37910,1966,3,1,626.27,185.0,9.65,33
37911,2005,3,1,79.25,185.0,9.52,33
37912,1965,3,1,84.05,185.0,9.48,33
37913,1976,3,1,148.48,110.0,40.56,33
37914,1959,3,1,171.14,160.0,12.33,33
37915,1959,3,1,144.93,245.0,9.24,33
37916,1910,6,1,98.07,255.0,9.22,33
37918,2006,9,1,248.18,185.0,9.59,33
37920,1996,3,1,211.03,160.0,11.22,33
37921,2014,9,1,338.53,270.0,16.79,33
37923,2000,3,1,152.02,185.0,9.48,33
37953,1967,3,1,2085.25,110.0,101.65,33
