label,index
0,5114
4,17137
3,10854
0,2877
2,5285
3,7011
3,15032
2,12951
3,7380
1,18349
4,20333
4,22236
0,3789
3,3418
0,25456
3,4278
4,19025
3,12652
1,24839
1,2774
1,10757
0,9103
2,9292
4,19165
4,12712
4,12483
3,24979
0,10617
1,2634
1,10586
3,9043
0,25516
4,25687
1,4338
2,18198
0,18209
3,20273
0,22376
0,3558
0,2937
3,10914
0,17077
0,5054
2,12811
0,15172
0,7151
1,18089
0,18318
3,20362
3,3449
4,22267
4,10805
3,2826
3,5145
3,17166
0,12900
2,7040
2,15063
1,19074
3,12603
3,12592
0,2725
3,10706
1,10497
2,24868
2,9152
0,4229
0,25407
3,25796
3,4369
4,25547
1,19134
3,12743
0,10646
3,2665
3,24928
0,9012
1,9383
4,17026
1,5005
1,2966
3,10945
2,5394
2,15123
2,7100
1,12840
0,7291
2,18258
0,20222
0,3698
4,3509
3,22327
0,25765
4,16168
2,3828
1,12561
1,19316
3,19087
3,9230
3,23269
3,2447
3,10464
1,24798
1,24409
3,5227
2,17204
2,17195
0,7322
3,15301
2,15090
3,20000
3,20391
3,22105
2,22294
0,11499
0,11708
1,20140
0,22045
2,11648
3,24549
4,17344
3,5367
3,2995
3,15241
3,7262
2,12421
2,19256
4,9370
3,23329
0,10524
0,2507
3,2696
0,25625
2,3968
2,16028
3,12530
2,19347
2,9261
3,2416
2,10435
3,2787
3,23238
3,3879
2,16139
0,25734
2,20051
2,11759
0,25837
3,22154
4,5276
0,17255
3,2884
3,24458
0,7373
3,15350
3,17315
2,5336
0,17084
3,24689
0,24518
4,15210
3,7233
3,15181
0,20111
1,20280
1,11588
1,11619
3,22014
3,22385
0,16079
2,3939
2,25674
4,12470
3,19207
0,19196
1,9321
2,10575
0,2556
0,23378
3,19291
3,19100
2,12777
4,2651
0,10672
0,9026
0,25573
4,13889
3,6258
1,849
3,1438
3,20187
3,20216
0,22082
2,22313
3,10971
1,2952
4,17383
2,5031
0,17012
0,12874
2,15286
0,7134
3,15117
2,17152
0,5171
1,2812
4,10831
2,15057
1,7074
0,12934
3,1578
3,20356
3,22253
0,25433
0,6318
2,6089
2,909
2,19040
3,12637
0,2480
1,10732
3,2711
2,9166
3,25522
2,6209
3,6198
3,818
4,19151
4,12726
0,2591
0,2600
2,10623
0,9077
0,5060
2,17043
1,10920
0,2903
3,7165
2,15146
3,12825
2,20247
0,1469
3,22342
4,20096
2,20307
0,1529
4,22193
3,22202
3,2843
2,10860
0,17292
3,17103
0,5120
2,12965
3,15397
3,15006
1,7025
0,19380
1,19011
3,12666
1,10763
0,2740
3,9137
0,25462
3,13998
2,6349
3,958
2,13728
2,20125
0,479
1,8079
0,22020
3,5093
2,5302
0,17321
4,7196
0,7207
2,15224
3,12444
3,21249
0,19233
3,9084
0,9315
0,2562
0,10541
3,25640
3,1808
0,14148
3,25491
4,25700
0,14008
4,14399
2,1948
3,12695
4,12504
1,21309
0,21098
4,19373
4,9255
1,10790
2,10401
2,19
3,2422
3,17261
2,5242
0,10893
0,15364
0,7347
2,12996
2,13668
4,20065
0,539
3,8139
4,22160
0,25803
4,5353
1,17370
2,10982
0,7256
1,15275
3,12887
1,20174
4,13779
0,428
3,8028
3,22071
0,25580
1,25611
4,14119
1,14288
0,1859
0,21218
0,21189
0,12784
0,12415
2,19262
0,9344
1,10681
3,2533
4,10510
3,21358
3,12555
2,19322
4,9195
1,9204
2,10450
4,2473
0,48
3,25751
3,1919
3,14059
3,20034
3,13639
2,568
2,8168
2,25852
0,22131
0,5182
1,17230
0,5213
2,7087
0,15335
0,7316
3,8766
0,3280
4,4872
3,16851
1,11132
3,3111
0,1385
2,6977
4,14954
1,13037
3,1014
3,18640
2,366
1,7518
4,7689
0,24233
2,9898
0,23453
3,21556
3,18943
0,14657
4,6674
0,20939
1,16752
3,4771
2,8865
2,18803
0,14486
0,6734
3,14717
3,20879
0,16583
0,4631
0,16612
3,8925
4,23682
3,23513
3,21787
0,21416
0,7458
3,21884
0,24373
0,23981
0,8626
3,3051
3,11072
0,16911
0,4932
0,1154
2,13177
1,14814
4,6837
2,18491
0,18700
0,226
3,21995
1,7549
0,24262
4,23890
1,8737
2,11163
2,3140
4,4823
4,16800
0,13066
0,1045
4,6926
3,14905
0,337
3,18580
2,18611
0,18912
0,20968
0,14597
0,14606
0,6625
3,16492
0,16703
2,4720
0,8834
3,23793
0,23402
3,21696
0,21507
0,23542
3,21447
4,18852
1,20828
4,6765
0,14746
0,4660
1,16643
0,8974
0,8677
3,3391
2,16940
4,4963
0,3000
2,11023
0,1294
3,14845
2,6866
0,1105
1,13126
0,277
1,18751
3,7409
0,7798
4,24322
0,9989
4,23760
4,9739
2,7928
3,12068
4,21665
1,14564
0,6547
0,16461
3,4442
2,11190
2,11201
4,3222
4,8455
3,18573
0,13095
2,13304
3,1327
2,20509
0,20698
2,15608
3,15599
3,21966
4,23863
3,24291
3,24100
0,15748
0,21826
0,24040
2,23923
0,4990
3,3362
1,11341
2,8684
4,8515
2,18433
0,115
0,284
4,6895
3,1267
2,13244
0,20449
3,6796
0,6407
1,14424
0,8987
3,4693
2,4502
2,16521
0,23620
3,9679
2,12128
3,7868
4,21725
4,6687
1,14535
2,6516
1,8896
4,4782
4,16430
3,4413
3,23731
0,9768
4,21634
0,12039
1,7979
3,21937
3,15659
0,24151
2,23832
3,4881
0,11250
1,3273
2,8795
4,8404
0,395
2,18522
1,20558
3,6984
4,13355
0,1376
0,11081
2,3333
3,11310
2,8544
0,144
2,18462
0,20418
0,20789
2,13184
0,1236
1,13215
0,21877
0,15719
2,15488
3,23972
0,24380
3,24011
3,23671
3,9628
3,21774
4,7839
4,12179
2,6456
3,14475
3,4553
3,16570
1,18866
1,14772
4,6751
3,22919
2,16677
0,4654
3,8940
0,23576
3,2358
2,17989
3,21473
4,19798
0,19409
0,24316
0,24087
0,5538
2,8643
2,11017
3,3034
2,11386
3,4957
2,16974
3,13112
0,1131
3,13283
2,6852
0,14871
0,243
3,18765
1,8703
0,8492
4,16834
2,4817
3,3174
0,11157
0,14931
4,6912
0,1071
3,13052
1,303
4,18625
0,24256
2,5478
0,23436
0,2189
0,2218
4,21533
0,19549
0,18926
0,6611
0,14632
3,6580
4,22859
3,4714
0,16737
3,4485
2,8800
0,2098
3,2309
0,23527
0,21422
2,19458
1,18837
3,14723
2,6700
4,6491
0,16626
0,4605
1,4594
3,22948
2,8911
2,8612
2,8583
4,4906
2,16925
2,11046
2,3065
0,6803
0,14820
0,13143
0,1160
3,18734
0,183
0,212
1,5569
0,24347
4,5429
0,24207
4,24196
3,8752
1,3125
0,11106
3,11297
2,16865
2,4846
0,1020
2,13003
0,13392
0,14960
0,6943
2,18674
1,352
1,18977
3,6640
4,14663
3,4745
3,16766
3,22808
3,8851
4,2249
4,17898
3,23467
3,21562
1,19689
3,19518
3,21843
0,19839
3,24025
3,23946
1,17628
0,22529
4,11324
3,3307
2,3096
4,8570
1,170
4,18456
0,13221
0,1202
0,1193
1,14441
2,6462
0,25349
4,16544
0,4567
1,23645
2,10048
3,5908
2,21740
0,23705
0,23494
0,5848
2,10299
2,10108
0,21600
3,21591
2,6522
0,14501
4,14690
2,18984
2,25198
2,25209
3,4427
0,16404
2,16795
3,22469
0,16896
1,3247
3,11264
1,8430
2,18516
2,18687
4,14993
0,1342
0,13361
3,21903
4,19979
4,23806
2,24165
3,17768
4,16987
4,11375
0,3356
3,22578
2,8521
4,18407
0,18796
3,121
3,14882
0,13270
0,1253
1,21812
2,19868
4,17679
3,23917
0,24074
0,5959
2,10388
0,10019
0,23614
2,23585
0,21711
0,21480
4,14410
0,6433
2,14781
1,18895
2,16515
3,4536
2,16684
3,25089
3,25318
0,6573
3,14550
4,4476
0,16455
0,25258
2,10159
0,5819
0,23754
4,21651
3,21952
2,19928
4,17739
0,24134
3,23857
4,3216
4,11235
1,3187
3,22438
0,8461
1,18547
0,1313
0,13330
3,1082
2,21641
3,23744
0,5809
1,10149
3,25248
2,16445
2,4466
1,14540
0,6563
2,1092
2,13320
4,1303
0,18557
4,8471
3,22428
2,3197
1,11225
0,3206
3,23847
0,24124
1,17729
4,19938
0,21942
0,24064
1,23907
2,17669
3,19878
3,21802
3,1243
3,13260
3,14892
0,131
0,18786
2,18417
1,8531
0,22568
0,3346
4,11365
4,16997
2,25308
3,25099
2,16694
0,4526
0,16505
4,18885
2,14791
3,6423
4,14400
1,21490
0,21701
0,23595
3,23604
0,10009
2,10398
1,5949
1,16785
0,16414
3,4437
1,25219
0,25188
2,18994
0,14680
0,14511
3,6532
3,21581
0,21610
2,10118
1,10289
0,5858
3,23484
4,23715
3,17778
0,24175
2,23816
3,19969
3,21913
3,13371
0,1352
0,14983
3,18697
4,18506
4,8420
0,11274
4,3257
0,16886
3,22479
0,1183
3,1212
0,13231
2,18446
0,160
4,8560
2,3086
4,3317
0,11334
0,22539
1,17638
3,23956
0,24035
2,19829
0,21853
3,21750
0,5918
3,10058
4,23655
0,4577
0,16554
3,25359
0,6472
2,14451
2,342
2,18664
1,6953
0,14970
0,13382
2,13013
3,1030
3,4856
4,16875
3,11287
1,11116
3,3135
3,8742
0,24186
0,24217
3,5439
3,19508
1,19699
3,21572
3,23477
0,17888
0,2259
2,8841
3,22818
0,16776
0,4755
3,14673
0,6650
2,18967
1,8901
0,22958
1,4584
0,4615
1,16636
0,6481
0,6710
4,14733
3,18827
1,19448
0,21432
0,23537
3,2319
3,2088
0,24357
2,5579
0,202
4,193
0,18724
0,1170
0,13153
0,14830
3,6813
2,3075
1,11056
4,16935
3,4916
1,8593
2,8602
3,5468
0,24246
1,18635
0,313
1,13042
3,1061
4,6902
3,14921
3,11147
0,3164
3,4807
3,16824
4,8482
1,8713
3,8810
3,4495
2,16727
3,4704
4,22849
0,6590
3,14622
0,6601
1,18936
3,19559
4,21523
0,2208
0,2199
0,23426
3,19419
3,19788
0,21463
1,17999
2,2348
0,23566
3,8950
0,4644
2,16667
3,22909
3,6741
1,14762
2,18876
3,18775
4,253
0,14861
4,6842
1,13293
0,1121
3,13102
0,16964
3,4947
0,11396
4,3024
3,11007
2,8653
0,5528
0,24097
3,24306
0,24001
0,24390
3,23962
2,15498
3,15709
3,21867
2,13205
3,1226
3,13194
0,20799
0,20408
3,18472
3,154
1,8554
0,11300
3,3323
0,11091
0,16560
1,4543
3,14465
2,6446
0,12169
2,7829
3,21764
2,9638
3,23661
2,7969
3,12029
0,21624
4,9778
0,23721
3,4403
0,16420
4,4792
2,8886
0,6506
2,14525
3,6697
0,1366
0,13345
3,6994
3,20548
2,18532
0,385
0,8414
3,8785
2,3263
1,11240
4,4891
2,23822
0,24141
2,15649
3,21927
1,20459
3,13254
4,1277
0,6885
0,294
4,105
4,18423
4,8505
1,8694
0,11351
3,3372
2,4980
0,23933
3,24050
0,21836
0,15758
2,21735
2,7878
3,12138
0,9669
0,23630
3,16531
0,4512
3,4683
0,8997
0,14434
0,6417
2,6786
0,4452
3,16471
0,6557
1,14574
2,21675
2,12078
1,7938
1,9729
3,23770
0,24110
0,24281
3,23873
3,21976
2,15589
2,15618
1,20688
1,20519
3,1337
2,13314
2,13085
2,18563
0,8445
2,3232
3,11211
4,11180
0,8964
2,16653
0,4670
2,14756
3,6775
4,20838
1,18842
3,21457
0,23552
0,9999
0,24332
1,7788
2,7419
1,18741
4,267
2,13136
0,1115
2,6876
2,14855
3,1284
0,11033
3,3010
0,4973
4,16950
3,3381
2,8667
1,18601
2,18590
3,327
0,14915
2,6936
3,1055
1,13076
2,16810
3,4833
4,3150
3,11173
1,8727
3,23880
3,24272
1,7559
0,21985
3,21517
4,21686
3,23412
3,23783
2,8824
0,4730
2,16713
3,16482
3,6635
0,14616
4,14587
2,20978
4,18902
0,21406
3,21797
3,23503
3,23692
0,8935
0,16602
0,4621
3,16593
3,20869
4,14707
0,6724
0,14496
0,18813
4,236
2,18710
4,18481
2,6827
1,14804
0,13167
0,1144
2,4922
4,16901
2,11062
0,3041
1,8636
0,23991
0,24363
0,21894
3,7448
0,9888
0,24223
2,7699
2,7508
0,376
2,18650
2,1004
2,13027
3,14944
0,6967
3,1395
2,3101
3,11122
0,16841
3,4862
0,3290
2,8776
4,8875
3,4761
1,16742
3,20929
2,6664
4,14647
1,18953
2,21546
3,23443
0,14049
0,1909
3,25741
0,58
3,2463
2,10440
2,9214
0,9185
4,19332
2,12545
3,21348
0,7306
2,15325
0,7097
0,5203
3,17220
0,5192
4,22121
0,25842
2,8178
3,578
1,13629
0,20024
3,22061
0,8038
3,438
0,13769
2,20164
0,12897
3,15265
0,7246
2,10992
1,17360
3,5343
1,10500
0,2523
2,10691
4,9354
3,19272
0,12405
4,12794
0,21199
2,21208
0,1849
1,14298
0,14109
0,25601
3,25590
0,2432
2,10411
2,10780
2,9245
4,19363
0,21088
0,21319
0,12514
0,12685
0,1958
4,14389
1,14018
4,25710
0,25481
0,25813
3,22170
2,8129
3,529
3,20075
0,13678
0,12986
0,7357
3,15374
1,10883
3,5252
2,17271
3,15234
3,7217
1,7186
0,17331
4,5312
1,5083
3,22030
4,8069
0,469
1,20135
1,13738
3,14158
0,1818
3,25650
3,10551
3,2572
3,9305
0,9094
0,19223
2,21259
0,12454
3,7035
0,15016
0,15387
1,12975
0,5130
3,17113
1,17282
2,10870
0,2853
0,22212
3,22183
0,1539
1,20317
3,20086
3,948
3,6359
0,13988
0,25472
2,9127
0,2750
2,10773
3,12676
2,19001
0,19390
0,9067
0,10633
0,2610
0,2581
0,12736
4,19141
0,808
4,6188
4,6219
2,25532
4,22352
3,1479
4,20257
1,12835
2,15156
1,7175
3,2913
2,10930
0,17053
4,5070
3,22243
3,20346
0,1568
3,12924
3,7064
0,15047
3,10821
2,2802
0,5161
3,17142
2,9176
0,2701
4,10722
3,2490
3,12627
3,19050
2,919
2,6099
2,6308
0,25423
4,859
4,6248
3,13899
3,25563
0,9036
1,10662
2,2641
2,12767
1,19110
4,19281
2,15107
0,7124
1,15296
3,12864
0,17002
0,5021
0,17393
1,2942
1,10961
3,22303
2,22092
4,20206
1,20197
0,1428
4,22395
3,22004
0,11609
1,11598
4,20290
4,20101
1,15191
3,7223
2,15200
3,24508
0,24699
3,17094
2,5326
2,17305
3,23368
0,2546
1,10565
1,9331
0,19186
0,19217
4,12460
1,25664
3,3929
3,16069
3,25724
2,16129
2,3869
2,23228
1,2797
1,10425
0,2406
1,9271
0,19357
2,12520
0,15340
0,7363
3,24448
3,2894
0,17245
2,5266
0,22144
3,25827
3,11749
0,20041
3,7272
2,15251
4,2985
2,5377
2,17354
0,24559
3,11658
3,22055
4,20150
2,16038
1,3978
0,25635
0,2686
3,2517
3,10534
4,23339
1,9360
3,19246
3,12431
0,10474
0,2457
3,23279
1,9220
1,19097
1,19306
2,12571
3,3838
3,16178
0,25775
0,11718
3,11489
4,22284
3,22115
0,20381
0,20010
2,15080
3,15311
0,7332
1,17185
2,17214
0,5237
3,24419
2,24788
2,9393
3,9002
3,24938
1,2675
3,10656
4,12753
2,19124
2,25557
3,4379
3,22337
3,3519
2,3688
2,20232
4,18248
0,7281
0,12850
2,7110
3,15133
4,5384
0,10955
4,2976
2,5015
4,17036
2,15073
0,7050
3,12910
0,17176
0,5155
0,2836
4,10815
2,22277
0,3459
0,20372
4,18308
2,18099
0,25786
0,25417
0,4239
3,9142
1,24878
0,10487
2,10716
0,2735
4,12582
4,12613
2,19064
3,4328
1,25697
3,25506
0,9053
2,10596
2,2624
2,10607
3,24969
4,12493
3,12702
3,19175
3,7141
3,15162
4,12801
3,5044
3,17067
1,10904
0,2927
1,3548
4,22366
4,20263
2,18219
2,18188
0,3408
0,3799
0,22226
4,20323
3,18359
0,7390
2,12941
3,15022
4,7001
0,5295
0,2867
4,10844
4,17127
3,5104
1,9282
0,9113
2,10747
3,2764
1,24829
0,12642
0,19035
2,4268
3,25446
2,18239
2,20243
3,3568
3,22346
3,2907
2,10924
0,17047
0,5064
3,12821
2,15142
3,7161
2,19155
4,12722
2,10627
3,2604
3,2595
3,24949
0,9073
4,4099
3,4308
3,25526
4,11899
4,4248
0,25466
1,19015
1,19384
3,12662
0,2744
3,10767
1,24809
2,9133
0,5124
2,17107
1,10864
0,2847
2,17296
1,7021
0,15002
3,12961
3,15393
3,18379
4,20303
3,20092
3,3428
2,22206
4,22197
3,17016
3,5035
4,2956
0,10975
0,17387
2,15113
0,7130
0,12870
0,15282
4,18268
0,20212
1,20183
3,22317
1,22086
4,3539
0,25577
0,11988
3,4359
2,19104
3,19295
3,12773
2,24918
2,10676
1,2655
3,9022
0,19044
3,12633
1,24858
0,2715
3,10736
3,2484
3,9162
0,25437
0,4188
3,4219
2,18328
4,20352
4,22257
3,3479
3,10835
2,2816
0,5175
0,17156
3,12930
2,7070
3,15053
0,12411
0,12780
4,19266
2,9340
1,10514
0,2537
1,10685
3,23088
3,23319
0,16389
0,3958
1,16018
1,25615
4,25584
1,20170
3,11678
3,22075
1,17374
4,5357
4,10986
0,24579
1,15271
0,7252
2,12883
3,5217
1,17234
0,5186
4,24439
0,7312
1,15331
2,7083
3,20030
0,11738
0,22135
0,25856
2,16158
0,3818
0,25755
2,12551
2,19326
0,9200
1,9191
3,2477
2,10454
3,23259
0,25644
2,16049
3,3909
3,12440
2,19237
4,9311
0,9080
0,23348
0,10545
3,2566
3,24528
4,17325
3,5306
1,5097
4,15220
4,7203
1,7192
2,20121
0,22024
0,11629
2,20061
0,25807
0,22164
3,11769
2,24468
2,5246
2,17265
4,10897
0,7343
0,15360
4,12992
2,12500
4,12691
0,19377
2,9251
3,23199
3,23208
0,2426
3,10405
0,10794
1,25704
0,25495
2,16298
3,3849
1,16109
3,25792
0,25403
0,6328
0,939
2,19070
4,12596
3,12607
1,10493
2,10702
0,2721
2,9156
2,17162
0,5141
3,2822
2,10801
2,15067
3,7044
0,12904
1,20366
3,1548
3,22263
3,20226
0,1408
0,1799
3,22323
2,10941
0,2962
4,5390
4,5001
0,17022
4,12844
0,7295
2,7104
3,15127
1,19130
3,12747
3,2661
0,10642
1,9387
0,9016
1,25543
0,6268
0,879
0,19021
3,12656
1,10753
0,2770
2,9296
0,9107
0,25452
0,6379
0,968
0,1519
4,1688
0,20337
3,22232
3,2873
2,10850
4,5281
4,17133
0,5110
3,12955
0,7384
3,15036
3,7015
2,5050
4,17073
3,10910
3,2933
0,7155
2,15176
3,12815
0,1459
4,20277
3,22372
2,25683
0,25512
2,6239
0,828
2,19161
1,12487
4,12716
1,10582
4,2630
4,10613
0,9047
1,17251
4,5272
3,2880
3,15354
0,7377
2,20055
0,13658
2,698
0,509
0,8109
0,8298
3,22150
4,25833
4,25730
4,14038
3,1978
0,21339
0,12534
0,19343
2,9265
1,2783
2,10431
3,2412
3,29
4,21279
1,12474
0,19192
0,19203
3,9325
3,2552
2,10571
2,25670
0,1838
0,14178
1,20284
1,20115
2,13718
3,13489
0,449
0,8049
4,22381
3,22010
2,17080
4,5332
3,17311
2,15185
0,7237
4,15214
1,13609
2,13598
3,20395
3,20004
0,558
0,8158
3,22290
3,25862
2,22101
0,17191
2,17200
0,5223
2,15094
2,15305
0,7326
3,12565
0,21368
3,19083
1,19312
3,9234
2,10460
3,78
0,2443
0,25761
0,1929
0,14069
0,25621
0,14129
0,1869
3,12425
4,21228
3,19252
1,9374
0,2692
0,2503
0,10520
0,5363
4,17340
0,2991
0,7266
3,15245
2,13749
4,20144
3,789
0,418
4,8018
1,8389
1,22041
2,7468
4,24343
1,8587
2,8616
2,3061
2,11042
3,16921
2,4902
0,1164
3,13147
2,14824
4,6807
4,216
4,187
4,18730
4,18833
0,20849
3,6495
2,6704
0,14727
1,4590
1,4601
1,16622
0,8915
0,23523
0,21426
3,23463
2,21566
1,15999
1,18973
0,20909
3,14667
0,6644
3,16762
0,4741
1,8855
1,8756
0,11293
2,4842
2,16861
0,11102
4,3121
0,13396
3,6947
0,14964
2,13007
0,1024
1,356
4,18670
1,7528
0,24192
4,24203
0,8647
2,11382
4,16970
2,4953
4,3030
0,11013
1,13287
2,14875
0,6856
3,1135
3,13116
3,18761
0,247
2,7439
0,24083
3,24312
0,23572
3,15888
0,21477
0,18862
3,6755
1,14776
2,20818
0,4650
2,16673
3,8944
2,18922
0,6584
3,14636
0,6615
3,20958
0,4481
2,16733
3,4710
2,8804
3,23432
4,21537
0,7579
3,24252
2,8496
1,8707
3,11153
1,3170
2,4813
4,16830
1,13056
3,1075
4,6916
0,14935
0,18621
0,307
2,14785
3,6437
2,14414
4,18891
2,16680
0,4532
2,16511
0,23581
0,23610
2,9649
0,21484
3,21715
2,12118
1,7858
2,12289
3,21816
0,15778
0,24070
0,23913
2,16983
0,3352
4,11371
2,8525
1,125
3,18792
0,18403
3,20479
0,14886
3,1257
2,13274
3,3183
1,11231
4,3212
4,8465
3,18543
0,20539
0,1086
0,13334
3,1317
0,21956
2,15638
3,23853
0,24130
3,23750
2,9709
4,9498
4,21655
4,7918
3,12058
1,14554
0,6577
0,16451
4,4472
4,23641
2,9618
2,9589
2,7809
4,12149
3,21744
2,6466
1,14445
0,4563
3,16540
0,3092
1,3303
0,11320
2,8574
4,18452
0,174
0,1197
3,1206
0,13225
3,20428
2,15729
3,21847
3,23942
3,24021
2,15669
3,21907
0,24161
3,23802
0,16892
1,11260
3,3243
1,8434
2,18683
3,18512
3,14997
0,13365
0,1346
2,20568
1,14694
0,14505
3,6526
2,18980
1,16791
3,16400
3,4423
3,23490
3,23701
1,9758
2,12009
4,7949
1,12398
0,21595
0,21604
0,2228
3,23406
3,23797
0,21503
2,21692
0,19579
1,18916
0,6621
0,14602
3,14593
0,4724
2,16707
4,16496
4,22869
2,8830
2,8733
1,16804
4,4827
0,3144
2,11167
3,14901
2,6922
3,1041
1,13062
4,18615
2,18584
4,333
3,21991
2,5448
0,24266
4,23894
0,5699
3,5508
4,24326
0,8673
3,11027
3,3004
3,3395
3,4967
2,16944
1,13122
0,1101
0,1290
4,6862
4,14841
3,18755
0,273
1,18856
4,14742
0,6761
2,16647
0,4664
0,22929
0,8970
0,2368
0,23546
3,21443
4,19439
3,18947
3,6670
4,14653
2,22838
3,4775
4,16756
1,8861
0,23457
0,2279
3,21552
4,19528
0,24237
3,5788
4,5419
0,8762
4,3115
1,11136
2,3284
4,16855
3,4876
3,1010
2,13033
4,1381
0,14950
2,6973
1,362
2,18644
0,8622
0,4936
4,16915
0,11076
2,3055
0,6833
4,14810
4,13173
0,1150
0,222
4,18704
0,18495
3,21880
0,24377
3,23985
4,5559
3,23517
3,23686
0,2339
0,21412
3,21783
2,19468
0,18807
1,14713
3,6730
2,14482
3,22978
0,16616
0,4635
2,16587
3,8921
2,4885
1,3277
0,11254
3,22459
2,8400
1,8791
4,18526
0,391
3,6980
0,1372
0,13351
3,21933
2,19949
2,17758
2,23836
4,24155
1,5878
4,10138
3,23735
0,21630
0,6512
1,14531
2,6683
0,8892
0,4417
0,16434
4,4786
3,25239
3,14471
2,6452
2,16574
4,4557
0,25379
0,10078
1,5938
3,23675
0,21770
0,21873
3,19809
2,17589
3,17618
3,24015
0,23976
0,24384
3,11314
0,3337
3,11085
3,22688
0,22519
1,8540
3,18466
2,140
1,13211
3,1232
2,13180
3,21962
2,19918
3,24104
0,23867
0,24295
3,17498
3,17709
3,22799
3,22408
0,3226
2,11205
3,11194
0,8451
2,18577
0,1323
2,13300
3,13091
0,6543
1,14560
3,25268
3,4446
0,16465
3,23764
0,10169
0,5829
4,21661
0,23624
3,5969
0,10029
2,21721
2,14420
3,6403
0,6792
0,8983
3,25328
3,16525
3,4506
2,4697
0,22548
1,4994
3,11345
0,3366
3,8511
3,8680
0,280
0,111
4,18437
2,6891
2,13240
3,1263
3,21822
1,19858
3,23927
0,24044
1,17649
3,4687
0,4516
0,16535
0,25338
0,8993
3,6782
3,6413
0,14430
3,21731
2,10039
0,5979
3,23634
0,17659
3,24054
3,23937
2,19848
0,21832
0,1273
2,13250
4,6881
4,18427
2,101
3,290
1,8690
4,8501
3,3376
0,11355
3,4984
0,22558
2,13081
2,13310
0,1333
4,18567
2,8441
2,11184
3,11215
3,3236
4,22418
4,22789
1,17719
3,17488
0,24285
3,23877
0,24114
2,19908
3,21972
0,21671
0,5839
0,10179
3,23774
0,16475
0,4456
4,25278
4,14570
0,6553
2,21760
3,23665
1,5928
0,10068
3,25369
0,4547
1,16564
2,6442
3,14461
2,13190
0,1222
2,13201
0,150
0,18476
2,8550
0,22509
0,22698
3,11095
3,3327
4,11304
2,24394
3,23966
0,24005
1,17608
3,17599
1,19819
3,21863
0,24145
3,23826
3,17748
0,19959
3,21923
3,13341
3,1362
0,6990
3,381
2,18536
3,8781
4,8410
3,22449
1,11244
3,3267
2,4895
0,25229
4,4796
0,16424
3,4407
1,8882
2,6693
2,14521
3,6502
0,21620
3,23725
2,10128
3,5868
1,5549
3,23995
0,24367
3,21890
0,18485
4,18714
0,232
4,1140
4,13163
3,14800
3,6823
0,3045
2,11066
0,16905
0,4926
1,8632
2,8931
3,16597
0,4625
3,16606
3,22968
0,14492
0,6720
1,14703
3,18817
2,19478
4,21793
0,21402
0,2329
2,23696
3,23507
4,19538
2,21542
0,2269
3,23447
2,8871
0,16746
4,4765
3,22828
4,14643
2,6660
2,18957
2,18654
1,372
0,6963
3,14940
3,1391
2,13023
3,1000
2,4866
0,16845
0,3294
3,11126
0,3105
2,8772
3,5409
0,5798
3,24227
0,263
1,18745
3,14851
2,6872
0,1280
0,1111
2,13132
0,16954
2,4977
0,3385
2,3014
2,11037
1,8663
3,24336
0,5518
0,5689
3,19429
3,21453
0,23556
3,2378
0,8960
3,22939
3,4674
2,16657
0,6771
4,14752
2,18846
3,8820
4,22879
2,16486
2,16717
0,4734
1,14583
0,14612
0,6631
2,18906
0,19569
0,21682
3,21513
3,23787
3,23416
0,2238
3,23884
3,24276
0,5458
0,21981
3,323
0,18594
2,18605
3,13072
0,1051
4,6932
0,14911
3,11177
4,3154
2,4837
3,16814
2,8723
1,20578
3,1356
2,13375
0,14987
4,18502
0,18693
1,8424
1,3253
4,11270
1,16882
4,23812
2,24171
0,21917
3,15679
0,21614
0,21585
1,12388
2,7959
2,12019
1,9748
0,23711
3,23480
3,4433
0,16410
0,16781
4,18990
3,6536
1,14515
2,14684
4,16550
3,4573
0,14455
0,6476
0,21754
4,12159
2,7819
2,9599
3,9608
0,23651
0,24031
3,23952
0,21857
1,15739
3,20438
2,13235
3,1216
0,1187
4,164
2,18442
3,8564
0,11330
4,3313
3,3082
0,24120
4,23843
2,15628
3,21946
0,1307
3,13324
3,1096
2,20529
1,18553
4,8475
3,3202
0,11221
0,3193
3,4462
2,16441
0,6567
1,14544
3,12048
3,7908
4,21645
3,9488
1,9719
4,23740
1,12299
2,7848
3,12108
4,21705
0,21494
3,9659
3,23600
2,23591
4,16501
0,4522
4,16690
4,18881
3,14404
3,6427
2,14795
0,13264
0,1247
0,14896
0,20469
4,18413
4,18782
2,135
1,8535
4,11361
0,3342
2,16993
2,23903
0,24060
0,15768
0,21806
2,21527
0,23422
0,8814
3,4700
2,16723
3,4491
1,20948
0,6605
3,14626
0,6594
0,18932
2,317
0,18631
3,14925
3,6906
3,1065
2,13046
1,16820
4,4803
4,3160
0,11143
2,8717
0,8486
0,24242
0,7569
0,24302
0,24093
0,7429
4,257
3,18771
4,13106
0,1125
3,6846
0,14865
2,13297
1,11003
4,3020
3,4943
3,16960
2,11392
1,8657
0,8954
2,16663
3,4640
4,20808
4,14766
2,6745
2,18872
3,21467
1,15898
3,23562
0,8845
0,4751
0,16772
4,6654
4,14677
3,20919
3,18963
0,15989
3,21576
0,23473
0,24213
3,24182
4,7538
2,18660
0,346
4,1034
2,13017
0,14974
2,6957
0,13386
0,3131
4,11112
1,16871
3,4852
1,11283
1,8746
0,18720
4,197
0,206
0,6817
4,14834
3,13157
0,1174
2,4912
2,16931
2,11052
3,3071
2,8606
4,8597
0,24353
3,7478
0,21436
0,23533
1,8905
0,16632
0,4611
0,4580
0,14737
2,6714
0,6485
3,20859
2,18823
0,10530
3,2513
4,2682
0,9364
2,19242
4,21238
3,12435
0,1879
0,14139
0,25631
3,22051
2,8399
0,8008
3,408
3,799
4,20154
2,13759
3,15255
0,7276
0,2981
1,17350
4,5373
3,7336
0,15315
2,15084
3,5233
2,17210
1,17181
2,22111
3,22280
1,8148
0,548
0,20014
3,20385
1,13588
2,13619
0,14079
0,1939
0,25771
0,2453
2,68
0,10470
2,9224
0,19302
1,19093
0,21378
2,12575
0,14168
1,1828
0,25660
2,10561
0,2542
1,9335
3,19213
2,19182
0,12464
0,21269
3,15204
3,7227
1,15195
0,17301
0,5322
3,17090
3,22000
3,22391
0,8059
0,459
0,13499
2,13708
1,20105
2,20294
0,25823
4,22140
0,8288
2,8119
0,519
3,688
0,13648
1,20045
4,7367
0,15344
3,2890
0,5262
2,17241
0,39
3,2402
0,10421
1,2793
1,9275
2,19353
4,12524
0,21329
0,1968
3,14028
3,25720
3,22362
3,20267
3,1449
3,4
3,12805
0,15166
3,7145
0,2923
4,10900
4,17063
3,5040
0,9057
3,10603
0,2620
1,10592
0,12706
2,12497
3,19171
0,838
0,6229
0,25502
4,25693
0,978
0,6369
0,25442
3,9117
1,9286
0,2760
3,10743
0,12646
0,19031
4,7005
3,15026
0,7394
2,12945
3,5100
0,17123
4,5291
2,10840
0,2863
3,22222
0,20327
0,1698
3,1509
2,15137
2,7114
3,7285
4,12854
2,17032
0,5011
4,5380
1,2972
3,10951
4,22333
3,1789
3,1418
0,20236
0,869
1,6278
2,25553
3,9006
2,9397
1,10652
1,2671
0,12757
0,19120
2,9146
3,2731
4,10712
0,10483
3,12617
1,12586
2,19060
2,929
2,6338
0,25413
0,25782
3,22273
3,1558
3,20376
4,12914
2,7054
3,15077
4,10811
0,2832
0,5151
0,17172
4,12982
4,15370
0,7353
2,10887
1,17275
0,5256
4,24478
3,11779
3,22174
0,25817
0,20071
1,16119
3,3859
3,16288
0,25485
1,25714
3,10784
1,10415
0,2436
0,23218
3,23189
1,9241
1,19367
3,12681
3,12510
3,2576
3,10555
0,23358
0,9090
3,9301
2,19227
4,12450
1,3919
1,16059
4,25654
1,11639
3,22034
3,20131
0,7182
3,7213
3,15230
0,5087
4,5316
1,17335
3,24538
0,25846
0,22125
0,11728
0,20020
2,7093
0,15321
0,7302
2,24429
0,5196
2,17224
3,5207
3,23249
2,10444
2,2467
3,9181
2,9210
2,19336
2,12541
3,25745
0,3808
2,16148
3,25594
2,25605
1,16008
4,3948
0,16399
0,23309
4,23098
3,10695
0,2527
1,10504
1,9350
3,19276
4,12790
2,12401
3,12893
0,7242
1,15261
3,24569
3,10996
2,5347
2,17364
3,22065
4,11668
0,20160
0,4209
0,4198
0,25427
2,9172
0,2494
1,10726
0,2705
4,24848
2,12623
1,19054
3,15043
0,7060
3,12920
4,17146
3,5165
3,2806
2,10825
0,3469
4,22247
3,20342
1,18338
3,3529
3,22096
3,22307
1,20193
2,20202
0,18278
2,15292
3,12860
2,7120
2,15103
0,17397
1,10965
2,2946
0,5025
2,17006
0,9032
0,2645
1,10666
3,24908
2,12763
3,19285
1,19114
2,4349
3,11998
3,25567
0,9123
3,24819
2,10777
0,2754
3,12672
3,19394
2,19005
0,25476
4,4258
1,11889
3,22187
4,22216
2,3438
3,20082
2,20313
4,18369
4,15383
4,12971
3,15012
0,7031
2,17286
0,2857
2,10874
3,17117
0,5134
3,7171
2,15152
3,12831
1,5074
4,17057
2,10934
3,2917
3,22356
3,3578
1,20253
1,18229
3,25536
0,4318
3,4089
3,9063
3,24959
4,2585
0,2614
2,10637
2,12732
0,19145
0,25527
1,4309
0,4098
4,12723
1,19154
0,9072
3,24948
0,2594
0,2605
2,10626
1,5065
3,17046
1,10925
0,2906
3,7160
2,15143
3,12820
2,20242
2,18238
3,22347
1,3569
1,20093
4,20302
0,18378
4,22196
3,22207
3,3429
3,17297
0,2846
1,10865
2,17106
0,5125
4,15392
4,12960
4,15003
1,7020
3,12663
1,19385
1,19014
2,9132
1,24808
4,10766
0,2745
0,25467
4,4249
4,11898
2,12772
3,19294
2,19105
3,9023
1,2654
3,10677
2,24919
3,4358
0,11989
3,25576
4,20182
0,20213
1,18269
1,3538
4,22087
3,22316
1,17386
3,10974
1,2957
3,5034
2,17017
2,15283
0,12871
0,7131
3,15112
3,17157
0,5174
0,2817
3,10834
3,15052
2,7071
3,12931
3,20353
2,18329
0,3478
4,22256
0,4218
0,4189
0,25436
3,12632
0,19045
3,9163
0,2485
2,10737
0,2714
1,24859
0,24578
1,10987
4,5356
1,17375
2,12882
0,7253
1,15270
4,20171
3,22074
3,11679
0,25585
2,25614
4,16019
3,3959
0,16388
3,19267
0,12781
1,12410
3,23318
3,23089
1,10684
0,2536
1,10515
2,9341
0,19327
2,12550
3,23258
3,10455
3,2476
1,9190
4,9201
0,25754
0,3819
2,16159
3,20031
3,25857
3,22134
0,11739
4,24438
0,5187
2,17235
0,5216
2,7082
2,15330
0,7313
2,20120
2,11628
3,22025
1,5096
2,5307
4,17324
0,24529
3,7193
3,7202
4,15221
2,19236
3,12441
3,2567
0,10544
0,23349
0,9081
3,9310
0,3908
2,16048
0,25645
1,16108
3,3848
2,16299
0,25494
4,25705
0,19376
0,12690
2,12501
2,10795
0,10404
0,2427
2,23209
3,23198
2,9250
4,10896
3,17264
2,5247
2,24469
4,12993
0,15361
0,7342
2,20060
3,11768
3,22165
0,25806
0,1549
1,20367
3,22262
2,10800
0,2823
0,5140
2,17163
3,12905
0,7045
3,15066
3,12606
3,12597
2,19071
2,9157
3,2720
0,10703
0,10492
0,25402
0,25793
0,938
2,6329
3,25542
0,878
4,6269
0,12746
0,19131
0,9017
1,9386
0,10643
0,2660
3,17023
1,5000
2,5391
0,2963
2,10940
3,15126
2,7105
0,7294
1,12845
0,1798
3,1409
0,20227
4,22322
0,5111
4,17132
0,5280
2,10851
3,2872
2,7014
3,15037
0,7385
3,12954
2,20336
3,1689
0,1518
3,22233
0,25453
0,969
3,6378
3,12657
0,19020
0,9106
2,9297
0,2771
1,10752
4,12717
1,12486
2,19160
0,9046
4,10612
1,2631
1,10583
0,25513
3,25682
0,829
2,6238
2,20276
0,1458
3,22373
3,2932
2,10911
1,17072
3,5051
3,12814
3,15177
0,7154
2,19342
3,12535
0,21338
0,28
3,2413
2,10430
4,2782
2,9264
4,25731
0,1979
0,14039
0,508
2,699
1,13659
2,20054
3,25832
3,22151
0,8299
0,8108
3,2881
4,5273
1,17250
0,7376
0,15355
2,17310
0,5333
3,17081
4,15215
0,7236
3,15184
0,448
4,13488
4,13719
4,20114
4,20285
3,22011
0,22380
0,8048
3,25671
0,14179
0,1839
3,19202
0,19193
0,12475
3,21278
2,10570
0,2553
3,9324
0,25760
0,14068
0,1928
1,19313
2,19082
0,21369
1,12564
3,2442
3,79
3,10461
2,9235
3,5222
2,17201
0,17190
0,7327
2,15304
2,15095
0,559
3,20005
3,20394
2,13599
1,13608
3,22100
3,25863
3,22291
0,8159
0,419
3,788
1,20145
1,13748
4,22040
1,8388
4,8019
0,2990
4,17341
0,5362
2,15244
0,7267
2,19253
4,21229
3,12424
0,10521
3,2502
3,2693
1,9375
3,25620
0,1868
0,14128
0,23522
0,21427
2,14726
3,6705
3,6494
4,20848
2,18832
0,8914
1,16623
1,4600
1,4591
3,4903
4,16920
2,11043
2,3060
2,8617
2,8586
3,18731
4,186
1,217
4,6806
2,14825
0,13146
0,1165
3,7469
0,24342
1,7529
4,24202
0,24193
4,3120
4,11103
2,16860
2,4843
0,11292
1,8757
2,18671
1,357
3,1025
2,13006
0,14965
2,6946
0,13397
0,6645
3,14666
0,20908
2,18972
4,8854
4,4740
2,16763
3,23462
1,15998
3,21567
3,20819
4,14777
0,6754
1,18863
3,8945
2,16672
0,4651
0,23573
3,21476
2,15889
2,7438
0,24313
0,24082
0,11012
4,3031
0,4952
4,16971
2,11383
2,8646
1,246
3,18760
0,13117
3,1134
4,6857
2,14874
1,13286
4,16831
2,4812
1,3171
3,11152
1,8706
3,8497
0,306
3,18620
4,14934
0,6917
0,1074
0,13057
4,7578
0,24253
3,23433
4,21536
0,20959
0,6614
0,14637
3,6585
0,18923
2,8805
3,4711
2,16732
0,4480
2,8524
4,11370
0,3353
3,16982
3,13275
3,1256
0,14887
3,20478
0,18402
1,18793
4,124
1,15779
2,21817
0,23912
0,24071
3,9648
0,23611
0,23580
0,12288
1,7859
0,12119
2,21714
0,21485
4,18890
2,14415
0,6436
2,14784
2,16510
3,4533
2,16681
0,6576
1,14555
4,4473
3,16450
4,9499
4,9708
3,23751
3,12059
4,7919
4,21654
2,15639
0,21957
0,24131
3,23852
4,8464
4,3213
1,11230
2,3182
3,1316
0,13335
0,1087
1,20538
2,18542
0,21846
3,15728
3,24020
0,23943
2,8575
0,11321
1,3302
0,3093
3,20429
4,13224
3,1207
4,1196
4,175
1,18453
3,14444
2,6467
3,16541
0,4562
0,9588
1,9619
0,23640
4,21745
4,12148
2,7808
1,9759
0,23700
3,23491
1,21605
3,21594
1,12399
1,7948
2,12008
2,18981
3,6527
3,14504
1,14695
3,4422
0,16401
1,16790
4,8435
0,3242
1,11261
0,16893
2,20569
0,1347
0,13364
0,14996
2,18513
2,18682
3,21906
2,15668
3,23803
4,24160
3,21990
4,23895
3,24267
2,5449
2,11166
3,3145
4,4826
1,16805
2,8732
4,332
2,18585
2,18614
4,13063
4,1040
3,6923
3,14900
3,14592
3,14603
0,6620
1,18917
2,8831
4,22868
4,16497
2,16706
3,4725
3,23796
0,23407
3,2229
0,19578
3,21693
0,21502
0,23547
2,2369
0,19438
3,21442
0,6760
1,14743
1,18857
0,8971
2,22928
0,4665
2,16646
0,16945
4,4966
3,3394
3,3005
2,11026
4,8672
4,272
0,18754
4,14840
4,6863
3,1291
4,1100
1,13123
0,24327
3,5509
0,5698
0,4877
0,16854
2,3285
1,11137
0,3114
4,8763
2,18645
1,363
2,6972
0,14951
3,1380
2,13032
3,1011
4,5418
0,5789
0,24236
0,2278
0,23456
4,19529
3,21553
4,14652
3,6671
2,18946
4,8860
1,16757
0,4774
4,22839
3,14483
0,6731
1,14712
0,18806
3,8920
2,16586
0,4634
3,16617
3,22979
0,2338
3,23687
3,23516
3,19469
3,21782
0,21413
0,21881
4,5558
0,23984
4,24376
2,3054
0,11077
4,16914
3,4937
0,8623
2,18494
4,18705
4,223
3,1151
4,13172
4,14811
0,6832
4,6682
0,14530
0,6513
3,25238
4,4787
0,16435
4,4416
4,8893
3,23734
1,10139
1,5879
0,21631
4,19948
3,21932
0,24154
2,23837
2,17759
4,8790
3,8401
0,22458
0,11255
1,3276
2,4884
0,13350
3,1373
2,6981
3,390
1,18527
2,8541
0,22518
3,22689
3,11084
2,3336
3,11315
2,13181
0,1233
1,13210
1,141
3,18467
3,19808
3,21872
0,24385
0,23977
3,24014
3,17619
2,17588
3,23674
1,5939
3,10079
4,21771
2,6453
3,14470
3,25378
0,4556
2,16575
0,5828
0,10168
3,23765
3,21660
1,14561
4,6542
0,16464
3,4447
3,25269
4,8450
3,11195
2,11204
0,3227
3,22409
3,22798
3,13090
2,13301
0,1322
3,18576
2,19919
3,21963
0,17708
3,17499
0,24294
4,23866
3,24105
1,19859
0,21823
1,17648
3,24045
3,23926
0,8681
1,8510
3,3367
0,11344
1,4995
3,22549
0,1262
2,13241
2,6890
0,18436
4,110
3,281
3,6793
3,6402
2,14421
3,4696
3,4507
3,16524
3,25329
0,8982
0,10028
0,5968
0,23625
2,21720
0,291
2,100
4,18426
4,6880
2,13251
0,1272
3,22559
0,4985
4,11354
3,3377
0,8500
1,8691
3,23936
3,24055
2,17658
0,21833
2,19849
3,21730
3,23635
0,5978
2,10038
0,8992
0,25339
0,16534
0,4517
3,4686
0,14431
3,6412
0,6783
4,25279
0,4457
0,16474
0,6552
1,14571
4,21670
0,23775
1,10178
0,5838
0,24115
3,23876
0,24284
2,17489
4,17718
3,21973
3,19909
3,18566
3,1332
2,13311
3,13080
4,22788
3,22419
3,3237
3,11214
3,11185
2,8440
3,17598
1,17609
3,24004
3,23967
2,24395
0,21862
4,19818
0,18477
0,151
2,13200
4,1223
2,13191
1,11305
2,3326
3,11094
0,22699
0,22508
2,8551
0,16565
0,4546
3,25368
2,14460
2,6443
3,21761
2,10069
0,5929
4,23664
0,21621
3,5869
2,10129
4,23724
1,8883
3,4406
0,16425
4,4797
0,25228
0,6503
4,14520
2,6692
2,18537
0,380
0,6991
3,1363
0,13340
0,4894
3,3266
1,11245
3,22448
0,8411
3,8780
3,17749
3,23827
3,24144
3,21922
0,19958
0,21403
3,21792
4,19479
3,23506
0,23697
3,2328
3,22969
3,16607
0,4624
3,16596
2,8930
0,18816
1,14702
0,6721
4,14493
3,6822
1,14801
0,13162
3,1141
0,233
4,18715
4,18484
1,8633
0,4927
1,16904
0,11067
0,3044
4,24366
3,23994
1,5548
0,21891
3,24226
0,5799
2,5408
3,1001
2,13022
3,1390
3,14941
3,6962
0,373
3,18655
2,8773
3,3104
3,11127
0,3295
0,16844
3,4867
3,22829
4,4764
4,16747
2,8870
3,18956
2,6661
0,14642
2,21543
4,19539
3,23446
3,2268
2,16656
3,4675
3,22938
0,8961
3,18847
4,14753
4,6770
3,21452
2,19428
0,2379
3,23557
0,5688
0,5519
0,24337
2,13133
3,1110
3,1281
2,6873
2,14850
1,18744
0,262
1,8662
3,11036
3,3015
0,3384
3,4976
0,16955
0,14910
0,6933
0,1050
2,13073
4,18604
1,18595
0,322
4,8722
4,16815
3,4836
0,3155
0,11176
0,5459
3,24277
3,23885
3,21980
3,21512
4,21683
4,19568
0,2239
0,23417
2,23786
0,4735
2,16716
2,16487
4,22878
3,8821
2,18907
0,6630
0,14613
1,14582
4,16780
0,16411
3,4432
2,14685
1,14514
3,6537
0,18991
3,12018
2,7958
1,12389
3,21584
0,21615
3,23481
4,23710
3,9749
0,24170
3,23813
3,15678
3,21916
3,18692
0,18503
0,14986
3,13374
0,1357
0,20579
0,16883
0,11271
1,3252
4,8425
2,18443
4,165
0,1186
0,1217
3,13234
3,20439
2,3083
0,3312
0,11331
2,8565
3,23953
0,24030
0,15738
0,21856
2,7818
4,12158
3,21755
2,23650
3,9609
2,9598
3,4572
4,16551
0,6477
3,14454
0,21644
0,7909
3,12049
4,23741
0,9718
4,9489
4,16440
3,4463
0,14545
0,6566
1,18552
2,20528
3,1097
0,13325
0,1306
0,3192
3,11220
3,3203
4,8474
4,23842
0,24121
3,21947
2,15629
0,24061
2,23902
4,21807
3,15769
4,134
1,18783
4,18412
0,20468
0,14897
0,1246
0,13265
2,16992
0,3343
0,11360
1,8534
4,16691
0,4523
4,16500
2,14794
3,6426
2,14405
4,18880
4,21495
4,21704
3,12109
2,7849
0,12298
0,23590
0,23601
3,9658
0,24243
1,7568
3,13047
0,1064
3,6907
3,14924
3,18630
3,316
4,8487
2,8716
0,11142
4,3161
4,4802
4,16821
2,4490
2,16722
3,4701
0,8815
3,18933
0,6595
3,14627
0,6604
0,20949
2,21526
0,23423
1,15899
3,21466
0,23563
0,4641
2,16662
0,8955
2,18873
2,6744
1,14767
4,20809
3,13296
3,14864
4,6847
0,1124
4,13107
3,18770
4,256
2,8656
4,11393
2,16961
3,4942
0,3021
1,11002
0,24092
0,24303
0,7428
4,13387
0,6956
0,14975
2,13016
2,1035
0,347
2,18661
1,8747
2,11282
0,4853
1,16870
1,11113
4,3130
0,24183
0,24212
1,7539
3,21577
3,15988
3,23472
1,16773
0,4750
0,8844
3,18962
2,20918
3,14676
0,6655
4,4581
0,4610
0,16633
4,8904
2,18822
3,20858
0,6484
2,6715
4,14736
3,21437
0,23532
0,24352
4,7479
0,1175
3,13156
4,14835
3,6816
0,207
4,196
0,18721
4,8596
3,8607
2,3070
3,11053
2,16930
3,4913
0,7277
3,15254
4,5372
1,17351
4,2980
0,8009
2,8398
3,22050
2,13758
4,20155
3,798
0,409
0,14138
3,1878
0,25630
0,9365
0,2683
0,2512
2,10531
3,12434
4,21239
4,19243
2,9225
0,10471
2,69
0,2452
2,12574
0,21379
1,19092
0,19303
0,1938
0,14078
0,25770
1,8149
2,22281
2,22110
2,13618
4,13589
0,20384
3,20015
4,549
2,15085
3,15314
3,7337
1,17180
2,17211
0,5232
2,8058
3,22390
3,22001
3,20295
1,20104
3,13709
0,13498
0,458
1,15194
3,7226
2,15205
0,17091
2,5323
2,17300
1,9334
1,2543
2,10560
0,21268
4,12465
0,19183
0,19212
0,1829
0,14169
3,25661
3,14029
0,1969
2,25721
1,9274
1,2792
0,10420
0,2403
2,38
0,21328
4,12525
2,19352
0,15345
0,7366
3,17240
0,5263
0,2891
2,8118
0,8289
4,22141
0,25822
2,20044
1,13649
3,689
3,518
0,6228
3,839
1,25692
3,25503
2,10593
0,2621
2,10602
0,9056
3,19170
0,12496
0,12707
0,7144
4,15167
1,12804
0,5041
0,17062
3,10901
0,2922
3,22363
0,5
0,1448
2,20266
2,22223
3,1508
3,1699
0,20326
3,12944
0,7395
3,15027
4,7004
3,2862
4,10841
4,5290
0,17122
2,5101
3,10742
0,2761
1,9287
0,9116
0,19030
0,12647
0,6368
3,979
0,25443
1,2670
4,10653
2,9396
0,9007
0,19121
4,12756
0,6279
0,868
2,25552
3,22332
3,20237
4,1419
2,1788
0,12855
3,7284
2,7115
2,15136
0,10950
4,2973
4,5381
1,5010
2,17033
2,15076
2,7055
4,12915
0,17173
0,5150
0,2833
1,10810
3,22272
0,20377
3,1559
2,6339
2,928
0,25783
0,25412
0,10482
4,10713
3,2730
2,9147
2,19061
4,12587
2,12616
1,9240
3,23188
0,23219
0,2437
3,10414
4,10785
3,12511
3,12680
1,19366
1,25715
0,25484
2,16289
0,3858
1,16118
3,25816
3,22175
3,11778
4,20070
0,7352
0,15371
4,12983
4,24479
4,5257
2,17274
4,10886
0,15231
3,7212
3,7183
3,24539
0,17334
4,5317
0,5086
0,22035
1,11638
3,20130
3,25655
2,16058
1,3918
3,9300
0,9091
0,23359
4,10554
0,2577
0,12451
3,19226
2,16149
0,3809
3,25744
2,9211
2,9180
0,2466
2,10445
3,23248
4,12540
2,19337
0,7303
0,15320
2,7092
0,5206
2,17225
0,5197
2,24428
4,11729
4,22124
0,25847
0,20021
1,11669
3,22064
3,20161
1,15260
0,7243
3,12892
4,17365
2,5346
4,10997
0,24568
1,9351
3,10505
0,2526
0,10694
4,23099
3,23308
1,12400
4,12791
3,19277
0,16398
4,3949
1,16009
3,25604
0,25595
4,22246
0,3468
1,18339
0,20343
0,12921
1,7061
3,15042
2,10824
3,2807
0,5164
0,17147
3,24849
4,2704
0,10727
0,2495
2,9173
1,19055
2,12622
0,25426
0,4199
0,4208
3,25566
0,11999
2,4348
4,24909
1,10667
0,2644
0,9033
4,19115
3,19284
2,12762
2,15102
2,7121
3,12861
2,15293
2,17007
0,5024
2,2947
1,10964
0,17396
3,22306
0,22097
3,3528
0,18279
2,20203
1,20192
2,7030
0,15013
4,12970
0,15382
0,5135
3,17116
2,10875
0,2856
2,17287
2,3439
4,22217
3,22186
4,18368
3,20312
2,20083
4,11888
0,4259
0,25477
0,2755
2,10776
2,24818
0,9122
3,19004
3,19395
0,12673
3,10636
0,2615
0,2584
3,24958
0,9062
4,19144
3,12733
3,4088
0,4319
3,25537
3,3579
3,22357
1,18228
1,20252
0,12830
2,15153
2,7170
0,2916
2,10935
1,17056
4,5075
3,12653
0,19024
2,9293
0,9102
1,10756
4,2775
1,24838
0,4279
0,25457
4,20332
1,18348
3,3419
3,3788
4,22237
4,5284
0,2876
2,10855
0,17136
0,5115
0,7381
2,12950
3,15033
4,7010
0,5055
0,17076
3,10915
0,2936
0,7150
3,15173
3,12810
2,20272
2,18208
3,18199
0,3559
3,22377
1,4339
4,25686
0,25517
0,12482
1,12713
0,19164
3,9042
1,10587
4,2635
0,10616
3,24978
0,25797
0,25406
0,4228
2,12593
2,12602
1,19075
2,9153
2,24869
1,10496
0,10707
0,2724
0,17167
3,5144
3,2827
0,10804
2,15062
2,7041
0,12901
1,20363
1,18319
1,18088
4,22266
3,3448
0,20223
2,18259
3,22326
0,3508
3,3699
3,5395
0,10944
1,2967
1,5004
0,17027
0,7290
4,12841
2,7101
2,15122
3,12742
1,19135
1,9382
0,9013
1,24929
3,2664
0,10647
0,25546
3,4368
3,20390
3,20001
3,11709
0,11498
3,22295
2,22104
4,17194
2,17205
3,5226
1,24408
1,24799
2,15091
1,15300
0,7323
2,19086
1,19317
2,12560
3,10465
0,2446
3,23268
3,9231
0,3829
1,16169
0,25764
2,16029
2,3969
3,25624
3,19257
3,12420
0,2697
0,2506
0,10525
3,23328
4,9371
3,2994
3,5366
1,17345
3,24548
0,7263
3,15240
4,20141
2,11649
0,22044
3,24459
4,2885
3,17254
4,5277
3,15351
0,7372
0,20050
3,22155
0,25836
2,11758
0,25735
2,16138
2,3878
2,19346
3,12531
0,23239
3,2786
2,10434
0,2417
2,9260
0,19197
0,19206
1,12471
0,23379
0,2557
2,10574
1,9320
2,25675
2,3938
4,16078
1,20281
1,20110
3,22384
3,22015
1,11618
1,11589
0,24519
0,24688
0,17085
2,5337
3,17314
2,15180
3,7232
3,15211
0,17013
3,5030
4,17382
1,2953
3,10970
2,15116
0,7135
3,15287
0,12875
3,20217
3,20186
4,1439
3,22312
2,22083
3,25572
3,848
3,6259
4,13888
3,12776
3,19101
3,19290
0,9027
2,10673
4,2650
3,12636
3,19041
2,9167
0,2710
1,10733
0,2481
0,25432
2,908
3,6088
0,6319
4,20357
0,1579
3,22252
4,10830
4,2813
0,5170
2,17153
2,12935
3,7075
0,15056
0,1468
2,20246
3,22343
3,2902
1,10921
3,17042
0,5061
3,12824
2,15147
4,7164
4,12727
4,19150
0,9076
3,10622
4,2601
0,2590
3,25523
3,819
0,6199
2,6208
0,25463
3,959
2,6348
3,13999
3,12667
3,19010
0,19381
3,9136
0,2741
1,10762
0,5121
3,17102
3,17293
3,10861
0,2842
1,7024
3,15007
3,15396
3,12964
4,1528
2,20306
0,20097
3,22203
2,22192
3,25641
0,14149
3,1809
4,19232
2,21248
3,12445
4,10540
0,2563
0,9314
3,9085
3,17320
2,5303
0,5092
2,15225
0,7206
4,7197
0,478
2,20124
2,13729
0,22021
1,8078
0,538
3,20064
2,13669
0,25802
4,22161
2,8138
3,10892
3,5243
0,17260
3,12997
0,7346
0,15365
1,19372
0,21099
3,21308
4,12505
3,12694
3,2423
3,18
2,10400
4,10791
1,9254
1,25701
0,25490
3,1949
4,14398
0,14009
3,19263
0,12414
4,12785
0,21188
3,21219
1,10511
0,2532
1,10680
0,9345
4,25610
0,25581
3,1858
1,14289
4,14118
3,429
0,13778
1,20175
3,22070
2,8029
2,10983
1,17371
4,5352
0,12886
1,15274
0,7257
0,5212
1,17231
0,5183
0,7317
3,15334
2,7086
3,569
3,13638
0,20035
0,22130
0,25853
3,8169
3,25750
3,14058
0,1918
2,19323
3,12554
3,21359
0,49
0,2472
2,10451
1,9205
1,9194
3,20938
2,6675
0,14656
3,18942
2,8864
0,4770
1,16753
0,23452
3,21557
0,7688
4,7519
0,9899
3,24232
2,3110
1,11133
0,16850
4,4873
3,3281
1,8767
2,367
2,18641
4,1015
1,13036
4,14955
2,6976
0,1384
0,4933
4,16910
3,11073
3,3050
1,8627
0,227
3,18701
2,18490
4,6836
1,14815
2,13176
0,1155
0,21885
0,7459
0,23980
4,24372
3,23512
0,23683
0,21417
3,21786
3,20878
0,14716
0,6735
2,14487
0,18802
3,8924
2,16613
0,4630
0,16582
3,23403
0,23792
0,21506
2,21697
0,6624
3,14607
3,14596
0,20969
1,18913
0,8835
3,4721
3,16702
3,16493
3,16801
4,4822
2,3141
2,11162
2,8736
2,18610
2,18581
0,336
3,14904
0,6927
0,1044
1,13067
1,7548
3,21994
4,23891
0,24263
1,7799
2,7408
0,9988
4,24323
2,11022
4,3001
3,4962
2,16941
3,3390
3,8676
1,18750
4,276
1,13127
0,1104
2,6867
3,14844
0,1295
0,14747
4,6764
1,20829
1,18853
0,8975
1,16642
0,4661
3,23543
3,21446
0,21967
4,15598
3,15609
3,24101
3,24290
4,23862
3,8454
4,3223
3,11200
3,11191
4,20699
2,20508
0,1326
2,13305
0,13094
3,18572
3,6546
1,14565
3,4443
1,16460
0,9738
3,23761
4,21664
3,12069
2,7929
3,9678
0,23621
4,21724
0,7869
3,12129
0,14425
3,6406
3,6797
2,16520
0,4503
3,4692
0,8986
4,8514
0,8685
4,11340
3,3363
1,4991
3,20448
2,13245
3,1266
4,6894
1,285
3,114
2,18432
0,21827
4,15749
2,23922
0,24041
4,8405
2,8794
1,3272
0,11251
3,4880
4,1377
0,13354
2,6985
1,20559
2,18523
0,394
0,15658
3,21936
2,23833
3,24150
1,9769
3,23730
1,7978
0,12038
0,21635
2,6517
1,14534
0,6686
3,4412
0,16431
4,4783
0,8897
0,14474
2,6457
2,16571
4,4552
0,9629
3,23670
4,12178
2,7838
3,21775
3,15489
2,15718
0,21876
3,24010
0,24381
3,23973
2,8545
3,11311
3,3332
0,11080
4,13214
3,1237
2,13185
3,20788
0,20419
3,18463
3,145
2,16975
3,4956
2,11387
3,3035
4,11016
2,8642
3,18764
1,242
0,14870
2,6853
3,13282
3,1130
3,13113
0,5539
0,24086
4,24317
2,17988
3,2359
0,23577
2,19408
4,19799
0,21472
4,6750
1,14773
1,18867
2,8941
0,4655
2,16676
3,22918
3,6581
0,14633
0,6610
0,18927
2,8801
0,4484
0,16736
3,4715
4,22858
0,2219
0,2188
0,23437
0,19548
2,21532
2,5479
0,24257
0,11156
3,3175
2,4816
4,16835
0,8493
1,8702
0,18624
1,302
2,13053
0,1070
4,6913
0,14930
0,24346
0,5568
3,3064
2,11047
2,16924
4,4907
2,8582
2,8613
4,213
0,182
3,18735
0,1161
4,13142
3,14821
0,6802
4,6490
2,6701
4,14722
1,18836
2,8910
3,22949
1,4595
0,4604
0,16627
0,23526
0,2308
2,2099
2,19459
0,21423
3,23466
3,17899
0,2248
3,19519
3,19688
3,21563
4,14662
3,6641
1,18976
2,8850
3,22809
0,16767
3,4744
3,4847
2,16864
3,11296
0,11107
4,3124
2,8753
1,353
2,18675
4,6942
0,14961
0,13393
1,13002
0,1021
4,24197
0,24206
0,5428
0,5909
3,10049
0,23644
2,21741
2,6463
1,14440
0,4566
4,16545
0,25348
1,8571
3,3097
3,3306
0,11325
0,22528
0,1192
0,1203
0,13220
3,18457
0,171
4,19838
3,21842
1,17629
3,23947
3,24024
4,19978
3,21902
3,17769
3,24164
4,23807
1,8431
3,11265
1,3246
0,16897
3,22468
0,13360
3,1343
0,14992
2,18686
2,18517
2,18985
0,14691
2,14500
3,6523
2,16794
1,16405
3,4426
2,25208
2,25199
3,10109
3,10298
0,5849
3,23495
1,23704
4,21590
3,21601
1,18894
2,14780
0,6432
4,14411
3,25319
0,25088
3,16685
3,4537
2,16514
3,23584
3,23615
3,10018
2,10389
0,5958
0,21481
0,21710
2,19869
1,21813
0,24075
0,23916
1,17678
3,8520
3,22579
0,3357
4,11374
4,16986
3,1252
1,13271
3,14883
0,120
0,18797
4,18406
4,8460
3,22439
1,3186
1,11234
4,3217
0,1083
0,13331
3,1312
1,18546
2,19929
3,21953
3,23856
3,24135
3,17738
0,23755
3,5818
2,10158
4,21650
3,14551
0,6572
1,25259
3,16454
4,4477
1,17728
0,24125
4,23846
0,21943
3,19939
4,18556
3,1302
3,13321
0,1093
0,3207
1,11224
3,3196
3,22429
4,8470
0,4467
3,16444
3,25249
0,6562
1,14541
2,21640
1,10148
0,5808
3,23745
3,21700
3,21491
1,5948
2,10399
0,10008
3,23605
0,23594
4,16504
0,4527
3,16695
3,25098
2,25309
1,14401
3,6422
2,14790
1,18884
4,18416
1,18787
2,130
3,14893
3,13261
3,1242
4,16996
4,11364
0,3347
0,22569
2,8530
4,17668
0,23906
0,24065
3,21803
1,19879
4,18507
3,18696
0,14982
4,1353
0,13370
3,22478
3,16887
1,3256
0,11275
1,8421
2,23817
2,24174
0,17779
0,21912
3,19968
0,21611
3,21580
0,23714
3,23485
0,5859
4,10288
2,10119
0,25189
1,25218
3,4436
0,16415
1,16784
3,6533
0,14510
0,14681
2,18995
3,25358
0,16555
0,4576
3,14450
0,6473
3,21751
4,23654
3,10059
4,5919
0,24034
3,23957
1,17639
2,21852
2,19828
3,161
3,18447
4,13230
3,1213
0,1182
0,22538
0,11335
1,3316
2,3087
3,8561
3,4754
1,16777
4,22819
3,8840
2,18966
3,6651
3,14672
3,21573
1,19698
0,19509
0,2258
0,17889
3,23476
0,5438
0,24216
0,24187
3,1031
2,13012
0,13383
0,14971
0,6952
2,18665
2,343
3,8743
2,3134
0,11117
3,11286
4,16874
0,4857
4,6812
1,14831
2,13152
0,1171
4,18725
4,192
0,203
2,8603
2,8592
2,4917
4,16934
1,11057
2,3074
2,5578
0,24356
0,21433
1,19449
3,2089
0,2318
0,23536
4,16637
0,4614
4,4585
0,22959
3,8900
0,18826
4,14732
3,6711
0,6480
4,21522
0,19558
3,23427
3,2198
0,2209
0,22848
3,4705
2,16726
3,4494
3,8811
4,18937
0,6600
3,14623
0,6591
3,14920
4,6903
0,1060
1,13043
0,312
1,18634
1,8712
4,8483
0,16825
4,4806
0,3165
0,11146
3,24247
3,5469
0,24307
0,24096
1,5529
3,13103
4,1120
1,13292
4,6843
3,14860
0,252
3,18774
4,8652
2,11006
4,3025
4,11397
3,4946
4,16965
3,22908
0,16666
0,4645
3,8951
2,18877
1,14763
3,6740
0,21462
3,19789
3,19418
0,23567
4,2349
1,17998
0,21765
1,7828
3,12168
3,23660
2,9639
1,4542
4,16561
2,6447
3,14464
3,155
3,18473
3,20409
0,20798
3,13195
0,1227
2,13204
4,11090
0,3322
4,11301
3,8555
0,23963
3,24391
0,24000
3,21866
2,15708
2,15499
0,24140
3,23823
3,21926
2,15648
3,384
2,18533
2,20549
2,6995
0,13344
3,1367
4,4890
4,11241
2,3262
3,8784
4,8415
2,8887
0,4793
0,16421
3,4402
2,6696
2,14524
0,6507
0,21625
3,12028
2,7968
3,23720
1,9779
0,8996
0,4682
1,4513
3,16530
2,6787
0,6416
3,14435
3,12139
2,7879
2,21734
0,23631
3,9668
3,24051
0,23932
0,15759
0,21837
1,18422
3,104
0,295
4,6884
0,1276
4,13255
1,20458
2,4981
3,3373
4,11350
1,8695
4,8504
2,18562
2,13084
2,13315
3,1336
1,20518
1,20689
4,11181
0,11210
2,3233
4,8444
3,23872
3,24280
0,24111
2,15619
2,15588
3,21977
1,7939
2,12079
2,21674
3,23771
1,9728
3,16470
0,4453
1,14575
0,6556
3,1285
3,14854
2,6877
4,1114
3,13137
0,266
4,18740
2,8666
0,3380
4,16951
2,4972
3,3011
2,11032
2,24333
0,9998
2,7418
1,7789
0,21456
0,23553
0,4671
2,16652
3,8965
2,18843
4,20839
0,6774
2,14757
3,16483
2,16712
0,4731
2,8825
4,18903
0,20979
0,14586
0,14617
3,6634
4,21687
0,21516
3,23782
3,23413
3,24273
3,23881
0,21984
1,7558
1,13077
0,1054
1,6937
4,14914
0,326
3,18591
1,18600
4,8726
3,11172
4,3151
4,4832
2,16811
0,24362
0,23990
0,7449
0,21895
0,1145
1,13166
0,14805
3,6826
4,18480
2,18711
0,237
1,8637
0,3040
2,11063
4,16900
4,4923
0,16592
0,4620
0,16603
0,8934
3,18812
3,14497
0,6725
1,14706
3,20868
3,21796
3,21407
3,23693
3,23502
0,21547
3,23442
1,16743
2,4760
1,8874
1,18952
4,14646
2,6665
2,20928
0,1394
1,6966
0,14945
2,13026
3,1005
2,18651
0,377
3,8777
0,3291
3,4863
0,16840
1,11123
2,3100
3,24222
3,9889
2,7509
2,7698
2,8179
0,25843
0,22120
0,20025
1,13628
3,579
2,7096
4,15324
0,7307
0,5193
3,17221
0,5202
3,9184
2,9215
2,10441
0,2462
3,59
3,21349
3,12544
1,19333
3,1908
0,14048
0,25740
0,14108
1,14299
0,1848
3,25591
3,25600
0,9355
3,10690
0,2522
1,10501
2,21209
4,21198
1,12795
0,12404
3,19273
0,7247
0,15264
0,12896
3,5342
1,17361
2,10993
0,8039
3,22060
3,20165
4,13768
0,439
0,15375
0,7356
4,12987
3,17270
0,5253
4,10882
2,8128
3,22171
0,25812
1,13679
3,20074
0,528
3,14019
4,14388
0,1959
0,25480
4,25711
2,9244
2,10781
2,10410
0,2433
4,12684
3,12515
3,21318
2,21089
1,19362
0,9095
0,9304
0,2573
3,10550
3,12455
2,21258
0,19222
0,1819
0,14159
2,25651
0,8068
0,22031
1,13739
0,20134
0,468
1,7187
3,7216
2,15235
4,5082
4,5313
1,17330
2,10772
0,2751
0,9126
4,19391
0,19000
3,12677
0,13989
0,6358
0,949
0,25473
3,22182
0,22213
2,20087
4,20316
0,1538
1,12974
0,15386
0,15017
0,7034
3,2852
2,10871
3,17283
2,17112
0,5131
4,7174
2,15157
1,12834
1,5071
3,17052
2,10931
4,2912
0,22353
1,20256
3,1478
4,6218
4,6189
0,809
3,25533
3,2580
3,2611
3,10632
0,9066
4,19140
3,12737
3,6309
2,6098
0,918
0,25422
0,2491
0,10723
0,2700
2,9177
3,19051
3,12626
3,15046
2,7065
3,12925
0,17143
0,5160
2,2803
3,10820
3,22242
0,1569
3,20347
3,22093
3,22302
0,1429
1,20196
0,20207
3,12865
1,15297
0,7125
2,15106
1,10960
0,2943
1,17392
0,5020
0,17003
3,2640
1,10663
0,9037
0,19280
1,19111
2,12766
3,13898
4,6249
3,858
3,25562
2,16068
2,3928
3,25665
1,9330
1,10564
3,2547
3,23369
3,12461
0,19216
3,19187
2,15201
3,7222
1,15190
2,17304
3,5327
3,17095
4,24698
4,24509
1,11599
4,11608
3,22005
3,22394
4,20100
2,20291
2,11748
3,25826
0,22145
0,20040
0,7362
0,15341
2,5267
2,17244
0,2895
3,24449
1,9270
3,2407
1,10424
1,2796
3,23229
2,12521
3,19356
0,3868
2,16128
2,25725
0,9361
0,23338
3,10535
3,2516
0,2687
4,12430
3,19247
3,25634
1,3979
3,16039
0,22054
3,11659
4,20151
2,15250
0,7273
0,24558
2,17355
0,5376
0,2984
0,7333
0,15310
2,15081
4,24789
0,24418
0,5236
3,17215
4,17184
3,22114
4,22285
3,11488
0,11719
0,20011
0,20380
0,25774
2,16179
3,3839
1,9221
3,23278
0,2456
0,10475
2,12570
4,19307
1,19096
4,15132
2,7111
1,12851
0,7280
4,17037
3,5014
0,2977
1,10954
4,5385
2,3689
4,3518
4,22336
4,18249
2,20233
2,4378
3,25556
3,10657
1,2674
3,24939
3,9003
2,9392
2,19125
0,12752
0,2734
3,10717
0,10486
1,24879
3,9143
2,19065
0,12612
0,12583
0,4238
0,25416
0,25787
0,3458
2,22276
2,18098
3,18309
3,20373
0,12911
3,7051
2,15072
4,10814
3,2837
0,5154
0,17177
2,22367
1,3549
3,1
4,18189
2,18218
1,20262
4,12800
2,15163
3,7140
3,2926
1,10905
3,17066
0,5045
3,24968
0,10606
2,2625
2,10597
0,9052
3,19174
3,12703
0,12492
0,25507
4,25696
4,4329
3,25447
2,4269
1,24828
3,2765
3,10746
0,9112
2,9283
2,19034
0,12643
4,7000
3,15023
3,12940
0,7391
2,5105
0,17126
1,10845
4,2866
4,5294
0,22227
0,3798
3,3409
0,18358
4,20322
3,19584
3,19615
3,12062
1,15901
4,7922
3,2144
1,10167
0,17804
0,5827
1,9733
3,4448
3,22894
0,25266
4,20991
2,18579
1,20692
4,20503
3,3228
3,22797
3,22406
1,9830
3,17496
0,5724
4,17707
3,23869
2,15593
1,7621
3,15602
2,19916
0,9970
1,17647
0,5664
0,23929
0,15742
1,7761
4,19856
4,18439
3,20443
0,3368
3,22546
3,4508
3,4699
3,25326
1,19755
4,7862
2,15841
4,12122
1,5967
4,17944
0,2395
0,10027
3,2004
0,9673
3,25237
0,4419
4,4788
3,19644
1,15950
1,7973
3,12033
0,17855
0,5876
0,2284
3,2115
2,10136
1,9762
2,9861
2,23838
0,5775
2,17756
2,7670
3,15653
4,19947
1,18528
2,20552
4,22457
1,3279
3,18468
4,20783
2,20412
3,22686
0,22517
0,3339
3,9921
0,23978
3,17587
0,17616
0,5635
3,15482
1,15713
1,7730
3,19807
3,19495
1,19704
2,12173
2,7833
4,15810
2,10076
0,2055
1,5936
3,17915
2,9622
3,22985
3,25377
4,4559
0,20880
0,20630
4,11138
0,4878
3,22735
0,5786
4,5417
4,17434
0,24239
0,9892
1,7683
3,7512
1,15531
4,12351
0,7980
4,19526
0,9791
4,9400
0,2277
0,10254
1,5885
0,23459
1,16758
3,25155
3,22836
0,18949
0,20933
4,16618
2,16589
3,25384
3,22976
0,25015
0,18809
2,20873
1,12180
3,12211
2,19466
1,9540
3,10085
2,10314
0,2337
0,23519
3,23688
1,17574
4,5557
0,24379
1,15471
1,7452
4,20770
3,4938
3,11078
0,22675
3,24268
2,5446
0,17465
1,7543
2,15560
3,20661
0,22764
3,4829
0,11169
0,25295
3,22867
2,25104
2,16709
0,16498
1,18918
4,20962
2,12091
0,12300
0,19577
2,9451
0,23408
3,23799
2,10194
0,2226
1,10205
2,12240
2,7891
4,19437
4,9680
2,9511
0,23548
2,10345
0,2366
4,5994
0,25044
3,22927
2,16649
1,18858
2,20822
2,20721
0,22624
2,11029
2,4969
0,24328
0,5697
3,17525
3,5506
0,9983
1,7792
1,15420
1,7403
3,9915
3,5601
3,17622
3,5590
0,21849
2,7704
3,15727
2,7495
2,19833
3,20426
0,1199
0,1208
0,22523
0,25343
2,6468
3,19730
3,15824
1,7807
4,12147
0,17921
0,5902
0,2061
0,10042
2,9616
2,9587
1,19670
3,12007
1,7947
0,15964
2,12396
2,10102
0,2121
3,5842
0,17861
4,10293
0,9756
4,25203
0,25192
3,6528
2,20566
4,14999
0,1348
3,22463
2,9855
0,17762
0,5741
3,21909
2,15667
2,7644
2,19973
0,14888
3,1259
3,20477
3,22572
0,9944
0,5650
4,17673
3,7755
0,15776
2,21818
0,19862
0,19761
3,12116
1,15875
1,7856
3,12287
3,2030
3,10013
0,17970
3,5953
2,10382
2,9647
0,25312
0,25083
2,6439
3,25252
3,6579
0,19621
4,7916
1,15935
0,12056
0,5813
3,17830
2,10153
0,2170
4,9707
4,9496
4,9804
1,17733
0,5710
2,5481
3,15636
1,7615
2,7584
0,21958
0,19922
3,1088
0,1319
1,20537
0,22432
4,22913
0,25070
3,20816
0,14778
0,21479
0,12274
2,15886
2,19403
3,19792
1,9525
2,2352
0,10371
2,17983
0,5532
0,17511
1,17680
1,19891
1,7437
2,15414
0,15785
1,20715
0,20484
1,13289
4,6858
2,13118
3,249
1,8649
3,22610
3,22581
0,20655
1,13058
4,6918
3,309
2,8498
1,8709
0,22750
1,17451
3,5472
1,15554
1,7577
4,21539
3,12334
2,19543
1,9465
2,10231
0,2212
0,2183
3,25130
3,22853
3,20956
0,14638
0,12225
0,21428
1,19452
0,9574
0,2303
3,10320
0,2092
0,25021
4,22942
0,14729
0,20847
2,13149
4,6809
1,20744
1,218
4,189
2,8589
2,8618
3,22641
1,5563
4,17540
2,7466
2,15445
1,17400
0,5423
0,17791
4,19980
2,15505
1,7526
2,15694
0,13398
2,6949
2,13009
1,20604
1,20595
1,358
1,8758
0,22701
0,22490
3,22802
0,25161
3,14669
0,20907
0,12365
1,15997
3,21568
3,19512
1,19683
1,9434
0,10260
0,2243
0,17892
0,1927
0,13904
0,14067
2,6044
3,3822
4,11801
2,16162
0,4141
2,23263
3,24891
2,76
3,21366
0,7328
1,24403
4,24792
3,8156
0,11702
3,3721
2,11493
4,13607
0,1624
2,13596
0,556
2,18070
4,8016
1,8387
3,3661
1,11642
0,1764
4,13747
0,787
3,416
0,18130
0,7268
3,24543
3,23323
4,21226
0,884
0,6104
0,14127
1,6295
2,13844
0,1867
4,4001
1,16022
0,4390
3,11941
2,3962
0,27
3,23232
0,21337
3,995
0,14036
0,6015
2,6384
0,1976
4,13955
2,16133
2,4110
3,4281
2,3873
4,11850
4,8107
0,8296
0,11753
0,3770
1,13656
0,1675
4,18021
2,696
0,507
0,7379
1,24452
0,7239
3,24512
0,24683
3,8047
4,3630
3,11613
2,11582
0,1735
2,13716
3,13487
1,18161
0,447
3,13815
0,1836
2,6155
0,14176
4,11910
3,3933
4,4050
3,16073
0,23372
0,24980
2,21277
3,15038
0,24730
4,11431
3,3412
2,3783
0,8265
3,665
1,18343
4,20339
3,13534
3,1517
0,1686
0,1985
1,14354
0,6377
3,966
0,3880
3,16251
0,4272
1,24833
4,23150
0,9298
3,9109
0,21055
3,12658
0,23010
3,24973
3,23381
0,9049
0,21115
3,21284
1,12489
4,12718
2,6237
0,14214
3,14185
3,826
0,4332
1,16311
0,16080
4,3552
0,11571
0,8325
0,725
2,18203
4,18192
4,20279
3,1457
4,13474
2,15178
0,24670
2,11460
2,3443
2,8234
0,18312
4,18083
4,634
4,13565
3,1546
4,20368
2,15069
3,24761
1,85
3,23101
0,24862
3,23290
2,9158
2,12598
0,12609
0,21004
0,21395
2,14305
3,6326
0,14094
0,937
4,16200
0,4223
4,16191
3,1894
0,6266
0,14245
0,877
2,3991
3,4363
1,16340
4,24922
3,23041
3,9389
0,9018
0,12749
0,21144
3,15129
3,24621
1,3503
2,11520
2,3692
4,8374
4,18252
3,774
0,1406
4,13425
4,1797
4,20228
0,8073
2,3595
2,11627
4,3604
0,1490
0,13722
2,1701
1,18155
3,473
2,5308
0,5099
0,24526
0,2568
4,23346
4,21243
2,19239
0,14142
0,6161
3,1802
0,13821
2,16047
0,4064
0,3907
0,11924
4,14393
4,13961
0,1942
2,6021
0,14002
2,16296
0,11864
0,3847
4,4124
1,16107
3,13
0,2428
4,23197
3,23206
2,21092
3,21303
4,19379
2,5248
4,10899
2,24466
2,8133
2,3744
2,11767
0,25809
3,1641
4,13662
3,18384
2,18015
3,533
0,24577
3,5359
0,10988
0,8022
0,11676
2,3655
0,13773
0,1750
0,422
4,18295
2,18104
1,14282
0,1853
2,13870
4,14113
2,6130
0,16387
1,3956
3,11975
1,16016
0,4035
3,23086
3,23317
0,2539
0,21183
3,21212
0,19268
3,23257
0,2479
0,42
0,21352
1,19328
3,6070
0,14053
0,13930
0,1913
0,4175
1,16156
4,11835
3,3816
0,8162
3,25858
3,3484
2,3715
3,11736
0,1581
0,1610
1,13633
0,562
1,18044
2,24437
0,5219
0,5188
3,10678
3,23075
2,24916
3,21170
4,13883
1,14271
2,6252
3,843
4,11986
4,16374
3,4357
3,25579
0,11685
3,11514
1,3537
2,22319
4,22088
0,8340
1,18266
4,740
3,13780
0,13411
0,1432
2,17018
4,2958
4,17389
0,24584
0,24615
0,2818
2,17158
0,24755
0,3477
2,11454
3,22259
3,8191
2,8200
3,18326
1,600
2,591
0,1572
1,13551
4,6083
0,6312
0,14331
2,903
0,4186
3,4217
2,16234
0,25439
2,10738
1,24856
4,23135
0,21030
2,6192
0,14220
4,6203
2,812
0,25528
0,4097
0,16325
2,4306
3,24947
3,23024
3,10629
0,21121
3,24644
0,2909
0,17049
0,22348
3,11545
3,3566
1,8080
0,8311
0,711
0,480
2,18237
0,13440
0,1463
3,22208
4,22199
2,11794
3,3426
0,11405
0,8251
0,651
3,18377
0,13691
4,1523
3,13500
0,24495
0,24704
2,17109
0,2849
2,17298
3,23164
1,24807
2,10769
0,21061
0,13992
2,6343
3,14360
0,952
0,25468
4,11897
0,4246
1,16265
2,17288
0,2859
0,17119
0,24714
2,24485
2,13510
0,1533
1,13681
4,18367
4,641
0,8241
3,11415
2,3436
3,11784
2,22189
4,22218
1,16275
4,4256
4,11887
0,25478
0,942
1,14370
2,6353
1,13982
0,21071
0,10779
2,24817
3,23174
0,21131
2,10639
3,23034
3,24957
3,4316
3,16335
3,4087
3,25538
3,802
3,6213
0,14230
2,6182
3,1473
0,13450
1,18227
3,490
0,701
0,8301
3,8090
4,3576
2,11555
3,22358
3,17059
0,2919
3,24654
3,13541
3,1562
0,581
4,610
0,18336
2,8210
2,8181
3,22249
1,11444
0,3467
0,24745
4,17148
0,2808
3,21020
3,23125
1,24846
1,10728
0,25429
4,16224
0,4207
0,4196
0,913
4,14321
1,6302
4,6093
4,25569
3,4347
3,16364
0,11996
0,853
3,6242
0,14261
2,13893
4,21160
0,24906
3,23065
1,10668
0,24605
0,24594
4,17399
0,2948
2,17008
0,1422
3,13401
2,13790
0,750
4,18276
4,8350
3,22098
2,22309
0,3527
4,11504
3,11695
0,3806
4,11825
3,16146
3,4165
0,1903
0,13920
0,14043
4,6060
2,19338
4,21342
0,52
0,2469
3,23247
0,5198
3,5209
2,24427
1,18054
2,572
3,13623
0,1600
0,1591
3,11726
3,3705
3,3494
0,25848
2,8172
2,18114
0,18285
0,432
0,1740
2,13763
4,3645
3,11666
0,8032
4,10998
3,5349
0,24567
3,19278
0,21202
0,21193
0,2529
3,23307
3,23096
2,4025
1,16006
0,11965
4,3946
0,16397
4,6120
0,14103
1,13860
0,1843
3,14292
0,19369
2,21313
3,21082
3,23216
3,23187
0,2438
1,16117
4,4134
0,3857
0,11874
0,16286
0,14012
0,6031
3,1952
1,13971
2,14383
2,523
3,18005
0,18394
2,13672
3,1651
0,25819
3,11777
2,3754
1,8123
1,24476
2,10889
0,5258
0,24536
0,5089
4,5318
0,463
4,18145
3,1711
2,13732
3,1480
0,3614
1,11637
1,3585
2,8063
2,11934
1,3917
3,4074
3,16057
0,13831
0,1812
0,6171
0,14152
3,19229
0,21253
0,23356
0,2578
0,21154
3,12759
0,9008
2,9399
3,23051
3,24932
4,16350
2,4373
1,3981
0,867
3,14255
4,6276
0,1884
2,20238
3,1787
0,13435
1,1416
0,764
2,18242
0,8364
2,3682
0,11530
4,3513
0,24631
2,15139
2,24771
2,15079
0,20378
0,1556
1,13575
4,624
1,18093
4,18302
1,8224
3,3453
2,11470
1,16181
0,4233
2,16210
0,927
0,14084
4,6336
4,14315
0,21385
4,21014
3,12619
4,12588
2,9148
3,23280
1,24872
3,23111
0,95
2,16090
2,16301
0,4322
3,836
3,14195
3,14204
2,6227
4,12708
4,12499
3,21294
0,21105
0,9059
0,23391
3,24963
3,23000
0,24660
1,15168
3,13464
3,1447
3,20269
0,18182
1,18213
3,735
0,8335
3,11561
4,3542
0,1696
3,1507
3,13524
0,20329
4,18353
2,675
0,8275
0,3793
3,3402
2,11421
0,24720
3,15028
0,12648
0,21045
0,9119
1,9288
3,23140
1,24823
0,4262
3,16241
0,3890
0,976
3,6367
1,14344
3,1995
0,457
4,18171
3,13497
2,13706
2,1725
2,11592
2,11603
0,3620
2,8057
0,24693
2,24502
3,7229
4,21267
0,24990
0,23362
2,16063
3,4040
1,3923
0,11900
0,14166
4,6145
0,1826
0,13805
0,11840
0,3863
0,4291
3,4100
2,16123
4,13945
4,1966
3,6394
2,6005
2,14026
0,985
0,21327
3,23222
0,37
2,24442
0,7369
3,517
3,686
2,18031
0,1665
4,13646
0,3760
2,11743
0,8286
2,8117
3,24553
0,7278
3,18120
0,406
0,797
3,13757
2,1774
2,11652
3,3671
2,8397
0,8006
4,3972
4,11951
3,4380
3,16032
2,4011
0,1877
4,13854
0,6285
0,14137
3,6114
0,894
2,21236
3,23333
0,21376
2,66
1,24881
3,23273
0,4151
1,16172
4,11811
0,3832
4,6054
0,14077
0,13914
0,1937
1,18060
4,546
1,13586
0,1634
2,13617
1,11483
2,3731
4,11712
3,8146
2,24782
2,24413
3,7338
0,22480
0,22711
1,8748
2,348
2,20585
3,20614
2,13019
2,6959
4,13388
2,15684
2,7536
3,15515
3,19990
0,17781
0,5433
2,17410
0,17882
0,2253
2,10270
1,9424
4,19693
4,19502
3,21578
3,15987
3,12375
2,20917
0,14679
3,25171
3,22812
3,20857
1,14739
3,22952
0,25031
3,2082
2,10330
3,2313
1,9564
0,19442
3,21438
2,12235
2,15455
0,7476
2,17550
1,5573
3,22651
1,8608
4,8599
0,199
3,208
1,20754
4,6819
3,13159
1,7567
3,15544
3,5462
0,17441
0,22740
2,8719
0,8488
3,319
3,6908
0,13048
3,20645
3,14628
4,20946
3,22843
3,25120
3,2193
3,2202
1,10221
1,9475
1,19553
3,12324
3,21529
1,17993
4,10361
3,2342
1,9535
4,19782
0,19413
0,15896
0,12264
0,21469
1,14768
3,20806
3,25060
3,22903
0,22591
0,22600
0,8659
4,259
4,13108
4,6848
2,13299
3,20494
1,20705
0,15795
2,15404
0,7427
1,19881
0,17690
0,17501
0,5522
2,9486
3,9717
4,2160
1,10143
0,17820
0,5803
3,12046
3,15925
0,7906
1,19631
0,6569
3,25242
3,22422
2,20527
0,1309
0,1098
2,19932
3,21948
2,7594
2,7605
2,15626
0,5491
0,5700
1,17723
1,9814
2,19872
4,21808
0,15766
3,7745
1,17663
0,5640
0,9954
0,22562
0,20467
3,1249
0,14898
0,6429
3,25093
1,25302
0,9657
2,10392
1,5943
0,17960
0,10003
0,2020
1,12297
2,7846
1,15865
3,12106
0,19771
3,6538
0,25182
2,25213
4,9746
4,10283
3,17871
0,5852
0,2131
2,10112
0,12386
2,15974
1,7957
0,12017
2,19660
4,19963
2,7654
3,15677
3,21919
0,5751
3,17772
4,9845
3,22473
0,1358
4,14989
1,20576
0,22533
0,1218
0,1189
3,20436
4,19823
1,7485
0,15737
1,7714
0,21859
2,5580
1,17632
3,5611
2,9905
2,9597
3,9606
3,10052
3,2071
0,5912
0,17931
0,12157
2,7817
3,15834
2,19720
0,6478
0,25353
1,20832
2,18848
2,16659
3,22937
0,25054
2,5984
3,2376
0,10355
3,23558
0,9501
2,9690
2,19427
2,7881
2,12250
2,7413
1,15430
0,7782
0,9993
0,5516
3,17535
0,5687
3,24338
3,4979
2,11039
2,22634
1,20731
3,11179
3,4839
3,22774
3,20671
2,15570
1,7553
3,17475
0,5456
3,24278
1,10215
0,2236
2,10184
3,23789
0,23418
1,9441
0,19567
1,12310
2,12081
0,20972
4,18908
2,16488
2,16719
3,25114
0,22877
4,25285
3,23698
3,23509
3,2327
3,10304
0,10095
1,9550
3,19476
1,12201
3,12190
0,20863
3,18819
0,25005
3,22966
0,25394
0,16599
3,16608
0,22665
4,11068
3,4928
4,20760
2,7442
2,15461
0,24369
4,5547
4,17564
0,15521
0,7502
4,7693
3,9882
0,24229
2,17424
3,5407
0,5796
3,22725
3,4868
3,11128
3,20620
0,20923
2,18959
3,22826
3,25145
1,16748
3,23449
2,5895
0,10244
0,2267
1,9410
3,9781
2,19536
1,7990
3,12341
4,19817
1,7720
2,15703
2,15492
3,5625
4,17606
0,17597
2,23968
3,9931
2,3329
0,22507
0,22696
0,20402
3,20793
4,18478
0,20890
0,4549
3,25367
3,22995
0,9632
0,17905
4,5926
0,2045
1,10066
3,15800
1,7823
0,12163
4,19714
4,19485
1,9772
2,10126
3,2105
3,2294
3,5866
3,17845
0,12023
2,7963
2,15940
3,19654
4,4798
2,4409
2,25227
1,3269
3,22447
3,20542
0,18538
0,19957
2,15643
1,7660
3,17746
0,5765
3,23828
2,9871
3,22556
3,3378
4,20453
3,18429
2,19846
3,7771
4,15752
3,23939
0,5674
2,17657
0,9960
3,9663
3,2014
2,10037
0,2385
1,17954
0,5977
4,12132
2,15851
2,7872
4,19745
0,25336
0,4689
3,4518
0,20981
1,25276
3,22884
0,4458
4,9723
0,5837
2,17814
1,10177
0,2154
2,7932
2,15911
3,12072
3,19605
0,19594
2,19906
1,15612
1,7631
1,15583
3,23879
4,17717
0,5734
0,17486
2,9820
1,22416
4,22787
0,3238
2,20513
3,20682
3,18569
0,25087
3,25316
3,4538
1,19765
0,7852
3,15871
2,12283
3,12112
4,5957
1,17974
2,10386
0,10017
3,2034
2,9643
3,9940
3,23919
3,17677
0,5654
3,15772
4,7751
3,19866
0,18409
0,18798
3,20473
3,22576
2,16989
3,3358
1,18549
0,20533
3,22436
4,3218
4,3189
3,9800
3,23859
2,5485
0,5714
2,17737
4,7580
2,7611
3,15632
0,19926
4,19625
3,12052
4,15931
0,7912
4,2174
2,10157
3,17834
3,5817
4,9492
0,9703
1,25256
3,4478
3,19734
4,12143
1,7803
3,15820
3,10046
0,2065
0,5906
3,17925
2,9583
3,9612
3,4569
0,25347
3,18458
2,20422
3,3309
2,3098
3,22527
1,9911
0,5594
0,17626
0,5605
3,23948
2,7491
0,15723
2,7700
4,19837
2,9851
0,5745
3,17766
4,23808
1,7640
2,15663
0,19977
1,18518
2,18689
2,20562
4,16898
4,3249
3,22467
3,4429
3,25196
3,25207
4,19674
4,15960
4,7943
1,12392
1,12003
3,17865
0,5846
4,10297
0,2125
4,10106
3,9752
3,24349
2,17544
0,5567
2,15441
1,7462
2,20740
3,22645
4,4908
2,11048
3,22946
0,25025
0,16628
1,18839
2,20843
0,12221
2,19456
1,9570
0,23529
0,2096
3,10324
3,2307
2,12361
4,15993
3,19687
3,19516
2,9430
3,23469
0,2247
2,10264
1,17896
3,25165
4,22806
0,16768
2,18979
0,20903
1,20591
2,20600
3,22494
0,22705
0,11108
0,11299
3,4848
0,24209
4,24198
2,17795
0,5427
1,17404
4,19984
2,15690
1,7522
2,15501
3,20480
1,20711
2,11019
3,11388
3,4959
3,22585
0,22614
3,17684
0,17515
2,5536
0,24318
0,24089
1,19895
0,15781
2,15410
4,7433
2,12270
2,15882
3,19796
2,19407
2,9521
2,10375
0,2356
0,17987
0,23578
2,16679
0,25074
3,22917
1,18868
1,20812
1,16739
3,22857
0,25134
0,18928
4,20952
0,12330
0,19547
1,9461
0,2187
3,2216
2,10235
0,23438
4,5476
1,17455
0,24258
4,7573
1,15550
3,20651
4,4819
0,11159
4,22754
0,1378
4,20556
3,22453
2,9865
3,17752
0,5771
0,15657
0,7674
3,21939
3,19943
2,19640
0,12037
1,7977
1,15954
2,10132
0,2111
0,5872
3,17851
0,2280
4,9766
0,8898
0,25233
0,6689
2,6518
3,22981
3,25373
2,6458
0,20884
1,19700
0,19491
2,15814
2,7837
4,12177
0,17911
1,5932
1,2051
2,10072
2,9626
0,9925
3,5631
0,17612
0,17583
4,7734
2,15717
3,15486
3,21879
1,19803
3,1238
2,20416
2,20787
0,22513
3,22682
4,9834
2,17703
0,5720
2,17492
3,21968
3,15606
2,7625
1,15597
1,19912
2,20507
2,20696
0,1329
3,22402
3,22793
3,22890
0,25262
2,20995
0,6549
0,19611
4,19580
1,7926
1,15905
3,12066
0,5823
0,17800
1,10163
0,2140
0,9737
1,19751
3,12126
2,15845
0,7866
0,2000
3,10023
0,17940
3,5963
0,2391
0,9677
0,8989
0,25322
4,6798
3,6409
3,20447
0,1269
0,22542
3,9974
0,5660
1,17643
0,21828
0,7765
3,15746
1,19852
3,12304
2,12095
2,21698
0,21509
3,19573
0,9455
3,10201
0,2222
3,10190
2,25100
1,25291
0,22863
0,14599
0,14608
0,20966
1,13068
0,6928
0,20665
3,339
1,8739
4,22760
0,17461
0,5442
2,15564
1,7547
2,5502
4,17521
0,5693
0,9987
3,7407
1,15424
1,7796
2,6868
2,13128
3,20725
0,279
2,8679
0,22620
3,22923
0,25040
4,14748
3,20826
2,12244
2,7895
0,21449
3,19433
1,9515
4,9684
3,2362
1,10341
4,5990
3,22832
0,25151
0,20937
0,14659
3,21558
0,12355
0,7984
0,19522
1,9404
4,9795
0,10250
3,2273
1,5881
3,17430
4,5413
3,5782
3,9896
1,15535
0,7516
4,7687
0,20634
3,6979
4,13039
2,368
2,8768
3,22731
3,20774
2,13179
4,6839
4,228
1,8628
3,22671
1,5553
3,17570
4,7456
2,15475
3,21789
0,21418
3,12215
3,12184
2,19462
1,9544
0,2333
3,10310
3,10081
0,25011
3,25380
4,22972
3,20877
3,14488
4,14719
0,23313
3,23082
0,21216
0,21187
2,6134
0,14117
4,14286
2,13874
0,1857
3,4031
1,16012
3,16383
0,11971
1,3952
0,8026
3,3651
3,11672
0,1754
3,13777
2,18100
4,18291
0,426
0,7258
2,12889
0,24573
2,7089
0,7318
2,24433
2,8166
4,11732
3,3711
0,3480
1,13637
0,1614
0,1585
0,18040
4,566
3,1917
1,13934
3,14057
3,6074
0,3812
4,11831
2,16152
0,4171
0,46
3,23253
3,21356
3,13825
0,1806
2,6165
0,14146
1,11920
2,3903
3,4060
1,16043
0,23342
3,21247
1,7198
0,7209
3,24522
4,8077
2,3600
3,11623
1,3591
2,1705
3,13726
0,1494
0,477
1,18151
2,8137
4,11763
2,3740
4,13666
1,1645
0,537
3,18011
3,18380
0,7349
2,12998
2,24462
3,23202
0,23193
3,17
2,21307
0,21096
0,14006
2,6025
4,14397
0,1946
1,13965
1,16103
0,4120
2,16292
0,3843
3,11860
2,3562
3,11541
0,8315
1,8084
1,18233
0,484
0,715
3,1467
3,13444
3,20249
2,15148
0,24640
3,23020
3,24943
0,9079
2,12728
0,21125
4,6207
0,14224
0,6196
3,816
0,4302
2,16321
3,4093
0,13996
2,14364
2,6347
0,956
4,11893
1,16261
0,4242
4,24803
2,23160
2,9139
3,12668
0,21065
2,15399
3,15008
0,24700
2,24491
0,11401
0,3422
2,11790
0,8255
0,18373
3,655
0,13504
0,1527
2,13695
1,20098
2,20309
0,15288
2,15119
0,24611
0,24580
4,3533
3,11510
0,11681
3,8344
0,744
2,18262
3,20189
3,20218
0,1436
0,13415
3,13784
4,13887
2,6256
0,14275
3,847
0,11982
4,4353
3,16370
0,24912
3,23071
0,9028
0,21174
0,12779
3,23131
2,24852
2,9168
0,21034
3,12639
1,14335
0,6316
2,6087
2,907
0,16230
0,4213
3,4182
2,11450
0,3473
4,8204
3,8195
2,595
4,604
3,18322
3,20358
1,13555
3,1576
0,15059
3,24751
3,24456
4,5278
0,8292
3,8103
0,25839
0,3774
2,11757
2,1671
1,13652
0,503
3,692
1,18025
3,991
0,6380
4,13951
0,1972
3,6011
2,14032
3,4285
3,11854
2,3877
2,4114
2,16137
3,23236
0,2418
0,23
0,2789
0,21333
2,19349
0,23376
3,24984
0,2558
2,21273
3,19209
3,19198
0,14172
4,6151
0,1832
3,13811
3,16077
4,4054
0,3937
0,11914
0,8043
3,11586
1,11617
0,3634
3,13483
3,13712
0,1731
0,443
1,18165
3,24687
3,24516
2,5338
0,8152
0,11497
2,3725
3,11706
1,13592
0,1620
2,13603
2,18074
0,552
0,5229
1,24796
1,24407
2,72
0,2449
4,23267
4,24895
2,21362
1,19318
1,19089
2,6040
3,14063
3,13900
0,1923
3,4145
0,16166
1,11805
0,3826
0,880
4,6291
1,1863
3,13840
0,14123
3,6100
3,4394
2,3966
4,11945
2,16026
4,4005
0,2509
3,2698
3,23327
4,21222
2,19258
2,5369
3,24547
0,8383
1,8012
2,11646
3,3665
0,13743
3,1760
2,18134
3,412
3,783
0,14090
1,6322
1,14301
0,933
0,25409
0,25798
0,16195
0,4227
1,16204
4,24866
3,23294
3,23105
2,10708
1,10499
3,81
3,21391
4,21000
1,24765
3,2828
0,17168
4,22269
2,3447
4,11464
3,8230
0,630
1,18087
2,18316
0,1542
4,13561
3,22329
3,3696
3,11524
3,3507
0,8370
3,770
2,18256
1,1793
0,13421
0,1402
3,24625
3,17028
1,2968
4,23045
1,24926
4,10648
4,21140
0,1890
0,14241
4,6262
0,873
0,25549
3,3995
1,16344
4,4367
1,10759
2,23154
1,24837
4,21051
0,1981
2,6373
2,14350
0,962
2,3884
3,4276
1,16255
0,25458
0,3787
2,3416
3,11435
4,22238
0,8261
1,18347
0,661
3,1682
3,1513
0,13530
0,17139
0,2879
0,24734
0,2939
2,17079
3,24674
2,11575
1,3556
3,22378
0,8321
4,18196
4,18207
3,721
0,13470
3,1453
3,14181
0,14210
3,6233
3,822
0,16084
1,16315
0,4336
3,25518
4,25689
3,10619
1,10588
3,24977
0,23385
3,23014
4,21280
0,21111
0,1443
0,13460
3,731
2,18217
2,18186
0,8331
3,22368
0,3546
4,11565
0,24664
3,17069
0,2929
0,21101
4,21290
2,23004
0,23395
3,24967
2,10598
2,10609
4,25699
0,25508
0,4326
0,16305
0,16094
3,832
0,6223
3,14200
0,14191
0,25448
2,16245
2,4266
3,3894
0,972
1,14340
0,6363
3,1991
0,21041
1,24827
3,23144
3,10749
0,24724
0,2869
3,17129
0,13520
0,1503
4,1692
3,671
0,18357
3,8271
0,22228
3,11425
3,3406
0,3797
0,2978
2,17038
0,24635
0,1412
3,13431
0,1783
3,18246
3,760
0,8360
4,3517
1,11534
2,3686
3,22339
2,4377
0,16354
0,3985
3,25559
3,863
4,6272
0,14251
3,1880
0,21150
0,10658
3,24936
3,23055
4,21010
4,21381
3,91
0,10489
0,10718
2,23115
3,23284
1,24876
1,16214
0,4237
1,16185
0,25788
0,25419
2,923
0,14311
0,6332
0,14080
3,13571
3,1552
2,18306
2,18097
1,620
0,8220
2,11474
3,3457
3,22279
0,17178
0,2838
2,24775
2,19248
1,21232
0,23337
0,2688
3,2519
1,4015
1,16036
0,11955
4,3976
0,4384
3,6110
0,14133
1,13850
0,1873
2,6281
0,890
0,793
0,402
3,18124
0,1770
0,13753
4,3675
3,11656
0,8002
1,8393
0,24557
4,5379
4,24417
0,24786
3,5239
0,542
1,18064
1,13613
2,1630
1,13582
4,11716
2,3735
3,11487
2,8142
4,3836
4,11815
1,16176
1,4155
3,1933
0,13910
0,14073
2,6050
0,19099
1,19308
0,21372
0,24885
3,23277
3,2459
2,62
0,11904
2,3927
3,4044
2,16067
3,13801
2,1822
4,6141
0,14162
3,19188
4,19219
3,21263
3,2548
3,24994
0,23366
2,5328
0,24506
0,24697
2,18175
0,453
3,1721
4,13702
3,13493
0,3624
3,11607
3,11596
0,8053
0,18035
2,682
1,513
1,13642
3,1661
2,11747
3,3764
3,25829
2,8113
0,8282
3,5268
2,24446
3,19359
0,21323
1,2799
0,33
0,2408
3,23226
2,16127
2,4104
0,3867
4,11844
4,4295
3,14022
2,6001
0,1962
4,13941
2,6390
0,981
0,4192
0,4203
4,16220
0,917
4,6097
0,6306
4,14325
3,12629
1,21024
2,9178
1,24842
3,23121
3,24741
0,15049
0,1566
1,13545
2,20348
2,18332
0,614
2,585
3,8185
2,8214
3,3463
2,11440
1,13794
3,13405
3,1426
3,20208
4,20199
4,18272
3,754
3,8354
3,11691
2,11500
3,3523
0,24590
0,24601
2,15109
1,15298
2,12769
4,21164
0,9038
4,23061
3,24902
1,16360
1,4343
3,11992
2,857
0,14265
4,6246
3,13897
4,21075
3,12678
3,9129
4,23170
4,24813
1,4252
4,16271
4,11883
3,946
0,6357
3,14374
0,13986
4,20319
2,20088
0,13685
0,1537
1,13514
4,645
0,18363
0,8245
3,11780
0,3432
1,11411
2,24481
0,24710
0,15018
4,15389
3,24650
0,15158
1,20259
0,13454
3,1477
3,705
3,494
2,18223
1,8094
0,8305
3,11551
1,3572
3,4083
2,16331
0,4312
3,806
4,6186
2,14234
4,6217
3,21135
3,12738
0,9069
3,24953
3,23030
2,24472
4,12988
0,7359
4,18390
1,18001
3,527
4,1655
1,13676
3,3750
0,11773
2,8127
3,11870
3,3853
3,16282
2,4130
1,16113
1,13975
3,1956
2,14387
2,6035
4,14016
0,21086
2,21317
1,23183
3,23212
2,21257
0,23352
2,16053
3,4070
3,3913
2,11930
0,14156
4,6175
4,1816
0,13835
1,18141
0,467
3,1484
1,13736
3,1715
3,3581
2,11633
0,3610
0,8067
0,24532
3,7219
2,7188
2,576
1,18050
0,1595
0,1604
1,13627
3,3490
2,3701
4,11722
3,8176
3,24423
0,7308
2,7099
3,21346
0,23243
0,56
2,4161
1,16142
4,11821
0,3802
3,6064
0,14047
3,13924
0,1907
4,3942
0,11961
0,16393
1,16002
3,4021
0,1847
0,13864
1,14296
0,14107
4,6124
0,21197
2,21206
3,23092
3,23303
0,24563
0,12899
0,7248
3,436
4,18281
1,18110
4,13767
4,1744
3,11662
4,3641
0,8036
3,15465
4,7446
0,17560
1,5543
3,22661
2,8638
3,238
3,6829
4,13169
4,20764
1,14709
0,14498
3,20867
3,22962
0,25390
0,25001
1,10091
0,10300
0,2323
1,9554
0,19472
2,12194
1,12205
0,21408
2,21799
1,5891
0,2263
2,10240
0,9785
2,9414
4,19532
0,7994
2,12345
3,21548
0,14649
2,20927
2,25141
0,22822
1,22721
3,8778
0,378
2,13029
3,6969
0,20624
2,7697
2,7506
1,15525
2,9886
0,5792
4,5403
2,17420
3,22630
0,8669
4,269
0,20735
1,13138
4,6878
0,7786
2,15434
2,7417
0,9997
0,5683
2,17531
3,5512
0,5980
2,10351
0,2372
2,9694
2,9505
4,19423
0,21459
2,7885
3,12254
0,20836
2,14758
3,25050
4,22933
2,20976
0,14618
0,14589
3,22873
0,25281
3,25110
2,10180
3,2232
1,10211
1,9445
4,19563
3,21519
0,21688
0,12085
1,12314
1,7557
2,15574
2,5452
0,17471
0,22770
1,8729
3,329
3,20675
1,6938
1,13078
0,6419
2,6788
0,25332
0,8999
2,9667
3,2381
1,5973
4,17950
0,10033
3,2010
2,7876
0,15855
3,12136
2,19741
2,19842
0,15756
0,7775
0,21838
2,17653
0,5670
0,9964
3,22552
0,1279
4,20457
3,22783
3,22412
0,1339
0,20686
1,20517
2,19902
1,15587
2,7635
1,15616
3,21978
1,17482
3,5730
4,17713
2,9824
1,9727
0,2150
3,10173
2,17810
0,5833
2,12076
0,15915
1,7936
4,19590
3,19601
0,6559
3,20985
3,25272
0,22880
2,9636
3,10062
0,2041
4,5922
3,17901
3,12167
1,7827
3,15804
0,19481
1,19710
0,20894
2,6448
0,25363
2,22991
0,22692
0,22503
0,20797
3,20406
0,1228
0,19813
0,21869
2,15496
0,15707
1,7724
3,17593
3,17602
2,5621
2,9935
2,19953
0,21929
1,7664
2,15647
0,5761
0,17742
2,9875
3,22443
3,20546
3,1368
4,6508
2,6699
3,25223
0,8888
4,9776
0,2290
3,17841
0,5862
0,2101
0,10122
2,15944
2,7967
0,12027
3,19650
3,23428
3,10225
0,2206
0,2197
2,9471
3,19557
2,12320
2,20942
1,18938
3,25124
4,22847
2,16729
3,22744
3,11149
2,4809
0,20641
2,15540
1,7563
3,24248
3,17445
3,5466
3,7423
2,15400
0,15791
2,19885
0,24099
0,24308
0,5526
1,17505
3,17694
0,22604
3,22595
2,4949
0,11398
1,11009
1,20701
3,20490
3,20802
4,18878
3,22907
3,25064
2,16669
0,23568
1,17997
0,2346
3,10365
1,9531
3,19417
0,19786
2,15892
3,12260
0,20913
2,18969
1,16778
3,22816
3,25175
0,17886
3,10274
3,2257
3,23479
1,9420
4,19506
1,19697
1,15983
2,12371
2,15511
1,7532
0,15680
3,19994
1,17414
0,5437
0,17785
0,24188
0,24219
0,4858
3,11289
2,11118
0,22715
3,22484
1,20610
0,20581
1,11058
2,4918
3,22655
0,20750
3,7472
2,15451
4,5577
3,17554
0,24359
0,2317
3,10334
0,2086
0,23539
4,9560
1,19446
2,12231
4,20853
4,18829
1,16638
3,25035
0,22956
3,22477
4,3259
0,16888
3,20572
0,18699
0,18508
3,19967
1,15673
2,7650
3,23818
3,17776
0,5755
0,9841
4,9742
2,10116
1,2135
1,10287
0,5856
3,17875
0,12013
1,12382
4,7953
2,15970
0,19664
1,25217
3,25186
3,4439
3,25357
0,4579
2,9602
2,9593
3,17935
3,5916
0,2075
0,10056
0,15830
2,7813
0,12153
2,19724
2,19827
3,7710
0,15733
4,7481
3,23958
2,5615
1,17636
2,5584
2,9901
0,22537
2,3088
1,3319
3,20432
3,18448
4,19936
2,15622
2,7601
2,7590
1,17727
0,5704
3,5495
3,23849
4,9810
1,3199
0,3208
3,22426
2,20523
2,18559
4,4468
3,25246
2,9713
2,9482
0,5807
3,17824
1,10147
0,2164
2,7902
2,15921
4,12042
0,19635
2,9653
0,2024
0,10007
2,10396
1,17964
1,5947
2,12102
4,12293
3,15861
1,7842
3,19775
0,4528
0,25306
3,25097
0,3348
4,16999
3,22566
2,20463
3,18788
2,18419
3,19876
0,7741
3,15762
0,5644
1,17667
0,23909
0,9950
3,20472
0,18799
4,18408
3,3359
4,16988
3,22577
0,5655
0,17676
3,23918
3,9941
4,19867
1,7750
2,15773
3,12113
2,12282
3,15870
2,7853
1,19764
3,9642
0,2035
3,10016
2,10387
1,17975
2,5956
1,4539
3,25317
3,25086
0,4479
3,25257
0,7913
4,15930
3,12053
0,19624
4,9702
4,9493
0,5816
3,17835
2,10156
0,2175
2,17736
0,5715
2,5484
3,23858
4,9801
3,19927
2,15633
0,7610
0,7581
3,20532
1,18548
4,3188
1,3219
3,22437
3,23949
3,5604
0,17627
2,5595
1,9910
2,19836
2,7701
1,15722
2,7490
3,20423
2,18459
3,22526
2,3099
0,3308
0,25346
0,4568
3,15821
1,7802
4,12142
1,19735
3,9613
2,9582
0,17924
0,5907
3,2064
0,10047
1,12002
1,12393
4,7942
1,15961
4,19675
2,9753
0,10107
0,2124
4,10296
0,5847
0,17864
3,25206
3,25197
3,4428
2,20563
2,18688
1,18519
3,22466
4,3248
2,16899
4,23809
3,17767
0,5744
3,9850
4,19976
2,15662
2,7641
0,19457
0,12220
3,2306
3,10325
0,2097
0,23528
0,9571
0,16629
0,25024
3,22947
2,20842
1,18838
2,20741
2,11049
4,4909
3,22644
0,5566
3,17545
4,24348
1,7463
2,15440
2,17405
4,5426
0,17794
0,24199
0,24208
2,15500
1,7523
2,15691
0,19985
3,20601
1,20590
2,4849
0,11298
3,11109
0,22704
0,22495
3,16769
3,22807
3,25164
0,20902
1,18978
3,19517
4,19686
3,15992
2,12360
4,17897
2,10265
0,2246
3,23468
2,9431
0,22916
0,25075
2,16678
3,20813
3,18869
3,19406
0,19797
2,15883
4,12271
0,23579
2,17986
0,2357
2,10374
2,9520
0,24088
0,24319
3,5537
3,17514
3,17685
1,7432
2,15411
0,15780
1,19894
1,20710
3,20481
0,22615
0,22584
3,4958
2,11389
3,11018
0,20650
4,22755
1,11158
3,4818
0,24259
1,17454
2,5477
1,15551
3,7572
3,19546
1,12331
0,23439
2,10234
3,2217
3,2186
4,9460
2,25135
3,22856
1,16738
4,20953
1,18929
0,25232
3,8899
2,6519
0,6688
1,15955
4,7976
3,12036
3,19641
0,9767
0,2281
3,17850
2,5873
4,2110
2,10133
0,5770
2,17753
2,9864
2,19942
3,21938
4,7675
0,15656
1,20557
3,1379
3,22452
2,20786
2,20417
0,1239
0,22683
0,22512
0,17582
0,17613
3,5630
0,9924
3,19802
0,21878
2,15487
2,15716
1,7735
3,12176
2,7836
2,15815
0,19490
1,19701
3,9627
2,10073
4,2050
1,5933
3,17910
3,25372
3,22980
0,20885
2,6459
3,12067
1,15904
2,7927
4,19581
0,19610
0,9736
0,2141
1,10162
3,17801
0,5822
0,25263
3,22891
3,6548
2,20994
3,1328
2,20697
2,20506
3,22792
3,22403
2,17493
0,5721
3,17702
4,9835
4,19913
2,15596
2,7624
2,15607
3,21969
1,17642
0,5661
0,9975
1,19853
3,15747
3,7764
0,21829
0,1268
3,20446
3,22543
3,25323
0,8988
0,6408
1,6799
0,7867
2,15844
3,12127
1,19750
0,9676
0,2390
0,5962
1,17941
0,10022
3,2001
0,5443
0,17460
1,7546
1,15565
0,338
0,20664
4,6929
1,13069
0,22761
1,8738
0,22862
4,25290
3,25101
0,20967
0,14609
3,14598
0,19572
0,21508
2,21699
2,12094
3,12305
1,10191
0,2223
0,10200
4,9454
2,19432
0,21448
2,7894
2,12245
4,5991
1,10340
0,2363
3,9685
1,9514
0,25041
3,22922
0,20827
0,14749
3,278
3,20724
3,13129
2,6869
0,22621
2,8678
0,9986
0,5692
4,17520
2,5503
0,7797
1,15425
2,7406
2,369
1,13038
2,6978
4,20635
3,22730
2,8769
2,9897
0,5783
3,5412
3,17431
3,7686
1,7517
1,15534
3,19523
1,7985
4,12354
3,21559
1,5880
3,2272
0,10251
2,9794
1,9405
3,25150
3,22833
0,14658
0,20936
4,22973
3,25381
0,25010
3,14718
3,14489
3,20876
2,19463
0,12185
0,12214
0,21419
3,21788
3,10080
2,10311
0,2332
1,9545
3,17571
1,5552
2,15474
0,7457
4,229
4,6838
2,13178
3,20775
3,22670
1,8629
3,12888
0,7259
0,24572
0,11673
3,3650
2,8027
0,427
4,18290
2,18101
3,13776
0,1755
0,1856
0,13875
1,14287
0,14116
3,6135
4,3953
0,11970
3,16382
1,16013
2,4030
3,23083
4,23312
0,21186
4,21217
3,23252
0,47
3,21357
3,6075
3,14056
4,13935
0,1916
3,4170
2,16153
3,11830
3,3813
3,3481
2,3710
0,11733
3,8167
0,567
4,18041
3,1584
4,1615
1,13636
3,7319
2,7088
2,24432
4,3590
2,11622
2,3601
4,8076
0,18150
3,476
4,1495
2,13727
3,1704
0,7208
4,7199
3,24523
0,23343
4,21246
0,14147
2,6164
0,1807
1,13824
1,16042
3,4061
2,3902
0,11921
1,13964
0,1947
4,14396
2,6024
4,14007
3,11861
0,3842
2,16293
3,4121
1,16102
3,16
3,23192
3,23203
0,21097
3,21306
1,12999
0,7348
3,24463
2,3741
2,11762
2,8136
3,18381
2,18010
3,536
0,1644
2,13667
3,817
0,6197
0,14225
4,6206
3,4092
3,16320
3,4303
0,9078
3,24942
3,23021
0,21124
2,12729
2,15149
3,24641
1,8085
3,8314
0,11540
3,3563
3,20248
0,13445
0,1466
3,714
0,485
1,18232
0,8254
2,11791
0,3423
3,11400
2,20308
1,20099
2,13694
3,1526
0,13505
3,654
0,18372
3,15009
2,15398
2,24490
0,24701
2,9138
2,23161
4,24802
0,21064
3,12669
0,957
0,6346
2,14365
0,13997
0,4243
4,16260
4,11892
0,9029
3,23070
1,24913
3,12778
3,21175
1,846
3,14274
2,6257
4,13886
3,16371
0,4352
0,11983
3,8345
0,11680
3,11511
4,3532
3,13785
0,13414
3,1437
2,20219
2,20188
4,18263
3,745
3,15118
2,15289
0,24581
3,24610
3,15058
0,24750
3,8194
4,8205
3,3472
2,11451
3,1577
1,13554
3,20359
2,18323
0,605
3,594
3,906
2,6086
3,6317
1,14334
0,4183
0,4212
0,16231
2,9169
3,24853
2,23130
3,12638
0,21035
0,2788
3,22
3,2419
3,23237
2,19348
0,21332
2,14033
2,6010
0,1973
4,13950
2,6381
0,990
1,16136
2,4115
3,3876
2,11855
0,4284
3,11756
0,3775
0,25838
2,8102
0,8293
1,18024
3,693
3,502
1,13653
2,1670
4,5279
0,24457
2,5339
0,24517
3,24686
0,3635
0,11616
3,11587
0,8042
4,18164
0,442
0,1730
2,13713
3,13482
0,13810
0,1833
4,6150
0,14173
1,11915
0,3936
4,4055
3,16076
0,2559
3,24985
0,23377
3,19199
0,19208
2,21272
0,1922
0,13901
3,14062
2,6041
2,3827
1,11804
4,16167
3,4144
4,24894
3,23266
0,2448
2,73
0,19088
4,19319
2,21363
1,24406
1,24797
1,5228
0,11707
2,3724
2,11496
0,8153
0,553
2,18075
2,13602
3,1621
4,13593
3,3664
2,11647
0,8013
4,8382
3,782
3,413
2,18135
3,1761
0,13742
3,24546
3,5368
3,23326
3,2699
0,2508
2,19259
4,21223
0,6101
0,14122
2,13841
4,1862
4,6290
3,881
4,4004
2,16027
4,11944
2,3967
3,4395
2,8231
0,11465
2,3446
4,22268
4,13560
0,1543
1,18317
0,18086
4,631
0,17169
0,2829
4,24764
3,80
1,10498
0,10709
3,23104
3,23295
2,24867
0,21001
0,21390
0,932
1,14300
4,6323
0,14091
1,16205
0,4226
0,16194
0,25799
3,25408
0,872
4,6263
2,14240
3,1891
0,4366
1,16345
3,3994
0,25548
4,10649
0,24927
4,23044
0,21141
4,2969
2,17029
3,24624
4,8371
3,3506
3,11525
3,3697
2,22328
3,1403
0,13420
0,1792
2,18257
3,771
0,24735
0,2878
3,17138
0,8260
4,22239
1,11434
3,3417
3,3786
0,13531
3,1512
0,1683
2,660
1,18346
0,963
0,14351
3,6372
0,1980
0,25459
4,16254
4,4277
3,3885
4,24836
3,23155
1,10758
0,21050
3,23015
0,23384
3,24976
1,10589
4,10618
0,21110
0,21281
0,823
2,6232
0,14211
3,14180
1,25688
0,25519
4,4337
4,16314
2,16085
0,8320
4,22379
0,3557
3,11574
3,1452
3,13471
0,720
3,18206
4,18197
0,24675
0,17078
0,2938
4,16095
3,16304
0,4327
0,25509
3,25698
0,14190
3,14201
0,6222
2,833
1,21291
0,21100
2,10608
2,10599
3,24966
0,23394
3,23005
0,2928
2,17068
0,24665
2,18187
1,18216
3,730
3,13461
1,1442
4,11564
0,3547
3,22369
0,8330
3,18356
3,670
3,1693
3,1502
0,13521
0,3796
3,3407
2,11424
4,22229
0,8270
3,17128
0,2868
2,24725
0,21040
0,10748
3,23145
1,24826
0,3895
2,4267
2,16244
0,25449
0,1990
3,6362
1,14341
3,973
0,21151
3,23054
3,24937
0,10659
0,25558
0,3984
2,16355
2,4376
3,1881
2,14250
4,6273
0,862
2,761
0,18247
0,1782
0,13430
0,1413
3,22338
2,3687
1,11535
4,3516
0,8361
0,24634
2,17039
2,2979
2,24774
0,2839
0,17179
1,621
4,18096
2,18307
0,1553
3,13570
3,22278
3,3456
3,11475
1,8221
0,25418
0,25789
1,16184
0,4236
4,16215
0,14081
0,6333
3,14310
2,922
0,21380
0,21011
4,24877
3,23285
3,23114
4,10719
0,10488
2,90
0,5378
0,24556
4,13752
2,1771
4,18125
0,403
0,792
1,8392
1,8003
3,11657
0,3674
4,4385
4,3977
0,11954
1,16037
1,4014
0,891
4,6280
3,1872
4,13851
0,14132
2,6111
0,21233
2,19249
0,2518
0,2689
0,23336
0,21373
1,19309
1,19098
2,63
3,2458
3,23276
4,24884
1,4154
3,16177
3,11814
3,3837
3,6051
0,14072
0,13911
0,1932
1,13583
3,1631
1,13612
1,18065
4,543
2,8143
3,11486
2,3734
4,11717
3,5238
3,24787
3,24416
0,13492
2,13703
0,1720
0,452
2,18174
0,8052
2,11597
3,11606
4,3625
0,24696
3,24507
0,5329
0,21262
3,19218
0,19189
3,23367
3,24995
0,2549
2,16066
0,4045
3,3926
0,11905
0,14163
4,6140
0,1823
3,13800
3,4294
4,11845
2,3866
3,4105
2,16126
0,980
2,6391
1,13940
0,1963
2,6000
3,14023
0,21322
2,19358
3,23227
3,2409
0,32
1,2798
0,24447
0,5269
0,1660
0,13643
0,512
2,683
0,18034
0,8283
2,8112
3,25828
0,3765
2,11746
0,584
3,615
1,18333
3,20349
4,13544
3,1567
4,11441
3,3462
3,8215
2,8184
0,24740
0,15048
1,21025
3,12628
3,23120
1,24843
2,9179
3,16221
0,4202
0,4193
4,14324
0,6307
4,6096
0,916
0,11993
1,4342
0,16361
2,13896
4,6247
0,14264
2,856
4,21165
2,12768
3,24903
3,23060
0,9039
0,24600
0,24591
1,15299
2,15108
3,755
0,18273
1,20198
0,20209
3,1427
3,13404
2,13795
3,3522
2,11501
0,11690
2,8355
0,24711
0,24480
4,15388
0,15019
3,18362
3,644
3,13515
0,1536
0,13684
0,20089
4,20318
1,11410
3,3433
3,11781
0,8244
4,11882
0,16270
1,4253
0,13987
3,14375
2,6356
3,947
3,12679
4,21074
1,24812
4,23171
3,9128
3,12739
3,21134
3,23031
3,24952
0,9068
3,4313
0,16330
3,4082
4,6216
2,14235
4,6187
0,807
2,18222
3,495
3,704
3,1476
0,13455
4,20258
1,3573
3,11550
0,8304
3,8095
3,24651
3,15159
3,21316
0,21087
3,23213
4,23182
1,16112
2,4131
0,16283
0,3852
3,11871
1,14017
3,6034
2,14386
0,1957
1,13974
1,13677
0,1654
0,526
1,18000
4,18391
2,8126
1,11772
3,3751
4,24473
0,7358
4,12989
0,24533
2,7189
3,7218
0,1714
1,13737
1,1485
0,466
4,18140
4,8066
3,3611
2,11632
3,3580
2,11931
2,3912
3,4071
3,16052
3,13834
0,1817
0,6174
3,14157
2,21256
0,23353
0,3803
4,11820
2,16143
3,4160
3,1906
3,13925
0,14046
2,6065
3,21347
0,57
4,23242
3,24422
2,7098
0,7309
1,13626
0,1605
3,1594
4,18051
2,577
3,8177
0,11723
0,3700
0,3491
3,1745
4,13766
3,18111
1,18280
3,437
3,8037
4,3640
3,11663
0,24562
0,7249
0,12898
2,21207
0,21196
3,23302
3,23093
3,4020
1,16003
0,16392
3,11960
0,3943
4,6125
0,14106
1,14297
0,13865
0,1846
1,9555
0,2322
0,10301
1,10090
3,21798
0,21409
1,12204
2,12195
0,19473
3,20866
1,14499
4,14708
2,25000
0,25391
3,22963
2,8639
0,22660
4,20765
4,13168
3,6828
3,239
0,7447
3,15464
1,5542
4,17561
0,15524
2,7507
2,7696
2,17421
4,5402
0,5793
3,9887
3,8779
0,22720
0,20625
1,6968
2,13028
0,379
2,20926
4,14648
0,22823
3,25140
2,9415
1,9784
2,10241
0,2262
1,5890
0,21549
2,12344
0,7995
3,19533
2,14759
4,20837
4,22932
3,25051
2,9504
2,9695
3,2373
2,10350
0,5981
3,12255
2,7884
0,21458
4,19422
2,7416
2,15435
3,7787
0,5513
2,17530
0,5682
0,9996
2,8668
1,22631
4,6879
1,13139
0,20734
4,268
1,8728
0,22771
3,13079
4,6939
3,20674
3,328
3,15575
1,7556
0,17470
2,5453
1,9444
4,10210
0,2233
2,10181
1,12315
3,12084
2,21689
3,21518
3,19562
2,14588
3,14619
3,20977
3,25111
0,25280
0,22872
0,22553
4,20456
0,1278
0,21839
4,7774
0,15757
2,19843
0,9965
0,5671
1,17652
4,2011
3,10032
0,17951
1,5972
0,2380
3,9666
2,19740
4,12137
0,15854
2,7877
2,6789
0,6418
0,8998
0,25333
0,20984
0,6558
3,22881
1,25273
0,5832
2,17811
0,10172
1,2151
4,9726
3,19600
4,19591
4,7937
2,15914
2,12077
3,21979
1,15617
2,7634
1,15586
2,19903
2,9825
0,17712
0,5731
4,17483
3,22413
3,22782
1,20516
1,20687
1,1338
1,7725
2,15706
2,15497
0,21868
1,19812
2,9934
2,5620
0,17603
2,17592
0,22502
0,22693
3,1229
3,20407
3,20796
2,6449
0,20895
0,22990
3,25362
3,17900
4,5923
4,2040
3,10063
3,9637
1,19711
4,19480
2,15805
1,7826
3,12166
0,10123
3,2100
0,5863
3,17840
0,2291
1,9777
3,19651
0,12026
2,7966
2,15945
2,6698
4,6509
0,8889
3,25222
3,22442
3,1369
3,20547
3,15646
1,7665
3,21928
2,19952
2,9874
4,17743
0,5760
1,7562
2,15541
3,5467
0,17444
3,24249
3,4808
3,11148
3,22745
1,20640
1,18939
2,20943
2,16728
3,22846
3,25125
1,9470
2,2196
3,2207
1,10224
3,23429
2,12321
1,19556
1,9530
3,10364
3,2347
1,17996
0,23569
4,12261
2,15893
3,19787
3,19416
1,18879
0,20803
2,16668
0,25065
3,22906
1,11008
0,11399
3,4948
3,22594
3,22605
2,20491
1,20700
2,19884
0,15790
2,15401
2,7422
0,17695
4,17504
0,5527
3,24309
0,24098
0,22485
2,22714
3,11119
3,11288
3,4859
0,20580
4,20611
0,19995
1,15681
1,7533
2,15510
0,24218
3,24189
0,17784
4,5436
1,17415
1,9421
3,23478
3,2256
0,10275
3,17887
0,12370
1,15982
1,19696
3,19507
2,18968
3,20912
2,25174
3,22817
1,16779
0,18828
3,20852
0,22957
3,25034
1,16639
1,9561
0,23538
0,2087
0,10335
3,2316
3,12230
4,19447
2,15450
3,7473
4,24358
3,17555
1,5576
3,22654
2,4919
0,11059
1,20751
3,4438
0,25187
2,25216
3,17874
3,5857
1,10286
0,2134
2,10117
4,9743
3,19665
2,15971
1,7952
2,12383
3,12012
2,7651
1,15672
2,19966
0,9840
0,5754
0,17777
2,23819
3,16889
0,3258
3,22476
2,18509
3,18698
0,20573
1,3318
2,3089
3,22536
3,18449
2,20433
0,7480
0,15732
2,7711
2,19826
2,9900
2,5585
1,17637
3,5614
3,23959
3,10057
0,2074
0,5917
0,17934
2,9592
1,9603
2,19725
4,12152
2,7812
3,15831
0,4578
3,25356
0,2165
1,10146
0,17825
0,5806
2,9483
2,9712
0,19634
4,12043
3,15920
0,7903
2,25247
0,4469
3,22427
3,3209
3,3198
2,18558
2,20522
2,7591
1,7600
2,15623
4,19937
4,9811
2,23848
3,5494
0,5705
1,17726
0,15763
3,7740
3,19877
0,9951
3,23908
4,17666
0,5645
0,22567
4,16998
0,3349
2,18418
3,18789
2,20462
0,25096
2,25307
0,4529
1,5946
1,17965
2,10397
0,10006
0,2025
2,9652
3,19774
1,7843
0,15860
2,12292
2,12103
3,23868
1,17706
0,5725
0,17497
1,9831
2,19917
0,15603
1,7620
2,15592
1,20502
3,20693
2,18578
3,22407
3,22796
0,3229
3,25267
0,22895
3,4449
0,20990
4,7923
1,15900
3,12063
3,19614
2,19585
4,9732
0,5826
0,17805
3,10166
3,2145
3,12123
2,15840
1,7863
1,19754
3,9672
0,2005
0,10026
0,2394
1,17945
1,5966
3,25327
0,4698
3,4509
3,20442
4,18438
0,22547
0,3369
0,23928
0,5665
1,17646
0,9971
1,19857
1,7760
3,15743
3,20553
1,18529
1,3278
4,22456
2,17757
3,5774
3,23839
2,9860
4,19946
3,15652
2,7671
3,12032
3,7972
1,15951
3,19645
1,9763
3,10137
3,2114
0,2285
0,5877
3,17854
4,4789
0,4418
3,25236
0,4558
3,25376
3,22984
3,20881
4,15811
2,7832
0,12172
1,19705
0,19494
2,9623
3,17914
1,5937
0,2054
2,10077
0,5634
3,17617
3,17586
0,23979
3,9920
0,19806
1,7731
0,15712
3,15483
3,20413
4,20782
0,18469
3,3338
0,22516
3,22687
0,22837
3,25154
2,16759
3,20932
3,18948
4,19527
4,7981
4,12350
0,23458
1,5884
4,10255
0,2276
1,9401
1,9790
3,9893
0,24238
4,17435
4,5416
0,5787
1,15530
2,7513
1,7682
3,20631
3,22734
0,4879
0,11139
0,20771
0,22674
0,11079
0,4939
0,24378
2,5556
2,17575
4,7453
0,15470
3,19467
3,12210
4,12181
3,23689
3,23518
0,2336
2,10315
3,10084
0,9541
0,25014
3,22977
3,25385
2,16588
0,16619
0,20872
0,18808
0,19576
0,12301
2,12090
3,10204
0,2227
1,10195
3,23798
0,23409
1,9450
4,16499
2,16708
0,25105
3,22866
3,25294
4,20963
1,18919
3,20660
0,11168
1,4828
3,22765
0,17464
2,5447
3,24269
0,15561
1,7542
0,9982
0,5507
0,17524
0,5696
3,24329
1,7402
1,15421
1,7793
2,20720
2,4968
2,11028
0,22625
2,16648
3,22926
0,25045
3,20823
1,18859
3,19436
2,7890
2,12241
4,5995
0,2367
4,10344
0,23549
2,9510
2,9681
4,12146
1,7806
3,15825
3,19731
2,9586
2,9617
0,10043
0,2060
0,5903
0,17920
0,25342
2,6469
3,1209
0,1198
3,20427
0,22522
3,5591
3,17623
0,5600
0,9914
2,19832
2,7494
4,15726
3,7705
3,21848
0,5740
4,17763
2,9854
3,19972
2,7645
2,15666
3,21908
0,1349
3,14998
2,20567
2,22462
4,25193
4,25202
3,6529
2,12397
0,15965
4,7946
3,12006
1,19671
4,9757
4,10292
0,17860
0,5843
0,2120
2,10103
3,25082
0,25313
2,6438
3,12286
1,7857
0,15874
2,12117
2,19760
2,9646
2,10383
4,5952
1,17971
0,10012
3,2031
0,17672
0,5651
0,9945
2,19863
2,21819
3,15777
1,7754
4,20476
0,1258
0,14889
0,22573
1,20536
0,1318
0,1089
0,22433
2,5480
0,5711
1,17732
4,9805
4,19923
0,21959
3,7585
1,7614
3,15637
3,12057
1,15934
4,7917
3,19620
4,9497
4,9706
0,2171
2,10152
3,17831
0,5812
3,25253
3,6578
0,248
2,13119
4,6859
1,13288
0,20485
1,20714
3,22580
3,22611
4,8648
1,17681
4,17510
0,5533
0,15784
2,15415
1,7436
3,19890
2,19793
2,19402
2,15887
4,12275
0,21478
2,17982
4,10370
3,2353
0,9524
4,25071
4,22912
2,14779
0,20817
3,22852
0,25131
4,14639
3,20957
2,19542
3,12335
4,21538
0,2182
0,2213
2,10230
1,9464
3,5473
1,17450
0,7576
2,15555
0,308
0,6919
4,13059
3,20654
0,22751
1,8708
0,8499
0,17541
0,5562
2,15444
2,7467
4,188
0,219
4,20745
4,6808
3,13148
3,22640
0,8619
1,8588
4,22943
3,25020
0,20846
0,14728
2,19453
3,21429
3,12224
3,2093
3,10321
0,2302
3,9575
4,19682
3,19513
3,21569
4,15996
4,12364
0,17893
0,2242
3,10261
1,9435
0,25160
3,22803
0,20906
3,14668
0,359
1,20594
1,20605
2,13008
2,6948
0,13399
0,22491
0,22700
2,8759
0,17790
0,5422
4,17401
0,15695
4,7527
3,15504
4,19981
3,11492
3,3720
0,11703
0,8157
2,18071
0,557
2,13597
0,1625
4,13606
0,7329
1,24793
1,24402
2,77
4,24890
3,23262
3,21367
2,6045
0,14066
0,13905
0,1926
0,4140
2,16163
0,11800
0,3823
3,1866
2,13845
1,6294
0,14126
0,6105
0,885
2,3963
2,11940
0,4391
1,16023
4,4000
3,23322
4,21227
0,7269
3,24542
1,11643
3,3660
0,8386
4,8017
3,18131
0,417
0,786
1,13746
3,1765
3,7378
1,24453
0,3771
3,11752
0,8297
4,8106
0,506
2,697
0,18020
3,1674
0,13657
0,13954
0,1977
2,6385
3,6014
0,14037
3,994
3,11851
3,3872
3,4280
2,4111
2,16132
3,23233
3,26
0,21336
3,24981
3,23373
4,21276
0,14177
2,6154
0,1837
2,13814
1,16072
4,4051
2,3932
0,11911
0,11583
1,11612
0,3631
0,8046
3,446
1,18160
4,13486
2,13717
0,1734
0,7238
0,24682
3,24513
3,9108
4,9299
4,23151
4,24832
3,12659
0,21054
0,967
0,6376
1,14355
0,1984
2,4273
4,16250
3,3881
0,8264
2,3782
2,3413
4,11430
3,1687
3,1516
2,13535
3,20338
1,18342
3,664
3,15039
0,24731
2,15179
4,24671
0,8324
0,11570
1,3553
0,13475
3,1456
0,20278
0,18193
2,18202
3,724
3,827
3,14184
0,14215
2,6236
0,16081
1,16310
3,4333
0,9048
3,23380
3,24972
0,23011
4,12719
1,12488
2,21285
0,21114
0,936
0,14095
0,6327
3,14304
1,16190
0,4222
4,16201
2,9159
2,23291
4,24863
3,23100
1,84
0,21394
0,21005
3,12608
2,12599
3,15068
3,24760
2,8235
2,3442
3,11461
0,20369
0,1547
4,13564
0,635
4,18082
4,18313
1,8375
3,3693
2,11521
3,3502
4,20229
0,1796
0,13424
0,1407
3,775
4,18253
2,15128
0,24620
0,9019
0,9388
3,23040
4,24923
3,21145
0,12748
0,876
0,14244
0,6267
3,1895
1,16341
3,4362
2,3990
3,13820
3,1803
4,6160
0,14143
0,11925
2,3906
3,4065
3,16046
4,23347
0,2569
2,19238
4,21242
0,24527
4,5098
3,5309
4,3605
0,11626
4,3594
3,8072
3,472
1,18154
0,1700
3,13723
3,1491
0,25808
3,11766
3,3745
2,8132
0,532
2,18014
3,18385
4,13663
3,1640
2,24467
4,10898
2,5249
2,23207
0,23196
0,2429
0,12
3,19378
3,21302
2,21093
0,14003
2,6020
0,1943
4,13960
4,14392
0,16106
2,4125
3,3846
3,11865
2,16297
0,2538
2,23316
3,23087
0,19269
3,21213
0,21182
2,6131
0,14112
2,13871
0,1852
1,14283
0,4034
1,16017
3,11974
4,3957
4,16386
3,3654
3,11677
0,8023
2,18105
4,18294
0,423
3,1751
2,13772
2,10989
3,5358
3,24576
0,5189
3,5218
3,24436
0,11737
2,3714
0,3485
0,25859
0,8163
1,18045
0,563
1,13632
0,1611
3,1580
3,1912
1,13931
0,14052
2,6071
3,3817
4,11834
0,16157
0,4174
0,43
3,2478
3,23256
1,19329
4,21353
0,24614
3,24585
1,17388
0,2959
0,17019
0,8341
0,22089
3,22318
0,3536
2,11515
0,11684
3,1433
0,13410
3,13781
0,741
1,18267
0,842
2,6253
1,14270
4,13882
3,25578
0,4356
4,16375
4,11987
2,24917
3,23074
0,10679
0,21171
4,23134
1,24857
2,10739
0,21031
3,902
0,14330
0,6313
4,6082
0,25438
2,16235
3,4216
0,4187
2,8201
0,8190
3,22258
2,11455
3,3476
1,13550
0,1573
2,590
4,601
3,18327
4,24754
3,17159
3,2819
0,8310
1,8081
3,3567
2,11544
0,22349
0,1462
0,13441
0,18236
0,481
3,710
0,17048
3,2908
3,24645
2,10628
3,23025
3,24946
0,21120
3,813
4,6202
0,14221
3,6193
0,4307
0,16324
3,4096
3,25529
0,953
2,14361
2,6342
4,13993
1,16264
0,4247
0,11896
0,25469
2,10768
1,24806
3,23165
0,21060
3,17299
0,2848
3,17108
4,24705
2,24494
0,8250
0,11404
3,3427
2,11795
4,22198
3,22209
0,13501
3,1522
1,13690
0,18376
4,650
3,21070
3,23175
3,24816
1,10778
0,25479
4,11886
1,4257
1,16274
0,13983
2,6352
1,14371
0,943
1,640
3,18366
1,13680
0,1532
2,13511
0,22219
2,22188
3,11785
2,3437
1,11414
0,8240
2,24484
4,24715
3,17118
0,2858
2,17289
0,24655
0,2918
3,17058
3,700
3,491
1,18226
0,13451
0,1472
3,22359
2,11554
3,3577
4,8091
0,8300
0,25539
3,4086
3,16334
0,4317
4,6183
0,14231
2,6212
3,803
0,21130
3,24956
3,23035
2,10638
3,4197
0,4206
0,16225
0,25428
2,6092
1,6303
1,14320
0,912
3,21021
1,10729
1,24847
3,23124
1,2809
4,17149
3,24744
0,18337
1,611
0,580
0,1563
0,13540
2,3466
1,11445
0,22248
2,8180
2,8211
4,18277
3,751
4,13791
0,13400
0,1423
0,11694
4,11505
4,3526
2,22308
3,22099
4,8351
2,17009
3,2949
4,17398
3,24595
0,24604
4,21161
1,10669
3,23064
3,24907
2,11997
1,16365
3,4346
2,25568
2,13892
0,14260
3,6243
4,852
3,1590
3,1601
0,13622
0,573
1,18055
2,8173
2,25849
0,3495
0,3704
3,11727
2,24426
3,5208
3,5199
0,21343
2,19339
3,23246
3,2468
0,53
0,4164
2,16147
4,11824
0,3807
4,6061
0,14042
0,13921
3,1902
0,16396
4,3947
0,11964
1,16007
2,4024
1,14293
0,1842
1,13861
0,14102
4,6121
0,21192
4,21203
3,19279
4,23097
3,23306
0,2528
0,24566
2,5348
0,10999
2,13762
4,1741
3,433
3,18284
4,18115
0,8033
0,11667
4,3644
4,5259
2,10888
1,24477
0,1650
2,13673
0,18395
3,18004
3,522
1,8122
0,3755
2,11776
0,25818
0,16287
0,11875
0,3856
0,4135
1,16116
2,14382
4,13970
0,1953
3,6030
4,14013
2,21083
2,21312
0,19368
2,2439
3,23186
4,23217
0,21252
3,19228
0,2579
3,23357
2,16056
3,4075
1,3916
2,11935
4,14153
0,6170
3,1813
3,13830
3,1481
2,13733
0,1710
1,18144
0,462
0,8062
0,3584
1,11636
3,3615
4,5319
0,5088
0,24537
0,24630
2,15138
2,18243
0,765
0,1417
0,13434
0,1786
3,20239
4,3512
0,11531
2,3683
0,8365
1,3980
2,4372
4,16351
3,1885
0,6277
3,14254
0,866
0,12758
0,21155
3,24933
3,23050
2,9398
0,9009
4,12589
3,12618
0,21015
0,21384
3,94
3,23110
0,24873
3,23281
2,9149
2,16211
3,4232
4,16180
4,14314
2,6337
0,14085
0,926
0,18303
1,18092
1,625
3,13574
3,1557
0,20379
2,11471
3,3452
4,8225
2,24770
2,15078
3,734
4,18212
3,18183
0,20268
3,1446
0,13465
0,3543
3,11560
0,8334
0,24661
1,15169
0,21104
3,21295
2,12498
4,12709
3,23001
3,24962
0,23390
0,9058
0,4323
2,16300
2,16091
2,6226
3,14205
0,14194
0,837
0,3891
4,16240
0,4263
0,1994
1,14345
0,6366
3,977
4,21044
3,12649
3,24822
3,23141
1,9289
4,9118
0,24721
3,15029
3,674
0,18352
4,20328
3,13525
3,1506
0,1697
3,11420
3,3403
0,3792
3,8274
3,11901
1,3922
2,4041
1,16062
0,13804
0,1827
4,6144
0,14167
1,21266
0,23363
0,24991
3,24503
3,24692
0,7228
0,1724
2,13707
2,13496
0,18170
0,456
2,8056
4,3621
4,11602
2,11593
1,13647
2,1664
1,18030
3,687
0,516
3,8116
0,8287
2,11742
0,3761
2,24443
0,7368
0,21326
0,36
3,23223
1,16122
3,4101
3,4290
3,3862
4,11841
3,984
2,14027
2,6004
0,6395
3,1967
0,13944
2,21237
3,23332
3,4010
3,16033
3,4381
4,11950
1,3973
3,895
3,6115
0,14136
4,6284
4,13855
3,1876
4,1775
2,13756
0,796
0,407
2,18121
0,8007
2,8396
3,3670
2,11653
3,24552
0,7279
2,24412
2,24783
3,7339
2,13616
0,1635
1,13587
4,547
1,18061
1,8147
4,11713
2,3730
1,11482
4,3833
4,11810
1,16173
0,4150
3,1936
0,13915
0,14076
4,6055
0,21377
3,23272
4,24880
2,67
0,14678
2,20916
3,22813
0,25170
1,9425
2,10271
0,2252
0,17883
3,12374
3,15986
3,21579
4,19503
1,19692
3,19991
2,15514
2,7537
4,15685
2,17411
0,5432
0,17780
1,8749
0,22710
0,22481
4,13389
2,6958
3,13018
3,20615
2,20584
3,349
4,8598
1,8609
3,22650
2,13158
4,6818
1,20755
4,209
0,198
0,7477
2,15454
1,5572
2,17551
1,9565
3,2312
2,10331
0,2083
2,12234
3,21439
3,19443
1,14738
3,20856
0,25030
3,22953
2,9474
1,10220
0,2203
3,2192
2,21528
2,12325
0,19552
4,20947
0,14629
3,25121
4,22842
4,8489
2,8718
0,22741
0,20644
0,13049
2,6909
0,318
1,15545
1,7566
0,17440
3,5463
1,19880
1,7426
2,15405
0,15794
0,5523
0,17500
0,17691
0,8658
0,22601
3,22590
1,20704
3,20495
2,13298
4,6849
4,13109
0,258
0,20807
4,14769
3,22902
3,25061
1,9534
0,2343
4,10360
2,17992
3,21468
4,12265
2,15897
0,19412
0,19783
2,15627
3,7604
0,7595
3,21949
2,19933
2,9815
1,17722
0,5701
0,5490
4,22423
1,1099
3,1308
2,20526
0,6568
3,25243
0,5802
0,17821
1,10142
4,2161
1,9716
4,9487
1,19630
0,7907
3,15924
3,12047
3,2021
0,10002
0,17961
1,5942
2,10393
0,9656
4,19770
3,12107
1,15864
2,7847
4,12296
3,6428
1,25303
3,25092
0,22563
3,14899
3,1248
2,20466
0,7744
0,15767
4,21809
2,19873
0,9955
0,5641
4,17662
3,22472
1,20577
4,14988
3,1359
3,21918
0,15676
2,7655
4,19962
4,9844
0,17773
0,5750
2,10113
1,2130
3,5853
3,17870
1,10282
0,9747
3,19661
3,12016
4,7956
3,15975
0,12387
3,6539
2,25212
3,25183
0,6479
0,25352
0,17930
0,5913
0,2070
3,10053
0,9607
2,9596
2,19721
3,15835
2,7816
4,12156
0,21858
1,7715
0,15736
1,7484
4,19822
2,9904
3,5610
1,17633
3,5581
0,22532
2,20437
4,1188
0,1219
3,22635
2,11038
2,4978
0,20730
0,7783
2,15431
2,7412
0,24339
0,5686
2,17534
0,5517
0,9992
2,9691
4,9500
3,23559
4,10354
0,2377
2,5985
3,12251
2,7880
2,19426
2,18849
3,20833
0,25055
0,22936
2,16658
1,18909
0,20973
4,25284
3,22876
0,25115
3,16718
3,16489
1,9440
0,23419
3,23788
2,10185
0,2237
1,10214
2,12080
1,12311
4,19566
3,7552
2,15571
0,24279
0,5457
3,17474
3,22775
2,4838
3,11178
3,20670
2,15460
2,7443
2,17565
1,5546
4,24368
3,4929
0,11069
3,22664
4,20761
2,18818
3,20862
0,16609
3,16598
0,25395
3,22967
0,25004
1,9551
1,10094
3,10305
0,2326
3,23508
3,23699
0,12191
1,12200
2,19477
3,9780
2,9411
0,2266
0,10245
2,5894
3,23448
2,12340
1,7991
0,19537
2,18958
3,20922
1,16749
3,25144
3,22827
0,11129
4,4869
0,22724
2,20621
1,7692
3,7503
4,15520
0,5797
2,5406
3,17425
3,24228
3,9883
1,10067
0,2044
1,5927
0,17904
3,9633
4,19484
4,19715
4,12162
1,7822
3,15801
3,20891
3,22994
3,25366
0,4548
0,22697
0,22506
3,3328
4,18479
2,20792
0,20403
2,15493
2,15702
1,7721
0,19816
3,9930
3,23969
0,17596
0,17607
2,5624
1,7661
2,15642
0,19956
2,9870
3,23829
0,5764
4,17747
3,22446
3,3268
0,18539
2,20543
2,25226
3,4408
4,4799
2,17844
3,5867
0,2295
0,2104
2,10127
1,9773
2,19655
3,15941
2,7962
4,12022
3,4519
3,4688
3,25337
4,5976
1,17955
3,2384
2,10036
0,2015
3,9662
3,19744
2,7873
2,15850
1,12133
2,15753
0,7770
2,19847
0,9961
2,17656
3,5675
3,23938
3,3379
3,22557
2,18428
0,20452
1,3239
0,22786
4,22417
3,18568
3,20683
2,20512
1,15582
1,7630
1,15613
2,19907
2,9821
3,17487
0,5735
4,17716
3,23878
3,2155
1,10176
2,17815
0,5836
1,9722
0,19595
3,19604
0,12073
2,15910
2,7933
0,20980
4,4459
3,22885
3,25277
0,4658
0,25076
4,22915
1,20810
3,19794
3,19405
4,12272
0,15880
4,2354
2,10377
2,17985
2,9523
2,17686
0,5534
0,17517
4,15783
1,7431
2,15412
2,19897
3,18769
3,20482
1,20713
3,3038
0,16978
0,22587
0,22616
0,18629
0,20653
0,16838
3,3178
0,22756
1,17457
0,5474
4,15552
1,7571
3,19545
1,12332
0,2185
2,10237
3,2214
1,9463
3,4718
2,4489
3,22855
2,25136
3,20950
2,19454
2,12223
3,2094
1,2305
0,10326
3,9572
4,22944
0,25027
0,4609
1,4598
2,20841
1,18738
0,20742
0,22647
2,16929
2,3069
4,5565
2,17546
4,7460
2,15443
3,17797
2,17406
4,5425
2,15692
2,15503
1,7520
3,19986
2,18678
1,20593
3,20602
0,22496
0,22707
4,3129
4,16869
3,25167
0,22804
4,4749
0,20901
0,19685
3,19514
2,12363
1,15991
2,10266
0,2245
0,17894
2,9432
2,5596
3,5607
3,17624
0,24029
1,9913
2,19835
2,7493
2,7702
1,15721
3,20420
0,11328
0,22525
0,16548
0,25345
4,12141
3,15822
0,7801
4,19736
2,9581
2,9610
0,2067
3,10044
3,17927
0,5904
3,23649
4,7941
1,15962
1,12390
1,12001
1,19676
2,9750
0,5844
3,17867
0,10295
2,10104
0,2127
0,23709
3,23498
0,16408
4,16799
0,25194
2,25205
1,18988
2,20560
3,11268
3,22465
3,17764
0,5747
2,24169
3,9853
4,19975
2,15661
2,7642
3,20471
3,22574
4,11379
0,24078
0,5656
0,17675
3,9942
2,19864
1,7753
3,15770
2,15873
2,7850
2,12281
3,12110
4,19767
2,9641
0,23618
0,23589
1,17976
2,5955
2,10384
3,2036
0,10015
0,25085
1,25314
2,16519
4,16688
1,18899
3,25254
0,16459
3,12050
0,7910
1,15933
1,19627
4,9490
0,9701
4,23758
2,10155
0,2176
0,5815
2,17836
3,24138
3,5487
1,17735
0,5716
4,9802
4,19924
2,7582
3,15630
1,7613
3,20531
0,22434
1,11239
4,20636
0,1389
0,14958
0,1018
3,22733
2,9894
0,5411
3,17432
3,5780
2,7514
3,15537
2,7685
3,19520
3,12357
4,7986
0,2271
0,10252
0,5883
1,9406
3,9797
2,8869
3,22830
0,25153
3,20935
2,6678
2,8929
0,25013
3,25382
3,22970
3,20875
0,6738
3,19460
1,12217
0,12186
3,10312
0,2331
3,10083
1,9546
3,17572
4,5551
3,21888
2,15477
1,7454
2,20776
0,1158
4,14818
3,22673
0,5440
0,17463
1,7545
1,15566
0,21999
0,1049
3,14909
0,20667
0,22762
2,8838
3,25102
0,25293
4,22861
0,6629
4,20964
4,19571
1,12306
4,12097
4,2220
3,10203
1,10192
3,9457
3,19431
2,12246
2,7897
1,10343
3,2360
4,5992
2,9517
2,9686
0,8978
3,22921
0,25042
0,6769
3,20824
0,1298
3,14849
0,1109
1,20727
0,22622
0,9985
4,17523
3,5500
3,5691
1,15426
1,7405
4,7794
0,21669
2,15907
1,7924
3,12064
0,19613
0,19582
3,9735
0,17802
0,5821
4,2142
4,10161
3,22892
1,25260
2,20997
0,14568
2,20505
0,20694
0,13099
2,13308
4,8459
4,22400
3,22791
0,5722
3,17701
0,17490
4,9836
4,19910
2,7627
3,15604
2,15595
1,17641
0,5662
0,9976
0,19850
0,15744
1,7767
3,20445
4,6899
2,13248
0,119
4,288
1,8688
4,8519
3,22540
3,25320
0,14428
0,21729
3,12124
0,7864
2,15847
1,19753
0,9675
4,10021
0,2002
0,5961
0,17942
3,2393
0,25231
1,14539
3,12035
1,15956
4,7975
0,21638
3,19642
1,9764
0,2113
2,10130
0,17853
3,5870
0,2282
0,5773
3,17750
2,9867
2,19941
1,7676
0,15655
0,6988
0,13359
0,20554
0,399
2,8799
1,8408
3,22451
2,13188
4,13219
3,20414
3,20785
2,148
3,8548
3,22511
3,22680
4,17610
3,5633
0,17581
0,9927
4,19801
1,15715
3,7736
3,15484
2,7835
2,15816
3,12175
3,21778
4,19702
0,19493
1,9624
4,5930
3,17913
2,10070
4,2053
3,22983
3,25371
3,14479
0,20886
2,24910
2,23073
0,21176
1,845
4,13885
3,14277
2,6254
0,11980
0,16372
3,4351
0,8346
3,11512
3,3531
0,11683
0,13417
3,1434
4,13786
3,746
0,18260
3,12878
3,7138
3,24613
0,24582
0,7078
3,12938
0,24753
1,8206
2,8197
3,3471
2,11452
0,1574
3,13557
2,597
0,606
1,18320
3,905
0,6314
1,14337
3,6085
0,4211
0,16232
0,4180
4,23133
2,24850
0,21036
3,814
0,14226
4,6205
3,6194
0,16323
0,4300
3,4091
3,23022
3,24941
0,21127
2,7169
0,12829
3,24642
0,8317
1,8086
2,11543
4,3560
0,13446
0,1465
1,18231
0,486
3,717
0,8257
3,3420
2,11403
2,11792
2,1525
3,13506
2,13697
0,18371
2,657
3,12969
2,7029
3,24702
2,24493
1,24801
2,23162
0,21067
0,954
4,13994
3,6345
2,14366
4,11891
0,4240
1,16263
4,11621
2,3602
0,3593
0,8075
3,475
1,18153
3,20129
0,13724
3,1707
3,1496
0,15228
0,24520
0,23340
0,9088
1,9319
0,21245
0,12448
0,1804
3,13827
0,14144
2,6167
2,3901
4,11922
0,16041
3,4062
3,6027
0,14004
1,14395
1,13967
0,1944
0,4122
1,16101
3,16290
3,11862
3,3841
3,23200
3,23191
3,15
2,9259
2,21305
2,21094
3,12699
4,12508
4,15368
2,24460
2,3742
2,11761
2,8135
3,535
2,18013
4,18382
4,20069
3,1647
1,13664
2,15279
0,24571
4,11670
3,3653
4,8024
2,18102
4,18293
0,424
3,13775
1,1756
1,20178
4,14115
3,6136
1,14284
0,1855
0,13876
1,16010
0,4033
0,16381
1,3950
3,11973
4,23311
2,23080
1,9348
4,12788
3,12419
0,21214
0,21185
0,44
3,23251
0,9199
4,9208
3,12559
4,21354
4,13936
3,1915
3,6076
3,14055
4,11833
0,3810
0,4173
2,16150
2,3713
4,11730
3,3482
3,8164
1,18042
0,564
3,1616
1,13635
3,1587
0,20038
2,15339
2,24431
0,5118
2,10858
3,5289
0,24736
0,8263
0,3785
0,11437
2,3414
0,1680
0,13532
3,1511
0,18345
3,663
0,960
3,1983
1,14352
0,6371
3,3886
1,16257
0,4274
4,2778
3,23156
4,24835
0,21053
0,19029
4,2638
3,24975
0,23387
3,23016
0,21282
0,21113
0,19169
3,820
3,14183
3,6231
4,14212
2,16086
0,4334
0,16317
0,8323
1,3554
2,11577
0,1451
3,13472
0,18194
0,18205
3,723
1,10918
0,5058
0,24676
2,8232
0,11466
2,3445
4,13563
3,1540
4,632
2,18085
3,18314
1,24767
0,10809
0,5149
0,24864
3,23296
3,23107
3,2729
4,83
0,21393
0,21002
1,19078
0,931
0,14092
0,14303
1,6320
0,16197
0,16206
0,4225
0,871
3,1892
0,6260
3,14243
3,3997
0,4365
3,16346
0,23047
4,24924
1,2669
4,21142
1,19138
0,24627
1,5009
3,10949
4,5398
1,8372
3,3694
0,3505
3,11526
0,1791
3,1400
0,13423
3,772
0,18254
3,14061
3,6042
0,1921
3,13902
2,16164
0,4147
0,3824
0,11807
0,25769
2,10468
3,70
3,23265
4,24897
3,21360
2,17208
2,17199
1,24794
4,24405
2,11495
3,11704
2,3727
2,22109
4,22298
4,8150
2,18076
0,550
1,13590
2,13601
3,1622
3,3667
1,11644
0,22049
0,8381
4,8010
2,18136
3,410
0,781
0,1762
0,13741
1,17348
0,2999
0,24545
2,10528
3,23325
0,21220
0,6293
2,13842
0,1861
0,6102
0,14121
0,882
0,4396
4,11947
2,3964
0,4007
3,16024
0,25629
3,23234
3,10439
2,21
0,21331
2,6382
0,1970
4,13953
3,14030
3,6013
3,993
0,25738
4,4287
3,3875
3,11856
2,16135
2,4116
3,22158
0,11755
3,3776
0,8290
2,8101
3,501
3,690
1,18027
1,13650
0,1673
3,24454
3,17259
1,2888
3,24685
3,24514
0,17319
0,17088
3,22018
3,22389
2,11584
0,3636
0,11615
0,8041
3,441
1,18167
3,13481
3,1733
0,13710
2,6153
0,14170
2,13813
4,1830
4,25678
3,4056
0,16075
1,11916
3,3935
0,23374
4,24986
2,10579
3,21271
3,13700
1,1723
4,13491
2,18177
0,451
0,8051
2,11605
1,3626
2,11594
4,22399
0,22008
3,17098
2,17309
3,24504
0,24695
3,21261
2,10569
3,24996
0,23364
3,3925
0,11906
2,16065
4,4046
2,25668
0,1820
0,13803
0,14160
4,6143
2,4106
2,16125
4,11846
0,3865
3,4297
1,25728
0,983
2,6003
3,14020
4,13943
0,1960
2,6392
0,21321
3,31
2,10429
3,23224
0,2898
2,17249
2,24444
3,1663
3,13640
3,18037
3,680
3,511
2,8111
0,8280
0,3766
2,11745
3,22148
0,24555
0,2989
1,17358
2,13751
4,1772
0,791
0,400
4,18126
0,8000
1,8391
3,22059
2,11654
4,3677
0,25639
3,16034
1,4017
1,3974
0,11957
3,4386
3,892
0,14131
2,6112
3,1871
1,13852
3,6283
4,21230
0,23335
0,10538
0,21370
4,24887
3,23275
3,60
0,10478
0,25779
4,11817
3,3834
0,4157
1,16174
0,13912
0,1931
4,6052
0,14071
3,1632
1,13611
1,13580
0,540
4,18066
2,8140
3,22288
0,22119
3,3737
4,11714
1,11485
2,24415
3,24784
3,17189
2,17218
3,19128
4,21152
1,2679
3,24934
3,23057
2,16356
2,4375
3,3987
4,14253
0,6270
0,1882
0,861
2,18244
3,762
0,13433
3,1410
4,1781
1,11536
4,3515
2,3684
0,8362
4,5388
1,10959
0,5019
0,24637
0,5159
4,10819
3,24777
0,18304
4,18095
4,622
0,1550
3,13573
3,3455
3,11476
4,8222
0,4235
2,16216
1,16187
0,6330
2,14313
0,14082
2,921
2,19068
0,21012
0,21383
0,93
3,2739
3,23117
0,23286
0,24874
0,16307
0,4324
0,16096
3,14202
0,6221
0,14193
3,830
3,19179
0,21103
4,21292
4,23006
0,23397
3,24965
3,2628
0,24666
3,5048
2,10908
4,733
1,18215
3,18184
3,13462
0,1441
1,11567
0,3544
0,8333
0,673
0,18355
3,1501
0,13522
2,1690
0,3404
3,11427
0,3795
3,8273
2,24726
4,5299
0,10848
0,5108
2,19039
4,21043
1,24825
3,23146
3,2768
2,4264
2,16247
4,3896
3,6361
1,14342
0,1993
3,970
2,16140
2,4163
0,3800
4,11823
0,14045
2,6066
0,1905
0,13926
3,21344
2,12549
3,9218
3,9189
4,23241
2,54
2,24421
3,15329
3,20028
0,1597
4,13625
0,1606
2,574
1,18052
2,8174
3,3492
4,11720
0,3703
1,20168
3,1746
4,13765
3,434
0,18283
2,18112
0,8034
4,3643
3,11660
0,24561
0,15269
0,21195
0,21204
2,12409
4,12798
4,9358
3,23090
3,23301
3,11963
2,3940
0,16391
2,4023
1,16000
3,13866
0,1845
1,14294
2,6126
4,14105
3,12518
4,12689
3,21084
2,21315
2,9249
0,23181
3,23210
0,3851
3,11872
3,16280
1,16111
0,4132
0,1954
1,13977
2,14385
0,14014
2,6037
2,13674
0,1657
3,20079
4,18392
3,18003
3,525
1,8125
1,11771
3,3752
2,24470
2,15378
0,24530
3,15238
0,1486
3,1717
1,13734
1,20139
4,18143
0,465
3,8065
0,3583
0,3612
2,11631
3,4072
2,16051
2,11932
3,3911
0,6177
0,14154
2,13837
1,1814
3,12458
4,21255
3,9309
0,9098
0,23350
2,24483
0,24712
2,7039
2,12979
3,647
3,18361
0,13687
2,13516
3,1535
3,11782
1,11413
3,3430
0,8247
4,16273
1,4250
4,11881
0,14376
0,6355
3,13984
0,944
2,21077
0,23172
1,24811
3,21137
3,24951
3,23032
3,4081
4,4310
0,16333
4,6184
2,6215
2,14236
0,804
3,707
3,496
2,18221
3,1475
0,13456
1,3570
3,11553
2,8096
3,8307
2,24652
1,12839
3,7179
2,18330
0,616
4,587
1,13547
3,1564
0,11442
3,3461
3,8187
2,8216
4,24743
0,12928
1,7068
0,21026
1,24840
3,23123
0,4190
4,16222
0,4201
4,6095
1,14327
4,6304
0,915
1,4341
3,16362
0,11990
4,6244
3,14267
2,13895
4,855
4,21166
0,23063
0,24900
0,24592
0,24603
0,7128
3,12868
1,18270
3,756
0,13796
0,1424
0,13407
0,11693
3,3521
3,11502
3,8356
2,15494
1,7726
2,15705
4,19811
4,9937
2,17591
2,5623
3,17600
0,22690
0,22501
2,8558
0,158
0,20795
3,20404
4,13209
2,13198
0,20896
3,14469
3,25361
3,22993
0,2043
3,10060
3,17903
4,5920
0,9634
4,19483
1,19712
3,21768
3,12165
3,15806
1,7825
3,2292
2,5860
2,17843
2,10120
3,2103
4,9774
4,19652
3,21628
2,7965
2,15946
0,12025
0,14529
4,25221
3,22441
1,8418
0,8789
3,389
2,20544
0,13349
2,6998
3,15645
1,7666
2,19951
2,9877
4,17740
0,5763
0,22550
1,8509
1,8698
0,298
3,109
3,13258
2,6889
4,20455
4,7777
0,15754
4,19840
0,9966
0,5672
1,17651
0,2383
0,17952
1,5971
0,2012
0,10031
3,9665
2,19743
3,15857
2,7874
2,12134
3,21739
0,14438
3,25330
1,14578
4,20987
3,25270
3,22882
0,10171
0,2152
0,5831
2,17812
4,9725
4,19592
3,19603
2,12074
2,7934
2,15917
2,21679
1,15585
1,15614
4,7637
2,19900
1,9826
3,17480
4,17711
0,5732
3,22781
3,22410
2,8449
2,13318
3,13089
3,20684
1,20515
3,20834
4,6779
0,25052
4,22931
0,8968
2,9696
2,9507
4,5982
0,2370
4,10353
2,7887
3,12256
0,19421
0,7784
2,7415
2,15436
0,5681
0,5510
2,17533
0,9995
3,22632
2,20737
0,1119
0,14859
3,1288
2,22772
3,20677
3,14919
3,1059
0,21989
2,15576
1,7555
0,17473
3,5450
1,9447
2,10182
4,10213
0,2230
2,12087
1,12316
3,19561
0,20974
3,6639
4,22871
0,25283
3,25112
2,8828
1,9556
1,10093
3,2321
3,10302
2,12196
3,12207
0,19470
3,6728
2,20865
3,22960
0,25392
0,25003
2,8939
2,22663
4,14808
0,1148
1,20766
2,7444
4,15467
3,21898
2,5541
4,17562
2,7695
1,15527
3,7504
0,5790
2,17422
4,5401
3,9884
0,22723
0,1008
0,14948
0,1399
0,20626
2,6668
2,20925
2,25143
4,22820
1,8879
0,9787
2,9416
2,5893
2,10242
0,2261
3,7996
2,12347
4,19530
3,17826
0,5805
0,2166
0,10145
3,23748
2,9711
2,9480
3,19637
3,15923
3,7900
0,12040
3,16449
3,25244
1,11229
0,22424
2,20521
2,7603
2,15620
2,7592
2,19934
1,9812
0,5706
1,17725
2,5497
0,24128
2,15760
3,7743
2,19874
0,9952
1,17665
0,5646
0,24068
4,11369
3,22564
2,20461
1,18889
2,16698
2,16509
1,25304
3,25095
0,10005
3,2026
2,10394
1,5945
1,17966
0,23599
0,23608
2,9651
3,19777
2,12100
2,12291
1,7840
1,15863
2,18998
2,25215
0,25184
1,16789
0,16418
0,23488
2,23719
0,2137
2,10114
1,10285
3,17877
0,5854
4,9740
1,19666
3,12011
3,12380
2,15972
1,7951
2,7652
1,15671
4,19965
4,9843
0,24179
0,5757
3,17774
3,22475
3,11278
2,20570
0,22535
4,11338
0,20430
2,15731
2,7712
1,7483
2,19825
2,9903
0,24039
1,17634
2,5617
2,5586
3,23659
3,5914
0,17937
3,10054
0,2077
2,9600
2,9591
2,19726
2,7811
0,15832
0,12151
3,25355
0,16558
0,16879
2,3139
0,22717
0,22486
0,20612
2,20583
4,18668
3,19996
0,7530
2,15513
3,15682
4,5435
1,17416
0,17787
1,9422
0,17884
0,2255
3,10276
1,15981
2,12373
4,19504
1,19695
3,20911
3,4759
3,22814
0,25177
0,20851
1,4588
0,4619
3,25037
3,22954
1,9562
0,10336
2,2315
0,2084
2,12233
4,19444
2,15453
2,7470
3,17556
1,5575
2,3079
2,16939
3,22657
1,20752
0,18728
1,7561
3,15542
3,5464
3,17447
3,22746
3,3168
0,16828
3,20643
3,18639
3,20940
3,25126
3,22845
1,4499
3,4708
2,9473
0,2204
2,10227
3,2195
2,12322
1,19555
1,9533
1,17995
3,10367
0,2344
2,15890
0,12262
3,19415
0,19784
3,20800
3,22905
0,25066
0,4648
0,22606
2,22597
4,16968
4,3028
1,20703
0,20492
3,18779
3,19887
2,15402
2,7421
0,15793
2,17507
0,5524
0,17696
0,19575
2,12093
0,12302
2,10196
1,10207
0,2224
2,9453
0,25297
3,22865
0,25106
4,4728
4,20960
3,18619
2,18588
3,20663
0,22766
1,16808
4,3148
4,23898
0,17467
0,5444
3,15562
1,7541
0,9981
0,5695
0,5504
2,17527
1,7790
1,7401
1,15422
3,18759
2,20723
0,22626
3,3008
3,3399
4,16948
3,25046
3,22925
0,4668
3,20820
0,19435
2,12242
2,7893
0,2364
2,10347
4,5996
0,9682
2,9513
4,4779
3,25157
3,22834
2,20931
0,19524
0,12353
2,7982
0,10256
3,2275
4,5887
3,9793
1,9402
3,9890
0,5784
3,17436
4,5415
1,7681
1,15533
2,7510
2,18648
3,20632
4,3119
3,3288
1,16859
0,22737
3,18708
0,18499
2,20772
4,16919
2,3059
0,22677
2,5555
2,17576
0,23989
1,7450
1,15473
2,19464
4,12182
3,12213
3,10087
0,2335
2,10316
1,9542
0,4639
0,25386
4,22974
3,25017
0,20871
2,20550
4,22455
3,4889
1,11258
0,24159
2,17754
3,5777
2,9863
4,19945
2,15651
2,7672
2,7971
1,15952
3,12031
3,19646
1,9760
4,23739
0,5874
0,17857
0,2286
2,10134
0,2117
0,25235
4,16438
0,22987
3,25375
4,16578
0,20882
0,12171
0,15812
2,7831
2,19497
1,19706
2,9620
4,23679
3,2057
2,10074
3,17917
1,5934
3,24019
1,24388
0,17585
0,5637
3,17614
3,9923
4,19805
2,15480
1,7732
0,15711
0,20781
3,20410
3,22684
0,22515
0,11318
0,11089
2,17494
0,17705
0,5726
0,24108
0,24299
1,9832
2,19914
2,15591
2,15600
2,7623
1,20690
1,20501
2,11209
0,11198
2,22795
3,22404
0,16469
4,22896
1,25264
3,20993
3,12060
0,7920
1,15903
3,19586
3,19617
4,9731
1,10165
0,2146
0,5825
2,17806
3,23768
2,15843
1,7860
2,12120
0,19757
2,9671
4,17946
4,5965
0,2397
0,2006
3,10025
0,23628
3,16529
3,25324
3,20441
1,4998
0,11349
3,22544
0,5666
1,17645
0,24048
0,9972
1,19854
3,7763
0,15740
4,17542
4,5561
3,15447
1,7464
0,1168
2,14828
4,20746
3,22643
3,8919
0,25023
4,22940
2,6499
3,6708
2,20845
4,19450
2,12227
2,10322
0,2301
0,2090
2,9576
3,19510
4,19681
3,12367
4,15995
0,2241
3,10262
0,17890
1,9436
1,8859
3,22800
0,25163
2,6648
0,20905
0,14968
0,1028
1,20606
3,20597
3,22703
0,22492
0,5421
1,17402
0,17793
1,7524
3,15507
2,15696
0,19982
1,20717
0,20486
3,14879
0,1139
3,22612
0,22583
0,17513
4,5530
1,17682
2,15416
1,7435
0,15787
1,19893
3,19401
3,19790
2,12276
2,15884
2,10373
0,2350
2,17981
1,9527
3,8948
3,22911
3,25072
0,20814
3,6759
2,8808
4,25132
4,22851
4,20954
0,6588
0,6619
2,19541
3,12336
0,2210
2,10233
0,2181
1,9467
3,5470
1,17453
2,7575
2,15556
0,20657
0,1079
3,14939
0,22752
2,25310
0,25081
2,14789
2,14418
3,12114
1,7854
4,15877
2,12285
4,21488
2,21719
1,19763
2,9645
0,10011
0,2032
0,5951
1,17972
2,10380
4,17671
0,5652
0,9946
1,19860
3,15774
2,7757
4,13278
4,20475
2,129
3,8529
0,22570
3,13338
1,20535
4,8469
3,22430
0,5712
1,17731
2,5483
4,9806
3,19920
1,7617
2,15634
2,7586
2,15937
0,7914
2,12054
4,21659
0,19623
4,9705
4,9494
2,17832
0,5811
0,2172
2,10151
3,25250
1,14558
0,21748
1,7805
3,15826
4,12145
3,19732
2,9614
2,9585
0,5900
0,17923
2,10040
0,2063
0,25341
1,14449
3,20424
0,13229
4,178
2,8578
0,22521
3,17620
3,5603
3,5592
3,9917
2,19831
2,15725
0,7706
2,7497
0,5743
2,17760
2,9857
3,19971
2,7646
2,15665
2,20564
0,13369
1,8438
3,22461
0,25201
4,25190
1,14698
0,14509
0,21599
0,21608
2,12005
2,15966
4,7945
4,12394
4,19672
2,9754
0,2123
2,10100
3,17863
0,5840
1,10291
3,935
1,6324
2,14307
0,14096
0,4221
4,16202
1,16193
3,87
3,23103
1,24860
2,23292
0,21006
0,21397
0,7048
0,12908
4,24763
2,8236
2,3441
3,11462
0,1544
3,13567
0,18310
0,18081
3,636
4,8376
2,11522
0,3501
2,3690
0,13427
0,1404
0,1795
4,18250
3,776
1,12848
0,7299
2,7108
0,24623
3,24920
4,23043
0,21146
0,875
3,1896
0,14247
0,6264
3,3993
1,16342
2,4361
1,24831
0,23152
0,21057
0,964
3,1987
0,6375
1,14356
3,3882
2,4270
4,16253
0,8267
3,3410
4,11433
3,3781
3,1515
0,13536
0,1684
3,667
4,18341
2,12959
0,7388
2,7019
0,24732
3,7159
3,12819
3,24672
0,8327
0,11573
1,3550
0,13476
3,1455
3,727
2,18201
4,18190
3,824
0,14216
2,6235
3,14187
1,16313
1,4330
0,16082
3,23012
0,24971
3,23383
0,21117
2,21286
0,15358
3,24450
0,3772
3,11751
4,8105
0,8294
0,18023
3,694
2,505
3,1677
1,13654
2,20059
4,6017
3,14034
2,6386
0,13957
0,1974
0,997
2,4112
2,16131
0,4283
4,11852
3,3871
0,25
3,23230
1,9269
1,12538
3,21335
3,23370
3,24982
1,9329
0,12478
2,21275
0,1834
0,13817
0,14174
4,6157
2,3931
0,11912
2,16071
4,4052
0,11611
4,3632
2,11580
0,8045
4,18163
0,445
2,13714
0,1737
2,13485
1,20288
2,20119
4,15189
3,15218
2,24510
0,24681
2,3723
0,11700
3,11491
0,8154
0,554
2,18072
3,20399
3,20008
0,1626
3,13605
3,13594
2,15098
0,15309
0,24401
4,24790
3,23261
3,24893
2,74
1,9238
3,21364
2,12569
0,13906
0,1925
3,6046
0,14065
4,11803
3,3820
3,4143
2,16160
0,14125
2,6106
0,6297
3,1865
3,13846
3,886
4,16020
4,4003
0,4392
2,3960
3,11943
3,23321
4,9378
4,21224
0,12429
3,15249
3,24541
1,11640
3,3663
3,8014
4,8385
3,785
3,414
2,18132
1,20148
3,13745
3,1766
1,8082
3,8313
3,3564
3,11547
3,1461
0,13442
0,713
0,482
4,18235
3,24646
2,10928
1,5068
3,24945
3,23026
0,2608
3,2599
0,21123
2,19159
3,810
4,6190
4,6201
0,14222
3,4095
2,4304
0,16327
0,950
0,13990
3,14362
2,6341
4,11895
2,16267
0,4244
3,23166
4,24805
3,2748
0,21063
0,19019
2,19388
2,24497
0,24706
0,5128
2,10868
0,8253
3,11796
1,11407
0,3424
2,13693
3,13502
0,1521
3,653
0,18375
3,5039
3,10979
3,24586
0,24617
3,8342
0,11687
1,3535
2,11516
3,13782
0,1430
0,13413
1,18264
3,742
3,841
4,13881
2,6250
4,14273
0,11984
4,4355
4,16376
2,2659
2,23077
1,24914
0,21172
3,19108
0,19299
0,2719
0,2488
0,24854
2,23137
0,21032
3,19048
0,901
4,6081
4,14333
3,6310
3,4184
3,16236
3,4215
3,8193
2,8202
2,11456
0,3475
1,13553
3,1570
2,18324
0,602
3,593
2,10839
0,5179
3,24757
3,23084
3,23315
4,10518
3,10689
0,21181
2,21210
1,14280
2,13872
3,1851
2,6132
4,14111
0,25619
3,25588
0,16385
0,11977
4,3954
2,4037
1,16014
0,22079
2,3657
0,11674
1,8020
0,420
4,18297
0,18106
2,1752
2,13771
3,24575
1,17378
3,24435
2,17238
0,22139
0,3486
4,11734
2,3717
0,8160
0,560
1,18046
3,1583
1,13631
2,1612
0,14051
2,6072
0,1911
4,13932
0,25759
2,16154
0,4177
3,3814
4,11837
2,23255
0,10458
0,40
3,21350
4,6163
0,14140
3,13823
3,1800
3,4066
4,16045
2,11926
2,3905
0,25648
0,10549
4,23344
4,21241
1,17329
3,24524
2,3597
0,3606
2,11625
3,22028
0,8071
1,18157
0,471
4,1492
0,1703
0,13720
0,11765
2,3746
3,22168
2,8131
3,18386
0,18017
0,531
1,13660
0,1643
2,17269
3,24464
2,10409
3,11
2,10798
4,23195
3,23204
2,21090
0,21301
4,14391
3,1940
4,13963
0,14000
2,6023
2,16294
3,3845
3,11866
1,16105
2,4126
1,25708
3,25499
1,24474
0,17279
3,1653
2,13670
3,521
2,18007
0,18396
2,8121
4,22178
3,3756
2,11775
0,25489
0,25718
4,4136
1,16115
0,11876
3,3855
0,16284
3,6033
4,14010
1,13973
0,1950
3,14381
3,21311
2,21080
3,23214
4,23185
1,10788
1,10419
0,21251
0,23354
2,10559
0,25658
1,3915
2,11936
2,16055
3,4076
3,1810
3,13833
0,14150
4,6173
0,13730
2,1713
3,1482
0,461
4,18147
0,8061
0,22038
3,11635
2,3616
1,3587
0,24534
4,17339
3,1602
2,13621
3,1593
1,18056
2,570
3,8170
2,3707
3,11724
0,3496
0,22129
3,17228
2,24425
3,21340
0,50
2,10448
3,23245
4,11827
0,3804
0,4167
2,16144
3,25749
0,13922
0,1901
4,6062
0,14041
1,16004
2,4027
3,3944
3,11967
0,16395
0,25598
1,25609
4,14101
4,6122
3,1841
4,13862
0,14290
3,21200
0,21191
2,10699
0,10508
3,23305
3,23094
0,17368
0,24565
2,13761
4,1742
0,18116
3,18287
0,430
0,8030
3,11664
4,3647
3,22069
0,4205
1,16226
0,4194
0,6300
0,14323
2,6091
2,911
3,19058
0,21022
3,23127
1,24844
3,2498
0,2709
3,24747
0,5169
4,10829
4,583
2,612
1,18334
3,1560
1,13543
0,3465
1,11446
2,8212
2,8183
3,752
1,18274
3,13403
4,1420
1,13792
4,11506
4,3525
3,11697
0,8352
0,24607
0,24596
2,10969
3,5029
3,19289
4,19118
4,21162
4,24904
3,23067
1,2649
4,16366
3,4345
0,11994
0,14263
2,6240
2,13891
0,851
0,19398
2,19009
4,21073
3,2758
3,24815
3,23176
1,4254
2,16277
0,11885
2,6351
0,14372
1,13980
0,940
3,18365
3,643
3,1531
2,13512
0,13683
2,3434
2,11417
3,11786
3,8243
3,10878
0,5138
2,24716
2,24487
1,5078
3,10938
0,24656
1,18225
3,492
3,703
0,13452
0,1471
3,11557
1,3574
0,8303
0,8092
0,16337
3,4314
3,4085
0,14232
2,6211
3,6180
2,800
4,19149
3,21133
0,2589
0,2618
3,23036
3,24955
3,12439
3,21234
4,9368
3,23331
4,11953
2,3970
0,4382
3,4013
2,16030
2,896
1,13856
0,1875
0,6287
3,6116
0,14135
0,1776
3,13755
0,20158
3,18122
0,404
3,795
1,8395
0,8004
0,3673
2,11650
0,24551
4,15259
3,24780
0,24411
1,15319
2,15088
1,13584
1,13615
1,1636
0,20018
4,20389
0,18062
4,544
2,8144
1,11481
0,11710
3,3733
1,16170
4,4153
3,3830
4,11813
0,14075
4,6056
0,1935
0,13916
4,12579
0,21374
2,9228
2,64
0,24883
3,23271
2,4042
1,16061
2,11902
1,3921
4,6147
0,14164
0,13807
0,1824
4,21265
1,12468
2,9339
0,24992
0,23360
0,24691
3,24500
3,15208
2,15199
4,20109
0,20298
2,13495
0,1727
2,13704
0,455
2,18173
0,8055
0,11590
4,3622
4,11601
1,20049
4,13644
0,1667
4,515
3,684
2,18033
0,8284
2,8115
2,11741
0,3762
2,24440
3,15348
0,21325
4,12528
2,9279
0,23220
3,35
4,3861
4,11842
0,4293
1,16121
3,4102
0,987
0,1964
0,13947
3,6396
3,14024
2,6007
0,18180
4,18211
0,8
3,737
3,1445
0,13466
4,3540
1,11563
0,8337
0,24662
0,12809
3,7149
0,21296
0,21107
0,23393
3,24961
3,23002
2,16092
0,4320
0,16303
3,14197
2,6225
3,14206
3,834
2,16243
0,4260
2,3892
1,14346
4,6365
3,1997
0,974
0,21047
3,23142
3,24821
0,24722
4,7009
3,7398
2,12949
1,18351
0,677
2,1694
0,13526
3,1505
0,3791
3,11423
3,3400
3,8277
3,24633
2,7118
0,7289
3,12858
0,766
2,18240
0,1785
0,1414
0,13437
2,3680
4,3511
3,11532
2,8366
2,4371
0,16352
1,3983
4,6274
3,14257
2,1886
0,865
0,21156
3,23053
3,24930
0,21387
0,21016
2,23282
0,24870
3,23113
1,97
1,16183
2,16212
3,4231
0,14086
1,14317
0,6334
2,925
0,626
0,18091
3,18300
0,13577
3,1554
2,11472
3,3451
1,8226
2,24773
3,12918
2,7058
3,22471
1,8428
3,13379
1,20574
4,15675
2,7656
4,19961
4,9847
3,17770
0,5753
1,10281
0,5850
0,17873
2,10110
2,2133
0,9744
3,19662
2,12384
1,7955
3,15976
3,12015
0,21618
0,21589
1,14519
3,14688
3,25180
2,25211
0,14459
0,25351
0,2073
3,10050
3,17933
3,5910
2,9595
3,9604
2,19722
4,12155
0,15836
2,7815
2,21758
1,7487
1,7716
0,15735
1,19821
2,9907
3,5582
3,5613
1,17630
3,22531
3,8568
0,168
3,13239
3,20434
1,7596
2,15624
2,7607
2,19930
2,9816
4,5493
1,17721
0,5702
3,22420
4,8479
2,20525
0,13328
2,14548
3,25240
1,10141
0,2162
0,5801
3,17822
2,9484
2,9715
4,19633
4,21649
0,12044
0,7904
0,15927
2,10390
0,17962
1,5941
0,2022
0,10001
1,9655
0,19773
4,21709
0,21498
4,12295
4,15867
2,7844
3,12104
3,14408
1,14799
2,25091
0,25300
0,22560
4,8539
2,139
3,20465
0,13268
0,7747
3,15764
2,19870
0,9956
3,5642
4,17661
1,9477
3,2191
1,10223
0,2200
2,12326
4,19551
0,6609
0,6598
2,20944
0,22841
3,25122
3,8818
3,22742
0,14929
3,1069
3,20647
1,15546
1,7565
0,17443
3,5460
2,19883
3,15797
3,7425
0,15406
0,17692
3,5520
3,17503
0,22593
0,22602
0,1129
2,14869
3,20496
1,20707
4,6749
0,20804
3,25062
3,22901
0,8958
1,9537
2,17991
0,2340
3,10363
2,15894
1,12266
3,19780
4,19411
3,20915
2,6658
0,25173
3,22810
2,8849
1,9426
3,17880
2,10272
0,2251
0,15985
3,12377
1,19691
3,19500
3,19992
0,15686
0,15517
4,7534
0,17783
1,17412
4,5431
0,22482
0,22713
2,20587
2,20616
3,1038
0,14978
3,22653
0,20756
0,14838
0,1178
4,7474
2,15457
4,5571
3,17552
1,9566
0,2080
3,2311
2,10332
2,12237
0,19440
2,20855
3,6718
0,6489
3,22950
0,25033
2,8909
0,25334
2,16539
4,23638
2,10035
0,2016
0,2387
0,5975
1,17956
3,9661
1,19747
0,12130
2,7870
0,15853
0,15750
3,7773
2,19844
0,9962
0,24058
3,17655
3,5676
3,22554
4,11359
2,4988
4,20451
0,22414
3,22785
2,11188
4,11219
2,20511
3,20680
1,7633
3,15610
1,15581
2,19904
2,9822
3,24289
0,24118
0,5736
0,17715
0,17484
3,23778
2,17816
0,5835
0,2156
0,10175
1,9721
3,19607
0,19596
2,15913
2,7930
0,12070
0,20983
0,25274
2,22886
0,16479
4,5924
0,17907
0,10064
3,2047
3,23669
0,9630
1,19716
4,19487
0,7821
2,15802
4,12161
3,20892
0,16568
3,25365
3,22997
0,11099
3,11308
3,22505
3,22694
3,20400
2,20791
2,15701
1,7722
2,15490
2,19815
3,9933
3,17604
3,5627
3,17595
4,24398
3,24009
1,7662
2,15641
3,19955
0,9873
0,5767
0,17744
3,24149
1,11248
2,4899
3,22445
0,20540
0,16428
2,25225
3,2107
3,10124
3,2296
1,17847
0,5864
3,23729
4,9770
3,19656
3,12021
2,15942
2,7961
0,15463
2,7440
0,23999
2,17566
1,5545
0,22667
0,3049
2,16909
1,20762
2,18489
2,18718
3,20861
0,25007
3,22964
0,25396
0,4629
1,9552
3,10306
3,2325
3,10097
1,12203
3,12192
3,19474
2,9412
4,9783
0,5897
3,2265
0,10246
1,7992
3,12343
2,19534
3,20921
3,22824
0,25147
4,4769
0,22727
2,16849
4,3298
3,3109
4,20622
2,18658
3,7500
4,15523
1,7691
2,5405
0,17426
0,5794
2,9880
3,16958
3,3389
0,3018
3,22636
0,20733
1,18749
2,15432
2,7411
4,7780
0,17537
0,5514
0,5685
0,9991
2,9503
2,9692
0,5986
4,10357
0,2374
2,7883
2,12252
4,19425
1,20830
3,4678
0,22935
4,25056
4,20970
0,4738
3,25116
3,22875
1,25287
1,9443
0,2234
1,10217
2,10186
4,12312
2,12083
4,19565
1,7551
2,15572
0,5454
3,17477
0,23888
1,3158
1,16818
3,22776
3,20673
1,18598
2,18609
0,5445
0,17466
0,23899
1,7540
0,15563
3,20662
3,18589
3,18618
4,3149
4,16809
4,22767
3,4729
3,25107
3,22864
0,25296
4,20961
0,12303
2,12092
3,19574
2,9452
0,2225
1,10206
2,10197
2,7892
2,12243
4,19434
2,9512
4,9683
4,5997
2,10346
0,2365
0,4669
3,22924
0,25047
0,20821
2,20722
3,18758
4,16949
3,3398
3,3009
0,22627
3,17526
3,5505
0,5694
0,9980
1,15423
0,7400
1,7791
3,20633
2,18649
3,22736
4,16858
3,3289
4,3118
4,5414
3,17437
3,5785
3,9891
2,7511
1,15532
1,7680
4,7983
4,12352
0,19525
1,9403
0,9792
1,5886
0,2274
0,10257
3,22835
0,25156
0,4778
3,20930
3,25016
3,22975
0,25387
0,4638
0,20870
3,12212
1,12183
2,19465
0,9543
2,10317
0,2334
3,10086
0,23988
2,17577
1,5554
1,15472
1,7451
2,20773
2,18498
2,18709
0,22676
2,3058
4,16918
1,16439
0,25234
1,19647
3,12030
1,15953
2,7970
0,2116
2,10135
0,2287
0,17856
0,5875
4,23738
1,9761
2,9862
3,5776
2,17755
3,24158
2,7673
2,15650
3,19944
2,20551
1,11259
3,4888
4,22454
3,20411
0,20780
3,11088
0,11319
0,22514
3,22685
3,9922
3,17615
0,5636
3,17584
1,24389
3,24018
1,15710
1,7733
2,15481
0,19804
4,19707
3,19496
2,7830
0,15813
3,12170
1,5935
3,17916
2,10075
3,2056
3,23678
2,9621
4,16579
3,25374
0,22986
4,20883
3,19616
2,19587
1,15902
1,7921
3,12061
3,23769
3,17807
0,5824
3,2147
3,10164
1,9730
1,25265
4,22897
0,16468
0,20992
2,20500
1,20691
3,22405
2,22794
0,11199
2,11208
4,9833
0,24298
0,24109
0,5727
2,17704
3,17495
2,7622
0,15601
2,15590
2,19915
0,9973
3,24049
1,17644
0,5667
0,15741
1,7762
1,19855
3,20440
0,22545
3,11348
1,4999
3,25325
3,16528
1,19756
2,12121
1,7861
2,15842
0,23629
3,10024
2,2007
0,2396
0,5964
4,17947
2,9670
0,12226
1,19451
2,9577
0,2091
0,2300
2,10323
4,22941
0,25022
3,8918
3,20844
2,6709
3,6498
0,20747
0,14829
0,1169
3,22642
0,5560
4,17543
3,7465
2,15446
3,17792
1,17403
0,5420
4,19983
3,15697
3,15506
1,7525
3,20596
1,20607
3,1029
0,14969
3,22493
0,22702
0,25162
3,22801
1,8858
0,20904
3,6649
3,15994
4,12366
4,19680
3,19511
1,9437
0,17891
2,10263
0,2240
3,25073
3,22910
0,8949
0,6758
0,20815
2,15885
2,12277
3,19791
3,19400
1,9526
2,17980
0,2351
4,10372
3,17683
4,5531
3,17512
1,19892
0,15786
4,7434
2,15417
4,1138
2,14878
0,20487
1,20716
0,22582
3,22613
3,14938
4,1078
3,20656
0,22753
1,17452
3,5471
2,15557
1,7574
3,12337
0,19540
1,9466
0,2180
2,10232
3,2211
4,22850
0,25133
3,8809
0,6618
0,6589
2,20955
2,128
4,20474
1,13279
0,22571
0,8528
3,9947
3,5653
4,17670
0,7756
3,15775
4,19861
1,19762
3,21718
4,21489
2,12284
1,15876
1,7855
3,12115
2,10381
1,17973
1,5950
3,2033
0,10010
2,9644
0,25080
2,25311
2,14419
2,14788
3,25251
1,14559
0,19622
4,21658
2,12055
4,7915
1,15936
1,10150
0,2173
0,5810
3,17833
4,9495
4,9704
4,9807
2,5482
1,17730
0,5713
2,7587
2,15635
1,7616
0,19921
4,20534
3,13339
0,22431
4,8468
3,9916
0,5593
3,5602
3,17621
2,7496
2,7707
2,15724
2,19830
4,179
2,13228
3,20425
0,22520
2,8579
0,25340
3,14448
2,19733
0,12144
3,15827
1,7804
3,21749
0,2062
3,10041
0,17922
0,5901
2,9584
3,9615
1,19673
3,12395
4,7944
2,15967
0,12004
0,21609
0,21598
4,10290
0,5841
3,17862
2,10101
3,2122
2,9755
0,25191
2,25200
2,14508
4,14699
0,13368
2,20565
3,22460
2,8439
2,9856
3,17761
0,5742
2,15664
2,7647
3,19970
3,11463
2,3440
2,8237
0,637
4,18080
2,18311
4,13566
0,1545
0,12909
0,7049
2,24762
3,23293
1,24861
3,23102
3,86
3,21396
4,21007
0,14097
3,14306
4,6325
3,934
3,16192
1,16203
0,4220
4,6265
0,14246
0,1897
0,874
2,4360
1,16343
3,3992
3,23042
3,24921
4,21147
2,7109
0,7298
1,12849
0,24622
2,3691
3,3500
3,11523
4,8377
0,777
4,18251
0,1794
3,1405
3,13426
2,7018
0,7389
3,12958
3,24733
3,3780
4,11432
3,3411
0,8266
0,18340
2,666
4,1685
0,13537
3,1514
1,14357
0,6374
3,1986
0,965
3,16252
2,4271
3,3883
0,23153
1,24830
0,21056
3,23382
3,24970
3,23013
3,21287
0,21116
3,14186
2,6234
0,14217
0,825
0,16083
1,4331
4,16312
1,3551
0,11572
0,8326
4,18191
2,18200
0,726
3,1454
0,13477
3,12818
3,7158
3,24673
1,9268
3,23231
3,24
3,21334
1,12539
0,996
0,1975
4,13956
2,6387
3,14035
0,6016
0,3870
3,11853
3,4282
2,16130
2,4113
0,8295
3,8104
3,11750
0,3773
2,20058
1,13655
3,1676
0,504
2,695
0,18022
0,15359
1,24451
0,15219
2,15188
0,24680
3,24511
0,8044
2,11581
0,3633
0,11610
1,20118
1,20289
2,13484
0,1736
2,13715
0,444
1,18162
3,6156
0,14175
0,13816
3,1835
4,4053
3,16070
3,11913
2,3930
4,9328
3,24983
0,23371
2,21274
4,12479
0,14064
2,6047
3,1924
0,13907
2,16161
2,4142
3,3821
4,11802
1,9239
2,75
3,24892
3,23260
3,12568
3,21365
3,15308
2,15099
0,24791
0,24400
4,8155
3,11490
0,11701
3,3722
2,13595
0,13604
4,1627
3,20009
1,20398
2,18073
0,555
0,8384
0,8015
3,3662
1,11641
0,1767
3,13744
4,20149
2,18133
3,415
0,784
3,15248
3,24540
2,9379
3,23320
0,12428
4,21225
3,887
0,13847
0,1864
1,6296
2,6107
0,14124
2,11942
3,3961
3,4393
4,4002
1,16021
0,14223
0,6200
4,6191
3,811
1,16326
2,4305
3,4094
3,2598
3,2609
3,23027
3,24944
2,19158
0,21122
1,5069
3,10929
3,24647
3,11546
0,3565
0,8312
1,8083
1,18234
4,483
0,712
0,13443
0,1460
0,3425
1,11406
3,11797
0,8252
0,18374
3,652
0,1520
0,13503
3,13692
2,10869
0,5129
0,24707
4,24496
0,2749
0,24804
3,23167
3,19389
3,19018
0,21062
2,6340
2,14363
0,13991
3,951
0,4245
1,16266
4,11894
2,24915
3,23076
2,2658
4,19298
3,19109
3,21173
0,14272
2,6251
0,13880
3,840
4,16377
0,4354
4,11985
2,11517
4,3534
0,11686
3,8343
3,743
4,18265
0,13412
3,1431
3,13783
0,24616
0,24587
3,10978
0,5038
3,24756
0,5178
0,10838
3,3474
2,11457
3,8203
3,8192
2,592
0,603
3,18325
0,1571
1,13552
0,6311
3,14332
0,6080
0,900
0,4214
2,16237
3,4185
4,23136
4,24855
4,2489
0,2718
0,19049
0,21033
2,17379
0,24574
4,8021
0,11675
2,3656
3,22078
2,13770
3,1753
2,18107
4,18296
0,421
0,14110
2,6133
3,1850
3,13873
1,14281
1,16015
2,4036
1,3955
3,11976
4,16384
0,25589
2,25618
0,10688
4,10519
0,23314
3,23085
2,21211
0,21180
0,41
3,10459
3,23254
0,21351
0,13933
3,1910
2,6073
0,14050
4,11836
3,3815
0,4176
1,16155
0,25758
0,8161
2,3716
0,11735
3,3487
0,22138
0,1613
4,13630
4,1582
1,18047
0,561
2,17239
3,24434
0,8070
3,22029
2,11624
0,3607
2,3596
0,13721
0,1702
0,1493
0,470
1,18156
3,24525
1,17328
4,23345
0,10548
4,21240
0,1801
4,13822
0,14141
4,6162
4,25649
2,3904
3,11927
0,16044
3,4067
2,6022
0,14001
0,13962
3,1941
4,14390
0,25498
4,25709
2,4127
1,16104
3,11867
0,3844
3,16295
3,23205
4,23194
3,10799
0,10
2,10408
0,21300
2,21091
2,24465
2,17268
2,8130
2,22169
2,3747
4,11764
3,1642
4,13661
0,530
3,18016
4,18387
2,21081
2,21310
4,10418
1,10789
4,23184
3,23215
0,16285
0,3854
4,11877
1,16114
4,4137
0,25719
0,25488
3,14380
0,1951
1,13972
4,14011
0,6032
0,18397
3,18006
3,520
2,13671
4,1652
0,11774
3,3757
4,22179
2,8120
0,17278
1,24475
1,17338
0,24535
2,18146
0,460
2,1483
4,1712
2,13731
4,3586
3,3617
2,11634
0,22039
4,8060
3,4077
3,16054
2,11937
1,3914
0,25659
4,6172
0,14151
0,13832
0,1811
0,21250
2,10558
0,23355
3,25748
2,16145
3,4166
0,3805
4,11826
3,14040
2,6063
3,1900
0,13923
2,21341
3,23244
2,10449
2,51
2,24424
1,17229
2,571
1,18057
4,1592
3,13620
3,1603
0,22128
0,3497
3,11725
3,3706
2,8171
0,431
0,18286
0,18117
0,1743
2,13760
3,22068
4,3646
3,11665
0,8031
0,24564
1,17369
0,21190
0,21201
3,23095
2,23304
1,10509
2,10698
4,25608
0,25599
0,16394
3,11966
4,3945
2,4026
4,16005
3,14291
0,13863
0,1840
4,6123
0,14100
1,13542
3,1561
4,18335
2,613
0,582
2,8182
2,8213
1,11447
3,3464
4,10828
0,5168
3,24746
0,21023
3,19059
0,2708
0,2499
1,24845
3,23126
0,4195
0,16227
0,4204
2,910
2,6090
0,14322
3,6301
3,11995
0,4344
1,16367
4,850
4,13890
2,6241
0,14262
0,21163
4,19119
3,19288
1,2648
3,23066
4,24905
3,5028
1,10968
0,24597
0,24606
4,13793
0,1421
3,13402
4,18275
3,753
0,8353
0,11696
0,3524
4,11507
2,24486
0,24717
0,5139
4,10879
4,13682
0,13513
0,1530
4,642
3,18364
0,8242
3,11787
2,11416
2,3435
0,11884
4,16276
4,4255
0,941
1,13981
0,14373
2,6350
4,21072
3,19008
3,19399
2,23177
1,24814
3,2759
0,21132
4,19148
3,24954
2,23037
3,2619
0,2588
3,4084
0,4315
3,16336
0,801
3,6181
2,6210
2,14233
3,1470
0,13453
4,702
0,493
3,18224
0,8093
0,8302
1,3575
3,11556
0,24657
2,10939
4,5079
3,24550
1,15258
0,794
0,405
4,18123
4,20159
2,13754
3,1777
2,11651
3,3672
4,8005
1,8394
2,16031
2,4012
0,4383
2,3971
4,11952
0,14134
2,6117
0,6286
0,1874
1,13857
0,897
2,21235
3,12438
3,23330
4,9369
0,21375
3,12578
3,23270
0,24882
2,65
3,9229
4,11812
0,3831
1,4152
1,16171
0,13917
0,1934
0,6057
4,14074
4,545
1,18063
4,20388
0,20019
3,1637
1,13614
1,13585
2,3732
0,11711
1,11480
2,8145
1,24410
0,24781
2,15089
0,15318
4,18172
0,454
2,13705
3,1726
3,13494
1,20299
1,20108
4,11600
0,3623
2,11591
3,8054
3,24501
4,24690
3,15198
2,15209
1,12469
4,21264
3,23361
2,24993
2,9338
1,3920
3,11903
1,16060
3,4043
0,1825
0,13806
0,14165
4,6146
3,4103
1,16120
0,4292
4,11843
0,3860
2,6006
3,14025
0,6397
1,13946
3,1965
0,986
0,12529
0,21324
0,34
3,23221
2,9278
2,24441
0,15349
2,18032
3,685
0,514
0,1666
4,13645
4,20048
0,3763
0,11740
2,8114
0,8285
2,16302
0,4321
3,16093
0,835
3,14207
2,6224
2,14196
0,21106
3,21297
3,23003
3,24960
0,23392
0,24663
3,7148
0,12808
0,13467
3,1444
0,736
2,9
4,18210
1,18181
0,8336
2,11562
4,3541
0,1504
0,13527
3,1695
2,676
4,18350
0,8276
3,3401
2,11422
0,3790
0,24723
0,12948
2,7399
4,7008
0,21046
3,24820
3,23143
2,3893
0,4261
2,16242
0,975
0,1996
1,6364
1,14347
0,21157
3,24931
3,23052
1,3982
4,16353
3,4370
0,864
0,1887
3,14256
4,6275
0,13436
0,1415
3,1784
2,18241
0,767
2,8367
4,11533
1,3510
3,3681
0,24632
2,12859
0,7288
2,7119
2,24772
3,7059
3,12919
0,1555
3,13576
1,18301
1,18090
1,627
1,8227
3,3450
2,11473
0,4230
1,16213
1,16182
2,924
0,6335
1,14316
0,14087
0,21017
3,21386
0,96
3,23112
4,24871
3,23283
3,14689
4,14518
2,25210
0,25181
1,9745
4,2132
2,10111
3,17872
0,5851
4,10280
3,21588
0,21619
0,12014
2,15977
1,7954
2,12385
0,19663
0,19960
1,7657
1,15674
0,5752
3,17771
4,9846
1,8429
3,22470
1,20575
3,13378
0,8569
0,22530
3,20435
2,13238
0,169
1,19820
3,15734
1,7717
1,7486
1,17631
3,5612
2,5583
3,9906
0,9605
2,9594
0,5911
0,17932
0,10051
0,2072
3,21759
2,7814
0,15837
0,12154
2,19723
0,14458
0,25350
0,9714
2,9485
3,17823
0,5800
3,2163
1,10140
0,15926
0,7905
0,12045
0,21648
1,19632
4,14549
3,25241
4,8478
3,22421
0,13329
2,20524
2,19931
2,7606
2,15625
1,7597
0,5703
4,17720
0,5492
2,9817
2,19871
0,15765
3,7746
3,17660
0,5643
0,9957
1,8538
0,22561
3,13269
2,20464
2,138
4,14798
0,14409
0,25301
3,25090
1,9654
3,10000
3,2023
1,5940
0,17963
2,10391
3,12105
2,7845
1,15866
4,12294
0,21499
1,21708
4,19772
1,7564
4,15547
3,5461
3,17442
3,22743
0,20646
3,1068
0,14928
0,20945
0,6599
0,6608
3,8819
3,25123
4,22840
0,2201
1,10222
0,2190
1,9476
0,19550
2,12327
4,10362
3,2341
2,17990
1,9536
4,19410
0,19781
1,12267
2,15895
0,20805
3,6748
0,8959
3,22900
3,25063
4,22603
0,22592
1,20706
3,20497
3,14868
0,1128
0,15407
0,7424
0,15796
2,19882
3,17502
0,5521
3,17693
0,22712
0,22483
0,14979
0,1039
2,20617
2,20586
2,7535
3,15516
3,15687
3,19993
4,5430
1,17413
0,17782
3,2250
2,10273
0,17881
1,9427
4,19501
1,19690
2,12376
3,15984
2,6659
2,20914
2,8848
3,22811
4,25172
0,6488
0,6719
2,20854
0,8908
0,25032
3,22951
2,10333
0,2310
0,2081
3,9567
0,19441
2,12236
2,15456
1,7475
3,17553
4,5570
3,22652
0,1179
4,14839
0,20757
0,4989
4,11358
3,22555
1,20450
2,19845
1,7772
0,15751
2,5677
2,17654
0,24059
0,9963
3,9660
1,17957
1,5974
3,2386
4,2017
2,10034
0,23639
0,15852
2,7871
4,12131
0,19746
2,16538
0,25335
0,20982
3,16478
3,22887
4,25275
1,9720
0,10174
0,2157
0,5834
2,17817
3,23779
3,12071
2,7931
2,15912
0,19597
0,19606
2,19905
1,15580
2,15611
1,7632
2,17485
4,17714
0,5737
0,24119
3,24288
2,9823
4,11218
2,11189
3,22784
4,22415
1,20681
2,20510
3,19814
2,15491
1,7723
0,15700
3,24008
0,24399
3,17594
3,5626
1,17605
3,9932
0,22695
3,22504
0,11309
4,11098
3,20790
0,20401
3,20893
2,22996
3,25364
0,16569
0,9631
3,23668
0,2046
3,10065
0,17906
4,5925
4,12160
2,15803
4,7820
4,19486
2,19717
1,9771
0,23728
0,5865
2,17846
0,2297
0,10125
0,2106
2,7960
2,15943
0,12020
3,19657
4,25224
0,16429
3,22444
2,4898
1,11249
3,20541
2,19954
2,15640
1,7663
4,24148
0,17745
0,5766
2,9872
3,10096
4,2324
3,10307
1,9553
3,19475
3,12193
1,12202
2,20860
0,4628
0,25397
3,22965
0,25006
3,16908
0,3048
0,22666
3,18719
3,18488
1,20763
2,7441
2,15462
1,5544
2,17567
3,23998
4,7690
0,15522
1,7501
3,9881
0,5795
3,17427
4,5404
3,3108
4,3299
0,16848
3,22726
2,18659
2,20623
2,20920
0,4768
3,25146
3,22825
0,10247
0,2264
3,5896
4,9782
2,9413
0,19535
3,12342
4,7993
1,20831
0,25057
3,22934
3,4679
0,2375
4,10356
3,5987
2,9693
2,9502
4,19424
2,12253
2,7882
0,7781
2,7410
2,15433
0,9990
0,5684
0,5515
0,17536
3,22637
3,3019
3,3388
3,16959
1,18748
3,20732
3,22777
4,16819
1,3159
2,18608
1,18599
0,20672
3,15573
1,7550
0,23889
0,17476
0,5455
2,10187
1,10216
0,2235
1,9442
4,19564
2,12082
1,12313
4,20971
1,25286
3,22874
0,25117
0,4739
1,20712
3,20483
3,18768
4,22617
0,22586
0,16979
2,3039
0,17516
2,5535
3,17687
2,19896
2,15413
1,7430
0,15782
0,15881
1,12273
2,19404
2,19795
2,9522
2,17984
2,10376
0,2355
4,22914
0,25077
0,4659
1,20811
3,25137
3,22854
2,4488
0,4719
0,20951
2,12333
4,19544
1,9462
3,2215
2,10236
0,2184
0,5475
1,17456
1,7570
1,15553
3,20652
0,18628
0,22757
2,3179
0,16839
2,17547
0,5564
2,15442
1,7461
4,20743
1,18739
0,3068
2,16928
0,22646
1,4599
0,4608
0,25026
3,22945
2,20840
2,12222
2,19455
0,9573
0,10327
0,2304
3,2095
4,15990
2,12362
0,19515
1,19684
0,9433
0,17895
3,2244
2,10267
0,4748
4,22805
3,25166
0,20900
3,20603
1,20592
2,18679
0,16868
0,3128
0,22706
0,22497
0,5424
2,17407
3,17796
3,19987
4,7521
2,15502
1,15693
3,19737
4,7800
3,15823
3,12140
2,23648
3,5905
2,17926
0,10045
0,2066
2,9611
2,9580
0,25344
4,16549
2,20421
0,22524
0,11329
1,9912
0,24028
3,17625
3,5606
4,5597
4,15720
2,7703
2,7492
2,19834
2,9852
3,24168
0,5746
3,17765
2,7643
2,15660
0,19974
2,20561
3,22464
0,11269
4,25204
2,25195
0,16798
0,16409
0,18989
0,19677
1,12000
1,12391
0,15963
4,7940
3,23499
4,23708
0,2126
2,10105
0,10294
0,17866
0,5845
2,9751
0,16689
2,16518
1,25315
0,25084
0,18898
1,19766
3,12111
2,12280
2,7851
3,15872
0,10014
3,2037
2,10385
3,5954
0,17977
0,23588
0,23619
2,9640
0,9943
1,17674
0,5657
0,24079
0,15771
1,7752
2,19865
3,20470
4,11378
3,22575
2,20530
1,11238
4,22435
4,9803
0,5717
1,17734
3,5486
2,24139
1,7612
4,15631
2,7583
1,19925
0,19626
1,15932
0,7911
3,12051
2,17837
0,5814
0,2177
2,10154
4,23759
0,9700
4,9491
4,16458
3,25255
0,25152
3,22831
2,8868
2,6679
3,20934
1,7987
3,12356
0,19521
3,9796
1,9407
1,5882
0,10253
0,2270
3,5781
0,17433
0,5410
2,9895
2,7684
1,15536
4,7515
0,1019
0,14959
0,1388
0,20637
3,22732
0,14819
0,1159
3,20777
3,22672
1,5550
1,17573
1,7455
2,15476
3,21889
0,12187
1,12216
2,19461
1,9547
3,10082
0,2330
0,10313
3,22971
3,25383
0,25012
3,8928
0,6739
3,20874
4,12096
1,12307
0,19570
4,9456
3,10193
3,10202
0,2221
4,22860
0,25292
3,25103
2,8839
4,20965
0,6628
0,20666
3,14908
3,1048
0,22763
0,17462
0,5441
3,21998
4,15567
1,7544
0,5690
2,5501
4,17522
0,9984
4,7795
1,7404
1,15427
0,20726
0,1108
3,14848
0,1299
3,22623
0,25043
3,22920
0,8979
3,20825
0,6768
2,7896
3,12247
3,19430
2,9687
2,9516
4,5993
4,2361
4,10342
0,9837
3,17491
3,17700
0,5723
2,15594
3,15605
2,7626
4,19911
2,13309
2,13098
3,20695
1,20504
4,22790
3,22401
4,8458
0,25261
3,22893
1,14569
2,20996
4,19583
0,19612
0,12065
1,7925
1,15906
4,21668
2,10160
0,2143
0,5820
0,17803
1,9734
4,19752
2,15846
2,7865
3,12125
4,21728
3,2392
4,17943
4,5960
0,2003
3,10020
3,9674
3,25321
3,14429
1,289
4,118
2,13249
4,6898
3,20444
0,22541
4,8518
1,8689
0,9977
0,5663
1,17640
1,7766
3,15745
1,19851
0,398
4,20555
0,13358
0,6989
3,22450
1,8409
2,8798
2,9866
2,17751
0,5772
0,15654
0,7677
2,19940
2,19643
3,21639
1,7974
1,15957
3,12034
0,2283
0,5871
3,17852
2,10131
0,2112
0,9765
1,25230
1,14538
3,25370
3,22982
0,20887
1,14478
0,19492
4,19703
3,21779
3,12174
2,15817
2,7834
4,2052
2,10071
3,17912
4,5931
2,9625
0,9926
4,17580
3,5632
4,17611
2,15485
2,7737
1,15714
4,19800
2,149
4,20784
2,20415
4,13218
1,13189
3,22681
3,22510
2,8549
0,7139
2,12879
0,24583
0,24612
0,11682
3,3530
3,11513
3,8347
3,18261
3,747
1,13787
0,1435
0,13416
2,6255
0,14276
4,13884
3,844
3,4350
4,16373
3,11981
3,23072
0,24911
0,21177
2,24851
0,23132
0,21037
4,6084
1,14336
0,6315
3,904
0,4181
3,16233
0,4210
2,11453
2,3470
2,8196
1,8207
1,18321
4,607
2,596
1,13556
0,1575
3,12939
0,7079
3,24752
2,3561
3,11542
0,8087
0,8316
3,716
3,487
1,18230
0,1464
3,13447
0,12828
2,7168
3,24643
3,24940
0,23023
0,21126
0,6195
4,6204
0,14227
3,815
3,4090
0,4301
0,16322
2,14367
3,6344
4,13995
0,955
1,16262
3,4241
4,11890
2,23163
1,24800
4,21066
3,7028
3,12968
2,24492
0,24703
2,11793
0,11402
3,3421
0,8256
3,656
4,18370
2,13696
2,13507
3,1524
2,6166
0,14145
2,13826
0,1805
3,4063
4,16040
1,11923
2,3900
1,9318
3,9089
3,23341
4,12449
4,21244
3,15229
3,24521
3,8074
0,3592
4,3603
1,11620
3,1497
3,1706
4,13725
3,20128
1,18152
3,474
2,8134
2,11760
2,3743
4,13665
0,1646
4,20068
3,18383
3,18012
0,534
4,15369
3,24461
2,9258
3,14
3,23190
3,23201
4,12509
3,12698
2,21095
3,21304
3,1945
1,13966
4,14394
0,14005
2,6026
0,3840
2,11863
2,16291
4,16100
4,4123
1,9349
0,23081
4,23310
0,21184
0,21215
3,12418
1,12789
3,13877
3,1854
1,14285
2,6137
4,14114
3,11972
4,3951
3,16380
0,4032
1,16011
0,8025
3,3652
4,11671
1,20179
0,1757
0,13774
0,425
4,18292
2,18103
2,15278
3,24570
3,15338
2,24430
2,8165
0,3483
0,11731
2,3712
0,20039
3,1586
1,13634
3,1617
0,565
1,18043
0,14054
0,6077
3,1914
4,13937
2,16151
0,4172
0,3811
4,11832
2,9209
0,9198
3,23250
3,45
1,21355
0,12558
4,24834
3,23157
1,2779
3,19028
0,21052
2,6370
1,14353
0,1982
0,961
2,4275
1,16256
3,3887
2,3415
2,11436
0,3784
0,8262
0,662
1,18344
3,1510
3,13533
3,1681
0,24737
3,5288
2,10859
0,5119
0,24677
0,5059
1,10919
2,11576
1,3555
0,8322
2,722
1,18204
4,18195
3,13473
3,1450
0,14213
3,6230
3,14182
3,821
1,16316
0,4335
2,16087
3,23017
0,23386
3,24974
3,2639
0,19168
0,21112
3,21283
4,6321
4,14302
0,14093
2,930
0,4224
0,16207
1,16196
3,82
3,2728
3,23106
3,23297
0,24865
1,19079
0,21003
0,21392
0,5148
2,10808
1,24766
2,3444
3,11467
2,8233
3,18315
1,18084
4,633
3,1541
4,13562
3,11527
3,3504
3,3695
0,8373
3,18255
3,773
0,13422
3,1401
3,1790
4,5399
0,10948
1,5008
3,24626
1,2668
1,24925
4,23046
4,19139
3,21143
0,14242
4,6261
3,1893
0,870
2,16347
4,4364
3,3996
4,8151
4,22299
3,22108
2,3726
0,11705
3,11494
0,1623
2,13600
4,13591
0,551
2,18077
1,24404
1,24795
2,17198
2,17209
4,24896
3,23264
2,71
2,10469
3,21361
0,13903
0,1920
3,6043
3,14060
0,25768
0,11806
3,3825
0,4146
2,16165
0,883
4,14120
0,6103
3,1860
2,13843
0,6292
0,25628
2,16025
4,4006
2,3965
4,11946
4,4397
3,23324
0,10529
4,21221
3,24544
4,2998
0,17349
1,8011
2,8380
3,22048
1,11645
3,3666
0,13740
1,1763
3,780
3,411
2,18137
0,2889
2,17258
2,24455
2,8100
0,8291
3,3777
3,11754
3,22159
0,1672
0,13651
1,18026
3,691
3,500
3,992
3,6012
3,14031
0,13952
3,1971
2,6383
3,4117
2,16134
3,11857
3,3874
2,4286
0,25739
3,20
2,10438
3,23235
0,21330
2,10578
0,24987
0,23375
3,21270
3,1831
3,13812
0,14171
2,6152
3,3934
0,11917
0,16074
3,4057
4,25679
0,8040
4,11614
0,3637
2,11585
3,22388
3,22019
2,13711
2,1732
3,13480
1,18166
0,440
3,17089
0,17318
3,24515
0,24684
2,25669
4,4047
3,16064
4,11907
0,3924
4,6142
0,14161
3,13802
0,1821
2,21260
0,23365
3,24997
2,10568
3,24694
0,24505
2,17308
3,17099
0,450
2,18176
3,13490
3,1722
0,13701
0,22009
4,22398
2,11595
2,3627
2,11604
0,8050
0,510
3,681
4,18036
1,13641
4,1662
3,22149
2,11744
0,3767
0,8281
3,8110
2,24445
1,17248
0,2899
0,21320
2,23225
2,10428
0,30
4,25729
4,4296
0,3864
4,11847
2,16124
2,4107
2,6393
0,1961
4,13942
3,14021
2,6002
0,982
1,21231
0,10539
3,23334
0,4387
0,11956
1,3975
1,4016
4,16035
0,25638
0,6282
1,13853
0,1870
2,6113
0,14130
3,893
1,18127
0,401
0,790
2,1773
2,13750
4,3676
3,11655
0,22058
1,8390
3,8001
1,17359
0,2988
0,24554
3,17219
0,17188
0,24785
2,24414
1,18067
0,541
1,13581
1,13610
0,1633
1,11484
4,11715
0,3736
3,22118
3,22289
2,8141
1,16175
4,4156
0,3835
4,11816
0,25778
0,14070
4,6053
0,1930
0,13913
0,21371
3,10479
2,61
3,23274
3,24886
0,24636
0,5018
4,10958
4,5389
3,1780
0,1411
0,13432
3,763
3,18245
0,8363
2,3685
4,3514
1,11537
3,3986
2,4374
2,16357
0,860
0,1883
0,6271
0,14252
0,21153
3,19129
3,23056
3,24935
1,2678
4,21382
0,21013
2,19069
4,24875
0,23287
3,23116
3,2738
0,92
1,16186
0,16217
0,4234
2,920
0,14083
2,14312
2,6331
3,13572
3,1551
1,623
1,18094
3,18305
1,8223
3,11477
3,3454
4,24776
4,10818
0,5158
3,1440
3,13463
2,18185
1,18214
3,732
0,8332
3,3545
0,11566
2,10909
0,5049
0,24667
3,21293
0,21102
3,19178
3,2629
3,24964
0,23396
4,23007
0,16097
0,4325
3,16306
0,831
0,14192
4,6220
3,14203
1,3897
2,16246
2,4265
0,971
0,1992
1,14343
3,6360
0,21042
2,19038
0,2769
3,23147
1,24824
0,5109
2,10849
4,5298
0,24727
0,1691
0,13523
3,1500
0,18354
3,672
0,8272
0,3794
2,11426
3,3405
0,18053
2,575
3,1607
4,13624
0,1596
3,20029
3,3702
0,11721
3,3493
2,8175
3,24420
2,15328
0,12548
0,21345
3,55
4,23240
0,9188
1,9219
4,11822
0,3801
3,4162
1,16141
3,13927
3,1904
2,6067
0,14044
1,16001
2,4022
0,16390
2,3941
3,11962
0,14104
2,6127
1,14295
0,1844
2,13867
1,12799
2,12408
2,21205
3,21194
3,23300
3,23091
4,9359
0,24560
2,15268
2,18113
4,18282
3,435
4,13764
3,1747
3,20169
3,11661
4,3642
0,8035
2,24471
4,15379
3,524
3,18002
4,18393
2,20078
3,1656
2,13675
2,3753
4,11770
1,8124
0,4133
1,16110
0,16281
3,11873
0,3850
2,6036
0,14015
2,14384
4,13976
0,1955
3,21314
3,21085
4,12688
0,12519
3,23211
3,23180
2,9248
4,21254
4,12459
0,23351
0,9099
0,9308
3,3910
2,11933
2,16050
3,4073
0,1815
2,13836
4,14155
0,6176
0,464
4,18142
0,20138
1,13735
0,1716
0,1487
3,11630
0,3613
3,3582
2,8064
0,24531
3,15239
4,21076
1,24810
3,23173
0,11880
1,4251
1,16272
3,945
0,13985
2,6354
0,14377
0,1534
2,13517
0,13686
3,18360
4,646
0,8246
0,3431
1,11412
3,11783
0,24713
2,24482
3,12978
2,7038
0,24653
0,7178
1,12838
0,13457
0,1474
3,18220
0,497
3,706
0,8306
2,8097
2,11552
1,3571
2,16332
4,4311
0,4080
0,805
2,14237
2,6214
4,6185
0,21136
3,23033
3,24950
3,4200
4,16223
0,4191
0,914
0,6305
0,14326
4,6094
0,21027
3,23122
1,24841
0,24742
2,7069
0,12929
3,1565
1,13546
3,586
0,617
2,18331
2,8217
3,8186
0,3460
1,11443
0,13406
3,1425
2,13797
3,757
1,18271
3,8357
2,11503
3,3520
3,11692
0,24602
0,24593
3,12869
0,7129
0,21167
3,24901
4,23062
0,11991
0,16363
1,4340
4,854
2,13894
0,14266
4,6245
0,9635
4,5921
3,17902
3,10061
0,2042
1,7824
3,15807
4,12164
4,21769
1,19713
4,19482
3,14468
3,20897
3,22992
3,25360
1,8559
0,22500
0,22691
2,13199
2,13208
3,20405
0,20794
0,159
0,19810
2,15704
1,7727
3,15495
1,17601
2,5622
2,17590
2,9936
2,19950
2,7667
2,15644
0,5762
3,17741
2,9876
2,8788
1,8419
3,22440
2,6999
4,13348
2,20545
3,388
3,14528
1,25220
4,9775
0,2102
3,10121
3,17842
2,5861
0,2293
0,12024
3,15947
2,7964
0,21629
3,19653
4,14439
3,25331
3,9664
0,10030
0,2013
1,5970
1,17953
0,2382
2,21738
2,12135
2,7875
0,15856
2,19742
0,19841
0,15755
0,7776
1,17650
0,5673
0,9967
1,8699
1,8508
0,22551
0,20454
2,6888
3,13259
4,108
3,299
4,8448
3,22411
3,22780
3,20514
3,20685
0,13088
2,13319
2,19901
3,7636
1,15615
1,15584
0,5733
0,17710
0,17481
4,9827
1,9724
3,17813
0,5830
3,2153
0,10170
3,21678
3,15916
2,7935
2,12075
0,19602
4,19593
0,20986
1,14579
3,22883
3,25271
3,22633
0,1289
3,14858
3,1118
2,20736
2,15437
3,7414
0,7785
0,9994
2,17532
0,5511
0,5680
0,10352
3,2371
4,5983
2,9506
2,9697
3,19420
2,12257
2,7886
4,6778
3,20835
0,8969
0,22930
0,25053
0,6638
2,20975
2,8829
3,25113
0,25282
4,22870
3,2231
1,10212
2,10183
1,9446
2,19560
1,12317
2,12086
1,7554
2,15577
3,21988
2,5451
3,17472
3,22773
0,1058
0,14918
3,20676
3,21899
2,15466
4,7445
4,17563
2,5540
0,22662
4,20767
0,1149
4,14809
3,20864
0,6729
0,8938
0,25002
0,25393
3,22961
0,10303
0,2320
1,10092
3,9557
4,19471
1,12206
3,12197
0,2260
2,10243
2,5892
2,9417
3,9786
0,19531
2,12346
3,7997
2,20924
2,6669
1,8878
4,22821
2,25142
1,22722
0,20627
0,1398
0,14949
3,1009
0,7505
1,15526
4,7694
2,9885
4,5400
2,17423
0,5791
4,19935
2,7593
2,15621
2,7602
0,24129
3,5496
1,17724
3,5707
4,9813
0,22425
1,11228
2,20520
3,25245
2,16448
2,9481
2,9710
3,23749
1,10144
3,2167
0,5804
3,17827
0,12041
4,7901
3,15922
4,19636
3,9650
0,23609
0,23598
1,17967
1,5944
2,10395
0,2027
0,10004
3,15862
1,7841
4,12290
3,12101
3,19776
0,18888
3,25094
0,25305
2,16508
2,16699
3,22565
0,11368
1,20460
3,19875
3,7742
0,15761
0,24069
0,5647
4,17664
0,9953
2,11279
3,22474
0,20571
4,19964
1,15670
2,7653
3,17775
0,5756
0,24178
0,9842
4,9741
3,5855
3,17876
0,10284
2,10115
0,2136
3,23718
0,23489
1,7950
2,15973
3,12381
3,12010
4,19667
2,18999
0,16419
1,16788
0,25185
2,25214
0,16559
3,25354
2,9590
2,9601
0,2076
0,10055
0,17936
3,5915
3,23658
0,12150
0,15833
2,7810
3,19727
3,19824
1,7482
1,7713
4,15730
2,5587
2,5616
1,17635
3,24038
2,9902
4,11339
3,22534
3,20431
0,20910
3,25176
3,22815
2,4758
4,10277
0,2254
3,17885
0,9423
1,19694
4,19505
3,12372
1,15980
4,15683
2,15512
1,7531
3,19997
0,17786
1,17417
0,5434
0,22487
0,22716
2,3138
0,16878
4,18669
2,20582
3,20613
3,22656
2,16938
2,3078
0,18729
1,20753
2,7471
2,15452
1,5574
4,17557
3,2085
3,2314
1,10337
1,9563
4,19445
2,12232
0,20850
3,22955
3,25036
0,4618
1,4589
0,2194
2,10226
0,2205
3,9472
4,19554
2,12323
3,20941
3,4709
1,4498
0,22844
0,25127
0,16829
2,3169
3,22747
1,18638
0,20642
3,15543
4,7560
3,17446
3,5465
0,15792
3,7420
2,15403
2,19886
4,17697
0,5525
0,17506
4,3029
4,16969
3,22596
3,22607
0,18778
0,20493
1,20702
0,20801
0,4649
0,25067
2,22904
4,2345
3,10366
1,17994
4,9532
0,19785
3,19414
3,12263
2,15891
1,18159
3,20123
3,22026
2,3599
4,3608
2,5304
1,17327
0,5095
0,7201
0,15222
1,7190
2,19235
3,12442
0,2564
0,10547
0,9313
0,9082
3,25646
3,4068
3,11928
1,25706
3,25497
3,11868
2,4128
3,19375
4,12502
4,12693
3,10407
0,2424
2,10796
1,9253
2,17267
2,5244
4,10895
4,15362
3,7341
3,12990
4,18388
3,18019
2,20063
0,25805
3,22166
3,3748
4,5355
1,17376
2,10984
0,7250
1,15273
3,12881
3,18299
0,18108
1,20172
3,3659
3,22077
0,11979
3,4039
0,25617
3,25586
3,19264
0,12413
0,12782
3,2535
1,10516
1,10687
2,9342
3,19324
2,12553
2,10456
3,2475
4,9202
1,9193
0,4179
4,11839
0,25757
1,18048
0,20032
0,3488
3,3719
3,22137
0,25854
2,17236
3,5215
0,5184
4,15333
0,7310
2,7081
3,12771
3,19106
0,19297
0,9020
3,23079
3,2657
3,10674
3,25575
3,16378
4,20210
1,20181
3,22315
4,22084
0,11689
2,11518
0,24588
0,24619
0,5037
0,17014
3,10977
1,2954
1,17385
0,7132
2,15111
0,12872
2,15280
0,24759
0,2814
0,10837
2,17154
0,5177
3,12932
0,15051
3,7072
4,20350
4,22255
2,11458
0,25435
2,16238
3,12631
0,19046
2,9160
3,23139
1,10734
0,2717
4,2486
0,16329
0,25524
4,12720
2,19157
3,9071
0,2606
2,10625
3,2597
2,23028
3,10926
3,2905
1,5066
0,17045
3,24648
0,12823
3,7163
2,15140
2,20241
0,11549
3,22344
1,20301
0,20090
3,11798
1,11409
3,22204
4,22195
2,17105
0,5126
0,2845
1,10866
3,17294
3,24499
0,24708
4,15000
1,7023
4,12963
4,15391
3,12660
2,19017
4,19386
2,9131
1,10765
0,2746
4,23168
2,16269
0,25464
0,25763
0,13908
2,6048
3,19081
4,19310
3,12567
3,2441
2,10462
3,9236
4,17193
4,5221
2,17202
2,15096
0,7324
2,15307
0,1628
1,20397
0,20006
2,22292
0,25860
2,22103
0,1768
1,20146
0,22043
1,17342
0,5361
0,2993
3,15247
0,7264
2,19250
2,12427
0,2690
1,10522
2,2501
1,9376
2,25623
2,6108
3,6299
3,13848
3,888
2,19341
0,12536
1,2781
0,2410
2,10433
1,9267
3,25732
4,6019
2,6388
0,13959
3,999
2,20057
3,1679
3,22152
0,25831
4,5270
3,17253
3,2882
3,7375
0,15356
3,17082
3,17313
0,5330
2,15187
0,15216
0,7235
1,20286
1,20117
3,1739
0,22383
3,22012
3,25672
2,13819
4,6159
0,19190
3,19201
4,12476
2,10573
3,2550
4,9327
2,10852
0,2871
4,5283
0,5112
0,17131
3,12957
0,7386
0,7017
3,15034
0,13538
4,20335
3,669
0,8269
4,22230
0,25450
4,1989
4,14358
3,12654
0,21059
4,19023
2,9294
0,9105
4,2772
1,10751
1,12485
4,12714
0,21119
4,21288
4,19163
3,9045
3,10580
3,10611
1,2632
3,25681
3,25510
0,14218
0,14189
4,13478
2,20275
0,729
0,8329
3,22370
1,17071
0,5052
3,2931
0,10912
2,15174
0,7157
2,12817
1,20364
3,13569
3,638
4,8238
3,22261
3,5143
2,17160
0,10803
0,2820
0,7046
0,15065
3,12906
0,21008
0,21399
1,12594
3,12605
2,19072
2,9154
0,10491
3,89
3,2723
2,10700
0,25790
0,25401
3,14309
0,14098
0,25541
3,1898
2,14249
4,21148
3,12745
4,19132
1,9385
0,9014
3,10640
3,2663
2,2960
0,10943
2,5392
0,17020
4,5003
1,12846
0,7297
2,15125
2,7106
0,20224
0,13429
3,778
1,8378
3,22321
2,7708
2,7499
3,21845
3,23940
3,24023
3,9919
3,8576
2,3090
4,11322
4,3301
1,1195
0,13227
0,1204
3,18450
4,176
1,14447
2,6464
0,16542
0,4561
3,23643
0,15828
3,21746
0,23492
0,23703
2,15968
0,21597
0,21606
2,18982
1,14696
0,6524
3,14507
4,16793
2,4421
0,16402
1,8436
0,16890
0,3241
1,11262
0,14995
3,1344
4,13367
2,18681
2,18510
2,7648
3,21905
3,24163
3,23800
2,9859
2,8527
2,16981
4,11373
0,3350
2,14884
2,13276
3,1255
2,127
3,18790
0,18401
1,21814
1,7759
3,24072
0,23911
0,9948
3,23583
0,23612
4,21486
2,21717
2,15879
1,18893
2,14787
2,14416
3,6435
2,16682
2,16513
0,4530
0,6575
1,14556
0,4470
1,16453
3,23752
4,21657
2,15939
3,21954
1,7619
3,7588
3,23851
0,24132
4,9808
4,8467
3,3181
0,3210
1,11233
0,1084
3,1315
0,13336
2,18541
1,14774
0,6757
4,18860
3,8946
2,16671
0,4652
0,23570
1,9529
2,12278
3,21475
2,15418
0,15789
0,24081
0,24310
0,11380
4,4951
0,16972
3,11011
0,3032
2,8645
3,18763
0,245
1,13285
2,6854
2,14877
0,13114
4,1137
2,20719
3,20488
0,3172
3,11151
4,16832
2,4811
0,8494
0,8705
3,18623
1,305
0,1077
1,13054
3,14937
0,6914
3,20659
2,15558
3,24250
3,23430
1,9469
2,12338
4,21535
3,6586
0,6617
0,14634
2,18920
2,8806
0,4483
3,4712
2,16731
0,23521
2,9578
0,21424
3,12229
3,6497
2,14725
2,6706
3,18831
3,8917
1,4592
0,16620
1,4603
2,11040
3,3063
2,4900
2,16923
2,8585
3,8614
1,214
1,185
3,18732
4,20748
4,13145
0,1166
4,6805
2,14826
2,15449
4,24341
3,15509
1,15698
3,24190
4,24201
0,11291
2,16863
2,4840
4,3123
0,11100
1,8754
1,354
2,18672
1,20608
2,20599
0,13394
0,14966
3,6945
3,1026
2,13005
0,6646
0,14665
2,18971
1,8857
0,4743
2,16760
3,23461
1,9438
3,21564
0,12369
3,23766
0,2148
2,17808
0,21663
2,19588
3,19619
1,14562
4,6541
4,22898
4,16467
3,4444
4,8453
2,11207
1,3224
3,11196
2,13302
0,1321
0,13093
0,18575
0,21960
0,24106
4,23865
0,24297
0,5728
2,21820
2,23925
3,24046
0,5668
0,8513
0,8682
1,4996
3,3364
3,11347
0,6893
3,1261
2,13242
1,282
1,113
3,18435
2,6401
4,14422
2,6790
3,4504
3,16527
3,4695
0,8981
0,23626
0,17948
0,2399
0,2008
4,21723
3,19759
1,14533
0,6510
0,6681
0,16436
3,4415
4,4784
0,8890
0,17859
0,2288
3,2119
0,23737
4,21632
4,19648
0,21931
0,5779
2,23834
3,24157
4,8402
2,8793
2,4887
0,11256
1,3275
2,6982
0,13353
3,1370
0,18524
0,393
2,8542
0,3335
3,11316
0,11087
0,1230
4,13213
2,13182
3,18464
0,142
3,21871
2,5639
3,24017
3,23974
0,24386
0,2059
0,17919
3,23677
3,21772
2,19499
1,19708
2,6450
0,14473
3,4555
2,16576
4,22989
4,22739
4,11134
4,3117
2,3286
0,4874
0,16857
2,8760
0,360
2,18646
2,13031
3,1012
4,1383
2,6971
4,14952
0,24235
3,17438
3,23455
3,10258
1,5889
3,21550
0,14651
0,6672
2,18945
2,8863
3,25159
4,16754
3,4777
4,6732
1,14711
3,14480
3,18805
3,8923
0,25388
3,25019
0,4637
0,16614
0,16585
3,23515
3,23684
4,10089
2,10318
0,21410
0,21781
3,21882
0,24375
3,23987
2,17578
3,22679
4,16917
0,4934
2,3057
3,11074
0,8620
4,220
1,18706
2,18497
4,14812
2,6831
0,1152
4,13171
0,21993
0,17469
0,24264
4,23896
4,4825
1,16806
2,11165
4,3146
4,22768
1,8731
3,18617
2,18586
4,331
0,6920
3,14903
4,13060
3,1043
3,14600
0,6623
0,14591
1,18914
2,8832
2,16705
3,4726
3,16494
0,25299
3,25108
3,10198
4,10209
3,23404
3,23795
0,21501
2,21690
2,10349
4,5998
0,23544
3,21441
0,6763
1,14740
1,18854
0,8972
0,4666
1,16645
3,25048
3,3006
2,11025
3,3397
0,16946
4,4965
0,22628
0,8671
3,18757
4,271
0,1103
1,13120
0,1292
3,14843
4,6860
2,17529
3,24324
3,25058
2,16655
2,4676
0,8962
2,18844
0,14750
0,6773
0,21451
3,23554
4,5988
3,10359
3,24334
4,17539
3,6870
2,14853
0,1282
2,13130
0,1113
1,261
1,18747
1,8661
3,22638
0,4975
2,16956
3,3387
3,11035
3,3016
3,1053
2,13070
0,14913
4,6930
3,321
1,18596
2,18607
1,8721
3,22778
0,3156
1,11175
4,16816
3,4835
3,23886
3,24274
0,17479
0,21983
2,21680
3,21511
3,23785
3,23414
1,10219
2,10188
0,25118
1,25289
2,16484
0,4736
2,16715
0,8822
2,18904
1,14581
3,6633
0,14610
0,21791
0,21400
3,10308
2,10099
3,23694
3,23505
3,16595
0,16604
0,4627
0,25009
0,25398
3,8933
0,18815
0,14490
1,14701
0,6722
3,13161
2,1142
4,6821
0,14802
4,18487
3,18716
4,230
1,8630
2,11064
0,3047
4,4924
0,16907
3,22669
2,17568
0,23997
0,24365
0,21892
3,17428
3,24225
3,14942
3,6961
3,1393
3,1002
2,13021
2,18656
1,370
3,8770
0,16847
3,4864
4,3296
0,3107
0,11124
4,22729
4,4767
1,16744
0,25149
3,8873
3,18955
2,6662
0,14641
2,21540
0,5899
0,10248
3,23445
2,24396
3,23964
0,24007
3,5629
0,21861
0,152
3,18474
3,13192
2,13203
0,1220
3,11097
0,11306
2,3325
2,8552
3,22999
0,16566
0,4545
3,14463
2,6440
2,19718
0,19489
3,21762
2,23667
0,17909
0,2049
3,19658
0,21622
3,23727
3,2109
0,2298
3,17849
1,8880
0,4794
3,4405
0,16426
2,6691
3,6500
2,14523
3,383
2,18534
0,1360
0,13343
0,6992
2,3265
4,11246
2,4897
2,8783
3,8412
3,24147
3,23824
0,5769
0,21921
4,18425
2,103
3,292
2,13252
0,1271
4,6883
4,11357
3,3374
3,4986
1,8692
0,8503
3,5678
3,24056
3,23935
0,21830
1,19749
2,21733
0,2018
0,2389
3,17958
0,23636
3,8991
3,4685
0,16537
0,4514
0,6780
0,14432
3,6411
0,4454
0,16477
4,22888
0,6551
1,14572
0,19609
0,19598
3,21673
2,17818
0,2158
3,23776
0,5738
3,24287
3,23875
0,24116
3,21970
0,18565
2,13083
2,1331
2,13312
3,11186
3,3234
3,11217
3,8443
2,13015
0,1036
1,6955
0,14976
0,13384
1,20589
3,20618
2,18662
2,344
3,8744
0,11110
3,3133
0,4850
4,16873
3,11281
3,24211
0,24180
2,15688
3,15519
3,12379
3,21574
2,9428
3,23471
4,16770
4,4753
0,8847
0,18961
2,14675
4,6656
0,4613
0,16630
4,4582
0,8907
3,18821
2,6716
4,14735
0,6487
2,12239
0,21434
4,9568
0,23531
0,24351
2,15459
4,14836
3,6815
0,1176
2,13155
4,20758
0,18722
4,195
0,204
2,8604
4,8595
4,16933
3,4910
2,3073
2,11050
0,24240
1,15548
3,20649
4,6904
0,14927
4,13044
3,1067
0,315
4,18633
2,8715
0,8484
4,4801
0,16822
0,11141
3,3162
3,16721
3,4702
3,4493
3,8816
0,18930
3,14624
0,6607
0,6596
0,21525
2,12328
2,9479
3,23420
3,21465
1,12268
1,9539
0,23560
0,4642
2,16661
0,8956
2,18870
3,6747
4,14764
3,20498
1,20709
3,1127
2,13104
2,14867
3,6844
0,13295
4,255
3,18773
2,8655
0,3022
1,11001
3,16962
0,4941
2,11390
0,24300
0,24091
2,15799
0,15408
1,15929
0,21647
3,23742
3,16443
0,4460
0,14546
0,6565
1,18551
2,13326
0,1305
0,1094
0,11223
0,3200
0,3191
4,8477
2,9818
0,24122
0,23841
1,7598
2,7609
3,21944
0,9958
2,23901
0,24062
1,7749
0,21804
4,18411
3,18780
2,137
3,1245
3,13266
3,14894
0,3340
0,11363
2,16991
1,8537
0,4520
4,16503
2,16692
3,6425
2,14406
4,14797
1,18883
3,15869
4,21707
4,21496
2,23602
3,23593
0,16412
3,4431
1,16783
1,14517
3,6534
3,14686
0,18992
0,21616
0,21587
1,15978
3,23713
3,23482
2,9849
4,23810
2,24173
3,21915
1,7658
4,18500
3,18691
3,13377
0,1354
0,14985
3,11272
1,3251
3,16880
1,8426
0,166
4,18440
0,1214
2,13237
0,1185
4,3311
0,11332
3,3080
4,8566
0,9909
0,24033
3,23950
3,21855
2,7489
1,7718
2,21756
3,15838
0,23653
3,4571
4,16552
3,6474
0,14457
1,2673
0,10650
0,9004
0,9395
0,19122
0,12755
0,21158
3,14259
3,1888
3,25551
3,22331
3,8368
3,768
0,13439
3,20234
2,7116
3,15135
0,7287
0,12856
2,5013
2,17030
4,5382
1,10953
4,2970
4,12916
2,15075
2,7056
0,2830
4,10813
0,17170
0,5153
4,22271
4,8228
4,628
1,13579
3,20374
0,14088
4,14319
0,25411
0,25780
0,10710
0,2733
1,99
0,10481
2,9144
2,19062
4,12615
1,12584
0,21389
3,21018
3,14199
3,14208
2,25500
1,25691
0,2622
2,10601
1,10590
0,9055
3,19173
1,21298
0,21109
3,12704
3,12495
3,12807
0,7147
2,15164
4,10902
3,2921
0,5042
3,17061
3,22360
0,8339
3,739
0,6
2,20265
0,13468
0,22220
0,8279
2,679
0,20325
4,13528
3,15024
4,7007
0,7396
2,12947
0,17121
2,5102
4,5293
0,2861
4,10842
2,10741
0,2762
0,9115
2,9284
3,19033
0,21049
0,12644
3,14348
0,1999
0,25440
3,22002
3,22393
3,1729
4,20107
2,20296
3,7225
2,15206
0,15197
4,5320
2,17303
3,17092
2,9337
3,2540
3,10563
1,12466
4,19211
2,19180
4,6149
0,13809
1,25662
0,989
0,13949
0,6398
2,6009
3,25722
2,9277
1,10423
0,2400
1,2791
0,12526
2,19351
0,15346
0,7365
3,2892
0,17243
4,5260
0,25821
0,22142
3,1669
4,20047
0,7274
0,15257
1,2983
3,5371
1,17352
0,22053
4,20156
0,1778
1,898
1,13858
0,6289
3,6118
0,25633
0,9366
0,2511
0,10532
0,2680
3,12437
2,19240
2,9226
0,10472
0,2451
2,12577
0,19300
1,19091
4,6058
0,13918
0,25773
3,22113
4,22282
0,20016
4,20387
0,1638
0,15317
3,7334
2,15086
2,17212
0,5231
4,17183
4,15381
4,12973
2,7033
3,15010
2,24718
2,24489
3,17284
3,10876
0,2855
0,5136
3,17115
2,22185
4,22214
2,11419
3,11788
3,20080
3,20311
3,25474
2,16279
3,23178
0,2756
2,10775
0,9121
0,19396
3,19007
3,12670
3,23038
0,2587
4,10635
0,2616
0,9061
4,19147
2,12730
3,25534
4,16339
3,22354
3,11559
0,20251
2,15150
4,7173
4,12833
0,24658
0,17055
1,5076
3,2915
3,10936
2,11448
0,22245
0,20340
4,7062
3,15041
0,12922
3,5167
0,17144
2,10827
2,2804
0,24749
0,2496
3,2707
4,10724
3,23129
2,9170
1,19056
2,12621
1,16228
0,25425
4,16368
3,25565
1,10664
1,2647
3,23069
0,9030
3,19287
4,19116
2,12761
0,15290
3,12862
2,15101
2,7122
0,17395
0,2944
1,10967
4,17004
0,5027
0,24609
0,24598
4,11508
3,11699
2,22094
3,22305
1,20191
4,20200
0,25747
4,11829
3,4169
2,9183
2,9212
4,2465
2,10446
2,12543
1,19334
2,7091
0,7300
1,15323
0,5194
0,5205
0,17226
0,25844
0,22127
2,3709
0,3498
0,20022
1,18058
3,22067
4,3649
2,20162
0,18118
3,18289
2,12891
2,15263
0,7240
2,10994
3,17366
2,5345
1,9352
2,10697
3,10506
3,2525
4,12792
2,12403
3,19274
0,25596
0,25607
2,4029
3,11969
2,9243
1,10786
0,2434
1,10417
4,12683
4,12512
1,19365
4,4138
0,11878
0,25487
4,25716
0,3758
0,22176
0,25815
3,20073
2,18009
3,18398
2,12980
0,7351
3,15372
4,10885
0,5254
4,17277
0,7180
3,15232
3,7211
0,5085
0,17337
4,5314
0,3618
0,3589
0,22036
0,20133
2,18149
3,11938
3,4078
0,25656
0,9092
3,9303
3,10557
0,2574
0,12452
2,19225
3,17257
4,5274
4,2886
0,15352
0,7371
1,18029
0,20053
0,3778
0,25835
3,22156
3,4289
3,11858
0,4118
0,25736
4,19345
3,12532
2,10437
0,2414
3,2785
2,9263
0,19205
0,19194
4,12472
0,2554
3,10577
0,24988
4,9323
3,4058
4,11918
2,25676
4,18169
1,20113
4,20282
3,3638
3,22016
3,22387
4,5334
0,17317
0,17086
2,7231
2,15212
3,15183
4,18078
0,20002
3,20393
3,22107
0,22296
3,25864
3,3729
2,17206
3,5225
2,17197
2,15303
0,7320
2,15092
4,19314
2,19085
1,12563
4,24899
2,10466
3,2445
0,9232
0,25767
3,4149
4,11809
4,25627
4,4398
4,11949
2,4009
3,19254
3,12423
0,2505
0,10526
0,2694
4,9372
4,5365
1,17346
0,2997
0,7260
3,15243
4,18138
4,20142
4,22047
3,3669
1,16199
0,16208
0,25405
0,25794
2,12601
3,12590
1,19076
2,9150
3,10704
0,2727
1,10495
3,23298
3,23109
2,2824
2,10807
3,17164
0,5147
1,24769
0,12902
3,15061
4,7042
0,20360
2,11468
3,22265
2,20220
2,11528
3,22325
1,5007
0,17024
3,10947
0,2964
3,5396
0,24629
2,7102
2,15121
0,12842
0,7293
3,12741
4,19136
0,9010
1,9381
3,2667
0,10644
3,23049
4,3999
2,16348
0,25545
3,12650
3,19027
3,9101
4,9290
3,23158
1,10755
4,2776
0,25454
2,3888
1,16259
4,20331
3,22234
2,11439
0,24738
4,17135
0,5116
0,2875
2,10856
2,5287
3,15030
3,7013
2,12953
0,7382
3,24678
0,10916
3,2935
0,5056
4,17075
3,12813
0,7153
1,15170
0,20271
3,22374
2,11579
0,25514
4,25685
2,16088
0,16319
4,12710
4,12481
4,19167
0,9041
0,23389
3,23018
1,2636
0,10615
1,10584
3,19260
4,12786
0,12417
1,10683
1,10512
0,2531
1,9346
0,25582
2,25613
4,6138
0,13878
1,20176
0,1758
3,22073
0,17372
4,5351
2,10980
3,15277
0,7254
3,12885
0,5180
2,5211
1,17232
2,7085
0,7314
0,15337
1,20036
0,1618
2,1589
0,25850
0,22133
3,25753
0,13938
4,6078
1,19320
2,12557
4,2471
2,10452
0,9197
0,9206
4,25642
0,13829
4,6169
4,19231
3,12446
0,10543
0,2560
3,9086
0,9317
0,5091
0,17323
4,5300
0,7194
0,15226
0,7205
3,1709
3,1498
2,20127
0,22022
4,1649
4,20067
4,22162
0,25801
2,5240
4,17263
0,10891
0,7345
0,15366
4,12994
1,19371
3,12697
4,12506
0,10792
2,2420
3,10403
2,9257
0,25493
4,25702
3,6029
1,13969
2,20245
0,13448
3,488
3,719
0,8319
3,8088
3,22340
2,17041
0,5062
3,2901
1,10922
2,15144
2,7167
0,12827
0,21129
4,12724
1,19153
0,9075
0,2593
2,10621
0,2602
0,25520
0,14228
0,25460
0,14368
0,21069
3,12664
4,19382
1,19013
0,9135
0,2742
1,10761
1,10862
3,2841
1,17290
0,5122
3,17101
3,12967
0,15395
0,7027
4,15004
4,20094
2,20305
2,13508
2,13699
2,659
0,8259
2,22191
2,22200
0,2950
3,10973
4,17381
2,17010
3,5033
0,12876
2,15284
2,15115
0,7136
0,13419
2,13788
3,20185
0,20214
3,748
3,8348
3,22080
3,22311
0,25571
1,14279
3,12775
0,21178
3,19293
2,19102
3,9024
1,10670
1,2653
3,12635
0,21038
0,19042
0,9164
2,2482
0,2713
1,10730
0,25431
1,14339
3,13559
3,20354
1,599
4,608
4,8208
2,8199
3,22251
3,5173
4,17150
3,10833
1,2810
0,7076
0,15055
2,12936
2,8797
4,8406
2,4883
1,3271
0,11252
3,6986
4,1374
0,13357
0,397
2,18520
3,21935
1,7678
1,24153
2,23830
2,9869
3,23733
4,21636
1,15958
0,6685
0,6514
4,14537
4,4780
2,4411
4,16432
0,8894
3,20888
0,14477
2,6454
2,16572
0,4551
3,23673
3,21776
3,15818
0,21875
2,7738
2,23970
0,24382
3,24013
0,9929
1,8546
3,11083
3,11312
2,3331
2,13186
4,13217
3,1234
0,146
2,18460
3,7629
0,21964
1,23861
0,24293
3,24102
0,9838
4,8457
3,11192
4,3220
3,11203
2,13097
3,1325
2,13306
3,18571
0,6545
4,14566
0,20999
3,4440
0,16463
3,23762
2,15909
1,21667
0,23622
2,15849
4,21727
3,6794
0,14426
0,6405
3,4691
3,16523
1,4500
0,8985
0,8686
0,8517
1,4992
0,11343
3,3360
0,6897
2,13246
3,1265
2,18431
0,117
1,286
3,7769
0,21824
0,24042
2,23921
0,9978
4,23791
3,23400
4,9459
2,21694
0,21505
1,12308
3,12099
3,14595
0,6627
3,14604
4,18910
4,8836
2,16490
3,4722
2,16701
2,3142
2,11161
0,16802
4,4821
2,8735
0,335
2,18582
2,18613
3,20669
3,1047
4,13064
0,14907
2,6924
3,21997
2,15568
0,24260
4,23892
1,15428
0,24320
3,3393
3,4961
2,16942
2,11021
4,3002
2,8675
0,275
0,18753
1,20729
0,1296
4,6864
3,14847
1,13124
0,1107
1,14744
4,6767
2,18850
0,8976
1,16641
3,4662
0,23540
2,9519
2,9688
0,21445
2,12248
3,7899
2,6676
0,14655
0,18941
2,8867
3,4773
1,16750
3,23451
1,9408
3,9799
0,12359
1,7988
3,21554
2,15539
0,24231
3,3282
0,16853
4,4870
0,3113
0,11130
0,8764
2,18642
1,364
0,1387
4,14956
2,6975
3,1016
1,13035
1,20638
3,11070
2,3053
3,4930
4,16913
4,8624
2,18493
3,18702
0,224
2,13175
0,1156
4,6835
4,14816
2,20778
2,15479
0,21886
0,24371
0,23983
4,23680
3,23511
1,9548
3,12219
0,12188
3,21785
0,21414
3,14484
4,14715
0,6736
0,18801
2,8927
4,16581
3,16610
0,4633
1,18897
0,6431
4,14412
2,14783
3,4534
2,16517
4,16686
2,17978
3,2038
0,23616
3,23587
2,21713
0,21482
4,19769
4,21810
0,5658
0,23915
0,24076
2,8523
4,16985
0,3354
4,11377
2,14880
0,1251
3,13272
0,18405
3,18794
1,123
4,8463
1,11237
1,3214
0,3185
0,13332
0,1311
0,1080
1,18545
3,21950
2,5489
0,5718
3,24136
3,23855
0,2178
2,17838
4,23756
0,21653
4,19629
4,14552
0,6571
4,16457
4,4474
0,23647
0,2069
3,17929
3,21742
2,19738
2,6460
3,14443
0,4565
4,16546
1,8572
0,3305
0,11326
4,3094
0,1200
0,13223
3,1191
0,172
4,18454
3,21841
3,24027
0,23944
3,5598
3,5609
3,21901
2,23804
3,24167
0,5749
1,8432
0,16894
3,11266
4,3245
0,14991
0,13363
0,1340
2,18514
3,18685
2,18986
0,14503
2,6520
3,14692
0,16406
0,4425
2,16797
4,23707
3,23496
3,17869
3,2129
4,21602
0,21593
4,19678
2,17548
0,24345
2,16927
3,4904
0,3067
2,11044
3,22649
1,8610
2,8581
3,18736
4,181
4,210
2,14822
0,6801
0,1162
1,13141
3,6702
0,14721
4,6493
1,18835
2,8913
0,4607
3,16624
1,4596
0,25029
0,10328
0,23525
0,21420
2,10268
3,23465
3,21560
4,14661
0,6642
1,18975
4,8853
2,16764
0,4747
0,25169
3,11104
0,3127
3,11295
2,4844
3,16867
3,22498
0,22709
1,8750
2,18676
0,350
1,13001
3,1022
4,13390
4,6941
4,14962
3,19988
3,17799
2,17408
0,24205
4,24194
3,22589
1,22618
3,3036
3,11015
2,11384
3,16976
2,4955
2,8641
0,241
3,18767
4,1133
1,13110
4,13281
2,14873
0,6850
2,19899
0,24314
0,24085
3,17688
3,17519
0,23574
2,10379
1,21471
4,6753
1,14770
1,18864
2,8942
0,25078
0,4656
3,16675
0,14630
0,6613
3,6582
0,18924
2,8802
3,25138
1,16735
3,4716
2,4487
3,23434
2,10239
2,21531
3,24254
1,17459
4,22758
2,4815
2,16836
0,11155
2,3176
1,8701
4,8490
1,301
4,18627
2,6910
0,14933
4,13050
0,1073
0,21521
2,10229
0,23424
1,4497
3,4706
2,16725
0,25128
0,8812
4,18934
0,6592
0,6603
0,14620
0,1063
4,13040
3,14923
4,6900
1,18637
4,311
4,8480
0,8711
0,3166
0,11145
0,16826
4,4805
3,22748
3,17449
3,24244
3,17509
3,17698
0,24095
3,24304
3,19889
4,6840
4,14863
4,13291
0,13100
4,1123
3,18777
2,251
4,8651
3,4945
4,16966
0,11394
0,11005
4,3026
3,22608
3,22599
2,16665
0,4646
0,25068
0,8952
2,18874
4,14760
2,6743
0,21461
0,10369
0,23564
3,25179
2,4757
4,16774
4,8843
2,18965
0,6652
3,14671
3,21570
0,23475
3,10278
3,24184
0,24215
0,17418
0,17789
4,19998
0,14972
4,6951
0,13380
3,1032
2,13011
4,340
1,18666
1,8740
0,22719
3,22488
0,16877
3,4854
3,11285
3,3137
1,11114
3,13151
0,1172
4,6811
1,14832
0,200
4,191
0,18726
2,8591
4,8600
0,22659
1,11054
2,3077
0,4914
2,16937
0,24355
4,17558
0,21430
0,23535
1,10338
0,25039
4,4586
3,16634
0,4617
1,8903
0,18825
0,6483
4,14731
0,6712
2,18695
4,18504
0,1350
4,13373
0,14981
1,3255
0,11276
0,16884
1,8422
3,5759
0,24177
3,23814
0,21911
4,19668
3,21583
0,21612
4,2139
3,17879
0,23486
3,23717
1,16787
3,4435
0,16416
4,14682
3,6530
1,14513
2,18996
2,16556
0,4575
2,14453
2,6470
0,19728
3,21752
1,17939
0,2079
4,23657
2,5619
2,5588
3,23954
0,24037
4,21851
2,18444
0,162
0,1181
3,13233
3,1210
3,3084
0,11336
4,3315
3,8562
4,23845
0,24126
0,5708
2,5499
3,21940
1,18555
0,1090
3,1301
4,13322
4,3195
3,3204
1,11227
4,8473
3,4464
2,16447
0,6561
1,14542
2,19639
0,21643
3,23746
3,17828
0,2168
3,19779
0,21492
4,21703
0,23597
0,23606
0,2028
1,17968
3,16696
2,16507
0,4524
2,14793
2,14402
3,6421
0,18887
1,133
3,18784
4,18415
3,13262
3,1241
3,14890
4,11367
0,3344
0,16995
1,8533
0,24066
0,23905
0,5648
3,21800
3,23993
3,24361
3,21896
3,15469
4,20768
4,14806
2,6825
0,1146
3,13165
0,234
3,18712
4,18483
1,8634
0,16903
2,4920
2,3043
2,11060
0,4623
3,16600
2,16591
0,8937
4,18811
3,6726
0,14705
0,14494
3,21404
4,21795
3,12198
3,12209
0,9558
3,23501
2,23690
2,21544
3,7998
2,12349
1,9789
2,9418
3,23441
1,16740
3,4763
1,8877
1,18951
4,14645
2,6666
0,20628
2,13025
3,1006
0,6965
3,14946
0,1397
0,374
2,18652
2,8774
4,11120
3,3103
3,4860
3,16843
4,3292
0,24221
1,15529
0,1117
2,13134
0,14857
2,6874
3,1286
2,20739
1,18743
0,265
2,8665
3,3012
2,11031
4,16952
2,4971
0,3383
4,24330
2,15438
2,7889
2,12258
3,21455
3,9698
2,9509
0,23550
3,4672
2,16651
0,8966
1,18840
4,6777
3,14754
3,16711
1,4732
0,16480
2,8826
1,18900
0,14614
3,6637
4,14585
2,12089
4,12318
3,21515
4,21684
1,9449
0,23410
3,23781
3,23882
3,24270
1,15578
3,21987
3,6934
0,14917
2,13074
0,1057
3,20679
1,18603
2,18592
3,325
2,8725
0,4831
2,16812
3,11171
4,3152
0,8995
3,4510
0,16533
3,4681
0,6415
0,14436
0,6784
3,21737
0,15859
0,23632
0,9968
0,23931
3,24052
0,21834
0,7779
0,296
1,107
4,18421
0,1275
4,13256
2,6887
3,3370
0,11353
2,4982
2,8507
1,8696
2,18561
2,13316
4,1335
3,13087
3,11213
2,3230
3,11182
0,8447
4,9828
0,24112
0,24283
3,23871
3,21974
1,7639
2,21677
2,15919
3,23772
3,16473
3,4450
4,20989
1,14576
0,6555
0,15808
3,21766
0,23663
4,4541
4,16562
2,6444
3,14467
0,20898
3,18470
4,156
0,1224
2,13207
3,13196
1,3321
4,11302
0,11093
2,8556
2,9939
3,24003
2,24392
3,23960
1,7728
3,21865
3,9879
3,23820
3,24143
2,7668
3,21925
4,18530
0,387
4,13347
0,1364
3,6996
1,11242
0,3261
0,4893
4,8416
2,8787
1,8884
0,16422
3,4401
0,4790
3,14527
4,6504
2,6695
1,15948
0,21626
4,23723
1,14329
0,25421
4,10720
3,2703
3,2492
2,9174
1,19052
0,21028
3,12625
3,12926
3,15045
2,7066
4,2800
2,10823
3,17140
0,5163
3,22241
3,8189
2,8218
1,618
2,589
3,20344
1,13549
3,22301
3,22090
4,8358
0,758
4,20204
1,20195
2,13798
0,13409
0,7126
2,15105
2,15294
3,12866
0,5023
4,17000
4,17391
1,10963
0,2940
2,2643
4,10660
0,9034
1,19112
4,19283
4,21168
2,12765
1,14269
3,25561
3,10771
0,2752
0,9125
2,19003
3,19392
3,12674
2,21079
1,14378
0,25470
3,22210
2,22181
0,8249
3,649
0,13689
3,13518
4,20315
2,20084
4,15014
2,7037
4,15385
2,12977
3,17111
0,5132
1,17280
0,2851
2,10872
1,12837
1,7177
2,15154
2,10932
0,2911
1,5072
2,17051
0,22350
2,8098
0,8309
3,709
2,498
0,13458
4,20255
2,14238
0,25530
0,2612
2,10631
0,2583
0,9065
4,19143
2,12734
0,21139
4,12984
3,15376
0,7355
4,10881
2,17273
2,5250
0,25811
3,22172
2,20077
3,1659
1,13979
2,6039
1,25712
0,25483
2,9247
2,10413
3,2430
2,10782
0,12516
4,12687
0,19361
3,9307
0,9096
2,2570
2,10553
0,12456
3,19221
3,6179
3,13839
4,25652
3,22032
1,20137
3,1488
0,1719
3,7215
3,15236
3,7184
4,5310
4,17333
1,5081
4,22123
0,25840
0,1599
0,1608
0,20026
2,15327
0,7304
2,7095
0,17222
0,5201
0,5190
2,9216
4,9187
2,10442
0,2461
1,12547
1,19330
2,6068
4,13928
3,25743
3,13868
2,6128
2,25603
0,25592
0,9356
0,2521
0,10502
3,10693
0,12407
4,12796
4,19270
0,12895
0,7244
2,15267
2,10990
2,5341
1,17362
3,22063
3,1748
2,20166
3,11569
3,22364
0,2
1,20261
0,15160
0,7143
0,12803
4,17065
0,5046
0,2925
1,10906
0,24668
2,10594
2,10605
2,2626
4,23008
0,23399
0,9051
3,19177
0,12491
3,12700
1,16309
0,16098
1,25695
3,25504
4,16249
1,3898
0,25444
0,2766
3,10745
0,23148
2,9280
2,9111
2,19037
3,12640
2,7392
2,12943
4,7003
3,15020
4,5297
1,10846
0,2865
3,5106
0,17125
0,24728
4,11429
2,22224
4,20321
3,7283
4,12852
0,15131
2,7112
0,24639
4,5386
1,2974
0,10957
4,17034
0,5017
4,22335
3,11538
4,20230
2,25555
2,16358
2,3989
3,23059
0,10654
1,2677
2,9391
3,9000
2,19126
0,12751
3,23119
4,23288
0,10485
0,2737
3,10714
3,9140
2,19066
3,12580
4,12611
0,25784
0,25415
4,16218
1,16189
3,22275
4,11478
0,20370
2,7052
2,15071
3,12912
2,24779
0,5157
0,17174
4,10817
0,2834
1,9362
0,2684
0,10536
0,2515
3,12433
4,19244
4,4019
1,11959
0,4388
0,25637
0,3679
0,22057
1,20152
1,18128
2,15253
0,7270
4,2987
1,17356
3,5375
2,15082
0,7330
0,15313
1,17187
0,5235
3,17216
3,3739
4,22286
3,22117
0,20383
0,20012
1,18068
4,11819
2,4159
0,25777
1,9222
0,2455
0,10476
4,24889
2,12573
1,19095
3,19304
2,25666
4,11908
4,4048
1,9333
3,24998
2,10567
0,2544
3,12462
3,19184
3,19215
1,15193
2,15202
3,7221
3,17096
2,17307
2,5324
4,22397
3,22006
4,3628
2,20292
4,20103
4,18179
0,22146
0,25825
0,3768
0,20043
0,18039
0,7361
3,15342
0,2896
4,5264
0,17247
1,9273
4,2795
0,2404
2,10427
3,12522
3,19355
2,25726
2,4108
4,11848
0,4299
3,12533
4,19344
2,9262
1,2784
3,2415
2,10436
0,25737
3,4119
3,11859
4,4288
2,20052
1,18028
2,22157
0,25834
3,3779
3,2887
4,5275
0,17256
0,7370
0,15353
0,17087
3,17316
0,5335
3,15182
2,15213
3,7230
1,20283
1,20112
0,18168
3,22386
3,22017
0,3639
0,25677
4,11919
3,4059
4,12473
0,19195
0,19204
0,9322
0,24989
2,10576
0,2555
1,11808
0,4148
0,25766
1,12562
2,19084
1,19315
0,9233
3,2444
2,10467
4,24898
3,17196
3,5224
2,17207
2,15093
0,7321
3,15302
3,20392
0,20003
1,18079
2,3728
4,22297
3,22106
4,20143
1,18139
3,3668
0,22046
0,2996
1,17347
4,5364
3,15242
0,7261
3,12422
2,19255
4,9373
0,2695
0,10527
0,2504
3,4008
4,11948
4,4399
3,25626
0,20361
3,22264
2,11469
1,24768
3,5146
3,17165
2,10806
3,2825
0,7043
0,15060
0,12903
1,19077
2,12591
2,12600
3,23108
2,23299
1,10494
0,2726
0,10705
2,9151
0,25795
0,25404
2,16209
0,16198
4,25544
0,16349
0,3998
4,19137
0,12740
3,23048
0,10645
3,2666
1,9380
0,9011
0,24628
4,5397
0,2965
0,10946
4,17025
4,5006
0,7292
4,12843
2,15120
2,7103
4,20221
3,22324
3,11529
3,5286
2,10857
0,2874
0,5117
4,17134
3,24739
0,7383
2,12952
3,7012
3,15031
4,20330
2,11438
0,22235
1,16258
2,3889
0,25455
1,19026
3,12651
4,2777
1,10754
3,23159
2,9291
3,9100
0,19166
4,12480
4,12711
1,10585
1,10614
1,2637
3,23019
0,23388
0,9040
0,16318
2,16089
2,25684
0,25515
2,20270
2,11578
3,22375
4,17074
0,5057
3,2934
0,10917
0,24679
4,15171
3,7152
2,12812
2,10981
0,5350
1,17373
2,12884
0,7255
2,15276
4,1759
1,20177
3,22072
0,25612
0,25583
0,13879
4,6139
0,12416
4,12787
3,19261
1,9347
0,2530
1,10513
1,10682
3,12556
2,19321
1,9207
4,9196
2,10453
4,2470
3,25752
4,6079
4,13939
0,1588
0,1619
4,20037
4,22132
3,25851
1,17233
0,5210
0,5181
3,15336
0,7315
2,7084
2,20126
0,1499
0,1708
0,22023
0,5301
3,17322
3,5090
0,7204
0,15227
0,7195
0,12447
0,19230
0,9316
3,9087
0,2561
4,10542
3,25643
3,6168
3,13828
4,25703
3,25492
1,13968
4,6028
4,12507
3,12696
1,19370
2,9256
2,10402
3,2421
1,10793
2,10890
3,17262
3,5241
0,12995
4,15367
0,7344
4,20066
0,1648
0,25800
4,22163
0,25521
0,14229
1,19152
4,12725
0,21128
3,2603
2,10620
0,2592
0,9074
1,10923
0,2900
3,5063
2,17040
0,12826
0,7166
2,15145
0,718
3,489
0,13449
2,20244
3,22341
0,8089
0,8318
2,658
2,13698
2,13509
2,20304
1,20095
3,22201
3,22190
0,8258
3,17100
0,5123
1,17291
3,2840
1,10863
0,15005
1,7026
0,15394
3,12966
4,19012
1,19383
3,12665
0,21068
1,10760
0,2743
3,9134
0,25461
0,14369
2,19103
0,19292
0,21179
4,12774
1,2652
4,10671
0,9025
3,25570
0,14278
0,749
3,20215
3,20184
2,13789
0,13418
3,22310
2,22081
2,8349
2,5032
0,17011
2,17380
3,10972
0,2951
0,7137
3,15114
0,15285
3,12877
1,2811
4,10832
3,17151
0,5172
2,12937
3,15054
0,7077
0,609
0,598
3,20355
3,13558
3,22250
2,8198
2,8209
0,25430
1,14338
0,19043
0,21039
3,12634
1,10731
3,2712
3,2483
3,9165
1,14536
3,6515
0,6684
0,8895
3,16433
2,4410
4,4781
3,23732
1,15959
4,21637
4,7679
3,21934
2,9868
2,23831
0,24152
0,11253
1,3270
2,4882
1,8407
2,8796
2,18521
0,396
0,13356
0,1375
2,6987
2,3330
3,11313
0,11082
1,8547
2,18461
0,147
3,1235
1,13216
2,13187
2,7739
3,21874
0,9928
3,24012
0,24383
2,23971
2,23672
3,15819
0,21777
2,6455
2,14476
0,20889
0,4550
2,16573
2,23763
4,21666
2,15908
2,20998
3,14567
0,6544
0,16462
3,4441
2,11202
4,3221
3,11193
4,8456
3,18570
3,13307
0,1324
2,13096
3,21965
2,7628
3,9839
3,24103
0,24292
3,23860
0,21825
3,7768
0,9979
3,23920
0,24043
3,3361
4,11342
1,4993
4,8516
1,8687
4,287
3,116
2,18430
3,1264
2,13247
4,6896
0,6404
3,14427
0,6795
0,8984
1,4501
3,16522
3,4690
3,23623
4,21726
2,15848
2,15569
3,21996
4,23893
0,24261
3,8734
4,4820
0,16803
3,11160
3,3143
3,6925
3,14906
0,13065
3,1046
3,20668
2,18612
2,18583
4,334
4,18911
3,14605
0,6626
0,14594
0,16700
3,4723
2,16491
1,8837
3,9458
3,23401
0,23790
2,12098
1,12309
0,21504
2,21695
2,9689
2,9518
0,23541
3,7898
2,12249
3,21444
0,18851
4,6766
0,14745
0,4663
1,16640
0,8977
3,8674
3,3003
2,11020
2,16943
3,4960
3,3392
4,1106
4,13125
3,14846
2,6865
0,1297
1,20728
0,18752
0,274
1,15429
0,24321
2,8765
4,11131
2,3112
4,4871
0,16852
2,3283
1,20639
3,13034
3,1017
2,6974
0,14957
0,1386
1,365
2,18643
3,15538
3,24230
2,9798
1,9409
3,23450
3,21555
4,7989
1,12358
0,18940
0,14654
2,6677
1,16751
0,4772
2,8866
0,18800
0,6737
1,14714
0,14485
0,4632
3,16611
4,16580
3,8926
1,9549
3,23510
4,23681
0,21415
3,21784
0,12189
1,12218
0,21887
2,15478
0,23982
0,24370
3,8625
3,16912
0,4931
3,3052
3,11071
0,20779
0,14817
4,6834
0,1157
4,13174
0,225
3,18703
2,18492
4,11376
0,3355
4,16984
2,8522
1,122
3,18795
3,18404
2,13273
2,1250
3,14881
4,21811
0,24077
0,23914
0,5659
0,23586
3,23617
4,2039
2,17979
0,19768
3,21483
2,21712
2,14782
4,14413
0,6430
4,18896
4,16687
2,16516
2,4535
0,6570
1,14553
4,4475
0,16456
4,23757
2,17839
4,2179
0,19628
4,21652
3,21951
3,23854
0,24137
0,5719
3,5488
4,3184
4,3215
1,11236
4,8462
4,18544
0,1081
0,1310
0,13333
0,21840
3,5608
0,5599
3,23945
3,24026
2,3095
0,11327
4,3304
1,8573
4,18455
0,173
0,1190
4,13222
0,1201
1,14442
2,6461
1,16547
0,4564
2,17928
0,2068
0,23646
0,19739
3,21743
0,2128
3,17868
3,23497
0,23706
1,19679
0,21592
0,21603
3,14693
2,6521
3,14502
0,18987
3,16796
3,4424
0,16407
4,3244
3,11267
0,16895
1,8433
3,18684
2,18515
0,1341
0,13362
0,14990
3,21900
0,5748
3,24166
3,23805
3,23524
2,10329
0,21421
1,18834
4,6492
4,14720
2,6703
0,25028
4,4597
2,16625
0,4606
2,8912
2,8580
3,8611
3,22648
2,11045
2,3066
2,4905
2,16926
1,13140
0,1163
0,6800
2,14823
4,211
0,180
3,18737
0,24344
2,17549
3,19989
4,24195
0,24204
2,17409
2,17798
2,8751
0,22708
3,22499
2,16866
2,4845
0,11294
0,3126
3,11105
0,14963
4,6940
0,13391
3,1023
1,13000
3,351
2,18677
1,18974
0,6643
0,14660
0,25168
0,4746
2,16765
0,8852
3,23464
2,10269
3,21561
1,18865
2,14771
4,6752
2,16674
0,4657
3,25079
3,8943
2,10378
0,23575
4,21470
2,19898
3,17518
0,17689
0,24084
3,24315
2,8640
3,4954
0,16977
3,11385
0,11014
3,3037
0,22619
3,22588
2,6851
3,14872
3,13280
4,13111
0,1132
3,18766
0,240
4,8491
1,8700
3,3177
3,11154
0,16837
2,4814
4,22759
4,1072
1,13051
0,14932
4,6911
0,18626
1,300
1,17458
3,24255
2,10238
0,23435
2,21530
1,18925
0,6583
0,6612
2,14631
2,4486
3,4717
2,16734
0,25139
2,8803
3,24245
3,17448
0,310
1,18636
4,6901
3,14922
0,13041
0,1062
0,22749
4,4804
3,16827
0,11144
0,3167
1,8710
4,8481
3,8813
0,25129
2,16724
3,4707
1,4496
0,14621
0,6602
0,6593
1,18935
3,21520
0,23425
2,10228
0,21460
3,23565
3,10368
3,8953
0,25069
0,4647
2,16664
3,6742
1,14761
2,18875
4,250
3,18776
4,1122
4,13101
0,13290
3,14862
4,6841
2,22598
0,22609
4,3027
4,11004
3,11395
4,16967
3,4944
4,8650
3,24305
3,24094
0,17699
3,17508
3,19888
4,18667
2,341
2,13010
0,1033
0,13381
2,6950
0,14973
1,11115
3,3136
4,11284
0,4855
0,16876
3,22489
0,22718
1,8741
0,17788
4,17419
0,24214
0,24185
3,19999
3,21571
1,10279
3,23474
4,8842
1,16775
3,4756
4,25178
3,14670
0,6653
3,18964
1,8902
0,4616
3,16635
4,4587
0,25038
0,6713
0,14730
0,6482
3,18824
3,21431
1,10339
0,23534
0,17559
4,24354
4,18727
4,190
3,201
4,14833
4,6810
0,1173
3,13150
2,16936
0,4915
2,3076
1,11055
0,22658
2,8601
3,8590
0,16417
3,4434
1,16786
2,18997
2,14512
0,6531
4,14683
0,21613
3,21582
1,19669
4,23716
3,23487
3,17878
3,2138
3,23815
3,24176
0,5758
3,21910
0,14980
4,13372
0,1351
1,18505
3,18694
1,8423
0,16885
3,11277
1,3254
3,1211
0,13232
0,1180
4,163
2,18445
2,8563
1,3314
0,11337
2,3085
0,24036
3,23955
2,5589
2,5618
0,21850
3,21753
0,19729
1,23656
0,2078
0,17938
0,4574
2,16557
3,6471
0,14452
2,21642
2,19638
0,2169
3,17829
3,23747
4,16446
3,4465
1,14543
0,6560
2,13323
0,1300
4,1091
1,18554
4,8472
1,11226
3,3205
4,3194
2,5498
0,5709
0,24127
4,23844
3,21941
0,5649
2,23904
0,24067
0,21801
3,14891
3,1240
3,13263
4,18414
3,18785
1,132
1,8532
2,16994
0,3345
4,11366
0,4525
2,16506
2,16697
4,18886
3,6420
2,14403
2,14792
3,21702
0,21493
3,19778
3,17969
0,2029
4,23607
0,23596
3,12208
1,12199
4,21794
0,21405
3,23691
0,23500
1,9559
0,8936
2,16590
0,16601
0,4622
0,14495
1,14704
3,6727
0,18810
1,18482
2,18713
1,235
3,13164
3,1147
2,6824
4,14807
4,20769
2,11061
2,3042
2,4921
2,16902
1,8635
3,24360
0,23992
0,15468
3,21897
0,24220
1,15528
3,18653
0,375
2,1396
0,14947
1,6964
3,1007
2,13024
0,20629
2,3293
3,16842
3,4861
3,3102
3,11121
2,8775
1,8876
3,4762
1,16741
2,6667
4,14644
1,18950
2,12348
0,7999
2,21545
3,23440
2,9419
0,9788
3,8967
2,16650
3,4673
2,14755
3,6776
1,18841
0,21454
1,12259
2,7888
0,23551
2,9508
0,9699
2,24331
0,15439
4,264
1,18742
2,20738
0,1287
2,6875
0,14856
2,13135
0,1116
3,3382
2,4970
4,16953
2,11030
3,3013
1,8664
0,324
0,18593
1,18602
3,20678
0,1056
2,13075
0,14916
2,6935
1,3153
0,11170
3,16813
0,4830
0,8724
3,24271
3,23883
3,21986
1,15579
0,21685
3,21514
0,12319
2,12088
3,23780
0,23411
1,9448
2,8827
3,16481
0,4733
3,16710
0,14584
3,6636
0,14615
1,18901
3,6886
3,13257
4,1274
4,18420
4,106
0,297
1,8697
0,8506
3,4983
4,11352
3,3371
3,24053
0,23930
0,9969
0,7778
0,21835
3,15858
3,21736
0,23633
0,4680
3,16532
3,4511
0,8994
2,6785
0,14437
0,6414
0,4451
0,16472
0,6554
1,14577
0,20988
2,15918
2,21676
3,23773
3,23870
0,24282
0,24113
3,9829
1,7638
3,21975
0,13086
0,1334
3,13317
3,18560
0,8446
3,11183
2,3231
2,11212
3,23961
2,24393
0,24002
2,9938
0,21864
1,7729
2,13197
2,13206
3,1225
3,157
3,18471
2,8557
3,11092
0,11303
1,3320
4,16563
1,4540
0,20899
3,14466
2,6445
3,21767
0,15809
3,23662
0,21627
1,15949
0,23722
0,4791
0,4400
0,16423
1,8885
2,6694
4,6505
3,14526
2,6997
3,1365
0,13346
0,386
0,18531
2,8786
1,8417
0,4892
0,3260
0,11243
0,24142
2,23821
2,9878
3,21924
2,7669
3,8219
0,8188
3,22240
1,13548
3,20345
0,588
0,619
0,7067
3,15044
3,12927
0,5162
3,17141
2,10822
0,2801
2,9175
0,2493
0,2702
4,10721
3,12624
4,21029
1,19053
1,14328
0,25420
0,14268
3,25560
0,9035
0,10661
2,2642
2,12764
3,21169
0,19282
1,19113
3,12867
2,15295
2,15104
0,7127
4,2941
1,10962
1,17390
0,17001
0,5022
0,8359
2,22091
0,22300
0,13408
2,13799
4,20194
4,20205
3,759
4,12976
4,15384
3,7036
4,15015
2,10873
0,2850
1,17281
0,5133
2,17110
0,8248
3,22180
3,22211
3,20085
2,20314
2,13519
1,13688
3,648
1,14379
0,25471
0,9124
0,2753
2,10770
2,21078
3,12675
3,19393
2,19002
0,9064
0,2582
4,10630
3,2613
0,21138
2,12735
4,19142
2,14239
0,25531
0,8308
2,8099
4,22351
4,20254
0,13459
0,499
3,708
2,15155
4,7176
1,12836
0,17050
1,5073
0,2910
2,10933
0,10783
0,2431
2,10412
2,9246
3,19360
4,12686
0,12517
2,6038
1,13978
0,25482
1,25713
3,22173
0,25810
3,1658
3,20076
0,7354
3,15377
4,12985
0,5251
2,17272
4,10880
1,7185
3,15237
3,7214
4,5080
0,17332
4,5311
3,22033
3,1718
0,1489
1,20136
2,13838
0,6178
2,25653
4,10552
0,2571
0,9097
0,9306
3,19220
3,12457
4,13929
2,6069
3,25742
0,2460
2,10443
3,9186
2,9217
1,19331
2,12546
2,7094
0,7305
2,15326
0,5191
0,5200
2,17223
4,25841
4,22122
3,20027
0,1609
3,1598
3,22062
0,20167
4,1749
0,15266
0,7245
3,12894
2,17363
2,5340
2,10991
2,10692
1,10503
0,2520
0,9357
4,19271
0,12797
0,12406
2,6129
3,13869
0,25593
1,25602
3,25505
4,25694
0,16099
0,16308
0,9050
0,23398
4,23009
2,2627
3,10604
2,10595
0,12701
1,12490
3,19176
4,12802
3,7142
0,15161
4,24669
1,10907
3,2924
0,5047
4,17064
3,22365
0,11568
4,20260
3,3
2,22225
0,11428
4,20320
3,15021
4,7002
3,12942
0,7393
0,24729
0,17124
0,5107
3,2864
4,10847
0,5296
3,9110
2,9281
4,23149
0,10744
0,2767
3,12641
3,19036
0,25445
2,3899
4,16248
3,9001
2,9390
1,2676
2,10655
3,23058
3,12750
2,19127
2,3988
3,16359
2,25554
0,11539
4,22334
3,20231
2,7113
2,15130
4,12853
0,7282
4,5016
0,17035
4,10956
4,2975
0,5387
0,24638
4,12913
2,15070
2,7053
3,2835
4,10816
0,17175
0,5156
3,24778
4,11479
3,22274
0,20371
1,16188
0,16219
0,25414
0,25785
2,9141
3,10715
3,2736
0,10484
0,23289
3,23118
0,12610
3,12581
2,19067
0,7271
3,15252
4,5374
4,17357
4,2986
0,22056
4,3678
1,18129
1,20153
0,25636
0,4389
0,11958
1,4018
0,2514
3,10537
0,2685
4,9363
4,19245
0,12432
4,24888
0,10477
1,2454
2,9223
3,19305
1,19094
3,12572
0,25776
3,4158
4,11818
0,22116
4,22287
2,3738
2,18069
0,20013
0,20382
3,15312
0,7331
2,15083
2,17217
2,5234
1,17186
0,3629
3,22007
4,22396
2,18178
4,20102
2,20293
3,7220
2,15203
1,15192
2,5325
2,17306
3,17097
0,2545
2,10566
3,24999
1,9332
2,19214
3,19185
0,12463
4,4049
4,11909
2,25667
4,4298
4,11849
2,4109
1,25727
2,10426
4,2405
1,2794
1,9272
2,19354
1,12523
0,15343
0,7360
3,17246
0,5265
0,2897
0,3769
0,25824
3,22147
3,18038
0,20042
3,11929
3,4069
0,25647
3,12443
0,19234
2,9083
0,9312
3,10546
0,2565
3,5094
4,17326
3,5305
1,7191
3,15223
4,7200
2,20122
1,18158
0,3609
2,3598
3,22027
2,20062
2,18018
4,18389
3,3749
0,22167
0,25804
4,10894
2,5245
2,17266
4,12991
3,7340
0,15363
0,12692
4,12503
1,19374
1,9252
2,10797
0,2425
3,10406
3,4129
3,11869
3,25496
4,25707
0,12783
0,12412
1,19265
0,9343
1,10686
1,10517
3,2534
0,25587
1,25616
2,4038
0,11978
1,20173
1,18109
0,18298
0,22076
3,3658
0,10985
1,17377
4,5354
2,12880
1,15272
0,7251
3,5185
4,5214
2,17237
2,7080
0,7311
0,15332
3,20033
1,18049
3,25855
0,22136
3,3718
0,3489
0,25756
4,11838
0,4178
2,12552
3,19325
1,9192
1,9203
3,2474
0,10457
0,17384
1,2955
3,10976
3,17015
3,5036
0,24618
3,24589
4,15281
0,12873
2,15110
0,7133
1,20180
4,20211
2,11519
0,11688
0,22085
2,22314
2,16379
3,25574
0,19296
3,19107
2,12770
3,10675
0,2656
3,23078
0,9021
3,19047
3,12630
0,2487
0,2716
1,10735
3,23138
2,9161
3,16239
0,25434
4,20351
2,11459
3,22254
0,5176
4,17155
0,10836
0,2815
0,24758
2,7073
4,15050
0,12933
2,20240
3,22345
3,11548
0,24649
0,17044
1,5067
0,2904
3,10927
2,15141
3,7162
3,12822
2,19156
4,12721
3,23029
0,2596
2,10624
3,2607
3,9070
3,25525
0,16328
0,25465
2,16268
4,19387
2,19016
3,12661
4,23169
3,2747
1,10764
2,9130
0,24709
2,24498
3,17295
4,10867
0,2844
0,5127
2,17104
4,15390
4,12962
1,7022
4,15001
3,20091
4,20300
4,22194
3,22205
1,11408
1,11799
3,20007
4,20396
0,1629
3,22102
0,25861
3,22293
2,17203
2,5220
0,17192
2,15306
0,7325
2,15097
3,12566
1,19311
1,19080
2,9237
3,10463
4,2440
0,25762
2,6049
1,13909
1,25622
3,889
4,13849
0,6298
2,6109
2,12426
0,19251
0,9377
2,2500
4,10523
0,2691
0,2992
0,5360
4,17343
0,7265
3,15246
1,20147
0,1769
0,22042
3,2883
0,17252
4,5271
0,15357
3,7374
3,1678
2,20056
3,25830
3,22153
0,25733
0,998
3,13958
2,6389
4,6018
1,12537
2,19340
2,9266
2,10432
0,2411
4,2780
4,12477
3,19200
2,19191
0,9326
0,2551
2,10572
3,25673
4,6158
1,13818
0,1738
4,20116
1,20287
3,22013
4,22382
4,5331
3,17312
3,17083
4,7234
0,15217
2,15186
4,19022
0,21058
3,12655
3,10750
0,2773
0,9104
2,9295
0,25451
3,14359
0,1988
2,668
4,20334
0,13539
3,22231
0,8268
0,17130
0,5113
4,5282
0,2870
2,10853
3,15035
3,7016
0,7387
2,12956
2,10913
0,2930
0,5053
3,17070
3,12816
0,7156
2,15175
3,728
0,20274
3,13479
3,22371
0,8328
2,25511
1,25680
0,14188
0,14219
4,19162
4,21289
0,21118
4,12715
1,12484
4,2633
0,10610
4,10581
3,9044
0,25400
0,25791
0,14099
3,14308
4,19073
3,12604
1,12595
3,21398
4,21009
2,10701
3,2722
3,88
0,10490
2,9155
3,2821
2,10802
2,17161
3,5142
3,12907
0,15064
0,7047
0,639
0,13568
1,20365
3,22260
2,8239
0,779
4,13428
3,20225
3,22320
4,8379
3,5002
0,17021
2,5393
2,10942
2,2961
2,7107
2,15124
0,7296
1,12847
4,19133
3,12744
4,21149
3,2662
3,10641
3,9015
1,9384
0,25540
2,14248
3,1899
3,23642
3,21747
3,15829
2,6465
4,14446
0,4560
2,16543
1,3300
0,11323
3,3091
2,8577
0,177
1,18451
3,1205
3,13226
3,1194
0,21844
2,7498
2,7709
3,9918
3,24022
3,23941
0,21904
2,7649
2,9858
3,23801
3,24162
2,11263
0,3240
3,16891
1,8437
2,18511
2,18680
4,13366
2,1345
0,14994
3,14506
3,6525
1,14697
2,18983
0,16403
3,4420
1,16792
0,23702
0,23493
0,21607
3,21596
3,15969
0,6434
2,14417
2,14786
4,18892
0,4531
2,16512
2,16683
3,23613
3,23582
1,15878
2,21716
0,21487
1,7758
3,21815
0,9949
0,23910
0,24073
0,3351
4,11372
2,16980
2,8526
0,18400
3,18791
0,126
3,1254
3,13277
0,14885
1,11232
4,3211
2,3180
4,8466
2,18540
3,13337
3,1314
4,1085
2,7589
1,7618
3,21955
0,9809
0,24133
3,23850
3,23753
2,15938
2,21656
1,14557
0,6574
0,16452
4,4471
2,8644
3,3033
1,11010
3,16973
3,4950
0,11381
3,20489
0,20718
4,1136
3,13115
2,14876
3,6855
2,13284
4,244
3,18762
0,15788
3,15419
3,24311
0,24080
1,9528
0,23571
3,21474
2,12279
1,18861
3,6756
1,14775
0,4653
2,16670
0,8947
2,18921
0,14635
0,6616
3,6587
2,16730
3,4713
0,4482
3,8807
1,9468
3,23431
4,21534
3,12339
2,15559
0,24251
1,8704
4,8495
2,4810
4,16833
3,11150
3,3173
0,20658
4,6915
0,14936
1,13055
0,1076
1,304
3,18622
2,15448
0,24340
2,8615
2,8584
3,16922
2,4901
2,3062
2,11041
2,14827
4,6804
0,1167
4,13144
3,20749
0,18733
1,184
0,215
0,18830
2,6707
2,14724
3,6496
1,4602
4,16621
4,4593
0,8916
2,9579
3,23520
2,12228
0,21425
1,9439
0,23460
0,12368
3,21565
2,18970
0,14664
3,6647
2,16761
0,4742
1,8856
1,8755
0,11101
4,3122
2,4841
2,16862
3,11290
0,13004
0,1027
2,6944
4,14967
0,13395
3,20598
1,20609
2,18673
4,355
1,15699
2,15508
4,24200
0,24191
3,21961
0,5729
0,24296
4,23864
0,24107
0,11197
0,3225
2,11206
3,8452
3,18574
4,13092
0,1320
2,13303
4,6540
1,14563
3,4445
0,16466
4,22899
2,17809
0,2149
3,23767
0,19618
2,19589
4,21662
0,2009
3,2398
4,17949
0,23627
3,19758
4,21722
2,6791
4,14423
3,6400
0,8980
3,4694
3,16526
3,4505
0,11346
0,3365
1,4997
2,8683
3,8512
0,18434
1,112
0,283
2,13243
0,1260
0,6892
3,21821
0,5669
3,24047
2,23924
0,3274
4,11257
2,4886
0,8792
4,8403
0,392
0,18525
3,1371
0,13352
0,6983
0,21930
3,24156
2,23835
0,5778
4,23736
0,2118
3,2289
0,17858
0,19649
4,21633
2,6680
0,6511
1,14532
0,8891
4,4785
3,4414
1,16437
3,14472
2,6451
0,22988
4,16577
3,4554
3,23676
3,17918
0,2058
1,19709
3,19498
0,21773
3,21870
2,24387
3,23975
3,24016
0,5638
0,11086
3,11317
0,3334
2,8543
4,143
3,18465
2,13183
1,13212
3,1231
2,18944
0,6673
4,14650
3,4776
1,16755
3,25158
2,8862
1,5888
4,10259
0,23454
3,21551
3,17439
0,24234
0,8761
4,16856
3,4875
3,3287
4,3116
1,11135
4,22738
0,14953
0,6970
0,1382
3,1013
2,13030
2,18647
1,361
0,8621
3,11075
2,3056
0,4935
4,16916
0,22678
4,13170
0,1153
2,6830
0,14813
3,18496
3,18707
4,221
0,21883
3,17579
3,23986
0,24374
3,10319
3,10088
3,23685
3,23514
0,21780
0,21411
0,18804
0,14481
4,14710
0,6733
0,16584
0,16615
0,4636
3,25018
0,25389
3,8922
0,23794
3,23405
1,10208
3,10199
2,21691
1,21500
1,18915
3,14590
0,6622
2,14601
3,25109
0,25298
2,16495
4,4727
2,16704
2,8833
1,8730
4,22769
4,3147
3,11164
1,16807
4,4824
3,1042
4,13061
3,14902
2,6921
4,330
2,18587
3,18616
3,21992
0,23897
0,24265
0,17468
4,24325
2,17528
0,8670
3,22629
4,4964
0,16947
3,3396
2,11024
3,3007
1,6861
3,14842
3,1293
0,13121
4,1102
4,270
3,18756
1,18855
1,14741
3,6762
3,25049
1,16644
0,4667
3,8973
0,23545
4,5999
2,10348
0,21440
1,18746
0,260
0,1112
2,13131
0,1283
2,14852
2,6871
0,3017
3,11034
0,3386
3,16957
0,4974
0,22639
1,8660
4,17538
2,24335
0,21450
3,10358
4,5989
0,23555
0,8963
2,4677
2,16654
0,25059
0,6772
1,14751
2,18845
0,8823
2,16714
3,4737
2,16485
1,25288
0,25119
0,14611
0,6632
1,14580
2,18905
0,21510
2,21681
2,10189
1,10218
3,23415
2,23784
0,17478
3,24275
2,23887
0,21982
2,18606
1,18597
0,320
4,6931
0,14912
2,13071
0,1052
3,4834
1,16817
0,11174
1,3157
3,22779
2,8720
0,24364
3,23996
2,17569
3,21893
4,231
3,18717
0,18486
1,14803
1,6820
0,1143
3,13160
2,22668
0,16906
4,4925
0,3046
2,11065
1,8631
3,8932
0,25399
0,25008
0,4626
0,16605
3,16594
0,6723
1,14700
0,14491
0,18814
0,21401
0,21790
3,23504
3,23695
3,10098
3,10309
2,21541
3,23444
0,10249
0,5898
2,8872
0,25148
4,16745
4,4766
0,14640
2,6663
1,18954
2,371
2,18657
2,13020
3,1003
3,1392
2,6960
3,14943
0,22728
3,11125
0,3106
4,3297
3,4865
3,16846
2,8771
3,24224
3,17429
3,21763
0,19488
2,19719
0,2048
0,17908
3,23666
4,4544
0,16567
3,22998
2,6441
3,14462
4,1221
2,13202
3,13193
0,18475
3,153
2,8553
2,3324
0,11307
3,11096
3,5628
0,24006
3,23965
0,24397
0,21860
0,5768
0,23825
0,24146
3,21920
0,6993
0,13342
0,1361
3,18535
3,382
3,8413
2,8782
2,4896
1,11247
2,3264
0,16427
3,4404
0,4795
1,8881
2,14522
3,6501
2,6690
0,21623
2,19659
3,17848
0,2299
3,2108
2,23726
0,4515
2,16536
3,4684
0,8990
3,6410
3,14433
3,6781
2,21732
1,19748
0,23637
0,17959
4,2388
0,2019
0,23934
0,24057
0,5679
0,21831
4,6882
3,1270
2,13253
0,293
2,102
1,18424
0,8502
1,8693
0,4987
3,3375
4,11356
2,13313
3,1330
2,13082
3,18564
2,8442
3,11216
3,3235
3,11187
0,24117
3,23874
0,24286
0,5739
3,21971
3,21672
3,19599
0,19608
2,23777
0,2159
2,17819
0,22889
0,16476
0,4455
1,14573
0,6550
0,8846
0,4752
4,16771
2,6657
2,14674
3,18960
3,21575
3,12378
3,23470
2,9429
0,24181
0,24210
3,15518
2,15689
2,345
2,18663
0,20619
1,20588
0,13385
0,14977
1,6954
0,1037
2,13014
3,11280
1,16872
0,4851
3,3132
1,11111
4,8745
0,205
4,194
0,18723
4,20759
3,13154
0,1177
3,6814
4,14837
2,11051
2,3072
3,4911
4,16932
2,8594
2,8605
0,24350
2,15458
0,21435
2,12238
0,23530
2,9569
1,8906
4,4583
0,16631
0,4612
0,6486
3,14734
3,6717
3,18820
3,12329
4,21524
0,23421
2,9478
0,8817
0,4492
3,4703
2,16720
0,6597
0,6606
3,14625
0,18931
4,18632
2,314
3,1066
2,13045
0,14926
4,6905
3,20648
0,3163
0,11140
0,16823
4,4800
4,8485
2,8714
0,24241
4,15549
0,24090
0,24301
3,15409
3,15798
3,18772
0,254
4,13294
0,6845
3,14866
3,13105
3,1126
1,20708
2,20499
2,11391
0,4940
2,16963
1,11000
3,3023
2,8654
0,8957
2,16660
0,4643
1,14765
2,6746
2,18871
0,12269
0,21464
0,23561
1,9538
2,23840
0,24123
2,9819
3,21945
2,7608
1,7599
0,1095
0,1304
3,13327
1,18550
4,8476
4,3190
0,3201
3,11222
3,4461
2,16442
0,6564
0,14547
4,21646
4,15928
3,23743
0,21497
4,21706
4,15868
2,23592
3,23603
2,16693
4,16502
0,4521
1,18882
0,14796
2,14407
3,6424
3,14895
0,13267
3,1244
2,136
3,18781
4,18410
1,8536
2,16990
1,11362
0,3341
0,24063
2,23900
0,9959
0,21805
4,7748
0,14984
0,1355
0,13376
2,18690
1,18501
1,8427
0,16881
4,3250
0,11273
3,24172
4,23811
3,9848
1,7659
0,21914
1,15979
0,21586
0,21617
3,23483
3,23712
1,16782
3,4430
0,16413
2,18993
0,14687
3,6535
1,14516
0,16553
3,4570
0,14456
0,6475
2,15839
3,21757
3,23652
3,23951
0,24032
4,9908
1,7719
2,7488
3,21854
0,1184
2,13236
0,1215
2,18441
4,167
3,8567
3,3081
0,11333
4,3310
0,12857
0,7286
3,15134
2,7117
1,2971
0,10952
4,5383
2,17031
3,5012
4,8369
3,22330
3,20235
0,13438
3,769
0,1889
3,14258
0,25550
0,9394
3,9005
3,10651
1,2672
0,21159
0,12754
2,19123
3,9145
3,10480
1,98
3,2732
4,10711
3,21019
0,21388
1,12585
4,12614
2,19063
4,14318
0,14089
0,25781
0,25410
4,8229
4,22270
0,20375
4,13578
4,629
2,7057
2,15074
0,12917
0,5152
0,17171
2,10812
0,2831
0,8338
3,22361
4,13469
0,20264
0,7
0,738
2,15165
0,7146
3,12806
3,17060
3,5043
0,2920
4,10903
0,9054
1,10591
4,10600
0,2623
1,12494
3,12705
0,21108
4,21299
3,19172
3,14209
3,14198
1,25690
0,25501
0,1998
2,14349
0,25441
3,9285
0,9114
3,2763
3,10740
0,12645
0,21048
0,19032
2,12946
0,7397
4,7006
3,15025
1,10843
0,2860
4,5292
3,5103
0,17120
3,8278
3,22221
4,13529
4,20324
3,678
0,13808
4,6148
1,25663
0,10562
0,2541
3,9336
0,19181
0,19210
0,12467
1,15196
2,15207
3,7224
0,17093
0,17302
0,5321
3,22392
0,22003
0,20297
0,20106
4,1728
3,22143
0,25820
4,20046
0,1668
0,7364
0,15347
4,5261
0,17242
3,2893
4,2790
0,2401
4,10422
2,9276
3,19350
4,12527
2,6008
3,6399
1,13948
0,988
3,25723
0,2681
2,10533
0,2510
0,9367
2,19241
3,12436
4,6119
0,6288
4,13859
1,899
0,25632
3,22052
0,1779
1,20157
3,15256
0,7275
1,17353
2,5370
0,2982
2,15087
3,7335
2,15316
1,17182
0,5230
3,17213
4,22283
3,22112
3,1639
3,20386
3,20017
0,13919
4,6059
0,25772
0,2450
0,10473
2,9227
4,19090
3,19301
2,12576
0,9120
2,10774
0,2757
3,23179
0,12671
2,19006
0,19397
2,16278
0,25475
2,11789
2,11418
4,22215
2,22184
2,20310
3,20081
0,15011
0,7032
1,12972
4,15380
0,17114
0,5137
0,2854
1,10877
2,17285
2,24488
0,24719
3,12832
0,7172
2,15151
2,10937
0,2914
1,5077
0,17054
3,24659
3,11558
3,22355
2,20250
1,16338
0,25535
0,9060
3,2617
0,10634
4,2586
2,23039
2,12731
0,19146
0,25424
1,16229
2,9171
3,23128
4,10725
0,2706
0,2497
2,12620
4,19057
3,12923
3,15040
0,7063
0,24748
2,2805
2,10826
4,17145
3,5166
3,22244
2,11449
0,20341
3,22304
3,22095
0,11698
4,11509
3,20201
0,20190
0,7123
2,15100
3,12863
2,15291
0,24599
3,24608
0,5026
0,17005
1,10966
2,2945
0,17394
0,9031
3,23068
1,2646
1,10665
2,12760
0,19117
3,19286
3,25564
0,16369
0,3499
2,3708
0,22126
0,25845
1,18059
3,20023
0,15322
0,7301
2,7090
2,17227
3,5204
0,5195
2,10447
4,2464
2,9213
2,9182
4,19335
2,12542
3,4168
4,11828
3,25746
3,11968
2,4028
2,25606
0,25597
0,2524
0,10507
3,10696
1,9353
3,19275
2,12402
1,12793
0,7241
1,15262
3,12890
2,5344
2,17367
2,10995
4,3648
3,22066
2,18288
0,18119
2,20163
0,15373
0,7350
4,12981
1,17276
0,5255
0,10884
0,25814
4,22177
0,3759
4,18399
2,18008
0,20072
4,25717
3,25486
0,11879
3,4139
1,10416
0,2435
1,10787
2,9242
1,19364
0,12513
0,12682
0,2575
3,10556
3,9302
0,9093
3,19224
0,12453
0,25657
0,4079
3,11939
0,22037
1,3588
0,3619
2,18148
1,20132
3,7210
3,15233
0,7181
4,5315
4,17336
0,5084
