label,index
1,5114
1,17137
0,10854
3,2877
0,5285
0,7011
0,15032
0,12951
3,7380
4,18349
4,20333
1,22236
3,3789
2,3418
3,25456
2,4278
4,19025
2,12652
4,24839
4,2774
4,10757
3,9103
5,9292
1,19165
4,12712
4,12483
2,24979
3,10617
4,2634
4,10586
2,9043
3,25516
4,25687
4,4338
5,18198
1,18209
2,20273
3,22376
1,3558
3,2937
2,10914
1,17077
3,5054
0,12811
3,15172
3,7151
4,18089
1,18318
2,20362
2,3449
4,22267
1,10805
2,2826
2,5145
2,17166
3,12900
5,7040
0,15063
4,19074
2,12603
0,12592
1,2725
2,10706
4,10497
0,24868
5,9152
1,4229
3,25407
3,25796
2,4369
1,25547
4,19134
2,12743
1,10646
2,2665
3,24928
3,9012
4,9383
1,17026
4,5005
4,2966
2,10945
0,5394
5,15123
5,7100
4,12840
3,7291
5,18258
1,20222
3,3698
1,3509
2,22327
3,25765
4,16168
0,3828
4,12561
4,19316
0,19087
0,9230
2,23269
2,2447
2,10464
4,24798
4,24409
2,5227
5,17204
5,17195
3,7322
2,15301
5,15090
2,20000
2,20391
2,22105
0,22294
3,11499
3,11708
4,20140
3,22045
5,11648
3,24549
4,17344
2,5367
2,2995
2,15241
3,7262
5,12421
0,19256
4,9370
0,23329
1,10524
3,2507
2,2696
1,25625
5,3968
5,16028
2,12530
0,19347
5,9261
2,2416
5,10435
2,2787
2,23238
2,3879
5,16139
1,25734
5,20051
0,11759
3,25837
2,22154
4,5276
1,17255
3,2884
2,24458
1,7373
2,15350
2,17315
0,5336
3,17084
2,24689
1,24518
1,15210
2,7233
2,15181
1,20111
4,20280
4,11588
4,11619
2,22014
2,22385
3,16079
0,3939
0,25674
4,12470
0,19207
1,19196
4,9321
0,10575
1,2556
3,23378
2,19291
2,19100
0,12777
4,2651
3,10672
3,9026
1,25573
4,13889
2,6258
4,849
2,1438
2,20187
2,20216
1,22082
0,22313
2,10971
4,2952
4,17383
0,5031
1,17012
3,12874
5,15286
3,7134
2,15117
0,17152
3,5171
4,2812
4,10831
5,15057
4,7074
3,12934
2,1578
2,20356
0,22253
3,25433
1,6318
0,6089
0,909
5,19040
2,12637
3,2480
4,10732
2,2711
5,9166
2,25522
0,6209
2,6198
2,818
4,19151
1,12726
3,2591
3,2600
5,10623
3,9077
3,5060
0,17043
4,10920
3,2903
2,7165
5,15146
2,12825
0,20247
3,1469
2,22342
1,20096
5,20307
3,1529
4,22193
2,22202
0,2843
0,10860
1,17292
2,17103
1,5120
0,12965
2,15397
0,15006
4,7025
3,19380
4,19011
2,12666
4,10763
3,2740
2,9137
3,25462
2,13998
5,6349
2,958
0,13728
0,20125
1,479
4,8079
3,22020
2,5093
0,5302
3,17321
1,7196
1,7207
0,15224
2,12444
2,21249
3,19233
3,9084
1,9315
3,2562
1,10541
2,25640
2,1808
1,14148
2,25491
1,25700
1,14008
1,14399
0,1948
2,12695
1,12504
4,21309
1,21098
4,19373
4,9255
4,10790
0,10401
5,19
0,2422
2,17261
5,5242
3,10893
1,15364
1,7347
0,12996
5,13668
4,20065
3,539
2,8139
4,22160
3,25803
4,5353
4,17370
5,10982
1,7256
4,15275
2,12887
4,20174
4,13779
1,428
2,8028
2,22071
3,25580
4,25611
1,14119
4,14288
3,1859
1,21218
3,21189
1,12784
3,12415
5,19262
1,9344
4,10681
2,2533
1,10510
2,21358
2,12555
5,19322
1,9195
4,9204
5,10450
1,2473
3,48
3,25751
0,1919
2,14059
2,20034
2,13639
5,568
0,8168
5,25852
3,22131
3,5182
4,17230
1,5213
5,7087
3,15335
3,7316
2,8766
1,3280
4,4872
2,16851
4,11132
2,3111
3,1385
5,6977
1,14954
4,13037
2,1014
2,18640
0,366
4,7518
4,7689
3,24233
5,9898
1,23453
2,21556
2,18943
1,14657
1,6674
3,20939
4,16752
2,4771
5,8865
5,18803
1,14486
3,6734
2,14717
2,20879
1,16583
3,4631
3,16612
2,8925
4,23682
2,23513
2,21787
3,21416
1,7458
2,21884
1,24373
1,23981
3,8626
2,3051
2,11072
3,16911
3,4932
3,1154
5,13177
4,14814
1,6837
5,18491
3,18700
1,226
2,21995
4,7549
1,24262
4,23890
4,8737
5,11163
5,3140
4,4823
4,16800
1,13066
1,1045
1,6926
0,14905
1,337
0,18580
5,18611
1,18912
1,20968
3,14597
3,14606
3,6625
0,16492
3,16703
0,4720
1,8834
2,23793
3,23402
0,21696
1,21507
3,23542
2,21447
1,18852
4,20828
4,6765
1,14746
3,4660
4,16643
3,8974
3,8677
2,3391
5,16940
4,4963
3,3000
5,11023
1,1294
2,14845
0,6866
1,1105
4,13126
3,277
4,18751
2,7409
3,7798
1,24322
3,9989
1,23760
4,9739
5,7928
2,12068
4,21665
4,14564
3,6547
3,16461
2,4442
0,11190
5,11201
4,3222
4,8455
2,18573
1,13095
5,13304
2,1327
5,20509
1,20698
5,15608
2,15599
2,21966
4,23863
2,24291
3,24100
3,15748
3,21826
3,24040
0,23923
3,4990
2,3362
4,11341
5,8684
1,8515
5,18433
3,115
1,284
4,6895
3,1267
5,13244
1,20449
2,6796
3,6407
4,14424
3,8987
0,4693
0,4502
5,16521
3,23620
0,9679
0,12128
2,7868
4,21725
4,6687
4,14535
5,6516
4,8896
4,4782
1,16430
0,4413
2,23731
1,9768
1,21634
1,12039
4,7979
2,21937
2,15659
3,24151
0,23832
0,4881
1,11250
4,3273
5,8795
4,8404
1,395
5,18522
4,20558
2,6984
1,13355
1,1376
3,11081
5,3333
2,11310
5,8544
1,144
0,18462
1,20418
3,20789
5,13184
3,1236
4,13215
3,21877
3,15719
0,15488
0,23972
1,24380
2,24011
0,23671
2,9628
2,21774
1,7839
4,12179
5,6456
2,14475
2,4553
0,16570
4,18866
4,14772
4,6751
2,22919
5,16677
1,4654
2,8940
1,23576
2,2358
5,17989
3,21473
1,19798
3,19409
3,24316
3,24087
3,5538
5,8643
0,11017
2,3034
0,11386
2,4957
5,16974
0,13112
3,1131
2,13283
0,6852
3,14871
3,243
2,18765
4,8703
1,8492
4,16834
0,4817
2,3174
3,11157
1,14931
4,6912
1,1071
2,13052
4,303
1,18625
1,24256
0,5478
1,23436
3,2189
1,2218
4,21533
1,19549
3,18926
3,6611
1,14632
0,6580
4,22859
2,4714
1,16737
3,4485
5,8800
3,2098
2,2309
3,23527
3,21422
5,19458
4,18837
2,14723
5,6700
1,6491
1,16626
1,4605
4,4594
2,22948
5,8911
5,8612
5,8583
1,4906
5,16925
5,11046
0,3065
1,6803
3,14820
1,13143
3,1160
3,18734
3,183
1,212
4,5569
3,24347
1,5429
3,24207
1,24196
2,8752
4,3125
3,11106
2,11297
5,16865
0,4846
1,1020
0,13003
1,13392
1,14960
3,6943
5,18674
4,352
4,18977
2,6640
4,14663
2,4745
2,16766
2,22808
2,8851
1,2249
4,17898
2,23467
2,21562
4,19689
2,19518
3,21843
3,19839
2,24025
2,23946
4,17628
3,22529
1,11324
2,3307
0,3096
4,8570
4,170
4,18456
3,13221
3,1202
3,1193
4,14441
5,6462
3,25349
1,16544
3,4567
4,23645
0,10048
2,5908
0,21740
3,23705
1,23494
3,5848
0,10299
0,10108
3,21600
2,21591
5,6522
3,14501
1,14690
0,18984
5,25198
5,25209
2,4427
3,16404
0,16795
2,22469
3,16896
4,3247
2,11264
4,8430
0,18516
5,18687
1,14993
1,1342
1,13361
2,21903
1,19979
4,23806
0,24165
0,17768
4,16987
4,11375
1,3356
2,22578
0,8521
4,18407
3,18796
0,121
0,14882
1,13270
3,1253
4,21812
5,19868
4,17679
3,23917
3,24074
1,5959
5,10388
3,10019
3,23614
0,23585
3,21711
1,21480
4,14410
3,6433
5,14781
4,18895
5,16515
0,4536
5,16684
2,25089
2,25318
3,6573
2,14550
4,4476
1,16455
1,25258
5,10159
3,5819
1,23754
4,21651
2,21952
5,19928
1,17739
1,24134
0,23857
4,3216
1,11235
4,3187
0,22438
1,8461
4,18547
1,1313
3,13330
0,1082
0,21641
2,23744
1,5809
4,10149
2,25248
5,16445
0,4466
4,14540
3,6563
0,1092
0,13320
4,1303
3,18557
1,8471
2,22428
0,3197
4,11225
3,3206
2,23847
3,24124
4,17729
4,19938
3,21942
3,24064
4,23907
0,17669
2,19878
2,21802
2,1243
2,13260
2,14892
3,131
3,18786
0,18417
4,8531
3,22568
3,3346
1,11365
1,16997
0,25308
2,25099
5,16694
3,4526
1,16505
4,18885
0,14791
3,6423
4,14400
4,21490
1,21701
3,23595
2,23604
3,10009
5,10398
4,5949
4,16785
1,16414
2,4437
4,25219
3,25188
5,18994
1,14680
3,14511
2,6532
2,21581
3,21610
5,10118
4,10289
3,5858
2,23484
4,23715
2,17778
3,24175
0,23816
0,19969
2,21913
2,13371
1,1352
3,14983
2,18697
1,18506
4,8420
3,11274
4,3257
3,16886
3,22479
3,1183
3,1212
1,13231
0,18446
1,160
1,8560
0,3086
4,3317
1,11334
3,22539
4,17638
2,23956
3,24035
5,19829
1,21853
2,21750
1,5918
2,10058
4,23655
3,4577
1,16554
2,25359
3,6472
5,14451
5,342
5,18664
4,6953
3,14970
1,13382
0,13013
2,1030
3,4856
1,16875
2,11287
4,11116
2,3135
3,8742
1,24186
1,24217
2,5439
2,19508
4,19699
2,21572
2,23477
1,17888
3,2259
0,8841
2,22818
1,16776
3,4755
0,14673
1,6650
5,18967
4,8901
1,22958
4,4584
3,4615
4,16636
3,6481
3,6710
1,14733
0,18827
4,19448
3,21432
3,23537
2,2319
2,2088
3,24357
5,5579
1,202
4,193
1,18724
3,1170
3,13153
1,14830
0,6813
0,3075
4,11056
4,16935
2,4916
4,8593
5,8602
2,5468
3,24246
4,18635
3,313
4,13042
2,1061
1,6902
0,14921
2,11147
3,3164
0,4807
3,16824
4,8482
4,8713
2,8810
2,4495
5,16727
2,4704
4,22849
3,6590
2,14622
3,6601
4,18936
2,19559
4,21523
3,2208
3,2199
3,23426
2,19419
2,19788
3,21463
4,17999
0,2348
3,23566
2,8950
1,4644
0,16667
2,22909
0,6741
4,14762
5,18876
2,18775
1,253
1,14861
1,6842
4,13293
1,1121
2,13102
1,16964
2,4947
1,11396
1,3024
0,11007
5,8653
1,5528
3,24097
2,24306
1,24001
1,24390
2,23962
5,15498
2,15709
2,21867
5,13205
2,1226
2,13194
3,20799
3,20408
2,18472
2,154
4,8554
1,11300
2,3323
1,11091
1,16560
4,4543
2,14465
5,6446
3,12169
5,7829
2,21764
0,9638
2,23661
5,7969
2,12029
3,21624
4,9778
3,23721
2,4403
1,16420
4,4792
5,8886
1,6506
5,14525
0,6697
3,1366
3,13345
2,6994
2,20548
5,18532
1,385
1,8414
0,8785
5,3263
4,11240
4,4891
0,23822
3,24141
5,15649
3,21927
4,20459
2,13254
1,1277
3,6885
3,294
1,105
4,18423
1,8505
4,8694
3,11351
2,3372
0,4980
1,23933
2,24050
3,21836
3,15758
0,21735
5,7878
2,12138
1,9669
3,23630
2,16531
3,4512
2,4683
3,8997
3,14434
3,6417
0,6786
1,4452
2,16471
3,6557
4,14574
0,21675
5,12078
4,7938
4,9729
0,23770
3,24110
3,24281
2,23873
2,21976
5,15589
5,15618
4,20688
4,20519
2,1337
5,13314
5,13085
0,18563
3,8445
0,3232
2,11211
1,11180
3,8964
0,16653
3,4670
0,14756
0,6775
1,20838
4,18842
3,21457
3,23552
3,9999
3,24332
4,7788
5,7419
4,18741
4,267
0,13136
1,1115
0,6876
0,14855
2,1284
3,11033
2,3010
3,4973
4,16950
2,3381
0,8667
4,18601
0,18590
2,327
1,14915
5,6936
0,1055
4,13076
5,16810
2,4833
4,3150
3,11173
4,8727
2,23880
2,24272
4,7559
3,21985
2,21517
4,21686
2,23412
2,23783
5,8824
1,4730
5,16713
2,16482
2,6635
1,14616
1,14587
0,20978
4,18902
3,21406
0,21797
2,23503
2,23692
1,8935
3,16602
1,4621
2,16593
2,20869
4,14707
1,6724
3,14496
3,18813
1,236
0,18710
1,18481
0,6827
4,14804
1,13167
3,1144
0,4922
1,16901
0,11062
3,3041
4,8636
1,23991
3,24363
3,21894
2,7448
1,9888
1,24223
5,7699
5,7508
3,376
5,18650
0,1004
5,13027
2,14944
1,6967
2,1395
0,3101
2,11122
3,16841
0,4862
1,3290
5,8776
4,8875
0,4761
4,16742
2,20929
5,6664
1,14647
4,18953
0,21546
2,23443
1,14049
3,1909
3,25741
3,58
2,2463
5,10440
5,9214
1,9185
4,19332
5,12545
2,21348
3,7306
5,15325
3,7097
1,5203
3,17220
1,5192
1,22121
3,25842
0,8178
2,578
4,13629
1,20024
0,22061
3,8038
2,438
3,13769
5,20164
3,12897
2,15265
1,7246
5,10992
4,17360
0,5343
4,10500
3,2523
0,10691
4,9354
2,19272
3,12405
4,12794
3,21199
0,21208
3,1849
4,14298
1,14109
3,25601
2,25590
3,2432
0,10411
0,10780
5,9245
1,19363
1,21088
3,21319
1,12514
3,12685
3,1958
4,14389
4,14018
4,25710
1,25481
3,25813
0,22170
0,8129
3,529
2,20075
1,13678
1,12986
1,7357
2,15374
4,10883
2,5252
5,17271
2,15234
2,7217
4,7186
1,17331
1,5312
4,5083
2,22030
1,8069
3,469
4,20135
4,13738
2,14158
3,1818
2,25650
2,10551
2,2572
2,9305
3,9094
3,19223
0,21259
3,12454
2,7035
1,15016
1,15387
4,12975
3,5130
0,17113
4,17282
5,10870
3,2853
3,22212
2,22183
3,1539
4,20317
2,20086
2,948
2,6359
1,13988
3,25472
0,9127
3,2750
5,10773
2,12676
0,19001
3,19390
3,9067
1,10633
1,2610
1,2581
3,12736
1,19141
3,808
4,6188
4,6219
0,25532
4,22352
2,1479
1,20257
4,12835
0,15156
4,7175
2,2913
5,10930
3,17053
1,5070
2,22243
2,20346
3,1568
2,12924
2,7064
3,15047
2,10821
5,2802
3,5161
2,17142
5,9176
3,2701
1,10722
2,2490
2,12627
2,19050
0,919
0,6099
0,6308
3,25423
4,859
1,6248
2,13899
2,25563
3,9036
4,10662
0,2641
0,12767
4,19110
1,19281
5,15107
3,7124
4,15296
2,12864
1,17002
1,5021
1,17393
4,2942
4,10961
2,22303
0,22092
1,20206
4,20197
3,1428
1,22395
3,22004
3,11609
4,11598
1,20290
4,20101
4,15191
2,7223
5,15200
2,24508
1,24699
2,17094
0,5326
5,17305
2,23368
3,2546
4,10565
4,9331
3,19186
3,19217
1,12460
4,25664
2,3929
2,16069
0,25724
5,16129
0,3869
0,23228
4,2797
4,10425
3,2406
4,9271
3,19357
0,12520
3,15340
1,7363
0,24448
2,2894
3,17245
0,5266
1,22144
2,25827
0,11749
3,20041
2,7272
0,15251
4,2985
0,5377
5,17354
3,24559
0,11658
2,22055
1,20150
0,16038
4,3978
3,25635
3,2686
2,2517
0,10534
1,23339
4,9360
2,19246
2,12431
3,10474
3,2457
2,23279
4,9220
4,19097
4,19306
0,12571
3,3838
2,16178
3,25775
3,11718
0,11489
4,22284
2,22115
1,20381
3,20010
5,15080
2,15311
3,7332
4,17185
0,17214
1,5237
0,24419
5,24788
0,9393
2,9002
2,24938
4,2675
3,10656
1,12753
5,19124
5,25557
2,4379
2,22337
0,3519
5,3688
0,20232
4,18248
3,7281
1,12850
5,7110
2,15133
4,5384
3,10955
4,2976
5,5015
1,17036
5,15073
3,7050
2,12910
3,17176
3,5155
3,2836
4,10815
0,22277
3,3459
3,20372
4,18308
5,18099
3,25786
1,25417
3,4239
2,9142
4,24878
3,10487
0,10716
3,2735
1,12582
4,12613
5,19064
2,4328
4,25697
2,25506
3,9053
5,10596
0,2624
5,10607
2,24969
4,12493
2,12702
2,19175
2,7141
2,15162
4,12801
2,5044
2,17067
4,10904
1,2927
4,3548
4,22366
1,20263
5,18219
0,18188
3,3408
3,3799
1,22226
4,20323
2,18359
3,7390
0,12941
2,15022
1,7001
3,5295
3,2867
4,10844
1,17127
2,5104
4,9282
3,9113
0,10747
2,2764
4,24829
1,12642
1,19035
0,4268
3,25446
5,18239
0,20243
2,3568
2,22346
3,2907
5,10924
3,17047
1,5064
2,12821
5,15142
3,7161
0,19155
1,12722
5,10627
2,2604
2,2595
2,24949
3,9073
1,4099
2,4308
2,25526
1,11899
4,4248
3,25466
4,19015
4,19384
2,12662
3,2744
0,10767
4,24809
0,9133
3,5124
5,17107
4,10864
3,2847
0,17296
4,7021
1,15002
2,12961
3,15393
2,18379
1,20303
2,20092
2,3428
0,22206
1,22197
2,17016
2,5035
4,2956
3,10975
1,17387
5,15113
3,7130
3,12870
1,15282
1,18268
1,20212
4,20183
2,22317
4,22086
4,3539
1,25577
1,11988
2,4359
5,19104
3,19295
2,12773
5,24918
0,10676
4,2655
2,9022
3,19044
2,12633
4,24858
3,2715
2,10736
0,2484
2,9162
3,25437
3,4188
2,4219
0,18328
4,20352
1,22257
2,3479
2,10835
0,2816
3,5175
3,17156
2,12930
5,7070
2,15053
3,12411
3,12780
4,19266
5,9340
4,10514
3,2537
4,10685
2,23088
2,23319
1,16389
3,3958
4,16018
4,25615
1,25584
4,20170
2,11678
2,22075
4,17374
4,5357
1,10986
3,24579
4,15271
1,7252
5,12883
2,5217
4,17234
3,5186
1,24439
3,7312
4,15331
5,7083
0,20030
3,11738
3,22135
1,25856
5,16158
1,3818
3,25755
0,12551
0,19326
3,9200
4,9191
2,2477
5,10454
0,23259
3,25644
5,16049
0,3909
0,12440
5,19237
4,9311
3,9080
3,23348
1,10545
2,2566
2,24528
1,17325
2,5306
4,5097
4,15220
1,7203
4,7192
0,20121
1,22024
3,11629
5,20061
3,25807
1,22164
2,11769
5,24468
5,5246
5,17265
4,10897
1,7343
3,15360
4,12992
5,12500
1,12691
1,19377
5,9251
0,23199
0,23208
1,2426
2,10405
1,10794
4,25704
3,25495
5,16298
2,3849
4,16109
2,25792
3,25403
3,6328
3,939
5,19070
4,12596
2,12607
4,10493
5,10702
3,2721
0,9156
0,17162
1,5141
2,2822
0,10801
5,15067
3,7044
3,12904
4,20366
2,1548
0,22263
2,20226
3,1408
3,1799
2,22323
5,10941
3,2962
1,5390
1,5001
3,17022
1,12844
3,7295
5,7104
2,15127
4,19130
0,12747
2,2661
1,10642
4,9387
3,9016
4,25543
1,6268
3,879
1,19021
2,12656
4,10753
3,2770
0,9296
3,9107
3,25452
3,6379
3,968
3,1519
1,1688
3,20337
2,22232
2,2873
0,10850
4,5281
4,17133
1,5110
0,12955
3,7384
0,15036
2,7015
0,5050
4,17073
2,10910
2,2933
3,7155
5,15176
2,12815
3,1459
1,20277
0,22372
5,25683
3,25512
0,6239
1,828
0,19161
4,12487
1,12716
4,10582
1,2630
4,10613
3,9047
4,17251
4,5272
3,2880
0,15354
3,7377
5,20055
3,13658
5,698
3,509
3,8109
3,8298
2,22150
1,25833
4,25730
1,14038
2,1978
3,21339
3,12534
1,19343
5,9265
4,2783
5,10431
2,2412
2,29
4,21279
4,12474
3,19192
3,19203
2,9325
2,2552
5,10571
5,25670
3,1838
1,14178
4,20284
4,20115
5,13718
2,13489
3,449
1,8049
4,22381
2,22010
0,17080
1,5332
2,17311
0,15185
1,7237
1,15214
4,13609
5,13598
2,20395
2,20004
3,558
3,8158
0,22290
2,25862
0,22101
3,17191
5,17200
3,5223
5,15094
5,15305
3,7326
2,12565
3,21368
2,19083
4,19312
2,9234
5,10460
2,78
1,2443
3,25761
1,1929
1,14069
3,25621
1,14129
3,1869
2,12425
4,21228
0,19252
4,9374
3,2692
3,2503
1,10520
1,5363
4,17340
3,2991
1,7266
0,15245
5,13749
4,20144
0,789
3,418
4,8018
4,8389
4,22041
5,7468
4,24343
4,8587
5,8616
0,3061
5,11042
2,16921
0,4902
3,1164
2,13147
0,14824
4,6807
1,216
4,187
4,18730
1,18833
1,20849
0,6495
5,6704
3,14727
4,4590
4,4601
4,16622
3,8915
3,23523
3,21426
2,23463
0,21566
4,15999
4,18973
3,20909
2,14667
3,6644
2,16762
3,4741
4,8855
4,8756
1,11293
0,4842
5,16861
1,11102
4,3121
1,13396
2,6947
1,14964
0,13007
1,1024
4,356
1,18670
4,7528
3,24192
1,24203
3,8647
0,11382
4,16970
0,4953
1,3030
3,11013
4,13287
5,14875
3,6856
2,1135
2,13116
2,18761
1,247
0,7439
3,24083
2,24312
1,23572
2,15888
3,21477
3,18862
3,6755
4,14776
0,20818
1,4650
5,16673
2,8944
5,18922
3,6584
2,14636
3,6615
0,20958
3,4481
5,16733
2,4710
5,8804
2,23432
4,21537
1,7579
2,24252
0,8496
4,8707
2,11153
4,3170
0,4813
1,16830
4,13056
2,1075
4,6916
1,14935
3,18621
3,307
5,14785
2,6437
0,14414
4,18891
5,16680
3,4532
5,16511
3,23581
1,23610
0,9649
1,21484
0,21715
0,12118
4,7858
5,12289
2,21816
3,15778
3,24070
3,23913
0,16983
1,3352
4,11371
5,8525
4,125
2,18792
3,18403
2,20479
3,14886
2,1257
0,13274
2,3183
4,11231
4,3212
4,8465
2,18543
1,20539
3,1086
3,13334
3,1317
3,21956
5,15638
0,23853
3,24130
0,23750
5,9709
4,9498
4,21655
4,7918
2,12058
4,14554
3,6577
1,16451
1,4472
4,23641
5,9618
5,9589
5,7809
4,12149
3,21744
5,6466
4,14445
3,4563
2,16540
1,3092
4,3303
1,11320
0,8574
4,18452
1,174
1,1197
2,1206
1,13225
2,20428
5,15729
2,21847
2,23942
2,24021
5,15669
2,21907
3,24161
2,23802
1,16892
4,11260
2,3243
4,8434
0,18683
0,18512
2,14997
1,13365
3,1346
5,20568
4,14694
1,14505
2,6526
5,18980
4,16791
3,16400
2,4423
2,23490
2,23701
4,9758
0,12009
4,7949
4,12398
1,21595
3,21604
1,2228
2,23406
0,23797
1,21503
0,21692
1,19579
4,18916
3,6621
3,14602
3,14593
1,4724
5,16707
4,16496
4,22869
5,8830
5,8733
4,16804
4,4827
3,3144
5,11167
2,14901
0,6922
2,1041
4,13062
4,18615
5,18584
4,333
2,21991
5,5448
3,24266
4,23894
3,5699
2,5508
1,24326
1,8673
2,11027
2,3004
2,3395
2,4967
0,16944
4,13122
1,1101
1,1290
1,6862
4,14841
2,18755
3,273
4,18856
4,14742
1,6761
5,16647
3,4664
3,22929
3,8970
1,2368
3,23546
2,21443
1,19439
2,18947
2,6670
1,14653
0,22838
2,4775
4,16756
4,8861
1,23457
3,2279
2,21552
4,19528
1,24237
3,5788
4,5419
1,8762
4,3115
4,11136
5,3284
1,16855
2,4876
0,1010
0,13033
4,1381
1,14950
5,6973
4,362
5,18644
1,8622
3,4936
4,16915
3,11076
0,3055
3,6833
4,14810
1,13173
3,1150
1,222
4,18704
1,18495
2,21880
1,24377
3,23985
4,5559
2,23517
0,23686
3,2339
3,21412
2,21783
5,19468
3,18807
4,14713
2,6730
0,14482
0,22978
1,16616
1,4635
0,16587
2,8921
0,4885
4,3277
1,11254
3,22459
0,8400
4,8791
4,18526
3,391
2,6980
3,1372
1,13351
2,21933
5,19949
5,17758
0,23836
4,24155
4,5878
1,10138
0,23735
1,21630
1,6512
4,14531
0,6683
1,8892
1,4417
1,16434
4,4786
2,25239
2,14471
5,6452
0,16574
4,4557
3,25379
3,10078
4,5938
2,23675
3,21770
3,21873
0,19809
5,17589
2,17618
2,24015
1,23976
1,24384
2,11314
1,3337
2,11085
2,22688
3,22519
4,8540
0,18466
5,140
4,13211
2,1232
5,13180
3,21962
5,19918
3,24104
1,23867
1,24295
2,17498
2,17709
0,22799
0,22408
3,3226
5,11205
2,11194
1,8451
0,18577
1,1323
5,13300
2,13091
3,6543
4,14560
2,25268
2,4446
1,16465
2,23764
3,10169
3,5829
4,21661
3,23624
2,5969
3,10029
0,21721
5,14420
2,6403
3,6792
3,8983
2,25328
2,16525
2,4506
0,4697
3,22548
4,4994
2,11345
3,3366
0,8511
2,8680
1,280
3,111
1,18437
0,6891
0,13240
2,1263
0,21822
4,19858
2,23927
1,24044
4,17649
2,4687
3,4516
3,16535
3,25338
3,8993
0,6782
2,6413
3,14430
2,21731
5,10039
3,5979
2,23634
3,17659
2,24054
2,23937
0,19848
3,21832
1,1273
5,13250
4,6881
4,18427
5,101
2,290
4,8690
4,8501
2,3376
1,11355
2,4984
3,22558
5,13081
5,13310
1,1333
4,18567
0,8441
0,11184
2,11215
0,3236
4,22418
4,22789
4,17719
2,17488
3,24285
2,23877
3,24114
0,19908
2,21972
1,21671
3,5839
3,10179
2,23774
3,16475
3,4456
4,25278
4,14570
3,6553
0,21760
2,23665
4,5928
3,10068
2,25369
3,4547
4,16564
5,6442
2,14461
0,13190
1,1222
0,13201
1,150
1,18476
5,8550
3,22509
3,22698
2,11095
0,3327
4,11304
5,24394
2,23966
3,24005
4,17608
2,17599
4,19819
2,21863
3,24145
2,23826
2,17748
1,19959
2,21923
3,13341
2,1362
1,6990
2,381
5,18536
2,8781
4,8410
0,22449
4,11244
2,3267
0,4895
1,25229
1,4796
1,16424
2,4407
4,8882
5,6693
5,14521
2,6502
3,21620
3,23725
5,10128
2,5868
4,5549
2,23995
3,24367
2,21890
1,18485
4,18714
1,232
4,1140
1,13163
2,14800
0,6823
1,3045
5,11066
1,16905
1,4926
4,8632
5,8931
2,16597
1,4625
2,16606
2,22968
3,14492
1,6720
4,14703
2,18817
0,19478
1,21793
3,21402
3,2329
0,23696
2,23507
4,19538
0,21542
3,2269
2,23447
5,8871
1,16746
4,4765
0,22828
1,14643
5,6660
0,18957
5,18654
4,372
3,6963
2,14940
2,1391
5,13023
2,1000
0,4866
1,16845
1,3294
2,11126
1,3105
0,8772
0,5409
1,5798
2,24227
3,263
4,18745
0,14851
0,6872
3,1280
1,1111
5,13132
1,16954
0,4977
3,3385
5,3014
0,11037
4,8663
0,24336
3,5518
3,5689
2,19429
2,21453
1,23556
3,2378
3,8960
2,22939
2,4674
5,16657
3,6771
4,14752
5,18846
2,8820
1,22879
0,16486
5,16717
1,4734
4,14583
1,14612
3,6631
0,18906
1,19569
3,21682
2,21513
0,23787
2,23416
1,2238
2,23884
2,24276
1,5458
3,21981
2,323
1,18594
0,18605
2,13072
1,1051
4,6932
1,14911
2,11177
1,3154
0,4837
3,16814
0,8723
4,20578
2,1356
0,13375
1,14987
4,18502
1,18693
4,8424
4,3253
1,11270
4,16882
1,23812
0,24171
3,21917
0,15679
3,21614
1,21585
4,12388
5,7959
5,12019
4,9748
1,23711
2,23480
2,4433
1,16410
1,16781
4,18990
0,6536
4,14515
5,14684
1,16550
2,4573
1,14455
3,6476
3,21754
1,12159
5,7819
5,9599
2,9608
3,23651
3,24031
2,23952
3,21857
4,15739
0,20438
0,13235
2,1216
1,1187
1,164
5,18442
2,8564
1,11330
1,3313
2,3082
3,24120
4,23843
5,15628
2,21946
3,1307
0,13324
2,1096
5,20529
4,18553
1,8475
2,3202
1,11221
1,3193
2,4462
5,16441
3,6567
4,14544
2,12048
2,7908
1,21645
2,9488
4,9719
1,23740
4,12299
5,7848
0,12108
4,21705
1,21494
2,9659
3,23600
0,23591
4,16501
3,4522
1,16690
1,18881
0,14404
2,6427
5,14795
1,13264
3,1247
1,14896
1,20469
4,18413
4,18782
5,135
4,8535
4,11361
3,3342
0,16993
0,23903
3,24060
3,15768
1,21806
0,21527
3,23422
3,8814
2,4700
5,16723
0,4491
4,20948
3,6605
2,14626
3,6594
3,18932
0,317
1,18631
2,14925
0,6906
2,1065
5,13046
4,16820
1,4803
4,3160
3,11143
5,8717
1,8486
1,24242
1,7569
3,24302
3,24093
1,7429
4,257
2,18771
4,13106
3,1125
2,6846
1,14865
0,13297
4,11003
4,3020
2,4943
2,16960
0,11392
4,8657
3,8954
5,16663
3,4640
1,20808
4,14766
0,6745
5,18872
2,21467
4,15898
2,23562
1,8845
1,4751
1,16772
4,6654
1,14677
0,20919
2,18963
1,15989
2,21576
3,23473
1,24213
3,24182
1,7538
5,18660
1,346
1,1034
0,13017
1,14974
5,6957
1,13386
1,3131
4,11112
4,16871
2,4852
4,11283
4,8746
3,18720
1,197
1,206
1,6817
4,14834
0,13157
1,1174
0,4912
5,16931
5,11052
2,3071
5,8606
1,8597
1,24353
2,7478
3,21436
3,23533
4,8905
3,16632
1,4611
1,4580
1,14737
0,6714
3,6485
2,20859
5,18823
3,10530
2,2513
1,2682
3,9364
5,19242
4,21238
2,12435
3,1879
1,14139
3,25631
2,22051
0,8399
3,8008
2,408
2,799
1,20154
5,13759
0,15255
3,7276
3,2981
4,17350
1,5373
2,7336
3,15315
5,15084
2,5233
0,17210
4,17181
0,22111
0,22280
4,8148
1,548
1,20014
3,20385
4,13588
5,13619
1,14079
1,1939
1,25771
3,2453
5,68
1,10470
5,9224
3,19302
4,19093
3,21378
5,12575
1,14168
4,1828
3,25660
0,10561
3,2542
4,9335
2,19213
0,19182
1,12464
1,21269
2,15204
3,7227
4,15195
3,17301
3,5322
0,17090
2,22000
0,22391
3,8059
3,459
3,13499
5,13708
4,20105
5,20294
3,25823
4,22140
3,8288
0,8119
1,519
2,688
1,13648
4,20045
1,7367
3,15344
2,2890
1,5262
5,17241
1,39
3,2402
1,10421
4,2793
4,9275
0,19353
4,12524
1,21329
3,1968
0,14028
0,25720
0,22362
2,20267
2,1449
2,4
2,12805
3,15166
2,7145
3,2923
4,10900
4,17063
2,5040
3,9057
2,10603
3,2620
4,10592
1,12706
0,12497
2,19171
1,838
1,6229
3,25502
4,25693
3,978
3,6369
3,25442
3,9117
4,9286
3,2760
3,10743
1,12646
1,19031
4,7005
2,15026
3,7394
0,12945
0,5100
3,17123
4,5291
5,10840
3,2863
2,22222
1,20327
3,1698
2,1509
5,15137
5,7114
3,7285
1,12854
0,17032
3,5011
4,5380
4,2972
2,10951
4,22333
2,1789
2,1418
3,20236
3,869
4,6278
5,25553
2,9006
5,9397
4,10652
4,2671
1,12757
1,19120
5,9146
2,2731
1,10712
3,10483
2,12617
4,12586
5,19060
0,929
0,6338
1,25413
3,25782
2,22273
2,1558
2,20376
1,12914
5,7054
0,15077
4,10811
1,2832
1,5151
3,17172
1,12982
1,15370
1,7353
5,10887
4,17275
3,5256
4,24478
2,11779
2,22174
3,25817
3,20071
4,16119
0,3859
2,16288
3,25485
4,25714
2,10784
4,10415
3,2436
1,23218
2,23189
4,9241
4,19367
2,12681
2,12510
2,2576
2,10555
1,23358
3,9090
2,9301
5,19227
1,12450
4,3919
4,16059
1,25654
4,11639
2,22034
2,20131
3,7182
2,7213
2,15230
3,5087
4,5316
4,17335
3,24538
3,25846
1,22125
1,11728
3,20020
5,7093
3,15321
3,7302
0,24429
1,5196
5,17224
2,5207
0,23249
5,10444
5,2467
2,9181
5,9210
5,19336
5,12541
2,25745
3,3808
5,16148
2,25594
5,25605
4,16008
4,3948
3,16399
1,23309
1,23098
0,10695
1,2527
4,10504
4,9350
2,19276
4,12790
5,12401
0,12893
1,7242
4,15261
3,24569
2,10996
0,5347
5,17364
2,22065
4,11668
3,20160
3,4209
3,4198
3,25427
0,9172
3,2494
4,10726
3,2705
1,24848
0,12623
4,19054
2,15043
1,7060
2,12920
4,17146
2,5165
2,2806
0,10825
3,3469
4,22247
2,20342
4,18338
2,3529
2,22096
2,22307
4,20193
0,20202
3,18278
5,15292
0,12860
5,7120
5,15103
1,17397
4,10965
5,2946
3,5025
0,17006
3,9032
1,2645
4,10666
0,24908
5,12763
2,19285
4,19114
0,4349
2,11998
2,25567
3,9123
0,24819
5,10777
3,2754
2,12672
2,19394
0,19005
3,25476
1,4258
4,11889
0,22187
4,22216
5,3438
2,20082
5,20313
1,18369
1,15383
4,12971
3,15012
1,7031
5,17286
3,2857
5,10874
0,17117
3,5134
2,7171
5,15152
2,12831
4,5074
4,17057
0,10934
2,2917
2,22356
2,3578
4,20253
4,18229
2,25536
1,4318
2,4089
2,9063
2,24959
4,2585
3,2614
0,10637
0,12732
1,19145
3,25527
4,4309
1,4098
4,12723
4,19154
3,9072
2,24948
1,2594
1,2605
5,10626
4,5065
3,17046
4,10925
3,2906
2,7160
5,15143
2,12820
5,20242
5,18238
2,22347
4,3569
4,20093
1,20302
3,18378
1,22196
2,22207
2,3429
0,17297
3,2846
4,10865
0,17106
3,5125
1,15392
1,12960
1,15003
4,7020
2,12663
4,19385
4,19014
0,9132
4,24808
4,10766
1,2745
3,25467
4,4249
1,11898
0,12772
3,19294
5,19105
2,9023
4,2654
2,10677
5,24919
2,4358
1,11989
2,25576
4,20182
1,20213
4,18269
4,3538
1,22087
2,22316
4,17386
2,10974
4,2957
2,5034
0,17017
0,15283
3,12871
3,7131
2,15112
2,17157
3,5174
3,2817
0,10834
2,15052
5,7071
2,12931
0,20353
5,18329
3,3478
4,22256
3,4218
1,4189
3,25436
2,12632
3,19045
3,9163
3,2485
0,10737
3,2714
4,24859
3,24578
4,10987
4,5356
4,17375
0,12882
1,7253
4,15270
1,20171
2,22074
2,11679
3,25585
5,25614
1,16019
2,3959
1,16388
2,19267
3,12781
4,12410
0,23318
2,23089
4,10684
3,2536
4,10515
5,9341
1,19327
5,12550
0,23258
2,10455
2,2476
4,9190
4,9201
3,25754
3,3819
5,16159
2,20031
2,25857
2,22134
1,11739
1,24438
3,5187
5,17235
3,5216
5,7082
5,15330
3,7313
5,20120
5,11628
2,22025
4,5096
0,5307
4,17324
3,24529
3,7193
2,7202
1,15221
0,19236
0,12441
2,2567
1,10544
3,23349
3,9081
2,9310
3,3908
5,16048
3,25645
4,16108
2,3848
5,16299
3,25494
4,25705
1,19376
1,12690
0,12501
5,10795
3,10404
3,2427
0,23209
2,23198
5,9250
4,10896
2,17264
5,5247
5,24469
4,12993
1,15361
1,7342
0,20060
3,11768
2,22165
1,25806
3,1549
4,20367
2,22262
5,10800
1,2823
1,5140
0,17163
0,12905
3,7045
2,15066
2,12606
0,12597
5,19071
5,9157
2,2720
3,10703
1,10492
3,25402
1,25793
3,938
0,6329
0,25542
3,878
1,6269
1,12746
1,19131
3,9017
4,9386
3,10643
3,2660
2,17023
4,5000
0,5391
1,2963
5,10940
0,15126
5,7105
3,7294
4,12845
1,1798
2,1409
3,20227
4,22322
1,5111
4,17132
1,5280
0,10851
2,2872
0,7014
2,15037
3,7385
2,12954
0,20336
3,1689
3,1518
0,22233
3,25453
3,969
2,6378
2,12657
3,19020
1,9106
5,9297
1,2771
4,10752
4,12717
4,12486
5,19160
3,9046
1,10612
4,2631
4,10583
3,25513
2,25682
1,829
0,6238
0,20276
1,1458
2,22373
2,2932
0,10911
4,17072
2,5051
2,12814
2,15177
3,7154
0,19342
2,12535
1,21338
3,28
2,2413
5,10430
4,2782
5,9264
4,25731
3,1979
1,14039
3,508
5,699
4,13659
0,20054
0,25832
2,22151
3,8299
3,8108
2,2881
4,5273
4,17250
3,7376
3,15355
0,17310
1,5333
0,17081
1,15215
1,7236
2,15184
3,448
1,13488
4,13719
4,20114
4,20285
2,22011
1,22380
1,8048
2,25671
1,14179
3,1839
2,19202
3,19193
1,12475
2,21278
5,10570
1,2553
2,9324
3,25760
1,14068
1,1928
4,19313
0,19082
3,21369
4,12564
2,2442
2,79
2,10461
5,9235
2,5222
5,17201
3,17190
3,7327
5,15304
5,15095
3,559
2,20005
2,20394
0,13599
4,13608
2,22100
2,25863
2,22291
3,8159
3,419
2,788
4,20145
4,13748
1,22040
4,8388
4,8019
3,2990
1,17341
1,5362
0,15244
1,7267
0,19253
4,21229
0,12424
1,10521
0,2502
2,2693
4,9375
2,25620
3,1868
3,14128
3,23522
1,21427
5,14726
2,6705
2,6494
4,20848
0,18832
3,8914
4,16623
4,4600
4,4591
2,4903
4,16920
5,11043
0,3060
5,8617
5,8586
2,18731
4,186
4,217
1,6806
0,14825
1,13146
3,1165
2,7469
1,24342
4,7529
1,24202
1,24193
4,3120
1,11103
5,16860
0,4843
3,11292
4,8757
0,18671
4,357
2,1025
5,13006
3,14965
5,6946
1,13397
3,6645
2,14666
3,20908
5,18972
4,8854
1,4740
5,16763
2,23462
4,15998
2,21567
2,20819
1,14777
1,6754
4,18863
3,8945
0,16672
1,4651
1,23573
2,21476
0,15889
5,7438
1,24313
3,24082
1,11012
4,3031
3,4952
1,16971
0,11383
5,8646
4,246
2,18760
3,13117
2,1134
4,6857
5,14874
4,13286
4,16831
0,4812
4,3171
2,11152
4,8706
2,8497
1,306
2,18620
1,14934
1,6917
1,1074
1,13057
4,7578
3,24253
2,23433
4,21536
1,20959
3,6614
3,14637
2,6585
3,18923
5,8805
2,4711
5,16732
3,4480
5,8524
1,11370
1,3353
2,16982
2,13275
2,1256
3,14887
2,20478
3,18402
4,18793
1,124
4,15779
0,21817
3,23912
3,24071
2,9648
3,23611
3,23580
3,12288
4,7859
3,12119
0,21714
3,21485
4,18890
0,14415
3,6436
5,14784
5,16510
0,4533
0,16681
3,6576
4,14555
1,4473
2,16450
4,9499
4,9708
0,23751
2,12059
4,7919
4,21654
5,15639
3,21957
3,24131
0,23852
4,8464
4,3213
4,11230
0,3182
2,1316
3,13335
1,1087
4,20538
5,18542
3,21846
2,15728
2,24020
3,23943
5,8575
1,11321
4,3302
3,3093
0,20429
1,13224
2,1207
1,1196
4,175
4,18453
2,14444
5,6467
2,16541
3,4562
3,9588
4,9619
3,23640
1,21745
4,12148
5,7808
4,9759
3,23700
2,23491
4,21605
2,21594
4,12399
4,7948
5,12008
0,18981
0,6527
2,14504
4,14695
2,4422
1,16401
4,16790
1,8435
3,3242
4,11261
3,16893
5,20569
3,1347
1,13364
1,14996
0,18513
0,18682
2,21906
5,15668
2,23803
4,24160
3,21990
4,23895
2,24267
5,5449
0,11166
3,3145
4,4826
4,16805
5,8732
4,332
0,18585
0,18614
4,13063
4,1040
0,6923
2,14900
2,14592
2,14603
3,6620
4,18917
5,8831
4,22868
4,16497
5,16706
2,4725
0,23796
3,23407
0,2229
1,19578
0,21693
1,21502
3,23547
0,2369
1,19438
3,21442
3,6760
4,14743
4,18857
3,8971
0,22928
3,4665
0,16646
3,16945
1,4966
2,3394
2,3005
5,11026
1,8672
1,272
3,18754
4,14840
4,6863
2,1291
1,1100
4,13123
3,24327
2,5509
3,5698
3,4877
1,16854
5,3285
4,11137
1,3114
1,8763
5,18645
4,363
5,6972
1,14951
3,1380
5,13032
2,1011
4,5418
3,5789
1,24236
1,2278
1,23456
4,19529
2,21553
1,14652
2,6671
5,18946
4,8860
4,16757
1,4774
4,22839
2,14483
3,6731
4,14712
3,18806
2,8920
0,16586
1,4634
2,16617
0,22979
3,2338
2,23687
2,23516
0,19469
2,21782
3,21413
3,21881
1,5558
1,23984
1,24376
0,3054
3,11077
4,16914
3,4937
1,8623
5,18494
4,18705
1,223
3,1151
1,13172
1,14811
3,6832
1,6682
1,14530
3,6513
2,25238
4,4787
1,16435
1,4416
1,8893
0,23734
4,10139
4,5879
1,21631
4,19948
2,21932
1,24154
0,23837
5,17759
1,8790
3,8401
3,22458
1,11255
4,3276
5,4884
1,13350
2,1373
5,6981
2,390
4,18527
5,8541
3,22518
2,22689
2,11084
0,3336
2,11315
5,13181
3,1233
4,13210
4,141
0,18467
0,19808
2,21872
1,24385
1,23977
2,24014
2,17619
5,17588
2,23674
4,5939
2,10079
1,21771
5,6453
2,14470
2,25378
3,4556
0,16575
3,5828
3,10168
0,23765
2,21660
4,14561
1,6542
1,16464
2,4447
2,25269
1,8450
2,11195
5,11204
3,3227
0,22409
0,22798
2,13090
5,13301
3,1322
2,18576
5,19919
2,21963
1,17708
2,17499
1,24294
1,23866
3,24105
4,19859
1,21823
4,17648
2,24045
0,23926
1,8681
4,8510
2,3367
1,11344
4,4995
2,22549
3,1262
5,13241
0,6890
1,18436
1,110
2,281
0,6793
2,6402
0,14421
2,4696
2,4507
2,16524
2,25329
3,8982
1,10028
3,5968
3,23625
0,21720
1,291
5,100
4,18426
4,6880
5,13251
1,1272
2,22559
3,4985
1,11354
2,3377
1,8500
4,8691
2,23936
2,24055
5,17658
3,21833
5,19849
0,21730
2,23635
1,5978
0,10038
3,8992
3,25339
3,16534
1,4517
2,4686
3,14431
3,6412
3,6783
4,25279
1,4457
3,16474
3,6552
4,14571
4,21670
3,23775
4,10178
3,5838
3,24115
2,23876
1,24284
0,17489
4,17718
2,21973
2,19909
0,18566
2,1332
5,13311
2,13080
1,22788
2,22419
0,3237
2,11214
0,11185
5,8440
2,17598
4,17609
3,24004
2,23967
5,24395
3,21862
4,19818
1,18477
1,151
5,13200
1,1223
0,13191
4,11305
5,3326
2,11094
3,22699
3,22508
5,8551
1,16565
3,4546
2,25368
0,14460
5,6443
0,21761
0,10069
1,5929
4,23664
3,21621
2,5869
5,10129
4,23724
4,8883
2,4406
1,16425
4,4797
1,25228
3,6503
1,14520
5,6692
0,18537
1,380
1,6991
2,1363
3,13340
1,4894
2,3266
4,11245
2,22448
1,8411
2,8780
0,17749
0,23827
2,24144
2,21922
1,19958
3,21403
2,21792
4,19479
2,23506
1,23697
3,2328
2,22969
0,16607
3,4624
2,16596
5,8930
3,18816
4,14702
1,6721
4,14493
2,6822
4,14801
1,13162
2,1141
1,233
1,18715
1,18484
4,8633
3,4927
4,16904
3,11067
1,3044
1,24366
2,23994
4,5548
3,21891
2,24226
1,5799
0,5408
2,1001
5,13022
2,1390
2,14941
2,6962
1,373
0,18655
5,8773
2,3104
2,11127
1,3295
3,16844
2,4867
2,22829
4,4764
1,16747
5,8870
0,18956
0,6661
1,14642
0,21543
4,19539
2,23446
2,2268
5,16656
0,4675
2,22938
3,8961
2,18847
4,14753
1,6770
2,21452
0,19428
3,2379
2,23557
3,5688
1,5519
3,24337
5,13133
2,1110
3,1281
0,6873
0,14850
4,18744
1,262
4,8662
2,11036
0,3015
3,3384
2,4976
1,16955
1,14910
1,6933
1,1050
5,13073
4,18604
4,18595
3,322
4,8722
4,16815
0,4836
3,3155
1,11176
3,5459
2,24277
2,23885
2,21980
2,21512
4,21683
1,19568
1,2239
3,23417
0,23786
3,4735
5,16716
0,16487
1,22878
2,8821
5,18907
3,6630
3,14613
4,14582
4,16780
1,16411
0,4432
5,14685
4,14514
0,6537
1,18991
3,12018
5,7958
4,12389
3,21584
3,21615
2,23481
1,23710
2,9749
3,24170
2,23813
2,15678
2,21916
2,18692
1,18503
1,14986
0,13374
3,1357
3,20579
3,16883
1,11271
4,3252
1,8425
5,18443
1,165
3,1186
1,1217
2,13234
0,20439
0,3083
1,3312
1,11331
5,8565
2,23953
1,24030
3,15738
1,21856
0,7818
4,12158
2,21755
0,23650
3,9609
0,9598
2,4572
4,16551
3,6477
2,14454
3,21644
3,7909
2,12049
4,23741
3,9718
4,9489
4,16440
2,4463
3,14545
3,6566
4,18552
0,20528
2,1097
1,13325
3,1306
3,3192
2,11220
2,3203
4,8474
4,23842
3,24121
2,21947
0,15629
3,24061
0,23902
4,21807
2,15769
4,134
4,18783
4,18412
1,20468
1,14897
3,1246
3,13265
0,16992
3,3343
3,11360
4,8534
1,16691
3,4523
4,16500
5,14794
3,6426
0,14405
1,18880
4,21495
4,21704
2,12109
5,7849
1,12298
3,23590
1,23601
2,9658
1,24243
4,7568
3,13047
3,1064
0,6907
2,14924
3,18630
0,316
1,8487
5,8716
1,11142
4,3161
4,4802
1,16821
5,4490
5,16722
2,4701
3,8815
2,18933
3,6595
2,14627
3,6604
1,20949
0,21526
3,23423
4,15899
2,21466
3,23563
1,4641
5,16662
3,8955
5,18873
0,6744
4,14767
1,20809
2,13296
0,14864
1,6847
1,1124
1,13107
2,18770
1,256
0,8656
4,11393
5,16961
2,4942
3,3021
4,11002
3,24092
1,24303
3,7428
1,13387
3,6956
3,14975
0,13016
0,1035
1,347
5,18661
4,8747
5,11282
1,4853
4,16870
4,11113
1,3130
3,24183
1,24212
4,7539
2,21577
2,15988
2,23472
4,16773
1,4750
1,8844
2,18962
0,20918
2,14676
3,6655
1,4581
3,4610
3,16633
4,8904
5,18822
2,20858
3,6484
5,6715
4,14736
2,21437
3,23532
3,24352
1,7479
1,1175
0,13156
4,14835
3,6816
1,207
4,196
3,18721
4,8596
2,8607
0,3070
2,11053
0,16930
2,4913
3,7277
2,15254
1,5372
4,17351
1,2980
3,8009
5,8398
2,22050
5,13758
4,20155
2,798
1,409
1,14138
2,1878
3,25630
1,9365
3,2683
3,2512
0,10531
2,12434
1,21239
1,19243
5,9225
3,10471
5,69
1,2452
5,12574
3,21379
4,19092
3,19303
1,1938
1,14078
3,25770
4,8149
0,22281
0,22110
5,13618
4,13589
3,20384
3,20015
4,549
5,15085
0,15314
2,7337
4,17180
5,17211
3,5232
0,8058
0,22390
2,22001
2,20295
4,20104
3,13709
3,13498
3,458
4,15194
2,7226
0,15205
3,17091
0,5323
5,17300
4,9334
4,2543
0,10560
1,21268
1,12465
3,19183
3,19212
3,1829
1,14169
0,25661
0,14029
3,1969
0,25721
4,9274
4,2792
1,10420
3,2403
5,38
1,21328
1,12525
5,19352
1,15345
1,7366
0,17240
3,5263
1,2891
5,8118
3,8289
1,22141
3,25822
5,20044
4,13649
2,689
2,518
1,6228
2,839
4,25692
2,25503
5,10593
1,2621
5,10602
3,9056
2,19170
1,12496
1,12707
3,7144
4,15167
4,12804
3,5041
1,17062
2,10901
3,2922
0,22363
3,5
3,1448
5,20266
0,22223
2,1508
2,1699
1,20326
0,12944
1,7395
2,15027
4,7004
0,2862
4,10841
4,5290
3,17122
0,5101
2,10742
3,2761
4,9287
1,9116
3,19030
1,12647
3,6368
3,979
3,25443
4,2670
1,10653
5,9396
3,9007
3,19121
1,12756
1,6279
3,868
0,25552
2,22332
2,20237
1,1419
0,1788
1,12855
2,7284
5,7115
0,15136
3,10950
4,2973
4,5381
4,5010
0,17033
5,15076
5,7055
1,12915
3,17173
1,5150
3,2833
4,10810
2,22272
1,20377
2,1559
5,6339
0,928
3,25783
1,25412
3,10482
4,10713
3,2730
5,9147
5,19061
4,12587
0,12616
4,9240
0,23188
1,23219
3,2437
2,10414
4,10785
2,12511
0,12680
4,19366
4,25715
3,25484
0,16289
3,3858
4,16118
2,25816
0,22175
2,11778
1,20070
1,7352
1,15371
1,12983
1,24479
1,5257
5,17274
1,10886
3,15231
2,7212
2,7183
3,24539
1,17334
4,5317
3,5086
3,22035
4,11638
0,20130
2,25655
0,16058
4,3918
2,9300
3,9091
3,23359
4,10554
3,2577
3,12451
0,19226
5,16149
1,3809
2,25744
5,9211
5,9180
1,2466
5,10445
0,23248
4,12540
5,19337
3,7303
1,15320
5,7092
3,5206
5,17225
3,5197
0,24428
1,11729
1,22124
1,25847
3,20021
4,11669
2,22064
0,20161
4,15260
1,7243
0,12892
4,17365
0,5346
1,10997
3,24568
4,9351
2,10505
3,2526
3,10694
1,23099
2,23308
4,12400
4,12791
2,19277
1,16398
4,3949
4,16009
2,25604
3,25595
1,22246
3,3468
4,18339
3,20343
3,12921
4,7061
2,15042
0,10824
2,2807
1,5164
1,17147
2,24849
1,2704
3,10727
3,2495
5,9173
4,19055
0,12622
3,25426
3,4199
3,4208
0,25566
1,11999
0,4348
1,24909
4,10667
3,2644
3,9033
1,19115
2,19284
5,12762
5,15102
5,7121
0,12861
5,15293
0,17007
3,5024
0,2947
4,10964
1,17396
2,22306
1,22097
2,3528
3,18279
0,20203
4,20192
5,7030
3,15013
4,12970
1,15382
1,5135
0,17116
5,10875
3,2856
5,17287
5,3439
4,22217
2,22186
1,18368
2,20312
5,20083
1,11888
3,4259
3,25477
3,2755
5,10776
5,24818
3,9122
0,19004
0,19395
3,12673
2,10636
3,2615
3,2584
2,24958
3,9062
1,19144
2,12733
2,4088
1,4319
2,25537
2,3579
0,22357
4,18228
4,20252
3,12830
5,15153
5,7170
3,2916
5,10935
4,17056
4,5075
2,12653
1,19024
5,9293
3,9102
4,10756
1,2775
4,24838
3,4279
3,25457
4,20332
4,18348
0,3419
2,3788
1,22237
1,5284
1,2876
0,10855
3,17136
1,5115
3,7381
0,12950
2,15033
4,7010
3,5055
1,17076
2,10915
3,2936
3,7150
3,15173
0,12810
0,20272
5,18208
2,18199
1,3559
0,22377
4,4339
4,25686
3,25517
3,12482
4,12713
1,19164
2,9042
4,10587
4,2635
1,10616
2,24978
3,25797
3,25406
1,4228
5,12593
0,12602
4,19075
5,9153
5,24869
4,10496
3,10707
1,2724
3,17167
2,5144
2,2827
3,10804
0,15062
5,7041
3,12901
4,20363
4,18319
4,18088
1,22266
2,3448
1,20223
5,18259
0,22326
3,3508
2,3699
3,5395
3,10944
4,2967
4,5004
1,17027
3,7290
4,12841
5,7101
0,15122
2,12742
4,19135
4,9382
3,9013
4,24929
2,2664
1,10647
1,25546
2,4368
2,20390
2,20001
2,11709
1,11498
0,22295
0,22104
4,17194
5,17205
3,5226
4,24408
4,24799
5,15091
4,15300
3,7323
0,19086
4,19317
0,12560
2,10465
3,2446
3,23268
2,9231
3,3829
4,16169
3,25764
5,16029
5,3969
2,25624
0,19257
0,12420
1,2697
3,2506
3,10525
2,23328
4,9371
2,2994
2,5366
4,17345
3,24548
3,7263
0,15240
4,20141
5,11649
1,22044
2,24459
1,2885
3,17254
4,5277
2,15351
3,7372
3,20050
2,22155
3,25836
0,11758
1,25735
5,16138
0,3878
5,19346
2,12531
1,23239
2,2786
5,10434
3,2417
5,9260
3,19197
3,19206
4,12471
3,23379
1,2557
5,10574
4,9320
0,25675
0,3938
4,16078
4,20281
4,20110
2,22384
2,22015
4,11618
4,11589
1,24519
3,24688
3,17085
0,5337
2,17314
5,15180
2,7232
2,15211
1,17013
3,5030
4,17382
4,2953
3,10970
0,15116
3,7135
2,15287
3,12875
2,20217
2,20186
1,1439
2,22312
5,22083
2,25572
2,848
2,6259
1,13888
3,12776
2,19101
0,19290
3,9027
0,10673
4,2650
2,12636
2,19041
5,9167
3,2710
4,10733
3,2481
3,25432
0,908
2,6088
1,6319
1,20357
3,1579
2,22252
4,10830
4,2813
3,5170
0,17153
0,12935
2,7075
3,15056
3,1468
5,20246
2,22343
3,2902
4,10921
2,17042
3,5061
2,12824
5,15147
4,7164
1,12727
4,19150
3,9076
2,10622
1,2601
1,2590
2,25523
0,819
1,6199
0,6208
3,25463
2,959
5,6348
2,13999
2,12667
2,19010
3,19381
2,9136
3,2741
4,10762
1,5121
2,17102
2,17293
0,10861
3,2842
4,7024
2,15007
2,15396
2,12964
4,1528
0,20306
1,20097
0,22203
5,22192
2,25641
1,14149
2,1809
4,19232
0,21248
2,12445
4,10540
3,2563
1,9314
3,9085
2,17320
0,5303
3,5092
5,15225
1,7206
4,7197
3,478
5,20124
0,13729
3,22021
4,8078
3,538
2,20064
5,13669
3,25802
4,22161
0,8138
2,10892
2,5243
1,17260
2,12997
1,7346
3,15365
4,19372
1,21099
2,21308
1,12505
2,12694
2,2423
2,18
0,10400
4,10791
4,9254
4,25701
3,25490
2,1949
4,14398
1,14009
0,19263
3,12414
1,12785
3,21188
2,21219
4,10511
3,2532
4,10680
1,9345
4,25610
1,25581
2,1858
4,14289
1,14118
2,429
3,13778
4,20175
2,22070
0,8029
5,10983
4,17371
4,5352
1,12886
4,15274
1,7257
1,5212
4,17231
1,5183
3,7317
2,15334
5,7086
2,569
3,13638
3,20035
3,22130
3,25853
0,8169
2,25750
2,14058
3,1918
5,19323
3,12554
2,21359
3,49
3,2472
5,10451
4,9205
4,9194
2,20938
5,6675
1,14656
2,18942
5,8864
1,4770
4,16753
3,23452
2,21557
3,7688
4,7519
3,9899
2,24232
0,3110
4,11133
3,16850
4,4873
2,3281
4,8767
5,367
0,18641
1,1015
4,13036
1,14955
0,6976
1,1384
3,4933
1,16910
2,11073
0,3050
4,8627
1,227
2,18701
5,18490
1,6836
4,14815
5,13176
3,1155
1,21885
1,7459
1,23980
1,24372
2,23512
1,23683
3,21417
2,21786
2,20878
3,14716
1,6735
0,14487
3,18802
2,8924
0,16613
1,4630
1,16582
2,23403
1,23792
1,21506
0,21697
3,6624
2,14607
3,14596
3,20969
4,18913
1,8835
2,4721
2,16702
0,16493
2,16801
4,4822
0,3141
0,11162
5,8736
5,18610
5,18581
1,336
0,14904
3,6927
3,1044
4,13067
4,7548
2,21994
1,23891
1,24263
4,7799
0,7408
3,9988
4,24323
5,11022
1,3001
2,4962
5,16941
3,3390
2,8676
4,18750
1,276
4,13127
1,1104
0,6867
0,14844
3,1295
3,14747
1,6764
4,20829
4,18853
3,8975
4,16642
3,4661
2,23543
2,21446
3,21967
4,15598
2,15609
3,24101
3,24290
4,23862
2,8454
4,3223
2,11200
0,11191
1,20699
5,20508
3,1326
5,13305
1,13094
2,18572
2,6546
4,14565
2,4443
4,16460
3,9738
0,23761
4,21664
3,12069
5,7929
2,9678
3,23621
4,21724
3,7869
0,12129
3,14425
3,6406
2,6797
5,16520
3,4503
0,4692
3,8986
1,8514
3,8685
4,11340
2,3363
4,4991
0,20448
5,13245
2,1266
4,6894
4,285
2,114
0,18432
3,21827
4,15749
0,23922
1,24041
4,8405
5,8794
4,3272
3,11251
2,4880
1,1377
1,13354
5,6985
4,20559
0,18523
3,394
1,15658
2,21936
0,23833
2,24150
4,9769
2,23730
4,7978
1,12038
1,21635
5,6517
4,14534
1,6686
3,4412
1,16431
4,4783
1,8897
3,14474
5,6457
0,16571
1,4552
3,9629
2,23670
1,12178
0,7838
2,21775
2,15489
0,15718
3,21876
2,24010
3,24381
2,23973
5,8545
2,11311
0,3332
3,11080
4,13214
2,1237
5,13185
2,20788
1,20419
0,18463
2,145
5,16975
2,4956
0,11387
2,3035
4,11016
5,8642
2,18764
4,242
3,14870
0,6853
2,13282
3,1130
2,13113
3,5539
3,24086
4,24317
5,17988
2,2359
3,23577
0,19408
1,19799
3,21472
1,6750
4,14773
4,18867
0,8941
1,4655
5,16676
0,22918
2,6581
3,14633
3,6610
3,18927
5,8801
3,4484
1,16736
2,4715
1,22858
1,2219
3,2188
1,23437
3,19548
0,21532
0,5479
1,24257
1,11156
2,3175
0,4816
1,16835
1,8493
4,8702
3,18624
4,302
0,13053
1,1070
4,6913
1,14930
3,24346
3,5568
0,3064
5,11047
0,16924
1,4907
5,8582
5,8613
1,213
1,182
2,18735
3,1161
4,13142
2,14821
1,6802
1,6490
5,6701
1,14722
4,18836
5,8910
0,22949
4,4595
1,4604
3,16627
3,23526
3,2308
0,2099
5,19459
3,21423
2,23466
2,17899
3,2248
2,19519
2,19688
2,21563
4,14662
2,6641
4,18976
0,8850
2,22809
1,16767
0,4744
2,4847
5,16864
2,11296
1,11107
1,3124
0,8753
4,353
5,18675
1,6942
1,14961
1,13393
4,13002
3,1021
1,24197
1,24206
1,5428
3,5909
3,10049
1,23644
0,21741
5,6463
4,14440
3,4566
4,16545
3,25348
4,8571
2,3097
2,3306
1,11325
3,22528
3,1192
3,1203
3,13220
2,18457
1,171
1,19838
2,21842
4,17629
2,23947
2,24024
1,19978
2,21902
0,17769
0,24164
4,23807
4,8431
2,11265
4,3246
1,16897
0,22468
1,13360
2,1343
1,14992
5,18686
0,18517
5,18985
1,14691
5,14500
2,6523
5,16794
4,16405
2,4426
5,25208
0,25199
0,10109
2,10298
3,5849
2,23495
4,23704
1,21590
2,21601
4,18894
0,14780
3,6432
4,14411
2,25319
1,25088
3,16685
3,4537
5,16514
3,23584
3,23615
2,10018
5,10389
1,5958
3,21481
3,21710
5,19869
4,21813
3,24075
3,23916
4,17678
2,8520
2,22579
1,3357
4,11374
4,16986
2,1252
4,13271
0,14883
3,120
3,18797
4,18406
1,8460
0,22439
4,3186
4,11234
1,3217
3,1083
1,13331
2,1312
4,18546
5,19929
2,21953
0,23856
2,24135
3,17738
1,23755
2,5818
5,10158
4,21650
2,14551
3,6572
4,25259
2,16454
4,4477
4,17728
3,24125
4,23846
3,21943
2,19939
4,18556
2,1302
0,13321
1,1093
3,3207
4,11224
2,3196
2,22429
4,8470
3,4467
2,16444
2,25249
3,6562
4,14541
0,21640
4,10148
1,5808
2,23745
2,21700
2,21491
4,5948
5,10399
3,10008
0,23605
3,23594
4,16504
3,4527
2,16695
2,25098
0,25309
4,14401
3,6422
5,14790
4,18884
1,18416
4,18787
5,130
2,14893
2,13261
2,1242
1,16996
4,11364
3,3347
3,22569
0,8530
4,17668
1,23906
3,24065
0,21803
4,19879
4,18507
2,18696
3,14982
1,1353
1,13370
2,22478
2,16887
4,3256
3,11275
4,8421
0,23817
0,24174
3,17779
3,21912
0,19968
3,21611
2,21580
1,23714
2,23485
1,5859
1,10288
0,10119
1,25189
4,25218
2,4436
1,16415
4,16784
0,6533
1,14510
1,14681
5,18995
2,25358
3,16555
3,4576
2,14450
3,6473
2,21751
4,23654
2,10059
4,5919
1,24034
2,23957
4,17639
5,21852
5,19828
2,161
0,18447
4,13230
2,1213
3,1182
3,22538
1,11335
4,3316
0,3087
0,8561
3,4754
4,16777
4,22819
0,8840
5,18966
2,6651
2,14672
2,21573
4,19698
1,19509
3,2258
1,17889
2,23476
1,5438
1,24216
1,24187
2,1031
0,13012
1,13383
1,14971
1,6952
5,18665
5,343
2,8743
0,3134
1,11117
2,11286
1,16874
3,4857
4,6812
4,14831
5,13152
1,1171
1,18725
4,192
1,203
5,8603
0,8592
0,4917
1,16934
4,11057
0,3074
5,5578
1,24356
3,21433
4,19449
2,2089
3,2318
3,23536
4,16637
1,4614
1,4585
3,22959
2,8900
3,18826
4,14732
2,6711
3,6480
4,21522
3,19558
3,23427
3,2198
3,2209
1,22848
2,4705
5,16726
0,4494
2,8811
4,18937
3,6600
2,14623
3,6591
2,14920
1,6903
3,1060
4,13043
3,312
4,18634
4,8712
4,8483
3,16825
4,4806
3,3165
1,11146
2,24247
2,5469
3,24307
3,24096
4,5529
2,13103
1,1120
4,13292
1,6843
2,14860
1,252
2,18774
1,8652
5,11006
1,3025
1,11397
2,4946
4,16965
2,22908
1,16666
1,4645
2,8951
0,18877
4,14763
0,6740
3,21462
2,19789
2,19418
1,23567
1,2349
4,17998
3,21765
4,7828
2,12168
2,23660
0,9639
4,4542
4,16561
5,6447
2,14464
2,155
0,18473
0,20409
3,20798
0,13195
1,1227
0,13204
1,11090
1,3322
1,11301
2,8555
3,23963
2,24391
1,24000
2,21866
0,15708
5,15499
3,24140
0,23823
2,21926
5,15648
2,384
0,18533
5,20549
0,6995
3,13344
2,1367
4,4890
1,11241
5,3262
2,8784
1,8415
0,8887
3,4793
1,16421
2,4402
5,6696
5,14524
1,6507
3,21625
2,12028
5,7968
0,23720
4,9779
3,8996
1,4682
4,4513
2,16530
0,6787
3,6416
2,14435
2,12139
5,7879
0,21734
3,23631
0,9668
2,24051
1,23932
1,15759
3,21837
4,18422
2,104
1,295
1,6884
1,1276
1,13255
4,20458
0,4981
2,3373
1,11350
4,8695
1,8504
0,18562
5,13084
5,13315
2,1336
4,20518
4,20689
1,11181
3,11210
0,3233
1,8444
2,23872
2,24280
3,24111
5,15619
5,15588
2,21977
4,7939
5,12079
0,21674
0,23771
4,9728
2,16470
1,4453
4,14575
3,6556
2,1285
2,14854
0,6877
1,1114
3,13137
1,266
4,18740
5,8666
3,3380
4,16951
0,4972
2,3011
5,11032
0,24333
3,9998
5,7418
4,7789
3,21456
3,23553
3,4671
5,16652
3,8965
5,18843
1,20839
3,6774
5,14757
2,16483
5,16712
3,4731
5,8825
4,18903
1,20979
1,14586
1,14617
2,6634
1,21687
3,21516
0,23782
2,23413
2,24273
2,23881
3,21984
4,7558
4,13077
3,1054
4,6937
1,14914
3,326
2,18591
4,18600
1,8726
2,11172
4,3151
1,4832
5,16811
3,24362
3,23990
1,7449
3,21895
3,1145
4,13166
3,14805
2,6826
1,18480
0,18711
3,237
4,8637
1,3040
0,11063
4,16900
1,4923
3,16592
1,4620
3,16603
1,8934
2,18812
2,14497
1,6725
4,14706
0,20868
2,21796
2,21407
2,23693
2,23502
3,21547
2,23442
4,16743
0,4760
4,8874
4,18952
1,14646
5,6665
5,20928
3,1394
4,6966
3,14945
5,13026
2,1005
5,18651
3,377
2,8777
3,3291
0,4863
3,16840
4,11123
0,3100
3,24222
0,9889
5,7509
5,7698
0,8179
3,25843
3,22120
1,20025
4,13628
2,579
5,7096
4,15324
3,7307
3,5193
2,17221
3,5202
3,9184
5,9215
5,10441
3,2462
2,59
2,21349
0,12544
4,19333
2,1908
1,14048
1,25740
1,14108
4,14299
3,1848
2,25591
0,25600
3,9355
0,10690
3,2522
4,10501
0,21209
4,21198
4,12795
1,12404
2,19273
1,7247
1,15264
3,12896
0,5342
4,17361
5,10993
3,8039
0,22060
2,20165
4,13768
3,439
3,15375
1,7356
1,12987
2,17270
1,5253
4,10882
5,8128
2,22171
3,25812
4,13679
2,20074
3,528
0,14019
4,14388
1,1959
3,25480
4,25711
5,9244
5,10781
5,10410
3,2433
1,12684
0,12515
2,21318
0,21089
4,19362
3,9095
1,9304
3,2573
2,10550
2,12455
0,21258
1,19222
3,1819
1,14159
0,25651
1,8068
3,22031
4,13739
1,20134
3,468
4,7187
2,7216
0,15235
4,5082
1,5313
4,17330
5,10772
3,2751
3,9126
1,19391
3,19000
2,12677
1,13989
3,6358
3,949
3,25473
0,22182
1,22213
5,20087
4,20316
3,1538
4,12974
1,15386
1,15017
1,7034
2,2852
5,10871
2,17283
0,17112
3,5131
1,7174
5,15157
4,12834
4,5071
3,17052
5,10931
1,2912
1,22353
4,20256
2,1478
1,6218
4,6189
1,809
2,25533
0,2580
2,2611
2,10632
3,9066
4,19140
2,12737
2,6309
0,6098
1,918
3,25422
1,2491
1,10723
3,2700
5,9177
3,19051
2,12626
2,15046
5,7065
2,12925
3,17143
3,5160
5,2803
2,10820
0,22242
3,1569
2,20347
0,22093
0,22302
1,1429
4,20196
3,20207
2,12865
4,15297
3,7125
5,15106
4,10960
1,2943
4,17392
1,5020
1,17003
2,2640
4,10663
1,9037
1,19280
4,19111
0,12766
2,13898
4,6249
3,858
2,25562
5,16068
0,3928
2,25665
4,9330
4,10564
2,2547
2,23369
2,12461
1,19216
2,19187
5,15201
2,7222
4,15190
5,17304
2,5327
2,17095
1,24698
1,24509
4,11599
1,11608
2,22005
0,22394
1,20100
0,20291
5,11748
2,25826
1,22145
1,20040
1,7362
3,15341
0,5267
0,17244
3,2895
0,24449
4,9270
2,2407
4,10424
4,2796
2,23229
0,12521
2,19356
1,3868
5,16128
0,25725
1,9361
3,23338
0,10535
2,2516
3,2687
1,12430
2,19247
2,25634
4,3979
2,16039
3,22054
2,11659
4,20151
0,15250
1,7273
3,24558
5,17355
1,5376
1,2984
3,7333
3,15310
5,15081
4,24789
3,24418
1,5236
2,17215
4,17184
2,22114
4,22285
0,11488
1,11719
3,20011
1,20380
3,25774
0,16179
2,3839
4,9221
0,23278
3,2456
3,10475
5,12570
4,19307
4,19096
4,15132
5,7111
4,12851
1,7280
4,17037
2,5014
1,2977
4,10954
4,5385
0,3689
4,3518
1,22336
1,18249
5,20233
0,4378
2,25556
2,10657
4,2674
2,24939
2,9003
0,9392
5,19125
1,12752
3,2734
2,10717
3,10486
4,24879
2,9143
5,19065
1,12612
1,12583
3,4238
3,25416
3,25787
3,3458
0,22276
5,18098
3,18309
2,20373
1,12911
3,7051
5,15072
4,10814
0,2837
1,5154
3,17177
0,22367
4,3549
2,1
4,18189
5,18218
4,20262
4,12800
5,15163
2,7140
2,2926
4,10905
2,17066
3,5045
2,24968
1,10606
0,2625
5,10597
3,9052
2,19174
2,12703
1,12492
3,25507
4,25696
4,4329
3,25447
0,4269
4,24828
3,2765
0,10746
1,9112
5,9283
0,19034
1,12643
1,7000
2,15023
0,12940
3,7391
0,5105
3,17126
4,10845
1,2866
1,5294
1,22227
3,3798
2,3409
1,18358
4,20322
2,19584
2,19615
2,12062
4,15901
4,7922
3,2144
4,10167
1,17804
3,5827
4,9733
2,4448
2,22894
1,25266
1,20991
5,18579
4,20692
4,20503
2,3228
0,22797
0,22406
4,9830
2,17496
1,5724
4,17707
2,23869
0,15593
4,7621
2,15602
5,19916
3,9970
4,17647
3,5664
1,23929
3,15742
4,7761
4,19856
4,18439
2,20443
1,3368
3,22546
3,4508
2,4699
2,25326
4,19755
4,7862
0,15841
4,12122
4,5967
4,17944
3,2395
1,10027
2,2004
3,9673
2,25237
3,4419
1,4788
0,19644
4,15950
4,7973
2,12033
3,17855
1,5876
3,2284
2,2115
5,10136
4,9762
0,9861
0,23838
3,5775
0,17756
5,7670
2,15653
4,19947
4,18528
5,20552
4,22457
4,3279
2,18468
1,20783
0,20412
2,22686
3,22517
3,3339
2,9921
1,23978
2,17587
3,17616
3,5635
2,15482
4,15713
4,7730
2,19807
2,19495
4,19704
0,12173
5,7833
1,15810
5,10076
1,2055
4,5936
2,17915
5,9622
2,22985
2,25377
4,4559
3,20880
3,20630
4,11138
3,4878
2,22735
3,5786
4,5417
1,17434
1,24239
1,9892
4,7683
0,7512
4,15531
4,12351
1,7980
4,19526
3,9791
1,9400
1,2277
1,10254
4,5885
3,23459
4,16758
2,25155
0,22836
3,18949
3,20933
4,16618
5,16589
2,25384
2,22976
3,25015
3,18809
0,20873
4,12180
0,12211
5,19466
4,9540
2,10085
0,10314
3,2337
3,23519
2,23688
4,17574
1,5557
3,24379
4,15471
4,7452
1,20770
2,4938
2,11078
3,22675
2,24268
5,5446
3,17465
4,7543
5,15560
2,20661
3,22764
2,4829
1,11169
1,25295
2,22867
0,25104
5,16709
1,16498
4,18918
1,20962
0,12091
3,12300
1,19577
5,9451
3,23408
0,23799
5,10194
3,2226
4,10205
0,12240
5,7891
1,19437
1,9680
5,9511
3,23548
5,10345
3,2366
1,5994
3,25044
2,22927
5,16649
4,18858
0,20822
5,20721
1,22624
0,11029
0,4969
3,24328
3,5697
2,17525
2,5506
3,9983
4,7792
4,15420
4,7403
2,9915
2,5601
0,17622
0,5590
1,21849
5,7704
3,15727
5,7495
5,19833
0,20426
1,1199
3,1208
3,22523
3,25343
5,6468
2,19730
2,15824
4,7807
4,12147
1,17921
1,5902
3,2061
1,10042
5,9616
5,9587
4,19670
2,12007
4,7947
1,15964
5,12396
0,10102
3,2121
3,5842
3,17861
4,10293
3,9756
4,25203
3,25192
0,6528
5,20566
1,14999
3,1348
2,22463
5,9855
3,17762
3,5741
2,21909
5,15667
5,7644
0,19973
3,14888
2,1259
2,20477
2,22572
3,9944
3,5650
1,17673
2,7755
3,15776
0,21818
1,19862
1,19761
2,12116
4,15875
4,7856
2,12287
2,2030
2,10013
1,17970
2,5953
5,10382
0,9647
1,25312
3,25083
5,6439
2,25252
2,6579
3,19621
1,7916
4,15935
3,12056
3,5813
2,17830
5,10153
3,2170
4,9707
4,9496
4,9804
4,17733
1,5710
0,5481
0,15636
4,7615
5,7584
3,21958
1,19922
3,1088
1,1319
4,20537
1,22432
4,22913
1,25070
2,20816
3,14778
1,21479
3,12274
0,15886
0,19403
0,19792
4,9525
0,2352
1,10371
5,17983
1,5532
3,17511
4,17680
4,19891
4,7437
0,15414
3,15785
4,20715
1,20484
4,13289
4,6858
5,13118
2,249
4,8649
2,22610
2,22581
3,20655
4,13058
1,6918
2,309
5,8498
4,8709
1,22750
4,17451
2,5472
4,15554
4,7577
4,21539
0,12334
0,19543
4,9465
0,10231
3,2212
3,2183
2,25130
0,22853
0,20956
1,14638
3,12225
3,21428
4,19452
3,9574
1,2303
0,10320
3,2092
3,25021
4,22942
1,14729
3,20847
0,13149
1,6809
4,20744
4,218
4,189
5,8589
5,8618
2,22641
4,5563
4,17540
5,7466
5,15445
4,17400
3,5423
3,17791
1,19980
5,15505
4,7526
0,15694
1,13398
0,6949
0,13009
4,20604
4,20595
4,358
4,8758
3,22701
3,22490
0,22802
3,25161
2,14669
3,20907
3,12365
4,15997
2,21568
2,19512
4,19683
4,9434
3,10260
3,2243
3,17892
3,1927
1,13904
1,14067
0,6044
2,3822
1,11801
5,16162
1,4141
0,23263
0,24891
5,76
2,21366
3,7328
4,24403
1,24792
2,8156
3,11702
2,3721
0,11493
4,13607
3,1624
5,13596
3,556
5,18070
1,8016
4,8387
3,3661
4,11642
1,1764
4,13747
3,787
2,416
1,18130
3,7268
3,24543
0,23323
4,21226
3,884
1,6104
1,14127
4,6295
0,13844
3,1867
4,4001
4,16022
1,4390
2,11941
5,3962
3,27
2,23232
1,21337
2,995
1,14036
1,6015
5,6384
3,1976
1,13955
5,16133
5,4110
2,4281
0,3873
4,11850
1,8107
1,8296
3,11753
3,3770
4,13656
3,1675
1,18021
5,696
3,507
3,7379
4,24452
1,7239
2,24512
3,24683
2,8047
4,3630
0,11613
5,11582
3,1735
5,13716
3,13487
4,18161
3,447
2,13815
3,1836
0,6155
1,14176
1,11910
2,3933
1,4050
2,16073
1,23372
1,24980
5,21277
2,15038
3,24730
1,11431
0,3412
5,3783
3,8265
2,665
4,18343
1,20339
0,13534
3,1517
3,1686
1,1985
4,14354
3,6377
2,966
3,3880
0,16251
1,4272
4,24833
4,23150
3,9298
0,9109
1,21055
2,12658
3,23010
2,24973
2,23381
3,9049
1,21115
0,21284
4,12489
1,12718
0,6237
1,14214
2,14185
2,826
3,4332
4,16311
1,16080
1,3552
3,11571
3,8325
3,725
0,18203
1,18192
4,20279
2,1457
1,13474
5,15178
1,24670
0,11460
5,3443
5,8234
1,18312
4,18083
1,634
1,13565
2,1546
4,20368
5,15069
2,24761
4,85
2,23101
1,24862
0,23290
0,9158
0,12598
1,12609
1,21004
3,21395
0,14305
2,6326
1,14094
3,937
1,16200
1,4223
4,16191
2,1894
1,6266
3,14245
3,877
5,3991
2,4363
4,16340
4,24922
2,23041
0,9389
3,9018
1,12749
3,21144
2,15129
2,24621
4,3503
0,11520
5,3692
4,8374
1,18252
2,774
1,1406
1,13425
4,1797
1,20228
1,8073
0,3595
5,11627
1,3604
3,1490
3,13722
0,1701
4,18155
2,473
0,5308
3,5099
1,24526
3,2568
4,23346
4,21243
5,19239
3,14142
1,6161
0,1802
1,13821
5,16047
3,4064
1,3907
3,11924
4,14393
1,13961
3,1942
0,6021
1,14002
5,16296
3,11864
3,3847
4,4124
4,16107
2,13
3,2428
1,23197
0,23206
0,21092
2,21303
4,19379
5,5248
4,10899
5,24466
5,8133
0,3744
5,11767
3,25809
2,1641
4,13662
2,18384
0,18015
2,533
3,24577
2,5359
1,10988
1,8022
3,11676
0,3655
1,13773
3,1750
3,422
4,18295
0,18104
4,14282
3,1853
5,13870
1,14113
0,6130
3,16387
4,3956
0,11975
4,16016
1,4035
0,23086
2,23317
3,2539
3,21183
2,21212
3,19268
0,23257
1,2479
3,42
1,21352
4,19328
0,6070
1,14053
1,13930
3,1913
3,4175
4,16156
4,11835
2,3816
3,8162
2,25858
2,3484
0,3715
2,11736
1,1581
3,1610
4,13633
3,562
4,18044
0,24437
1,5219
3,5188
2,10678
0,23075
5,24916
2,21170
1,13883
4,14271
0,6252
2,843
1,11986
4,16374
2,4357
2,25579
3,11685
3,11514
4,3537
0,22319
1,22088
3,8340
4,18266
4,740
0,13780
1,13411
3,1432
0,17018
4,2958
4,17389
3,24584
3,24615
3,2818
0,17158
3,24755
1,3477
0,11454
0,22259
2,8191
0,8200
0,18326
4,600
5,591
3,1572
4,13551
4,6083
3,6312
1,14331
0,903
3,4186
2,4217
5,16234
3,25439
5,10738
4,24856
4,23135
1,21030
0,6192
1,14220
4,6203
0,812
1,25528
1,4097
3,16325
0,4306
2,24947
2,23024
2,10629
1,21121
0,24644
3,2909
3,17049
3,22348
0,11545
2,3566
4,8080
3,8311
3,711
3,480
5,18237
1,13440
3,1463
2,22208
4,22199
5,11794
2,3426
3,11405
3,8251
3,651
2,18377
3,13691
4,1523
0,13500
3,24495
1,24704
0,17109
3,2849
0,17298
0,23164
4,24807
5,10769
3,21061
1,13992
5,6343
2,14360
1,952
3,25468
1,11897
3,4246
4,16265
5,17288
3,2859
3,17119
1,24714
0,24485
0,13510
3,1533
4,13681
1,18367
4,641
3,8241
2,11415
5,3436
2,11784
0,22189
1,22218
4,16275
4,4256
4,11887
3,25478
3,942
4,14370
5,6353
4,13982
1,21071
1,10779
5,24817
2,23174
1,21131
0,10639
0,23034
2,24957
0,4316
2,16335
2,4087
2,25538
2,802
0,6213
1,14230
0,6182
2,1473
3,13450
4,18227
3,490
3,701
3,8301
2,8090
4,3576
0,11555
2,22358
2,17059
1,2919
2,24654
0,13541
2,1562
3,581
1,610
1,18336
5,8210
0,8181
2,22249
4,11444
3,3467
3,24745
4,17148
1,2808
2,21020
2,23125
4,24846
4,10728
1,25429
1,16224
3,4207
3,4196
3,913
4,14321
4,6302
4,6093
1,25569
0,4347
2,16364
3,11996
1,853
2,6242
1,14261
5,13893
1,21160
1,24906
2,23065
4,10668
3,24605
3,24594
4,17399
1,2948
0,17008
1,1422
2,13401
5,13790
3,750
4,18276
4,8350
0,22098
0,22309
1,3527
4,11504
2,11695
3,3806
4,11825
2,16146
3,4165
1,1903
1,13920
1,14043
4,6060
5,19338
4,21342
3,52
3,2469
0,23247
1,5198
2,5209
5,24427
4,18054
0,572
2,13623
3,1600
3,1591
2,11726
2,3705
2,3494
3,25848
5,8172
5,18114
1,18285
3,432
1,1740
5,13763
4,3645
0,11666
3,8032
1,10998
2,5349
3,24567
2,19278
3,21202
3,21193
3,2529
0,23307
2,23096
5,4025
4,16006
1,11965
1,3946
1,16397
4,6120
1,14103
4,13860
3,1843
2,14292
3,19369
0,21313
2,21082
2,23216
2,23187
3,2438
4,16117
1,4134
3,3857
1,11874
1,16286
1,14012
1,6031
2,1952
4,13971
5,14383
0,523
0,18005
3,18394
5,13672
2,1651
3,25819
0,11777
0,3754
4,8123
4,24476
5,10889
1,5258
3,24536
3,5089
1,5318
3,463
4,18145
2,1711
5,13732
2,1480
3,3614
4,11637
4,3585
5,8063
5,11934
4,3917
3,4074
2,16057
3,13831
3,1812
3,6171
1,14152
2,19229
3,21253
3,23356
3,2578
1,21154
2,12759
3,9008
0,9399
2,23051
2,24932
1,16350
5,4373
4,3981
3,867
2,14255
4,6276
1,1884
0,20238
2,1787
1,13435
4,1416
3,764
0,18242
1,8364
0,3682
1,11530
1,3513
3,24631
5,15139
5,24771
5,15079
1,20378
1,1556
4,13575
4,624
4,18093
1,18302
4,8224
2,3453
0,11470
4,16181
3,4233
5,16210
3,927
1,14084
1,6336
4,14315
3,21385
1,21014
2,12619
4,12588
5,9148
2,23280
4,24872
2,23111
3,95
5,16090
5,16301
1,4322
2,836
0,14195
2,14204
0,6227
4,12708
1,12499
2,21294
3,21105
3,9059
3,23391
2,24963
0,23000
3,24660
4,15168
2,13464
2,1447
3,20269
3,18182
4,18213
2,735
3,8335
2,11561
1,3542
1,1696
2,1507
2,13524
3,20329
1,18353
0,675
3,8275
3,3793
2,3402
5,11421
3,24720
2,15028
1,12648
1,21045
3,9119
4,9288
0,23140
4,24823
1,4262
2,16241
1,3890
3,976
2,6367
4,14344
2,1995
1,457
1,18171
2,13497
5,13706
0,1725
5,11592
5,11603
1,3620
0,8057
1,24693
0,24502
2,7229
1,21267
1,24990
3,23362
0,16063
0,4040
4,3923
1,11900
1,14166
4,6145
3,1826
1,13805
1,11840
1,3863
3,4291
2,4100
5,16123
4,13945
4,1966
2,6394
0,6005
0,14026
1,985
3,21327
0,23222
3,37
5,24442
3,7369
2,517
2,686
0,18031
1,1665
1,13646
3,3760
5,11743
3,8286
0,8117
2,24553
1,7278
3,18120
3,406
3,797
2,13757
0,1774
5,11652
2,3671
5,8397
1,8006
4,3972
4,11951
0,4380
0,16032
5,4011
3,1877
4,13854
1,6285
1,14137
0,6114
3,894
0,21236
2,23333
3,21376
5,66
4,24881
0,23273
3,4151
4,16172
1,11811
3,3832
4,6054
1,14077
1,13914
3,1937
4,18060
4,546
4,13586
1,1634
5,13617
4,11483
0,3731
1,11712
2,8146
0,24782
5,24413
2,7338
3,22480
1,22711
4,8748
5,348
5,20585
2,20614
0,13019
5,6959
1,13388
5,15684
5,7536
2,15515
0,19990
3,17781
1,5433
0,17410
1,17882
3,2253
5,10270
4,9424
4,19693
4,19502
2,21578
2,15987
0,12375
0,20917
1,14679
2,25171
2,22812
2,20857
4,14739
0,22952
3,25031
3,2082
0,10330
2,2313
4,9564
3,19442
2,21438
0,12235
5,15455
1,7476
5,17550
4,5573
2,22651
4,8608
4,8599
1,199
2,208
4,20754
4,6819
2,13159
4,7567
2,15544
2,5462
1,17441
1,22740
0,8719
1,8488
2,319
0,6908
3,13048
2,20645
2,14628
1,20946
3,22843
2,25120
2,2193
3,2202
4,10221
4,9475
4,19553
0,12324
0,21529
4,17993
4,10361
2,2342
4,9535
1,19782
3,19413
1,15896
1,12264
1,21469
4,14768
2,20806
2,25060
0,22903
3,22591
1,22600
1,8659
4,259
1,13108
1,6848
5,13299
2,20494
4,20705
3,15795
0,15404
1,7427
4,19881
3,17690
3,17501
3,5522
5,9486
2,9717
4,2160
4,10143
1,17820
3,5803
0,12046
2,15925
3,7906
4,19631
3,6569
2,25242
0,22422
5,20527
1,1309
1,1098
5,19932
2,21948
5,7594
5,7605
5,15626
3,5491
3,5700
4,17723
4,9814
5,19872
4,21808
3,15766
2,7745
4,17663
3,5640
3,9954
3,22562
3,20467
2,1249
1,14898
3,6429
2,25093
4,25302
1,9657
5,10392
4,5943
3,17960
3,10003
3,2020
4,12297
5,7846
4,15865
0,12106
1,19771
2,6538
3,25182
0,25213
4,9746
4,10283
3,17871
3,5852
3,2131
0,10112
3,12386
0,15974
4,7957
1,12017
5,19660
4,19963
5,7654
2,15677
2,21919
3,5751
2,17772
4,9845
2,22473
3,1358
1,14989
4,20576
3,22533
3,1218
1,1189
0,20436
1,19823
4,7485
3,15737
4,7714
3,21859
5,5580
4,17632
2,5611
5,9905
5,9597
2,9606
2,10052
2,2071
3,5912
1,17931
1,12157
5,7817
3,15834
0,19720
3,6478
3,25353
4,20832
5,18848
0,16659
3,22937
3,25054
0,5984
2,2376
3,10355
2,23558
3,9501
5,9690
0,19427
5,7881
0,12250
5,7413
4,15430
1,7782
1,9993
3,5516
0,17535
3,5687
2,24338
2,4979
5,11039
0,22634
4,20731
2,11179
2,4839
2,22774
2,20671
5,15570
4,7553
3,17475
1,5456
2,24278
4,10215
3,2236
5,10184
0,23789
3,23418
4,9441
1,19567
4,12310
0,12081
3,20972
4,18908
0,16488
5,16719
2,25114
1,22877
4,25285
2,23698
2,23509
3,2327
3,10304
3,10095
4,9550
0,19476
4,12201
3,12190
3,20863
2,18819
1,25005
0,22966
3,25394
3,16599
2,16608
3,22665
1,11068
2,4928
1,20760
5,7442
5,15461
1,24369
1,5547
1,17564
1,15521
3,7502
1,7693
2,9882
3,24229
0,17424
0,5407
3,5796
2,22725
0,4868
2,11128
0,20620
3,20923
0,18959
2,22826
2,25145
4,16748
2,23449
0,5895
3,10244
3,2267
4,9410
2,9781
0,19536
4,7990
2,12341
1,19817
4,7720
5,15703
0,15492
2,5625
4,17606
3,17597
0,23968
2,9931
0,3329
3,22507
3,22696
3,20402
3,20793
1,18478
3,20890
3,4549
2,25367
0,22995
1,9632
3,17905
1,5926
3,2045
4,10066
2,15800
4,7823
1,12163
4,19714
4,19485
4,9772
5,10126
3,2105
0,2294
2,5866
2,17845
1,12023
5,7963
0,15940
0,19654
4,4798
0,4409
5,25227
4,3269
2,22447
2,20542
1,18538
1,19957
5,15643
4,7660
0,17746
3,5765
0,23828
0,9871
2,22556
2,3378
1,20453
0,18429
5,19846
2,7771
4,15752
2,23939
3,5674
5,17657
3,9960
2,9663
2,2014
0,10037
3,2385
4,17954
1,5977
4,12132
0,15851
5,7872
4,19745
3,25336
3,4689
2,4518
1,20981
4,25276
0,22884
3,4458
4,9723
3,5837
0,17814
4,10177
3,2154
5,7932
5,15911
2,12072
2,19605
3,19594
5,19906
4,15612
4,7631
4,15583
2,23879
1,17717
1,5734
1,17486
0,9820
4,22416
1,22787
3,3238
5,20513
2,20682
2,18569
1,25087
2,25316
0,4538
4,19765
1,7852
2,15871
5,12283
0,12112
1,5957
4,17974
5,10386
1,10017
2,2034
0,9643
0,9940
2,23919
2,17677
3,5654
2,15772
4,7751
2,19866
1,18409
1,18798
2,20473
2,22576
0,16989
2,3358
4,18549
1,20533
0,22436
1,3218
4,3189
2,9800
0,23859
0,5485
3,5714
5,17737
4,7580
0,7611
2,15632
3,19926
1,19625
0,12052
1,15931
3,7912
1,2174
5,10157
2,17834
2,5817
4,9492
1,9703
4,25256
2,4478
0,19734
4,12143
4,7803
2,15820
0,10046
1,2065
3,5906
2,17925
5,9583
2,9612
2,4569
3,25347
3,18458
0,20422
2,3309
5,3098
3,22527
4,9911
3,5594
3,17626
3,5605
2,23948
5,7491
1,15723
5,7700
4,19837
5,9851
3,5745
2,17766
4,23808
4,7640
5,15663
1,19977
4,18518
5,18689
5,20562
4,16898
1,3249
2,22467
2,4429
2,25196
0,25207
4,19674
4,15960
4,7943
4,12392
4,12003
2,17865
3,5846
4,10297
3,2125
1,10106
0,9752
2,24349
0,17544
1,5567
5,15441
4,7462
5,20740
2,22645
1,4908
5,11048
0,22946
3,25025
1,16628
4,18839
0,20843
3,12221
0,19456
4,9570
3,23529
3,2096
2,10324
2,2307
0,12361
4,15993
2,19687
2,19516
5,9430
2,23469
1,2247
5,10264
4,17896
2,25165
4,22806
3,16768
5,18979
3,20903
4,20591
5,20600
3,22494
1,22705
1,11108
3,11299
2,4848
1,24209
1,24198
0,17795
1,5427
4,17404
1,19984
5,15690
4,7522
5,15501
2,20480
4,20711
0,11019
2,11388
2,4959
3,22585
3,22614
3,17684
3,17515
5,5536
3,24318
3,24089
4,19895
1,15781
0,15410
4,7433
5,12270
0,15882
0,19796
0,19407
5,9521
5,10375
3,2356
1,17987
3,23578
5,16679
3,25074
0,22917
4,18868
4,20812
4,16739
3,22857
3,25134
1,18928
4,20952
3,12330
1,19547
4,9461
3,2187
2,2216
5,10235
1,23438
1,5476
4,17455
1,24258
4,7573
4,15550
0,20651
1,4819
1,11159
1,22754
3,1378
4,20556
2,22453
5,9865
2,17752
3,5771
3,15657
3,7674
3,21939
2,19943
0,19640
1,12037
4,7977
4,15954
5,10132
3,2111
3,5872
2,17851
1,2280
1,9766
1,8898
1,25233
1,6689
5,6518
2,22981
2,25373
5,6458
1,20884
4,19700
1,19491
0,15814
5,7837
1,12177
3,17911
4,5932
4,2051
5,10072
5,9626
1,9925
2,5631
1,17612
3,17583
4,7734
5,15717
2,15486
2,21879
4,19803
2,1238
0,20416
0,20787
3,22513
2,22682
1,9834
5,17703
3,5720
0,17492
2,21968
2,15606
0,7625
4,15597
4,19912
5,20507
5,20696
1,1329
2,22402
2,22793
3,22890
3,25262
5,20995
3,6549
3,19611
1,19580
4,7926
4,15905
2,12066
3,5823
1,17800
4,10163
1,2140
3,9737
4,19751
2,12126
0,15845
3,7866
1,2000
2,10023
1,17940
2,5963
3,2391
1,9677
3,8989
3,25322
1,6798
3,6409
0,20447
1,1269
3,22542
2,9974
3,5660
4,17643
3,21828
3,7765
2,15746
4,19852
2,12304
5,12095
0,21698
1,21509
2,19573
1,9455
3,10201
3,2222
2,10190
0,25100
4,25291
3,22863
1,14599
1,14608
1,20966
4,13068
3,6928
3,20665
2,339
4,8739
4,22760
1,17461
1,5442
5,15564
4,7547
0,5502
4,17521
1,5693
3,9987
0,7407
4,15424
4,7796
0,6868
5,13128
2,20725
3,279
5,8679
3,22620
0,22923
3,25040
1,14748
2,20826
0,12244
5,7895
3,21449
2,19433
4,9515
4,9684
2,2362
4,10341
4,5990
2,22832
3,25151
3,20937
1,14659
2,21558
1,12355
1,7984
1,19522
4,9404
4,9795
1,10250
3,2273
4,5881
2,17430
1,5413
3,5782
2,9896
4,15535
1,7516
4,7687
3,20634
0,6979
4,13039
5,368
0,8768
2,22731
2,20774
5,13179
1,6839
1,228
4,8628
2,22671
4,5553
0,17570
4,7456
5,15475
2,21789
3,21418
3,12215
2,12184
5,19462
4,9544
3,2333
2,10310
0,10081
3,25011
2,25380
4,22972
2,20877
0,14488
1,14719
3,23313
2,23082
1,21216
3,21187
0,6134
3,14117
4,14286
5,13874
3,1857
2,4031
4,16012
2,16383
1,11971
4,3952
3,8026
2,3651
2,11672
3,1754
2,13777
0,18100
4,18291
1,426
1,7258
0,12889
3,24573
5,7089
3,7318
5,24433
0,8166
1,11732
0,3711
1,3480
4,13637
1,1614
3,1585
3,18040
1,566
3,1917
4,13934
2,14057
2,6074
1,3812
1,11831
5,16152
1,4171
3,46
0,23253
0,21356
2,13825
3,1806
0,6165
1,14146
4,11920
5,3903
2,4060
4,16043
3,23342
3,21247
4,7198
1,7209
2,24522
1,8077
0,3600
2,11623
4,3591
5,1705
2,13726
1,1494
3,477
4,18151
0,8137
1,11763
0,3740
4,13666
4,1645
3,537
2,18011
2,18380
1,7349
0,12998
0,24462
0,23202
3,23193
3,17
0,21307
1,21096
1,14006
0,6025
4,14397
3,1946
4,13965
4,16103
3,4120
5,16292
3,3843
2,11860
5,3562
2,11541
3,8315
4,8084
4,18233
3,484
3,715
2,1467
2,13444
2,20249
5,15148
1,24640
0,23020
2,24943
3,9079
0,12728
1,21125
4,6207
1,14224
1,6196
0,816
3,4302
5,16321
0,4093
1,13996
5,14364
5,6347
3,956
1,11893
4,16261
3,4242
4,24803
0,23160
0,9139
2,12668
1,21065
5,15399
2,15008
3,24700
5,24491
3,11401
3,3422
5,11790
3,8255
1,18373
2,655
3,13504
3,1527
5,13695
4,20098
5,20309
1,15288
0,15119
3,24611
3,24580
4,3533
2,11510
3,11681
3,8344
3,744
5,18262
2,20189
2,20218
3,1436
1,13415
2,13784
1,13887
0,6256
3,14275
0,847
1,11982
1,4353
2,16370
1,24912
2,23071
3,9028
3,21174
3,12779
2,23131
5,24852
5,9168
1,21034
2,12639
4,14335
3,6316
0,6087
0,907
1,16230
3,4213
2,4182
0,11450
3,3473
4,8204
0,8195
5,595
1,604
2,18322
2,20358
4,13555
2,1576
1,15059
2,24751
2,24456
1,5278
3,8292
2,8103
1,25839
3,3774
0,11757
0,1671
4,13652
3,503
2,692
4,18025
2,991
1,6380
4,13951
3,1972
2,6011
0,14032
2,4285
2,11854
0,3877
0,4114
5,16137
0,23236
3,2418
1,23
3,2789
3,21333
5,19349
3,23376
2,24984
3,2558
5,21273
2,19209
2,19198
1,14172
4,6151
1,1832
2,13811
2,16077
1,4054
1,3937
3,11914
1,8043
2,11586
4,11617
1,3634
0,13483
2,13712
1,1731
3,443
4,18165
2,24687
2,24516
0,5338
1,8152
3,11497
0,3725
2,11706
4,13592
3,1620
0,13603
5,18074
3,552
3,5229
4,24796
4,24407
5,72
1,2449
4,23267
1,24895
0,21362
4,19318
4,19089
0,6040
2,14063
2,13900
3,1923
2,4145
3,16166
4,11805
3,3826
3,880
4,6291
4,1863
2,13840
1,14123
0,6100
2,4394
5,3966
1,11945
5,16026
1,4005
3,2509
2,2698
2,23327
1,21222
0,19258
0,5369
3,24547
3,8383
4,8012
5,11646
2,3665
1,13743
3,1760
5,18134
2,412
2,783
1,14090
4,6322
4,14301
3,933
1,25409
3,25798
1,16195
1,4227
4,16204
1,24866
2,23294
2,23105
0,10708
4,10499
3,81
2,21391
1,21000
4,24765
0,2828
3,17168
1,22269
0,3447
1,11464
2,8230
3,630
4,18087
5,18316
3,1542
4,13561
0,22329
2,3696
2,11524
2,3507
1,8370
2,770
5,18256
4,1793
1,13421
1,1402
2,24625
2,17028
4,2968
4,23045
4,24926
4,10648
1,21140
3,1890
1,14241
1,6262
3,873
3,25549
2,3995
4,16344
1,4367
4,10759
0,23154
4,24837
1,21051
3,1981
5,6373
0,14350
3,962
5,3884
2,4276
4,16255
3,25458
3,3787
5,3416
2,11435
1,22238
3,8261
4,18347
1,661
2,1682
2,1513
1,13530
3,17139
3,2879
3,24734
1,2939
0,17079
2,24674
5,11575
4,3556
2,22378
3,8321
4,18196
1,18207
2,721
1,13470
2,1453
2,14181
1,14210
0,6233
2,822
1,16084
4,16315
3,4336
2,25518
4,25689
2,10619
5,10588
2,24977
3,23385
0,23014
1,21280
1,21111
3,1443
3,13460
2,731
5,18217
5,18186
3,8331
0,22368
1,3546
4,11565
3,24664
0,17069
3,2929
1,21101
4,21290
0,23004
3,23395
2,24967
5,10598
5,10609
1,25699
3,25508
1,4326
1,16305
3,16094
2,832
3,6223
0,14200
1,14191
3,25448
5,16245
0,4266
2,3894
3,972
4,14340
1,6363
2,1991
3,21041
4,24827
2,23144
2,10749
3,24724
3,2869
3,17129
1,13520
3,1503
4,1692
2,671
1,18357
2,8271
1,22228
0,11425
2,3406
3,3797
3,2978
0,17038
3,24635
1,1412
2,13431
3,1783
2,18246
2,760
1,8360
1,3517
4,11534
5,3686
2,22339
0,4377
3,16354
3,3985
2,25559
0,863
1,6272
1,14251
2,1880
1,21150
3,10658
2,24936
2,23055
1,21010
1,21381
2,91
3,10489
3,10718
5,23115
0,23284
4,24876
4,16214
3,4237
4,16185
3,25788
1,25419
0,923
1,14311
1,6332
1,14080
2,13571
2,1552
0,18306
0,18097
4,620
3,8220
0,11474
2,3457
2,22279
3,17178
3,2838
5,24775
5,19248
4,21232
3,23337
1,2688
2,2519
4,4015
4,16036
3,11955
4,3976
3,4384
0,6110
1,14133
4,13850
3,1873
0,6281
3,890
3,793
3,402
2,18124
3,1770
3,13753
1,3675
0,11656
1,8002
4,8393
3,24557
1,5379
1,24417
3,24786
0,5239
1,542
4,18064
4,13613
0,1630
4,13582
4,11716
5,3735
0,11487
5,8142
1,3836
4,11815
4,16176
4,4155
2,1933
3,13910
3,14073
0,6050
3,19099
4,19308
3,21372
1,24885
2,23277
2,2459
5,62
3,11904
0,3927
2,4044
0,16067
0,13801
0,1822
1,6141
1,14162
2,19188
4,19219
2,21263
2,2548
2,24994
3,23366
0,5328
3,24506
1,24697
5,18175
3,453
2,1721
4,13702
2,13493
1,3624
2,11607
3,11596
3,8053
1,18035
0,682
4,513
4,13642
2,1661
5,11747
3,3764
2,25829
5,8113
3,8282
2,5268
0,24446
2,19359
3,21323
4,2799
3,33
3,2408
0,23226
5,16127
0,4104
1,3867
4,11844
1,4295
2,14022
0,6001
3,1962
1,13941
5,6390
1,981
1,4192
3,4203
4,16220
1,917
4,6097
3,6306
1,14325
2,12629
4,21024
5,9178
4,24842
2,23121
2,24741
1,15049
3,1566
4,13545
0,20348
5,18332
3,614
0,585
2,8185
5,8214
2,3463
0,11440
4,13794
2,13405
2,1426
3,20208
1,20199
4,18272
2,754
2,8354
3,11691
0,11500
0,3523
3,24590
3,24601
5,15109
4,15298
0,12769
4,21164
3,9038
1,23061
0,24902
4,16360
4,4343
2,11992
0,857
1,14265
4,6246
2,13897
4,21075
2,12678
2,9129
1,23170
4,24813
4,4252
1,16271
1,11883
2,946
3,6357
2,14374
1,13986
4,20319
5,20088
3,13685
3,1537
4,13514
1,645
1,18363
3,8245
2,11780
1,3432
4,11411
0,24481
1,24710
1,15018
4,15389
0,24650
3,15158
4,20259
3,13454
2,1477
2,705
2,494
5,18223
4,8094
3,8305
2,11551
4,3572
2,4083
5,16331
1,4312
2,806
1,6186
5,14234
4,6217
2,21135
2,12738
3,9069
2,24953
0,23030
5,24472
1,12988
1,7359
1,18390
4,18001
2,527
4,1655
4,13676
0,3750
1,11773
5,8127
2,11870
2,3853
0,16282
5,4130
4,16113
4,13975
2,1956
5,14387
0,6035
4,14016
1,21086
0,21317
4,23183
0,23212
5,21257
3,23352
0,16053
2,4070
2,3913
5,11930
1,14156
1,6175
4,1816
3,13835
4,18141
3,467
2,1484
4,13736
2,1715
0,3581
5,11633
3,3610
1,8067
3,24532
2,7219
5,7188
5,576
4,18050
3,1595
3,1604
4,13627
2,3490
0,3701
1,11722
3,8176
2,24423
3,7308
5,7099
2,21346
1,23243
3,56
0,4161
5,16142
4,11821
3,3802
2,6064
1,14047
2,13924
3,1907
1,3942
1,11961
1,16393
4,16002
2,4021
3,1847
1,13864
4,14296
1,14107
4,6124
3,21197
0,21206
2,23092
0,23303
3,24563
3,12899
1,7248
3,436
1,18281
4,18110
1,13767
4,1744
2,11662
4,3641
1,8036
2,15465
1,7446
1,17560
4,5543
2,22661
5,8638
2,238
0,6829
1,13169
4,20764
4,14709
1,14498
0,20867
0,22962
3,25390
1,25001
4,10091
3,10300
3,2323
4,9554
1,19472
0,12194
4,12205
3,21408
0,21799
4,5891
3,2263
5,10240
1,9785
5,9414
4,19532
1,7994
0,12345
3,21548
1,14649
0,20927
5,25141
1,22822
4,22721
2,8778
3,378
5,13029
2,6969
1,20624
5,7697
5,7506
4,15525
5,9886
3,5792
4,5403
5,17420
3,22630
3,8669
4,269
3,20735
4,13138
4,6878
1,7786
5,15434
5,7417
3,9997
3,5683
0,17531
3,5512
1,5980
5,10351
1,2372
5,9694
5,9505
4,19423
3,21459
5,7885
2,12254
3,20836
5,14758
3,25050
1,22933
0,20976
1,14618
1,14589
2,22873
1,25281
2,25110
5,10180
2,2232
4,10211
4,9445
4,19563
2,21519
1,21688
3,12085
4,12314
4,7557
5,15574
5,5452
1,17471
3,22770
4,8729
2,329
2,20675
4,6938
4,13078
3,6419
0,6788
3,25332
3,8999
5,9667
2,2381
4,5973
4,17950
3,10033
2,2010
5,7876
3,15855
0,12136
5,19741
0,19842
1,15756
1,7775
3,21838
5,17653
3,5670
3,9964
2,22552
1,1279
1,20457
0,22783
2,22412
1,1339
1,20686
4,20517
5,19902
4,15587
0,7635
4,15616
2,21978
4,17482
2,5730
1,17713
0,9824
4,9727
3,2150
2,10173
5,17810
3,5833
5,12076
1,15915
4,7936
1,19590
2,19601
3,6559
3,20985
0,25272
3,22880
5,9636
2,10062
3,2041
1,5922
0,17901
2,12167
4,7827
0,15804
1,19481
4,19710
3,20894
5,6448
3,25363
0,22991
3,22692
3,22503
1,20797
2,20406
1,1228
3,19813
3,21869
0,15496
1,15707
4,7724
2,17593
2,17602
5,5621
5,9935
5,19953
3,21929
4,7664
5,15647
3,5761
1,17742
0,9875
2,22443
2,20546
2,1368
1,6508
5,6699
0,25223
1,8888
1,9776
3,2290
0,17841
3,5862
3,2101
1,10122
5,15944
5,7967
3,12027
2,19650
2,23428
2,10225
1,2206
3,2197
5,9471
2,19557
0,12320
5,20942
4,18938
2,25124
1,22847
5,16729
2,22744
2,11149
0,4809
3,20641
5,15540
4,7563
2,24248
2,17445
2,5466
2,7423
5,15400
3,15791
5,19885
3,24099
3,24308
1,5526
4,17505
3,17694
1,22604
2,22595
0,4949
1,11398
4,11009
4,20701
2,20490
3,20802
1,18878
2,22907
2,25064
5,16669
3,23568
4,17997
1,2346
2,10365
4,9531
2,19417
1,19786
5,15892
2,12260
3,20913
5,18969
4,16778
0,22816
2,25175
3,17886
2,10274
2,2257
2,23479
4,9420
1,19506
4,19697
4,15983
5,12371
5,15511
4,7532
1,15680
2,19994
4,17414
3,5437
3,17785
3,24188
1,24219
3,4858
2,11289
0,11118
3,22715
3,22484
4,20610
3,20581
4,11058
0,4918
2,22655
1,20750
0,7472
5,15451
4,5577
0,17554
1,24359
3,2317
2,10334
3,2086
3,23539
4,9560
4,19446
5,12231
1,20853
4,18829
4,16638
3,25035
1,22956
2,22477
1,3259
3,16888
2,20572
3,18699
3,18508
0,19967
4,15673
5,7650
0,23818
3,17776
1,5755
1,9841
1,9742
5,10116
4,2135
4,10287
1,5856
2,17875
3,12013
4,12382
4,7953
5,15970
1,19664
4,25217
2,25186
2,4439
2,25357
3,4579
0,9602
5,9593
2,17935
2,5916
3,2075
3,10056
3,15830
5,7813
3,12153
0,19724
5,19827
2,7710
1,15733
1,7481
2,23958
0,5615
4,17636
5,5584
5,9901
3,22537
0,3088
4,3319
2,20432
2,18448
4,19936
5,15622
5,7601
5,7590
4,17727
3,5704
2,5495
2,23849
1,9810
4,3199
1,3208
0,22426
5,20523
0,18559
4,4468
0,25246
5,9713
5,9482
3,5807
2,17824
4,10147
3,2164
0,7902
5,15921
1,12042
1,19635
0,9653
3,2024
3,10007
5,10396
4,17964
4,5947
5,12102
1,12293
2,15861
4,7842
2,19775
1,4528
3,25306
2,25097
3,3348
1,16999
2,22566
0,20463
2,18788
0,18419
2,19876
3,7741
2,15762
3,5644
4,17667
3,23909
3,9950
2,20472
3,18799
4,18408
2,3359
4,16988
2,22577
3,5655
1,17676
2,23918
2,9941
4,19867
4,7750
0,15773
0,12113
5,12282
2,15870
5,7853
4,19764
0,9642
3,2035
2,10016
5,10387
4,17975
0,5956
4,4539
2,25317
2,25086
3,4479
2,25257
3,7913
4,15930
2,12053
3,19624
1,9702
4,9493
3,5816
0,17835
5,10156
3,2175
5,17736
3,5715
0,5484
2,23858
4,9801
2,19927
5,15633
1,7610
1,7581
2,20532
4,18548
4,3188
4,3219
2,22437
2,23949
2,5604
1,17627
5,5595
4,9910
0,19836
5,7701
4,15722
5,7490
0,20423
0,18459
2,22526
0,3099
1,3308
1,25346
1,4568
2,15821
4,7802
1,12142
4,19735
0,9613
5,9582
3,17924
3,5907
2,2064
1,10047
4,12002
4,12393
1,7942
4,15961
4,19675
5,9753
1,10107
3,2124
4,10296
3,5847
3,17864
2,25206
2,25197
2,4428
5,20563
5,18688
4,18519
2,22466
4,3248
5,16899
4,23809
2,17767
3,5744
2,9850
1,19976
5,15662
0,7641
3,19457
3,12220
2,2306
2,10325
3,2097
3,23528
3,9571
3,16629
3,25024
0,22947
5,20842
4,18838
5,20741
5,11049
1,4909
2,22644
1,5566
0,17545
1,24348
4,7463
5,15440
0,17405
4,5426
3,17794
3,24199
1,24208
5,15500
4,7523
5,15691
3,19985
2,20601
4,20590
0,4849
3,11298
2,11109
1,22704
3,22495
2,16769
2,22807
2,25164
3,20902
4,18978
2,19517
4,19686
2,15992
5,12360
4,17897
5,10265
3,2246
2,23468
5,9431
1,22916
3,25075
5,16678
2,20813
2,18869
0,19406
1,19797
5,15883
1,12271
3,23579
5,17986
3,2357
5,10374
5,9520
3,24088
3,24319
2,5537
2,17514
2,17685
4,7432
5,15411
3,15780
4,19894
4,20710
0,20481
3,22615
3,22584
0,4958
0,11389
2,11018
3,20650
1,22755
4,11158
0,4818
1,24259
4,17454
0,5477
4,15551
2,7572
2,19546
4,12331
3,23439
0,10234
0,2217
2,2186
4,9460
0,25135
0,22856
4,16738
1,20953
4,18929
1,25232
2,8899
0,6519
3,6688
4,15955
1,7976
2,12036
0,19641
1,9767
3,2281
2,17850
5,5873
1,2110
5,10133
1,5770
5,17753
5,9864
5,19942
2,21938
4,7675
3,15656
4,20557
2,1379
2,22452
0,20786
0,20417
3,1239
3,22683
3,22512
3,17582
3,17613
2,5630
1,9924
2,19802
3,21878
5,15487
0,15716
4,7735
0,12176
5,7836
5,15815
3,19490
4,19701
2,9627
5,10073
4,2050
4,5933
0,17910
2,25372
0,22980
3,20885
5,6459
2,12067
4,15904
5,7927
1,19581
3,19610
1,9736
1,2141
4,10162
3,17801
1,5822
3,25263
2,22891
2,6548
5,20994
0,1328
0,20697
5,20506
2,22792
2,22403
5,17493
3,5721
0,17702
1,9835
4,19913
5,15596
5,7624
5,15607
2,21969
4,17642
3,5661
3,9975
4,19853
2,15747
2,7764
3,21829
3,1268
0,20446
2,22543
2,25323
3,8988
3,6408
4,6799
1,7867
0,15844
2,12127
4,19750
3,9676
3,2390
3,5962
4,17941
3,10022
3,2001
1,5443
1,17460
4,7546
4,15565
3,338
3,20664
1,6929
4,13069
3,22761
4,8738
1,22862
4,25290
2,25101
1,20967
3,14609
2,14598
3,19572
1,21508
0,21699
5,12094
2,12305
4,10191
3,2223
3,10200
1,9454
0,19432
3,21448
5,7894
0,12245
1,5991
4,10340
3,2363
2,9685
4,9514
3,25041
0,22922
1,20827
1,14749
2,278
2,20724
2,13129
0,6869
3,22621
5,8678
3,9986
3,5692
4,17520
0,5503
3,7797
4,15425
5,7406
5,369
4,13038
5,6978
4,20635
0,22730
0,8769
5,9897
3,5783
2,5412
2,17431
0,7686
4,7517
4,15534
2,19523
4,7985
4,12354
2,21559
4,5880
2,2272
1,10251
5,9794
4,9405
3,25150
2,22833
1,14658
3,20936
4,22973
2,25381
3,25010
2,14718
0,14489
2,20876
5,19463
1,12185
3,12214
1,21419
2,21788
2,10080
0,10311
1,2332
4,9545
2,17571
4,5552
5,15474
1,7457
4,229
4,6838
5,13178
0,20775
2,22670
4,8629
2,12888
3,7259
3,24572
3,11673
2,3650
5,8027
3,427
1,18290
5,18101
2,13776
3,1755
3,1856
3,13875
4,14287
1,14116
3,6135
1,3953
1,11970
2,16382
4,16013
0,4030
2,23083
4,23312
3,21186
1,21217
2,23252
3,47
2,21357
2,6075
2,14056
4,13935
3,1916
2,4170
5,16153
2,11830
2,3813
2,3481
0,3710
3,11733
0,8167
3,567
4,18041
2,1584
1,1615
4,13636
2,7319
5,7088
0,24432
4,3590
5,11622
5,3601
4,8076
1,18150
2,476
1,1495
0,13727
2,1704
1,7208
4,7199
2,24523
1,23343
4,21246
1,14147
0,6164
3,1807
4,13824
4,16042
2,4061
5,3902
1,11921
4,13964
3,1947
4,14396
0,6024
1,14007
2,11861
1,3842
5,16293
2,4121
4,16102
2,16
2,23192
2,23203
1,21097
2,21306
4,12999
1,7348
2,24463
0,3741
0,11762
0,8136
2,18381
5,18010
2,536
3,1644
5,13667
2,817
3,6197
1,14225
1,6206
2,4092
2,16320
2,4303
3,9078
2,24942
2,23021
1,21124
0,12729
5,15149
2,24641
4,8085
2,8314
3,11540
2,3563
2,20248
1,13445
3,1466
2,714
3,485
4,18232
3,8254
0,11791
3,3423
2,11400
5,20308
4,20099
5,13694
2,1526
3,13505
0,654
3,18372
2,15009
0,15398
5,24490
1,24701
0,9138
0,23161
4,24802
1,21064
2,12669
3,957
3,6346
5,14365
1,13997
3,4243
4,16260
1,11892
3,9029
0,23070
4,24913
2,12778
3,21175
4,846
0,14274
0,6257
1,13886
3,16371
3,4352
1,11983
2,8345
3,11680
2,11511
4,3532
2,13785
3,13414
0,1437
5,20219
0,20188
4,18263
2,745
0,15118
0,15289
3,24581
2,24610
2,15058
1,24750
0,8194
4,8205
2,3472
5,11451
2,1577
4,13554
2,20359
5,18323
3,605
2,594
2,906
0,6086
2,6317
4,14334
3,4183
3,4212
1,16231
5,9169
2,24853
0,23130
2,12638
3,21035
3,2788
2,22
2,2419
2,23237
5,19348
3,21332
0,14033
0,6010
3,1973
4,13950
5,6381
1,990
5,16136
0,4115
2,3876
0,11855
3,4284
2,11756
3,3775
1,25838
0,8102
3,8293
4,18024
2,693
2,502
4,13653
5,1670
4,5279
3,24457
0,5339
3,24517
2,24686
3,3635
1,11616
2,11587
1,8042
4,18164
3,442
3,1730
5,13713
2,13482
3,13810
3,1833
4,6150
1,14173
4,11915
3,3936
1,4055
2,16076
3,2559
2,24985
3,23377
2,19199
1,19208
0,21272
3,1922
3,13901
2,14062
0,6041
5,3827
4,11804
1,16167
2,4144
1,24894
2,23266
1,2448
5,73
1,19088
1,19319
0,21363
4,24406
4,24797
4,5228
3,11707
5,3724
0,11496
1,8153
3,553
5,18075
5,13602
2,1621
4,13593
2,3664
5,11647
3,8013
1,8382
3,782
2,413
5,18135
2,1761
3,13742
3,24546
0,5368
0,23326
2,2699
3,2508
0,19259
4,21223
1,6101
1,14122
0,13841
1,1862
1,6290
2,881
4,4004
5,16027
1,11944
5,3967
2,4395
0,8231
3,11465
0,3446
1,22268
4,13560
3,1543
4,18317
3,18086
1,631
3,17169
3,2829
1,24764
2,80
4,10498
3,10709
2,23104
0,23295
0,24867
1,21001
3,21390
3,932
4,14300
1,6323
1,14091
4,16205
1,4226
1,16194
3,25799
2,25408
3,872
4,6263
0,14240
3,1891
1,4366
4,16345
2,3994
1,25548
1,10649
1,24927
1,23044
1,21141
4,2969
0,17029
2,24624
1,8371
2,3506
2,11525
2,3697
0,22328
2,1403
3,13420
3,1792
0,18257
2,771
3,24735
3,2878
2,17138
1,8260
4,22239
4,11434
2,3417
2,3786
1,13531
2,1512
3,1683
0,660
4,18346
1,963
1,14351
0,6372
3,1980
3,25459
1,16254
1,4277
2,3885
4,24836
2,23155
4,10758
1,21050
2,23015
3,23384
2,24976
4,10589
4,10618
1,21110
1,21281
3,823
0,6232
1,14211
2,14180
4,25688
1,25519
4,4337
4,16314
5,16085
3,8320
4,22379
1,3557
2,11574
2,1452
2,13471
3,720
2,18206
4,18197
3,24675
3,17078
3,2938
1,16095
2,16304
1,4327
3,25509
3,25698
1,14190
2,14201
3,6222
0,833
4,21291
1,21100
5,10608
5,10599
2,24966
3,23394
0,23005
3,2928
0,17068
3,24665
0,18187
4,18216
2,730
3,13461
4,1442
1,11564
3,3547
0,22369
1,8330
3,18356
0,670
3,1693
2,1502
1,13521
3,3796
2,3407
0,11424
1,22229
3,8270
2,17128
3,2868
5,24725
3,21040
3,10748
2,23145
4,24826
3,3895
5,4267
5,16244
3,25449
3,1990
2,6362
4,14341
2,973
3,21151
2,23054
2,24937
1,10659
3,25558
3,3984
5,16355
0,4376
0,1881
0,14250
1,6273
3,862
0,761
3,18247
1,1782
3,13430
1,1413
2,22338
5,3687
4,11535
1,3516
1,8361
3,24634
0,17039
5,2979
5,24774
3,2839
1,17179
4,621
1,18096
5,18307
3,1553
0,13570
0,22278
2,3456
2,11475
4,8221
1,25418
3,25789
4,16184
1,4236
4,16215
1,14081
1,6333
2,14310
0,922
3,21380
1,21011
4,24877
0,23285
2,23114
1,10719
3,10488
0,90
1,5378
3,24556
4,13752
5,1771
4,18125
3,403
3,792
4,8392
4,8003
2,11657
1,3674
1,4385
1,3977
1,11954
4,16037
4,4014
3,891
1,6280
2,1872
4,13851
1,14132
0,6111
3,21233
5,19249
3,2518
3,2689
3,23336
3,21373
4,19309
4,19098
5,63
2,2458
2,23276
4,24884
4,4154
2,16177
2,11814
2,3837
2,6051
1,14072
3,13911
1,1932
4,13583
2,1631
4,13612
4,18065
4,543
5,8143
0,11486
0,3734
4,11717
2,5238
2,24787
2,24416
1,13492
0,13703
3,1720
3,452
5,18174
1,8052
5,11597
0,11606
1,3625
1,24696
2,24507
3,5329
3,21262
2,19218
3,19189
2,23367
2,24995
3,2549
0,16066
1,4045
2,3926
1,11905
1,14163
4,6140
1,1823
2,13800
2,4294
4,11845
0,3866
2,4105
5,16126
3,980
5,6391
4,13940
3,1963
0,6000
2,14023
3,21322
0,19358
2,23227
2,2409
3,32
4,2798
1,24447
1,5269
3,1660
1,13643
3,512
0,683
1,18034
3,8283
5,8112
2,25828
3,3765
5,11746
3,584
2,615
4,18333
2,20349
1,13544
2,1567
1,11441
2,3462
2,8215
0,8184
3,24740
3,15048
4,21025
2,12628
0,23120
4,24843
5,9179
2,16221
3,4202
1,4193
4,14324
3,6307
4,6096
1,916
1,11993
4,4342
1,16361
0,13896
4,6247
1,14264
0,856
1,21165
0,12768
0,24903
2,23060
3,9039
3,24600
3,24591
4,15299
5,15108
2,755
1,18273
4,20198
1,20209
2,1427
2,13404
0,13795
0,3522
0,11501
3,11690
0,8355
1,24711
3,24480
4,15388
1,15019
2,18362
2,644
2,13515
3,1536
3,13684
3,20089
4,20318
4,11410
3,3433
2,11781
3,8244
1,11882
3,16270
4,4253
1,13987
2,14375
5,6356
2,947
2,12679
4,21074
4,24812
1,23171
2,9128
2,12739
2,21134
0,23031
2,24952
3,9068
2,4313
3,16330
2,4082
4,6216
5,14235
1,6187
1,807
5,18222
3,495
2,704
2,1476
3,13455
4,20258
4,3573
2,11550
1,8304
2,8095
2,24651
2,15159
0,21316
1,21087
0,23213
1,23182
4,16112
5,4131
3,16283
3,3852
2,11871
4,14017
0,6034
5,14386
3,1957
4,13974
4,13677
3,1654
3,526
4,18000
1,18391
5,8126
4,11772
0,3751
1,24473
1,7358
1,12989
3,24533
5,7189
2,7218
3,1714
4,13737
4,1485
3,466
4,18140
1,8066
2,3611
5,11632
2,3580
5,11931
0,3912
2,4071
2,16052
2,13834
3,1817
1,6174
2,14157
0,21256
3,23353
3,3803
1,11820
5,16143
0,4160
2,1906
3,13925
1,14046
0,6065
2,21347
1,57
4,23242
2,24422
5,7098
3,7309
4,13626
3,1605
2,1594
4,18051
5,577
0,8177
1,11723
1,3700
1,3491
2,1745
1,13766
3,18111
4,18280
3,437
3,8037
1,3640
0,11663
3,24562
1,7249
3,12898
0,21207
3,21196
0,23302
2,23093
2,4020
4,16003
1,16392
2,11960
3,3943
4,6125
1,14106
4,14297
3,13865
3,1846
4,9555
3,2322
3,10301
4,10090
2,21798
3,21409
4,12204
0,12195
1,19473
0,20866
4,14499
4,14708
0,25000
3,25391
0,22963
5,8639
3,22660
4,20765
1,13168
2,6828
2,239
1,7447
2,15464
4,5542
1,17561
3,15524
5,7507
5,7696
5,17421
1,5402
3,5793
2,9887
2,8779
3,22720
1,20625
4,6968
5,13028
3,379
5,20926
1,14648
1,22823
2,25140
5,9415
4,9784
5,10241
3,2262
4,5890
3,21549
0,12344
3,7995
2,19533
0,14759
4,20837
4,22932
3,25051
5,9504
5,9695
2,2373
5,10350
1,5981
0,12255
5,7884
3,21458
4,19422
5,7416
5,15435
2,7787
3,5513
5,17530
3,5682
3,9996
5,8668
4,22631
4,6879
4,13139
1,20734
1,268
4,8728
3,22771
2,13079
1,6939
2,20674
0,328
0,15575
4,7556
3,17470
0,5453
4,9444
4,10210
3,2233
5,10181
4,12315
2,12084
0,21689
2,21518
2,19562
5,14588
2,14619
2,20977
3,25111
1,25280
1,22872
3,22553
4,20456
1,1278
3,21839
4,7774
1,15757
0,19843
3,9965
3,5671
4,17652
1,2011
2,10032
1,17951
4,5972
1,2380
2,9666
5,19740
1,12137
3,15854
5,7877
0,6789
3,6418
3,8998
3,25333
1,20984
3,6558
0,22881
4,25273
3,5832
5,17811
1,10172
4,2151
4,9726
2,19600
1,19591
4,7937
5,15914
5,12077
2,21979
4,15617
0,7634
4,15586
5,19903
0,9825
1,17712
3,5731
1,17483
2,22413
0,22782
4,20516
4,20687
4,1338
4,7725
0,15706
0,15497
3,21868
4,19812
0,9934
5,5620
3,17603
0,17592
3,22502
3,22693
3,1229
2,20407
2,20796
5,6449
3,20895
1,22990
2,25362
2,17900
4,5923
1,2040
2,10063
0,9637
4,19711
4,19480
0,15805
4,7826
2,12166
1,10123
2,2100
3,5863
2,17840
3,2291
4,9777
2,19651
1,12026
5,7966
5,15945
5,6698
1,6509
1,8889
2,25222
2,22442
3,1369
2,20547
2,15646
4,7665
2,21928
5,19952
5,9874
1,17743
3,5760
4,7562
5,15541
2,5467
3,17444
2,24249
2,4808
2,11148
2,22745
4,20640
4,18939
5,20943
5,16728
2,22846
2,25125
4,9470
5,2196
2,2207
4,10224
2,23429
5,12321
4,19556
4,9530
2,10364
2,2347
4,17996
3,23569
1,12261
5,15893
2,19787
2,19416
4,18879
3,20803
5,16668
3,25065
2,22906
4,11008
3,11399
2,4948
2,22594
2,22605
0,20491
4,20700
5,19884
1,15790
5,15401
5,7422
3,17695
4,17504
3,5527
2,24309
3,24098
3,22485
0,22714
2,11119
0,11288
2,4859
3,20580
4,20611
3,19995
4,15681
4,7533
5,15510
3,24218
2,24189
3,17784
1,5436
4,17415
4,9421
2,23478
2,2256
3,10275
2,17887
3,12370
4,15982
4,19696
2,19507
5,18968
2,20912
0,25174
0,22817
4,16779
3,18828
0,20852
3,22957
2,25034
4,16639
4,9561
3,23538
3,2087
1,10335
2,2316
0,12230
4,19447
0,15450
2,7473
1,24358
0,17555
4,5576
2,22654
5,4919
3,11059
4,20751
2,4438
1,25187
0,25216
3,17874
2,5857
4,10286
3,2134
5,10117
4,9743
2,19665
5,15971
4,7952
5,12383
2,12012
5,7651
4,15672
0,19966
1,9840
3,5754
1,17777
0,23819
2,16889
1,3258
2,22476
0,18509
2,18698
1,20573
4,3318
0,3089
2,22536
2,18449
0,20433
1,7480
1,15732
5,7711
5,19826
5,9900
5,5585
4,17637
2,5614
2,23959
2,10057
3,2074
1,5917
3,17934
5,9592
4,9603
5,19725
4,12152
5,7812
2,15831
3,4578
2,25356
3,2165
4,10146
3,17825
1,5806
5,9483
5,9712
3,19634
4,12043
2,15920
1,7903
0,25247
1,4469
2,22427
2,3209
2,3198
5,18558
5,20522
5,7591
4,7600
5,15623
4,19937
1,9811
0,23848
2,5494
3,5705
4,17726
3,15763
2,7740
2,19877
3,9951
2,23908
4,17666
3,5645
3,22567
1,16998
3,3349
5,18418
3,18789
5,20462
1,25096
0,25307
3,4529
4,5946
4,17965
5,10397
3,10006
3,2025
5,9652
2,19774
4,7843
3,15860
0,12292
0,12103
2,23868
4,17706
1,5725
1,17497
4,9831
5,19917
1,15603
4,7620
5,15592
4,20502
2,20693
5,18578
2,22407
2,22796
3,3229
0,25267
3,22895
2,4449
1,20990
4,7923
4,15900
2,12063
3,19614
0,19585
4,9732
3,5826
1,17805
0,10166
2,2145
0,12123
5,15840
4,7863
4,19754
2,9672
3,2005
1,10026
3,2394
4,17945
4,5966
2,25327
3,4698
3,4509
2,20442
1,18438
1,22547
3,3369
3,23928
3,5665
4,17646
3,9971
4,19857
4,7760
2,15743
2,20553
4,18529
4,3278
1,22456
0,17757
2,5774
2,23839
5,9860
4,19946
2,15652
5,7671
2,12032
2,7972
4,15951
0,19645
4,9763
2,10137
2,2114
3,2285
1,5877
2,17854
4,4789
1,4418
2,25236
1,4558
2,25376
2,22984
3,20881
4,15811
5,7832
1,12172
4,19705
3,19494
5,9623
2,17914
4,5937
1,2054
5,10077
3,5634
2,17617
2,17586
1,23979
2,9920
1,19806
4,7731
3,15712
2,15483
2,20413
4,20782
3,18469
2,3338
3,22516
2,22687
3,22837
2,25154
0,16759
2,20932
2,18948
4,19527
4,7981
1,12350
1,23458
4,5884
1,10255
3,2276
4,9401
4,9790
0,9893
1,24238
1,17435
4,5416
3,5787
4,15530
5,7513
4,7682
2,20631
2,22734
3,4879
3,11139
1,20771
3,22674
3,11079
1,4939
1,24378
5,5556
0,17575
4,7453
1,15470
2,19467
0,12210
4,12181
0,23689
2,23518
3,2336
0,10315
2,10084
1,9541
3,25014
2,22977
2,25385
0,16588
3,16619
1,20872
3,18808
1,19576
1,12301
5,12090
3,10204
3,2227
4,10195
2,23798
3,23409
4,9450
4,16499
5,16708
3,25105
2,22866
2,25294
1,20963
4,18919
2,20660
1,11168
4,4828
0,22765
3,17464
5,5447
2,24269
1,15561
4,7542
3,9982
1,5507
1,17524
3,5696
2,24329
4,7402
4,15421
4,7793
0,20720
0,4968
0,11028
1,22625
5,16648
0,22926
1,25045
0,20823
4,18859
2,19436
5,7890
0,12241
4,5995
3,2367
1,10344
3,23549
5,9510
5,9681
1,12146
4,7806
2,15825
0,19731
5,9586
5,9617
3,10043
3,2060
1,5903
1,17920
3,25342
5,6469
2,1209
1,1198
0,20427
3,22522
0,5591
2,17623
3,5600
3,9914
5,19832
5,7494
1,15726
0,7705
2,21848
1,5740
4,17763
5,9854
0,19972
5,7645
5,15666
2,21908
1,1349
2,14998
5,20567
0,22462
1,25193
4,25202
0,6529
5,12397
1,15965
4,7946
0,12006
4,19671
1,9757
4,10292
1,17860
3,5843
3,2120
0,10103
2,25082
3,25313
0,6438
2,12286
4,7857
3,15874
0,12117
5,19760
0,9646
5,10383
1,5952
4,17971
3,10012
2,2031
3,17672
3,5651
3,9945
5,19863
5,21819
2,15777
4,7754
4,20476
3,1258
3,14889
3,22573
4,20536
3,1318
1,1089
1,22433
0,5480
3,5711
4,17732
4,9805
4,19923
3,21959
2,7585
4,7614
0,15637
2,12057
4,15934
4,7917
2,19620
4,9497
4,9706
1,2171
5,10152
2,17831
3,5812
2,25253
2,6578
1,248
5,13119
4,6859
4,13288
3,20485
4,20714
2,22580
2,22611
1,8648
4,17681
4,17510
1,5533
3,15784
5,15415
4,7436
2,19890
5,19793
0,19402
5,15887
4,12275
3,21478
5,17982
1,10370
2,2353
1,9524
1,25071
1,22912
5,14779
3,20817
2,22852
1,25131
1,14639
2,20957
0,19542
0,12335
4,21538
3,2182
3,2213
5,10230
4,9464
2,5473
4,17450
1,7576
0,15555
3,308
1,6919
4,13059
2,20654
3,22751
4,8708
1,8499
3,17541
3,5562
5,15444
5,7467
4,188
3,219
4,20745
1,6808
0,13148
2,22640
3,8619
4,8588
1,22943
2,25020
3,20846
1,14728
5,19453
2,21429
0,12224
2,2093
0,10321
1,2302
0,9575
4,19682
2,19513
2,21569
4,15996
1,12364
1,17893
3,2242
3,10261
4,9435
3,25160
2,22803
3,20906
2,14668
1,359
4,20594
4,20605
5,13008
5,6948
1,13399
3,22491
3,22700
5,8759
3,17790
1,5422
4,17401
3,15695
4,7527
2,15504
1,19981
0,11492
0,3720
3,11703
3,8157
5,18071
3,557
5,13597
3,1625
1,13606
3,7329
4,24793
4,24402
5,77
1,24890
0,23262
2,21367
0,6045
1,14066
1,13905
3,1926
3,4140
5,16163
1,11800
3,3823
2,1866
0,13845
4,6294
1,14126
3,6105
3,885
5,3963
0,11940
3,4391
4,16023
4,4000
2,23322
4,21227
3,7269
3,24542
4,11643
3,3660
1,8386
1,8017
2,18131
3,417
3,786
4,13746
2,1765
2,7378
4,24453
3,3771
2,11752
3,8297
1,8106
1,506
0,697
1,18020
2,1674
1,13657
1,13954
3,1977
5,6385
2,6014
1,14037
0,994
2,11851
2,3872
0,4280
5,4111
5,16132
0,23233
3,26
3,21336
2,24981
2,23373
1,21276
1,14177
0,6154
3,1837
5,13814
4,16072
1,4051
0,3932
1,11911
1,11583
4,11612
1,3631
1,8046
2,446
4,18160
1,13486
5,13717
3,1734
3,7238
1,24682
2,24513
2,9108
1,9299
1,23151
4,24832
2,12659
1,21054
3,967
1,6376
4,14355
3,1984
0,4273
1,16250
0,3881
3,8264
0,3782
0,3413
1,11430
0,1687
3,1516
5,13535
2,20338
4,18342
0,664
2,15039
3,24731
5,15179
4,24671
3,8324
3,11570
4,3553
1,13475
2,1456
3,20278
1,18193
5,18202
2,724
3,827
2,14184
1,14215
0,6236
1,16081
4,16310
0,4333
3,9048
2,23380
2,24972
3,23011
1,12719
4,12488
0,21285
1,21114
3,936
1,14095
1,6327
2,14304
4,16190
3,4222
4,16201
5,9159
0,23291
1,24863
3,23100
4,84
1,21394
1,21005
2,12608
0,12599
0,15068
2,24760
5,8235
0,3442
0,11461
3,20369
3,1547
4,13564
3,635
1,18082
1,18313
4,8375
0,3693
0,11521
2,3502
1,20229
1,1796
1,13424
1,1407
2,775
1,18253
5,15128
3,24620
3,9019
3,9388
2,23040
4,24923
2,21145
3,12748
1,876
3,14244
3,6267
3,1895
4,16341
0,4362
5,3990
0,13820
3,1803
4,6160
3,14143
3,11925
0,3906
2,4065
2,16046
4,23347
3,2569
5,19238
4,21242
3,24527
4,5098
0,5309
1,3605
1,11626
1,3594
2,8072
2,472
4,18154
3,1700
3,13723
2,1491
3,25808
2,11766
0,3745
0,8132
3,532
5,18014
2,18385
4,13663
2,1640
5,24467
4,10898
5,5249
0,23207
1,23196
3,2429
3,12
2,19378
2,21302
0,21093
1,14003
0,6020
1,1943
1,13960
4,14392
1,16106
0,4125
2,3846
2,11865
5,16297
1,2538
0,23316
2,23087
3,19269
2,21213
3,21182
0,6131
1,14112
5,13871
3,1852
4,14283
1,4034
4,16017
3,11974
4,3957
1,16386
2,3654
3,11677
1,8023
5,18105
4,18294
3,423
2,1751
5,13772
5,10989
2,5358
2,24576
1,5189
2,5218
2,24436
3,11737
0,3714
1,3485
3,25859
3,8163
4,18045
3,563
4,13632
3,1611
2,1580
2,1912
4,13931
1,14052
0,6071
2,3817
1,11834
3,16157
3,4174
3,43
2,2478
0,23256
4,19329
4,21353
3,24614
3,24585
4,17388
1,2959
3,17019
3,8341
3,22089
2,22318
1,3536
0,11515
3,11684
2,1433
1,13410
2,13781
3,741
4,18267
3,842
0,6253
4,14270
1,13882
0,25578
1,4356
4,16375
1,11987
5,24917
0,23074
1,10679
3,21171
1,23134
4,24857
5,10739
1,21031
2,902
3,14330
3,6313
4,6082
3,25438
5,16235
2,4216
3,4187
5,8201
3,8190
2,22258
5,11455
2,3476
4,13550
1,1573
5,590
1,601
0,18327
1,24754
0,17159
2,2819
3,8310
4,8081
2,3567
0,11544
1,22349
3,1462
3,13441
1,18236
1,481
2,710
3,17048
2,2908
0,24645
5,10628
2,23025
2,24946
1,21120
0,813
1,6202
1,14221
0,6193
3,4307
3,16324
2,4096
3,25529
3,953
5,14361
5,6342
1,13993
4,16264
3,4247
1,11896
3,25469
5,10768
4,24806
0,23165
1,21060
2,17299
1,2848
0,17108
4,24705
0,24494
3,8250
3,11404
2,3427
5,11795
4,22198
2,22209
3,13501
2,1522
4,13690
1,18376
4,650
2,21070
0,23175
0,24816
4,10778
1,25479
1,11886
4,4257
4,16274
1,13983
5,6352
4,14371
3,943
4,640
2,18366
4,13680
3,1532
0,13511
3,22219
0,22188
2,11785
5,3437
4,11414
3,8240
5,24484
4,24715
0,17118
3,2858
5,17289
3,24655
3,2918
2,17058
2,700
3,491
4,18226
3,13451
3,1472
0,22359
0,11554
2,3577
4,8091
3,8300
3,25539
2,4086
2,16334
1,4317
4,6183
1,14231
0,6212
2,803
1,21130
2,24956
0,23035
5,10638
2,4197
1,4206
1,16225
3,25428
0,6092
4,6303
4,14320
1,912
2,21021
4,10729
4,24847
0,23124
4,2809
1,17149
2,24744
1,18337
4,611
3,580
3,1563
3,13540
0,3466
4,11445
3,22248
0,8180
5,8211
4,18277
2,751
4,13791
1,13400
3,1423
3,11694
4,11505
1,3526
0,22308
2,22099
4,8351
0,17009
2,2949
4,17398
2,24595
3,24604
1,21161
4,10669
2,23064
0,24907
5,11997
4,16365
0,4346
0,25568
5,13892
1,14260
0,6243
4,852
2,1590
0,1601
1,13622
1,573
4,18055
0,8173
0,25849
3,3495
1,3704
2,11727
0,24426
2,5208
2,5199
3,21343
5,19339
0,23246
2,2468
1,53
3,4164
0,16147
4,11824
3,3807
1,6061
1,14042
1,13921
3,1902
1,16396
4,3947
3,11964
4,16007
5,4024
4,14293
1,1842
4,13861
1,14102
4,6121
3,21192
4,21203
2,19279
1,23097
2,23306
3,2528
3,24566
0,5348
1,10999
5,13762
4,1741
3,433
2,18284
4,18115
3,8033
1,11667
4,3644
4,5259
5,10888
4,24477
1,1650
5,13673
3,18395
2,18004
2,522
4,8122
3,3755
0,11776
3,25818
1,16287
1,11875
1,3856
1,4135
4,16116
5,14382
4,13970
3,1953
0,6030
1,14013
0,21083
0,21312
1,19368
0,2439
2,23186
4,23217
3,21252
2,19228
1,2579
2,23357
5,16056
2,4075
4,3916
0,11935
1,14153
1,6170
0,1813
2,13830
2,1481
5,13733
3,1710
4,18144
3,462
1,8062
1,3584
4,11636
0,3615
4,5319
3,5088
3,24537
3,24630
5,15138
0,18243
1,765
1,1417
3,13434
3,1786
2,20239
4,3512
3,11531
5,3683
1,8365
4,3980
0,4372
1,16351
3,1885
1,6277
2,14254
3,866
1,12758
1,21155
2,24933
2,23050
5,9398
3,9009
4,12589
0,12618
1,21015
3,21384
2,94
2,23110
3,24873
2,23281
5,9149
5,16211
2,4232
1,16180
4,14314
0,6337
1,14085
3,926
1,18303
4,18092
4,625
0,13574
2,1557
1,20379
0,11471
2,3452
4,8225
0,24770
0,15078
3,734
1,18212
0,18183
3,20268
2,1446
1,13465
1,3543
0,11560
3,8334
3,24661
4,15169
1,21104
2,21295
0,12498
4,12709
0,23001
2,24962
1,23390
3,9058
1,4323
5,16300
5,16091
0,6226
2,14205
1,14194
3,837
3,3891
1,16240
1,4263
1,1994
4,14345
1,6366
2,977
1,21044
2,12649
0,24822
2,23141
4,9289
1,9118
3,24721
2,15029
2,674
1,18352
1,20328
2,13525
2,1506
3,1697
2,11420
2,3403
3,3792
2,8274
2,11901
4,3922
0,4041
4,16062
3,13804
1,1827
4,6144
1,14167
4,21266
3,23363
1,24991
2,24503
2,24692
3,7228
3,1724
5,13707
5,13496
1,18170
3,456
0,8056
1,3621
4,11602
5,11593
4,13647
0,1664
4,18030
0,687
1,516
0,8116
3,8287
5,11742
1,3761
5,24443
3,7368
1,21326
3,36
2,23223
4,16122
2,4101
2,4290
2,3862
4,11841
3,984
0,14027
0,6004
3,6395
2,1967
1,13944
0,21237
0,23332
2,4010
3,16033
2,4381
1,11950
4,3973
2,895
0,6115
1,14136
4,6284
4,13855
2,1876
1,1775
5,13756
3,796
3,407
5,18121
1,8007
5,8396
2,3670
5,11653
3,24552
3,7279
5,24412
0,24783
2,7339
5,13616
3,1635
4,13587
4,547
4,18061
4,8147
1,11713
0,3730
4,11482
4,3833
1,11810
4,16173
3,4150
3,1936
1,13915
3,14076
4,6055
3,21377
0,23272
1,24880
5,67
1,14678
0,20916
0,22813
3,25170
4,9425
5,10271
3,2252
3,17883
2,12374
2,15986
2,21579
4,19503
4,19692
0,19991
0,15514
5,7537
4,15685
5,17411
1,5432
3,17780
4,8749
3,22710
3,22481
1,13389
0,6958
2,13018
2,20615
5,20584
2,349
4,8598
4,8609
2,22650
0,13158
4,6818
4,20755
1,209
1,198
3,7477
5,15454
4,5572
5,17551
4,9565
2,2312
5,10331
3,2083
0,12234
3,21439
2,19443
4,14738
2,20856
3,25030
2,22953
5,9474
4,10220
3,2203
2,2192
0,21528
5,12325
1,19552
1,20947
3,14629
2,25121
4,22842
1,8489
0,8718
1,22741
3,20644
3,13049
0,6909
3,318
4,15545
4,7566
1,17440
2,5463
4,19880
4,7426
5,15405
3,15794
1,5523
3,17500
3,17691
1,8658
1,22601
2,22590
4,20704
0,20495
5,13298
4,6849
1,13109
1,258
1,20807
4,14769
2,22902
2,25061
4,9534
3,2343
1,10360
5,17992
2,21468
1,12265
0,15897
1,19412
1,19783
5,15627
2,7604
1,7595
2,21949
5,19933
0,9815
4,17722
3,5701
3,5490
1,22423
4,1099
2,1308
5,20526
3,6568
2,25243
1,5802
3,17821
4,10142
4,2161
4,9716
1,9487
4,19630
3,7907
2,15924
2,12047
0,2021
3,10002
1,17961
4,5942
5,10393
1,9656
1,19770
2,12107
4,15864
5,7847
4,12296
2,6428
4,25303
2,25092
3,22563
2,14899
2,1248
5,20466
3,7744
3,15767
4,21809
5,19873
3,9955
3,5641
4,17662
2,22472
4,20577
1,14988
2,1359
3,21918
1,15676
5,7655
1,19962
4,9844
3,17773
1,5750
0,10113
4,2130
2,5853
2,17870
4,10282
1,9747
2,19661
2,12016
4,7956
0,15975
1,12387
0,6539
0,25212
2,25183
3,6479
3,25352
3,17930
3,5913
3,2070
2,10053
1,9607
0,9596
5,19721
2,15835
5,7816
1,12156
1,21858
4,7715
3,15736
4,7484
1,19822
5,9904
2,5610
4,17633
2,5581
3,22532
0,20437
4,1188
3,1219
2,22635
5,11038
0,4978
1,20730
1,7783
5,15431
5,7412
3,24339
3,5686
5,17534
3,5517
3,9992
5,9691
1,9500
2,23559
4,10354
3,2377
5,5985
2,12251
5,7880
0,19426
5,18849
2,20833
1,25055
3,22936
5,16658
4,18909
3,20973
4,25284
2,22876
1,25115
0,16718
2,16489
4,9440
3,23419
0,23788
5,10185
3,2237
4,10214
5,12080
4,12311
4,19566
2,7552
5,15571
3,24279
1,5457
3,17474
2,22775
0,4838
2,11178
2,20670
5,15460
0,7443
0,17565
4,5546
1,24368
2,4929
3,11069
2,22664
4,20761
5,18818
2,20862
1,16609
2,16598
3,25395
0,22967
1,25004
4,9551
4,10094
2,10305
3,2326
2,23508
2,23699
3,12191
4,12200
0,19477
2,9780
5,9411
3,2266
1,10245
0,5894
2,23448
0,12340
4,7991
3,19537
0,18958
2,20922
4,16749
2,25144
0,22827
1,11129
4,4869
3,22724
0,20621
4,7692
2,7503
4,15520
3,5797
0,5406
2,17425
2,24228
0,9883
4,10067
3,2044
4,5927
3,17904
2,9633
1,19484
4,19715
1,12162
4,7822
2,15801
0,20891
2,22994
2,25366
3,4548
3,22697
3,22506
2,3328
1,18479
0,20792
3,20403
0,15493
5,15702
4,7721
3,19816
2,9930
0,23969
3,17596
3,17607
5,5624
4,7661
5,15642
3,19956
5,9870
2,23829
3,5764
4,17747
2,22446
2,3268
3,18539
5,20543
0,25226
2,4408
4,4799
5,17844
0,5867
3,2295
3,2104
5,10127
4,9773
0,19655
2,15941
5,7962
1,12022
2,4519
2,4688
2,25337
4,5976
4,17955
2,2384
5,10036
3,2015
2,9662
2,19744
5,7873
0,15850
4,12133
0,15753
1,7770
0,19847
3,9961
0,17656
0,5675
2,23938
2,3379
3,22557
0,18428
3,20452
4,3239
1,22786
4,22417
2,18568
2,20683
5,20512
4,15582
4,7630
4,15613
5,19907
5,9821
0,17487
3,5735
4,17716
2,23878
2,2155
4,10176
0,17815
3,5836
4,9722
1,19595
2,19604
3,12073
0,15910
5,7933
1,20980
1,4459
2,22885
2,25277
3,4658
3,25076
4,22915
4,20810
0,19794
0,19405
1,12272
3,15880
1,2354
5,10377
0,17985
5,9523
5,17686
3,5534
3,17517
1,15783
4,7431
5,15412
5,19897
2,18769
0,20482
4,20713
2,3038
3,16978
3,22587
3,22616
1,18629
1,20653
3,16838
2,3178
1,22756
4,17457
1,5474
4,15552
4,7571
2,19545
4,12332
3,2185
5,10237
2,2214
4,9463
0,4718
0,4489
2,22855
0,25136
2,20950
5,19454
5,12223
3,2094
4,2305
3,10326
2,9572
4,22944
3,25027
1,4609
4,4598
0,20841
4,18738
1,20742
3,22647
5,16929
0,3069
1,5565
5,17546
4,7460
5,15443
2,17797
5,17406
1,5425
5,15692
5,15503
4,7520
0,19986
5,18678
4,20593
0,20602
3,22496
1,22707
1,3129
1,16869
2,25167
3,22804
1,4749
3,20901
1,19685
2,19514
5,12363
4,15991
5,10266
3,2245
1,17894
0,9432
5,5596
2,5607
0,17624
1,24029
4,9913
0,19835
5,7493
5,7702
4,15721
0,20420
1,11328
3,22525
1,16548
3,25345
1,12141
2,15822
3,7801
4,19736
5,9581
5,9610
3,2067
2,10044
0,17927
3,5904
2,23649
1,7941
4,15962
4,12390
4,12001
4,19676
0,9750
3,5844
2,17867
1,10295
0,10104
3,2127
1,23709
2,23498
1,16408
4,16799
1,25194
0,25205
4,18988
5,20560
0,11268
0,22465
2,17764
1,5747
0,24169
2,9853
1,19975
5,15661
0,7642
2,20471
2,22574
4,11379
3,24078
3,5656
3,17675
3,9942
5,19864
4,7753
2,15770
5,15873
5,7850
5,12281
0,12110
4,19767
0,9641
3,23618
3,23589
4,17976
5,5955
5,10384
2,2036
3,10015
3,25085
4,25314
5,16519
1,16688
4,18899
2,25254
1,16459
0,12050
3,7910
4,15933
4,19627
1,9490
1,9701
4,23758
5,10155
3,2176
1,5815
0,17836
2,24138
2,5487
4,17735
3,5716
4,9802
4,19924
5,7582
2,15630
4,7613
2,20531
3,22434
4,11239
1,20636
1,1389
1,14958
3,1018
2,22733
5,9894
3,5411
2,17432
2,5780
0,7514
2,15537
0,7685
2,19520
2,12357
1,7986
3,2271
1,10252
1,5883
4,9406
3,9797
5,8869
2,22830
3,25153
2,20935
5,6678
5,8929
3,25013
2,25382
2,22970
2,20875
1,6738
2,19460
4,12217
1,12186
2,10312
3,2331
2,10083
4,9546
2,17572
4,5551
2,21888
5,15477
4,7454
5,20776
3,1158
4,14818
2,22673
1,5440
3,17463
4,7545
4,15566
3,21999
3,1049
2,14909
3,20667
1,22762
0,8838
2,25102
1,25293
1,22861
3,6629
1,20964
4,19571
4,12306
4,12097
1,2220
3,10203
4,10192
2,9457
0,19431
0,12246
5,7897
4,10343
2,2360
4,5992
5,9517
5,9686
3,8978
0,22921
3,25042
3,6769
0,20824
1,1298
2,14849
1,1109
4,20727
3,22622
3,9985
4,17523
2,5500
3,5691
4,15426
4,7405
4,7794
1,21669
0,15907
4,7924
2,12064
3,19613
1,19582
2,9735
1,17802
1,5821
1,2142
1,10161
0,22892
4,25260
0,20997
1,14568
5,20505
3,20694
1,13099
5,13308
4,8459
4,22400
0,22791
3,5722
2,17701
3,17490
4,9836
4,19910
0,7627
2,15604
5,15595
4,17641
3,5662
3,9976
1,19850
1,15744
4,7767
2,20445
1,6899
5,13248
3,119
1,288
4,8688
4,8519
2,22540
2,25320
3,14428
1,21729
0,12124
3,7864
0,15847
4,19753
1,9675
4,10021
3,2002
1,5961
3,17942
2,2393
3,25231
4,14539
2,12035
4,15956
4,7975
1,21638
0,19642
4,9764
3,2113
5,10130
3,17853
2,5870
3,2282
3,5773
0,17750
5,9867
5,19941
4,7676
3,15655
1,6988
1,13359
3,20554
3,399
5,8799
4,8408
0,22451
0,13188
1,13219
0,20414
0,20785
0,148
0,8548
3,22511
2,22680
4,17610
2,5633
1,17581
1,9927
1,19801
4,15715
2,7736
2,15484
0,7835
5,15816
2,12175
2,21778
1,19702
1,19493
4,9624
1,5930
2,17913
0,10070
4,2053
2,22983
2,25371
2,14479
3,20886
5,24910
0,23073
1,21176
4,845
1,13885
2,14277
0,6254
3,11980
3,16372
3,4351
3,8346
2,11512
2,3531
3,11683
3,13417
3,1434
1,13786
2,746
3,18260
0,12878
3,7138
2,24613
3,24582
3,7078
0,12938
1,24753
4,8206
0,8197
2,3471
0,11452
1,1574
3,13557
5,597
3,606
4,18320
2,905
3,6314
4,14337
0,6085
3,4211
3,16232
3,4180
4,23133
5,24850
1,21036
2,814
1,14226
1,6205
2,6194
1,16323
3,4300
2,4091
2,23022
2,24941
1,21127
0,7169
1,12829
2,24642
3,8317
4,8086
0,11543
1,3560
1,13446
3,1465
4,18231
3,486
2,717
1,8257
2,3420
0,11403
5,11792
5,1525
0,13506
5,13697
3,18371
0,657
2,12969
5,7029
2,24702
5,24493
4,24801
0,23162
1,21067
3,954
1,13994
2,6345
5,14366
4,11891
3,4240
4,16263
4,11621
5,3602
1,3593
1,8075
2,475
4,18153
2,20129
3,13724
2,1707
2,1496
3,15228
1,24520
3,23340
3,9088
4,9319
1,21245
1,12448
3,1804
2,13827
1,14144
0,6167
5,3901
1,11922
3,16041
2,4062
0,6027
1,14004
4,14395
4,13967
3,1944
3,4122
4,16101
2,16290
2,11862
2,3841
2,23200
2,23191
2,15
5,9259
5,21305
0,21094
2,12699
1,12508
4,15368
0,24460
0,3742
0,11761
0,8135
2,535
5,18013
1,18382
4,20069
2,1647
4,13664
5,15279
3,24571
1,11670
2,3653
1,8024
5,18102
4,18293
3,424
2,13775
4,1756
4,20178
1,14115
2,6136
4,14284
3,1855
3,13876
4,16010
3,4033
3,16381
4,3950
2,11973
4,23311
0,23080
4,9348
4,12788
2,12419
1,21214
3,21185
3,44
2,23251
1,9199
1,9208
2,12559
4,21354
4,13936
2,1915
2,6076
2,14055
1,11833
1,3810
3,4173
5,16150
0,3713
1,11730
3,3482
2,8164
4,18042
1,564
2,1616
4,13635
2,1587
1,20038
0,15339
5,24431
1,5118
0,10858
0,5289
1,24736
3,8263
3,3785
3,11437
0,3414
3,1680
3,13532
2,1511
1,18345
2,663
3,960
2,1983
4,14352
1,6371
2,3886
4,16257
1,4274
4,2778
0,23156
1,24835
1,21053
3,19029
4,2638
2,24975
3,23387
2,23016
1,21282
1,21113
3,19169
2,820
2,14183
0,6231
1,14212
5,16086
1,4334
3,16317
3,8323
4,3554
0,11577
3,1451
2,13472
3,18194
3,18205
2,723
4,10918
1,5058
3,24676
0,8232
3,11466
0,3445
4,13563
2,1540
4,632
0,18085
2,18314
4,24767
3,10809
3,5149
3,24864
0,23296
0,23107
2,2729
4,83
3,21393
1,21002
4,19078
3,931
1,14092
3,14303
4,6320
1,16197
1,16206
3,4225
3,871
2,1892
1,6260
3,14243
0,3997
1,4365
0,16346
1,23047
4,24924
4,2669
1,21142
4,19138
1,24627
4,5009
2,10949
4,5398
4,8372
2,3694
3,3505
2,11526
3,1791
2,1400
1,13423
2,772
1,18254
2,14061
0,6042
3,1921
3,13902
5,16164
3,4147
3,3824
1,11807
3,25769
5,10468
2,70
2,23265
1,24897
2,21360
0,17208
5,17199
4,24794
4,24405
0,11495
2,11704
0,3727
0,22109
1,22298
4,8150
5,18076
3,550
4,13590
0,13601
2,1622
0,3667
4,11644
3,22049
3,8381
1,8010
5,18136
2,410
1,781
3,1762
1,13741
4,17348
3,2999
3,24545
0,10528
0,23325
3,21220
1,6293
0,13842
3,1861
3,6102
1,14121
3,882
3,4396
4,11947
5,3964
1,4007
3,16024
3,25629
0,23234
0,10439
5,21
3,21331
5,6382
3,1970
4,13953
0,14030
2,6013
2,993
1,25738
4,4287
2,3875
2,11856
5,16135
0,4116
0,22158
3,11755
2,3776
3,8290
0,8101
2,501
2,690
4,18027
4,13650
3,1673
2,24454
2,17259
4,2888
2,24685
2,24514
3,17319
1,17088
2,22018
0,22389
5,11584
3,3636
1,11615
1,8041
2,441
4,18167
2,13481
2,1733
1,13710
0,6153
1,14170
5,13813
4,1830
1,25678
2,4056
3,16075
4,11916
2,3935
3,23374
4,24986
0,10579
0,21271
2,13700
4,1723
1,13491
5,18177
3,451
3,8051
5,11605
4,3626
5,11594
1,22399
3,22008
2,17098
5,17309
2,24504
1,24695
0,21261
0,10569
2,24996
3,23364
2,3925
1,11906
0,16065
1,4046
5,25668
3,1820
3,13803
1,14160
1,6143
5,4106
0,16125
4,11846
3,3865
3,4297
4,25728
3,983
0,6003
2,14020
1,13943
1,1960
5,6392
3,21321
2,31
5,10429
0,23224
1,2898
5,17249
5,24444
2,1663
2,13640
2,18037
0,680
2,511
5,8111
3,8280
3,3766
0,11745
2,22148
3,24555
3,2989
4,17358
5,13751
1,1772
3,791
1,400
4,18126
1,8000
4,8391
2,22059
5,11654
1,3677
3,25639
2,16034
4,4017
4,3974
3,11957
2,4386
2,892
1,14131
0,6112
2,1871
4,13852
2,6283
4,21230
3,23335
3,10538
3,21370
1,24887
0,23275
2,60
3,10478
3,25779
1,11817
2,3834
1,4157
4,16174
3,13912
3,1931
1,6052
1,14071
2,1632
4,13611
4,13580
3,540
4,18066
0,8140
2,22288
1,22119
2,3737
4,11714
4,11485
5,24415
2,24784
2,17189
0,17218
2,19128
1,21152
4,2679
2,24934
2,23057
5,16356
0,4375
2,3987
1,14253
1,6270
3,1882
3,861
0,18244
0,762
1,13433
2,1410
4,1781
4,11536
1,3515
5,3684
1,8362
1,5388
4,10959
3,5019
3,24637
3,5159
4,10819
2,24777
3,18304
4,18095
1,622
3,1550
0,13573
2,3455
2,11476
4,8222
3,4235
0,16216
4,16187
3,6330
0,14313
1,14082
0,921
5,19068
1,21012
3,21383
3,93
3,2739
2,23117
3,23286
1,24874
1,16307
1,4324
1,16096
2,14202
3,6221
1,14193
3,830
2,19179
1,21103
1,21292
1,23006
1,23397
2,24965
2,2628
3,24666
2,5048
0,10908
1,733
4,18215
0,18184
2,13462
3,1441
4,11567
3,3544
3,8333
3,673
3,18355
2,1501
1,13522
0,1690
3,3404
0,11427
3,3795
3,8273
5,24726
4,5299
1,10848
1,5108
5,19039
4,21043
4,24825
2,23146
2,2768
0,4264
5,16247
1,3896
2,6361
4,14342
1,1993
2,970
5,16140
0,4163
3,3800
4,11823
1,14045
0,6066
3,1905
3,13926
2,21344
0,12549
2,9218
2,9189
4,23241
5,54
0,24421
0,15329
2,20028
3,1597
1,13625
1,1606
0,574
4,18052
0,8174
2,3492
1,11720
3,3703
4,20168
0,1746
4,13765
3,434
3,18283
5,18112
1,8034
4,3643
3,11660
3,24561
1,15269
1,21195
1,21204
5,12409
1,12798
1,9358
0,23090
2,23301
0,11963
0,3940
1,16391
0,4023
4,16000
2,13866
3,1845
4,14294
0,6126
1,14105
2,12518
1,12689
2,21084
0,21315
5,9249
3,23181
2,23210
3,3851
2,11872
2,16280
4,16111
1,4132
3,1954
4,13977
5,14385
1,14014
0,6037
5,13674
3,1657
2,20079
1,18392
2,18003
2,525
4,8125
4,11771
2,3752
0,24470
0,15378
3,24530
2,15238
1,1486
2,1717
4,13734
4,20139
1,18143
3,465
2,8065
3,3583
3,3612
5,11631
2,4072
5,16051
5,11932
0,3911
1,6177
1,14154
0,13837
4,1814
0,12458
4,21255
2,9309
3,9098
3,23350
5,24483
1,24712
5,7039
0,12979
2,647
2,18361
1,13687
0,13516
2,1535
2,11782
4,11413
2,3430
3,8247
4,16273
4,4250
1,11881
3,14376
3,6355
2,13984
3,944
0,21077
1,23172
4,24811
3,21137
2,24951
0,23032
2,4081
4,4310
1,16333
4,6184
0,6215
5,14236
1,804
2,707
2,496
5,18221
2,1475
3,13456
4,3570
2,11553
0,8096
3,8307
0,24652
4,12839
3,7179
0,18330
3,616
1,587
4,13547
2,1564
1,11442
2,3461
2,8187
5,8216
1,24743
3,12928
4,7068
1,21026
4,24840
0,23123
1,4190
1,16222
3,4201
4,6095
4,14327
4,6304
3,915
4,4341
2,16362
3,11990
4,6244
2,14267
5,13895
1,855
1,21166
3,23063
3,24900
3,24592
1,24603
3,7128
2,12868
4,18270
2,756
1,13796
3,1424
1,13407
3,11693
2,3521
2,11502
2,8356
0,15494
4,7726
0,15705
1,19811
4,9937
5,17591
5,5623
2,17600
3,22690
3,22501
5,8558
3,158
3,20795
0,20404
4,13209
0,13198
3,20896
2,14469
2,25361
0,22993
3,2043
2,10060
2,17903
4,5920
3,9634
1,19483
4,19712
2,21768
2,12165
2,15806
4,7825
2,2292
0,5860
5,17843
5,10120
2,2103
4,9774
4,19652
2,21628
5,7965
5,15946
1,12025
3,14529
1,25221
0,22441
4,8418
1,8789
2,389
5,20544
1,13349
0,6998
2,15645
4,7666
5,19951
5,9877
4,17740
3,5763
3,22550
4,8509
4,8698
1,298
2,109
2,13258
0,6889
1,20455
1,7777
1,15754
1,19840
3,9966
3,5672
4,17651
3,2383
1,17952
4,5971
1,2012
3,10031
0,9665
5,19743
2,15857
5,7874
0,12134
0,21739
1,14438
2,25330
4,14578
4,20987
2,25270
2,22882
3,10171
3,2152
3,5831
5,17812
1,9725
1,19592
2,19603
5,12074
5,7934
5,15917
0,21679
4,15585
4,15614
4,7637
5,19900
4,9826
2,17480
1,17711
1,5732
0,22781
0,22410
0,8449
5,13318
2,13089
2,20684
4,20515
2,20834
4,6779
3,25052
4,22931
3,8968
0,9696
5,9507
1,5982
3,2370
4,10353
5,7887
0,12256
1,19421
1,7784
0,7415
5,15436
3,5681
3,5510
5,17533
3,9995
3,22632
5,20737
1,1119
3,14859
2,1288
0,22772
2,20677
2,14919
2,1059
3,21989
5,15576
4,7555
3,17473
2,5450
4,9447
5,10182
4,10213
1,2230
5,12087
4,12316
2,19561
3,20974
2,6639
1,22871
1,25283
2,25112
5,8828
4,9556
4,10093
2,2321
2,10302
0,12196
2,12207
1,19470
2,6728
0,20865
2,22960
3,25392
1,25003
0,8939
0,22663
4,14808
3,1148
4,20766
5,7444
1,15467
2,21898
5,5541
1,17562
5,7695
4,15527
2,7504
3,5790
5,17422
1,5401
2,9884
1,22723
3,1008
1,14948
3,1399
1,20626
5,6668
5,20925
0,25143
4,22820
4,8879
3,9787
5,9416
5,5893
5,10242
3,2261
0,7996
5,12347
4,19530
2,17826
1,5805
3,2166
1,10145
0,23748
0,9711
5,9480
2,19637
2,15923
2,7900
1,12040
2,16449
2,25244
4,11229
1,22424
0,20521
0,7603
5,15620
5,7592
0,19934
4,9812
3,5706
4,17725
0,5497
3,24128
0,15760
2,7743
5,19874
3,9952
4,17665
3,5646
3,24068
4,11369
2,22564
0,20461
4,18889
5,16698
5,16509
4,25304
2,25095
3,10005
2,2026
5,10394
4,5945
4,17966
3,23599
3,23608
5,9651
2,19777
0,12100
5,12291
4,7840
4,15863
5,18998
0,25215
3,25184
4,16789
1,16418
3,23488
0,23719
3,2137
5,10114
4,10285
2,17877
3,5854
4,9740
4,19666
2,12011
0,12380
5,15972
4,7951
5,7652
4,15671
1,19965
4,9843
3,24179
1,5757
2,17774
2,22475
2,11278
5,20570
3,22535
1,11338
1,20430
0,15731
5,7712
4,7483
0,19825
5,9903
3,24039
4,17634
5,5617
5,5586
2,23659
2,5914
1,17937
3,10054
3,2077
5,9600
5,9591
5,19726
5,7811
1,15832
1,12151
2,25355
3,16558
3,16879
0,3139
3,22717
3,22486
3,20612
5,20583
1,18668
2,19996
3,7530
5,15513
3,15682
4,5435
4,17416
3,17787
4,9422
3,17884
3,2255
2,10276
4,15981
5,12373
4,19504
4,19695
3,20911
0,4759
0,22814
3,25177
1,20851
4,4588
1,4619
2,25037
0,22954
4,9562
1,10336
0,2315
3,2084
0,12233
1,19444
5,15453
5,7470
2,17556
4,5575
0,3079
5,16939
2,22657
4,20752
1,18728
4,7561
2,15542
2,5464
2,17447
2,22746
2,3168
1,16828
2,20643
2,18639
3,20940
2,25126
0,22845
4,4499
2,4708
5,9473
3,2204
0,10227
2,2195
5,12322
4,19555
4,9533
4,17995
3,10367
3,2344
5,15890
3,12262
2,19415
1,19784
2,20800
0,22905
1,25066
1,4648
1,22606
5,22597
4,16968
1,3028
4,20703
1,20492
2,18779
2,19887
5,15402
5,7421
3,15793
0,17507
1,5524
1,17696
3,19575
5,12093
1,12302
5,10196
4,10207
3,2224
5,9453
1,25297
0,22865
3,25106
1,4728
1,20960
2,18619
5,18588
2,20663
3,22766
4,16808
1,3148
1,23898
3,17467
1,5444
0,15562
4,7541
3,9981
3,5695
3,5504
0,17527
4,7790
4,7401
4,15422
2,18759
0,20723
3,22626
2,3008
2,3399
4,16948
2,25046
2,22925
1,4668
3,20820
3,19435
0,12242
5,7893
1,2364
5,10347
1,5996
1,9682
5,9513
4,4779
3,25157
2,22834
5,20931
1,19524
1,12353
0,7982
1,10256
3,2275
4,5887
2,9793
4,9402
2,9890
3,5784
2,17436
1,5415
4,7681
4,15533
5,7510
5,18648
2,20632
1,3119
2,3288
4,16859
1,22737
0,18708
1,18499
0,20772
1,16919
0,3059
3,22677
5,5555
0,17576
3,23989
4,7450
4,15473
5,19464
4,12182
2,12213
2,10087
1,2335
0,10316
4,9542
3,4639
3,25386
4,22974
2,25017
1,20871
5,20550
4,22455
2,4889
4,11258
1,24159
5,17754
2,5777
0,9863
4,19945
5,15651
5,7672
0,7971
4,15952
2,12031
0,19646
4,9760
1,23739
3,5874
3,17857
3,2286
5,10134
3,2117
3,25235
4,16438
3,22987
2,25375
4,16578
1,20882
1,12171
3,15812
5,7831
5,19497
4,19706
5,9620
4,23679
2,2057
0,10074
2,17917
4,5934
2,24019
4,24388
1,17585
3,5637
0,17614
0,9923
4,19805
0,15480
4,7732
3,15711
3,20781
2,20410
2,22684
3,22515
3,11318
1,11089
0,17494
3,17705
1,5726
3,24108
3,24299
4,9832
5,19914
5,15591
0,15600
5,7623
4,20690
4,20501
0,11209
1,11198
0,22795
2,22404
3,16469
1,22896
4,25264
2,20993
2,12060
1,7920
4,15903
2,19586
2,19617
1,9731
4,10165
1,2146
3,5825
5,17806
0,23768
0,15843
4,7860
0,12120
3,19757
0,9671
4,17946
1,5965
1,2397
3,2006
2,10025
3,23628
2,16529
2,25324
2,20441
4,4998
3,11349
2,22544
3,5666
4,17645
1,24048
3,9972
4,19854
2,7763
3,15740
1,17542
1,5561
2,15447
4,7464
1,1168
0,14828
1,20746
2,22643
2,8919
3,25023
1,22940
0,6499
0,6708
0,20845
4,19450
5,12227
0,10322
1,2301
3,2090
5,9576
0,19510
4,19681
2,12367
4,15995
1,2241
2,10262
1,17890
4,9436
4,8859
0,22800
3,25163
0,6648
3,20905
1,14968
1,1028
4,20606
0,20597
2,22703
3,22492
1,5421
4,17402
1,17793
4,7524
0,15507
5,15696
1,19982
4,20717
3,20486
0,14879
3,1139
2,22612
3,22583
1,17513
1,5530
4,17682
0,15416
4,7435
3,15787
4,19893
2,19401
0,19790
0,12276
0,15884
0,10373
1,2350
5,17981
4,9527
2,8948
2,22911
2,25072
3,20814
2,6759
5,8808
1,25132
1,22851
1,20954
3,6588
3,6619
0,19541
0,12336
3,2210
5,10233
3,2181
4,9467
3,5470
4,17453
0,7575
5,15556
3,20657
3,1079
2,14939
3,22752
0,25310
1,25081
5,14789
0,14418
2,12114
4,7854
4,15877
5,12285
4,21488
0,21719
4,19763
5,9645
3,10011
1,2032
1,5951
4,17972
5,10380
4,17671
3,5652
3,9946
4,19860
0,15774
5,7757
1,13278
4,20475
0,129
2,8529
3,22570
2,13338
4,20535
4,8469
3,22430
3,5712
4,17731
5,5483
4,9806
2,19920
4,7617
5,15634
0,7586
5,15937
3,7914
0,12054
4,21659
1,19623
4,9705
4,9494
0,17832
3,5811
3,2172
0,10151
2,25250
4,14558
3,21748
4,7805
2,15826
1,12145
0,19732
5,9614
5,9585
1,5900
1,17923
0,10040
1,2063
3,25341
4,14449
0,20424
1,13229
4,178
5,8578
3,22521
2,17620
3,5603
2,5592
2,9917
5,19831
5,15725
1,7706
5,7497
1,5743
0,17760
5,9857
0,19971
5,7646
5,15665
5,20564
1,13369
4,8438
2,22461
1,25201
4,25190
4,14698
1,14509
3,21599
3,21608
5,12005
0,15966
1,7945
4,12394
1,19672
5,9754
1,2123
5,10100
2,17863
3,5840
4,10291
2,935
4,6324
0,14307
1,14096
1,4221
1,16202
4,16193
2,87
2,23103
4,24860
0,23292
1,21006
3,21397
3,7048
3,12908
4,24763
5,8236
5,3441
0,11462
3,1544
2,13567
1,18310
1,18081
0,636
4,8376
0,11522
3,3501
0,3690
1,13427
1,1404
3,1795
1,18250
2,776
4,12848
3,7299
5,7108
3,24623
0,24920
4,23043
1,21146
3,875
2,1896
3,14247
3,6264
2,3993
4,16342
5,4361
4,24831
3,23152
1,21057
3,964
2,1987
3,6375
4,14356
2,3882
0,4270
4,16253
3,8267
0,3410
4,11433
2,3781
2,1515
1,13536
3,1684
0,667
4,18341
5,12959
3,7388
0,7019
1,24732
3,7159
2,12819
2,24672
3,8327
1,11573
4,3550
1,13476
2,1455
2,727
5,18201
4,18190
2,824
1,14216
0,6235
3,14187
4,16313
4,4330
1,16082
2,23012
3,24971
2,23383
3,21117
0,21286
1,15358
2,24450
3,3772
2,11751
1,8105
3,8294
1,18023
2,694
0,505
2,1677
4,13654
5,20059
4,6017
0,14034
5,6386
1,13957
3,1974
3,997
5,4112
5,16131
3,4283
1,11852
0,3871
1,25
2,23230
4,9269
4,12538
3,21335
2,23370
2,24982
4,9329
1,12478
0,21275
3,1834
3,13817
1,14174
4,6157
0,3931
1,11912
0,16071
1,4052
1,11611
1,3632
5,11580
3,8045
4,18163
3,445
5,13714
1,1737
0,13485
4,20288
0,20119
1,15189
2,15218
5,24510
3,24681
0,3723
3,11700
0,11491
1,8154
3,554
5,18072
2,20399
3,20008
3,1626
2,13605
2,13594
5,15098
3,15309
1,24401
4,24790
0,23261
3,24893
5,74
4,9238
0,21364
5,12569
1,13906
3,1925
0,6046
1,14065
1,11803
2,3820
2,4143
5,16160
1,14125
0,6106
3,6297
2,1865
2,13846
2,886
4,16020
4,4003
1,4392
0,3960
2,11943
2,23321
1,9378
4,21224
1,12429
0,15249
3,24541
4,11640
2,3663
2,8014
1,8385
3,785
2,414
5,18132
4,20148
0,13745
2,1766
4,8082
2,8313
2,3564
2,11547
3,1461
3,13442
3,713
3,482
1,18235
2,24646
5,10928
4,5068
2,24945
2,23026
3,2608
2,2599
3,21123
5,19159
2,810
4,6190
4,6201
1,14222
2,4095
0,4304
1,16327
3,950
1,13990
2,14362
5,6341
4,11895
5,16267
3,4244
2,23166
1,24805
2,2748
1,21063
3,19019
0,19388
0,24497
3,24706
3,5128
0,10868
3,8253
2,11796
4,11407
3,3424
5,13693
2,13502
1,1521
2,653
1,18375
3,5039
2,10979
3,24586
3,24617
2,8342
3,11687
4,3535
0,11516
2,13782
3,1430
3,13413
4,18264
2,742
2,841
1,13881
0,6250
1,14273
3,11984
1,4355
4,16376
0,2659
0,23077
4,24914
3,21172
2,19108
1,19299
3,2719
3,2488
3,24854
0,23137
1,21032
2,19048
3,901
4,6081
4,14333
3,6310
3,4184
0,16236
2,4215
2,8193
5,8202
0,11456
1,3475
4,13553
3,1570
0,18324
1,602
2,593
0,10839
3,5179
2,24757
2,23084
0,23315
1,10518
2,10689
3,21181
0,21210
4,14280
5,13872
3,1851
0,6132
1,14111
1,25619
2,25588
1,16385
3,11977
4,3954
0,4037
4,16014
3,22079
0,3657
3,11674
4,8020
3,420
4,18297
1,18106
5,1752
5,13771
3,24575
4,17378
0,24435
5,17238
1,22139
3,3486
1,11734
0,3717
3,8160
1,560
4,18046
2,1583
4,13631
5,1612
3,14051
0,6072
3,1911
1,13932
3,25759
0,16154
3,4177
2,3814
4,11837
0,23255
1,10458
3,40
2,21350
4,6163
1,14140
2,13823
2,1800
2,4066
4,16045
0,11926
0,3905
3,25648
1,10549
1,23344
4,21241
4,17329
2,24524
0,3597
1,3606
0,11625
2,22028
3,8071
4,18157
3,471
1,1492
3,1703
1,13720
3,11765
0,3746
2,22168
0,8131
2,18386
3,18017
3,531
4,13660
1,1643
5,17269
2,24464
0,10409
2,11
5,10798
1,23195
2,23204
0,21090
1,21301
4,14391
2,1940
1,13963
3,14000
0,6023
5,16294
0,3845
2,11866
4,16105
5,4126
4,25708
0,25499
4,24474
3,17279
0,1653
5,13670
2,521
5,18007
3,18396
5,8121
4,22178
2,3756
0,11775
3,25489
1,25718
4,4136
4,16115
1,11876
2,3855
1,16284
2,6033
1,14010
4,13973
1,1950
2,14381
2,21311
0,21080
2,23214
4,23185
4,10788
4,10419
1,21251
3,23354
0,10559
1,25658
4,3915
0,11936
0,16055
2,4076
3,1810
2,13833
1,14150
4,6173
1,13730
5,1713
3,1482
3,461
4,18147
3,8061
3,22038
2,11635
0,3616
4,3587
3,24534
4,17339
2,1602
5,13621
2,1593
4,18056
0,570
2,8170
0,3707
2,11724
3,3496
3,22129
2,17228
0,24425
2,21340
3,50
5,10448
2,23245
4,11827
3,3804
1,4167
5,16144
3,25749
1,13922
1,1901
1,6062
1,14041
4,16004
5,4027
2,3944
2,11967
1,16395
3,25598
4,25609
1,14101
4,6122
2,1841
1,13862
3,14290
2,21200
3,21191
0,10699
3,10508
0,23305
2,23094
1,17368
3,24565
5,13761
1,1742
3,18116
2,18287
3,430
3,8030
0,11664
4,3647
2,22069
3,4205
4,16226
1,4194
3,6300
1,14323
0,6091
0,911
2,19058
1,21022
2,23127
4,24844
2,2498
1,2709
2,24747
3,5169
4,10829
1,583
5,612
4,18334
2,1560
4,13543
1,3465
4,11446
5,8212
0,8183
2,752
4,18274
2,13403
4,1420
4,13792
4,11506
1,3525
3,11697
3,8352
3,24607
3,24596
5,10969
2,5029
0,19289
4,19118
1,21162
1,24904
0,23067
4,2649
4,16366
2,4345
3,11994
3,14263
0,6240
5,13891
1,851
3,19398
5,19009
4,21073
2,2758
0,24815
2,23176
4,4254
5,16277
1,11885
5,6351
1,14372
4,13980
3,940
2,18365
2,643
2,1531
0,13512
3,13683
0,3434
5,11417
2,11786
2,8243
2,10878
3,5138
0,24716
5,24487
4,5078
2,10938
3,24656
4,18225
2,492
2,703
3,13452
1,1471
2,11557
4,3574
1,8303
1,8092
1,16337
2,4314
2,4085
3,14232
5,6211
2,6180
5,800
4,19149
2,21133
3,2589
3,2618
2,23036
2,24955
0,12439
3,21234
4,9368
2,23331
1,11953
5,3970
1,4382
2,4013
5,16030
5,896
4,13856
3,1875
1,6287
0,6116
1,14135
1,1776
2,13755
1,20158
2,18122
3,404
2,795
4,8395
1,8004
3,3673
0,11650
3,24551
4,15259
0,24780
1,24411
4,15319
0,15088
4,13584
4,13615
4,1636
3,20018
1,20389
1,18062
4,544
5,8144
4,11481
1,11710
2,3733
4,16170
4,4153
2,3830
1,11813
1,14075
1,6056
3,1935
1,13916
1,12579
3,21374
5,9228
5,64
1,24883
2,23271
0,4042
4,16061
0,11902
4,3921
4,6147
1,14164
1,13807
3,1824
1,21265
4,12468
5,9339
1,24992
1,23360
1,24691
2,24500
0,15208
0,15199
4,20109
1,20298
5,13495
3,1727
5,13704
3,455
5,18173
3,8055
1,11590
4,3622
4,11601
4,20049
1,13644
1,1667
4,515
2,684
0,18033
3,8284
0,8115
5,11741
3,3762
0,24440
2,15348
3,21325
1,12528
5,9279
1,23220
2,35
4,3861
4,11842
3,4293
4,16121
2,4102
3,987
1,1964
1,13947
3,6396
0,14024
0,6007
1,18180
4,18211
3,8
2,737
2,1445
3,13466
4,3540
4,11563
3,8337
3,24662
1,12809
2,7149
3,21296
1,21107
3,23393
2,24961
0,23002
0,16092
1,4320
3,16303
2,14197
0,6225
2,14206
2,834
5,16243
1,4260
0,3892
4,14346
1,6365
2,1997
3,974
1,21047
2,23142
0,24821
3,24722
4,7009
3,7398
0,12949
4,18351
1,677
0,1694
3,13526
2,1505
3,3791
2,11423
2,3400
3,8277
2,24633
5,7118
3,7289
3,12858
3,766
5,18240
3,1785
3,1414
1,13437
5,3680
4,3511
2,11532
5,8366
0,4371
1,16352
4,3983
1,6274
2,14257
5,1886
3,865
1,21156
0,23053
2,24930
3,21387
1,21016
0,23282
1,24870
2,23113
4,97
4,16183
5,16212
3,4231
1,14086
4,14317
1,6334
0,925
3,626
1,18091
2,18300
3,13577
3,1554
0,11472
2,3451
4,8226
0,24773
2,12918
5,7058
2,22471
4,8428
2,13379
4,20574
4,15675
0,7656
1,19961
1,9847
0,17770
3,5753
4,10281
3,5850
3,17873
0,10110
0,2133
3,9744
2,19662
5,12384
4,7955
2,15976
3,12015
3,21618
3,21589
4,14519
2,14688
3,25180
0,25211
3,14459
3,25351
3,2073
0,10050
0,17933
2,5910
5,9595
2,9604
5,19722
4,12155
1,15836
5,7815
5,21758
4,7487
4,7716
3,15735
4,19821
0,9907
0,5582
2,5613
4,17630
2,22531
2,8568
1,168
0,13239
2,20434
4,7596
5,15624
5,7607
5,19930
5,9816
1,5493
4,17721
3,5702
2,22420
4,8479
5,20525
1,13328
5,14548
2,25240
4,10141
3,2162
1,5801
3,17822
5,9484
5,9715
1,19633
4,21649
3,12044
1,7904
3,15927
5,10390
3,17962
4,5941
3,2022
3,10001
4,9655
1,19773
4,21709
1,21498
4,12295
4,15867
5,7844
2,12104
0,14408
4,14799
0,25091
3,25300
3,22560
4,8539
0,139
0,20465
1,13268
3,7747
3,15764
5,19870
3,9956
2,5642
4,17661
4,9477
2,2191
4,10223
3,2200
5,12326
4,19551
3,6609
3,6598
5,20944
1,22841
2,25122
2,8818
2,22742
1,14929
3,1069
3,20647
4,15546
4,7565
3,17443
2,5460
5,19883
2,15797
2,7425
3,15406
1,17692
2,5520
2,17503
3,22593
3,22602
1,1129
0,14869
0,20496
4,20707
4,6749
3,20804
2,25062
2,22901
3,8958
4,9537
5,17991
3,2340
2,10363
0,15894
4,12266
2,19780
1,19411
2,20915
0,6658
1,25173
2,22810
5,8849
4,9426
2,17880
5,10272
3,2251
1,15985
0,12377
4,19691
2,19500
0,19992
3,15686
3,15517
1,7534
3,17783
4,17412
1,5431
3,22482
1,22713
5,20587
5,20616
2,1038
3,14978
2,22653
1,20756
1,14838
3,1178
4,7474
5,15457
4,5571
2,17552
4,9566
1,2080
2,2311
5,10332
0,12237
1,19440
0,20855
0,6718
3,6489
0,22950
3,25033
5,8909
3,25334
0,16539
1,23638
0,10035
1,2016
1,2387
1,5975
4,17956
2,9661
4,19747
1,12130
5,7870
1,15853
3,15750
3,7773
0,19844
3,9962
3,24058
2,17655
2,5676
2,22554
1,11359
0,4988
1,20451
3,22414
0,22785
0,11188
1,11219
5,20511
2,20680
4,7633
2,15610
4,15581
5,19904
0,9822
3,24289
3,24118
3,5736
1,17715
3,17484
3,23778
5,17816
3,5835
1,2156
3,10175
4,9721
2,19607
1,19596
5,15913
5,7930
3,12070
1,20983
1,25274
0,22886
1,16479
4,5924
3,17907
3,10064
3,2047
0,23669
3,9630
4,19716
4,19487
3,7821
0,15802
1,12161
2,20892
1,16568
2,25365
2,22997
1,11099
2,11308
3,22505
2,22694
2,20400
0,20791
5,15701
4,7722
5,15490
5,19815
2,9933
3,17604
2,5627
2,17595
1,24398
2,24009
4,7662
5,15641
2,19955
3,9873
3,5767
3,17744
2,24149
4,11248
0,4899
2,22445
1,20540
3,16428
0,25225
2,2107
2,10124
2,2296
4,17847
3,5864
2,23729
1,9770
0,19656
2,12021
5,15942
0,7961
1,15463
5,7440
3,23999
0,17566
4,5545
3,22667
3,3049
0,16909
4,20762
5,18489
0,18718
2,20861
3,25007
0,22964
1,25396
1,4629
4,9552
2,10306
2,2325
2,10097
4,12203
2,12192
2,19474
5,9412
4,9783
3,5897
2,2265
3,10246
4,7992
2,12343
0,19534
0,20921
2,22824
3,25147
1,4769
3,22727
0,16849
4,3298
2,3109
4,20622
5,18658
2,7500
4,15523
4,7691
0,5405
3,17426
1,5794
5,9880
2,16958
3,3389
1,3018
2,22636
3,20733
4,18749
5,15432
5,7411
1,7780
1,17537
1,5514
3,5685
3,9991
5,9503
5,9692
1,5986
4,10357
1,2374
5,7883
0,12252
4,19425
4,20830
2,4678
3,22935
4,25056
4,20970
3,4738
3,25116
2,22875
4,25287
4,9443
3,2234
4,10217
5,10186
4,12312
0,12083
4,19565
4,7551
5,15572
3,5454
3,17477
3,23888
4,3158
4,16818
2,22776
2,20673
4,18598
5,18609
1,5445
3,17466
3,23899
4,7540
1,15563
2,20662
0,18589
2,18618
1,3149
4,16809
1,22767
2,4729
2,25107
2,22864
1,25296
1,20961
3,12303
5,12092
2,19574
5,9452
3,2225
4,10206
5,10197
5,7892
0,12243
1,19434
5,9512
1,9683
4,5997
5,10346
1,2365
3,4669
2,22924
3,25047
3,20821
0,20722
2,18758
4,16949
2,3398
2,3009
1,22627
2,17526
3,5505
3,5694
3,9980
4,15423
3,7400
4,7791
2,20633
5,18649
2,22736
1,16858
2,3289
4,3118
4,5414
2,17437
3,5785
2,9891
0,7511
4,15532
4,7680
4,7983
4,12352
1,19525
4,9403
1,9792
4,5886
3,2274
1,10257
0,22835
3,25156
3,4778
2,20930
2,25016
2,22975
3,25387
1,4638
1,20870
2,12212
4,12183
5,19465
3,9543
0,10317
3,2334
2,10086
3,23988
5,17577
4,5554
4,15472
4,7451
0,20773
0,18498
0,18709
3,22676
0,3058
4,16918
4,16439
3,25234
4,19647
2,12030
4,15953
5,7970
3,2116
5,10135
3,2287
1,17856
3,5875
4,23738
4,9761
5,9862
3,5776
5,17755
2,24158
5,7673
5,15650
2,19944
5,20551
4,11259
2,4888
4,22454
2,20411
1,20780
3,11088
1,11319
3,22514
2,22685
2,9922
0,17615
3,5636
2,17584
4,24389
2,24018
4,15710
4,7733
5,15481
1,19804
4,19707
2,19496
5,7830
1,15813
2,12170
4,5935
2,17916
5,10075
2,2056
2,23678
5,9621
4,16579
2,25374
3,22986
1,20883
2,19616
0,19587
4,15902
4,7921
2,12061
0,23769
0,17807
3,5824
2,2147
2,10164
4,9730
4,25265
1,22897
3,16468
1,20992
5,20500
4,20691
0,22405
0,22794
1,11199
5,11208
1,9833
1,24298
3,24109
3,5727
0,17704
2,17495
0,7622
1,15601
5,15590
5,19915
3,9973
2,24049
4,17644
3,5667
3,15741
4,7762
4,19855
0,20440
3,22545
2,11348
4,4999
2,25325
2,16528
4,19756
0,12121
4,7861
0,15842
3,23629
0,10024
5,2007
3,2396
1,5964
4,17947
0,9670
1,12226
4,19451
5,9577
3,2091
1,2300
0,10323
1,22941
3,25022
3,8918
0,20844
5,6709
2,6498
3,20747
3,14829
3,1169
2,22642
1,5560
1,17543
2,7465
0,15446
2,17792
4,17403
1,5420
1,19983
2,15697
0,15506
4,7525
0,20596
4,20607
2,1029
1,14969
3,22493
3,22702
3,25162
0,22801
4,8858
3,20904
2,6649
2,15994
1,12366
4,19680
2,19511
4,9437
3,17891
5,10263
3,2240
3,25073
2,22910
3,8949
1,6758
3,20815
0,15885
5,12277
0,19791
2,19400
4,9526
5,17980
3,2351
4,10372
3,17683
1,5531
2,17512
4,19892
1,15786
4,7434
0,15417
4,1138
0,14878
3,20487
4,20716
3,22582
2,22613
2,14938
1,1078
2,20656
1,22753
4,17452
2,5471
5,15557
4,7574
2,12337
3,19540
4,9466
3,2180
5,10232
3,2211
4,22850
3,25133
2,8809
3,6618
3,6589
0,20955
5,128
1,20474
4,13279
3,22571
3,8528
2,9947
2,5653
1,17670
1,7756
2,15775
1,19861
4,19762
0,21718
4,21489
5,12284
4,15876
4,7855
0,12115
5,10381
4,17973
4,5950
2,2033
3,10010
0,9644
3,25080
0,25311
5,14419
5,14788
2,25251
4,14559
1,19622
4,21658
0,12055
1,7915
4,15936
4,10150
3,2173
3,5810
2,17833
4,9495
4,9704
1,9807
0,5482
4,17730
3,5713
0,7587
5,15635
4,7616
3,19921
1,20534
3,13339
1,22431
1,8468
2,9916
1,5593
2,5602
3,17621
5,7496
5,7707
5,15724
5,19830
4,179
0,13228
2,20425
3,22520
5,8579
3,25340
2,14448
0,19733
1,12144
2,15827
4,7804
0,21749
3,2062
2,10041
1,17922
1,5901
5,9584
2,9615
4,19673
2,12395
4,7944
5,15967
3,12004
3,21609
3,21598
1,10290
3,5841
2,17862
0,10101
2,2122
0,9755
1,25191
0,25200
5,14508
4,14699
1,13368
5,20565
2,22460
5,8439
5,9856
2,17761
1,5742
5,15664
5,7647
0,19970
0,11463
5,3440
0,8237
3,637
4,18080
5,18311
4,13566
3,1545
3,12909
3,7049
0,24762
2,23293
4,24861
2,23102
2,86
2,21396
1,21007
1,14097
2,14306
1,6325
0,934
2,16192
4,16203
3,4220
1,6265
3,14246
3,1897
1,874
0,4360
4,16343
0,3992
2,23042
0,24921
1,21147
5,7109
3,7298
4,12849
3,24622
0,3691
2,3500
0,11523
4,8377
3,777
1,18251
3,1794
0,1405
3,13426
5,7018
3,7389
0,12958
2,24733
2,3780
1,11432
0,3411
3,8266
1,18340
0,666
4,1685
1,13537
2,1514
4,14357
3,6374
2,1986
3,965
2,16252
0,4271
2,3883
3,23153
4,24830
1,21056
3,23382
2,24970
2,23013
2,21287
3,21116
2,14186
0,6234
1,14217
1,825
1,16083
4,4331
4,16312
4,3551
3,11572
3,8326
1,18191
5,18200
3,726
2,1454
1,13477
2,12818
2,7158
2,24673
4,9268
2,23231
2,24
3,21334
4,12539
3,996
3,1975
4,13956
5,6387
2,14035
3,6016
3,3870
2,11853
2,4282
5,16130
0,4113
3,8295
2,8104
0,11750
3,3773
5,20058
4,13655
2,1676
1,504
5,695
1,18022
3,15359
4,24451
3,15219
0,15188
1,24680
2,24511
1,8044
5,11581
1,3633
1,11610
4,20118
4,20289
0,13484
3,1736
5,13715
1,444
4,18162
2,6156
1,14175
1,13816
2,1835
1,4053
2,16070
0,11913
0,3930
1,9328
2,24983
3,23371
5,21274
4,12479
1,14064
0,6047
0,1924
1,13907
5,16161
5,4142
3,3821
4,11802
4,9239
5,75
0,24892
0,23260
2,12568
2,21365
2,15308
5,15099
3,24791
3,24400
4,8155
0,11490
3,11701
2,3722
5,13595
1,13604
1,1627
2,20009
4,20398
5,18073
3,555
3,8384
3,8015
3,3662
4,11641
3,1767
2,13744
1,20149
5,18133
2,415
3,784
0,15248
3,24540
0,9379
2,23320
3,12428
1,21225
2,887
3,13847
3,1864
4,6296
0,6107
1,14124
0,11942
2,3961
2,4393
4,4002
4,16021
1,14223
3,6200
1,6191
2,811
4,16326
0,4305
2,4094
2,2598
2,2609
0,23027
2,24944
5,19158
3,21122
4,5069
2,10929
2,24647
0,11546
1,3565
3,8312
4,8083
4,18234
4,483
3,712
1,13443
1,1460
3,3425
4,11406
2,11797
1,8252
1,18374
2,652
3,1520
1,13503
2,13692
5,10869
3,5129
3,24707
1,24496
3,2749
1,24804
2,23167
0,19389
2,19018
1,21062
5,6340
0,14363
1,13991
2,951
3,4245
4,16266
4,11894
0,24915
2,23076
0,2658
1,19298
3,19109
3,21173
1,14272
0,6251
1,13880
2,840
4,16377
1,4354
1,11985
0,11517
1,3534
3,11686
2,8343
2,743
4,18265
1,13412
2,1431
2,13783
3,24616
3,24587
2,10978
3,5038
2,24756
3,5178
3,10838
2,3474
5,11457
2,8203
2,8192
0,592
1,603
0,18325
3,1571
4,13552
1,6311
2,14332
1,6080
3,900
3,4214
0,16237
3,4185
1,23136
4,24855
1,2489
3,2718
3,19049
1,21033
5,17379
3,24574
1,8021
3,11675
0,3656
2,22078
5,13770
2,1753
0,18107
4,18296
3,421
1,14110
0,6133
3,1850
0,13873
4,14281
4,16015
0,4036
4,3955
2,11976
1,16384
1,25589
5,25618
1,10688
1,10519
3,23314
2,23085
5,21211
3,21180
3,41
2,10459
0,23254
1,21351
1,13933
2,1910
0,6073
1,14050
4,11836
2,3815
3,4176
4,16155
3,25758
3,8161
0,3716
1,11735
3,3487
3,22138
1,1613
4,13630
4,1582
4,18047
3,561
0,17239
2,24434
3,8070
2,22029
5,11624
1,3607
0,3596
3,13721
1,1702
3,1493
3,470
4,18156
3,24525
4,17328
4,23345
1,10548
4,21240
1,1801
1,13822
3,14141
1,6162
1,25649
5,3904
2,11927
1,16044
2,4067
0,6022
1,14001
3,13962
2,1941
4,14390
3,25498
4,25709
0,4127
4,16104
2,11867
1,3844
0,16295
2,23205
1,23194
0,10799
1,10
0,10408
1,21300
0,21091
5,24465
5,17268
0,8130
0,22169
0,3747
4,11764
2,1642
4,13661
3,530
2,18016
1,18387
0,21081
5,21310
4,10418
4,10789
4,23184
0,23215
1,16285
3,3854
1,11877
4,16114
4,4137
3,25719
3,25488
0,14380
1,1951
4,13972
1,14011
1,6032
3,18397
0,18006
2,520
0,13671
4,1652
3,11774
2,3757
1,22179
0,8120
1,17278
4,24475
4,17338
3,24535
0,18146
3,460
0,1483
4,1712
5,13731
1,3586
2,3617
5,11634
3,22039
1,8060
2,4077
2,16054
0,11937
4,3914
3,25659
4,6172
1,14151
3,13832
1,1811
1,21250
0,10558
3,23355
2,25748
5,16145
2,4166
3,3805
4,11826
2,14040
0,6063
0,1900
1,13923
5,21341
2,23244
5,10449
5,51
0,24424
4,17229
0,571
4,18057
1,1592
2,13620
2,1603
1,22128
3,3497
2,11725
2,3706
5,8171
3,431
1,18286
3,18117
1,1743
5,13760
2,22068
4,3646
0,11665
1,8031
3,24564
4,17369
3,21190
1,21201
2,23095
0,23304
4,10509
5,10698
1,25608
1,25599
1,16394
2,11966
4,3945
5,4026
4,16005
3,14291
1,13863
3,1840
4,6123
1,14100
4,13542
2,1561
4,18335
0,613
1,582
0,8182
5,8213
4,11447
2,3464
1,10828
3,5168
2,24746
1,21023
2,19059
3,2708
3,2499
4,24845
2,23126
1,4195
1,16227
3,4204
0,910
0,6090
1,14322
2,6301
2,11995
1,4344
4,16367
4,850
4,13890
0,6241
1,14262
1,21163
1,19119
2,19288
4,2648
0,23066
4,24905
2,5028
4,10968
3,24597
3,24606
4,13793
1,1421
2,13402
4,18275
2,753
1,8353
3,11696
1,3524
1,11507
5,24486
1,24717
3,5139
4,10879
1,13682
1,13513
3,1530
4,642
2,18364
3,8242
2,11787
5,11416
5,3435
1,11884
1,16276
4,4255
3,941
4,13981
1,14373
5,6350
4,21072
2,19008
2,19399
0,23177
4,24814
2,2759
3,21132
4,19148
2,24954
0,23037
2,2619
3,2588
2,4084
1,4315
2,16336
3,801
0,6181
0,6210
5,14233
2,1470
3,13453
1,702
3,493
2,18224
3,8093
3,8302
4,3575
0,11556
3,24657
5,10939
1,5079
3,24550
4,15258
3,794
1,405
1,18123
4,20159
0,13754
3,1777
5,11651
2,3672
4,8005
4,8394
5,16031
5,4012
3,4383
5,3971
1,11952
1,14134
0,6117
1,6286
1,1874
4,13857
3,897
0,21235
0,12438
0,23330
4,9369
3,21375
2,12578
0,23270
1,24882
5,65
2,9229
4,11812
1,3831
4,4152
4,16171
1,13917
3,1934
1,6057
1,14074
4,545
4,18063
1,20388
3,20019
2,1637
4,13614
4,13585
0,3732
1,11711
4,11480
0,8145
4,24410
1,24781
5,15089
1,15318
1,18172
3,454
5,13705
2,1726
2,13494
4,20299
4,20108
4,11600
1,3623
5,11591
2,8054
2,24501
1,24690
2,15198
5,15209
4,12469
1,21264
2,23361
0,24993
0,9338
4,3920
0,11903
4,16060
2,4043
1,1825
1,13806
1,14165
4,6146
2,4103
4,16120
1,4292
1,11843
1,3860
5,6006
0,14025
3,6397
4,13946
3,1965
1,986
3,12529
3,21324
3,34
2,23221
5,9278
5,24441
1,15349
5,18032
2,685
1,514
3,1666
4,13645
4,20048
1,3763
1,11740
5,8114
3,8285
5,16302
3,4321
2,16093
3,835
2,14207
0,6224
0,14196
3,21106
2,21297
2,23003
2,24960
3,23392
3,24663
3,7148
3,12808
1,13467
2,1444
3,736
0,9
4,18210
4,18181
3,8336
0,11562
4,3541
3,1504
1,13527
2,1695
0,676
4,18350
3,8276
2,3401
5,11422
3,3790
3,24723
3,12948
0,7399
4,7008
1,21046
2,24820
2,23143
5,3893
1,4261
5,16242
1,975
1,1996
4,6364
4,14347
3,21157
2,24931
2,23052
4,3982
1,16353
0,4370
3,864
3,1887
2,14256
1,6275
1,13436
3,1415
2,1784
5,18241
3,767
5,8367
1,11533
4,3510
2,3681
1,24632
0,12859
3,7288
5,7119
5,24772
2,7059
3,12919
1,1555
2,13576
4,18301
4,18090
4,627
4,8227
2,3450
0,11473
3,4230
4,16213
4,16182
0,924
1,6335
4,14316
1,14087
1,21017
2,21386
1,96
2,23112
4,24871
2,23283
2,14689
1,14518
0,25210
3,25181
4,9745
1,2132
0,10111
2,17872
3,5851
4,10280
2,21588
3,21619
3,12014
0,15977
4,7954
5,12385
3,19663
1,19960
4,7657
4,15674
3,5752
2,17771
4,9846
4,8429
2,22470
4,20575
2,13378
3,8569
3,22530
0,20435
0,13238
1,169
4,19820
2,15734
4,7717
4,7486
4,17631
2,5612
5,5583
2,9906
3,9605
0,9594
3,5911
1,17932
3,10051
3,2072
2,21759
5,7814
1,15837
3,12154
5,19723
3,14458
1,25350
1,9714
5,9485
3,17823
1,5800
2,2163
4,10140
1,15926
3,7905
3,12045
3,21648
4,19632
4,14549
2,25241
4,8478
2,22421
3,13329
5,20524
5,19931
0,7606
5,15625
4,7597
3,5703
4,17720
3,5492
5,9817
5,19871
1,15765
2,7746
3,17660
3,5643
3,9957
4,8538
3,22561
2,13269
5,20464
5,138
1,14798
3,14409
1,25301
2,25090
4,9654
3,10000
2,2023
4,5940
1,17963
5,10391
0,12105
5,7845
4,15866
1,12294
1,21499
4,21708
1,19772
4,7564
4,15547
2,5461
2,17442
2,22743
1,20646
2,1068
1,14928
3,20945
3,6599
3,6608
2,8819
2,25123
1,22840
3,2201
4,10222
3,2190
4,9476
3,19550
5,12327
1,10362
2,2341
5,17990
4,9536
1,19410
1,19781
4,12267
0,15895
3,20805
2,6748
3,8959
2,22900
2,25063
4,22603
1,22592
4,20706
2,20497
2,14868
3,1128
1,15407
3,7424
1,15796
5,19882
2,17502
1,5521
2,17693
3,22712
3,22483
1,14979
1,1039
5,20617
0,20586
5,7535
2,15516
2,15687
0,19993
1,5430
4,17413
3,17782
2,2250
5,10273
3,17881
4,9427
4,19501
4,19690
0,12376
2,15984
5,6659
5,20914
5,8848
0,22811
1,25172
3,6488
1,6719
0,20854
1,8908
3,25032
0,22951
5,10333
3,2310
3,2081
0,9567
1,19441
0,12236
5,15456
4,7475
2,17553
1,5570
2,22652
3,1179
4,14839
3,20757
1,4989
4,11358
2,22555
4,20450
0,19845
4,7772
1,15751
0,5677
5,17654
3,24059
3,9963
0,9660
4,17957
4,5974
2,2386
1,2017
0,10034
1,23639
1,15852
5,7871
4,12131
1,19746
0,16538
3,25335
1,20982
0,16478
2,22887
1,25275
4,9720
3,10174
3,2157
3,5834
5,17817
2,23779
2,12071
5,7931
0,15912
1,19597
3,19606
5,19905
4,15580
0,15611
4,7632
5,17485
1,17714
1,5737
3,24119
3,24288
5,9823
1,11218
0,11189
2,22784
4,22415
4,20681
5,20510
2,19814
5,15491
4,7723
3,15700
2,24008
3,24399
2,17594
2,5626
4,17605
0,9932
3,22695
3,22504
1,11309
1,11098
2,20790
3,20401
2,20893
0,22996
2,25364
3,16569
3,9631
2,23668
3,2046
2,10065
3,17906
1,5925
1,12160
0,15803
4,7820
4,19486
0,19717
4,9771
3,23728
3,5865
0,17846
1,2297
3,10125
3,2106
5,7960
5,15943
1,12020
2,19657
1,25224
1,16429
2,22444
0,4898
4,11249
2,20541
5,19954
5,15640
4,7663
1,24148
3,17745
3,5766
0,9872
2,10096
4,2324
2,10307
4,9553
2,19475
2,12193
4,12202
0,20860
1,4628
3,25397
0,22965
1,25006
3,16908
3,3048
3,22666
2,18719
2,18488
4,20763
5,7441
5,15462
4,5544
0,17567
3,23998
4,7690
1,15522
4,7501
2,9881
1,5795
2,17427
4,5404
2,3108
1,3299
3,16848
2,22726
5,18659
5,20623
0,20920
3,4768
3,25146
2,22825
3,10247
3,2264
0,5896
1,9782
5,9413
1,19535
2,12342
4,7993
4,20831
1,25057
2,22934
2,4679
1,2375
4,10356
2,5987
5,9693
5,9502
4,19424
0,12253
5,7882
1,7781
5,7410
5,15433
3,9990
3,5684
3,5515
3,17536
2,22637
2,3019
3,3388
3,16959
4,18748
3,20732
2,22777
4,16819
4,3159
0,18608
4,18599
3,20672
0,15573
4,7550
1,23889
1,17476
1,5455
5,10187
4,10216
3,2235
4,9442
4,19564
5,12082
4,12313
4,20971
4,25286
2,22874
3,25117
1,4739
4,20712
2,20483
2,18768
4,22617
3,22586
1,16979
0,3039
1,17516
5,5535
0,17687
5,19896
5,15413
4,7430
1,15782
3,15881
4,12273
0,19404
0,19795
5,9522
0,17984
5,10376
1,2355
4,22914
1,25077
3,4659
4,20811
2,25137
2,22854
0,4488
3,4719
1,20951
0,12333
4,19544
4,9462
2,2215
5,10236
3,2184
1,5475
4,17456
4,7570
4,15553
2,20652
1,18628
1,22757
5,3179
3,16839
5,17547
1,5564
5,15442
4,7461
1,20743
4,18739
3,3068
5,16928
3,22646
4,4599
1,4608
3,25026
2,22945
0,20840
5,12222
5,19455
3,9573
3,10327
1,2304
2,2095
4,15990
5,12362
3,19515
4,19684
1,9433
1,17895
2,2244
0,10267
3,4748
4,22805
2,25166
3,20900
2,20603
4,20592
5,18679
3,16868
1,3128
3,22706
3,22497
3,5424
0,17407
2,17796
0,19987
4,7521
5,15502
4,15693
2,19737
4,7800
2,15823
2,12140
0,23648
2,5905
0,17926
3,10045
3,2066
0,9611
5,9580
3,25344
1,16549
0,20421
3,22524
1,11329
4,9912
3,24028
3,17625
2,5606
1,5597
4,15720
5,7703
5,7492
5,19834
5,9852
2,24168
1,5746
2,17765
5,7643
5,15660
1,19974
5,20561
0,22464
3,11269
1,25204
0,25195
3,16798
1,16409
3,18989
3,19677
4,12000
4,12391
3,15963
4,7940
2,23499
4,23708
1,2126
5,10105
1,10294
3,17866
3,5845
0,9751
1,16689
5,16518
4,25315
1,25084
3,18898
4,19766
0,12111
5,12280
5,7851
2,15872
1,10014
2,2037
5,10385
0,5954
1,17977
1,23588
3,23619
0,9640
3,9943
4,17674
3,5657
3,24079
3,15771
4,7752
0,19865
2,20470
1,11378
2,22575
5,20530
4,11238
1,22435
4,9803
1,5717
4,17734
2,5486
5,24139
4,7612
4,15631
5,7583
4,19925
3,19626
4,15932
3,7911
0,12051
0,17837
3,5814
3,2177
0,10154
4,23759
1,9700
4,9491
4,16458
2,25255
3,25152
2,22831
5,8868
5,6679
2,20934
4,7987
2,12356
3,19521
2,9796
4,9407
4,5882
1,10253
3,2270
2,5781
3,17433
3,5410
5,9895
5,7684
4,15536
1,7515
1,1019
1,14959
3,1388
3,20637
2,22732
3,14819
3,1159
2,20777
2,22672
4,5550
4,17573
4,7455
5,15476
2,21889
1,12187
4,12216
5,19461
4,9547
0,10082
3,2330
1,10313
2,22971
2,25383
3,25012
2,8928
1,6739
2,20874
4,12096
4,12307
1,19570
1,9456
2,10193
3,10202
3,2221
1,22860
1,25292
2,25103
0,8839
1,20965
3,6628
3,20666
2,14908
2,1048
1,22763
3,17462
1,5441
2,21998
4,15567
4,7544
3,5690
0,5501
4,17522
3,9984
1,7795
4,7404
4,15427
1,20726
1,1108
2,14848
3,1299
2,22623
3,25043
2,22920
3,8979
2,20825
1,6768
5,7896
0,12247
0,19430
5,9687
5,9516
4,5993
1,2361
4,10342
3,9837
2,17491
2,17700
3,5723
5,15594
2,15605
5,7626
4,19911
5,13309
5,13098
2,20695
4,20504
1,22790
2,22401
4,8458
3,25261
2,22893
4,14569
5,20996
1,19583
3,19612
3,12065
4,7925
4,15906
4,21668
5,10160
3,2143
1,5820
3,17803
4,9734
4,19752
0,15846
5,7865
0,12125
1,21728
2,2392
1,17943
1,5960
3,2003
2,10020
0,9674
2,25321
2,14429
4,289
1,118
0,13249
4,6898
0,20444
3,22541
4,8518
4,8689
3,9977
3,5663
4,17640
4,7766
2,15745
4,19851
3,398
4,20555
1,13358
3,6989
0,22450
4,8409
5,8798
5,9866
0,17751
3,5772
3,15654
1,7677
5,19940
0,19643
0,21639
4,7974
4,15957
2,12034
3,2283
3,5871
0,17852
5,10131
3,2112
1,9765
4,25230
4,14538
2,25370
2,22982
1,20887
4,14478
1,19492
1,19703
2,21779
0,12174
5,15817
5,7834
4,2052
0,10071
2,17912
4,5931
5,9625
1,9926
4,17580
2,5632
4,17611
0,15485
0,7737
4,15714
1,19800
5,149
1,20784
0,20415
4,13218
4,13189
2,22681
3,22510
5,8549
3,7139
0,12879
3,24583
1,24612
3,11682
3,3530
2,11513
2,8347
3,18261
2,747
4,13787
3,1435
3,13416
0,6255
1,14276
1,13884
2,844
0,4350
1,16373
2,11981
2,23072
1,24911
3,21177
5,24851
1,23132
1,21037
1,6084
4,14336
3,6315
2,904
3,4181
0,16233
3,4210
5,11453
5,3470
0,8196
4,8207
4,18321
1,607
5,596
4,13556
1,1575
0,12939
1,7079
0,24752
5,3561
2,11542
3,8087
3,8316
2,716
2,487
4,18230
3,1464
2,13447
3,12828
5,7168
0,24643
2,24940
3,23023
1,21126
1,6195
1,6204
1,14227
0,815
2,4090
1,4301
1,16322
5,14367
2,6344
1,13995
1,955
4,16262
3,4241
4,11890
0,23163
4,24800
1,21066
2,7028
2,12968
0,24492
3,24703
5,11793
1,11402
0,3421
1,8256
2,656
1,18370
5,13696
5,13507
0,1524
0,6166
1,14145
0,13826
3,1805
2,4063
1,16040
4,11923
5,3900
4,9318
3,9089
3,23341
4,12449
4,21244
0,15229
2,24521
2,8074
1,3592
1,3603
4,11620
2,1497
2,1706
1,13725
0,20128
4,18152
2,474
0,8134
0,11760
0,3743
4,13665
3,1646
4,20068
2,18383
2,18012
3,534
1,15369
2,24461
5,9258
0,14
2,23190
2,23201
4,12509
2,12698
0,21095
2,21304
3,1945
4,13966
4,14394
1,14005
0,6026
3,3840
0,11863
0,16291
1,16100
1,4123
4,9349
3,23081
4,23310
3,21184
1,21215
0,12418
4,12789
2,13877
2,1854
4,14285
0,6137
1,14114
2,11972
4,3951
2,16380
3,4032
4,16011
3,8025
2,3652
1,11671
4,20179
3,1757
1,13774
3,425
4,18292
5,18103
5,15278
2,24570
2,15338
0,24430
0,8165
3,3483
1,11731
0,3712
1,20039
2,1586
4,13634
2,1617
3,565
4,18043
3,14054
3,6077
2,1914
4,13937
5,16151
3,4172
1,3811
1,11832
5,9209
1,9198
2,23250
3,45
4,21355
3,12558
4,24834
0,23157
4,2779
2,19028
3,21052
5,6370
4,14353
1,1982
3,961
5,4275
4,16256
2,3887
5,3415
0,11436
1,3784
3,8262
3,662
4,18344
2,1510
2,13533
2,1681
3,24737
2,5288
0,10859
1,5119
1,24677
3,5059
4,10919
5,11576
4,3555
3,8322
0,722
4,18204
4,18195
2,13473
2,1450
1,14213
2,6230
2,14182
2,821
4,16316
3,4335
5,16087
2,23017
1,23386
2,24974
2,2639
3,19168
1,21112
2,21283
4,6321
4,14302
3,14093
0,930
1,4224
1,16207
4,16196
2,82
2,2728
0,23106
2,23297
3,24865
4,19079
1,21003
3,21392
1,5148
0,10808
4,24766
0,3444
2,11467
5,8233
3,18315
4,18084
4,633
2,1541
4,13562
2,11527
2,3504
0,3695
3,8373
2,18255
2,773
1,13422
2,1401
2,1790
4,5399
3,10948
4,5008
2,24626
4,2668
4,24925
4,23046
1,19139
3,21143
1,14242
1,6261
0,1893
1,870
5,16347
4,4364
2,3996
4,8151
4,22299
2,22108
0,3726
3,11705
0,11494
1,1623
5,13600
4,13591
3,551
0,18077
4,24404
4,24795
0,17198
5,17209
1,24896
0,23264
5,71
0,10469
0,21361
3,13903
3,1920
0,6043
2,14060
3,25768
1,11806
0,3825
1,4146
5,16165
3,883
1,14120
3,6103
2,1860
5,13843
3,6292
3,25628
0,16025
1,4006
0,3965
1,11946
4,4397
0,23324
3,10529
4,21221
3,24544
4,2998
1,17349
4,8011
5,8380
2,22048
4,11645
2,3666
3,13740
4,1763
2,780
3,411
5,18137
3,2889
5,17258
0,24455
0,8100
3,8291
2,3777
0,11754
0,22159
3,1672
1,13651
4,18026
2,691
0,500
0,992
2,6012
0,14031
1,13952
3,1971
5,6383
2,4117
5,16134
2,11857
2,3874
5,4286
1,25739
2,20
5,10438
0,23235
3,21330
0,10578
1,24987
3,23375
2,21270
2,1831
2,13812
1,14171
0,6152
2,3934
1,11917
3,16074
2,4057
4,25679
1,8040
4,11614
3,3637
0,11585
2,22388
2,22019
0,13711
0,1732
2,13480
4,18166
3,440
0,17089
3,17318
2,24515
3,24684
5,25669
1,4047
0,16064
1,11907
1,3924
4,6142
1,14161
2,13802
3,1821
0,21260
3,23365
2,24997
5,10568
0,24694
3,24505
5,17308
2,17099
1,450
5,18176
3,13490
2,1722
1,13701
3,22009
4,22398
5,11595
0,3627
5,11604
3,8050
3,510
2,681
1,18036
4,13641
1,1662
2,22149
0,11744
3,3767
3,8281
3,8110
5,24445
4,17248
3,2899
3,21320
0,23225
5,10428
1,30
4,25729
1,4296
1,3864
4,11847
5,16124
0,4107
5,6393
1,1961
1,13942
2,14021
0,6002
3,982
4,21231
1,10539
0,23334
3,4387
3,11956
4,3975
4,4016
1,16035
1,25638
1,6282
4,13853
3,1870
0,6113
1,14130
2,893
4,18127
3,401
1,790
5,1773
5,13750
1,3676
0,11655
3,22058
4,8390
3,8001
4,17359
1,2988
3,24554
2,17219
3,17188
3,24785
5,24414
4,18067
3,541
4,13581
4,13610
3,1633
4,11484
1,11715
3,3736
2,22118
0,22289
0,8141
4,16175
1,4156
3,3835
4,11816
3,25778
1,14070
4,6053
1,1930
3,13913
3,21371
2,10479
5,61
3,23274
0,24886
3,24636
3,5018
1,10958
1,5389
2,1780
1,1411
1,13432
0,763
3,18245
1,8363
5,3685
1,3514
4,11537
2,3986
0,4374
0,16357
1,860
3,1883
1,6271
3,14252
1,21153
2,19129
2,23056
2,24935
4,2678
4,21382
1,21013
5,19069
4,24875
1,23287
2,23116
2,2738
3,92
4,16186
3,16217
3,4234
0,920
1,14083
5,14312
0,6331
0,13572
2,1551
4,623
4,18094
2,18305
4,8223
2,11477
2,3454
1,24776
4,10818
3,5158
2,1440
2,13463
0,18185
4,18214
2,732
3,8332
2,3545
1,11566
5,10909
3,5049
1,24667
2,21293
1,21102
0,19178
3,2629
2,24964
3,23396
4,23007
1,16097
1,4325
2,16306
1,831
3,14192
4,6220
2,14203
4,3897
5,16246
5,4265
3,971
1,1992
4,14343
2,6360
3,21042
5,19038
3,2769
2,23147
4,24824
1,5109
0,10849
4,5298
3,24727
1,1691
1,13523
2,1500
3,18354
2,672
3,8272
3,3794
0,11426
2,3405
1,18053
5,575
2,1607
1,13624
1,1596
0,20029
2,3702
1,11721
2,3493
5,8175
0,24420
5,15328
1,12548
3,21345
2,55
4,23240
1,9188
4,9219
4,11822
3,3801
2,4162
5,16141
2,13927
2,1904
0,6067
1,14044
4,16001
0,4022
1,16390
0,3941
2,11962
1,14104
0,6127
4,14295
3,1844
5,13867
4,12799
5,12408
5,21205
3,21194
0,23300
2,23091
4,9359
3,24560
5,15268
5,18113
4,18282
3,435
4,13764
3,1747
0,20169
2,11661
1,3642
3,8035
5,24471
4,15379
2,524
3,18002
1,18393
0,20078
2,1656
5,13675
0,3753
1,11770
4,8124
1,4133
4,16110
3,16281
2,11873
3,3850
0,6036
1,14015
5,14384
4,13976
3,1955
0,21314
2,21085
1,12688
3,12519
2,23211
3,23180
0,9248
4,21254
4,12459
3,23351
3,9099
1,9308
2,3910
0,11933
5,16050
2,4073
3,1815
5,13836
1,14155
1,6176
3,464
4,18142
3,20138
4,13735
1,1716
3,1487
0,11630
3,3613
0,3582
0,8064
3,24531
2,15239
4,21076
4,24810
2,23173
1,11880
4,4251
4,16272
2,945
3,13985
5,6354
3,14377
3,1534
0,13517
1,13686
2,18360
4,646
3,8246
3,3431
4,11412
2,11783
1,24713
5,24482
2,12978
5,7038
3,24653
1,7178
4,12838
3,13457
3,1474
2,18220
1,497
2,706
3,8306
0,8097
0,11552
4,3571
5,16332
4,4311
3,4080
3,805
5,14237
5,6214
4,6185
3,21136
0,23033
2,24950
2,4200
1,16223
1,4191
3,914
1,6305
3,14326
4,6094
1,21027
2,23122
4,24841
3,24742
5,7069
3,12929
2,1565
4,13546
2,586
3,617
5,18331
5,8217
2,8186
1,3460
4,11443
3,13406
3,1425
5,13797
2,757
4,18271
2,8357
0,11503
0,3520
3,11692
3,24602
3,24593
2,12869
1,7129
1,21167
2,24901
1,23062
3,11991
3,16363
4,4340
1,854
5,13894
1,14266
1,6245
3,9635
1,5921
0,17902
3,10061
3,2042
4,7824
2,15807
1,12164
1,21769
4,19713
1,19482
2,14468
2,20897
2,22992
2,25360
4,8559
3,22500
3,22691
5,13199
5,13208
2,20405
3,20794
1,159
3,19810
0,15704
4,7727
2,15495
4,17601
5,5622
5,17590
5,9936
5,19950
5,7667
5,15644
3,5762
0,17741
5,9876
5,8788
4,8419
0,22440
0,6999
4,13348
5,20545
2,388
2,14528
4,25220
4,9775
3,2102
2,10121
2,17842
0,5861
3,2293
1,12024
2,15947
5,7964
3,21629
0,19653
1,14439
2,25331
2,9664
3,10030
3,2013
4,5970
4,17953
3,2382
0,21738
0,12135
5,7875
3,15856
5,19742
1,19841
1,15755
1,7776
4,17650
3,5673
3,9967
4,8699
4,8508
3,22551
3,20454
0,6888
2,13259
4,108
2,299
4,8448
2,22411
0,22780
2,20514
2,20685
3,13088
5,13319
5,19901
2,7636
4,15615
4,15584
1,5733
1,17710
1,17481
4,9827
4,9724
2,17813
3,5830
2,2153
1,10170
2,21678
0,15916
5,7935
5,12075
3,19602
1,19593
3,20986
4,14579
0,22883
2,25271
2,22633
3,1289
2,14858
2,1118
5,20736
5,15437
2,7414
1,7785
1,9994
5,17532
3,5511
3,5680
3,10352
2,2371
1,5983
5,9506
5,9697
2,19420
5,12257
5,7886
4,6778
3,20835
3,8969
3,22930
3,25053
3,6638
0,20975
5,8829
2,25113
1,25282
1,22870
3,2231
4,10212
5,10183
4,9446
0,19560
4,12317
5,12086
4,7554
5,15577
2,21988
5,5451
3,17472
2,22773
3,1058
3,14918
2,20676
2,21899
5,15466
4,7445
1,17563
5,5540
3,22662
4,20767
3,1149
4,14809
2,20864
3,6729
1,8938
1,25002
3,25393
2,22961
3,10303
3,2320
4,10092
2,9557
4,19471
4,12206
0,12197
3,2260
5,10243
5,5892
5,9417
2,9786
1,19531
0,12346
0,7997
0,20924
5,6669
4,8878
4,22821
5,25142
4,22722
3,20627
3,1398
1,14949
2,1009
3,7505
4,15526
4,7694
5,9885
1,5400
5,17423
3,5791
4,19935
5,7593
5,15621
5,7602
3,24129
2,5496
4,17724
2,5707
4,9813
1,22425
4,11228
5,20520
2,25245
5,16448
5,9481
0,9710
0,23749
4,10144
2,2167
1,5804
2,17827
1,12041
1,7901
0,15922
4,19636
2,9650
3,23609
1,23598
4,17967
4,5944
5,10395
3,2027
3,10004
2,15862
4,7841
1,12290
2,12101
2,19776
1,18888
2,25094
3,25305
5,16508
5,16699
2,22565
1,11368
4,20460
2,19875
2,7742
3,15761
3,24069
3,5647
4,17664
3,9953
5,11279
2,22474
3,20571
4,19964
4,15670
5,7653
3,17775
1,5756
1,24178
3,9842
4,9741
2,5855
2,17876
3,10284
5,10115
3,2136
2,23718
3,23489
4,7950
0,15973
2,12381
2,12010
1,19667
5,18999
1,16419
4,16788
3,25185
0,25214
3,16559
2,25354
5,9590
5,9601
1,2076
3,10055
3,17936
3,5915
2,23658
1,12150
3,15833
5,7810
2,19727
2,19824
4,7482
4,7713
1,15730
5,5587
5,5616
4,17635
2,24038
5,9902
4,11339
3,22534
0,20431
3,20910
2,25176
0,22815
0,4758
1,10277
3,2254
3,17885
1,9423
4,19694
4,19505
2,12372
4,15980
1,15683
5,15512
4,7531
2,19997
3,17786
4,17417
1,5434
3,22487
1,22716
0,3138
3,16878
1,18669
5,20582
2,20613
2,22656
5,16938
0,3078
3,18729
4,20753
5,7471
5,15452
4,5574
1,17557
0,2085
2,2314
4,10337
4,9563
1,19445
5,12232
1,20850
2,22955
2,25036
1,4618
4,4589
3,2194
0,10226
3,2205
2,9472
4,19554
5,12323
2,20941
2,4709
4,4498
3,22844
3,25127
1,16829
0,3169
2,22747
4,18638
3,20642
2,15543
4,7560
3,17446
2,5465
3,15792
2,7420
0,15403
5,19886
1,17697
3,5525
1,17506
1,3029
1,16969
2,22596
0,22607
3,18778
3,20493
4,20702
3,20801
3,4649
3,25067
0,22904
1,2345
2,10366
4,17994
4,9532
1,19785
3,19414
2,12263
5,15891
4,18159
0,20123
3,22026
0,3599
4,3608
0,5304
4,17327
3,5095
1,7201
1,15222
4,7190
0,19235
2,12442
1,2564
1,10547
1,9313
3,9082
2,25646
2,4068
0,11928
4,25706
2,25497
2,11868
5,4128
3,19375
1,12502
1,12693
2,10407
3,2424
5,10796
4,9253
5,17267
5,5244
4,10895
1,15362
2,7341
2,12990
1,18388
0,18019
5,20063
3,25805
2,22166
2,3748
1,5355
4,17376
5,10984
1,7250
4,15273
2,12881
2,18299
1,18108
4,20172
0,3659
2,22077
3,11979
0,4039
1,25617
2,25586
0,19264
3,12413
3,12782
2,2535
4,10516
4,10687
0,9342
0,19324
5,12553
0,10456
2,2475
4,9202
4,9193
3,4179
4,11839
3,25757
4,18048
3,20032
1,3488
0,3719
2,22137
1,25854
0,17236
3,5215
3,5184
4,15333
3,7310
5,7081
0,12771
2,19106
1,19297
3,9020
2,23079
0,2657
2,10674
2,25575
0,16378
4,20210
4,20181
2,22315
4,22084
3,11689
0,11518
3,24588
3,24619
1,5037
3,17014
2,10977
4,2954
4,17385
3,7132
0,15111
3,12872
5,15280
1,24759
1,2814
3,10837
0,17154
3,5177
2,12932
3,15051
2,7072
1,20350
4,22255
0,11458
3,25435
5,16238
2,12631
1,19046
5,9160
2,23139
4,10734
3,2717
1,2486
3,16329
3,25524
1,12720
0,19157
2,9071
3,2606
5,10625
2,2597
0,23028
2,10926
2,2905
4,5066
3,17045
2,24648
3,12823
2,7163
5,15140
5,20241
3,11549
0,22344
4,20301
3,20090
2,11798
4,11409
0,22204
1,22195
0,17105
3,5126
1,2845
4,10866
0,17294
0,24499
3,24708
1,15000
4,7023
1,12963
4,15391
2,12660
5,19017
4,19386
5,9131
4,10765
3,2746
4,23168
5,16269
3,25464
3,25763
1,13908
0,6048
2,19081
4,19310
0,12567
2,2441
5,10462
2,9236
1,17193
1,5221
5,17202
5,15096
3,7324
5,15307
1,1628
4,20397
3,20006
0,22292
1,25860
0,22103
3,1768
4,20146
1,22043
4,17342
1,5361
1,2993
2,15247
3,7264
5,19250
5,12427
3,2690
4,10522
0,2501
4,9376
5,25623
0,6108
2,6299
2,13848
2,888
5,19341
3,12536
4,2781
3,2410
5,10433
4,9267
3,25732
4,6019
5,6388
1,13959
2,999
5,20057
3,1679
2,22152
3,25831
1,5270
2,17253
3,2882
3,7375
3,15356
0,17082
2,17313
3,5330
0,15187
1,15216
3,7235
4,20286
4,20117
2,1739
1,22383
2,22012
2,25672
5,13819
1,6159
3,19190
2,19201
4,12476
5,10573
2,2550
4,9327
0,10852
3,2871
1,5283
3,5112
1,17131
2,12957
3,7386
1,7017
0,15034
1,13538
1,20335
0,669
3,8269
1,22230
3,25450
1,1989
4,14358
2,12654
1,21059
1,19023
5,9294
3,9105
1,2772
4,10751
4,12485
4,12714
1,21119
1,21288
4,19163
3,9045
2,10580
2,10611
4,2632
3,25681
3,25510
1,14218
3,14189
1,13478
5,20275
3,729
3,8329
0,22370
4,17071
3,5052
2,2931
1,10912
5,15174
3,7157
0,12817
4,20364
2,13569
2,638
4,8238
2,22261
2,5143
0,17160
3,10803
3,2820
3,7046
1,15065
2,12906
1,21008
3,21399
4,12594
2,12605
0,19072
5,9154
3,10491
0,89
2,2723
5,10700
3,25790
3,25401
2,14309
1,14098
3,25541
2,1898
0,14249
1,21148
2,12745
4,19132
4,9385
3,9014
2,10640
2,2663
5,2960
3,10943
0,5392
1,17020
1,5003
4,12846
3,7297
5,15125
5,7106
3,20224
1,13429
2,778
4,8378
2,22321
5,7708
5,7499
2,21845
2,23940
2,24023
2,9919
0,8576
0,3090
1,11322
4,3301
4,1195
1,13227
3,1204
2,18450
4,176
4,14447
5,6464
1,16542
3,4561
2,23643
3,15828
2,21746
3,23492
3,23703
5,15968
3,21597
3,21606
5,18982
4,14696
3,6524
2,14507
1,16793
0,4421
1,16402
4,8436
3,16890
3,3241
4,11262
1,14995
2,1344
1,13367
5,18681
5,18510
5,7648
2,21905
0,24163
2,23800
5,9859
5,8527
5,16981
4,11373
3,3350
0,14884
0,13276
2,1255
5,127
2,18790
3,18401
4,21814
4,7759
3,24072
3,23911
3,9948
2,23583
3,23612
1,21486
0,21717
5,15879
4,18893
5,14787
5,14416
2,6435
5,16682
5,16513
1,4530
3,6575
4,14556
1,4470
4,16453
2,23752
1,21657
5,15939
2,21954
4,7619
0,7588
2,23851
1,24132
4,9808
4,8467
0,3181
1,3210
4,11233
1,1084
2,1315
3,13336
5,18541
4,14774
3,6757
1,18860
2,8946
5,16671
1,4652
1,23570
4,9529
5,12278
2,21475
0,15418
3,15789
3,24081
1,24310
1,11380
1,4951
1,16972
0,11011
3,3032
5,8645
2,18763
1,245
4,13285
0,6854
5,14877
3,13114
4,1137
5,20719
0,20488
3,3172
2,11151
4,16832
0,4811
1,8494
3,8705
2,18623
4,305
3,1077
4,13054
2,14937
1,6914
2,20659
0,15558
2,24250
2,23430
4,9469
0,12338
4,21535
2,6586
3,6617
3,14634
5,18920
5,8806
3,4483
2,4712
5,16731
3,23521
5,9578
3,21424
2,12229
2,6497
0,14725
5,6706
2,18831
2,8917
4,4592
1,16620
4,4603
5,11040
0,3063
5,4900
0,16923
5,8585
2,8614
4,214
4,185
2,18732
4,20748
4,13145
1,1166
4,6805
5,14826
0,15449
1,24341
2,15509
4,15698
2,24190
1,24201
3,11291
5,16863
0,4840
1,3123
1,11100
4,8754
4,354
0,18672
4,20608
0,20599
1,13394
1,14966
0,6945
2,1026
0,13005
3,6646
3,14665
5,18971
4,8857
3,4743
0,16760
2,23461
4,9438
2,21564
3,12369
0,23766
1,2148
0,17808
3,21663
0,19588
2,19619
4,14562
1,6541
4,22898
4,16467
2,4444
4,8453
5,11207
4,3224
2,11196
5,13302
3,1321
1,13093
1,18575
3,21960
3,24106
1,23865
1,24297
1,5728
0,21820
5,23925
2,24046
3,5668
1,8513
3,8682
4,4996
2,3364
2,11347
1,6893
2,1261
5,13242
4,282
4,113
2,18435
5,6401
4,14422
0,6790
2,4504
2,16527
2,4695
3,8981
3,23626
1,17948
1,2399
3,2008
4,21723
2,19759
4,14533
3,6510
3,6681
1,16436
2,4415
4,4784
1,8890
3,17859
1,2288
0,2119
1,23737
4,21632
4,19648
3,21931
3,5779
0,23834
0,24157
4,8402
5,8793
0,4887
3,11256
4,3275
0,6982
1,13353
2,1370
3,18524
3,393
5,8542
3,3335
3,11316
3,11087
1,1230
4,13213
0,13182
0,18464
1,142
2,21871
5,5639
2,24017
2,23974
3,24386
3,2059
3,17919
2,23677
2,21772
0,19499
4,19708
5,6450
3,14473
0,4555
0,16576
4,22989
1,22739
4,11134
1,3117
5,3286
1,4874
1,16857
0,8760
1,360
5,18646
5,13031
2,1012
4,1383
0,6971
1,14952
3,24235
2,17438
2,23455
0,10258
4,5889
2,21550
1,14651
3,6672
0,18945
0,8863
2,25159
4,16754
2,4777
1,6732
4,14711
2,14480
2,18805
2,8923
3,25388
2,25019
1,4637
3,16614
3,16585
2,23515
0,23684
4,10089
0,10318
3,21410
3,21781
3,21882
3,24375
2,23987
5,17578
3,22679
1,16917
1,4934
0,3057
2,11074
3,8620
4,220
4,18706
0,18497
1,14812
0,6831
3,1152
1,13171
3,21993
3,17469
3,24264
4,23896
1,4825
4,16806
0,11165
1,3146
1,22768
4,8731
2,18617
5,18586
4,331
3,6920
2,14903
4,13060
2,1043
2,14600
3,6623
1,14591
4,18914
5,8832
5,16705
2,4726
0,16494
3,25299
2,25108
2,10198
4,10209
2,23404
2,23795
1,21501
0,21690
0,10349
4,5998
3,23544
2,21441
3,6763
4,14740
4,18854
3,8972
1,4666
4,16645
2,25048
2,3006
5,11025
2,3397
1,16946
1,4965
3,22628
1,8671
2,18757
4,271
3,1103
4,13120
3,1292
0,14843
4,6860
0,17529
2,24324
2,25058
5,16655
0,4676
3,8962
0,18844
1,14750
3,6773
3,21451
2,23554
4,5988
2,10359
0,24334
4,17539
0,6870
0,14853
3,1282
5,13130
1,1113
4,261
4,18747
4,8661
2,22638
3,4975
5,16956
2,3387
0,11035
2,3016
3,1053
0,13070
1,14913
1,6930
2,321
4,18596
5,18607
4,8721
0,22778
3,3156
4,11175
4,16816
2,4835
2,23886
2,24274
1,17479
3,21983
0,21680
3,21511
0,23785
2,23414
4,10219
5,10188
3,25118
4,25289
0,16484
3,4736
5,16715
3,8822
5,18904
4,14581
2,6633
1,14610
3,21791
3,21400
2,10308
0,10099
2,23694
2,23505
2,16595
1,16604
1,4627
3,25009
3,25398
2,8933
3,18815
3,14490
4,14701
1,6722
2,13161
5,1142
1,6821
1,14802
1,18487
2,18716
1,230
4,8630
0,11064
3,3047
4,4924
1,16907
2,22669
0,17568
3,23997
1,24365
3,21892
2,17428
2,24225
2,14942
2,6961
0,1393
2,1002
5,13021
5,18656
4,370
2,8770
3,16847
0,4864
4,3296
3,3107
1,11124
4,22729
1,4767
4,16744
1,25149
2,8873
2,18955
5,6662
1,14641
0,21540
1,5899
3,10248
2,23445
5,24396
2,23964
3,24007
2,5629
3,21861
3,152
2,18474
2,13192
5,13203
1,1220
2,11097
1,11306
5,3325
5,8552
2,22999
1,16566
1,4545
2,14463
5,6440
5,19718
3,19489
2,21762
0,23667
3,17909
1,2049
2,19658
3,21622
2,23727
2,2109
1,2298
2,17849
4,8880
3,4794
2,4405
1,16426
5,6691
2,6500
5,14523
0,383
0,18534
1,1360
3,13343
1,6992
0,3265
4,11246
5,4897
5,8783
2,8412
2,24147
2,23824
3,5769
3,21921
4,18425
5,103
2,292
0,13252
1,1271
1,6883
4,11357
2,3374
2,4986
4,8692
1,8503
2,5678
3,24056
2,23935
3,21830
4,19749
0,21733
3,2018
3,2389
2,17958
1,23636
2,8991
2,4685
1,16537
3,4514
1,6780
3,14432
3,6411
3,4454
3,16477
4,22888
3,6551
4,14572
1,19609
3,19598
0,21673
0,17818
1,2158
0,23776
1,5738
2,24287
2,23875
3,24116
2,21970
3,18565
0,13083
0,1331
5,13312
0,11186
2,3234
2,11217
2,8443
0,13015
1,1036
4,6955
3,14976
1,13384
4,20589
2,20618
5,18662
5,344
2,8744
3,11110
2,3133
3,4850
4,16873
2,11281
2,24211
3,24180
5,15688
2,15519
0,12379
2,21574
5,9428
2,23471
1,16770
1,4753
1,8847
1,18961
0,14675
1,6656
3,4613
3,16630
4,4582
1,8907
2,18821
0,6716
1,14735
3,6487
0,12239
3,21434
1,9568
3,23531
1,24351
5,15459
1,14836
2,6815
3,1176
5,13155
1,20758
1,18722
1,195
1,204
5,8604
1,8595
4,16933
0,4910
0,3073
5,11050
1,24240
4,15548
3,20649
4,6904
1,14927
1,13044
3,1067
3,315
1,18633
5,8715
1,8484
4,4801
3,16822
1,11141
2,3162
2,16721
2,4702
2,4493
2,8816
1,18930
2,14624
3,6607
3,6596
1,21525
5,12328
5,9479
3,23420
2,21465
4,12268
4,9539
3,23560
3,4642
5,16661
3,8956
5,18870
2,6747
4,14764
0,20498
4,20709
2,1127
5,13104
0,14867
2,6844
3,13295
1,255
2,18773
5,8655
1,3022
4,11001
0,16962
3,4941
0,11390
3,24300
3,24091
0,15799
1,15408
4,15929
1,21647
2,23742
2,16443
1,4460
1,14546
3,6565
4,18551
0,13326
3,1305
1,1094
3,11223
1,3200
1,3191
4,8477
5,9818
3,24122
1,23841
4,7598
5,7609
2,21944
3,9958
0,23901
3,24062
4,7749
3,21804
4,18411
2,18780
5,137
2,1245
2,13266
2,14894
3,3340
1,11363
0,16991
4,8537
3,4520
4,16503
5,16692
3,6425
0,14406
1,14797
4,18883
2,15869
4,21707
4,21496
0,23602
2,23593
3,16412
2,4431
4,16783
4,14517
0,6534
2,14686
1,18992
3,21616
3,21587
4,15978
3,23713
2,23482
5,9849
4,23810
0,24173
2,21915
4,7658
4,18500
2,18691
2,13377
3,1354
1,14985
2,11272
4,3251
2,16880
4,8426
3,166
4,18440
3,1214
5,13237
3,1185
1,3311
1,11332
2,3080
4,8566
1,9909
3,24033
2,23950
3,21855
5,7489
4,7718
5,21756
2,15838
3,23653
2,4571
4,16552
2,6474
1,14457
4,2673
3,10650
3,9004
3,9395
3,19122
1,12755
3,21158
2,14259
2,1888
2,25551
2,22331
2,8368
3,768
1,13439
2,20234
5,7116
2,15135
3,7287
1,12856
5,5013
0,17030
4,5382
4,10953
4,2970
4,12916
5,15075
5,7056
3,2830
4,10813
3,17170
1,5153
4,22271
4,8228
4,628
4,13579
2,20374
1,14088
4,14319
1,25411
3,25780
1,10710
3,2733
4,99
3,10481
0,9144
5,19062
4,12615
4,12584
3,21389
2,21018
2,14199
0,14208
0,25500
4,25691
1,2622
5,10601
4,10590
3,9055
2,19173
4,21298
1,21109
2,12704
2,12495
2,12807
3,7147
0,15164
1,10902
2,2921
3,5042
2,17061
2,22360
3,8339
0,739
1,6
0,20265
1,13468
3,22220
1,8279
5,679
3,20325
1,13528
2,15024
1,7007
3,7396
0,12947
3,17121
0,5102
4,5293
3,2861
4,10842
5,10741
3,2762
3,9115
5,9284
2,19033
3,21049
1,12644
2,14348
3,1999
3,25440
3,22002
0,22393
2,1729
4,20107
5,20296
2,7225
5,15206
3,15197
4,5320
5,17303
2,17092
5,9337
2,2540
2,10563
4,12466
1,19211
0,19180
4,6149
1,13809
4,25662
1,989
1,13949
3,6398
0,6009
0,25722
5,9277
4,10423
3,2400
4,2791
1,12526
5,19351
1,15346
1,7365
2,2892
3,17243
4,5260
3,25821
3,22142
2,1669
4,20047
1,7274
1,15257
4,2983
2,5371
4,17352
3,22053
4,20156
3,1778
4,898
4,13858
3,6289
0,6118
1,25633
3,9366
3,2511
3,10532
1,2680
0,12437
5,19240
5,9226
3,10472
1,2451
0,12577
1,19300
4,19091
1,6058
1,13918
3,25773
0,22113
1,22282
3,20016
1,20387
1,1638
3,15317
2,7334
5,15086
5,17212
1,5231
4,17183
4,15381
4,12973
5,7033
2,15010
5,24718
5,24489
2,17284
2,10876
1,2855
1,5136
0,17115
0,22185
4,22214
5,11419
2,11788
2,20080
2,20311
2,25474
0,16279
2,23178
3,2756
5,10775
3,9121
3,19396
0,19007
0,12670
0,23038
3,2587
1,10635
1,2616
3,9061
4,19147
0,12730
2,25534
1,16339
2,22354
2,11559
1,20251
5,15150
1,7173
1,12833
3,24658
3,17055
4,5076
3,2915
2,10936
0,11448
1,22245
1,20340
4,7062
2,15041
3,12922
2,5167
3,17144
0,10827
0,2804
3,24749
3,2496
3,2707
1,10724
0,23129
5,9170
4,19056
0,12621
4,16228
3,25425
1,16368
0,25565
4,10664
4,2647
2,23069
3,9030
2,19287
1,19116
5,12761
3,15290
2,12862
5,15101
5,7122
1,17395
1,2944
4,10967
1,17004
3,5027
3,24609
1,24598
1,11508
2,11699
5,22094
2,22305
4,20191
1,20200
1,25747
4,11829
2,4169
0,9183
5,9212
4,2465
5,10446
0,12543
4,19334
5,7091
3,7300
4,15323
3,5194
3,5205
1,17226
3,25844
1,22127
0,3709
3,3498
1,20022
4,18058
2,22067
1,3649
5,20162
3,18118
2,18289
0,12891
5,15263
1,7240
5,10994
2,17366
0,5345
4,9352
5,10697
2,10506
2,2525
1,12792
5,12403
0,19274
3,25596
1,25607
5,4029
3,11969
5,9243
4,10786
3,2434
4,10417
1,12683
4,12512
4,19365
1,4138
1,11878
3,25487
4,25716
3,3758
1,22176
3,25815
2,20073
5,18009
2,18398
5,12980
1,7351
2,15372
4,10885
1,5254
1,17277
3,7180
3,15232
2,7211
3,5085
1,17337
1,5314
3,3618
1,3589
3,22036
1,20133
5,18149
2,11938
2,4078
1,25656
3,9092
2,9303
0,10557
3,2574
3,12452
0,19225
2,17257
4,5274
4,2886
1,15352
3,7371
4,18029
3,20053
3,3778
1,25835
0,22156
2,4289
2,11858
3,4118
1,25736
4,19345
2,12532
5,10437
3,2414
2,2785
5,9263
3,19205
1,19194
1,12472
3,2554
2,10577
3,24988
1,9323
2,4058
4,11918
5,25676
1,18169
4,20113
4,20282
0,3638
2,22016
0,22387
1,5334
3,17317
3,17086
5,7231
0,15212
2,15183
4,18078
3,20002
2,20393
2,22107
3,22296
3,25864
0,3729
5,17206
2,5225
5,17197
5,15303
3,7320
0,15092
4,19314
0,19085
4,12563
1,24899
5,10466
2,2445
3,9232
3,25767
2,4149
4,11809
4,25627
4,4398
1,11949
0,4009
0,19254
2,12423
3,2505
3,10526
3,2694
4,9372
4,5365
4,17346
3,2997
3,7260
2,15243
4,18138
4,20142
1,22047
2,3669
4,16199
1,16208
3,25405
3,25794
0,12601
0,12590
4,19076
0,9150
3,10704
3,2727
4,10495
2,23298
2,23109
5,2824
0,10807
2,17164
3,5147
4,24769
3,12902
2,15061
4,7042
1,20360
0,11468
2,22265
5,20220
0,11528
0,22325
4,5007
3,17024
2,10947
3,2964
3,5396
1,24629
5,7102
0,15121
3,12842
3,7293
2,12741
4,19136
3,9010
4,9381
0,2667
1,10644
2,23049
4,3999
5,16348
1,25545
2,12650
2,19027
2,9101
4,9290
2,23158
4,10755
1,2776
3,25454
5,3888
4,16259
1,20331
2,22234
0,11439
1,24738
4,17135
3,5116
3,2875
0,10856
0,5287
0,15030
0,7013
0,12953
3,7382
2,24678
3,10916
2,2935
3,5056
4,17075
2,12813
3,7153
4,15170
3,20271
0,22374
0,11579
3,25514
4,25685
5,16088
1,16319
4,12710
4,12481
1,19167
3,9041
3,23389
2,23018
4,2636
1,10615
4,10584
2,19260
1,12786
3,12417
4,10683
4,10512
3,2531
4,9346
1,25582
5,25613
4,6138
1,13878
4,20176
3,1758
2,22073
1,17372
1,5351
0,10980
2,15277
1,7254
2,12885
3,5180
0,5211
4,17232
5,7085
3,7314
3,15337
4,20036
3,1618
5,1589
3,25850
1,22133
2,25753
1,13938
4,6078
4,19320
0,12557
4,2471
5,10452
3,9197
1,9206
4,25642
1,13829
1,6169
4,19231
3,12446
1,10543
3,2560
2,9086
1,9317
3,5091
3,17323
1,5300
3,7194
3,15226
1,7205
2,1709
2,1498
5,20127
3,22022
4,1649
4,20067
4,22162
3,25801
5,5240
1,17263
3,10891
1,7345
3,15366
4,12994
4,19371
2,12697
1,12506
3,10792
0,2420
2,10403
5,9257
3,25493
4,25702
0,6029
4,13969
5,20245
3,13448
2,488
2,719
3,8319
3,8088
2,22340
0,17041
3,5062
2,2901
4,10922
5,15144
5,7167
3,12827
1,21129
4,12724
4,19153
3,9075
1,2593
0,10621
3,2602
3,25520
1,14228
3,25460
3,14368
3,21069
2,12664
4,19382
4,19013
3,9135
3,2742
4,10761
4,10862
2,2841
4,17290
3,5122
2,17101
0,12967
1,15395
3,7027
1,15004
4,20094
0,20305
5,13508
5,13699
0,659
1,8259
0,22191
0,22200
1,2950
2,10973
1,17381
0,17010
2,5033
3,12876
5,15284
0,15115
3,7136
1,13419
0,13788
2,20185
3,20214
2,748
2,8348
2,22080
2,22311
3,25571
4,14279
2,12775
3,21178
3,19293
0,19102
2,9024
4,10670
4,2653
2,12635
1,21038
1,19042
1,9164
0,2482
3,2713
4,10730
3,25431
4,14339
2,13559
0,20354
4,599
1,608
4,8208
0,8199
2,22251
2,5173
4,17150
2,10833
4,2810
1,7076
3,15055
0,12936
5,8797
1,8406
5,4883
4,3271
1,11252
2,6986
1,1374
1,13357
3,397
5,18520
2,21935
4,7678
4,24153
0,23830
5,9869
2,23733
4,21636
4,15958
3,6685
3,6514
4,14537
4,4780
0,4411
1,16432
1,8894
2,20888
1,14477
5,6454
0,16572
3,4551
2,23673
2,21776
2,15818
3,21875
5,7738
0,23970
3,24382
2,24013
1,9929
4,8546
3,11083
2,11312
0,3331
5,13186
4,13217
2,1234
3,146
0,18460
2,7629
3,21964
4,23861
1,24293
3,24102
3,9838
4,8457
0,11192
4,3220
0,11203
5,13097
2,1325
0,13306
0,18571
3,6545
1,14566
3,20999
2,4440
1,16463
0,23762
0,15909
4,21667
3,23622
0,15849
4,21727
2,6794
3,14426
1,6405
2,4691
2,16523
4,4500
3,8985
1,8686
1,8517
4,4992
3,11343
2,3360
1,6897
5,13246
2,1265
0,18431
1,117
4,286
2,7769
3,21824
3,24042
0,23921
3,9978
4,23791
2,23400
4,9459
0,21694
1,21505
4,12308
0,12099
2,14595
3,6627
2,14604
4,18910
1,8836
5,16490
2,4722
5,16701
0,3142
0,11161
3,16802
4,4821
5,8735
1,335
5,18582
5,18613
2,20669
2,1047
1,13064
3,14907
0,6924
2,21997
0,15568
1,24260
1,23892
4,15428
1,24320
2,3393
2,4961
5,16942
0,11021
1,3002
5,8675
1,275
1,18753
4,20729
3,1296
4,6864
0,14847
4,13124
3,1107
4,14744
1,6767
5,18850
3,8976
4,16641
2,4662
3,23540
5,9519
0,9688
3,21445
0,12248
2,7899
5,6676
1,14655
3,18941
5,8867
2,4773
4,16750
2,23451
4,9408
3,9799
1,12359
4,7988
2,21554
5,15539
3,24231
2,3282
3,16853
1,4870
1,3113
3,11130
1,8764
5,18642
4,364
3,1387
1,14956
0,6975
2,1016
4,13035
4,20638
2,11070
0,3053
2,4930
4,16913
4,8624
5,18493
2,18702
1,224
5,13175
1,1156
4,6835
4,14816
0,20778
5,15479
3,21886
1,24371
3,23983
4,23680
2,23511
4,9548
2,12219
1,12188
2,21785
3,21414
2,14484
4,14715
1,6736
3,18801
0,8927
4,16581
0,16610
1,4633
4,18897
3,6431
4,14412
5,14783
2,4534
5,16517
4,16686
5,17978
2,2038
3,23616
3,23587
0,21713
3,21482
1,19769
4,21810
3,5658
3,23915
3,24076
5,8523
4,16985
1,3354
1,11377
5,14880
3,1251
2,13272
1,18405
2,18794
4,123
4,8463
4,11237
4,3214
1,3185
3,13332
3,1311
3,1080
4,18545
2,21950
0,5489
1,5718
2,24136
0,23855
3,2178
0,17838
1,23756
1,21653
4,19629
1,14552
3,6571
1,16457
4,4474
3,23647
3,2069
2,17929
0,21742
0,19738
5,6460
2,14443
1,4565
4,16546
4,8572
1,3305
1,11326
4,3094
3,1200
1,13223
2,1191
1,172
4,18454
2,21841
2,24027
3,23944
3,5598
2,5609
3,21901
0,23804
2,24167
3,5749
4,8432
3,16894
2,11266
4,3245
1,14991
1,13363
1,1340
0,18514
0,18685
0,18986
3,14503
5,6520
2,14692
1,16406
3,4425
0,16797
4,23707
2,23496
2,17869
2,2129
1,21602
3,21593
1,19678
5,17548
3,24345
5,16927
2,4904
3,3067
5,11044
2,22649
4,8610
5,8581
3,18736
4,181
1,210
0,14822
1,6801
3,1162
4,13141
2,6702
1,14721
1,6493
4,18835
5,8913
1,4607
2,16624
4,4596
3,25029
3,10328
3,23525
3,21420
5,10268
2,23465
2,21560
1,14661
3,6642
4,18975
4,8853
5,16764
1,4747
3,25169
0,11104
1,3127
2,11295
0,4844
0,16867
2,22498
3,22709
4,8750
5,18676
3,350
4,13001
2,1022
1,13390
4,6941
1,14962
0,19988
2,17799
5,17408
3,24205
1,24194
3,22589
4,22618
2,3036
2,11015
0,11384
2,16976
0,4955
5,8641
1,241
2,18767
1,1133
4,13110
1,13281
5,14873
3,6850
5,19899
3,24314
3,24085
0,17688
2,17519
1,23574
5,10379
4,21471
4,6753
4,14770
4,18864
0,8942
1,25078
1,4656
0,16675
1,14630
3,6613
3,6582
1,18924
5,8802
2,25138
4,16735
2,4716
0,4487
2,23434
5,10239
0,21531
2,24254
4,17459
1,22758
0,4815
0,16836
1,11155
0,3176
4,8701
1,8490
4,301
1,18627
0,6910
1,14933
1,13050
3,1073
1,21521
5,10229
3,23424
4,4497
2,4706
5,16725
3,25128
3,8812
1,18934
3,6592
3,6603
3,14620
3,1063
4,13040
0,14923
4,6900
4,18637
4,311
1,8480
1,8711
3,3166
1,11145
3,16826
4,4805
2,22748
2,17449
2,24244
2,17509
2,17698
3,24095
3,24304
2,19889
1,6840
1,14863
1,13291
1,13100
4,1123
3,18777
5,251
4,8651
2,4945
4,16966
1,11394
1,11005
1,3026
2,22608
2,22599
5,16665
1,4646
3,25068
3,8952
5,18874
4,14760
0,6743
3,21461
3,10369
1,23564
3,25179
0,4757
1,16774
1,8843
5,18965
1,6652
2,14671
2,21570
3,23475
2,10278
2,24184
1,24215
3,17418
3,17789
1,19998
1,14972
1,6951
1,13380
2,1032
0,13011
1,340
4,18666
4,8740
3,22719
3,22488
3,16877
0,4854
2,11285
2,3137
4,11114
0,13151
1,1172
1,6811
4,14832
1,200
4,191
3,18726
0,8591
4,8600
3,22659
4,11054
0,3077
3,4914
5,16937
3,24355
1,17558
3,21430
3,23535
4,10338
3,25039
4,4586
2,16634
1,4617
4,8903
1,18825
3,6483
1,14731
3,6712
0,18695
4,18504
1,1350
1,13373
1,14981
4,3255
3,11276
3,16884
4,8422
3,5759
1,24177
2,23814
3,21911
4,19668
2,21583
3,21612
4,2139
2,17879
3,23486
2,23717
4,16787
2,4435
1,16416
1,14682
2,6530
4,14513
5,18996
0,16556
3,4575
5,14453
0,6470
3,19728
2,21752
4,17939
3,2079
4,23657
5,5619
0,5588
2,23954
3,24037
4,21851
5,18444
1,162
3,1181
2,13233
2,1210
2,3084
1,11336
1,3315
2,8562
4,23845
3,24126
3,5708
0,5499
2,21940
4,18555
3,1090
2,1301
1,13322
1,3195
2,3204
4,11227
4,8473
2,4464
5,16447
3,6561
4,14542
0,19639
3,21643
0,23746
2,17828
3,2168
2,19779
3,21492
4,21703
3,23597
1,23606
3,2028
4,17968
2,16696
0,16507
3,4524
5,14793
0,14402
3,6421
3,18887
4,133
3,18784
4,18415
2,13262
3,1241
2,14890
1,11367
3,3344
1,16995
4,8533
3,24066
3,23905
3,5648
2,21800
3,23993
2,24361
2,21896
0,15469
1,20768
1,14806
0,6825
1,1146
2,13165
1,234
2,18712
1,18483
4,8634
3,16903
0,4920
0,3043
5,11060
1,4623
0,16600
0,16591
1,8937
1,18811
2,6726
1,14705
3,14494
2,21404
1,21795
2,12198
2,12209
1,9558
2,23501
0,23690
0,21544
2,7998
5,12349
4,9789
5,9418
2,23441
4,16740
2,4763
4,8877
4,18951
1,14645
5,6666
1,20628
5,13025
2,1006
1,6965
0,14946
1,1397
3,374
5,18652
5,8774
1,11120
0,3103
0,4860
2,16843
4,3292
3,24221
4,15529
1,1117
5,13134
3,14857
0,6874
2,1286
5,20739
4,18743
3,265
5,8665
2,3012
5,11031
4,16952
0,4971
3,3383
4,24330
5,15438
5,7889
0,12258
2,21455
2,9698
5,9509
3,23550
2,4672
5,16651
3,8966
4,18840
4,6777
3,14754
2,16711
4,4732
1,16480
0,8826
4,18900
1,14614
3,6637
1,14585
5,12089
1,12318
2,21515
4,21684
4,9449
3,23410
2,23781
2,23882
2,24270
4,15578
2,21987
2,6934
3,14917
5,13074
1,1057
2,20679
4,18603
0,18592
2,325
5,8725
3,4831
0,16812
2,11171
4,3152
3,8995
3,4510
3,16533
2,4681
3,6415
3,14436
3,6784
2,21737
3,15859
3,23632
3,9968
1,23931
2,24052
3,21834
1,7779
3,296
4,107
4,18421
3,1275
1,13256
0,6887
2,3370
3,11353
0,4982
5,8507
4,8696
5,18561
5,13316
4,1335
2,13087
2,11213
0,3230
2,11182
1,8447
4,9828
3,24112
3,24283
2,23871
2,21974
4,7639
0,21677
0,15919
0,23772
2,16473
2,4450
1,20989
4,14576
3,6555
3,15808
2,21766
3,23663
1,4541
4,16562
5,6444
2,14467
3,20898
0,18470
4,156
3,1224
5,13207
2,13196
4,3321
4,11302
3,11093
5,8556
5,9939
2,24003
5,24392
2,23960
4,7728
2,21865
0,9879
0,23820
2,24143
5,7668
2,21925
4,18530
3,387
4,13347
3,1364
2,6996
4,11242
1,3261
1,4893
1,8416
0,8787
4,8884
1,16422
2,4401
1,4790
3,14527
4,6504
5,6695
4,15948
3,21626
4,23723
4,14329
1,25421
1,10720
2,2703
2,2492
5,9174
4,19052
1,21028
2,12625
2,12926
2,15045
5,7066
4,2800
0,10823
2,17140
3,5163
0,22241
2,8189
5,8218
4,618
0,589
2,20344
4,13549
2,22301
2,22090
1,8358
1,758
4,20204
4,20195
5,13798
1,13409
3,7126
5,15105
5,15294
2,12866
3,5023
1,17000
4,17391
4,10963
3,2940
5,2643
4,10660
3,9034
4,19112
1,19283
1,21168
5,12765
4,14269
2,25561
2,10771
3,2752
3,9125
5,19003
2,19392
2,12674
0,21079
4,14378
3,25470
0,22210
0,22181
3,8249
0,649
3,13689
0,13518
1,20315
5,20084
1,15014
5,7037
4,15385
5,12977
2,17111
3,5132
4,17280
3,2851
5,10872
4,12837
4,7177
5,15154
5,10932
3,2911
4,5072
0,17051
1,22350
0,8098
3,8309
2,709
0,498
3,13458
1,20255
5,14238
3,25530
3,2612
5,10631
1,2583
3,9065
1,19143
0,12734
3,21139
1,12984
2,15376
1,7355
4,10881
5,17273
0,5250
3,25811
2,22172
0,20077
2,1659
4,13979
0,6039
4,25712
1,25483
5,9247
5,10413
2,2430
0,10782
1,12516
1,12687
1,19361
2,9307
1,9096
0,2570
0,10553
3,12456
2,19221
2,6179
2,13839
1,25652
2,22032
4,20137
2,1488
3,1719
2,7215
2,15236
3,7184
1,5310
4,17333
4,5081
1,22123
3,25840
1,1599
3,1608
3,20026
5,15327
3,7304
5,7095
1,17222
1,5201
3,5190
5,9216
1,9187
5,10442
3,2461
4,12547
4,19330
0,6068
4,13928
2,25743
2,13868
0,6128
5,25603
3,25592
1,9356
3,2521
1,10502
0,10693
3,12407
4,12796
1,19270
3,12895
1,7244
5,15267
5,10990
0,5341
4,17362
2,22063
2,1748
0,20166
2,11569
0,22364
1,2
4,20261
1,15160
3,7143
1,12803
1,17065
3,5046
3,2925
4,10906
1,24668
5,10594
5,10605
0,2626
4,23008
3,23399
3,9051
2,19177
1,12491
2,12700
4,16309
1,16098
4,25695
3,25504
1,16249
4,3898
3,25444
3,2766
0,10745
1,23148
5,9280
0,9111
0,19037
2,12640
5,7392
0,12943
1,7003
2,15020
4,5297
4,10846
1,2865
2,5106
3,17125
1,24728
1,11429
0,22224
4,20321
2,7283
4,12852
3,15131
5,7112
1,24639
1,5386
4,2974
1,10957
1,17034
3,5017
1,22335
3,11538
1,20230
5,25555
0,16358
5,3989
2,23059
1,10654
4,2677
5,9391
3,9000
5,19126
1,12751
2,23119
1,23288
3,10485
3,2737
2,10714
0,9140
5,19066
0,12580
1,12611
3,25784
3,25415
4,16218
4,16189
2,22275
1,11478
3,20370
5,7052
0,15071
2,12912
0,24779
3,5157
3,17174
4,10817
1,2834
4,9362
3,2684
3,10536
3,2515
0,12433
1,19244
4,4019
4,11959
3,4388
3,25637
1,3679
3,22057
4,20152
4,18128
0,15253
3,7270
4,2987
4,17356
3,5375
5,15082
3,7330
3,15313
4,17187
1,5235
2,17216
2,3739
4,22286
0,22117
3,20383
3,20012
4,18068
4,11819
0,4159
1,25777
4,9222
3,2455
3,10476
1,24889
5,12573
4,19095
2,19304
5,25666
1,11908
1,4048
4,9333
2,24998
5,10567
3,2544
3,12462
2,19184
2,19215
4,15193
5,15202
0,7221
2,17096
5,17307
0,5324
4,22397
3,22006
4,3628
0,20292
4,20103
4,18179
1,22146
3,25825
3,3768
3,20043
1,18039
1,7361
2,15342
1,2896
4,5264
3,17247
4,9273
4,2795
3,2404
5,10427
0,12522
2,19355
0,25726
0,4108
1,11848
1,4299
2,12533
4,19344
5,9262
4,2784
2,2415
5,10436
1,25737
3,4119
2,11859
4,4288
0,20052
4,18028
0,22157
3,25834
3,3779
3,2887
4,5275
3,17256
3,7370
3,15353
3,17087
2,17316
1,5335
2,15182
0,15213
2,7230
4,20283
4,20112
3,18168
2,22386
2,22017
1,3639
3,25677
4,11919
2,4059
4,12473
3,19195
3,19204
3,9322
3,24989
5,10576
3,2555
4,11808
1,4148
3,25766
4,12562
0,19084
4,19315
3,9233
2,2444
5,10467
1,24898
0,17196
0,5224
5,17207
5,15093
3,7321
2,15302
0,20392
1,20003
4,18079
0,3728
1,22297
2,22106
4,20143
4,18139
2,3668
3,22046
3,2996
4,17347
1,5364
2,15242
1,7261
2,12422
0,19255
4,9373
3,2695
3,10527
3,2504
2,4008
4,11948
1,4399
2,25626
3,20361
2,22264
0,11469
4,24768
2,5146
2,17165
0,10806
2,2825
3,7043
3,15060
3,12903
4,19077
0,12591
5,12600
0,23108
0,23299
4,10494
3,2726
3,10705
5,9151
3,25795
3,25404
5,16209
3,16198
4,25544
3,16349
3,3998
4,19137
1,12740
2,23048
3,10645
2,2666
4,9380
3,9011
3,24628
1,5397
3,2965
3,10946
4,17025
1,5006
3,7292
4,12843
0,15120
5,7103
1,20221
2,22324
2,11529
0,5286
0,10857
3,2874
1,5117
4,17134
2,24739
3,7383
0,12952
0,7012
0,15031
1,20330
0,11438
1,22235
4,16258
0,3889
3,25455
4,19026
2,12651
4,2777
4,10754
0,23159
5,9291
3,9100
1,19166
4,12480
4,12711
4,10585
4,10614
4,2637
0,23019
3,23388
3,9040
3,16318
5,16089
5,25684
1,25515
0,20270
0,11578
2,22375
4,17074
3,5057
2,2934
1,10917
3,24679
1,15171
3,7152
0,12812
5,10981
3,5350
4,17373
0,12884
1,7255
5,15276
1,1759
4,20177
2,22072
3,25612
3,25583
1,13879
4,6139
3,12416
4,12787
0,19261
4,9347
3,2530
4,10513
4,10682
2,12556
0,19321
4,9207
1,9196
5,10453
1,2470
3,25752
1,6079
4,13939
1,1588
1,1619
1,20037
1,22132
0,25851
4,17233
3,5210
1,5181
0,15336
1,7315
5,7084
5,20126
3,1499
3,1708
3,22023
3,5301
2,17322
2,5090
1,7204
3,15227
1,7195
3,12447
3,19230
1,9316
0,9087
3,2561
1,10542
2,25643
2,6168
2,13828
4,25703
2,25492
4,13968
1,6028
1,12507
2,12696
4,19370
5,9256
0,10402
2,2421
4,10793
5,10890
2,17262
2,5241
3,12995
1,15367
1,7344
4,20066
3,1648
3,25800
4,22163
3,25521
1,14229
4,19152
1,12725
1,21128
2,2603
5,10620
3,2592
3,9074
4,10923
3,2900
3,5063
0,17040
3,12826
3,7166
5,15145
3,718
2,489
3,13449
5,20244
0,22341
3,8089
3,8318
0,658
5,13698
0,13509
0,20304
4,20095
0,22201
2,22190
1,8258
2,17100
3,5123
4,17291
2,2840
4,10863
1,15005
4,7026
3,15394
0,12966
4,19012
4,19383
2,12665
1,21068
4,10760
3,2743
2,9134
3,25461
1,14369
5,19103
1,19292
3,21179
1,12774
4,2652
4,10671
3,9025
2,25570
3,14278
3,749
2,20215
0,20184
0,13789
1,13418
2,22310
0,22081
5,8349
0,5032
3,17011
5,17380
2,10972
3,2951
3,7137
2,15114
3,15285
2,12877
4,2811
4,10832
0,17151
3,5172
0,12937
2,15054
3,7077
1,609
3,598
2,20355
2,13558
2,22250
0,8198
5,8209
3,25430
4,14338
1,19043
3,21039
2,12634
4,10731
2,2712
2,2483
2,9165
4,14536
2,6515
3,6684
1,8895
2,16433
0,4410
4,4781
2,23732
4,15959
4,21637
1,7679
2,21934
5,9868
0,23831
3,24152
1,11253
4,3270
0,4882
4,8407
5,8796
0,18521
3,396
1,13356
3,1375
5,6987
0,3330
2,11313
3,11082
4,8547
0,18461
3,147
3,1235
4,13216
5,13187
0,7739
2,21874
1,9928
2,24012
1,24383
0,23971
0,23672
2,15819
3,21777
5,6455
0,14476
1,20889
3,4550
0,16573
0,23763
4,21666
5,15908
5,20998
2,14567
3,6544
1,16462
2,4441
5,11202
4,3221
0,11193
4,8456
2,18570
0,13307
3,1324
5,13096
2,21965
5,7628
2,9839
3,24103
1,24292
2,23860
3,21825
0,7768
3,9979
2,23920
3,24043
2,3361
4,11342
4,4993
1,8516
4,8687
4,287
2,116
0,18430
2,1264
5,13247
4,6896
3,6404
2,14427
1,6795
3,8984
4,4501
2,16522
3,4690
3,23623
4,21726
0,15848
0,15569
2,21996
4,23893
1,24261
2,8734
4,4820
1,16803
0,11160
2,3143
0,6925
2,14906
1,13065
2,1046
2,20668
5,18612
5,18583
1,334
1,18911
2,14605
3,6626
1,14594
3,16700
2,4723
0,16491
4,8837
0,9458
2,23401
1,23790
5,12098
4,12309
1,21504
0,21695
5,9689
5,9518
3,23541
0,7898
0,12249
2,21444
1,18851
4,6766
1,14745
3,4663
4,16640
1,8977
2,8674
2,3003
0,11020
0,16943
0,4960
2,3392
1,1106
4,13125
0,14846
0,6865
1,1297
4,20728
1,18752
1,274
4,15429
3,24321
5,8765
4,11131
0,3112
1,4871
1,16852
0,3283
4,20639
3,13034
2,1017
5,6974
1,14957
1,1386
4,365
5,18643
2,15538
2,24230
0,9798
4,9409
2,23450
2,21555
4,7989
4,12358
3,18940
1,14654
5,6677
4,16751
1,4772
5,8866
3,18800
1,6737
4,14714
1,14485
1,4632
2,16611
4,16580
2,8926
4,9549
2,23510
4,23681
3,21415
2,21784
1,12189
4,12218
3,21887
0,15478
3,23982
1,24370
2,8625
2,16912
3,4931
2,3052
2,11071
3,20779
3,14817
4,6834
3,1157
1,13174
3,225
3,18703
5,18492
4,11376
1,3355
4,16984
5,8522
4,122
2,18795
2,18404
5,13273
0,1250
2,14881
4,21811
3,24077
3,23914
3,5659
3,23586
2,23617
1,2039
5,17979
1,19768
2,21483
0,21712
5,14782
4,14413
3,6430
1,18896
1,16687
5,16516
5,4535
3,6570
4,14553
4,4475
1,16456
4,23757
0,17839
1,2179
1,19628
1,21652
2,21951
2,23854
3,24137
1,5719
2,5488
1,3184
1,3215
4,11236
1,8462
4,18544
3,1081
3,1310
3,13333
3,21840
2,5608
3,5599
2,23945
2,24026
0,3095
1,11327
4,3304
4,8573
1,18455
1,173
1,1190
1,13222
1,1201
4,14442
5,6461
4,16547
3,4564
5,17928
3,2068
3,23646
1,19739
2,21743
3,2128
2,17868
2,23497
3,23706
4,19679
3,21592
3,21603
2,14693
5,6521
3,14502
1,18987
0,16796
2,4424
1,16407
4,3244
0,11267
3,16895
4,8433
2,18684
5,18515
1,1341
1,13362
1,14990
2,21900
3,5748
2,24166
2,23805
2,23524
0,10329
3,21421
4,18834
1,6492
4,14720
0,6703
3,25028
1,4597
0,16625
1,4606
5,8912
5,8580
2,8611
2,22648
5,11045
0,3066
0,4905
5,16926
4,13140
1,1163
3,6800
0,14823
1,211
1,180
2,18737
3,24344
5,17549
0,19989
1,24195
3,24204
5,17409
5,17798
5,8751
3,22708
2,22499
0,16866
0,4845
3,11294
1,3126
2,11105
1,14963
4,6940
1,13391
2,1023
4,13000
2,351
5,18677
4,18974
3,6643
1,14660
1,25168
3,4746
5,16765
1,8852
2,23464
5,10269
2,21561
4,18865
0,14771
4,6752
5,16674
1,4657
2,25079
2,8943
5,10378
1,23575
4,21470
5,19898
3,17518
1,17689
3,24084
2,24315
0,8640
2,4954
3,16977
0,11385
1,11014
2,3037
3,22619
3,22588
0,6851
0,14872
2,13280
1,13111
1,1132
2,18766
3,240
1,8491
4,8700
2,3177
2,11154
3,16837
0,4814
1,22759
1,1072
4,13051
1,14932
4,6911
1,18626
4,300
4,17458
2,24255
5,10238
3,23435
5,21530
4,18925
3,6583
3,6612
0,14631
0,4486
2,4717
5,16734
3,25139
0,8803
2,24245
2,17448
3,310
4,18636
4,6901
2,14922
3,13041
1,1062
3,22749
4,4804
2,16827
1,11144
1,3167
4,8710
1,8481
2,8813
3,25129
5,16724
2,4707
4,4496
3,14621
3,6602
3,6593
4,18935
2,21520
3,23425
0,10228
3,21460
2,23565
2,10368
2,8953
1,25069
1,4647
5,16664
0,6742
4,14761
5,18875
1,250
3,18776
1,1122
1,13101
3,13290
2,14862
4,6841
5,22598
1,22609
1,3027
1,11004
0,11395
4,16967
2,4944
4,8650
2,24305
3,24094
1,17699
3,17508
0,19888
4,18667
0,341
0,13010
1,1033
1,13381
5,6950
1,14973
4,11115
0,3136
1,11284
3,4855
3,16876
3,22489
3,22718
4,8741
3,17788
1,17419
1,24214
3,24185
3,19999
2,21571
4,10279
2,23474
1,8842
4,16775
2,4756
4,25178
2,14670
1,6653
2,18964
4,8902
1,4616
2,16635
4,4587
3,25038
3,6713
1,14730
3,6482
2,18824
2,21431
4,10339
3,23534
1,17559
1,24354
4,18727
4,190
2,201
4,14833
1,6810
3,1173
2,13150
0,16936
1,4915
0,3076
4,11055
3,22658
0,8601
2,8590
3,16417
2,4434
4,16786
5,18997
5,14512
3,6531
4,14683
3,21613
2,21582
4,19669
4,23716
2,23487
2,17878
2,2138
2,23815
2,24176
1,5758
2,21910
1,14980
1,13372
1,1351
4,18505
2,18694
4,8423
3,16885
2,11277
4,3254
3,1211
1,13232
3,1180
1,163
0,18445
5,8563
4,3314
1,11337
0,3085
3,24036
2,23955
0,5589
5,5618
1,21850
0,21753
3,19729
4,23656
3,2078
3,17938
3,4574
0,16557
2,6471
3,14452
0,21642
5,19638
3,2169
3,17829
2,23747
1,16446
2,4465
4,14543
3,6560
5,13323
1,1300
1,1091
4,18554
1,8472
4,11226
2,3205
1,3194
0,5498
3,5709
3,24127
1,23844
2,21941
3,5649
0,23904
3,24067
3,21801
2,14891
3,1240
2,13263
4,18414
2,18785
4,132
4,8532
0,16994
3,3345
1,11366
3,4525
0,16506
5,16697
4,18886
3,6420
0,14403
5,14792
2,21702
3,21493
2,19778
2,17969
3,2029
1,23607
3,23596
0,12208
4,12199
1,21794
1,21405
2,23691
3,23500
4,9559
1,8936
5,16590
3,16601
1,4622
1,14495
4,14704
2,6727
3,18810
4,18482
0,18713
4,235
2,13164
2,1147
0,6824
1,14807
1,20769
0,11061
0,3042
0,4921
5,16902
4,8635
2,24360
1,23992
1,15468
2,21897
1,24220
4,15528
2,18653
3,375
0,1396
1,14947
4,6964
2,1007
5,13024
3,20629
0,3293
2,16842
0,4861
2,3102
0,11121
5,8775
4,8876
0,4762
4,16741
5,6667
1,14644
4,18950
5,12348
1,7999
0,21545
2,23440
5,9419
1,9788
3,8967
5,16650
2,4673
0,14755
2,6776
4,18841
3,21454
4,12259
5,7888
3,23551
5,9508
3,9699
5,24331
3,15439
1,264
4,18742
5,20738
3,1287
0,6875
3,14856
5,13135
1,1116
3,3382
0,4970
4,16953
5,11030
2,3013
4,8664
3,324
3,18593
4,18602
2,20678
1,1056
5,13075
1,14916
5,6935
4,3153
1,11170
0,16813
3,4830
3,8724
2,24271
2,23883
3,21986
4,15579
1,21685
2,21514
1,12319
5,12088
2,23780
1,23411
4,9448
5,8827
2,16481
3,4733
2,16710
3,14584
2,6636
1,14615
4,18901
0,6886
2,13257
1,1274
4,18420
1,106
3,297
4,8697
3,8506
0,4983
4,11352
2,3371
2,24053
1,23930
3,9969
1,7778
3,21835
2,15858
0,21736
1,23633
3,4680
2,16532
2,4511
3,8994
0,6785
1,14437
3,6414
1,4451
3,16472
3,6554
4,14577
1,20988
0,15918
0,21676
2,23773
2,23870
3,24282
3,24113
2,9829
4,7638
2,21975
3,13086
1,1334
0,13317
2,18560
1,8446
0,11183
0,3231
5,11212
2,23961
5,24393
3,24002
5,9938
3,21864
4,7729
5,13197
0,13206
2,1225
2,157
0,18471
5,8557
2,11092
1,11303
4,3320
4,16563
4,4540
3,20899
2,14466
5,6445
2,21767
1,15809
2,23662
3,21627
4,15949
1,23722
1,4791
3,4400
1,16423
4,8885
5,6694
1,6505
2,14526
0,6997
2,1365
3,13346
1,386
1,18531
0,8786
4,8417
1,4892
1,3260
3,11243
3,24142
0,23821
0,9878
2,21924
5,7669
0,8219
3,8188
2,22240
4,13548
2,20345
1,588
1,619
3,7067
2,15044
2,12927
3,5162
2,17141
0,10822
3,2801
5,9175
3,2493
3,2702
1,10721
2,12624
1,21029
4,19053
4,14328
1,25420
1,14268
2,25560
3,9035
1,10661
5,2642
5,12764
2,21169
1,19282
4,19113
0,12867
5,15295
5,15104
3,7127
1,2941
4,10962
4,17390
1,17001
3,5022
1,8359
0,22091
3,22300
1,13408
5,13799
1,20194
4,20205
2,759
4,12976
1,15384
0,7036
1,15015
5,10873
3,2850
4,17281
3,5133
5,17110
3,8248
2,22180
2,22211
2,20085
5,20314
0,13519
4,13688
2,648
4,14379
3,25471
3,9124
3,2753
5,10770
0,21078
2,12675
2,19393
5,19002
3,9064
3,2582
4,10630
2,2613
1,21138
0,12735
1,19142
0,14239
1,25531
3,8308
0,8099
1,22351
4,20254
3,13459
3,499
2,708
5,15155
4,7176
4,12836
3,17050
4,5073
3,2910
0,10933
1,10783
1,2431
0,10412
5,9246
2,19360
1,12686
1,12517
0,6038
4,13978
3,25482
4,25713
2,22173
3,25810
2,1658
2,20076
1,7354
2,15377
1,12985
3,5251
5,17272
4,10880
4,7185
0,15237
2,7214
4,5080
3,17332
4,5311
2,22033
2,1718
3,1489
4,20136
5,13838
3,6178
0,25653
4,10552
3,2571
3,9097
3,9306
2,19220
2,12457
4,13929
0,6069
2,25742
1,2460
5,10443
2,9186
5,9217
4,19331
5,12546
5,7094
3,7305
5,15326
1,5191
3,5200
5,17223
4,25841
1,22122
0,20027
3,1609
2,1598
2,22062
1,20167
4,1749
3,15266
1,7245
2,12894
5,17363
0,5340
5,10991
0,10692
4,10503
3,2520
1,9357
1,19271
1,12797
1,12406
0,6129
2,13869
3,25593
4,25602
2,25505
4,25694
1,16099
3,16308
3,9050
3,23398
4,23009
0,2627
2,10604
5,10595
3,12701
4,12490
2,19176
1,12802
2,7142
1,15161
4,24669
4,10907
3,2924
3,5047
4,17064
2,22365
3,11568
4,20260
2,3
0,22225
3,11428
4,20320
2,15021
1,7002
0,12942
3,7393
1,24729
1,17124
1,5107
3,2864
4,10847
3,5296
3,9110
0,9281
4,23149
1,10744
3,2767
3,12641
0,19036
1,25445
5,3899
1,16248
3,9001
5,9390
4,2676
5,10655
2,23058
2,12750
5,19127
5,3988
0,16359
5,25554
1,11539
4,22334
2,20231
5,7113
0,15130
1,12853
3,7282
1,5016
1,17035
1,10956
4,2975
1,5387
3,24638
1,12913
0,15070
5,7053
2,2835
4,10816
3,17175
1,5156
2,24778
4,11479
0,22274
3,20371
4,16188
3,16219
3,25414
3,25785
5,9141
0,10715
2,2736
3,10484
3,23289
0,23118
1,12610
2,12581
5,19067
3,7271
0,15252
4,5374
4,17357
4,2986
1,22056
4,3678
4,18129
4,20153
3,25636
3,4389
3,11958
4,4018
1,2514
2,10537
1,2685
1,9363
4,19245
1,12432
4,24888
3,10477
4,2454
5,9223
2,19305
4,19094
2,12572
3,25776
2,4158
1,11818
3,22116
4,22287
0,3738
5,18069
3,20013
1,20382
2,15312
3,7331
5,15083
0,17217
0,5234
4,17186
1,3629
2,22007
4,22396
5,18178
4,20102
5,20293
2,7220
0,15203
4,15192
0,5325
5,17306
2,17097
3,2545
5,10566
2,24999
4,9332
0,19214
2,19185
1,12463
1,4049
1,11909
5,25667
1,4298
1,11849
0,4109
4,25727
0,10426
1,2405
4,2794
4,9272
5,19354
4,12523
3,15343
1,7360
2,17246
3,5265
3,2897
3,3769
3,25824
2,22147
3,18038
3,20042
0,11929
2,4069
3,25647
2,12443
3,19234
5,9083
1,9312
2,10546
1,2565
2,5094
4,17326
0,5305
4,7191
2,15223
4,7200
0,20122
4,18158
3,3609
0,3598
2,22027
5,20062
5,18018
1,18389
0,3749
3,22167
3,25804
4,10894
5,5245
5,17266
4,12991
2,7340
3,15363
1,12692
1,12503
4,19374
4,9252
5,10797
3,2425
2,10406
0,4129
2,11869
2,25496
4,25707
3,12783
3,12412
4,19265
3,9343
4,10686
4,10517
2,2534
1,25587
4,25616
0,4038
3,11978
4,20173
4,18109
1,18298
1,22076
2,3658
3,10985
4,17377
4,5354
0,12880
4,15272
1,7251
2,5185
1,5214
5,17237
5,7080
3,7311
3,15332
2,20033
4,18049
2,25855
1,22136
2,3718
3,3489
3,25756
1,11838
3,4178
5,12552
2,19325
4,9192
4,9203
2,2474
1,10457
1,17384
4,2955
2,10976
2,17015
2,5036
3,24618
2,24589
1,15281
3,12873
5,15110
3,7133
4,20180
4,20211
0,11519
3,11688
3,22085
0,22314
0,16379
2,25574
3,19296
2,19107
0,12770
2,10675
3,2656
0,23078
3,9021
2,19047
2,12630
3,2487
1,2716
4,10735
0,23138
5,9161
2,16239
3,25434
4,20351
0,11459
2,22254
3,5176
4,17155
1,10836
1,2815
1,24758
0,7073
1,15050
3,12933
0,20240
0,22345
3,11548
3,24649
1,17044
4,5067
3,2904
2,10927
5,15141
2,7162
3,12822
0,19156
1,12721
2,23029
1,2596
0,10624
2,2607
2,9070
2,25525
3,16328
1,25465
5,16268
1,19387
0,19016
2,12661
1,23169
2,2747
4,10764
5,9130
1,24709
5,24498
2,17295
1,10867
3,2844
3,5127
0,17104
4,15390
1,12962
4,7022
1,15001
2,20091
1,20300
4,22194
2,22205
4,11408
4,11799
3,20007
1,20396
3,1629
0,22102
3,25861
0,22293
5,17203
0,5220
1,17192
5,15306
3,7325
5,15097
2,12566
4,19311
4,19080
5,9237
2,10463
1,2440
3,25762
0,6049
4,13909
4,25622
2,889
4,13849
1,6298
0,6109
0,12426
3,19251
1,9377
5,2500
1,10523
3,2691
3,2992
1,5360
1,17343
3,7265
2,15246
4,20147
3,1769
3,22042
2,2883
3,17252
4,5271
1,15357
2,7374
2,1678
5,20056
2,25830
2,22153
1,25733
1,998
2,13958
5,6389
1,6018
4,12537
5,19340
5,9266
5,10432
3,2411
4,2780
1,12477
2,19200
0,19191
3,9326
3,2551
5,10572
2,25673
4,6158
4,13818
3,1738
1,20116
4,20287
2,22013
4,22382
4,5331
2,17312
0,17083
1,7234
1,15217
0,15186
1,19022
1,21058
2,12655
2,10750
3,2773
3,9104
5,9295
3,25451
2,14359
3,1988
0,668
4,20334
1,13539
2,22231
3,8268
1,17130
3,5113
4,5282
3,2870
0,10853
0,15035
2,7016
3,7387
0,12956
0,10913
3,2930
3,5053
2,17070
2,12816
3,7156
5,15175
2,728
3,20274
2,13479
0,22371
3,8328
0,25511
4,25680
3,14188
1,14219
1,19162
1,21289
1,21118
1,12715
4,12484
4,2633
1,10610
4,10581
2,9044
3,25400
3,25791
1,14099
0,14308
4,19073
2,12604
4,12595
2,21398
1,21009
5,10701
2,2722
2,88
3,10490
0,9155
2,2821
0,10802
0,17161
2,5142
3,12907
3,15064
3,7047
3,639
3,13568
4,20365
2,22260
5,8239
3,779
1,13428
2,20225
2,22320
4,8379
2,5002
3,17021
0,5393
5,10942
5,2961
5,7107
5,15124
3,7296
4,12847
4,19133
2,12744
1,21149
2,2662
2,10641
2,9015
4,9384
3,25540
0,14248
2,1899
2,23642
2,21747
2,15829
5,6465
1,14446
3,4560
5,16543
4,3300
1,11323
2,3091
5,8577
3,177
4,18451
2,1205
3,13226
2,1194
3,21844
5,7498
5,7709
2,9918
2,24022
2,23941
3,21904
5,7649
5,9858
3,23801
3,24162
5,11263
3,3240
2,16891
4,8437
5,18511
5,18680
1,13366
0,1345
1,14994
3,14506
2,6525
4,14697
0,18983
3,16403
2,4420
4,16792
3,23702
3,23493
3,21607
2,21596
2,15969
3,6434
0,14417
5,14786
4,18892
1,4531
5,16512
5,16683
2,23613
2,23582
4,15878
0,21716
1,21487
4,7758
2,21815
3,9949
3,23910
3,24073
1,3351
4,11372
5,16980
5,8526
3,18400
2,18791
1,126
2,1254
2,13277
3,14885
4,11232
4,3211
5,3180
4,8466
5,18540
2,13337
0,1314
1,1085
5,7589
4,7618
2,21955
1,9809
3,24133
2,23850
0,23753
0,15938
0,21656
4,14557
3,6574
3,16452
4,4471
5,8644
2,3033
4,11010
2,16973
0,4950
1,11381
2,20489
3,20718
4,1136
3,13115
5,14876
2,6855
5,13284
4,244
2,18762
3,15788
0,15419
2,24311
3,24080
4,9528
3,23571
2,21474
5,12279
4,18861
2,6756
4,14775
1,4653
5,16670
3,8947
5,18921
3,14635
3,6616
2,6587
5,16730
2,4713
3,4482
2,8807
4,9468
2,23431
4,21534
2,12339
5,15559
3,24251
4,8704
1,8495
0,4810
4,16833
2,11150
2,3173
3,20658
4,6915
1,14936
4,13055
1,1076
4,304
0,18622
5,15448
3,24340
5,8615
5,8584
2,16922
5,4901
0,3062
5,11041
5,14827
4,6804
3,1167
1,13144
2,20749
3,18733
4,184
1,215
3,18830
0,6707
0,14724
2,6496
4,4602
1,16621
1,4593
3,8916
5,9579
2,23520
5,12228
3,21425
4,9439
3,23460
3,12368
2,21565
5,18970
1,14664
0,6647
0,16761
3,4742
4,8856
4,8755
1,11101
4,3122
0,4841
5,16862
2,11290
3,13004
3,1027
0,6944
1,14967
1,13395
2,20598
4,20609
5,18673
4,355
4,15699
0,15508
1,24200
1,24191
2,21961
3,5729
1,24296
1,23864
3,24107
1,11197
1,3225
5,11206
2,8452
0,18574
4,13092
3,1320
5,13303
1,6540
4,14563
2,4445
1,16466
4,22899
5,17809
3,2149
2,23767
3,19618
5,19589
4,21662
1,2009
2,2398
4,17949
3,23627
2,19758
1,21722
0,6791
4,14423
2,6400
3,8980
2,4694
2,16526
2,4505
3,11346
3,3365
4,4997
0,8683
2,8512
3,18434
4,112
1,283
5,13243
1,1260
1,6892
2,21821
3,5669
2,24047
5,23924
1,3274
4,11257
0,4886
3,8792
1,8403
3,392
3,18525
3,1371
1,13352
1,6983
3,21930
2,24156
0,23835
1,5778
4,23736
3,2118
2,2289
1,17858
1,19649
4,21633
5,6680
1,6511
4,14532
1,8891
4,4785
2,4414
4,16437
3,14472
5,6451
1,22988
4,16577
2,4554
2,23676
2,17918
1,2058
4,19709
0,19498
3,21773
2,21870
0,24387
2,23975
2,24016
3,5638
1,11086
2,11317
3,3334
5,8543
1,143
0,18465
0,13183
4,13212
2,1231
0,18944
1,6673
1,14650
2,4776
4,16755
2,25158
0,8862
4,5888
1,10259
3,23454
2,21551
2,17439
3,24234
1,8761
1,16856
2,4875
2,3287
1,3116
4,11135
1,22738
1,14953
1,6970
3,1382
2,1013
5,13030
5,18647
4,361
1,8621
2,11075
5,3056
1,4935
4,16916
3,22678
4,13170
3,1153
0,6830
1,14813
0,18496
0,18707
4,221
3,21883
2,17579
2,23986
3,24374
0,10319
2,10088
0,23685
2,23514
1,21780
3,21411
1,18804
3,14481
4,14710
1,6733
3,16584
1,16615
1,4636
2,25018
3,25389
2,8922
3,23794
2,23405
4,10208
2,10199
0,21691
4,21500
4,18915
2,14590
3,6622
0,14601
2,25109
1,25298
0,16495
1,4727
5,16704
5,8833
4,8730
1,22769
1,3147
0,11164
4,16807
4,4824
0,1042
1,13061
2,14902
0,6921
4,330
5,18587
2,18616
2,21992
3,23897
3,24265
3,17468
4,24325
0,17528
1,8670
2,22629
1,4964
1,16947
2,3396
5,11024
2,3007
4,6861
2,14842
3,1293
1,13121
1,1102
4,270
2,18756
4,18855
4,14741
2,6762
3,25049
4,16644
3,4667
2,8973
3,23545
4,5999
0,10348
3,21440
4,18746
1,260
1,1112
5,13131
3,1283
0,14852
0,6871
1,3017
2,11034
3,3386
2,16957
3,4974
3,22639
4,8660
4,17538
0,24335
3,21450
0,10358
4,5989
1,23555
3,8963
0,4677
5,16654
3,25059
1,6772
4,14751
5,18845
3,8823
5,16714
0,4737
0,16485
4,25288
3,25119
1,14611
3,6632
4,14580
5,18905
3,21510
0,21681
5,10189
4,10218
2,23415
5,23784
3,17478
2,24275
0,23887
3,21982
5,18606
4,18597
3,320
1,6931
1,14912
0,13071
3,1052
2,4834
4,16817
1,11174
4,3157
2,22779
5,8720
1,24364
2,23996
0,17569
2,21893
1,231
2,18717
3,18486
4,14803
4,6820
3,1143
2,13160
0,22668
3,16906
4,4925
3,3046
0,11065
4,8631
2,8932
3,25399
3,25008
3,4626
3,16605
2,16594
1,6723
4,14700
3,14491
3,18814
3,21401
3,21790
2,23504
2,23695
2,10098
2,10309
0,21541
2,23444
3,10249
3,5898
5,8872
3,25148
1,16745
1,4766
1,14640
5,6663
4,18954
0,371
5,18657
5,13020
2,1003
3,1392
5,6960
2,14943
3,22728
2,11125
1,3106
4,3297
0,4865
0,16846
0,8771
2,24224
2,17429
2,21763
3,19488
0,19719
3,2048
3,17908
2,23666
1,4544
3,16567
0,22998
5,6441
2,14462
1,1221
5,13202
2,13193
1,18475
2,153
5,8553
5,3324
3,11307
2,11096
2,5628
3,24006
2,23965
3,24397
3,21860
3,5768
3,23825
3,24146
2,21920
1,6993
3,13342
3,1361
2,18535
2,382
2,8413
0,8782
0,4896
4,11247
0,3264
3,16427
2,4404
1,4795
4,8881
5,14522
2,6501
5,6690
3,21623
5,19659
2,17848
1,2299
2,2108
0,23726
1,4515
0,16536
2,4684
3,8990
3,6410
2,14433
0,6781
0,21732
4,19748
1,23637
3,17959
4,2388
1,2019
3,23934
3,24057
3,5679
3,21831
4,6882
2,1270
5,13253
1,293
5,102
4,18424
3,8502
4,8693
3,4987
2,3375
4,11356
5,13313
2,1330
0,13082
2,18564
0,8442
2,11216
2,3235
0,11187
3,24117
2,23874
3,24286
3,5739
2,21971
2,21672
3,19599
3,19608
5,23777
3,2159
5,17819
1,22889
3,16476
3,4455
4,14573
1,6550
3,8846
1,4752
1,16771
5,6657
0,14674
2,18960
2,21575
2,12378
2,23470
5,9429
3,24181
1,24210
2,15518
5,15689
5,345
5,18663
3,20619
4,20588
1,13385
3,14977
4,6954
3,1037
0,13014
0,11280
4,16872
3,4851
2,3132
4,11111
1,8745
1,205
4,194
1,18723
1,20759
2,13154
3,1177
0,6814
4,14837
5,11051
0,3072
2,4911
4,16932
5,8594
5,8605
1,24350
5,15458
3,21435
0,12238
3,23530
5,9569
4,8906
1,4583
3,16631
1,4612
3,6486
2,14734
2,6717
2,18820
2,12329
4,21524
3,23421
5,9478
3,8817
3,4492
2,4703
5,16720
3,6597
3,6606
2,14625
1,18931
1,18632
0,314
2,1066
5,13045
1,14926
4,6905
0,20648
3,3163
1,11140
3,16823
4,4800
1,8485
5,8714
1,24241
1,15549
3,24090
3,24301
2,15409
2,15798
2,18772
3,254
1,13294
3,6845
2,14866
2,13105
2,1126
4,20708
0,20499
0,11391
3,4940
5,16963
4,11000
2,3023
0,8654
3,8957
5,16660
1,4643
4,14765
0,6746
5,18871
3,12269
3,21464
1,23561
4,9538
0,23840
3,24123
0,9819
2,21945
5,7608
4,7599
1,1095
3,1304
0,13327
4,18550
4,8476
1,3190
3,3201
2,11222
2,4461
5,16442
3,6564
3,14547
4,21646
4,15928
2,23743
1,21497
1,21706
4,15868
0,23592
2,23603
5,16693
4,16502
3,4521
4,18882
3,14796
0,14407
3,6424
2,14895
3,13267
3,1244
5,136
2,18781
4,18410
4,8536
0,16990
4,11362
1,3341
3,24063
0,23900
3,9959
1,21805
4,7748
1,14984
1,1355
3,13376
0,18690
4,18501
4,8427
3,16881
4,3250
3,11273
2,24172
4,23811
2,9848
4,7659
3,21914
4,15979
3,21586
3,21617
2,23483
2,23712
4,16782
2,4430
1,16413
0,18993
1,14687
0,6535
4,14516
1,16553
2,4570
1,14456
3,6475
5,15839
0,21757
2,23652
2,23951
3,24032
4,9908
4,7719
5,7488
2,21854
3,1184
5,13236
1,1215
5,18441
1,167
2,8567
2,3081
1,11333
1,3310
1,12857
3,7286
2,15134
5,7117
4,2971
1,10952
4,5383
0,17031
2,5012
1,8369
2,22330
2,20235
1,13438
2,769
1,1889
2,14258
3,25550
3,9394
2,9005
2,10651
4,2672
1,21159
1,12754
5,19123
0,9145
2,10480
4,98
2,2732
1,10711
2,21019
3,21388
4,12585
4,12614
5,19063
1,14318
1,14089
3,25781
1,25410
1,8229
4,22270
3,20375
4,13578
4,629
5,7057
0,15074
3,12917
1,5152
3,17171
0,10812
3,2831
3,8338
2,22361
1,13469
3,20264
3,7
3,738
0,15165
3,7146
2,12806
2,17060
3,5043
3,2920
4,10903
3,9054
4,10591
1,10600
3,2623
4,12494
2,12705
1,21108
4,21299
0,19172
0,14209
2,14198
4,25690
3,25501
3,1998
5,14349
3,25441
2,9285
3,9114
2,2763
2,10740
1,12645
1,21048
3,19032
0,12946
3,7397
1,7006
2,15025
4,10843
3,2860
4,5292
2,5103
3,17120
2,8278
2,22221
1,13529
4,20324
2,678
3,13808
4,6148
4,25663
1,10562
3,2541
3,9336
1,19181
3,19210
1,12467
4,15196
5,15207
2,7224
3,17093
1,17302
3,5321
2,22392
3,22003
3,20297
1,20106
4,1728
2,22143
3,25820
4,20046
1,1668
1,7364
3,15347
1,5261
3,17242
2,2893
4,2790
3,2401
4,10422
5,9276
0,19350
4,12527
5,6008
3,6399
4,13948
3,988
0,25723
1,2681
0,10533
3,2510
1,9367
0,19241
0,12436
1,6119
1,6288
4,13859
4,899
3,25632
2,22052
3,1779
4,20157
2,15256
1,7275
4,17353
0,5370
3,2982
5,15087
2,7335
0,15316
4,17182
3,5230
2,17213
4,22283
2,22112
2,1639
2,20386
2,20017
1,13919
4,6059
3,25772
3,2450
3,10473
5,9227
4,19090
3,19301
0,12576
3,9120
5,10774
3,2757
2,23179
3,12671
5,19006
3,19397
0,16278
3,25475
5,11789
5,11418
4,22215
0,22184
5,20310
2,20081
3,15011
1,7032
4,12972
4,15380
3,17114
3,5137
3,2854
4,10877
5,17285
0,24488
3,24719
2,12832
1,7172
5,15151
0,10937
3,2914
4,5077
3,17054
2,24659
0,11558
2,22355
0,20250
4,16338
3,25535
3,9060
3,2617
1,10634
4,2586
0,23039
0,12731
1,19146
3,25424
4,16229
5,9171
0,23128
4,10725
3,2706
3,2497
0,12620
4,19057
2,12923
2,15040
3,7063
3,24748
0,2805
0,10826
4,17145
2,5166
2,22244
5,11449
1,20341
2,22304
2,22095
1,11698
1,11509
2,20201
1,20190
3,7123
5,15100
2,12863
5,15291
3,24599
3,24608
3,5026
1,17005
4,10966
5,2945
3,17394
3,9031
0,23068
4,2646
4,10665
5,12760
3,19117
2,19286
2,25564
3,16369
1,3499
0,3708
1,22126
3,25845
4,18059
2,20023
3,15322
3,7301
5,7090
0,17227
2,5204
3,5195
5,10447
1,2464
5,9213
0,9182
1,19335
0,12542
2,4168
4,11828
3,25746
2,11968
0,4028
5,25606
3,25597
3,2524
3,10507
2,10696
4,9353
0,19275
5,12402
4,12793
1,7241
4,15262
2,12890
0,5344
0,17367
5,10995
1,3648
2,22066
0,18288
1,18119
5,20163
3,15373
1,7350
4,12981
4,17276
3,5255
1,10884
3,25814
4,22177
3,3759
1,18399
5,18008
3,20072
4,25717
2,25486
1,11879
2,4139
4,10416
3,2435
4,10787
5,9242
4,19364
1,12513
1,12682
3,2575
0,10556
2,9302
3,9093
0,19224
3,12453
1,25657
3,4079
2,11939
3,22037
4,3588
1,3619
5,18148
4,20132
2,7210
2,15233
3,7181
4,5315
4,17336
3,5084
